#include "brunette_woman.h"

const uint8_t brunette_woman_map[] = {
    0xc3,0x21,0xe2,0x29,0x42,0x3a,0x60,0x19,0x21,0x19,0xa1,0x19,0xc1,0x21,0x01,0x22,0xa2,0x3a,0x44,0x53,0xe7,0x6b,0x88,0x63,
    0x82,0x21,0xa1,0x08,0xc1,0x10,0x23,0x21,0x63,0x21,0x22,0x19,0x01,0x19,0x02,0x19,0xc1,0x10,0xa1,0x10,0x80,0x10,0xa1,0x08,
    0xc1,0x10,0x81,0x10,0x61,0x08,0x81,0x08,0xe2,0x18,0x02,0x19,0x43,0x21,0x43,0x19,0xc1,0x10,0xa1,0x10,0x23,0x21,0x03,0x21,
    0xe5,0x31,0xe7,0x52,0xa6,0x4a,0x05,0x32,0x82,0x21,0xa1,0x10,0x40,0x08,0x41,0x08,0x61,0x08,0x81,0x08,0x81,0x08,0x41,0x08,
    0x61,0x08,0x61,0x08,0x41,0x08,0x40,0x00,0x20,0x00,0x40,0x08,0x40,0x08,0xe1,0x10,0xc3,0x29,0x64,0x3a,0xa6,0x42,0x63,0x32,
    0x41,0x11,0x01,0x11,0xc4,0x29,0xc3,0x21,0x01,0x11,0xc1,0x10,0xa1,0x08,0x61,0x08,0x61,0x08,0x81,0x10,0xc1,0x18,0x01,0x19,
    0xa2,0x29,0xe2,0x31,0x42,0x19,0xc1,0x10,0xc1,0x08,0x81,0x08,0x81,0x10,0xa2,0x10,0x81,0x10,0x61,0x08,0x40,0x08,0x61,0x08,
    0x80,0x08,0x81,0x08,0xc1,0x10,0x22,0x19,0x42,0x19,0x21,0x19,0x20,0x11,0x00,0x11,0xe1,0x10,0xe0,0x10,0xe0,0x08,0xc0,0x10,
    0xe0,0x08,0x20,0x19,0xc0,0x21,0x40,0x19,0x80,0x08,0x40,0x08,0x40,0x00,0x61,0x08,0x61,0x08,0x60,0x08,0x41,0x08,0x60,0x08,
    0x61,0x08,0x60,0x08,0x60,0x08,0x40,0x08,0x60,0x08,0x61,0x08,0x60,0x08,0x61,0x08,0xa1,0x10,0xc2,0x18,0xc2,0x18,0xc2,0x10,
    0xa1,0x10,0xa0,0x08,0x61,0x08,0x01,0x11,0x21,0x2a,0x20,0x2a,0x20,0x22,0x00,0x2a,0x02,0x11,0xa2,0x10,0xc2,0x18,0xc2,0x18,
    0xe3,0x18,0x63,0x29,0xc4,0x31,0xe5,0x31,0xe7,0x41,0x48,0x42,0x69,0x4a,0x48,0x42,0x68,0x4a,0x68,0x42,0x03,0x2a,0xe2,0x21,
    0x46,0x3a,0x27,0x3a,0xc3,0x21,0x22,0x2a,0x83,0x2a,0xc2,0x32,0xa2,0x32,0xc1,0x2a,0xc1,0x32,0xe1,0x21,0x01,0x11,0x01,0x11,
    0xe1,0x10,0xe1,0x10,0xe1,0x10,0x22,0x11,0x63,0x19,0xc4,0x29,0xc5,0x21,0x43,0x19,0xe3,0x10,0xc3,0x10,0x82,0x10,0x61,0x08,
    0x41,0x08,0x40,0x08,0x61,0x08,0x41,0x08,0x82,0x19,0x81,0x21,0xe1,0x29,0xa1,0x21,0xc0,0x21,0xe1,0x21,0x00,0x2a,0x22,0x2a,
    0x04,0x43,0x85,0x53,0x65,0x53,0x26,0x53,0x42,0x19,0x81,0x08,0xc1,0x10,0x02,0x19,0x02,0x19,0xc1,0x10,0x42,0x19,0x43,0x21,
    0xa1,0x18,0xa2,0x10,0xa1,0x10,0x81,0x10,0xc2,0x10,0x04,0x21,0xc2,0x10,0xe3,0x20,0x24,0x19,0x43,0x21,0x84,0x21,0x23,0x21,
    0xc1,0x10,0xa1,0x10,0x23,0x21,0x64,0x29,0xc9,0x52,0x0f,0x7c,0x4b,0x5b,0x04,0x32,0x45,0x42,0x83,0x21,0x40,0x00,0x41,0x08,
    0x61,0x08,0x40,0x08,0x41,0x08,0x40,0x08,0x61,0x08,0x61,0x08,0x41,0x08,0x40,0x08,0x41,0x08,0x61,0x08,0x42,0x19,0x85,0x3a,
    0x26,0x4b,0x88,0x4b,0x87,0x53,0x04,0x3b,0x41,0x19,0x60,0x08,0xc1,0x08,0xa1,0x10,0x82,0x08,0x61,0x08,0x41,0x08,0x40,0x08,
    0x60,0x08,0x61,0x10,0xc1,0x18,0x41,0x19,0x02,0x32,0xc2,0x29,0x21,0x11,0x22,0x11,0x42,0x19,0x02,0x19,0xa2,0x10,0xa2,0x10,
    0x81,0x08,0x81,0x08,0x41,0x08,0x60,0x00,0x80,0x08,0xa0,0x10,0x01,0x19,0x22,0x21,0xa1,0x08,0xa0,0x08,0xc1,0x10,0xc0,0x08,
    0xc0,0x10,0xc1,0x08,0xa0,0x08,0x80,0x08,0x40,0x08,0xc1,0x08,0x81,0x21,0xe0,0x08,0x41,0x08,0x61,0x00,0x60,0x08,0x40,0x08,
    0x61,0x08,0x60,0x08,0x40,0x08,0x41,0x08,0x60,0x08,0x81,0x08,0x80,0x10,0x61,0x08,0x40,0x08,0x61,0x08,0x60,0x08,0x61,0x08,
    0x61,0x08,0x61,0x08,0x81,0x08,0x81,0x10,0xa1,0x10,0x81,0x10,0x61,0x08,0xc1,0x10,0x21,0x2a,0x20,0x2a,0x20,0x2a,0xe0,0x21,
    0x01,0x19,0xa2,0x10,0xa2,0x10,0xc2,0x18,0x42,0x21,0xc2,0x29,0x23,0x32,0x05,0x32,0xe6,0x39,0x48,0x42,0x69,0x4a,0x47,0x42,
    0x46,0x3a,0x23,0x2a,0xc2,0x19,0xc1,0x19,0xc1,0x19,0x62,0x19,0xe2,0x21,0x62,0x2a,0x82,0x2a,0xc2,0x32,0xc1,0x32,0xa1,0x2a,
    0x01,0x2a,0x41,0x11,0xc1,0x10,0xe1,0x10,0xe1,0x10,0x42,0x19,0x84,0x21,0x05,0x2a,0x26,0x32,0x05,0x2a,0x64,0x21,0xe3,0x18,
    0xc3,0x10,0x82,0x10,0x81,0x10,0x61,0x08,0x40,0x08,0x41,0x08,0x61,0x08,0x81,0x08,0x21,0x19,0x82,0x21,0x22,0x32,0x61,0x19,
    0x21,0x19,0x62,0x19,0x41,0x19,0xa2,0x21,0x05,0x4b,0x87,0x63,0xc4,0x42,0xa5,0x4a,0x42,0x19,0xc1,0x10,0xe2,0x18,0xa1,0x08,
    0x40,0x00,0x81,0x08,0x23,0x21,0x43,0x21,0xa2,0x10,0xc2,0x10,0xc2,0x10,0xe2,0x10,0xe2,0x18,0x03,0x19,0x04,0x19,0x44,0x21,
    0x23,0x21,0xe2,0x10,0xe2,0x18,0xe2,0x18,0x42,0x19,0x22,0x21,0x43,0x21,0x64,0x29,0xa9,0x4a,0xef,0x73,0x09,0x53,0xa3,0x21,
    0x26,0x42,0x83,0x29,0x60,0x00,0x40,0x08,0x41,0x08,0x40,0x08,0x41,0x08,0x40,0x00,0xc3,0x18,0x24,0x21,0xe2,0x18,0x61,0x08,
    0x81,0x08,0x22,0x21,0xa5,0x42,0x47,0x4b,0x67,0x4b,0x47,0x4b,0x45,0x43,0xe4,0x3a,0x21,0x11,0x20,0x00,0x21,0x08,0x40,0x08,
    0x61,0x08,0x61,0x10,0x81,0x08,0x61,0x08,0x61,0x08,0x60,0x10,0x81,0x10,0x21,0x21,0x23,0x32,0xe2,0x29,0x01,0x11,0xe1,0x10,
    0x43,0x19,0x63,0x19,0xe2,0x10,0xa1,0x10,0x82,0x08,0x61,0x08,0x60,0x08,0x81,0x08,0xe1,0x10,0x42,0x21,0x62,0x21,0x62,0x21,
    0xc1,0x10,0x60,0x08,0xa0,0x10,0x81,0x08,0x40,0x08,0x40,0x08,0x41,0x08,0x20,0x00,0x40,0x00,0xa1,0x10,0xe1,0x10,0xa1,0x08,
    0x40,0x08,0x61,0x08,0x81,0x08,0x61,0x08,0x60,0x08,0x61,0x08,0x60,0x00,0x40,0x08,0x40,0x00,0x81,0x10,0x61,0x08,0x60,0x08,
    0x61,0x08,0x80,0x08,0x41,0x08,0x40,0x00,0x40,0x00,0x40,0x00,0x40,0x08,0x40,0x00,0x61,0x00,0x60,0x08,0x41,0x08,0x60,0x08,
    0xe1,0x21,0x40,0x2a,0x20,0x2a,0xc1,0x21,0xe2,0x10,0xa1,0x08,0x81,0x08,0x21,0x21,0xc1,0x29,0xc0,0x21,0x01,0x2a,0xc4,0x31,
    0xa6,0x31,0x48,0x42,0xcb,0x52,0x0b,0x5b,0x0b,0x5b,0xc9,0x4a,0xe3,0x29,0x81,0x19,0xa1,0x19,0xa1,0x19,0x43,0x2a,0xa3,0x32,
    0xa2,0x2a,0xc2,0x32,0xa1,0x32,0x01,0x22,0xa2,0x21,0x82,0x21,0x81,0x19,0x62,0x19,0xe5,0x29,0x47,0x3a,0x67,0x3a,0x88,0x3a,
    0x67,0x3a,0xc5,0x29,0xe2,0x10,0x81,0x08,0x61,0x10,0x61,0x08,0x41,0x08,0xa1,0x10,0xc1,0x18,0x61,0x08,0x61,0x10,0xa1,0x10,
    0xe2,0x18,0xc1,0x29,0xa3,0x4a,0xe3,0x29,0x02,0x11,0x22,0x19,0x22,0x11,0x62,0x19,0x24,0x32,0x45,0x3a,0xc3,0x21,0xc4,0x29,
    0x23,0x19,0xc1,0x08,0x02,0x19,0x82,0x08,0x61,0x08,0x81,0x10,0xc2,0x10,0xc2,0x10,0xe1,0x10,0x63,0x21,0xa4,0x21,0xc3,0x21,
    0x43,0x19,0x02,0x11,0xe1,0x10,0xe2,0x10,0xc1,0x10,0x41,0x08,0x80,0x08,0x63,0x21,0x43,0x32,0xe3,0x29,0x44,0x29,0xa5,0x29,
    0x89,0x4a,0x4b,0x63,0xa6,0x42,0x42,0x19,0x02,0x11,0xc1,0x10,0x81,0x08,0x60,0x08,0x40,0x00,0x41,0x08,0x61,0x08,0x81,0x08,
    0xa2,0x10,0xe3,0x18,0xe3,0x18,0xa2,0x10,0x81,0x10,0xc3,0x29,0x04,0x43,0x06,0x43,0x26,0x43,0x46,0x43,0x46,0x43,0x84,0x3a,
    0x01,0x11,0x81,0x08,0x40,0x08,0x41,0x00,0x81,0x08,0xa1,0x10,0xa2,0x10,0xa2,0x10,0xa1,0x10,0x81,0x08,0xc1,0x18,0x61,0x29,
    0x43,0x42,0x62,0x3a,0x02,0x32,0x82,0x21,0x22,0x11,0x22,0x21,0x03,0x19,0xa2,0x10,0x61,0x08,0x80,0x08,0x81,0x08,0xa1,0x08,
    0x62,0x21,0x83,0x29,0x21,0x19,0xe4,0x39,0xc4,0x31,0xa1,0x10,0x61,0x08,0x60,0x08,0x20,0x00,0x21,0x00,0x20,0x00,0x20,0x08,
    0xc2,0x10,0x02,0x11,0xe1,0x10,0xc1,0x08,0x81,0x08,0x60,0x08,0x60,0x08,0x61,0x08,0x60,0x08,0x61,0x08,0x60,0x08,0x61,0x08,
    0x41,0x08,0x61,0x08,0x61,0x08,0x81,0x10,0xa1,0x08,0xa1,0x10,0x81,0x08,0x60,0x08,0x41,0x08,0x61,0x08,0x61,0x08,0x61,0x08,
    0x81,0x08,0x81,0x08,0x81,0x08,0xa1,0x10,0xc1,0x21,0x80,0x2a,0x20,0x2a,0x82,0x21,0xe2,0x10,0xc2,0x10,0x01,0x19,0xa1,0x21,
    0xc0,0x21,0xc0,0x21,0x23,0x32,0x06,0x3a,0x06,0x3a,0x48,0x42,0x0b,0x5b,0x4d,0x63,0x6e,0x6b,0x6e,0x6b,0x0b,0x5b,0xe4,0x29,
    0x81,0x19,0xe1,0x21,0xc3,0x32,0xe3,0x32,0xc2,0x32,0xe3,0x3a,0xc3,0x3a,0x62,0x2a,0x82,0x32,0x83,0x32,0xc3,0x3a,0xa4,0x3a,
    0xc7,0x42,0xe9,0x4a,0xca,0x42,0x68,0x3a,0xe5,0x29,0x23,0x19,0x81,0x10,0x61,0x08,0x41,0x08,0x41,0x08,0x40,0x08,0x81,0x08,
    0x21,0x19,0x01,0x19,0xc1,0x10,0xe2,0x10,0xe1,0x18,0x41,0x19,0x23,0x2a,0xe2,0x29,0x21,0x11,0x21,0x11,0x42,0x19,0xa2,0x19,
    0x24,0x32,0xc4,0x31,0xe2,0x08,0xe2,0x10,0xe2,0x10,0xe2,0x18,0x02,0x19,0xc1,0x10,0x61,0x08,0x60,0x08,0x40,0x00,0xc1,0x10,
    0x24,0x32,0xc6,0x42,0x84,0x32,0xc3,0x21,0x42,0x19,0x22,0x11,0x02,0x11,0xe2,0x10,0xa1,0x10,0x60,0x08,0x02,0x11,0x24,0x32,
    0xa4,0x3a,0x23,0x2a,0x82,0x21,0x04,0x2a,0x46,0x3a,0x66,0x3a,0x24,0x3a,0x42,0x19,0xa1,0x08,0xa1,0x08,0xe2,0x10,0x03,0x19,
    0x81,0x08,0x81,0x08,0x45,0x29,0x86,0x31,0x81,0x10,0x41,0x00,0x41,0x08,0x61,0x08,0xa1,0x08,0xe2,0x29,0xa2,0x3a,0xe4,0x3a,
    0x26,0x43,0x46,0x43,0x05,0x43,0xc3,0x21,0xc1,0x10,0x01,0x19,0xc1,0x10,0xa1,0x10,0xe3,0x18,0x04,0x19,0x03,0x11,0xe2,0x10,
    0xc2,0x10,0xa1,0x10,0xe1,0x18,0xc1,0x39,0x83,0x42,0xa3,0x42,0xe2,0x42,0x24,0x4b,0x84,0x42,0xe1,0x08,0x61,0x08,0x40,0x08,
    0x60,0x00,0x80,0x08,0x80,0x08,0xa1,0x08,0x22,0x19,0x22,0x21,0x81,0x08,0x43,0x21,0xe4,0x39,0x02,0x21,0x81,0x08,0x40,0x08,
    0x20,0x00,0x20,0x08,0x60,0x08,0xc2,0x08,0x23,0x19,0x22,0x11,0xe2,0x10,0x01,0x11,0xc1,0x08,0x60,0x08,0x61,0x08,0xc1,0x10,
    0xe2,0x10,0xa1,0x10,0x80,0x08,0x81,0x08,0xa1,0x10,0xc1,0x08,0xc2,0x10,0xa1,0x10,0xc1,0x10,0xa1,0x08,0xa1,0x08,0x61,0x08,
    0x60,0x08,0x81,0x08,0xc0,0x10,0xe1,0x10,0x42,0x19,0x82,0x19,0x82,0x19,0x83,0x19,0x01,0x22,0x81,0x32,0xe1,0x21,0x01,0x11,
    0xe2,0x10,0x01,0x11,0xa1,0x21,0x01,0x2a,0xc0,0x21,0xc2,0x29,0x26,0x3a,0x26,0x42,0xe7,0x39,0x28,0x42,0xaa,0x4a,0x4d,0x63,
    0x6d,0x6b,0x8e,0x63,0x8e,0x6b,0x89,0x4a,0x62,0x19,0xe1,0x21,0xa3,0x32,0xc3,0x32,0x82,0x2a,0x42,0x2a,0xa2,0x32,0xc1,0x32,
    0x81,0x2a,0xa2,0x32,0xc3,0x3a,0xc3,0x3a,0x82,0x32,0xa5,0x3a,0x88,0x42,0x47,0x3a,0x85,0x29,0xe2,0x18,0x81,0x10,0x60,0x08,
    0x61,0x08,0x61,0x08,0x40,0x08,0x41,0x08,0x01,0x19,0x61,0x19,0x21,0x19,0x03,0x11,0x22,0x19,0x61,0x19,0x61,0x19,0x41,0x11,
    0x60,0x19,0x41,0x11,0x42,0x21,0x04,0x32,0x84,0x3a,0x83,0x21,0xe2,0x10,0xe2,0x10,0x02,0x11,0x02,0x11,0x22,0x21,0xc2,0x10,
    0x60,0x00,0x20,0x00,0xc1,0x10,0x24,0x32,0x07,0x4b,0xe6,0x42,0xe3,0x21,0x01,0x09,0xe2,0x10,0x02,0x11,0x02,0x19,0x02,0x11,
    0xe1,0x10,0xe1,0x08,0xa2,0x21,0x43,0x32,0x64,0x32,0x02,0x22,0xa0,0x19,0xa1,0x21,0xe1,0x21,0x02,0x2a,0xc3,0x29,0x02,0x11,
    0xa1,0x08,0xc1,0x10,0xa5,0x29,0x28,0x42,0x23,0x21,0xe3,0x18,0xc7,0x39,0xe7,0x31,0xa2,0x08,0x20,0x08,0x20,0x00,0x20,0x00,
    0x61,0x08,0xa1,0x21,0x81,0x32,0xc3,0x3a,0x04,0x3b,0xe4,0x42,0xe3,0x29,0xc1,0x08,0xe1,0x18,0x83,0x29,0xc4,0x29,0xc5,0x29,
    0x05,0x2a,0xe5,0x29,0x64,0x21,0x24,0x19,0xc2,0x10,0xa1,0x10,0x21,0x19,0x63,0x42,0xe3,0x42,0x25,0x53,0x85,0x5b,0xe7,0x6b,
    0x8b,0x8c,0x86,0x42,0x20,0x00,0x20,0x00,0x41,0x08,0x81,0x08,0x81,0x08,0xc1,0x08,0xe1,0x10,0xa1,0x08,0x40,0x00,0x61,0x08,
    0xe2,0x10,0xe2,0x18,0x81,0x10,0x40,0x08,0x21,0x00,0x02,0x11,0x83,0x21,0x83,0x21,0x64,0x19,0x22,0x19,0xe1,0x10,0xe2,0x10,
    0xe1,0x10,0xa1,0x08,0xe2,0x18,0x23,0x21,0x23,0x19,0xe1,0x10,0xc1,0x08,0x02,0x19,0x43,0x19,0x64,0x21,0x84,0x19,0x63,0x19,
    0x22,0x11,0xe1,0x10,0xa1,0x10,0xc1,0x10,0xc1,0x10,0x22,0x19,0x83,0x21,0xc2,0x21,0x03,0x2a,0x23,0x2a,0xe3,0x29,0xc2,0x29,
    0x43,0x32,0xc1,0x3a,0x62,0x32,0x62,0x19,0x21,0x19,0xc2,0x29,0x22,0x32,0xc2,0x42,0x82,0x32,0xc6,0x42,0xaa,0x52,0xe5,0x31,
    0xe6,0x39,0x48,0x42,0xaa,0x52,0x0c,0x63,0x4c,0x5b,0x0a,0x53,0xea,0x52,0x67,0x3a,0xa2,0x21,0x02,0x22,0x62,0x32,0x42,0x2a,
    0x00,0x22,0xc0,0x21,0x23,0x2a,0xa3,0x42,0x62,0x32,0x41,0x2a,0x82,0x2a,0x82,0x2a,0x82,0x32,0x62,0x32,0xa7,0x3a,0xaa,0x52,
    0xa6,0x31,0xa1,0x10,0x61,0x08,0x81,0x10,0x61,0x10,0x61,0x08,0x41,0x08,0x40,0x08,0xc0,0x10,0x41,0x19,0x21,0x19,0x22,0x11,
    0xa3,0x29,0x81,0x19,0x81,0x19,0x81,0x19,0x81,0x19,0x81,0x19,0x82,0x21,0xa3,0x21,0xe4,0x29,0xa3,0x21,0x41,0x11,0x02,0x11,
    0x02,0x11,0x03,0x19,0x43,0x19,0xe2,0x10,0x40,0x08,0xa1,0x08,0xe3,0x29,0xc5,0x42,0xa4,0x3a,0x23,0x2a,0x42,0x19,0xc1,0x08,
    0xc0,0x08,0xe1,0x10,0x01,0x11,0x02,0x11,0x43,0x19,0x27,0x3a,0x66,0x3a,0x02,0x22,0x02,0x2a,0xe1,0x21,0x80,0x19,0x80,0x19,
    0x81,0x19,0x42,0x19,0x22,0x19,0x42,0x21,0x22,0x11,0x23,0x19,0x07,0x3a,0x68,0x42,0x85,0x29,0x03,0x19,0x44,0x21,0x24,0x21,
    0x61,0x00,0x40,0x00,0xc1,0x10,0x22,0x11,0x22,0x19,0xe1,0x29,0x61,0x2a,0xc3,0x3a,0x45,0x5b,0x43,0x32,0x80,0x08,0x41,0x08,
    0x42,0x19,0x24,0x2a,0xa6,0x32,0xc8,0x3a,0xa7,0x3a,0xa6,0x3a,0x46,0x32,0x84,0x21,0xe2,0x10,0xa1,0x08,0x23,0x3a,0xa5,0x63,
    0xc6,0x63,0x66,0x5b,0x67,0x5b,0x27,0x5b,0xca,0x63,0x8b,0x73,0x03,0x19,0x21,0x08,0x40,0x00,0x61,0x08,0xa0,0x08,0xc1,0x10,
    0x02,0x11,0x81,0x08,0x61,0x08,0xa2,0x18,0x81,0x08,0x80,0x08,0x81,0x08,0x60,0x08,0xe1,0x10,0xe4,0x29,0x04,0x2a,0xa4,0x21,
    0x83,0x19,0x22,0x11,0x02,0x11,0x01,0x11,0xe2,0x10,0x22,0x19,0x22,0x19,0x43,0x21,0x43,0x19,0x22,0x19,0x43,0x19,0x84,0x21,
    0xa5,0x29,0xe5,0x29,0xe6,0x31,0xc4,0x21,0x61,0x19,0x42,0x19,0x42,0x19,0x41,0x21,0x21,0x19,0x21,0x11,0x42,0x19,0x02,0x19,
    0x21,0x11,0x62,0x21,0xa2,0x29,0xc2,0x29,0x02,0x32,0x63,0x42,0xc3,0x42,0xa2,0x3a,0xa2,0x29,0x41,0x19,0xe3,0x29,0x85,0x5b,
    0x27,0x74,0x8e,0x84,0xee,0x73,0x4b,0x5b,0x4c,0x63,0xa9,0x52,0xa8,0x4a,0xa8,0x42,0x86,0x32,0x46,0x2a,0x25,0x22,0x04,0x2a,
    0x04,0x2a,0x24,0x32,0x22,0x32,0x02,0x2a,0xa1,0x21,0x81,0x21,0xc2,0x21,0x63,0x3a,0x03,0x2a,0xc2,0x21,0x41,0x2a,0x81,0x32,
    0x82,0x2a,0xa2,0x32,0xc5,0x42,0x8a,0x52,0xc5,0x39,0xe2,0x18,0xa1,0x10,0xe3,0x18,0x82,0x10,0x61,0x08,0x40,0x10,0x41,0x08,
    0x80,0x08,0x00,0x19,0x01,0x11,0x22,0x19,0xa5,0x3a,0x82,0x21,0xa1,0x19,0xa1,0x19,0xa2,0x19,0xc1,0x19,0x83,0x21,0x03,0x19,
    0x01,0x11,0x82,0x21,0x62,0x19,0x21,0x11,0x02,0x11,0x02,0x11,0x22,0x19,0x43,0x19,0xc1,0x10,0x62,0x19,0x63,0x3a,0x64,0x32,
    0x42,0x2a,0xe3,0x21,0x23,0x19,0xa1,0x08,0xc1,0x10,0x41,0x11,0x62,0x19,0x61,0x19,0xa2,0x19,0xc7,0x4a,0xa6,0x42,0x01,0x22,
    0xe2,0x21,0xc1,0x21,0x81,0x19,0x21,0x11,0x01,0x19,0xc2,0x10,0xe3,0x29,0x04,0x53,0x03,0x32,0x63,0x19,0xc5,0x31,0xe6,0x31,
    0x64,0x29,0x02,0x19,0xe2,0x18,0xe2,0x18,0xe1,0x10,0xc3,0x29,0xa6,0x42,0x05,0x53,0x46,0x53,0x46,0x5b,0x45,0x53,0xc8,0x63,
    0xc9,0x6b,0x63,0x29,0x20,0x00,0x40,0x08,0xe1,0x10,0x43,0x19,0xa3,0x21,0x04,0x2a,0x86,0x3a,0xa7,0x3a,0xc7,0x3a,0x46,0x32,
    0x63,0x19,0xe1,0x10,0xe3,0x29,0x66,0x53,0x8c,0x8c,0x27,0x53,0x43,0x19,0x23,0x19,0xa6,0x29,0x6a,0x52,0x44,0x21,0x20,0x00,
    0x40,0x00,0x40,0x08,0x81,0x08,0xc1,0x08,0xe2,0x10,0x81,0x08,0x61,0x08,0x03,0x19,0xe1,0x18,0xc0,0x08,0xe1,0x10,0xa1,0x08,
    0xc1,0x08,0x62,0x19,0x82,0x19,0x41,0x19,0x22,0x11,0xe1,0x10,0xe2,0x10,0xe1,0x08,0xe2,0x10,0x22,0x19,0x22,0x19,0xe1,0x10,
    0x02,0x19,0x22,0x19,0x63,0x21,0x83,0x21,0xa3,0x29,0xc4,0x29,0x04,0x32,0xc3,0x21,0x61,0x19,0x41,0x11,0x41,0x19,0x21,0x19,
    0x21,0x19,0xe1,0x10,0xe1,0x10,0xe1,0x10,0x01,0x11,0x21,0x11,0x41,0x19,0x21,0x19,0x22,0x19,0x42,0x21,0x24,0x32,0x22,0x4b,
    0x02,0x2a,0x60,0x08,0x04,0x32,0x8b,0x7c,0x0c,0x95,0xad,0x84,0x2e,0x74,0xae,0x6b,0xeb,0x5a,0x67,0x3a,0x46,0x32,0x25,0x2a,
    0x24,0x22,0x05,0x2a,0x04,0x22,0xe4,0x21,0xe4,0x29,0xe2,0x21,0xc2,0x29,0x22,0x32,0x82,0x19,0x42,0x11,0x82,0x21,0x82,0x21,
    0x62,0x19,0x22,0x11,0x42,0x19,0xc2,0x19,0x02,0x2a,0x62,0x2a,0x03,0x22,0xe4,0x29,0x04,0x32,0x63,0x29,0x24,0x21,0x44,0x29,
    0xc2,0x10,0x81,0x10,0x81,0x08,0x41,0x08,0xa1,0x10,0x00,0x11,0x00,0x19,0x22,0x19,0xc7,0x4a,0x23,0x11,0x62,0x21,0xc2,0x19,
    0xe2,0x21,0xe3,0x21,0xa4,0x29,0x64,0x29,0x44,0x21,0x43,0x19,0x42,0x11,0x21,0x11,0xe1,0x10,0xe1,0x10,0xe1,0x10,0x85,0x29,
    0xc5,0x31,0xe3,0x21,0x23,0x2a,0x22,0x2a,0x02,0x22,0xa3,0x21,0x23,0x19,0xc1,0x08,0x42,0x19,0xa2,0x19,0x81,0x19,0x81,0x19,
    0x44,0x32,0x07,0x43,0x64,0x32,0xe2,0x21,0xc1,0x21,0x81,0x19,0xc0,0x08,0x81,0x08,0xc1,0x10,0x82,0x21,0xc3,0x42,0x23,0x4b,
    0x63,0x32,0xe5,0x31,0x06,0x3a,0xc5,0x31,0x64,0x21,0xe2,0x18,0x22,0x21,0x84,0x29,0x86,0x42,0x47,0x5b,0x43,0x4b,0x02,0x3b,
    0x23,0x43,0x65,0x53,0x46,0x53,0x26,0x4b,0x24,0x32,0x60,0x00,0x20,0x00,0x41,0x08,0x81,0x08,0xa1,0x10,0xa1,0x10,0x23,0x19,
    0xa3,0x21,0xe3,0x29,0x24,0x2a,0x65,0x32,0x25,0x2a,0x82,0x21,0x42,0x19,0x24,0x22,0x0a,0x74,0x27,0x53,0xa1,0x08,0x61,0x00,
    0x23,0x19,0xc6,0x31,0x43,0x19,0x80,0x08,0x61,0x00,0x60,0x08,0x60,0x00,0xa1,0x10,0xa1,0x08,0x61,0x08,0x60,0x08,0xc1,0x10,
    0xe0,0x08,0xe1,0x10,0x21,0x11,0x21,0x19,0xa1,0x08,0xa1,0x10,0xc1,0x08,0xe1,0x08,0xe0,0x10,0xe1,0x10,0xc1,0x08,0xc1,0x08,
    0xc1,0x10,0xe1,0x10,0x02,0x19,0x42,0x19,0xc2,0x21,0xa2,0x21,0x22,0x19,0x22,0x11,0x42,0x19,0x63,0x19,0xa4,0x21,0xa3,0x19,
    0x41,0x11,0x41,0x19,0x21,0x11,0xe1,0x08,0xe1,0x10,0x41,0x19,0xa1,0x21,0xa2,0x21,0xc2,0x21,0xc2,0x21,0xe2,0x19,0xc2,0x21,
    0xc2,0x19,0x82,0x21,0x44,0x3a,0x83,0x53,0xc3,0x42,0xc1,0x10,0x09,0x53,0x72,0xad,0x50,0x9d,0x4d,0x7c,0xac,0x6b,0x6c,0x63,
    0xe6,0x29,0xc4,0x29,0x25,0x2a,0x04,0x2a,0x04,0x22,0xc3,0x21,0xc3,0x19,0xc2,0x19,0xc2,0x21,0xa3,0x21,0x62,0x19,0xc2,0x21,
    0xe2,0x29,0x82,0x19,0x82,0x19,0x62,0x19,0x22,0x11,0x22,0x11,0x22,0x19,0xa2,0x19,0xe2,0x21,0xa2,0x21,0x61,0x19,0xa3,0x21,
    0xc3,0x29,0x84,0x29,0xe3,0x18,0x04,0x19,0x04,0x19,0x04,0x19,0x03,0x19,0xa2,0x08,0xa1,0x10,0x00,0x11,0xe0,0x10,0xc1,0x10,
    0xa4,0x29,0xc2,0x08,0xe2,0x10,0x62,0x21,0x03,0x2a,0xe4,0x29,0x26,0x3a,0xaa,0x52,0x49,0x42,0x44,0x21,0x01,0x11,0x21,0x11,
    0x01,0x11,0x42,0x21,0x02,0x19,0xe2,0x18,0xa4,0x29,0xa2,0x21,0xe2,0x19,0x02,0x22,0xa2,0x21,0x42,0x19,0x01,0x11,0x42,0x19,
    0xc1,0x21,0xa1,0x19,0x81,0x19,0xa2,0x19,0x4b,0x5b,0x31,0x84,0x09,0x4b,0xc1,0x19,0xe2,0x21,0x03,0x2a,0xa3,0x21,0x42,0x19,
    0xc2,0x21,0x64,0x32,0xa4,0x3a,0xc3,0x3a,0xe5,0x4a,0xa9,0x4a,0x26,0x3a,0xa5,0x31,0x84,0x29,0x03,0x21,0x43,0x21,0x65,0x3a,
    0x67,0x53,0x45,0x4b,0xe2,0x3a,0xc2,0x3a,0xe1,0x32,0x44,0x4b,0x46,0x4b,0x05,0x4b,0x24,0x2a,0xe2,0x10,0xc1,0x10,0x21,0x11,
    0x21,0x19,0x01,0x11,0xe1,0x10,0xe2,0x10,0x03,0x21,0xe2,0x18,0xc0,0x10,0x41,0x19,0xc3,0x21,0xc3,0x29,0x82,0x19,0x62,0x19,
    0x63,0x32,0x24,0x32,0x02,0x11,0xe1,0x10,0x22,0x11,0x41,0x11,0x41,0x11,0x41,0x11,0x20,0x11,0xe1,0x10,0xc0,0x08,0x81,0x08,
    0x60,0x08,0x60,0x08,0xa0,0x08,0xc0,0x08,0xe0,0x10,0x01,0x11,0x20,0x11,0x41,0x19,0x21,0x11,0xe1,0x10,0xa0,0x08,0x80,0x08,
    0xa1,0x08,0xe0,0x10,0x01,0x11,0xc0,0x08,0xc1,0x08,0x01,0x11,0x83,0x21,0xa3,0x4a,0x24,0x53,0xe3,0x42,0x62,0x21,0x02,0x11,
    0x22,0x11,0x22,0x11,0x62,0x19,0x62,0x19,0x61,0x19,0x42,0x11,0x41,0x11,0x01,0x11,0x01,0x11,0x21,0x11,0x82,0x19,0xc1,0x21,
    0xe2,0x21,0xa1,0x19,0xe2,0x21,0x83,0x32,0xc3,0x32,0xe3,0x32,0x65,0x53,0xc4,0x5b,0x22,0x4b,0x01,0x11,0x67,0x42,0x6e,0x84,
    0xaf,0x84,0xce,0x7b,0x67,0x3a,0x2d,0x5b,0x2c,0x5b,0x46,0x32,0x25,0x2a,0xe3,0x21,0xc3,0x21,0xc2,0x21,0xc2,0x21,0xe3,0x21,
    0x45,0x3a,0x05,0x32,0x42,0x19,0x01,0x11,0x21,0x32,0xe2,0x21,0x82,0x21,0xe3,0x21,0xc3,0x21,0x84,0x21,0xa2,0x21,0x02,0x22,
    0x03,0x2a,0x41,0x11,0xe1,0x10,0x42,0x19,0xa3,0x21,0x22,0x19,0x62,0x08,0x82,0x10,0x03,0x21,0x24,0x19,0x03,0x19,0xc3,0x10,
    0xc1,0x10,0xe1,0x10,0xe0,0x18,0x81,0x08,0xa2,0x21,0x42,0x19,0xe2,0x10,0x22,0x19,0xe4,0x21,0x04,0x2a,0xc9,0x52,0x2b,0x5b,
    0x68,0x3a,0x03,0x11,0xa1,0x10,0x01,0x11,0x21,0x11,0x42,0x21,0x02,0x19,0x60,0x00,0x01,0x11,0xa1,0x19,0xc1,0x21,0xe2,0x21,
    0x81,0x21,0xe1,0x10,0xe1,0x10,0x42,0x19,0x61,0x19,0x81,0x19,0x82,0x19,0x62,0x19,0x68,0x3a,0x2a,0x53,0xe8,0x4a,0x44,0x32,
    0x82,0x3a,0x25,0x4b,0x05,0x53,0x84,0x32,0x83,0x32,0x83,0x32,0x63,0x2a,0x84,0x32,0xa4,0x32,0x45,0x32,0xa3,0x21,0x22,0x21,
    0xe2,0x18,0xe2,0x10,0xa4,0x29,0xe6,0x4a,0x67,0x53,0x24,0x4b,0xe3,0x3a,0xc2,0x3a,0xe3,0x3a,0x25,0x4b,0x86,0x4b,0x46,0x4b,
    0xa5,0x3a,0xa3,0x21,0x41,0x19,0x81,0x19,0x81,0x19,0x41,0x19,0x21,0x11,0x22,0x19,0x02,0x19,0x81,0x08,0x20,0x00,0x20,0x00,
    0xa1,0x08,0x61,0x19,0x81,0x21,0xa2,0x19,0x23,0x2a,0xc2,0x21,0x83,0x19,0xc3,0x21,0xc2,0x21,0x01,0x22,0x01,0x2a,0x01,0x22,
    0x01,0x22,0xc1,0x21,0x81,0x19,0x21,0x11,0xc1,0x08,0x80,0x08,0xa1,0x08,0xc0,0x10,0xe1,0x10,0xe1,0x10,0x01,0x09,0x01,0x11,
    0x02,0x11,0xc1,0x08,0x81,0x08,0x60,0x08,0x80,0x08,0xc1,0x08,0x21,0x19,0x41,0x19,0x21,0x11,0x01,0x11,0x21,0x19,0x23,0x2a,
    0x44,0x53,0x44,0x53,0xe3,0x21,0x63,0x19,0x63,0x19,0x63,0x19,0xa3,0x21,0xa4,0x19,0x82,0x19,0x62,0x19,0x42,0x11,0x41,0x11,
    0x01,0x11,0x01,0x11,0x20,0x11,0x41,0x11,0xc1,0x21,0x02,0x2a,0xe2,0x29,0xa3,0x3a,0xa4,0x53,0xc5,0x53,0xc6,0x53,0xe7,0x5b,
    0x64,0x53,0x81,0x19,0xe1,0x10,0xe4,0x29,0xac,0x6b,0x0f,0x7c,0xa5,0x42,0x65,0x3a,0xc7,0x4a,0x04,0x2a,0xc3,0x21,0x05,0x32,
    0x46,0x3a,0xe5,0x31,0x83,0x19,0xc4,0x29,0x25,0x2a,0xa4,0x21,0xc1,0x08,0xe0,0x10,0xa2,0x21,0xa2,0x29,0xa3,0x29,0xe4,0x29,
    0xa3,0x21,0xa3,0x21,0xe3,0x21,0x03,0x22,0xa2,0x21,0x01,0x09,0xc1,0x08,0x22,0x19,0x63,0x21,0xc2,0x08,0x41,0x08,0x62,0x08,
    0xe3,0x10,0xe2,0x10,0xc2,0x10,0xc2,0x08,0xc1,0x10,0x01,0x11,0xc0,0x10,0x81,0x10,0x44,0x3a,0x45,0x42,0x05,0x32,0xa2,0x21,
    0xa2,0x21,0x46,0x3a,0x0b,0x53,0x0b,0x53,0x28,0x42,0x66,0x29,0xc1,0x10,0xe1,0x10,0x01,0x11,0x42,0x19,0x01,0x19,0x81,0x08,
    0x21,0x11,0x81,0x19,0xa1,0x19,0xc3,0x42,0xc7,0x63,0x64,0x32,0xa1,0x08,0xa0,0x08,0xa1,0x08,0x01,0x11,0x82,0x21,0x62,0x19,
    0xa2,0x21,0x45,0x3a,0x0a,0x5b,0xa7,0x42,0x63,0x32,0x05,0x4b,0xe4,0x3a,0x84,0x2a,0x83,0x32,0x64,0x32,0x63,0x2a,0x23,0x2a,
    0x02,0x22,0xe1,0x21,0x81,0x19,0x00,0x11,0xa1,0x08,0xc1,0x10,0xe2,0x29,0xe6,0x42,0x67,0x53,0x45,0x43,0x04,0x43,0x03,0x43,
    0xc3,0x3a,0xa2,0x2a,0x04,0x43,0xc3,0x3a,0x62,0x11,0xe1,0x18,0xa1,0x10,0x22,0x19,0xa2,0x29,0x81,0x19,0x61,0x19,0x41,0x19,
    0x00,0x11,0xc1,0x08,0x80,0x08,0xa1,0x10,0xe1,0x18,0x81,0x21,0xc1,0x21,0x02,0x2a,0x63,0x3a,0xe2,0x21,0x81,0x21,0xa2,0x21,
    0xc1,0x21,0xc2,0x19,0xc1,0x21,0xa2,0x19,0x81,0x19,0x81,0x19,0xa2,0x21,0x61,0x19,0xe0,0x10,0xc1,0x10,0xe0,0x10,0xc0,0x08,
    0xc0,0x08,0xa0,0x08,0x80,0x08,0x80,0x08,0x80,0x00,0x81,0x08,0x00,0x11,0xe1,0x10,0xe0,0x10,0xe0,0x10,0xe0,0x08,0x01,0x11,
    0x41,0x19,0x41,0x19,0x01,0x11,0x41,0x11,0xc5,0x42,0xc4,0x42,0xc2,0x19,0xa3,0x19,0x83,0x21,0x62,0x19,0xa3,0x21,0xe5,0x21,
    0xa3,0x21,0x42,0x11,0x41,0x19,0x21,0x19,0x01,0x11,0xe0,0x10,0x01,0x11,0x01,0x11,0x41,0x19,0xa3,0x21,0xe2,0x29,0x62,0x19,
    0xe3,0x21,0x63,0x4b,0xa4,0x4b,0xc7,0x53,0x09,0x5c,0x45,0x4b,0x41,0x19,0xc1,0x08,0x46,0x3a,0xca,0x6b,0x26,0x74,0x63,0x5b,
    0x02,0x32,0x64,0x21,0x07,0x42,0xeb,0x5a,0x8a,0x52,0xc5,0x21,0x42,0x11,0x62,0x19,0x83,0x19,0x22,0x19,0xc0,0x08,0xa1,0x08,
    0xe1,0x10,0x21,0x19,0x83,0x21,0x42,0x19,0x22,0x11,0x42,0x11,0xe2,0x21,0x02,0x22,0x62,0x19,0xe1,0x08,0xc1,0x10,0x42,0x11,
    0x42,0x19,0xa2,0x10,0xa2,0x10,0xa1,0x10,0xc2,0x10,0xc1,0x10,0xa2,0x08,0x81,0x10,0xa1,0x08,0xc0,0x10,0xc1,0x10,0xa1,0x10,
    0xe3,0x29,0xe4,0x31,0xe4,0x29,0xa1,0x21,0xa2,0x21,0x03,0x2a,0x86,0x3a,0x69,0x42,0x64,0x19,0x03,0x19,0xc2,0x10,0xe1,0x10,
    0x01,0x11,0x41,0x19,0x82,0x19,0x41,0x11,0x61,0x19,0x60,0x11,0x23,0x32,0xa5,0x5b,0x8b,0x84,0xa8,0x63,0x01,0x11,0x40,0x00,
    0x60,0x08,0x80,0x08,0xe1,0x10,0x62,0x21,0xc3,0x29,0x44,0x32,0x86,0x3a,0x24,0x32,0xe2,0x21,0x84,0x32,0xa5,0x3a,0x64,0x2a,
    0x43,0x2a,0x42,0x22,0x02,0x22,0x02,0x22,0xe1,0x19,0x01,0x22,0xe1,0x21,0x80,0x19,0xe0,0x10,0xc1,0x10,0x41,0x11,0x82,0x32,
    0x45,0x43,0x25,0x43,0xe4,0x3a,0x63,0x2a,0xe2,0x21,0x61,0x19,0x63,0x3a,0xa3,0x42,0xc1,0x10,0x41,0x08,0x61,0x08,0x02,0x19,
    0xc4,0x31,0xa3,0x29,0xc2,0x21,0x81,0x19,0xc2,0x29,0xe2,0x29,0x81,0x21,0x21,0x19,0x21,0x19,0xa2,0x21,0xe2,0x29,0x62,0x3a,
    0x83,0x3a,0xc1,0x21,0x41,0x11,0x41,0x11,0x21,0x19,0x42,0x19,0x42,0x19,0x01,0x11,0xc0,0x10,0xc1,0x08,0x21,0x19,0x21,0x19,
    0x61,0x08,0x80,0x08,0xc1,0x10,0xe1,0x08,0xa1,0x08,0xa0,0x08,0x61,0x08,0x80,0x08,0x62,0x21,0x63,0x3a,0xc3,0x42,0xc1,0x29,
    0xe1,0x10,0xa0,0x08,0x80,0x08,0xe0,0x10,0x21,0x19,0x41,0x19,0x61,0x19,0x22,0x19,0x62,0x21,0x62,0x21,0x21,0x19,0x62,0x19,
    0x41,0x11,0x21,0x11,0x41,0x11,0xe4,0x29,0xe3,0x21,0x21,0x11,0xe1,0x10,0x21,0x19,0x62,0x21,0x21,0x19,0xe1,0x10,0xc1,0x10,
    0xc1,0x10,0xe2,0x18,0xa3,0x29,0x43,0x3a,0xa2,0x29,0x43,0x2a,0x83,0x4b,0x84,0x4b,0xc6,0x53,0x09,0x64,0xe3,0x3a,0x01,0x19,
    0xe1,0x08,0x67,0x5b,0xc9,0x8c,0x24,0x4b,0xa2,0x21,0x64,0x29,0x8a,0x52,0x0c,0x63,0x27,0x32,0x63,0x11,0x44,0x19,0x63,0x19,
    0x63,0x21,0x23,0x11,0xe1,0x10,0xc2,0x10,0xc2,0x10,0x41,0x19,0x62,0x19,0x41,0x11,0x01,0x09,0x41,0x11,0xe2,0x21,0xc2,0x21,
    0x42,0x19,0x42,0x19,0x42,0x19,0x42,0x19,0x42,0x19,0xc2,0x10,0xc2,0x18,0xa2,0x10,0xc1,0x08,0xc1,0x10,0xc1,0x10,0x81,0x08,
    0x60,0x08,0xa1,0x08,0xc1,0x08,0xe2,0x10,0xc2,0x21,0x21,0x11,0x20,0x11,0x61,0x19,0xc2,0x21,0x22,0x2a,0x44,0x2a,0xe5,0x29,
    0x23,0x19,0xe2,0x10,0xe1,0x08,0xc1,0x10,0x01,0x11,0x42,0x19,0xe2,0x29,0xe1,0x21,0x61,0x19,0xa1,0x21,0x67,0x5b,0x86,0x5b,
    0x24,0x43,0xa7,0x5b,0xa6,0x4a,0x02,0x11,0x40,0x00,0x60,0x08,0x81,0x08,0xe1,0x10,0x42,0x19,0x81,0x19,0xe1,0x21,0x01,0x22,
    0x43,0x2a,0xa4,0x32,0xa4,0x32,0x63,0x2a,0x21,0x22,0x21,0x22,0x21,0x22,0x20,0x22,0x21,0x22,0x21,0x22,0x01,0x22,0x41,0x11,
    0xa0,0x08,0x40,0x08,0x81,0x08,0x41,0x19,0x82,0x19,0x82,0x19,0x61,0x19,0x01,0x11,0x81,0x08,0x41,0x08,0x01,0x11,0x62,0x21,
    0xc1,0x10,0x61,0x08,0x81,0x10,0xc2,0x10,0xa4,0x31,0x24,0x32,0x23,0x2a,0xc2,0x21,0x43,0x32,0x83,0x3a,0xc1,0x29,0x01,0x11,
    0xc1,0x10,0x00,0x11,0x01,0x11,0x03,0x32,0x43,0x32,0x41,0x11,0x01,0x11,0x01,0x11,0x42,0x19,0x84,0x29,0x43,0x21,0x03,0x21,
    0xc1,0x10,0x40,0x00,0x81,0x10,0x80,0x10,0x60,0x08,0x41,0x00,0x60,0x08,0x81,0x08,0x81,0x10,0x81,0x08,0x40,0x08,0x81,0x08,
    0x63,0x3a,0x47,0x7c,0xe6,0x63,0xe2,0x21,0x60,0x00,0x40,0x08,0xa1,0x08,0x01,0x11,0x41,0x11,0x21,0x19,0x01,0x11,0xa1,0x10,
    0x81,0x08,0x40,0x00,0x81,0x08,0x22,0x19,0x41,0x11,0x01,0x11,0x21,0x19,0xa3,0x21,0x25,0x32,0x82,0x19,0xe1,0x10,0x41,0x19,
    0xa3,0x29,0x62,0x21,0x41,0x21,0xe1,0x18,0x81,0x08,0xc2,0x10,0x23,0x32,0x04,0x4b,0xe4,0x4a,0xc4,0x42,0xa2,0x32,0x23,0x4b,
    0x84,0x4b,0xc6,0x53,0xa5,0x5b,0xc1,0x29,0xe2,0x31,0x86,0x63,0xa9,0x63,0xa3,0x3a,0x66,0x63,0x46,0x42,0x69,0x4a,0xcb,0x5a,
    0xe5,0x21,0x43,0x19,0x64,0x19,0x84,0x19,0x84,0x21,0x62,0x19,0x23,0x19,0x03,0x19,0x42,0x11,0xc2,0x19,0x22,0x2a,0x22,0x22,
    0xa1,0x19,0xa1,0x19,0xc2,0x21,0xa2,0x19,0x62,0x19,0x43,0x19,0x63,0x19,0x62,0x19,0x22,0x11,0xc2,0x10,0xc2,0x08,0xc2,0x10,
    0xe1,0x10,0x02,0x19,0x21,0x19,0xc1,0x08,0xa0,0x08,0xe1,0x18,0xe2,0x10,0x03,0x19,0x82,0x21,0xc0,0x10,0x81,0x08,0xa1,0x08,
    0x22,0x21,0xc4,0x29,0xc3,0x21,0x62,0x19,0x01,0x11,0xe1,0x10,0xc1,0x08,0xc1,0x08,0xe1,0x10,0x22,0x19,0x62,0x19,0x21,0x11,
    0x20,0x11,0x61,0x19,0x64,0x32,0x63,0x32,0xe3,0x42,0x07,0x6c,0xa8,0x6b,0xe4,0x31,0x60,0x00,0x40,0x08,0x61,0x08,0xa0,0x08,
    0xc1,0x08,0x01,0x11,0xc2,0x21,0x01,0x22,0x43,0x32,0x64,0x3a,0xe2,0x21,0x01,0x22,0xa3,0x32,0x41,0x2a,0x22,0x2a,0x42,0x2a,
    0xe1,0x19,0x81,0x19,0x20,0x11,0x22,0x19,0x22,0x21,0x02,0x11,0xc1,0x10,0x81,0x08,0x81,0x10,0xa2,0x10,0xa1,0x10,0xa1,0x10,
    0x81,0x08,0x40,0x08,0x20,0x00,0x61,0x08,0x81,0x08,0xa2,0x10,0xa2,0x10,0x02,0x19,0xa3,0x21,0xe2,0x21,0x03,0x2a,0x03,0x2a,
    0x63,0x3a,0x83,0x42,0xe3,0x29,0xe1,0x18,0xe1,0x10,0xe0,0x10,0xc1,0x08,0xc3,0x29,0x82,0x19,0xe1,0x10,0x01,0x11,0x01,0x11,
    0x42,0x19,0xa3,0x29,0x02,0x11,0xc2,0x18,0xc2,0x18,0x21,0x00,0x20,0x08,0x61,0x08,0x80,0x08,0x60,0x00,0x40,0x08,0x40,0x00,
    0x40,0x08,0x61,0x08,0x40,0x08,0xc1,0x08,0xe5,0x4a,0x29,0x74,0x09,0x6c,0xa4,0x42,0xa0,0x08,0x40,0x00,0x80,0x08,0x01,0x11,
    0x01,0x11,0xc1,0x10,0x61,0x08,0x60,0x08,0x41,0x08,0x40,0x08,0x60,0x08,0x22,0x19,0x62,0x19,0x21,0x11,0x42,0x19,0x62,0x19,
    0xc4,0x29,0x83,0x21,0x01,0x11,0x01,0x19,0x82,0x21,0xa2,0x29,0x62,0x21,0xe2,0x18,0x81,0x08,0xa1,0x08,0x06,0x53,0x09,0x74,
    0x04,0x43,0x24,0x53,0x61,0x2a,0x81,0x32,0xe2,0x3a,0x21,0x3b,0x22,0x43,0x81,0x32,0x61,0x3a,0x43,0x32,0x01,0x09,0x02,0x11,
    0x47,0x5b,0xe7,0x4a,0x27,0x42,0x89,0x4a,0xa4,0x21,0x44,0x19,0x44,0x19,0x64,0x21,0x84,0x21,0x83,0x21,0x84,0x19,0x83,0x21,
    0xc2,0x21,0x43,0x2a,0x05,0x3b,0x84,0x2a,0xe1,0x19,0xc1,0x19,0xc1,0x19,0xa2,0x19,0x62,0x11,0x43,0x11,0x42,0x19,0x62,0x19,
    0x21,0x11,0xe2,0x10,0xa1,0x08,0xc2,0x10,0x22,0x19,0x63,0x21,0x62,0x21,0x20,0x19,0x41,0x19,0x81,0x21,0x63,0x21,0x23,0x19,
    0xc1,0x08,0x81,0x08,0x80,0x08,0x40,0x08,0xc1,0x10,0x22,0x19,0x01,0x11,0x01,0x11,0xc1,0x10,0xc1,0x08,0xc1,0x10,0xe1,0x10,
    0xe1,0x10,0x01,0x11,0x01,0x11,0xe0,0x10,0xe1,0x10,0x01,0x11,0x01,0x11,0x41,0x11,0x05,0x53,0xa7,0x63,0x65,0x32,0xe2,0x10,
    0x80,0x08,0x81,0x08,0x80,0x08,0xa0,0x08,0xa1,0x10,0xc0,0x10,0x81,0x19,0xe2,0x21,0xa2,0x21,0x82,0x21,0x21,0x11,0x85,0x42,
    0x27,0x5b,0xa2,0x21,0x61,0x11,0x82,0x21,0x21,0x11,0xe0,0x10,0xc0,0x10,0xe4,0x31,0xc5,0x42,0x63,0x32,0x23,0x3a,0x82,0x21,
    0xe2,0x10,0x23,0x21,0x43,0x21,0x22,0x19,0xe1,0x10,0xa1,0x10,0x81,0x08,0x80,0x08,0x81,0x10,0xa1,0x10,0xe1,0x10,0x62,0x21,
    0xa1,0x19,0xa1,0x21,0xe1,0x29,0x02,0x32,0x43,0x3a,0x23,0x32,0xa3,0x29,0x42,0x21,0x21,0x19,0x01,0x11,0x41,0x19,0x23,0x32,
    0xc2,0x29,0xa1,0x21,0x22,0x32,0x22,0x2a,0x02,0x32,0x43,0x3a,0x62,0x21,0x61,0x08,0x61,0x08,0x61,0x08,0xa0,0x08,0xc1,0x10,
    0xe1,0x08,0xe1,0x10,0xa1,0x08,0x81,0x08,0xc2,0x08,0xe2,0x18,0xc2,0x08,0x82,0x21,0x27,0x5b,0x05,0x4b,0x2b,0x74,0xe9,0x73,
    0x02,0x2a,0xc1,0x10,0xa0,0x08,0x01,0x11,0xe0,0x10,0x60,0x08,0x40,0x08,0x41,0x08,0x40,0x08,0x40,0x00,0x80,0x08,0x02,0x11,
    0x62,0x19,0x81,0x19,0xa3,0x21,0x83,0x21,0x62,0x21,0x22,0x19,0xe1,0x10,0x22,0x21,0x62,0x21,0x23,0x32,0x22,0x32,0xe1,0x10,
    0x82,0x10,0x82,0x08,0xe4,0x29,0x2a,0x7c,0xe8,0x6b,0xe3,0x3a,0x40,0x2a,0xa2,0x32,0xa9,0x63,0x27,0x4b,0x80,0x32,0x81,0x3a,
    0x01,0x32,0x01,0x11,0x02,0x19,0x02,0x11,0x82,0x19,0x23,0x32,0x65,0x3a,0xa7,0x42,0xc4,0x29,0x23,0x11,0x23,0x19,0x64,0x19,
    0xa4,0x21,0xa4,0x21,0xc4,0x21,0xe4,0x29,0x23,0x22,0x83,0x2a,0x66,0x4b,0xa5,0x32,0x81,0x19,0xc2,0x19,0xc1,0x19,0xa1,0x19,
    0x62,0x11,0x62,0x19,0xa3,0x21,0x82,0x19,0x41,0x19,0x01,0x11,0xa1,0x08,0xa1,0x08,0x02,0x19,0x62,0x21,0x62,0x21,0x40,0x11,
    0x41,0x19,0x81,0x21,0x42,0x19,0x44,0x19,0xa1,0x10,0xa1,0x08,0xa1,0x10,0xa1,0x08,0xc1,0x08,0xc1,0x10,0xc1,0x08,0xc1,0x08,
    0xc1,0x08,0xc1,0x10,0xe1,0x08,0xe1,0x10,0xe1,0x10,0xe1,0x10,0xe1,0x10,0x01,0x11,0x01,0x11,0xe1,0x10,0x00,0x11,0x41,0x11,
    0x06,0x53,0xc5,0x42,0xc1,0x08,0x41,0x08,0x60,0x08,0x80,0x08,0x81,0x08,0xa0,0x08,0xc1,0x10,0xa1,0x08,0xe1,0x18,0x62,0x19,
    0x41,0x11,0x21,0x11,0x41,0x11,0x86,0x42,0xa6,0x42,0xe1,0x08,0xa0,0x08,0xc1,0x08,0xc0,0x10,0xc0,0x10,0x81,0x08,0xa3,0x21,
    0xc5,0x42,0xc4,0x3a,0xa3,0x3a,0x22,0x32,0xa2,0x21,0x43,0x21,0x83,0x21,0xa3,0x21,0x62,0x19,0x22,0x19,0xe1,0x10,0xc1,0x10,
    0x80,0x08,0xc1,0x08,0x41,0x19,0x61,0x19,0x40,0x19,0xa1,0x21,0xe1,0x21,0xe3,0x29,0x03,0x32,0xa1,0x19,0x82,0x21,0xa2,0x21,
    0x61,0x19,0xa1,0x21,0x43,0x32,0x62,0x3a,0xc2,0x21,0xa1,0x21,0x83,0x3a,0x04,0x53,0x63,0x32,0x02,0x32,0x61,0x21,0x81,0x08,
    0x80,0x08,0xc1,0x10,0x02,0x11,0x22,0x11,0x42,0x19,0x84,0x29,0x63,0x21,0xe1,0x10,0xe2,0x10,0x22,0x11,0x01,0x11,0x42,0x19,
    0xa4,0x42,0xa3,0x3a,0x26,0x53,0x87,0x5b,0x83,0x3a,0x82,0x21,0xe1,0x10,0x01,0x11,0xc1,0x08,0x61,0x08,0x61,0x08,0x41,0x08,
    0x60,0x08,0x41,0x08,0x60,0x00,0xc1,0x10,0x41,0x19,0xc2,0x21,0xa4,0x3a,0x23,0x2a,0xa3,0x21,0xe2,0x18,0x80,0x08,0xe1,0x10,
    0x21,0x19,0xa2,0x29,0xa2,0x29,0xc1,0x10,0x61,0x08,0x82,0x10,0x81,0x08,0xc7,0x42,0x6c,0x84,0x03,0x43,0x62,0x32,0x43,0x2a,
    0xac,0x63,0x0f,0x84,0x04,0x4b,0xe2,0x42,0x01,0x2a,0xe1,0x10,0x01,0x11,0xc2,0x21,0xa1,0x21,0xe3,0x29,0x26,0x42,0x28,0x42,
    0xa5,0x29,0x03,0x11,0x23,0x11,0x44,0x19,0x83,0x19,0xa4,0x29,0x84,0x21,0xa3,0x21,0xc2,0x21,0x22,0x2a,0xa4,0x32,0x64,0x32,
    0x04,0x32,0x03,0x32,0xc2,0x29,0xa1,0x19,0x82,0x19,0xc3,0x31,0xa3,0x29,0xa3,0x29,0xa3,0x21,0xa2,0x21,0xe1,0x10,0x81,0x08,
    0xe2,0x10,0x61,0x19,0x81,0x19,0x61,0x19,0x40,0x19,0x40,0x11,0x21,0x19,0x02,0x11,0xc0,0x08,0xa1,0x08,0xc0,0x08,0xc1,0x10,
    0xc1,0x08,0xc1,0x08,0xc1,0x10,0xc1,0x08,0xa0,0x10,0xa0,0x08,0xc1,0x08,0xa0,0x10,0xa1,0x08,0xe1,0x10,0x01,0x19,0xe1,0x10,
    0xe1,0x10,0x01,0x11,0x01,0x11,0x21,0x11,0x24,0x32,0x04,0x32,0xe1,0x10,0x80,0x08,0x61,0x08,0x60,0x08,0x81,0x08,0xa0,0x10,
    0xa1,0x08,0x80,0x08,0x80,0x08,0xc1,0x08,0x01,0x11,0x21,0x19,0x21,0x11,0xa2,0x19,0xa2,0x19,0xa1,0x08,0x80,0x08,0xa0,0x10,
    0xc0,0x08,0x81,0x08,0x40,0x08,0x02,0x11,0xa5,0x3a,0xe5,0x42,0x83,0x32,0x21,0x2a,0x01,0x2a,0x61,0x19,0x63,0x19,0xe4,0x21,
    0xa2,0x19,0x41,0x19,0x21,0x19,0xe2,0x10,0xe1,0x10,0x42,0x19,0xa1,0x21,0x40,0x19,0x40,0x19,0xc1,0x21,0xa1,0x21,0x81,0x19,
    0xc1,0x21,0xa1,0x19,0x80,0x11,0x62,0x2a,0x66,0x53,0x67,0x5b,0x83,0x32,0x82,0x19,0xc1,0x08,0x80,0x08,0x62,0x19,0xc3,0x42,
    0x02,0x32,0xe1,0x08,0xa1,0x10,0xc1,0x10,0xe1,0x10,0x01,0x11,0x22,0x19,0x42,0x19,0x83,0x21,0xe5,0x29,0xc5,0x29,0x02,0x11,
    0xe1,0x10,0x02,0x11,0xe1,0x10,0x01,0x09,0xe2,0x29,0xe2,0x29,0x62,0x19,0x64,0x3a,0xe3,0x31,0xc0,0x10,0xc1,0x10,0xa0,0x08,
    0xa1,0x08,0xe1,0x10,0x21,0x19,0xa1,0x10,0x81,0x08,0x61,0x08,0x60,0x08,0xa1,0x08,0x62,0x19,0x42,0x2a,0x03,0x3b,0x03,0x3b,
    0x43,0x3a,0xe2,0x10,0x40,0x00,0x61,0x08,0x81,0x08,0x01,0x11,0x81,0x19,0xa1,0x21,0x82,0x19,0xe1,0x10,0x61,0x08,0x64,0x29,
    0x86,0x42,0x03,0x2a,0x64,0x42,0xa3,0x29,0x43,0x11,0xe7,0x42,0x65,0x5b,0x61,0x53,0x21,0x43,0xc1,0x3a,0x01,0x2a,0x83,0x42,
    0x63,0x42,0xc2,0x29,0x63,0x21,0x23,0x19,0x02,0x11,0xe2,0x10,0x23,0x19,0x43,0x19,0x43,0x19,0x83,0x21,0xc4,0x21,0xa2,0x21,
    0x61,0x19,0x61,0x19,0xa2,0x21,0x23,0x32,0x63,0x3a,0x03,0x32,0x03,0x32,0x04,0x2a,0xe3,0x29,0xe3,0x29,0xe4,0x31,0x86,0x52,
    0x06,0x53,0xe4,0x42,0xe3,0x29,0xe1,0x10,0x01,0x19,0x41,0x19,0x61,0x19,0x60,0x19,0x80,0x19,0x80,0x19,0x41,0x19,0xc1,0x10,
    0x01,0x11,0xe0,0x10,0xc1,0x10,0xe0,0x08,0xe1,0x10,0xc1,0x08,0x80,0x08,0x81,0x08,0x80,0x08,0x80,0x08,0x81,0x08,0x81,0x08,
    0xa1,0x08,0xe1,0x18,0x41,0x21,0xe1,0x10,0xa0,0x08,0xc1,0x08,0xe1,0x10,0x01,0x11,0x41,0x11,0x42,0x19,0x21,0x11,0xe1,0x08,
    0xc0,0x10,0xa1,0x08,0x80,0x08,0x60,0x08,0x61,0x08,0x61,0x08,0x40,0x08,0x60,0x08,0xc1,0x08,0x02,0x19,0x22,0x11,0x41,0x19,
    0x62,0x19,0xc1,0x10,0x60,0x00,0x80,0x08,0x80,0x08,0x40,0x08,0x40,0x00,0x81,0x08,0x03,0x2a,0x06,0x43,0xe5,0x42,0x42,0x32,
    0x01,0x22,0xc2,0x21,0x83,0x21,0xc3,0x21,0x82,0x19,0x41,0x11,0x41,0x11,0x41,0x19,0x62,0x19,0xc3,0x21,0xc2,0x19,0x40,0x11,
    0x60,0x19,0xa0,0x19,0x80,0x19,0x61,0x19,0xc1,0x19,0xc1,0x19,0xc1,0x19,0x24,0x43,0xac,0x8c,0x0b,0x74,0xe2,0x21,0xe1,0x10,
    0xc1,0x10,0xc1,0x08,0xe1,0x18,0xc2,0x29,0xa2,0x21,0xc1,0x10,0xc1,0x08,0x01,0x11,0x02,0x11,0x01,0x11,0x22,0x11,0x21,0x11,
    0x62,0x19,0xa4,0x21,0xa4,0x21,0x62,0x19,0x21,0x11,0x21,0x11,0x02,0x11,0xe1,0x10,0x01,0x11,0x21,0x19,0xe1,0x08,0x62,0x21,
    0x62,0x19,0xc0,0x10,0x80,0x08,0x81,0x08,0x80,0x08,0x04,0x32,0x83,0x42,0x42,0x19,0xa1,0x10,0xa1,0x08,0x42,0x19,0x02,0x2a,
    0x82,0x32,0xe2,0x32,0x44,0x43,0x03,0x3b,0xe2,0x42,0xa2,0x21,0x40,0x08,0xa1,0x08,0xa1,0x21,0x61,0x2a,0xe2,0x32,0x22,0x3b,
    0x22,0x3b,0x41,0x2a,0xe1,0x10,0x61,0x08,0x81,0x08,0x81,0x08,0xc2,0x10,0x02,0x11,0x43,0x19,0x62,0x3a,0xe2,0x42,0xe2,0x42,
    0x42,0x43,0x82,0x4b,0x43,0x4b,0xc3,0x3a,0xa3,0x3a,0x43,0x32,0xa2,0x29,0x21,0x19,0x22,0x19,0x23,0x19,0x02,0x19,0x23,0x19,
    0x22,0x11,0x63,0x19,0xe3,0x29,0xe2,0x21,0xa1,0x21,0xa1,0x21,0xc1,0x21,0x01,0x2a,0x23,0x2a,0x03,0x32,0x65,0x42,0x85,0x42,
    0x03,0x32,0xc2,0x21,0xc4,0x31,0xc7,0x52,0x47,0x63,0x68,0x63,0x85,0x42,0x22,0x19,0x01,0x19,0x21,0x11,0x61,0x19,0xc1,0x21,
    0xc1,0x21,0x80,0x19,0x01,0x11,0xa1,0x10,0x62,0x19,0x21,0x11,0x21,0x11,0x21,0x19,0x21,0x11,0x01,0x11,0x81,0x08,0xa1,0x10,
    0xa1,0x10,0xc2,0x10,0xa1,0x08,0x81,0x08,0x80,0x08,0xe1,0x10,0xe1,0x10,0xa1,0x08,0x80,0x08,0x80,0x08,0x81,0x08,0xc1,0x08,
    0xe1,0x10,0x01,0x09,0x62,0x21,0xe3,0x29,0x42,0x21,0x41,0x19,0xa4,0x31,0x23,0x19,0x61,0x08,0x61,0x08,0x61,0x08,0x61,0x08,
    0xa2,0x08,0xe3,0x18,0x03,0x11,0x42,0x19,0x62,0x21,0xe1,0x10,0x80,0x08,0x61,0x08,0x60,0x08,0x41,0x00,0x40,0x08,0x41,0x00,
    0xe1,0x10,0x44,0x32,0xa4,0x32,0x63,0x32,0x22,0x2a,0xc1,0x21,0x82,0x19,0x83,0x19,0x82,0x19,0x81,0x19,0x01,0x2a,0x40,0x32,
    0x41,0x32,0xe2,0x29,0x61,0x19,0x20,0x11,0x40,0x19,0xa1,0x19,0x80,0x19,0xa1,0x19,0x02,0x2a,0x22,0x2a,0xa2,0x32,0x64,0x4b,
    0x86,0x4b,0x24,0x2a,0x21,0x11,0x62,0x21,0x41,0x19,0x01,0x11,0x21,0x11,0x42,0x11,0x21,0x11,0x21,0x19,0x21,0x11,0x21,0x11,
    0x02,0x11,0x22,0x19,0x22,0x19,0x02,0x11,0x02,0x19,0x43,0x19,0x63,0x21,0x62,0x19,0x42,0x19,0x21,0x11,0xe1,0x10,0xc1,0x08,
    0xa1,0x10,0xc1,0x08,0xc0,0x10,0xa1,0x08,0xe1,0x10,0x01,0x19,0xa1,0x10,0x80,0x08,0xa1,0x08,0x24,0x3a,0x26,0x53,0xa2,0x29,
    0x81,0x08,0x81,0x10,0xc1,0x08,0x62,0x19,0xe1,0x21,0x82,0x2a,0x44,0x4b,0x03,0x3b,0xa1,0x32,0x21,0x2a,0x60,0x19,0xa1,0x21,
    0x62,0x2a,0xa2,0x32,0xc2,0x32,0xa2,0x32,0xa2,0x2a,0x82,0x2a,0xe1,0x21,0x21,0x19,0xe1,0x10,0xa1,0x10,0x80,0x08,0x03,0x19,
    0x04,0x32,0xc3,0x42,0xe1,0x21,0xe1,0x21,0x22,0x43,0x43,0x4b,0xa4,0x53,0x03,0x3b,0x63,0x2a,0x63,0x2a,0x63,0x32,0x03,0x22,
    0x82,0x21,0x42,0x19,0x02,0x11,0x02,0x19,0x02,0x11,0x21,0x19,0xc2,0x21,0xe1,0x21,0xa1,0x21,0xe0,0x21,0x41,0x2a,0x41,0x2a,
    0xe1,0x21,0xa2,0x21,0x03,0x32,0x24,0x32,0x23,0x2a,0xa2,0x21,0x22,0x11,0x83,0x21,0x04,0x32,0xe8,0x5a,0x87,0x52,0xe2,0x18,
    0x81,0x10,0xe2,0x10,0x62,0x21,0xc2,0x21,0x82,0x21,0x01,0x21,0xc2,0x18,0x81,0x10,0xa2,0x21,0xa2,0x21,0x62,0x19,0x61,0x11,
    0x62,0x19,0x21,0x19,0xa0,0x08,0xa1,0x08,0xe3,0x10,0xe3,0x10,0xc2,0x10,0x81,0x08,0x80,0x08,0x81,0x08,0x81,0x08,0x80,0x08,
    0x81,0x08,0x81,0x00,0xa1,0x08,0xc1,0x10,0xc0,0x08,0xc1,0x08,0x83,0x21,0x65,0x42,0xc2,0x21,0x21,0x19,0xe7,0x39,0xa5,0x31,
    0x61,0x00,0x61,0x08,0x80,0x08,0x60,0x08,0x82,0x08,0xc3,0x10,0xe2,0x10,0x01,0x19,0x20,0x11,0x21,0x11,0xe1,0x10,0xe0,0x08,
    0xa1,0x08,0x60,0x08,0x60,0x00,0x81,0x08,0xa0,0x10,0xe1,0x10,0xa2,0x21,0x03,0x2a,0x02,0x2a,0xc1,0x21,0x62,0x19,0x43,0x19,
    0x41,0x19,0x81,0x21,0xe1,0x21,0xe1,0x29,0xe0,0x29,0xa1,0x21,0x80,0x21,0x81,0x21,0x60,0x19,0x81,0x19,0xa1,0x21,0xa1,0x19,
    0x02,0x2a,0xa2,0x32,0x24,0x4b,0x09,0x74,0xe8,0x6b,0x23,0x2a,0xe3,0x29,0x43,0x3a,0x82,0x19,0xe1,0x10,0x01,0x11,0x21,0x19,
    0x21,0x11,0x61,0x11,0x42,0x19,0x22,0x19,0x02,0x29,0xe3,0x20,0xc2,0x18,0xc2,0x20,0xc2,0x18,0xc2,0x20,0xe3,0x20,0x23,0x21,
    0xe3,0x18,0xc2,0x18,0xa2,0x18,0xa1,0x10,0x81,0x08,0x80,0x08,0x81,0x08,0xa0,0x10,0xa0,0x08,0xc1,0x10,0xa1,0x08,0x81,0x08,
    0x81,0x08,0x82,0x19,0x84,0x42,0x63,0x21,0x82,0x08,0x61,0x08,0x40,0x00,0x80,0x08,0x81,0x08,0x61,0x19,0x24,0x43,0x25,0x4b,
    0x81,0x32,0x81,0x32,0x41,0x32,0xe1,0x21,0x02,0x22,0x63,0x2a,0x82,0x2a,0x82,0x2a,0x82,0x2a,0x62,0x22,0x42,0x2a,0x62,0x22,
    0x01,0x22,0xe2,0x21,0x61,0x21,0x42,0x19,0x63,0x3a,0xa2,0x3a,0x21,0x22,0x02,0x22,0xc2,0x3a,0x62,0x4b,0x83,0x4b,0x23,0x43,
    0x83,0x2a,0x84,0x32,0xa4,0x32,0xc5,0x32,0x85,0x32,0x82,0x19,0xe1,0x10,0xe1,0x10,0xc1,0x10,0xe1,0x08,0x81,0x19,0xc0,0x21,
    0xa1,0x19,0xa0,0x21,0x01,0x22,0x20,0x2a,0x01,0x2a,0x02,0x2a,0xe2,0x29,0x03,0x32,0xe3,0x29,0x82,0x21,0x22,0x19,0x02,0x11,
    0x42,0x19,0xe4,0x31,0x05,0x32,0x42,0x19,0x81,0x08,0xa2,0x18,0x22,0x21,0x43,0x29,0x02,0x29,0x82,0x10,0x82,0x10,0xa2,0x10,
    0xe2,0x21,0xe3,0x29,0xe3,0x29,0xa2,0x19,0xc2,0x21,0x42,0x19,0x81,0x08,0x80,0x08,0xa1,0x08,0x81,0x10,0x81,0x08,0x60,0x08,
    0x81,0x08,0x80,0x08,0x81,0x00,0x80,0x08,0x80,0x08,0xa1,0x08,0xa1,0x10,0xc1,0x08,0x80,0x08,0x60,0x08,0xe1,0x10,0x24,0x3a,
    0x04,0x3a,0xa1,0x08,0x81,0x08,0xa2,0x10,0x61,0x08,0x61,0x08,0x61,0x08,0x80,0x08,0x81,0x08,0x81,0x10,0xc2,0x10,0x01,0x11,
    0xe0,0x10,0x00,0x11,0x21,0x11,0x21,0x19,0x41,0x11,0x21,0x11,0xe1,0x10,0x01,0x11,0x01,0x11,0xe2,0x10,0x62,0x19,0xc2,0x29,
    0xe2,0x21,0xc1,0x21,0x82,0x21,0x62,0x19,0x42,0x11,0x01,0x11,0xe0,0x10,0xe1,0x08,0xe1,0x10,0xe1,0x10,0xe3,0x29,0x03,0x53,
    0x62,0x32,0xc1,0x29,0xa1,0x21,0xa1,0x21,0xe2,0x29,0xe3,0x4a,0xc4,0x42,0xc5,0x3a,0x0b,0x74,0x46,0x53,0x84,0x32,0xa4,0x42,
    0x02,0x2a,0x61,0x19,0x00,0x11,0x22,0x19,0x42,0x21,0x23,0x21,0x22,0x29,0x24,0x29,0x23,0x29,0xc3,0x20,0xc2,0x20,0x03,0x29,
    0xc3,0x20,0x04,0x21,0x44,0x29,0x04,0x29,0xe3,0x20,0xc3,0x20,0xa2,0x18,0xa2,0x10,0x81,0x10,0x81,0x10,0x81,0x08,0xa1,0x10,
    0x81,0x10,0x80,0x08,0x60,0x08,0x80,0x08,0x81,0x08,0xc1,0x10,0x63,0x21,0x02,0x19,0xa1,0x10,0x61,0x08,0x40,0x00,0x81,0x08,
    0xa1,0x08,0xc1,0x10,0x82,0x32,0x23,0x43,0xa2,0x32,0xc2,0x3a,0xa2,0x3a,0xc1,0x21,0x43,0x32,0x04,0x3b,0xc3,0x32,0xc4,0x3a,
    0x04,0x43,0xe4,0x42,0xa3,0x3a,0x46,0x53,0xe5,0x4a,0x81,0x19,0xa2,0x21,0xe3,0x31,0x02,0x32,0x02,0x2a,0x02,0x22,0x42,0x2a,
    0x63,0x2a,0x23,0x43,0xa4,0x53,0x24,0x43,0x43,0x2a,0x43,0x2a,0x64,0x2a,0xa5,0x32,0xe6,0x3a,0x45,0x32,0x41,0x11,0x01,0x11,
    0x01,0x11,0xe1,0x10,0x61,0x19,0x80,0x21,0x61,0x19,0x80,0x19,0xe1,0x21,0x21,0x2a,0x01,0x22,0x01,0x2a,0x02,0x22,0x03,0x2a,
    0xc3,0x29,0x83,0x21,0x82,0x21,0x62,0x19,0x82,0x21,0xc3,0x21,0x02,0x22,0x82,0x21,0x02,0x19,0xe2,0x20,0xe3,0x20,0xc2,0x20,
    0xa2,0x18,0x81,0x10,0x60,0x08,0x81,0x10,0x81,0x19,0xc2,0x21,0xe3,0x29,0xc2,0x21,0xa3,0x21,0x62,0x19,0xa1,0x08,0xa1,0x08,
    0x81,0x08,0x40,0x08,0x41,0x08,0x80,0x00,0x81,0x08,0x80,0x08,0x81,0x08,0x80,0x08,0x81,0x00,0x81,0x08,0xa1,0x10,0xa1,0x08,
    0x61,0x08,0x20,0x00,0x81,0x08,0xc4,0x31,0x83,0x29,0x61,0x08,0x20,0x00,0x41,0x08,0x41,0x08,0x40,0x00,0x61,0x08,0x81,0x10,
    0x61,0x08,0x81,0x08,0xa0,0x10,0xe0,0x10,0x00,0x11,0xc1,0x10,0xc1,0x10,0x42,0x19,0x82,0x21,0x62,0x19,0x62,0x19,0x62,0x19,
    0x62,0x19,0x02,0x2a,0x61,0x32,0x41,0x2a,0xc1,0x21,0x83,0x21,0x63,0x21,0x63,0x19,0x42,0x19,0x01,0x11,0xe0,0x10,0xc0,0x08,
    0xe1,0x10,0x22,0x19,0xe2,0x29,0xa3,0x42,0x83,0x42,0x22,0x32,0x02,0x2a,0x83,0x3a,0x62,0x3a,0xe4,0x42,0x65,0x5b,0xe5,0x42,
    0xe5,0x42,0xa4,0x42,0x23,0x2a,0x64,0x2a,0x42,0x32,0x23,0x32,0xc3,0x39,0xa4,0x39,0xa5,0x41,0x64,0x39,0xa6,0x41,0x07,0x52,
    0x65,0x39,0x03,0x31,0x24,0x31,0x45,0x29,0x44,0x29,0x86,0x39,0x85,0x39,0x65,0x31,0x44,0x31,0x45,0x31,0x64,0x31,0x04,0x29,
    0x24,0x31,0x03,0x21,0x02,0x21,0x43,0x29,0xc2,0x18,0x81,0x10,0x60,0x08,0x80,0x08,0x81,0x08,0x81,0x08,0xa1,0x10,0xa2,0x10,
    0xc1,0x10,0x81,0x08,0x40,0x00,0x61,0x08,0xa1,0x10,0xa1,0x08,0xc1,0x21,0xc1,0x3a,0xa2,0x32,0xa2,0x3a,0x61,0x32,0x02,0x2a,
    0x84,0x32,0xa4,0x32,0x45,0x32,0x25,0x32,0xc4,0x42,0x27,0x53,0x28,0x5b,0xcb,0x6b,0xcb,0x73,0xc3,0x21,0xa9,0x4a,0xc9,0x52,
    0x61,0x21,0x01,0x11,0x01,0x11,0x81,0x19,0xc3,0x21,0x42,0x2a,0x65,0x53,0xa3,0x32,0xa2,0x19,0xe2,0x21,0xc2,0x19,0xc1,0x19,
    0xe2,0x21,0x44,0x2a,0xe3,0x21,0x61,0x19,0x41,0x11,0x01,0x11,0x21,0x19,0x60,0x19,0x60,0x21,0x61,0x19,0xc0,0x21,0x21,0x2a,
    0xe0,0x21,0xa1,0x19,0xe2,0x21,0x64,0x32,0x64,0x3a,0x44,0x32,0x23,0x32,0xc3,0x29,0x82,0x19,0x61,0x19,0x42,0x19,0xa2,0x21,
    0xc4,0x29,0x23,0x21,0xe2,0x20,0xc2,0x20,0x81,0x10,0x41,0x08,0x41,0x08,0x61,0x08,0xc1,0x10,0xe0,0x10,0x42,0x19,0x63,0x21,
    0x63,0x21,0x02,0x19,0xc1,0x10,0xc1,0x10,0x80,0x10,0x40,0x08,0x61,0x08,0x61,0x08,0x80,0x08,0x81,0x08,0x80,0x00,0x80,0x08,
    0xa1,0x08,0xa1,0x08,0x82,0x10,0x81,0x08,0x61,0x08,0x20,0x00,0x61,0x08,0x43,0x29,0xe2,0x10,0x20,0x00,0x41,0x08,0x40,0x00,
    0x41,0x08,0x20,0x08,0x40,0x00,0x41,0x08,0x60,0x08,0x81,0x10,0xa1,0x08,0xe0,0x10,0x01,0x19,0xe1,0x10,0xa1,0x10,0xc1,0x10,
    0xc1,0x10,0x22,0x19,0x61,0x21,0x62,0x21,0x22,0x32,0xa2,0x3a,0xa1,0x32,0x01,0x22,0x21,0x11,0x02,0x11,0x43,0x19,0x42,0x19,
    0x43,0x21,0x43,0x19,0x02,0x11,0xe1,0x10,0xe1,0x10,0x41,0x19,0x41,0x19,0x42,0x19,0xa1,0x21,0x02,0x22,0x84,0x32,0x05,0x3b,
    0xc4,0x3a,0xa2,0x19,0x84,0x3a,0x2b,0x84,0xc7,0x63,0x06,0x53,0xa4,0x29,0x62,0x19,0x03,0x32,0x24,0x42,0x25,0x42,0xe6,0x49,
    0x68,0x62,0x68,0x62,0x07,0x52,0x28,0x52,0xe6,0x49,0xa6,0x41,0xc6,0x49,0xa6,0x39,0x86,0x41,0xa6,0x41,0x65,0x39,0x65,0x31,
    0x45,0x31,0x44,0x39,0x45,0x31,0x64,0x39,0x44,0x31,0x44,0x39,0x44,0x31,0x64,0x31,0x44,0x31,0x44,0x29,0xc2,0x18,0x81,0x08,
    0x80,0x08,0xa0,0x10,0xa0,0x08,0xe2,0x10,0x43,0x19,0x23,0x19,0xc1,0x10,0x61,0x08,0x80,0x00,0x81,0x08,0x41,0x19,0xa1,0x32,
    0x81,0x32,0x41,0x2a,0x21,0x2a,0x82,0x21,0x63,0x19,0xc3,0x29,0xc4,0x21,0x42,0x19,0x84,0x32,0x2a,0x84,0x49,0x5b,0xcd,0x73,
    0x4f,0x7c,0x8c,0x63,0xcd,0x73,0xe8,0x4a,0x61,0x19,0x41,0x19,0x41,0x11,0x21,0x11,0x41,0x19,0x61,0x19,0x22,0x2a,0xa2,0x21,
    0xe1,0x10,0x41,0x19,0x41,0x19,0x41,0x19,0x21,0x11,0x41,0x11,0x82,0x19,0x82,0x19,0x82,0x19,0x42,0x19,0xe1,0x10,0x21,0x19,
    0x60,0x19,0x40,0x19,0xa1,0x19,0x01,0x2a,0xa0,0x21,0x41,0x19,0x64,0x3a,0xe5,0x4a,0xe6,0x4a,0x64,0x32,0xc3,0x21,0x41,0x11,
    0x01,0x11,0x01,0x11,0x41,0x19,0xe4,0x29,0xe5,0x31,0x23,0x21,0xe2,0x20,0xe3,0x20,0xa2,0x18,0x61,0x10,0x61,0x08,0x61,0x10,
    0x80,0x08,0xa1,0x10,0xc1,0x10,0xe1,0x10,0x02,0x19,0xe2,0x18,0xc1,0x10,0xa1,0x10,0xe1,0x10,0xa1,0x08,0xc1,0x10,0xc1,0x08,
    0xa1,0x08,0x81,0x08,0x80,0x08,0x81,0x08,0x81,0x08,0xa1,0x10,0x81,0x08,0x61,0x08,0x41,0x08,0x41,0x08,0x81,0x08,0xe2,0x10,
    0x22,0x19,0x03,0x19,0x02,0x11,0x81,0x10,0x60,0x00,0x61,0x10,0x61,0x08,0x20,0x00,0x40,0x00,0xc2,0x18,0x01,0x19,0xe1,0x10,
    0x21,0x19,0x21,0x21,0xa1,0x10,0x40,0x00,0x84,0x29,0x4a,0x6b,0x65,0x4a,0x02,0x32,0xa2,0x3a,0x21,0x2a,0x42,0x32,0x83,0x3a,
    0x81,0x21,0x22,0x11,0x21,0x11,0x22,0x19,0x42,0x19,0x23,0x19,0x02,0x11,0x01,0x11,0x01,0x11,0x21,0x19,0x23,0x19,0x02,0x19,
    0xc2,0x21,0x62,0x22,0x83,0x32,0x06,0x43,0x67,0x53,0x44,0x32,0x42,0x19,0x46,0x53,0xc6,0x63,0x67,0x5b,0x66,0x42,0x64,0x31,
    0xc5,0x41,0xa8,0x62,0x88,0x62,0x47,0x5a,0x48,0x5a,0x68,0x5a,0x68,0x5a,0x27,0x5a,0x48,0x5a,0x07,0x4a,0x07,0x52,0x86,0x41,
    0xc6,0x49,0xc6,0x49,0xa5,0x41,0x45,0x31,0x65,0x41,0x24,0x31,0x64,0x39,0x24,0x31,0xc3,0x20,0xa2,0x18,0xe3,0x20,0x45,0x39,
    0x44,0x31,0x64,0x31,0x65,0x39,0x64,0x31,0xe2,0x18,0x81,0x08,0xa1,0x10,0x01,0x11,0xe4,0x29,0x05,0x2a,0xc3,0x21,0xa2,0x21,
    0x42,0x19,0x01,0x11,0x21,0x11,0x21,0x2a,0x81,0x32,0x40,0x2a,0xe0,0x21,0x62,0x19,0x22,0x19,0x22,0x19,0x62,0x19,0x21,0x11,
    0xa2,0x21,0xc9,0x6b,0x89,0x63,0x2e,0x7c,0xb1,0x94,0x91,0x8c,0xcd,0x6b,0x44,0x2a,0x81,0x11,0x61,0x19,0x81,0x19,0x81,0x19,
    0x81,0x19,0x41,0x11,0xe0,0x10,0xc1,0x08,0xa0,0x08,0xc1,0x08,0x02,0x11,0x02,0x11,0xe1,0x10,0xe1,0x10,0xe1,0x10,0x21,0x11,
    0x83,0x21,0x63,0x19,0xc1,0x10,0xc1,0x10,0x21,0x19,0x40,0x19,0x60,0x11,0xa0,0x19,0x60,0x19,0xc2,0x29,0xe6,0x4a,0xe5,0x42,
    0x84,0x3a,0xa2,0x21,0xe0,0x08,0xe1,0x10,0x01,0x11,0x41,0x19,0xa3,0x21,0x04,0x32,0xa3,0x21,0x23,0x19,0xe2,0x20,0xe3,0x20,
    0x02,0x29,0xa2,0x18,0x61,0x10,0x81,0x10,0xa1,0x08,0xa0,0x08,0xa0,0x08,0xa1,0x10,0x01,0x19,0x21,0x19,0x21,0x19,0x61,0x21,
    0x82,0x29,0x01,0x11,0x82,0x29,0xa4,0x29,0xe1,0x10,0xa1,0x08,0x80,0x08,0x81,0x08,0x81,0x08,0x81,0x08,0x62,0x10,0x61,0x08,
    0x81,0x08,0xa2,0x08,0xe2,0x18,0x84,0x21,0xc5,0x29,0xe5,0x29,0x63,0x19,0xc1,0x10,0x81,0x10,0xe2,0x18,0xc1,0x10,0x40,0x08,
    0x41,0x08,0xa1,0x10,0xc1,0x18,0xa1,0x10,0x21,0x21,0xa2,0x29,0xc1,0x10,0xa1,0x08,0x88,0x5a,0x4b,0x6b,0xc3,0x29,0x64,0x42,
    0x05,0x53,0x06,0x53,0x67,0x63,0x07,0x6c,0x04,0x4b,0x82,0x21,0x02,0x19,0x01,0x11,0x22,0x19,0x02,0x11,0x02,0x19,0x01,0x11,
    0x22,0x19,0x62,0x21,0x23,0x19,0x02,0x19,0xe3,0x29,0xa2,0x2a,0x82,0x2a,0xe5,0x3a,0xc9,0x5b,0x68,0x53,0x83,0x21,0xc2,0x29,
    0xc4,0x42,0xa5,0x4a,0x05,0x4a,0x06,0x52,0x88,0x62,0x89,0x62,0x48,0x5a,0x07,0x52,0xe6,0x49,0x65,0x41,0xc6,0x49,0x28,0x52,
    0xea,0x6a,0x68,0x62,0x07,0x52,0x07,0x52,0x07,0x52,0x07,0x52,0xc6,0x49,0x85,0x41,0xc6,0x49,0x85,0x41,0x65,0x39,0xe3,0x28,
    0xe3,0x20,0xe3,0x20,0x85,0x49,0x04,0x29,0xc3,0x20,0x03,0x29,0xe3,0x28,0x44,0x31,0x64,0x31,0xe2,0x20,0xa1,0x10,0xe1,0x10,
    0x62,0x19,0x04,0x2a,0x26,0x4b,0x44,0x5b,0xa3,0x3a,0xa1,0x21,0x41,0x19,0x61,0x19,0x01,0x2a,0x41,0x2a,0xe1,0x21,0x62,0x21,
    0x83,0x21,0x41,0x19,0x01,0x11,0x41,0x19,0xa2,0x19,0x62,0x2a,0xe7,0x42,0x6c,0x6b,0xcc,0x63,0x6f,0x7c,0xcd,0x6b,0xc8,0x4a,
    0xa1,0x19,0x81,0x19,0xa1,0x19,0x61,0x19,0x62,0x19,0x22,0x19,0xc0,0x08,0x80,0x08,0x81,0x08,0xa0,0x10,0xc1,0x10,0xc1,0x10,
    0xc0,0x08,0xe1,0x10,0xc1,0x10,0xe1,0x10,0x61,0x19,0x82,0x21,0xe1,0x10,0x80,0x08,0xc0,0x10,0x21,0x11,0x20,0x19,0x60,0x19,
    0x81,0x19,0x44,0x32,0xa4,0x42,0x83,0x3a,0x44,0x32,0x41,0x19,0xe0,0x10,0x01,0x11,0x21,0x19,0x61,0x19,0xa2,0x21,0xe3,0x29,
    0x83,0x19,0x02,0x11,0x02,0x21,0xe2,0x20,0x03,0x29,0xc2,0x18,0x81,0x10,0x81,0x10,0xa0,0x08,0xa1,0x08,0xa0,0x08,0xa0,0x08,
    0x01,0x19,0x62,0x21,0x03,0x32,0xc5,0x4a,0x43,0x3a,0x01,0x19,0x83,0x29,0x86,0x4a,0x83,0x21,0x81,0x08,0x81,0x08,0x61,0x08,
    0x61,0x08,0x61,0x08,0x61,0x08,0xa2,0x10,0xc3,0x18,0x03,0x19,0x84,0x29,0xa4,0x29,0xa3,0x29,0x83,0x21,0x02,0x11,0x61,0x08,
    0x81,0x08,0xc1,0x18,0x82,0x10,0x40,0x08,0x40,0x08,0xa1,0x10,0xc1,0x10,0xc1,0x18,0x02,0x19,0x62,0x21,0xe2,0x18,0x81,0x08,
    0xc2,0x10,0xa2,0x08,0xa0,0x10,0xc5,0x4a,0x2b,0x7c,0xaf,0x9c,0x2a,0x74,0xe7,0x6b,0x65,0x5b,0xc2,0x29,0xe2,0x10,0x21,0x11,
    0x01,0x19,0x21,0x19,0x21,0x11,0x21,0x11,0x42,0x11,0x22,0x19,0x02,0x11,0xe3,0x18,0x43,0x19,0x03,0x2a,0x83,0x32,0xc3,0x2a,
    0x89,0x53,0xca,0x63,0xc3,0x21,0xa1,0x10,0xe4,0x39,0xc7,0x62,0xa9,0x62,0x88,0x62,0x48,0x5a,0xc6,0x49,0xa5,0x41,0x65,0x39,
    0x85,0x39,0x65,0x39,0x44,0x31,0xa5,0x49,0xc9,0x6a,0xc9,0x6a,0xa9,0x6a,0x68,0x6a,0xa9,0x6a,0xc9,0x6a,0xa5,0x49,0xe6,0x51,
    0x07,0x5a,0x64,0x41,0xe3,0x28,0xa2,0x18,0xc2,0x20,0x65,0x41,0x23,0x31,0xa2,0x20,0xc2,0x20,0xc3,0x20,0xc2,0x20,0xc3,0x20,
    0x24,0x29,0x64,0x31,0x23,0x29,0xc2,0x10,0x42,0x19,0x45,0x32,0x28,0x74,0x88,0x84,0x44,0x53,0x02,0x22,0x82,0x19,0xe1,0x21,
    0x41,0x22,0xe2,0x3a,0xa1,0x3a,0x82,0x21,0x83,0x21,0x62,0x19,0x21,0x11,0xc1,0x21,0xc2,0x32,0x02,0x43,0x04,0x43,0xe3,0x21,
    0x26,0x2a,0x0e,0x7c,0x2f,0x7c,0x6a,0x63,0x03,0x22,0xa2,0x21,0x42,0x19,0xe1,0x10,0x01,0x11,0x21,0x19,0xe1,0x10,0xc0,0x10,
    0xa0,0x08,0x81,0x08,0x80,0x08,0xc1,0x08,0x00,0x11,0x20,0x19,0xe0,0x10,0x41,0x19,0xa2,0x29,0xe2,0x29,0x82,0x21,0x80,0x08,
    0x81,0x08,0xa0,0x08,0x01,0x11,0x60,0x19,0x82,0x21,0x63,0x3a,0x83,0x3a,0xa4,0x3a,0x43,0x3a,0x21,0x11,0x01,0x11,0x41,0x11,
    0x41,0x19,0x82,0x19,0xa2,0x21,0x03,0x2a,0x43,0x3a,0x62,0x19,0xc1,0x10,0x02,0x21,0x03,0x21,0xc2,0x20,0x82,0x10,0x81,0x10,
    0xa1,0x10,0xa0,0x08,0xa1,0x08,0xa1,0x10,0xc1,0x08,0x01,0x11,0xe3,0x31,0xc5,0x52,0x23,0x32,0xa1,0x29,0x63,0x19,0xe5,0x39,
    0xc3,0x29,0x42,0x19,0xa1,0x10,0x81,0x08,0x61,0x08,0x61,0x08,0x61,0x08,0x82,0x08,0x03,0x19,0x83,0x29,0x83,0x21,0x42,0x19,
    0x63,0x21,0x42,0x19,0x81,0x08,0x20,0x08,0x41,0x08,0x40,0x08,0x41,0x00,0x20,0x00,0x41,0x08,0x01,0x19,0x63,0x29,0x84,0x29,
    0x22,0x19,0x01,0x19,0xc1,0x08,0x40,0x08,0x41,0x08,0x40,0x08,0x84,0x21,0xec,0x7b,0x6d,0x84,0x2d,0x84,0x48,0x63,0xa6,0x4a,
    0x44,0x3a,0x42,0x19,0xc1,0x10,0xe1,0x18,0x01,0x11,0x42,0x19,0xa2,0x19,0xc3,0x21,0xe3,0x21,0xa2,0x21,0x42,0x11,0x02,0x11,
    0xe2,0x10,0x43,0x19,0x04,0x2a,0x63,0x2a,0xe6,0x42,0x28,0x53,0x83,0x21,0x84,0x39,0x89,0x62,0xc9,0x6a,0x68,0x62,0x27,0x52,
    0xc6,0x49,0x65,0x39,0x44,0x31,0x24,0x31,0x24,0x31,0x24,0x31,0x65,0x39,0x85,0x41,0xe6,0x59,0x68,0x62,0x88,0x6a,0x47,0x62,
    0xc9,0x7a,0x6b,0x8b,0x44,0x41,0xe6,0x51,0xe6,0x59,0x03,0x31,0xa2,0x18,0x61,0x18,0xa2,0x20,0xc2,0x20,0x82,0x18,0xc2,0x20,
    0xa2,0x20,0x82,0x18,0xa2,0x18,0xa2,0x20,0xc2,0x20,0x04,0x31,0x64,0x31,0x23,0x29,0x02,0x19,0x65,0x32,0xe8,0x73,0xe7,0x63,
    0xc3,0x32,0xc1,0x21,0x81,0x32,0x21,0x3b,0x61,0x4b,0x03,0x64,0x64,0x53,0x03,0x32,0x83,0x21,0x62,0x19,0xa1,0x21,0x82,0x2a,
    0xe1,0x3a,0x43,0x43,0xc6,0x5b,0xc4,0x42,0xc2,0x29,0x6a,0x5b,0x70,0x84,0x8c,0x63,0x45,0x3a,0xc3,0x29,0x22,0x11,0xc1,0x10,
    0xe0,0x10,0x01,0x11,0x01,0x11,0xc0,0x08,0xa0,0x08,0x80,0x08,0xa0,0x08,0xe0,0x10,0x00,0x11,0x00,0x11,0xa1,0x08,0xe1,0x18,
    0xc2,0x29,0x23,0x3a,0x62,0x21,0xa1,0x08,0xa1,0x08,0xa0,0x10,0x82,0x21,0x21,0x2a,0xe1,0x21,0x43,0x32,0xa4,0x3a,0x26,0x53,
    0x84,0x42,0x61,0x19,0x42,0x19,0x61,0x19,0x62,0x19,0x82,0x19,0xe3,0x31,0x64,0x3a,0xc4,0x42,0xc3,0x31,0xa0,0x08,0xe2,0x18,
    0x03,0x29,0xc2,0x18,0x81,0x10,0x81,0x10,0xa1,0x08,0xa1,0x10,0xc0,0x08,0xc0,0x08,0xc1,0x10,0xc1,0x08,0xe1,0x10,0x42,0x21,
    0x03,0x32,0xe5,0x52,0x86,0x4a,0xe5,0x31,0x24,0x3a,0x45,0x42,0x82,0x29,0x43,0x21,0xe2,0x18,0x61,0x08,0x81,0x10,0xa2,0x10,
    0x43,0x21,0x63,0x21,0x22,0x11,0x62,0x21,0x63,0x21,0x01,0x19,0x61,0x08,0x40,0x00,0x41,0x00,0x41,0x08,0x40,0x08,0x41,0x08,
    0x81,0x08,0x22,0x19,0xa4,0x29,0xe6,0x39,0x63,0x29,0x02,0x19,0xe1,0x10,0x81,0x08,0x40,0x08,0x61,0x00,0x27,0x42,0x2f,0x84,
    0x0d,0x7c,0x09,0x5b,0x46,0x4a,0x06,0x3a,0x22,0x19,0xa1,0x10,0xa1,0x10,0xc1,0x10,0x21,0x19,0x03,0x2a,0xc4,0x42,0xe5,0x4a,
    0x04,0x43,0xa4,0x3a,0x85,0x3a,0x24,0x2a,0x83,0x21,0x43,0x19,0x43,0x21,0x43,0x19,0xe3,0x21,0x65,0x3a,0x67,0x52,0xc9,0x72,
    0xc9,0x6a,0xa9,0x6a,0x27,0x52,0xa6,0x49,0x65,0x39,0x65,0x39,0x65,0x39,0x44,0x31,0xe4,0x28,0xe3,0x20,0xc3,0x20,0x85,0x41,
    0xe6,0x49,0xc6,0x49,0xc5,0x49,0x64,0x41,0x06,0x5a,0x47,0x6a,0x23,0x39,0x23,0x31,0x85,0x41,0x03,0x31,0x82,0x20,0x82,0x18,
    0xa2,0x18,0x82,0x18,0x61,0x18,0x82,0x18,0x81,0x18,0x82,0x18,0xa2,0x18,0xa2,0x20,0xc3,0x18,0xc2,0x20,0x04,0x31,0x64,0x31,
    0x43,0x29,0x65,0x3a,0x25,0x43,0xa3,0x22,0x22,0x2a,0xe1,0x19,0xc1,0x32,0x61,0x4b,0x61,0x4b,0xa4,0x63,0x84,0x5b,0x43,0x3a,
    0x82,0x21,0x62,0x19,0xe1,0x21,0x81,0x2a,0xa1,0x2a,0xe2,0x32,0x85,0x53,0xe7,0x63,0xe4,0x3a,0x6a,0x63,0xee,0x7b,0xa7,0x42,
    0x42,0x19,0x42,0x19,0x01,0x19,0xe2,0x10,0x44,0x21,0xa6,0x29,0xc5,0x31,0x42,0x19,0x01,0x19,0xe1,0x10,0xc1,0x10,0xe1,0x10,
    0xe0,0x10,0xa1,0x08,0x80,0x08,0x61,0x08,0xe1,0x10,0x63,0x21,0xe1,0x10,0x81,0x08,0xa1,0x10,0x62,0x21,0x03,0x4b,0x43,0x53,
    0x82,0x32,0x81,0x2a,0x62,0x32,0x44,0x32,0x23,0x32,0x82,0x21,0x82,0x21,0x62,0x19,0x62,0x19,0x61,0x19,0x62,0x19,0xa3,0x29,
    0x03,0x2a,0xa3,0x29,0xc1,0x08,0xc1,0x18,0x03,0x21,0xe2,0x20,0x82,0x10,0x81,0x10,0x81,0x08,0xa1,0x10,0xa1,0x08,0xc1,0x10,
    0xe1,0x10,0xe0,0x10,0xe2,0x10,0xe2,0x10,0xe4,0x31,0xa5,0x4a,0xc7,0x52,0xe7,0x52,0x25,0x3a,0xc5,0x31,0xa3,0x29,0xc4,0x31,
    0xa4,0x31,0xc2,0x10,0x61,0x08,0xa2,0x10,0x23,0x19,0x22,0x19,0x02,0x11,0x83,0x29,0xa3,0x29,0x02,0x11,0x60,0x08,0x21,0x00,
    0x40,0x08,0x61,0x08,0x82,0x08,0x82,0x08,0xa2,0x10,0x03,0x19,0x23,0x21,0x84,0x29,0x43,0x21,0x02,0x11,0x43,0x21,0x23,0x21,
    0x81,0x08,0x40,0x08,0xe2,0x08,0x67,0x3a,0xee,0x8b,0x87,0x42,0x64,0x21,0x47,0x4a,0x63,0x29,0xc1,0x18,0xa1,0x10,0xe1,0x10,
    0xe2,0x29,0xa2,0x3a,0xe3,0x42,0xe3,0x42,0xc3,0x3a,0x04,0x3b,0x66,0x53,0x47,0x4b,0x84,0x3a,0x63,0x19,0xe2,0x10,0x61,0x00,
    0x22,0x21,0x47,0x5a,0xc9,0x72,0xea,0x72,0x88,0x62,0xe6,0x51,0xa5,0x41,0xc6,0x49,0xc6,0x49,0xc6,0x41,0xe6,0x49,0xa6,0x41,
    0xa5,0x39,0x65,0x39,0x85,0x41,0x27,0x52,0xaa,0x6a,0x69,0x62,0x27,0x5a,0xe6,0x51,0xc6,0x49,0xc6,0x49,0x85,0x41,0x24,0x39,
    0x64,0x41,0x65,0x39,0x03,0x29,0xe3,0x28,0xe3,0x28,0xe3,0x28,0xa2,0x20,0x61,0x18,0x61,0x10,0x41,0x10,0x61,0x10,0xa2,0x20,
    0xc3,0x20,0xc2,0x20,0xe3,0x20,0x23,0x31,0x84,0x31,0x64,0x3a,0xc4,0x32,0xa3,0x32,0x82,0x2a,0x42,0x22,0xa1,0x32,0x42,0x43,
    0x41,0x22,0x01,0x2a,0x22,0x2a,0x01,0x2a,0xa1,0x21,0xc2,0x21,0x21,0x2a,0x62,0x2a,0x82,0x32,0x82,0x2a,0x82,0x32,0xa4,0x3a,
    0x05,0x43,0x8a,0x63,0xcd,0x6b,0xa8,0x4a,0x02,0x19,0xa1,0x08,0xe2,0x18,0x43,0x21,0xa6,0x31,0xa6,0x31,0x07,0x3a,0x47,0x4a,
    0xe6,0x41,0xa4,0x29,0x22,0x19,0x22,0x21,0xa1,0x08,0x81,0x08,0x81,0x08,0x80,0x08,0x61,0x08,0x61,0x08,0x81,0x08,0xa1,0x10,
    0xc1,0x10,0x84,0x29,0xe4,0x4a,0x63,0x53,0xe2,0x42,0x81,0x2a,0x21,0x22,0x61,0x19,0x41,0x19,0x62,0x19,0x82,0x19,0x61,0x19,
    0x41,0x19,0x22,0x19,0xe1,0x10,0xe1,0x10,0x01,0x11,0x21,0x19,0xc1,0x08,0xc1,0x18,0xe2,0x20,0xc2,0x18,0x81,0x10,0x61,0x08,
    0x81,0x08,0xa2,0x10,0x81,0x08,0x81,0x08,0xc1,0x08,0x01,0x11,0x43,0x21,0x23,0x21,0x43,0x21,0x22,0x19,0x04,0x2a,0xe9,0x62,
    0xc5,0x29,0xc2,0x10,0xa1,0x08,0xe2,0x18,0x03,0x19,0x81,0x10,0x41,0x00,0x81,0x10,0x02,0x19,0xe1,0x10,0x22,0x19,0x83,0x29,
    0x83,0x29,0x01,0x11,0x61,0x08,0x40,0x00,0x82,0x10,0xa2,0x10,0xa2,0x10,0xa2,0x10,0xa2,0x10,0xa2,0x10,0xa1,0x10,0xe2,0x10,
    0xe2,0x18,0xe2,0x18,0x84,0x29,0xa4,0x29,0xa1,0x10,0x81,0x08,0x80,0x08,0x84,0x21,0x0b,0x5b,0x84,0x19,0xc1,0x08,0x22,0x19,
    0x02,0x19,0xc1,0x10,0xe1,0x10,0xa2,0x29,0x62,0x32,0xa2,0x3a,0x03,0x43,0x04,0x43,0x24,0x4b,0x85,0x53,0x86,0x4b,0xe4,0x3a,
    0xc2,0x21,0x22,0x19,0xa1,0x08,0xa2,0x18,0x27,0x5a,0x09,0x73,0xc9,0x72,0x68,0x5a,0xc6,0x49,0xe7,0x51,0x48,0x5a,0x07,0x52,
    0xe6,0x51,0x06,0x52,0x07,0x52,0xe6,0x49,0xa6,0x49,0xc5,0x49,0xa6,0x49,0xc6,0x49,0xe7,0x49,0x07,0x52,0x27,0x52,0x28,0x5a,
    0x68,0x62,0x27,0x5a,0x06,0x52,0xa5,0x49,0xa5,0x49,0xc6,0x51,0xa5,0x49,0xc6,0x49,0x07,0x52,0x69,0x62,0x48,0x62,0x07,0x52,
    0x45,0x41,0xe3,0x30,0xa2,0x20,0x82,0x18,0xc2,0x20,0x24,0x31,0xe3,0x28,0x04,0x29,0x24,0x31,0xa4,0x31,0xc3,0x29,0xc2,0x29,
    0xa2,0x19,0xc2,0x21,0x02,0x22,0x02,0x2a,0xc1,0x19,0xc1,0x21,0xe0,0x19,0x02,0x22,0x21,0x2a,0x01,0x2a,0xe1,0x21,0xa2,0x21,
    0xa1,0x19,0x61,0x19,0x21,0x11,0xa3,0x29,0x04,0x32,0x2a,0x5b,0xad,0x73,0xc9,0x52,0x85,0x29,0xa1,0x10,0xa1,0x08,0xe1,0x18,
    0x02,0x11,0x02,0x11,0xe7,0x39,0x47,0x4a,0x26,0x4a,0xe6,0x39,0x42,0x21,0x02,0x11,0xa1,0x08,0xa0,0x08,0xc1,0x10,0xc1,0x08,
    0xa1,0x08,0x60,0x08,0x80,0x08,0xa1,0x10,0x01,0x11,0xe4,0x31,0xa3,0x32,0x23,0x43,0x63,0x53,0xa2,0x3a,0x21,0x22,0x80,0x21,
    0x01,0x11,0xe1,0x10,0x42,0x19,0xe5,0x29,0x63,0x19,0x02,0x11,0xc1,0x08,0x01,0x11,0x20,0x19,0xc1,0x08,0x80,0x10,0xc2,0x10,
    0xc2,0x18,0xc3,0x18,0x81,0x10,0x61,0x10,0xc1,0x10,0xa2,0x10,0xc1,0x10,0xc1,0x10,0xc0,0x10,0x21,0x11,0x42,0x19,0x22,0x11,
    0x01,0x11,0x21,0x11,0x63,0x21,0xc4,0x29,0x23,0x19,0xa1,0x08,0x81,0x08,0xa1,0x08,0x61,0x08,0x60,0x08,0x41,0x08,0xa1,0x08,
    0xe1,0x10,0xe1,0x10,0x22,0x19,0x82,0x21,0x62,0x21,0xe1,0x10,0x40,0x00,0x61,0x10,0xe3,0x18,0xe3,0x18,0xc3,0x10,0xa2,0x10,
    0xc3,0x10,0x82,0x10,0x40,0x00,0x61,0x08,0x81,0x08,0xa2,0x10,0x02,0x19,0xe2,0x18,0x81,0x08,0x40,0x08,0x81,0x08,0x02,0x11,
    0x43,0x19,0x02,0x11,0xe2,0x10,0xc2,0x08,0xe1,0x08,0xc1,0x08,0x42,0x19,0x42,0x2a,0xc3,0x3a,0x66,0x5b,0xa7,0x63,0x65,0x53,
    0x84,0x4b,0x84,0x4b,0xe4,0x3a,0xa3,0x21,0x23,0x19,0xe2,0x10,0x02,0x21,0x67,0x62,0xe9,0x7a,0xc9,0x6a,0x27,0x5a,0x06,0x52,
    0x27,0x5a,0x47,0x5a,0x27,0x5a,0x47,0x62,0x27,0x5a,0xe6,0x49,0x65,0x41,0x44,0x39,0x03,0x31,0xe3,0x28,0x03,0x29,0x24,0x31,
    0x44,0x39,0x65,0x39,0x85,0x41,0xa6,0x51,0x27,0x5a,0x68,0x62,0x89,0x72,0xc9,0x72,0x88,0x6a,0x68,0x6a,0x88,0x6a,0x89,0x6a,
    0x2b,0x7b,0xce,0x8b,0x50,0x9c,0xef,0x9b,0x8c,0x8b,0xea,0x72,0x27,0x62,0x64,0x41,0xe3,0x28,0xe3,0x28,0x44,0x39,0x24,0x31,
    0x24,0x31,0x65,0x31,0x64,0x29,0x01,0x11,0xe1,0x08,0xe1,0x10,0x22,0x11,0x41,0x19,0x81,0x19,0xe1,0x21,0x22,0x2a,0xe2,0x29,
    0x81,0x19,0x01,0x11,0x21,0x19,0x21,0x11,0x21,0x19,0xc1,0x08,0xa1,0x08,0x05,0x42,0x83,0x29,0xe6,0x31,0x0b,0x5b,0x84,0x21,
    0xa1,0x08,0xa1,0x08,0xa1,0x10,0x61,0x08,0x81,0x08,0x02,0x19,0x84,0x21,0x84,0x29,0x63,0x29,0x43,0x19,0xc1,0x10,0xa0,0x08,
    0xc1,0x08,0xa1,0x10,0xc1,0x10,0xc1,0x08,0xe1,0x10,0xe1,0x10,0xe1,0x10,0xa0,0x08,0x61,0x19,0x63,0x2a,0xc3,0x32,0xe3,0x42,
    0x43,0x4b,0x62,0x32,0xc0,0x19,0x81,0x19,0x00,0x11,0x80,0x08,0x23,0x11,0xaa,0x52,0xaa,0x5a,0x23,0x19,0xa0,0x08,0x01,0x11,
    0xa1,0x21,0x21,0x11,0xa1,0x08,0xa1,0x18,0xa2,0x18,0xa2,0x10,0xa1,0x10,0xa2,0x18,0x82,0x21,0xe1,0x10,0x61,0x19,0xa1,0x19,
    0x21,0x11,0xe1,0x10,0x22,0x11,0x42,0x19,0x42,0x19,0x62,0x19,0x63,0x19,0x82,0x19,0x63,0x19,0x02,0x11,0xc2,0x10,0xc2,0x10,
    0x81,0x08,0x81,0x08,0x81,0x08,0x81,0x08,0xc1,0x10,0xe1,0x10,0x22,0x19,0x62,0x21,0x42,0x19,0xa1,0x10,0x20,0x00,0x82,0x10,
    0xe3,0x18,0xe3,0x18,0xe4,0x18,0xe3,0x18,0xe3,0x10,0xa2,0x10,0x61,0x08,0x60,0x08,0x61,0x08,0x60,0x08,0x61,0x08,0x61,0x08,
    0x41,0x00,0xc1,0x10,0x82,0x21,0x62,0x21,0x02,0x19,0x03,0x11,0x03,0x11,0x03,0x19,0x02,0x11,0x01,0x11,0xc2,0x29,0x04,0x43,
    0x87,0x63,0xc8,0x6b,0xa5,0x53,0x84,0x43,0x63,0x4b,0xe4,0x3a,0xa3,0x21,0x22,0x19,0xc1,0x08,0xe2,0x18,0x68,0x62,0xe9,0x7a,
    0x88,0x6a,0x27,0x5a,0x27,0x5a,0x47,0x5a,0x27,0x5a,0x88,0x6a,0xe9,0x7a,0x47,0x62,0xa5,0x49,0x85,0x49,0x44,0x39,0x24,0x39,
    0x03,0x29,0x04,0x31,0x24,0x31,0x44,0x39,0x44,0x39,0xa6,0x51,0x27,0x5a,0x89,0x6a,0x2b,0x83,0xad,0x93,0xee,0x9b,0x2f,0xa4,
    0x2f,0xa4,0xee,0x9b,0xee,0x93,0xee,0x9b,0x30,0x9c,0xb1,0xac,0xf2,0xb4,0xd1,0xac,0x91,0xa4,0x50,0xa4,0x8d,0x8b,0xca,0x7a,
    0xe6,0x59,0xc2,0x30,0x03,0x31,0x64,0x39,0x44,0x39,0x44,0x31,0x85,0x39,0x22,0x21,0xe1,0x10,0xe1,0x10,0x22,0x11,0x61,0x21,
    0x61,0x19,0xc2,0x29,0xc2,0x29,0x01,0x19,0x61,0x08,0x40,0x00,0x80,0x08,0x01,0x19,0x21,0x19,0xa0,0x10,0x60,0x08,0x02,0x19,
    0xe2,0x10,0xa2,0x08,0x44,0x21,0xe2,0x10,0x81,0x08,0x81,0x08,0x81,0x08,0x60,0x08,0xa2,0x10,0xe3,0x18,0x02,0x19,0x22,0x21,
    0x41,0x19,0xe1,0x10,0xa1,0x08,0xa0,0x08,0xc1,0x08,0xa1,0x08,0xc1,0x08,0x01,0x19,0x21,0x11,0x21,0x11,0x21,0x11,0xe0,0x10,
    0xc1,0x21,0xa2,0x32,0x82,0x2a,0x62,0x2a,0x81,0x2a,0x01,0x22,0x81,0x19,0x20,0x11,0x01,0x11,0x21,0x19,0xc1,0x08,0x69,0x42,
    0x4d,0x6b,0x64,0x21,0xa0,0x08,0xe1,0x10,0x61,0x19,0x41,0x21,0x21,0x19,0x01,0x19,0xa2,0x18,0xc1,0x10,0x01,0x19,0x62,0x21,
    0xa1,0x21,0x41,0x11,0xa1,0x21,0xe2,0x21,0x01,0x11,0xc1,0x08,0x01,0x11,0x42,0x19,0x42,0x19,0x83,0x19,0x83,0x21,0xc4,0x21,
    0xc4,0x29,0x84,0x21,0xe3,0x10,0xc2,0x10,0x81,0x08,0x81,0x08,0x81,0x08,0x81,0x08,0xc1,0x10,0xe1,0x10,0x22,0x19,0x42,0x19,
    0x01,0x11,0x61,0x08,0x20,0x00,0x41,0x08,0xa2,0x10,0xe4,0x18,0x03,0x19,0xe3,0x18,0xc3,0x18,0xa2,0x10,0x40,0x08,0x61,0x08,
    0x60,0x08,0x81,0x08,0xa1,0x08,0x61,0x08,0x02,0x19,0xc4,0x4a,0x04,0x53,0xe1,0x29,0xe1,0x10,0xc1,0x10,0xe1,0x10,0x02,0x11,
    0x21,0x19,0x61,0x19,0x83,0x3a,0xa7,0x63,0xc7,0x5b,0x84,0x4b,0x63,0x43,0x03,0x3b,0x44,0x32,0x62,0x19,0xe2,0x10,0xa1,0x08,
    0xa2,0x10,0x67,0x62,0xe9,0x7a,0x88,0x6a,0x67,0x62,0x68,0x6a,0x27,0x62,0x07,0x5a,0xa8,0x72,0xe9,0x7a,0x47,0x62,0xc5,0x51,
    0xa6,0x49,0x44,0x39,0xe3,0x30,0xe2,0x28,0xe3,0x28,0x44,0x39,0x65,0x49,0xe6,0x59,0x68,0x6a,0x2b,0x83,0x0e,0x9c,0x90,0xac,
    0xd1,0xbc,0x33,0xbd,0x33,0xc5,0x53,0xc5,0x33,0xbd,0x33,0xbd,0x33,0xbd,0x13,0xbd,0x13,0xbd,0x54,0xbd,0x34,0xb5,0x13,0xb5,
    0x13,0xb5,0xf2,0xb4,0xb1,0xac,0x2f,0xa4,0x6c,0x8b,0x47,0x62,0x24,0x39,0x44,0x39,0x65,0x41,0x65,0x39,0x65,0x39,0x84,0x31,
    0x02,0x19,0x01,0x11,0xc2,0x29,0x22,0x32,0xc1,0x29,0x61,0x29,0x42,0x21,0x21,0x19,0xc1,0x10,0xa2,0x10,0x61,0x08,0xc0,0x10,
    0x21,0x19,0xa0,0x08,0x41,0x00,0x60,0x00,0x81,0x08,0xa1,0x08,0xc2,0x10,0xe2,0x10,0xc1,0x10,0xc1,0x10,0xa1,0x08,0x61,0x08,
    0xa1,0x10,0xa3,0x10,0x81,0x08,0xc2,0x10,0xe1,0x10,0x01,0x19,0x01,0x11,0xe2,0x10,0x02,0x19,0xc2,0x10,0x01,0x11,0x62,0x19,
    0x41,0x19,0x41,0x11,0x21,0x11,0x01,0x11,0xc1,0x21,0xa2,0x2a,0x82,0x2a,0x82,0x2a,0x81,0x32,0xe1,0x21,0x60,0x19,0xe1,0x08,
    0x02,0x19,0x03,0x32,0x63,0x3a,0xc7,0x42,0x2c,0x6b,0xc5,0x31,0xa0,0x08,0xa1,0x08,0xc1,0x10,0xe0,0x10,0x41,0x19,0x61,0x21,
    0x21,0x19,0x20,0x11,0x41,0x19,0xc1,0x21,0x41,0x19,0x81,0x21,0xe1,0x21,0x03,0x2a,0x22,0x19,0xc1,0x08,0x02,0x19,0x02,0x11,
    0x22,0x19,0x42,0x19,0x62,0x19,0x83,0x19,0xe5,0x29,0xc5,0x21,0x02,0x11,0x81,0x08,0x80,0x08,0x80,0x08,0x81,0x08,0xa1,0x10,
    0x21,0x19,0x42,0x19,0x01,0x11,0xe2,0x10,0xa1,0x10,0xa1,0x08,0xc1,0x08,0xa1,0x08,0xa1,0x10,0xc3,0x18,0xc3,0x10,0xc2,0x10,
    0xe2,0x10,0xa1,0x08,0x80,0x08,0x60,0x08,0x01,0x11,0x22,0x19,0x21,0x19,0x00,0x11,0x03,0x32,0xc8,0x6b,0x86,0x5b,0x42,0x32,
    0x82,0x21,0x01,0x11,0xe1,0x10,0xe1,0x10,0x83,0x21,0x03,0x2a,0xa3,0x3a,0x23,0x43,0x23,0x3b,0xc2,0x3a,0x43,0x2a,0x82,0x21,
    0x01,0x11,0x01,0x11,0xc1,0x10,0xa1,0x18,0x47,0x62,0xc8,0x72,0x88,0x6a,0x87,0x6a,0x68,0x6a,0x47,0x62,0x47,0x5a,0xc9,0x7a,
    0xe9,0x7a,0x87,0x72,0x06,0x5a,0xe6,0x51,0x24,0x39,0xa2,0x20,0xa2,0x18,0xc2,0x28,0x45,0x41,0x27,0x62,0x0a,0x7b,0xad,0x93,
    0x6f,0xac,0x12,0xbd,0x74,0xcd,0x94,0xcd,0xb5,0xd5,0xb4,0xcd,0xb5,0xcd,0x94,0xcd,0x94,0xcd,0x95,0xcd,0xb5,0xc5,0x94,0xc5,
    0x75,0xc5,0x74,0xbd,0x74,0xc5,0x74,0xbd,0x54,0xbd,0x54,0xbd,0x13,0xb5,0xf3,0xb4,0x91,0xa4,0xce,0x93,0xa9,0x72,0x85,0x49,
    0x64,0x41,0x64,0x39,0x65,0x39,0x85,0x41,0x43,0x29,0x02,0x19,0x23,0x32,0x23,0x53,0x02,0x32,0xa1,0x10,0xa1,0x10,0x42,0x21,
    0x02,0x19,0x02,0x19,0x02,0x19,0xe1,0x10,0xe1,0x31,0xc2,0x29,0x41,0x21,0xc0,0x08,0x80,0x08,0xe1,0x10,0xe1,0x10,0xe1,0x10,
    0xe1,0x10,0xe1,0x10,0xc1,0x10,0xc1,0x18,0x01,0x19,0x22,0x19,0xc2,0x10,0x61,0x08,0x80,0x08,0xa1,0x10,0x01,0x11,0x42,0x21,
    0x43,0x19,0x02,0x11,0x22,0x11,0x63,0x19,0x41,0x19,0x21,0x11,0x21,0x11,0x01,0x11,0x41,0x11,0x63,0x32,0xc3,0x32,0xe2,0x32,
    0x82,0x32,0xe1,0x21,0xe1,0x10,0xe0,0x08,0x63,0x21,0x24,0x32,0xc7,0x63,0x2b,0x7c,0x6d,0x63,0x28,0x42,0xc1,0x08,0xa0,0x08,
    0x81,0x08,0xa1,0x10,0xe1,0x10,0x00,0x19,0x01,0x19,0x40,0x19,0x81,0x19,0x80,0x19,0xa1,0x10,0x01,0x11,0xa2,0x21,0xa3,0x21,
    0xc2,0x10,0x80,0x08,0xc1,0x08,0xc1,0x10,0xa1,0x08,0xc1,0x08,0x02,0x11,0x01,0x11,0x63,0x19,0x84,0x21,0x02,0x11,0x81,0x08,
    0x81,0x08,0xa1,0x08,0xa1,0x08,0x42,0x21,0x83,0x42,0x62,0x32,0xe3,0x29,0xe0,0x10,0xa1,0x08,0x22,0x19,0x63,0x19,0x63,0x19,
    0x02,0x11,0xe1,0x10,0xa1,0x10,0xc1,0x10,0x21,0x19,0x01,0x11,0xc0,0x10,0x22,0x19,0x03,0x32,0xc2,0x21,0x61,0x19,0x20,0x11,
    0x81,0x19,0x43,0x3a,0xa4,0x42,0x26,0x53,0xa6,0x42,0x42,0x11,0x02,0x11,0x83,0x19,0x65,0x42,0x64,0x3a,0x01,0x2a,0x22,0x22,
    0x42,0x2a,0x03,0x32,0x42,0x11,0xa1,0x08,0xc1,0x10,0x02,0x19,0x02,0x21,0x47,0x5a,0xc8,0x72,0x68,0x6a,0xa8,0x72,0x68,0x6a,
    0x47,0x62,0x27,0x62,0xc8,0x7a,0xa8,0x72,0x27,0x62,0x88,0x72,0x68,0x62,0x85,0x49,0xe3,0x28,0xc2,0x28,0x44,0x39,0x07,0x5a,
    0x0a,0x7b,0x0e,0x9c,0xd1,0xb4,0x53,0xc5,0xb5,0xcd,0xd5,0xd5,0xf6,0xd5,0xf5,0xdd,0xd5,0xd5,0xd6,0xd5,0xb5,0xd5,0xd5,0xd5,
    0xb5,0xcd,0x95,0xc5,0xb5,0xcd,0xb5,0xc5,0x95,0xc5,0x95,0xc5,0x95,0xc5,0x75,0xc5,0x54,0xc5,0x95,0xc5,0x75,0xbd,0x54,0xbd,
    0x33,0xbd,0xd2,0xac,0x2f,0xa4,0xea,0x72,0x85,0x51,0x64,0x41,0x85,0x41,0x65,0x39,0x44,0x31,0xe3,0x20,0xe2,0x31,0x63,0x53,
    0x42,0x32,0xe1,0x18,0x43,0x29,0x02,0x19,0xa1,0x08,0x22,0x19,0xa5,0x4a,0x25,0x53,0x64,0x5b,0x64,0x5b,0x86,0x63,0xc8,0x6b,
    0x24,0x32,0xc1,0x08,0xe2,0x10,0xe1,0x10,0xe2,0x10,0x02,0x11,0xa1,0x10,0xc1,0x10,0x62,0x21,0xc3,0x31,0xa4,0x31,0x02,0x19,
    0x61,0x08,0x81,0x10,0x42,0x19,0xe2,0x29,0x82,0x21,0x22,0x19,0x22,0x19,0x62,0x19,0x41,0x11,0x21,0x11,0x21,0x11,0x01,0x11,
    0x01,0x11,0xc2,0x21,0xc5,0x3a,0x65,0x53,0x83,0x32,0x41,0x11,0xc0,0x08,0x02,0x11,0xc4,0x29,0x64,0x3a,0xa5,0x3a,0x0a,0x6c,
    0x6c,0x84,0x2b,0x63,0x22,0x19,0x80,0x08,0xa1,0x10,0xa0,0x10,0x81,0x10,0x81,0x10,0x81,0x08,0xc1,0x10,0x00,0x11,0x21,0x11,
    0x81,0x08,0x61,0x08,0xa1,0x08,0x02,0x11,0xa1,0x10,0x80,0x08,0xa0,0x08,0x80,0x08,0xa1,0x08,0xa1,0x10,0xa0,0x08,0x81,0x08,
    0xc1,0x08,0x02,0x11,0xe2,0x10,0x81,0x08,0xa1,0x08,0xc2,0x10,0xe2,0x10,0xa4,0x42,0xe7,0x6b,0x65,0x4b,0x66,0x63,0xc4,0x29,
    0xa0,0x08,0x42,0x19,0x62,0x19,0x83,0x19,0x63,0x19,0x01,0x11,0xc1,0x10,0xa1,0x10,0xe2,0x10,0xe1,0x10,0x21,0x11,0x02,0x32,
    0xa4,0x42,0x63,0x3a,0x81,0x19,0x00,0x11,0xe1,0x10,0x01,0x11,0x82,0x21,0x28,0x53,0x28,0x5b,0x83,0x19,0xc2,0x29,0x62,0x2a,
    0x82,0x2a,0x02,0x2a,0xa2,0x21,0x24,0x32,0x23,0x32,0x86,0x52,0x46,0x42,0x03,0x19,0xa1,0x10,0x81,0x08,0x05,0x52,0xe9,0x7a,
    0x88,0x72,0xe9,0x7a,0x68,0x6a,0x68,0x6a,0x48,0x6a,0xc9,0x72,0xc8,0x7a,0x06,0x5a,0xa8,0x72,0xe9,0x7a,0x06,0x5a,0x03,0x31,
    0x24,0x31,0x85,0x49,0x48,0x6a,0x8c,0x93,0x70,0xac,0x33,0xc5,0x74,0xcd,0xb5,0xd5,0x16,0xde,0x16,0xde,0x16,0xde,0x16,0xde,
    0x16,0xde,0xf6,0xdd,0xd6,0xd5,0xd6,0xd5,0xb6,0xcd,0xb5,0xcd,0xb6,0xcd,0xb6,0xcd,0xb5,0xcd,0x95,0xc5,0x95,0xc5,0x95,0xc5,
    0x95,0xc5,0x95,0xc5,0x75,0xc5,0x75,0xbd,0x55,0xbd,0x54,0xbd,0xf2,0xb4,0x30,0x9c,0x88,0x6a,0x85,0x51,0x64,0x39,0x85,0x41,
    0x45,0x31,0x24,0x29,0x03,0x3a,0xa4,0x5b,0x27,0x7c,0xe5,0x52,0xa3,0x29,0x22,0x19,0xa1,0x10,0x02,0x19,0x44,0x3a,0x25,0x53,
    0x03,0x4b,0x03,0x43,0x05,0x43,0xed,0x8c,0x31,0xad,0x86,0x42,0xe1,0x10,0x23,0x19,0x23,0x19,0x22,0x19,0x01,0x11,0xa1,0x10,
    0x22,0x19,0x22,0x21,0x22,0x19,0xe2,0x18,0x40,0x08,0xc1,0x10,0x82,0x29,0xe3,0x31,0xa3,0x31,0x21,0x19,0x22,0x19,0x61,0x19,
    0x41,0x11,0x21,0x19,0x01,0x11,0x00,0x11,0x41,0x19,0x63,0x19,0x03,0x22,0x26,0x53,0x23,0x2a,0xe1,0x10,0x22,0x11,0x22,0x19,
    0x03,0x2a,0x47,0x5b,0xa3,0x21,0xa3,0x19,0x29,0x53,0x8c,0x73,0xa5,0x29,0xa0,0x08,0xa1,0x10,0xa2,0x10,0x82,0x10,0x81,0x10,
    0x40,0x08,0x61,0x08,0x61,0x08,0x80,0x10,0x81,0x08,0x81,0x08,0x60,0x08,0xa1,0x10,0xe2,0x18,0xc1,0x10,0xa1,0x08,0xa1,0x10,
    0xe2,0x10,0xe1,0x10,0xa1,0x10,0x81,0x08,0xa0,0x08,0xa1,0x08,0xa1,0x08,0x80,0x08,0xa1,0x08,0xc2,0x10,0xe2,0x10,0x64,0x42,
    0x4a,0x7c,0x6b,0x84,0x48,0x5b,0x83,0x29,0xa1,0x08,0x21,0x11,0x62,0x19,0x62,0x19,0x62,0x19,0x42,0x11,0xe0,0x10,0x80,0x08,
    0x81,0x08,0xc0,0x10,0xa2,0x21,0x84,0x42,0xe4,0x4a,0xc3,0x3a,0xc2,0x21,0x20,0x11,0x00,0x11,0xe1,0x10,0xe1,0x08,0x05,0x32,
    0x45,0x3a,0xa3,0x21,0x04,0x53,0xe2,0x3a,0x40,0x22,0xe0,0x19,0x02,0x2a,0xa4,0x42,0x03,0x3a,0x46,0x42,0x68,0x4a,0x43,0x19,
    0x40,0x00,0x43,0x31,0xc9,0x7a,0x87,0x6a,0xc9,0x7a,0x87,0x6a,0x47,0x6a,0x67,0x6a,0xc9,0x7a,0xc8,0x7a,0x06,0x5a,0x47,0x6a,
    0xe9,0x7a,0xc9,0x72,0x44,0x41,0x65,0x41,0x65,0x49,0x68,0x62,0x8c,0x93,0x91,0xac,0x53,0xc5,0x94,0xcd,0xd5,0xd5,0x16,0xde,
    0x16,0xde,0x16,0xde,0x16,0xde,0x17,0xde,0x16,0xde,0xf6,0xd5,0xf6,0xd5,0xb5,0xd5,0xd6,0xcd,0xb6,0xcd,0xd6,0xcd,0xb5,0xc5,
    0xb6,0xcd,0xb5,0xc5,0xb5,0xc5,0x95,0xc5,0xb6,0xc5,0x95,0xc5,0x95,0xc5,0x95,0xc5,0x95,0xc5,0x75,0xbd,0x34,0xbd,0xd2,0xac,
    0xce,0x93,0x27,0x62,0x64,0x41,0x65,0x41,0x64,0x39,0x04,0x29,0x64,0x29,0xc3,0x42,0xa6,0x5b,0xe5,0x4a,0x01,0x11,0xe1,0x10,
    0x21,0x19,0x62,0x21,0x62,0x21,0x02,0x2a,0x44,0x53,0xe3,0x42,0xc3,0x21,0xe4,0x21,0x49,0x53,0xc8,0x4a,0x42,0x11,0x43,0x19,
    0x22,0x19,0x02,0x11,0x83,0x29,0x02,0x19,0xa2,0x10,0xe2,0x18,0xc1,0x10,0x81,0x08,0x20,0x00,0xe2,0x18,0xe4,0x39,0x42,0x19,
    0x22,0x19,0x01,0x11,0x02,0x11,0x01,0x11,0xc1,0x10,0xa0,0x08,0x80,0x08,0x81,0x08,0xe1,0x10,0xa4,0x21,0x83,0x19,0xe3,0x21,
    0xc3,0x21,0x62,0x21,0x63,0x19,0x41,0x19,0x82,0x19,0x84,0x3a,0x63,0x21,0xc2,0x08,0x44,0x21,0x49,0x4a,0xc6,0x31,0xc1,0x10,
    0xe2,0x18,0x02,0x19,0xc1,0x10,0xa1,0x10,0x61,0x08,0x40,0x08,0x41,0x08,0x41,0x08,0x80,0x08,0x81,0x08,0x60,0x08,0x61,0x08,
    0xa2,0x10,0x02,0x19,0xe2,0x18,0xa1,0x08,0xe2,0x18,0xe2,0x10,0xa0,0x08,0x80,0x08,0xa1,0x08,0xa1,0x10,0xa0,0x08,0xa1,0x08,
    0x81,0x08,0x81,0x08,0xa2,0x10,0x22,0x11,0x44,0x32,0x28,0x5b,0x24,0x2a,0x01,0x11,0x21,0x11,0x42,0x11,0x42,0x19,0x62,0x19,
    0x42,0x19,0x42,0x11,0x01,0x11,0xa1,0x08,0x60,0x08,0xc1,0x10,0xe2,0x29,0xa4,0x42,0xa4,0x3a,0x21,0x2a,0x41,0x19,0x01,0x11,
    0x01,0x11,0x00,0x11,0xc1,0x10,0x02,0x11,0x23,0x19,0x42,0x19,0x04,0x4b,0x03,0x43,0x21,0x22,0x00,0x22,0x01,0x22,0x61,0x22,
    0x22,0x2a,0x84,0x21,0x43,0x21,0xc2,0x10,0xe2,0x18,0x87,0x72,0x67,0x72,0xc8,0x72,0xc9,0x72,0x67,0x6a,0x88,0x6a,0xe9,0x82,
    0xe8,0x7a,0x06,0x5a,0x06,0x62,0xa8,0x72,0xa9,0x72,0x47,0x6a,0xc5,0x49,0x85,0x41,0xe6,0x51,0x4c,0x8b,0x70,0xac,0x33,0xc5,
    0xb5,0xcd,0xf6,0xdd,0x16,0xde,0x37,0xde,0x37,0xe6,0x37,0xde,0x36,0xe6,0x17,0xde,0x16,0xde,0xf6,0xd5,0xd6,0xd5,0xd5,0xd5,
    0xb5,0xcd,0xd6,0xcd,0xd5,0xcd,0xb6,0xcd,0xb6,0xcd,0xb5,0xc5,0x96,0xc5,0x95,0xc5,0x95,0xc5,0x95,0xc5,0x95,0xc5,0x95,0xc5,
    0x95,0xc5,0x75,0xc5,0x75,0xbd,0x34,0xbd,0xb2,0xac,0x2b,0x7b,0x85,0x49,0x85,0x41,0x85,0x41,0x24,0x31,0x04,0x29,0x83,0x31,
    0x43,0x3a,0x61,0x21,0x60,0x08,0xa1,0x10,0x62,0x21,0x62,0x3a,0xc2,0x29,0xa2,0x19,0x86,0x5b,0xa6,0x6b,0xa3,0x21,0x22,0x11,
    0x42,0x11,0x62,0x11,0x63,0x21,0x62,0x19,0xe2,0x10,0x81,0x08,0x84,0x29,0x84,0x31,0x81,0x08,0x81,0x08,0x21,0x21,0xc1,0x10,
    0x20,0x00,0xa2,0x10,0x83,0x29,0x02,0x11,0xe3,0x10,0xe2,0x10,0xc1,0x10,0x81,0x08,0x60,0x08,0x61,0x08,0x60,0x08,0x60,0x08,
    0x80,0x08,0x43,0x19,0xc4,0x21,0xc4,0x29,0x05,0x32,0xa3,0x29,0x63,0x19,0x62,0x19,0x41,0x11,0x62,0x19,0xe1,0x10,0xa1,0x08,
    0xc2,0x10,0x44,0x21,0x43,0x21,0x22,0x19,0x62,0x21,0x62,0x21,0xe1,0x10,0xa1,0x10,0x61,0x08,0x41,0x08,0x40,0x08,0x60,0x08,
    0x61,0x08,0x40,0x00,0x40,0x00,0x81,0x08,0xa0,0x08,0x82,0x29,0x82,0x29,0xa1,0x08,0xa1,0x10,0xe1,0x10,0xc1,0x10,0xa1,0x10,
    0xa0,0x08,0xa1,0x08,0xa0,0x08,0x81,0x08,0x80,0x08,0x81,0x08,0xa1,0x10,0xe1,0x10,0x01,0x11,0x21,0x11,0x41,0x11,0x42,0x19,
    0x62,0x19,0x62,0x19,0x21,0x11,0x22,0x11,0x82,0x21,0xc2,0x21,0xa2,0x21,0x41,0x19,0x80,0x08,0xc1,0x10,0xc2,0x29,0x62,0x32,
    0x01,0x22,0x61,0x19,0x21,0x19,0x01,0x19,0xe1,0x10,0x01,0x11,0xe0,0x10,0xc1,0x08,0x81,0x08,0x01,0x11,0xa3,0x42,0xa3,0x3a,
    0x41,0x2a,0x21,0x22,0x20,0x22,0x61,0x22,0x61,0x2a,0xa1,0x21,0xc2,0x10,0x81,0x08,0x67,0x62,0xa8,0x7a,0xc8,0x72,0xc9,0x7a,
    0x88,0x72,0xa8,0x72,0x4a,0x8b,0xe9,0x82,0x06,0x5a,0xe6,0x59,0x68,0x6a,0xa8,0x6a,0x67,0x6a,0x47,0x6a,0x07,0x5a,0x64,0x49,
    0x89,0x72,0x0f,0xa4,0x12,0xbd,0x94,0xcd,0xf6,0xdd,0x16,0xde,0x37,0xe6,0x57,0xe6,0x57,0xe6,0x37,0xe6,0x16,0xde,0x16,0xde,
    0x16,0xde,0xf6,0xd5,0xb5,0xd5,0xd6,0xd5,0xb6,0xcd,0xb5,0xcd,0xb6,0xcd,0xb5,0xc5,0xb5,0xc5,0x95,0xcd,0xb6,0xc5,0x95,0xc5,
    0x96,0xc5,0x95,0xc5,0x95,0xc5,0x96,0xbd,0x95,0xc5,0x96,0xbd,0x75,0xbd,0x54,0xbd,0xf3,0xb4,0x0f,0x9c,0xe6,0x59,0x65,0x41,
    0x85,0x41,0x44,0x39,0x04,0x29,0x04,0x29,0xa3,0x31,0x63,0x29,0xa1,0x10,0x80,0x10,0x03,0x32,0x46,0x5b,0x63,0x3a,0x01,0x09,
    0x47,0x53,0xcc,0x8c,0xa2,0x19,0x22,0x19,0x83,0x19,0x62,0x19,0x83,0x19,0x62,0x19,0xc2,0x08,0x20,0x00,0xc2,0x10,0x23,0x21,
    0x61,0x10,0x61,0x08,0xc1,0x10,0x81,0x10,0x20,0x00,0x40,0x08,0xa2,0x08,0xe2,0x18,0x23,0x19,0x02,0x19,0xe3,0x10,0xa2,0x10,
    0x60,0x08,0x40,0x00,0x60,0x08,0xa1,0x08,0xe0,0x10,0x21,0x11,0xe5,0x29,0xe4,0x31,0xa4,0x29,0x62,0x19,0x62,0x19,0x62,0x21,
    0x62,0x19,0x42,0x19,0xe2,0x10,0xe2,0x10,0x03,0x19,0xe2,0x10,0xc1,0x10,0x02,0x19,0x42,0x21,0x21,0x11,0xc1,0x08,0x81,0x08,
    0x40,0x08,0x40,0x00,0x41,0x08,0x61,0x08,0x40,0x00,0xa1,0x08,0xa2,0x29,0xe3,0x31,0xe2,0x29,0x04,0x53,0x42,0x32,0x00,0x11,
    0xa0,0x08,0xc1,0x10,0xa0,0x08,0xc1,0x08,0xa0,0x08,0xa0,0x08,0xa1,0x08,0xc0,0x10,0x01,0x11,0xe1,0x10,0xa1,0x10,0xc1,0x08,
    0x21,0x19,0x42,0x19,0x22,0x11,0x62,0x19,0xa2,0x21,0xa3,0x21,0x22,0x11,0xe1,0x10,0xc2,0x29,0x43,0x3a,0xa2,0x3a,0x22,0x32,
    0xc0,0x10,0xc0,0x08,0x81,0x21,0xc1,0x21,0x60,0x19,0x21,0x11,0x41,0x21,0xe1,0x10,0xa0,0x08,0xe1,0x10,0xe1,0x10,0xc1,0x10,
    0x40,0x00,0x02,0x19,0xe4,0x5a,0x02,0x32,0x02,0x22,0x40,0x22,0x61,0x22,0x81,0x2a,0x80,0x2a,0x01,0x22,0x01,0x11,0xc4,0x41,
    0xa8,0x7a,0x88,0x72,0x09,0x83,0x88,0x72,0xa8,0x72,0x2a,0x8b,0x09,0x8b,0x67,0x6a,0x06,0x62,0x27,0x62,0xc9,0x7a,0x47,0x6a,
    0x47,0x6a,0x88,0x72,0x85,0x49,0xa6,0x51,0x8c,0x93,0xd1,0xb4,0x74,0xcd,0xd6,0xd5,0x16,0xde,0x16,0xde,0x57,0xe6,0x57,0xe6,
    0x37,0xde,0x36,0xde,0x17,0xde,0x16,0xde,0xf6,0xd5,0xd6,0xd5,0xb5,0xd5,0xb5,0xcd,0xb5,0xcd,0xb5,0xcd,0xb5,0xcd,0x95,0xc5,
    0x95,0xc5,0x96,0xc5,0x95,0xc5,0x96,0xc5,0x95,0xbd,0x95,0xc5,0xb6,0xc5,0xb6,0xc5,0x96,0xc5,0x95,0xc5,0x75,0xbd,0x55,0xbd,
    0x13,0xb5,0x91,0xa4,0x89,0x6a,0x64,0x41,0x85,0x41,0x85,0x41,0x24,0x29,0x04,0x29,0x63,0x31,0x63,0x29,0xc1,0x18,0x81,0x10,
    0x42,0x21,0xc5,0x4a,0x85,0x4a,0x21,0x11,0x65,0x3a,0x0a,0x7c,0xc3,0x19,0x21,0x11,0x42,0x19,0x83,0x19,0x83,0x21,0x83,0x19,
    0xc1,0x10,0x20,0x00,0x40,0x08,0x61,0x08,0x41,0x08,0x40,0x00,0x41,0x08,0x41,0x08,0x20,0x08,0x41,0x08,0x61,0x08,0xa2,0x10,
    0x22,0x11,0x23,0x19,0x03,0x19,0xa1,0x08,0x41,0x08,0x40,0x00,0x20,0x00,0x80,0x10,0x21,0x19,0x01,0x11,0xa3,0x29,0xc3,0x21,
    0x82,0x21,0x61,0x11,0x41,0x11,0x83,0x21,0xc4,0x21,0x62,0x21,0xe2,0x10,0x03,0x11,0x23,0x19,0x03,0x19,0xc2,0x10,0xa1,0x08,
    0xa0,0x08,0x81,0x08,0x80,0x08,0x60,0x08,0x41,0x08,0x61,0x08,0x80,0x08,0x80,0x08,0x63,0x21,0x84,0x4a,0xeb,0x7b,0xea,0x73,
    0xe8,0x6b,0x09,0x74,0x05,0x43,0x23,0x32,0xe1,0x10,0x80,0x08,0xc1,0x08,0xc0,0x08,0xc1,0x10,0xe0,0x10,0xe1,0x08,0x21,0x19,
    0xa4,0x21,0x43,0x19,0xa1,0x10,0xa0,0x08,0xc1,0x10,0xe2,0x10,0x22,0x19,0x42,0x11,0xc3,0x21,0xe4,0x29,0xe1,0x10,0x61,0x08,
    0xe1,0x10,0xa2,0x21,0xe4,0x4a,0x62,0x32,0x21,0x11,0x00,0x11,0x40,0x11,0x00,0x11,0xe0,0x10,0x21,0x11,0x40,0x19,0x21,0x19,
    0xe1,0x10,0xc1,0x08,0x21,0x19,0x21,0x21,0xa0,0x10,0xe1,0x10,0xe3,0x31,0x22,0x19,0x82,0x21,0x62,0x2a,0x61,0x2a,0xa1,0x2a,
    0x62,0x2a,0x81,0x19,0xa2,0x31,0xa7,0x7a,0xa8,0x72,0x09,0x83,0xc8,0x7a,0x88,0x72,0x29,0x93,0x28,0x8b,0x67,0x6a,0x47,0x6a,
    0x27,0x5a,0xa8,0x72,0xc9,0x72,0x27,0x62,0x67,0x72,0xc9,0x7a,0x23,0x39,0x48,0x6a,0x2f,0xa4,0x33,0xc5,0xb5,0xcd,0xf5,0xd5,
    0xf6,0xdd,0x37,0xe6,0x57,0xe6,0x57,0xe6,0x16,0xe6,0x16,0xde,0x16,0xde,0xd6,0xdd,0xd5,0xd5,0xb5,0xcd,0x94,0xcd,0xb5,0xd5,
    0x95,0xcd,0x75,0xc5,0x95,0xcd,0x75,0xc5,0x95,0xc5,0x95,0xc5,0x96,0xc5,0x95,0xbd,0x95,0xc5,0x96,0xbd,0x95,0xc5,0xb6,0xbd,
    0x95,0xc5,0x96,0xbd,0x95,0xc5,0x75,0xbd,0x34,0xb5,0xd2,0xac,0x2b,0x83,0x85,0x49,0xa5,0x49,0xa5,0x41,0x65,0x39,0xe3,0x28,
    0x24,0x29,0x63,0x31,0xc1,0x18,0x81,0x10,0x81,0x10,0x21,0x19,0x83,0x29,0x62,0x21,0x21,0x11,0xc2,0x21,0x05,0x32,0xc3,0x29,
    0x42,0x11,0x62,0x19,0xa3,0x21,0xa3,0x21,0xc1,0x08,0x21,0x08,0x60,0x08,0x40,0x00,0x20,0x00,0x00,0x00,0x20,0x00,0x20,0x08,
    0x41,0x08,0x40,0x08,0x61,0x08,0xa1,0x10,0x22,0x19,0x43,0x19,0xe3,0x18,0x61,0x08,0x80,0x08,0xa1,0x10,0x41,0x08,0x20,0x00,
    0xc1,0x10,0x21,0x11,0x41,0x19,0x41,0x19,0xc2,0x29,0xe3,0x31,0xa3,0x21,0x83,0x19,0x05,0x32,0xa4,0x29,0xa1,0x08,0xa2,0x10,
    0x23,0x19,0x44,0x19,0x03,0x19,0xa1,0x08,0x80,0x08,0x81,0x08,0x80,0x08,0x80,0x08,0x60,0x08,0xa1,0x08,0xe1,0x10,0x42,0x19,
    0x68,0x6b,0x67,0x63,0xaa,0x6b,0xcb,0x6b,0x2b,0x7c,0xeb,0x6b,0x6a,0x6b,0x48,0x63,0x42,0x19,0x80,0x08,0xe1,0x10,0xc1,0x10,
    0xc0,0x08,0xa1,0x08,0xc1,0x10,0x01,0x11,0x63,0x19,0x42,0x19,0xa1,0x08,0xc1,0x10,0xe2,0x18,0xe2,0x18,0xc2,0x18,0x02,0x19,
    0x83,0x19,0x84,0x19,0xa1,0x08,0x61,0x08,0x61,0x00,0x02,0x19,0xc5,0x4a,0x22,0x2a,0x60,0x19,0xa0,0x19,0xa1,0x21,0x41,0x19,
    0xa1,0x10,0xe0,0x10,0x41,0x19,0x41,0x21,0x62,0x21,0x21,0x21,0x61,0x39,0x60,0x31,0xe1,0x20,0xc0,0x10,0xe1,0x10,0xe1,0x10,
    0x63,0x19,0x42,0x2a,0xc3,0x2a,0xa4,0x32,0x65,0x32,0xa3,0x21,0x67,0x5a,0xe8,0x82,0xc8,0x7a,0xe8,0x82,0xa8,0x7a,0x29,0x93,
    0x08,0x8b,0x67,0x72,0x67,0x72,0x47,0x6a,0x88,0x6a,0x09,0x83,0x88,0x72,0xa5,0x51,0xa8,0x7a,0xa8,0x72,0x03,0x39,0xea,0x82,
    0x6f,0xac,0x74,0xcd,0xd5,0xdd,0xf6,0xdd,0x16,0xde,0x37,0xe6,0x57,0xe6,0x37,0xde,0x16,0xde,0xf6,0xdd,0xf6,0xdd,0xb5,0xd5,
    0x95,0xcd,0x94,0xcd,0x74,0xcd,0x74,0xcd,0x54,0xc5,0x54,0xc5,0x54,0xc5,0x94,0xc5,0x75,0xc5,0x95,0xc5,0x75,0xc5,0x95,0xbd,
    0x75,0xbd,0x75,0xbd,0x95,0xbd,0x75,0xc5,0x95,0xbd,0x75,0xbd,0x75,0xbd,0x55,0xbd,0x54,0xbd,0xf3,0xac,0xae,0x93,0xa5,0x51,
    0xa5,0x41,0xa5,0x49,0xa5,0x49,0x04,0x29,0x03,0x29,0x44,0x31,0xe2,0x18,0xe1,0x18,0xc1,0x18,0xe1,0x18,0xe1,0x18,0x21,0x19,
    0x01,0x11,0x01,0x11,0x66,0x3a,0x86,0x42,0x62,0x21,0x62,0x19,0xe5,0x21,0xc4,0x29,0xc2,0x10,0x60,0x08,0x85,0x29,0x27,0x3a,
    0xa1,0x08,0x85,0x29,0x85,0x29,0x40,0x00,0x20,0x00,0x20,0x00,0x61,0x10,0xe2,0x18,0x62,0x21,0x62,0x21,0xc1,0x10,0x60,0x08,
    0x61,0x08,0xa1,0x10,0x60,0x08,0x20,0x00,0x61,0x08,0x82,0x21,0xe3,0x31,0x41,0x19,0x23,0x3a,0x84,0x42,0x04,0x32,0xa3,0x21,
    0xe5,0x29,0xa4,0x29,0x81,0x08,0x81,0x08,0x03,0x11,0x64,0x21,0x44,0x21,0xa1,0x10,0x81,0x08,0x80,0x08,0x81,0x08,0x80,0x08,
    0xa1,0x08,0x01,0x11,0xa2,0x21,0xe3,0x29,0xe7,0x52,0x83,0x19,0x85,0x4a,0x49,0x5b,0xcc,0x73,0xad,0x73,0xa7,0x42,0xc4,0x29,
    0xe1,0x10,0xe1,0x18,0xe1,0x18,0xa1,0x08,0x60,0x08,0x60,0x08,0x61,0x00,0x60,0x08,0xa1,0x08,0xc1,0x10,0x02,0x19,0x23,0x21,
    0x42,0x21,0x02,0x19,0xe2,0x18,0xa2,0x10,0xc2,0x10,0x03,0x19,0xc3,0x10,0xa2,0x10,0xa2,0x10,0xc2,0x10,0x83,0x21,0xc2,0x21,
    0xe0,0x21,0xc0,0x21,0xc1,0x21,0xc2,0x29,0x01,0x19,0xa0,0x08,0xa1,0x10,0xe1,0x10,0x42,0x29,0x62,0x39,0x40,0x39,0x41,0x31,
    0x40,0x31,0x21,0x29,0x20,0x19,0x21,0x11,0x42,0x11,0x03,0x2a,0xa4,0x32,0x45,0x2a,0x05,0x2a,0x46,0x42,0x08,0x83,0xc9,0x7a,
    0x29,0x8b,0xc8,0x82,0x28,0x8b,0x49,0x9b,0x87,0x7a,0x87,0x72,0x68,0x6a,0x68,0x6a,0x09,0x83,0x0a,0x83,0x47,0x6a,0x43,0x49,
    0x2a,0x8b,0x06,0x62,0x24,0x41,0x0a,0x83,0x6f,0xb4,0x53,0xcd,0xb4,0xd5,0xf6,0xdd,0x16,0xde,0x16,0xde,0x16,0xe6,0x16,0xde,
    0xd6,0xdd,0xd5,0xdd,0xd5,0xd5,0x94,0xd5,0x74,0xcd,0x74,0xc5,0x54,0xc5,0x53,0xc5,0x33,0xc5,0x54,0xc5,0x54,0xc5,0x54,0xbd,
    0x75,0xc5,0x95,0xbd,0x75,0xc5,0x96,0xbd,0x75,0xc5,0x75,0xbd,0x96,0xbd,0x75,0xbd,0x75,0xc5,0x55,0xbd,0x75,0xbd,0x75,0xbd,
    0x54,0xb5,0xf3,0xb4,0x30,0x9c,0x28,0x62,0xa5,0x49,0xa6,0x41,0xa5,0x49,0x04,0x31,0xe3,0x28,0x44,0x31,0x22,0x21,0x02,0x21,
    0x01,0x19,0x01,0x11,0x21,0x19,0x02,0x11,0x01,0x11,0x01,0x11,0xa3,0x29,0xa3,0x21,0x01,0x11,0x22,0x11,0x84,0x21,0x83,0x29,
    0xe1,0x10,0xa0,0x08,0x27,0x42,0xef,0x83,0x08,0x53,0x8c,0x6b,0x8a,0x73,0x44,0x3a,0x04,0x3a,0x26,0x42,0xe6,0x39,0x84,0x29,
    0xe2,0x31,0xe2,0x29,0x61,0x21,0xc1,0x10,0x60,0x08,0x41,0x08,0x20,0x00,0x61,0x08,0xa1,0x10,0x26,0x3a,0x66,0x4a,0xe4,0x29,
    0x84,0x42,0x65,0x42,0x42,0x21,0x23,0x19,0xa4,0x21,0x63,0x21,0x81,0x08,0x61,0x08,0xc2,0x10,0x43,0x19,0x65,0x21,0xc2,0x10,
    0x61,0x08,0x81,0x08,0x81,0x08,0xa0,0x08,0x01,0x11,0x61,0x21,0xc2,0x21,0xe2,0x21,0xc2,0x08,0xc0,0x10,0x66,0x42,0x2b,0x63,
    0x0a,0x53,0xcd,0x73,0x06,0x32,0x80,0x00,0xe2,0x10,0x63,0x29,0x42,0x21,0xa1,0x10,0xa1,0x10,0x81,0x08,0x40,0x00,0x40,0x08,
    0x61,0x08,0xe3,0x18,0x44,0x29,0x43,0x21,0x63,0x29,0x82,0x21,0x62,0x19,0x01,0x19,0xa1,0x10,0xa2,0x08,0xa2,0x10,0xa3,0x10,
    0xa3,0x10,0x82,0x08,0xa2,0x10,0x81,0x21,0x81,0x19,0x01,0x11,0x20,0x11,0x61,0x21,0xe1,0x10,0x61,0x08,0x60,0x10,0x61,0x08,
    0xc1,0x18,0xe1,0x20,0x00,0x29,0x41,0x31,0x41,0x39,0x20,0x29,0x21,0x19,0x41,0x19,0x41,0x11,0xa1,0x19,0x03,0x2a,0xa2,0x19,
    0xa3,0x21,0x87,0x5a,0xe8,0x8a,0xe8,0x82,0xe8,0x82,0x29,0x93,0x48,0x9b,0xa7,0x7a,0x88,0x72,0x87,0x72,0x47,0x6a,0x0a,0x83,
    0x2a,0x8b,0x09,0x7b,0xc6,0x51,0x64,0x49,0x8b,0x93,0x85,0x49,0x64,0x49,0x2b,0x83,0x6f,0xac,0x11,0xc5,0x94,0xd5,0xd4,0xdd,
    0xf5,0xdd,0xf6,0xdd,0xf5,0xdd,0xb5,0xdd,0xd5,0xd5,0xb5,0xd5,0x94,0xd5,0x74,0xcd,0x33,0xc5,0x53,0xc5,0x53,0xc5,0x33,0xc5,
    0x33,0xbd,0x33,0xbd,0x54,0xbd,0x54,0xc5,0x74,0xbd,0x75,0xc5,0x75,0xbd,0x75,0xbd,0x75,0xbd,0x75,0xc5,0x75,0xbd,0x75,0xbd,
    0x74,0xbd,0x54,0xbd,0x75,0xbd,0x75,0xbd,0x55,0xb5,0xf3,0xac,0x71,0x9c,0xca,0x72,0xa5,0x49,0xa6,0x49,0x85,0x49,0x64,0x39,
    0xe3,0x28,0x24,0x31,0x23,0x29,0x21,0x21,0xe2,0x18,0x22,0x19,0x23,0x19,0x22,0x19,0x02,0x11,0xe1,0x10,0xe1,0x10,0x01,0x11,
    0xc1,0x08,0x81,0x10,0xc2,0x10,0xc2,0x08,0x40,0x08,0x81,0x08,0xa4,0x19,0xcd,0x73,0x4e,0x84,0xab,0x6b,0x89,0x5b,0x67,0x63,
    0xc6,0x4a,0x8b,0x73,0x6c,0x73,0x45,0x3a,0xa4,0x42,0x03,0x32,0x43,0x3a,0xc3,0x31,0xa1,0x10,0x40,0x08,0x60,0x08,0xa1,0x10,
    0xc2,0x10,0x83,0x21,0xe5,0x31,0xe4,0x31,0x04,0x3a,0xc4,0x31,0xc1,0x10,0x41,0x00,0xe1,0x10,0xe2,0x18,0x81,0x08,0x61,0x08,
    0xa1,0x08,0xe3,0x10,0x43,0x21,0xc2,0x10,0x41,0x08,0x60,0x08,0x81,0x08,0xe1,0x10,0x41,0x19,0x61,0x19,0x61,0x21,0x41,0x19,
    0x60,0x08,0xe1,0x10,0x62,0x19,0xa3,0x19,0xe4,0x21,0xe9,0x52,0x84,0x19,0xe1,0x10,0xc5,0x39,0x05,0x42,0xe4,0x41,0x23,0x21,
    0xc1,0x10,0xa1,0x10,0x61,0x08,0x60,0x08,0x81,0x08,0xe3,0x18,0x64,0x29,0xa5,0x31,0xc4,0x29,0x65,0x42,0x44,0x3a,0xa2,0x29,
    0x82,0x21,0x22,0x19,0xc2,0x10,0x82,0x08,0x81,0x10,0x61,0x08,0x61,0x08,0xa1,0x08,0xc1,0x10,0xc0,0x08,0xc1,0x08,0xc1,0x08,
    0xc1,0x10,0xa0,0x08,0x81,0x08,0x60,0x08,0x40,0x08,0x80,0x08,0xc1,0x18,0xe0,0x20,0xe0,0x20,0x81,0x10,0x80,0x08,0xe1,0x10,
    0x42,0x19,0x82,0x19,0xa2,0x19,0x81,0x19,0xa2,0x21,0xa7,0x7a,0xe8,0x82,0x29,0x8b,0x08,0x93,0x48,0x9b,0xe8,0x82,0x87,0x7a,
    0xa8,0x7a,0x26,0x6a,0xe9,0x7a,0x4a,0x8b,0x09,0x83,0xc9,0x7a,0x43,0x41,0x06,0x62,0x4a,0x93,0x23,0x39,0xe6,0x51,0x4b,0x8b,
    0x2e,0xac,0x12,0xc5,0x72,0xd5,0xb4,0xd5,0xd5,0xdd,0xd5,0xdd,0xd4,0xd5,0xb5,0xd5,0x74,0xd5,0x73,0xd5,0x53,0xcd,0x53,0xc5,
    0x32,0xc5,0x53,0xc5,0x33,0xc5,0x33,0xc5,0x33,0xc5,0x34,0xc5,0x53,0xbd,0x54,0xbd,0x54,0xc5,0x75,0xbd,0x74,0xc5,0x75,0xbd,
    0x75,0xbd,0x75,0xbd,0x74,0xbd,0x55,0xbd,0x55,0xb5,0x54,0xbd,0x75,0xbd,0x55,0xb5,0x54,0xb5,0x14,0xb5,0x91,0xa4,0x4d,0x83,
    0xc6,0x51,0xa5,0x49,0xa5,0x49,0x85,0x49,0x04,0x29,0x03,0x29,0x03,0x29,0x02,0x21,0xe2,0x18,0x43,0x19,0x43,0x19,0x44,0x19,
    0x02,0x11,0xe1,0x10,0xc1,0x08,0xc1,0x10,0xc1,0x08,0x61,0x08,0x40,0x08,0x20,0x00,0x41,0x00,0x69,0x42,0x30,0x84,0x0e,0x7c,
    0x6f,0x84,0xee,0x7b,0xed,0x7b,0xaa,0x6b,0x45,0x3a,0x27,0x3a,0x27,0x42,0xc3,0x29,0xc5,0x4a,0xa2,0x29,0xc4,0x29,0xa7,0x52,
    0x22,0x21,0x61,0x08,0x81,0x10,0xa1,0x10,0xa1,0x08,0xc1,0x10,0xe1,0x10,0x03,0x19,0xe2,0x10,0xc1,0x10,0x61,0x10,0x41,0x08,
    0x61,0x08,0x81,0x08,0x82,0x10,0x82,0x08,0x82,0x10,0xa1,0x08,0xc2,0x10,0xc1,0x18,0x60,0x10,0x61,0x08,0x81,0x08,0xe1,0x10,
    0x21,0x19,0x01,0x19,0x01,0x19,0x41,0x19,0xa1,0x10,0x42,0x19,0x62,0x19,0x62,0x19,0x62,0x19,0x22,0x11,0xa1,0x08,0x22,0x19,
    0x04,0x42,0xc5,0x31,0xe5,0x39,0xa4,0x31,0x02,0x19,0xa1,0x10,0x60,0x08,0x61,0x08,0x40,0x00,0x81,0x08,0x24,0x21,0xe6,0x41,
    0x67,0x42,0x4a,0x73,0xe7,0x52,0x82,0x21,0x23,0x3a,0xe5,0x52,0x27,0x63,0x64,0x21,0x61,0x08,0x61,0x08,0x60,0x08,0x81,0x08,
    0xc1,0x08,0xc0,0x10,0xc0,0x08,0xc1,0x10,0xe0,0x08,0xe1,0x10,0xe1,0x10,0xc0,0x10,0x61,0x08,0x60,0x08,0x80,0x08,0x61,0x08,
    0x60,0x08,0x40,0x00,0x40,0x00,0x61,0x08,0xa1,0x08,0xc1,0x10,0x01,0x11,0xc1,0x08,0xa3,0x41,0xc7,0x8a,0x29,0x8b,0x09,0x8b,
    0x28,0x93,0xc7,0x8a,0x87,0x7a,0xa8,0x7a,0x46,0x6a,0x47,0x6a,0x2a,0x83,0x4a,0x8b,0x29,0x8b,0x67,0x6a,0x43,0x49,0x67,0x72,
    0xc8,0x72,0x03,0x39,0x07,0x5a,0x6c,0x8b,0x6f,0xac,0xf1,0xc4,0x32,0xcd,0x73,0xcd,0x73,0xd5,0x93,0xd5,0x94,0xd5,0x93,0xd5,
    0x73,0xd5,0x53,0xcd,0x52,0xcd,0x32,0xcd,0x33,0xc5,0x33,0xc5,0x33,0xc5,0x33,0xc5,0x53,0xbd,0x34,0xc5,0x54,0xbd,0x13,0xbd,
    0x34,0xbd,0x34,0xbd,0x54,0xbd,0x55,0xbd,0x75,0xbd,0x55,0xbd,0x54,0xbd,0x54,0xbd,0x54,0xb5,0x34,0xb5,0x34,0xb5,0x34,0xb5,
    0x13,0xad,0x92,0xa4,0xce,0x8b,0x89,0x62,0x44,0x39,0x85,0x41,0xa5,0x49,0xa6,0x49,0x24,0x31,0xe3,0x28,0x24,0x31,0x02,0x29,
    0x02,0x19,0x23,0x21,0x44,0x19,0x43,0x19,0x23,0x19,0xc1,0x10,0xa1,0x08,0xa1,0x08,0xa1,0x10,0x61,0x08,0x20,0x00,0x20,0x08,
    0x40,0x00,0x49,0x42,0xaf,0x73,0x2b,0x53,0x2f,0x84,0x0a,0x4b,0x88,0x4a,0x49,0x63,0xa6,0x52,0xe6,0x41,0x44,0x29,0x02,0x11,
    0x24,0x42,0x21,0x19,0xc1,0x08,0xa4,0x31,0x02,0x21,0x40,0x00,0x60,0x10,0xa1,0x08,0xa0,0x10,0xa1,0x10,0xa1,0x10,0xa0,0x10,
    0x61,0x08,0x81,0x10,0x61,0x08,0x81,0x08,0x81,0x10,0x81,0x08,0x82,0x08,0x81,0x10,0x81,0x08,0x81,0x10,0xa1,0x10,0xa1,0x10,
    0x81,0x08,0x61,0x08,0x81,0x10,0xc1,0x10,0x01,0x19,0x21,0x19,0x61,0x19,0xa1,0x21,0xa1,0x08,0x63,0x21,0xc4,0x21,0x82,0x21,
    0xe1,0x10,0x80,0x08,0xe1,0x10,0xc3,0x29,0xe6,0x52,0x05,0x32,0x43,0x29,0x64,0x29,0x44,0x29,0x45,0x29,0xc2,0x10,0x40,0x08,
    0x41,0x08,0x60,0x08,0xa1,0x10,0x44,0x21,0xa5,0x31,0x06,0x3a,0x43,0x19,0xc1,0x10,0x43,0x42,0xc4,0x42,0xe7,0x5a,0xe4,0x31,
    0x81,0x08,0x81,0x08,0x81,0x08,0x61,0x08,0xa0,0x08,0xe1,0x10,0xe0,0x08,0xc0,0x08,0xe1,0x10,0x21,0x11,0x21,0x11,0x21,0x11,
    0xa0,0x08,0x41,0x08,0x80,0x08,0x81,0x10,0x60,0x08,0x41,0x08,0x40,0x08,0x40,0x08,0x61,0x08,0x40,0x08,0x40,0x00,0x20,0x00,
    0x26,0x62,0x29,0x8b,0x08,0x8b,0xe7,0x92,0x07,0x8b,0x87,0x7a,0xa7,0x82,0xa8,0x7a,0x26,0x6a,0xe9,0x82,0x2a,0x8b,0x2a,0x83,
    0xe9,0x8a,0xc5,0x59,0x64,0x49,0x87,0x7a,0x06,0x5a,0x24,0x39,0x07,0x62,0x4b,0x8b,0x2e,0xa4,0xb0,0xbc,0x11,0xc5,0x32,0xcd,
    0x52,0xcd,0x52,0xd5,0x53,0xd5,0x53,0xd5,0x32,0xcd,0x32,0xc5,0x12,0xc5,0x32,0xcd,0x33,0xc5,0x32,0xc5,0x33,0xc5,0x33,0xbd,
    0x33,0xc5,0x33,0xbd,0x13,0xbd,0xf3,0xb4,0xf2,0xb4,0xd2,0xb4,0xf3,0xb4,0x13,0xb5,0x34,0xb5,0x34,0xbd,0x34,0xbd,0x34,0xb5,
    0x34,0xb5,0x33,0xb5,0x13,0xb5,0x91,0xa4,0x10,0x9c,0x6c,0x83,0x69,0x6a,0x65,0x49,0xe3,0x28,0x44,0x39,0x85,0x49,0xc5,0x51,
    0x44,0x39,0x04,0x31,0x03,0x31,0x23,0x29,0x02,0x21,0x03,0x19,0x43,0x19,0x23,0x19,0x23,0x19,0xe2,0x10,0xa1,0x08,0xa1,0x08,
    0x81,0x08,0x41,0x08,0x20,0x00,0x21,0x08,0x20,0x00,0x61,0x08,0x81,0x08,0x43,0x19,0x30,0x8c,0xaa,0x52,0x40,0x00,0x02,0x19,
    0x84,0x29,0x65,0x29,0x02,0x21,0xa1,0x08,0xc3,0x31,0x02,0x19,0x60,0x08,0xa1,0x08,0xa1,0x10,0x61,0x08,0x20,0x00,0x20,0x00,
    0x40,0x08,0xa1,0x08,0xa0,0x10,0xc1,0x08,0xa1,0x10,0x81,0x08,0x81,0x10,0x81,0x10,0x81,0x08,0xa1,0x10,0xa1,0x08,0xa2,0x10,
    0xa1,0x08,0xc2,0x10,0xc1,0x18,0xc1,0x10,0x01,0x19,0x01,0x19,0x41,0x21,0x41,0x19,0x41,0x21,0x81,0x21,0xa1,0x21,0xa1,0x21,
    0x80,0x08,0x84,0x21,0x45,0x32,0xe3,0x21,0xe1,0x10,0xa3,0x29,0x24,0x3a,0x63,0x3a,0xa9,0x6b,0x66,0x42,0xe2,0x10,0x24,0x21,
    0x44,0x29,0xe6,0x31,0xe3,0x29,0x61,0x19,0xe0,0x10,0x61,0x08,0x41,0x00,0x81,0x08,0x81,0x08,0x60,0x00,0x20,0x08,0x21,0x19,
    0xa3,0x42,0xa3,0x42,0xc3,0x29,0xa1,0x08,0x81,0x08,0x81,0x08,0x81,0x08,0x60,0x08,0x81,0x08,0xe1,0x10,0x01,0x11,0x00,0x11,
    0x01,0x11,0x41,0x19,0x81,0x19,0x82,0x21,0xc1,0x10,0x60,0x08,0x81,0x08,0xa0,0x10,0x81,0x08,0x60,0x08,0x61,0x08,0x61,0x08,
    0x60,0x08,0x61,0x08,0x40,0x00,0x81,0x10,0xa7,0x7a,0xe8,0x8a,0xc7,0x82,0xe7,0x8a,0xa7,0x82,0x67,0x7a,0xa7,0x82,0x26,0x6a,
    0x88,0x72,0x4a,0x8b,0x09,0x8b,0x29,0x8b,0xc8,0x7a,0x84,0x51,0xa5,0x59,0x88,0x72,0x84,0x49,0x23,0x39,0x26,0x5a,0x0a,0x83,
    0xed,0x9b,0x8f,0xb4,0xd0,0xbc,0x32,0xcd,0x32,0xcd,0x52,0xcd,0x52,0xd5,0x52,0xcd,0x11,0xc5,0x12,0xcd,0x32,0xc5,0x32,0xc5,
    0x33,0xcd,0x33,0xc5,0x33,0xbd,0x32,0xc5,0x13,0xbd,0xf2,0xb4,0xd2,0xb4,0xb2,0xac,0x91,0xac,0x92,0xac,0x91,0xac,0x91,0xac,
    0xb1,0xac,0xf2,0xb4,0xf2,0xb4,0xf2,0xb4,0x13,0xb5,0xf2,0xac,0x91,0xa4,0xce,0x93,0x2b,0x7b,0x28,0x62,0x07,0x5a,0xc6,0x51,
    0x45,0x41,0x65,0x41,0xa5,0x49,0xa5,0x51,0x65,0x41,0x03,0x29,0x24,0x31,0x23,0x31,0x03,0x21,0x22,0x19,0x23,0x11,0x43,0x19,
    0x43,0x11,0xe2,0x10,0xc1,0x08,0x81,0x10,0x61,0x08,0x20,0x00,0x21,0x08,0x20,0x00,0x20,0x08,0x20,0x00,0x20,0x00,0x61,0x08,
    0x07,0x3a,0xc5,0x29,0x40,0x08,0x20,0x00,0x40,0x00,0x81,0x08,0x81,0x08,0x80,0x08,0xe2,0x18,0xe1,0x10,0x80,0x08,0x60,0x08,
    0x03,0x19,0xa6,0x39,0x24,0x21,0x81,0x08,0x41,0x00,0x60,0x08,0xa1,0x08,0xa1,0x10,0xa0,0x08,0x40,0x08,0x41,0x08,0x41,0x08,
    0x41,0x08,0x81,0x08,0xe2,0x10,0xc1,0x08,0xc1,0x10,0xe1,0x10,0xe2,0x10,0x24,0x3a,0xc5,0x4a,0x22,0x32,0xa3,0x3a,0x63,0x42,
    0xc1,0x21,0x61,0x19,0x41,0x19,0x01,0x11,0x05,0x32,0xc7,0x42,0x29,0x53,0xa6,0x42,0xa7,0x42,0x29,0x63,0xa5,0x42,0x03,0x32,
    0x84,0x42,0x44,0x3a,0x22,0x19,0xe2,0x10,0x03,0x2a,0x03,0x43,0x64,0x53,0x83,0x4b,0xe1,0x42,0xc0,0x21,0xa0,0x08,0x20,0x08,
    0x41,0x08,0x40,0x08,0x41,0x00,0xa3,0x29,0x86,0x63,0x25,0x53,0xe4,0x39,0xc1,0x08,0x61,0x08,0x81,0x08,0x81,0x10,0xa2,0x10,
    0x81,0x10,0xa0,0x10,0xe1,0x10,0xe1,0x10,0x21,0x11,0x41,0x11,0xe3,0x21,0xe4,0x29,0x02,0x11,0x60,0x10,0x81,0x08,0xa0,0x10,
    0xa1,0x08,0x60,0x08,0x60,0x08,0x81,0x08,0x60,0x08,0x61,0x08,0x60,0x00,0x02,0x31,0xe8,0x82,0x66,0x7a,0xc6,0x8a,0xc8,0x8a,
    0x86,0x7a,0xa7,0x82,0x87,0x7a,0x47,0x6a,0x09,0x8b,0x49,0x8b,0x09,0x83,0x09,0x8b,0x47,0x72,0x64,0x51,0x05,0x6a,0x46,0x6a,
    0x03,0x31,0x24,0x39,0xe6,0x59,0xc9,0x7a,0xac,0x9b,0x2e,0xac,0xb0,0xbc,0xf1,0xc4,0x31,0xcd,0x32,0xcd,0x32,0xcd,0x32,0xcd,
    0x12,0xcd,0x52,0xcd,0x53,0xcd,0x53,0xcd,0x53,0xcd,0x53,0xc5,0x33,0xbd,0x13,0xbd,0xd2,0xb4,0x70,0xac,0x70,0xa4,0x30,0xa4,
    0xce,0x93,0xee,0x93,0xee,0x9b,0x0f,0x9c,0x4f,0xa4,0x70,0xac,0x91,0xac,0xb1,0xac,0xb1,0xac,0x91,0xac,0x0e,0x9c,0x4b,0x83,
    0x89,0x6a,0x27,0x6a,0x48,0x62,0x27,0x62,0x07,0x5a,0xa5,0x49,0xa6,0x49,0xa5,0x51,0x85,0x49,0x03,0x29,0x04,0x31,0x24,0x39,
    0x23,0x29,0x22,0x19,0x23,0x19,0x43,0x19,0x23,0x19,0xe2,0x10,0x81,0x08,0x61,0x08,0x41,0x08,0x41,0x08,0x40,0x08,0x41,0x08,
    0x20,0x00,0x41,0x08,0x21,0x08,0x20,0x00,0x20,0x00,0xa1,0x08,0xc1,0x10,0x61,0x08,0x20,0x00,0x00,0x08,0x41,0x08,0x60,0x08,
    0x80,0x08,0x81,0x08,0x81,0x08,0x81,0x08,0x44,0x21,0xcb,0x52,0xcb,0x5a,0x48,0x4a,0x86,0x31,0xe3,0x18,0xa2,0x10,0xc2,0x10,
    0x23,0x19,0xa1,0x10,0x20,0x00,0x40,0x08,0x20,0x00,0x61,0x08,0xc2,0x10,0xc2,0x10,0xa1,0x08,0x81,0x10,0x81,0x08,0xe8,0x4a,
    0xea,0x7b,0x03,0x43,0x66,0x5b,0xa3,0x42,0x61,0x19,0x00,0x11,0xa1,0x10,0xa0,0x08,0xc7,0x42,0x07,0x43,0x28,0x4b,0x28,0x4b,
    0x6a,0x53,0x68,0x53,0x85,0x32,0xc2,0x29,0x62,0x19,0xe7,0x52,0x27,0x4b,0xa4,0x3a,0x45,0x4b,0xa5,0x4b,0xa4,0x53,0xc3,0x53,
    0xa1,0x53,0x41,0x4b,0x21,0x2a,0xa0,0x08,0x41,0x08,0x60,0x08,0x40,0x00,0x63,0x21,0xa9,0x73,0x27,0x5b,0x02,0x11,0x61,0x08,
    0x40,0x08,0x61,0x08,0xc2,0x10,0xc2,0x18,0xa2,0x10,0x81,0x08,0x40,0x08,0x81,0x08,0xc1,0x10,0x21,0x19,0xe4,0x21,0xe5,0x29,
    0xe1,0x10,0xa1,0x10,0x80,0x10,0x81,0x08,0xa0,0x10,0x81,0x08,0x60,0x08,0x41,0x00,0x40,0x08,0x40,0x00,0x40,0x00,0x64,0x41,
    0xa7,0x82,0x25,0x72,0x86,0x7a,0x87,0x82,0xa7,0x82,0xa7,0x82,0x47,0x6a,0x88,0x72,0x4a,0x93,0x09,0x8b,0xe9,0x82,0xc8,0x8a,
    0xe5,0x61,0xa4,0x59,0x46,0x72,0x85,0x49,0xc2,0x28,0x23,0x39,0xa5,0x51,0xa9,0x72,0x4b,0x8b,0xed,0xa3,0x8f,0xb4,0xd0,0xbc,
    0x11,0xcd,0x31,0xcd,0x11,0xcd,0x31,0xcd,0x32,0xcd,0x73,0xd5,0xb4,0xd5,0x94,0xcd,0x94,0xcd,0x33,0xc5,0x12,0xbd,0x2f,0xa4,
    0x2b,0x83,0x89,0x72,0xaa,0x7a,0xc9,0x7a,0x89,0x72,0xaa,0x7a,0xca,0x7a,0x6d,0x93,0xce,0x9b,0x0e,0x9c,0x4f,0xa4,0x50,0xac,
    0x70,0xa4,0x70,0xa4,0xcd,0x93,0x0b,0x83,0xa9,0x72,0xa9,0x6a,0x49,0x6a,0x28,0x5a,0xe7,0x59,0x65,0x49,0xa5,0x49,0x85,0x49,
    0x85,0x49,0x24,0x31,0x03,0x31,0x44,0x39,0x23,0x29,0x23,0x19,0x64,0x19,0x43,0x19,0xe2,0x10,0x81,0x08,0x41,0x08,0x40,0x08,
    0x41,0x08,0x41,0x08,0x41,0x08,0x40,0x08,0x41,0x08,0x20,0x00,0x20,0x08,0x20,0x00,0x40,0x08,0x81,0x10,0x01,0x19,0xc1,0x18,
    0x41,0x08,0x20,0x00,0x60,0x08,0x61,0x08,0x81,0x08,0x81,0x08,0xa1,0x10,0x81,0x08,0x44,0x21,0xeb,0x5a,0x6e,0x6b,0x2c,0x63,
    0x8a,0x52,0xc6,0x31,0x86,0x31,0x07,0x42,0x49,0x4a,0x85,0x31,0x41,0x08,0x20,0x00,0x41,0x08,0x20,0x08,0x61,0x08,0x81,0x08,
    0xa2,0x10,0xe3,0x18,0xe2,0x18,0xa4,0x21,0x68,0x5b,0xa6,0x63,0x2a,0x74,0x85,0x42,0xc0,0x08,0xa1,0x10,0xa0,0x08,0xa1,0x08,
    0x44,0x2a,0x84,0x3a,0xe6,0x42,0x28,0x4b,0x27,0x43,0xa5,0x32,0xe3,0x29,0xa3,0x21,0x03,0x2a,0x67,0x53,0xe9,0x63,0x09,0x64,
    0x09,0x64,0xa6,0x53,0x45,0x4b,0x43,0x43,0x62,0x43,0x81,0x4b,0x40,0x4b,0xe0,0x21,0x81,0x08,0x40,0x08,0x61,0x08,0x61,0x08,
    0x45,0x42,0xc7,0x5a,0xa1,0x08,0x20,0x00,0x40,0x00,0x41,0x08,0x81,0x10,0xa2,0x10,0xc1,0x10,0xc1,0x10,0xa1,0x10,0x40,0x08,
    0x60,0x08,0xe2,0x10,0x83,0x21,0x63,0x19,0x81,0x08,0x81,0x10,0x81,0x08,0x61,0x08,0xc1,0x10,0x01,0x19,0xa1,0x08,0x60,0x08,
    0x41,0x08,0x40,0x08,0x00,0x00,0xc5,0x51,0x66,0x82,0x45,0x72,0x66,0x7a,0xc8,0x82,0xa7,0x8a,0x87,0x7a,0x67,0x72,0x09,0x83,
    0x29,0x93,0xe8,0x82,0xe8,0x82,0x46,0x7a,0xa4,0x59,0xc5,0x61,0x05,0x62,0x03,0x31,0x82,0x18,0xe3,0x30,0x84,0x49,0x47,0x62,
    0xe9,0x82,0xac,0x9b,0x4e,0xac,0xaf,0xbc,0xf1,0xc4,0xf1,0xc4,0xf1,0xc4,0x11,0xcd,0x53,0xd5,0xb4,0xd5,0xd5,0xdd,0x94,0xcd,
    0xd1,0xb4,0x0f,0x9c,0x0b,0x83,0xe7,0x61,0xa5,0x59,0xe6,0x69,0xe6,0x61,0xa6,0x61,0xe6,0x61,0x07,0x6a,0x68,0x72,0xea,0x82,
    0x6c,0x8b,0xcd,0x9b,0x0e,0xa4,0x4f,0xa4,0x90,0xac,0x50,0xa4,0xad,0x93,0x2b,0x83,0xca,0x72,0x89,0x6a,0x69,0x6a,0x48,0x62,
    0xa6,0x49,0x45,0x41,0x85,0x49,0x84,0x51,0x85,0x49,0x44,0x39,0x03,0x31,0x23,0x39,0x23,0x31,0x02,0x21,0x03,0x19,0xc2,0x10,
    0x81,0x08,0x40,0x08,0x40,0x00,0x40,0x00,0x40,0x08,0x61,0x08,0x61,0x08,0x41,0x08,0x40,0x08,0x41,0x08,0x20,0x00,0x20,0x00,
    0x20,0x00,0x41,0x08,0xa1,0x10,0x81,0x08,0x20,0x08,0x40,0x00,0x41,0x08,0x80,0x08,0x81,0x08,0x81,0x08,0xa0,0x08,0x81,0x08,
    0xe2,0x10,0xe7,0x39,0x49,0x4a,0x48,0x42,0x28,0x42,0xc7,0x39,0x08,0x42,0x49,0x4a,0x8a,0x52,0xa7,0x39,0x81,0x08,0x20,0x08,
    0x21,0x08,0x40,0x08,0x40,0x00,0xc2,0x18,0xe7,0x41,0x07,0x3a,0x86,0x31,0x03,0x19,0xe6,0x52,0xa8,0x6b,0x2a,0x74,0x28,0x5b,
    0xc1,0x08,0x80,0x08,0x81,0x08,0x80,0x08,0x44,0x32,0xa5,0x3a,0xa5,0x3a,0xc5,0x3a,0x44,0x2a,0x41,0x11,0xc1,0x08,0xa3,0x29,
    0xe5,0x42,0x66,0x4b,0xa8,0x53,0xc8,0x5b,0xc7,0x53,0xa6,0x53,0x84,0x4b,0x44,0x43,0x22,0x43,0x22,0x43,0x81,0x4b,0x00,0x43,
    0x40,0x19,0x40,0x00,0x41,0x08,0x40,0x08,0xa1,0x08,0x63,0x21,0x62,0x19,0x83,0x21,0x82,0x21,0x01,0x11,0xa1,0x08,0x01,0x19,
    0x82,0x29,0x61,0x21,0x81,0x29,0x01,0x19,0x41,0x00,0x60,0x08,0xe2,0x10,0xc1,0x10,0x40,0x08,0x40,0x08,0x40,0x00,0xa1,0x10,
    0x62,0x21,0xc2,0x29,0x01,0x19,0x81,0x08,0x60,0x08,0x41,0x00,0x40,0x08,0xc4,0x59,0x25,0x72,0x05,0x6a,0x87,0x7a,0xc7,0x8a,
    0x86,0x7a,0x67,0x72,0xc8,0x7a,0x09,0x8b,0x29,0x8b,0xe9,0x8a,0xa8,0x82,0x05,0x6a,0x84,0x59,0x05,0x6a,0x85,0x51,0xa2,0x20,
    0x81,0x18,0xc2,0x28,0x23,0x39,0xc5,0x59,0xc9,0x7a,0x8c,0x9b,0x0d,0xac,0x8f,0xbc,0xaf,0xbc,0xd0,0xc4,0xd0,0xc4,0x11,0xcd,
    0x93,0xd5,0xf5,0xdd,0xd5,0xdd,0x6f,0xac,0x0a,0x8b,0xa9,0x7a,0x48,0x72,0x88,0x72,0xaa,0x7a,0xa9,0x7a,0x88,0x72,0x47,0x72,
    0x27,0x6a,0x47,0x72,0x88,0x72,0xa8,0x7a,0xea,0x82,0x6b,0x93,0xee,0x9b,0x50,0xac,0xb1,0xac,0x6f,0xac,0xad,0x93,0xea,0x72,
    0xaa,0x6a,0xaa,0x6a,0x8a,0x6a,0x08,0x5a,0xa6,0x49,0x44,0x41,0x65,0x41,0xa5,0x49,0x84,0x49,0x64,0x41,0x03,0x31,0x04,0x31,
    0x44,0x39,0xc2,0x18,0x60,0x00,0x60,0x08,0x41,0x08,0x61,0x08,0x61,0x08,0x60,0x08,0x41,0x00,0x40,0x08,0x61,0x08,0x41,0x08,
    0x41,0x00,0x41,0x08,0x41,0x08,0x20,0x00,0x20,0x00,0x20,0x00,0x20,0x00,0x20,0x00,0x40,0x08,0x41,0x08,0x40,0x08,0x61,0x08,
    0x80,0x08,0xa1,0x08,0x81,0x08,0x60,0x08,0x61,0x08,0xa1,0x10,0xe2,0x10,0x23,0x19,0x44,0x29,0x04,0x21,0x03,0x19,0x24,0x19,
    0x03,0x19,0xc2,0x10,0x41,0x08,0x40,0x08,0x40,0x00,0x61,0x08,0x40,0x08,0x03,0x21,0x49,0x4a,0x8a,0x52,0xe7,0x39,0x24,0x21,
    0xe4,0x31,0xc3,0x31,0xc7,0x42,0xab,0x7b,0x02,0x19,0x40,0x00,0x60,0x08,0x61,0x08,0x44,0x2a,0x64,0x32,0x64,0x2a,0x43,0x2a,
    0xe3,0x29,0x02,0x19,0x21,0x19,0x02,0x2a,0x63,0x2a,0xc4,0x3a,0x26,0x43,0x86,0x4b,0x85,0x4b,0xa4,0x4b,0x23,0x3b,0x42,0x2a,
    0x61,0x19,0xa1,0x21,0xc1,0x3a,0x40,0x4b,0x41,0x2a,0x80,0x08,0x20,0x00,0x20,0x08,0xe1,0x10,0x85,0x3a,0x88,0x5b,0xa8,0x5b,
    0xa8,0x53,0x05,0x43,0xc2,0x21,0x22,0x21,0x42,0x21,0x81,0x21,0x82,0x21,0x82,0x29,0xc1,0x10,0x20,0x00,0x41,0x08,0x61,0x08,
    0x40,0x00,0x41,0x08,0x20,0x00,0x22,0x19,0x43,0x3a,0x23,0x32,0x82,0x29,0xe2,0x10,0x61,0x08,0x40,0x08,0x61,0x08,0xc4,0x59,
    0xe4,0x69,0x05,0x6a,0xc7,0x8a,0xa7,0x82,0x87,0x82,0xc8,0x82,0xa7,0x7a,0xe9,0x8a,0x09,0x8b,0xe8,0x8a,0x66,0x7a,0xc4,0x61,
    0x84,0x59,0xe5,0x61,0x44,0x39,0x82,0x20,0xa2,0x18,0xa2,0x20,0xe3,0x30,0x85,0x49,0x67,0x72,0x6b,0x93,0x0d,0xac,0x4e,0xb4,
    0x6e,0xbc,0x8f,0xbc,0xb0,0xc4,0x32,0xcd,0xd4,0xdd,0xd4,0xdd,0xb0,0xbc,0x8c,0x9b,0xce,0x9b,0x0e,0xa4,0xef,0x9b,0xce,0x93,
    0x8c,0x8b,0x4c,0x8b,0x2b,0x83,0xeb,0x7a,0xea,0x82,0xe9,0x7a,0xa9,0x7a,0x88,0x7a,0xa8,0x82,0x4b,0x8b,0xed,0xa3,0x70,0xac,
    0xf2,0xb4,0xb1,0xac,0x6c,0x8b,0xa9,0x72,0x8a,0x6a,0x8a,0x6a,0x89,0x62,0x8a,0x62,0xc7,0x41,0x45,0x39,0x85,0x41,0xa5,0x51,
    0x64,0x49,0x85,0x49,0x03,0x31,0x03,0x31,0x44,0x39,0xc2,0x20,0x40,0x08,0x41,0x00,0x60,0x08,0x81,0x08,0xa2,0x10,0x81,0x08,
    0x61,0x08,0x60,0x08,0x61,0x08,0x40,0x08,0x40,0x08,0x81,0x08,0x61,0x10,0x41,0x08,0x20,0x00,0x20,0x00,0x00,0x08,0x20,0x00,
    0x41,0x08,0x40,0x00,0x41,0x08,0x60,0x08,0x61,0x08,0x80,0x08,0x81,0x08,0x60,0x08,0xa1,0x10,0xc0,0x10,0xe1,0x10,0x01,0x19,
    0xa1,0x08,0x61,0x08,0x60,0x00,0x40,0x00,0x40,0x00,0x20,0x00,0x40,0x08,0x40,0x00,0x40,0x08,0x60,0x08,0x81,0x10,0xa6,0x31,
    0x89,0x4a,0xca,0x5a,0x29,0x4a,0x44,0x21,0xa2,0x08,0x60,0x08,0xc2,0x08,0xe5,0x31,0xe1,0x18,0x40,0x00,0x40,0x08,0x61,0x08,
    0x03,0x2a,0x22,0x2a,0xe3,0x21,0xe3,0x29,0xc3,0x29,0xa2,0x21,0x83,0x3a,0x63,0x2a,0x42,0x2a,0xc3,0x32,0x03,0x3b,0x64,0x43,
    0x64,0x4b,0xc3,0x3a,0x41,0x19,0x60,0x00,0x20,0x00,0x60,0x00,0x61,0x19,0xa0,0x3a,0xe0,0x3a,0x40,0x19,0xe1,0x10,0x01,0x11,
    0x65,0x3a,0xe9,0x6b,0x09,0x6c,0x09,0x64,0xe8,0x5b,0xe4,0x3a,0x41,0x11,0x60,0x08,0xe1,0x10,0x83,0x31,0x01,0x11,0xc1,0x10,
    0x81,0x10,0x60,0x08,0x40,0x08,0x40,0x08,0x40,0x08,0x40,0x00,0x20,0x08,0xe2,0x18,0xc3,0x31,0xe3,0x31,0x63,0x21,0xc1,0x10,
    0x61,0x08,0x60,0x00,0x81,0x10,0xe5,0x61,0xc4,0x61,0x66,0x7a,0x87,0x82,0x86,0x82,0xa7,0x82,0xe8,0x8a,0x87,0x7a,0xe8,0x82,
    0xe8,0x8a,0xc8,0x82,0x05,0x72,0x63,0x59,0xe5,0x69,0xa4,0x51,0xe3,0x30,0x81,0x18,0xa2,0x20,0x81,0x20,0xe3,0x30,0x64,0x49,
    0x47,0x6a,0x2a,0x93,0xed,0xab,0x0d,0xac,0x2e,0xb4,0x6f,0xbc,0xd0,0xc4,0x73,0xd5,0xb3,0xd5,0xd0,0xc4,0x90,0xb4,0xf1,0xbc,
    0xd1,0xb4,0x50,0xa4,0x8d,0x93,0x4c,0x83,0x2c,0x83,0x4d,0x83,0x6d,0x8b,0xae,0x8b,0x6d,0x8b,0x0b,0x83,0xa9,0x7a,0x68,0x72,
    0xa8,0x7a,0x2a,0x93,0x0d,0xa4,0xd1,0xb4,0x33,0xbd,0x13,0xb5,0x2b,0x83,0x49,0x62,0x69,0x62,0xe7,0x51,0x86,0x39,0xe3,0x20,
    0xa2,0x20,0xc3,0x20,0x44,0x39,0xa5,0x49,0x44,0x41,0x85,0x49,0x44,0x39,0x03,0x39,0x24,0x39,0x03,0x29,0x60,0x08,0x41,0x08,
    0x61,0x08,0x81,0x08,0x81,0x10,0xa2,0x10,0x81,0x10,0x61,0x08,0x40,0x08,0x41,0x08,0x41,0x00,0x61,0x10,0xa2,0x10,0x82,0x10,
    0x41,0x08,0x20,0x08,0x20,0x00,0x20,0x00,0x40,0x08,0x41,0x08,0x40,0x08,0x41,0x00,0x60,0x08,0x61,0x08,0x80,0x08,0xa1,0x10,
    0xe0,0x10,0x01,0x19,0x02,0x19,0xc1,0x10,0x61,0x08,0x81,0x08,0x81,0x08,0x61,0x08,0x61,0x08,0x40,0x08,0x40,0x00,0x21,0x08,
    0x40,0x08,0x40,0x08,0xa2,0x10,0xe7,0x39,0x8a,0x52,0x8a,0x52,0x48,0x42,0x24,0x21,0x60,0x00,0x61,0x08,0x40,0x08,0x61,0x00,
    0x80,0x08,0x61,0x08,0x40,0x00,0x81,0x08,0x22,0x22,0xc1,0x21,0x81,0x19,0x61,0x21,0x42,0x19,0x22,0x32,0xe5,0x6b,0x44,0x53,
    0x83,0x32,0xc3,0x3a,0xe3,0x3a,0xc3,0x3a,0x03,0x2a,0xe1,0x10,0x20,0x00,0x61,0x08,0xe1,0x18,0x43,0x19,0x23,0x19,0x81,0x21,
    0x41,0x32,0xa2,0x3a,0x03,0x53,0x03,0x4b,0x24,0x4b,0x84,0x4b,0xa3,0x4b,0xa3,0x53,0xa3,0x4b,0xa1,0x32,0xc0,0x08,0x20,0x00,
    0xa1,0x10,0x22,0x19,0xa1,0x10,0x81,0x08,0x81,0x08,0x81,0x08,0x41,0x08,0x40,0x00,0x41,0x08,0x40,0x08,0x41,0x00,0x40,0x08,
    0xc1,0x10,0x63,0x21,0xc1,0x10,0x61,0x08,0x61,0x08,0x61,0x08,0xc2,0x20,0xa4,0x61,0xc4,0x61,0x46,0x72,0x86,0x82,0xa7,0x82,
    0xe8,0x8a,0xc8,0x82,0xa8,0x82,0xe8,0x82,0x09,0x8b,0xa7,0x82,0x84,0x61,0xa4,0x61,0x26,0x6a,0x23,0x41,0xc3,0x28,0x82,0x18,
    0x82,0x18,0x81,0x18,0xe2,0x30,0x64,0x41,0x47,0x6a,0x4b,0x93,0xac,0xa3,0xed,0xab,0x2d,0xb4,0x6f,0xb4,0xf0,0xc4,0x93,0xdd,
    0xf1,0xc4,0xd0,0xc4,0x52,0xc5,0xf2,0xbc,0xee,0x9b,0x0b,0x8b,0xca,0x7a,0x8a,0x72,0x89,0x6a,0xcb,0x7a,0x0c,0x7b,0x2c,0x83,
    0x6d,0x8b,0x8d,0x8b,0xeb,0x7a,0x88,0x72,0xa9,0x7a,0x2a,0x8b,0x2e,0xac,0x12,0xbd,0x74,0xc5,0x54,0xbd,0x8d,0x8b,0x69,0x6a,
    0x65,0x41,0x61,0x18,0x41,0x08,0x41,0x10,0x82,0x18,0x24,0x29,0x24,0x31,0xa5,0x49,0x44,0x49,0x85,0x49,0x44,0x39,0x03,0x31,
    0x23,0x39,0x23,0x31,0x61,0x08,0x40,0x08,0x61,0x08,0x61,0x08,0x61,0x08,0x61,0x08,0x81,0x10,0x81,0x08,0x41,0x08,0x40,0x08,
    0x21,0x08,0x81,0x10,0xc3,0x18,0xc2,0x18,0x82,0x10,0x61,0x08,0x41,0x08,0x20,0x00,0x21,0x00,0x40,0x08,0x81,0x08,0x81,0x10,
    0x60,0x00,0x61,0x08,0xa1,0x10,0xc0,0x10,0xe1,0x10,0xc1,0x10,0xa0,0x08,0x61,0x08,0x60,0x08,0x61,0x08,0x81,0x08,0x81,0x08,
    0x60,0x08,0x41,0x00,0x40,0x08,0x40,0x00,0x40,0x08,0x41,0x00,0x40,0x08,0xe3,0x10,0x65,0x21,0x65,0x29,0x85,0x29,0xe2,0x10,
    0x61,0x08,0x81,0x08,0x60,0x08,0x60,0x08,0x61,0x08,0x60,0x08,0x81,0x08,0xa1,0x10,0xa1,0x2a,0xe1,0x21,0xa1,0x19,0x61,0x19,
    0x01,0x19,0x23,0x32,0x08,0x74,0x24,0x4b,0xc2,0x21,0xc2,0x21,0x62,0x19,0xe1,0x10,0x61,0x08,0x40,0x00,0xa1,0x10,0xa2,0x21,
    0x86,0x4a,0xe9,0x5a,0xa8,0x52,0xc5,0x31,0x42,0x11,0x82,0x42,0x84,0x5b,0x64,0x53,0x23,0x43,0x42,0x43,0x61,0x4b,0x81,0x4b,
    0xc1,0x53,0xe3,0x53,0x41,0x2a,0x61,0x08,0x80,0x08,0xa1,0x08,0x80,0x10,0xa1,0x08,0x80,0x08,0x60,0x08,0x40,0x00,0x20,0x08,
    0x61,0x08,0x61,0x08,0x80,0x10,0x81,0x08,0x60,0x08,0x61,0x08,0x40,0x00,0x40,0x08,0x61,0x08,0x40,0x00,0xe2,0x28,0xc3,0x61,
    0xc4,0x61,0x46,0x72,0x86,0x82,0xa7,0x82,0xc8,0x82,0xa7,0x82,0xc8,0x7a,0xc8,0x82,0x28,0x93,0x66,0x82,0x83,0x61,0xe5,0x69,
    0xa4,0x59,0xc3,0x30,0xc2,0x20,0x81,0x18,0x61,0x18,0x81,0x20,0xe3,0x30,0x64,0x49,0x68,0x72,0x4b,0x93,0xab,0xa3,0xec,0xab,
    0x2e,0xac,0x8f,0xbc,0x11,0xc5,0x72,0xd5,0x11,0xcd,0x52,0xcd,0xf2,0xc4,0xcd,0xa3,0xeb,0x82,0x48,0x6a,0x08,0x62,0xaa,0x6a,
    0x0c,0x7b,0x2c,0x7b,0x2d,0x7b,0x4d,0x83,0x0c,0x7b,0x0b,0x83,0x0c,0x7b,0x89,0x72,0xea,0x7a,0x8c,0x93,0x2e,0xac,0x32,0xc5,
    0x95,0xcd,0x95,0xc5,0xb2,0xac,0xeb,0x72,0x04,0x31,0x04,0x29,0x24,0x31,0x03,0x29,0x03,0x29,0x25,0x31,0x44,0x39,0xa5,0x51,
    0x84,0x49,0xa5,0x51,0x84,0x41,0x23,0x39,0x23,0x39,0x03,0x31,0x81,0x10,0x21,0x00,0x40,0x08,0x20,0x08,0x21,0x00,0x40,0x08,
    0x61,0x08,0x61,0x08,0x41,0x08,0x40,0x08,0x41,0x00,0x61,0x08,0xa2,0x10,0xc2,0x18,0xa2,0x10,0x82,0x10,0x61,0x08,0x41,0x08,
    0x41,0x08,0x81,0x08,0x21,0x19,0x01,0x19,0x80,0x08,0x41,0x08,0xa1,0x10,0xa1,0x10,0x80,0x08,0x60,0x08,0x41,0x08,0x61,0x08,
    0x61,0x08,0x81,0x08,0x81,0x08,0x81,0x08,0x61,0x08,0x40,0x00,0x40,0x00,0x20,0x08,0x20,0x00,0x40,0x08,0x41,0x08,0x60,0x08,
    0x61,0x08,0xa1,0x08,0xc1,0x10,0xa1,0x10,0x61,0x08,0x60,0x00,0x61,0x08,0x60,0x00,0x81,0x08,0x61,0x08,0x41,0x08,0xa1,0x10,
    0xe2,0x3a,0x41,0x22,0xe1,0x21,0xc1,0x21,0x81,0x19,0xc2,0x21,0x06,0x5b,0x85,0x42,0xc1,0x08,0x81,0x10,0x81,0x08,0x41,0x08,
    0x40,0x08,0xc1,0x10,0xa3,0x29,0xa6,0x4a,0x8a,0x6b,0x6b,0x6b,0x2a,0x63,0x89,0x52,0x23,0x21,0x61,0x21,0x42,0x32,0xe3,0x42,
    0x24,0x4b,0x45,0x4b,0x23,0x3b,0x02,0x43,0x42,0x43,0x03,0x54,0x63,0x4b,0x01,0x11,0x81,0x08,0xa1,0x10,0xa1,0x10,0xa1,0x10,
    0x61,0x08,0x40,0x00,0x21,0x00,0x40,0x08,0x61,0x08,0x81,0x10,0xc1,0x10,0xc1,0x10,0x60,0x08,0x20,0x08,0x40,0x00,0x40,0x00,
    0x60,0x08,0x81,0x08,0x02,0x31,0x84,0x59,0xe5,0x69,0x45,0x7a,0x87,0x82,0xc7,0x82,0xa7,0x82,0xa8,0x82,0xa7,0x82,0xe8,0x82,
    0x08,0x93,0x05,0x72,0xa4,0x61,0x05,0x72,0x03,0x41,0x03,0x31,0xa2,0x20,0x41,0x10,0x61,0x18,0x82,0x18,0xe3,0x38,0xa5,0x51,
    0xa8,0x72,0x4b,0x8b,0xcc,0xa3,0x0d,0xac,0x4e,0xb4,0xb0,0xbc,0x31,0xcd,0x52,0xcd,0x52,0xd5,0x12,0xc5,0xee,0xa3,0xea,0x8a,
    0x07,0x6a,0xc7,0x59,0x2c,0x83,0xeb,0x72,0xa7,0x49,0x45,0x39,0xc7,0x49,0x49,0x5a,0x28,0x5a,0xe7,0x61,0x89,0x72,0x4c,0x83,
    0x8e,0x8b,0x2e,0xa4,0x8f,0xb4,0x32,0xcd,0xb5,0xd5,0x95,0xcd,0x74,0xc5,0x2f,0x9c,0xeb,0x7a,0x69,0x6a,0x28,0x62,0xc7,0x51,
    0x65,0x49,0x03,0x39,0x24,0x39,0xe6,0x59,0x84,0x49,0x85,0x51,0xa5,0x41,0x04,0x31,0x23,0x39,0x24,0x31,0xe2,0x20,0x61,0x08,
    0x20,0x08,0x21,0x00,0x40,0x08,0x21,0x08,0x60,0x08,0x61,0x08,0x41,0x08,0x20,0x08,0x61,0x08,0x61,0x10,0x82,0x10,0xc3,0x18,
    0xe3,0x20,0xa2,0x10,0x82,0x10,0x82,0x10,0x81,0x10,0xa1,0x10,0x62,0x21,0x21,0x21,0x61,0x08,0x40,0x00,0xa0,0x08,0xa1,0x10,
    0x80,0x08,0x61,0x00,0x60,0x08,0x61,0x08,0xa1,0x10,0xa2,0x08,0xa1,0x10,0x81,0x08,0x61,0x08,0x60,0x00,0x40,0x08,0x20,0x00,
    0x21,0x00,0x40,0x08,0x61,0x00,0x61,0x08,0x61,0x08,0x81,0x08,0xc1,0x10,0xa1,0x08,0x81,0x08,0x61,0x08,0x81,0x08,0x60,0x08,
    0x81,0x08,0x60,0x10,0x41,0x08,0x40,0x08,0xe2,0x32,0xa1,0x32,0x41,0x2a,0x02,0x22,0x01,0x2a,0x81,0x19,0x62,0x19,0x42,0x19,
    0xc1,0x10,0xa1,0x08,0x61,0x08,0x61,0x08,0x80,0x08,0x02,0x19,0x83,0x29,0x65,0x3a,0x2a,0x63,0xc9,0x52,0x0a,0x5b,0x89,0x4a,
    0x02,0x19,0x01,0x11,0x02,0x2a,0xc4,0x3a,0xe4,0x42,0xc3,0x3a,0xc3,0x32,0x03,0x2a,0x61,0x11,0x42,0x2a,0x22,0x43,0xa1,0x19,
    0x80,0x08,0x81,0x08,0x81,0x08,0x81,0x08,0x60,0x08,0x20,0x08,0x20,0x00,0x40,0x08,0x61,0x08,0xa1,0x10,0xc1,0x18,0xc2,0x10,
    0x61,0x08,0x40,0x08,0x61,0x08,0x40,0x00,0x41,0x08,0xa1,0x18,0x23,0x41,0xa3,0x61,0xe5,0x69,0x25,0x72,0xa7,0x82,0xc8,0x8a,
    0x87,0x82,0xc7,0x82,0x88,0x7a,0x28,0x93,0xe8,0x92,0xc4,0x69,0xe5,0x71,0xa4,0x59,0xe3,0x38,0x02,0x31,0x61,0x18,0x41,0x10,
    0x61,0x10,0x81,0x20,0x03,0x31,0xe6,0x59,0xa9,0x7a,0x8b,0x93,0xed,0xa3,0x2e,0xac,0xaf,0xbc,0xf0,0xc4,0x11,0xcd,0x31,0xcd,
    0xf1,0xc4,0x2e,0xb4,0x2b,0x93,0x68,0x72,0xa6,0x51,0x68,0x6a,0xc6,0x49,0x61,0x18,0x20,0x10,0x81,0x18,0xab,0x52,0x71,0x8c,
    0x2c,0x6b,0x45,0x49,0x28,0x6a,0xad,0x93,0xce,0x93,0x50,0xac,0xd0,0xbc,0x32,0xcd,0xb5,0xd5,0xd5,0xd5,0x95,0xcd,0x14,0xc5,
    0x8d,0x83,0xaa,0x72,0x28,0x62,0xa5,0x51,0x45,0x49,0x03,0x41,0x85,0x49,0x06,0x5a,0x85,0x51,0xa5,0x51,0xa5,0x49,0x23,0x39,
    0x03,0x31,0x03,0x31,0x24,0x31,0xe2,0x18,0x40,0x08,0x20,0x00,0x20,0x08,0x41,0x08,0x41,0x08,0x61,0x08,0x40,0x08,0x20,0x00,
    0x61,0x08,0x61,0x08,0x61,0x08,0xe3,0x18,0x24,0x21,0xe3,0x20,0xc3,0x18,0xa2,0x10,0x61,0x08,0x61,0x08,0xc1,0x10,0xc1,0x10,
    0x40,0x00,0x40,0x08,0x81,0x08,0xa0,0x10,0x80,0x08,0x80,0x08,0x80,0x08,0x81,0x08,0xa1,0x08,0xa2,0x10,0x81,0x08,0x81,0x08,
    0x61,0x08,0xc2,0x10,0x61,0x08,0x20,0x00,0x41,0x08,0x40,0x00,0x40,0x08,0x61,0x00,0x60,0x08,0xa1,0x10,0x62,0x21,0x21,0x21,
    0x81,0x00,0x80,0x08,0x81,0x08,0x81,0x08,0x81,0x10,0x81,0x10,0x81,0x08,0x40,0x00,0xe2,0x3a,0xa2,0x32,0xc2,0x19,0x61,0x19,
    0x61,0x19,0x21,0x11,0x01,0x11,0x21,0x11,0x22,0x19,0x21,0x11,0x01,0x19,0xc1,0x08,0x81,0x08,0xc1,0x10,0x02,0x19,0xc4,0x31,
    0x25,0x3a,0x83,0x19,0x69,0x4a,0xe6,0x31,0xa1,0x08,0x21,0x19,0x22,0x32,0x82,0x32,0x82,0x2a,0xa2,0x32,0x63,0x32,0x42,0x19,
    0x60,0x08,0x80,0x08,0x81,0x21,0x62,0x19,0x81,0x08,0x60,0x08,0x40,0x08,0x61,0x08,0x61,0x08,0x61,0x08,0x20,0x08,0x40,0x00,
    0x41,0x08,0x61,0x08,0x61,0x08,0x60,0x10,0x60,0x08,0x40,0x00,0x40,0x08,0x40,0x08,0x41,0x08,0x81,0x10,0x63,0x49,0xa4,0x61,
    0xe5,0x69,0x45,0x7a,0xc7,0x8a,0xc7,0x82,0x87,0x7a,0xa7,0x82,0xc8,0x82,0x28,0x93,0xc7,0x8a,0xc4,0x71,0x25,0x72,0x43,0x59,
    0xe2,0x38,0xc3,0x28,0x61,0x10,0x41,0x10,0x61,0x10,0x81,0x18,0x24,0x39,0x06,0x62,0xe9,0x82,0xac,0x9b,0x2e,0xac,0x8f,0xb4,
    0xd0,0xc4,0x11,0xc5,0x11,0xc5,0x11,0xc5,0x8f,0xbc,0xcc,0xab,0x0a,0x93,0x07,0x72,0xa6,0x51,0x24,0x39,0x82,0x18,0x81,0x20,
    0xc2,0x20,0x03,0x31,0xeb,0x62,0x6e,0x7b,0x2c,0x7b,0xca,0x7a,0x2c,0x8b,0x4c,0x83,0xae,0x93,0x4f,0xa4,0xf2,0xbc,0x52,0xcd,
    0xb4,0xd5,0xd5,0xdd,0xd6,0xd5,0x95,0xcd,0xb2,0xac,0x6d,0x83,0x0c,0x7b,0xcb,0x72,0xa9,0x72,0x48,0x62,0x27,0x62,0x68,0x6a,
    0xc5,0x59,0x85,0x51,0xa5,0x49,0x44,0x39,0x03,0x39,0xe3,0x30,0x43,0x31,0x64,0x29,0x03,0x19,0xa1,0x10,0x41,0x00,0x20,0x08,
    0x40,0x08,0x41,0x08,0x40,0x08,0x20,0x08,0x21,0x00,0x41,0x08,0x41,0x08,0xc3,0x18,0x24,0x21,0x24,0x21,0xc3,0x18,0xa1,0x10,
    0x81,0x08,0x61,0x08,0x60,0x00,0x60,0x08,0x41,0x00,0x40,0x08,0x80,0x08,0xa1,0x08,0x80,0x08,0x81,0x08,0xa0,0x00,0xa0,0x08,
    0x61,0x08,0x60,0x08,0x61,0x08,0x40,0x00,0xc2,0x10,0x45,0x31,0xc3,0x18,0x40,0x00,0xc2,0x18,0xe3,0x10,0x60,0x08,0x61,0x08,
    0x61,0x08,0xc1,0x10,0xe4,0x39,0xc3,0x39,0xa1,0x08,0xc2,0x10,0xa1,0x10,0x61,0x10,0x81,0x08,0xc1,0x18,0x01,0x19,0x81,0x10,
    0x42,0x2a,0x02,0x2a,0x22,0x19,0xe1,0x10,0x01,0x11,0x01,0x11,0x21,0x11,0x21,0x11,0x42,0x19,0x62,0x19,0x82,0x19,0x42,0x19,
    0xc0,0x10,0xc1,0x08,0xe1,0x10,0x63,0x21,0x42,0x21,0xa1,0x08,0x23,0x21,0xc2,0x10,0x81,0x08,0x21,0x19,0x02,0x2a,0x41,0x2a,
    0x62,0x2a,0x63,0x32,0xc3,0x21,0xa0,0x08,0x81,0x08,0x60,0x08,0x81,0x08,0x81,0x08,0x61,0x10,0x61,0x08,0x40,0x00,0x40,0x08,
    0x61,0x08,0x60,0x08,0x21,0x08,0x20,0x00,0x20,0x08,0x20,0x00,0x20,0x08,0x20,0x00,0x41,0x08,0x60,0x08,0x41,0x08,0x40,0x00,
    0x40,0x08,0xa2,0x18,0x63,0x51,0xa4,0x61,0xe4,0x69,0x66,0x72,0xc7,0x8a,0x66,0x7a,0x66,0x7a,0xa8,0x82,0xe8,0x8a,0x08,0x93,
    0xa6,0x8a,0xe4,0x71,0x05,0x72,0x23,0x41,0x03,0x39,0xa2,0x20,0x40,0x08,0x40,0x10,0x41,0x10,0x82,0x20,0x23,0x31,0x27,0x62,
    0x0a,0x8b,0xed,0xa3,0x6f,0xb4,0xd0,0xc4,0x11,0xc5,0x11,0xcd,0x11,0xc5,0xf0,0xc4,0x6f,0xbc,0xac,0xa3,0xe9,0x92,0xe7,0x69,
    0x44,0x49,0x85,0x51,0x28,0x62,0xe7,0x59,0xc7,0x51,0x28,0x5a,0x8a,0x72,0x8a,0x72,0x89,0x7a,0xcb,0x82,0x6d,0x8b,0xae,0x93,
    0x0f,0x9c,0xb1,0xb4,0x32,0xc5,0x73,0xd5,0xd5,0xd5,0xf5,0xdd,0x16,0xe6,0xd6,0xd5,0x54,0xcd,0x71,0xa4,0x8e,0x83,0x6d,0x83,
    0x2d,0x83,0xeb,0x72,0x68,0x6a,0x88,0x72,0xe6,0x59,0x64,0x49,0xa5,0x51,0x44,0x39,0x03,0x39,0xe3,0x30,0x23,0x39,0x03,0x19,
    0xe2,0x20,0x03,0x21,0x81,0x10,0x41,0x08,0x40,0x08,0x21,0x00,0x40,0x08,0x40,0x08,0x40,0x08,0x40,0x08,0x40,0x08,0x81,0x08,
    0xc3,0x18,0xe3,0x20,0x81,0x10,0x81,0x08,0x81,0x08,0x61,0x08,0x60,0x08,0x41,0x00,0x60,0x08,0x40,0x00,0x60,0x08,0x81,0x08,
    0x80,0x08,0xa0,0x08,0xa1,0x08,0xc0,0x08,0x80,0x08,0x40,0x00,0x21,0x00,0x20,0x00,0xa2,0x10,0x25,0x29,0xc2,0x10,0x40,0x00,
    0x44,0x29,0xe8,0x41,0x03,0x19,0x60,0x08,0x81,0x08,0xe1,0x10,0xc3,0x29,0x04,0x42,0x22,0x19,0x03,0x29,0xe2,0x18,0x61,0x08,
    0xc1,0x18,0x22,0x19,0x62,0x29,0x22,0x21,0xc3,0x29,0xc3,0x21,0x63,0x19,0x02,0x11,0x01,0x11,0x21,0x11,0x21,0x19,0x21,0x11,
    0x41,0x11,0x42,0x19,0x62,0x19,0x82,0x19,0x21,0x19,0xa1,0x08,0xa1,0x10,0xc2,0x10,0xc1,0x10,0x81,0x08,0x60,0x08,0x61,0x08,
    0x60,0x08,0x01,0x19,0xe2,0x29,0x42,0x2a,0x84,0x32,0x85,0x3a,0x05,0x32,0xa3,0x21,0x02,0x11,0x81,0x08,0x80,0x08,0x61,0x08,
    0x81,0x08,0x61,0x08,0x41,0x08,0x40,0x08,0x20,0x00,0x20,0x00,0x20,0x00,0x21,0x08,0x20,0x00,0x20,0x08,0x00,0x00,0x20,0x00,
    0x41,0x08,0x40,0x08,0x40,0x08,0x41,0x08,0x40,0x08,0x03,0x31,0x83,0x59,0xa3,0x59,0x05,0x6a,0x46,0x7a,0xa6,0x82,0x46,0x7a,
    0x66,0x7a,0x08,0x8b,0xe8,0x8a,0x28,0x9b,0x46,0x82,0x05,0x72,0xe4,0x71,0x03,0x49,0xe3,0x30,0x81,0x18,0x21,0x08,0x41,0x10,
    0x41,0x10,0x81,0x18,0x04,0x31,0x48,0x6a,0x2b,0x8b,0xed,0xa3,0x6f,0xb4,0xf1,0xc4,0x31,0xcd,0x32,0xcd,0x52,0xcd,0x11,0xc5,
    0xaf,0xbc,0x0e,0xac,0x8c,0xa3,0x0b,0x93,0x2b,0x8b,0xea,0x8a,0xa8,0x82,0x48,0x7a,0x07,0x6a,0xe7,0x69,0x27,0x6a,0xaa,0x7a,
    0x4c,0x8b,0xce,0x9b,0xef,0x93,0x30,0x9c,0xb1,0xac,0x12,0xbd,0x73,0xcd,0xb4,0xd5,0xd5,0xdd,0x16,0xe6,0x37,0xe6,0x37,0xe6,
    0xb5,0xdd,0x75,0xcd,0x91,0xac,0xad,0x8b,0x8d,0x8b,0x2c,0x83,0x89,0x72,0x68,0x72,0xe5,0x59,0x64,0x51,0xe6,0x51,0x44,0x41,
    0x23,0x39,0xe2,0x30,0x23,0x31,0xa2,0x18,0x61,0x08,0xc2,0x18,0x81,0x10,0x41,0x08,0x41,0x08,0x40,0x08,0x41,0x08,0x61,0x08,
    0x62,0x10,0x61,0x08,0x41,0x08,0x41,0x08,0x61,0x10,0x81,0x08,0x61,0x08,0x61,0x08,0x61,0x08,0x60,0x08,0x61,0x08,0x60,0x08,
    0x60,0x00,0x41,0x08,0x40,0x00,0x60,0x08,0x80,0x08,0xa1,0x08,0xc1,0x08,0xe1,0x10,0xe1,0x10,0x81,0x10,0x40,0x08,0x20,0x00,
    0x41,0x08,0x81,0x08,0x61,0x08,0x20,0x00,0x24,0x19,0x8a,0x5a,0x85,0x29,0x61,0x08,0xc1,0x08,0x01,0x19,0x42,0x21,0x83,0x29,
    0xc1,0x18,0xc2,0x10,0xa2,0x18,0x41,0x08,0xc1,0x18,0x42,0x21,0x02,0x19,0x62,0x29,0xe3,0x31,0xa3,0x29,0x43,0x21,0x23,0x19,
    0x22,0x19,0x21,0x21,0x41,0x21,0x01,0x11,0x20,0x11,0x41,0x11,0x61,0x19,0xa2,0x19,0x62,0x19,0xa0,0x08,0x81,0x08,0xc1,0x10,
    0x21,0x11,0x41,0x19,0x20,0x11,0x00,0x09,0xe1,0x10,0x61,0x19,0x03,0x32,0x45,0x3a,0x65,0x3a,0x86,0x42,0x45,0x32,0x04,0x32,
    0x42,0x19,0xa1,0x10,0xe1,0x10,0xe1,0x10,0x81,0x08,0x60,0x08,0x61,0x08,0x20,0x08,0x41,0x00,0x20,0x08,0x00,0x00,0x20,0x00,
    0x20,0x00,0x20,0x00,0x20,0x00,0x20,0x00,0x20,0x00,0x20,0x00,0x40,0x08,0x60,0x08,0x41,0x08,0x02,0x31,0x83,0x51,0xa4,0x59,
    0x05,0x72,0x46,0x72,0xa7,0x82,0x05,0x72,0x87,0x82,0x08,0x93,0xe8,0x8a,0xe7,0x92,0x04,0x7a,0x45,0x82,0xa4,0x69,0x43,0x49,
    0xa2,0x28,0x61,0x10,0x20,0x08,0x41,0x10,0x61,0x10,0x82,0x20,0x03,0x31,0x47,0x62,0x4b,0x8b,0xed,0xa3,0x8f,0xbc,0xf1,0xc4,
    0x72,0xd5,0x93,0xd5,0xb3,0xdd,0x93,0xd5,0x53,0xcd,0xf2,0xc4,0xf1,0xbc,0xd1,0xbc,0xb0,0xbc,0x2f,0xac,0xad,0xa3,0x4b,0x9b,
    0x4b,0x93,0x6c,0x93,0xce,0xa3,0x2f,0xa4,0x50,0xa4,0x30,0xa4,0x50,0xa4,0xd2,0xb4,0x33,0xbd,0x73,0xc5,0xb4,0xd5,0xd5,0xdd,
    0xf5,0xdd,0x35,0xe6,0x36,0xe6,0x36,0xe6,0xf6,0xe5,0xb5,0xd5,0x75,0xc5,0x92,0xac,0xad,0x8b,0x4c,0x83,0xa9,0x72,0x68,0x6a,
    0xe6,0x59,0x64,0x49,0xe6,0x59,0x64,0x41,0x03,0x31,0xe3,0x30,0x03,0x31,0xa1,0x20,0x41,0x08,0x41,0x08,0x41,0x08,0x41,0x08,
    0x41,0x08,0x41,0x08,0x41,0x08,0x62,0x10,0x82,0x10,0x82,0x10,0x61,0x08,0x20,0x08,0x41,0x08,0x82,0x10,0x81,0x10,0x61,0x08,
    0x80,0x08,0x61,0x08,0x60,0x00,0x61,0x08,0x40,0x08,0x61,0x00,0x81,0x08,0x60,0x08,0x41,0x00,0x80,0x08,0xc1,0x10,0x02,0x19,
    0x43,0x19,0x43,0x21,0xa2,0x10,0x40,0x08,0x41,0x08,0x40,0x08,0x40,0x08,0x20,0x08,0x03,0x19,0x49,0x4a,0x44,0x21,0x40,0x00,
    0xa1,0x10,0x83,0x31,0x62,0x29,0xe2,0x10,0x41,0x08,0x40,0x00,0x41,0x08,0x20,0x00,0x41,0x08,0xc1,0x10,0x81,0x10,0xe1,0x10,
    0x42,0x21,0x42,0x19,0x02,0x11,0x02,0x19,0x62,0x21,0x61,0x21,0x61,0x19,0x01,0x11,0xc1,0x10,0xe0,0x10,0x21,0x11,0x62,0x19,
    0x82,0x21,0x01,0x11,0xe0,0x10,0x81,0x19,0xe1,0x21,0xc1,0x19,0xc1,0x21,0xc1,0x19,0xc2,0x21,0x02,0x2a,0x02,0x22,0x24,0x32,
    0x25,0x32,0x24,0x32,0x04,0x22,0xa3,0x29,0x42,0x21,0x01,0x19,0x01,0x19,0x42,0x21,0x22,0x21,0x81,0x08,0x41,0x08,0x41,0x08,
    0x20,0x08,0x21,0x00,0x20,0x00,0x20,0x00,0x20,0x08,0x20,0x00,0x01,0x08,0x20,0x00,0x20,0x08,0x21,0x08,0x20,0x00,0x41,0x08,
    0x41,0x08,0x43,0x39,0x63,0x59,0xa3,0x59,0xc4,0x69,0x66,0x7a,0x46,0x82,0x25,0x72,0xe8,0x8a,0xe7,0x8a,0x28,0x93,0xc7,0x92,
    0x25,0x7a,0x45,0x82,0xa4,0x61,0x03,0x39,0xa2,0x28,0x81,0x10,0x21,0x08,0x40,0x08,0x61,0x10,0xa2,0x20,0x03,0x31,0x07,0x5a,
    0x6c,0x93,0x0e,0xa4,0x8f,0xbc,0x31,0xcd,0x93,0xd5,0xf4,0xdd,0x15,0xe6,0x36,0xde,0xf5,0xdd,0xd5,0xd5,0xd5,0xdd,0x94,0xd5,
    0x54,0xcd,0x32,0xcd,0x12,0xc5,0x12,0xc5,0x13,0xc5,0x12,0xbd,0xd2,0xb4,0xb2,0xb4,0x91,0xac,0x71,0xac,0xd2,0xac,0x13,0xbd,
    0x54,0xc5,0x94,0xcd,0xd5,0xdd,0x15,0xde,0x35,0xe6,0x16,0xee,0x15,0xee,0x57,0xee,0x37,0xe6,0xb6,0xd5,0x74,0xcd,0x54,0xbd,
    0x30,0x9c,0x2c,0x83,0xa9,0x72,0x68,0x72,0xc5,0x59,0x64,0x49,0xe6,0x59,0x65,0x41,0x23,0x39,0x03,0x31,0x02,0x31,0xa2,0x18,
    0x40,0x08,0x41,0x08,0x41,0x08,0x40,0x08,0x61,0x08,0x41,0x08,0x41,0x08,0x61,0x08,0x81,0x08,0x82,0x10,0x81,0x10,0x41,0x08,
    0x40,0x00,0x81,0x10,0xa2,0x10,0xa1,0x10,0xa1,0x10,0x61,0x08,0x60,0x08,0x61,0x08,0x60,0x00,0xe2,0x10,0x65,0x31,0x03,0x19,
    0x60,0x08,0x40,0x00,0xa1,0x08,0xe2,0x18,0x84,0x29,0x69,0x4a,0xe6,0x39,0xe2,0x10,0x81,0x10,0x61,0x08,0x40,0x08,0x40,0x00,
    0x44,0x21,0x49,0x4a,0x03,0x19,0x40,0x08,0x61,0x08,0x22,0x19,0xa3,0x31,0xa1,0x10,0x00,0x00,0x20,0x00,0x20,0x00,0x20,0x00,
    0x20,0x00,0x41,0x08,0x40,0x00,0x41,0x08,0xc1,0x10,0xc1,0x08,0xe1,0x10,0x62,0x21,0x62,0x21,0xe2,0x31,0xc4,0x4a,0xc2,0x29,
    0x80,0x08,0x80,0x08,0xa0,0x08,0x01,0x11,0x21,0x11,0x00,0x11,0x21,0x11,0xe2,0x21,0x01,0x22,0xe1,0x19,0x01,0x22,0x22,0x2a,
    0x02,0x2a,0xe3,0x29,0x03,0x2a,0x43,0x3a,0x43,0x2a,0xe3,0x21,0xa3,0x21,0x42,0x21,0x02,0x21,0x22,0x21,0x02,0x19,0x22,0x21,
    0x43,0x29,0xa1,0x10,0x40,0x08,0x41,0x00,0x40,0x08,0x21,0x08,0x20,0x00,0x20,0x00,0x00,0x00,0x20,0x00,0x20,0x00,0x20,0x08,
    0x20,0x00,0x40,0x00,0x41,0x08,0x20,0x08,0x61,0x10,0x63,0x41,0x63,0x51,0x84,0x59,0xe4,0x69,0x66,0x7a,0x46,0x7a,0x87,0x7a,
    0xc7,0x8a,0xc7,0x8a,0x28,0x93,0x86,0x8a,0x25,0x82,0x45,0x82,0x63,0x59,0xc2,0x30,0xe3,0x28,0x62,0x18,0x20,0x08,0x41,0x10,
    0x41,0x10,0xa2,0x20,0x04,0x31,0xa5,0x51,0x4b,0x8b,0x0e,0xac,0x8f,0xb4,0x32,0xcd,0xd4,0xdd,0x15,0xe6,0x56,0xe6,0x56,0xe6,
    0x57,0xe6,0x36,0xde,0x36,0xde,0xf6,0xdd,0xf5,0xdd,0xb5,0xd5,0xb5,0xd5,0x94,0xcd,0x54,0xcd,0x13,0xbd,0xf3,0xbc,0xd2,0xb4,
    0xd2,0xb4,0xf3,0xb4,0x13,0xb5,0x54,0xbd,0x74,0xcd,0xb4,0xcd,0xd5,0xdd,0x36,0xe6,0x15,0xe6,0x15,0xee,0x57,0xee,0x15,0xe6,
    0x53,0xd5,0xd1,0xc4,0x91,0xac,0x71,0xac,0x0e,0x9c,0x4c,0x83,0xca,0x7a,0x68,0x6a,0xa5,0x59,0x64,0x49,0xe6,0x51,0x64,0x41,
    0x23,0x39,0x03,0x31,0xe2,0x30,0xc2,0x20,0x41,0x08,0x41,0x00,0x40,0x08,0x41,0x08,0x61,0x08,0x61,0x08,0x40,0x08,0x41,0x08,
    0x61,0x08,0x61,0x08,0x41,0x08,0x40,0x08,0x21,0x08,0x41,0x08,0x61,0x10,0xa1,0x10,0xa1,0x10,0x81,0x08,0x61,0x08,0x80,0x08,
    0xa1,0x10,0x24,0x21,0x07,0x3a,0xe6,0x39,0xe2,0x18,0x81,0x08,0x80,0x08,0xa1,0x08,0x24,0x21,0x49,0x4a,0x69,0x52,0xa5,0x31,
    0xe2,0x18,0x81,0x08,0x20,0x00,0x40,0x00,0xc6,0x31,0xab,0x5a,0x44,0x21,0x40,0x00,0x40,0x08,0x81,0x08,0x02,0x21,0xa1,0x18,
    0x20,0x00,0x20,0x08,0x21,0x00,0x20,0x08,0x20,0x00,0x20,0x00,0x21,0x08,0x40,0x00,0xa1,0x08,0xa0,0x08,0xa2,0x29,0xa4,0x4a,
    0x81,0x21,0xc1,0x29,0xc4,0x4a,0xa2,0x29,0x61,0x00,0x60,0x08,0x80,0x08,0xe1,0x10,0x00,0x11,0x01,0x11,0x01,0x11,0xe2,0x29,
    0x62,0x22,0x41,0x2a,0x02,0x22,0xc3,0x29,0xc3,0x29,0xe4,0x31,0x24,0x32,0xc3,0x42,0x65,0x53,0x84,0x3a,0xe2,0x10,0x81,0x10,
    0x81,0x08,0xc1,0x10,0xc1,0x10,0x21,0x19,0x22,0x19,0xa1,0x10,0x20,0x00,0x20,0x08,0x21,0x00,0x40,0x08,0x41,0x08,0x20,0x00,
    0x20,0x08,0x00,0x00,0x20,0x08,0x40,0x00,0x21,0x08,0x40,0x08,0x20,0x00,0x41,0x08,0xa2,0x18,0x43,0x49,0x63,0x51,0xa3,0x61,
    0xe5,0x69,0x46,0x7a,0x86,0x82,0xa7,0x82,0xa7,0x82,0xe8,0x92,0x08,0x93,0x45,0x82,0x45,0x82,0x25,0x82,0x23,0x51,0xc2,0x30,
    0xc3,0x28,0x61,0x10,0x40,0x08,0x41,0x10,0x61,0x10,0xc2,0x20,0x03,0x31,0x85,0x49,0x0a,0x8b,0x0d,0xa4,0x90,0xbc,0x31,0xcd,
    0xb4,0xdd,0x15,0xe6,0x56,0xee,0x77,0xee,0x77,0xee,0x77,0xee,0x57,0xe6,0x37,0xe6,0x16,0xde,0xf6,0xdd,0xd6,0xdd,0xb5,0xd5,
    0x74,0xcd,0x34,0xc5,0x13,0xbd,0xf3,0xb4,0xf3,0xb4,0x33,0xbd,0x34,0xbd,0x54,0xc5,0x74,0xcd,0xb5,0xd5,0xd5,0xd5,0xf5,0xe5,
    0xf4,0xed,0x56,0xee,0xf4,0xe5,0x11,0xd5,0xaf,0xc4,0x0e,0xac,0xad,0x9b,0xcd,0x9b,0x6c,0x8b,0x8d,0x8b,0xca,0x7a,0x27,0x6a,
    0x85,0x51,0x64,0x49,0xe6,0x59,0x85,0x41,0x23,0x39,0xe3,0x30,0xe3,0x30,0xe2,0x28,0x61,0x08,0x02,0x19,0x44,0x42,0x82,0x29,
    0x61,0x08,0x41,0x08,0x21,0x08,0x40,0x08,0x41,0x08,0x20,0x08,0x20,0x00,0x41,0x08,0x40,0x08,0x41,0x00,0x41,0x08,0x61,0x08,
    0x81,0x10,0xa1,0x08,0xc2,0x10,0xe2,0x10,0xe3,0x20,0x64,0x21,0xe7,0x39,0x27,0x42,0xe5,0x31,0x85,0x31,0xc2,0x10,0x40,0x08,
    0x61,0x08,0xe3,0x10,0x65,0x29,0x84,0x29,0x84,0x29,0x41,0x21,0x80,0x08,0xc2,0x10,0x89,0x4a,0x2d,0x6b,0xe6,0x31,0x61,0x08,
    0x60,0x08,0x40,0x00,0x61,0x08,0x61,0x08,0x41,0x08,0x20,0x00,0x20,0x08,0x20,0x00,0x20,0x00,0x20,0x08,0x20,0x00,0x20,0x08,
    0xa0,0x08,0xa0,0x08,0xc3,0x31,0x23,0x32,0x20,0x11,0x41,0x21,0x02,0x32,0x41,0x19,0x80,0x08,0xc1,0x08,0xe2,0x10,0x42,0x11,
    0x22,0x11,0x41,0x11,0x41,0x19,0xc2,0x21,0xc4,0x3a,0x43,0x2a,0x62,0x19,0x41,0x19,0x83,0x21,0xa3,0x21,0x23,0x2a,0x45,0x53,
    0x69,0x7c,0x0a,0x7c,0xe1,0x08,0x00,0x00,0x61,0x08,0xa2,0x10,0xe1,0x18,0x22,0x19,0x02,0x21,0xe2,0x18,0x41,0x00,0x20,0x00,
    0x20,0x08,0x20,0x00,0x21,0x08,0x41,0x08,0x20,0x00,0x41,0x08,0x20,0x00,0x40,0x08,0x40,0x00,0x61,0x08,0x40,0x08,0x40,0x08,
    0xe2,0x20,0x63,0x49,0x64,0x51,0xa4,0x61,0xe4,0x69,0x66,0x7a,0xc7,0x82,0xc7,0x8a,0x86,0x82,0x08,0x93,0xe7,0x92,0x45,0x82,
    0x86,0x8a,0x04,0x7a,0x03,0x49,0xe3,0x30,0xc2,0x28,0x62,0x18,0x41,0x08,0x41,0x10,0xa2,0x18,0xc3,0x28,0xe3,0x28,0x64,0x49,
    0xea,0x82,0xed,0xa3,0x8f,0xbc,0x11,0xcd,0x93,0xd5,0x15,0xe6,0x56,0xe6,0x77,0xee,0x97,0xee,0x77,0xee,0x98,0xee,0x57,0xee,
    0x36,0xe6,0xf6,0xdd,0xf6,0xdd,0x95,0xcd,0x54,0xcd,0x34,0xc5,0x13,0xbd,0x13,0xbd,0x34,0xbd,0x34,0xc5,0x54,0xc5,0x54,0xc5,
    0x74,0xcd,0x74,0xcd,0x74,0xd5,0xd4,0xdd,0x56,0xf6,0x15,0xe6,0x4d,0xc4,0xa8,0x8a,0x68,0x7a,0x6a,0x9b,0x2a,0x93,0xea,0x82,
    0x44,0x61,0x0a,0x8b,0xeb,0x7a,0x07,0x62,0x85,0x51,0x44,0x41,0xe6,0x59,0x85,0x41,0x24,0x39,0x03,0x31,0xe2,0x30,0xe3,0x30,
    0x02,0x19,0xe2,0x29,0x26,0x74,0xa5,0x63,0x01,0x11,0x40,0x08,0x61,0x08,0x41,0x08,0x40,0x08,0x41,0x08,0x20,0x00,0x20,0x08,
    0x41,0x08,0x40,0x08,0x41,0x08,0x41,0x08,0xa2,0x10,0x24,0x21,0x85,0x31,0x44,0x29,0x24,0x21,0x44,0x29,0xc5,0x31,0x27,0x42,
    0x06,0x3a,0xe7,0x39,0x03,0x21,0x41,0x08,0x40,0x00,0x20,0x00,0x61,0x08,0x02,0x19,0xa4,0x29,0x24,0x42,0xc3,0x31,0xa5,0x29,
    0xab,0x5a,0x2c,0x63,0x28,0x4a,0xc2,0x10,0x40,0x08,0x61,0x08,0x40,0x00,0x40,0x08,0x40,0x08,0x21,0x00,0x20,0x08,0x20,0x00,
    0x21,0x00,0x20,0x08,0x21,0x00,0x40,0x08,0xa1,0x10,0xc0,0x08,0x01,0x11,0x20,0x11,0x00,0x11,0x20,0x19,0xa2,0x42,0x83,0x42,
    0x42,0x19,0x43,0x19,0x83,0x21,0x43,0x19,0x62,0x19,0xc2,0x29,0xe2,0x29,0xa2,0x21,0x23,0x32,0x62,0x19,0xc1,0x10,0xe1,0x10,
    0x01,0x11,0x01,0x11,0xa3,0x21,0xc5,0x4a,0x47,0x5b,0xc9,0x73,0x43,0x19,0xa2,0x10,0xe2,0x20,0xe2,0x18,0xe2,0x18,0xe2,0x18,
    0xc1,0x10,0xc2,0x18,0x61,0x08,0x20,0x08,0x20,0x00,0x20,0x00,0x20,0x00,0x20,0x08,0x41,0x08,0x21,0x08,0x61,0x08,0xa1,0x08,
    0xe2,0x10,0x01,0x11,0x01,0x11,0xc1,0x10,0x03,0x29,0x63,0x49,0x83,0x59,0xa4,0x59,0xe5,0x69,0x86,0x82,0xc7,0x8a,0xa7,0x82,
    0x86,0x7a,0x08,0x93,0xa6,0x8a,0x66,0x8a,0x85,0x8a,0xe5,0x71,0x03,0x49,0x03,0x39,0xc2,0x28,0x82,0x18,0x40,0x10,0x61,0x18,
    0x82,0x18,0xa2,0x20,0xc2,0x28,0x64,0x49,0xc9,0x82,0xcd,0xa3,0x6f,0xb4,0xf1,0xc4,0x72,0xd5,0xd4,0xe5,0x15,0xe6,0x76,0xee,
    0x77,0xf6,0x77,0xf6,0x97,0xee,0x56,0xee,0x16,0xe6,0xf5,0xdd,0x95,0xd5,0x53,0xcd,0x33,0xc5,0x13,0xc5,0x14,0xbd,0x34,0xc5,
    0x34,0xbd,0x54,0xc5,0x34,0xc5,0x54,0xc5,0x54,0xcd,0x13,0xc5,0x12,0xc5,0xd4,0xe5,0xd4,0xe5,0xcc,0xbb,0xe2,0x48,0x20,0x18,
    0xe3,0x58,0xa8,0x92,0xe9,0x92,0x48,0x72,0x85,0x61,0x0a,0x8b,0x0b,0x7b,0x28,0x6a,0x84,0x51,0x44,0x49,0xe6,0x51,0x84,0x49,
    0x24,0x39,0xe2,0x30,0xe3,0x30,0xe2,0x28,0x03,0x3a,0xc3,0x3a,0xab,0x84,0x8a,0x84,0x21,0x32,0xa1,0x10,0x61,0x10,0x60,0x08,
    0x41,0x08,0x20,0x00,0x20,0x00,0x41,0x08,0x40,0x00,0x41,0x08,0x20,0x00,0x41,0x08,0x03,0x19,0xc6,0x41,0xe7,0x41,0x64,0x29,
    0x03,0x19,0xc2,0x10,0x84,0x29,0xe6,0x39,0x69,0x4a,0x48,0x4a,0x03,0x19,0x40,0x08,0x41,0x08,0x20,0x08,0x60,0x08,0xc1,0x10,
    0x22,0x19,0xa3,0x29,0x45,0x42,0xe6,0x39,0xa6,0x31,0xa6,0x29,0x45,0x29,0x81,0x10,0x61,0x08,0x40,0x08,0x40,0x08,0x40,0x00,
    0x20,0x00,0x40,0x08,0x21,0x00,0x20,0x08,0x20,0x00,0x40,0x08,0x20,0x00,0x41,0x08,0xe0,0x10,0xe0,0x10,0xe1,0x10,0x00,0x19,
    0x00,0x11,0x21,0x11,0x63,0x42,0x45,0x5b,0x44,0x32,0x63,0x19,0x42,0x19,0xa3,0x21,0x84,0x42,0x42,0x32,0xa3,0x42,0x22,0x2a,
    0x21,0x11,0xc1,0x10,0x80,0x08,0x60,0x08,0x81,0x08,0x61,0x08,0x81,0x08,0xe1,0x10,0xe1,0x10,0x22,0x19,0xe2,0x18,0x23,0x21,
    0x44,0x29,0x23,0x21,0xe3,0x18,0xc2,0x18,0x41,0x00,0x60,0x08,0x20,0x00,0x40,0x00,0x21,0x08,0x20,0x00,0x20,0x00,0x21,0x00,
    0x20,0x00,0x20,0x00,0xc1,0x10,0x63,0x21,0x83,0x21,0x82,0x19,0x62,0x19,0x42,0x19,0x63,0x31,0x63,0x49,0xa4,0x59,0xc4,0x61,
    0x05,0x6a,0x86,0x7a,0xa7,0x82,0x87,0x82,0xa7,0x82,0x08,0x93,0x86,0x8a,0x86,0x8a,0x86,0x92,0xe4,0x71,0x23,0x49,0x03,0x41,
    0xa3,0x28,0x81,0x18,0x61,0x18,0x62,0x18,0x81,0x18,0xa2,0x20,0xa2,0x20,0x44,0x49,0xa9,0x7a,0xac,0x9b,0x2e,0xb4,0xaf,0xc4,
    0x31,0xcd,0x73,0xdd,0xd3,0xe5,0x15,0xe6,0x55,0xee,0x56,0xee,0x36,0xee,0x15,0xe6,0xd5,0xdd,0x74,0xdd,0x33,0xcd,0x13,0xcd,
    0x13,0xc5,0xf2,0xc4,0x13,0xc5,0x14,0xc5,0x34,0xc5,0x34,0xc5,0x34,0xc5,0x34,0xc5,0x13,0xc5,0xd2,0xbc,0xd2,0xc4,0x52,0xdd,
    0x6e,0xc4,0xa7,0x9a,0xc2,0x48,0x45,0x51,0x8b,0xa3,0x49,0x9b,0xc8,0x8a,0x4c,0x8b,0x4c,0x8b,0x0b,0x83,0x0b,0x7b,0x48,0x6a,
    0x85,0x49,0x44,0x49,0xe6,0x59,0x85,0x49,0x43,0x39,0xe3,0x30,0x03,0x31,0x02,0x31,0xa6,0x52,0x45,0x4b,0xae,0x8c,0x6c,0x7c,
    0x02,0x4b,0x82,0x21,0xa1,0x10,0xc1,0x08,0xa2,0x10,0xc2,0x10,0x81,0x08,0x61,0x08,0x40,0x08,0x21,0x08,0x40,0x08,0x40,0x08,
    0xe3,0x18,0xc6,0x39,0xa5,0x31,0x43,0x29,0xe2,0x18,0x81,0x08,0xe1,0x10,0x44,0x21,0x08,0x42,0x28,0x4a,0x04,0x19,0x60,0x08,
    0x40,0x00,0x81,0x08,0xc1,0x10,0x01,0x19,0xc1,0x10,0x81,0x08,0x02,0x19,0x23,0x29,0x82,0x08,0x40,0x00,0x40,0x00,0x41,0x08,
    0x40,0x00,0x40,0x08,0x41,0x00,0x40,0x08,0x20,0x00,0x41,0x08,0x40,0x08,0x40,0x08,0x41,0x00,0x40,0x08,0x21,0x08,0x40,0x08,
    0xe1,0x10,0xe0,0x08,0x01,0x11,0x01,0x11,0xe0,0x18,0xe0,0x10,0x21,0x19,0x03,0x32,0x03,0x32,0x61,0x19,0x41,0x11,0x44,0x3a,
    0x26,0x5b,0x83,0x32,0xa7,0x6b,0x67,0x5b,0x21,0x11,0xa0,0x10,0x61,0x08,0x61,0x08,0x40,0x08,0x61,0x08,0x40,0x08,0x41,0x08,
    0x20,0x08,0x40,0x00,0xa2,0x10,0x44,0x21,0x44,0x29,0x03,0x21,0xa1,0x08,0x41,0x08,0x20,0x08,0x21,0x00,0x20,0x08,0x40,0x08,
    0x40,0x08,0x41,0x08,0x20,0x00,0x00,0x00,0x20,0x08,0xa1,0x08,0x43,0x19,0xc3,0x21,0xc3,0x21,0xa3,0x21,0x82,0x21,0x62,0x21,
    0x83,0x31,0x63,0x49,0x83,0x51,0xc4,0x61,0x05,0x72,0x66,0x82,0x87,0x7a,0x86,0x82,0xc7,0x8a,0xe7,0x92,0x65,0x82,0xa6,0x8a,
    0x66,0x8a,0xa4,0x61,0x24,0x51,0x03,0x39,0xc2,0x30,0x82,0x18,0x61,0x18,0x61,0x18,0x82,0x18,0x82,0x18,0xa2,0x20,0x64,0x49,
    0x47,0x72,0x4a,0x93,0xcc,0xa3,0x4e,0xbc,0xb0,0xc4,0x11,0xd5,0x72,0xd5,0xd4,0xe5,0xd4,0xe5,0xd3,0xe5,0xb4,0xdd,0x94,0xe5,
    0x73,0xd5,0x32,0xd5,0x12,0xcd,0x12,0xcd,0xf2,0xc4,0xf3,0xc4,0xf2,0xc4,0x13,0xc5,0x13,0xc5,0x13,0xc5,0x14,0xc5,0x13,0xbd,
    0x13,0xbd,0xb2,0xbc,0x91,0xb4,0x8f,0xbc,0x6a,0xab,0x87,0x8a,0xea,0x92,0xed,0xab,0x2e,0xac,0xac,0xa3,0x4b,0x93,0x2f,0xa4,
    0xce,0x93,0x4d,0x83,0x0b,0x83,0x69,0x62,0xa5,0x51,0x44,0x41,0xa5,0x51,0x84,0x41,0x44,0x39,0x03,0x31,0xe3,0x30,0x03,0x31,
    0x05,0x42,0xe3,0x29,0xc5,0x42,0x69,0x7c,0x27,0x6c,0x83,0x3a,0x63,0x21,0xa3,0x21,0xc4,0x29,0xc4,0x21,0xa4,0x21,0x63,0x19,
    0xe2,0x10,0x60,0x00,0x21,0x00,0x20,0x00,0xc2,0x18,0x65,0x29,0x43,0x29,0xc2,0x10,0xe2,0x18,0x41,0x19,0x41,0x19,0xe0,0x10,
    0xe2,0x10,0x44,0x21,0x24,0x21,0x03,0x19,0x02,0x19,0x83,0x21,0xe4,0x29,0xe4,0x29,0x22,0x19,0x81,0x08,0x20,0x00,0x41,0x00,
    0x20,0x08,0x20,0x00,0x20,0x00,0x40,0x08,0x61,0x08,0x60,0x08,0x40,0x08,0x40,0x00,0x20,0x08,0x41,0x00,0x40,0x08,0x40,0x00,
    0x40,0x08,0x41,0x08,0x60,0x00,0x61,0x08,0x00,0x11,0x01,0x11,0x41,0x19,0x41,0x19,0x21,0x11,0xc0,0x10,0xa0,0x08,0xe0,0x10,
    0x01,0x11,0x20,0x19,0x61,0x19,0xe3,0x29,0x23,0x2a,0x26,0x53,0x09,0x74,0x47,0x5b,0x41,0x19,0x81,0x08,0x61,0x08,0x60,0x08,
    0x61,0x08,0x61,0x08,0x61,0x08,0x40,0x08,0x40,0x00,0x40,0x08,0xc2,0x18,0x03,0x21,0xe2,0x18,0xe3,0x18,0x81,0x10,0x20,0x00,
    0x21,0x00,0x20,0x00,0x40,0x00,0x41,0x08,0x60,0x08,0x40,0x08,0x20,0x00,0x00,0x00,0x41,0x08,0xc2,0x18,0x83,0x21,0xc3,0x29,
    0xc3,0x21,0x82,0x19,0xc2,0x21,0xe3,0x29,0xe3,0x41,0x83,0x41,0x84,0x59,0xe5,0x69,0x25,0x72,0x86,0x82,0x67,0x7a,0xa7,0x82,
    0xc7,0x8a,0xa7,0x8a,0x65,0x82,0x86,0x92,0x45,0x82,0x84,0x61,0x64,0x51,0x23,0x41,0xc2,0x30,0x82,0x20,0xa2,0x20,0x82,0x20,
    0x81,0x18,0x81,0x20,0xa2,0x28,0x64,0x49,0xe6,0x61,0xc9,0x82,0x4a,0x9b,0xec,0xab,0x4e,0xbc,0xcf,0xc4,0x11,0xd5,0x52,0xd5,
    0x72,0xdd,0x72,0xdd,0x72,0xdd,0x32,0xd5,0x31,0xd5,0xf1,0xcc,0xf2,0xcc,0xf1,0xcc,0xd2,0xc4,0xd2,0xc4,0xd2,0xc4,0xf2,0xc4,
    0x13,0xc5,0x13,0xc5,0xf3,0xc4,0x14,0xc5,0x13,0xbd,0xd2,0xbc,0xb1,0xbc,0x70,0xb4,0x8c,0xab,0x2a,0xa3,0x2e,0xbc,0x12,0xcd,
    0xf1,0xc4,0x91,0xb4,0x0f,0xa4,0xb1,0xac,0xd2,0xac,0x0f,0x94,0x8d,0x93,0xa9,0x6a,0xc6,0x51,0x44,0x49,0xa5,0x49,0x85,0x49,
    0x64,0x41,0x03,0x31,0xe2,0x30,0x03,0x31,0x23,0x31,0x22,0x19,0xe5,0x4a,0x6a,0x84,0xc7,0x63,0x46,0x53,0x04,0x2a,0xc4,0x29,
    0xe5,0x31,0x05,0x32,0x25,0x32,0x46,0x3a,0x25,0x32,0x83,0x29,0xe1,0x10,0xa1,0x08,0xe2,0x18,0x84,0x31,0xe3,0x20,0xa1,0x08,
    0x82,0x21,0x02,0x22,0xe0,0x21,0x61,0x19,0x80,0x08,0x61,0x08,0x03,0x19,0xa4,0x29,0x25,0x32,0x66,0x3a,0x66,0x32,0x45,0x32,
    0x24,0x2a,0x63,0x19,0x80,0x08,0x20,0x00,0x20,0x08,0x21,0x00,0x40,0x08,0x61,0x08,0x81,0x10,0x60,0x08,0x41,0x00,0x40,0x08,
    0x40,0x08,0x40,0x00,0x40,0x08,0x41,0x08,0x60,0x08,0x61,0x08,0x81,0x08,0x81,0x10,0x01,0x11,0x21,0x11,0x42,0x19,0x83,0x29,
    0x21,0x19,0xe0,0x10,0xe0,0x10,0xe0,0x10,0x00,0x11,0x20,0x19,0x61,0x19,0x80,0x19,0x61,0x19,0xa9,0x73,0xa9,0x6b,0x81,0x19,
    0x01,0x11,0xc1,0x10,0xa1,0x10,0x81,0x08,0x61,0x08,0x61,0x08,0x81,0x08,0x61,0x08,0x20,0x08,0x41,0x00,0xc1,0x10,0xc2,0x10,
    0x81,0x08,0xa2,0x10,0xa1,0x10,0x40,0x00,0x41,0x08,0x41,0x08,0x40,0x08,0x60,0x08,0x60,0x08,0x60,0x08,0x21,0x00,0x00,0x00,
    0x20,0x00,0x61,0x08,0xa1,0x08,0x02,0x11,0x62,0x19,0x24,0x2a,0x66,0x53,0x44,0x53,0x64,0x52,0x03,0x4a,0xa4,0x59,0x04,0x6a,
    0x26,0x72,0x86,0x7a,0x66,0x7a,0xe7,0x8a,0xa7,0x82,0xa6,0x8a,0x45,0x7a,0x86,0x8a,0x05,0x7a,0xc4,0x69,0x84,0x59,0x23,0x41,
    0xe3,0x38,0xc2,0x28,0xa2,0x20,0x81,0x20,0x82,0x20,0xa2,0x28,0xc2,0x28,0x44,0x41,0xa5,0x59,0x47,0x72,0xe9,0x92,0x6b,0x9b,
    0xec,0xb3,0x6e,0xc4,0xcf,0xcc,0x10,0xd5,0x31,0xd5,0x32,0xdd,0x32,0xd5,0x11,0xd5,0xf1,0xd4,0xd0,0xcc,0xb0,0xc4,0xb0,0xc4,
    0xb1,0xc4,0xd1,0xc4,0xd2,0xc4,0xf2,0xc4,0xf3,0xc4,0xd2,0xc4,0xf3,0xbc,0x13,0xc5,0x13,0xc5,0x13,0xbd,0x13,0xc5,0x33,0xcd,
    0x33,0xcd,0x54,0xd5,0x93,0xd5,0xb4,0xd5,0x74,0xcd,0x33,0xbd,0xb1,0xac,0xb2,0xac,0x33,0xbd,0xb1,0xa4,0x50,0x9c,0x4c,0x83,
    0xe6,0x59,0x64,0x49,0x85,0x51,0xa5,0x49,0x64,0x41,0x04,0x39,0xe3,0x30,0xe2,0x30,0xe2,0x28,0x42,0x19,0xe6,0x4a,0xc6,0x4a,
    0x84,0x32,0x2a,0x7c,0x65,0x32,0x83,0x19,0xc4,0x21,0xc5,0x29,0xe5,0x29,0x05,0x2a,0x45,0x32,0x45,0x32,0x04,0x3a,0xe3,0x31,
    0x03,0x2a,0x04,0x32,0x02,0x19,0xe1,0x10,0x62,0x19,0xa1,0x19,0x81,0x19,0xa1,0x21,0x01,0x11,0x60,0x08,0x43,0x19,0x24,0x3a,
    0x25,0x32,0xe3,0x29,0xc3,0x21,0xa3,0x21,0xa3,0x21,0xa3,0x21,0x01,0x19,0x81,0x08,0xa2,0x10,0x81,0x10,0x60,0x00,0x60,0x08,
    0x60,0x08,0x40,0x08,0x40,0x00,0x40,0x08,0x61,0x08,0x40,0x00,0x41,0x08,0x60,0x00,0x60,0x08,0x81,0x08,0x80,0x08,0xa1,0x10,
    0x01,0x11,0xe1,0x10,0x01,0x11,0xe1,0x10,0x01,0x11,0x20,0x11,0x20,0x19,0x21,0x19,0xe0,0x10,0xe1,0x10,0xe0,0x10,0x00,0x19,
    0x01,0x11,0x45,0x42,0x44,0x32,0x00,0x11,0x41,0x21,0x41,0x19,0x21,0x11,0xe1,0x10,0xa1,0x10,0x60,0x08,0x61,0x08,0x61,0x08,
    0x40,0x08,0x40,0x00,0x81,0x10,0xa1,0x18,0x60,0x08,0xa1,0x10,0xc1,0x10,0xa1,0x10,0x81,0x10,0x82,0x10,0x61,0x08,0x40,0x08,
    0x61,0x08,0x40,0x00,0x20,0x08,0x20,0x00,0x20,0x08,0x21,0x08,0x61,0x08,0xa2,0x10,0xa3,0x21,0x07,0x5b,0xc8,0x63,0x66,0x5b,
    0xe6,0x62,0x65,0x5a,0xa4,0x59,0xe4,0x69,0x46,0x72,0x66,0x7a,0x87,0x82,0x08,0x8b,0x86,0x82,0xa7,0x8a,0x25,0x7a,0x66,0x82,
    0xe4,0x79,0xa4,0x61,0x85,0x59,0x03,0x41,0xe3,0x38,0xa2,0x20,0x61,0x18,0x41,0x18,0xa2,0x20,0x03,0x31,0x03,0x39,0x23,0x41,
    0x64,0x51,0x06,0x6a,0x88,0x7a,0x09,0x93,0xab,0xa3,0x2d,0xb4,0x6e,0xc4,0xf0,0xcc,0xf0,0xd4,0x11,0xd5,0x10,0xd5,0xf0,0xcc,
    0xd0,0xcc,0xd0,0xc4,0x8f,0xc4,0x90,0xc4,0xb0,0xcc,0xb1,0xc4,0xd1,0xc4,0xd2,0xcc,0xf2,0xc4,0xf2,0xc4,0x13,0xc5,0x13,0xc5,
    0x33,0xc5,0x54,0xc5,0x74,0xcd,0x74,0xcd,0x94,0xd5,0xd5,0xd5,0xd5,0xd5,0x16,0xde,0xd5,0xd5,0x33,0xc5,0xf3,0xb4,0xf2,0xb4,
    0xf4,0xbc,0x30,0xa4,0x30,0x9c,0x0f,0x94,0x89,0x6a,0x64,0x49,0xa5,0x51,0x84,0x49,0x44,0x41,0x23,0x31,0xe3,0x30,0x03,0x31,
    0xe3,0x30,0x22,0x21,0x62,0x19,0x64,0x21,0x25,0x2a,0x6d,0x8c,0xe7,0x4a,0x42,0x11,0x62,0x11,0x83,0x19,0xa3,0x19,0xa4,0x19,
    0xc4,0x21,0xe5,0x21,0x25,0x2a,0x24,0x2a,0x02,0x32,0xe2,0x31,0xe3,0x29,0xa2,0x29,0x42,0x19,0x02,0x19,0x63,0x21,0x63,0x29,
    0x22,0x19,0x21,0x11,0x83,0x21,0xa2,0x21,0x21,0x11,0x01,0x11,0x01,0x11,0xe0,0x10,0x01,0x11,0x21,0x11,0x21,0x19,0x21,0x19,
    0x22,0x19,0xe2,0x18,0xa1,0x10,0x81,0x08,0x60,0x08,0x41,0x00,0x40,0x08,0x40,0x00,0x40,0x08,0x41,0x00,0x60,0x08,0x61,0x08,
    0x80,0x08,0x81,0x08,0x81,0x08,0x81,0x08,0x42,0x21,0x21,0x19,0x01,0x11,0xc0,0x10,0x00,0x11,0x60,0x21,0x80,0x19,0x80,0x21,
    0xe0,0x10,0x60,0x08,0x60,0x08,0xa1,0x08,0xa1,0x08,0xc2,0x10,0xe1,0x10,0x20,0x19,0x81,0x21,0x40,0x19,0x40,0x19,0x40,0x19,
    0x01,0x19,0xa1,0x08,0x81,0x10,0x61,0x08,0x60,0x08,0x40,0x08,0x81,0x08,0x81,0x10,0x41,0x08,0xc1,0x10,0x43,0x21,0x02,0x21,
    0xa2,0x10,0x61,0x08,0x41,0x08,0x40,0x00,0x40,0x08,0x40,0x08,0x40,0x00,0x41,0x08,0x20,0x00,0x61,0x08,0x81,0x10,0xc2,0x10,
    0x63,0x21,0xe5,0x29,0x04,0x2a,0x85,0x4a,0xa6,0x5a,0x45,0x52,0xa4,0x59,0xe4,0x61,0x46,0x72,0x46,0x7a,0xa6,0x82,0xa7,0x82,
    0x86,0x82,0x86,0x82,0x46,0x7a,0x66,0x8a,0xa3,0x69,0x84,0x69,0x84,0x59,0x03,0x41,0x03,0x39,0xa2,0x28,0x61,0x18,0xa2,0x20,
    0x03,0x39,0x64,0x49,0xa6,0x51,0x85,0x49,0x64,0x49,0xe6,0x61,0x67,0x72,0xc9,0x8a,0x6a,0xa3,0xcc,0xab,0x4d,0xbc,0xaf,0xcc,
    0xf0,0xcc,0xf0,0xcc,0xf0,0xcc,0xb0,0xcc,0xaf,0xc4,0x8f,0xc4,0x8f,0xc4,0x8f,0xc4,0x90,0xc4,0xb0,0xc4,0xd1,0xc4,0xb1,0xc4,
    0xd1,0xc4,0xd2,0xc4,0x13,0xc5,0x33,0xc5,0x34,0xcd,0x54,0xcd,0x94,0xcd,0x95,0xd5,0xb4,0xd5,0xf6,0xd5,0x16,0xde,0xd5,0xd5,
    0x50,0xb4,0x8e,0xa3,0x8e,0xab,0x6e,0xa3,0x4d,0x9b,0xec,0x8a,0xeb,0x8a,0x6d,0x8b,0xea,0x72,0x44,0x49,0xa5,0x49,0x85,0x41,
    0x44,0x41,0x03,0x31,0xe2,0x30,0x03,0x31,0x02,0x31,0x02,0x21,0x02,0x11,0x83,0x21,0xa4,0x21,0xe7,0x52,0x45,0x42,0x62,0x11,
    0x83,0x19,0x62,0x19,0x82,0x19,0xa2,0x19,0xa3,0x19,0xe4,0x21,0x05,0x2a,0xe5,0x21,0x21,0x19,0xe1,0x10,0x42,0x19,0xc2,0x29,
    0x23,0x32,0x03,0x3a,0x45,0x42,0x25,0x3a,0xa2,0x21,0x41,0x19,0x21,0x11,0xe1,0x10,0xe1,0x10,0xe0,0x10,0x01,0x11,0x00,0x11,
    0x00,0x11,0xe0,0x10,0x01,0x11,0x21,0x19,0x61,0x19,0x21,0x19,0xc1,0x10,0xe1,0x10,0x81,0x08,0x60,0x08,0x60,0x00,0x20,0x00,
    0x40,0x08,0x60,0x08,0x61,0x08,0x80,0x08,0x81,0x08,0x81,0x08,0x81,0x10,0x60,0x08,0xa3,0x29,0x83,0x21,0x42,0x19,0xc1,0x10,
    0x20,0x19,0xc0,0x21,0xe1,0x21,0xc0,0x29,0x01,0x11,0x80,0x08,0x80,0x08,0x60,0x08,0x81,0x08,0xa1,0x10,0x81,0x10,0xe1,0x10,
    0x21,0x19,0x40,0x19,0x61,0x19,0xa0,0x19,0x81,0x21,0xe2,0x10,0x81,0x08,0x61,0x08,0x81,0x08,0x61,0x08,0x40,0x08,0x61,0x08,
    0x40,0x08,0xc2,0x18,0x64,0x29,0x63,0x29,0xc1,0x10,0x61,0x08,0x40,0x08,0x40,0x00,0x41,0x08,0x60,0x00,0x41,0x08,0x60,0x00,
    0x60,0x08,0x61,0x08,0xa2,0x10,0xc2,0x10,0x02,0x19,0x02,0x11,0x01,0x11,0xc4,0x31,0x86,0x62,0x45,0x52,0xa3,0x59,0x05,0x6a,
    0x67,0x7a,0x66,0x7a,0xc7,0x8a,0x66,0x7a,0x46,0x7a,0x66,0x82,0x66,0x82,0x45,0x82,0xa4,0x69,0xc4,0x61,0x85,0x59,0x23,0x49,
    0x23,0x41,0xc2,0x28,0x61,0x20,0x81,0x20,0xe3,0x38,0xe6,0x59,0x28,0x62,0x27,0x62,0xc6,0x51,0xe6,0x59,0x47,0x72,0xc9,0x82,
    0x6a,0x9b,0xcc,0xab,0x2d,0xb4,0x8e,0xc4,0xaf,0xc4,0xcf,0xcc,0xaf,0xc4,0xcf,0xcc,0xaf,0xc4,0x8f,0xc4,0x8f,0xc4,0x6f,0xc4,
    0x8f,0xc4,0x90,0xc4,0xb0,0xc4,0x90,0xc4,0xb1,0xc4,0x12,0xc5,0x33,0xcd,0x33,0xc5,0x33,0xc5,0x74,0xcd,0x94,0xcd,0xb5,0xcd,
    0xb4,0xd5,0x16,0xde,0xb4,0xcd,0x6d,0xa3,0x8a,0x92,0x69,0x92,0xe8,0x81,0xe7,0x81,0xe8,0x79,0x08,0x7a,0x08,0x72,0x48,0x72,
    0x89,0x6a,0x24,0x41,0x84,0x51,0x64,0x41,0x64,0x41,0x23,0x31,0xe3,0x30,0xe3,0x30,0x03,0x31,0xe2,0x28,0x22,0x19,0x63,0x21,
    0x42,0x19,0x42,0x19,0x42,0x19,0x22,0x11,0x42,0x19,0x63,0x19,0x83,0x19,0xa3,0x21,0xc4,0x21,0xc4,0x21,0xc4,0x21,0x84,0x19,
    0xe2,0x10,0xc1,0x08,0x80,0x08,0xc1,0x08,0xa1,0x21,0x22,0x2a,0x23,0x32,0x43,0x3a,0x43,0x3a,0xe2,0x29,0xa2,0x21,0x81,0x19,
    0x61,0x19,0x22,0x19,0x41,0x11,0x62,0x19,0x83,0x19,0x82,0x21,0xa2,0x19,0xa3,0x21,0x82,0x21,0x21,0x11,0xe1,0x10,0xe2,0x10,
    0xa1,0x08,0x60,0x08,0x40,0x08,0x40,0x00,0x41,0x00,0x40,0x08,0x81,0x08,0x80,0x08,0x61,0x08,0x40,0x08,0x61,0x08,0x40,0x08,
    0x63,0x19,0x42,0x21,0xc1,0x10,0x80,0x08,0x01,0x19,0xc0,0x29,0x20,0x2a,0x21,0x32,0x20,0x19,0xc0,0x08,0xa0,0x08,0x80,0x08,
    0x81,0x08,0x81,0x08,0x81,0x08,0x60,0x08,0x81,0x08,0x01,0x19,0x40,0x19,0xa1,0x21,0xc1,0x21,0x42,0x19,0x81,0x10,0x81,0x08,
    0x81,0x10,0x61,0x08,0x61,0x08,0x41,0x08,0x41,0x08,0xa1,0x10,0x23,0x21,0x23,0x21,0xa2,0x10,0x60,0x08,0x61,0x00,0x80,0x08,
    0x61,0x08,0x80,0x08,0x60,0x08,0x81,0x08,0x40,0x08,0x61,0x08,0xa1,0x10,0xe3,0x10,0xe2,0x10,0x22,0x19,0x02,0x11,0x83,0x31,
    0x86,0x5a,0x05,0x52,0x83,0x59,0x26,0x6a,0x87,0x7a,0x87,0x7a,0xa6,0x82,0x46,0x7a,0x45,0x7a,0x66,0x82,0x86,0x7a,0x45,0x82,
    0xe4,0x71,0xc5,0x69,0x84,0x59,0x64,0x51,0x23,0x41,0xe3,0x30,0x81,0x20,0x82,0x20,0x61,0x20,0x65,0x49,0x68,0x6a,0x68,0x6a,
    0xe6,0x59,0xe6,0x61,0x67,0x6a,0xc9,0x82,0x4b,0x93,0xcc,0xa3,0x0d,0xb4,0x6e,0xbc,0xaf,0xc4,0xaf,0xc4,0xd0,0xc4,0xaf,0xc4,
    0x8f,0xc4,0x8f,0xc4,0xaf,0xc4,0x8f,0xc4,0xb0,0xc4,0xb0,0xc4,0x90,0xc4,0xb0,0xc4,0xd1,0xc4,0x12,0xcd,0x32,0xc5,0x32,0xcd,
    0x33,0xc5,0x53,0xc5,0x74,0xcd,0x94,0xc5,0xf5,0xcd,0x95,0xcd,0x2c,0x9b,0x08,0x82,0xa7,0x79,0x45,0x69,0x44,0x69,0x45,0x69,
    0x65,0x61,0x24,0x59,0x04,0x51,0x44,0x59,0xa5,0x51,0x03,0x39,0x85,0x49,0x64,0x49,0x64,0x39,0x24,0x39,0xe3,0x30,0xe2,0x30,
    0xe2,0x28,0xe2,0x28,0x42,0x19,0x62,0x19,0x61,0x19,0x22,0x11,0x01,0x11,0xe1,0x10,0xe2,0x10,0xe1,0x08,0x21,0x11,0x62,0x19,
    0x82,0x19,0x62,0x19,0x23,0x19,0x23,0x11,0x02,0x11,0xe1,0x10,0xa1,0x08,0x01,0x11,0xc2,0x19,0xe1,0x21,0x62,0x19,0x02,0x19,
    0x62,0x21,0xe2,0x29,0x43,0x32,0x63,0x32,0x43,0x32,0x23,0x2a,0x23,0x2a,0x25,0x2a,0x45,0x2a,0x67,0x32,0x66,0x32,0x46,0x32,
    0xa2,0x21,0x41,0x19,0x01,0x19,0x42,0x19,0x82,0x21,0xa0,0x10,0x40,0x00,0x41,0x00,0x40,0x08,0x40,0x00,0xa1,0x10,0xc1,0x18,
    0x61,0x08,0x40,0x08,0x40,0x08,0x20,0x00,0x01,0x11,0xa1,0x08,0x80,0x08,0x80,0x08,0xa1,0x10,0x41,0x19,0x01,0x2a,0x01,0x32,
    0xe1,0x10,0xc1,0x10,0xc1,0x10,0x80,0x08,0x61,0x08,0x40,0x08,0x61,0x08,0x40,0x08,0x40,0x00,0x81,0x08,0xc1,0x10,0x41,0x19,
    0x61,0x21,0x22,0x19,0xa1,0x10,0x81,0x08,0xa2,0x18,0x81,0x10,0x61,0x08,0x41,0x08,0x41,0x08,0x81,0x10,0xa2,0x10,0x81,0x10,
    0x61,0x08,0x81,0x08,0xa1,0x08,0xa1,0x08,0x80,0x08,0x81,0x08,0x80,0x00,0x61,0x08,0x60,0x00,0x61,0x08,0xa1,0x08,0xe3,0x18,
    0x02,0x11,0xc2,0x10,0xc1,0x08,0x23,0x31,0xa4,0x41,0xa4,0x49,0xa4,0x59,0x46,0x72,0xa7,0x7a,0x86,0x82,0x66,0x82,0x25,0x7a,
    0x45,0x7a,0x87,0x82,0x67,0x82,0x66,0x82,0x05,0x7a,0xa4,0x61,0xa5,0x59,0x64,0x51,0x44,0x49,0x03,0x41,0xa2,0x28,0xa2,0x20,
    0x61,0x18,0x41,0x18,0x03,0x39,0x47,0x62,0x06,0x62,0xe6,0x59,0x27,0x6a,0xc9,0x7a,0x2a,0x93,0xac,0xa3,0x2d,0xb4,0x6e,0xbc,
    0x8f,0xc4,0xaf,0xc4,0xb0,0xc4,0xaf,0xc4,0xaf,0xc4,0xb0,0xc4,0xaf,0xcc,0xb0,0xc4,0xaf,0xc4,0xb0,0xcc,0xf0,0xc4,0xd1,0xcc,
    0xf1,0xc4,0x11,0xcd,0x32,0xcd,0xf2,0xc4,0x13,0xc5,0x33,0xc5,0x33,0xbd,0x33,0xbd,0x33,0xbd,0x0b,0x93,0xc7,0x79,0x65,0x71,
    0x64,0x61,0x07,0x62,0x07,0x62,0x0b,0x73,0xaa,0x62,0x04,0x39,0x81,0x30,0xa3,0x38,0x03,0x39,0xe3,0x38,0x85,0x49,0x85,0x49,
    0x44,0x39,0x44,0x39,0xe3,0x30,0x03,0x31,0xe3,0x30,0xe2,0x28,0x23,0x29,0x62,0x19,0x22,0x19,0x21,0x19,0x01,0x11,0xc1,0x10,
    0xc1,0x08,0xc1,0x10,0x21,0x11,0x61,0x19,0x21,0x19,0xe1,0x10,0xe2,0x10,0x23,0x19,0x44,0x19,0x23,0x11,0xe1,0x10,0x62,0x19,
    0xe2,0x21,0xe2,0x21,0xa2,0x19,0x02,0x19,0x01,0x11,0x02,0x11,0x63,0x19,0xe3,0x29,0x64,0x32,0xa5,0x3a,0xc5,0x3a,0xc5,0x42,
    0xc6,0x3a,0x86,0x3a,0x66,0x2a,0xc4,0x21,0x01,0x11,0x41,0x19,0xe1,0x21,0x42,0x32,0x62,0x3a,0xe1,0x10,0x41,0x08,0x60,0x08,
    0x40,0x08,0x61,0x08,0xc1,0x10,0xa1,0x10,0x60,0x08,0x41,0x08,0x40,0x08,0x21,0x00,0x21,0x19,0xa0,0x10,0x80,0x08,0x81,0x08,
    0x80,0x08,0xa0,0x08,0x42,0x21,0x82,0x21,0xa1,0x08,0x80,0x08,0xc1,0x10,0x45,0x29,0x04,0x21,0x40,0x00,0x20,0x08,0x40,0x00,
    0x20,0x08,0x40,0x00,0x80,0x08,0x62,0x21,0xa2,0x29,0x01,0x19,0xa1,0x08,0x81,0x10,0xa2,0x10,0x81,0x10,0x61,0x08,0x61,0x08,
    0x40,0x08,0x61,0x08,0x61,0x08,0x41,0x08,0x81,0x08,0xa1,0x10,0xc2,0x10,0xa1,0x08,0xa0,0x08,0x81,0x08,0x80,0x08,0x81,0x08,
    0x60,0x08,0x61,0x08,0x01,0x11,0x62,0x21,0x22,0x19,0xa1,0x08,0x80,0x08,0x02,0x29,0x63,0x39,0xa4,0x49,0xa4,0x51,0x66,0x7a,
    0xc8,0x82,0x86,0x7a,0x25,0x72,0x25,0x72,0x46,0x82,0x66,0x7a,0x66,0x7a,0x86,0x8a,0x65,0x82,0x64,0x51,0xe5,0x69,0xa5,0x59,
    0x64,0x51,0x23,0x41,0xe3,0x30,0xa2,0x28,0x61,0x20,0x40,0x10,0x20,0x18,0x44,0x41,0xe6,0x59,0xc6,0x59,0x07,0x62,0xa8,0x72,
    0x2a,0x8b,0xab,0x9b,0x0d,0xac,0x6e,0xb4,0xaf,0xc4,0xd0,0xc4,0xcf,0xc4,0xb0,0xc4,0xaf,0xc4,0xb0,0xc4,0xd0,0xc4,0xd0,0xcc,
    0xf0,0xc4,0xd0,0xcc,0xd0,0xc4,0xf1,0xcc,0x11,0xcd,0x12,0xcd,0xf1,0xc4,0xd1,0xbc,0xf1,0xbc,0xf2,0xb4,0x90,0xac,0x2f,0xa4,
    0x0b,0x93,0x86,0x71,0x65,0x61,0xc6,0x51,0x48,0x62,0xeb,0x7a,0xea,0x7a,0x0c,0x8b,0x0c,0x8b,0xeb,0x92,0xab,0x8a,0x29,0x72,
    0x65,0x41,0x03,0x39,0xa5,0x49,0x64,0x41,0x64,0x41,0x24,0x39,0xe2,0x30,0xe3,0x30,0x23,0x31,0xe2,0x28,0x23,0x21,0x22,0x19,
    0xe2,0x10,0xe1,0x08,0xe1,0x10,0xc1,0x08,0xa0,0x08,0xc1,0x10,0x41,0x11,0x41,0x19,0x21,0x11,0xe2,0x08,0x02,0x11,0x23,0x11,
    0x43,0x19,0x63,0x19,0x22,0x19,0xc2,0x21,0x02,0x22,0xc2,0x19,0xc2,0x21,0x62,0x19,0xc1,0x10,0xa2,0x10,0xc2,0x10,0xe2,0x10,
    0x83,0x19,0xe4,0x21,0x24,0x2a,0x64,0x32,0xa4,0x3a,0xc5,0x3a,0x63,0x3a,0xc2,0x21,0x41,0x19,0x83,0x32,0x03,0x4b,0x01,0x2a,
    0x62,0x21,0xa1,0x10,0x61,0x08,0x81,0x08,0x61,0x08,0x40,0x08,0x81,0x10,0x40,0x08,0x20,0x00,0x40,0x08,0x20,0x00,0x20,0x08,
    0x61,0x19,0x01,0x11,0x80,0x08,0x80,0x08,0x80,0x08,0x60,0x08,0xa1,0x10,0xe1,0x10,0x61,0x08,0x20,0x00,0xa2,0x10,0x66,0x39,
    0x44,0x21,0x21,0x00,0x20,0x08,0x41,0x00,0x20,0x00,0x40,0x08,0x61,0x08,0xe3,0x39,0x44,0x42,0x01,0x19,0xa1,0x10,0x61,0x08,
    0x81,0x10,0x81,0x10,0x61,0x08,0x41,0x08,0x41,0x08,0x20,0x08,0x41,0x08,0xa1,0x08,0x02,0x11,0xc1,0x08,0x81,0x08,0xa0,0x08,
    0x81,0x08,0x80,0x08,0x81,0x08,0x80,0x08,0x61,0x00,0xa1,0x10,0x63,0x21,0xa3,0x29,0x42,0x21,0xa1,0x08,0x80,0x08,0x23,0x31,
    0xe6,0x49,0x05,0x52,0xc4,0x59,0x87,0x7a,0xc8,0x8a,0x66,0x7a,0x04,0x72,0x05,0x72,0x45,0x82,0x46,0x7a,0x66,0x7a,0xa7,0x92,
    0x25,0x7a,0x43,0x51,0x06,0x6a,0xa5,0x59,0x84,0x51,0x64,0x51,0x03,0x39,0xc3,0x28,0x24,0x39,0x44,0x41,0xc6,0x51,0x06,0x62,
    0x85,0x51,0xa5,0x51,0xe6,0x59,0x68,0x6a,0x0a,0x83,0x8b,0x9b,0xed,0xab,0x4e,0xb4,0x8f,0xbc,0xaf,0xc4,0xd0,0xc4,0xd0,0xc4,
    0xd0,0xcc,0xd0,0xc4,0xf0,0xcc,0xf0,0xcc,0xf1,0xcc,0xf0,0xc4,0xd0,0xcc,0x11,0xc5,0xf1,0xcc,0xf1,0xc4,0xd0,0xc4,0xb0,0xb4,
    0xd1,0xbc,0x91,0xac,0xcd,0x9b,0x89,0x72,0x04,0x51,0x81,0x30,0x24,0x49,0x6a,0x82,0x4d,0xa3,0x8e,0xab,0xcf,0xb3,0xf0,0xbb,
    0x11,0xb4,0x52,0xb4,0x53,0xac,0x8e,0x9b,0x28,0x6a,0xe3,0x38,0xc5,0x59,0x64,0x49,0x64,0x39,0x24,0x39,0xe3,0x30,0x03,0x31,
    0x03,0x31,0xe2,0x28,0x02,0x29,0x22,0x19,0xc0,0x08,0x80,0x08,0xc1,0x08,0xc0,0x10,0xa1,0x08,0xe1,0x10,0x21,0x11,0x21,0x11,
    0x02,0x19,0x01,0x11,0x22,0x11,0x02,0x11,0x22,0x11,0x22,0x19,0x21,0x11,0xa3,0x21,0x02,0x22,0xc2,0x19,0xc2,0x19,0xa2,0x19,
    0x01,0x11,0xa1,0x08,0xa1,0x10,0x81,0x08,0x01,0x19,0xa1,0x19,0xc2,0x21,0xe3,0x21,0x43,0x2a,0x42,0x2a,0x22,0x32,0x63,0x42,
    0x24,0x53,0xc9,0x84,0xe5,0x6b,0x62,0x21,0xa1,0x10,0xa2,0x10,0x81,0x10,0x60,0x08,0x40,0x08,0x20,0x00,0x20,0x00,0x21,0x00,
    0x20,0x00,0x41,0x08,0x40,0x08,0x20,0x00,0x61,0x19,0x01,0x19,0xa0,0x08,0x60,0x08,0x81,0x08,0xc0,0x10,0x01,0x11,0x00,0x19,
    0xc1,0x10,0x40,0x00,0x41,0x08,0xa2,0x10,0x61,0x08,0x20,0x08,0x20,0x00,0x40,0x08,0x40,0x08,0x41,0x00,0x60,0x08,0x43,0x21,
    0x83,0x29,0xc1,0x10,0x21,0x19,0x01,0x19,0x81,0x08,0x41,0x08,0x41,0x08,0x20,0x08,0x21,0x00,0x61,0x08,0xa2,0x21,0xc3,0x4a,
    0x46,0x5b,0x85,0x42,0x62,0x11,0x22,0x19,0xe2,0x10,0x60,0x08,0x61,0x08,0x60,0x08,0x41,0x00,0x81,0x08,0x02,0x21,0x22,0x21,
    0x21,0x19,0xc1,0x10,0x80,0x08,0x02,0x29,0x63,0x31,0xc5,0x49,0xe5,0x61,0x86,0x7a,0xa7,0x82,0x46,0x7a,0xe4,0x69,0x04,0x72,
    0x66,0x7a,0x67,0x7a,0x87,0x7a,0xe7,0x92,0x25,0x82,0x43,0x51,0x06,0x6a,0xc5,0x59,0x64,0x51,0x64,0x51,0x24,0x41,0xc2,0x30,
    0x65,0x49,0x07,0x6a,0x28,0x6a,0x06,0x62,0x07,0x62,0xe6,0x59,0xc5,0x51,0x27,0x62,0xc9,0x7a,0x4b,0x93,0xcc,0xa3,0x2e,0xb4,
    0x8e,0xbc,0x8f,0xbc,0xd0,0xc4,0xd0,0xcc,0xf0,0xc4,0xd0,0xcc,0xf1,0xcc,0xf1,0xc4,0x11,0xcd,0x11,0xcd,0x11,0xcd,0x11,0xcd,
    0xf1,0xc4,0xd0,0xc4,0xb0,0xbc,0xd1,0xbc,0xb0,0xb4,0x2f,0xa4,0xc9,0x7a,0x24,0x51,0xa7,0x59,0xab,0x8a,0xcf,0xb3,0xb2,0xcc,
    0xb3,0xcc,0xb3,0xc4,0x52,0xbc,0x32,0xb4,0x32,0xac,0x11,0xa4,0x11,0xac,0x6d,0x93,0x88,0x72,0x03,0x39,0xc6,0x59,0x85,0x49,
    0x64,0x39,0x24,0x39,0xe3,0x30,0xe2,0x30,0x23,0x39,0xe2,0x28,0xe2,0x20,0xe2,0x18,0xc1,0x10,0x81,0x08,0xc1,0x10,0x01,0x19,
    0x00,0x11,0xe1,0x10,0x01,0x11,0x21,0x11,0x21,0x11,0x41,0x11,0x42,0x19,0x61,0x19,0x42,0x11,0x01,0x11,0x22,0x11,0xa2,0x21,
    0xe2,0x21,0xc2,0x21,0xc2,0x19,0xe2,0x21,0x81,0x19,0xe0,0x10,0xe1,0x10,0x81,0x10,0x01,0x11,0xc1,0x29,0x01,0x22,0x23,0x2a,
    0x84,0x32,0x44,0x2a,0x62,0x19,0x62,0x19,0x25,0x4b,0x6b,0x9d,0x06,0x6c,0x62,0x21,0xc1,0x10,0xc1,0x18,0xa1,0x10,0x61,0x08,
    0x40,0x08,0x21,0x00,0x20,0x08,0x20,0x00,0x20,0x08,0x40,0x08,0x41,0x08,0x20,0x00,0x61,0x19,0x60,0x19,0x41,0x19,0xc0,0x10,
    0xc0,0x08,0x40,0x19,0x81,0x19,0xc1,0x21,0xa1,0x21,0xe0,0x10,0x40,0x00,0x20,0x00,0x20,0x08,0x21,0x08,0x41,0x08,0x40,0x08,
    0x41,0x00,0x40,0x08,0x40,0x08,0x81,0x08,0xc1,0x08,0x02,0x11,0xc2,0x29,0x01,0x2a,0x40,0x19,0xe1,0x10,0x81,0x08,0x20,0x00,
    0x60,0x08,0x24,0x32,0xc7,0x63,0xe5,0x5b,0x26,0x6c,0x4a,0x7c,0xa9,0x6b,0xc6,0x4a,0xc4,0x29,0x81,0x08,0x40,0x00,0x40,0x00,
    0x20,0x08,0x40,0x08,0x61,0x08,0xc1,0x10,0xe2,0x18,0xa0,0x08,0x81,0x08,0x02,0x29,0x84,0x39,0xa4,0x49,0xe5,0x59,0x46,0x72,
    0xa7,0x82,0x25,0x72,0xa4,0x69,0xe4,0x69,0x26,0x72,0x46,0x7a,0xc7,0x8a,0x08,0x93,0x26,0x7a,0x23,0x51,0xe5,0x61,0xc5,0x61,
    0x44,0x51,0x84,0x51,0x64,0x49,0x24,0x41,0x24,0x49,0x85,0x51,0xe6,0x61,0x28,0x62,0x89,0x6a,0xa9,0x72,0xe6,0x61,0xa5,0x59,
    0x88,0x72,0x2a,0x8b,0xac,0x9b,0x0d,0xac,0x6e,0xbc,0x8f,0xbc,0xcf,0xc4,0xd0,0xc4,0xf0,0xcc,0xf0,0xc4,0x11,0xcd,0x11,0xcd,
    0x11,0xcd,0x31,0xcd,0x12,0xcd,0x11,0xcd,0xf1,0xc4,0xf1,0xc4,0xb0,0xbc,0xb1,0xb4,0x6f,0xac,0x0e,0x9c,0x6d,0x8b,0xcf,0x9b,
    0xd3,0xc4,0x34,0xcd,0x55,0xcd,0x14,0xc5,0x51,0xbc,0xcf,0xab,0x6e,0xa3,0x4d,0x9b,0x2d,0x9b,0xeb,0x92,0x8a,0x82,0xa9,0x7a,
    0x88,0x72,0xe3,0x38,0xc5,0x59,0x84,0x41,0x65,0x41,0x23,0x31,0xe3,0x30,0x03,0x31,0x03,0x39,0xe2,0x28,0x03,0x29,0xc1,0x18,
    0xa0,0x08,0xa1,0x08,0xe0,0x10,0x01,0x19,0x21,0x19,0x21,0x11,0x20,0x19,0x21,0x11,0x01,0x11,0xe2,0x21,0x63,0x42,0xc2,0x21,
    0x81,0x19,0x42,0x19,0x62,0x19,0xe2,0x21,0xe3,0x21,0xe2,0x21,0xe3,0x19,0x02,0x22,0x42,0x32,0x81,0x19,0xe1,0x10,0x61,0x08,
    0x01,0x19,0xe3,0x31,0xe2,0x29,0x03,0x2a,0x84,0x32,0x85,0x32,0x82,0x21,0xe2,0x10,0x23,0x2a,0xa8,0x84,0x46,0x5b,0xa3,0x29,
    0x82,0x29,0x63,0x21,0x02,0x19,0x61,0x08,0x40,0x08,0x60,0x08,0x40,0x08,0x40,0x08,0x41,0x00,0x40,0x08,0x41,0x08,0x20,0x08,
    0xc1,0x21,0x42,0x2a,0x62,0x32,0x81,0x21,0xe1,0x10,0x40,0x19,0x61,0x19,0xa1,0x21,0xc2,0x21,0x61,0x21,0x80,0x08,0x21,0x00,
    0x20,0x08,0x41,0x08,0x40,0x00,0x41,0x08,0x40,0x08,0x41,0x00,0x61,0x08,0x43,0x21,0xe4,0x29,0xe4,0x29,0x03,0x2a,0x81,0x32,
    0x20,0x2a,0xc1,0x21,0xa3,0x21,0xe2,0x10,0x61,0x19,0x08,0x74,0xaa,0x84,0xe6,0x63,0xe6,0x63,0x08,0x64,0xa8,0x5b,0x06,0x4b,
    0x25,0x3a,0xc1,0x10,0x40,0x00,0x41,0x08,0x40,0x00,0x40,0x08,0x20,0x08,0x41,0x08,0x80,0x08,0x81,0x08,0xa1,0x08,0x02,0x29,
    0x63,0x31,0x63,0x41,0xa4,0x51,0x25,0x72,0x66,0x7a,0x05,0x72,0xa4,0x61,0x05,0x72,0x05,0x72,0x26,0x72,0xe8,0x92,0xe8,0x92,
    0x05,0x72,0x43,0x51,0xa5,0x59,0xe5,0x61,0x44,0x49,0x84,0x59,0x23,0x49,0x64,0x49,0xa6,0x59,0xe7,0x61,0x08,0x62,0xaa,0x6a,
    0xce,0x7b,0xa9,0x6a,0xe6,0x61,0x03,0x39,0x07,0x62,0xc8,0x7a,0x6b,0x9b,0xed,0xa3,0x2e,0xb4,0x8f,0xbc,0xaf,0xc4,0xd0,0xc4,
    0xd0,0xc4,0xf0,0xcc,0xf1,0xcc,0x31,0xcd,0x11,0xcd,0x32,0xcd,0x31,0xcd,0x11,0xcd,0xf1,0xc4,0xd0,0xc4,0xd0,0xbc,0xb0,0xb4,
    0x4f,0xac,0x2e,0xa4,0xd1,0xb4,0x53,0xc5,0x53,0xc5,0xd2,0xbc,0x6f,0xb4,0xce,0xa3,0x6c,0xa3,0xeb,0x92,0x89,0x8a,0x47,0x82,
    0x27,0x7a,0x47,0x72,0x67,0x7a,0x2a,0x83,0x88,0x72,0x03,0x39,0xe6,0x59,0x84,0x49,0x85,0x41,0x23,0x31,0xe3,0x30,0x03,0x31,
    0x23,0x39,0x44,0x31,0x85,0x39,0xc5,0x31,0x07,0x32,0x22,0x21,0xa1,0x08,0xc0,0x08,0xc1,0x10,0x00,0x11,0x41,0x19,0x81,0x21,
    0xa1,0x21,0x83,0x42,0x64,0x3a,0x81,0x19,0x61,0x19,0x82,0x19,0xc2,0x21,0x25,0x2a,0x25,0x2a,0xe3,0x19,0xc2,0x21,0xa1,0x19,
    0x02,0x22,0x42,0x32,0x61,0x19,0x61,0x08,0xa1,0x10,0x43,0x21,0x01,0x11,0x82,0x21,0x64,0x2a,0x65,0x32,0x82,0x19,0xc1,0x10,
    0x62,0x19,0xc3,0x3a,0x43,0x32,0xc3,0x29,0xe3,0x31,0x24,0x3a,0xc3,0x31,0x61,0x08,0x41,0x08,0x21,0x08,0x40,0x00,0x41,0x08,
    0x61,0x08,0x61,0x10,0x40,0x08,0x21,0x08,0x62,0x32,0x61,0x32,0xa2,0x3a,0x02,0x2a,0x00,0x11,0xc0,0x08,0xc1,0x08,0xe1,0x10,
    0x02,0x19,0xe1,0x10,0xa0,0x08,0x41,0x08,0x40,0x00,0x41,0x08,0x20,0x08,0x41,0x08,0x40,0x08,0x40,0x08,0x61,0x08,0x22,0x19,
    0x05,0x2a,0x04,0x2a,0x04,0x22,0x62,0x32,0x81,0x32,0x00,0x2a,0x23,0x2a,0x24,0x32,0xe5,0x42,0x49,0x7c,0x07,0x64,0xa4,0x4b,
    0x24,0x43,0x23,0x2a,0x62,0x11,0x82,0x21,0xc4,0x29,0x22,0x19,0x61,0x08,0x40,0x00,0x40,0x00,0x41,0x08,0x40,0x00,0x40,0x08,
    0x40,0x08,0x40,0x08,0x61,0x08,0xe2,0x28,0x02,0x29,0x22,0x31,0xc4,0x51,0x26,0x72,0x46,0x72,0xe4,0x69,0xa4,0x61,0x04,0x72,
    0xc5,0x69,0x26,0x72,0xe7,0x8a,0xe8,0x92,0xe4,0x71,0x64,0x51,0x84,0x59,0xa5,0x59,0x64,0x51,0x63,0x51,0x23,0x41,0xc2,0x30,
    0x44,0x49,0xc6,0x61,0xe7,0x61,0x07,0x62,0x28,0x62,0xe6,0x61,0x03,0x41,0x81,0x28,0x65,0x41,0x47,0x6a,0x2a,0x8b,0xac,0x9b,
    0x2d,0xac,0x6e,0xb4,0x8f,0xbc,0xaf,0xc4,0xd0,0xc4,0xf0,0xc4,0x11,0xcd,0x11,0xcd,0x31,0xcd,0x11,0xcd,0x11,0xcd,0x11,0xcd,
    0x11,0xc5,0xf1,0xc4,0xb0,0xbc,0x8f,0xb4,0x6f,0xac,0x90,0xac,0xd1,0xb4,0xd1,0xbc,0xb0,0xb4,0x2e,0xac,0xed,0xa3,0x8c,0x93,
    0x0a,0x8b,0xe9,0x8a,0xe9,0x82,0xea,0x82,0xea,0x82,0x4b,0x8b,0xee,0x93,0x30,0xa4,0x0a,0x7b,0x44,0x41,0xc5,0x59,0x84,0x49,
    0x65,0x41,0x03,0x39,0x03,0x31,0x03,0x31,0x03,0x39,0xa5,0x39,0x07,0x4a,0x48,0x4a,0x0b,0x5b,0xa4,0x29,0xe1,0x10,0xc0,0x08,
    0xc1,0x08,0xc0,0x08,0x62,0x19,0xc3,0x42,0xe3,0x42,0xe3,0x42,0xc2,0x29,0xa1,0x08,0xe1,0x10,0x41,0x19,0x42,0x19,0x02,0x11,
    0x22,0x19,0x62,0x19,0xa2,0x19,0x81,0x19,0xa1,0x19,0x02,0x32,0x22,0x32,0x01,0x11,0x40,0x00,0x61,0x08,0x20,0x00,0x01,0x11,
    0x24,0x2a,0x03,0x2a,0x01,0x19,0x81,0x08,0xe1,0x10,0xe1,0x21,0x01,0x22,0xc1,0x21,0x61,0x21,0xc3,0x29,0x44,0x3a,0x01,0x19,
    0x20,0x00,0x61,0x08,0x80,0x10,0xe1,0x18,0x40,0x21,0x21,0x19,0xe1,0x18,0x81,0x08,0xe1,0x21,0x81,0x21,0x81,0x21,0x61,0x21,
    0x01,0x19,0xa0,0x08,0x80,0x08,0x80,0x08,0xa0,0x08,0x80,0x08,0x80,0x08,0x81,0x08,0x60,0x08,0x20,0x00,0x20,0x00,0x41,0x00,
    0x40,0x08,0x41,0x00,0x60,0x08,0x61,0x08,0xa1,0x08,0x22,0x19,0xc3,0x21,0x23,0x2a,0x81,0x32,0x60,0x32,0x42,0x2a,0x64,0x32,
    0x04,0x43,0x64,0x4b,0x23,0x3b,0x63,0x32,0xa2,0x19,0x01,0x11,0xc1,0x10,0x02,0x11,0x62,0x21,0x42,0x19,0xa1,0x08,0x60,0x08,
    0x40,0x00,0x40,0x08,0x21,0x08,0x40,0x00,0x21,0x08,0x40,0x00,0x40,0x08,0xa1,0x18,0xc1,0x20,0x22,0x39,0xc5,0x59,0xe4,0x69,
    0x66,0x7a,0xc4,0x69,0xc4,0x61,0xc4,0x69,0xe5,0x69,0x26,0x72,0x08,0x93,0xe7,0x92,0xc5,0x71,0x64,0x51,0xa4,0x59,0x64,0x51,
    0x84,0x59,0x44,0x49,0x23,0x41,0x82,0x20,0x41,0x10,0x61,0x20,0xc3,0x38,0xe2,0x38,0xe3,0x38,0xc2,0x30,0x81,0x28,0xa2,0x28,
    0x03,0x39,0xc6,0x51,0xa8,0x7a,0x6b,0x93,0xcc,0xa3,0x2e,0xb4,0x8f,0xbc,0xaf,0xbc,0xd0,0xc4,0xf0,0xc4,0x11,0xcd,0x11,0xcd,
    0x11,0xcd,0x11,0xcd,0x11,0xc5,0xf1,0xcc,0xf0,0xc4,0xb0,0xbc,0x8f,0xb4,0x8f,0xac,0x6f,0xac,0x90,0xac,0xd0,0xbc,0xf1,0xbc,
    0x90,0xb4,0x8f,0xb4,0x4f,0xac,0x0d,0xa4,0xed,0x9b,0x0e,0x9c,0x50,0xac,0x91,0xac,0x70,0xa4,0x71,0xac,0x91,0xac,0x91,0xac,
    0x8c,0x93,0xc6,0x59,0xe5,0x61,0xa5,0x49,0x64,0x41,0x03,0x31,0xe3,0x30,0x24,0x39,0x24,0x39,0x84,0x39,0x47,0x4a,0xc6,0x41,
    0x05,0x2a,0x41,0x11,0x62,0x21,0x43,0x21,0xe1,0x10,0xe1,0x10,0x64,0x3a,0xc7,0x6b,0x64,0x53,0x44,0x53,0xa3,0x42,0x41,0x11,
    0x81,0x08,0xc1,0x08,0xc2,0x10,0x60,0x08,0xe2,0x10,0xa3,0x21,0x82,0x19,0x81,0x21,0xc1,0x21,0x22,0x32,0xc3,0x29,0x62,0x21,
    0x22,0x19,0x62,0x19,0x22,0x19,0x41,0x19,0xc2,0x29,0x41,0x19,0xc1,0x10,0xa1,0x10,0xc0,0x08,0xc1,0x21,0x41,0x2a,0xe1,0x21,
    0x80,0x19,0x20,0x11,0x03,0x32,0x83,0x42,0x82,0x21,0x41,0x19,0x80,0x21,0xc1,0x21,0xc0,0x29,0xe0,0x29,0xe1,0x29,0xc1,0x18,
    0x01,0x11,0xe0,0x10,0xe1,0x18,0x21,0x19,0x41,0x19,0x22,0x19,0x02,0x19,0xe1,0x10,0xa0,0x08,0xa1,0x08,0xa0,0x08,0xc0,0x08,
    0xa1,0x08,0x60,0x08,0x20,0x00,0x20,0x08,0x20,0x00,0x41,0x08,0x40,0x00,0x40,0x08,0x40,0x00,0x61,0x08,0x42,0x19,0x03,0x22,
    0x02,0x22,0x41,0x2a,0x62,0x32,0xa4,0x32,0x82,0x2a,0x82,0x2a,0xc2,0x21,0xc1,0x10,0xa1,0x10,0xe1,0x10,0xc1,0x08,0x01,0x19,
    0x42,0x19,0x22,0x19,0xc1,0x08,0x60,0x08,0x61,0x08,0x40,0x00,0x40,0x08,0x61,0x08,0x40,0x08,0x21,0x00,0x40,0x08,0x81,0x10,
    0xa2,0x20,0x02,0x39,0xc4,0x51,0xe5,0x69,0x25,0x72,0xc4,0x69,0xc4,0x69,0xa4,0x61,0xc4,0x61,0x26,0x72,0x49,0x9b,0xc7,0x92,
    0xc4,0x69,0x64,0x59,0xa4,0x59,0x64,0x51,0x84,0x51,0x44,0x51,0x23,0x41,0x81,0x20,0x41,0x10,0x00,0x00,0x00,0x00,0x20,0x00,
    0x41,0x10,0x61,0x20,0xa2,0x28,0x23,0x31,0x24,0x41,0x64,0x41,0x07,0x5a,0xe9,0x82,0x8b,0x9b,0xed,0xa3,0x4d,0xb4,0x8f,0xbc,
    0xaf,0xbc,0xf0,0xc4,0xd0,0xc4,0xf0,0xc4,0xf0,0xc4,0xf0,0xc4,0xd0,0xc4,0xd0,0xc4,0xd0,0xbc,0xb0,0xbc,0x6f,0xb4,0x6f,0xb4,
    0x6f,0xac,0x8f,0xb4,0xd0,0xbc,0xd1,0xbc,0xf0,0xbc,0xd1,0xb4,0xf1,0xbc,0xd2,0xb4,0x12,0xbd,0x34,0xbd,0x54,0xc5,0x54,0xbd,
    0x13,0xbd,0xd2,0xb4,0xf2,0xb4,0xb2,0xac,0x50,0xa4,0x88,0x72,0xe5,0x61,0x64,0x49,0x65,0x39,0x23,0x39,0x03,0x31,0x23,0x39,
    0x44,0x39,0x64,0x39,0x47,0x4a,0x06,0x42,0x47,0x42,0x62,0x19,0x83,0x21,0x63,0x21,0x42,0x19,0x42,0x19,0xc5,0x42,0xc7,0x6b,
    0x24,0x4b,0x24,0x4b,0x09,0x6c,0x0c,0x7c,0xa4,0x21,0x60,0x08,0x81,0x08,0xa2,0x08,0x63,0x19,0xa3,0x21,0x61,0x19,0xa1,0x21,
    0xe1,0x21,0x22,0x32,0xc2,0x29,0xa4,0x21,0xc4,0x29,0xc4,0x29,0xc2,0x21,0xa2,0x21,0x61,0x19,0xc1,0x10,0xc1,0x10,0x44,0x29,
    0x23,0x19,0xa1,0x21,0x41,0x2a,0x01,0x22,0xa0,0x21,0x40,0x19,0x41,0x11,0x63,0x3a,0xa2,0x3a,0xe0,0x29,0x00,0x2a,0x00,0x2a,
    0x20,0x2a,0x21,0x2a,0x80,0x21,0xa1,0x10,0xa0,0x08,0x41,0x21,0xa4,0x4a,0x03,0x2a,0x42,0x19,0x42,0x19,0x42,0x19,0x01,0x11,
    0xe0,0x10,0xc0,0x08,0xc1,0x10,0xe0,0x10,0xe1,0x10,0xc1,0x10,0x41,0x08,0x20,0x00,0x20,0x00,0x41,0x08,0x61,0x08,0x61,0x08,
    0xa1,0x10,0x21,0x11,0xa2,0x21,0x43,0x2a,0x44,0x2a,0x43,0x2a,0x82,0x32,0xc3,0x3a,0x63,0x32,0x04,0x2a,0xe1,0x10,0xa1,0x08,
    0x01,0x11,0x01,0x11,0xa2,0x29,0x63,0x3a,0xc3,0x29,0x21,0x19,0xc1,0x08,0x41,0x08,0x60,0x08,0x61,0x08,0x82,0x08,0xe3,0x18,
    0xa2,0x10,0x40,0x08,0x21,0x00,0x81,0x18,0xa1,0x20,0x02,0x39,0x83,0x51,0xe5,0x61,0x04,0x6a,0xa4,0x61,0xc4,0x69,0xa4,0x61,
    0xc4,0x61,0x26,0x72,0x28,0x9b,0xa7,0x92,0xe4,0x69,0x44,0x51,0x64,0x51,0x64,0x51,0x64,0x51,0x23,0x41,0x03,0x39,0x81,0x20,
    0x41,0x08,0x00,0x00,0x20,0x00,0x20,0x00,0x20,0x08,0x81,0x18,0xe3,0x30,0x65,0x41,0x85,0x49,0x64,0x49,0x85,0x49,0x68,0x72,
    0x2a,0x8b,0xab,0x9b,0xed,0xab,0x4e,0xb4,0x6e,0xbc,0xaf,0xbc,0xb0,0xc4,0xd0,0xc4,0xd0,0xc4,0xd0,0xc4,0xb0,0xbc,0xb0,0xbc,
    0x8f,0xbc,0x6f,0xbc,0x6e,0xac,0x4e,0xac,0x4f,0xb4,0x90,0xb4,0xf1,0xbc,0x11,0xc5,0x52,0xc5,0x74,0xcd,0x73,0xc5,0x54,0xc5,
    0x95,0xcd,0x95,0xcd,0x75,0xc5,0x13,0xc5,0xb1,0xb4,0xd2,0xb4,0xb1,0xac,0xf2,0xb4,0xb2,0xac,0xea,0x82,0xe5,0x61,0x64,0x41,
    0x64,0x41,0x24,0x39,0x03,0x31,0x03,0x31,0x24,0x39,0x24,0x39,0x05,0x3a,0xa4,0x39,0x05,0x32,0x82,0x21,0xa2,0x21,0x05,0x2a,
    0xe9,0x52,0xc7,0x4a,0xc3,0x42,0x25,0x43,0x04,0x43,0x04,0x43,0xe8,0x5b,0xf0,0x9c,0x4a,0x5b,0xc1,0x08,0x61,0x08,0x01,0x11,
    0x63,0x21,0x42,0x19,0x21,0x19,0x81,0x19,0xa1,0x21,0xa1,0x21,0x81,0x19,0x63,0x21,0x84,0x21,0x43,0x21,0x01,0x11,0xe1,0x10,
    0xe0,0x10,0xa1,0x08,0xc1,0x10,0x64,0x21,0x03,0x21,0x61,0x19,0x21,0x22,0xe1,0x21,0xa0,0x19,0x81,0x19,0x00,0x11,0x81,0x19,
    0xe1,0x29,0xe1,0x29,0x01,0x2a,0x00,0x2a,0x21,0x32,0xa0,0x21,0xc1,0x10,0x61,0x08,0x01,0x19,0x02,0x2a,0xc7,0x6b,0x25,0x53,
    0x41,0x11,0x21,0x11,0x41,0x19,0x21,0x19,0x01,0x11,0xc0,0x10,0xe0,0x08,0xe1,0x10,0x01,0x11,0xe1,0x10,0x80,0x08,0x20,0x00,
    0x21,0x08,0x61,0x10,0xc2,0x10,0x62,0x21,0x24,0x2a,0x84,0x32,0xa4,0x32,0x84,0x32,0x83,0x32,0x82,0x2a,0x82,0x2a,0x43,0x2a,
    0x24,0x32,0x24,0x32,0x83,0x21,0x83,0x29,0x62,0x21,0xe3,0x31,0x83,0x3a,0xc4,0x42,0x63,0x3a,0x22,0x19,0xa1,0x10,0x60,0x08,
    0x61,0x08,0xa2,0x10,0xe3,0x18,0x44,0x21,0x03,0x21,0x61,0x08,0x61,0x08,0x81,0x18,0xa1,0x28,0x43,0x39,0x83,0x49,0xc4,0x69,
    0xe4,0x69,0xc4,0x61,0x83,0x61,0xa4,0x69,0x84,0x59,0x87,0x82,0x48,0x9b,0x86,0x8a,0x05,0x72,0x23,0x51,0x43,0x49,0x64,0x51,
    0x23,0x49,0x02,0x41,0xe2,0x30,0xa2,0x28,0x41,0x10,0x00,0x00,0x00,0x08,0x21,0x00,0x00,0x00,0x41,0x10,0xe3,0x30,0x65,0x49,
    0xc5,0x51,0xa5,0x51,0x85,0x49,0xc5,0x51,0xa8,0x7a,0x0a,0x8b,0x8b,0x9b,0xed,0xa3,0x4e,0xb4,0x6e,0xb4,0x8f,0xbc,0x8f,0xbc,
    0x8f,0xbc,0xaf,0xbc,0xaf,0xbc,0x8f,0xbc,0x8f,0xbc,0x4e,0xb4,0x6f,0xb4,0x6f,0xb4,0xaf,0xb4,0x11,0xc5,0x32,0xc5,0x73,0xcd,
    0x93,0xd5,0x94,0xcd,0x94,0xd5,0xb5,0xcd,0x94,0xcd,0x95,0xcd,0x34,0xc5,0xd1,0xb4,0x90,0xac,0x70,0xac,0x50,0xa4,0x90,0xac,
    0xb1,0xac,0x2b,0x83,0xc5,0x59,0x64,0x49,0x64,0x39,0x03,0x31,0x03,0x31,0x24,0x39,0x24,0x39,0x23,0x31,0x44,0x4a,0x24,0x42,
    0xa3,0x31,0x62,0x11,0xe4,0x31,0x4a,0x5b,0x0e,0x7c,0x8a,0x5b,0xc5,0x3a,0xe3,0x3a,0xe4,0x3a,0xc3,0x3a,0xc3,0x42,0x25,0x43,
    0x85,0x3a,0xe1,0x10,0x80,0x08,0x02,0x11,0xe2,0x18,0xa1,0x08,0x21,0x19,0x81,0x21,0xa0,0x19,0xa0,0x21,0x81,0x21,0x22,0x19,
    0x02,0x19,0x02,0x19,0xa1,0x10,0x60,0x08,0x40,0x08,0x40,0x00,0x81,0x08,0xa1,0x10,0xa2,0x10,0x01,0x11,0xe0,0x21,0xc1,0x21,
    0x61,0x19,0x81,0x19,0x41,0x11,0xa1,0x21,0xa1,0x21,0x42,0x19,0xa1,0x21,0x61,0x21,0x01,0x19,0xc1,0x10,0x61,0x08,0x61,0x10,
    0x03,0x3a,0x43,0x32,0x46,0x63,0x25,0x53,0x43,0x32,0x41,0x19,0x21,0x11,0x41,0x19,0x01,0x11,0xe1,0x10,0xe1,0x10,0xe0,0x10,
    0xe1,0x10,0x21,0x11,0xc1,0x10,0x41,0x00,0x40,0x08,0x81,0x08,0x63,0x21,0xc5,0x3a,0x06,0x43,0xe5,0x3a,0xc3,0x32,0xe3,0x32,
    0xa2,0x32,0x21,0x22,0xc3,0x21,0xe3,0x21,0xe3,0x21,0xe4,0x21,0xc3,0x29,0xa2,0x29,0x83,0x21,0x05,0x5b,0x45,0x5b,0x42,0x32,
    0x63,0x3a,0x41,0x19,0x81,0x08,0x61,0x08,0xa2,0x10,0xc2,0x10,0xc2,0x10,0x03,0x21,0x03,0x21,0xa2,0x10,0x61,0x08,0x81,0x18,
    0x02,0x31,0x22,0x39,0x84,0x51,0xe5,0x61,0xc4,0x69,0xc4,0x69,0x83,0x61,0xc4,0x69,0xa4,0x59,0x87,0x82,0x49,0x9b,0x86,0x92,
    0xe5,0x69,0x02,0x49,0x23,0x41,0x64,0x51,0x03,0x39,0x03,0x41,0xc2,0x30,0x82,0x20,0x41,0x10,0x00,0x00,0x20,0x00,0x00,0x08,
    0x00,0x00,0x21,0x08,0xc2,0x28,0x65,0x41,0xc6,0x51,0xe6,0x51,0xa5,0x51,0xa5,0x51,0xe6,0x59,0xa8,0x72,0x2a,0x8b,0x8b,0x9b,
    0xec,0xa3,0x0d,0xac,0x4d,0xac,0x4e,0xb4,0x6e,0xbc,0x6e,0xb4,0x8f,0xbc,0x6e,0xbc,0x6e,0xb4,0x6e,0xb4,0x6e,0xb4,0x8f,0xb4,
    0xd1,0xbc,0x11,0xc5,0x52,0xcd,0x93,0xcd,0x93,0xd5,0x94,0xcd,0x94,0xcd,0x73,0xcd,0x53,0xc5,0x13,0xbd,0xd1,0xb4,0x70,0xb4,
    0x50,0xa4,0x2f,0xa4,0x0e,0x9c,0x0f,0xa4,0x4f,0xa4,0xc9,0x7a,0xa5,0x59,0x64,0x41,0x64,0x39,0x03,0x31,0xe3,0x30,0x44,0x39,
    0x43,0x39,0x23,0x39,0x86,0x4a,0xa7,0x52,0x05,0x42,0x04,0x32,0xe4,0x29,0x09,0x53,0x6a,0x5b,0x48,0x4b,0xe5,0x42,0xc4,0x3a,
    0xe3,0x4a,0x43,0x2a,0xa1,0x21,0x41,0x11,0xe1,0x10,0x81,0x08,0x81,0x08,0x81,0x08,0x62,0x10,0x61,0x08,0x22,0x19,0xa1,0x21,
    0xc1,0x21,0xc0,0x21,0x61,0x19,0xe1,0x18,0xe1,0x18,0xe1,0x18,0xc1,0x10,0x81,0x08,0x40,0x08,0x40,0x08,0x60,0x08,0x81,0x08,
    0x40,0x08,0xc1,0x10,0xe1,0x21,0x02,0x32,0x63,0x21,0x21,0x11,0x42,0x19,0x22,0x2a,0xe2,0x29,0xa1,0x08,0x01,0x19,0x02,0x19,
    0x60,0x08,0x61,0x08,0x61,0x08,0x41,0x08,0x44,0x3a,0x22,0x2a,0x43,0x32,0x63,0x32,0xa6,0x52,0xe3,0x31,0xe0,0x10,0xe1,0x10,
    0x21,0x19,0xe1,0x18,0xc1,0x10,0xe1,0x10,0xe1,0x10,0x01,0x11,0xe2,0x10,0x81,0x08,0x20,0x08,0xe1,0x10,0xa5,0x3a,0x27,0x43,
    0x05,0x3b,0xe3,0x3a,0xe2,0x32,0x81,0x32,0xa1,0x19,0x00,0x11,0x22,0x19,0x82,0x21,0x83,0x21,0x62,0x19,0x01,0x11,0x21,0x21,
    0x82,0x21,0x44,0x3a,0x43,0x32,0x83,0x42,0x05,0x53,0x42,0x11,0x60,0x08,0x81,0x08,0xa2,0x10,0x81,0x10,0x81,0x08,0xc2,0x18,
    0xc2,0x10,0xa1,0x10,0x61,0x08,0x81,0x10,0x02,0x31,0x22,0x39,0xa4,0x51,0xc4,0x61,0x05,0x6a,0xa3,0x61,0x83,0x61,0xa4,0x69,
    0xc5,0x69,0xc7,0x8a,0x28,0x9b,0x85,0x82,0xa4,0x69,0x03,0x49,0x03,0x41,0x63,0x51,0xe2,0x38,0xe3,0x38,0xc2,0x30,0xa1,0x28,
    0x41,0x08,0x20,0x08,0x21,0x00,0x00,0x00,0x20,0x00,0x00,0x00,0x82,0x18,0x44,0x39,0xc6,0x51,0xe6,0x59,0xe6,0x59,0xc6,0x59,
    0xa5,0x51,0xc5,0x59,0x67,0x72,0xc9,0x82,0x2a,0x8b,0x8b,0x9b,0xcb,0xa3,0x0d,0xac,0x2d,0xac,0x2d,0xb4,0x4e,0xb4,0x4e,0xb4,
    0x4e,0xb4,0x4e,0xb4,0x6f,0xb4,0xaf,0xb4,0xd0,0xbc,0x11,0xc5,0x32,0xc5,0x52,0xcd,0x73,0xcd,0x52,0xcd,0x32,0xc5,0xf1,0xbc,
    0xd1,0xbc,0x90,0xb4,0x6f,0xac,0x0e,0xa4,0x0e,0xa4,0xee,0x9b,0xad,0x93,0xad,0x93,0x2b,0x8b,0xe6,0x61,0xc5,0x59,0x44,0x41,
    0x44,0x41,0x03,0x31,0xe3,0x28,0x44,0x39,0x03,0x39,0xe3,0x30,0xe5,0x41,0x45,0x42,0xc5,0x41,0xc7,0x52,0xe2,0x21,0x03,0x2a,
    0x43,0x2a,0x65,0x3a,0xa6,0x42,0x43,0x32,0x03,0x32,0x62,0x21,0x81,0x08,0x60,0x08,0x81,0x08,0xc1,0x10,0x82,0x10,0x42,0x08,
    0x41,0x08,0xa2,0x10,0x82,0x21,0xe2,0x29,0xe1,0x29,0x81,0x21,0x02,0x19,0xc1,0x18,0xa1,0x10,0xe2,0x10,0x42,0x21,0x41,0x21,
    0xa1,0x10,0x60,0x08,0x61,0x08,0x81,0x08,0x61,0x08,0xc1,0x10,0xc1,0x21,0x04,0x32,0x65,0x31,0xc1,0x10,0x21,0x11,0x62,0x32,
    0xc2,0x29,0x40,0x08,0x61,0x08,0x62,0x21,0x02,0x11,0x81,0x10,0x61,0x08,0x61,0x08,0xa2,0x21,0xc2,0x21,0x43,0x2a,0x43,0x32,
    0x24,0x3a,0x63,0x21,0x61,0x08,0x81,0x08,0x02,0x19,0x01,0x19,0xc1,0x10,0xe1,0x18,0xc1,0x10,0x80,0x08,0xc1,0x10,0x81,0x08,
    0x40,0x00,0x83,0x21,0x26,0x43,0x25,0x3b,0xe3,0x32,0xa2,0x32,0x01,0x22,0x41,0x11,0xe1,0x10,0x21,0x19,0x42,0x19,0x62,0x21,
    0x41,0x19,0xc1,0x10,0x60,0x08,0xc1,0x10,0xa2,0x29,0xe3,0x29,0x82,0x19,0x64,0x32,0x67,0x63,0x42,0x19,0x40,0x08,0x61,0x08,
    0x81,0x10,0x81,0x08,0x81,0x08,0x81,0x10,0xa1,0x10,0x81,0x10,0x61,0x08,0xa1,0x18,0xc2,0x28,0x42,0x41,0x63,0x49,0xc4,0x61,
    0x05,0x72,0x83,0x61,0x83,0x59,0xa4,0x69,0x25,0x6a,0x08,0x93,0xe7,0x92,0x46,0x82,0x83,0x69,0x23,0x41,0x02,0x41,0x64,0x51,
    0xe2,0x38,0xe2,0x38,0xc2,0x30,0xa2,0x28,0x41,0x08,0x20,0x08,0x20,0x08,0x20,0x00,0x00,0x08,0x00,0x00,0x41,0x10,0x23,0x39,
    0xc6,0x49,0x06,0x5a,0x07,0x62,0x06,0x5a,0xe6,0x59,0xa5,0x51,0xc5,0x51,0x06,0x62,0x67,0x72,0xc8,0x82,0x2a,0x8b,0x6a,0x9b,
    0x8b,0x9b,0xcc,0xa3,0xec,0xab,0xec,0xa3,0xed,0xab,0x2d,0xac,0x4e,0xac,0x6e,0xb4,0xaf,0xbc,0xb0,0xbc,0xf0,0xbc,0xf1,0xc4,
    0xf0,0xbc,0xf1,0xc4,0xd0,0xbc,0x90,0xb4,0x4f,0xac,0xed,0xa3,0xad,0x9b,0x8c,0x93,0x8d,0x93,0x8c,0x8b,0x2b,0x8b,0xc9,0x7a,
    0x47,0x6a,0x64,0x51,0x05,0x5a,0x44,0x41,0x64,0x39,0x03,0x31,0xe2,0x30,0x24,0x39,0x03,0x31,0xe3,0x30,0x64,0x31,0x63,0x29,
    0x84,0x31,0x45,0x42,0x43,0x2a,0x01,0x22,0xe1,0x21,0x81,0x19,0x42,0x19,0x02,0x19,0xc1,0x08,0x81,0x08,0x40,0x08,0x41,0x08,
    0x03,0x19,0x86,0x39,0x04,0x21,0x82,0x10,0x62,0x10,0xa2,0x18,0x63,0x29,0x83,0x31,0x63,0x29,0x02,0x21,0xe2,0x18,0xc2,0x18,
    0xa1,0x10,0xa1,0x10,0xa3,0x29,0x43,0x3a,0x22,0x21,0x60,0x08,0x61,0x08,0xa1,0x10,0xc1,0x10,0x01,0x19,0xa1,0x21,0x82,0x21,
    0xe3,0x18,0x81,0x08,0x41,0x19,0x61,0x3a,0x62,0x19,0x40,0x08,0x20,0x00,0x42,0x21,0xe2,0x31,0xa1,0x10,0x61,0x08,0x61,0x10,
    0xa2,0x21,0xc1,0x21,0x23,0x2a,0x84,0x32,0xe2,0x29,0xe1,0x10,0x40,0x00,0x40,0x08,0x81,0x08,0xe1,0x18,0x01,0x19,0x42,0x21,
    0x43,0x19,0xa1,0x08,0x61,0x08,0x61,0x08,0x61,0x08,0x04,0x2a,0x25,0x43,0xa3,0x32,0xe1,0x21,0x01,0x11,0xc0,0x10,0x01,0x11,
    0x22,0x19,0x41,0x19,0x41,0x19,0x01,0x11,0xa1,0x10,0x81,0x08,0x61,0x08,0xc1,0x10,0xc3,0x21,0x24,0x2a,0x65,0x3a,0x86,0x32,
    0x85,0x3a,0x62,0x19,0x61,0x00,0x61,0x10,0x61,0x08,0x61,0x08,0x61,0x10,0x81,0x08,0x61,0x08,0x61,0x08,0x81,0x10,0x81,0x10,
    0xc2,0x20,0x22,0x41,0x63,0x49,0xc4,0x61,0xc4,0x61,0x83,0x59,0x83,0x61,0xc5,0x69,0x46,0x7a,0x6a,0x9b,0x07,0x93,0x25,0x82,
    0x83,0x61,0x03,0x41,0x03,0x49,0x84,0x51,0xe3,0x38,0xa2,0x30,0xe2,0x38,0x81,0x20,0x41,0x10,0x41,0x08,0x00,0x00,0x21,0x08,
    0x00,0x00,0x20,0x00,0x21,0x08,0xe3,0x28,0xa5,0x49,0xe6,0x59,0x06,0x5a,0x07,0x62,0x27,0x62,0x06,0x62,0xa5,0x59,0xa5,0x51,
    0xa5,0x51,0xc5,0x61,0x26,0x6a,0x88,0x7a,0xe8,0x82,0x09,0x93,0x2a,0x93,0x4a,0x93,0x6a,0x9b,0x8b,0x9b,0xcb,0xa3,0xed,0xa3,
    0xec,0xa3,0x0d,0xac,0x2e,0xac,0x4e,0xb4,0x4e,0xac,0x4e,0xb4,0x4e,0xac,0xed,0xa3,0x8c,0x9b,0x6b,0x93,0x0a,0x83,0xa9,0x82,
    0xa8,0x72,0x68,0x72,0x47,0x6a,0xc6,0x59,0x64,0x49,0x23,0x41,0x06,0x6a,0x23,0x39,0x64,0x41,0xe3,0x28,0xe3,0x30,0x44,0x39,
    0xe2,0x30,0xe3,0x30,0x43,0x31,0x63,0x29,0x63,0x31,0xe3,0x31,0x64,0x32,0x42,0x2a,0x21,0x2a,0xa1,0x21,0xe1,0x10,0x81,0x08,
    0x61,0x08,0x41,0x08,0x41,0x08,0x61,0x08,0x24,0x21,0x27,0x42,0x06,0x3a,0x64,0x29,0xa2,0x18,0xc3,0x20,0x04,0x29,0x23,0x29,
    0x03,0x29,0xa2,0x18,0xa2,0x18,0xc2,0x18,0xa2,0x10,0xc1,0x18,0x43,0x21,0xa3,0x31,0x22,0x19,0x81,0x10,0x60,0x08,0x81,0x10,
    0xc1,0x18,0xe1,0x18,0x00,0x11,0xc1,0x10,0x41,0x08,0x80,0x08,0x20,0x19,0x00,0x19,0xa1,0x08,0x61,0x08,0x41,0x08,0x02,0x19,
    0x43,0x32,0xe1,0x10,0x61,0x08,0x61,0x08,0x24,0x32,0xe4,0x29,0x62,0x21,0xc2,0x21,0x03,0x32,0xc3,0x29,0xc1,0x10,0x00,0x00,
    0x40,0x08,0xe2,0x18,0x83,0x29,0xc5,0x31,0x69,0x52,0xa5,0x29,0x61,0x08,0x61,0x10,0xc2,0x18,0x84,0x3a,0x64,0x32,0x21,0x19,
    0xa1,0x08,0xa0,0x08,0xc1,0x10,0xe1,0x10,0x01,0x19,0xe1,0x10,0xa0,0x10,0x81,0x08,0x81,0x08,0x81,0x08,0x61,0x08,0xe2,0x10,
    0xc3,0x29,0x04,0x22,0x86,0x3a,0xc7,0x42,0x86,0x32,0xe4,0x29,0xc1,0x08,0x61,0x08,0x61,0x08,0x60,0x08,0x81,0x08,0x81,0x08,
    0x61,0x08,0x81,0x10,0x82,0x10,0x81,0x10,0xe2,0x28,0x22,0x39,0x43,0x41,0xc4,0x61,0x83,0x61,0x83,0x61,0x83,0x61,0x05,0x72,
    0xa7,0x7a,0x49,0x9b,0x08,0x9b,0x25,0x82,0x83,0x61,0x03,0x41,0x43,0x51,0x84,0x59,0xe2,0x38,0xc2,0x38,0xe2,0x30,0xa2,0x28,
    0x61,0x10,0x21,0x08,0x00,0x00,0x41,0x08,0x20,0x00,0x00,0x00,0x00,0x00,0xc2,0x20,0x85,0x49,0xe6,0x59,0x27,0x62,0x27,0x62,
    0x27,0x62,0x07,0x62,0x06,0x62,0xe5,0x61,0xc5,0x59,0x85,0x51,0x84,0x51,0xa5,0x59,0xc5,0x59,0x06,0x62,0x06,0x72,0x46,0x72,
    0x67,0x7a,0xa8,0x82,0xe8,0x8a,0xe9,0x8a,0x09,0x8b,0x29,0x8b,0x2a,0x93,0x4a,0x93,0x4a,0x93,0x2a,0x93,0x2a,0x93,0xe9,0x82,
    0xa8,0x7a,0x88,0x7a,0x06,0x6a,0xc5,0x61,0x64,0x51,0x44,0x41,0x23,0x41,0xc2,0x28,0xa2,0x28,0x44,0x41,0x06,0x6a,0x44,0x41,
    0x44,0x39,0xe2,0x28,0xe3,0x30,0x44,0x39,0x03,0x31,0xe3,0x30,0x44,0x39,0x63,0x29,0x43,0x29,0xc4,0x31,0x64,0x32,0x43,0x2a,
    0x62,0x2a,0x02,0x2a,0xe3,0x31,0x21,0x19,0xc1,0x10,0xa1,0x10,0x81,0x10,0x81,0x10,0x24,0x21,0x06,0x42,0xe5,0x31,0xa4,0x29,
    0x65,0x31,0x24,0x29,0xe3,0x28,0xe3,0x28,0xa2,0x20,0x82,0x10,0x81,0x10,0xa2,0x18,0xc2,0x18,0xc2,0x18,0xe2,0x10,0xe2,0x18,
    0xc1,0x10,0x81,0x10,0x61,0x08,0x81,0x10,0xc1,0x10,0xa1,0x18,0xc1,0x10,0x81,0x10,0x20,0x08,0x61,0x08,0x61,0x08,0x20,0x00,
    0x40,0x08,0x61,0x08,0xa1,0x10,0x44,0x19,0x26,0x53,0xc3,0x29,0x61,0x08,0x41,0x08,0x26,0x3a,0x05,0x32,0xa4,0x21,0x63,0x21,
    0xa2,0x29,0x66,0x4a,0x06,0x3a,0x40,0x00,0x40,0x08,0xa1,0x10,0x23,0x21,0xc5,0x39,0x49,0x4a,0xa6,0x31,0x61,0x08,0x61,0x10,
    0xe3,0x18,0x83,0x21,0xc2,0x10,0x81,0x08,0xa0,0x10,0xc0,0x10,0xc0,0x08,0x80,0x08,0x60,0x00,0x60,0x08,0x41,0x00,0x61,0x08,
    0x61,0x08,0x62,0x08,0x61,0x08,0x42,0x19,0x04,0x2a,0x04,0x22,0x45,0x32,0xe7,0x42,0x08,0x4b,0x85,0x3a,0x63,0x19,0x81,0x08,
    0x60,0x08,0x61,0x08,0xc1,0x18,0xe2,0x10,0xc1,0x10,0x81,0x10,0x81,0x10,0x81,0x10,0xe1,0x28,0x02,0x39,0x43,0x49,0xa4,0x59,
    0xa3,0x61,0x43,0x51,0x83,0x61,0x46,0x7a,0xa7,0x82,0x69,0x9b,0x07,0x9b,0x25,0x7a,0x84,0x61,0x02,0x49,0x23,0x49,0x64,0x51,
    0x03,0x41,0xe2,0x30,0xe2,0x38,0xa2,0x20,0x61,0x10,0x41,0x08,0x20,0x08,0x41,0x08,0x00,0x08,0x20,0x00,0x00,0x00,0x82,0x18,
    0x45,0x39,0xe6,0x59,0x07,0x5a,0x48,0x6a,0x47,0x6a,0x47,0x6a,0x47,0x62,0x27,0x62,0x06,0x62,0xe5,0x61,0xe5,0x61,0xc5,0x59,
    0xc5,0x61,0xa4,0x59,0xa4,0x59,0xa4,0x51,0x84,0x59,0xa4,0x59,0xa5,0x59,0xc4,0x59,0xc5,0x61,0xc5,0x61,0xe5,0x61,0xe5,0x61,
    0xe5,0x61,0xe5,0x61,0xc5,0x61,0xa4,0x59,0x85,0x59,0x64,0x49,0x03,0x39,0xc2,0x28,0x41,0x18,0xc2,0x20,0x41,0x10,0x61,0x18,
    0x82,0x18,0x64,0x49,0x26,0x6a,0x43,0x41,0x24,0x39,0xc2,0x28,0x03,0x31,0x24,0x39,0x03,0x31,0xe2,0x30,0x24,0x31,0x43,0x29,
    0x43,0x29,0xc3,0x39,0x43,0x2a,0x82,0x2a,0x42,0x2a,0x02,0x2a,0x23,0x32,0x61,0x19,0x21,0x19,0x42,0x11,0x01,0x19,0x81,0x08,
    0x24,0x21,0x85,0x31,0x24,0x29,0xc5,0x31,0x06,0x3a,0x44,0x31,0x03,0x29,0x03,0x29,0xc2,0x20,0x81,0x10,0xa2,0x10,0xc1,0x18,
    0xc2,0x18,0xe2,0x18,0xc2,0x18,0xc1,0x10,0xa2,0x18,0xa1,0x10,0x81,0x10,0x81,0x10,0x81,0x10,0x81,0x10,0x81,0x08,0x61,0x10,
    0x61,0x08,0x82,0x10,0xc2,0x18,0x41,0x08,0x20,0x00,0x61,0x08,0xa2,0x10,0x02,0x11,0x25,0x53,0xa4,0x42,0xc2,0x10,0x61,0x08,
    0x46,0x3a,0x88,0x42,0x05,0x32,0x63,0x19,0x01,0x19,0x84,0x29,0x06,0x42,0xc2,0x10,0x21,0x08,0x40,0x00,0x81,0x08,0xc2,0x18,
    0xe3,0x10,0xa2,0x10,0x41,0x08,0x61,0x08,0xa2,0x10,0xa2,0x10,0x81,0x10,0x80,0x08,0xa1,0x10,0xc0,0x08,0xc0,0x10,0x42,0x19,
    0x83,0x21,0xa2,0x29,0x61,0x21,0xe1,0x10,0xc2,0x10,0x81,0x10,0xa1,0x08,0x43,0x19,0x24,0x2a,0x03,0x2a,0x25,0x2a,0xe8,0x4a,
    0x8a,0x63,0x07,0x43,0xc3,0x21,0xc1,0x10,0x61,0x08,0x81,0x08,0xe1,0x10,0x22,0x19,0xe2,0x10,0xa1,0x18,0xa2,0x10,0x60,0x08,
    0xc2,0x20,0xe2,0x38,0x63,0x49,0x83,0x59,0x83,0x59,0x22,0x51,0x83,0x61,0x67,0x7a,0xc8,0x82,0x69,0x9b,0xe7,0x92,0x45,0x82,
    0xc4,0x69,0x03,0x49,0x43,0x51,0x64,0x49,0x02,0x41,0xc2,0x38,0xc2,0x30,0xa2,0x28,0x82,0x18,0x41,0x10,0x20,0x00,0x41,0x08,
    0x00,0x00,0x00,0x00,0x00,0x00,0x61,0x10,0x24,0x39,0xc6,0x51,0x27,0x5a,0x47,0x62,0x68,0x6a,0x68,0x6a,0x67,0x72,0x47,0x6a,
    0x47,0x6a,0x26,0x6a,0x26,0x6a,0x06,0x6a,0x46,0x6a,0x26,0x6a,0x26,0x6a,0x06,0x62,0xe5,0x61,0xa4,0x59,0x84,0x51,0x43,0x51,
    0x43,0x49,0x03,0x41,0x02,0x41,0x03,0x41,0x03,0x41,0xe2,0x40,0xe2,0x38,0xe2,0x38,0x03,0x39,0xc2,0x30,0xa1,0x28,0x41,0x18,
    0x41,0x10,0xc2,0x20,0x21,0x10,0xa2,0x18,0xa2,0x28,0x84,0x51,0x26,0x6a,0x43,0x41,0x24,0x31,0xc2,0x28,0xe3,0x30,0x23,0x39,
    0xe3,0x30,0xe3,0x30,0x23,0x31,0x23,0x29,0x42,0x21,0xe5,0x39,0x44,0x32,0xa3,0x32,0x84,0x3a,0x04,0x32,0x04,0x2a,0xc2,0x19,
    0x61,0x11,0x81,0x19,0xa2,0x19,0x22,0x11,0xe2,0x18,0x03,0x19,0x64,0x29,0x05,0x3a,0xe5,0x31,0x44,0x29,0x03,0x29,0x24,0x31,
    0x23,0x29,0xc2,0x20,0xc2,0x10,0xc2,0x18,0x02,0x21,0xe3,0x18,0xc2,0x18,0xc1,0x10,0xa2,0x18,0xa1,0x10,0xa2,0x10,0xc1,0x10,
    0x81,0x10,0x81,0x08,0x81,0x10,0x81,0x10,0xa2,0x10,0x04,0x21,0x44,0x29,0x81,0x08,0x40,0x08,0x20,0x08,0x81,0x10,0xc3,0x10,
    0xc4,0x29,0xc4,0x29,0xe2,0x10,0xa1,0x10,0x67,0x42,0x88,0x42,0x05,0x32,0x02,0x11,0x61,0x08,0x61,0x08,0xc2,0x18,0xa1,0x10,
    0x82,0x08,0x61,0x10,0x41,0x08,0x61,0x00,0x40,0x08,0x41,0x08,0x61,0x08,0x61,0x10,0xa2,0x10,0xa2,0x18,0x81,0x08,0x60,0x08,
    0x81,0x10,0xc0,0x08,0x01,0x11,0x44,0x42,0xe6,0x52,0xe4,0x4a,0x24,0x53,0xe2,0x29,0x01,0x19,0x02,0x19,0x22,0x19,0x83,0x29,
    0x45,0x32,0x04,0x22,0x03,0x22,0xa6,0x3a,0xab,0x63,0x8a,0x63,0x45,0x2a,0x62,0x19,0xc1,0x10,0x81,0x08,0xe1,0x18,0x02,0x11,
    0xc1,0x10,0xa1,0x10,0xa1,0x18,0x81,0x18,0xe2,0x28,0x01,0x39,0x63,0x49,0x83,0x51,0x63,0x51,0xe2,0x48,0xa4,0x61,0xc8,0x8a,
    0xc8,0x8a,0x69,0x9b,0xc7,0x92,0x66,0x8a,0xc4,0x69,0x23,0x49,0x63,0x51,0x44,0x51,0x43,0x49,0xc2,0x38,0xc2,0x30,0xc2,0x28,
    0x62,0x18,0x41,0x08,0x20,0x08,0x20,0x08,0x20,0x00,0x21,0x08,0x00,0x00,0x61,0x10,0x24,0x31,0xa5,0x49,0x07,0x5a,0x27,0x62,
    0x68,0x6a,0x68,0x6a,0x88,0x72,0x68,0x72,0x67,0x72,0x67,0x6a,0x67,0x72,0x67,0x6a,0x68,0x72,0xa8,0x72,0x88,0x72,0x87,0x72,
    0x46,0x72,0x26,0x6a,0x06,0x62,0xc5,0x61,0xa3,0x51,0x63,0x51,0x43,0x49,0x23,0x49,0x02,0x41,0xe2,0x38,0xe2,0x38,0xe3,0x38,
    0x02,0x39,0xc2,0x30,0x81,0x20,0x61,0x18,0x61,0x18,0x61,0x18,0x41,0x10,0xa2,0x20,0xc2,0x30,0xa4,0x59,0x06,0x6a,0x43,0x41,
    0x03,0x31,0xc3,0x20,0xe3,0x30,0x24,0x31,0xe3,0x30,0xe2,0x28,0x03,0x31,0x64,0x31,0xa4,0x31,0x25,0x42,0x64,0x32,0x84,0x3a,
    0xe8,0x4a,0x2a,0x53,0xac,0x6b,0x8b,0x63,0xc7,0x42,0x03,0x22,0xc2,0x21,0xc2,0x19,0xe1,0x18,0xa1,0x10,0x84,0x21,0xe5,0x31,
    0x85,0x29,0x43,0x21,0x44,0x29,0x43,0x31,0x44,0x31,0x03,0x29,0xe2,0x18,0xe2,0x20,0x03,0x29,0xe2,0x18,0xe2,0x18,0xc1,0x18,
    0xc1,0x10,0xa2,0x10,0xc2,0x18,0xc2,0x18,0x81,0x10,0x82,0x10,0xa2,0x18,0xc2,0x18,0xe3,0x18,0x44,0x29,0x66,0x29,0xa2,0x10,
    0x21,0x08,0x41,0x08,0x41,0x08,0xa2,0x10,0xe3,0x18,0x03,0x19,0xe3,0x10,0xe2,0x10,0x46,0x3a,0x26,0x32,0x63,0x21,0x61,0x08,
    0x40,0x08,0x40,0x08,0x61,0x08,0x82,0x08,0xa2,0x18,0xc2,0x10,0x82,0x10,0x41,0x00,0x41,0x08,0x41,0x08,0x61,0x08,0x61,0x08,
    0xa1,0x10,0xc2,0x10,0x81,0x10,0x20,0x08,0x60,0x08,0x81,0x08,0xa1,0x10,0x02,0x19,0xa2,0x21,0x05,0x4b,0x87,0x6b,0x83,0x21,
    0xc1,0x08,0x22,0x19,0x62,0x21,0xa3,0x29,0x25,0x32,0x65,0x32,0x23,0x2a,0x25,0x2a,0x28,0x53,0x89,0x6b,0x45,0x32,0xa3,0x21,
    0x22,0x11,0x80,0x10,0x81,0x08,0x80,0x08,0x81,0x10,0x81,0x10,0xa1,0x10,0xe2,0x20,0x42,0x29,0x02,0x39,0xa4,0x51,0x43,0x51,
    0x42,0x51,0x02,0x51,0xe4,0x71,0xc7,0x82,0xe8,0x8a,0x69,0xa3,0xe7,0x92,0x86,0x8a,0xe4,0x69,0x43,0x59,0x43,0x51,0x44,0x49,
    0x43,0x49,0xe3,0x38,0xc2,0x30,0xe3,0x30,0xa2,0x18,0x41,0x08,0x41,0x08,0x20,0x08,0x21,0x00,0x00,0x08,0x20,0x00,0x41,0x10,
    0x03,0x31,0x85,0x49,0x07,0x5a,0x47,0x62,0x68,0x6a,0x68,0x72,0x88,0x72,0x88,0x72,0x88,0x72,0x88,0x72,0xa8,0x72,0xa8,0x7a,
    0xa8,0x7a,0xc8,0x82,0xc8,0x7a,0xc8,0x7a,0xa8,0x7a,0x87,0x7a,0x87,0x72,0x26,0x6a,0xc5,0x61,0x84,0x51,0x84,0x51,0x43,0x49,
    0x03,0x41,0x02,0x41,0xe3,0x38,0x02,0x41,0xe3,0x38,0xa2,0x28,0x81,0x20,0x61,0x20,0x61,0x10,0x40,0x10,0x81,0x20,0xe3,0x30,
    0xe2,0x30,0xc5,0x59,0x06,0x6a,0x44,0x41,0xe3,0x28,0xa2,0x20,0x03,0x31,0x03,0x39,0xe3,0x28,0xe3,0x30,0xe2,0x30,0x85,0x31,
    0xe6,0x41,0x26,0x3a,0x64,0x3a,0xa7,0x4a,0xcd,0x6b,0x91,0x8c,0x90,0x84,0x91,0x8c,0x30,0x7c,0xea,0x52,0x03,0x2a,0xc2,0x21,
    0xa3,0x21,0xc2,0x18,0x43,0x19,0xe4,0x31,0x04,0x32,0x63,0x21,0x43,0x21,0x43,0x29,0x64,0x31,0x23,0x29,0xe3,0x18,0xe2,0x18,
    0x23,0x29,0x03,0x21,0xc1,0x10,0xc2,0x18,0xa1,0x10,0xa1,0x10,0xc2,0x18,0xc2,0x18,0xa2,0x10,0xa1,0x10,0xc2,0x18,0xe3,0x18,
    0xe3,0x18,0x24,0x29,0x65,0x29,0xc2,0x10,0x40,0x08,0x41,0x08,0x40,0x08,0x41,0x10,0xc2,0x10,0x04,0x19,0x03,0x19,0xc3,0x10,
    0xe5,0x31,0xa4,0x21,0x02,0x19,0x80,0x08,0x61,0x08,0x41,0x08,0x61,0x08,0x61,0x08,0xa2,0x10,0xc3,0x18,0xc3,0x18,0xa2,0x10,
    0x41,0x00,0x41,0x08,0x61,0x08,0x81,0x10,0x81,0x10,0x61,0x08,0x61,0x08,0x41,0x08,0x20,0x00,0x60,0x08,0x41,0x00,0xa1,0x10,
    0xa3,0x42,0xa5,0x63,0xc4,0x42,0x21,0x11,0x42,0x21,0xa3,0x29,0xc5,0x31,0x83,0x29,0x63,0x19,0xe4,0x31,0x24,0x2a,0x04,0x22,
    0x66,0x32,0xc6,0x42,0x04,0x2a,0xe4,0x21,0x43,0x19,0x81,0x10,0x61,0x08,0x61,0x08,0x80,0x08,0xa1,0x10,0xc1,0x18,0x43,0x29,
    0x42,0x31,0x22,0x41,0x83,0x51,0x43,0x49,0x42,0x59,0x22,0x51,0x86,0x7a,0xc8,0x8a,0xe8,0x8a,0x48,0x9b,0x07,0x9b,0xc7,0x92,
    0xc5,0x69,0x63,0x59,0x43,0x51,0x44,0x49,0x23,0x49,0xe2,0x38,0xc2,0x30,0xe2,0x30,0xa2,0x20,0x41,0x10,0x20,0x08,0x21,0x08,
    0x20,0x00,0x20,0x00,0x00,0x08,0x41,0x08,0x03,0x29,0x85,0x41,0xc6,0x51,0x07,0x62,0x48,0x6a,0x68,0x6a,0x88,0x72,0xa8,0x72,
    0xa9,0x72,0x88,0x7a,0xc9,0x7a,0xc8,0x7a,0xc9,0x82,0xe9,0x82,0x09,0x83,0x09,0x83,0xe9,0x82,0xe8,0x82,0xc8,0x7a,0x67,0x72,
    0x06,0x62,0xe5,0x61,0xc4,0x59,0x64,0x51,0x43,0x49,0x23,0x41,0x03,0x41,0x23,0x41,0xc2,0x30,0xa1,0x28,0xa2,0x28,0x40,0x18,
    0x61,0x18,0x61,0x18,0xc2,0x30,0xe2,0x30,0x03,0x41,0xc5,0x61,0x05,0x6a,0x64,0x49,0xe2,0x28,0xc2,0x28,0x23,0x39,0x03,0x39,
    0xe3,0x28,0x03,0x31,0x03,0x31,0x43,0x31,0x84,0x31,0x47,0x42,0x87,0x42,0x87,0x4a,0x4b,0x63,0xcd,0x6b,0x0e,0x6c,0x91,0x84,
    0x2f,0x7c,0x2a,0x5b,0xa4,0x29,0x42,0x19,0xc4,0x29,0x43,0x21,0x02,0x19,0x44,0x3a,0x05,0x53,0x03,0x32,0x42,0x19,0x63,0x29,
    0x84,0x39,0x43,0x29,0x03,0x21,0x02,0x21,0x43,0x29,0x64,0x31,0x02,0x21,0xc2,0x10,0xc2,0x18,0xa2,0x18,0xc2,0x10,0xa2,0x18,
    0xa2,0x10,0xa2,0x18,0xc2,0x10,0xe3,0x20,0x44,0x21,0x24,0x21,0x24,0x21,0xc2,0x18,0x61,0x08,0x41,0x08,0x40,0x08,0x41,0x10,
    0x61,0x08,0x82,0x10,0xc2,0x10,0xa2,0x10,0x63,0x21,0x02,0x11,0xc1,0x10,0x01,0x19,0x01,0x11,0xa2,0x10,0x81,0x08,0x61,0x08,
    0x61,0x08,0x82,0x08,0xc3,0x10,0xc2,0x10,0x61,0x08,0x41,0x08,0x61,0x08,0x61,0x08,0x61,0x08,0x40,0x08,0x41,0x00,0x40,0x08,
    0x20,0x00,0x40,0x00,0x20,0x00,0x42,0x19,0xe7,0x73,0x07,0x6c,0x02,0x2a,0x21,0x19,0xe3,0x31,0xa4,0x29,0xc5,0x31,0x85,0x29,
    0xc2,0x10,0xe2,0x10,0x83,0x21,0x04,0x22,0x04,0x2a,0x25,0x32,0xe4,0x21,0x04,0x32,0x64,0x21,0xa1,0x10,0x81,0x10,0xa1,0x10,
    0xc2,0x10,0xc1,0x10,0xc1,0x10,0x02,0x21,0x02,0x29,0x23,0x41,0x42,0x49,0x43,0x49,0x42,0x51,0x43,0x59,0xc7,0x82,0xc8,0x8a,
    0x08,0x8b,0x49,0x9b,0x07,0x9b,0xe8,0x9a,0xc4,0x61,0x64,0x59,0x43,0x51,0x64,0x49,0x23,0x49,0xc2,0x30,0xa2,0x30,0x03,0x39,
    0xa2,0x20,0x61,0x08,0x21,0x08,0x20,0x08,0x41,0x08,0x00,0x00,0x21,0x00,0x20,0x08,0xc3,0x28,0x85,0x41,0xc6,0x51,0x06,0x62,
    0x47,0x62,0x68,0x6a,0x88,0x72,0xa9,0x72,0xc8,0x7a,0xc9,0x7a,0xc9,0x7a,0xe9,0x82,0xe9,0x82,0x09,0x83,0x2a,0x8b,0x4a,0x8b,
    0x2a,0x8b,0x2a,0x8b,0xe9,0x82,0xa8,0x7a,0x67,0x72,0x26,0x6a,0xe6,0x61,0xa4,0x59,0x64,0x49,0x23,0x49,0x43,0x49,0x23,0x39,
    0xa2,0x30,0xa2,0x28,0x81,0x20,0x81,0x20,0xa2,0x28,0xc2,0x30,0xc2,0x30,0xe3,0x38,0x44,0x49,0x05,0x6a,0xe5,0x69,0x64,0x49,
    0xe3,0x28,0xc3,0x30,0x03,0x31,0x03,0x31,0x03,0x31,0x03,0x39,0x03,0x31,0x44,0x39,0x64,0x31,0x68,0x52,0xa7,0x4a,0x46,0x42,
    0xe8,0x52,0x09,0x53,0x8c,0x6b,0x71,0x84,0x30,0x7c,0xe9,0x52,0x22,0x19,0xa1,0x10,0x63,0x19,0x62,0x21,0x42,0x19,0x64,0x3a,
    0x26,0x53,0x84,0x42,0x42,0x19,0x83,0x29,0x84,0x31,0x63,0x31,0x03,0x21,0x02,0x21,0x43,0x21,0xa4,0x31,0x43,0x29,0xc2,0x18,
    0xc2,0x18,0xc2,0x18,0xa2,0x10,0xa2,0x18,0xa2,0x10,0xa2,0x18,0x23,0x19,0x44,0x21,0x25,0x29,0x04,0x19,0xe2,0x18,0xa2,0x18,
    0x82,0x10,0x41,0x08,0x41,0x08,0x40,0x08,0x61,0x08,0x41,0x08,0x61,0x08,0xa1,0x10,0xc1,0x10,0x61,0x08,0x81,0x08,0x21,0x19,
    0x82,0x29,0x22,0x19,0xa2,0x10,0x61,0x08,0x41,0x08,0x81,0x08,0x82,0x10,0xa2,0x10,0x61,0x08,0x60,0x08,0x81,0x10,0x80,0x08,
    0x40,0x00,0x20,0x00,0x40,0x08,0x21,0x00,0x20,0x08,0x61,0x08,0x01,0x11,0x24,0x3a,0x29,0x74,0x29,0x74,0x02,0x2a,0xe2,0x29,
    0x04,0x3a,0x84,0x21,0xa6,0x31,0x65,0x29,0x81,0x10,0xc1,0x10,0x62,0x19,0xc4,0x29,0xc3,0x21,0xa4,0x19,0xc4,0x29,0x26,0x32,
    0x23,0x19,0x81,0x10,0x81,0x10,0xc2,0x10,0xc2,0x10,0xe1,0x10,0xc2,0x18,0xc2,0x18,0xc2,0x18,0x02,0x39,0x43,0x41,0x62,0x51,
    0x22,0x49,0xa4,0x69,0xc8,0x82,0xc7,0x8a,0x28,0x93,0x49,0x9b,0x08,0x9b,0x08,0x93,0xa4,0x69,0xa4,0x61,0x43,0x51,0x44,0x51,
    0x23,0x41,0xc2,0x38,0xa2,0x28,0x23,0x41,0xc3,0x28,0x61,0x10,0x41,0x08,0x41,0x08,0x20,0x08,0x21,0x08,0x00,0x00,0x21,0x00,
    0xc2,0x20,0x65,0x41,0xc6,0x51,0x07,0x5a,0x27,0x62,0x68,0x72,0xa9,0x72,0xa9,0x7a,0xc9,0x7a,0xc9,0x7a,0xe9,0x82,0xe9,0x82,
    0x0a,0x83,0x2a,0x83,0x4a,0x8b,0x6b,0x93,0x6a,0x8b,0x4a,0x8b,0x2a,0x8b,0xc8,0x7a,0x87,0x72,0x67,0x6a,0x06,0x62,0xa5,0x59,
    0x64,0x51,0x84,0x49,0x44,0x49,0xe2,0x30,0xc2,0x30,0xc2,0x30,0x81,0x28,0xc2,0x30,0xe3,0x38,0xc2,0x30,0x03,0x39,0xc2,0x38,
    0x84,0x51,0x05,0x72,0xc5,0x61,0x64,0x49,0xe3,0x30,0xe3,0x30,0x23,0x39,0x04,0x31,0x03,0x31,0x23,0x39,0xe3,0x30,0x64,0x39,
    0x64,0x39,0x26,0x42,0x47,0x4a,0x67,0x4a,0x0a,0x63,0xe9,0x52,0x06,0x32,0x0a,0x5b,0x2b,0x5b,0x27,0x3a,0x22,0x19,0xc1,0x10,
    0x81,0x10,0xc1,0x10,0xc2,0x29,0xc3,0x3a,0x05,0x43,0x84,0x3a,0x82,0x21,0x83,0x29,0xa4,0x31,0x63,0x31,0x23,0x21,0x02,0x21,
    0x23,0x21,0x63,0x29,0x83,0x29,0x43,0x21,0x02,0x19,0xc2,0x18,0xc2,0x18,0xc2,0x10,0xa2,0x18,0x03,0x19,0xc6,0x31,0xe7,0x31,
    0x64,0x21,0xe3,0x18,0xc2,0x10,0xa2,0x10,0x81,0x10,0x61,0x08,0x61,0x08,0x61,0x08,0x61,0x08,0x41,0x08,0x40,0x08,0x61,0x10,
    0x61,0x08,0x61,0x08,0xa1,0x10,0x22,0x19,0xc3,0x31,0x42,0x21,0xc2,0x10,0x62,0x10,0x41,0x00,0x41,0x08,0x61,0x08,0x61,0x08,
    0x61,0x08,0x60,0x08,0x80,0x10,0x81,0x08,0x40,0x08,0x40,0x00,0x21,0x00,0x20,0x08,0x40,0x00,0x01,0x11,0x03,0x32,0xc6,0x4a,
    0x89,0x63,0x66,0x53,0xa3,0x3a,0xa5,0x42,0x45,0x3a,0xa4,0x21,0x85,0x29,0x43,0x19,0xa1,0x08,0x01,0x11,0x82,0x21,0x83,0x19,
    0x83,0x19,0x83,0x21,0x05,0x2a,0x06,0x32,0xe2,0x10,0x81,0x10,0xa1,0x10,0xc2,0x10,0xe2,0x18,0xe1,0x10,0x02,0x19,0xc2,0x18,
    0xc1,0x18,0x02,0x39,0x42,0x41,0x43,0x49,0x43,0x59,0x46,0x7a,0xe7,0x8a,0xc7,0x8a,0x28,0x93,0x49,0xa3,0x48,0x9b,0x08,0x93,
    0xc4,0x69,0x84,0x61,0x43,0x51,0x43,0x51,0x23,0x41,0xc1,0x38,0xa2,0x28,0x44,0x41,0xc2,0x28,0x82,0x18,0x40,0x08,0x41,0x08,
    0x41,0x08,0x20,0x00,0x00,0x08,0x20,0x00,0xa2,0x20,0x44,0x39,0xa6,0x51,0x06,0x5a,0x48,0x62,0x68,0x6a,0xa8,0x72,0xc9,0x72,
    0xe9,0x7a,0xe9,0x82,0xea,0x7a,0x0a,0x83,0x2a,0x8b,0x4b,0x8b,0x4b,0x8b,0x6b,0x93,0x6b,0x8b,0x6b,0x8b,0x4a,0x8b,0xc9,0x7a,
    0xa8,0x7a,0x67,0x72,0x06,0x62,0xc5,0x59,0x84,0x51,0x84,0x49,0x43,0x41,0x03,0x41,0xe2,0x30,0xa2,0x28,0xc2,0x30,0x02,0x39,
    0xc2,0x30,0xe2,0x38,0x03,0x41,0x03,0x39,0xc5,0x69,0x05,0x72,0xa4,0x59,0x64,0x49,0x03,0x31,0xe3,0x30,0x03,0x39,0x23,0x31,
    0xe3,0x30,0x24,0x39,0x02,0x31,0x24,0x39,0x85,0x39,0x26,0x42,0x27,0x42,0x88,0x4a,0x67,0x4a,0xa4,0x31,0xa1,0x08,0xe3,0x18,
    0x43,0x21,0x23,0x21,0xc1,0x18,0xe2,0x18,0xa1,0x10,0x41,0x00,0x80,0x08,0x62,0x19,0x42,0x2a,0x42,0x32,0xa2,0x21,0x83,0x29,
    0x83,0x31,0x83,0x31,0x23,0x21,0x02,0x21,0x43,0x21,0x64,0x29,0xa3,0x29,0xa3,0x21,0x63,0x29,0x03,0x19,0xc2,0x18,0xc2,0x18,
    0xc2,0x18,0x44,0x21,0x28,0x3a,0x48,0x3a,0xe6,0x31,0x03,0x19,0xa2,0x18,0x82,0x10,0x81,0x08,0x61,0x08,0x61,0x08,0x61,0x08,
    0x61,0x08,0x41,0x08,0x41,0x00,0x40,0x08,0x60,0x08,0x40,0x08,0x60,0x08,0xa1,0x10,0x02,0x19,0x02,0x19,0xc2,0x18,0xa1,0x10,
    0x60,0x08,0x41,0x00,0x40,0x00,0x41,0x08,0x40,0x08,0x61,0x08,0x60,0x08,0x80,0x00,0x81,0x08,0x60,0x08,0x60,0x08,0x40,0x00,
    0x61,0x08,0x62,0x21,0xe3,0x29,0x45,0x3a,0xc6,0x42,0xa5,0x3a,0x85,0x4a,0x85,0x3a,0xa4,0x21,0x85,0x21,0x84,0x21,0x43,0x21,
    0x02,0x11,0x22,0x19,0x62,0x19,0x42,0x19,0x42,0x19,0x44,0x19,0xa4,0x21,0x84,0x21,0xa1,0x08,0x81,0x10,0xa2,0x10,0xc2,0x10,
    0xe2,0x10,0xc1,0x18,0xe2,0x18,0xa2,0x10,0xc2,0x18,0x22,0x39,0x22,0x41,0x43,0x49,0x83,0x59,0xa6,0x82,0xe8,0x8a,0x08,0x93,
    0x29,0x93,0x69,0xa3,0x48,0x9b,0xc8,0x8a,0xa4,0x69,0xa4,0x61,0x43,0x51,0x43,0x49,0x23,0x49,0xc2,0x30,0xc2,0x30,0x44,0x41,
    0xc2,0x28,0x82,0x18,0x61,0x10,0x41,0x08,0x40,0x08,0x21,0x08,0x20,0x00,0x01,0x00,0x82,0x18,0x44,0x39,0xa5,0x49,0xe6,0x51,
    0x47,0x62,0x89,0x6a,0xa9,0x72,0xc9,0x72,0xea,0x7a,0xe9,0x7a,0xea,0x82,0x2a,0x83,0x2a,0x83,0x2a,0x83,0x4a,0x8b,0x6b,0x8b,
    0x6b,0x8b,0x6a,0x8b,0xc9,0x82,0xc9,0x7a,0xc8,0x7a,0x68,0x72,0x06,0x62,0xa5,0x59,0x84,0x51,0x65,0x49,0x43,0x49,0xe3,0x38,
    0xc2,0x28,0xc2,0x30,0xe2,0x38,0xe3,0x38,0x23,0x41,0x03,0x39,0x03,0x41,0x23,0x41,0x26,0x72,0x05,0x72,0xa4,0x61,0x44,0x41,
    0xe3,0x30,0xc2,0x28,0x23,0x39,0x04,0x39,0xe3,0x28,0x43,0x39,0x03,0x31,0x03,0x31,0x84,0x39,0xc6,0x39,0xa5,0x31,0x07,0x42,
    0x64,0x29,0xc2,0x10,0x41,0x08,0x40,0x08,0x81,0x08,0xa1,0x10,0x61,0x08,0xa2,0x10,0xc2,0x18,0x61,0x10,0x20,0x00,0x41,0x08,
    0x81,0x08,0x82,0x21,0xc2,0x29,0x83,0x29,0x63,0x29,0x63,0x29,0x42,0x21,0x23,0x29,0x63,0x29,0x84,0x31,0xe4,0x39,0x04,0x32,
    0xa3,0x21,0x63,0x29,0x03,0x21,0xe3,0x20,0xe3,0x18,0x85,0x29,0x48,0x3a,0x07,0x32,0x07,0x32,0x65,0x29,0x82,0x08,0x61,0x08,
    0x61,0x08,0x81,0x08,0x81,0x08,0x82,0x08,0x61,0x08,0x61,0x08,0x61,0x08,0x61,0x08,0x61,0x08,0x40,0x00,0x41,0x08,0x40,0x00,
    0x81,0x08,0xc1,0x10,0x01,0x11,0xe1,0x10,0xe1,0x10,0xc1,0x10,0x80,0x08,0x20,0x00,0x41,0x08,0x60,0x08,0x21,0x00,0x40,0x08,
    0x80,0x08,0x80,0x00,0x81,0x08,0x60,0x08,0x61,0x08,0x22,0x19,0x82,0x21,0xe4,0x29,0x65,0x3a,0x04,0x2a,0xc4,0x29,0xa3,0x21,
    0x02,0x11,0x43,0x21,0x64,0x21,0x63,0x21,0x22,0x11,0x01,0x11,0x22,0x19,0x02,0x11,0xc2,0x10,0xc1,0x10,0x23,0x19,0xe2,0x10,
    0x61,0x08,0x81,0x08,0x81,0x10,0xa1,0x10,0xe1,0x10,0xc2,0x10,0xc1,0x18,0x81,0x08,0xa1,0x10,0x03,0x39,0x22,0x41,0x43,0x49,
    0xc4,0x69,0xc7,0x8a,0x08,0x8b,0x08,0x93,0x29,0x93,0x69,0xa3,0x49,0x9b,0xc7,0x8a,0xa4,0x69,0xa4,0x61,0x43,0x51,0x44,0x51,
    0x23,0x49,0xe2,0x38,0xc2,0x30,0x64,0x49,0xa2,0x20,0x82,0x18,0x61,0x10,0x61,0x10,0x21,0x08,0x21,0x08,0x20,0x08,0x20,0x08,
    0x81,0x18,0x04,0x31,0x85,0x49,0xe6,0x51,0x27,0x62,0x88,0x6a,0xc9,0x72,0xa9,0x72,0xca,0x7a,0x0a,0x7b,0x0a,0x83,0x2a,0x83,
    0x4a,0x83,0x2a,0x8b,0x2a,0x83,0x2a,0x8b,0x6b,0x8b,0x4a,0x8b,0x0a,0x83,0xe9,0x82,0xa9,0x72,0x47,0x6a,0xe6,0x61,0xc5,0x59,
    0xa5,0x51,0x64,0x49,0x23,0x39,0xe2,0x38,0xe3,0x38,0x03,0x39,0x03,0x39,0x43,0x49,0x03,0x39,0x03,0x41,0x02,0x41,0x44,0x49,
    0x46,0x72,0xe5,0x71,0xa4,0x61,0x43,0x41,0xe3,0x28,0xc2,0x30,0x23,0x39,0x03,0x31,0xc3,0x30,0x24,0x39,0x23,0x39,0x24,0x39,
    0x44,0x31,0x43,0x29,0x03,0x19,0xc3,0x18,0xe2,0x10,0xe1,0x18,0x61,0x08,0x21,0x08,0x61,0x08,0x61,0x10,0x41,0x08,0x61,0x08,
    0x03,0x21,0x04,0x21,0x81,0x08,0x40,0x00,0x40,0x08,0xa2,0x08,0x82,0x21,0x82,0x29,0x63,0x29,0x63,0x29,0xa2,0x29,0xa3,0x31,
    0x62,0x21,0xc3,0x31,0x45,0x3a,0x87,0x42,0x25,0x32,0x84,0x29,0x64,0x21,0x24,0x21,0x04,0x21,0x65,0x29,0x07,0x32,0x07,0x32,
    0xc6,0x31,0xa6,0x29,0x82,0x10,0x21,0x08,0x41,0x08,0x61,0x08,0x61,0x08,0x61,0x08,0x61,0x08,0x81,0x08,0x81,0x08,0xa2,0x10,
    0xa1,0x10,0xe1,0x10,0xc1,0x10,0x81,0x08,0x60,0x08,0x61,0x08,0xa1,0x10,0xc1,0x10,0xe1,0x10,0xe0,0x08,0x81,0x08,0x40,0x08,
    0x40,0x08,0x61,0x08,0x20,0x00,0x40,0x00,0x61,0x08,0x80,0x08,0xa0,0x08,0x80,0x08,0x60,0x08,0x01,0x11,0x62,0x19,0xc3,0x21,
    0x24,0x2a,0xc3,0x21,0x01,0x11,0xc1,0x10,0xe2,0x10,0x02,0x11,0x23,0x19,0x23,0x19,0x01,0x11,0xe1,0x10,0x02,0x11,0x42,0x19,
    0x02,0x11,0xc1,0x10,0xc2,0x18,0xa2,0x10,0x40,0x08,0x61,0x08,0x61,0x08,0x61,0x08,0xe1,0x18,0x42,0x21,0x02,0x19,0x81,0x08,
    0xc2,0x18,0x22,0x39,0x22,0x41,0x22,0x49,0x46,0x72,0xe8,0x8a,0xc7,0x8a,0x09,0x93,0x69,0x9b,0x49,0x9b,0x69,0xa3,0x87,0x82,
    0xa4,0x69,0x84,0x59,0x63,0x59,0x64,0x51,0x43,0x49,0x03,0x39,0x03,0x39,0x84,0x51,0xa2,0x20,0x82,0x18,0x61,0x10,0x41,0x08,
    0x40,0x08,0x41,0x08,0x41,0x08,0x20,0x08,0x82,0x10,0x03,0x31,0x65,0x41,0xc6,0x51,0x27,0x62,0x68,0x6a,0xa9,0x72,0xc9,0x7a,
    0xca,0x7a,0xe9,0x7a,0x2a,0x83,0x2b,0x83,0x2a,0x83,0x2b,0x83,0x2a,0x83,0x2a,0x8b,0x4b,0x8b,0x4a,0x8b,0x2a,0x83,0x09,0x7b,
    0xa8,0x7a,0x67,0x6a,0x06,0x62,0xc6,0x59,0x85,0x51,0x63,0x49,0xe3,0x38,0x03,0x39,0x23,0x41,0x23,0x41,0x23,0x49,0x63,0x49,
    0x03,0x39,0x23,0x41,0xe3,0x38,0x64,0x51,0x46,0x7a,0x26,0x7a,0xa4,0x59,0x23,0x41,0xc2,0x28,0xe3,0x30,0x03,0x31,0x03,0x31,
    0xc3,0x28,0x23,0x39,0x23,0x39,0x23,0x39,0x23,0x31,0x03,0x21,0xa2,0x18,0x61,0x10,0xe2,0x18,0x42,0x21,0x81,0x08,0x40,0x08,
    0x41,0x08,0x41,0x08,0x41,0x08,0x41,0x08,0x24,0x21,0xc6,0x39,0x44,0x29,0x61,0x08,0x41,0x00,0x40,0x08,0xe2,0x18,0xc2,0x29,
    0xc2,0x29,0xa2,0x21,0x02,0x32,0x83,0x3a,0x23,0x32,0x24,0x32,0x86,0x3a,0xc7,0x4a,0x87,0x42,0xe5,0x31,0x84,0x29,0x44,0x29,
    0x24,0x21,0x44,0x21,0x85,0x29,0xc6,0x31,0xa5,0x29,0x85,0x29,0x82,0x08,0x21,0x08,0x21,0x08,0x41,0x08,0x81,0x08,0x61,0x10,
    0x81,0x08,0x81,0x10,0x81,0x08,0xe2,0x10,0x21,0x19,0x42,0x19,0x41,0x19,0x22,0x19,0xa0,0x10,0x60,0x08,0x61,0x08,0xa1,0x10,
    0x65,0x29,0x85,0x31,0xc1,0x08,0x60,0x08,0x61,0x08,0x80,0x08,0x40,0x00,0x40,0x08,0x40,0x00,0x80,0x08,0xa1,0x08,0x80,0x00,
    0x81,0x08,0xe1,0x10,0x62,0x19,0x82,0x21,0xa3,0x21,0x41,0x19,0xe1,0x10,0xc1,0x10,0xe2,0x10,0xe1,0x10,0xe1,0x08,0xe2,0x10,
    0xe1,0x10,0x22,0x19,0x83,0x21,0xc4,0x29,0xc4,0x29,0x43,0x21,0x22,0x19,0xa1,0x10,0x40,0x08,0x61,0x08,0x60,0x10,0x81,0x08,
    0x02,0x19,0xa3,0x29,0xa3,0x31,0xa1,0x10,0xc2,0x18,0x22,0x31,0x02,0x41,0x63,0x51,0xc8,0x8a,0xe8,0x8a,0xc7,0x82,0x28,0x93,
    0x49,0x9b,0x69,0x9b,0x69,0xa3,0x25,0x7a,0xa4,0x69,0x83,0x59,0x64,0x59,0x44,0x51,0x63,0x49,0xe3,0x40,0x03,0x41,0xa5,0x59,
    0xe2,0x28,0x82,0x18,0x82,0x18,0x41,0x08,0x41,0x08,0x20,0x08,0x41,0x08,0x20,0x08,0x61,0x10,0x03,0x31,0x64,0x41,0xc6,0x51,
    0x06,0x5a,0x48,0x6a,0xa9,0x72,0xa9,0x72,0xea,0x7a,0xea,0x7a,0x0a,0x7b,0x0a,0x83,0x2a,0x8b,0x2a,0x8b,0x2a,0x83,0x2a,0x8b,
    0x4b,0x83,0x2a,0x83,0x0a,0x83,0x0a,0x83,0xa9,0x7a,0x47,0x6a,0x06,0x62,0xa5,0x59,0x85,0x49,0x23,0x41,0x23,0x41,0x23,0x41,
    0x23,0x41,0x43,0x49,0x64,0x51,0x23,0x41,0x03,0x41,0x23,0x49,0x02,0x39,0xa5,0x59,0x87,0x82,0x26,0x7a,0xa4,0x61,0x23,0x39,
    0xa2,0x28,0xe3,0x30,0x03,0x31,0xe3,0x30,0xc2,0x28,0x03,0x39,0x44,0x39,0x03,0x31,0x23,0x31,0xc2,0x18,0x81,0x10,0xa1,0x18,
    0xa3,0x29,0x62,0x21,0x81,0x08,0x40,0x08,0x41,0x08,0x41,0x08,0x40,0x08,0x61,0x08,0x03,0x21,0x07,0x42,0x49,0x4a,0x44,0x21,
    0x61,0x08,0x81,0x08,0xa1,0x08,0x81,0x21,0x41,0x32,0x41,0x2a,0x61,0x32,0x82,0x32,0x82,0x3a,0x64,0x3a,0x86,0x3a,0xa7,0x42,
    0x87,0x42,0x46,0x42,0xa5,0x31,0x65,0x29,0x65,0x29,0x24,0x29,0x44,0x21,0x85,0x29,0x65,0x21,0x24,0x21,0x82,0x10,0x00,0x00,
    0x00,0x00,0x61,0x08,0x81,0x08,0x81,0x08,0x81,0x10,0x81,0x08,0x81,0x10,0xa2,0x10,0x62,0x19,0x81,0x19,0x61,0x19,0x61,0x21,
    0x21,0x19,0xc1,0x10,0x81,0x10,0xe2,0x18,0xe6,0x41,0x27,0x4a,0x02,0x19,0xa0,0x08,0xc1,0x08,0xc1,0x08,0xa1,0x08,0x81,0x08,
    0x81,0x08,0x80,0x08,0xc1,0x10,0xa1,0x08,0xa0,0x10,0x01,0x11,0x63,0x21,0x82,0x21,0x62,0x19,0x21,0x11,0x01,0x11,0x01,0x11,
    0x02,0x11,0xc1,0x10,0xa1,0x08,0xc1,0x10,0x21,0x11,0x83,0x21,0x83,0x21,0xa3,0x21,0xc4,0x29,0xc3,0x29,0x62,0x21,0x22,0x19,
    0xe2,0x10,0xc1,0x10,0x22,0x19,0x62,0x21,0x42,0x19,0x22,0x19,0x22,0x21,0xe1,0x10,0xa1,0x10,0x02,0x31,0x22,0x41,0xc4,0x61,
    0x49,0x93,0xc7,0x82,0x08,0x93,0x49,0x9b,0x69,0x9b,0x69,0xa3,0x49,0x9b,0x05,0x72,0xc4,0x69,0xa4,0x69,0x64,0x59,0x63,0x51,
    0x44,0x51,0xe2,0x38,0x44,0x41,0xa5,0x59,0x03,0x39,0x82,0x18,0x82,0x18,0x41,0x08,0x40,0x08,0x21,0x08,0x41,0x08,0x41,0x08,
    0x61,0x18,0x04,0x31,0x64,0x41,0x85,0x49,0xe6,0x59,0x48,0x62,0xa9,0x6a,0xa9,0x72,0xc9,0x7a,0xc9,0x7a,0x0a,0x83,0x0b,0x83,
    0x0a,0x83,0x2a,0x83,0x2a,0x83,0x2a,0x83,0x2a,0x8b,0x2a,0x83,0x0a,0x83,0xe9,0x7a,0xa8,0x72,0x28,0x72,0x06,0x62,0xe6,0x59,
    0xa5,0x51,0x44,0x41,0x44,0x41,0x23,0x49,0x64,0x51,0x64,0x49,0x64,0x51,0x03,0x41,0x23,0x41,0x23,0x49,0xe3,0x40,0xc5,0x61,
    0xa7,0x82,0x05,0x72,0xa4,0x61,0x23,0x39,0xc2,0x28,0xe3,0x28,0xe3,0x30,0xe3,0x30,0xc2,0x28,0x24,0x39,0x44,0x39,0x23,0x39,
    0x44,0x39,0xa2,0x20,0x81,0x10,0x63,0x21,0x43,0x3a,0x01,0x19,0x61,0x08,0x41,0x08,0x41,0x08,0x40,0x08,0x41,0x08,0x41,0x08,
    0x24,0x21,0x27,0x42,0xaa,0x5a,0x49,0x4a,0x23,0x19,0x41,0x19,0x21,0x19,0xe2,0x10,0xa1,0x21,0x41,0x32,0x41,0x2a,0x21,0x2a,
    0x22,0x32,0x43,0x32,0x65,0x42,0xa6,0x4a,0x87,0x42,0x68,0x4a,0x47,0x42,0xa6,0x39,0x66,0x31,0x45,0x21,0x03,0x21,0x04,0x19,
    0x24,0x21,0xe3,0x18,0x41,0x08,0x01,0x00,0x41,0x08,0x61,0x10,0xa2,0x10,0x81,0x08,0x81,0x08,0x82,0x08,0x81,0x10,0x61,0x08,
    0x21,0x19,0x82,0x21,0x81,0x19,0x61,0x19,0x41,0x19,0x01,0x11,0xa1,0x10,0xa1,0x10,0x43,0x21,0xa3,0x29,0xa3,0x29,0x82,0x29,
    0xc2,0x29,0xc2,0x21,0x01,0x11,0xe0,0x10,0xe1,0x08,0xc1,0x10,0xc1,0x10,0xa0,0x08,0xe1,0x10,0x22,0x19,0x62,0x21,0x83,0x21,
    0x41,0x19,0xe0,0x10,0xe1,0x10,0x01,0x09,0xe1,0x10,0xc1,0x10,0xa1,0x08,0xe1,0x10,0x43,0x21,0x63,0x21,0x42,0x19,0x02,0x11,
    0x41,0x19,0xa3,0x29,0xc4,0x29,0xe5,0x31,0xe6,0x31,0x04,0x2a,0x04,0x2a,0xe3,0x29,0x22,0x19,0x80,0x08,0x81,0x08,0xe2,0x18,
    0xc1,0x10,0x23,0x31,0x22,0x49,0x06,0x6a,0x48,0x9b,0xa7,0x82,0x28,0x93,0x6a,0x9b,0x49,0x9b,0x69,0xa3,0x28,0x9b,0x26,0x72,
    0xe4,0x71,0xc5,0x69,0x63,0x59,0x64,0x51,0x43,0x51,0x03,0x41,0x43,0x49,0xa5,0x51,0x44,0x41,0x81,0x18,0xa2,0x18,0x61,0x10,
    0x41,0x08,0x40,0x08,0x41,0x08,0x41,0x10,0x61,0x10,0x03,0x31,0x45,0x39,0xa5,0x49,0xe6,0x59,0x47,0x62,0x89,0x72,0xa9,0x72,
    0xca,0x7a,0xe9,0x7a,0xea,0x7a,0x0a,0x83,0x0a,0x83,0x2a,0x8b,0x2a,0x83,0x09,0x83,0x0a,0x83,0x2a,0x83,0x2a,0x83,0xea,0x82,
    0xa8,0x72,0x68,0x72,0x27,0x62,0xe6,0x59,0x84,0x51,0x64,0x51,0x43,0x49,0x84,0x49,0xa5,0x59,0x64,0x51,0x23,0x49,0x23,0x41,
    0x43,0x49,0x23,0x41,0x03,0x41,0x26,0x6a,0xc7,0x92,0x05,0x72,0xa4,0x61,0x23,0x39,0xa2,0x28,0xc2,0x28,0xe3,0x30,0x03,0x39,
    0xc2,0x28,0x44,0x41,0x64,0x41,0x23,0x39,0x64,0x41,0x44,0x39,0x02,0x21,0x44,0x42,0xa2,0x29,0x81,0x08,0x61,0x10,0x61,0x10,
    0x41,0x08,0x41,0x08,0x41,0x08,0x61,0x08,0x23,0x21,0x07,0x42,0xca,0x52,0xaa,0x5a,0xe5,0x31,0xa1,0x19,0x81,0x21,0xe1,0x10,
    0xe1,0x10,0xc1,0x29,0x01,0x2a,0x61,0x21,0x81,0x21,0xe2,0x31,0x84,0x3a,0xc7,0x4a,0xe9,0x52,0xca,0x52,0xca,0x52,0x89,0x52,
    0xe8,0x41,0x24,0x21,0xc3,0x18,0xc3,0x18,0x03,0x19,0xa2,0x10,0x21,0x08,0x21,0x08,0x61,0x10,0x81,0x08,0x61,0x10,0x61,0x08,
    0x61,0x10,0x81,0x08,0xa1,0x10,0xc2,0x10,0xc1,0x10,0x61,0x21,0x81,0x19,0x81,0x19,0x61,0x19,0x21,0x19,0xc1,0x10,0x61,0x10,
    0x01,0x19,0x62,0x21,0x24,0x3a,0xa3,0x3a,0xc4,0x42,0x47,0x63,0x24,0x32,0x01,0x09,0x21,0x11,0x01,0x11,0xc1,0x08,0xc1,0x10,
    0x23,0x11,0x43,0x19,0x82,0x21,0x82,0x21,0x22,0x11,0xe1,0x10,0x01,0x11,0xe1,0x10,0xa0,0x08,0x81,0x08,0xa1,0x10,0x22,0x11,
    0x42,0x19,0x22,0x11,0xe1,0x10,0x80,0x10,0xa1,0x10,0x63,0x21,0xc5,0x31,0x06,0x3a,0x46,0x3a,0x66,0x3a,0x45,0x3a,0x62,0x19,
    0xc1,0x10,0x81,0x08,0xa1,0x10,0x42,0x21,0x41,0x21,0x63,0x39,0x22,0x41,0x46,0x72,0x08,0x8b,0x87,0x82,0x28,0x9b,0x69,0x9b,
    0x49,0x9b,0x69,0xa3,0xe8,0x92,0x46,0x7a,0xc4,0x69,0x63,0x61,0x64,0x51,0x83,0x59,0x43,0x51,0x23,0x41,0x24,0x41,0xa4,0x59,
    0x85,0x49,0x82,0x18,0xa2,0x20,0x61,0x10,0x41,0x08,0x41,0x08,0x40,0x08,0x61,0x10,0x62,0x18,0x03,0x29,0x44,0x39,0xa5,0x49,
    0xe7,0x59,0x47,0x62,0x68,0x6a,0xa9,0x6a,0xc9,0x72,0xea,0x7a,0xea,0x82,0xe9,0x82,0x2a,0x83,0x2a,0x83,0x0a,0x83,0x0a,0x83,
    0x2a,0x83,0x2b,0x8b,0x2a,0x83,0x0a,0x83,0xc9,0x7a,0x88,0x72,0x06,0x62,0xe6,0x59,0x85,0x51,0x64,0x49,0x64,0x49,0x85,0x59,
    0x84,0x51,0x43,0x49,0x03,0x41,0x23,0x41,0x44,0x49,0x23,0x41,0xc2,0x40,0x47,0x72,0xc7,0x8a,0xe5,0x69,0xc5,0x61,0x03,0x31,
    0xa2,0x28,0xc2,0x28,0xe2,0x30,0xe3,0x30,0x03,0x31,0x64,0x49,0x64,0x41,0x44,0x41,0x64,0x41,0x06,0x5a,0x67,0x62,0x06,0x52,
    0x43,0x31,0x81,0x18,0x61,0x08,0x81,0x10,0x61,0x08,0x61,0x10,0x41,0x08,0x61,0x08,0x24,0x21,0x27,0x42,0xcb,0x5a,0xaa,0x52,
    0xe4,0x31,0x80,0x19,0x81,0x19,0x40,0x19,0xc1,0x08,0x22,0x19,0xc2,0x29,0xe2,0x29,0xe2,0x21,0x41,0x2a,0xc2,0x32,0x63,0x4b,
    0x25,0x53,0xe8,0x52,0xca,0x5a,0x69,0x4a,0x65,0x29,0xa2,0x10,0x62,0x10,0x62,0x08,0xa2,0x18,0x82,0x10,0x42,0x10,0x41,0x10,
    0x21,0x08,0x41,0x08,0x40,0x08,0x61,0x08,0xa1,0x08,0x62,0x21,0xa3,0x21,0x62,0x19,0xc1,0x10,0x42,0x19,0xa2,0x21,0xa1,0x21,
    0x61,0x19,0x41,0x11,0xe1,0x10,0xc1,0x10,0x24,0x42,0x24,0x32,0x43,0x32,0xe4,0x4a,0x43,0x32,0x64,0x3a,0x24,0x32,0x62,0x19,
    0x42,0x19,0x62,0x19,0x22,0x19,0x22,0x11,0x42,0x19,0x43,0x19,0x83,0x19,0x82,0x21,0x42,0x19,0x21,0x11,0x23,0x19,0x22,0x11,
    0xc1,0x10,0x81,0x08,0xe1,0x10,0x22,0x19,0xe1,0x10,0xc1,0x10,0xa1,0x10,0x80,0x08,0xa1,0x08,0x02,0x19,0x63,0x19,0xe4,0x29,
    0x25,0x32,0x44,0x32,0x24,0x32,0x22,0x11,0x81,0x08,0xa0,0x08,0xc1,0x10,0x83,0x21,0xc3,0x39,0x43,0x39,0x43,0x49,0xa7,0x82,
    0xe7,0x8a,0xa7,0x82,0x49,0x9b,0xaa,0xa3,0x69,0xa3,0x69,0x9b,0xc7,0x92,0x66,0x7a,0x83,0x69,0x84,0x61,0x63,0x59,0xa5,0x59,
    0x63,0x51,0xe3,0x38,0x23,0x49,0x85,0x51,0xe5,0x59,0x82,0x18,0xa2,0x20,0x61,0x10,0x41,0x08,0x41,0x10,0x41,0x08,0x61,0x10,
    0x81,0x18,0xe3,0x30,0x65,0x41,0xa5,0x49,0xe6,0x51,0x48,0x62,0x68,0x6a,0xa9,0x72,0xc9,0x72,0xe9,0x7a,0xea,0x7a,0xea,0x82,
    0x0a,0x83,0x2a,0x83,0x2a,0x8b,0x2a,0x83,0x2a,0x83,0x4b,0x8b,0x2b,0x83,0x09,0x83,0xa9,0x72,0x67,0x72,0x27,0x62,0xc6,0x59,
    0x84,0x49,0x64,0x49,0x85,0x51,0xc5,0x59,0x64,0x51,0x23,0x41,0x23,0x41,0x44,0x49,0x23,0x49,0xe3,0x40,0xe2,0x30,0x67,0x7a,
    0xa8,0x8a,0xc4,0x61,0xa5,0x59,0x03,0x31,0x81,0x20,0xc3,0x30,0xc2,0x30,0x03,0x39,0x24,0x39,0x44,0x39,0x84,0x49,0x44,0x39,
    0x84,0x41,0xc6,0x51,0x89,0x6a,0xca,0x72,0xc9,0x72,0x07,0x5a,0xa5,0x49,0x02,0x29,0xa1,0x18,0x81,0x10,0x82,0x10,0xa2,0x10,
    0x44,0x21,0x07,0x42,0xca,0x5a,0x67,0x42,0x81,0x19,0x40,0x19,0x61,0x19,0x40,0x19,0xe1,0x10,0xe0,0x08,0xa2,0x29,0x83,0x3a,
    0xa3,0x3a,0x82,0x32,0xa1,0x2a,0x42,0x43,0x83,0x53,0x44,0x4b,0x06,0x4b,0x47,0x42,0x03,0x19,0x40,0x00,0x41,0x08,0x41,0x08,
    0x82,0x10,0xa2,0x18,0x42,0x10,0x01,0x08,0x00,0x00,0x21,0x00,0x41,0x08,0x40,0x08,0xc1,0x10,0x82,0x21,0xe3,0x29,0xa2,0x21,
    0xa2,0x29,0xc4,0x4a,0xc4,0x42,0x42,0x2a,0x63,0x32,0x81,0x21,0xc0,0x10,0x02,0x19,0xe8,0x5a,0xa6,0x42,0xc3,0x29,0x84,0x42,
    0x03,0x32,0xa2,0x21,0xc3,0x21,0xa2,0x21,0xa2,0x21,0xc3,0x21,0xa3,0x21,0x83,0x19,0x63,0x19,0x63,0x19,0x83,0x21,0x82,0x19,
    0x83,0x21,0x62,0x19,0x42,0x19,0x02,0x19,0xe1,0x10,0xa1,0x10,0xc1,0x10,0xc1,0x10,0xc1,0x10,0xc1,0x08,0xc1,0x10,0xa1,0x10,
    0x80,0x08,0xa2,0x10,0x43,0x21,0xc3,0x29,0xe4,0x29,0x24,0x32,0xe4,0x31,0x02,0x11,0xa1,0x08,0xa1,0x08,0xc1,0x10,0x02,0x19,
    0xc4,0x39,0x43,0x39,0xa4,0x51,0xc8,0x8a,0xe8,0x8a,0xe8,0x8a,0x69,0x9b,0xaa,0xa3,0x69,0xa3,0x69,0xa3,0xa6,0x8a,0x25,0x7a,
    0x83,0x61,0xa4,0x61,0x64,0x61,0xc4,0x61,0x44,0x51,0xe2,0x38,0x43,0x41,0x84,0x51,0xe6,0x59,0xa2,0x20,0xa2,0x20,0x62,0x10,
    0x41,0x10,0x40,0x08,0x41,0x10,0x61,0x18,0x62,0x18,0x03,0x29,0x65,0x39,0xa5,0x49,0xe6,0x59,0x27,0x62,0x68,0x6a,0xa9,0x6a,
    0xca,0x7a,0xea,0x7a,0xe9,0x7a,0xe9,0x7a,0x0a,0x83,0x0a,0x83,0x0a,0x83,0x0a,0x83,0x0a,0x83,0x0a,0x83,0x09,0x83,0xc9,0x7a,
    0xa8,0x72,0x48,0x6a,0x27,0x62,0xc5,0x59,0x85,0x51,0x84,0x51,0xa5,0x59,0xa4,0x59,0x64,0x49,0x23,0x49,0x23,0x41,0x23,0x49,
    0x43,0x49,0xe2,0x38,0xe3,0x38,0xa8,0x82,0x87,0x82,0xa4,0x61,0xa4,0x59,0xe3,0x30,0xa2,0x28,0xc2,0x28,0xc2,0x28,0x44,0x41,
    0xe3,0x30,0x24,0x39,0x85,0x49,0x23,0x39,0x65,0x41,0xa5,0x51,0xa9,0x6a,0xc9,0x72,0xea,0x72,0x0b,0x7b,0x4b,0x7b,0xca,0x7a,
    0x68,0x62,0x85,0x49,0x02,0x29,0xe2,0x20,0x23,0x29,0xe6,0x41,0x07,0x4a,0xa4,0x29,0x41,0x19,0x20,0x19,0x61,0x19,0x60,0x21,
    0x01,0x11,0x41,0x19,0x64,0x3a,0xc5,0x42,0xc6,0x42,0xe5,0x42,0xa3,0x3a,0xc2,0x32,0x42,0x4b,0x43,0x4b,0x22,0x43,0xe4,0x42,
    0xe5,0x39,0xc3,0x18,0x81,0x08,0x83,0x08,0xa3,0x10,0xa3,0x18,0x62,0x08,0x41,0x08,0x61,0x08,0x41,0x08,0x40,0x08,0x40,0x00,
    0x81,0x08,0x02,0x11,0x62,0x19,0xa3,0x21,0xc2,0x29,0xe8,0x6b,0xa6,0x5b,0x23,0x4b,0x84,0x5b,0xe1,0x21,0x22,0x19,0x63,0x19,
    0x25,0x3a,0xc4,0x29,0x01,0x11,0x22,0x19,0x03,0x32,0xe5,0x4a,0x42,0x3a,0xa2,0x21,0x23,0x32,0x43,0x32,0x63,0x32,0x23,0x32,
    0x03,0x2a,0x03,0x2a,0xc3,0x21,0xa2,0x21,0xa2,0x21,0x62,0x19,0x41,0x19,0x01,0x11,0xa1,0x08,0xa1,0x08,0xa1,0x08,0xc1,0x10,
    0xe2,0x10,0x01,0x11,0xe1,0x10,0xc1,0x10,0x61,0x08,0x60,0x08,0x23,0x19,0xc3,0x29,0xe3,0x29,0x03,0x32,0xa2,0x21,0xe2,0x10,
    0xa1,0x08,0xc2,0x10,0xa1,0x10,0xc1,0x18,0x43,0x29,0x63,0x41,0x25,0x6a,0xc7,0x82,0x28,0x93,0x28,0x93,0x69,0x9b,0xca,0xa3,
    0x69,0x9b,0x69,0xa3,0x86,0x8a,0x25,0x7a,0x63,0x61,0x84,0x61,0x63,0x59,0xc5,0x69,0x43,0x49,0xc2,0x38,0x24,0x49,0x64,0x51,
    0x06,0x62,0xa2,0x20,0xa2,0x18,0x61,0x18,0x41,0x08,0x20,0x08,0x61,0x10,0x82,0x18,0x81,0x18,0xe3,0x28,0x64,0x41,0xc6,0x49,
    0xe7,0x51,0x27,0x5a,0x68,0x6a,0xa9,0x6a,0xc9,0x72,0xc9,0x7a,0xea,0x7a,0xe9,0x7a,0x0a,0x83,0x0a,0x7b,0x09,0x83,0x09,0x83,
    0xe9,0x7a,0x09,0x83,0xe9,0x7a,0xc9,0x7a,0x88,0x72,0x48,0x6a,0x27,0x62,0xc6,0x59,0x85,0x51,0x84,0x51,0xa4,0x59,0x64,0x51,
    0x44,0x49,0x23,0x41,0x23,0x49,0x43,0x49,0x03,0x41,0xe2,0x38,0x44,0x49,0xa7,0x82,0x66,0x7a,0x84,0x61,0x64,0x49,0xc2,0x28,
    0xa1,0x28,0xa2,0x20,0x03,0x39,0x44,0x41,0xe3,0x28,0x03,0x39,0x84,0x49,0x44,0x39,0x44,0x41,0xa5,0x49,0x48,0x62,0xa9,0x6a,
    0xca,0x72,0x0a,0x73,0x2b,0x7b,0x4c,0x83,0x6c,0x8b,0x4c,0x83,0xea,0x72,0x69,0x62,0x85,0x39,0x03,0x21,0xa2,0x10,0xa2,0x18,
    0xe3,0x18,0xe2,0x20,0xc1,0x18,0x21,0x19,0x01,0x11,0xe2,0x21,0xc5,0x42,0xc6,0x42,0xc6,0x3a,0x84,0x3a,0x64,0x32,0x41,0x2a,
    0xa2,0x32,0xe1,0x32,0xe1,0x32,0x01,0x3b,0xa3,0x3a,0x23,0x21,0xc2,0x10,0xe3,0x18,0x43,0x21,0x44,0x21,0xc4,0x18,0xa2,0x10,
    0x81,0x10,0x40,0x08,0x41,0x00,0x21,0x08,0xa1,0x08,0x83,0x21,0xa4,0x21,0xa3,0x21,0x42,0x19,0x66,0x63,0x85,0x5b,0xc6,0x63,
    0x69,0x7c,0xa5,0x3a,0x63,0x19,0x83,0x21,0x63,0x19,0x01,0x11,0x80,0x08,0x81,0x08,0xa3,0x29,0xc5,0x52,0x02,0x2a,0x44,0x32,
    0xa7,0x63,0xa5,0x63,0xc5,0x63,0x85,0x53,0xc4,0x42,0xa3,0x3a,0x02,0x2a,0xc2,0x29,0x81,0x19,0x41,0x11,0x21,0x11,0x41,0x19,
    0x01,0x11,0x01,0x11,0x02,0x11,0xe2,0x10,0x02,0x11,0xe2,0x10,0xe2,0x10,0xe1,0x10,0x81,0x08,0x40,0x08,0x22,0x19,0xa2,0x29,
    0xa2,0x21,0xe3,0x29,0x82,0x21,0xc1,0x10,0xc2,0x10,0xc2,0x10,0xa1,0x18,0x82,0x10,0xe1,0x20,0x63,0x41,0x26,0x6a,0xe8,0x8a,
    0x28,0x93,0x29,0x93,0xca,0xa3,0x8a,0xa3,0x69,0xa3,0x08,0x93,0xa7,0x8a,0xe5,0x71,0x63,0x61,0x84,0x61,0x84,0x59,0xe5,0x69,
    0x03,0x41,0xc2,0x38,0x23,0x41,0x64,0x51,0x06,0x62,0xa2,0x20,0xa2,0x18,0x62,0x18,0x61,0x08,0x41,0x08,0x41,0x10,0x81,0x18,
    0x82,0x18,0xe3,0x28,0x64,0x41,0xa6,0x49,0x06,0x5a,0x27,0x5a,0x68,0x6a,0x88,0x6a,0xa9,0x72,0xea,0x7a,0xe9,0x7a,0x0a,0x83,
    0x0a,0x83,0xe9,0x82,0x0a,0x83,0xea,0x82,0xc9,0x7a,0xc9,0x7a,0xc9,0x7a,0xa8,0x7a,0x68,0x72,0x47,0x6a,0x06,0x62,0xa5,0x51,
    0xa5,0x51,0xe5,0x61,0x84,0x59,0x64,0x51,0x64,0x49,0x23,0x41,0x64,0x51,0x03,0x49,0x23,0x41,0x03,0x41,0x84,0x51,0xc8,0x8a,
    0x46,0x7a,0x83,0x61,0x44,0x49,0xa2,0x28,0x81,0x20,0xe3,0x30,0xc3,0x28,0x23,0x39,0xe3,0x30,0x03,0x31,0x85,0x49,0x44,0x41,
    0x43,0x41,0x84,0x49,0x06,0x5a,0x89,0x6a,0x89,0x6a,0x0b,0x7b,0x2c,0x83,0x4b,0x7b,0x2c,0x7b,0x6c,0x83,0x8d,0x83,0x28,0x52,
    0xc3,0x18,0x83,0x10,0xe7,0x49,0x0b,0x7b,0x6c,0x83,0x2c,0x83,0xc6,0x59,0x64,0x49,0x88,0x6a,0x66,0x52,0x45,0x42,0x24,0x32,
    0x03,0x2a,0x02,0x22,0x01,0x22,0x01,0x22,0x43,0x32,0x23,0x32,0x81,0x32,0x01,0x3b,0x02,0x3b,0x82,0x21,0xa2,0x08,0x23,0x19,
    0x05,0x32,0x06,0x32,0x64,0x29,0xa2,0x08,0x41,0x08,0x41,0x00,0x41,0x08,0x61,0x08,0xa1,0x08,0x64,0x21,0xc4,0x21,0xa4,0x21,
    0xe4,0x29,0x66,0x63,0x45,0x53,0x66,0x63,0x0a,0x74,0xea,0x6b,0xe4,0x21,0x43,0x19,0x63,0x21,0xc1,0x10,0x60,0x08,0x61,0x08,
    0xe1,0x10,0x62,0x21,0x04,0x32,0x0a,0x74,0x28,0x7c,0xe6,0x63,0xea,0x8c,0x4e,0x9d,0x66,0x4b,0xa2,0x42,0xc3,0x3a,0x83,0x32,
    0xa1,0x21,0x41,0x11,0x41,0x11,0x41,0x11,0x61,0x19,0x42,0x19,0x02,0x19,0x02,0x11,0xe2,0x10,0xe1,0x10,0xe2,0x10,0xe1,0x18,
    0xc1,0x10,0x61,0x08,0x01,0x11,0x62,0x21,0xa2,0x21,0xa2,0x21,0x42,0x19,0x81,0x08,0x81,0x10,0xa1,0x10,0x82,0x10,0xa1,0x18,
    0x02,0x21,0x64,0x49,0x25,0x6a,0x08,0x93,0x28,0x93,0x8a,0x9b,0xcb,0xab,0x69,0x9b,0x89,0xa3,0xc7,0x92,0x65,0x82,0xe4,0x71,
    0x63,0x61,0xa4,0x61,0x84,0x61,0xe5,0x69,0xe2,0x38,0xe2,0x38,0x03,0x41,0x64,0x49,0x06,0x62,0xc2,0x20,0xa2,0x18,0x62,0x18,
    0x40,0x08,0x41,0x08,0x41,0x10,0x82,0x18,0x82,0x18,0x03,0x31,0x64,0x39,0xa6,0x49,0xe6,0x51,0x27,0x62,0x48,0x62,0x88,0x6a,
    0xa9,0x72,0xc9,0x7a,0xea,0x7a,0x0a,0x83,0x09,0x7b,0x0a,0x83,0x09,0x83,0xea,0x82,0xe9,0x7a,0xa9,0x7a,0x88,0x72,0x67,0x72,
    0x47,0x6a,0x27,0x6a,0x06,0x62,0xc6,0x59,0x05,0x6a,0xa5,0x59,0x84,0x51,0x84,0x51,0x64,0x51,0x63,0x49,0x44,0x51,0x02,0x41,
    0x44,0x49,0xe2,0x40,0xe6,0x61,0x86,0x8a,0xe5,0x69,0x63,0x59,0x23,0x41,0xc2,0x28,0xc3,0x28,0xc2,0x30,0xa2,0x28,0x44,0x39,
    0xe3,0x30,0x03,0x31,0x84,0x49,0x44,0x41,0x23,0x39,0x65,0x41,0xa5,0x51,0x07,0x5a,0x68,0x62,0x89,0x6a,0x0a,0x7b,0x2c,0x7b,
    0xea,0x7a,0xea,0x72,0x45,0x31,0x20,0x00,0x82,0x10,0xa9,0x62,0x0f,0x9c,0xee,0x9b,0xad,0x9b,0xcd,0x9b,0x07,0x6a,0x47,0x72,
    0x0e,0xac,0xee,0xa3,0x6c,0x93,0xe9,0x72,0x24,0x42,0xc2,0x29,0x80,0x19,0xa3,0x21,0x47,0x42,0x85,0x29,0x81,0x19,0xa2,0x32,
    0x21,0x43,0xe2,0x29,0x44,0x21,0xc7,0x39,0x07,0x42,0xe5,0x31,0xa4,0x29,0xa2,0x10,0x61,0x08,0x61,0x08,0x81,0x08,0x81,0x08,
    0x81,0x08,0x02,0x11,0xa4,0x21,0x63,0x19,0xc5,0x4a,0x67,0x63,0x04,0x2a,0xc3,0x29,0x03,0x22,0xe7,0x52,0x03,0x2a,0x63,0x19,
    0x63,0x21,0xc1,0x08,0xa1,0x10,0xe2,0x18,0x42,0x21,0x43,0x19,0xa6,0x4a,0xca,0x6b,0x44,0x2a,0xe5,0x4a,0x8a,0x7c,0x4f,0xa5,
    0xe8,0x63,0x25,0x4b,0xa7,0x63,0x86,0x5b,0x42,0x2a,0x41,0x19,0x41,0x11,0x61,0x19,0x61,0x11,0x21,0x11,0x02,0x11,0x02,0x11,
    0x02,0x19,0xe1,0x10,0xc1,0x10,0xe1,0x08,0xc1,0x10,0x81,0x08,0xe1,0x10,0x41,0x19,0x82,0x21,0x82,0x21,0xe1,0x10,0x61,0x08,
    0x40,0x08,0x61,0x08,0x81,0x10,0xe2,0x18,0x43,0x31,0x64,0x49,0x66,0x72,0x29,0x8b,0x08,0x93,0xaa,0xa3,0xaa,0xa3,0x69,0xa3,
    0x89,0xa3,0xa7,0x8a,0x25,0x7a,0xa3,0x69,0xa4,0x61,0xa4,0x69,0xa4,0x61,0xe5,0x69,0xa2,0x30,0x02,0x41,0xc2,0x38,0x84,0x51,
    0xe6,0x59,0xa2,0x20,0xa2,0x18,0x82,0x18,0x41,0x08,0x41,0x08,0x61,0x10,0x81,0x18,0x82,0x18,0xe3,0x30,0x65,0x41,0x85,0x49,
    0xe7,0x51,0x27,0x5a,0x48,0x62,0x68,0x6a,0xa9,0x72,0xc9,0x72,0xea,0x7a,0xea,0x7a,0x0a,0x83,0x0a,0x83,0x0a,0x83,0x0a,0x83,
    0xe9,0x82,0xc9,0x7a,0xa8,0x72,0x88,0x72,0x68,0x72,0x47,0x6a,0x06,0x62,0x26,0x6a,0xe5,0x69,0xa4,0x59,0x64,0x51,0xa5,0x59,
    0x64,0x49,0x43,0x51,0x23,0x49,0x23,0x49,0x44,0x49,0x23,0x41,0x46,0x72,0x45,0x82,0xa4,0x61,0x84,0x59,0x23,0x39,0xe3,0x30,
    0xa1,0x20,0x81,0x20,0xe3,0x28,0x23,0x39,0x03,0x31,0xe3,0x28,0xa5,0x51,0x85,0x41,0x23,0x39,0x64,0x41,0x85,0x49,0xe6,0x51,
    0x28,0x62,0x88,0x62,0xaa,0x6a,0xa9,0x6a,0x69,0x6a,0x03,0x29,0x41,0x08,0x62,0x10,0x49,0x5a,0xee,0x9b,0xcd,0x93,0xcd,0x93,
    0xad,0x93,0x6c,0x8b,0xe6,0x69,0xc9,0x82,0x2f,0xac,0x70,0xb4,0x6f,0xb4,0x0f,0xac,0x4b,0x9b,0x2b,0x8b,0x88,0x6a,0xe6,0x49,
    0x28,0x4a,0x65,0x29,0x81,0x08,0xa1,0x21,0x02,0x3b,0x64,0x3a,0x28,0x42,0xc6,0x39,0x44,0x21,0x44,0x29,0x03,0x21,0x82,0x10,
    0x82,0x08,0xa2,0x10,0xa2,0x10,0xa2,0x10,0xa2,0x10,0xc2,0x10,0x42,0x19,0x22,0x11,0x44,0x3a,0x44,0x3a,0xa3,0x21,0x83,0x21,
    0x42,0x21,0xa3,0x21,0xa2,0x29,0xa3,0x21,0xc2,0x29,0x62,0x21,0x61,0x19,0x22,0x19,0x43,0x19,0x42,0x19,0x84,0x21,0x83,0x19,
    0x02,0x11,0x23,0x3a,0xc9,0x63,0x0f,0x9d,0x88,0x53,0x47,0x53,0x48,0x5b,0x25,0x4b,0xe4,0x42,0xc2,0x19,0x41,0x11,0x81,0x19,
    0x61,0x19,0xe1,0x10,0xa1,0x08,0xc1,0x10,0xe2,0x10,0xe2,0x10,0xe1,0x10,0xe2,0x10,0xc1,0x08,0xc1,0x10,0x21,0x11,0x42,0x19,
    0x82,0x21,0x42,0x19,0x81,0x10,0x40,0x08,0x41,0x08,0x81,0x08,0xc2,0x10,0x23,0x21,0x84,0x39,0x43,0x39,0x86,0x72,0x08,0x93,
    0x29,0x93,0x89,0x9b,0x8a,0xa3,0x69,0xa3,0x69,0x9b,0x86,0x8a,0x05,0x7a,0xa3,0x69,0xa4,0x69,0xc5,0x61,0xe5,0x69,0xc5,0x61,
    0xa2,0x38,0xe2,0x38,0xc2,0x30,0x64,0x51,0xc5,0x51,0x82,0x20,0xa2,0x18,0x61,0x18,0x41,0x10,0x41,0x10,0x81,0x10,0x82,0x18,
    0xa2,0x20,0xe3,0x28,0x85,0x41,0xa5,0x49,0xe6,0x51,0x27,0x62,0x68,0x62,0x88,0x6a,0x89,0x72,0xea,0x72,0xea,0x7a,0x0a,0x7b,
    0x0a,0x83,0x0a,0x83,0x0a,0x7b,0xe9,0x82,0xe9,0x7a,0xc9,0x7a,0xa8,0x7a,0xa9,0x72,0x88,0x72,0x47,0x6a,0x47,0x72,0x26,0x6a,
    0xa4,0x59,0x85,0x59,0xa5,0x59,0xa5,0x51,0x64,0x51,0x43,0x49,0x23,0x49,0x43,0x49,0x23,0x41,0x44,0x49,0x66,0x82,0x45,0x7a,
    0x84,0x61,0x84,0x59,0x24,0x41,0xa2,0x28,0x41,0x10,0x81,0x20,0xe3,0x30,0x24,0x39,0x04,0x31,0xc3,0x30,0xa5,0x49,0x84,0x49,
    0x23,0x39,0x24,0x41,0x84,0x49,0x85,0x49,0xa6,0x41,0x64,0x41,0x44,0x41,0xa5,0x51,0x45,0x39,0x41,0x08,0x62,0x08,0xa6,0x41,
    0x8c,0x8b,0xee,0x9b,0x0e,0x9c,0xce,0xa3,0xad,0x9b,0x2b,0x8b,0x06,0x72,0x8d,0x9b,0x2e,0xac,0x91,0xb4,0xb1,0xb4,0x6f,0xb4,
    0xad,0x9b,0x4f,0xac,0x0e,0xa4,0xcd,0x9b,0x6b,0x8b,0x28,0x52,0xa2,0x10,0x61,0x08,0xe2,0x29,0xa7,0x42,0x49,0x52,0x24,0x21,
    0x61,0x08,0xc3,0x18,0xa2,0x10,0x82,0x10,0xa2,0x10,0xc2,0x10,0xc2,0x10,0xa2,0x10,0xa1,0x10,0xc2,0x10,0xe2,0x10,0xe1,0x10,
    0xc3,0x29,0xa3,0x21,0xc4,0x21,0xa4,0x21,0x83,0x21,0x83,0x21,0xe2,0x21,0x02,0x2a,0xc2,0x21,0xa2,0x21,0xa1,0x19,0x62,0x19,
    0x22,0x11,0x02,0x11,0x02,0x11,0xe2,0x10,0x02,0x19,0x42,0x19,0xe8,0x4a,0x0d,0x7c,0xc8,0x3a,0xc9,0x52,0x26,0x53,0x04,0x4b,
    0xe5,0x4a,0x24,0x32,0x62,0x19,0xa2,0x19,0x42,0x19,0xa1,0x08,0x61,0x08,0x81,0x08,0xa1,0x08,0x22,0x11,0xc3,0x29,0x03,0x2a,
    0xe2,0x29,0x22,0x19,0x01,0x11,0x21,0x19,0x61,0x21,0xe1,0x10,0x41,0x08,0x61,0x08,0x81,0x10,0xc2,0x10,0x22,0x29,0x22,0x21,
    0x63,0x31,0x43,0x41,0xa7,0x7a,0x08,0x93,0x28,0x93,0x69,0x9b,0x89,0xa3,0x89,0xa3,0x08,0x9b,0xc6,0x8a,0xc4,0x71,0xa4,0x69,
    0xc4,0x69,0xa5,0x61,0xe5,0x69,0x83,0x59,0xa2,0x30,0xe2,0x38,0xa1,0x30,0x84,0x51,0xa5,0x51,0x82,0x18,0x82,0x20,0x82,0x10,
    0x41,0x08,0x41,0x10,0x82,0x18,0xa2,0x20,0xa2,0x28,0xe3,0x28,0x44,0x41,0xa6,0x49,0xe6,0x51,0x28,0x5a,0x68,0x6a,0x89,0x6a,
    0xa9,0x72,0xea,0x72,0x0a,0x7b,0x2a,0x83,0x2b,0x83,0x0a,0x83,0x0a,0x7b,0xea,0x82,0xe9,0x7a,0xc9,0x82,0xa9,0x72,0xa8,0x72,
    0x68,0x72,0x67,0x72,0x67,0x72,0xc5,0x69,0xc5,0x61,0xc5,0x59,0xa5,0x59,0xa4,0x59,0x63,0x51,0x43,0x49,0x03,0x49,0x44,0x49,
    0x23,0x49,0xa4,0x59,0x46,0x82,0xe5,0x71,0x84,0x61,0x84,0x51,0x23,0x39,0x82,0x20,0x61,0x10,0x81,0x20,0xa2,0x28,0x03,0x31,
    0x23,0x39,0xe3,0x28,0xa5,0x51,0xa5,0x51,0x23,0x39,0x23,0x39,0x44,0x41,0x03,0x31,0xc2,0x30,0x24,0x39,0xc6,0x51,0xa6,0x49,
    0x81,0x18,0x61,0x08,0xe3,0x20,0x4c,0x83,0x8d,0x93,0xce,0x93,0x0e,0xa4,0x2f,0xa4,0xee,0x9b,0x2a,0x8b,0x27,0x7a,0x0e,0xa4,
    0x4f,0xb4,0x70,0xb4,0x91,0xb4,0x4f,0xac,0x2f,0xac,0x4f,0xac,0x2e,0xa4,0x2f,0xac,0x2f,0xa4,0xad,0x9b,0x68,0x62,0xa2,0x10,
    0xc1,0x10,0xe6,0x31,0x28,0x4a,0xc3,0x10,0x40,0x08,0x82,0x10,0x81,0x10,0x82,0x08,0xe3,0x18,0x03,0x19,0xe3,0x18,0xa1,0x08,
    0xa2,0x08,0xc2,0x10,0xe1,0x10,0xe1,0x08,0xc5,0x4a,0x08,0x53,0x08,0x53,0xa7,0x42,0x04,0x22,0xc3,0x19,0xc2,0x21,0xa2,0x21,
    0x41,0x19,0xe0,0x10,0x01,0x11,0x21,0x19,0x22,0x19,0x22,0x11,0x02,0x11,0xe2,0x10,0xe1,0x10,0x23,0x11,0xc5,0x29,0x46,0x32,
    0x47,0x3a,0xa8,0x42,0x07,0x53,0xe5,0x4a,0x63,0x32,0x24,0x32,0xa3,0x21,0x83,0x19,0x43,0x19,0x02,0x19,0x81,0x08,0x41,0x08,
    0x81,0x10,0x02,0x19,0x63,0x3a,0x04,0x4b,0x04,0x53,0xc2,0x21,0xe1,0x10,0x21,0x19,0x01,0x11,0x81,0x10,0x61,0x08,0xa1,0x10,
    0xa1,0x10,0xe1,0x18,0x02,0x21,0x02,0x19,0x23,0x31,0xa4,0x51,0x08,0x8b,0xe8,0x8a,0x08,0x8b,0x08,0x93,0x48,0x9b,0x28,0x9b,
    0xe7,0x92,0x66,0x82,0xa3,0x69,0x83,0x61,0xa4,0x61,0xc5,0x69,0x05,0x6a,0x23,0x51,0xc2,0x38,0xc2,0x38,0xa2,0x30,0xa4,0x51,
    0x64,0x49,0x81,0x18,0x82,0x18,0x81,0x18,0x41,0x10,0x61,0x10,0x82,0x18,0xc2,0x28,0xc3,0x28,0xe3,0x30,0x43,0x39,0xa6,0x49,
    0xe6,0x51,0x47,0x62,0x68,0x62,0x89,0x6a,0xa9,0x72,0xc9,0x7a,0x0a,0x7b,0x2b,0x7b,0x2a,0x83,0x2b,0x83,0x0a,0x7b,0xea,0x82,
    0xea,0x7a,0xc9,0x7a,0xa9,0x7a,0x88,0x72,0x88,0x72,0x87,0x7a,0x26,0x6a,0xa4,0x61,0x27,0x6a,0xe5,0x59,0xc5,0x59,0x84,0x59,
    0x23,0x49,0x43,0x49,0x03,0x41,0x84,0x51,0x23,0x49,0xc5,0x59,0x25,0x7a,0xe4,0x69,0x64,0x61,0x64,0x49,0xe3,0x30,0xa2,0x28,
    0x61,0x18,0x82,0x18,0xc2,0x28,0x03,0x31,0x04,0x39,0xe3,0x30,0xa5,0x51,0x85,0x49,0x03,0x39,0x03,0x39,0x24,0x39,0x24,0x39,
    0x44,0x39,0x07,0x5a,0x2b,0x7b,0x45,0x31,0x41,0x08,0x62,0x10,0x07,0x52,0x8c,0x93,0xad,0x93,0xcd,0x9b,0x0f,0x9c,0x2f,0xa4,
    0xee,0x9b,0x2a,0x8b,0x88,0x82,0x50,0xac,0x70,0xb4,0x70,0xb4,0x70,0xb4,0x4f,0xb4,0x91,0xb4,0x70,0xb4,0x90,0xac,0x70,0xac,
    0x4f,0xac,0x0f,0xa4,0x8d,0xa3,0x27,0x5a,0xe3,0x18,0x24,0x21,0xa6,0x31,0x44,0x29,0xc3,0x10,0x61,0x08,0x41,0x08,0x61,0x08,
    0xe3,0x18,0x24,0x19,0x04,0x19,0xc2,0x10,0xc1,0x10,0xe3,0x10,0x03,0x19,0xe1,0x10,0x69,0x63,0x0b,0x7c,0x0b,0x7c,0xeb,0x73,
    0x08,0x53,0xc3,0x21,0x01,0x11,0xc1,0x10,0xa0,0x08,0x81,0x08,0x60,0x08,0x81,0x08,0xe1,0x10,0x23,0x19,0x22,0x11,0x02,0x11,
    0x02,0x11,0x84,0x21,0xa4,0x21,0xa6,0x21,0x47,0x3a,0x67,0x3a,0x45,0x3a,0x03,0x2a,0xa2,0x21,0x83,0x19,0x63,0x21,0x63,0x21,
    0x63,0x21,0x03,0x19,0x81,0x08,0x40,0x08,0x81,0x08,0xe1,0x10,0x42,0x21,0xe2,0x29,0x83,0x3a,0xe3,0x29,0x21,0x19,0x01,0x11,
    0x81,0x10,0x41,0x08,0x81,0x10,0xe1,0x18,0xc1,0x10,0xc2,0x10,0xe1,0x18,0xe2,0x20,0x23,0x31,0x05,0x62,0x08,0x8b,0x08,0x8b,
    0xc6,0x8a,0xe7,0x8a,0x28,0x93,0xc7,0x8a,0xc7,0x92,0x25,0x7a,0x63,0x61,0xa4,0x69,0xa4,0x61,0x05,0x72,0xe5,0x69,0x23,0x49,
    0xc2,0x38,0xa1,0x30,0xc2,0x30,0x84,0x51,0x03,0x39,0x62,0x18,0x81,0x18,0x62,0x10,0x61,0x10,0x81,0x18,0xa2,0x20,0xc3,0x28,
    0xe2,0x28,0x03,0x31,0x24,0x39,0xa5,0x49,0xe7,0x51,0x28,0x62,0x89,0x6a,0xa9,0x6a,0xa9,0x72,0xea,0x72,0xea,0x7a,0x2b,0x83,
    0x2b,0x83,0x2b,0x83,0x2b,0x83,0x0a,0x83,0xea,0x7a,0xc9,0x7a,0xa9,0x72,0xa9,0x72,0x88,0x72,0x47,0x72,0xe5,0x69,0xe6,0x61,
    0x47,0x6a,0xc5,0x59,0xc5,0x61,0x64,0x51,0x43,0x51,0x43,0x49,0x23,0x41,0xa4,0x59,0x23,0x49,0xe5,0x69,0x25,0x72,0xa4,0x69,
    0xa4,0x61,0x23,0x49,0xe2,0x30,0xc2,0x28,0x82,0x18,0x61,0x18,0xc2,0x30,0x03,0x31,0x23,0x31,0x03,0x31,0xa5,0x49,0x44,0x41,
    0x24,0x39,0x03,0x31,0x24,0x41,0x64,0x41,0x85,0x49,0x28,0x62,0x68,0x5a,0x62,0x10,0x61,0x10,0x03,0x29,0xa9,0x72,0x0b,0x83,
    0xad,0x93,0xee,0x9b,0x2f,0xa4,0x4f,0xa4,0x0e,0xa4,0x2b,0x8b,0x0a,0x8b,0xb1,0xb4,0x91,0xb4,0xd1,0xbc,0x70,0xb4,0x90,0xb4,
    0xb1,0xb4,0xb1,0xb4,0xf2,0xbc,0xb1,0xac,0x90,0xac,0x4f,0xac,0xee,0x9b,0x4c,0x83,0x44,0x31,0xc2,0x18,0x24,0x21,0xe8,0x41,
    0x85,0x31,0x61,0x08,0x20,0x08,0x61,0x08,0xe3,0x10,0x24,0x21,0x03,0x19,0xe2,0x10,0xe2,0x10,0x03,0x19,0x44,0x21,0x23,0x19,
    0x49,0x53,0xaa,0x6b,0x0b,0x84,0x0b,0x7c,0x8a,0x63,0x05,0x2a,0x80,0x08,0x60,0x08,0x81,0x08,0x80,0x10,0x81,0x08,0x60,0x08,
    0x61,0x00,0x81,0x08,0xe2,0x10,0x02,0x11,0x43,0x19,0xa4,0x21,0xa5,0x21,0xe6,0x29,0x46,0x32,0x26,0x32,0x26,0x32,0x82,0x19,
    0x22,0x19,0x02,0x11,0x22,0x19,0x64,0x21,0x43,0x21,0xa2,0x10,0x61,0x08,0x41,0x08,0xa1,0x08,0xe1,0x10,0xe1,0x10,0x41,0x19,
    0x82,0x21,0x82,0x21,0x41,0x19,0x01,0x19,0x81,0x08,0x61,0x08,0x61,0x08,0xa1,0x10,0xa1,0x08,0xc1,0x10,0xe2,0x18,0xe2,0x20,
    0x63,0x41,0x66,0x72,0x29,0x93,0x08,0x93,0xc7,0x8a,0x08,0x8b,0xe7,0x92,0xa6,0x8a,0x66,0x82,0xe4,0x71,0x62,0x61,0xa4,0x69,
    0xc4,0x69,0x05,0x72,0xc5,0x69,0x23,0x49,0xc2,0x38,0xa1,0x30,0xc2,0x30,0x64,0x51,0xe2,0x30,0x82,0x18,0x81,0x18,0x61,0x18,
    0x61,0x10,0x82,0x18,0xc2,0x28,0xe3,0x28,0x03,0x39,0x44,0x39,0x65,0x41,0x64,0x41,0xc6,0x51,0x68,0x62,0xa9,0x6a,0xc9,0x72,
    0xca,0x72,0x0a,0x7b,0x0a,0x83,0x2b,0x83,0x2b,0x83,0x4b,0x83,0x2b,0x83,0x0a,0x7b,0xea,0x7a,0xca,0x7a,0xc9,0x72,0xc9,0x7a,
    0xa8,0x7a,0x26,0x72,0x26,0x6a,0x06,0x62,0x68,0x72,0xe5,0x61,0xa4,0x59,0x64,0x59,0x63,0x51,0x23,0x49,0x64,0x51,0x64,0x51,
    0x64,0x49,0x05,0x72,0xe5,0x71,0x84,0x59,0x83,0x59,0x24,0x41,0xe2,0x30,0xe3,0x30,0x81,0x20,0x61,0x18,0xe3,0x28,0x03,0x31,
    0x04,0x39,0x03,0x39,0x85,0x49,0x63,0x41,0x24,0x39,0xe2,0x30,0x44,0x39,0x85,0x51,0xe7,0x59,0x89,0x6a,0x45,0x39,0x41,0x08,
    0x82,0x10,0x07,0x52,0x0a,0x83,0x0b,0x83,0x8c,0x8b,0x0e,0x9c,0x50,0xa4,0x50,0xa4,0xee,0xa3,0x4b,0x93,0x6c,0x9b,0x12,0xbd,
    0xd1,0xbc,0xd2,0xb4,0x6f,0xb4,0xf2,0xbc,0xd1,0xb4,0x13,0xbd,0x12,0xbd,0xd1,0xb4,0xb1,0xb4,0x70,0xa4,0x0f,0xa4,0xee,0x9b,
    0xe6,0x51,0x41,0x08,0x81,0x10,0x45,0x29,0x24,0x21,0x41,0x08,0x40,0x08,0x61,0x08,0xa2,0x10,0xe3,0x18,0xc3,0x10,0xe3,0x18,
    0x03,0x19,0x03,0x11,0x23,0x21,0x24,0x21,0x09,0x4b,0x28,0x4b,0xaa,0x6b,0xea,0x73,0xca,0x73,0xa6,0x42,0xa1,0x08,0x80,0x08,
    0x81,0x08,0x81,0x08,0xa1,0x08,0xa1,0x08,0x81,0x08,0x80,0x08,0xa1,0x08,0xc2,0x10,0x43,0x19,0xc5,0x21,0xc5,0x21,0xe6,0x29,
    0x26,0x32,0x46,0x3a,0xc4,0x29,0x22,0x11,0xe1,0x10,0x02,0x19,0x43,0x21,0x23,0x21,0xe2,0x10,0x80,0x08,0x60,0x08,0xc1,0x08,
    0x01,0x11,0x21,0x11,0x41,0x11,0x41,0x11,0x41,0x19,0x21,0x11,0x01,0x11,0xe1,0x10,0xa1,0x08,0x80,0x08,0x41,0x08,0x60,0x08,
    0x81,0x10,0xa1,0x10,0xc2,0x18,0xe2,0x28,0x43,0x41,0x87,0x72,0x28,0x93,0xe7,0x8a,0xa7,0x82,0xc7,0x8a,0xa6,0x8a,0xa6,0x8a,
    0x25,0x7a,0xc3,0x71,0x63,0x61,0xc4,0x69,0xc5,0x71,0x25,0x72,0xa4,0x61,0x02,0x41,0xa2,0x30,0x81,0x28,0xc2,0x38,0x63,0x49,
    0xc2,0x28,0x82,0x18,0x61,0x10,0x61,0x10,0x61,0x18,0xa2,0x20,0xc3,0x28,0x03,0x31,0x44,0x39,0x24,0x39,0x85,0x41,0x65,0x49,
    0xc6,0x51,0x48,0x62,0xc9,0x6a,0xca,0x72,0xea,0x72,0xea,0x7a,0x2b,0x7b,0x2b,0x83,0x4a,0x83,0x4b,0x83,0x0b,0x83,0x0b,0x83,
    0xea,0x7a,0xea,0x7a,0xea,0x7a,0x0a,0x83,0x67,0x72,0x47,0x72,0x88,0x72,0x27,0x6a,0x67,0x72,0xc5,0x61,0x84,0x59,0x64,0x51,
    0x63,0x51,0x23,0x49,0xa5,0x59,0x64,0x51,0x64,0x51,0x05,0x72,0xa4,0x61,0x83,0x61,0x64,0x51,0x23,0x41,0xe3,0x30,0xe3,0x28,
    0x61,0x18,0x82,0x18,0xc2,0x28,0x03,0x39,0x03,0x31,0x03,0x31,0x85,0x49,0x84,0x51,0x44,0x39,0xe3,0x30,0x44,0x41,0x84,0x49,
    0xe6,0x51,0x69,0x62,0xc2,0x20,0x21,0x08,0xc3,0x20,0xc9,0x72,0xea,0x7a,0x6c,0x8b,0x8c,0x93,0x2f,0xa4,0x70,0xac,0x90,0xac,
    0x4f,0xac,0xed,0xa3,0xad,0xa3,0x13,0xbd,0x12,0xc5,0xd1,0xbc,0x90,0xb4,0xd1,0xbc,0x33,0xbd,0x13,0xbd,0xf2,0xb4,0x12,0xbd,
    0xf2,0xb4,0x91,0xac,0x2f,0xa4,0x0e,0x9c,0x2b,0x83,0x81,0x10,0x41,0x08,0x61,0x08,0xc2,0x18,0xa2,0x18,0x61,0x08,0x82,0x10,
    0x82,0x10,0x82,0x10,0x81,0x10,0xa2,0x08,0xe3,0x18,0xe3,0x18,0xe3,0x10,0x02,0x19,0x08,0x4b,0xa7,0x3a,0x08,0x4b,0x89,0x6b,
    0xc9,0x73,0xa6,0x4a,0xe2,0x10,0x81,0x08,0x80,0x08,0xa1,0x08,0xa1,0x10,0xc1,0x10,0x22,0x19,0xe3,0x18,0xc1,0x08,0xc1,0x10,
    0x22,0x11,0xa4,0x29,0xc5,0x21,0x06,0x2a,0x46,0x3a,0xe6,0x31,0x22,0x19,0xa1,0x08,0xc1,0x10,0xe2,0x10,0xe1,0x18,0xe2,0x10,
    0xa0,0x08,0x81,0x08,0xe1,0x10,0x61,0x19,0x61,0x19,0x61,0x19,0x61,0x19,0x42,0x11,0x01,0x11,0xe1,0x10,0xc2,0x08,0xc1,0x10,
    0xc1,0x10,0x81,0x10,0x40,0x08,0x61,0x08,0xa1,0x10,0xa1,0x10,0xa1,0x10,0xe2,0x30,0xc5,0x51,0x87,0x7a,0x28,0x8b,0xc7,0x8a,
    0xa6,0x8a,0xc7,0x8a,0xa6,0x82,0x66,0x82,0x04,0x7a,0xa3,0x69,0x83,0x61,0xc4,0x69,0x05,0x72,0x05,0x72,0x84,0x59,0x03,0x41,
    0x81,0x28,0x81,0x28,0xc2,0x30,0x23,0x49,0xa2,0x20,0x61,0x18,0x61,0x10,0x62,0x18,0x82,0x18,0xc2,0x20,0xe3,0x28,0x24,0x39,
    0x44,0x39,0x64,0x41,0xa5,0x49,0x85,0x49,0xe6,0x59,0x88,0x62,0xca,0x72,0xca,0x72,0xea,0x7a,0x0b,0x7b,0x2b,0x83,0x4b,0x83,
    0x2b,0x83,0x2b,0x83,0x2b,0x83,0x2b,0x7b,0xea,0x7a,0xea,0x82,0x0a,0x7b,0xa9,0x7a,0x47,0x6a,0x88,0x72,0x89,0x72,0x47,0x6a,
    0x88,0x72,0xe5,0x61,0x63,0x59,0x84,0x51,0x63,0x51,0x44,0x49,0x84,0x59,0x43,0x51,0xa4,0x61,0xe4,0x69,0x84,0x61,0x83,0x61,
    0x63,0x51,0x23,0x39,0xe3,0x30,0xc2,0x28,0x61,0x18,0x61,0x18,0xc3,0x28,0x23,0x39,0x03,0x31,0xe3,0x30,0x85,0x49,0x84,0x49,
    0x44,0x39,0xe3,0x30,0x24,0x41,0x65,0x49,0xa5,0x49,0x86,0x49,0x81,0x10,0x41,0x08,0xa5,0x41,0x0b,0x83,0x2b,0x83,0xcd,0x93,
    0x0e,0xa4,0x0e,0xa4,0x90,0xac,0x6f,0xb4,0xf2,0xb4,0x2e,0xac,0xcd,0xa3,0x32,0xc5,0xb1,0xb4,0x90,0xb4,0xd1,0xbc,0x13,0xbd,
    0x53,0xc5,0x13,0xbd,0x33,0xbd,0xf3,0xb4,0xf2,0xb4,0xb1,0xac,0x70,0xac,0x0f,0x9c,0xcd,0x93,0x04,0x29,0x20,0x00,0x41,0x08,
    0x03,0x21,0x04,0x21,0x61,0x08,0x81,0x10,0x61,0x08,0x61,0x08,0x61,0x08,0x61,0x08,0x81,0x08,0x82,0x10,0xc2,0x10,0xc2,0x10,
    0x49,0x53,0xc7,0x3a,0xa7,0x3a,0x08,0x4b,0x06,0x53,0x03,0x32,0xe1,0x10,0xc1,0x08,0xa1,0x08,0xa1,0x10,0xc1,0x10,0x01,0x11,
    0x23,0x19,0x23,0x19,0xe1,0x10,0x01,0x11,0x01,0x11,0x84,0x21,0xc5,0x21,0x47,0x3a,0x26,0x3a,0x83,0x21,0x81,0x08,0x61,0x08,
    0x81,0x10,0x81,0x08,0x81,0x08,0x81,0x10,0x81,0x08,0xe1,0x10,0x82,0x19,0xa2,0x21,0x82,0x19,0x41,0x11,0x22,0x11,0x02,0x11,
    0xe2,0x10,0xe3,0x10,0xe2,0x10,0xc1,0x10,0xc1,0x10,0xa1,0x10,0xa1,0x08,0xa1,0x08,0xa1,0x10,0xe2,0x20,0x03,0x29,0x43,0x39,
    0x25,0x62,0x66,0x72,0x29,0x93,0xc7,0x82,0x86,0x82,0xc6,0x8a,0x65,0x82,0x25,0x7a,0x04,0x7a,0x83,0x69,0x84,0x61,0xe4,0x69,
    0x26,0x7a,0x05,0x72,0x64,0x59,0xc1,0x30,0x81,0x30,0x81,0x28,0xc2,0x30,0x02,0x41,0x82,0x18,0x82,0x18,0x61,0x18,0x61,0x18,
    0x82,0x18,0xa2,0x28,0x03,0x31,0x44,0x39,0x65,0x41,0x85,0x49,0x86,0x49,0xc6,0x51,0x07,0x5a,0x89,0x62,0xca,0x72,0xea,0x72,
    0x0b,0x7b,0x2a,0x83,0x4b,0x83,0x4b,0x83,0x4b,0x8b,0x4c,0x83,0x2b,0x83,0x0a,0x83,0x0a,0x7b,0xeb,0x82,0x0a,0x7b,0x88,0x7a,
    0x88,0x7a,0xc9,0x7a,0xc9,0x7a,0x67,0x72,0x87,0x72,0xc5,0x61,0x63,0x59,0xa5,0x59,0x84,0x59,0x84,0x51,0x84,0x51,0x64,0x51,
    0xc5,0x69,0xe4,0x69,0x84,0x59,0x63,0x59,0x44,0x49,0x23,0x41,0xc2,0x28,0x03,0x31,0x82,0x18,0x61,0x18,0xc2,0x28,0x24,0x39,
    0xe3,0x30,0xe3,0x30,0xa5,0x51,0x64,0x49,0x44,0x39,0xe2,0x30,0x23,0x31,0x44,0x41,0x85,0x51,0xe3,0x28,0x41,0x08,0xa2,0x18,
    0x68,0x6a,0x4c,0x83,0x6c,0x93,0xee,0x9b,0x4f,0xa4,0x2e,0xa4,0x90,0xb4,0x90,0xb4,0x33,0xbd,0x2e,0xac,0x2f,0xac,0xd1,0xbc,
    0xb1,0xbc,0xb0,0xbc,0xf2,0xbc,0x33,0xc5,0x34,0xc5,0x53,0xbd,0x54,0xbd,0x13,0xbd,0xf2,0xb4,0xd1,0xac,0xb1,0xac,0x2f,0xa4,
    0x0f,0xa4,0x85,0x41,0x20,0x00,0x41,0x08,0xc3,0x18,0xa2,0x10,0x41,0x08,0x61,0x08,0x81,0x10,0x61,0x08,0x61,0x08,0x40,0x08,
    0x41,0x08,0x60,0x08,0x61,0x08,0x81,0x08,0xe7,0x52,0x28,0x53,0xa7,0x42,0x86,0x3a,0x86,0x3a,0xe4,0x29,0x21,0x11,0xc1,0x10,
    0xe1,0x10,0xe1,0x10,0x02,0x11,0x22,0x19,0x02,0x19,0x01,0x11,0x01,0x11,0xe0,0x08,0x01,0x11,0x21,0x11,0xa4,0x29,0x06,0x32,
    0xa4,0x21,0x42,0x19,0xa0,0x08,0x61,0x08,0x61,0x08,0x61,0x08,0x81,0x08,0xe2,0x18,0xc1,0x10,0x43,0x19,0xe3,0x29,0x42,0x11,
    0xa1,0x08,0xa1,0x08,0xc2,0x10,0xe3,0x10,0x03,0x19,0xe3,0x10,0xe3,0x18,0xc2,0x10,0xe1,0x10,0xc1,0x08,0xc1,0x10,0xe1,0x18,
    0x02,0x21,0x42,0x29,0xc2,0x20,0x84,0x49,0x05,0x62,0xa7,0x7a,0x08,0x8b,0xa6,0x8a,0xa6,0x8a,0x86,0x82,0x66,0x82,0x04,0x7a,
    0xc3,0x69,0x83,0x69,0xc4,0x69,0xe5,0x71,0x25,0x7a,0xc4,0x71,0x43,0x49,0x81,0x30,0x61,0x20,0x81,0x28,0xc2,0x30,0xe2,0x30,
    0x82,0x18,0x61,0x18,0x61,0x10,0x82,0x18,0x82,0x18,0xc2,0x28,0x04,0x31,0x64,0x39,0x65,0x41,0xa5,0x49,0xa6,0x49,0x06,0x52,
    0x48,0x62,0x88,0x6a,0xea,0x72,0x2b,0x7b,0x2c,0x7b,0x4c,0x83,0x4c,0x83,0x4c,0x8b,0x4c,0x83,0x4b,0x8b,0x2b,0x83,0x2b,0x83,
    0x0b,0x83,0x0b,0x83,0x2b,0x83,0x88,0x72,0xea,0x7a,0x2b,0x83,0x0a,0x83,0x67,0x72,0x67,0x72,0x84,0x61,0xa5,0x59,0xc5,0x61,
    0xa4,0x59,0x64,0x51,0x84,0x59,0xa4,0x59,0xe5,0x69,0x84,0x61,0x63,0x61,0x63,0x59,0x64,0x49,0x24,0x39,0xc2,0x30,0x03,0x31,
    0x82,0x18,0x61,0x18,0xa2,0x28,0x24,0x39,0x03,0x31,0xe3,0x30,0xa5,0x49,0x64,0x41,0x64,0x41,0xe3,0x30,0xe3,0x30,0x24,0x39,
    0x85,0x49,0xa2,0x18,0x21,0x08,0x65,0x39,0x0a,0x83,0x8c,0x8b,0xcd,0x9b,0x0e,0x9c,0x70,0xac,0x2e,0xa4,0x70,0xac,0xd1,0xb4,
    0x33,0xbd,0x2e,0xac,0x4f,0xac,0x12,0xbd,0x90,0xb4,0xd1,0xbc,0x33,0xbd,0x33,0xc5,0x33,0xbd,0x33,0xc5,0x33,0xbd,0x33,0xb5,
    0x13,0xb5,0xf2,0xb4,0xb2,0xac,0x70,0xa4,0x4f,0xa4,0x27,0x52,0x20,0x00,0x61,0x08,0x82,0x10,0x61,0x08,0x40,0x08,0x81,0x10,
    0x82,0x10,0x61,0x08,0x41,0x08,0x41,0x08,0x60,0x08,0x61,0x08,0x61,0x10,0x61,0x08,0x83,0x21,0x66,0x42,0x66,0x3a,0x45,0x32,
    0x05,0x2a,0xc4,0x29,0x42,0x19,0x22,0x11,0xe1,0x10,0x01,0x11,0x63,0x21,0x62,0x21,0x62,0x21,0x62,0x21,0x22,0x11,0x01,0x11,
    0xe0,0x10,0x01,0x11,0x23,0x19,0x42,0x19,0x22,0x11,0x62,0x21,0x21,0x19,0xa1,0x08,0x60,0x08,0xc1,0x10,0xe1,0x18,0x42,0x21,
    0x42,0x21,0xa3,0x21,0x82,0x19,0x81,0x08,0x40,0x08,0xa2,0x10,0xc2,0x10,0x03,0x19,0xe3,0x18,0x65,0x29,0x44,0x19,0xc1,0x10,
    0xe1,0x08,0xe1,0x10,0x02,0x19,0xe2,0x10,0xe1,0x08,0xc0,0x08,0x42,0x29,0x05,0x6a,0x25,0x62,0x87,0x7a,0xe8,0x8a,0xc7,0x8a,
    0xc7,0x8a,0x85,0x82,0x45,0x7a,0xc4,0x71,0xa3,0x69,0xa3,0x69,0xc4,0x71,0xe5,0x71,0x25,0x72,0xa4,0x61,0xe2,0x48,0x81,0x28,
    0x61,0x20,0x81,0x28,0xc2,0x38,0xa2,0x28,0x61,0x18,0x61,0x10,0x62,0x10,0x81,0x18,0x82,0x20,0xc2,0x28,0x24,0x31,0x64,0x41,
    0x86,0x49,0xc6,0x49,0xe6,0x59,0x28,0x5a,0x68,0x62,0xaa,0x6a,0xeb,0x72,0x2c,0x83,0x6c,0x83,0x6c,0x83,0x8d,0x8b,0x6c,0x8b,
    0x6b,0x8b,0x6c,0x83,0x4b,0x83,0x2b,0x83,0x0b,0x7b,0x4b,0x83,0xea,0x82,0xa8,0x7a,0x2b,0x83,0x4b,0x8b,0x2b,0x83,0xa8,0x7a,
    0x47,0x72,0xa4,0x61,0xe5,0x61,0xe5,0x61,0xa5,0x59,0x43,0x51,0x84,0x51,0xc4,0x61,0xe5,0x71,0x63,0x51,0x43,0x59,0x63,0x51,
    0x64,0x49,0x23,0x41,0xe3,0x28,0xe3,0x30,0x82,0x20,0x81,0x18,0xc2,0x20,0x03,0x39,0x03,0x39,0xe3,0x30,0x84,0x49,0x44,0x41,
    0x85,0x49,0x03,0x31,0xe3,0x30,0x03,0x31,0x64,0x41,0x82,0x18,0x61,0x10,0x27,0x5a,0x2b,0x83,0x8d,0x93,0xee,0x9b,0x2e,0xa4,
    0x90,0xac,0x0e,0xac,0x6f,0xac,0xf1,0xbc,0x32,0xbd,0x0e,0xac,0x4f,0xb4,0x12,0xbd,0x90,0xb4,0xf1,0xbc,0x33,0xc5,0x12,0xbd,
    0x12,0xbd,0x33,0xbd,0x34,0xbd,0x13,0xb5,0x13,0xb5,0x13,0xb5,0xd2,0xac,0x70,0xa4,0x0f,0xa4,0xa9,0x6a,0x21,0x08,0x61,0x08,
    0x82,0x10,0x61,0x10,0x61,0x08,0x62,0x08,0x61,0x08,0x41,0x08,0x61,0x08,0x81,0x10,0x81,0x08,0x82,0x10,0x81,0x10,0x61,0x08,
    0xe0,0x10,0x21,0x19,0x42,0x11,0x42,0x19,0x22,0x11,0x42,0x11,0x22,0x19,0x42,0x19,0x42,0x19,0x43,0x19,0xa3,0x21,0x63,0x19,
    0x62,0x21,0xa3,0x29,0x22,0x11,0xc1,0x10,0xc1,0x08,0xc1,0x08,0xa1,0x08,0xc1,0x08,0x21,0x19,0xc2,0x29,0xa2,0x29,0xe1,0x10,
    0xc1,0x10,0x23,0x21,0x01,0x11,0x62,0x21,0xa3,0x29,0x83,0x21,0xa1,0x10,0x41,0x08,0xa2,0x10,0xe3,0x18,0xe3,0x18,0xc3,0x10,
    0xe2,0x10,0xc6,0x31,0xe7,0x41,0x23,0x19,0xe1,0x08,0xc1,0x08,0xa0,0x08,0x22,0x21,0x66,0x52,0x4a,0x83,0x6a,0x93,0x6f,0xbc,
    0x8b,0x9b,0x29,0x93,0xc7,0x8a,0xc7,0x8a,0xc6,0x8a,0x66,0x82,0x24,0x7a,0xe4,0x71,0x83,0x69,0xe4,0x71,0xc4,0x69,0xc4,0x69,
    0xe5,0x71,0x63,0x59,0xc2,0x38,0x81,0x28,0x61,0x20,0x81,0x28,0xe2,0x38,0x81,0x20,0x62,0x10,0x81,0x18,0x61,0x10,0x82,0x20,
    0x82,0x18,0xe3,0x28,0x24,0x39,0x85,0x41,0xa6,0x49,0xe6,0x51,0x27,0x5a,0x48,0x62,0x89,0x6a,0xca,0x72,0x2c,0x7b,0x2c,0x7b,
    0x4c,0x83,0x8d,0x8b,0x8d,0x8b,0x8c,0x8b,0x8d,0x8b,0x6c,0x8b,0x2b,0x83,0xea,0x82,0x2b,0x83,0x6c,0x83,0xc9,0x7a,0xea,0x7a,
    0x6c,0x8b,0x2b,0x8b,0x2a,0x8b,0x88,0x7a,0x26,0x6a,0x84,0x59,0xc5,0x61,0xe6,0x61,0x84,0x59,0x64,0x51,0x64,0x51,0x25,0x72,
    0xa4,0x61,0x43,0x59,0x42,0x51,0x44,0x49,0x64,0x49,0x03,0x39,0xe3,0x30,0x03,0x31,0xa2,0x20,0x82,0x20,0xa2,0x20,0x03,0x39,
    0x24,0x39,0xe2,0x28,0x85,0x49,0x43,0x41,0x65,0x41,0xe3,0x30,0xe2,0x28,0xe3,0x28,0x24,0x39,0x61,0x10,0x82,0x18,0x68,0x6a,
    0x4b,0x83,0xad,0x93,0x0e,0xa4,0x2f,0xa4,0x4e,0xac,0xed,0xa3,0x90,0xb4,0xf1,0xbc,0x12,0xbd,0x4f,0xb4,0x6f,0xac,0xb0,0xbc,
    0xb0,0xbc,0x12,0xbd,0x33,0xbd,0x33,0xbd,0xf2,0xbc,0x13,0xbd,0x53,0xbd,0x33,0xbd,0x13,0xb5,0xf3,0xb4,0xd2,0xb4,0x90,0xa4,
    0x50,0xa4,0x0b,0x7b,0x40,0x08,0x82,0x10,0xe3,0x18,0xa2,0x10,0x41,0x00,0x61,0x08,0x40,0x08,0x61,0x08,0xa2,0x10,0xa2,0x10,
    0xa1,0x08,0x81,0x08,0x81,0x08,0x61,0x08,0xc1,0x10,0xc1,0x10,0x22,0x19,0x01,0x11,0xe1,0x10,0xe1,0x10,0x22,0x19,0x63,0x19,
    0x62,0x19,0xa4,0x21,0xc4,0x29,0x01,0x19,0xc1,0x08,0x42,0x21,0xe1,0x10,0x80,0x08,0x80,0x08,0x81,0x08,0x81,0x08,0x81,0x08,
    0x02,0x19,0xe3,0x31,0x82,0x21,0xc1,0x08,0x81,0x10,0xe2,0x18,0xc1,0x10,0x42,0x21,0x62,0x21,0xa1,0x08,0x60,0x08,0x61,0x08,
    0xc2,0x10,0xc2,0x10,0xa2,0x10,0xa1,0x10,0x04,0x21,0x27,0x3a,0x89,0x4a,0xe4,0x31,0x42,0x21,0x46,0x5a,0xab,0x93,0xf1,0xcc,
    0xd4,0xed,0xf1,0xd4,0x32,0xd5,0x53,0xcd,0x0d,0xac,0x08,0x93,0xe7,0x8a,0xe7,0x92,0x86,0x82,0x45,0x7a,0x04,0x72,0xc4,0x71,
    0x83,0x61,0xe4,0x71,0xe5,0x71,0xc4,0x69,0xc4,0x69,0x23,0x51,0xa2,0x28,0x61,0x20,0x61,0x20,0xa1,0x28,0xa2,0x30,0x81,0x20,
    0x61,0x10,0x82,0x18,0x61,0x10,0x82,0x18,0xa1,0x20,0xe3,0x28,0x44,0x39,0x85,0x49,0xc6,0x49,0x08,0x5a,0x07,0x5a,0x69,0x62,
    0x89,0x6a,0xeb,0x72,0x2b,0x7b,0x2c,0x7b,0x4c,0x83,0x6c,0x8b,0x6c,0x8b,0x6d,0x8b,0x6c,0x8b,0x6c,0x8b,0x6c,0x83,0x2c,0x83,
    0x4c,0x8b,0x2b,0x83,0xa9,0x7a,0x4b,0x8b,0x6c,0x8b,0x4c,0x8b,0x2a,0x83,0xa8,0x7a,0xc5,0x69,0x84,0x59,0xe5,0x69,0x06,0x6a,
    0xa4,0x59,0x43,0x51,0xc5,0x61,0x45,0x7a,0x63,0x59,0x43,0x51,0x22,0x51,0x44,0x51,0x43,0x41,0x23,0x41,0xe3,0x30,0x03,0x31,
    0xc2,0x28,0xc2,0x20,0x82,0x20,0x03,0x31,0x44,0x39,0xe3,0x38,0x84,0x49,0x44,0x41,0x64,0x41,0x03,0x31,0xc3,0x30,0xc2,0x28,
    0x03,0x31,0x61,0x10,0x04,0x31,0xa8,0x7a,0x4b,0x8b,0xcd,0x93,0xed,0xa3,0x2e,0xa4,0x6f,0xac,0xed,0xa3,0x90,0xb4,0x11,0xbd,
    0xf2,0xbc,0x4e,0xac,0x4f,0xb4,0x8f,0xb4,0xd1,0xb4,0xf2,0xbc,0x12,0xbd,0x12,0xbd,0xf2,0xb4,0x12,0xbd,0x13,0xb5,0x13,0xb5,
    0x13,0xb5,0x12,0xb5,0xf2,0xac,0xb1,0xac,0x70,0xa4,0x6c,0x83,0x61,0x10,0xa2,0x10,0x44,0x29,0xa2,0x10,0x40,0x08,0x61,0x08,
    0x41,0x08,0xa2,0x10,0x03,0x19,0xc2,0x10,0x82,0x10,0x61,0x08,0x61,0x08,0x40,0x08,0x60,0x08,0xa1,0x08,0x21,0x11,0x42,0x19,
    0x21,0x11,0xe1,0x10,0x42,0x11,0x85,0x29,0xc3,0x29,0x23,0x3a,0x85,0x4a,0x21,0x19,0xa1,0x10,0x22,0x21,0xa1,0x08,0x40,0x08,
    0x41,0x00,0x40,0x08,0x81,0x08,0x80,0x08,0xc1,0x10,0x22,0x19,0xe2,0x10,0x61,0x08,0x60,0x00,0x41,0x08,0x61,0x00,0x22,0x21,
    0x02,0x19,0x81,0x08,0x81,0x08,0xa1,0x10,0xc2,0x10,0xa1,0x10,0xa1,0x10,0xc2,0x10,0x85,0x29,0x07,0x3a,0xc9,0x5a,0x0d,0x9c,
    0xf0,0xcc,0xd4,0xed,0xd4,0xed,0xb4,0xe5,0x90,0xbc,0xaf,0xc4,0x11,0xcd,0xd0,0xc4,0xec,0xa3,0x09,0x93,0xe7,0x92,0xc7,0x8a,
    0x86,0x82,0x45,0x82,0x04,0x7a,0xa3,0x69,0xa3,0x61,0xc4,0x71,0xe5,0x69,0xc4,0x69,0xa4,0x61,0xe2,0x48,0x81,0x28,0x61,0x20,
    0x61,0x20,0xa1,0x28,0xa1,0x30,0x82,0x18,0x61,0x10,0x61,0x10,0x82,0x18,0x82,0x18,0xa2,0x20,0xe3,0x30,0x65,0x41,0xa6,0x49,
    0xe7,0x51,0x07,0x5a,0x07,0x62,0x68,0x62,0x89,0x6a,0xeb,0x7a,0x0b,0x7b,0x2b,0x83,0x4c,0x8b,0x6c,0x8b,0x8d,0x8b,0x4b,0x8b,
    0x4b,0x83,0x6c,0x8b,0x6c,0x8b,0x2b,0x83,0x4c,0x83,0xc9,0x7a,0xc9,0x7a,0x4c,0x8b,0x4c,0x8b,0x4b,0x8b,0x2b,0x8b,0x0a,0x83,
    0xa4,0x61,0xc5,0x61,0xe5,0x61,0x06,0x6a,0x84,0x59,0x43,0x51,0x46,0x72,0x83,0x61,0x64,0x51,0x22,0x51,0x23,0x51,0x64,0x49,
    0x23,0x41,0x24,0x41,0x03,0x31,0x03,0x31,0xe3,0x30,0xa2,0x20,0x82,0x20,0x03,0x31,0x23,0x39,0x03,0x31,0x84,0x49,0x64,0x41,
    0x65,0x41,0x23,0x39,0xe2,0x28,0xc2,0x28,0x03,0x31,0x82,0x18,0x85,0x41,0x88,0x72,0x2b,0x8b,0xac,0x93,0xcd,0x9b,0x0e,0xa4,
    0x6f,0xac,0x0e,0xac,0x6f,0xac,0xf1,0xb4,0xf1,0xbc,0x6f,0xb4,0x4e,0xac,0x4e,0xb4,0xd1,0xbc,0x12,0xbd,0x12,0xbd,0xf2,0xbc,
    0xf2,0xbc,0xf2,0xb4,0xf1,0xb4,0xd2,0xb4,0xf2,0xb4,0xf3,0xb4,0xd2,0xac,0xb1,0xa4,0x70,0xa4,0xad,0x93,0x23,0x29,0x64,0x21,
    0xc7,0x39,0xa2,0x10,0x41,0x08,0x41,0x08,0x81,0x08,0xe3,0x18,0xe3,0x18,0xc2,0x10,0x81,0x08,0x61,0x08,0x41,0x08,0x40,0x00,
    0x01,0x11,0x61,0x19,0xa1,0x21,0xa1,0x19,0x61,0x19,0x62,0x21,0xc4,0x29,0x63,0x19,0x62,0x21,0xc3,0x31,0x45,0x4a,0xa3,0x29,
    0xc1,0x10,0xc1,0x10,0x60,0x08,0x40,0x08,0x40,0x08,0x40,0x00,0x61,0x08,0x81,0x08,0xa1,0x08,0xc1,0x10,0xa1,0x08,0x41,0x08,
    0x40,0x00,0x20,0x08,0x40,0x00,0xc1,0x10,0xc1,0x10,0xc1,0x10,0xc1,0x10,0xc1,0x10,0xe1,0x10,0xe1,0x10,0x01,0x11,0x22,0x11,
    0x01,0x11,0xe9,0x6a,0x51,0xdd,0xf5,0xed,0xd4,0xe5,0x93,0xdd,0x73,0xd5,0x6f,0xbc,0x2e,0xb4,0x12,0xc5,0xb0,0xc4,0x6f,0xbc,
    0x6a,0x9b,0x08,0x93,0xe7,0x8a,0xe7,0x92,0x86,0x82,0x45,0x82,0x04,0x72,0xa3,0x69,0xc5,0x69,0xe5,0x71,0xc4,0x69,0xe4,0x69,
    0x63,0x61,0xe2,0x40,0x81,0x20,0x40,0x20,0x61,0x20,0xa1,0x28,0x82,0x28,0x61,0x10,0x61,0x10,0x61,0x18,0x82,0x18,0x81,0x18,
    0xa2,0x20,0xe3,0x30,0x85,0x41,0xc6,0x51,0xe7,0x59,0xe6,0x59,0x28,0x6a,0x69,0x6a,0xca,0x7a,0xeb,0x7a,0x0b,0x83,0x6d,0x8b,
    0x8d,0x8b,0xcd,0x93,0xce,0x93,0x6c,0x93,0x2c,0x83,0x4c,0x8b,0x6d,0x83,0x4c,0x83,0x2b,0x83,0x88,0x7a,0x0b,0x7b,0x4c,0x83,
    0x6c,0x8b,0x4c,0x8b,0x4b,0x8b,0x0a,0x83,0xc5,0x61,0x06,0x6a,0x05,0x6a,0x26,0x72,0x64,0x59,0xe5,0x69,0x66,0x7a,0x43,0x51,
    0x83,0x59,0x02,0x49,0x64,0x51,0x43,0x49,0x44,0x49,0x43,0x41,0x03,0x31,0x03,0x31,0xe3,0x28,0x82,0x20,0x81,0x20,0xe3,0x30,
    0x24,0x41,0x03,0x39,0x85,0x49,0x44,0x41,0x24,0x39,0x44,0x39,0xe3,0x30,0xa2,0x20,0xe3,0x30,0xa2,0x20,0xa5,0x49,0xa9,0x72,
    0x2a,0x83,0x8c,0x93,0xcd,0xa3,0x0d,0xa4,0x6f,0xac,0x2d,0xa4,0x90,0xb4,0xf1,0xbc,0xf1,0xb4,0x6f,0xb4,0xcc,0xab,0x6f,0xac,
    0xf2,0xbc,0x12,0xbd,0x13,0xbd,0xd1,0xbc,0xd1,0xb4,0xf2,0xb4,0xd1,0xb4,0xd2,0xac,0xd1,0xac,0xd2,0xb4,0xd1,0xac,0x91,0xac,
    0x50,0xa4,0xcd,0x93,0x65,0x4a,0x03,0x2a,0xe5,0x39,0xc2,0x10,0x20,0x00,0x40,0x08,0xa2,0x10,0xc2,0x10,0xa2,0x10,0x81,0x10,
    0x61,0x08,0x41,0x08,0x20,0x00,0x41,0x08,0x22,0x2a,0x42,0x32,0x43,0x2a,0x02,0x2a,0x02,0x22,0x44,0x3a,0x45,0x42,0x22,0x19,
    0xe1,0x10,0xe1,0x10,0x22,0x21,0x42,0x21,0xa1,0x10,0x60,0x08,0x40,0x08,0x21,0x00,0x40,0x08,0x40,0x00,0x40,0x08,0x60,0x08,
    0xa1,0x08,0xa2,0x10,0x61,0x08,0x20,0x08,0x41,0x00,0x20,0x00,0x41,0x08,0x81,0x08,0xa1,0x10,0xc1,0x10,0xe0,0x10,0xe0,0x08,
    0xe1,0x10,0x22,0x19,0x62,0x21,0x01,0x11,0x8b,0x8b,0xf4,0xf5,0x35,0xee,0xf4,0xe5,0xd4,0xe5,0xb4,0xdd,0xb0,0xbc,0x0d,0xac,
    0xf1,0xc4,0x8f,0xbc,0x4f,0xb4,0x0e,0xac,0x6a,0x9b,0x08,0x93,0xe7,0x92,0xe7,0x92,0x86,0x82,0x24,0x7a,0xe4,0x79,0x04,0x72,
    0xe4,0x71,0x25,0x7a,0xe5,0x71,0xe4,0x69,0x23,0x51,0xe2,0x38,0x61,0x18,0x40,0x18,0x61,0x20,0xa1,0x28,0x81,0x20,0x41,0x10,
    0x41,0x10,0x82,0x10,0x82,0x18,0x82,0x18,0x81,0x20,0xc3,0x28,0xa5,0x51,0x07,0x5a,0xc6,0x59,0x48,0x6a,0x89,0x6a,0xa9,0x72,
    0x0b,0x83,0x4c,0x83,0x8d,0x8b,0xce,0x93,0x0f,0x9c,0x0f,0xa4,0x0f,0x9c,0xad,0x93,0x2b,0x8b,0x2b,0x83,0x6c,0x8b,0x4c,0x83,
    0x0b,0x83,0xa8,0x7a,0x2b,0x83,0x4c,0x8b,0x6d,0x93,0x2a,0x83,0x8d,0x93,0x0a,0x83,0xe5,0x69,0x26,0x72,0x26,0x72,0x26,0x6a,
    0xa4,0x61,0x86,0x7a,0xa4,0x61,0x63,0x59,0x43,0x59,0x23,0x49,0x84,0x59,0x43,0x49,0x23,0x41,0x44,0x41,0x03,0x39,0x03,0x31,
    0xc2,0x28,0xa2,0x20,0xa2,0x20,0xc2,0x28,0x44,0x41,0x23,0x31,0x64,0x49,0x64,0x41,0x23,0x39,0x44,0x39,0xe3,0x30,0xa2,0x20,
    0xc2,0x20,0xc3,0x28,0xc5,0x49,0xc9,0x7a,0x0a,0x83,0x4a,0x93,0xcd,0x9b,0x0d,0x9c,0x4f,0xac,0x4e,0xac,0x8f,0xb4,0xf1,0xbc,
    0xd0,0xbc,0x6f,0xb4,0xec,0xa3,0x90,0xb4,0x12,0xbd,0xf2,0xbc,0xf2,0xbc,0xf1,0xb4,0xd1,0xb4,0xb1,0xb4,0xd1,0xb4,0xd2,0xac,
    0xb1,0xac,0xd2,0xac,0xb1,0xac,0x90,0xac,0x70,0xa4,0xee,0x9b,0xa6,0x52,0x22,0x22,0xc1,0x21,0x01,0x11,0x40,0x08,0x41,0x08,
    0x81,0x08,0x81,0x10,0x61,0x08,0x61,0x08,0x61,0x08,0x41,0x08,0x20,0x08,0x40,0x08,0x42,0x2a,0x42,0x2a,0x22,0x2a,0x22,0x22,
    0x23,0x2a,0x44,0x32,0xa3,0x29,0xc1,0x10,0xa1,0x10,0xa0,0x10,0xa1,0x10,0xa1,0x10,0x81,0x10,0x61,0x08,0x40,0x08,0x40,0x08,
    0x40,0x08,0x20,0x00,0x21,0x00,0x40,0x08,0xa1,0x08,0xa1,0x10,0x60,0x08,0x61,0x08,0x20,0x08,0x20,0x00,0x40,0x08,0x81,0x08,
    0xc0,0x10,0xe1,0x10,0xe1,0x10,0x41,0x19,0xa2,0x21,0xc2,0x29,0x42,0x19,0xcb,0x93,0x35,0xf6,0x15,0xee,0x15,0xe6,0xf4,0xe5,
    0xd4,0xdd,0xf1,0xc4,0x2d,0xb4,0xf1,0xc4,0x70,0xb4,0x2e,0xac,0x0e,0xac,0xed,0xa3,0x6a,0x9b,0x09,0x93,0xe7,0x92,0x07,0x93,
    0x65,0x82,0xe4,0x71,0x24,0x7a,0x05,0x72,0x04,0x7a,0x45,0x7a,0xc4,0x69,0xa4,0x69,0x02,0x49,0xc2,0x38,0x41,0x18,0x41,0x18,
    0x61,0x20,0xa2,0x28,0x61,0x18,0x61,0x10,0x61,0x10,0x61,0x18,0x82,0x18,0x81,0x20,0xa2,0x20,0xe3,0x30,0xa6,0x51,0xe7,0x59,
    0x07,0x62,0x69,0x6a,0xaa,0x72,0xca,0x7a,0x4c,0x83,0x8d,0x8b,0xce,0x93,0x0f,0x9c,0x30,0xa4,0x2f,0x9c,0x0f,0xa4,0xce,0x9b,
    0x0b,0x83,0xeb,0x82,0x4c,0x83,0x8d,0x8b,0xc9,0x7a,0xa9,0x7a,0x2c,0x83,0x4c,0x83,0x4b,0x8b,0x2b,0x8b,0xee,0x93,0xe9,0x82,
    0xe6,0x69,0x06,0x6a,0x47,0x72,0x26,0x72,0x05,0x6a,0x26,0x7a,0x63,0x59,0x84,0x59,0x23,0x51,0x63,0x51,0x64,0x51,0x84,0x51,
    0x23,0x41,0x64,0x49,0x04,0x39,0xe3,0x30,0xc2,0x28,0xa3,0x28,0xa2,0x20,0xe2,0x30,0x03,0x39,0x03,0x39,0x85,0x49,0x64,0x41,
    0x24,0x39,0x64,0x41,0x03,0x31,0xc2,0x28,0xa2,0x20,0x03,0x31,0xc6,0x51,0xe9,0x7a,0x0a,0x8b,0x4b,0x8b,0xcc,0x9b,0xed,0xa3,
    0x6e,0xac,0x4e,0xac,0xb0,0xb4,0xf1,0xbc,0xd0,0xb4,0x2e,0xb4,0x0d,0xac,0xf2,0xb4,0xf2,0xbc,0x11,0xbd,0x12,0xbd,0xb1,0xb4,
    0x91,0xb4,0x90,0xac,0xd1,0xb4,0xb1,0xac,0xb1,0xb4,0xd1,0xac,0xb1,0xac,0x91,0xa4,0x4f,0x9c,0xce,0x9b,0xe7,0x5a,0x22,0x22,
    0xc1,0x21,0x61,0x19,0xe1,0x10,0xc1,0x08,0x61,0x08,0x61,0x08,0x61,0x08,0x61,0x08,0x40,0x08,0x41,0x08,0x40,0x00,0x41,0x08,
    0x61,0x2a,0x61,0x22,0x21,0x22,0x22,0x22,0x02,0x22,0x03,0x22,0x62,0x19,0x01,0x19,0xe0,0x10,0x80,0x08,0x61,0x08,0x60,0x08,
    0x61,0x08,0x81,0x10,0x61,0x08,0x40,0x08,0x40,0x00,0x41,0x08,0x80,0x08,0xc1,0x10,0xe1,0x18,0xa1,0x10,0x81,0x08,0xa1,0x10,
    0x81,0x08,0x41,0x08,0x40,0x00,0xa1,0x10,0xe0,0x10,0xe1,0x10,0x41,0x19,0x60,0x21,0xe2,0x29,0x61,0x19,0x8a,0x8b,0x56,0xfe,
    0x35,0xee,0x55,0xee,0x36,0xee,0xd5,0xdd,0x52,0xd5,0x6f,0xb4,0xf2,0xc4,0xd1,0xbc,0x4e,0xb4,0x2e,0xac,0x0e,0xac,0xac,0xa3,
    0x29,0x93,0x28,0x9b,0xe7,0x92,0xe7,0x92,0x45,0x7a,0x04,0x7a,0x04,0x7a,0xa3,0x69,0x25,0x7a,0x05,0x72,0xe4,0x69,0x63,0x61,
    0x02,0x41,0xc2,0x30,0x40,0x10,0x60,0x18,0x61,0x20,0x81,0x28,0x41,0x10,0x61,0x10,0x41,0x10,0x82,0x18,0xa2,0x18,0x82,0x18,
    0x82,0x20,0xe2,0x28,0x65,0x49,0xc5,0x51,0x28,0x62,0x89,0x6a,0x68,0x6a,0x2b,0x7b,0x4c,0x83,0xae,0x93,0xef,0x93,0x0e,0x9c,
    0xee,0x9b,0xce,0x9b,0xce,0x9b,0x6c,0x93,0xea,0x82,0x0b,0x83,0x6c,0x8b,0x6c,0x8b,0xa9,0x7a,0xa9,0x7a,0x2b,0x83,0x4c,0x8b,
    0x4b,0x83,0x6c,0x8b,0xee,0x9b,0xc9,0x7a,0x06,0x6a,0x26,0x72,0x47,0x7a,0x46,0x72,0x46,0x72,0xa4,0x61,0x63,0x59,0x63,0x61,
    0x23,0x51,0x84,0x59,0x43,0x49,0x64,0x51,0x23,0x41,0x64,0x41,0x03,0x31,0x03,0x31,0xc2,0x28,0xc2,0x20,0xa2,0x20,0xe3,0x30,
    0x03,0x39,0x24,0x39,0x84,0x49,0x64,0x41,0x24,0x39,0x64,0x49,0x03,0x31,0xe3,0x28,0x82,0x18,0x03,0x39,0xa5,0x51,0xea,0x7a,
    0x4a,0x8b,0x6b,0x93,0xed,0x9b,0x0d,0xa4,0x4e,0xac,0x4f,0xac,0xaf,0xb4,0xf1,0xbc,0xb0,0xb4,0x2d,0xac,0x2e,0xac,0xb0,0xb4,
    0x12,0xbd,0xf2,0xbc,0xf2,0xbc,0xb0,0xb4,0xb0,0xb4,0xb1,0xac,0x90,0xac,0xb1,0xac,0xb1,0xac,0x90,0xac,0x90,0xac,0x90,0xac,
    0x2f,0xa4,0xce,0x9b,0xe9,0x62,0x84,0x3a,0x21,0x22,0xc1,0x21,0xa1,0x21,0x61,0x21,0xa0,0x10,0x41,0x08,0x61,0x10,0x61,0x10,
    0x61,0x08,0x60,0x08,0x41,0x08,0x40,0x08,0x82,0x32,0x42,0x32,0xc2,0x21,0x81,0x19,0x41,0x19,0x41,0x19,0xa2,0x21,0xc2,0x31,
    0x62,0x21,0xe2,0x10,0x80,0x08,0x81,0x08,0x81,0x10,0x81,0x08,0x41,0x08,0x40,0x08,0x41,0x08,0xa1,0x10,0x01,0x19,0x21,0x19,
    0x41,0x19,0xc1,0x10,0xc2,0x08,0xc1,0x10,0xa1,0x08,0x81,0x08,0x60,0x08,0xa0,0x08,0x01,0x19,0x62,0x21,0x81,0x21,0x60,0x19,
    0x00,0x11,0x07,0x6b,0x76,0xf6,0x36,0xee,0x36,0xee,0x56,0xee,0x36,0xe6,0x93,0xdd,0xaf,0xbc,0x52,0xd5,0x12,0xc5,0xb0,0xbc,
    0x6f,0xb4,0x0e,0xac,0x0e,0xac,0xab,0x9b,0x4a,0x9b,0x29,0x93,0xc6,0x92,0xc6,0x92,0x45,0x7a,0x25,0x7a,0xe4,0x71,0x83,0x61,
    0x05,0x7a,0xc4,0x69,0xa4,0x69,0x22,0x51,0x03,0x49,0x82,0x20,0x41,0x10,0x41,0x18,0x81,0x28,0x81,0x20,0x41,0x10,0x61,0x10,
    0x61,0x10,0x82,0x18,0x81,0x18,0x82,0x18,0xa2,0x20,0x81,0x18,0x45,0x41,0xc6,0x51,0x27,0x62,0x48,0x6a,0x68,0x6a,0x2b,0x7b,
    0x2c,0x83,0x8c,0x8b,0x8d,0x8b,0x8d,0x93,0x6c,0x8b,0x4c,0x8b,0x4b,0x8b,0x2b,0x8b,0x2b,0x8b,0x4c,0x8b,0x6c,0x8b,0x4c,0x8b,
    0xa9,0x7a,0x0a,0x83,0xeb,0x82,0x4c,0x8b,0x2a,0x8b,0x4b,0x8b,0x0e,0x9c,0xa9,0x7a,0x46,0x72,0x26,0x72,0x46,0x72,0xa8,0x82,
    0xe4,0x69,0x84,0x61,0x63,0x61,0x43,0x51,0x84,0x59,0x64,0x51,0x43,0x49,0x64,0x51,0x03,0x39,0x64,0x49,0xe3,0x30,0x03,0x31,
    0xc2,0x28,0xc3,0x28,0xa2,0x20,0xc2,0x28,0x23,0x39,0x24,0x39,0x84,0x51,0x64,0x41,0x04,0x39,0x64,0x41,0x24,0x39,0xc2,0x28,
    0x82,0x18,0x03,0x39,0xa6,0x51,0xea,0x7a,0x6b,0x8b,0x6b,0x93,0xcc,0x9b,0x2e,0xa4,0x2e,0xac,0x4e,0xac,0x90,0xb4,0xf1,0xbc,
    0xaf,0xb4,0x2d,0xb4,0x2e,0xac,0xd1,0xbc,0x12,0xbd,0xf2,0xbc,0xd1,0xb4,0xd1,0xb4,0x91,0xac,0x90,0xac,0x90,0xac,0x90,0xac,
    0x70,0xac,0x90,0xac,0x70,0xa4,0x50,0xa4,0x2f,0x9c,0xed,0x9b,0x0b,0x6b,0x88,0x4a,0x43,0x32,0xe1,0x21,0xe1,0x21,0xc1,0x21,
    0x21,0x11,0x81,0x10,0x81,0x08,0x81,0x10,0x61,0x08,0x61,0x08,0x61,0x08,0x81,0x08,0x42,0x19,0x01,0x19,0x84,0x29,0x63,0x21,
    0xa0,0x08,0xc0,0x10,0x42,0x21,0xc2,0x29,0xa3,0x29,0x42,0x29,0xc1,0x10,0x81,0x08,0x81,0x08,0x61,0x08,0x40,0x08,0x61,0x08,
    0xa0,0x08,0xe1,0x10,0x21,0x19,0x83,0x21,0x83,0x21,0x63,0x21,0x43,0x19,0x22,0x19,0x02,0x11,0xc1,0x10,0x80,0x08,0xc1,0x10,
    0x22,0x19,0x82,0x31,0xc1,0x29,0x60,0x19,0x03,0x3a,0x15,0xee,0x76,0xf6,0x76,0xf6,0x97,0xf6,0x56,0xee,0xd4,0xdd,0xd0,0xc4,
    0x53,0xd5,0x53,0xcd,0x11,0xc5,0xd1,0xbc,0xb0,0xb4,0x4f,0xb4,0x0d,0xac,0x8c,0xa3,0x6a,0x9b,0x28,0x9b,0xa6,0x8a,0xa6,0x8a,
    0x45,0x82,0x24,0x7a,0xa3,0x71,0x83,0x61,0x25,0x7a,0xc4,0x69,0xa3,0x61,0x02,0x49,0x23,0x49,0x81,0x20,0x40,0x10,0x61,0x20,
    0xa1,0x20,0x61,0x18,0x41,0x10,0x41,0x10,0x61,0x10,0x82,0x18,0x82,0x18,0x82,0x20,0x82,0x18,0x61,0x20,0x44,0x41,0xe7,0x59,
    0x27,0x62,0x27,0x62,0x89,0x72,0xea,0x7a,0x2b,0x83,0x4c,0x8b,0x6b,0x83,0x6c,0x8b,0x4c,0x8b,0x4c,0x8b,0x2b,0x8b,0x4c,0x8b,
    0x6d,0x93,0x8d,0x93,0xad,0x93,0x6c,0x8b,0x0a,0x83,0x4c,0x8b,0x4b,0x8b,0x4b,0x83,0x0a,0x8b,0x4c,0x93,0xee,0x9b,0xa8,0x82,
    0x87,0x7a,0x06,0x72,0x87,0x7a,0x26,0x72,0xa4,0x61,0x63,0x59,0x84,0x59,0x23,0x49,0xc4,0x61,0x23,0x49,0x43,0x51,0x84,0x51,
    0x23,0x41,0x64,0x49,0x03,0x31,0x23,0x39,0xc3,0x28,0xe3,0x28,0xa2,0x28,0xc2,0x28,0x24,0x39,0x23,0x39,0xa5,0x51,0x44,0x41,
    0x24,0x39,0x64,0x41,0x24,0x39,0xe2,0x28,0x82,0x18,0xe3,0x30,0xc5,0x51,0x2a,0x83,0x8b,0x93,0x8c,0x93,0xcc,0x9b,0x2e,0xa4,
    0x4e,0xac,0x4e,0xac,0xd0,0xb4,0x11,0xbd,0x8f,0xb4,0x0d,0xac,0x6f,0xac,0xf1,0xb4,0x11,0xbd,0xd1,0xb4,0xd1,0xbc,0xd1,0xb4,
    0x90,0xac,0x90,0xac,0x91,0xac,0x90,0xac,0x4f,0xac,0x50,0xa4,0x6f,0xac,0x4f,0xa4,0x0f,0x9c,0xcd,0x9b,0xeb,0x6a,0xaa,0x52,
    0x26,0x3a,0xc1,0x21,0xc1,0x21,0xa1,0x21,0x61,0x19,0xa1,0x10,0x82,0x08,0x61,0x08,0x61,0x08,0x61,0x08,0x81,0x10,0xe2,0x10,
    0x40,0x08,0x81,0x08,0x27,0x42,0xca,0x5a,0x01,0x09,0xa0,0x08,0xe1,0x10,0xe1,0x18,0x01,0x11,0xe2,0x18,0xa1,0x08,0x81,0x08,
    0x81,0x08,0x40,0x08,0x81,0x08,0xc1,0x10,0x21,0x19,0x21,0x19,0x22,0x11,0x63,0x19,0x83,0x19,0x83,0x19,0x63,0x19,0x42,0x19,
    0x02,0x11,0x01,0x11,0xc1,0x08,0xe0,0x18,0x01,0x19,0x61,0x19,0x44,0x3a,0xc1,0x29,0x8d,0xac,0xd8,0xfe,0x76,0xee,0xb7,0xf6,
    0x77,0xf6,0x14,0xe6,0xf1,0xcc,0x93,0xd5,0x94,0xd5,0x32,0xcd,0x11,0xc5,0xd0,0xbc,0x90,0xb4,0x2e,0xb4,0x0d,0xac,0x8b,0x9b,
    0x6a,0x9b,0x49,0x9b,0xe6,0x92,0x85,0x8a,0x04,0x7a,0x04,0x72,0x83,0x69,0xa3,0x69,0x25,0x7a,0xa3,0x69,0x43,0x59,0xe2,0x48,
    0x03,0x39,0x61,0x18,0x41,0x18,0x61,0x20,0x81,0x28,0x61,0x10,0x41,0x10,0x61,0x10,0x61,0x10,0x82,0x20,0x82,0x18,0x82,0x18,
    0x81,0x20,0x81,0x18,0x24,0x39,0xc6,0x51,0x28,0x62,0x27,0x62,0x89,0x7a,0x0b,0x7b,0x4b,0x83,0x6c,0x8b,0x6c,0x8b,0x8c,0x8b,
    0x8d,0x93,0xad,0x93,0x8d,0x93,0xce,0x93,0xce,0x93,0xae,0x93,0xce,0x9b,0x8c,0x93,0x4b,0x8b,0xad,0x93,0x8d,0x93,0x4c,0x93,
    0xe9,0x82,0x6c,0x93,0xed,0x9b,0xa8,0x7a,0x67,0x7a,0x46,0x72,0x66,0x7a,0x06,0x6a,0xa4,0x61,0x63,0x59,0x63,0x59,0x43,0x51,
    0xc4,0x61,0xe2,0x38,0x23,0x49,0x85,0x51,0x24,0x41,0x64,0x41,0x03,0x39,0x03,0x31,0xe3,0x30,0xe2,0x28,0xc2,0x28,0xe3,0x30,
    0x03,0x39,0x03,0x39,0xa5,0x49,0x44,0x41,0x43,0x39,0x65,0x41,0x44,0x41,0xe3,0x30,0xa2,0x20,0x23,0x39,0x85,0x51,0x2a,0x83,
    0xac,0x93,0xac,0x9b,0xcc,0x9b,0x2e,0xa4,0x2e,0xa4,0x6e,0xac,0xd1,0xb4,0x11,0xbd,0x4e,0xac,0x0d,0xac,0x6e,0xac,0xd1,0xb4,
    0x12,0xbd,0xf1,0xb4,0xd1,0xb4,0xd0,0xac,0x90,0xb4,0x90,0xac,0x90,0xac,0x70,0xac,0x70,0xac,0x90,0xa4,0x70,0xac,0x2f,0xa4,
    0x0e,0x9c,0xcd,0x93,0x0b,0x6b,0xaa,0x52,0xe7,0x39,0x81,0x21,0xa1,0x19,0xa1,0x19,0x61,0x21,0xe1,0x10,0x61,0x10,0x61,0x08,
    0x40,0x08,0x61,0x08,0xc1,0x10,0xe1,0x10,0x61,0x08,0x60,0x08,0x07,0x3a,0x8e,0x7b,0x47,0x3a,0xa0,0x08,0xa0,0x10,0xa0,0x08,
    0xa0,0x08,0x80,0x08,0x80,0x08,0x60,0x08,0x60,0x08,0x81,0x08,0xc1,0x10,0x21,0x11,0x82,0x21,0xc3,0x29,0x83,0x21,0x62,0x11,
    0x42,0x19,0x42,0x19,0x21,0x11,0x01,0x11,0xe1,0x08,0xe0,0x10,0xc0,0x08,0xc1,0x08,0xc0,0x10,0x82,0x21,0xc6,0x52,0xc6,0x5a,
    0x55,0xf6,0xb7,0xf6,0x97,0xfe,0x97,0xf6,0x56,0xee,0x31,0xcd,0x73,0xd5,0xd4,0xdd,0x52,0xd5,0x53,0xcd,0x11,0xc5,0xb1,0xc4,
    0x8f,0xb4,0x0e,0xac,0x0d,0xac,0xab,0x9b,0x4a,0x9b,0x28,0x9b,0xe7,0x92,0x65,0x82,0x04,0x7a,0xe4,0x71,0x83,0x69,0xc4,0x71,
    0x24,0x7a,0x63,0x61,0x22,0x51,0x02,0x49,0xe2,0x38,0x41,0x10,0x41,0x18,0x60,0x20,0x81,0x20,0x41,0x10,0x61,0x10,0x61,0x10,
    0x61,0x18,0xa2,0x18,0x81,0x18,0xa2,0x18,0x82,0x18,0x61,0x20,0x04,0x39,0xe6,0x59,0x27,0x62,0x89,0x72,0x0a,0x7b,0x2c,0x83,
    0x8d,0x8b,0xad,0x8b,0xce,0x93,0xce,0x93,0xee,0x9b,0x0f,0x94,0xef,0x9b,0x0f,0x9c,0xef,0x9b,0xee,0x9b,0xee,0x9b,0x6c,0x8b,
    0x6c,0x93,0xce,0x9b,0xcd,0x9b,0x8c,0x93,0x0a,0x8b,0x6c,0x93,0xcd,0x9b,0x88,0x7a,0xc8,0x82,0xa8,0x82,0x87,0x7a,0xe5,0x69,
    0x83,0x61,0xa4,0x61,0x43,0x51,0xa4,0x59,0x84,0x59,0xa2,0x38,0x23,0x49,0x84,0x51,0x23,0x39,0x64,0x49,0x04,0x31,0x23,0x39,
    0xe3,0x30,0xc3,0x20,0xc3,0x28,0x03,0x31,0x23,0x41,0xe2,0x30,0xa5,0x51,0x44,0x41,0x24,0x31,0x64,0x41,0x44,0x41,0x03,0x31,
    0xe3,0x28,0x23,0x41,0x85,0x49,0x0a,0x83,0xac,0x9b,0xcc,0x9b,0xcc,0x9b,0x0d,0xa4,0x2e,0xac,0x8f,0xac,0xf0,0xbc,0x11,0xbd,
    0x2d,0xac,0x4e,0xac,0x8f,0xb4,0xd1,0xb4,0x11,0xb5,0xf2,0xb4,0xd1,0xb4,0xb1,0xb4,0xb1,0xac,0x90,0xb4,0x90,0xac,0x90,0xac,
    0x70,0xac,0x70,0xac,0x4f,0xa4,0x4f,0xa4,0x0e,0x9c,0xcd,0x93,0xca,0x6a,0x69,0x4a,0xa6,0x31,0x02,0x11,0x40,0x19,0x60,0x19,
    0x61,0x19,0x01,0x11,0xa1,0x10,0x61,0x08,0x81,0x10,0xc0,0x10,0x01,0x11,0x21,0x11,0x61,0x08,0x80,0x08,0x43,0x21,0x0b,0x63,
    0xc9,0x52,0x02,0x11,0xa0,0x08,0xa1,0x08,0xa1,0x08,0x80,0x08,0x81,0x08,0x60,0x08,0x81,0x08,0xa0,0x10,0xa1,0x08,0xc0,0x10,
    0x21,0x11,0x83,0x21,0x82,0x21,0x62,0x19,0x21,0x11,0x01,0x09,0x01,0x11,0xe0,0x10,0x00,0x11,0xe1,0x08,0xa0,0x08,0xa0,0x08,
    0xc1,0x08,0x82,0x21,0x04,0x3a,0x4c,0x9c,0xd8,0xfe,0x96,0xf6,0x97,0xf6,0x76,0xee,0x93,0xdd,0x72,0xd5,0x15,0xe6,0x73,0xd5,
    0x53,0xcd,0x52,0xcd,0xf1,0xc4,0xb0,0xbc,0x90,0xb4,0x2d,0xac,0xec,0xab,0xac,0xa3,0x6a,0x9b,0x28,0x9b,0xe7,0x92,0x45,0x82,
    0x04,0x7a,0xe3,0x71,0xa3,0x69,0x25,0x7a,0xe4,0x71,0x63,0x59,0x02,0x51,0x23,0x49,0xa2,0x28,0x61,0x18,0x41,0x18,0x61,0x20,
    0x81,0x20,0x41,0x08,0x61,0x10,0x41,0x10,0x82,0x18,0xa2,0x20,0x82,0x18,0x81,0x18,0x82,0x18,0x82,0x20,0xc2,0x30,0xe6,0x51,
    0x48,0x62,0xca,0x7a,0x2b,0x7b,0x6c,0x8b,0xce,0x93,0xce,0x93,0xef,0x93,0xef,0x9b,0x2f,0x9c,0x30,0x9c,0x2f,0x9c,0x10,0x9c,
    0x2f,0xa4,0x0f,0x9c,0x0f,0x9c,0x8d,0x93,0x8c,0x93,0xee,0x9b,0x0f,0x9c,0x8d,0x93,0x2a,0x8b,0x6c,0x93,0xad,0x93,0xa8,0x82,
    0xe9,0x8a,0x66,0x7a,0x67,0x7a,0xc5,0x61,0x83,0x61,0xc4,0x61,0x03,0x49,0xe5,0x69,0x23,0x49,0xc2,0x30,0x23,0x49,0x65,0x49,
    0x23,0x41,0x64,0x41,0x23,0x39,0x44,0x39,0xe3,0x28,0xc3,0x28,0xe2,0x30,0xe3,0x30,0x44,0x41,0xe3,0x30,0xa5,0x49,0x64,0x41,
    0x03,0x39,0x64,0x41,0x64,0x41,0x03,0x31,0x23,0x31,0x44,0x41,0x44,0x49,0x09,0x83,0xcd,0x9b,0xec,0x9b,0xac,0x9b,0x2e,0xa4,
    0x4e,0xac,0x8f,0xb4,0xf1,0xbc,0xf1,0xbc,0x2d,0xac,0x6f,0xb4,0xb0,0xb4,0xd1,0xb4,0xf2,0xb4,0x12,0xbd,0xf1,0xb4,0xd1,0xb4,
    0x90,0xb4,0x91,0xac,0x90,0xac,0x90,0xac,0x70,0xac,0x70,0xa4,0x4f,0xa4,0x4f,0xa4,0x0e,0x9c,0xed,0x9b,0x07,0x4a,0x23,0x19,
    0x02,0x19,0xa1,0x10,0xc1,0x10,0xc1,0x08,0x21,0x19,0x41,0x19,0x62,0x21,0x21,0x11,0x20,0x11,0x41,0x11,0x41,0x11,0x62,0x19,
    0x81,0x10,0xc1,0x10,0x01,0x11,0xc3,0x21,0xa3,0x21,0x01,0x11,0xc1,0x08,0xe0,0x10,0xc1,0x08,0xa0,0x08,0xa0,0x08,0xa1,0x08,
    0x01,0x11,0xe0,0x10,0x80,0x08,0x60,0x08,0xe2,0x10,0x63,0x19,0x62,0x19,0x61,0x11,0x21,0x11,0x20,0x11,0x21,0x11,0x21,0x11,
    0x01,0x11,0xc1,0x08,0xa0,0x08,0xc1,0x10,0x00,0x11,0x21,0x11,0x62,0x21,0x71,0xd5,0xb7,0xfe,0x97,0xf6,0x96,0xf6,0xf5,0xe5,
    0x72,0xd5,0xf5,0xe5,0xd4,0xdd,0x73,0xd5,0x52,0xcd,0x32,0xcd,0xf0,0xbc,0xb0,0xbc,0x6f,0xb4,0x2d,0xac,0xac,0xa3,0xac,0xa3,
    0x6a,0x9b,0x08,0x9b,0x07,0x93,0x24,0x82,0xe4,0x71,0xe4,0x71,0xe4,0x71,0x04,0x7a,0xc4,0x69,0x83,0x61,0xe2,0x48,0x22,0x49,
    0xa2,0x28,0x41,0x18,0x40,0x10,0x81,0x20,0x61,0x18,0x41,0x10,0x61,0x10,0x41,0x10,0x61,0x10,0xa2,0x20,0x82,0x18,0x82,0x20,
    0x81,0x18,0x82,0x18,0xc2,0x30,0xc6,0x51,0x68,0x6a,0xea,0x7a,0x2c,0x83,0x8d,0x8b,0xee,0x93,0x0f,0x9c,0xad,0x93,0xee,0x9b,
    0x50,0xa4,0x50,0x9c,0x30,0xa4,0x50,0xa4,0x30,0x9c,0x0f,0x9c,0xee,0x9b,0x8c,0x93,0xae,0x93,0xee,0x9b,0x0f,0x9c,0x8c,0x93,
    0x2b,0x8b,0x6b,0x93,0x8c,0x93,0x09,0x8b,0x08,0x8b,0x47,0x72,0x26,0x72,0xa4,0x61,0xa4,0x69,0x63,0x59,0x43,0x49,0x05,0x72,
    0xe2,0x40,0xc2,0x30,0x43,0x49,0x64,0x49,0x44,0x41,0x44,0x41,0x04,0x39,0x44,0x39,0xc2,0x28,0xe3,0x28,0xe3,0x28,0x02,0x31,
    0x44,0x41,0xe2,0x30,0x85,0x51,0x85,0x49,0x03,0x39,0x65,0x41,0x64,0x49,0xe3,0x30,0x24,0x39,0x44,0x41,0x44,0x49,0xc9,0x7a,
    0xed,0x9b,0xed,0xa3,0xab,0x9b,0x2e,0xa4,0x4e,0xac,0xd0,0xb4,0xf1,0xbc,0xaf,0xb4,0x2d,0xac,0xb0,0xb4,0xb0,0xb4,0xd0,0xb4,
    0x12,0xbd,0xf1,0xbc,0xb0,0xb4,0xb1,0xb4,0xb1,0xb4,0x90,0xac,0x90,0xac,0x70,0xac,0x70,0xa4,0x6f,0xac,0x4f,0xa4,0x2f,0xa4,
    0x0e,0x9c,0xce,0x93,0xc4,0x39,0xa0,0x08,0xa1,0x10,0xa1,0x08,0xa0,0x08,0xc0,0x10,0x40,0x11,0xa1,0x19,0x41,0x32,0x42,0x32,
    0xc1,0x19,0x81,0x19,0x41,0x19,0x21,0x11,0x62,0x21,0x61,0x21,0x62,0x21,0x42,0x19,0x01,0x09,0xe1,0x10,0xe0,0x10,0xc1,0x08,
    0xc0,0x10,0xc1,0x08,0xc1,0x10,0xe0,0x10,0x21,0x19,0xc1,0x10,0xc0,0x10,0xc1,0x10,0x22,0x19,0x83,0x19,0x62,0x19,0x21,0x11,
    0xe0,0x10,0x01,0x11,0x41,0x11,0x21,0x19,0xe1,0x10,0xa1,0x08,0x80,0x08,0x01,0x11,0x21,0x19,0x00,0x09,0x44,0x4a,0x55,0xf6,
    0x96,0xfe,0xb7,0xf6,0x55,0xee,0x72,0xdd,0x15,0xe6,0xf4,0xe5,0xb4,0xdd,0x52,0xcd,0x31,0xcd,0x11,0xc5,0xd1,0xbc,0x90,0xb4,
    0x4e,0xb4,0xec,0xa3,0xcc,0xa3,0xac,0xa3,0x49,0x9b,0x07,0x93,0xe7,0x92,0x24,0x7a,0xe4,0x79,0x24,0x7a,0xc4,0x69,0x04,0x7a,
    0xc4,0x69,0x63,0x59,0xe2,0x48,0x03,0x41,0x40,0x18,0x41,0x10,0x41,0x18,0x81,0x20,0x61,0x18,0x41,0x08,0x61,0x10,0x61,0x10,
    0x81,0x18,0xa2,0x20,0x82,0x18,0x82,0x20,0x61,0x18,0x61,0x18,0xe3,0x30,0x85,0x49,0x48,0x6a,0x0b,0x7b,0x6d,0x8b,0xae,0x93,
    0xee,0x93,0x0f,0x9c,0x0f,0x9c,0x0f,0x9c,0x50,0xa4,0x70,0xa4,0x50,0x9c,0x30,0xa4,0x2f,0x9c,0x0f,0xa4,0x0f,0x9c,0x6c,0x93,
    0xce,0x9b,0x0e,0x9c,0xee,0xa3,0x6c,0x93,0x2a,0x93,0x8c,0x93,0x6c,0x93,0x09,0x8b,0x09,0x8b,0x67,0x7a,0x06,0x6a,0xc4,0x69,
    0xc4,0x69,0x23,0x49,0x84,0x59,0xc4,0x61,0xe2,0x38,0xc2,0x30,0x43,0x49,0x44,0x49,0x23,0x39,0x64,0x41,0x23,0x39,0x03,0x39,
    0xc2,0x28,0x03,0x31,0xe3,0x28,0xe3,0x30,0x64,0x41,0xe3,0x38,0x64,0x49,0xc5,0x51,0x03,0x31,0x44,0x41,0x84,0x49,0x03,0x31,
    0x03,0x39,0x44,0x41,0x44,0x49,0xa8,0x72,0x0e,0xa4,0xcc,0x9b,0xcd,0x9b,0x2d,0xac,0x6e,0xac,0xd0,0xb4,0xf1,0xbc,0x6e,0xb4,
    0x2d,0xac,0xb0,0xb4,0xb0,0xb4,0xf1,0xbc,0xf1,0xb4,0xf1,0xb4,0xd1,0xb4,0xb0,0xb4,0xd1,0xb4,0x90,0xb4,0x70,0xac,0x70,0xac,
    0x70,0xac,0x70,0xa4,0x4f,0xa4,0x4f,0xa4,0x0e,0x9c,0xcd,0x93,0xc5,0x39,0xa0,0x08,0xc1,0x08,0xa0,0x10,0xa1,0x08,0x01,0x11,
    0xc0,0x19,0xe0,0x21,0x42,0x32,0x21,0x2a,0xe0,0x21,0xe0,0x21,0x80,0x19,0x21,0x11,0xe3,0x29,0xc2,0x21,0xc3,0x19,0x63,0x19,
    0x42,0x19,0x01,0x11,0x00,0x09,0xe0,0x10,0xe1,0x08,0xe0,0x10,0xc0,0x08,0x21,0x11,0x20,0x11,0x01,0x11,0xc0,0x08,0x21,0x11,
    0x21,0x19,0xe1,0x10,0xc1,0x10,0xa0,0x08,0xc1,0x08,0xc1,0x10,0xe1,0x10,0xc1,0x08,0x80,0x08,0x61,0x08,0xa1,0x08,0x01,0x11,
    0x41,0x19,0x00,0x09,0x48,0x7b,0xb7,0xfe,0x96,0xf6,0x97,0xf6,0xf4,0xe5,0xd3,0xdd,0x35,0xee,0xd4,0xdd,0x93,0xd5,0x32,0xcd,
    0x11,0xc5,0xd0,0xbc,0xb0,0xbc,0x2e,0xac,0x2d,0xac,0xcd,0xab,0xec,0xa3,0xac,0x9b,0x6a,0x9b,0x08,0x9b,0x07,0x93,0x25,0x82,
    0xe4,0x71,0xe4,0x71,0xe4,0x71,0x45,0x82,0xa4,0x61,0x62,0x59,0xe2,0x48,0xe2,0x38,0x41,0x10,0x40,0x10,0x41,0x18,0xa1,0x28,
    0x61,0x10,0x41,0x10,0x61,0x18,0x41,0x08,0x82,0x18,0xa2,0x20,0x82,0x18,0xa2,0x20,0x61,0x18,0x82,0x20,0xc2,0x28,0x65,0x49,
    0x69,0x6a,0x0a,0x7b,0x4c,0x83,0xce,0x93,0xee,0x93,0xef,0x9b,0x2f,0x9c,0x50,0x9c,0x50,0xa4,0x50,0xa4,0x51,0xa4,0x2f,0xa4,
    0x30,0xa4,0x30,0xa4,0x0f,0xa4,0x6c,0x93,0xee,0x9b,0x0f,0x9c,0xce,0x9b,0xad,0x93,0x4b,0x93,0x8c,0x93,0x6b,0x93,0x2a,0x93,
    0xe9,0x8a,0x67,0x72,0xe5,0x69,0xc4,0x61,0xa4,0x61,0x03,0x49,0x05,0x6a,0x64,0x59,0xc2,0x30,0xe2,0x38,0x23,0x41,0x44,0x41,
    0x23,0x39,0x65,0x49,0x24,0x39,0x03,0x31,0xc3,0x28,0x03,0x31,0xe3,0x30,0xe3,0x30,0x44,0x49,0x03,0x31,0x44,0x41,0xa5,0x51,
    0x23,0x39,0x24,0x39,0x85,0x49,0x03,0x31,0x24,0x39,0x43,0x41,0x44,0x49,0x27,0x6a,0xed,0x9b,0xac,0x9b,0xed,0xa3,0x0d,0xa4,
    0x90,0xb4,0xb0,0xb4,0xf1,0xbc,0x2d,0xac,0x6e,0xb4,0xb0,0xbc,0xb0,0xb4,0xd1,0xbc,0xf1,0xb4,0xf1,0xbc,0xd1,0xb4,0xd1,0xb4,
    0xb1,0xb4,0xb1,0xac,0x90,0xac,0x70,0xac,0x70,0xac,0x6f,0xa4,0x4f,0xa4,0x2f,0xa4,0x0e,0x94,0xcd,0x93,0x27,0x4a,0x21,0x19,
    0x01,0x09,0xc0,0x08,0xa0,0x08,0x01,0x11,0xa1,0x21,0xc1,0x21,0xc0,0x19,0xe0,0x21,0x21,0x22,0x40,0x22,0xc1,0x19,0xe1,0x10,
    0xa2,0x21,0xe3,0x29,0xa3,0x21,0x61,0x19,0x21,0x11,0x01,0x11,0xe1,0x10,0x01,0x11,0x21,0x11,0x00,0x11,0xc0,0x10,0x00,0x11,
    0x41,0x19,0x21,0x19,0xe1,0x10,0x00,0x19,0x01,0x11,0x80,0x08,0x80,0x08,0xc1,0x10,0xc1,0x10,0xc0,0x10,0xa1,0x10,0x81,0x08,
    0x40,0x08,0x40,0x08,0xc1,0x10,0x01,0x11,0x21,0x11,0xe0,0x10,0x0c,0x9c,0xd7,0xfe,0x76,0xf6,0x75,0xf6,0xd3,0xdd,0x15,0xe6,
    0x15,0xe6,0xb3,0xd5,0x92,0xd5,0x11,0xcd,0xf0,0xc4,0xb0,0xb4,0x6f,0xb4,0x4e,0xac,0x2d,0xac,0x0d,0xac,0xac,0xa3,0xab,0xa3,
    0x6a,0x9b,0xe7,0x92,0xe7,0x92,0x24,0x7a,0x25,0x7a,0xe4,0x71,0xe4,0x71,0x24,0x7a,0xc4,0x69,0x43,0x59,0xe2,0x40,0xc1,0x30,
    0x41,0x10,0x41,0x10,0x41,0x18,0xa1,0x28,0x61,0x10,0x41,0x10,0x81,0x18,0x41,0x10,0x82,0x18,0xc2,0x20,0x81,0x18,0x82,0x20,
    0x61,0x18,0xa2,0x20,0xc2,0x28,0x44,0x41,0xa9,0x72,0x2c,0x83,0x6d,0x8b,0xad,0x93,0xee,0x9b,0x0f,0x9c,0x2f,0x9c,0x30,0xa4,
    0x50,0xa4,0x50,0xa4,0x50,0x9c,0x50,0xa4,0x50,0xa4,0x2f,0xa4,0x2f,0xa4,0x8c,0x93,0x0e,0x9c,0x0f,0xa4,0xee,0x9b,0x8d,0x9b,
    0x4b,0x93,0xac,0x9b,0x6c,0x93,0x2a,0x8b,0xa8,0x82,0x46,0x7a,0xe5,0x69,0xa4,0x69,0x63,0x59,0x84,0x51,0x25,0x72,0x43,0x51,
    0xc2,0x38,0xe2,0x38,0x03,0x41,0x44,0x49,0x03,0x39,0x84,0x49,0x03,0x39,0x03,0x31,0xe3,0x30,0x03,0x31,0xc2,0x28,0xe3,0x30,
    0x64,0x49,0x23,0x39,0x44,0x41,0xc5,0x51,0x04,0x39,0x23,0x39,0x84,0x49,0x03,0x31,0x44,0x41,0x44,0x49,0x44,0x49,0xe6,0x61,
    0x6a,0x93,0x8b,0x9b,0xcc,0x9b,0x0d,0xa4,0xaf,0xb4,0xd0,0xb4,0xf0,0xbc,0x4e,0xb4,0x8f,0xb4,0xaf,0xb4,0xb0,0xb4,0xf1,0xbc,
    0xf1,0xbc,0xf1,0xb4,0xf1,0xb4,0xd1,0xb4,0xb1,0xb4,0xb1,0xac,0x90,0xac,0x70,0xac,0x6f,0xa4,0x70,0xac,0x4f,0xa4,0x2f,0xa4,
    0x0e,0x9c,0xad,0x93,0xaa,0x5a,0x46,0x42,0xa3,0x29,0x22,0x11,0x01,0x11,0x01,0x19,0x21,0x19,0x61,0x19,0xc1,0x21,0xe0,0x21,
    0x61,0x22,0x81,0x32,0x61,0x19,0x42,0x19,0x62,0x19,0x82,0x21,0x21,0x19,0xe1,0x10,0xc1,0x08,0xc0,0x08,0x01,0x19,0x41,0x19,
    0xc2,0x31,0xa2,0x29,0xe1,0x10,0xe0,0x10,0x21,0x19,0x01,0x11,0xc0,0x10,0xe1,0x10,0x01,0x11,0xa1,0x10,0xa1,0x10,0x01,0x19,
    0x01,0x19,0xc1,0x10,0xa1,0x08,0x80,0x10,0x61,0x08,0x81,0x08,0xa1,0x10,0x22,0x19,0x62,0x21,0x42,0x19,0xef,0xbc,0xb6,0xfe,
    0x76,0xee,0x76,0xee,0xb3,0xe5,0x55,0xee,0xf4,0xdd,0x93,0xdd,0x72,0xcd,0x11,0xcd,0xf0,0xbc,0x6f,0xb4,0x4e,0xac,0x4e,0xb4,
    0x2d,0xac,0x0d,0xac,0xcb,0xa3,0x8b,0x9b,0x49,0x9b,0xe7,0x92,0xc6,0x8a,0x24,0x7a,0x45,0x82,0xc3,0x69,0x05,0x7a,0x04,0x72,
    0xc4,0x69,0x22,0x51,0xe2,0x40,0x81,0x28,0x41,0x18,0x40,0x10,0x61,0x20,0xa2,0x20,0x61,0x10,0x41,0x10,0x61,0x10,0x61,0x10,
    0x82,0x18,0xc2,0x28,0x82,0x18,0x82,0x20,0x82,0x18,0xa2,0x20,0x82,0x20,0x44,0x41,0xaa,0x6a,0x6c,0x83,0xce,0x93,0xce,0x93,
    0xee,0x93,0x0f,0xa4,0x4f,0x9c,0x50,0xa4,0x50,0xa4,0x50,0xa4,0x0f,0xa4,0x50,0xa4,0x70,0xac,0x2f,0xa4,0x2f,0xa4,0xce,0x9b,
    0x0e,0xa4,0x0f,0x9c,0x2f,0xa4,0x8c,0x93,0x8c,0x93,0xac,0x9b,0xad,0x9b,0x8c,0x9b,0x67,0x7a,0x46,0x72,0xe5,0x69,0xc4,0x61,
    0x23,0x49,0xc4,0x61,0xe5,0x69,0x02,0x49,0xc2,0x38,0x03,0x39,0x03,0x39,0x43,0x41,0x24,0x39,0x64,0x49,0x24,0x39,0xe3,0x30,
    0xe3,0x30,0x03,0x31,0xe2,0x30,0xe3,0x30,0x84,0x49,0x23,0x41,0x24,0x39,0xe6,0x59,0x44,0x41,0x03,0x31,0x64,0x49,0x24,0x39,
    0x44,0x39,0x64,0x49,0x43,0x49,0xa5,0x51,0xea,0x8a,0xac,0x9b,0x8b,0x9b,0x2e,0xa4,0xb0,0xb4,0xd0,0xb4,0xb0,0xb4,0x2d,0xac,
    0xaf,0xbc,0xb0,0xb4,0xd0,0xb4,0xf1,0xb4,0xf1,0xb4,0xf1,0xbc,0xd2,0xb4,0xd1,0xb4,0xb0,0xb4,0x90,0xac,0x90,0xac,0x70,0xac,
    0x6f,0xac,0x70,0xa4,0x4f,0xa4,0x2f,0x9c,0x0e,0x9c,0xac,0x93,0xca,0x62,0xca,0x52,0x88,0x52,0xc6,0x39,0xa4,0x29,0x22,0x21,
    0xe1,0x10,0xe1,0x10,0x81,0x19,0xe1,0x21,0x82,0x2a,0xa3,0x32,0x21,0x11,0xa3,0x29,0xc1,0x10,0xa1,0x08,0x22,0x19,0xc3,0x21,
    0x25,0x32,0x04,0x32,0xe3,0x29,0xc1,0x29,0x03,0x3a,0x63,0x42,0x61,0x19,0xe1,0x08,0x01,0x19,0x21,0x19,0xe0,0x10,0xc1,0x10,
    0xe0,0x18,0xc0,0x08,0xa1,0x10,0xc1,0x10,0xa1,0x10,0xa1,0x10,0xe2,0x18,0xe2,0x18,0x81,0x10,0xc1,0x10,0xc1,0x10,0x02,0x19,
    0xa3,0x21,0xc4,0x31,0x71,0xd5,0xd7,0xfe,0x76,0xf6,0x55,0xee,0xf3,0xe5,0x56,0xe6,0xd4,0xdd,0xb3,0xdd,0x52,0xcd,0x11,0xc5,
    0xaf,0xbc,0x6e,0xb4,0x4e,0xac,0x6e,0xac,0x2e,0xac,0x0d,0xac,0xec,0xab,0xab,0xa3,0x29,0x93,0xe7,0x92,0xa6,0x8a,0x04,0x7a,
    0x45,0x7a,0x83,0x69,0x45,0x7a,0xe4,0x71,0xc4,0x69,0x02,0x49,0xc2,0x40,0x61,0x20,0x41,0x10,0x41,0x10,0x81,0x20,0x82,0x28,
    0x61,0x10,0x41,0x08,0x61,0x10,0x41,0x10,0xa2,0x20,0xa2,0x20,0x61,0x18,0x82,0x18,0x81,0x20,0xa2,0x20,0x81,0x20,0x24,0x41,
    0xa9,0x6a,0x4c,0x83,0xce,0x93,0xee,0x9b,0x0f,0x9c,0x2f,0x9c,0x2f,0x9c,0x50,0xa4,0x50,0xa4,0x4f,0xa4,0x50,0xa4,0x90,0xac,
    0x71,0xa4,0x2f,0xa4,0x4f,0xa4,0xad,0x9b,0x2f,0xa4,0x2f,0xa4,0x0f,0xa4,0xcd,0x9b,0x8c,0x9b,0xee,0x9b,0x8c,0x9b,0x8c,0x93,
    0x66,0x7a,0x26,0x7a,0x05,0x6a,0x83,0x61,0x23,0x49,0x05,0x6a,0xa4,0x61,0x03,0x41,0xe2,0x40,0xe2,0x38,0x03,0x39,0x24,0x41,
    0x23,0x39,0x64,0x49,0x03,0x31,0x03,0x31,0x03,0x31,0x03,0x39,0xe3,0x30,0xe3,0x30,0x64,0x49,0x24,0x41,0x23,0x39,0xc5,0x59,
    0x64,0x49,0xe3,0x30,0x44,0x41,0x44,0x39,0x23,0x39,0x44,0x41,0x44,0x49,0xa4,0x59,0xc9,0x7a,0xac,0x93,0x8b,0x9b,0x2d,0xa4,
    0x8f,0xb4,0xf0,0xbc,0x8f,0xb4,0x4e,0xac,0xaf,0xb4,0xd0,0xb4,0xd0,0xbc,0xd1,0xb4,0xd1,0xbc,0xf1,0xb4,0xd1,0xbc,0xb1,0xb4,
    0xd1,0xb4,0xb1,0xb4,0x70,0xac,0x6f,0xa4,0x50,0xa4,0x4f,0xa4,0x4f,0xa4,0x0e,0x9c,0xee,0x9b,0x8d,0x8b,0xca,0x62,0xaa,0x52,
    0xa9,0x52,0x67,0x42,0x05,0x3a,0x83,0x29,0x22,0x19,0xa1,0x10,0xe1,0x08,0xc2,0x21,0xa3,0x3a,0x03,0x2a,0xe1,0x10,0xe2,0x10,
    0x81,0x08,0x22,0x19,0x67,0x42,0x08,0x5b,0x8a,0x6b,0x8a,0x6b,0x85,0x42,0x82,0x21,0x42,0x19,0x64,0x42,0xc3,0x29,0x00,0x11,
    0x81,0x21,0xc2,0x29,0x41,0x21,0x01,0x19,0xe1,0x10,0xa1,0x10,0x80,0x08,0x61,0x08,0x40,0x08,0x82,0x10,0xe3,0x18,0x03,0x21,
    0x42,0x21,0xa2,0x21,0x01,0x19,0xe2,0x18,0x22,0x19,0xa4,0x39,0xf3,0xe5,0x96,0xfe,0x96,0xf6,0x14,0xe6,0xf4,0xe5,0x35,0xe6,
    0xd3,0xdd,0xb3,0xd5,0x52,0xcd,0x10,0xc5,0xaf,0xbc,0x6f,0xb4,0x6e,0xb4,0x2d,0xac,0x2d,0xac,0x0d,0xac,0xcb,0xab,0xcc,0xa3,
    0x69,0x9b,0xe7,0x92,0xa6,0x8a,0x04,0x7a,0x25,0x7a,0xc4,0x71,0x25,0x7a,0xa4,0x69,0xa4,0x69,0x02,0x49,0xa1,0x38,0x61,0x18,
    0x41,0x10,0x41,0x18,0xc2,0x28,0x81,0x20,0x62,0x10,0x41,0x10,0x61,0x10,0x41,0x10,0x82,0x18,0xa2,0x20,0x82,0x18,0x81,0x18,
    0xa2,0x20,0x82,0x20,0x81,0x20,0x24,0x39,0x89,0x72,0x4c,0x83,0xce,0x93,0xee,0x9b,0x2f,0x9c,0x30,0xa4,0x30,0xa4,0x50,0xa4,
    0x50,0xa4,0x70,0xac,0x91,0xac,0x91,0xac,0x70,0xac,0x70,0xac,0x71,0xac,0xee,0x9b,0x0e,0xa4,0x30,0xa4,0x4f,0xa4,0xcd,0x9b,
    0x8c,0x9b,0xcd,0x9b,0xcd,0x9b,0x8c,0x9b,0x88,0x82,0xe5,0x71,0xe4,0x69,0x84,0x59,0x43,0x51,0x05,0x6a,0x84,0x59,0xe2,0x40,
    0x02,0x39,0xc2,0x30,0xe2,0x38,0x23,0x41,0x24,0x41,0x64,0x49,0x03,0x31,0x03,0x31,0x03,0x39,0x03,0x31,0xe3,0x30,0x03,0x31,
    0x64,0x49,0x44,0x41,0x23,0x39,0x84,0x49,0xa5,0x51,0x03,0x31,0x44,0x41,0x24,0x41,0x23,0x39,0x44,0x41,0x23,0x49,0x84,0x51,
    0xa8,0x7a,0x8b,0x93,0xcc,0x9b,0x4e,0xac,0x6f,0xac,0xd0,0xb4,0x8f,0xb4,0x6e,0xb4,0xb0,0xbc,0xd0,0xb4,0xd0,0xb4,0xd1,0xb4,
    0xf1,0xbc,0xd1,0xb4,0xf1,0xb4,0xd1,0xb4,0x90,0xb4,0x90,0xac,0x6f,0xac,0x4f,0xa4,0x4f,0xac,0x4f,0xa4,0x2f,0xa4,0x2f,0x9c,
    0x0e,0x9c,0x8d,0x93,0xca,0x5a,0xca,0x52,0xe8,0x5a,0xc5,0x4a,0x44,0x3a,0xe4,0x39,0xa4,0x29,0x22,0x19,0xe1,0x10,0x82,0x19,
    0x44,0x2a,0x62,0x21,0xe2,0x10,0xa1,0x10,0x22,0x19,0x06,0x3a,0x87,0x42,0xc6,0x42,0x07,0x4b,0xa6,0x42,0xc4,0x29,0xc1,0x10,
    0xa0,0x08,0x62,0x29,0xc2,0x29,0x01,0x11,0x22,0x32,0x83,0x42,0xc2,0x29,0x42,0x21,0x81,0x08,0x40,0x08,0x60,0x08,0x80,0x08,
    0x41,0x08,0x40,0x00,0xa1,0x10,0x42,0x21,0x84,0x42,0x83,0x42,0x41,0x19,0xa1,0x10,0xa1,0x10,0x05,0x4a,0x54,0xf6,0x96,0xf6,
    0x75,0xee,0x35,0xee,0xf4,0xdd,0xf4,0xe5,0xb3,0xdd,0x72,0xd5,0x31,0xcd,0xf0,0xc4,0xd0,0xb4,0x8f,0xb4,0xaf,0xb4,0x2d,0xac,
    0x4e,0xac,0x2d,0xac,0xcb,0xa3,0xec,0xa3,0x8a,0xa3,0xe7,0x92,0xa6,0x92,0x45,0x7a,0x04,0x7a,0xa3,0x69,0x25,0x7a,0x83,0x61,
    0xa3,0x61,0xe2,0x40,0xa1,0x30,0x61,0x18,0x41,0x18,0x61,0x18,0xc2,0x30,0xa2,0x20,0x81,0x18,0x41,0x10,0x61,0x10,0x41,0x10,
    0xa2,0x18,0xc2,0x28,0x82,0x18,0x82,0x20,0xa2,0x20,0x61,0x18,0x82,0x20,0x03,0x39,0x68,0x6a,0x4c,0x83,0xce,0x93,0x0e,0x9c,
    0x2f,0xa4,0x0f,0x9c,0x4f,0xa4,0x90,0xa4,0x70,0xac,0x90,0xa4,0x91,0xac,0x90,0xac,0x90,0xac,0xb1,0xb4,0x90,0xac,0x2f,0xa4,
    0x2f,0xa4,0x4f,0xac,0x2f,0xa4,0x0e,0xa4,0x8c,0x93,0xcd,0xa3,0xad,0x9b,0x6b,0x9b,0xe8,0x8a,0x05,0x72,0xe5,0x69,0x63,0x51,
    0x64,0x51,0x05,0x72,0x22,0x51,0xe2,0x40,0xc2,0x38,0xc2,0x30,0xe3,0x30,0x43,0x41,0x43,0x41,0x44,0x41,0xe3,0x28,0xe3,0x30,
    0x03,0x31,0x03,0x39,0x23,0x39,0xe3,0x30,0x84,0x49,0x44,0x49,0x23,0x39,0x64,0x49,0xc6,0x51,0x03,0x39,0x24,0x39,0x44,0x41,
    0x24,0x39,0x43,0x41,0x23,0x41,0x64,0x49,0x67,0x72,0x2a,0x8b,0x0d,0x9c,0x2e,0xac,0x6e,0xac,0x8f,0xb4,0x6e,0xb4,0x6f,0xb4,
    0xd0,0xb4,0xd0,0xbc,0xb0,0xb4,0xd0,0xbc,0xd1,0xb4,0xd0,0xb4,0xd1,0xbc,0xb1,0xb4,0xb0,0xac,0x70,0xac,0x6f,0xac,0x4f,0xa4,
    0x4f,0xa4,0x6f,0xa4,0x2f,0xa4,0x2e,0xa4,0xee,0x93,0x8c,0x8b,0xca,0x5a,0xca,0x52,0x47,0x5b,0x66,0x5b,0x85,0x4a,0xe6,0x31,
    0x66,0x4a,0xe5,0x39,0x64,0x29,0x62,0x19,0x62,0x21,0x22,0x11,0x02,0x11,0xe1,0x10,0x63,0x21,0xe3,0x21,0xe3,0x21,0xe2,0x29,
    0x82,0x21,0x41,0x19,0xc1,0x10,0x80,0x08,0x61,0x08,0xa1,0x10,0xc1,0x10,0xe1,0x10,0x03,0x32,0xc4,0x4a,0x03,0x32,0x22,0x21,
    0x81,0x08,0x40,0x08,0xa1,0x10,0xc1,0x10,0x40,0x08,0x40,0x08,0x41,0x21,0xe2,0x29,0x84,0x4a,0xc5,0x4a,0x61,0x19,0xc1,0x10,
    0xc1,0x10,0xe7,0x72,0x96,0xfe,0x75,0xf6,0x76,0xee,0x14,0xe6,0xd3,0xe5,0xf4,0xdd,0xb3,0xd5,0x72,0xd5,0x52,0xc5,0xf0,0xc4,
    0xd0,0xbc,0xcf,0xbc,0x8f,0xb4,0x6f,0xac,0x4d,0xb4,0x2d,0xac,0xec,0xab,0x0d,0xac,0x8a,0xa3,0xe7,0x92,0xa6,0x8a,0x65,0x82,
    0x04,0x72,0xe4,0x71,0x25,0x7a,0x83,0x61,0x63,0x61,0xc2,0x40,0xa1,0x30,0x61,0x18,0x41,0x18,0x81,0x20,0xe2,0x28,0x62,0x18,
    0x82,0x18,0x41,0x10,0x41,0x10,0x61,0x10,0x82,0x18,0xa2,0x20,0x82,0x18,0x81,0x20,0x82,0x20,0x81,0x18,0xa2,0x28,0xe3,0x38,
    0x68,0x6a,0x4c,0x83,0xee,0x93,0x2f,0x9c,0x50,0xa4,0x50,0xa4,0x91,0xac,0x91,0xac,0x91,0xac,0xb1,0xac,0xb1,0xb4,0x91,0xac,
    0xb1,0xb4,0xb2,0xac,0x90,0xac,0x70,0xac,0x4f,0xac,0x0f,0xa4,0x70,0xac,0x0e,0xa4,0xcd,0x9b,0xed,0xa3,0xad,0x9b,0xac,0x9b,
    0x0a,0x8b,0x05,0x72,0xc4,0x69,0x63,0x51,0xa5,0x61,0xc4,0x69,0x23,0x49,0xe2,0x38,0xc2,0x38,0xe2,0x30,0xa2,0x28,0x23,0x41,
    0x44,0x49,0x43,0x41,0xc3,0x30,0x03,0x31,0xe3,0x30,0x23,0x39,0x24,0x41,0xe3,0x30,0x84,0x49,0x65,0x49,0x24,0x41,0x23,0x39,
    0xc5,0x59,0x44,0x41,0x24,0x39,0x64,0x49,0x23,0x39,0x44,0x41,0x03,0x39,0x23,0x49,0x26,0x6a,0x6b,0x8b,0xcc,0xa3,0x2e,0xa4,
    0x6e,0xac,0xb0,0xb4,0x6e,0xac,0x8e,0xb4,0xd0,0xb4,0xb0,0xb4,0xb0,0xb4,0xd0,0xb4,0xd1,0xbc,0xd1,0xb4,0xd1,0xb4,0xd1,0xb4,
    0xb1,0xb4,0x90,0xac,0x6f,0xa4,0x50,0xac,0x4f,0xa4,0x4f,0xa4,0x4f,0xa4,0x0e,0x9c,0xce,0x9b,0x8c,0x8b,0xaa,0x5a,0xca,0x5a,
    0x09,0x5b,0x08,0x5b,0x47,0x42,0xc6,0x39,0x47,0x42,0x27,0x42,0xe6,0x39,0x84,0x29,0xe2,0x10,0xe2,0x10,0xe1,0x10,0x02,0x11,
    0xa1,0x19,0xa2,0x21,0x82,0x21,0x22,0x19,0xa0,0x08,0x81,0x08,0x80,0x08,0x61,0x10,0x60,0x08,0x40,0x08,0x40,0x08,0x60,0x08,
    0x62,0x21,0xc3,0x31,0x42,0x21,0x03,0x21,0x81,0x10,0xe1,0x10,0x62,0x21,0x21,0x21,0xc1,0x10,0x81,0x08,0x03,0x32,0x22,0x32,
    0x82,0x21,0x24,0x3a,0x82,0x21,0xa1,0x18,0xc1,0x10,0x69,0x83,0xb6,0xfe,0x76,0xf6,0x75,0xf6,0xf4,0xe5,0xb3,0xdd,0x34,0xe6,
    0xb3,0xdd,0x52,0xcd,0x31,0xcd,0xf1,0xbc,0xf0,0xbc,0xd0,0xbc,0x8f,0xb4,0xaf,0xb4,0x4e,0xb4,0x4d,0xac,0x2d,0xac,0x0d,0xac,
    0x6a,0x9b,0xc7,0x92,0xc6,0x92,0x45,0x82,0xc4,0x71,0x25,0x7a,0xe4,0x71,0x83,0x61,0x63,0x59,0xc2,0x40,0xa1,0x28,0x61,0x18,
    0x82,0x18,0xa2,0x28,0xc2,0x28,0x81,0x18,0x82,0x18,0x40,0x10,0x61,0x10,0x61,0x10,0xa2,0x20,0xa2,0x28,0x81,0x18,0x82,0x18,
    0x82,0x20,0x81,0x20,0x82,0x20,0x03,0x39,0x28,0x62,0x4c,0x83,0xce,0x93,0x2f,0xa4,0x70,0xa4,0x91,0xa4,0x70,0xac,0xb1,0xac,
    0xb1,0xac,0xb1,0xb4,0xb1,0xac,0xb1,0xb4,0x91,0xb4,0x90,0xac,0x70,0xac,0x91,0xb4,0x2e,0xa4,0x6f,0xac,0x90,0xac,0x2f,0xa4,
    0xcd,0xa3,0xac,0x9b,0xcd,0x9b,0xcc,0x9b,0x2a,0x93,0xe4,0x69,0xe5,0x69,0x43,0x49,0xe5,0x69,0xa4,0x61,0x22,0x41,0xc2,0x38,
    0xc2,0x30,0xc2,0x38,0xc2,0x28,0x03,0x39,0x64,0x49,0x24,0x41,0xe2,0x28,0x03,0x39,0x23,0x39,0x24,0x41,0x43,0x41,0xe3,0x30,
    0x85,0x49,0x84,0x49,0x44,0x41,0x03,0x39,0xa5,0x51,0x64,0x49,0x24,0x39,0x64,0x41,0x24,0x39,0x23,0x39,0x03,0x41,0xe3,0x38,
    0x26,0x6a,0x6b,0x93,0xcc,0x9b,0x2d,0xa4,0x6f,0xac,0xb0,0xb4,0x4e,0xb4,0x6f,0xb4,0xd0,0xb4,0xb0,0xb4,0xb0,0xb4,0xb0,0xb4,
    0xd1,0xb4,0xd1,0xb4,0xd0,0xb4,0xb0,0xb4,0xb0,0xac,0x4f,0xac,0x6f,0xac,0x4f,0xa4,0x4e,0xa4,0x4f,0xa4,0x2f,0xa4,0x2e,0x9c,
    0xee,0x9b,0x8c,0x8b,0xaa,0x5a,0xaa,0x52,0xa9,0x52,0x48,0x4a,0xe7,0x39,0xc6,0x39,0xe6,0x39,0x07,0x3a,0x07,0x42,0xc6,0x31,
    0x02,0x19,0x81,0x10,0x81,0x08,0xe2,0x18,0x84,0x42,0xc3,0x29,0xc1,0x10,0x81,0x08,0x60,0x08,0x60,0x08,0x60,0x08,0x40,0x08,
    0x41,0x08,0x40,0x00,0x41,0x08,0x20,0x00,0x61,0x08,0x61,0x08,0xc2,0x10,0xe3,0x20,0x81,0x08,0x43,0x29,0xa3,0x31,0xa2,0x29,
    0x42,0x21,0x81,0x08,0x03,0x3a,0xa3,0x29,0xa0,0x10,0x83,0x31,0x02,0x19,0x41,0x08,0x40,0x00,0xab,0x93,0xd7,0xfe,0x75,0xf6,
    0x55,0xee,0x14,0xe6,0xd3,0xdd,0xf4,0xdd,0xb3,0xd5,0x72,0xd5,0x32,0xc5,0xf0,0xc4,0xf1,0xbc,0xb0,0xbc,0xaf,0xb4,0xd0,0xb4,
    0x6e,0xb4,0x4d,0xac,0x2d,0xb4,0x2d,0xac,0x69,0xa3,0xe7,0x92,0x85,0x8a,0x45,0x7a,0xe4,0x71,0x65,0x82,0xc4,0x71,0x84,0x61,
    0x42,0x51,0xc2,0x40,0xc2,0x30,0x61,0x18,0x81,0x18,0xc2,0x28,0xc2,0x30,0x62,0x18,0x81,0x18,0x61,0x10,0x61,0x10,0x61,0x18,
    0xa2,0x20,0xc2,0x20,0x82,0x20,0xa2,0x20,0x81,0x20,0x82,0x18,0xa2,0x28,0x03,0x39,0x48,0x6a,0x2b,0x83,0xee,0x93,0x30,0xa4,
    0x2f,0xa4,0x70,0xac,0xb1,0xac,0xd1,0xb4,0xb1,0xb4,0xd2,0xb4,0xb1,0xb4,0xd1,0xb4,0xd2,0xb4,0xd1,0xb4,0x90,0xb4,0x70,0xac,
    0x90,0xb4,0x90,0xac,0x70,0xac,0x70,0xac,0xcd,0x9b,0x8c,0x9b,0xcc,0x9b,0xad,0xa3,0x09,0x8b,0x05,0x72,0xe5,0x71,0x63,0x51,
    0xe5,0x69,0xa4,0x61,0xe2,0x40,0xc2,0x38,0xc2,0x38,0xe2,0x30,0xa2,0x28,0xe2,0x38,0x64,0x49,0x43,0x41,0xe3,0x28,0x24,0x39,
    0x03,0x31,0x44,0x41,0x44,0x41,0xe3,0x28,0x84,0x49,0xa5,0x51,0x44,0x39,0x03,0x39,0x85,0x49,0x84,0x51,0x24,0x39,0x64,0x49,
    0x24,0x39,0x24,0x39,0x23,0x41,0xc2,0x30,0x26,0x6a,0x6b,0x8b,0xac,0x93,0x0d,0xa4,0x4e,0xac,0xd0,0xac,0x6e,0xac,0xaf,0xb4,
    0xd0,0xbc,0x8f,0xb4,0xb0,0xb4,0xd0,0xb4,0xd1,0xb4,0xd0,0xb4,0xd1,0xb4,0xb0,0xac,0x90,0xac,0x4f,0xac,0x4f,0xa4,0x2f,0xa4,
    0x2f,0xa4,0x4f,0xa4,0x4f,0xa4,0x0e,0x9c,0xee,0x9b,0x6b,0x83,0xaa,0x5a,0xca,0x52,0x8a,0x52,0x48,0x42,0xe7,0x39,0xc6,0x39,
    0xe6,0x39,0x07,0x42,0x27,0x42,0x07,0x42,0x85,0x31,0xc2,0x18,0x41,0x08,0xe3,0x18,0x84,0x42,0xa3,0x31,0x60,0x08,0x60,0x08,
    0x80,0x08,0x60,0x08,0x61,0x08,0x60,0x08,0x40,0x08,0x40,0x00,0x20,0x08,0x21,0x00,0x20,0x08,0x20,0x08,0x81,0x10,0xa2,0x10,
    0x61,0x08,0xc1,0x18,0x62,0x21,0x82,0x29,0x22,0x21,0x60,0x08,0xe2,0x18,0xa1,0x10,0x40,0x00,0x81,0x10,0x41,0x00,0x40,0x08,
    0x00,0x00,0x4d,0xac,0xb6,0xfe,0x76,0xee,0x55,0xee,0x54,0xee,0xb3,0xdd,0xd3,0xdd,0xb3,0xdd,0x93,0xd5,0x11,0xc5,0x10,0xc5,
    0xf1,0xbc,0xd0,0xb4,0xd0,0xbc,0xaf,0xb4,0x6e,0xb4,0x2d,0xac,0x0d,0xac,0x4d,0xb4,0x6a,0x9b,0xe7,0x9a,0xa6,0x8a,0x24,0x7a,
    0xe4,0x71,0x45,0x7a,0x84,0x69,0x83,0x61,0x02,0x51,0xc2,0x38,0xc2,0x30,0x62,0x18,0x82,0x20,0xc2,0x28,0xc3,0x28,0x61,0x18,
    0x82,0x18,0x61,0x10,0x62,0x18,0x61,0x18,0xa2,0x18,0xa2,0x20,0xa2,0x20,0xa2,0x20,0x82,0x20,0x81,0x20,0xa2,0x28,0x03,0x39,
    0x48,0x62,0x2b,0x83,0xce,0x93,0x2f,0x9c,0x70,0xa4,0x91,0xac,0xb1,0xac,0xf2,0xb4,0xd2,0xb4,0xd1,0xb4,0xf2,0xb4,0xb1,0xb4,
    0xb1,0xb4,0xd1,0xb4,0x90,0xb4,0xd2,0xb4,0x12,0xbd,0xb1,0xb4,0x4f,0xac,0x70,0xac,0xed,0xa3,0xcc,0x9b,0x6b,0x9b,0xcd,0xa3,
    0xc8,0x82,0xe4,0x71,0xc4,0x61,0x64,0x59,0xe5,0x69,0x83,0x59,0xe2,0x40,0xc1,0x30,0xc2,0x38,0xc2,0x30,0xc2,0x28,0xe3,0x30,
    0x84,0x51,0x64,0x41,0xc2,0x28,0x03,0x39,0x23,0x39,0x24,0x41,0x64,0x41,0xe2,0x28,0x44,0x41,0xa5,0x51,0x43,0x39,0x03,0x39,
    0x64,0x41,0xa4,0x51,0x44,0x41,0x44,0x41,0x44,0x41,0x03,0x39,0x23,0x41,0xc2,0x30,0x06,0x6a,0x4a,0x8b,0xac,0x9b,0xcc,0x9b,
    0x4e,0xac,0xb0,0xb4,0x6e,0xac,0x8f,0xbc,0xd0,0xb4,0xaf,0xb4,0xb0,0xb4,0xd0,0xb4,0xd0,0xb4,0xd1,0xb4,0xd1,0xb4,0x90,0xb4,
    0x90,0xac,0x6f,0xac,0x4f,0xa4,0x4f,0xac,0x4f,0xa4,0x4f,0xa4,0x2f,0xa4,0xee,0x9b,0xed,0x9b,0x6c,0x83,0xaa,0x5a,0xaa,0x52,
    0x8a,0x52,0x48,0x42,0xe7,0x39,0xe6,0x39,0x07,0x3a,0x07,0x42,0x27,0x42,0x27,0x42,0x07,0x3a,0x44,0x29,0x61,0x10,0xa2,0x10,
    0xe3,0x31,0x01,0x11,0x81,0x08,0x40,0x08,0x61,0x08,0x60,0x08,0x60,0x00,0x60,0x08,0x61,0x00,0x40,0x08,0x20,0x00,0x20,0x08,
    0x20,0x00,0x41,0x08,0x41,0x00,0x40,0x08,0x61,0x08,0x40,0x08,0x22,0x19,0xc2,0x31,0xe1,0x10,0x41,0x00,0x60,0x08,0x41,0x08,
    0x20,0x00,0x20,0x00,0x20,0x08,0x20,0x00,0x20,0x08,0xf0,0xc4,0xb6,0xfe,0x54,0xf6,0x55,0xee,0x35,0xe6,0xb2,0xdd,0xb3,0xdd,
    0x93,0xd5,0x52,0xcd,0xf0,0xc4,0x11,0xc5,0xf0,0xbc,0xd0,0xb4,0xb0,0xb4,0xd0,0xbc,0x6e,0xb4,0x2d,0xb4,0x2c,0xac,0x2d,0xac,
    0xaa,0xa3,0x27,0x9b,0x86,0x8a,0x04,0x72,0x05,0x7a,0x24,0x7a,0x63,0x61,0xc4,0x61,0x02,0x49,0xc2,0x38,0xe2,0x30,0x82,0x18,
    0xa2,0x20,0xc2,0x30,0xc3,0x28,0x81,0x18,0x82,0x18,0x61,0x18,0x62,0x18,0x81,0x10,0x82,0x20,0x82,0x20,0xa2,0x20,0xa2,0x28,
    0x82,0x18,0xa2,0x20,0xa2,0x28,0x03,0x39,0x27,0x62,0x0b,0x7b,0xae,0x8b,0x2f,0x9c,0x70,0xa4,0xb1,0xac,0xb1,0xb4,0xf2,0xb4,
    0xd2,0xb4,0xf2,0xbc,0x13,0xb5,0xf2,0xbc,0xf2,0xbc,0xb1,0xb4,0xf2,0xb4,0xf2,0xbc,0xb1,0xb4,0xb1,0xb4,0x4f,0xac,0x2e,0xa4,
    0x0e,0xa4,0xed,0xa3,0x8c,0x9b,0x8b,0x9b,0xa8,0x82,0x05,0x72,0x64,0x51,0x83,0x59,0x05,0x72,0x43,0x51,0xc2,0x38,0xa1,0x30,
    0xe2,0x38,0xe2,0x30,0xc2,0x28,0xe2,0x38,0x84,0x51,0x44,0x41,0xc2,0x28,0x24,0x39,0x23,0x39,0x24,0x39,0x84,0x49,0xe3,0x30,
    0x44,0x39,0xa5,0x51,0x44,0x41,0x23,0x39,0x44,0x41,0x64,0x49,0x84,0x49,0x44,0x49,0x44,0x41,0x24,0x39,0x23,0x41,0xc2,0x30,
    0x06,0x62,0x2a,0x8b,0x8b,0x93,0xed,0x9b,0x4e,0xac,0xaf,0xac,0x6e,0xb4,0x8f,0xb4,0xb0,0xbc,0xb0,0xb4,0xb0,0xb4,0xd1,0xb4,
    0xd0,0xbc,0xb0,0xb4,0xd1,0xb4,0xaf,0xb4,0x70,0xac,0x6f,0xac,0x4f,0xa4,0x4f,0xa4,0x4f,0xac,0x2f,0xa4,0x0e,0x9c,0xee,0x9b,
    0xed,0x93,0x4b,0x83,0xaa,0x52,0xaa,0x52,0x89,0x52,0x28,0x42,0x07,0x42,0xe7,0x39,0x27,0x42,0x28,0x42,0x48,0x42,0x28,0x42,
    0x27,0x42,0x65,0x31,0xa2,0x10,0x61,0x10,0xc3,0x29,0xa1,0x10,0xa2,0x10,0x60,0x08,0x80,0x08,0xc1,0x10,0xe1,0x10,0xc1,0x08,
    0x80,0x08,0x60,0x08,0x20,0x00,0x00,0x00,0x20,0x08,0x41,0x08,0x41,0x08,0x40,0x08,0x81,0x10,0x81,0x08,0x01,0x19,0x83,0x31,
    0xe1,0x10,0x81,0x08,0x81,0x10,0x81,0x08,0x61,0x08,0x20,0x08,0x41,0x08,0x82,0x08,0xc2,0x18,0x92,0xdd,0x96,0xf6,0x55,0xee,
    0x55,0xee,0x55,0xee,0xd3,0xdd,0x72,0xd5,0x92,0xd5,0x52,0xcd,0x31,0xc5,0xf1,0xbc,0xf0,0xbc,0xd0,0xbc,0xd0,0xbc,0xf0,0xbc,
    0x8e,0xbc,0x0c,0xac,0x0c,0xac,0x2d,0xb4,0xaa,0xab,0x28,0x9b,0x86,0x82,0x24,0x7a,0x45,0x7a,0x45,0x82,0x84,0x61,0xc3,0x69,
    0x02,0x49,0xe2,0x38,0xe3,0x30,0x61,0x18,0xc2,0x28,0xc2,0x28,0xe3,0x30,0x61,0x18,0x82,0x18,0x61,0x10,0x62,0x18,0x82,0x18,
    0xa2,0x20,0x81,0x20,0x82,0x18,0xa2,0x28,0x81,0x20,0xc2,0x28,0xc2,0x28,0x04,0x41,0x47,0x62,0x0b,0x7b,0xad,0x8b,0x2f,0x9c,
    0x70,0xa4,0xb1,0xac,0xd2,0xac,0xf2,0xb4,0x12,0xb5,0x13,0xbd,0x12,0xbd,0x12,0xb5,0xd2,0xb4,0xf2,0xbc,0xf2,0xb4,0xf2,0xbc,
    0x70,0xb4,0xb1,0xb4,0xb1,0xb4,0x2e,0xa4,0xee,0xa3,0xcd,0x9b,0xac,0x9b,0x4a,0x93,0x46,0x72,0x46,0x7a,0x23,0x51,0xc5,0x61,
    0xc4,0x69,0x02,0x41,0xc2,0x40,0xa1,0x30,0xc2,0x38,0xe3,0x30,0xc2,0x30,0xe3,0x38,0x64,0x49,0x84,0x49,0xa2,0x20,0x44,0x39,
    0x23,0x39,0x44,0x41,0x64,0x49,0x03,0x39,0x44,0x39,0xa5,0x51,0x44,0x41,0x23,0x39,0x23,0x39,0x44,0x49,0x84,0x49,0x65,0x49,
    0x64,0x41,0x24,0x41,0x23,0x39,0xa2,0x30,0x06,0x62,0x09,0x83,0x6b,0x93,0xcc,0x9b,0x4e,0xac,0x90,0xb4,0x0d,0xac,0x8f,0xb4,
    0xd0,0xbc,0xcf,0xbc,0xb0,0xb4,0xd1,0xbc,0xd1,0xb4,0xd1,0xbc,0xb0,0xb4,0x90,0xb4,0x6f,0xac,0x6f,0xac,0x4f,0xac,0x4f,0xa4,
    0x4f,0xa4,0x4f,0xa4,0x2e,0x9c,0xee,0x9b,0xcd,0x9b,0x4c,0x83,0xaa,0x5a,0xaa,0x52,0x8a,0x52,0x48,0x42,0x27,0x42,0x07,0x42,
    0x27,0x42,0x48,0x4a,0x48,0x42,0x48,0x4a,0x27,0x42,0x85,0x31,0xc2,0x18,0x61,0x10,0x22,0x19,0xc1,0x10,0xa1,0x10,0xa1,0x10,
    0xa0,0x10,0x41,0x21,0x02,0x32,0xe2,0x31,0x61,0x21,0xc1,0x10,0x61,0x08,0x20,0x00,0x20,0x00,0x20,0x08,0x20,0x00,0x61,0x08,
    0xc1,0x10,0xe1,0x18,0xc1,0x10,0xe2,0x18,0xa1,0x10,0x81,0x08,0x80,0x08,0x81,0x08,0x81,0x08,0x60,0x08,0x61,0x08,0xa2,0x10,
    0x85,0x39,0x13,0xe6,0x75,0xfe,0x75,0xf6,0x55,0xee,0x34,0xee,0xf4,0xe5,0x71,0xd5,0x72,0xd5,0x31,0xcd,0x31,0xc5,0xf1,0xbc,
    0xd0,0xbc,0xd0,0xbc,0xd0,0xbc,0xd0,0xbc,0x8e,0xb4,0x4d,0xb4,0x2c,0xb4,0x0c,0xac,0xca,0xab,0x28,0x9b,0x65,0x82,0x45,0x82,
    0x46,0x82,0x45,0x7a,0x42,0x61,0x84,0x61,0x02,0x49,0x03,0x41,0xe3,0x30,0x62,0x18,0xc3,0x28,0xc2,0x28,0xe3,0x30,0x62,0x18,
    0x81,0x18,0x62,0x18,0x81,0x18,0x81,0x18,0xa2,0x20,0x82,0x20,0x82,0x20,0xa2,0x20,0x81,0x20,0xc3,0x28,0xc2,0x30,0x24,0x41,
    0x48,0x62,0x0b,0x7b,0xcd,0x93,0x0f,0x9c,0x70,0xac,0xb1,0xac,0xb1,0xac,0xd2,0xb4,0xf2,0xb4,0x12,0xb5,0x12,0xbd,0xf2,0xbc,
    0x12,0xbd,0x13,0xbd,0xf2,0xb4,0xf2,0xbc,0xf1,0xb4,0xb0,0xac,0xd1,0xb4,0x6f,0xac,0xcd,0xa3,0x8c,0x9b,0x8c,0x9b,0x09,0x8b,
    0x05,0x72,0x45,0x7a,0x43,0x51,0xe5,0x69,0xa4,0x61,0xe2,0x40,0xe2,0x40,0xc2,0x30,0xc2,0x38,0xe2,0x30,0xe3,0x30,0x03,0x39,
    0x23,0x41,0xa5,0x51,0xc3,0x28,0x44,0x39,0x44,0x41,0x64,0x41,0x64,0x49,0x24,0x39,0xe3,0x30,0xa5,0x51,0x64,0x49,0x24,0x39,
    0x44,0x41,0x23,0x41,0x64,0x49,0x64,0x49,0x84,0x49,0x44,0x41,0x03,0x39,0xa2,0x28,0xe5,0x59,0xc9,0x7a,0x6b,0x93,0xcc,0x9b,
    0x2e,0xa4,0x8f,0xb4,0x4d,0xac,0x8f,0xb4,0xd0,0xb4,0xd0,0xbc,0xd0,0xbc,0xd0,0xbc,0xf1,0xbc,0xd0,0xb4,0xd0,0xb4,0xb0,0xb4,
    0x6f,0xac,0x6f,0xac,0x4f,0xac,0x4f,0xa4,0x4f,0xa4,0x4f,0xa4,0x2e,0xa4,0xee,0x9b,0xcd,0x93,0x2b,0x83,0xaa,0x52,0xaa,0x52,
    0x89,0x52,0x49,0x4a,0x28,0x42,0x07,0x42,0x48,0x42,0x47,0x4a,0x48,0x4a,0x68,0x4a,0x07,0x42,0x85,0x31,0xe3,0x20,0x61,0x08,
    0xa1,0x10,0xa0,0x10,0x80,0x08,0xa0,0x08,0xa1,0x08,0xa2,0x29,0x22,0x32,0x42,0x3a,0x43,0x3a,0xe3,0x31,0xc1,0x18,0x20,0x00,
    0x20,0x08,0x20,0x00,0x21,0x08,0xa1,0x10,0x21,0x21,0x42,0x21,0xe2,0x18,0x60,0x08,0xa1,0x08,0x81,0x10,0x81,0x08,0x80,0x08,
    0x81,0x08,0x60,0x08,0x61,0x08,0x41,0x08,0xc5,0x41,0x55,0xf6,0x75,0xf6,0x75,0xf6,0x76,0xee,0x14,0xe6,0xd4,0xe5,0x72,0xd5,
    0x31,0xcd,0x52,0xc5,0x11,0xc5,0xf0,0xbc,0xd0,0xbc,0xd0,0xb4,0xd0,0xbc,0xf0,0xbc,0x6e,0xbc,0x2d,0xb4,0x4d,0xb4,0x2c,0xb4,
    0xaa,0xab,0x28,0x9b,0x65,0x82,0x65,0x82,0x65,0x82,0x05,0x7a,0x22,0x59,0x83,0x61,0x02,0x49,0x03,0x39,0xe2,0x30,0x82,0x18,
    0xe2,0x30,0xc3,0x28,0xe3,0x30,0x61,0x18,0x61,0x10,0x82,0x18,0x62,0x18,0x82,0x18,0x82,0x18,0x81,0x20,0xa2,0x28,0xa2,0x28,
    0x82,0x20,0xc2,0x28,0xc2,0x30,0x24,0x41,0x48,0x62,0x2b,0x83,0xad,0x93,0x2f,0xa4,0x70,0xa4,0xd1,0xb4,0xd1,0xb4,0xd1,0xb4,
    0xf2,0xb4,0xf1,0xbc,0x12,0xbd,0x12,0xbd,0x33,0xbd,0x12,0xbd,0x12,0xbd,0xd2,0xb4,0xb1,0xac,0x90,0xb4,0xd1,0xb4,0x6f,0xac,
    0x0e,0xa4,0x2a,0x93,0x6b,0x93,0xc8,0x8a,0x05,0x72,0x25,0x72,0x43,0x51,0x05,0x6a,0x63,0x59,0x02,0x49,0x02,0x41,0xe2,0x30,
    0xc2,0x38,0xe2,0x38,0x03,0x39,0x03,0x39,0x23,0x39,0xa4,0x59,0xe3,0x30,0x23,0x39,0x64,0x49,0x64,0x49,0xa5,0x51,0x43,0x41,
    0xe2,0x28,0x84,0x51,0x85,0x49,0x23,0x39,0x64,0x41,0x43,0x41,0x44,0x41,0x64,0x49,0x85,0x49,0x23,0x39,0xe3,0x30,0xa2,0x28,
    0xa5,0x59,0x88,0x72,0x6a,0x8b,0x8c,0x9b,0x2e,0xa4,0x6f,0xac,0x6e,0xac,0x8f,0xb4,0xd0,0xbc,0xd1,0xbc,0xd0,0xbc,0xd1,0xb4,
    0xf1,0xbc,0xd0,0xb4,0xb0,0xb4,0x6f,0xac,0x6f,0xac,0x4f,0xac,0x2e,0xa4,0x4f,0xac,0x2f,0xa4,0x0e,0xa4,0x0e,0x9c,0xee,0x9b,
    0xac,0x93,0x2b,0x7b,0xaa,0x52,0xaa,0x52,0x89,0x52,0x69,0x4a,0x27,0x42,0x07,0x42,0x07,0x42,0xc6,0x31,0x27,0x42,0x47,0x4a,
    0xe6,0x39,0x85,0x31,0xe3,0x18,0x61,0x10,0xe1,0x18,0x80,0x08,0x60,0x08,0x60,0x08,0xc0,0x08,0xa2,0x29,0xe2,0x31,0x61,0x19,
    0xe3,0x31,0x85,0x4a,0x82,0x29,0x81,0x08,0x20,0x00,0x20,0x08,0x20,0x00,0xc1,0x18,0x63,0x29,0xa4,0x31,0x22,0x21,0x81,0x08,
    0x81,0x08,0xa0,0x10,0xa1,0x08,0x81,0x10,0x80,0x08,0x81,0x08,0x61,0x08,0x60,0x08,0x27,0x52,0x75,0xfe,0x75,0xf6,0x55,0xee,
    0x55,0xf6,0x14,0xe6,0xf3,0xdd,0x72,0xd5,0xef,0xc4,0x31,0xcd,0x11,0xc5,0xd0,0xbc,0xcf,0xb4,0xd0,0xbc,0xaf,0xb4,0xaf,0xbc,
    0x8e,0xb4,0x2c,0xac,0x4d,0xb4,0x2c,0xb4,0x89,0xa3,0x28,0x9b,0x65,0x82,0x45,0x82,0x65,0x82,0x04,0x72,0x63,0x59,0xa3,0x69,
    0x23,0x49,0xe3,0x40,0xe3,0x28,0xa2,0x20,0xe3,0x28,0xc2,0x28,0xe3,0x30,0x82,0x18,0x82,0x18,0x82,0x18,0x81,0x18,0xc2,0x20,
    0x82,0x18,0xa1,0x20,0xc2,0x28,0xc2,0x28,0xa2,0x20,0xe3,0x30,0xe3,0x30,0x44,0x49,0x47,0x6a,0x2b,0x7b,0xce,0x93,0x4f,0xa4,
    0x70,0xac,0xb1,0xac,0xd1,0xb4,0xd1,0xb4,0xf2,0xb4,0xf2,0xbc,0x12,0xbd,0x13,0xbd,0x12,0xbd,0xf2,0xbc,0xd2,0xb4,0xb1,0xb4,
    0xb0,0xac,0x90,0xac,0x90,0xac,0x4f,0xac,0xcd,0x9b,0x6b,0x93,0x29,0x93,0x87,0x82,0x25,0x72,0x04,0x72,0x64,0x59,0x05,0x6a,
    0x63,0x59,0x43,0x51,0xe3,0x40,0xe2,0x38,0xe2,0x38,0xe3,0x30,0x03,0x39,0x43,0x41,0x03,0x31,0xa4,0x51,0x03,0x31,0xe3,0x30,
    0x44,0x41,0xa5,0x51,0xa5,0x49,0x44,0x41,0xe3,0x30,0x64,0x49,0xa5,0x51,0x23,0x41,0x65,0x49,0x64,0x41,0x03,0x39,0x64,0x49,
    0x64,0x49,0x44,0x41,0xe3,0x38,0xa1,0x28,0x84,0x49,0x88,0x72,0x0a,0x83,0xcc,0x9b,0x4e,0xac,0x8f,0xac,0xb0,0xb4,0x6f,0xac,
    0xd0,0xbc,0xf0,0xbc,0xd1,0xbc,0xd0,0xbc,0xd0,0xbc,0xd0,0xb4,0xb0,0xb4,0x6f,0xac,0x4f,0xac,0x4f,0xac,0x4f,0xac,0x2f,0xa4,
    0x2e,0xa4,0x2e,0x9c,0x0e,0x9c,0xcd,0x9b,0xac,0x93,0x2b,0x7b,0x8a,0x52,0xaa,0x52,0x89,0x52,0x48,0x42,0xe7,0x39,0x65,0x29,
    0x23,0x21,0x23,0x19,0x07,0x3a,0x68,0x4a,0xe6,0x39,0x65,0x31,0xc2,0x18,0x61,0x10,0x62,0x21,0xa1,0x10,0x60,0x00,0x81,0x08,
    0xc1,0x10,0x41,0x19,0x61,0x19,0x61,0x19,0xa2,0x21,0xc2,0x29,0x81,0x21,0xe1,0x10,0x60,0x08,0x21,0x00,0x20,0x08,0x82,0x10,
    0x43,0x29,0x84,0x29,0x02,0x21,0xc1,0x10,0xa1,0x10,0xa1,0x08,0xc1,0x10,0xa1,0x08,0x81,0x08,0x80,0x08,0x81,0x10,0x60,0x00,
    0x67,0x62,0x95,0xfe,0x75,0xf6,0x55,0xee,0x55,0xee,0x34,0xee,0xd4,0xdd,0x72,0xd5,0x31,0xcd,0xaf,0xbc,0x11,0xc5,0xd0,0xbc,
    0x8f,0xb4,0x8f,0xb4,0x8f,0xbc,0x8e,0xb4,0x6e,0xb4,0x0c,0xb4,0x0c,0xb4,0x2c,0xb4,0x69,0xab,0x28,0x9b,0x65,0x82,0x45,0x7a,
    0x66,0x82,0xc4,0x71,0x63,0x61,0xc4,0x69,0x23,0x49,0x02,0x39,0xc2,0x28,0xc2,0x28,0xe3,0x28,0xe3,0x30,0xe3,0x30,0x61,0x18,
    0x81,0x18,0x82,0x18,0x82,0x18,0xc2,0x20,0x82,0x20,0xa2,0x20,0xc2,0x30,0xa2,0x28,0xa2,0x28,0x03,0x31,0xe2,0x38,0x64,0x49,
    0x48,0x6a,0x4c,0x83,0xce,0x93,0x4f,0xa4,0x70,0xa4,0xb0,0xb4,0xd1,0xb4,0xd1,0xb4,0xf2,0xbc,0xf1,0xb4,0xf2,0xbc,0x12,0xbd,
    0xf2,0xbc,0xf2,0xbc,0xd1,0xb4,0x91,0xb4,0xb1,0xac,0x90,0xac,0x70,0xac,0x0d,0xa4,0x8c,0x9b,0x4b,0x93,0x2a,0x93,0x46,0x7a,
    0x45,0x7a,0xa4,0x69,0xa4,0x61,0x05,0x6a,0x84,0x59,0x43,0x59,0x23,0x41,0xe2,0x38,0xc2,0x38,0xe2,0x38,0x23,0x39,0x43,0x41,
    0xe3,0x30,0xa5,0x51,0x43,0x41,0xc3,0x28,0x44,0x41,0xc5,0x59,0xc5,0x51,0x44,0x49,0x03,0x31,0x64,0x49,0xc5,0x59,0x44,0x39,
    0x64,0x41,0x64,0x49,0xe3,0x38,0x43,0x41,0x64,0x49,0x44,0x41,0x03,0x31,0x82,0x20,0x44,0x41,0x88,0x6a,0x2a,0x83,0xcc,0x9b,
    0x2e,0xa4,0x8f,0xac,0xb0,0xb4,0x4d,0xac,0xb0,0xbc,0xf1,0xbc,0xf1,0xbc,0xd0,0xbc,0xd1,0xb4,0xb0,0xb4,0x90,0xb4,0x8f,0xac,
    0x6f,0xac,0x4f,0xac,0x2e,0xa4,0x2e,0xa4,0x0e,0xa4,0x0e,0xa4,0xee,0x9b,0xcd,0x93,0x8d,0x93,0x0a,0x73,0xaa,0x52,0xaa,0x52,
    0x8a,0x52,0xc7,0x39,0x23,0x21,0xa1,0x10,0x81,0x08,0x03,0x19,0x27,0x42,0x89,0x52,0xe6,0x39,0x64,0x31,0xc3,0x18,0x82,0x10,
    0x62,0x29,0xe1,0x10,0x60,0x08,0x80,0x08,0xe1,0x10,0x01,0x19,0x01,0x11,0x41,0x19,0x61,0x21,0x40,0x19,0x20,0x11,0x20,0x19,
    0xe0,0x10,0x80,0x08,0x20,0x00,0x41,0x08,0xa2,0x10,0xe1,0x18,0xc1,0x10,0xc1,0x10,0xe1,0x18,0xc1,0x10,0xc2,0x10,0xc1,0x10,
    0x81,0x08,0x80,0x08,0xa1,0x10,0x20,0x00,0xc8,0x6a,0xb6,0xfe,0x55,0xee,0x54,0xf6,0x35,0xee,0x34,0xe6,0xd3,0xdd,0x72,0xd5,
    0x51,0xcd,0xaf,0xbc,0xcf,0xbc,0xd0,0xbc,0x8f,0xb4,0x8e,0xb4,0xaf,0xbc,0x6e,0xb4,0x6e,0xbc,0x2c,0xb4,0x0b,0xb4,0x4c,0xbc,
    0xaa,0xab,0x07,0x9b,0x86,0x8a,0x65,0x82,0x45,0x82,0xa4,0x69,0x83,0x59,0xc4,0x69,0x23,0x51,0xe2,0x38,0xa2,0x20,0xc3,0x28,
    0xc3,0x30,0xe3,0x30,0xe3,0x28,0x61,0x18,0x82,0x18,0x82,0x18,0xc2,0x20,0xa2,0x20,0x82,0x18,0xa2,0x28,0xe3,0x30,0xe3,0x30,
    0xc2,0x28,0x03,0x31,0x03,0x39,0x44,0x49,0x68,0x6a,0x2b,0x83,0xcd,0x93,0x30,0xa4,0x70,0xac,0xb1,0xac,0xd1,0xb4,0x12,0xb5,
    0xf2,0xbc,0xd1,0xb4,0xf2,0xbc,0x12,0xbd,0xf2,0xbc,0xd2,0xbc,0xd1,0xb4,0xb1,0xac,0x91,0xb4,0x70,0xac,0x2f,0xa4,0xee,0xa3,
    0x8b,0x93,0x2a,0x93,0x09,0x8b,0x66,0x7a,0x46,0x7a,0x83,0x61,0xc5,0x69,0xc4,0x69,0xc5,0x61,0x43,0x51,0x22,0x49,0xe2,0x38,
    0xe3,0x38,0xe2,0x30,0x44,0x49,0x44,0x41,0xe3,0x30,0x64,0x49,0x64,0x41,0xe2,0x30,0x03,0x31,0x06,0x62,0xc5,0x51,0x64,0x41,
    0x03,0x39,0x64,0x41,0xa4,0x51,0x64,0x49,0x44,0x41,0x84,0x49,0x03,0x39,0x23,0x39,0x64,0x49,0x44,0x41,0x03,0x39,0x81,0x20,
    0x23,0x39,0x47,0x6a,0x0a,0x83,0xcc,0x9b,0x0e,0xa4,0x6f,0xac,0xb0,0xb4,0x6f,0xb4,0xd0,0xb4,0xf1,0xbc,0xf1,0xbc,0xf0,0xbc,
    0xd1,0xbc,0xd0,0xb4,0x6f,0xb4,0x6f,0xac,0x6f,0xac,0x4f,0xac,0x4e,0xa4,0x2f,0xa4,0x0e,0xa4,0x0e,0xa4,0x0e,0x9c,0xad,0x9b,
    0xac,0x93,0xea,0x6a,0x89,0x4a,0x89,0x52,0x07,0x42,0x03,0x19,0x61,0x08,0x61,0x08,0x61,0x08,0xe2,0x10,0xa6,0x39,0x07,0x42,
    0x85,0x31,0x24,0x21,0xc2,0x18,0xa2,0x10,0xe1,0x18,0x43,0x21,0xc1,0x08,0x80,0x08,0xe1,0x18,0x02,0x19,0xe1,0x10,0xc1,0x10,
    0x21,0x11,0x60,0x19,0x41,0x19,0x20,0x11,0x20,0x19,0xc0,0x10,0x60,0x08,0x40,0x00,0x61,0x08,0x81,0x08,0x81,0x08,0x81,0x08,
    0xa1,0x10,0xe2,0x10,0xe1,0x10,0xa1,0x10,0xa1,0x08,0x81,0x08,0xa1,0x10,0x40,0x00,0x8a,0x8b,0xb6,0xfe,0x55,0xf6,0x55,0xee,
    0x55,0xee,0x14,0xe6,0xb3,0xdd,0xb3,0xd5,0x52,0xcd,0xcf,0xc4,0x6e,0xb4,0xcf,0xbc,0x6f,0xb4,0x6e,0xb4,0x8e,0xb4,0x6e,0xb4,
    0x4d,0xb4,0x2c,0xb4,0xec,0xab,0x4c,0xbc,0xaa,0xab,0x07,0x9b,0xa6,0x8a,0x66,0x7a,0x65,0x8a,0xa3,0x69,0x63,0x61,0xa3,0x61,
    0x02,0x49,0xc2,0x30,0xa2,0x28,0xe3,0x30,0xc2,0x28,0x03,0x39,0xe3,0x30,0x62,0x10,0xa2,0x20,0x82,0x18,0xc3,0x28,0x82,0x18,
    0x82,0x20,0xe2,0x30,0x03,0x39,0xc3,0x28,0xe3,0x30,0x44,0x39,0x03,0x41,0x85,0x51,0x89,0x6a,0x4c,0x83,0xad,0x93,0x2f,0x9c,
    0x90,0xac,0xb1,0xac,0xf2,0xb4,0xf2,0xbc,0x12,0xbd,0xf2,0xbc,0xf2,0xbc,0xf2,0xbc,0xf2,0xbc,0x12,0xbd,0xb1,0xb4,0xd1,0xb4,
    0xb1,0xac,0x70,0xac,0x4e,0xa4,0x0e,0xa4,0x6c,0x93,0x2a,0x8b,0x2a,0x8b,0x86,0x82,0x46,0x7a,0x83,0x61,0x05,0x6a,0xc4,0x69,
    0x05,0x72,0x23,0x51,0x23,0x49,0xc2,0x38,0x03,0x39,0x03,0x41,0x44,0x49,0x44,0x41,0x03,0x31,0x64,0x41,0xa4,0x59,0xe3,0x30,
    0xe3,0x28,0xe6,0x59,0xc5,0x59,0x84,0x49,0xe3,0x30,0x64,0x41,0x85,0x51,0x85,0x49,0x64,0x41,0xa5,0x49,0x03,0x39,0x03,0x39,
    0x65,0x51,0x64,0x41,0x03,0x31,0x82,0x18,0xe2,0x30,0x07,0x62,0x0a,0x83,0xcd,0x93,0x2e,0xac,0x6f,0xac,0xaf,0xb4,0xb0,0xb4,
    0xd0,0xbc,0xf0,0xbc,0xf1,0xbc,0xd0,0xbc,0xd0,0xb4,0xb0,0xb4,0x8f,0xb4,0x90,0xb4,0x6f,0xac,0x4f,0xac,0x2e,0xa4,0x2e,0xac,
    0x0e,0xa4,0x0e,0x9c,0xee,0x9b,0xcd,0x93,0x8c,0x93,0xc9,0x6a,0x25,0x3a,0x26,0x3a,0xc4,0x29,0x01,0x11,0xa0,0x08,0x60,0x08,
    0x61,0x08,0xc2,0x10,0x85,0x29,0xc6,0x39,0x64,0x29,0xc2,0x18,0x82,0x10,0xa2,0x18,0xe1,0x10,0xc6,0x39,0x27,0x42,0x02,0x11,
    0xc0,0x10,0xc1,0x10,0xa1,0x08,0xa0,0x08,0xc0,0x10,0x41,0x19,0x60,0x19,0x40,0x19,0x00,0x11,0x00,0x11,0x61,0x08,0x40,0x08,
    0x60,0x08,0x80,0x08,0xa0,0x10,0xa1,0x08,0xe0,0x10,0xe1,0x10,0xa1,0x08,0xa1,0x08,0x80,0x08,0xa0,0x08,0xc1,0x18,0xa1,0x08,
    0x0c,0x9c,0xb6,0xfe,0x75,0xf6,0x55,0xee,0x35,0xee,0x14,0xe6,0xd4,0xdd,0x92,0xd5,0x51,0xcd,0xf1,0xc4,0x4d,0xac,0x4e,0xb4,
    0x8f,0xb4,0x4e,0xb4,0x6e,0xb4,0x4e,0xb4,0x4d,0xb4,0x0c,0xb4,0x0b,0xac,0x2c,0xbc,0xaa,0xab,0x07,0x9b,0xa6,0x8a,0x66,0x82,
    0x86,0x8a,0xa3,0x69,0x83,0x61,0x83,0x61,0x23,0x41,0xe3,0x30,0xa2,0x20,0xe3,0x30,0xc2,0x28,0x24,0x41,0xc3,0x28,0x81,0x18,
    0x82,0x18,0xa2,0x20,0xc2,0x28,0x82,0x18,0xa2,0x20,0x03,0x39,0x03,0x39,0xc2,0x28,0xe3,0x30,0x43,0x41,0x03,0x41,0xa5,0x51,
    0xa9,0x72,0x6c,0x8b,0xee,0x93,0x2f,0xa4,0x70,0xac,0x91,0xac,0xd1,0xb4,0x12,0xb5,0x12,0xbd,0x12,0xbd,0x32,0xbd,0x12,0xbd,
    0x33,0xbd,0x33,0xc5,0x33,0xbd,0x13,0xb5,0xd2,0xb4,0x70,0xac,0x50,0xa4,0x0f,0xa4,0x8b,0x93,0x4b,0x8b,0x29,0x93,0xa7,0x8a,
    0x45,0x7a,0xc5,0x69,0x05,0x6a,0x05,0x72,0x26,0x72,0x22,0x49,0x23,0x49,0xe2,0x38,0x03,0x39,0x23,0x41,0x63,0x49,0x64,0x49,
    0x03,0x39,0x84,0x41,0xe5,0x61,0x03,0x31,0xa2,0x28,0xc5,0x51,0xe6,0x59,0x85,0x49,0x03,0x39,0x44,0x41,0x64,0x49,0xc5,0x51,
    0x64,0x41,0xa5,0x51,0x03,0x41,0x03,0x39,0x44,0x49,0x84,0x49,0x03,0x39,0x81,0x18,0xc3,0x30,0x26,0x5a,0xea,0x7a,0xac,0x93,
    0x0e,0xa4,0x6f,0xac,0xb0,0xb4,0xd0,0xb4,0xd0,0xb4,0xf1,0xbc,0xf1,0xbc,0xd1,0xbc,0xd0,0xbc,0x8f,0xb4,0x6f,0xac,0x6f,0xac,
    0x6f,0xac,0x2e,0xac,0x0e,0xa4,0x0e,0xa4,0x0e,0xa4,0xee,0x9b,0xcd,0x9b,0xad,0x93,0xac,0x93,0x87,0x5a,0xc2,0x21,0xe2,0x29,
    0xa2,0x21,0x81,0x21,0x21,0x19,0xa1,0x10,0x60,0x08,0xe3,0x18,0xc6,0x39,0x07,0x42,0x65,0x31,0xa2,0x10,0x61,0x10,0xa2,0x18,
    0x01,0x19,0xa4,0x29,0x6a,0x5a,0xc6,0x31,0x81,0x08,0xa1,0x10,0x81,0x08,0x80,0x08,0xa0,0x08,0x00,0x11,0x60,0x19,0x60,0x19,
    0x20,0x11,0x00,0x11,0x80,0x08,0x61,0x08,0x60,0x08,0x81,0x08,0x01,0x11,0x01,0x11,0x01,0x11,0x01,0x11,0xe1,0x08,0xa0,0x08,
    0x80,0x10,0xa1,0x08,0xe1,0x18,0xc0,0x08,0x6d,0xac,0xb6,0xfe,0x75,0xf6,0x35,0xee,0x34,0xee,0xf4,0xe5,0xb3,0xdd,0x72,0xcd,
    0x11,0xcd,0x10,0xbd,0x8f,0xbc,0xec,0xa3,0x4e,0xb4,0x4e,0xb4,0x4e,0xb4,0x4d,0xb4,0x4e,0xb4,0xec,0xb3,0xeb,0xab,0x2b,0xb4,
    0xa9,0xab,0x08,0x9b,0x86,0x8a,0x65,0x82,0x86,0x82,0x83,0x69,0xa4,0x61,0x83,0x61,0x23,0x49,0xc2,0x30,0xa2,0x28,0xe3,0x28,
    0xc2,0x28,0x24,0x41,0xe2,0x28,0x82,0x20,0x82,0x18,0xc3,0x20,0xc3,0x28,0x81,0x18,0xc2,0x28,0x23,0x41,0x04,0x39,0xc2,0x28,
    0x03,0x31,0x44,0x41,0x44,0x41,0xc5,0x59,0xa9,0x72,0x6c,0x8b,0xee,0x9b,0x50,0xa4,0x90,0xa4,0xb1,0xac,0xf2,0xb4,0x12,0xbd,
    0x12,0xbd,0xf2,0xbc,0x12,0xbd,0x33,0xc5,0x53,0xc5,0x54,0xbd,0x33,0xbd,0x33,0xbd,0xf2,0xb4,0x91,0xac,0x4f,0xa4,0xee,0x9b,
    0x6b,0x93,0x4b,0x8b,0x0a,0x8b,0xc7,0x8a,0x26,0x72,0x05,0x72,0xc4,0x61,0x26,0x7a,0x05,0x72,0xe2,0x48,0x43,0x49,0x03,0x41,
    0xe2,0x38,0x44,0x41,0x64,0x49,0x84,0x49,0x23,0x39,0x85,0x41,0x06,0x62,0x44,0x41,0xa2,0x20,0xa5,0x51,0x06,0x62,0x84,0x51,
    0x23,0x39,0x64,0x41,0x43,0x41,0xa5,0x51,0x44,0x49,0xc5,0x51,0x44,0x41,0xe3,0x30,0x23,0x41,0x64,0x49,0x24,0x39,0xa2,0x20,
    0xa2,0x28,0x06,0x5a,0xea,0x7a,0x8c,0x93,0x0d,0xa4,0x6f,0xac,0xb0,0xb4,0xd0,0xbc,0xf1,0xbc,0xf1,0xbc,0xf1,0xbc,0xf1,0xbc,
    0xd0,0xbc,0x90,0xb4,0x8f,0xb4,0x6f,0xac,0x6f,0xac,0x4f,0xac,0x0e,0xa4,0xee,0xa3,0xed,0x9b,0xee,0xa3,0xed,0x9b,0xad,0x93,
    0x8c,0x93,0x45,0x52,0x60,0x19,0x61,0x19,0x40,0x19,0x41,0x19,0x21,0x19,0xc1,0x10,0x60,0x00,0xa2,0x10,0x64,0x29,0x07,0x42,
    0xc5,0x31,0x82,0x10,0x81,0x10,0xc2,0x18,0xe1,0x18,0xc2,0x10,0x44,0x29,0x24,0x21,0x40,0x08,0x81,0x08,0xe2,0x18,0xc1,0x10,
    0x80,0x08,0xa1,0x08,0x00,0x11,0x20,0x19,0x21,0x11,0xe0,0x10,0xa0,0x08,0x60,0x08,0x61,0x08,0x02,0x11,0x62,0x19,0x42,0x19,
    0x22,0x11,0x01,0x11,0xe1,0x10,0xe0,0x08,0x01,0x19,0xc1,0x10,0xe1,0x10,0xc0,0x08,0xae,0xb4,0xb6,0xfe,0x55,0xee,0x35,0xee,
    0x14,0xee,0xf4,0xdd,0xb3,0xdd,0x72,0xd5,0x31,0xc5,0xf0,0xc4,0xaf,0xbc,0x4d,0xb4,0xab,0xa3,0x6e,0xb4,0x6e,0xb4,0x4e,0xb4,
    0x2c,0xb4,0x0c,0xac,0xeb,0xb3,0x0b,0xb4,0x89,0xab,0x07,0x9b,0xa6,0x8a,0x66,0x82,0x45,0x82,0xa3,0x69,0xa4,0x69,0x83,0x59,
    0x02,0x41,0xc2,0x30,0xe3,0x28,0xc3,0x28,0xc2,0x28,0x44,0x49,0xc3,0x28,0x82,0x18,0x81,0x18,0xe3,0x30,0xc2,0x20,0x82,0x18,
    0xc3,0x28,0x44,0x41,0x03,0x39,0xc3,0x30,0x03,0x31,0x44,0x41,0x44,0x49,0xc6,0x51,0xeb,0x7a,0x8c,0x8b,0xee,0x93,0x70,0xa4,
    0x70,0xac,0xd1,0xb4,0xf2,0xbc,0xf2,0xbc,0xf2,0xb4,0x33,0xbd,0x33,0xc5,0x53,0xbd,0x54,0xc5,0x53,0xc5,0x54,0xbd,0x33,0xbd,
    0xf2,0xb4,0xb1,0xac,0x50,0xa4,0xce,0x9b,0x4b,0x8b,0x4b,0x8b,0x09,0x8b,0xe8,0x8a,0x05,0x72,0x05,0x72,0xa4,0x61,0x66,0x7a,
    0x05,0x6a,0xe2,0x40,0x23,0x49,0x03,0x41,0x03,0x39,0x43,0x41,0x64,0x49,0x84,0x49,0x24,0x39,0x44,0x41,0x06,0x62,0x64,0x49,
    0xa2,0x20,0x84,0x49,0x26,0x62,0xa5,0x51,0x23,0x39,0x44,0x41,0x23,0x39,0xa5,0x51,0x84,0x49,0x85,0x51,0x64,0x49,0x03,0x31,
    0x03,0x39,0x84,0x49,0x23,0x39,0xa2,0x28,0xc3,0x28,0xe6,0x51,0xc9,0x7a,0x8c,0x8b,0xed,0xa3,0x6f,0xac,0xb0,0xb4,0xd1,0xbc,
    0xf1,0xbc,0x11,0xbd,0xf1,0xbc,0xf0,0xbc,0xb0,0xb4,0x8f,0xb4,0x90,0xb4,0x6f,0xac,0x4f,0xac,0x4e,0xa4,0x2e,0xa4,0x2e,0xa4,
    0x0e,0xa4,0xed,0x9b,0xcd,0x93,0xac,0x93,0x8c,0x93,0xc5,0x41,0xa0,0x08,0xc0,0x10,0xe0,0x10,0xe0,0x10,0x00,0x11,0xe1,0x10,
    0x81,0x08,0x61,0x08,0xe2,0x10,0xe7,0x39,0xe6,0x41,0xa2,0x10,0x82,0x10,0xc3,0x20,0x81,0x10,0x40,0x08,0x41,0x08,0x41,0x08,
    0x20,0x00,0x41,0x08,0xe7,0x39,0xaa,0x52,0xe5,0x29,0xc1,0x08,0xa0,0x08,0xc0,0x10,0x00,0x11,0xe1,0x10,0xe0,0x10,0xa1,0x08,
    0xc1,0x10,0x63,0x19,0x83,0x21,0x62,0x19,0x21,0x11,0x00,0x11,0x01,0x11,0x01,0x11,0x21,0x11,0xe1,0x10,0xc0,0x10,0xa0,0x10,
    0x10,0xc5,0x96,0xfe,0x55,0xf6,0x54,0xee,0x14,0xee,0xf3,0xdd,0x93,0xdd,0x51,0xcd,0x11,0xc5,0xf1,0xc4,0xaf,0xb4,0x8f,0xb4,
    0xeb,0xab,0xcc,0xab,0x6e,0xb4,0x4d,0xac,0x0c,0xb4,0xec,0xab,0xca,0xab,0xcb,0xb3,0x89,0xa3,0xe7,0x9a,0xa6,0x82,0x66,0x82,
    0x65,0x82,0x83,0x61,0xa3,0x61,0x43,0x59,0xe2,0x40,0xc2,0x28,0xe3,0x30,0xc3,0x28,0xe2,0x30,0x44,0x49,0xc2,0x20,0x82,0x18,
    0xa2,0x18,0xe3,0x30,0xa2,0x20,0xa2,0x20,0x03,0x39,0x44,0x49,0x03,0x39,0xe3,0x30,0x03,0x31,0x64,0x41,0x44,0x49,0x03,0x31,
    0x69,0x62,0xce,0x93,0x0e,0x9c,0x50,0xa4,0x91,0xac,0xd2,0xb4,0xf2,0xb4,0x12,0xbd,0x12,0xbd,0x53,0xc5,0x73,0xc5,0x73,0xc5,
    0x54,0xc5,0x74,0xc5,0x54,0xc5,0x33,0xbd,0xd2,0xb4,0x91,0xac,0x50,0x9c,0xad,0x93,0x2b,0x83,0x2a,0x8b,0xe8,0x8a,0xc8,0x8a,
    0xa4,0x61,0x05,0x72,0xa4,0x61,0x87,0x82,0xa5,0x61,0xe2,0x40,0x43,0x49,0x23,0x49,0xe2,0x38,0x24,0x41,0x84,0x49,0x84,0x51,
    0x44,0x41,0x64,0x39,0x05,0x62,0xc5,0x51,0x82,0x20,0x44,0x41,0x46,0x6a,0xc6,0x51,0x44,0x41,0x64,0x41,0x23,0x39,0x84,0x51,
    0xa5,0x51,0x64,0x49,0x85,0x49,0x03,0x39,0x03,0x39,0x64,0x49,0x24,0x39,0xc2,0x28,0xc2,0x28,0xa6,0x51,0xa9,0x72,0x4c,0x8b,
    0xcd,0x9b,0x4f,0xac,0xb0,0xb4,0xd0,0xbc,0x11,0xbd,0xf1,0xbc,0xf1,0xbc,0xf0,0xbc,0xb0,0xbc,0x8f,0xb4,0x6f,0xac,0x6f,0xb4,
    0x4f,0xac,0x2e,0xa4,0x0e,0xa4,0x0e,0xa4,0x0e,0xa4,0xed,0x9b,0xcd,0x9b,0x8c,0x93,0x8c,0x93,0x84,0x39,0xa0,0x00,0xe0,0x10,
    0x01,0x11,0x61,0x19,0xa3,0x21,0x83,0x21,0x01,0x11,0xc2,0x10,0xc2,0x10,0xc6,0x31,0xa6,0x39,0xc2,0x18,0x81,0x18,0x81,0x10,
    0x41,0x08,0x40,0x08,0x20,0x00,0x40,0x08,0x20,0x00,0x81,0x10,0xaa,0x52,0x51,0x94,0xce,0x7b,0xc6,0x31,0xa0,0x08,0xe1,0x10,
    0x40,0x11,0x40,0x11,0x61,0x19,0x61,0x19,0x41,0x19,0xa3,0x21,0x82,0x19,0x20,0x11,0x21,0x11,0x01,0x11,0x21,0x11,0x41,0x19,
    0x42,0x19,0x21,0x19,0xa1,0x08,0x80,0x08,0x30,0xcd,0x95,0xfe,0x54,0xf6,0x55,0xee,0xf4,0xe5,0xd3,0xe5,0x93,0xd5,0x51,0xcd,
    0x32,0xcd,0x10,0xc5,0xaf,0xbc,0x8f,0xbc,0x4e,0xac,0x8a,0xa3,0x2d,0xb4,0x2d,0xac,0x0c,0xac,0xcb,0xab,0x89,0xa3,0xaa,0xab,
    0x89,0xa3,0xe7,0x92,0xa7,0x8a,0xc6,0x8a,0x65,0x82,0x42,0x59,0x83,0x61,0x43,0x51,0x03,0x41,0xc2,0x30,0xe3,0x30,0xc2,0x28,
    0x03,0x39,0x44,0x41,0xa3,0x28,0xa2,0x20,0xa3,0x20,0xe3,0x28,0xa2,0x20,0xa2,0x20,0x03,0x39,0x44,0x49,0xe3,0x30,0x24,0x39,
    0x44,0x39,0x64,0x49,0x44,0x41,0xa2,0x20,0x61,0x10,0x28,0x4a,0x0f,0x9c,0xb1,0xac,0x90,0xac,0xb1,0xac,0x12,0xb5,0x33,0xbd,
    0x33,0xbd,0x33,0xc5,0x53,0xc5,0x54,0xc5,0x53,0xc5,0x74,0xc5,0x74,0xbd,0x13,0xbd,0xd2,0xb4,0x90,0xac,0x0f,0x9c,0x8c,0x8b,
    0x2b,0x83,0xe9,0x7a,0xe9,0x8a,0xa7,0x82,0xa4,0x69,0xe4,0x69,0x83,0x59,0x87,0x82,0x84,0x59,0x02,0x41,0x43,0x49,0x23,0x49,
    0x03,0x39,0x23,0x39,0x85,0x49,0x64,0x49,0x64,0x41,0x44,0x41,0xc5,0x59,0x46,0x6a,0xc2,0x28,0x24,0x39,0x46,0x6a,0x06,0x5a,
    0x64,0x49,0x64,0x41,0x44,0x41,0x44,0x41,0xc5,0x59,0x84,0x51,0xa5,0x51,0x23,0x39,0x23,0x39,0x43,0x41,0x44,0x41,0xe3,0x30,
    0xa2,0x28,0x85,0x49,0x88,0x6a,0x4b,0x8b,0xcd,0x9b,0x4f,0xac,0xb0,0xb4,0xd1,0xbc,0xf1,0xbc,0xf1,0xbc,0x11,0xbd,0xd0,0xb4,
    0xb0,0xb4,0x8f,0xb4,0x8f,0xb4,0x6f,0xac,0x4f,0xac,0x4e,0xac,0x0e,0xa4,0xee,0xa3,0x0e,0xa4,0x0e,0x9c,0xcd,0x93,0xac,0x93,
    0x6c,0x8b,0xa3,0x31,0x00,0x11,0x41,0x19,0x40,0x19,0x82,0x19,0xe4,0x29,0xc4,0x29,0x22,0x19,0x22,0x11,0x22,0x19,0x43,0x21,
    0x24,0x21,0xa2,0x18,0x61,0x10,0x41,0x08,0x40,0x08,0x82,0x08,0x24,0x21,0xa2,0x10,0x20,0x08,0xa2,0x10,0xca,0x5a,0x10,0x7c,
    0x0b,0x5b,0x85,0x29,0x80,0x08,0x21,0x11,0x80,0x19,0x60,0x19,0xc1,0x21,0xe1,0x29,0x62,0x21,0x22,0x11,0x01,0x11,0xe1,0x10,
    0xe1,0x10,0x82,0x21,0x23,0x32,0x02,0x2a,0x22,0x32,0x23,0x32,0xa1,0x21,0x21,0x19,0x71,0xd5,0x75,0xfe,0x55,0xee,0x35,0xee,
    0x14,0xe6,0xb3,0xdd,0x72,0xd5,0x52,0xcd,0x51,0xcd,0xf0,0xc4,0xd0,0xbc,0x8e,0xbc,0x6e,0xb4,0xec,0xab,0xab,0xa3,0x2d,0xac,
    0xec,0xab,0xaa,0xab,0x69,0xa3,0x89,0xab,0x49,0xa3,0xe7,0x9a,0xc7,0x92,0x07,0x93,0x25,0x82,0x43,0x59,0x83,0x61,0x02,0x49,
    0x23,0x41,0xc2,0x30,0xe3,0x30,0xc2,0x20,0x03,0x41,0x44,0x41,0xa2,0x20,0xa2,0x20,0xe3,0x28,0xc2,0x20,0xa2,0x20,0xc3,0x28,
    0x03,0x41,0x44,0x41,0x03,0x39,0x24,0x39,0x23,0x39,0x84,0x41,0x44,0x49,0xc2,0x20,0x41,0x08,0x01,0x00,0x25,0x29,0x8d,0x7b,
    0xf2,0xb4,0xf2,0xb4,0xf1,0xb4,0x13,0xbd,0x32,0xc5,0x53,0xbd,0x74,0xc5,0x74,0xc5,0x74,0xc5,0x74,0xc5,0x54,0xc5,0xf2,0xb4,
    0xb1,0xac,0x71,0xa4,0xee,0x9b,0x4c,0x83,0xea,0x7a,0x68,0x72,0xc7,0x8a,0x87,0x82,0x05,0x72,0xe5,0x69,0xa4,0x61,0x67,0x7a,
    0x43,0x51,0x02,0x49,0x23,0x49,0x23,0x41,0x23,0x41,0x44,0x41,0xa4,0x51,0x64,0x51,0x64,0x41,0x64,0x41,0xa5,0x51,0x87,0x7a,
    0x03,0x39,0x03,0x39,0x87,0x72,0x26,0x62,0x64,0x49,0x85,0x41,0x63,0x49,0x44,0x41,0xc5,0x59,0xc4,0x59,0xa5,0x51,0x44,0x49,
    0x23,0x39,0x24,0x41,0x44,0x41,0x03,0x31,0xa2,0x20,0x65,0x41,0x48,0x6a,0x2a,0x83,0xcd,0x9b,0x4f,0xac,0x90,0xb4,0xf1,0xbc,
    0xf1,0xbc,0xf1,0xbc,0xf1,0xbc,0xd0,0xbc,0xb0,0xb4,0xb0,0xb4,0x70,0xb4,0x4f,0xac,0x4e,0xac,0x4f,0xa4,0x2e,0xa4,0x0e,0xa4,
    0x0e,0xa4,0xed,0x9b,0xad,0x9b,0xac,0x93,0x4b,0x8b,0x63,0x29,0x00,0x11,0x21,0x11,0x21,0x19,0x01,0x11,0x42,0x19,0x22,0x19,
    0xe1,0x10,0x02,0x19,0x43,0x19,0x22,0x19,0xa2,0x10,0x61,0x10,0x41,0x08,0x41,0x08,0x61,0x08,0x07,0x3a,0x4d,0x6b,0x48,0x42,
    0x61,0x00,0xa2,0x10,0x89,0x52,0xe9,0x5a,0x62,0x19,0x60,0x00,0x40,0x08,0xe0,0x10,0xa0,0x21,0xa0,0x19,0xc1,0x21,0xe1,0x21,
    0x40,0x11,0x80,0x08,0x81,0x08,0xc1,0x10,0xe2,0x10,0x26,0x42,0xe6,0x52,0x45,0x53,0xe4,0x42,0x04,0x4b,0x83,0x42,0xc2,0x31,
    0xb2,0xdd,0x75,0xf6,0x55,0xf6,0x34,0xee,0x14,0xe6,0xd4,0xdd,0x52,0xd5,0x72,0xd5,0x31,0xcd,0xf0,0xc4,0xaf,0xbc,0x8f,0xb4,
    0x4e,0xb4,0x6e,0xb4,0x6a,0x9b,0xaa,0xa3,0xcb,0xab,0x8a,0xa3,0x49,0x9b,0x48,0xa3,0x28,0x9b,0x07,0x9b,0xe7,0x8a,0x08,0x93,
    0xe4,0x71,0x22,0x51,0x63,0x59,0xe2,0x48,0x23,0x49,0xe2,0x28,0x03,0x39,0x82,0x20,0x44,0x49,0x44,0x49,0xa2,0x20,0xc3,0x28,
    0xe3,0x28,0xa3,0x20,0x82,0x20,0xc2,0x28,0x44,0x41,0x24,0x39,0x03,0x39,0x04,0x39,0x44,0x41,0x44,0x39,0x24,0x41,0xa2,0x20,
    0x21,0x08,0x81,0x08,0x21,0x08,0x41,0x08,0xe7,0x49,0x2f,0x94,0x54,0xbd,0x53,0xc5,0x33,0xbd,0x53,0xbd,0x74,0xc5,0x94,0xc5,
    0x94,0xc5,0x74,0xc5,0x33,0xbd,0xd2,0xac,0xb1,0xac,0x4f,0xa4,0x8c,0x8b,0x0a,0x83,0x88,0x72,0x47,0x72,0xe9,0x82,0x86,0x82,
    0x46,0x7a,0xc4,0x69,0xe5,0x69,0x46,0x7a,0x02,0x49,0x43,0x51,0x43,0x51,0x43,0x49,0x44,0x49,0x23,0x39,0xa5,0x51,0x84,0x51,
    0x44,0x41,0xa5,0x51,0x85,0x49,0x87,0x7a,0x64,0x49,0xa2,0x28,0x47,0x6a,0x67,0x6a,0x85,0x49,0x84,0x49,0x44,0x41,0x23,0x39,
    0xc5,0x59,0xe5,0x61,0x85,0x49,0x64,0x41,0x23,0x41,0x43,0x41,0x44,0x49,0x23,0x39,0x82,0x20,0x64,0x41,0x48,0x62,0x0a,0x83,
    0xcd,0x93,0x2e,0xa4,0x70,0xb4,0xf1,0xb4,0xf1,0xbc,0xf1,0xbc,0x11,0xbd,0xb0,0xbc,0xb0,0xb4,0xb0,0xb4,0x8f,0xb4,0x6f,0xac,
    0x4e,0xac,0x2f,0xac,0x2e,0xa4,0x0e,0xa4,0x0e,0x9c,0xee,0x9b,0xcd,0x9b,0x8c,0x93,0x4b,0x83,0x63,0x29,0xc1,0x10,0x81,0x08,
    0x61,0x08,0x60,0x08,0x61,0x08,0x80,0x08,0x81,0x08,0xc1,0x10,0x22,0x19,0x43,0x19,0xe1,0x10,0x61,0x10,0x41,0x08,0x40,0x08,
    0x85,0x29,0x8e,0x73,0xb2,0x9c,0x8d,0x6b,0xc2,0x10,0x81,0x10,0x04,0x3a,0x84,0x3a,0x21,0x11,0x40,0x08,0x41,0x00,0x80,0x08,
    0x61,0x19,0xe0,0x21,0x00,0x22,0x00,0x22,0x21,0x11,0x80,0x08,0x80,0x08,0xa1,0x08,0xe2,0x10,0x83,0x29,0xa5,0x3a,0x27,0x5b,
    0xe4,0x4a,0x06,0x5b,0x63,0x3a,0xe2,0x29,0xd2,0xe5,0x75,0xf6,0x54,0xee,0x34,0xee,0x14,0xe6,0xb3,0xdd,0x72,0xd5,0x52,0xcd,
    0x31,0xcd,0xf0,0xc4,0xd0,0xbc,0x8f,0xb4,0x4e,0xb4,0x4d,0xb4,0xcc,0xab,0x29,0x9b,0x6a,0x9b,0x6a,0xa3,0x08,0x9b,0x08,0x93,
    0xe7,0x92,0xe7,0x92,0xe7,0x92,0x28,0x9b,0xc3,0x69,0x23,0x59,0x42,0x59,0xe2,0x40,0x23,0x41,0xc2,0x30,0x03,0x31,0xa2,0x20,
    0x64,0x51,0x23,0x39,0xa2,0x20,0xe3,0x28,0xe3,0x28,0xa2,0x20,0xa2,0x20,0xe3,0x28,0x84,0x51,0x04,0x39,0x03,0x39,0x03,0x31,
    0x44,0x39,0x24,0x39,0x44,0x39,0x82,0x18,0x41,0x00,0x41,0x08,0x62,0x10,0x62,0x08,0x21,0x08,0x82,0x10,0x08,0x4a,0x0f,0x94,
    0x54,0xbd,0xd6,0xcd,0x94,0xc5,0x94,0xc5,0x95,0xc5,0x74,0xbd,0x13,0xb5,0x91,0xac,0x91,0xa4,0x0f,0x9c,0x4c,0x83,0xa9,0x72,
    0x27,0x62,0x47,0x72,0xe8,0x8a,0x46,0x72,0x46,0x7a,0xc4,0x69,0x46,0x7a,0x46,0x72,0x02,0x49,0x84,0x59,0x43,0x51,0x23,0x41,
    0x43,0x49,0x24,0x39,0xa4,0x51,0x85,0x51,0x64,0x41,0xc5,0x51,0x84,0x51,0x87,0x7a,0xe5,0x59,0x81,0x28,0x26,0x62,0x67,0x6a,
    0xa5,0x51,0x84,0x49,0x44,0x41,0x44,0x39,0xa5,0x49,0xe5,0x61,0xa4,0x59,0x44,0x41,0x64,0x41,0x44,0x49,0x64,0x49,0x23,0x39,
    0xa2,0x20,0x44,0x39,0x27,0x62,0x0b,0x83,0xad,0x93,0x0e,0xa4,0x8f,0xac,0xf1,0xbc,0x12,0xbd,0xf1,0xbc,0xf1,0xbc,0xd0,0xbc,
    0xb0,0xb4,0xb0,0xb4,0x6f,0xb4,0x6f,0xac,0x4f,0xac,0x2e,0xa4,0x2e,0xa4,0xee,0x9b,0xed,0xa3,0xee,0x9b,0xac,0x93,0xad,0x93,
    0x2b,0x83,0x43,0x29,0xc2,0x18,0xc2,0x10,0x61,0x10,0x20,0x08,0x20,0x00,0x41,0x08,0x40,0x08,0x81,0x08,0x02,0x19,0x22,0x19,
    0xe1,0x10,0x61,0x08,0x20,0x08,0x41,0x08,0x48,0x4a,0x8e,0x73,0x51,0x8c,0xce,0x7b,0x65,0x21,0xa1,0x08,0x64,0x42,0x06,0x53,
    0xc3,0x29,0x60,0x08,0x40,0x08,0x40,0x08,0xe1,0x10,0xc1,0x21,0x41,0x2a,0xc1,0x21,0x01,0x11,0xa0,0x08,0xa1,0x10,0xa1,0x08,
    0xa1,0x08,0xc1,0x08,0xc4,0x31,0x65,0x42,0xe3,0x31,0x65,0x42,0xe2,0x29,0xa2,0x29,0xf3,0xed,0x75,0xf6,0x55,0xee,0x35,0xee,
    0x14,0xe6,0xd3,0xdd,0x72,0xd5,0x72,0xd5,0x31,0xcd,0xf1,0xc4,0x8f,0xbc,0x8f,0xbc,0x6e,0xb4,0x0d,0xac,0x2d,0xac,0x49,0x9b,
    0xe8,0x92,0x49,0xa3,0x08,0x93,0xe7,0x92,0xc7,0x92,0xa6,0x92,0x08,0x9b,0x07,0x93,0xa4,0x69,0x22,0x59,0x22,0x51,0xe2,0x40,
    0x23,0x41,0x03,0x31,0x03,0x39,0xe2,0x30,0x64,0x51,0x03,0x39,0xc3,0x28,0xe3,0x30,0xa3,0x20,0xa2,0x20,0xa2,0x20,0x03,0x39,
    0x85,0x51,0x03,0x39,0x04,0x39,0x03,0x31,0x44,0x41,0x64,0x41,0x03,0x39,0x61,0x10,0x41,0x08,0x41,0x08,0x41,0x08,0x41,0x08,
    0x62,0x10,0x62,0x08,0x21,0x08,0x62,0x08,0xa6,0x39,0xce,0x83,0x75,0xbd,0xf5,0xcd,0xb5,0xc5,0x34,0xbd,0xd2,0xac,0x91,0xac,
    0x50,0x9c,0xce,0x93,0x0b,0x7b,0x48,0x6a,0xe6,0x61,0x47,0x6a,0xa8,0x82,0x25,0x7a,0x46,0x7a,0xa3,0x61,0xc8,0x82,0x87,0x7a,
    0x03,0x49,0x83,0x51,0xe2,0x40,0x23,0x41,0x44,0x41,0x84,0x49,0xa5,0x51,0x44,0x41,0x84,0x49,0xc5,0x59,0xa5,0x51,0x26,0x6a,
    0x46,0x6a,0xa2,0x28,0x06,0x5a,0x47,0x6a,0xa5,0x51,0x84,0x49,0x64,0x41,0x44,0x41,0x64,0x41,0xe5,0x61,0xe5,0x59,0x44,0x41,
    0x44,0x49,0x44,0x39,0x64,0x49,0x23,0x39,0x82,0x28,0x24,0x39,0xe6,0x59,0xea,0x7a,0x8c,0x93,0x0e,0xa4,0x70,0xac,0xd1,0xb4,
    0xf1,0xbc,0x12,0xbd,0xd1,0xbc,0xb0,0xb4,0xb0,0xbc,0x90,0xb4,0x8f,0xac,0x4f,0xac,0x4f,0xac,0x2f,0xa4,0x2e,0xa4,0x0e,0xa4,
    0xee,0x9b,0xcd,0x9b,0xad,0x93,0x8c,0x93,0x2a,0x83,0x03,0x21,0x42,0x21,0x62,0x29,0xc2,0x10,0x41,0x08,0x20,0x00,0x40,0x08,
    0x41,0x08,0x60,0x08,0xc1,0x10,0x22,0x11,0x42,0x19,0xe1,0x18,0x61,0x08,0x41,0x08,0x08,0x42,0x28,0x42,0xa9,0x4a,0xca,0x5a,
    0xa6,0x31,0xe2,0x18,0x86,0x4a,0x08,0x5b,0xc4,0x31,0x40,0x00,0x40,0x00,0x40,0x08,0xa0,0x08,0x81,0x19,0x22,0x2a,0x82,0x19,
    0xc1,0x10,0xe1,0x08,0xc1,0x10,0xc0,0x08,0xa1,0x10,0xe2,0x10,0x83,0x29,0xa3,0x29,0x43,0x21,0x42,0x21,0xe1,0x08,0x62,0x31,
    0xf3,0xe5,0x55,0xf6,0x75,0xee,0x34,0xee,0x14,0xe6,0xd3,0xdd,0x72,0xd5,0x72,0xd5,0x12,0xcd,0xf0,0xc4,0xcf,0xbc,0x8f,0xb4,
    0x6e,0xb4,0x2d,0xac,0x0d,0xac,0xab,0xa3,0xc7,0x92,0x29,0x93,0x08,0x9b,0xe8,0x92,0xa6,0x8a,0xa6,0x8a,0x28,0x9b,0x07,0x93,
    0xa3,0x69,0x43,0x59,0x02,0x49,0x22,0x49,0x23,0x41,0x04,0x39,0x03,0x31,0x03,0x39,0x85,0x59,0xe3,0x30,0xe3,0x30,0xe3,0x28,
    0xa2,0x20,0xa2,0x20,0xa2,0x20,0x24,0x39,0x64,0x51,0x03,0x39,0x24,0x39,0x23,0x31,0x64,0x41,0x64,0x41,0xe3,0x30,0x62,0x10,
    0x41,0x08,0x41,0x08,0x42,0x08,0x41,0x08,0x41,0x08,0x61,0x08,0x82,0x10,0x82,0x10,0x21,0x08,0x41,0x08,0x25,0x29,0x69,0x5a,
    0x0f,0x94,0xf2,0xb4,0xd2,0xac,0x71,0xa4,0x2f,0x94,0x6d,0x83,0x89,0x72,0x06,0x5a,0xa6,0x51,0x47,0x6a,0xa7,0x7a,0x25,0x7a,
    0x66,0x72,0x83,0x61,0xe9,0x82,0x67,0x7a,0x02,0x41,0x03,0x41,0xe3,0x30,0x43,0x41,0x24,0x41,0xa5,0x49,0xc5,0x59,0xc2,0x30,
    0x64,0x41,0xe6,0x59,0xc5,0x59,0xe6,0x59,0x46,0x72,0xe3,0x30,0xe6,0x59,0x67,0x6a,0xc5,0x51,0x85,0x49,0x64,0x41,0x64,0x41,
    0x44,0x41,0xa5,0x51,0x25,0x6a,0x44,0x41,0x64,0x49,0x43,0x41,0x64,0x49,0x23,0x41,0xa2,0x20,0x24,0x39,0xe6,0x59,0xca,0x72,
    0x8c,0x8b,0x0e,0x9c,0x90,0xac,0xd1,0xb4,0xf1,0xbc,0xf1,0xbc,0xd0,0xbc,0xb0,0xb4,0xb0,0xb4,0x8f,0xb4,0x70,0xac,0x4f,0xac,
    0x2e,0xac,0x4e,0xac,0x0e,0xa4,0x0e,0x9c,0x0e,0xa4,0xcd,0x9b,0xac,0x9b,0x8c,0x93,0x0a,0x83,0x22,0x21,0x82,0x21,0xe3,0x31,
    0x21,0x19,0x40,0x00,0x21,0x08,0x41,0x08,0x60,0x08,0x61,0x08,0xe1,0x10,0x83,0x29,0x83,0x29,0x43,0x21,0xc1,0x10,0x81,0x10,
    0xc6,0x39,0x23,0x21,0x03,0x21,0x85,0x31,0x43,0x21,0xe2,0x18,0x43,0x21,0x63,0x21,0xc1,0x10,0x40,0x08,0x40,0x00,0x21,0x08,
    0x80,0x08,0x21,0x11,0x82,0x21,0x41,0x11,0x01,0x11,0x01,0x11,0xc1,0x10,0x80,0x08,0xe2,0x10,0x84,0x29,0x84,0x29,0x43,0x19,
    0x22,0x21,0xc1,0x10,0x80,0x08,0x43,0x29,0x13,0xee,0x55,0xf6,0x54,0xf6,0x35,0xee,0x14,0xe6,0xb3,0xdd,0x72,0xd5,0x52,0xd5,
    0x31,0xc5,0xf1,0xc4,0xd0,0xbc,0x8f,0xbc,0x2d,0xb4,0x0d,0xb4,0xed,0xab,0xac,0xa3,0xe8,0x92,0xc8,0x92,0xe8,0x92,0xa6,0x8a,
    0x86,0x8a,0xa6,0x8a,0x07,0x9b,0xe7,0x92,0x83,0x61,0x22,0x59,0x23,0x51,0x23,0x49,0x44,0x49,0x23,0x39,0xc2,0x28,0x44,0x49,
    0x64,0x51,0xe3,0x30,0x23,0x31,0xc2,0x20,0xa3,0x20,0xc2,0x28,0xc3,0x28,0x64,0x41,0x64,0x49,0x04,0x39,0x44,0x41,0x03,0x31,
    0x85,0x49,0x64,0x49,0xc3,0x20,0x41,0x10,0x41,0x08,0x41,0x08,0x62,0x08,0x61,0x08,0x41,0x08,0x62,0x08,0x41,0x08,0x62,0x10,
    0x82,0x10,0x82,0x10,0x41,0x08,0x21,0x00,0x62,0x10,0x45,0x31,0x89,0x5a,0x8e,0x83,0x6c,0x83,0x89,0x72,0xe6,0x59,0x86,0x49,
    0xc6,0x51,0x68,0x72,0x87,0x7a,0x26,0x72,0x46,0x72,0xa4,0x61,0x64,0x49,0x02,0x39,0x03,0x41,0xe2,0x30,0x03,0x31,0x23,0x41,
    0x23,0x39,0xc5,0x59,0xa5,0x51,0xa1,0x20,0x03,0x31,0xa5,0x51,0x05,0x62,0xa5,0x51,0x46,0x72,0x44,0x39,0xa4,0x51,0x26,0x62,
    0xc5,0x51,0xa5,0x51,0x44,0x41,0x64,0x41,0x64,0x41,0x64,0x41,0x26,0x72,0x64,0x49,0x84,0x49,0x24,0x41,0x64,0x49,0x64,0x49,
    0xa2,0x20,0x24,0x39,0xc6,0x51,0xa9,0x7a,0x4c,0x8b,0xed,0x9b,0x8f,0xac,0xd1,0xb4,0xd1,0xb4,0xb0,0xbc,0x8f,0xb4,0xb0,0xbc,
    0x8f,0xb4,0x6f,0xb4,0x6f,0xb4,0x4f,0xac,0x2f,0xa4,0x2e,0xa4,0x0f,0xa4,0x0e,0xa4,0xee,0x9b,0xcd,0x9b,0xad,0x93,0x8c,0x93,
    0x0a,0x7b,0x02,0x21,0x22,0x19,0x62,0x29,0xe1,0x18,0x41,0x08,0x40,0x08,0x61,0x08,0x61,0x08,0x81,0x08,0x43,0x21,0x84,0x29,
    0x63,0x21,0x42,0x19,0x22,0x19,0x23,0x19,0x08,0x42,0x48,0x3a,0x64,0x21,0xe3,0x18,0xe2,0x20,0xc2,0x18,0x81,0x10,0x61,0x08,
    0x40,0x08,0x40,0x08,0x20,0x00,0x40,0x00,0x41,0x08,0xc1,0x10,0x41,0x19,0x20,0x11,0x41,0x19,0x62,0x19,0xe1,0x10,0xa0,0x10,
    0x02,0x19,0xa5,0x31,0x84,0x29,0x01,0x19,0xe1,0x10,0xe1,0x10,0xa1,0x08,0xa3,0x31,0x13,0xee,0x55,0xf6,0x55,0xf6,0x34,0xee,
    0xf4,0xe5,0xd4,0xdd,0x92,0xd5,0x52,0xd5,0x31,0xcd,0xf1,0xc4,0xd0,0xc4,0x8f,0xb4,0x6e,0xb4,0x0d,0xac,0xec,0xab,0x8b,0xa3,
    0x29,0x93,0xa7,0x8a,0xc7,0x8a,0x86,0x8a,0x66,0x82,0xa6,0x92,0x48,0xa3,0xc7,0x8a,0x62,0x61,0x43,0x59,0x22,0x49,0x63,0x51,
    0x64,0x49,0x03,0x39,0xc2,0x28,0xa4,0x59,0x43,0x49,0x03,0x39,0x24,0x39,0x82,0x20,0xa2,0x20,0xa2,0x20,0xe3,0x28,0x64,0x49,
    0x65,0x51,0x03,0x39,0x24,0x39,0xe3,0x30,0xa5,0x51,0x64,0x49,0xa2,0x20,0x62,0x10,0x41,0x08,0x41,0x08,0x61,0x10,0x62,0x08,
    0x42,0x10,0x61,0x08,0x62,0x10,0x41,0x00,0x41,0x08,0x62,0x08,0x82,0x10,0x82,0x10,0x82,0x10,0x41,0x00,0x21,0x08,0x82,0x10,
    0xe4,0x20,0x04,0x29,0x04,0x31,0x24,0x31,0x65,0x39,0x07,0x5a,0x26,0x6a,0xa4,0x59,0x05,0x6a,0x83,0x61,0x81,0x20,0xa2,0x28,
    0x43,0x41,0xe2,0x28,0x03,0x39,0x23,0x39,0x24,0x41,0x46,0x62,0x84,0x49,0xa2,0x28,0x03,0x39,0xa5,0x51,0x46,0x6a,0xc5,0x59,
    0x46,0x72,0x85,0x51,0x64,0x41,0x26,0x62,0xc5,0x51,0xa5,0x51,0x64,0x41,0x84,0x49,0x64,0x41,0x23,0x39,0x26,0x6a,0x84,0x49,
    0x64,0x49,0x64,0x49,0x64,0x49,0x84,0x49,0xa2,0x20,0xe3,0x30,0xc6,0x59,0xa9,0x72,0x4b,0x8b,0xee,0x9b,0x70,0xac,0xd1,0xb4,
    0xd0,0xbc,0x8f,0xb4,0xb0,0xbc,0x8f,0xb4,0x90,0xb4,0x90,0xac,0x4f,0xac,0x4e,0xac,0x2e,0xac,0x0e,0xa4,0x2f,0xa4,0xed,0x9b,
    0x6c,0x93,0xcd,0x9b,0xac,0x93,0x6c,0x93,0x2b,0x83,0x81,0x18,0x40,0x00,0x81,0x10,0x61,0x08,0x20,0x00,0x61,0x08,0x61,0x10,
    0x61,0x08,0xe2,0x18,0x83,0x29,0x83,0x21,0x84,0x29,0x84,0x29,0xa4,0x29,0x63,0x21,0xaa,0x5a,0xaf,0x83,0x2c,0x63,0x23,0x21,
    0xa1,0x10,0xa2,0x10,0x81,0x10,0x40,0x08,0x40,0x00,0x21,0x08,0x40,0x00,0x20,0x08,0x40,0x08,0x81,0x10,0xe1,0x10,0x41,0x19,
    0xc3,0x21,0xc3,0x29,0x42,0x19,0x01,0x19,0x41,0x19,0x63,0x29,0x63,0x29,0x21,0x19,0x41,0x19,0x01,0x11,0xc1,0x08,0xc4,0x39,
    0x13,0xf6,0x55,0xf6,0x55,0xf6,0x35,0xee,0xf4,0xe5,0xd3,0xdd,0x92,0xd5,0x52,0xd5,0x31,0xcd,0x10,0xc5,0xaf,0xc4,0x6f,0xbc,
    0x2e,0xb4,0xed,0xab,0xcc,0xab,0x8b,0x9b,0x09,0x93,0xa7,0x8a,0x86,0x8a,0x66,0x82,0x86,0x8a,0xa6,0x8a,0x49,0xa3,0xa6,0x8a,
    0x42,0x59,0x43,0x59,0x43,0x51,0x64,0x51,0x64,0x49,0x24,0x39,0x03,0x39,0xc6,0x61,0x23,0x49,0x44,0x41,0x03,0x31,0x82,0x18,
    0xa2,0x20,0xc3,0x20,0xe3,0x30,0x65,0x49,0x84,0x51,0x23,0x41,0x03,0x39,0xe3,0x30,0xc5,0x59,0x44,0x41,0xa2,0x18,0x62,0x10,
    0x41,0x00,0x41,0x08,0x41,0x08,0x62,0x10,0x61,0x08,0x42,0x08,0x61,0x08,0x62,0x10,0x61,0x08,0x41,0x08,0x61,0x08,0x62,0x08,
    0x41,0x08,0x62,0x10,0x62,0x08,0x61,0x08,0x41,0x08,0x41,0x08,0x61,0x08,0x41,0x08,0x41,0x10,0xc2,0x20,0x64,0x41,0x83,0x59,
    0xa4,0x59,0x64,0x51,0xa2,0x20,0xc1,0x30,0x03,0x39,0xe3,0x30,0x23,0x39,0x03,0x39,0x64,0x41,0x46,0x6a,0x44,0x41,0xc2,0x28,
    0x04,0x31,0xc5,0x59,0xe5,0x61,0xc5,0x59,0x46,0x6a,0x06,0x62,0x23,0x39,0xe6,0x59,0xc5,0x51,0xc5,0x51,0x64,0x49,0x64,0x41,
    0x85,0x49,0x23,0x39,0x06,0x62,0xa4,0x59,0x24,0x39,0x85,0x51,0x43,0x41,0x84,0x51,0xa2,0x28,0x03,0x31,0xc6,0x51,0x89,0x6a,
    0x4c,0x8b,0xcd,0x9b,0x70,0xac,0xd0,0xb4,0xd0,0xb4,0x90,0xbc,0xb0,0xb4,0xb0,0xbc,0x90,0xb4,0x6f,0xb4,0x6f,0xac,0x4f,0xac,
    0x4f,0xac,0x2e,0xac,0x0e,0xa4,0xcd,0x9b,0xad,0x9b,0xad,0x9b,0x6c,0x93,0x8c,0x93,0x2a,0x7b,0x62,0x10,0x20,0x00,0x41,0x08,
    0x20,0x00,0x41,0x08,0x81,0x08,0x81,0x08,0xa1,0x08,0x43,0x21,0xc4,0x31,0xc5,0x31,0xe4,0x31,0xc4,0x29,0xc5,0x29,0x23,0x21,
    0xe5,0x29,0x2c,0x63,0x10,0x8c,0x89,0x42,0x81,0x08,0x61,0x10,0x40,0x08,0x40,0x00,0x20,0x08,0x40,0x00,0x40,0x08,0x41,0x08,
    0x81,0x08,0x81,0x10,0x81,0x10,0x63,0x19,0x84,0x42,0x64,0x3a,0xe2,0x29,0x81,0x21,0x01,0x19,0x42,0x21,0xa3,0x31,0x82,0x29,
    0xa2,0x29,0x41,0x19,0xc1,0x08,0xe4,0x39,0xf3,0xed,0x34,0xf6,0x35,0xee,0x34,0xee,0xd3,0xe5,0xb3,0xdd,0x93,0xdd,0x51,0xcd,
    0x11,0xcd,0xd0,0xc4,0xd0,0xc4,0x6f,0xb4,0x4d,0xb4,0xed,0xab,0xab,0xa3,0x4a,0x9b,0x09,0x9b,0x87,0x8a,0x86,0x82,0x46,0x82,
    0x65,0x8a,0xc7,0x92,0x48,0xa3,0x65,0x82,0x43,0x59,0x63,0x61,0x43,0x51,0x64,0x51,0x64,0x41,0x03,0x39,0x44,0x41,0xc5,0x61,
    0x23,0x41,0x44,0x41,0xc3,0x28,0x82,0x18,0x82,0x20,0xc3,0x28,0x03,0x39,0x84,0x51,0x24,0x41,0x23,0x39,0x24,0x39,0x24,0x39,
    0xc5,0x51,0x04,0x31,0xa2,0x18,0x61,0x08,0x21,0x08,0x41,0x08,0x41,0x08,0x62,0x10,0x61,0x08,0x42,0x08,0x62,0x10,0x62,0x08,
    0x62,0x10,0x41,0x08,0x62,0x08,0x62,0x10,0x41,0x08,0x41,0x08,0x41,0x08,0x62,0x10,0x41,0x08,0x62,0x10,0x61,0x10,0x41,0x08,
    0x62,0x08,0x61,0x10,0x44,0x41,0x84,0x51,0xc5,0x61,0x43,0x51,0x81,0x20,0xc2,0x30,0xc2,0x30,0x43,0x39,0x23,0x41,0xe3,0x30,
    0xa5,0x51,0x06,0x62,0x03,0x39,0xc3,0x30,0x23,0x39,0xc5,0x59,0xe5,0x61,0xc5,0x59,0x47,0x72,0x46,0x72,0x03,0x31,0x05,0x5a,
    0xc6,0x59,0xa5,0x51,0x84,0x49,0x44,0x39,0x85,0x49,0x03,0x31,0x06,0x62,0x05,0x62,0x23,0x41,0xa5,0x51,0x23,0x41,0x84,0x51,
    0xc3,0x28,0xe3,0x30,0xa6,0x51,0x89,0x72,0x4b,0x8b,0xce,0x93,0x6f,0xa4,0x90,0xac,0xb0,0xb4,0xb0,0xb4,0xb0,0xbc,0x90,0xb4,
    0x8f,0xb4,0x70,0xb4,0x4f,0xac,0x4f,0xac,0x2e,0xac,0x0e,0xa4,0xee,0xa3,0xee,0xa3,0xee,0x9b,0xac,0x9b,0x6c,0x93,0x8c,0x8b,
    0x2b,0x83,0x61,0x10,0x20,0x00,0x20,0x08,0xc1,0x10,0x22,0x21,0x01,0x19,0xc1,0x10,0x21,0x19,0xa4,0x29,0xe4,0x31,0xe5,0x31,
    0xc4,0x29,0xa4,0x29,0x43,0x21,0x81,0x08,0x22,0x19,0x85,0x21,0x4c,0x6b,0x4d,0x73,0x44,0x19,0x20,0x00,0x41,0x08,0x20,0x00,
    0x41,0x08,0x40,0x08,0x40,0x00,0x61,0x08,0x81,0x10,0xa2,0x10,0x81,0x10,0x22,0x19,0x23,0x3a,0x63,0x3a,0x83,0x42,0xa2,0x29,
    0xa1,0x10,0xc1,0x10,0x43,0x21,0x63,0x29,0x62,0x21,0x21,0x19,0xe0,0x08,0xe4,0x41,0x14,0xee,0x54,0xf6,0x34,0xee,0x14,0xee,
    0xf4,0xe5,0xf3,0xdd,0x73,0xd5,0x31,0xd5,0x11,0xcd,0xf0,0xcc,0xd0,0xc4,0x6e,0xbc,0x2e,0xb4,0xed,0xab,0xab,0xa3,0x4a,0x9b,
    0xe9,0x92,0xa7,0x8a,0x66,0x8a,0x66,0x82,0x65,0x82,0xc6,0x8a,0x69,0xa3,0x24,0x7a,0x83,0x69,0x63,0x59,0x43,0x49,0xc4,0x61,
    0x84,0x51,0xe3,0x30,0x84,0x51,0x64,0x51,0x44,0x41,0x03,0x31,0xc2,0x28,0xa2,0x20,0xa2,0x20,0xe3,0x28,0x04,0x39,0x84,0x51,
    0x03,0x39,0x44,0x41,0x23,0x39,0x24,0x39,0xa5,0x51,0xc3,0x28,0x82,0x18,0x62,0x10,0x41,0x08,0x61,0x08,0x41,0x08,0x61,0x08,
    0x62,0x10,0x61,0x08,0x62,0x08,0x61,0x10,0x61,0x08,0x62,0x08,0x41,0x10,0x41,0x08,0x62,0x10,0x62,0x08,0x41,0x08,0x41,0x08,
    0x41,0x08,0x61,0x08,0x41,0x08,0x21,0x08,0x41,0x08,0x41,0x08,0x44,0x41,0xa4,0x51,0xc4,0x61,0x43,0x51,0xa2,0x20,0xe2,0x30,
    0xa2,0x28,0x64,0x41,0x43,0x41,0xc2,0x28,0xc5,0x59,0xe5,0x59,0xe3,0x30,0x03,0x39,0x24,0x39,0xe5,0x59,0xc5,0x61,0xa5,0x51,
    0x46,0x6a,0x86,0x7a,0xe3,0x30,0x85,0x49,0xe5,0x59,0x64,0x49,0x84,0x49,0x44,0x41,0xa5,0x51,0x03,0x31,0xa5,0x49,0x66,0x72,
    0x23,0x41,0xa5,0x51,0x23,0x41,0x85,0x51,0xe3,0x30,0x03,0x31,0xc6,0x51,0x89,0x72,0x2b,0x83,0xad,0x9b,0x2f,0xa4,0x90,0xb4,
    0xb1,0xb4,0xb0,0xbc,0x90,0xb4,0x8f,0xb4,0x90,0xb4,0x6f,0xb4,0x4f,0xac,0x2f,0xac,0x0e,0xac,0x0e,0xa4,0xee,0xa3,0xed,0x9b,
    0xcd,0x9b,0xad,0x9b,0x8c,0x93,0x6c,0x93,0x0a,0x7b,0x81,0x18,0x41,0x00,0x02,0x19,0xc3,0x31,0x42,0x21,0xc1,0x10,0x01,0x19,
    0x42,0x21,0x42,0x21,0x63,0x21,0xa4,0x29,0x83,0x29,0x63,0x21,0xc1,0x10,0x81,0x08,0x43,0x19,0xe2,0x10,0x85,0x29,0x49,0x4a,
    0x24,0x21,0x00,0x00,0x20,0x00,0x40,0x08,0x41,0x08,0x60,0x08,0x60,0x08,0x61,0x08,0x81,0x08,0x81,0x10,0xa1,0x10,0xa1,0x10,
    0xc1,0x10,0x82,0x21,0xa5,0x42,0x82,0x21,0x40,0x00,0x61,0x08,0x81,0x10,0xe2,0x18,0x21,0x11,0x21,0x11,0xe1,0x10,0x25,0x42,
    0xf3,0xed,0x54,0xf6,0x35,0xf6,0x34,0xee,0xf4,0xe5,0xd3,0xdd,0x92,0xdd,0x31,0xcd,0x11,0xcd,0xf0,0xc4,0xd0,0xc4,0x6f,0xb4,
    0x4e,0xb4,0xec,0xab,0x6b,0xa3,0x4a,0x9b,0xe9,0x92,0x87,0x8a,0x66,0x82,0x66,0x8a,0x65,0x82,0xa6,0x92,0x49,0xa3,0x04,0x7a,
    0xa4,0x69,0x42,0x51,0x84,0x61,0xc5,0x59,0x85,0x51,0x03,0x41,0xe5,0x61,0x44,0x49,0x64,0x49,0xc2,0x28,0xc3,0x28,0xa2,0x20,
    0xa2,0x20,0x03,0x31,0x23,0x39,0x85,0x51,0x03,0x39,0x24,0x41,0x03,0x31,0x64,0x49,0x85,0x49,0xc2,0x20,0x82,0x10,0x61,0x08,
    0x41,0x08,0x41,0x08,0x41,0x08,0x62,0x08,0x62,0x10,0x61,0x08,0x42,0x08,0x61,0x08,0x62,0x10,0x41,0x08,0x62,0x08,0x61,0x08,
    0x61,0x08,0x41,0x08,0x62,0x08,0x41,0x08,0x61,0x08,0x62,0x10,0x41,0x08,0x61,0x08,0x41,0x08,0x61,0x10,0x23,0x39,0x84,0x51,
    0xe5,0x61,0x63,0x51,0xa2,0x28,0x02,0x41,0xc2,0x20,0x44,0x41,0x64,0x41,0x23,0x39,0xe6,0x59,0xa5,0x51,0xc2,0x28,0x24,0x39,
    0x64,0x49,0x06,0x62,0xc5,0x61,0xc5,0x59,0xa5,0x51,0xc7,0x82,0x24,0x41,0x64,0x41,0xc5,0x51,0x84,0x49,0x84,0x49,0x44,0x41,
    0x85,0x49,0x64,0x41,0x43,0x39,0xa7,0x7a,0x44,0x49,0x84,0x51,0x23,0x41,0xa4,0x51,0x23,0x39,0xe3,0x30,0xc6,0x51,0x69,0x6a,
    0x4b,0x83,0xad,0x9b,0xed,0xa3,0x90,0xac,0xb0,0xb4,0xb0,0xb4,0xb0,0xbc,0x90,0xb4,0x90,0xb4,0x6f,0xb4,0x4f,0xac,0x2f,0xac,
    0x0e,0xa4,0xee,0xa3,0xee,0xa3,0xed,0xa3,0xcd,0x9b,0xac,0x9b,0x8c,0x93,0x8c,0x93,0x0b,0x7b,0xa2,0x18,0xa1,0x10,0xe4,0x39,
    0xa3,0x29,0xc1,0x10,0xe1,0x18,0xe2,0x18,0xe1,0x18,0xa1,0x10,0xe1,0x18,0x02,0x19,0x22,0x19,0x23,0x21,0xe1,0x10,0xe1,0x10,
    0x64,0x21,0xe3,0x18,0x81,0x08,0xa2,0x08,0x40,0x08,0x20,0x00,0x41,0x08,0x60,0x08,0x60,0x00,0x60,0x08,0x61,0x00,0x60,0x08,
    0x61,0x08,0x81,0x08,0xa1,0x10,0xa1,0x08,0x81,0x08,0x22,0x19,0x04,0x42,0x42,0x19,0x61,0x08,0x60,0x08,0x80,0x08,0xe2,0x10,
    0x43,0x29,0x42,0x19,0x01,0x09,0x25,0x42,0x13,0xf6,0x34,0xee,0x55,0xf6,0x35,0xee,0xf4,0xe5,0xb3,0xdd,0x93,0xdd,0xf0,0xcc,
    0xf0,0xcc,0xf1,0xcc,0xaf,0xc4,0x6f,0xb4,0x2d,0xb4,0xcd,0xab,0x8b,0x9b,0x2a,0x93,0xe8,0x92,0x67,0x82,0x66,0x82,0x66,0x8a,
    0x25,0x82,0xc7,0x92,0x89,0xa3,0x25,0x7a,0xa3,0x69,0x63,0x59,0xa4,0x59,0xc5,0x59,0x84,0x51,0xa5,0x51,0xa5,0x61,0x44,0x41,
    0x64,0x49,0xc2,0x28,0xc2,0x28,0x82,0x18,0xc3,0x28,0xe3,0x30,0x24,0x41,0x64,0x51,0x03,0x39,0x24,0x39,0xe3,0x28,0xa5,0x51,
    0x85,0x49,0xc2,0x20,0x62,0x18,0x41,0x08,0x61,0x08,0x62,0x08,0x41,0x08,0x61,0x08,0x42,0x10,0x62,0x10,0x61,0x08,0x42,0x08,
    0x62,0x10,0x62,0x08,0x41,0x10,0x42,0x08,0x61,0x08,0x62,0x10,0x41,0x08,0x41,0x08,0x41,0x08,0x41,0x08,0x61,0x10,0x62,0x08,
    0x41,0x08,0x82,0x18,0x23,0x31,0x43,0x49,0xe5,0x69,0x83,0x51,0xe2,0x30,0x03,0x41,0xc2,0x20,0x23,0x39,0x23,0x39,0x84,0x49,
    0x06,0x62,0x84,0x51,0xe3,0x30,0x23,0x41,0x85,0x49,0x26,0x6a,0xc5,0x61,0xe5,0x61,0xc5,0x59,0xe8,0x82,0xa4,0x51,0x44,0x41,
    0xc5,0x51,0x84,0x49,0x85,0x51,0x84,0x41,0x84,0x49,0xa5,0x49,0xe3,0x30,0xa7,0x72,0x84,0x51,0xa5,0x51,0x44,0x41,0x84,0x51,
    0x23,0x39,0x03,0x31,0xa6,0x51,0x89,0x72,0x2b,0x83,0xcd,0x9b,0x4f,0xa4,0x90,0xb4,0x90,0xb4,0x90,0xbc,0xb1,0xb4,0x90,0xbc,
    0x70,0xb4,0x4f,0xac,0x4f,0xac,0x2f,0xac,0xee,0xab,0xee,0xa3,0xee,0xa3,0xee,0x9b,0xcd,0x9b,0xad,0x9b,0xad,0x93,0x8d,0x93,
    0x0a,0x7b,0x61,0x10,0x81,0x08,0xc2,0x18,0xa1,0x08,0xc2,0x10,0x23,0x21,0x44,0x21,0xe2,0x10,0xa1,0x08,0xa1,0x08,0xc2,0x10,
    0x02,0x11,0x22,0x21,0x01,0x19,0x02,0x19,0x44,0x29,0xc2,0x10,0x41,0x08,0x20,0x00,0x20,0x08,0x41,0x08,0x81,0x10,0xa1,0x08,
    0x41,0x08,0x60,0x08,0x60,0x08,0x61,0x08,0x81,0x08,0x81,0x08,0x81,0x10,0xc2,0x10,0xc2,0x10,0xe2,0x10,0x02,0x11,0xc1,0x10,
    0x81,0x08,0xc1,0x08,0xe2,0x10,0x63,0x21,0xa5,0x31,0xc4,0x29,0x83,0x21,0x46,0x42,0x14,0xf6,0x54,0xf6,0x35,0xee,0x35,0xee,
    0xf4,0xe5,0xb3,0xdd,0x93,0xdd,0x31,0xcd,0x11,0xcd,0xf0,0xc4,0xaf,0xc4,0x6f,0xb4,0x2e,0xb4,0xcc,0xa3,0x6a,0x9b,0x0a,0x93,
    0xc8,0x92,0x67,0x82,0x66,0x8a,0x86,0x8a,0x24,0x7a,0xc7,0x92,0x89,0xa3,0xe4,0x79,0xa4,0x69,0x63,0x61,0xc5,0x69,0xe5,0x61,
    0x84,0x51,0xe5,0x61,0x43,0x51,0x84,0x51,0x24,0x49,0xc3,0x28,0xa2,0x20,0xa2,0x20,0xe3,0x30,0xe3,0x28,0x43,0x41,0x65,0x49,
    0x03,0x39,0x03,0x39,0xe3,0x28,0x85,0x49,0x23,0x39,0xa2,0x18,0x41,0x10,0x41,0x08,0x62,0x08,0x41,0x10,0x62,0x08,0x41,0x08,
    0x61,0x08,0x62,0x08,0x61,0x10,0x62,0x08,0x61,0x10,0x62,0x08,0x61,0x08,0x41,0x08,0x62,0x10,0x61,0x08,0x62,0x08,0x41,0x08,
    0x62,0x08,0x41,0x10,0x62,0x08,0x41,0x08,0x61,0x10,0x62,0x10,0xc2,0x20,0x64,0x49,0xe5,0x61,0x84,0x59,0x03,0x39,0xe2,0x38,
    0xe2,0x28,0xe3,0x30,0x03,0x39,0xa5,0x51,0x26,0x62,0x64,0x49,0x03,0x39,0x44,0x39,0x84,0x49,0x47,0x72,0xc5,0x61,0xc5,0x59,
    0xc5,0x59,0xc8,0x82,0xc4,0x59,0x44,0x41,0xa4,0x49,0x64,0x49,0x84,0x49,0xa5,0x49,0x44,0x39,0xa5,0x51,0xc2,0x28,0x67,0x6a,
    0xe5,0x61,0xa4,0x59,0x64,0x49,0x43,0x49,0x23,0x41,0x04,0x39,0xc6,0x51,0x89,0x72,0x4b,0x8b,0xce,0x93,0x0e,0xa4,0x90,0xb4,
    0xb1,0xb4,0xed,0xab,0x70,0xb4,0xb0,0xb4,0x70,0xb4,0x6f,0xb4,0x4f,0xac,0x2e,0xac,0x0e,0xa4,0x0e,0xa4,0xed,0xa3,0xee,0xa3,
    0xcd,0x9b,0xcd,0x9b,0xad,0x93,0xad,0x9b,0xea,0x72,0x40,0x08,0x20,0x08,0x40,0x08,0x81,0x08,0xa1,0x10,0xe2,0x10,0x43,0x19,
    0x02,0x19,0xa1,0x08,0xc1,0x08,0xc1,0x10,0xe2,0x10,0xa2,0x29,0x41,0x21,0xa1,0x08,0xe2,0x10,0x61,0x08,0x40,0x00,0x41,0x08,
    0x40,0x00,0x61,0x08,0xa2,0x10,0x81,0x10,0x60,0x00,0x41,0x08,0x40,0x08,0x81,0x08,0xa1,0x10,0x81,0x10,0xa1,0x08,0xc2,0x10,
    0xc2,0x10,0xa2,0x10,0xa1,0x08,0x80,0x08,0x81,0x08,0x21,0x19,0x03,0x32,0x65,0x3a,0x65,0x3a,0x46,0x3a,0x05,0x2a,0x66,0x4a,
    0x34,0xf6,0x54,0xf6,0x35,0xf6,0x34,0xee,0xf4,0xed,0xd3,0xdd,0x93,0xdd,0x31,0xd5,0x31,0xcd,0xf1,0xc4,0x8f,0xc4,0x4e,0xb4,
    0x0d,0xb4,0xac,0xa3,0x4a,0x9b,0x09,0x93,0xa8,0x92,0x67,0x82,0x45,0x8a,0xa7,0x8a,0x25,0x82,0x07,0x93,0x69,0xa3,0xc4,0x71,
    0xe3,0x71,0x83,0x61,0x26,0x6a,0xc5,0x61,0xa5,0x59,0xc5,0x61,0x44,0x49,0x64,0x51,0x23,0x39,0xc3,0x28,0xc2,0x28,0xa3,0x20,
    0xe3,0x28,0xe3,0x30,0x64,0x41,0x64,0x51,0x03,0x31,0x03,0x31,0x04,0x31,0xa5,0x51,0xe3,0x30,0x82,0x18,0x41,0x08,0x41,0x08,
    0x41,0x08,0x62,0x08,0x41,0x08,0x62,0x10,0x41,0x08,0x62,0x10,0x62,0x08,0x62,0x10,0x62,0x08,0x62,0x10,0x62,0x08,0x41,0x08,
    0x41,0x08,0x62,0x10,0x61,0x08,0x42,0x08,0x41,0x08,0x62,0x10,0x41,0x08,0x41,0x08,0x61,0x08,0x62,0x10,0xa2,0x18,0x64,0x49,
    0xa4,0x59,0x84,0x51,0x43,0x49,0xe2,0x30,0xe3,0x28,0xc2,0x28,0x44,0x41,0xa4,0x51,0x26,0x6a,0x44,0x41,0x24,0x39,0x44,0x49,
    0xc5,0x51,0x67,0x72,0xc5,0x61,0xa4,0x51,0xe5,0x61,0xe8,0x82,0x06,0x5a,0x44,0x41,0x23,0x39,0x85,0x49,0x64,0x49,0x85,0x49,
    0x44,0x39,0xc5,0x51,0x81,0x20,0x26,0x62,0x46,0x72,0x84,0x51,0x64,0x49,0x64,0x49,0x44,0x41,0x03,0x39,0xe6,0x51,0x89,0x6a,
    0x2c,0x8b,0xcd,0x93,0x2e,0xa4,0x6f,0xac,0x90,0xb4,0x90,0xbc,0xb0,0xb4,0x90,0xb4,0x90,0xb4,0x4f,0xb4,0x50,0xac,0x4f,0xac,
    0x0f,0xac,0xee,0xa3,0x0e,0xa4,0xed,0xa3,0xce,0x9b,0xcd,0x9b,0x8c,0x93,0x8c,0x93,0xc9,0x72,0x20,0x08,0x41,0x00,0xa1,0x08,
    0xc2,0x10,0xc1,0x08,0xc1,0x10,0xc1,0x10,0xc1,0x10,0xc1,0x08,0xc1,0x10,0x01,0x11,0x21,0x19,0x62,0x21,0xe1,0x18,0x61,0x08,
    0x61,0x08,0x40,0x08,0x61,0x08,0x60,0x00,0x61,0x08,0x03,0x19,0xa2,0x10,0x40,0x08,0x41,0x08,0x60,0x00,0x81,0x08,0x02,0x19,
    0x44,0x21,0xa1,0x10,0x81,0x08,0xe2,0x10,0xc2,0x10,0xa1,0x10,0x81,0x08,0x80,0x08,0xc1,0x08,0xa2,0x21,0x84,0x3a,0xc5,0x4a,
    0xa5,0x3a,0x87,0x42,0xc5,0x31,0x26,0x4a,0x14,0xf6,0x54,0xf6,0x35,0xee,0x34,0xee,0xf4,0xe5,0xd3,0xe5,0x93,0xdd,0x31,0xcd,
    0x11,0xcd,0xd0,0xc4,0xaf,0xbc,0x4e,0xb4,0xed,0xab,0xac,0xa3,0x2a,0x9b,0x09,0x93,0xa8,0x8a,0x46,0x82,0x66,0x8a,0x86,0x8a,
    0x25,0x82,0x08,0x93,0x07,0x93,0xe3,0x79,0xc4,0x69,0xe4,0x71,0x25,0x6a,0xc5,0x59,0xe5,0x69,0xa4,0x59,0x64,0x49,0x85,0x59,
    0xe2,0x30,0xe3,0x28,0xa2,0x20,0xa2,0x28,0xe3,0x28,0xe3,0x30,0x44,0x41,0x64,0x51,0xe3,0x30,0x03,0x31,0x24,0x39,0x85,0x51,
    0xc2,0x20,0x62,0x10,0x41,0x08,0x41,0x08,0x62,0x08,0x41,0x08,0x62,0x08,0x62,0x10,0x61,0x08,0x62,0x08,0x61,0x08,0x62,0x10,
    0x61,0x08,0x61,0x08,0x42,0x10,0x62,0x08,0x61,0x08,0x42,0x08,0x61,0x10,0x42,0x08,0x61,0x08,0x61,0x10,0x62,0x08,0x41,0x08,
    0x62,0x10,0x61,0x08,0xa2,0x18,0x64,0x49,0x84,0x51,0x63,0x51,0x64,0x49,0xe2,0x30,0xe3,0x30,0xa2,0x20,0x44,0x41,0x06,0x5a,
    0xe5,0x61,0x64,0x49,0x44,0x41,0x64,0x49,0xe6,0x59,0x46,0x72,0xe5,0x61,0x64,0x51,0xe5,0x59,0xc8,0x82,0x06,0x62,0x23,0x39,
    0x24,0x39,0x43,0x41,0x85,0x49,0x84,0x49,0x23,0x39,0xc5,0x51,0x82,0x20,0xe5,0x51,0x87,0x7a,0xc5,0x61,0x84,0x51,0x64,0x49,
    0x23,0x41,0x04,0x39,0xc6,0x51,0x89,0x6a,0x4b,0x8b,0xcd,0x9b,0x0f,0xa4,0x4f,0xac,0x90,0xb4,0x90,0xb4,0x90,0xbc,0x70,0xb4,
    0x6f,0xb4,0x70,0xb4,0x70,0xac,0x4f,0xac,0x0f,0xac,0xee,0xa3,0x0e,0xa4,0xed,0x9b,0xee,0xa3,0xad,0x9b,0x8c,0x93,0xad,0x93,
    0xa9,0x6a,0x20,0x08,0x41,0x08,0xa1,0x10,0xc1,0x10,0xc1,0x08,0xe0,0x10,0xc1,0x08,0xe1,0x10,0xe1,0x10,0x21,0x11,0xe3,0x31,
    0x82,0x21,0x21,0x19,0x81,0x08,0x60,0x08,0x61,0x08,0x81,0x08,0xa2,0x10,0xa2,0x10,0x44,0x21,0xe7,0x49,0x24,0x19,0x40,0x00,
    0x60,0x08,0x61,0x08,0x24,0x21,0x48,0x52,0x28,0x42,0x43,0x19,0xe2,0x18,0x02,0x11,0xe2,0x10,0xe1,0x08,0xa1,0x08,0xa0,0x08,
    0x21,0x19,0x02,0x32,0x83,0x3a,0x84,0x3a,0x24,0x32,0xc5,0x39,0x03,0x19,0xa5,0x41,0x34,0xf6,0x54,0xf6,0x35,0xf6,0x35,0xee,
    0xf4,0xed,0xd4,0xdd,0xb3,0xdd,0x52,0xd5,0xf0,0xcc,0xd0,0xc4,0x90,0xbc,0x4e,0xbc,0xed,0xab,0x8b,0x9b,0x4b,0x9b,0x09,0x93,
    0x88,0x8a,0x47,0x82,0x66,0x8a,0x66,0x82,0x25,0x82,0x48,0x9b,0xe8,0x92,0xe4,0x79,0xa3,0x69,0x46,0x7a,0xe5,0x69,0xc5,0x61,
    0xe5,0x69,0x84,0x51,0x84,0x59,0x84,0x59,0x03,0x39,0xe3,0x28,0xa2,0x20,0xc3,0x28,0xe3,0x30,0x03,0x31,0x44,0x41,0x64,0x49,
    0xe3,0x38,0x04,0x31,0x64,0x41,0x84,0x49,0x82,0x20,0x41,0x08,0x41,0x08,0x41,0x08,0x41,0x08,0x62,0x10,0x41,0x08,0x62,0x08,
    0x62,0x08,0x41,0x10,0x62,0x08,0x62,0x10,0x62,0x08,0x62,0x08,0x61,0x08,0x42,0x08,0x41,0x08,0x61,0x08,0x62,0x08,0x61,0x10,
    0x42,0x08,0x41,0x08,0x62,0x08,0x61,0x10,0x62,0x10,0x62,0x10,0x82,0x18,0x64,0x41,0x84,0x51,0xe5,0x59,0x43,0x49,0xe2,0x30,
    0xe2,0x30,0xa2,0x20,0x64,0x49,0x66,0x72,0xa4,0x51,0x23,0x41,0x64,0x49,0x84,0x49,0xa5,0x51,0x46,0x7a,0xe5,0x61,0x84,0x51,
    0x84,0x49,0xc8,0x82,0x26,0x62,0x24,0x39,0x23,0x39,0x03,0x31,0xa4,0x51,0x84,0x49,0x03,0x31,0xc5,0x51,0xc2,0x28,0x85,0x41,
    0xa7,0x7a,0xc5,0x61,0x84,0x49,0x63,0x49,0x43,0x41,0x04,0x39,0xc6,0x59,0x89,0x6a,0x2b,0x83,0xcd,0x9b,0x0e,0xa4,0x70,0xac,
    0x70,0xb4,0x90,0xb4,0x90,0xb4,0x90,0xb4,0x70,0xb4,0x4f,0xac,0x70,0xb4,0x4f,0xac,0x2f,0xa4,0xee,0xa3,0xee,0xa3,0xee,0x9b,
    0xcd,0x9b,0xad,0x9b,0x8c,0x93,0x8c,0x93,0x48,0x62,0x00,0x00,0x61,0x08,0x61,0x08,0xa1,0x08,0xe1,0x10,0xe1,0x10,0xc1,0x08,
    0xe0,0x10,0xe1,0x08,0x42,0x19,0xa2,0x29,0xc2,0x29,0xe3,0x31,0xe1,0x10,0xc1,0x08,0xa2,0x10,0xa2,0x10,0xa2,0x10,0xc2,0x10,
    0x24,0x21,0xa6,0x31,0x03,0x19,0x40,0x00,0x40,0x08,0x61,0x08,0x44,0x21,0x28,0x4a,0x47,0x3a,0x84,0x29,0x43,0x21,0x22,0x11,
    0x21,0x19,0x21,0x11,0xe1,0x10,0xc1,0x10,0x81,0x19,0x22,0x32,0x43,0x32,0x23,0x32,0x62,0x21,0xc2,0x10,0x60,0x08,0x84,0x39,
    0x34,0xf6,0x34,0xf6,0x34,0xf6,0x35,0xee,0xf4,0xed,0xd4,0xe5,0xb3,0xdd,0x52,0xd5,0xd0,0xc4,0xb0,0xc4,0xaf,0xbc,0x4e,0xb4,
    0xed,0xab,0x8b,0xa3,0x2a,0x93,0xe9,0x92,0x87,0x8a,0x67,0x8a,0x66,0x8a,0x86,0x82,0x66,0x8a,0x69,0xa3,0xa6,0x8a,0xe4,0x79,
    0xc4,0x69,0x66,0x82,0xe4,0x61,0xe5,0x69,0xa4,0x61,0x64,0x51,0xa4,0x61,0x84,0x51,0x04,0x39,0xc2,0x28,0xc3,0x28,0xa2,0x20,
    0x03,0x31,0xe3,0x30,0x64,0x49,0x44,0x41,0x03,0x39,0x03,0x31,0x85,0x51,0x44,0x41,0x61,0x10,0x41,0x08,0x41,0x08,0x41,0x08,
    0x41,0x08,0x62,0x08,0x41,0x08,0x62,0x10,0x61,0x08,0x62,0x10,0x61,0x08,0x62,0x10,0x61,0x08,0x42,0x08,0x61,0x10,0x42,0x08,
    0x61,0x08,0x42,0x10,0x61,0x08,0x42,0x08,0x61,0x08,0x41,0x08,0x41,0x08,0x62,0x08,0x61,0x10,0x61,0x08,0xa2,0x18,0x23,0x31,
    0x43,0x41,0xc4,0x61,0x03,0x39,0xe3,0x30,0xe2,0x28,0xc2,0x28,0xc5,0x51,0x67,0x72,0x44,0x41,0x44,0x41,0x24,0x41,0x64,0x49,
    0xa5,0x51,0x67,0x7a,0xc5,0x61,0x84,0x51,0x84,0x51,0xa8,0x7a,0x46,0x62,0x24,0x39,0x23,0x39,0xe3,0x28,0x64,0x41,0x84,0x49,
    0x03,0x31,0xc5,0x51,0x03,0x31,0x23,0x39,0xa7,0x7a,0x05,0x6a,0x64,0x51,0x64,0x49,0x43,0x49,0x04,0x31,0xc6,0x59,0x89,0x72,
    0x2b,0x83,0xad,0x9b,0x2f,0xa4,0x4f,0xb4,0x90,0xb4,0x70,0xb4,0xb1,0xb4,0x6f,0xb4,0x4f,0xb4,0x4f,0xac,0x50,0xac,0x2f,0xac,
    0x0e,0xa4,0xcd,0xa3,0xcd,0x9b,0xcd,0xa3,0xcd,0x9b,0xac,0x9b,0x6c,0x8b,0x8c,0x93,0x06,0x5a,0x20,0x00,0x41,0x08,0x40,0x08,
    0x81,0x08,0xe1,0x10,0x01,0x11,0x01,0x11,0xe1,0x10,0x00,0x11,0xe0,0x10,0x42,0x19,0x43,0x3a,0xe3,0x39,0xe1,0x10,0xe2,0x10,
    0xe2,0x18,0x03,0x21,0xc2,0x10,0xa1,0x10,0xa1,0x10,0xa1,0x10,0x61,0x08,0x60,0x08,0x61,0x08,0x60,0x08,0xc1,0x10,0x23,0x19,
    0x84,0x21,0xa4,0x21,0x83,0x21,0x21,0x11,0x00,0x11,0x21,0x19,0x01,0x11,0x20,0x11,0xa2,0x21,0xc2,0x21,0xc2,0x21,0x81,0x21,
    0x01,0x11,0xa1,0x10,0x60,0x00,0xc4,0x41,0x34,0xf6,0x35,0xf6,0x55,0xf6,0x34,0xee,0x14,0xee,0xd4,0xdd,0x92,0xdd,0x52,0xd5,
    0xf0,0xc4,0xb0,0xc4,0x8f,0xbc,0x2e,0xb4,0xed,0xab,0x6b,0x9b,0x2a,0x93,0xc8,0x92,0x87,0x8a,0x47,0x82,0x46,0x8a,0x86,0x8a,
    0xa6,0x8a,0x48,0x9b,0x25,0x82,0x04,0x7a,0x04,0x72,0x86,0x82,0xa5,0x61,0xc4,0x61,0xa5,0x59,0x84,0x59,0xe5,0x69,0x64,0x51,
    0x03,0x39,0xe3,0x28,0xa2,0x28,0xe3,0x28,0x03,0x39,0xe3,0x30,0x84,0x51,0x44,0x49,0x04,0x39,0x03,0x31,0x85,0x51,0xe2,0x30,
    0x41,0x08,0x61,0x08,0x21,0x08,0x41,0x08,0x41,0x08,0x62,0x08,0x61,0x08,0x42,0x10,0x62,0x08,0x62,0x10,0x62,0x10,0x61,0x08,
    0x62,0x08,0x41,0x08,0x62,0x10,0x41,0x08,0x62,0x08,0x41,0x08,0x61,0x10,0x62,0x08,0x62,0x10,0x41,0x08,0x42,0x08,0x61,0x10,
    0x62,0x08,0x41,0x08,0x82,0x18,0xe3,0x28,0x23,0x41,0x84,0x59,0x22,0x39,0xe3,0x30,0xe2,0x30,0xa3,0x20,0x26,0x62,0x26,0x6a,
    0x03,0x39,0x84,0x51,0x43,0x49,0x24,0x41,0x26,0x62,0x86,0x82,0xc5,0x61,0x84,0x51,0x84,0x49,0x67,0x6a,0x26,0x62,0x04,0x39,
    0x23,0x31,0xc2,0x28,0x03,0x31,0xa4,0x51,0x03,0x31,0x84,0x49,0x64,0x41,0xe3,0x30,0x67,0x72,0x26,0x72,0x84,0x51,0x44,0x49,
    0x43,0x41,0x04,0x39,0xc6,0x51,0x89,0x72,0x2b,0x83,0xcc,0x9b,0x0e,0xa4,0x6f,0xac,0x70,0xb4,0x90,0xb4,0x70,0xb4,0x70,0xb4,
    0x6f,0xb4,0x4f,0xac,0x4f,0xac,0x2f,0xac,0xee,0xa3,0xee,0xa3,0xcd,0x9b,0xee,0xa3,0xee,0x9b,0x8c,0x93,0x6b,0x93,0x6c,0x93,
    0xc6,0x51,0x00,0x00,0x41,0x08,0x40,0x08,0x61,0x08,0xa1,0x10,0x22,0x19,0x41,0x19,0x21,0x11,0x01,0x11,0xe0,0x10,0x62,0x21,
    0xa2,0x29,0x01,0x19,0xc1,0x10,0x01,0x11,0xc3,0x18,0x65,0x29,0x24,0x21,0xc2,0x10,0xa2,0x10,0x81,0x08,0x60,0x08,0x61,0x08,
    0x80,0x08,0xa1,0x08,0xc1,0x10,0x02,0x19,0x83,0x21,0xa4,0x21,0x83,0x21,0x41,0x11,0x01,0x11,0x01,0x11,0x00,0x11,0x41,0x19,
    0x61,0x19,0x21,0x19,0x41,0x11,0x01,0x11,0xa1,0x10,0xc0,0x10,0x60,0x00,0xc4,0x41,0x34,0xf6,0x54,0xf6,0x35,0xf6,0x34,0xee,
    0x15,0xee,0xd3,0xdd,0x93,0xdd,0x51,0xd5,0xf0,0xcc,0xd0,0xc4,0x8f,0xbc,0x0d,0xb4,0xec,0xa3,0x8b,0xa3,0x0a,0x93,0xa8,0x92,
    0x67,0x8a,0x66,0x8a,0x26,0x82,0xa6,0x8a,0xc7,0x8a,0x48,0x9b,0x44,0x82,0x04,0x7a,0x45,0x82,0x86,0x82,0xa4,0x61,0xa4,0x61,
    0x83,0x51,0xc5,0x69,0xe5,0x69,0x23,0x49,0x24,0x39,0xc2,0x28,0xc2,0x28,0xe3,0x30,0x03,0x31,0x03,0x31,0x65,0x49,0x43,0x41,
    0x03,0x39,0x24,0x39,0x84,0x51,0x82,0x18,0x41,0x10,0x41,0x08,0x41,0x08,0x42,0x08,0x41,0x08,0x61,0x08,0x42,0x10,0x61,0x08,
    0x62,0x08,0x82,0x10,0x61,0x08,0x62,0x10,0x61,0x08,0x42,0x08,0x61,0x08,0x42,0x08,0x61,0x10,0x41,0x08,0x42,0x08,0x61,0x08,
    0x62,0x10,0x41,0x08,0x61,0x08,0x62,0x10,0x61,0x08,0x61,0x08,0x82,0x10,0xc3,0x20,0x02,0x39,0x84,0x59,0x23,0x41,0xe2,0x30,
    0xc2,0x28,0x23,0x31,0xa7,0x7a,0x64,0x49,0x23,0x39,0xa5,0x59,0x03,0x41,0x44,0x41,0xa7,0x7a,0x87,0x7a,0xe5,0x69,0xa5,0x59,
    0x84,0x49,0x47,0x6a,0x47,0x62,0x03,0x31,0x44,0x39,0xc3,0x28,0xc2,0x20,0x64,0x49,0x23,0x39,0x44,0x41,0xa5,0x51,0xe2,0x28,
    0x26,0x62,0x66,0x72,0x84,0x51,0x43,0x41,0x23,0x41,0x24,0x39,0xc6,0x59,0x89,0x6a,0x2b,0x83,0xad,0x9b,0x0e,0xa4,0x70,0xb4,
    0x4f,0xac,0x6f,0xb4,0x70,0xb4,0x6f,0xb4,0x4f,0xac,0x2f,0xac,0x2f,0xac,0x2f,0xac,0x0e,0xa4,0xce,0xa3,0xcd,0x9b,0x0e,0xa4,
    0xee,0x9b,0x8c,0x9b,0x6c,0x8b,0x6b,0x93,0xa5,0x41,0x00,0x00,0x41,0x08,0x40,0x08,0x40,0x00,0x82,0x10,0x43,0x21,0x61,0x19,
    0x21,0x19,0x00,0x11,0x01,0x11,0x01,0x11,0xe0,0x10,0xc0,0x08,0xe1,0x10,0x01,0x19,0x81,0x08,0xe2,0x18,0x24,0x21,0x04,0x19,
    0xe2,0x10,0xa1,0x10,0x61,0x08,0x60,0x08,0x80,0x08,0xa0,0x08,0xc1,0x10,0x22,0x19,0xa4,0x29,0xc5,0x29,0x83,0x21,0x42,0x19,
    0x21,0x11,0x01,0x11,0x21,0x11,0x41,0x19,0x01,0x11,0xc0,0x10,0xc1,0x10,0xc1,0x10,0xc1,0x10,0xc1,0x10,0x80,0x00,0xc4,0x41,
    0x34,0xf6,0x34,0xf6,0x34,0xf6,0x15,0xee,0x14,0xee,0xd4,0xdd,0x93,0xdd,0x52,0xcd,0xf0,0xcc,0xb0,0xc4,0x8f,0xbc,0x0d,0xac,
    0xcd,0xa3,0x6a,0x9b,0x09,0x93,0xc8,0x8a,0x87,0x8a,0x26,0x82,0x46,0x82,0x87,0x8a,0xe7,0x92,0x08,0x93,0x24,0x82,0x04,0x7a,
    0xa6,0x8a,0x66,0x7a,0xc4,0x69,0xa4,0x59,0x64,0x51,0x25,0x72,0xc4,0x61,0x23,0x41,0x23,0x39,0xa3,0x28,0xc2,0x28,0xe3,0x30,
    0x03,0x31,0x23,0x39,0x64,0x51,0x24,0x41,0xe3,0x30,0x44,0x41,0x44,0x41,0x61,0x10,0x41,0x08,0x62,0x10,0x41,0x08,0x41,0x08,
    0x61,0x08,0x42,0x08,0x61,0x08,0x62,0x10,0x61,0x08,0x62,0x10,0x62,0x08,0x41,0x08,0x62,0x10,0x61,0x08,0x42,0x10,0x61,0x08,
    0x41,0x08,0x42,0x08,0x61,0x08,0x42,0x10,0x61,0x08,0x42,0x08,0x61,0x10,0x62,0x08,0x41,0x10,0x42,0x08,0x61,0x10,0x82,0x18,
    0x03,0x39,0x83,0x51,0x23,0x41,0x03,0x31,0xc3,0x28,0x65,0x41,0x87,0x7a,0xe2,0x30,0x24,0x39,0xc5,0x59,0x03,0x39,0x84,0x49,
    0x87,0x7a,0x46,0x7a,0x05,0x6a,0x85,0x51,0x64,0x49,0x26,0x62,0x26,0x62,0xe3,0x30,0x44,0x39,0xc2,0x28,0xa2,0x20,0x64,0x41,
    0x44,0x41,0x23,0x39,0xe5,0x59,0xe3,0x30,0x05,0x62,0x67,0x7a,0xa4,0x59,0x23,0x41,0x23,0x41,0x24,0x41,0xa6,0x51,0x88,0x6a,
    0x2b,0x83,0xad,0x93,0x0e,0xa4,0x4f,0xac,0x50,0xb4,0x70,0xb4,0x6f,0xb4,0x4f,0xac,0x4f,0xac,0x2f,0xac,0x2f,0xac,0x0e,0xa4,
    0x0f,0xa4,0xee,0xa3,0xee,0xa3,0x2f,0xa4,0xee,0x9b,0x6c,0x93,0x6b,0x93,0x6c,0x93,0x44,0x39,0x20,0x00,0x40,0x08,0x41,0x08,
    0x61,0x08,0xe2,0x10,0xa3,0x21,0x81,0x19,0x41,0x19,0x20,0x19,0x21,0x11,0xe0,0x10,0xc1,0x10,0xe0,0x10,0x00,0x11,0x40,0x11,
    0x60,0x08,0x81,0x08,0xa2,0x10,0xa2,0x18,0xa1,0x08,0x61,0x08,0xa0,0x08,0xa1,0x08,0x80,0x08,0x80,0x08,0xc1,0x10,0xe1,0x10,
    0x43,0x19,0x83,0x21,0x43,0x19,0x22,0x19,0xe1,0x10,0x01,0x11,0xc2,0x29,0xe2,0x31,0x61,0x19,0x01,0x11,0xa1,0x10,0xc1,0x10,
    0xc1,0x08,0xc0,0x10,0x80,0x00,0xe4,0x49,0x55,0xf6,0x34,0xf6,0x34,0xf6,0x14,0xee,0xf4,0xed,0xb3,0xdd,0x92,0xdd,0x52,0xd5,
    0xf0,0xc4,0xb0,0xbc,0x6e,0xbc,0x2d,0xac,0xac,0xa3,0x4a,0x9b,0xe9,0x92,0xa8,0x8a,0x67,0x8a,0x26,0x82,0x66,0x82,0x86,0x8a,
    0x08,0x93,0xa6,0x8a,0x24,0x82,0x45,0x7a,0x86,0x8a,0x05,0x72,0xe4,0x69,0x23,0x41,0x63,0x51,0x25,0x72,0x44,0x59,0x44,0x49,
    0x23,0x39,0xc2,0x28,0xc3,0x28,0xe3,0x30,0x03,0x39,0x24,0x39,0x85,0x51,0x23,0x41,0x24,0x39,0x24,0x49,0x23,0x39,0x41,0x08,
    0x41,0x08,0x61,0x10,0x41,0x08,0x62,0x08,0x41,0x08,0x41,0x10,0x42,0x08,0x41,0x08,0x62,0x10,0x62,0x08,0x61,0x08,0x62,0x08,
    0x61,0x10,0x62,0x08,0x61,0x08,0x42,0x10,0x61,0x08,0x41,0x08,0x62,0x08,0x61,0x08,0x62,0x08,0x61,0x10,0x82,0x10,0x41,0x08,
    0x41,0x08,0x61,0x08,0x62,0x10,0x61,0x10,0x23,0x31,0xc5,0x61,0xe2,0x38,0x23,0x39,0xe2,0x28,0x05,0x5a,0x26,0x6a,0xa2,0x28,
    0x64,0x41,0xc4,0x61,0x03,0x41,0xc5,0x59,0x26,0x72,0x26,0x72,0xe5,0x61,0x84,0x51,0x44,0x49,0x67,0x62,0x26,0x62,0xe3,0x28,
    0x44,0x39,0xe3,0x28,0x82,0x18,0x23,0x31,0x44,0x41,0x03,0x39,0x05,0x5a,0xe3,0x30,0xe5,0x59,0x87,0x7a,0xe5,0x61,0x23,0x41,
    0x03,0x41,0x44,0x41,0xa5,0x51,0x68,0x6a,0x2b,0x8b,0xad,0x93,0xee,0xa3,0x2e,0xac,0x50,0xac,0x70,0xac,0x6f,0xb4,0x50,0xac,
    0x2f,0xac,0x2e,0xac,0x2f,0xac,0x0e,0xa4,0xee,0xa3,0xed,0xa3,0xee,0xa3,0xee,0x9b,0xcd,0x9b,0x8d,0x93,0x6b,0x93,0x4b,0x8b,
    0x03,0x29,0x00,0x00,0x41,0x08,0x40,0x00,0x61,0x08,0x02,0x19,0x62,0x19,0x21,0x19,0x01,0x11,0xe1,0x10,0xe1,0x10,0xe0,0x10,
    0xc1,0x10,0xc1,0x08,0x20,0x19,0x40,0x19,0xa0,0x08,0x80,0x08,0x60,0x08,0x60,0x08,0xe1,0x10,0x61,0x21,0x63,0x21,0xe6,0x39,
    0x27,0x42,0x84,0x21,0x01,0x19,0x01,0x19,0x01,0x19,0x02,0x19,0x22,0x19,0x21,0x19,0x01,0x19,0x20,0x19,0x23,0x32,0xc4,0x4a,
    0x83,0x42,0xa3,0x29,0xc1,0x10,0xa1,0x10,0xc1,0x10,0xc1,0x10,0x80,0x00,0x05,0x4a,0x54,0xfe,0x55,0xf6,0x35,0xf6,0x34,0xee,
    0xf5,0xed,0x93,0xdd,0x73,0xd5,0x52,0xd5,0xf1,0xc4,0xaf,0xc4,0x4f,0xb4,0x0d,0xac,0x8c,0xa3,0x4a,0x9b,0xe9,0x92,0x88,0x8a,
    0x46,0x82,0x26,0x82,0x45,0x82,0xa7,0x8a,0x28,0x9b,0x65,0x8a,0x86,0x8a,0x65,0x82,0x05,0x72,0x45,0x82,0x64,0x51,0xe2,0x38,
    0xa4,0x59,0x05,0x72,0x43,0x51,0x64,0x51,0xe3,0x30,0xa2,0x20,0xe3,0x30,0xe3,0x30,0x23,0x39,0x44,0x49,0x85,0x51,0x03,0x41,
    0x44,0x41,0x64,0x49,0xe3,0x28,0x41,0x08,0x41,0x08,0x41,0x08,0x41,0x08,0x62,0x08,0x41,0x08,0x62,0x08,0x61,0x08,0x42,0x08,
    0x61,0x10,0x62,0x08,0x62,0x10,0x41,0x08,0x62,0x08,0x42,0x10,0x62,0x08,0x61,0x08,0x42,0x08,0x41,0x08,0x41,0x08,0x42,0x10,
    0x61,0x08,0x62,0x10,0x62,0x10,0x41,0x08,0x62,0x08,0x41,0x08,0x62,0x10,0x62,0x10,0xe3,0x28,0xe5,0x61,0xc2,0x28,0x03,0x31,
    0x24,0x39,0x87,0x7a,0x43,0x41,0xa2,0x28,0x84,0x49,0xa5,0x61,0x44,0x49,0xe5,0x59,0xc5,0x59,0x46,0x7a,0xc5,0x61,0x64,0x49,
    0x44,0x41,0x06,0x5a,0xe6,0x59,0x03,0x31,0x64,0x39,0xc2,0x28,0x61,0x10,0xe3,0x28,0x63,0x49,0xe3,0x30,0xe5,0x59,0x23,0x39,
    0xa4,0x51,0xa7,0x7a,0x05,0x62,0x43,0x41,0x03,0x41,0x44,0x39,0xc6,0x59,0x68,0x6a,0x2b,0x83,0xad,0x9b,0x0e,0xa4,0x2f,0xac,
    0x2e,0xac,0x70,0xb4,0x4f,0xac,0x4f,0xb4,0x2f,0xac,0x2f,0xac,0x0e,0xac,0x0f,0xa4,0x0e,0xa4,0x0e,0xa4,0xee,0xa3,0xad,0x9b,
    0xad,0x93,0xac,0x93,0x6c,0x93,0x2a,0x8b,0xe3,0x20,0x20,0x00,0x40,0x08,0x21,0x00,0x40,0x08,0xa1,0x08,0xc0,0x10,0xc1,0x10,
    0xa1,0x08,0xa0,0x10,0xa1,0x08,0x42,0x19,0x21,0x19,0xc1,0x10,0x01,0x11,0x41,0x19,0xa1,0x10,0x81,0x08,0x80,0x08,0x61,0x00,
    0xe1,0x10,0x42,0x32,0xe4,0x42,0xc7,0x4a,0xea,0x5a,0x26,0x42,0x84,0x29,0xc5,0x31,0x83,0x29,0x63,0x29,0x61,0x21,0x41,0x21,
    0x40,0x19,0x61,0x19,0x82,0x42,0x23,0x4b,0x43,0x3a,0x41,0x21,0x81,0x08,0xa1,0x10,0xa0,0x08,0xc1,0x10,0xa1,0x10,0xa7,0x62,
    0x75,0xfe,0x34,0xee,0x55,0xf6,0x14,0xee,0xf4,0xed,0xb3,0xdd,0x73,0xdd,0x51,0xd5,0xf0,0xc4,0xb0,0xc4,0x4e,0xb4,0x0d,0xac,
    0x8c,0xa3,0x2a,0x9b,0xc8,0x92,0x87,0x82,0x26,0x82,0x26,0x82,0x66,0x82,0x86,0x8a,0x28,0x9b,0x85,0x82,0x86,0x8a,0x65,0x82,
    0x46,0x82,0x25,0x72,0x02,0x41,0x03,0x41,0xc5,0x61,0xc4,0x69,0x84,0x59,0x64,0x49,0xc2,0x28,0xa2,0x28,0x03,0x39,0xe3,0x30,
    0x03,0x39,0x64,0x49,0x84,0x49,0x03,0x39,0x84,0x51,0x64,0x49,0xc2,0x20,0x41,0x08,0x41,0x08,0x41,0x08,0x61,0x10,0x62,0x08,
    0x41,0x08,0x42,0x10,0x61,0x08,0x41,0x08,0x62,0x08,0x61,0x10,0x62,0x08,0x42,0x08,0x61,0x10,0x62,0x08,0x61,0x10,0x42,0x08,
    0x61,0x08,0x42,0x08,0x61,0x10,0x62,0x08,0x62,0x10,0x82,0x10,0x41,0x08,0x61,0x08,0x41,0x08,0x41,0x08,0x61,0x08,0x62,0x10,
    0xe2,0x28,0xc4,0x59,0x03,0x31,0x23,0x39,0xc5,0x51,0x87,0x72,0xa2,0x28,0xe3,0x30,0xc5,0x59,0x84,0x51,0xc5,0x59,0x23,0x41,
    0xa5,0x59,0x45,0x72,0xc5,0x61,0x64,0x49,0x23,0x39,0xe6,0x59,0x84,0x49,0x24,0x39,0x44,0x39,0xe3,0x28,0x82,0x18,0xe3,0x28,
    0x43,0x41,0xe3,0x28,0xe5,0x59,0x44,0x41,0x84,0x49,0x87,0x7a,0xe5,0x69,0x64,0x41,0x03,0x41,0x24,0x41,0xc6,0x51,0x68,0x72,
    0x2b,0x83,0xad,0x9b,0x0e,0xa4,0x0e,0xac,0x4f,0xac,0x4f,0xac,0x50,0xac,0x0e,0xac,0x2f,0xac,0x2e,0xac,0x0e,0xa4,0x0e,0xa4,
    0x0e,0xa4,0xee,0xa3,0xed,0x9b,0xcd,0x9b,0xcd,0x9b,0x6c,0x93,0x6b,0x8b,0x0a,0x83,0x03,0x29,0x61,0x08,0x41,0x08,0x60,0x08,
    0x61,0x08,0x81,0x08,0xe2,0x10,0xe1,0x10,0xc1,0x10,0xa0,0x08,0xc1,0x10,0x62,0x21,0xc2,0x29,0xe2,0x18,0xe2,0x18,0x22,0x19,
    0x01,0x11,0x01,0x11,0xc1,0x08,0x80,0x08,0x60,0x08,0xa2,0x21,0x23,0x43,0x03,0x3b,0xe4,0x42,0x64,0x3a,0x26,0x3a,0x48,0x4a,
    0xe5,0x39,0xe3,0x31,0x22,0x3a,0xc1,0x21,0x21,0x19,0x61,0x19,0x81,0x32,0xc2,0x3a,0xa1,0x21,0xa1,0x08,0x80,0x08,0x81,0x08,
    0x80,0x10,0xa1,0x10,0x81,0x08,0xe9,0x6a,0x75,0xfe,0x34,0xf6,0x35,0xee,0x14,0xf6,0x15,0xe6,0xb3,0xe5,0x93,0xd5,0x11,0xd5,
    0xd0,0xc4,0xb0,0xbc,0x4e,0xbc,0xcd,0xab,0x6b,0x9b,0x29,0x93,0xc9,0x92,0x67,0x82,0x26,0x82,0x26,0x7a,0x46,0x8a,0x86,0x82,
    0x08,0x9b,0x85,0x8a,0x66,0x82,0x65,0x82,0xc7,0x8a,0x83,0x59,0xc2,0x30,0x23,0x49,0x05,0x6a,0xa4,0x69,0xc4,0x61,0x23,0x41,
    0xa2,0x28,0xa2,0x20,0x03,0x39,0xe3,0x30,0x03,0x39,0x64,0x49,0x44,0x49,0x24,0x41,0x85,0x51,0x03,0x39,0xa2,0x20,0x62,0x10,
    0x41,0x08,0x41,0x08,0x41,0x08,0x62,0x10,0x61,0x08,0x42,0x08,0x61,0x08,0x42,0x10,0x61,0x08,0x62,0x08,0x61,0x10,0x42,0x08,
    0x61,0x08,0x62,0x08,0x61,0x08,0x42,0x08,0x41,0x08,0x62,0x10,0x41,0x08,0x41,0x08,0x82,0x10,0x61,0x08,0x62,0x08,0x41,0x10,
    0x42,0x08,0x41,0x08,0x41,0x08,0x82,0x10,0x44,0x39,0xa4,0x59,0x23,0x39,0x64,0x41,0x87,0x72,0xe5,0x61,0x81,0x20,0x24,0x39,
    0x05,0x6a,0xa4,0x61,0xe5,0x59,0xe3,0x38,0x84,0x51,0x25,0x72,0xc4,0x59,0x43,0x49,0x24,0x39,0x06,0x5a,0x64,0x41,0x44,0x39,
    0x03,0x31,0xe3,0x30,0x82,0x18,0xe3,0x28,0x43,0x39,0xc2,0x28,0xc5,0x59,0xc5,0x51,0x44,0x41,0x86,0x7a,0x05,0x6a,0x44,0x41,
    0x23,0x41,0x44,0x41,0xc6,0x51,0x27,0x6a,0x0a,0x83,0xad,0x9b,0xed,0xa3,0x0f,0xa4,0x4f,0xac,0x4f,0xac,0x2f,0xac,0x2f,0xac,
    0x4f,0xac,0x0f,0xa4,0x0e,0xac,0xee,0xa3,0xee,0xa3,0x0e,0xa4,0xee,0x9b,0xce,0x9b,0xad,0x9b,0x6c,0x93,0x4b,0x8b,0xea,0x7a,
    0xe3,0x20,0x60,0x08,0x61,0x08,0x82,0x08,0xe3,0x18,0xa4,0x29,0xa3,0x29,0x01,0x11,0xe1,0x10,0xc1,0x10,0xa1,0x08,0x62,0x19,
    0xc4,0x31,0x03,0x19,0x03,0x19,0x03,0x21,0xe3,0x31,0xe3,0x39,0x62,0x21,0x81,0x08,0x20,0x08,0x01,0x19,0xc3,0x42,0x22,0x3b,
    0xa1,0x32,0xa2,0x3a,0xc6,0x4a,0x48,0x4a,0xc5,0x29,0x04,0x32,0x43,0x3a,0xa1,0x29,0x20,0x11,0xa1,0x21,0xa1,0x3a,0x02,0x4b,
    0xa1,0x29,0xa2,0x10,0xa1,0x10,0xa1,0x08,0x80,0x08,0xa1,0x08,0x60,0x00,0x09,0x73,0x96,0xfe,0x34,0xf6,0x35,0xf6,0x35,0xee,
    0xf4,0xed,0xb3,0xdd,0x73,0xdd,0x52,0xcd,0xf1,0xcc,0xaf,0xbc,0x2e,0xb4,0xed,0xab,0x6b,0x9b,0x09,0x93,0xc8,0x8a,0x67,0x82,
    0x26,0x82,0x05,0x7a,0x45,0x8a,0xa7,0x8a,0xe7,0x92,0x66,0x82,0x45,0x82,0xe6,0x92,0x86,0x8a,0x02,0x49,0xe2,0x38,0x64,0x51,
    0x04,0x72,0xa4,0x61,0xc5,0x61,0xe3,0x38,0xa2,0x28,0xa2,0x28,0x23,0x39,0xe3,0x30,0x23,0x31,0x85,0x51,0x44,0x49,0x64,0x49,
    0x64,0x49,0x03,0x39,0xa3,0x20,0x61,0x08,0x21,0x08,0x41,0x08,0x41,0x08,0x61,0x08,0x42,0x08,0x61,0x10,0x42,0x08,0x61,0x08,
    0x41,0x08,0x62,0x10,0x62,0x08,0x41,0x08,0x62,0x10,0x61,0x08,0x62,0x10,0x62,0x10,0x61,0x08,0x41,0x08,0x62,0x08,0x62,0x10,
    0x62,0x08,0x61,0x10,0x61,0x10,0x41,0x08,0x61,0x08,0x41,0x08,0x61,0x08,0x82,0x18,0xa4,0x51,0x64,0x51,0x23,0x39,0x06,0x5a,
    0xa7,0x7a,0x44,0x49,0x82,0x20,0x84,0x41,0x46,0x72,0xa4,0x61,0x43,0x41,0x23,0x41,0x64,0x49,0x05,0x6a,0x84,0x59,0x23,0x41,
    0x64,0x49,0x06,0x52,0x43,0x39,0x44,0x39,0x23,0x39,0xe3,0x28,0xa2,0x20,0xc2,0x20,0x03,0x31,0xe2,0x30,0xa5,0x51,0xc4,0x59,
    0x23,0x39,0x66,0x7a,0xe5,0x61,0x23,0x41,0x23,0x41,0x24,0x41,0xc6,0x59,0x67,0x6a,0x0b,0x8b,0xad,0x93,0xee,0xa3,0x0e,0xa4,
    0x2f,0xac,0x2f,0xac,0x4f,0xac,0x2e,0xac,0x0e,0xac,0x0e,0xa4,0xee,0xa3,0xee,0xa3,0xee,0x9b,0xee,0xa3,0xee,0xa3,0xed,0x9b,
    0xad,0x93,0x6c,0x93,0x4b,0x93,0xa9,0x72,0x61,0x08,0x60,0x08,0x61,0x08,0x81,0x08,0x43,0x21,0x25,0x3a,0xc4,0x31,0x01,0x11,
    0xe1,0x10,0xe1,0x10,0xc1,0x10,0x01,0x19,0x22,0x19,0xc2,0x18,0xe3,0x18,0xc2,0x10,0xe3,0x39,0xc3,0x31,0x22,0x21,0x61,0x08,
    0x20,0x00,0xa1,0x10,0xa2,0x42,0x42,0x4b,0xc1,0x32,0x81,0x32,0xc2,0x3a,0x43,0x32,0x64,0x29,0xc4,0x31,0xc1,0x21,0x41,0x19,
    0x40,0x11,0x81,0x19,0x41,0x32,0xc2,0x42,0xa2,0x21,0xa1,0x08,0xc1,0x10,0xe1,0x18,0xe1,0x10,0xc1,0x10,0x40,0x00,0x4a,0x83,
    0xb6,0xfe,0x35,0xee,0x55,0xf6,0x14,0xee,0xd4,0xe5,0xb3,0xe5,0x72,0xd5,0x32,0xd5,0xf1,0xc4,0x8f,0xbc,0x4f,0xb4,0xed,0xab,
    0x6b,0x9b,0x2a,0x93,0xa8,0x8a,0x47,0x82,0x06,0x82,0x05,0x7a,0x46,0x82,0xe7,0x92,0x08,0x93,0x65,0x8a,0x65,0x82,0x07,0x9b,
    0xc4,0x69,0xe2,0x40,0x02,0x41,0x84,0x59,0x05,0x72,0xe4,0x69,0x84,0x59,0xe2,0x30,0xc2,0x30,0xa2,0x28,0x24,0x41,0xe2,0x28,
    0x03,0x39,0x85,0x51,0x64,0x49,0x85,0x51,0x44,0x41,0x23,0x39,0xa2,0x18,0x41,0x08,0x41,0x08,0x41,0x08,0x41,0x08,0x42,0x08,
    0x61,0x08,0x42,0x08,0x61,0x08,0x42,0x08,0x61,0x08,0x41,0x08,0x62,0x10,0x62,0x08,0x41,0x08,0x62,0x10,0x61,0x08,0x62,0x08,
    0x42,0x08,0x41,0x08,0x62,0x10,0x61,0x08,0x62,0x10,0x62,0x08,0x61,0x08,0x42,0x08,0x41,0x08,0x42,0x08,0x61,0x10,0xc3,0x20,
    0xc5,0x59,0x43,0x49,0x84,0x41,0xa7,0x72,0x05,0x6a,0x03,0x39,0xc2,0x20,0x85,0x51,0x66,0x7a,0x02,0x41,0x03,0x41,0x64,0x41,
    0x23,0x41,0xc4,0x61,0x84,0x59,0x23,0x41,0xa5,0x49,0xc6,0x51,0x03,0x31,0x23,0x39,0x23,0x31,0xe3,0x28,0x82,0x18,0xe2,0x20,
    0xe3,0x30,0xc2,0x28,0x44,0x41,0xe5,0x59,0x03,0x39,0x66,0x72,0x26,0x72,0x43,0x41,0x23,0x41,0x44,0x41,0xc6,0x51,0x89,0x72,
    0x2b,0x8b,0xad,0x9b,0xed,0x9b,0x0e,0xac,0x2f,0xac,0x2f,0xac,0x2f,0xac,0x0e,0xac,0x2f,0xa4,0x0e,0xa4,0xee,0xa3,0xee,0x9b,
    0xee,0xa3,0xee,0x9b,0xcd,0x9b,0xce,0x9b,0xad,0x93,0x6c,0x93,0x6c,0x8b,0x47,0x62,0x40,0x08,0x61,0x08,0x61,0x08,0x81,0x08,
    0xe2,0x18,0x22,0x19,0xe1,0x18,0x01,0x11,0x01,0x11,0x01,0x11,0xc1,0x10,0xa1,0x08,0x81,0x08,0xa1,0x10,0xa2,0x10,0x60,0x08,
    0x41,0x19,0x22,0x19,0x81,0x08,0x41,0x08,0x20,0x08,0x81,0x08,0x42,0x32,0x62,0x4b,0x01,0x43,0x81,0x32,0xa1,0x32,0x61,0x32,
    0xe2,0x29,0x82,0x29,0x41,0x19,0x20,0x11,0x40,0x19,0x81,0x19,0x80,0x19,0x61,0x19,0x01,0x11,0xc1,0x10,0x01,0x11,0x22,0x21,
    0x22,0x19,0x02,0x11,0x80,0x00,0xec,0x93,0xb6,0xfe,0x35,0xf6,0x34,0xf6,0x14,0xee,0xd4,0xe5,0xb3,0xdd,0x52,0xd5,0x11,0xd5,
    0xf1,0xc4,0x8f,0xbc,0x2e,0xb4,0xcd,0xa3,0x6b,0x9b,0xe9,0x92,0xa8,0x8a,0x67,0x82,0x25,0x7a,0x26,0x82,0x66,0x82,0x08,0x93,
    0x65,0x82,0x24,0x82,0xc6,0x92,0x08,0x9b,0x42,0x59,0x02,0x41,0x23,0x49,0xe5,0x61,0xe4,0x71,0xe5,0x69,0x64,0x51,0xe3,0x38,
    0xa2,0x28,0xc2,0x28,0x44,0x41,0xa2,0x28,0x44,0x41,0xa5,0x51,0x64,0x51,0x84,0x51,0x24,0x41,0x03,0x31,0x82,0x18,0x41,0x08,
    0x41,0x08,0x41,0x08,0x41,0x08,0x41,0x08,0x61,0x10,0x42,0x08,0x61,0x08,0x41,0x08,0x42,0x10,0x61,0x08,0x82,0x10,0x62,0x10,
    0x61,0x08,0x42,0x08,0x61,0x08,0x62,0x08,0x41,0x10,0x62,0x10,0x62,0x08,0x41,0x08,0x61,0x08,0x62,0x10,0x62,0x08,0x41,0x10,
    0x61,0x08,0x41,0x08,0x62,0x10,0x24,0x31,0xc5,0x51,0x23,0x39,0x46,0x6a,0x67,0x72,0x84,0x51,0x03,0x39,0xe2,0x28,0x06,0x6a,
    0x63,0x51,0xe3,0x38,0x03,0x31,0x43,0x41,0x43,0x49,0x84,0x61,0x63,0x51,0x23,0x41,0xa5,0x51,0x44,0x39,0x23,0x39,0x03,0x29,
    0x03,0x31,0x03,0x31,0xa2,0x20,0xc2,0x28,0xe3,0x30,0xc2,0x28,0x22,0x41,0xe5,0x61,0x23,0x39,0x46,0x6a,0x46,0x72,0x64,0x49,
    0x23,0x41,0x24,0x41,0xc6,0x59,0x88,0x72,0x4b,0x8b,0x8c,0x93,0xee,0xa3,0x0e,0xa4,0x2f,0xac,0x2f,0xac,0x0e,0xa4,0x0e,0xa4,
    0xee,0xab,0x0f,0xa4,0xee,0xa3,0xee,0x9b,0xee,0xa3,0xee,0x9b,0xcd,0x9b,0xcd,0x9b,0xad,0x93,0x6c,0x93,0x6c,0x93,0x07,0x52,
    0x40,0x08,0x82,0x08,0x61,0x08,0x61,0x08,0x41,0x08,0x60,0x08,0x01,0x11,0x61,0x19,0x41,0x19,0x21,0x11,0x00,0x11,0xa0,0x10,
    0x61,0x08,0x61,0x08,0x80,0x08,0xc1,0x10,0x21,0x19,0x41,0x19,0xe1,0x18,0x82,0x10,0x41,0x08,0x61,0x08,0xe2,0x31,0x42,0x4b,
    0x21,0x43,0xc1,0x3a,0x81,0x32,0xa1,0x3a,0x41,0x32,0x61,0x19,0x41,0x19,0x60,0x11,0x81,0x19,0xa1,0x19,0x61,0x19,0x21,0x11,
    0x01,0x11,0x01,0x19,0x22,0x19,0x42,0x21,0x42,0x21,0x22,0x19,0xa0,0x08,0x8e,0xb4,0x96,0xfe,0x34,0xee,0x15,0xf6,0x14,0xee,
    0xd4,0xe5,0x93,0xe5,0x73,0xd5,0x11,0xcd,0xf1,0xc4,0x8f,0xbc,0x2e,0xac,0xcd,0xab,0x4b,0x9b,0xe9,0x92,0xa8,0x8a,0x47,0x82,
    0x26,0x82,0x46,0x82,0xa7,0x8a,0xa6,0x8a,0x65,0x82,0x24,0x82,0x49,0x9b,0x65,0x82,0x22,0x59,0xe2,0x40,0x23,0x49,0x05,0x6a,
    0xc4,0x69,0x05,0x72,0x23,0x41,0x02,0x39,0x81,0x20,0xe3,0x30,0x44,0x41,0xc2,0x28,0x64,0x41,0xa5,0x59,0x84,0x51,0x24,0x41,
    0x44,0x41,0x03,0x31,0x82,0x10,0x40,0x08,0x41,0x08,0x41,0x08,0x41,0x08,0x41,0x08,0x62,0x08,0x61,0x08,0x42,0x10,0x61,0x08,
    0x41,0x08,0x62,0x08,0x41,0x08,0x62,0x08,0x41,0x08,0x62,0x08,0x41,0x10,0x62,0x08,0x82,0x10,0x62,0x10,0x61,0x08,0x42,0x08,
    0x61,0x08,0x41,0x08,0x62,0x08,0x41,0x08,0x41,0x08,0x62,0x08,0xc2,0x18,0x64,0x41,0x64,0x41,0x84,0x49,0xa7,0x7a,0xc5,0x59,
    0x84,0x51,0x82,0x20,0xa5,0x49,0xc4,0x61,0xe2,0x40,0x03,0x39,0xe2,0x28,0x64,0x41,0x64,0x51,0x43,0x49,0x23,0x49,0x64,0x49,
    0xa5,0x51,0x03,0x31,0x03,0x31,0xe3,0x28,0x24,0x39,0x03,0x31,0xa2,0x20,0xc2,0x20,0xc2,0x28,0xa1,0x28,0x03,0x39,0x05,0x62,
    0x23,0x41,0x05,0x62,0x66,0x7a,0x64,0x49,0x23,0x41,0x44,0x41,0xe6,0x59,0x88,0x72,0x2b,0x8b,0x8c,0x93,0xce,0xa3,0x0e,0xa4,
    0x2f,0xac,0x2e,0xa4,0x0e,0xac,0x0e,0xa4,0x0e,0xa4,0xee,0x9b,0xee,0xa3,0xee,0xa3,0xee,0x9b,0xee,0xa3,0xce,0x9b,0xcd,0x9b,
    0xad,0x9b,0x8c,0x8b,0x4c,0x8b,0xc5,0x49,0x61,0x08,0x82,0x10,0x82,0x08,0x81,0x10,0x61,0x08,0xc1,0x10,0x81,0x19,0xa0,0x19,
    0x61,0x19,0x40,0x19,0x21,0x11,0xe1,0x10,0xa0,0x08,0xa1,0x10,0x01,0x11,0x41,0x19,0x00,0x11,0x40,0x19,0x02,0x19,0xc2,0x10,
    0x41,0x08,0x61,0x08,0x61,0x21,0x02,0x43,0x42,0x4b,0xe2,0x3a,0x81,0x32,0x80,0x32,0x41,0x2a,0xa1,0x19,0xa1,0x19,0xc1,0x21,
    0xc1,0x21,0x80,0x19,0x62,0x19,0x62,0x21,0x02,0x19,0xc1,0x10,0x22,0x19,0x42,0x21,0x22,0x19,0x01,0x19,0xa1,0x10,0xf0,0xc4,
    0x96,0xfe,0x34,0xf6,0x15,0xee,0x14,0xee,0xd4,0xe5,0x93,0xdd,0x73,0xd5,0x31,0xd5,0xd1,0xc4,0x90,0xbc,0x4e,0xb4,0xac,0xa3,
    0x4a,0x93,0xe9,0x8a,0x88,0x8a,0x67,0x82,0x67,0x82,0x86,0x8a,0xc7,0x92,0xa6,0x8a,0x65,0x82,0x86,0x8a,0x89,0xab,0x04,0x7a,
    0x22,0x51,0xe2,0x40,0x84,0x51,0x04,0x72,0xe5,0x71,0xe5,0x69,0x03,0x41,0xe2,0x38,0xa2,0x28,0x23,0x39,0x24,0x41,0xc2,0x28,
    0x65,0x49,0xe5,0x61,0x44,0x41,0x03,0x39,0x64,0x49,0xe3,0x28,0x82,0x10,0x21,0x08,0x41,0x08,0x41,0x08,0x41,0x08,0x41,0x08,
    0x41,0x08,0x62,0x08,0x61,0x08,0x42,0x08,0x61,0x08,0x41,0x10,0x62,0x08,0x61,0x10,0x42,0x08,0x61,0x08,0x62,0x10,0x61,0x10,
    0x62,0x08,0x41,0x08,0x41,0x08,0x61,0x10,0x42,0x08,0x61,0x10,0x41,0x08,0x62,0x10,0x41,0x08,0x82,0x10,0xe3,0x28,0x24,0x31,
    0x44,0x41,0x87,0x6a,0x26,0x6a,0x84,0x49,0x43,0x49,0x23,0x39,0x05,0x62,0x43,0x51,0x03,0x41,0xe2,0x30,0xe3,0x30,0x84,0x49,
    0x64,0x51,0x02,0x41,0x23,0x49,0x84,0x49,0x44,0x41,0xe2,0x30,0xe3,0x28,0xc2,0x28,0x23,0x31,0x03,0x31,0xa2,0x20,0xc2,0x20,
    0xc2,0x28,0xa2,0x28,0xe2,0x30,0x06,0x62,0x63,0x49,0xe5,0x61,0x45,0x72,0x44,0x49,0x43,0x41,0x64,0x49,0xe6,0x59,0x69,0x72,
    0x2b,0x8b,0xad,0x9b,0xcd,0x9b,0xee,0xa3,0x0e,0xa4,0x2f,0xac,0x2f,0xac,0x0e,0xa4,0xee,0xa3,0xcd,0xa3,0xee,0x9b,0xce,0x9b,
    0xee,0xa3,0xef,0x9b,0xee,0x9b,0xce,0x9b,0xac,0x93,0x6c,0x93,0x4b,0x8b,0x65,0x39,0x82,0x08,0xc2,0x10,0xa2,0x10,0xa2,0x10,
    0x82,0x10,0x41,0x19,0xc1,0x19,0x41,0x19,0xe1,0x10,0xe1,0x10,0x20,0x11,0x21,0x11,0x00,0x11,0x82,0x21,0xe1,0x29,0xa1,0x19,
    0x85,0x29,0x02,0x19,0x81,0x08,0x61,0x10,0x41,0x08,0x40,0x08,0xc1,0x10,0x61,0x3a,0x61,0x4b,0x22,0x43,0xa1,0x32,0x60,0x32,
    0x81,0x32,0x22,0x32,0x03,0x2a,0xe2,0x29,0x41,0x19,0xe1,0x10,0xc1,0x10,0xc1,0x10,0x81,0x10,0x61,0x08,0xc1,0x10,0x21,0x19,
    0x01,0x19,0xa1,0x10,0xa2,0x10,0x72,0xdd,0x55,0xf6,0x55,0xf6,0xf3,0xed,0xd4,0xe5,0xd4,0xe5,0x93,0xdd,0x73,0xd5,0x12,0xcd,
    0xf0,0xc4,0x6f,0xb4,0x0d,0xac,0xcc,0xa3,0x2b,0x9b,0xc9,0x92,0x87,0x82,0x88,0x8a,0xa7,0x8a,0xc7,0x92,0x66,0x82,0x66,0x82,
    0x45,0x82,0x07,0x93,0x27,0x9b,0xa3,0x71,0x22,0x51,0xe2,0x40,0xa4,0x61,0x25,0x72,0xe4,0x71,0xc4,0x61,0xe2,0x38,0xe2,0x38,
    0xc2,0x28,0x44,0x49,0x44,0x41,0xc2,0x28,0x85,0x49,0xe5,0x69,0x03,0x41,0x23,0x41,0x64,0x41,0xc2,0x28,0x82,0x10,0x41,0x08,
    0x41,0x08,0x41,0x08,0x41,0x08,0x41,0x08,0x41,0x08,0x42,0x08,0x61,0x10,0x42,0x08,0x61,0x08,0x42,0x08,0x61,0x10,0x62,0x08,
    0x62,0x10,0x62,0x08,0x61,0x10,0x62,0x08,0x41,0x08,0x62,0x08,0x41,0x08,0x62,0x08,0x41,0x08,0x62,0x08,0x41,0x08,0x62,0x08,
    0x61,0x08,0xa3,0x18,0x03,0x31,0xc2,0x20,0x06,0x5a,0xa7,0x7a,0x84,0x49,0x64,0x49,0x64,0x49,0x06,0x62,0xa4,0x61,0x23,0x49,
    0x23,0x41,0xa2,0x20,0x44,0x39,0xe5,0x61,0x43,0x51,0x02,0x39,0x43,0x49,0x84,0x51,0x03,0x31,0x03,0x31,0xc2,0x20,0xa2,0x20,
    0x03,0x31,0x23,0x31,0xa2,0x20,0xa2,0x20,0xc2,0x30,0xa1,0x20,0xc2,0x30,0xe5,0x59,0xa5,0x51,0xe5,0x61,0x46,0x72,0x84,0x51,
    0x43,0x41,0x45,0x41,0xe6,0x59,0x88,0x72,0x4b,0x8b,0xac,0x9b,0xcd,0x9b,0xcd,0xa3,0x0e,0xac,0x0e,0xa4,0x2f,0xa4,0xee,0xa3,
    0xce,0x9b,0xed,0x9b,0xee,0xa3,0xcd,0x9b,0xee,0x9b,0xee,0x9b,0xce,0x9b,0xcd,0x9b,0x8d,0x93,0x6c,0x8b,0x4b,0x8b,0x24,0x31,
    0x82,0x10,0xe3,0x18,0x04,0x19,0xa3,0x10,0xa1,0x10,0x82,0x21,0x61,0x19,0xa1,0x10,0x40,0x00,0x81,0x08,0xc1,0x10,0xe1,0x10,
    0x01,0x19,0x22,0x32,0xa4,0x42,0x43,0x3a,0xcb,0x62,0xc6,0x31,0x20,0x00,0x41,0x08,0x40,0x08,0x21,0x00,0x40,0x08,0x62,0x21,
    0x01,0x43,0x42,0x4b,0x03,0x43,0x61,0x2a,0xa1,0x32,0x02,0x2a,0x22,0x19,0xe2,0x10,0x81,0x08,0x40,0x08,0x40,0x08,0x60,0x08,
    0x40,0x08,0x61,0x08,0x61,0x08,0xa1,0x10,0xc1,0x10,0x61,0x08,0x23,0x21,0xd3,0xed,0x75,0xf6,0x35,0xf6,0xd3,0xed,0xd4,0xed,
    0xd4,0xe5,0x93,0xdd,0x52,0xd5,0x32,0xcd,0xd1,0xc4,0x6f,0xb4,0x0e,0xb4,0xac,0xa3,0x2a,0x93,0xc9,0x92,0xa8,0x8a,0xa8,0x8a,
    0xc7,0x92,0x46,0x82,0x25,0x7a,0x66,0x8a,0x86,0x8a,0x08,0x9b,0xa6,0x8a,0xc3,0x71,0x22,0x51,0x02,0x49,0xe5,0x61,0x25,0x7a,
    0x26,0x72,0xa4,0x61,0xe2,0x38,0x03,0x39,0xe3,0x30,0x44,0x41,0x23,0x41,0xe3,0x30,0xa5,0x59,0xc5,0x59,0xc2,0x30,0x44,0x41,
    0x65,0x49,0xe3,0x28,0x81,0x18,0x21,0x00,0x41,0x08,0x41,0x08,0x41,0x08,0x41,0x08,0x41,0x08,0x41,0x08,0x62,0x08,0x61,0x10,
    0x42,0x08,0x61,0x10,0x62,0x08,0x61,0x10,0x62,0x08,0x41,0x08,0x62,0x08,0x61,0x08,0x62,0x10,0x61,0x08,0x42,0x08,0x41,0x08,
    0x41,0x08,0x62,0x08,0x61,0x10,0x42,0x08,0x82,0x10,0xa2,0x18,0x03,0x29,0x04,0x31,0xa7,0x72,0xe5,0x59,0x64,0x49,0xa4,0x59,
    0x06,0x62,0xc4,0x59,0x84,0x59,0x23,0x41,0x02,0x31,0x81,0x20,0xc5,0x59,0xa4,0x59,0x23,0x41,0xa2,0x30,0x44,0x49,0x64,0x49,
    0x03,0x31,0x03,0x39,0x81,0x20,0x82,0x18,0xc2,0x20,0x03,0x39,0xa2,0x20,0xc2,0x28,0xc2,0x30,0xa2,0x20,0xe2,0x30,0xa4,0x51,
    0xc5,0x59,0xc4,0x59,0x46,0x72,0x84,0x51,0x43,0x41,0x44,0x49,0xe6,0x61,0x89,0x7a,0x2b,0x8b,0x8d,0x93,0xad,0xa3,0xcd,0xa3,
    0xee,0xa3,0xee,0xa3,0x0e,0xac,0xed,0xa3,0xce,0x9b,0xcd,0x9b,0xad,0x9b,0xad,0x9b,0xce,0x9b,0xcd,0x9b,0xcd,0x9b,0xad,0x9b,
    0x8c,0x93,0x6b,0x93,0x0a,0x83,0xe3,0x20,0x03,0x19,0x25,0x21,0xe4,0x20,0x81,0x08,0x02,0x11,0xe2,0x21,0x81,0x19,0xc0,0x08,
    0x61,0x08,0xa1,0x10,0xa1,0x10,0xa1,0x10,0xc1,0x10,0x62,0x21,0x24,0x32,0x24,0x3a,0xab,0x62,0xc6,0x31,0x41,0x00,0x40,0x08,
    0x41,0x08,0x20,0x08,0x41,0x08,0xc1,0x10,0x42,0x32,0x41,0x4b,0x63,0x4b,0xc2,0x3a,0x61,0x32,0xa1,0x21,0x81,0x08,0x81,0x10,
    0x61,0x08,0x40,0x00,0x41,0x08,0x41,0x08,0x40,0x08,0x40,0x08,0x40,0x08,0x41,0x08,0x60,0x08,0xc2,0x10,0xa9,0x62,0x14,0xee,
    0x34,0xf6,0x35,0xf6,0x35,0xee,0xf4,0xed,0xd4,0xe5,0x93,0xdd,0x52,0xd5,0x31,0xcd,0xd1,0xbc,0x6f,0xbc,0x0d,0xac,0x8c,0xa3,
    0x2a,0x93,0xe9,0x92,0xe8,0x92,0xe7,0x92,0x46,0x82,0xe5,0x79,0x05,0x7a,0xa7,0x8a,0xe7,0x92,0x07,0x9b,0x85,0x8a,0xc4,0x71,
    0x02,0x49,0x43,0x49,0x05,0x72,0x45,0x7a,0x66,0x7a,0x63,0x51,0xe3,0x40,0x03,0x39,0xe3,0x38,0x44,0x49,0x23,0x41,0x03,0x31,
    0xe5,0x61,0x84,0x59,0xc2,0x28,0x64,0x49,0x85,0x49,0xa2,0x28,0x82,0x18,0x41,0x08,0x61,0x08,0x41,0x08,0x21,0x08,0x42,0x08,
    0x41,0x08,0x41,0x08,0x42,0x08,0x61,0x08,0x41,0x08,0x62,0x08,0x61,0x08,0x42,0x10,0x61,0x08,0x62,0x08,0x41,0x10,0x62,0x08,
    0x41,0x08,0x62,0x10,0x41,0x08,0x62,0x08,0x41,0x10,0x62,0x08,0x41,0x08,0x62,0x10,0x82,0x10,0xc3,0x20,0x03,0x31,0xe6,0x59,
    0x46,0x6a,0x84,0x49,0x84,0x51,0x66,0x72,0xa4,0x59,0x84,0x59,0x43,0x49,0x43,0x49,0x82,0x20,0x44,0x41,0x05,0x62,0x23,0x49,
    0x03,0x39,0xc2,0x30,0x63,0x49,0x23,0x41,0x03,0x39,0xc2,0x28,0x81,0x18,0x81,0x18,0xa2,0x20,0x03,0x31,0xe3,0x30,0xe2,0x28,
    0xa2,0x20,0x81,0x18,0x03,0x31,0x63,0x49,0x05,0x62,0xe5,0x61,0x45,0x72,0x43,0x49,0x44,0x49,0x64,0x49,0x07,0x62,0xa9,0x7a,
    0x4b,0x8b,0x8c,0x93,0xcd,0x9b,0xce,0xa3,0xed,0xa3,0xee,0xa3,0x0e,0xa4,0xed,0xa3,0xcd,0x9b,0xad,0x9b,0xad,0x9b,0xad,0x9b,
    0xcd,0x9b,0xce,0x9b,0xcd,0x9b,0xad,0x9b,0x6c,0x93,0x6c,0x8b,0xc9,0x72,0xa2,0x18,0xa2,0x10,0xa2,0x10,0x61,0x08,0x61,0x08,
    0xa3,0x21,0x83,0x32,0xe2,0x21,0x21,0x19,0xc1,0x10,0xe3,0x18,0xe2,0x18,0xa0,0x08,0xa1,0x10,0xe1,0x10,0x21,0x19,0x02,0x19,
    0xe7,0x39,0xe3,0x10,0x20,0x00,0x41,0x08,0x40,0x00,0x41,0x00,0x40,0x08,0xa1,0x10,0xe2,0x29,0xe3,0x4a,0x62,0x4b,0x22,0x43,
    0x81,0x32,0xa3,0x29,0xe3,0x18,0x02,0x19,0xc1,0x10,0x41,0x08,0x40,0x00,0x40,0x08,0x41,0x08,0x60,0x08,0x20,0x00,0x20,0x08,
    0x41,0x08,0xa2,0x10,0x0a,0x73,0x55,0xfe,0x34,0xf6,0x35,0xf6,0x14,0xee,0x15,0xe6,0xd3,0xe5,0x93,0xdd,0x52,0xd5,0x12,0xcd,
    0xf0,0xc4,0x4f,0xb4,0xed,0xab,0x8b,0x9b,0x0a,0x93,0x29,0x93,0x29,0x9b,0x66,0x82,0xe6,0x79,0xe5,0x79,0x05,0x7a,0x28,0x9b,
    0x27,0x9b,0x28,0x9b,0x85,0x8a,0xc4,0x71,0x02,0x49,0x43,0x51,0x66,0x7a,0x05,0x7a,0x26,0x7a,0x43,0x49,0x22,0x49,0xe3,0x38,
    0x23,0x39,0x64,0x49,0x24,0x41,0x44,0x49,0xe5,0x69,0x64,0x49,0xc2,0x30,0x64,0x49,0x85,0x49,0xc2,0x20,0x82,0x10,0x21,0x08,
    0x41,0x08,0x41,0x08,0x41,0x08,0x41,0x08,0x41,0x08,0x41,0x08,0x62,0x08,0x41,0x10,0x62,0x08,0x41,0x08,0x62,0x10,0x61,0x08,
    0x62,0x08,0x41,0x08,0x62,0x08,0x62,0x10,0x41,0x08,0x62,0x08,0x41,0x08,0x41,0x08,0x41,0x08,0x62,0x08,0x61,0x10,0x62,0x08,
    0x61,0x10,0x03,0x29,0xa5,0x49,0x46,0x62,0x84,0x49,0xa5,0x51,0x87,0x7a,0x05,0x62,0x44,0x49,0xa4,0x59,0x23,0x49,0x23,0x39,
    0xe2,0x30,0x26,0x6a,0xa4,0x59,0x03,0x41,0xc2,0x30,0x43,0x41,0x23,0x41,0x03,0x39,0x02,0x31,0xa2,0x20,0x61,0x18,0x61,0x18,
    0xc2,0x20,0x44,0x41,0xe2,0x28,0x82,0x18,0x81,0x18,0x81,0x18,0x03,0x39,0x43,0x49,0x26,0x62,0xc5,0x61,0x66,0x7a,0x43,0x49,
    0x44,0x41,0x84,0x51,0x07,0x62,0xa9,0x7a,0x4b,0x8b,0x8c,0x9b,0xad,0x9b,0xcd,0xa3,0xee,0xa3,0x0d,0xa4,0xee,0xa3,0xee,0xa3,
    0xee,0xa3,0xcd,0x9b,0xad,0x9b,0xcd,0x9b,0xad,0x9b,0xad,0x9b,0xcd,0x9b,0xad,0x93,0x6c,0x93,0x6c,0x93,0x88,0x6a,0x61,0x08,
    0x81,0x10,0x41,0x08,0x40,0x08,0x81,0x08,0x25,0x32,0xa5,0x3a,0x03,0x2a,0x21,0x19,0xe2,0x10,0x01,0x19,0xc2,0x10,0xc1,0x08,
    0xa0,0x08,0xa1,0x08,0xa1,0x10,0xc1,0x08,0x85,0x31,0xc2,0x10,0x60,0x08,0x40,0x08,0x21,0x08,0x40,0x08,0x41,0x08,0xe1,0x10,
    0xa2,0x21,0x84,0x3a,0x05,0x4b,0x25,0x4b,0x82,0x3a,0x63,0x21,0xe3,0x18,0x03,0x21,0x02,0x19,0x22,0x19,0x02,0x11,0x61,0x08,
    0xa2,0x10,0x65,0x29,0x24,0x21,0x81,0x08,0x61,0x08,0x20,0x00,0xa8,0x62,0x75,0xfe,0x34,0xee,0x35,0xf6,0x14,0xee,0xf4,0xed,
    0xb4,0xe5,0x73,0xdd,0x52,0xd5,0x11,0xcd,0xd1,0xc4,0x4e,0xb4,0xcd,0xa3,0x6b,0x9b,0x4b,0x9b,0x29,0x9b,0x47,0x82,0x26,0x82,
    0xe5,0x79,0xe5,0x79,0x05,0x7a,0x28,0x9b,0x07,0x93,0x07,0x9b,0x86,0x8a,0xc3,0x71,0xe1,0x48,0xc4,0x59,0x66,0x82,0x05,0x72,
    0x25,0x72,0x23,0x51,0x23,0x49,0x02,0x41,0x23,0x41,0x44,0x49,0x64,0x49,0x64,0x49,0xc5,0x61,0x23,0x41,0xe3,0x30,0x64,0x49,
    0x64,0x49,0xa2,0x18,0x82,0x10,0x41,0x08,0x41,0x08,0x41,0x08,0x41,0x00,0x41,0x08,0x42,0x08,0x41,0x08,0x62,0x08,0x41,0x08,
    0x62,0x08,0x41,0x08,0x41,0x08,0x62,0x10,0x61,0x08,0x62,0x10,0x41,0x08,0x62,0x08,0x41,0x08,0x62,0x10,0x62,0x08,0x41,0x08,
    0x42,0x08,0x62,0x10,0x62,0x08,0x61,0x08,0x82,0x10,0x85,0x41,0x26,0x62,0xa4,0x51,0x64,0x41,0x46,0x6a,0x05,0x62,0x63,0x49,
    0xa4,0x59,0x64,0x51,0x43,0x41,0x03,0x39,0xe5,0x59,0xc4,0x59,0x43,0x49,0x03,0x41,0x03,0x41,0x64,0x49,0x23,0x41,0x23,0x39,
    0xc2,0x30,0xa2,0x20,0x81,0x18,0x41,0x10,0xa2,0x20,0x03,0x31,0x81,0x18,0x41,0x10,0x81,0x20,0x82,0x18,0x23,0x39,0x43,0x41,
    0x46,0x6a,0xe4,0x61,0x25,0x72,0x64,0x49,0x44,0x49,0x85,0x51,0x26,0x6a,0xc9,0x7a,0x4b,0x93,0x8c,0x93,0xad,0x9b,0xed,0xa3,
    0xee,0xa3,0xee,0xa3,0x0e,0xa4,0xed,0xa3,0xee,0x9b,0xcd,0xa3,0xad,0x9b,0xcd,0x9b,0xac,0x9b,0xad,0x93,0xad,0x9b,0x8c,0x93,
    0x4b,0x8b,0x6c,0x93,0x06,0x52,0x61,0x08,0xe2,0x18,0x81,0x10,0x20,0x00,0x02,0x19,0x84,0x42,0x64,0x32,0xa2,0x21,0x22,0x19,
    0xe1,0x10,0xc1,0x10,0xa1,0x10,0xc1,0x10,0xc1,0x08,0xa0,0x08,0xc1,0x08,0xa0,0x10,0x02,0x11,0xa0,0x10,0x81,0x08,0x80,0x08,
    0x61,0x08,0x60,0x00,0x61,0x08,0xe2,0x10,0xc3,0x29,0x43,0x3a,0x66,0x42,0x08,0x5b,0xe4,0x42,0x82,0x21,0x81,0x08,0x02,0x11,
    0x63,0x21,0x04,0x32,0x46,0x42,0x02,0x11,0x03,0x19,0xe7,0x41,0xe7,0x39,0x03,0x19,0xa1,0x10,0x20,0x00,0x09,0x7b,0x75,0xfe,
    0x34,0xf6,0x15,0xee,0x15,0xee,0xf4,0xe5,0xb3,0xe5,0x93,0xdd,0x52,0xcd,0x11,0xcd,0xb0,0xbc,0x4f,0xb4,0xcd,0xa3,0x8b,0xa3,
    0x8a,0xa3,0xc8,0x8a,0x47,0x82,0x26,0x82,0xc5,0x79,0xc4,0x71,0x25,0x7a,0x28,0x9b,0x07,0x9b,0x07,0x9b,0x65,0x8a,0x83,0x61,
    0x02,0x49,0x05,0x6a,0x86,0x82,0x66,0x82,0x05,0x72,0x02,0x41,0x43,0x49,0x23,0x41,0x43,0x41,0x64,0x49,0x84,0x51,0x84,0x51,
    0xc5,0x61,0x03,0x39,0xe2,0x30,0x85,0x51,0x65,0x41,0x82,0x18,0x82,0x18,0x41,0x08,0x41,0x08,0x41,0x08,0x21,0x08,0x41,0x08,
    0x41,0x08,0x41,0x08,0x61,0x08,0x42,0x08,0x61,0x10,0x42,0x08,0x61,0x08,0x62,0x08,0x41,0x10,0x62,0x08,0x61,0x10,0x42,0x08,
    0x61,0x08,0x62,0x08,0x41,0x08,0x41,0x08,0x82,0x10,0x61,0x08,0x61,0x10,0x62,0x10,0x24,0x31,0xe5,0x51,0xc4,0x51,0x03,0x39,
    0x05,0x5a,0x05,0x62,0x43,0x51,0xa4,0x59,0xa4,0x61,0x43,0x49,0x23,0x41,0xe5,0x59,0xc5,0x59,0x23,0x49,0x03,0x41,0x23,0x41,
    0x43,0x41,0x43,0x41,0x03,0x39,0xe2,0x38,0xa1,0x20,0x82,0x20,0x81,0x18,0x41,0x08,0x61,0x10,0xa2,0x20,0x61,0x18,0x41,0x08,
    0x81,0x18,0xa2,0x20,0x23,0x39,0x03,0x39,0x45,0x72,0xc4,0x59,0x26,0x72,0x84,0x51,0x64,0x49,0xa5,0x59,0x27,0x6a,0xa9,0x7a,
    0x4b,0x93,0x8c,0x9b,0xcd,0x9b,0x0e,0xa4,0xee,0xa3,0xed,0xa3,0xee,0xa3,0xed,0xa3,0xcd,0x9b,0xad,0x9b,0xcd,0xa3,0xcd,0x9b,
    0xad,0x9b,0xac,0x9b,0x8d,0x93,0x8c,0x93,0x6b,0x93,0x4c,0x8b,0xa5,0x49,0x81,0x10,0x22,0x21,0xa1,0x10,0x81,0x08,0xc4,0x31,
    0x83,0x3a,0xc1,0x21,0x41,0x11,0xe2,0x18,0xa2,0x10,0xa1,0x08,0xa1,0x10,0xc1,0x08,0xa0,0x10,0xc1,0x08,0xc1,0x10,0xc1,0x08,
    0xe1,0x10,0xe0,0x10,0x01,0x11,0x40,0x11,0x41,0x19,0x41,0x19,0x20,0x11,0x82,0x19,0x42,0x3a,0xe1,0x29,0x22,0x2a,0x03,0x43,
    0x43,0x4b,0x01,0x3b,0xc1,0x21,0x42,0x19,0x62,0x19,0x44,0x3a,0xe7,0x52,0x83,0x21,0xe2,0x10,0x44,0x21,0x43,0x21,0xc2,0x10,
    0xa1,0x10,0x20,0x00,0x8b,0x8b,0x75,0xfe,0x35,0xee,0x35,0xf6,0x14,0xee,0xd4,0xed,0xd4,0xdd,0x72,0xdd,0x52,0xd5,0x11,0xc5,
    0xb0,0xc4,0x4e,0xb4,0xed,0xab,0xcc,0xa3,0x2a,0x9b,0x88,0x8a,0x67,0x82,0x06,0x7a,0xc5,0x71,0xe5,0x79,0x25,0x7a,0x29,0x9b,
    0xe6,0x92,0x07,0x9b,0x04,0x7a,0x62,0x61,0x43,0x51,0x05,0x6a,0x46,0x82,0x66,0x7a,0xc4,0x69,0x02,0x41,0x63,0x51,0x23,0x49,
    0x64,0x49,0xa5,0x61,0x44,0x49,0xc5,0x59,0xc5,0x61,0x03,0x39,0x03,0x39,0x84,0x49,0x85,0x49,0xa2,0x20,0xa2,0x18,0x41,0x08,
    0x41,0x08,0x41,0x08,0x41,0x08,0x41,0x08,0x41,0x08,0x41,0x08,0x62,0x08,0x41,0x08,0x62,0x08,0x41,0x08,0x42,0x08,0x61,0x10,
    0x62,0x08,0x61,0x08,0x42,0x08,0x61,0x08,0x42,0x10,0x61,0x08,0x42,0x10,0x61,0x08,0x42,0x08,0x41,0x08,0x82,0x10,0xc3,0x18,
    0x44,0x39,0xa4,0x49,0xe3,0x30,0xa5,0x51,0x05,0x6a,0xa4,0x59,0x84,0x51,0xe5,0x61,0x84,0x51,0x84,0x49,0xa4,0x51,0xa4,0x59,
    0x23,0x41,0x22,0x49,0x23,0x41,0x43,0x41,0x23,0x41,0x23,0x39,0x03,0x39,0xc2,0x28,0xa1,0x20,0x82,0x20,0x81,0x18,0x21,0x08,
    0x20,0x08,0x62,0x10,0x81,0x18,0x41,0x10,0x81,0x18,0xe3,0x30,0xe2,0x30,0x43,0x41,0x86,0x7a,0xa4,0x59,0x26,0x6a,0x43,0x49,
    0x84,0x51,0xc5,0x59,0x48,0x72,0xc9,0x7a,0x4b,0x8b,0x8c,0x9b,0xcd,0x9b,0xee,0xa3,0xed,0xa3,0xee,0xa3,0xed,0xa3,0xcd,0xa3,
    0xce,0xa3,0xcd,0x9b,0xce,0xa3,0xcd,0x9b,0xad,0x9b,0xad,0x9b,0xad,0x93,0x8c,0x93,0x4b,0x8b,0x4b,0x8b,0x44,0x31,0x40,0x08,
    0xe2,0x18,0x22,0x19,0x43,0x21,0xe4,0x29,0x02,0x32,0x81,0x19,0x83,0x21,0x42,0x21,0xc1,0x08,0x81,0x08,0xa0,0x10,0xc1,0x08,
    0xc1,0x10,0xc0,0x08,0xa1,0x08,0xc0,0x10,0x42,0x19,0x61,0x19,0xa1,0x21,0xa1,0x19,0xc1,0x21,0xc1,0x19,0xe1,0x21,0xc2,0x42,
    0x64,0x53,0xa1,0x32,0xe1,0x42,0x41,0x43,0xa1,0x4b,0xe1,0x53,0xe2,0x42,0x82,0x19,0x61,0x19,0x24,0x32,0xa6,0x4a,0xc4,0x29,
    0xc1,0x10,0xc1,0x10,0xe1,0x10,0xc1,0x10,0xe1,0x10,0xc0,0x08,0x2d,0xa4,0x75,0xfe,0x34,0xf6,0x35,0xf6,0x15,0xee,0xd4,0xe5,
    0xb4,0xe5,0x93,0xd5,0x32,0xd5,0xf1,0xc4,0xb0,0xbc,0x4f,0xb4,0xec,0xab,0x6b,0xa3,0x0a,0x93,0xc9,0x8a,0x67,0x8a,0x06,0x7a,
    0xc5,0x79,0xc4,0x71,0x46,0x82,0x28,0x9b,0xe7,0x92,0xc6,0x92,0xe3,0x79,0x63,0x59,0x43,0x51,0x45,0x7a,0x86,0x82,0x66,0x7a,
    0x83,0x61,0x03,0x41,0x84,0x59,0x43,0x41,0x84,0x59,0xa5,0x59,0x64,0x49,0x26,0x6a,0x84,0x51,0x03,0x39,0xe3,0x38,0x85,0x51,
    0x84,0x49,0xc3,0x20,0xa2,0x18,0x41,0x08,0x41,0x08,0x41,0x08,0x41,0x00,0x41,0x08,0x41,0x08,0x41,0x08,0x61,0x08,0x62,0x10,
    0x41,0x08,0x42,0x08,0x61,0x08,0x62,0x08,0x41,0x10,0x62,0x08,0x41,0x08,0x62,0x08,0x41,0x08,0x62,0x08,0x61,0x08,0x42,0x08,
    0x41,0x08,0x62,0x10,0xa2,0x18,0xa2,0x18,0x44,0x39,0x03,0x31,0x23,0x31,0xc4,0x59,0x84,0x59,0xc5,0x59,0xe5,0x61,0xa4,0x59,
    0xa4,0x51,0x84,0x51,0x43,0x41,0xe3,0x38,0x23,0x49,0x22,0x49,0x43,0x49,0x44,0x41,0x23,0x41,0x02,0x39,0xe2,0x30,0xa2,0x20,
    0xa1,0x28,0xa2,0x18,0x61,0x18,0x20,0x08,0x41,0x08,0x41,0x08,0xa2,0x18,0x61,0x10,0xa2,0x20,0x23,0x39,0xa2,0x28,0x43,0x41,
    0x67,0x72,0xe5,0x69,0x25,0x6a,0x43,0x49,0x64,0x51,0xe6,0x61,0x47,0x72,0xea,0x82,0x4b,0x93,0x8c,0x9b,0xee,0xa3,0xcd,0xa3,
    0x0d,0xa4,0xed,0xa3,0xcd,0xa3,0xcd,0xa3,0xee,0xa3,0xcd,0x9b,0xed,0xa3,0xcd,0x9b,0xad,0x9b,0xad,0x9b,0x8c,0x93,0x6c,0x93,
    0x4b,0x8b,0x0b,0x8b,0xe3,0x28,0x61,0x00,0x22,0x19,0x43,0x19,0x42,0x19,0xc2,0x29,0x23,0x32,0xc2,0x29,0xe3,0x29,0xc4,0x29,
    0x42,0x19,0xe1,0x10,0xc1,0x10,0xc1,0x08,0xe1,0x10,0xc1,0x10,0xc1,0x08,0xe1,0x10,0x82,0x21,0x03,0x2a,0x02,0x2a,0x01,0x22,
    0xe1,0x21,0xe2,0x21,0x62,0x32,0x63,0x53,0xa4,0x5b,0x41,0x43,0x21,0x3b,0x61,0x43,0xa1,0x4b,0xe2,0x5b,0x01,0x43,0x61,0x19,
    0x62,0x19,0x03,0x32,0x84,0x3a,0xe4,0x29,0x43,0x19,0xe1,0x10,0xe2,0x10,0x82,0x21,0xc3,0x29,0xa1,0x21,0xcf,0xbc,0x76,0xfe,
    0x35,0xf6,0x35,0xee,0x14,0xee,0xd4,0xe5,0xb3,0xdd,0x73,0xdd,0x32,0xcd,0x11,0xc5,0x90,0xbc,0x2d,0xb4,0xcc,0xa3,0x4b,0x9b,
    0x0a,0x93,0xa8,0x8a,0x67,0x82,0x06,0x7a,0xe5,0x79,0xe5,0x71,0x66,0x82,0xe7,0x92,0x07,0x9b,0xa6,0x8a,0xe4,0x79,0x63,0x61,
    0xa4,0x61,0xa6,0x82,0x66,0x82,0x45,0x7a,0x43,0x51,0x23,0x49,0x84,0x59,0x23,0x49,0xc5,0x59,0x64,0x59,0x84,0x51,0x06,0x6a,
    0x23,0x41,0x03,0x39,0x23,0x39,0xa5,0x59,0x85,0x49,0xc2,0x18,0xa3,0x18,0x41,0x08,0x41,0x08,0x21,0x08,0x41,0x08,0x41,0x08,
    0x21,0x08,0x41,0x08,0x62,0x08,0x41,0x08,0x62,0x08,0x41,0x10,0x41,0x08,0x61,0x08,0x62,0x08,0x61,0x10,0x41,0x08,0x62,0x08,
    0x61,0x08,0x42,0x10,0x41,0x08,0x41,0x08,0x62,0x08,0x61,0x08,0x62,0x10,0xa2,0x18,0x03,0x31,0xa2,0x20,0x44,0x41,0xc5,0x59,
    0xa4,0x59,0xc4,0x59,0xa4,0x51,0x64,0x49,0x43,0x39,0xc2,0x30,0xc2,0x28,0x43,0x41,0x22,0x49,0x43,0x49,0x44,0x49,0x23,0x39,
    0x02,0x39,0xe3,0x30,0xa2,0x20,0x61,0x18,0xa1,0x20,0x82,0x20,0x61,0x10,0x21,0x00,0x20,0x08,0x21,0x00,0x81,0x20,0x81,0x18,
    0xc2,0x28,0x23,0x39,0x81,0x20,0x63,0x49,0x86,0x72,0x25,0x72,0x05,0x62,0x64,0x51,0x84,0x51,0x06,0x6a,0x68,0x7a,0xea,0x82,
    0x6b,0x93,0xac,0x9b,0xed,0xa3,0xcd,0x9b,0xee,0xa3,0xee,0xa3,0xed,0xa3,0xee,0x9b,0xed,0xa3,0xce,0xa3,0xee,0x9b,0xcd,0xa3,
    0xcd,0x9b,0xad,0x9b,0x8c,0x93,0x6c,0x93,0x6b,0x93,0xca,0x7a,0x01,0x19,0x42,0x19,0xe4,0x31,0x23,0x32,0xc3,0x29,0xc2,0x31,
    0xe3,0x29,0x04,0x32,0x04,0x32,0x04,0x32,0xc4,0x29,0x21,0x19,0xe1,0x08,0xc0,0x10,0xe1,0x10,0xe1,0x10,0xe0,0x10,0xe1,0x08,
    0x23,0x2a,0x42,0x32,0x22,0x2a,0xe2,0x21,0xc1,0x21,0x01,0x22,0xe3,0x42,0x44,0x53,0x22,0x43,0x21,0x43,0x21,0x43,0x41,0x43,
    0xc2,0x53,0xc2,0x5b,0xc1,0x32,0x41,0x19,0x82,0x21,0x23,0x2a,0x83,0x32,0x83,0x32,0x43,0x32,0xe2,0x21,0x41,0x19,0x42,0x19,
    0xa2,0x21,0xa2,0x21,0x30,0xcd,0x75,0xfe,0x35,0xf6,0x35,0xee,0xf4,0xed,0xf4,0xe5,0xb3,0xe5,0x73,0xd5,0x52,0xd5,0xd1,0xc4,
    0x6e,0xbc,0x2e,0xb4,0xcd,0xa3,0x6c,0x9b,0x0a,0x93,0xc8,0x8a,0x47,0x82,0x06,0x7a,0xe5,0x79,0x05,0x7a,0x87,0x82,0xc6,0x8a,
    0x28,0x9b,0x65,0x82,0xc3,0x71,0x63,0x59,0xe4,0x69,0xc7,0x8a,0x65,0x82,0xe5,0x69,0x02,0x49,0x63,0x51,0xa4,0x59,0x84,0x59,
    0xc5,0x59,0x84,0x59,0xa4,0x51,0xe6,0x69,0x03,0x41,0x43,0x41,0x43,0x41,0x85,0x59,0xa5,0x49,0xc2,0x20,0xa2,0x20,0x41,0x08,
    0x41,0x08,0x41,0x00,0x41,0x08,0x41,0x08,0x41,0x08,0x41,0x08,0x61,0x08,0x42,0x08,0x41,0x08,0x62,0x08,0x42,0x08,0x61,0x10,
    0x42,0x08,0x61,0x08,0x62,0x10,0x41,0x08,0x42,0x08,0x61,0x10,0x62,0x08,0x61,0x08,0x41,0x10,0x62,0x08,0x41,0x08,0xe3,0x28,
    0xe2,0x28,0xe3,0x20,0xc4,0x51,0xc4,0x61,0xa4,0x51,0x84,0x51,0x23,0x39,0xc2,0x28,0x82,0x18,0x82,0x18,0x63,0x49,0x23,0x49,
    0x43,0x49,0x43,0x49,0xe2,0x30,0xe2,0x30,0xa2,0x28,0xc2,0x20,0x61,0x10,0x41,0x10,0x81,0x20,0x61,0x18,0x41,0x08,0x21,0x08,
    0x20,0x00,0x21,0x08,0x61,0x10,0x81,0x20,0xe2,0x30,0x03,0x31,0x81,0x20,0x84,0x49,0x67,0x72,0x46,0x72,0xc5,0x59,0x84,0x51,
    0xa5,0x59,0x27,0x6a,0xa8,0x7a,0x0a,0x8b,0x8c,0x9b,0xad,0x9b,0xed,0xa3,0xee,0xa3,0xed,0xa3,0xcd,0xa3,0xed,0xa3,0xee,0xa3,
    0xee,0xa3,0xce,0xa3,0xcd,0x9b,0xcd,0x9b,0xad,0x9b,0xad,0x9b,0xac,0x93,0x6c,0x93,0x4b,0x8b,0xa9,0x72,0x01,0x19,0xa3,0x21,
    0x06,0x4b,0xc4,0x4a,0x02,0x2a,0xc2,0x21,0xc5,0x42,0xa4,0x42,0x64,0x32,0xc4,0x42,0x84,0x32,0x41,0x11,0xc0,0x10,0xc0,0x08,
    0xc1,0x08,0xc1,0x10,0xe1,0x10,0xe1,0x10,0x23,0x2a,0x02,0x22,0xe1,0x21,0xc1,0x19,0xa1,0x19,0xa1,0x19,0x42,0x32,0xe2,0x3a,
    0x01,0x43,0x21,0x3b,0x22,0x43,0x81,0x4b,0xc2,0x53,0x81,0x4b,0x21,0x2a,0x82,0x19,0xc1,0x21,0x22,0x2a,0x63,0x32,0x83,0x32,
    0xc3,0x32,0xa3,0x32,0x02,0x22,0x21,0x11,0x01,0x11,0x41,0x19,0x51,0xd5,0x75,0xfe,0x35,0xf6,0x35,0xf6,0xf5,0xed,0xd3,0xe5,
    0x93,0xdd,0x73,0xdd,0x11,0xcd,0xaf,0xbc,0x90,0xbc,0x2e,0xac,0xcd,0xa3,0x6b,0x9b,0xea,0x8a,0xa8,0x8a,0x47,0x7a,0x05,0x7a,
    0xe5,0x79,0x26,0x7a,0xa7,0x8a,0x28,0x9b,0x48,0xa3,0x44,0x82,0xe4,0x71,0x83,0x61,0x25,0x72,0xe7,0x92,0x45,0x7a,0xc4,0x69,
    0x03,0x41,0x63,0x59,0xc4,0x61,0xc5,0x59,0xc5,0x61,0x84,0x51,0xc5,0x61,0xc5,0x59,0xe3,0x38,0x43,0x41,0x64,0x49,0xa5,0x59,
    0xa5,0x49,0xa3,0x18,0xc2,0x18,0x41,0x08,0x21,0x08,0x41,0x08,0x41,0x08,0x41,0x08,0x41,0x08,0x41,0x08,0x41,0x08,0x61,0x08,
    0x42,0x10,0x61,0x08,0x41,0x08,0x62,0x08,0x41,0x08,0x62,0x10,0x41,0x08,0x62,0x08,0x61,0x08,0x42,0x08,0x42,0x08,0x41,0x08,
    0x62,0x08,0x41,0x08,0x82,0x18,0xe3,0x28,0x82,0x10,0x03,0x31,0x63,0x49,0x64,0x49,0x03,0x31,0xa2,0x20,0x82,0x18,0x81,0x18,
    0x20,0x00,0x03,0x31,0x63,0x51,0x23,0x49,0x63,0x49,0xa2,0x28,0x82,0x20,0xe2,0x28,0x61,0x18,0x61,0x10,0x41,0x08,0x41,0x10,
    0x82,0x18,0x61,0x10,0x20,0x00,0x21,0x08,0x41,0x08,0x20,0x00,0x41,0x08,0xa2,0x20,0x03,0x31,0xc2,0x28,0xc2,0x28,0x63,0x41,
    0x05,0x62,0x66,0x72,0xc5,0x59,0xa4,0x59,0x06,0x6a,0x67,0x7a,0xc9,0x82,0x2b,0x8b,0xac,0x9b,0xed,0x9b,0xee,0xa3,0x0e,0xa4,
    0xed,0xab,0xee,0xa3,0xed,0xa3,0xee,0xa3,0xed,0xa3,0xed,0xa3,0xce,0xa3,0xad,0x9b,0xad,0x9b,0xad,0x9b,0x8c,0x93,0x4c,0x93,
    0x6b,0x93,0x68,0x62,0xe0,0x08,0x62,0x21,0x84,0x3a,0x43,0x3a,0xa2,0x21,0x23,0x2a,0x47,0x5b,0xa4,0x3a,0xc4,0x42,0x65,0x5b,
    0x87,0x63,0x04,0x32,0x63,0x21,0x42,0x21,0xc1,0x10,0xc0,0x10,0xc1,0x08,0xe0,0x10,0xc1,0x10,0xe0,0x10,0x01,0x19,0x21,0x11,
    0x21,0x11,0x60,0x19,0xa1,0x19,0x21,0x2a,0x22,0x43,0x01,0x43,0x22,0x3b,0xa1,0x4b,0xc2,0x53,0xe3,0x42,0xe2,0x21,0xc1,0x21,
    0xc2,0x19,0xe2,0x21,0x42,0x2a,0x83,0x32,0xe3,0x32,0x05,0x43,0xc4,0x3a,0xa1,0x19,0x01,0x11,0x42,0x29,0x92,0xdd,0x76,0xfe,
    0x35,0xee,0x35,0xf6,0x14,0xee,0xd4,0xe5,0x93,0xdd,0x32,0xd5,0xf0,0xc4,0xd1,0xc4,0x6f,0xb4,0x2f,0xb4,0xcd,0xa3,0x4b,0x9b,
    0xea,0x8a,0x88,0x8a,0x47,0x82,0x06,0x7a,0xe5,0x79,0x26,0x7a,0xa7,0x8a,0x88,0xa3,0x48,0x9b,0xe4,0x79,0xe4,0x71,0x63,0x61,
    0x85,0x82,0xc7,0x92,0x45,0x7a,0xa4,0x61,0x22,0x49,0xc5,0x59,0x05,0x6a,0x64,0x51,0xc4,0x61,0x64,0x51,0xe5,0x61,0x84,0x51,
    0x03,0x39,0x64,0x49,0x84,0x51,0xa5,0x59,0x85,0x49,0xa2,0x18,0xc3,0x20,0x41,0x08,0x41,0x08,0x41,0x08,0x21,0x08,0x41,0x08,
    0x41,0x00,0x41,0x08,0x42,0x08,0x41,0x08,0x61,0x08,0x42,0x08,0x61,0x08,0x42,0x08,0x61,0x08,0x61,0x08,0x62,0x08,0x42,0x10,
    0x62,0x08,0x61,0x10,0x62,0x08,0x41,0x08,0x61,0x08,0x41,0x08,0xa2,0x20,0x62,0x10,0x61,0x10,0x81,0x18,0x82,0x18,0xa2,0x18,
    0x41,0x08,0x41,0x10,0x41,0x08,0x41,0x08,0x82,0x18,0x23,0x39,0x83,0x51,0x84,0x51,0xe2,0x30,0x61,0x10,0x81,0x18,0x61,0x10,
    0x21,0x08,0x41,0x08,0x40,0x08,0x41,0x08,0x81,0x18,0x21,0x08,0x20,0x00,0x21,0x08,0x20,0x00,0x41,0x08,0x21,0x08,0xa1,0x18,
    0xe3,0x30,0xa2,0x20,0xe2,0x28,0xe3,0x28,0xe5,0x59,0x66,0x72,0xc5,0x59,0xc5,0x61,0x47,0x72,0xa8,0x7a,0xea,0x8a,0x4b,0x93,
    0xac,0x9b,0xed,0xa3,0xed,0xa3,0x0e,0xa4,0xed,0xa3,0x0e,0xa4,0xee,0xa3,0xed,0xa3,0xce,0xa3,0xed,0x9b,0xcd,0x9b,0xad,0x9b,
    0xac,0x9b,0x8c,0x93,0x6c,0x93,0x4b,0x8b,0x4b,0x8b,0x26,0x52,0xe0,0x10,0x82,0x19,0x64,0x3a,0xc2,0x21,0xa2,0x21,0x03,0x2a,
    0x43,0x32,0x84,0x3a,0x06,0x4b,0x07,0x4b,0x28,0x5b,0xc7,0x52,0x86,0x4a,0xc5,0x31,0xc1,0x18,0xa0,0x08,0xa1,0x10,0xc0,0x08,
    0x40,0x00,0x61,0x08,0xa1,0x10,0xc1,0x10,0xc0,0x10,0xe0,0x10,0x21,0x19,0x81,0x19,0xe3,0x42,0x62,0x43,0x42,0x43,0xc2,0x53,
    0x43,0x4b,0x84,0x3a,0x02,0x22,0xe1,0x21,0xc1,0x19,0xc1,0x21,0x02,0x22,0x42,0x2a,0xc4,0x3a,0x66,0x53,0x68,0x53,0x23,0x2a,
    0x01,0x11,0xa3,0x31,0xf3,0xed,0x56,0xf6,0x35,0xf6,0x15,0xee,0x14,0xee,0xd4,0xe5,0x73,0xdd,0x11,0xcd,0x12,0xcd,0xd0,0xc4,
    0x4f,0xb4,0x0e,0xac,0xac,0xa3,0x4b,0x93,0xe9,0x8a,0x88,0x8a,0x46,0x7a,0x06,0x7a,0xe5,0x79,0xe5,0x71,0x87,0x82,0x68,0xa3,
    0xe6,0x9a,0x04,0x72,0xe3,0x71,0x83,0x61,0x08,0x93,0xa6,0x8a,0x25,0x7a,0x84,0x61,0x63,0x51,0x05,0x72,0xe5,0x61,0x84,0x59,
    0xa4,0x59,0x84,0x59,0xe6,0x61,0x23,0x41,0x03,0x39,0x84,0x51,0xa5,0x59,0xc5,0x61,0x64,0x41,0x82,0x18,0xa2,0x18,0x62,0x08,
    0x21,0x08,0x41,0x08,0x41,0x00,0x41,0x08,0x42,0x08,0x41,0x08,0x41,0x08,0x41,0x08,0x62,0x10,0x41,0x08,0x42,0x08,0x61,0x10,
    0x42,0x08,0x61,0x08,0x42,0x10,0x61,0x08,0x62,0x08,0x41,0x08,0x62,0x08,0x61,0x10,0x42,0x08,0x42,0x08,0x61,0x08,0x41,0x08,
    0x62,0x08,0x41,0x08,0x41,0x08,0x21,0x08,0x61,0x10,0x41,0x08,0x41,0x08,0x61,0x08,0xe3,0x28,0x43,0x41,0xa4,0x51,0xe2,0x28,
    0x21,0x08,0x61,0x08,0x41,0x08,0x21,0x00,0x20,0x08,0x41,0x00,0x21,0x08,0x41,0x08,0x61,0x08,0x20,0x08,0x21,0x00,0x41,0x08,
    0x41,0x08,0x41,0x08,0x21,0x00,0x81,0x18,0xc2,0x20,0x82,0x18,0x61,0x10,0xa2,0x20,0x44,0x39,0x46,0x6a,0x06,0x62,0x06,0x6a,
    0x88,0x7a,0xc9,0x82,0x2a,0x93,0x6b,0x9b,0xcd,0xa3,0x0e,0xa4,0x0e,0xac,0x0e,0xa4,0x0e,0xac,0x0d,0xa4,0x0e,0xa4,0xee,0xa3,
    0xed,0xa3,0xce,0xa3,0xcd,0x9b,0x8c,0x9b,0xad,0x93,0x8c,0x93,0x6c,0x93,0x4b,0x93,0x4b,0x8b,0xc5,0x41,0xe0,0x08,0xe4,0x31,
    0x65,0x42,0x42,0x19,0xc2,0x29,0x02,0x2a,0xc1,0x19,0x64,0x32,0x65,0x3a,0x45,0x32,0x85,0x3a,0x66,0x53,0x88,0x6b,0xc5,0x31,
    0x81,0x10,0xa0,0x08,0x80,0x08,0xc1,0x08,0x40,0x08,0x60,0x08,0x61,0x08,0x80,0x08,0xa1,0x08,0xa1,0x08,0x81,0x10,0x81,0x08,
    0x82,0x21,0x24,0x4b,0xa4,0x53,0x05,0x64,0xa5,0x5b,0xc3,0x42,0xa2,0x3a,0x41,0x2a,0x01,0x22,0xe1,0x21,0xe1,0x21,0x01,0x22,
    0x42,0x2a,0xc4,0x3a,0x47,0x53,0x85,0x3a,0xe0,0x08,0xc4,0x39,0x14,0xf6,0x55,0xf6,0x55,0xf6,0x35,0xee,0xf4,0xed,0xb4,0xe5,
    0x72,0xdd,0x73,0xd5,0x11,0xcd,0xb0,0xbc,0x2f,0xb4,0xcd,0xa3,0x8c,0x9b,0x2a,0x9b,0xe9,0x8a,0x68,0x82,0x46,0x82,0x06,0x7a,
    0xc5,0x71,0xe5,0x71,0x86,0x82,0x48,0xa3,0xc6,0x92,0x04,0x7a,0xa3,0x69,0xa4,0x69,0x48,0x9b,0x07,0x9b,0x05,0x7a,0xa4,0x61,
    0xc4,0x61,0xe5,0x69,0xa4,0x59,0x84,0x59,0xa4,0x59,0x85,0x59,0xc5,0x61,0xe2,0x38,0x23,0x41,0xa4,0x59,0xe6,0x61,0xa4,0x59,
    0x44,0x41,0x82,0x18,0x61,0x10,0x61,0x10,0x41,0x08,0x41,0x08,0x41,0x08,0x21,0x08,0x41,0x08,0x41,0x08,0x41,0x08,0x41,0x08,
    0x42,0x08,0x61,0x08,0x62,0x08,0x61,0x08,0x42,0x08,0x61,0x10,0x62,0x08,0x61,0x08,0x62,0x10,0x61,0x08,0x42,0x08,0x41,0x08,
    0x62,0x08,0x41,0x10,0x41,0x08,0x62,0x08,0x41,0x08,0x41,0x08,0x41,0x08,0x41,0x08,0x61,0x08,0x41,0x08,0x21,0x08,0x61,0x10,
    0xa2,0x18,0xc2,0x20,0xa2,0x18,0x21,0x08,0x21,0x08,0x61,0x08,0x41,0x08,0x20,0x08,0x41,0x08,0x21,0x08,0x20,0x00,0x21,0x08,
    0x21,0x08,0x21,0x08,0x40,0x08,0x21,0x08,0x41,0x08,0x20,0x08,0x21,0x08,0x61,0x08,0x82,0x18,0x41,0x08,0x20,0x00,0x81,0x18,
    0x82,0x18,0x06,0x5a,0x47,0x6a,0x47,0x72,0xe9,0x8a,0x2a,0x93,0x6b,0x93,0xad,0xa3,0xed,0xa3,0x0e,0xac,0x2e,0xac,0x2e,0xac,
    0x2e,0xa4,0xee,0xab,0xed,0xa3,0xed,0xa3,0xee,0xa3,0xcd,0x9b,0xad,0x9b,0xad,0x9b,0x8d,0x9b,0x6c,0x93,0x6b,0x93,0x4c,0x8b,
    0x2b,0x83,0xa4,0x39,0x42,0x19,0xa3,0x29,0x83,0x21,0x01,0x11,0xa2,0x21,0x03,0x2a,0xc2,0x21,0x02,0x22,0x03,0x22,0xe5,0x21,
    0x64,0x32,0x45,0x53,0x26,0x5b,0x83,0x21,0xc0,0x10,0xc1,0x10,0x80,0x08,0x81,0x08,0x61,0x08,0x20,0x00,0x41,0x08,0x61,0x08,
    0x81,0x08,0x81,0x10,0x81,0x08,0x61,0x08,0x81,0x08,0x63,0x32,0x06,0x64,0x68,0x7c,0x49,0x84,0xc4,0x42,0xc3,0x42,0x83,0x3a,
    0xc3,0x29,0x03,0x2a,0xe2,0x29,0xa1,0x19,0xa1,0x19,0xe2,0x21,0x43,0x2a,0x64,0x32,0x41,0x11,0x25,0x4a,0x55,0xfe,0x55,0xf6,
    0x55,0xf6,0x15,0xf6,0xf4,0xe5,0xd4,0xe5,0x93,0xdd,0x32,0xd5,0x12,0xcd,0x8f,0xbc,0x2e,0xb4,0xcd,0xa3,0x6b,0x9b,0x0a,0x93,
    0xa9,0x8a,0x88,0x8a,0x26,0x7a,0x26,0x82,0xc5,0x71,0xe5,0x71,0x66,0x82,0x89,0xa3,0x86,0x8a,0x25,0x7a,0x62,0x69,0x04,0x7a,
    0x48,0x9b,0xa7,0x8a,0xc4,0x71,0x83,0x59,0x84,0x59,0x25,0x72,0x63,0x51,0x84,0x59,0xa5,0x59,0xa4,0x59,0x84,0x59,0xc2,0x28,
    0x24,0x41,0xc5,0x59,0x06,0x6a,0xa5,0x59,0x44,0x41,0x82,0x10,0x41,0x08,0x41,0x08,0x41,0x08,0x41,0x08,0x41,0x08,0x41,0x00,
    0x41,0x08,0x41,0x08,0x41,0x08,0x42,0x08,0x61,0x08,0x42,0x08,0x41,0x10,0x42,0x08,0x61,0x10,0x62,0x08,0x62,0x10,0x41,0x08,
    0x62,0x08,0x41,0x10,0x62,0x08,0x41,0x10,0x62,0x08,0x61,0x08,0x42,0x08,0x61,0x10,0x41,0x08,0x62,0x10,0x62,0x08,0x41,0x08,
    0x42,0x08,0x41,0x08,0x41,0x08,0x41,0x08,0x41,0x08,0x21,0x08,0x21,0x08,0x61,0x08,0x41,0x08,0x41,0x08,0x41,0x08,0x21,0x08,
    0x41,0x00,0x41,0x08,0x21,0x08,0x40,0x08,0x21,0x00,0x40,0x08,0x21,0x00,0x41,0x08,0x41,0x08,0x41,0x00,0x21,0x08,0x21,0x08,
    0x41,0x08,0x20,0x08,0x21,0x08,0x41,0x08,0x61,0x10,0xa5,0x51,0x67,0x72,0xc9,0x82,0x2a,0x8b,0x4a,0x9b,0xac,0xa3,0xed,0xa3,
    0x2e,0xac,0x2e,0xac,0x4e,0xac,0x2e,0xac,0x0e,0xac,0x0e,0xa4,0xee,0xab,0xed,0xa3,0xce,0xa3,0xed,0xa3,0xce,0x9b,0xcd,0x9b,
    0x8c,0x93,0x8c,0x93,0x6b,0x93,0x4b,0x8b,0xea,0x7a,0x84,0x31,0xc6,0x31,0xc5,0x31,0x63,0x19,0x22,0x19,0x22,0x19,0xc2,0x21,
    0xe1,0x21,0x02,0x22,0xc2,0x21,0xe3,0x29,0x25,0x32,0x65,0x32,0x04,0x2a,0x22,0x19,0x42,0x21,0x21,0x19,0x81,0x08,0x80,0x08,
    0xa0,0x08,0x60,0x08,0x61,0x08,0x81,0x08,0x81,0x10,0x61,0x08,0x61,0x08,0x81,0x08,0xc1,0x10,0x82,0x19,0x86,0x5b,0x47,0x74,
    0xe6,0x6b,0x83,0x3a,0x84,0x4a,0xe5,0x52,0x44,0x21,0x23,0x21,0xe2,0x10,0x81,0x08,0xa1,0x10,0x03,0x19,0xc5,0x29,0x67,0x42,
    0x05,0x32,0x29,0x6b,0x55,0xfe,0x35,0xf6,0x35,0xf6,0x15,0xee,0xf4,0xed,0xd4,0xe5,0x93,0xdd,0x52,0xd5,0xd1,0xc4,0x6f,0xbc,
    0x2e,0xac,0xad,0xa3,0x2b,0x9b,0xea,0x8a,0xc9,0x8a,0x87,0x82,0x27,0x7a,0xe5,0x79,0xa4,0x71,0xe5,0x71,0x86,0x82,0xa9,0xab,
    0xa6,0x8a,0x04,0x7a,0x62,0x61,0x66,0x82,0x48,0x9b,0x85,0x8a,0xe4,0x71,0x63,0x59,0xa4,0x61,0x46,0x7a,0x63,0x51,0xe5,0x61,
    0xc5,0x61,0xe5,0x69,0x44,0x51,0xe2,0x28,0x23,0x41,0xc5,0x59,0x26,0x72,0xa5,0x59,0x44,0x39,0x61,0x10,0x41,0x08,0x41,0x08,
    0x21,0x00,0x41,0x08,0x41,0x08,0x41,0x08,0x41,0x08,0x41,0x08,0x41,0x08,0x41,0x08,0x62,0x08,0x41,0x08,0x62,0x08,0x61,0x08,
    0x42,0x08,0x61,0x08,0x41,0x08,0x62,0x10,0x62,0x08,0x61,0x08,0x62,0x08,0x61,0x08,0x42,0x10,0x62,0x08,0x41,0x08,0x62,0x08,
    0x61,0x08,0x42,0x08,0x61,0x08,0x42,0x08,0x61,0x10,0x62,0x08,0x41,0x08,0x41,0x08,0x41,0x08,0x61,0x08,0x41,0x08,0x41,0x08,
    0x61,0x08,0x41,0x08,0x41,0x08,0x41,0x08,0x20,0x08,0x41,0x08,0x41,0x00,0x21,0x08,0x40,0x08,0x21,0x08,0x41,0x08,0x41,0x08,
    0x41,0x08,0x21,0x08,0x40,0x00,0x21,0x08,0x20,0x00,0x41,0x08,0x21,0x00,0x00,0x00,0x82,0x18,0xe6,0x59,0x88,0x7a,0x2a,0x8b,
    0x8b,0x9b,0xac,0xa3,0xed,0xab,0x2e,0xac,0x2e,0xac,0x2e,0xac,0x4e,0xac,0x2e,0xac,0x2e,0xac,0x2e,0xac,0x0e,0xa4,0x0e,0xa4,
    0xee,0xa3,0xee,0x9b,0xed,0xa3,0xad,0x9b,0x8c,0x93,0x6c,0x93,0x4b,0x8b,0x2b,0x93,0xa8,0x72,0x64,0x29,0x28,0x42,0x28,0x42,
    0x86,0x31,0x23,0x21,0x03,0x19,0x63,0x21,0x02,0x2a,0xe2,0x21,0x81,0x19,0x82,0x19,0x04,0x22,0x05,0x2a,0x83,0x21,0x01,0x19,
    0x22,0x19,0xe1,0x18,0x81,0x08,0xa1,0x08,0x41,0x19,0xe0,0x10,0x82,0x08,0x81,0x08,0x81,0x08,0x61,0x08,0xa1,0x10,0x21,0x11,
    0x41,0x11,0x61,0x19,0x63,0x3a,0xc5,0x63,0x23,0x53,0xa1,0x21,0x62,0x21,0x63,0x29,0xe3,0x18,0xa2,0x10,0x61,0x08,0x41,0x08,
    0x41,0x08,0xc2,0x10,0x86,0x31,0x48,0x4a,0x69,0x4a,0xcd,0x8b,0x55,0xfe,0x35,0xee,0x55,0xf6,0x15,0xee,0x14,0xe6,0xd4,0xe5,
    0x73,0xdd,0x31,0xcd,0xb0,0xc4,0x6f,0xb4,0x0e,0xb4,0x8c,0x9b,0x2b,0x93,0xe9,0x92,0xa9,0x82,0x67,0x82,0x26,0x82,0xc5,0x71,
    0xc5,0x71,0xe4,0x71,0xa7,0x82,0x89,0xa3,0x86,0x82,0xe3,0x71,0xa3,0x71,0xc6,0x92,0x07,0x9b,0x65,0x8a,0xc4,0x69,0x43,0x51,
    0x05,0x72,0x45,0x72,0x84,0x61,0xe5,0x61,0xa4,0x61,0xe5,0x69,0x23,0x41,0xc2,0x28,0x44,0x41,0xe5,0x69,0xe6,0x61,0xc4,0x59,
    0x24,0x39,0x61,0x08,0x21,0x08,0x41,0x08,0x41,0x08,0x21,0x08,0x41,0x08,0x41,0x08,0x41,0x08,0x21,0x08,0x41,0x08,0x41,0x08,
    0x41,0x08,0x62,0x08,0x41,0x08,0x42,0x08,0x61,0x08,0x42,0x10,0x61,0x08,0x62,0x08,0x41,0x10,0x62,0x08,0x62,0x10,0x62,0x08,
    0x61,0x08,0x61,0x10,0x61,0x08,0x42,0x10,0x61,0x08,0x42,0x10,0x61,0x08,0x62,0x08,0x41,0x08,0x61,0x08,0x42,0x08,0x61,0x08,
    0x42,0x08,0x61,0x08,0x42,0x08,0x61,0x08,0x41,0x10,0x41,0x08,0x41,0x08,0x41,0x08,0x41,0x00,0x21,0x08,0x41,0x08,0x20,0x00,
    0x41,0x08,0x41,0x00,0x41,0x08,0x41,0x08,0x41,0x08,0x41,0x08,0x21,0x08,0x41,0x08,0x21,0x08,0x41,0x08,0x20,0x08,0x00,0x00,
    0xc2,0x20,0x47,0x62,0xe9,0x82,0x6b,0x93,0xec,0xa3,0x0d,0xac,0x4e,0xb4,0x4e,0xb4,0x4e,0xb4,0x2e,0xac,0x4f,0xb4,0x4f,0xac,
    0x4e,0xac,0x2e,0xac,0x0e,0xa4,0xee,0xa3,0xed,0xa3,0xcd,0x9b,0xcd,0x9b,0xad,0x9b,0x8c,0x9b,0x4b,0x93,0x4b,0x8b,0x4b,0x8b,
    0x67,0x62,0x84,0x29,0x28,0x42,0xa5,0x31,0x64,0x29,0xe3,0x20,0xc2,0x18,0x42,0x19,0xa2,0x21,0x21,0x11,0xe1,0x10,0x41,0x19,
    0x82,0x19,0xe3,0x21,0xa3,0x21,0xe1,0x10,0x81,0x08,0x80,0x08,0xc1,0x10,0x01,0x19,0xa0,0x19,0x41,0x19,0xc2,0x10,0xa2,0x10,
    0x82,0x10,0xa2,0x10,0x42,0x19,0xa3,0x19,0x81,0x19,0x61,0x19,0x61,0x11,0x45,0x5b,0x46,0x5b,0x41,0x11,0xc1,0x10,0xa1,0x08,
    0x81,0x08,0x61,0x08,0x41,0x08,0x61,0x08,0x61,0x08,0xc2,0x18,0x24,0x21,0x85,0x31,0xc7,0x31,0x0d,0x9c,0x75,0xfe,0x35,0xf6,
    0x35,0xf6,0x15,0xee,0xf4,0xed,0xb3,0xdd,0x52,0xd5,0x12,0xcd,0xb0,0xc4,0x4f,0xb4,0xed,0xab,0x8c,0xa3,0x4b,0x93,0xc9,0x8a,
    0x88,0x82,0x67,0x82,0x26,0x7a,0xc5,0x71,0xc5,0x71,0x05,0x72,0xe7,0x8a,0x89,0xa3,0x86,0x7a,0xe3,0x79,0x04,0x7a,0x07,0x9b,
    0xc7,0x92,0x45,0x82,0xa3,0x61,0x63,0x51,0x66,0x82,0x04,0x6a,0xc5,0x69,0xc5,0x61,0x05,0x6a,0xa5,0x59,0x03,0x41,0xe2,0x30,
    0x84,0x51,0x06,0x6a,0xc5,0x59,0xc5,0x59,0xe2,0x28,0x41,0x08,0x41,0x08,0x41,0x08,0x40,0x08,0x41,0x00,0x21,0x08,0x41,0x08,
    0x41,0x08,0x41,0x00,0x41,0x08,0x41,0x08,0x41,0x08,0x62,0x08,0x41,0x08,0x62,0x10,0x41,0x08,0x61,0x08,0x42,0x08,0x61,0x08,
    0x61,0x10,0x62,0x08,0x61,0x08,0x41,0x08,0x62,0x10,0x42,0x08,0x61,0x08,0x62,0x08,0x61,0x08,0x42,0x08,0x41,0x10,0x61,0x08,
    0x62,0x10,0x41,0x08,0x62,0x10,0x41,0x08,0x61,0x10,0x41,0x08,0x61,0x08,0x62,0x10,0x61,0x08,0x42,0x08,0x41,0x08,0x41,0x08,
    0x41,0x08,0x41,0x08,0x41,0x08,0x41,0x08,0x41,0x08,0x21,0x08,0x41,0x08,0x41,0x08,0x41,0x08,0x41,0x00,0x20,0x08,0x41,0x00,
    0x20,0x08,0x41,0x00,0x41,0x08,0x00,0x00,0xe3,0x20,0x68,0x6a,0x4a,0x8b,0xcc,0xa3,0x0d,0xac,0x2e,0xac,0x4e,0xb4,0x6e,0xb4,
    0x4f,0xb4,0x6f,0xb4,0x6f,0xb4,0x4e,0xac,0x4f,0xac,0x2e,0xac,0x0e,0xa4,0xed,0xa3,0xed,0xa3,0xce,0x9b,0xcd,0x9b,0xac,0x9b,
    0x6c,0x93,0x4c,0x8b,0x4b,0x93,0x4b,0x8b,0x47,0x5a,0x07,0x3a,0xe6,0x39,0x23,0x21,0xc2,0x10,0xa1,0x08,0x80,0x08,0x02,0x19,
    0x22,0x19,0x60,0x08,0x80,0x08,0xa1,0x08,0xe1,0x10,0x42,0x19,0x62,0x21,0x01,0x11,0xa0,0x10,0xa1,0x10,0xe1,0x10,0x01,0x11,
    0xc1,0x21,0x41,0x19,0xa1,0x10,0xa2,0x10,0xa2,0x08,0xc2,0x10,0xc4,0x29,0xe4,0x29,0xa1,0x19,0x61,0x19,0x41,0x11,0x44,0x3a,
    0x84,0x4a,0x21,0x11,0xa1,0x18,0x81,0x10,0x82,0x08,0x61,0x08,0x41,0x08,0x41,0x08,0x61,0x08,0xc3,0x18,0xe3,0x18,0xc2,0x10,
    0xe2,0x10,0x2d,0xa4,0x96,0xfe,0x35,0xee,0x35,0xf6,0x14,0xee,0xf4,0xed,0xb4,0xe5,0x72,0xd5,0x11,0xcd,0x8f,0xbc,0x2f,0xb4,
    0xcd,0xa3,0x8c,0x9b,0x2a,0x93,0xea,0x92,0x88,0x82,0x67,0x82,0x06,0x7a,0xe5,0x79,0x05,0x72,0x26,0x7a,0xe7,0x8a,0x28,0x93,
    0x67,0x72,0x04,0x82,0x65,0x82,0x28,0x9b,0xc6,0x92,0x24,0x82,0x63,0x59,0xc4,0x61,0x45,0x7a,0xe5,0x69,0x05,0x6a,0xe5,0x69,
    0x46,0x7a,0x23,0x49,0x23,0x39,0x23,0x39,0xc5,0x59,0x05,0x6a,0xa4,0x59,0xe5,0x51,0x82,0x18,0x61,0x10,0x20,0x08,0x41,0x08,
    0x41,0x08,0x21,0x08,0x41,0x08,0x42,0x08,0x41,0x08,0x41,0x08,0x41,0x08,0x41,0x08,0x42,0x08,0x61,0x10,0x42,0x08,0x61,0x08,
    0x42,0x08,0x61,0x10,0x61,0x08,0x42,0x08,0x62,0x10,0x61,0x08,0x42,0x10,0x62,0x08,0x41,0x08,0x62,0x08,0x42,0x10,0x41,0x08,
    0x42,0x08,0x61,0x10,0x62,0x08,0x42,0x08,0x61,0x08,0x62,0x08,0x41,0x08,0x62,0x08,0x41,0x08,0x61,0x08,0x42,0x08,0x61,0x08,
    0x62,0x08,0x41,0x08,0x61,0x08,0x41,0x08,0x41,0x08,0x41,0x08,0x41,0x08,0x41,0x08,0x41,0x08,0x41,0x08,0x41,0x08,0x41,0x08,
    0x41,0x08,0x41,0x08,0x21,0x08,0x40,0x08,0x21,0x08,0x41,0x08,0x21,0x08,0x00,0x00,0x03,0x31,0xa9,0x72,0x6b,0x93,0xed,0xa3,
    0x2d,0xac,0x4e,0xb4,0x4e,0xb4,0x8f,0xbc,0x8f,0xb4,0x8f,0xb4,0x6f,0xb4,0x6f,0xac,0x4f,0xac,0x2e,0xac,0x0e,0xa4,0xee,0xa3,
    0xed,0xa3,0xce,0xa3,0xad,0x9b,0x8c,0x9b,0x6c,0x93,0x6c,0x93,0x4b,0x8b,0x2b,0x8b,0x89,0x62,0x48,0x4a,0xa4,0x29,0xe1,0x10,
    0xa1,0x08,0xa1,0x10,0xa1,0x08,0xa1,0x08,0xa0,0x08,0x61,0x08,0x80,0x00,0x60,0x08,0x80,0x08,0xa1,0x08,0xe1,0x10,0xc1,0x10,
    0xc1,0x10,0xc1,0x10,0xe1,0x10,0xe1,0x10,0xa1,0x21,0x41,0x19,0x81,0x08,0x61,0x08,0x61,0x08,0x81,0x10,0x23,0x19,0x62,0x21,
    0xe2,0x10,0xc1,0x10,0xc1,0x10,0xe1,0x10,0x02,0x19,0xa2,0x18,0x81,0x08,0x81,0x08,0x82,0x10,0x81,0x08,0x61,0x08,0x40,0x08,
    0x81,0x08,0xc3,0x10,0xc2,0x10,0xc1,0x10,0x80,0x08,0x4d,0xa4,0x76,0xfe,0x55,0xf6,0x55,0xf6,0x14,0xee,0xf4,0xe5,0x93,0xdd,
    0x52,0xd5,0xf1,0xcc,0x90,0xbc,0x2e,0xac,0xac,0xa3,0x6c,0x9b,0x0a,0x93,0xa9,0x82,0x88,0x82,0x47,0x82,0xe6,0x71,0x06,0x72,
    0x84,0x69,0x05,0x72,0xa6,0x8a,0xc8,0x72,0x67,0x6a,0x24,0x8a,0xc6,0x92,0x68,0xa3,0xe6,0x9a,0x25,0x72,0x22,0x51,0x05,0x72,
    0x05,0x72,0x05,0x72,0x05,0x72,0x26,0x72,0xe5,0x69,0x02,0x41,0x23,0x41,0x84,0x49,0x06,0x6a,0xa5,0x59,0xc5,0x59,0x44,0x41,
    0x61,0x10,0x41,0x08,0x21,0x08,0x21,0x00,0x41,0x08,0x41,0x08,0x41,0x00,0x41,0x08,0x41,0x08,0x42,0x08,0x41,0x08,0x41,0x08,
    0x41,0x08,0x61,0x08,0x42,0x08,0x61,0x08,0x42,0x08,0x41,0x08,0x62,0x10,0x61,0x08,0x62,0x08,0x62,0x08,0x61,0x08,0x41,0x08,
    0x62,0x10,0x61,0x08,0x41,0x08,0x62,0x08,0x61,0x08,0x42,0x08,0x61,0x08,0x62,0x10,0x62,0x08,0x41,0x10,0x62,0x08,0x41,0x08,
    0x62,0x10,0x41,0x08,0x62,0x08,0x61,0x10,0x62,0x08,0x41,0x10,0x41,0x08,0x41,0x08,0x41,0x08,0x41,0x08,0x41,0x08,0x21,0x00,
    0x41,0x08,0x41,0x08,0x41,0x08,0x41,0x08,0x41,0x08,0x41,0x08,0x21,0x00,0x41,0x08,0x21,0x00,0x41,0x08,0x20,0x08,0x00,0x00,
    0x24,0x31,0xc9,0x7a,0xab,0x93,0x0d,0xac,0x4e,0xac,0x6f,0xb4,0x8f,0xbc,0xaf,0xbc,0xb0,0xbc,0x8f,0xb4,0x6f,0xb4,0x6f,0xb4,
    0xed,0xa3,0x2e,0xac,0x0e,0xa4,0xed,0xa3,0xcd,0x9b,0xcd,0x9b,0xad,0x9b,0xac,0x9b,0x6c,0x93,0x4b,0x93,0x4b,0x8b,0x0a,0x83,
    0x89,0x5a,0x25,0x3a,0x82,0x29,0xe1,0x10,0xa0,0x08,0x81,0x08,0x80,0x08,0x80,0x08,0x81,0x08,0x60,0x08,0x81,0x08,0x81,0x08,
    0xa0,0x08,0xa1,0x08,0xa1,0x08,0x21,0x19,0x01,0x19,0xe1,0x10,0xe1,0x10,0x01,0x11,0x82,0x21,0xe1,0x08,0x40,0x08,0x41,0x08,
    0x40,0x08,0x41,0x08,0x41,0x08,0x61,0x08,0x61,0x08,0x81,0x08,0xa1,0x08,0x81,0x08,0xc2,0x18,0xe2,0x18,0xa2,0x10,0x81,0x08,
    0xa2,0x10,0xc3,0x10,0xa2,0x10,0x81,0x08,0xe3,0x18,0xc5,0x31,0x86,0x4a,0xe4,0x39,0xa1,0x08,0x8e,0xbc,0x96,0xfe,0x35,0xf6,
    0x35,0xee,0x14,0xee,0xd4,0xe5,0x73,0xdd,0x32,0xd5,0xd1,0xc4,0x6f,0xbc,0x0e,0xac,0x8c,0xa3,0x4b,0x93,0x0a,0x93,0xa9,0x8a,
    0x68,0x82,0x27,0x7a,0xe5,0x79,0xc5,0x71,0x84,0x69,0x66,0x7a,0xa7,0x8a,0xc8,0x72,0x67,0x62,0x44,0x8a,0x07,0x93,0x48,0xa3,
    0xc6,0x9a,0xc4,0x69,0x63,0x59,0x86,0x82,0xe4,0x71,0x46,0x72,0x46,0x7a,0x05,0x72,0x43,0x51,0x23,0x41,0x23,0x41,0xe5,0x61,
    0xa4,0x61,0x84,0x51,0x84,0x51,0x02,0x31,0x41,0x10,0x41,0x08,0x40,0x00,0x21,0x08,0x20,0x08,0x41,0x00,0x41,0x08,0x21,0x08,
    0x41,0x08,0x41,0x08,0x41,0x00,0x41,0x08,0x41,0x08,0x42,0x08,0x61,0x08,0x41,0x10,0x62,0x08,0x61,0x08,0x62,0x08,0x42,0x08,
    0x61,0x10,0x62,0x10,0x42,0x08,0x62,0x08,0x61,0x08,0x62,0x10,0x62,0x08,0x61,0x10,0x42,0x08,0x62,0x10,0x62,0x08,0x61,0x08,
    0x42,0x10,0x61,0x08,0x62,0x08,0x62,0x10,0x41,0x08,0x62,0x08,0x41,0x08,0x62,0x10,0x41,0x08,0x62,0x08,0x41,0x08,0x42,0x08,
    0x41,0x08,0x42,0x08,0x41,0x08,0x41,0x08,0x21,0x08,0x41,0x08,0x41,0x08,0x61,0x08,0x41,0x08,0x41,0x08,0x40,0x08,0x21,0x08,
    0x40,0x08,0x21,0x00,0x41,0x08,0x00,0x00,0x64,0x39,0x0a,0x83,0xcc,0x9b,0x2e,0xac,0x6e,0xb4,0x6e,0xb4,0x8f,0xbc,0x8f,0xbc,
    0xd0,0xbc,0xb0,0xbc,0x8f,0xb4,0x6f,0xb4,0x0d,0xa4,0x0e,0xac,0x0e,0xa4,0xcd,0xa3,0xcd,0x9b,0xcd,0xa3,0xad,0x9b,0x6c,0x93,
    0x6b,0x93,0x6c,0x8b,0x4b,0x8b,0xea,0x7a,0x88,0x52,0xa6,0x4a,0x03,0x32,0x62,0x21,0xa0,0x08,0xa0,0x08,0xa1,0x08,0x80,0x08,
    0x81,0x08,0x81,0x08,0xc0,0x08,0xc1,0x10,0xe1,0x08,0xc1,0x10,0xe1,0x10,0x61,0x19,0x21,0x19,0xe1,0x18,0xe1,0x10,0xc1,0x08,
    0x42,0x19,0x81,0x08,0x20,0x00,0x40,0x08,0x61,0x08,0x40,0x00,0x41,0x08,0x61,0x08,0xa2,0x08,0xc2,0x18,0xe3,0x10,0xc2,0x10,
    0xe1,0x18,0x02,0x19,0xc2,0x10,0xa3,0x10,0xc3,0x10,0xc3,0x10,0xa3,0x10,0xc2,0x10,0x84,0x29,0xa5,0x4a,0x27,0x63,0x84,0x42,
    0xe1,0x10,0xf0,0xc4,0x95,0xfe,0x35,0xf6,0x14,0xee,0x14,0xee,0xb3,0xe5,0x72,0xdd,0x12,0xcd,0xd0,0xc4,0x4f,0xb4,0xed,0xab,
    0xad,0x9b,0x4b,0x93,0xea,0x8a,0xa8,0x8a,0x88,0x7a,0x26,0x7a,0xe6,0x71,0xa4,0x69,0xa4,0x69,0x26,0x72,0x66,0x7a,0x88,0x6a,
    0x67,0x62,0x64,0x8a,0x28,0xa3,0x27,0x9b,0xc6,0x92,0xc3,0x69,0xc4,0x69,0x86,0x82,0xe4,0x71,0x67,0x7a,0xe5,0x71,0xa4,0x61,
    0x02,0x41,0x23,0x41,0x64,0x49,0xc5,0x59,0x84,0x51,0x64,0x51,0x02,0x31,0xa2,0x20,0x41,0x08,0x41,0x08,0x21,0x08,0x40,0x08,
    0x41,0x08,0x21,0x08,0x41,0x08,0x41,0x08,0x42,0x08,0x41,0x08,0x41,0x08,0x41,0x08,0x41,0x08,0x41,0x08,0x62,0x08,0x41,0x08,
    0x62,0x08,0x42,0x10,0x61,0x08,0x61,0x10,0x42,0x08,0x61,0x08,0x61,0x10,0x62,0x08,0x41,0x10,0x62,0x08,0x41,0x08,0x62,0x08,
    0x61,0x10,0x62,0x08,0x61,0x10,0x62,0x08,0x61,0x08,0x42,0x08,0x61,0x10,0x62,0x08,0x41,0x08,0x62,0x08,0x61,0x08,0x62,0x08,
    0x61,0x10,0x42,0x08,0x41,0x08,0x41,0x08,0x41,0x08,0x41,0x08,0x41,0x08,0x41,0x08,0x41,0x00,0x41,0x08,0x41,0x08,0x41,0x08,
    0x41,0x08,0x21,0x08,0x41,0x00,0x21,0x08,0x41,0x08,0x41,0x08,0x20,0x00,0x00,0x00,0x85,0x41,0x0a,0x83,0xac,0x9b,0x4e,0xac,
    0x6e,0xb4,0x6f,0xbc,0x8f,0xbc,0xaf,0xbc,0xb0,0xbc,0x8f,0xb4,0x6f,0xb4,0x6f,0xb4,0x2f,0xac,0x2e,0xa4,0x0e,0xa4,0xed,0xa3,
    0xcd,0x9b,0xcd,0x9b,0xac,0x9b,0x6c,0x93,0x6b,0x93,0x6b,0x93,0x2b,0x8b,0xc9,0x72,0xa9,0x5a,0xc6,0x52,0x64,0x42,0xc3,0x31,
    0xe2,0x10,0xe2,0x18,0xe1,0x10,0xc1,0x10,0xc1,0x10,0xe1,0x08,0xe1,0x10,0xe1,0x10,0x01,0x11,0xe0,0x08,0xe1,0x10,0x21,0x19,
    0x01,0x11,0x22,0x21,0x62,0x21,0xe1,0x10,0xe1,0x10,0xc1,0x10,0xc1,0x08,0xa1,0x08,0xc1,0x10,0xa1,0x10,0x61,0x08,0xa2,0x10,
    0xe3,0x10,0x03,0x19,0x24,0x21,0xe3,0x18,0xc2,0x08,0xa1,0x10,0xa3,0x10,0xe3,0x18,0x03,0x19,0x23,0x19,0xe2,0x10,0x23,0x21,
    0x24,0x3a,0x23,0x32,0x64,0x3a,0x48,0x5b,0x05,0x3a,0x51,0xd5,0x75,0xfe,0x35,0xee,0x14,0xee,0xf4,0xed,0x93,0xe5,0x73,0xd5,
    0x11,0xd5,0xb0,0xc4,0x4f,0xb4,0xcd,0xa3,0x6c,0x9b,0x4b,0x9b,0xe9,0x8a,0xa9,0x82,0x47,0x82,0x26,0x7a,0xc5,0x71,0xa4,0x69,
    0xe5,0x71,0x46,0x72,0x46,0x7a,0x26,0x52,0x26,0x62,0xa6,0x92,0x48,0xa3,0x27,0xa3,0x85,0x92,0x63,0x59,0x86,0x82,0x66,0x82,
    0x26,0x72,0x45,0x7a,0xc4,0x69,0x23,0x51,0x02,0x41,0x44,0x49,0x84,0x59,0x63,0x51,0x63,0x49,0xe3,0x30,0x61,0x10,0x62,0x10,
    0x41,0x10,0x20,0x00,0x41,0x08,0x21,0x08,0x21,0x00,0x41,0x08,0x41,0x08,0x41,0x08,0x41,0x08,0x41,0x08,0x41,0x08,0x41,0x08,
    0x42,0x08,0x41,0x08,0x41,0x10,0x62,0x08,0x41,0x08,0x62,0x08,0x41,0x08,0x62,0x08,0x41,0x10,0x62,0x08,0x62,0x08,0x41,0x08,
    0x62,0x08,0x61,0x10,0x62,0x08,0x41,0x10,0x62,0x08,0x61,0x08,0x42,0x08,0x62,0x10,0x62,0x08,0x61,0x10,0x42,0x08,0x61,0x08,
    0x42,0x08,0x41,0x10,0x62,0x08,0x41,0x10,0x62,0x08,0x41,0x08,0x61,0x08,0x42,0x08,0x41,0x08,0x41,0x08,0x41,0x08,0x41,0x08,
    0x41,0x08,0x41,0x08,0x62,0x08,0x41,0x08,0x41,0x08,0x41,0x08,0x21,0x08,0x40,0x00,0x21,0x08,0x41,0x08,0x21,0x08,0x00,0x00,
    0x86,0x41,0x2b,0x83,0xcd,0x9b,0x4e,0xb4,0x8f,0xb4,0xaf,0xbc,0xb0,0xbc,0xb0,0xbc,0xb0,0xbc,0x4e,0xb4,0x6f,0xb4,0x6f,0xb4,
    0x2e,0xac,0x0e,0xa4,0xed,0xa3,0xee,0xa3,0xcd,0x9b,0xad,0x9b,0x6c,0x93,0x6b,0x93,0x4c,0x93,0x6b,0x8b,0x2b,0x8b,0xa9,0x72,
    0x69,0x4a,0x86,0x42,0x24,0x3a,0x62,0x21,0x02,0x19,0x43,0x29,0x43,0x19,0x01,0x19,0x21,0x19,0x21,0x11,0x01,0x11,0x01,0x11,
    0x01,0x11,0xe1,0x10,0x01,0x11,0x01,0x11,0x21,0x11,0x62,0x21,0xc4,0x31,0x43,0x21,0xc1,0x10,0xe2,0x10,0x21,0x19,0x22,0x19,
    0x21,0x19,0xe1,0x10,0x81,0x10,0xe3,0x10,0x03,0x19,0x03,0x19,0x03,0x19,0x03,0x19,0xa2,0x10,0x61,0x08,0x22,0x19,0x04,0x32,
    0x44,0x32,0x03,0x2a,0xa2,0x21,0xa2,0x21,0xa5,0x4a,0x04,0x3a,0x65,0x3a,0x8b,0x73,0xe9,0x62,0xd3,0xe5,0x75,0xf6,0x34,0xf6,
    0x14,0xee,0xd4,0xe5,0x72,0xdd,0x52,0xd5,0x12,0xcd,0xb0,0xbc,0x2e,0xb4,0xad,0xa3,0x6c,0x9b,0x2b,0x93,0xc9,0x8a,0x88,0x82,
    0x47,0x7a,0x06,0x7a,0xc5,0x71,0xc5,0x69,0xe5,0x69,0x05,0x6a,0x46,0x72,0xa4,0x49,0x46,0x5a,0x27,0x9b,0x68,0xa3,0x27,0xa3,
    0x04,0x7a,0xc4,0x69,0xc7,0x8a,0x45,0x7a,0x66,0x82,0x04,0x72,0x83,0x61,0x23,0x49,0x43,0x49,0x84,0x51,0xa4,0x59,0x43,0x49,
    0x23,0x41,0x81,0x18,0x21,0x08,0x20,0x00,0x20,0x08,0x20,0x00,0x21,0x08,0x41,0x08,0x41,0x08,0x41,0x08,0x41,0x08,0x41,0x08,
    0x41,0x08,0x41,0x08,0x41,0x08,0x41,0x08,0x41,0x08,0x41,0x08,0x61,0x08,0x42,0x08,0x61,0x10,0x42,0x08,0x61,0x10,0x42,0x08,
    0x61,0x08,0x62,0x10,0x41,0x08,0x62,0x10,0x41,0x08,0x62,0x08,0x62,0x08,0x61,0x08,0x42,0x08,0x62,0x10,0x61,0x08,0x62,0x10,
    0x62,0x08,0x61,0x08,0x62,0x08,0x62,0x10,0x61,0x08,0x42,0x08,0x61,0x08,0x62,0x08,0x61,0x08,0x42,0x10,0x41,0x08,0x41,0x08,
    0x41,0x08,0x41,0x08,0x41,0x08,0x21,0x08,0x42,0x08,0x41,0x08,0x41,0x08,0x41,0x08,0x41,0x08,0x21,0x08,0x41,0x00,0x21,0x08,
    0x41,0x08,0x20,0x00,0x21,0x08,0x00,0x00,0xa5,0x49,0x4b,0x83,0x0d,0xa4,0x4e,0xac,0x8f,0xbc,0xaf,0xbc,0x6e,0xbc,0xaf,0xbc,
    0xb0,0xc4,0x8f,0xb4,0x90,0xb4,0x6e,0xb4,0x2e,0xac,0x0e,0xa4,0xee,0xa3,0xcd,0x9b,0xcd,0x9b,0xac,0x9b,0x6c,0x93,0x6c,0x93,
    0x6b,0x93,0x4b,0x93,0x0a,0x8b,0x89,0x62,0x48,0x4a,0x87,0x4a,0xc3,0x31,0xc1,0x10,0x23,0x21,0x84,0x29,0x42,0x19,0x22,0x19,
    0x22,0x19,0x22,0x19,0x21,0x11,0x21,0x11,0x01,0x11,0x21,0x11,0x00,0x11,0x21,0x11,0x63,0x29,0x42,0x21,0x42,0x21,0xc1,0x10,
    0xa2,0x10,0xe2,0x18,0x22,0x19,0x21,0x11,0x22,0x19,0xe1,0x10,0xe2,0x10,0xe3,0x18,0x03,0x19,0xe3,0x10,0xe3,0x18,0x03,0x19,
    0x03,0x11,0x82,0x21,0x85,0x3a,0x08,0x53,0xe5,0x42,0x23,0x2a,0x41,0x19,0xc4,0x29,0x87,0x52,0xa4,0x29,0xa3,0x31,0x05,0x3a,
    0x46,0x52,0x34,0xee,0x55,0xf6,0x34,0xf6,0x14,0xee,0x93,0xe5,0x10,0xd5,0x72,0xd5,0xf1,0xcc,0x8f,0xbc,0x0e,0xac,0xad,0x9b,
    0x6b,0x9b,0x0a,0x8b,0xc9,0x8a,0x88,0x82,0x47,0x7a,0x06,0x72,0xe5,0x71,0xe5,0x71,0xa5,0x69,0xa4,0x61,0x66,0x72,0x83,0x41,
    0x67,0x6a,0x89,0xab,0x27,0xa3,0x06,0x9b,0x04,0x7a,0xa7,0x8a,0x86,0x8a,0x45,0x7a,0x45,0x82,0xa4,0x69,0x43,0x51,0x63,0x51,
    0x63,0x51,0x84,0x51,0x43,0x49,0x03,0x39,0xe3,0x30,0x41,0x08,0x20,0x08,0x21,0x00,0x20,0x00,0x01,0x08,0x20,0x00,0x41,0x08,
    0x21,0x08,0x41,0x08,0x41,0x08,0x41,0x08,0x42,0x08,0x41,0x08,0x42,0x08,0x41,0x08,0x41,0x08,0x41,0x08,0x41,0x08,0x62,0x08,
    0x61,0x08,0x62,0x10,0x61,0x08,0x62,0x08,0x41,0x08,0x62,0x08,0x41,0x08,0x62,0x08,0x61,0x08,0x41,0x10,0x62,0x08,0x42,0x10,
    0x61,0x08,0x62,0x08,0x62,0x10,0x61,0x08,0x62,0x08,0x41,0x10,0x61,0x08,0x42,0x08,0x61,0x10,0x42,0x08,0x61,0x10,0x42,0x08,
    0x61,0x08,0x42,0x08,0x61,0x08,0x42,0x08,0x41,0x08,0x42,0x08,0x41,0x08,0x41,0x00,0x41,0x08,0x42,0x08,0x41,0x08,0x41,0x08,
    0x41,0x08,0x21,0x08,0x40,0x08,0x21,0x08,0x41,0x00,0x41,0x08,0x20,0x08,0x00,0x00,0xa5,0x41,0x4b,0x8b,0xed,0xa3,0x6e,0xb4,
    0xcf,0xbc,0xb0,0xc4,0xaf,0xc4,0xd0,0xbc,0xb0,0xbc,0x8f,0xbc,0x8f,0xb4,0x4f,0xb4,0x2e,0xac,0x0e,0xa4,0xee,0xa3,0xed,0x9b,
    0xcd,0xa3,0xad,0x9b,0x6c,0x93,0x6b,0x93,0x6c,0x93,0x4b,0x8b,0x2a,0x8b,0x27,0x52,0xa6,0x31,0xe5,0x39,0x02,0x21,0xc1,0x10,
    0x23,0x21,0x43,0x19,0x22,0x19,0x01,0x11,0x01,0x11,0x41,0x19,0x42,0x19,0x42,0x19,0x21,0x11,0x01,0x11,0xe1,0x10,0x01,0x11,
    0x82,0x29,0x22,0x19,0x81,0x08,0x61,0x08,0xa2,0x10,0xc2,0x18,0x02,0x19,0x21,0x11,0x01,0x11,0x01,0x11,0x01,0x11,0xe3,0x18,
    0xc2,0x10,0xc2,0x10,0xe2,0x10,0xe3,0x18,0xa4,0x29,0xa5,0x42,0x07,0x53,0xe5,0x42,0x83,0x32,0xa2,0x21,0x43,0x19,0x84,0x29,
    0x84,0x29,0xa1,0x08,0xc2,0x18,0x81,0x08,0x26,0x4a,0x55,0xfe,0x35,0xf6,0x34,0xee,0xf4,0xed,0xb3,0xe5,0x73,0xdd,0x52,0xd5,
    0xd0,0xc4,0x6f,0xbc,0xee,0xab,0xad,0xa3,0x4b,0x93,0x0b,0x8b,0xc9,0x8a,0x89,0x82,0x47,0x7a,0x07,0x7a,0x06,0x72,0xa5,0x61,
    0xc5,0x61,0x84,0x59,0x46,0x62,0xa4,0x41,0xa7,0x6a,0x89,0xa3,0x47,0xab,0xc6,0x92,0x65,0x82,0x07,0x9b,0x25,0x7a,0x66,0x7a,
    0xe4,0x71,0x63,0x61,0x63,0x59,0xa4,0x51,0x84,0x51,0x63,0x49,0x03,0x39,0x02,0x39,0x81,0x20,0x41,0x08,0x20,0x00,0x01,0x08,
    0x20,0x00,0x20,0x00,0x21,0x08,0x41,0x08,0x41,0x00,0x41,0x08,0x41,0x08,0x41,0x08,0x41,0x08,0x41,0x08,0x41,0x08,0x41,0x08,
    0x41,0x08,0x42,0x08,0x61,0x08,0x42,0x08,0x41,0x10,0x62,0x08,0x41,0x08,0x42,0x10,0x61,0x08,0x61,0x10,0x62,0x08,0x41,0x10,
    0x62,0x08,0x62,0x08,0x61,0x10,0x62,0x08,0x41,0x08,0x61,0x08,0x42,0x08,0x61,0x08,0x62,0x10,0x62,0x08,0x42,0x10,0x61,0x08,
    0x62,0x08,0x42,0x08,0x62,0x08,0x61,0x10,0x41,0x08,0x41,0x08,0x42,0x08,0x41,0x08,0x41,0x08,0x41,0x08,0x41,0x08,0x41,0x08,
    0x41,0x08,0x41,0x08,0x41,0x08,0x41,0x08,0x41,0x08,0x41,0x00,0x21,0x08,0x40,0x08,0x21,0x08,0x41,0x08,0x20,0x00,0x00,0x00,
    0xc6,0x49,0x4b,0x8b,0x0d,0xa4,0x6f,0xb4,0xcf,0xbc,0xd0,0xc4,0xd0,0xc4,0xf0,0xc4,0xaf,0xbc,0x8f,0xbc,0x90,0xb4,0x4f,0xac,
    0x2e,0xac,0x0e,0xa4,0xee,0xa3,0xed,0x9b,0xcd,0x9b,0xad,0x93,0x8c,0x93,0x6b,0x93,0x4b,0x93,0x4b,0x8b,0x0a,0x83,0x64,0x31,
    0xc1,0x08,0xe1,0x10,0xa1,0x08,0xe1,0x10,0x22,0x19,0x22,0x19,0x01,0x19,0xe1,0x10,0xe1,0x10,0x42,0x19,0x63,0x19,0x41,0x19,
    0x41,0x11,0xe1,0x18,0xc2,0x10,0x42,0x19,0x64,0x42,0xe3,0x31,0x81,0x08,0x61,0x08,0xc3,0x10,0x81,0x08,0xe2,0x10,0x01,0x11,
    0x01,0x11,0x01,0x11,0xe1,0x10,0xc1,0x10,0xa1,0x10,0xc2,0x10,0xc2,0x10,0x02,0x19,0x24,0x32,0xc6,0x4a,0xa4,0x3a,0xa3,0x32,
    0x63,0x32,0xa2,0x21,0x44,0x21,0x64,0x21,0x02,0x19,0x81,0x08,0x81,0x10,0x20,0x00,0xc8,0x6a,0x75,0xfe,0x35,0xee,0x14,0xf6,
    0xf4,0xe5,0xb3,0xe5,0x72,0xdd,0x31,0xcd,0xb0,0xc4,0x4f,0xb4,0xed,0xab,0x8c,0x9b,0x4c,0x93,0x0a,0x8b,0xc9,0x82,0x88,0x82,
    0x47,0x7a,0x26,0x7a,0xc5,0x69,0x84,0x69,0x84,0x61,0x63,0x51,0xe5,0x51,0x26,0x52,0x29,0x83,0x89,0xab,0x68,0xa3,0xa6,0x8a,
    0x48,0x9b,0x45,0x7a,0x45,0x7a,0x45,0x82,0x83,0x61,0x83,0x59,0xa4,0x59,0x84,0x51,0x43,0x49,0x43,0x41,0xe2,0x38,0xe3,0x30,
    0x61,0x10,0x21,0x00,0x20,0x08,0x20,0x00,0x21,0x08,0x20,0x00,0x21,0x08,0x20,0x08,0x41,0x08,0x41,0x08,0x41,0x08,0x41,0x08,
    0x41,0x08,0x41,0x08,0x41,0x08,0x41,0x08,0x41,0x08,0x41,0x08,0x62,0x10,0x61,0x08,0x42,0x08,0x61,0x08,0x62,0x10,0x41,0x08,
    0x62,0x08,0x41,0x08,0x62,0x10,0x61,0x08,0x42,0x10,0x61,0x08,0x42,0x08,0x61,0x08,0x62,0x08,0x62,0x10,0x61,0x08,0x42,0x10,
    0x61,0x08,0x42,0x08,0x61,0x08,0x62,0x10,0x61,0x08,0x41,0x10,0x62,0x08,0x62,0x08,0x62,0x10,0x61,0x08,0x41,0x08,0x41,0x08,
    0x62,0x08,0x41,0x08,0x41,0x08,0x41,0x08,0x41,0x08,0x42,0x08,0x61,0x08,0x41,0x08,0x41,0x08,0x20,0x08,0x41,0x08,0x21,0x00,
    0x41,0x08,0x21,0x08,0x20,0x08,0x01,0x00,0xa5,0x41,0x4b,0x83,0x2e,0xa4,0x8f,0xb4,0xcf,0xbc,0xd0,0xc4,0xd0,0xc4,0xd0,0xc4,
    0xd0,0xbc,0x90,0xbc,0x6f,0xb4,0x4e,0xb4,0x2f,0xac,0x0e,0xa4,0xed,0x9b,0xcd,0x9b,0xcd,0x9b,0xac,0x93,0x8c,0x93,0x8c,0x93,
    0x4b,0x8b,0x2b,0x8b,0xe9,0x82,0x02,0x21,0x80,0x08,0xa1,0x10,0xa0,0x08,0xe1,0x10,0xe2,0x18,0xc1,0x10,0xa1,0x08,0xa1,0x10,
    0xa1,0x10,0x02,0x19,0x63,0x19,0x62,0x19,0x22,0x19,0xe2,0x10,0x63,0x21,0xc3,0x29,0xe6,0x4a,0x44,0x42,0x81,0x08,0x60,0x08,
    0xe2,0x10,0xa2,0x10,0xe2,0x18,0x01,0x11,0x01,0x11,0xe0,0x10,0xe1,0x10,0xe1,0x10,0xa1,0x08,0xa2,0x10,0xc1,0x10,0x82,0x21,
    0x44,0x32,0x83,0x32,0x83,0x32,0xc3,0x3a,0x44,0x3a,0x43,0x19,0x02,0x11,0x22,0x19,0xe2,0x18,0xc1,0x10,0xc2,0x10,0x20,0x00,
    0x4a,0x7b,0x96,0xfe,0x34,0xee,0x34,0xee,0xf4,0xed,0xb3,0xdd,0x72,0xdd,0x11,0xcd,0x90,0xbc,0x2e,0xb4,0xcd,0xa3,0x8c,0x9b,
    0x4b,0x93,0x0b,0x8b,0xca,0x82,0x88,0x82,0x27,0x72,0x06,0x72,0xc5,0x71,0xc5,0x61,0x43,0x59,0x23,0x49,0xa4,0x39,0x25,0x4a,
    0x69,0x8b,0xe9,0xb3,0x07,0x9b,0x07,0x93,0x65,0x8a,0x25,0x7a,0x45,0x82,0xa3,0x69,0xa4,0x61,0xc4,0x61,0x23,0x41,0x43,0x51,
    0x23,0x41,0x23,0x39,0xe2,0x28,0x82,0x20,0x40,0x08,0x21,0x08,0x21,0x00,0x20,0x08,0x21,0x00,0x00,0x00,0x41,0x08,0x21,0x00,
    0x41,0x08,0x41,0x08,0x41,0x08,0x41,0x08,0x42,0x08,0x41,0x08,0x41,0x00,0x42,0x08,0x41,0x08,0x61,0x08,0x41,0x08,0x41,0x08,
    0x62,0x08,0x41,0x08,0x62,0x08,0x61,0x08,0x62,0x10,0x61,0x08,0x42,0x08,0x61,0x08,0x62,0x08,0x62,0x10,0x61,0x08,0x42,0x10,
    0x61,0x08,0x42,0x08,0x61,0x10,0x62,0x08,0x62,0x08,0x61,0x10,0x42,0x08,0x61,0x08,0x62,0x08,0x62,0x08,0x61,0x08,0x41,0x08,
    0x41,0x08,0x62,0x08,0x41,0x08,0x42,0x08,0x41,0x08,0x41,0x08,0x41,0x08,0x41,0x08,0x41,0x08,0x41,0x08,0x41,0x08,0x41,0x08,
    0x21,0x08,0x41,0x00,0x21,0x08,0x40,0x08,0x21,0x08,0x41,0x00,0x20,0x00,0x00,0x00,0xa6,0x49,0x4b,0x8b,0x2e,0xa4,0xaf,0xbc,
    0xcf,0xc4,0xd0,0xc4,0xf0,0xc4,0xf1,0xc4,0xd0,0xc4,0x8f,0xbc,0x6f,0xb4,0x4f,0xac,0x2e,0xac,0x0e,0xa4,0xee,0x9b,0xcd,0xa3,
    0xcd,0x9b,0x8d,0x9b,0xac,0x93,0x6c,0x8b,0x4b,0x8b,0x2b,0x8b,0xa9,0x72,0xe1,0x18,0xc0,0x08,0xa1,0x08,0xe1,0x10,0x21,0x19,
    0xe1,0x10,0x60,0x08,0x80,0x08,0x60,0x00,0x81,0x08,0xa1,0x08,0x62,0x19,0x62,0x21,0xc1,0x10,0xe2,0x18,0x84,0x29,0x62,0x21,
    0xe4,0x31,0x63,0x29,0x61,0x08,0x41,0x08,0xc2,0x10,0xc1,0x10,0x02,0x11,0xe1,0x10,0xe1,0x10,0x01,0x11,0xe0,0x10,0xc1,0x08,
    0xc1,0x10,0x61,0x08,0xc1,0x10,0xc2,0x29,0x43,0x32,0x42,0x2a,0x62,0x32,0x03,0x32,0x63,0x19,0xe2,0x10,0xe2,0x10,0xc1,0x10,
    0xe1,0x10,0xc1,0x08,0xc1,0x10,0x40,0x00,0xab,0x93,0x95,0xfe,0x14,0xee,0x14,0xee,0xb3,0xe5,0x72,0xdd,0x52,0xd5,0xf1,0xcc,
    0x6f,0xbc,0xee,0xab,0xad,0xa3,0x8c,0x9b,0x2b,0x93,0x0a,0x8b,0xca,0x82,0x68,0x7a,0x26,0x72,0xe6,0x71,0xe5,0x69,0x84,0x61,
    0x23,0x51,0x43,0x41,0xa1,0x21,0x85,0x52,0xaa,0xa3,0x68,0x9b,0x48,0x9b,0xa6,0x8a,0x24,0x7a,0x66,0x82,0x04,0x72,0xc4,0x61,
    0xc5,0x61,0x43,0x51,0x23,0x41,0x64,0x41,0x03,0x39,0xa2,0x20,0x61,0x10,0x61,0x10,0x20,0x08,0x20,0x00,0x21,0x08,0x20,0x00,
    0x21,0x08,0x20,0x00,0x21,0x08,0x41,0x08,0x41,0x08,0x41,0x08,0x41,0x08,0x41,0x08,0x41,0x08,0x41,0x08,0x41,0x08,0x41,0x08,
    0x41,0x08,0x61,0x08,0x42,0x08,0x61,0x08,0x42,0x10,0x61,0x08,0x62,0x10,0x41,0x08,0x62,0x08,0x61,0x10,0x62,0x08,0x42,0x08,
    0x61,0x08,0x42,0x08,0x61,0x08,0x62,0x08,0x62,0x10,0x62,0x08,0x41,0x08,0x62,0x08,0x41,0x08,0x62,0x08,0x61,0x10,0x42,0x08,
    0x41,0x08,0x42,0x10,0x61,0x08,0x62,0x10,0x41,0x08,0x62,0x08,0x41,0x08,0x41,0x08,0x61,0x08,0x42,0x08,0x41,0x08,0x41,0x08,
    0x42,0x08,0x41,0x08,0x41,0x08,0x41,0x08,0x41,0x08,0x21,0x08,0x41,0x00,0x41,0x08,0x41,0x08,0x20,0x08,0x21,0x08,0x00,0x00,
    0xc6,0x41,0x4b,0x83,0x2e,0xac,0xaf,0xb4,0xf0,0xc4,0x11,0xc5,0xf1,0xc4,0xf0,0xc4,0xb0,0xbc,0x90,0xbc,0x6f,0xb4,0x6f,0xb4,
    0x2e,0xac,0x0e,0xa4,0xed,0x9b,0xcd,0x9b,0xad,0x9b,0xcd,0x93,0x8c,0x93,0x6b,0x93,0x2b,0x8b,0x4b,0x8b,0x67,0x6a,0xc1,0x10,
    0xc0,0x10,0xc0,0x08,0x62,0x21,0xe2,0x31,0xe1,0x10,0x80,0x08,0x80,0x08,0x81,0x08,0x60,0x08,0x80,0x08,0x22,0x19,0x02,0x19,
    0x81,0x08,0xa2,0x10,0xa2,0x10,0x81,0x10,0xc1,0x10,0x81,0x10,0x60,0x08,0x41,0x08,0xe2,0x10,0xa1,0x08,0xe1,0x10,0xe2,0x10,
    0xc1,0x10,0xe0,0x10,0xe1,0x10,0x01,0x19,0x43,0x21,0x23,0x21,0x42,0x19,0xe2,0x29,0x02,0x22,0x02,0x2a,0xa2,0x21,0xe1,0x10,
    0x81,0x10,0xe2,0x10,0xc2,0x10,0xa1,0x08,0xc1,0x10,0xa1,0x10,0xc1,0x10,0x60,0x00,0x2d,0xa4,0x75,0xfe,0x34,0xee,0xf4,0xed,
    0xb2,0xe5,0x52,0xdd,0x31,0xd5,0xb0,0xc4,0x4f,0xb4,0x0d,0xac,0xad,0xa3,0x8c,0x9b,0x2b,0x93,0x0a,0x8b,0xc9,0x82,0x68,0x7a,
    0x27,0x72,0x06,0x72,0xc5,0x69,0x44,0x59,0x23,0x51,0x43,0x39,0x03,0x32,0xe7,0x72,0xaa,0x9b,0x69,0x9b,0x07,0x93,0x25,0x7a,
    0x86,0x82,0x24,0x7a,0xc4,0x69,0xa4,0x61,0x63,0x51,0x43,0x49,0x43,0x49,0xe2,0x30,0xa2,0x20,0x40,0x10,0x20,0x00,0x21,0x08,
    0x20,0x00,0x21,0x08,0x21,0x00,0x21,0x08,0x20,0x00,0x21,0x08,0x20,0x00,0x41,0x08,0x41,0x08,0x41,0x08,0x41,0x08,0x41,0x08,
    0x42,0x08,0x41,0x08,0x62,0x08,0x41,0x08,0x42,0x08,0x41,0x08,0x61,0x08,0x41,0x08,0x62,0x08,0x61,0x08,0x42,0x08,0x62,0x08,
    0x61,0x08,0x42,0x08,0x61,0x10,0x62,0x08,0x61,0x10,0x62,0x08,0x42,0x10,0x61,0x08,0x62,0x08,0x41,0x10,0x62,0x08,0x62,0x10,
    0x62,0x08,0x61,0x10,0x42,0x08,0x61,0x08,0x62,0x08,0x61,0x08,0x62,0x08,0x42,0x08,0x61,0x08,0x42,0x10,0x61,0x08,0x42,0x08,
    0x41,0x08,0x41,0x08,0x41,0x08,0x41,0x08,0x41,0x08,0x61,0x08,0x41,0x08,0x41,0x08,0x21,0x08,0x41,0x00,0x20,0x08,0x21,0x08,
    0x41,0x00,0x21,0x08,0x20,0x00,0x20,0x00,0xa6,0x41,0x4a,0x83,0x4e,0xac,0xd0,0xbc,0xf0,0xc4,0x11,0xc5,0x11,0xcd,0xf1,0xc4,
    0xd0,0xc4,0xb0,0xbc,0x90,0xb4,0x6f,0xb4,0x2e,0xa4,0x0e,0xa4,0xce,0x9b,0xcd,0x9b,0xad,0x9b,0xad,0x93,0x8d,0x93,0x4b,0x8b,
    0x4b,0x8b,0x2a,0x8b,0x27,0x5a,0xc0,0x10,0xa1,0x08,0xa1,0x08,0xc3,0x31,0xc2,0x29,0xa1,0x08,0x80,0x08,0xa1,0x08,0xa1,0x08,
    0xa1,0x08,0x81,0x08,0xc1,0x10,0xa1,0x08,0xa2,0x10,0xc2,0x10,0x60,0x08,0x60,0x00,0x61,0x08,0x61,0x08,0x61,0x08,0x41,0x08,
    0xe2,0x10,0x80,0x08,0xc1,0x10,0xe1,0x10,0xc1,0x10,0xc1,0x10,0x00,0x11,0x41,0x21,0x62,0x21,0x82,0x29,0x61,0x19,0xc1,0x21,
    0xe2,0x29,0x01,0x11,0x80,0x08,0x41,0x08,0x61,0x08,0xa1,0x08,0xc1,0x10,0xc1,0x08,0xa1,0x08,0xa0,0x08,0xa1,0x10,0x80,0x08,
    0xaf,0xbc,0x96,0xfe,0x14,0xee,0xf3,0xed,0xb3,0xe5,0x52,0xd5,0x11,0xcd,0x90,0xbc,0x4f,0xb4,0xed,0xab,0xac,0x9b,0x6c,0x9b,
    0x4b,0x93,0x2b,0x8b,0xc9,0x82,0x47,0x7a,0x27,0x72,0xe6,0x69,0xa5,0x61,0x63,0x59,0x03,0x49,0x43,0x41,0x44,0x3a,0x49,0x83,
    0x89,0x9b,0xa6,0x82,0x24,0x62,0x65,0x72,0xe7,0x92,0x65,0x82,0xa3,0x69,0x63,0x51,0x22,0x49,0x02,0x41,0xc2,0x30,0xa2,0x18,
    0x41,0x10,0x20,0x00,0x00,0x00,0x00,0x00,0x21,0x00,0x20,0x08,0x41,0x08,0x20,0x08,0x21,0x00,0x20,0x08,0x21,0x08,0x41,0x08,
    0x41,0x08,0x41,0x08,0x41,0x08,0x41,0x08,0x61,0x08,0x42,0x08,0x41,0x08,0x61,0x08,0x61,0x08,0x42,0x08,0x61,0x10,0x42,0x08,
    0x61,0x10,0x61,0x08,0x62,0x10,0x41,0x08,0x62,0x10,0x61,0x08,0x42,0x10,0x62,0x08,0x41,0x10,0x61,0x08,0x62,0x08,0x41,0x08,
    0x62,0x10,0x62,0x08,0x62,0x08,0x61,0x10,0x62,0x08,0x62,0x08,0x61,0x08,0x42,0x10,0x61,0x08,0x42,0x10,0x61,0x08,0x41,0x08,
    0x62,0x08,0x41,0x08,0x62,0x08,0x41,0x08,0x42,0x08,0x61,0x08,0x41,0x08,0x41,0x08,0x42,0x08,0x41,0x08,0x41,0x08,0x41,0x08,
    0x41,0x08,0x20,0x08,0x41,0x08,0x41,0x08,0x41,0x08,0x40,0x00,0x21,0x08,0x00,0x00,0xa6,0x41,0x4b,0x83,0x4f,0xac,0xf0,0xbc,
    0x11,0xc5,0x11,0xcd,0x11,0xcd,0x11,0xc5,0xf1,0xc4,0xb0,0xbc,0x90,0xb4,0x90,0xb4,0x4f,0xa4,0x0e,0x9c,0xcd,0xa3,0xad,0x9b,
    0xad,0x9b,0xad,0x93,0xac,0x9b,0x6c,0x8b,0x2a,0x8b,0x2a,0x8b,0xe6,0x49,0x81,0x08,0x81,0x10,0xe2,0x10,0x83,0x29,0x63,0x21,
    0xc1,0x10,0xa1,0x08,0xc1,0x10,0xc1,0x10,0xa1,0x08,0x81,0x08,0x60,0x08,0x81,0x08,0xe2,0x10,0xc2,0x18,0x81,0x08,0xa0,0x10,
    0x81,0x08,0xa1,0x10,0x81,0x08,0x81,0x10,0xa1,0x10,0xa1,0x08,0xc1,0x10,0xe1,0x18,0xe1,0x10,0x01,0x11,0x21,0x19,0x60,0x19,
    0x61,0x19,0x61,0x19,0xa1,0x21,0x63,0x3a,0xa3,0x3a,0xe2,0x31,0xa1,0x08,0x40,0x00,0x41,0x08,0xa1,0x08,0xc1,0x10,0xe2,0x10,
    0xc1,0x10,0xa1,0x10,0x80,0x08,0xe1,0x18,0x51,0xd5,0x75,0xfe,0x34,0xee,0xf4,0xed,0xb3,0xdd,0x52,0xd5,0xf1,0xcc,0x8f,0xbc,
    0x2e,0xb4,0xee,0xa3,0x8c,0x9b,0x6c,0x93,0x4b,0x93,0x0b,0x8b,0xc9,0x82,0x88,0x7a,0x06,0x72,0xe6,0x69,0xa5,0x69,0x44,0x51,
    0x03,0x49,0xa4,0x41,0x85,0x52,0xe7,0x7a,0x65,0x5a,0x04,0x52,0xc3,0x41,0x45,0x5a,0x07,0x8b,0x86,0x7a,0xc3,0x69,0x63,0x59,
    0xe2,0x40,0xc2,0x30,0xa1,0x30,0x61,0x10,0x20,0x08,0x21,0x08,0x20,0x00,0x21,0x08,0x20,0x00,0x21,0x08,0x41,0x00,0x21,0x08,
    0x20,0x00,0x21,0x08,0x40,0x00,0x21,0x08,0x41,0x08,0x42,0x08,0x61,0x08,0x42,0x08,0x41,0x08,0x41,0x08,0x62,0x08,0x41,0x08,
    0x42,0x08,0x41,0x10,0x61,0x08,0x41,0x08,0x61,0x08,0x42,0x08,0x61,0x10,0x62,0x08,0x62,0x10,0x61,0x08,0x61,0x08,0x62,0x08,
    0x62,0x08,0x62,0x08,0x41,0x10,0x62,0x08,0x61,0x08,0x42,0x10,0x41,0x08,0x62,0x08,0x41,0x10,0x62,0x08,0x41,0x08,0x62,0x08,
    0x62,0x10,0x41,0x08,0x62,0x08,0x41,0x08,0x62,0x10,0x41,0x08,0x41,0x08,0x41,0x10,0x41,0x08,0x42,0x08,0x41,0x08,0x41,0x08,
    0x42,0x08,0x61,0x08,0x41,0x08,0x41,0x08,0x41,0x08,0x21,0x00,0x21,0x08,0x41,0x00,0x21,0x08,0x21,0x08,0x20,0x00,0x00,0x00,
    0xa5,0x41,0x6b,0x83,0x6f,0xac,0xf1,0xc4,0x31,0xcd,0x52,0xcd,0x31,0xcd,0x11,0xc5,0xf1,0xc4,0xd0,0xbc,0xb0,0xb4,0x8f,0xb4,
    0x2f,0xa4,0x0e,0xa4,0xcd,0x9b,0xad,0x9b,0xad,0x93,0xcd,0x9b,0xad,0x93,0x4b,0x8b,0x0b,0x8b,0x2a,0x83,0xc6,0x49,0xa2,0x10,
    0xa2,0x10,0x03,0x21,0x65,0x29,0xc6,0x39,0xa6,0x31,0x43,0x21,0xc1,0x08,0x81,0x10,0x81,0x08,0x40,0x08,0xa1,0x08,0xe1,0x10,
    0xc1,0x10,0x80,0x08,0xa1,0x08,0xc1,0x10,0xe1,0x10,0xc1,0x10,0xa1,0x10,0xa1,0x08,0x81,0x08,0xa1,0x10,0x01,0x11,0x01,0x19,
    0xe0,0x10,0x01,0x19,0x61,0x19,0x61,0x11,0x80,0x19,0xa1,0x19,0xc1,0x21,0x04,0x53,0x25,0x53,0x05,0x53,0x04,0x32,0x61,0x08,
    0xa1,0x08,0x81,0x08,0xe1,0x10,0x01,0x11,0xe2,0x10,0xc1,0x10,0x60,0x00,0x63,0x31,0xf3,0xe5,0x55,0xf6,0x14,0xee,0xf4,0xed,
    0xb3,0xdd,0x32,0xd5,0xf1,0xc4,0x6f,0xbc,0x0e,0xac,0xad,0xa3,0x8c,0x9b,0x6c,0x93,0x2b,0x8b,0x0b,0x8b,0xca,0x82,0x88,0x7a,
    0x27,0x72,0xe6,0x69,0xa5,0x61,0x43,0x59,0x03,0x41,0xa3,0x41,0x64,0x42,0x02,0x2a,0x03,0x3a,0xa2,0x31,0x62,0x21,0x04,0x42,
    0xa7,0x72,0x86,0x7a,0x25,0x72,0x63,0x51,0x02,0x39,0xa1,0x28,0xa1,0x28,0x41,0x10,0x20,0x00,0x21,0x08,0x20,0x00,0x00,0x00,
    0x20,0x00,0x21,0x08,0x40,0x08,0x41,0x08,0x21,0x08,0x20,0x00,0x21,0x08,0x41,0x08,0x41,0x08,0x41,0x08,0x61,0x08,0x41,0x08,
    0x41,0x08,0x42,0x08,0x41,0x08,0x41,0x08,0x41,0x08,0x62,0x08,0x41,0x08,0x62,0x08,0x41,0x10,0x61,0x08,0x42,0x08,0x61,0x08,
    0x42,0x08,0x62,0x10,0x41,0x08,0x62,0x10,0x41,0x08,0x62,0x08,0x61,0x10,0x62,0x08,0x62,0x08,0x61,0x08,0x62,0x08,0x62,0x08,
    0x61,0x08,0x62,0x08,0x62,0x10,0x41,0x08,0x62,0x08,0x61,0x08,0x42,0x08,0x61,0x08,0x41,0x08,0x62,0x08,0x41,0x08,0x42,0x08,
    0x61,0x08,0x41,0x08,0x42,0x08,0x41,0x08,0x41,0x08,0x41,0x08,0x41,0x08,0x41,0x08,0x21,0x08,0x41,0x08,0x20,0x00,0x41,0x08,
    0x20,0x08,0x21,0x00,0x20,0x08,0x01,0x00,0xc6,0x41,0x6b,0x8b,0x8f,0xb4,0xf1,0xbc,0x31,0xcd,0x32,0xcd,0x32,0xcd,0xf1,0xc4,
    0xf1,0xc4,0xf1,0xbc,0x90,0xbc,0x8f,0xac,0x2f,0xac,0xee,0x9b,0xcd,0x9b,0xad,0x9b,0xac,0x9b,0xad,0x93,0x6c,0x93,0x4b,0x8b,
    0x0a,0x8b,0x0a,0x83,0x85,0x39,0x81,0x10,0xe3,0x18,0x03,0x21,0x04,0x21,0x45,0x29,0xa6,0x39,0x45,0x29,0x81,0x08,0x60,0x08,
    0x40,0x00,0xc1,0x08,0xc2,0x29,0xc1,0x29,0xe1,0x10,0x80,0x08,0xa1,0x08,0xc1,0x10,0xe2,0x10,0xe2,0x10,0x02,0x11,0x02,0x19,
    0x81,0x08,0x21,0x19,0x61,0x21,0xe1,0x18,0xa0,0x08,0xe1,0x10,0x81,0x19,0xc1,0x19,0xc1,0x21,0x81,0x19,0x20,0x09,0x84,0x42,
    0x06,0x53,0xe4,0x31,0xa3,0x29,0xe3,0x10,0x22,0x19,0x01,0x11,0xa1,0x08,0xe1,0x10,0x01,0x11,0xc1,0x10,0x60,0x00,0xe5,0x49,
    0x55,0xfe,0x54,0xf6,0x14,0xee,0xf3,0xe5,0x93,0xdd,0x31,0xd5,0xd0,0xc4,0x4f,0xb4,0xed,0xab,0xad,0xa3,0x6c,0x9b,0x4c,0x93,
    0x4b,0x93,0x0a,0x83,0xc9,0x82,0x68,0x7a,0x27,0x72,0xe6,0x69,0x85,0x61,0x44,0x51,0x03,0x49,0xc3,0x39,0x21,0x2a,0xc1,0x21,
    0x61,0x19,0x01,0x19,0x83,0x29,0x82,0x29,0xe4,0x41,0x65,0x5a,0x05,0x5a,0x03,0x39,0xc2,0x20,0x61,0x10,0x41,0x10,0x41,0x08,
    0x20,0x08,0x21,0x00,0x20,0x08,0x01,0x00,0x20,0x08,0x21,0x08,0x41,0x08,0x21,0x00,0x21,0x08,0x41,0x00,0x40,0x08,0x41,0x08,
    0x41,0x08,0x41,0x08,0x41,0x08,0x42,0x08,0x61,0x08,0x41,0x08,0x62,0x08,0x41,0x10,0x62,0x08,0x41,0x08,0x61,0x10,0x41,0x08,
    0x62,0x08,0x61,0x08,0x62,0x10,0x61,0x08,0x62,0x08,0x61,0x08,0x62,0x08,0x61,0x08,0x62,0x10,0x41,0x08,0x62,0x08,0x41,0x10,
    0x62,0x08,0x41,0x10,0x62,0x08,0x41,0x10,0x62,0x08,0x41,0x08,0x61,0x08,0x42,0x08,0x41,0x10,0x62,0x08,0x41,0x10,0x62,0x08,
    0x41,0x08,0x41,0x08,0x42,0x08,0x41,0x08,0x42,0x08,0x41,0x08,0x41,0x08,0x61,0x08,0x42,0x08,0x41,0x08,0x41,0x08,0x41,0x08,
    0x21,0x00,0x41,0x08,0x21,0x08,0x41,0x08,0x41,0x08,0x20,0x00,0x21,0x08,0x20,0x00,0xc6,0x49,0x6b,0x8b,0xb0,0xb4,0x11,0xc5,
    0x52,0xcd,0x32,0xcd,0x31,0xcd,0x11,0xc5,0xf1,0xc4,0xd0,0xbc,0x90,0xb4,0x6f,0xb4,0x2e,0xa4,0x0e,0xa4,0xce,0x9b,0xac,0x9b,
    0x8c,0x93,0x8c,0x93,0x4b,0x8b,0x2a,0x8b,0x2b,0x83,0xe9,0x82,0x23,0x29,0x23,0x19,0x86,0x31,0x65,0x29,0xe2,0x18,0xa2,0x08,
    0xc2,0x18,0xa2,0x10,0x60,0x08,0x81,0x08,0x80,0x08,0xc3,0x29,0xa5,0x42,0x44,0x3a,0x62,0x21,0xe2,0x10,0xe1,0x10,0xe2,0x10,
    0x22,0x19,0x02,0x19,0x41,0x19,0xa3,0x21,0x02,0x19,0x03,0x32,0x82,0x21,0xc1,0x10,0x80,0x08,0x01,0x11,0xe3,0x29,0x22,0x2a,
    0x02,0x2a,0x81,0x19,0xe1,0x10,0xe3,0x29,0xc6,0x52,0x62,0x11,0xa1,0x10,0x02,0x19,0x83,0x21,0x82,0x21,0xe1,0x10,0xc1,0x10,
    0xe1,0x10,0xe2,0x18,0x60,0x00,0xe9,0x6a,0x95,0xfe,0x34,0xee,0x14,0xee,0xd3,0xe5,0x73,0xd5,0x31,0xcd,0xd0,0xbc,0x4f,0xb4,
    0xed,0xa3,0xac,0x9b,0x6c,0x9b,0x4b,0x93,0x4c,0x8b,0x0b,0x8b,0xc9,0x82,0x88,0x7a,0x27,0x72,0xe6,0x69,0x85,0x61,0x44,0x51,
    0x03,0x41,0x62,0x29,0xa2,0x19,0x42,0x19,0x22,0x19,0x42,0x19,0xe3,0x31,0xa2,0x29,0xa4,0x29,0xe4,0x31,0xe3,0x18,0x41,0x08,
    0x61,0x10,0x21,0x08,0x40,0x08,0x21,0x08,0x21,0x00,0x00,0x08,0x20,0x00,0x21,0x08,0x20,0x00,0x41,0x08,0x41,0x08,0x41,0x08,
    0x21,0x08,0x40,0x00,0x21,0x08,0x41,0x00,0x41,0x08,0x61,0x08,0x42,0x08,0x61,0x10,0x41,0x08,0x62,0x08,0x41,0x08,0x41,0x08,
    0x61,0x08,0x42,0x08,0x62,0x08,0x41,0x08,0x61,0x10,0x42,0x08,0x61,0x08,0x42,0x10,0x61,0x08,0x42,0x10,0x62,0x08,0x41,0x10,
    0x62,0x08,0x62,0x10,0x61,0x08,0x42,0x08,0x61,0x08,0x62,0x08,0x61,0x10,0x62,0x08,0x42,0x10,0x62,0x08,0x61,0x10,0x62,0x08,
    0x61,0x08,0x42,0x08,0x61,0x08,0x42,0x08,0x61,0x08,0x42,0x08,0x41,0x08,0x61,0x08,0x41,0x08,0x41,0x08,0x42,0x08,0x41,0x08,
    0x41,0x08,0x61,0x08,0x41,0x08,0x41,0x08,0x41,0x08,0x20,0x08,0x41,0x08,0x21,0x00,0x41,0x08,0x20,0x08,0x21,0x00,0x20,0x08,
    0xe7,0x49,0x8c,0x8b,0xd0,0xbc,0x32,0xc5,0x52,0xcd,0x32,0xd5,0x32,0xcd,0x11,0xcd,0xf1,0xc4,0xd1,0xbc,0x90,0xb4,0x6f,0xac,
    0x2f,0xa4,0xee,0xa3,0xcd,0x9b,0x8c,0x93,0x6c,0x93,0x2b,0x8b,0x4b,0x8b,0x4b,0x8b,0x2b,0x8b,0xea,0x7a,0x22,0x21,0x84,0x29,
    0x24,0x3a,0x42,0x32,0x01,0x32,0xa1,0x21,0x01,0x19,0x81,0x08,0x60,0x08,0x60,0x08,0xc1,0x08,0x82,0x29,0xe3,0x29,0x04,0x3a,
    0x63,0x21,0x03,0x19,0x02,0x19,0x22,0x11,0x02,0x19,0x21,0x11,0x83,0x21,0xe4,0x29,0xc3,0x29,0x43,0x3a,0x82,0x21,0xc0,0x08,
    0xe1,0x10,0x41,0x19,0xe3,0x29,0xe2,0x21,0xe2,0x21,0xa2,0x21,0x21,0x19,0x21,0x11,0x42,0x21,0x21,0x11,0x01,0x11,0x21,0x19,
    0xa2,0x21,0xe3,0x31,0x41,0x11,0xa1,0x08,0xc0,0x10,0xa1,0x10,0x80,0x08,0x0d,0x9c,0x96,0xfe,0x14,0xee,0xf4,0xed,0xd3,0xdd,
    0x52,0xdd,0xf1,0xc4,0x90,0xbc,0x2e,0xac,0xcd,0xa3,0x6c,0x9b,0x4b,0x93,0x6c,0x93,0x2b,0x8b,0x2b,0x8b,0xca,0x82,0x88,0x72,
    0x27,0x72,0xc6,0x69,0x85,0x59,0x43,0x51,0x03,0x41,0x22,0x21,0x22,0x19,0xe2,0x10,0x02,0x19,0x43,0x21,0xc2,0x29,0xa3,0x29,
    0x83,0x21,0x84,0x29,0x82,0x10,0x41,0x08,0x61,0x08,0x21,0x08,0x41,0x00,0x41,0x08,0x20,0x08,0x21,0x00,0x20,0x08,0x21,0x00,
    0x20,0x08,0x41,0x08,0x41,0x08,0x41,0x08,0x21,0x08,0x21,0x00,0x41,0x08,0x21,0x08,0x61,0x08,0x41,0x10,0x62,0x08,0x41,0x08,
    0x41,0x08,0x61,0x08,0x42,0x10,0x41,0x08,0x62,0x08,0x41,0x10,0x61,0x08,0x42,0x08,0x61,0x08,0x42,0x08,0x61,0x10,0x62,0x08,
    0x61,0x08,0x62,0x10,0x61,0x08,0x62,0x08,0x41,0x08,0x62,0x08,0x61,0x10,0x62,0x08,0x41,0x10,0x62,0x08,0x42,0x08,0x61,0x08,
    0x41,0x08,0x62,0x08,0x41,0x08,0x42,0x10,0x61,0x08,0x42,0x08,0x41,0x10,0x61,0x08,0x42,0x08,0x61,0x10,0x41,0x08,0x42,0x08,
    0x41,0x08,0x41,0x08,0x41,0x08,0x61,0x08,0x41,0x08,0x41,0x08,0x41,0x08,0x21,0x08,0x41,0x08,0x21,0x00,0x41,0x08,0x40,0x08,
    0x21,0x08,0x21,0x00,0x20,0x00,0x21,0x08,0xe6,0x51,0xac,0x93,0xf1,0xbc,0x52,0xcd,0x52,0xd5,0x72,0xcd,0x32,0xcd,0x12,0xc5,
    0xf1,0xc4,0xf1,0xbc,0xb0,0xb4,0x4f,0xac,0x2e,0xa4,0xee,0x9b,0xad,0x93,0x6c,0x93,0x6b,0x93,0x2b,0x8b,0x4b,0x8b,0x2b,0x8b,
    0x4b,0x8b,0xc9,0x72,0x21,0x21,0xe1,0x21,0xa1,0x3a,0xc1,0x42,0xe0,0x42,0xe1,0x42,0x81,0x3a,0x22,0x2a,0x82,0x21,0xc1,0x10,
    0xa1,0x08,0xc1,0x08,0x22,0x19,0x83,0x21,0x22,0x19,0x02,0x11,0x22,0x19,0x01,0x11,0x01,0x11,0x62,0x19,0xe4,0x31,0xc3,0x29,
    0xa4,0x42,0x84,0x42,0x82,0x21,0xe1,0x10,0x20,0x11,0x41,0x19,0x81,0x19,0x61,0x21,0x41,0x19,0x21,0x11,0x20,0x19,0x01,0x11,
    0xc0,0x08,0x01,0x11,0x41,0x21,0x61,0x19,0x81,0x21,0xe3,0x29,0x82,0x21,0xc0,0x08,0xa1,0x10,0xa1,0x08,0xc1,0x10,0x10,0xc5,
    0x95,0xfe,0x14,0xee,0xf3,0xe5,0xb3,0xdd,0x52,0xd5,0xf1,0xc4,0x6f,0xb4,0x0d,0xac,0xad,0xa3,0x8c,0x9b,0x6c,0x93,0x6c,0x93,
    0x4b,0x93,0x2b,0x8b,0xca,0x82,0x68,0x7a,0x27,0x72,0xc6,0x69,0xa5,0x59,0x44,0x51,0x03,0x41,0x44,0x42,0xc5,0x42,0xa6,0x42,
    0x25,0x32,0x42,0x19,0x02,0x19,0x02,0x19,0xe2,0x18,0xe3,0x18,0x62,0x10,0x61,0x10,0x41,0x08,0x41,0x08,0x41,0x08,0x41,0x08,
    0x41,0x08,0x21,0x08,0x21,0x08,0x20,0x08,0x21,0x00,0x61,0x08,0x61,0x08,0x41,0x08,0x41,0x08,0x20,0x08,0x41,0x00,0x41,0x08,
    0x41,0x08,0x61,0x08,0x62,0x10,0x41,0x08,0x62,0x08,0x41,0x08,0x61,0x08,0x41,0x08,0x61,0x08,0x62,0x08,0x41,0x10,0x61,0x08,
    0x42,0x10,0x61,0x08,0x41,0x08,0x62,0x10,0x41,0x08,0x62,0x08,0x41,0x10,0x62,0x08,0x61,0x10,0x62,0x08,0x41,0x08,0x62,0x08,
    0x41,0x08,0x62,0x08,0x41,0x10,0x62,0x08,0x61,0x08,0x62,0x10,0x61,0x08,0x42,0x08,0x61,0x08,0x42,0x08,0x61,0x08,0x42,0x08,
    0x41,0x08,0x41,0x08,0x42,0x08,0x61,0x08,0x42,0x08,0x41,0x08,0x41,0x08,0x42,0x08,0x41,0x08,0x41,0x08,0x41,0x08,0x41,0x08,
    0x21,0x08,0x40,0x08,0x21,0x00,0x41,0x08,0x21,0x00,0x40,0x08,0x20,0x00,0x41,0x08,0x07,0x5a,0xee,0x9b,0x32,0xc5,0x53,0xcd,
    0x73,0xd5,0x73,0xd5,0x52,0xcd,0x11,0xc5,0x11,0xc5,0xd2,0xbc,0x90,0xb4,0x4f,0xac,0x2f,0xa4,0xee,0x9b,0xad,0x93,0x8c,0x93,
    0x4c,0x8b,0x2b,0x8b,0x2a,0x83,0x2b,0x83,0x4b,0x8b,0xca,0x7a,0x81,0x21,0x80,0x32,0x01,0x43,0x22,0x4b,0x41,0x4b,0x41,0x4b,
    0x42,0x53,0x43,0x53,0x84,0x42,0x22,0x19,0x61,0x08,0x81,0x08,0x02,0x11,0x22,0x19,0x22,0x11,0x02,0x19,0x01,0x11,0xe1,0x10,
    0x42,0x19,0xc3,0x29,0xe4,0x29,0x83,0x21,0xc5,0x4a,0x65,0x42,0x64,0x29,0x02,0x19,0xe1,0x10,0x21,0x11,0x42,0x19,0x42,0x21,
    0xe2,0x10,0xa1,0x08,0xa0,0x08,0xe1,0x10,0x00,0x11,0x01,0x11,0x41,0x19,0x61,0x19,0xa1,0x21,0xc1,0x21,0x61,0x21,0xe1,0x08,
    0xc1,0x10,0xc0,0x08,0x63,0x31,0xd3,0xe5,0x55,0xf6,0x14,0xee,0xd4,0xed,0x93,0xdd,0x52,0xcd,0xd0,0xbc,0x4e,0xac,0xed,0xa3,
    0xad,0x9b,0xac,0x9b,0x6c,0x93,0x4c,0x93,0x4c,0x93,0x2b,0x8b,0xca,0x7a,0x88,0x7a,0x27,0x6a,0xe6,0x69,0x85,0x59,0x44,0x49,
    0x23,0x41,0xe3,0x42,0x26,0x53,0x0c,0x7c,0x6f,0x8c,0xc9,0x4a,0xe2,0x10,0xa1,0x08,0xc2,0x10,0xc2,0x18,0x62,0x10,0x61,0x08,
    0x41,0x08,0x41,0x08,0x41,0x08,0x61,0x08,0x21,0x08,0x40,0x00,0x21,0x00,0x41,0x08,0x21,0x08,0x41,0x08,0x82,0x10,0x41,0x08,
    0x41,0x08,0x21,0x00,0x21,0x08,0x41,0x08,0x61,0x10,0x62,0x08,0x61,0x08,0x42,0x08,0x61,0x10,0x42,0x08,0x61,0x08,0x42,0x10,
    0x41,0x08,0x62,0x10,0x61,0x08,0x41,0x08,0x61,0x08,0x62,0x10,0x61,0x08,0x62,0x08,0x61,0x10,0x42,0x08,0x61,0x08,0x62,0x08,
    0x41,0x08,0x62,0x10,0x62,0x08,0x61,0x10,0x62,0x08,0x41,0x08,0x62,0x08,0x41,0x08,0x42,0x10,0x41,0x08,0x62,0x08,0x41,0x08,
    0x62,0x10,0x41,0x08,0x62,0x08,0x41,0x08,0x42,0x08,0x61,0x08,0x41,0x08,0x42,0x08,0x41,0x08,0x41,0x08,0x42,0x08,0x61,0x08,
    0x41,0x08,0x41,0x08,0x21,0x08,0x41,0x08,0x21,0x00,0x41,0x08,0x40,0x08,0x21,0x08,0x21,0x08,0x21,0x08,0x00,0x00,0x61,0x10,
    0x48,0x5a,0x4e,0xa4,0x53,0xc5,0x93,0xd5,0x73,0xd5,0x73,0xcd,0x52,0xcd,0x32,0xcd,0xf2,0xbc,0xd1,0xbc,0x90,0xb4,0x6f,0xac,
    0x0e,0x9c,0xee,0x9b,0x8c,0x93,0x6c,0x93,0x2b,0x8b,0x0a,0x83,0x2b,0x8b,0x2b,0x8b,0x4b,0x8b,0x0a,0x7b,0x02,0x32,0xa1,0x32,
    0xc1,0x3a,0xc1,0x42,0xa2,0x3a,0xa3,0x42,0x42,0x32,0xc2,0x29,0x64,0x21,0xc2,0x10,0x81,0x08,0x81,0x08,0xc2,0x10,0x03,0x19,
    0x02,0x11,0x02,0x11,0xe1,0x10,0x22,0x19,0xa3,0x29,0xc3,0x29,0xa3,0x21,0x22,0x19,0x83,0x21,0x43,0x21,0xe3,0x18,0xc3,0x18,
    0xa1,0x08,0xe1,0x10,0x22,0x19,0x82,0x21,0x03,0x2a,0x03,0x2a,0xe2,0x21,0x82,0x19,0x21,0x19,0x21,0x19,0x41,0x19,0x60,0x19,
    0x81,0x21,0xa1,0x21,0x41,0x19,0x01,0x11,0x82,0x21,0x20,0x11,0xa7,0x5a,0x75,0xfe,0x35,0xf6,0x14,0xee,0xd4,0xe5,0x93,0xd5,
    0x32,0xcd,0xb0,0xbc,0x2e,0xac,0xcd,0xa3,0xad,0x9b,0xac,0x9b,0xad,0x9b,0x8c,0x93,0x6c,0x93,0x2b,0x8b,0xaa,0x7a,0x68,0x7a,
    0x28,0x72,0xe6,0x61,0xa5,0x59,0x24,0x49,0x43,0x41,0xa8,0x63,0x04,0x43,0x45,0x3a,0xe9,0x52,0x89,0x4a,0x22,0x19,0x61,0x08,
    0xc2,0x10,0xa3,0x18,0x62,0x10,0x41,0x08,0x41,0x08,0x62,0x08,0x41,0x10,0x62,0x08,0x41,0x08,0x41,0x08,0x20,0x08,0x41,0x08,
    0x20,0x00,0x61,0x10,0x82,0x10,0x41,0x08,0x41,0x08,0x41,0x08,0x20,0x08,0x41,0x08,0x61,0x08,0x62,0x10,0x61,0x10,0x61,0x08,
    0x41,0x08,0x62,0x08,0x41,0x08,0x61,0x08,0x61,0x08,0x62,0x08,0x41,0x10,0x62,0x08,0x61,0x08,0x41,0x08,0x62,0x10,0x41,0x08,
    0x62,0x10,0x61,0x08,0x62,0x10,0x61,0x08,0x62,0x08,0x41,0x10,0x62,0x08,0x41,0x08,0x62,0x10,0x41,0x08,0x61,0x10,0x42,0x08,
    0x61,0x08,0x62,0x08,0x41,0x10,0x62,0x08,0x41,0x08,0x62,0x08,0x41,0x08,0x61,0x10,0x42,0x08,0x61,0x08,0x42,0x08,0x41,0x08,
    0x61,0x08,0x41,0x08,0x41,0x08,0x42,0x08,0x41,0x08,0x41,0x08,0x41,0x08,0x41,0x08,0x20,0x08,0x21,0x00,0x41,0x08,0x21,0x00,
    0x40,0x08,0x21,0x00,0x20,0x00,0x82,0x10,0x89,0x6a,0x90,0xac,0x73,0xcd,0xb4,0xd5,0x93,0xd5,0x32,0xd5,0x52,0xcd,0x32,0xcd,
    0x12,0xc5,0xd1,0xbc,0x6f,0xac,0x4f,0xa4,0xee,0x9b,0xcd,0x9b,0x8c,0x93,0x2b,0x8b,0x0a,0x83,0x0a,0x83,0x2a,0x8b,0x4b,0x8b,
    0x6b,0x8b,0xe9,0x7a,0x43,0x3a,0x82,0x3a,0xa1,0x21,0x63,0x21,0xc5,0x31,0x84,0x29,0x22,0x21,0x42,0x19,0x42,0x19,0x01,0x19,
    0xe1,0x10,0xe1,0x10,0xe2,0x18,0x03,0x11,0x02,0x19,0xe1,0x10,0x21,0x11,0x63,0x21,0xa4,0x21,0x62,0x19,0x23,0x19,0x02,0x19,
    0x82,0x19,0x42,0x19,0xa2,0x10,0x61,0x08,0x80,0x10,0xe1,0x10,0xa1,0x21,0xe4,0x42,0xc7,0x63,0x08,0x6c,0xc6,0x5b,0xa3,0x3a,
    0x81,0x19,0x41,0x19,0x40,0x19,0x41,0x19,0x81,0x21,0x81,0x19,0x00,0x11,0x62,0x21,0x84,0x42,0x23,0x32,0x2b,0x9c,0x76,0xfe,
    0x14,0xee,0x14,0xee,0xd4,0xdd,0x72,0xd5,0x11,0xc5,0x70,0xb4,0x0e,0xa4,0xcd,0xa3,0xac,0x9b,0xad,0x9b,0xad,0x9b,0x8d,0x93,
    0x6c,0x93,0x0b,0x8b,0xca,0x7a,0x68,0x7a,0x48,0x6a,0xe7,0x69,0xa5,0x59,0x24,0x49,0x64,0x39,0xcb,0x73,0x08,0x5b,0x82,0x21,
    0x02,0x11,0xe1,0x10,0xa1,0x08,0x80,0x08,0xc2,0x10,0xa2,0x10,0x62,0x10,0x41,0x08,0x61,0x08,0x62,0x10,0x61,0x08,0x62,0x10,
    0x61,0x08,0x21,0x08,0x41,0x00,0x21,0x08,0x41,0x08,0x41,0x08,0x82,0x10,0x62,0x08,0x41,0x08,0x21,0x00,0x41,0x08,0x41,0x08,
    0x41,0x08,0x62,0x10,0x62,0x08,0x61,0x10,0x62,0x08,0x41,0x08,0x62,0x10,0x62,0x08,0x41,0x10,0x62,0x08,0x61,0x08,0x61,0x10,
    0x62,0x08,0x61,0x10,0x62,0x08,0x61,0x10,0x62,0x08,0x62,0x08,0x61,0x08,0x42,0x10,0x61,0x08,0x62,0x08,0x61,0x10,0x42,0x08,
    0x61,0x08,0x62,0x08,0x41,0x08,0x62,0x08,0x41,0x08,0x62,0x08,0x41,0x08,0x62,0x08,0x41,0x10,0x42,0x08,0x61,0x08,0x42,0x08,
    0x61,0x08,0x42,0x10,0x41,0x08,0x41,0x08,0x42,0x08,0x41,0x08,0x62,0x08,0x41,0x08,0x41,0x08,0x41,0x08,0x21,0x08,0x41,0x00,
    0x41,0x08,0x21,0x08,0x40,0x08,0x21,0x08,0x20,0x08,0x21,0x08,0x00,0x00,0x82,0x18,0xea,0x7a,0x11,0xbd,0x94,0xcd,0x93,0xd5,
    0xb4,0xd5,0x93,0xd5,0x53,0xcd,0x11,0xc5,0xf2,0xbc,0xb0,0xb4,0x70,0xb4,0x2f,0xa4,0x0f,0xa4,0xcd,0x9b,0x8c,0x93,0x0a,0x83,
    0xc9,0x7a,0xea,0x82,0x4b,0x8b,0x4b,0x8b,0x4b,0x8b,0xc9,0x7a,0xa2,0x31,0xc2,0x29,0x61,0x19,0xa3,0x29,0x24,0x3a,0xe3,0x31,
    0xc2,0x21,0xa2,0x21,0xe1,0x18,0x81,0x08,0x81,0x10,0xa1,0x10,0xa2,0x10,0xc2,0x10,0xe1,0x10,0x02,0x11,0x43,0x21,0x83,0x21,
    0x42,0x19,0x22,0x19,0xe2,0x18,0xe2,0x18,0xa1,0x21,0x81,0x19,0xe1,0x10,0x60,0x08,0xa1,0x08,0x41,0x19,0xc3,0x42,0xc7,0x63,
    0x29,0x74,0xc6,0x63,0xc2,0x3a,0x81,0x21,0xc0,0x08,0xe1,0x10,0x41,0x19,0x40,0x19,0x61,0x21,0x41,0x19,0xe1,0x10,0x22,0x19,
    0xc3,0x29,0x03,0x3a,0x31,0xcd,0x76,0xf6,0x34,0xee,0x15,0xee,0xb4,0xdd,0x52,0xd5,0xd1,0xbc,0x6f,0xb4,0x0d,0xa4,0xcd,0x9b,
    0xcd,0xa3,0xcd,0x9b,0x8c,0x93,0x8d,0x9b,0x6c,0x93,0x2b,0x83,0xca,0x82,0x88,0x72,0x48,0x72,0xe6,0x61,0xa5,0x51,0x44,0x49,
    0x23,0x39,0x25,0x32,0xe4,0x29,0x62,0x19,0xe2,0x10,0xa1,0x08,0x81,0x08,0xc2,0x10,0xc3,0x18,0x82,0x10,0x61,0x08,0x21,0x08,
    0x62,0x10,0x62,0x08,0x61,0x10,0x62,0x08,0x61,0x08,0x41,0x08,0x21,0x08,0x40,0x08,0x21,0x00,0x41,0x08,0x82,0x10,0x62,0x10,
    0x41,0x08,0x41,0x08,0x21,0x08,0x41,0x08,0x41,0x08,0x82,0x10,0x61,0x10,0x62,0x08,0x61,0x08,0x42,0x10,0x41,0x08,0x61,0x08,
    0x42,0x08,0x61,0x10,0x62,0x08,0x41,0x08,0x62,0x10,0x61,0x08,0x62,0x10,0x62,0x08,0x61,0x10,0x41,0x08,0x62,0x10,0x61,0x08,
    0x42,0x10,0x61,0x08,0x42,0x08,0x61,0x08,0x42,0x10,0x61,0x08,0x42,0x08,0x61,0x10,0x42,0x08,0x61,0x10,0x42,0x08,0x61,0x08,
    0x62,0x08,0x41,0x08,0x62,0x10,0x41,0x08,0x42,0x08,0x61,0x08,0x42,0x08,0x61,0x08,0x41,0x08,0x41,0x08,0x41,0x08,0x41,0x08,
    0x41,0x08,0x41,0x08,0x41,0x08,0x41,0x08,0x20,0x08,0x41,0x00,0x21,0x08,0x21,0x00,0x40,0x08,0x21,0x00,0x20,0x00,0xa2,0x18,
    0x6d,0x8b,0x73,0xc5,0x94,0xd5,0xb4,0xd5,0xb4,0xd5,0x73,0xd5,0x53,0xcd,0xf1,0xc4,0xd1,0xbc,0xb1,0xb4,0x4f,0xac,0x2e,0xa4,
    0xee,0x9b,0xad,0x93,0x4b,0x8b,0xa9,0x7a,0xa8,0x7a,0xea,0x82,0x2b,0x8b,0x4b,0x8b,0x2c,0x8b,0x89,0x6a,0x01,0x19,0x41,0x19,
    0xa1,0x21,0xe2,0x29,0x02,0x32,0x03,0x32,0xe4,0x29,0xa2,0x21,0xc1,0x10,0x61,0x08,0x61,0x08,0x81,0x10,0xa2,0x10,0xa2,0x10,
    0xe1,0x10,0x22,0x19,0x63,0x19,0x62,0x19,0x82,0x21,0x41,0x19,0x02,0x19,0xc2,0x18,0x81,0x19,0x61,0x19,0x20,0x19,0xa1,0x08,
    0xc1,0x10,0xe1,0x29,0x24,0x4b,0xa5,0x5b,0x84,0x53,0x62,0x3a,0x20,0x11,0x80,0x08,0x60,0x08,0xc1,0x10,0x20,0x19,0x21,0x19,
    0x41,0x19,0xe0,0x10,0x80,0x08,0x81,0x08,0x80,0x08,0xe4,0x39,0x14,0xee,0x55,0xf6,0x15,0xee,0xf4,0xe5,0xb4,0xdd,0x32,0xcd,
    0xb0,0xbc,0x4f,0xac,0xee,0xa3,0xed,0x9b,0xcd,0x9b,0xad,0x9b,0xcd,0x9b,0xad,0x9b,0x6c,0x93,0x2b,0x8b,0xca,0x82,0x89,0x72,
    0x28,0x72,0xe7,0x61,0x85,0x59,0x44,0x41,0x23,0x39,0x23,0x2a,0x04,0x32,0xa3,0x21,0xe1,0x10,0x61,0x08,0xa1,0x10,0x03,0x19,
    0x02,0x19,0xa3,0x18,0x41,0x08,0x41,0x08,0x81,0x08,0x82,0x10,0x61,0x08,0x62,0x10,0x62,0x10,0x41,0x08,0x41,0x00,0x21,0x08,
    0x41,0x08,0x41,0x08,0x62,0x10,0x82,0x08,0x41,0x08,0x41,0x08,0x41,0x08,0x41,0x08,0x41,0x08,0x82,0x10,0x62,0x10,0x62,0x10,
    0x62,0x08,0x61,0x08,0x41,0x08,0x62,0x08,0x41,0x08,0x62,0x08,0x61,0x10,0x62,0x08,0x61,0x10,0x62,0x08,0x61,0x10,0x61,0x08,
    0x62,0x10,0x62,0x08,0x61,0x08,0x42,0x08,0x61,0x08,0x62,0x10,0x61,0x08,0x42,0x08,0x61,0x08,0x42,0x08,0x61,0x08,0x42,0x08,
    0x61,0x08,0x42,0x08,0x61,0x08,0x62,0x10,0x41,0x08,0x62,0x08,0x41,0x08,0x61,0x08,0x42,0x08,0x41,0x10,0x61,0x08,0x42,0x08,
    0x41,0x08,0x62,0x08,0x41,0x08,0x41,0x10,0x41,0x08,0x41,0x08,0x21,0x00,0x21,0x08,0x41,0x08,0x20,0x08,0x41,0x00,0x20,0x08,
    0x21,0x08,0x21,0x08,0x00,0x00,0xe3,0x20,0x2f,0xa4,0x93,0xcd,0xd4,0xd5,0xd4,0xdd,0x93,0xd5,0x73,0xd5,0x53,0xcd,0xf1,0xc4,
    0xd1,0xbc,0x90,0xb4,0x2f,0xa4,0x2f,0xa4,0xcd,0x9b,0x8c,0x93,0x0a,0x83,0x68,0x7a,0xa9,0x7a,0xea,0x82,0x0b,0x8b,0x0a,0x8b,
    0x0b,0x83,0x67,0x62,0x21,0x19,0x61,0x19,0x61,0x21,0x81,0x19,0xa1,0x21,0xa1,0x21,0xa1,0x21,0x02,0x19,0x81,0x08,0xa1,0x08,
    0xe2,0x10,0x03,0x19,0xe3,0x10,0xc3,0x10,0x22,0x19,0x62,0x21,0x42,0x21,0x41,0x21,0x61,0x19,0x82,0x21,0x81,0x21,0x82,0x29,
    0x61,0x19,0x60,0x19,0x21,0x11,0xc0,0x10,0x21,0x19,0x21,0x32,0xe2,0x42,0x02,0x43,0x61,0x32,0x61,0x19,0xa0,0x08,0x81,0x08,
    0x80,0x08,0xa0,0x10,0x01,0x11,0x21,0x19,0x00,0x11,0xa1,0x08,0x80,0x08,0xa1,0x10,0x60,0x00,0x29,0x73,0x96,0xfe,0x35,0xf6,
    0x35,0xee,0xf5,0xe5,0x93,0xd5,0x12,0xc5,0xb1,0xbc,0x2e,0xac,0xee,0x9b,0xcd,0x9b,0xcd,0x9b,0xad,0x9b,0xad,0x9b,0xcd,0x9b,
    0x6c,0x93,0x4c,0x8b,0xeb,0x7a,0x89,0x7a,0x27,0x6a,0xe6,0x61,0x85,0x51,0x24,0x49,0x43,0x31,0xc3,0x29,0x83,0x21,0x22,0x19,
    0xa1,0x08,0x61,0x08,0xa2,0x10,0xe2,0x18,0x63,0x21,0x86,0x31,0x41,0x08,0x61,0x08,0x62,0x10,0x82,0x18,0x82,0x10,0x61,0x08,
    0x82,0x10,0x41,0x08,0x21,0x08,0x41,0x08,0x41,0x08,0x20,0x00,0x61,0x10,0x82,0x10,0x42,0x08,0x41,0x08,0x21,0x00,0x41,0x08,
    0x41,0x08,0x82,0x10,0x62,0x08,0x61,0x10,0x62,0x08,0x62,0x10,0x41,0x08,0x62,0x10,0x41,0x08,0x62,0x10,0x61,0x08,0x41,0x08,
    0x62,0x10,0x62,0x08,0x62,0x10,0x62,0x08,0x61,0x10,0x62,0x08,0x61,0x10,0x62,0x08,0x61,0x10,0x41,0x08,0x62,0x10,0x41,0x08,
    0x62,0x08,0x41,0x10,0x62,0x08,0x41,0x10,0x62,0x08,0x41,0x10,0x62,0x08,0x41,0x08,0x62,0x08,0x41,0x08,0x42,0x10,0x61,0x08,
    0x41,0x08,0x42,0x08,0x41,0x08,0x41,0x08,0x62,0x10,0x41,0x08,0x41,0x08,0x41,0x08,0x41,0x08,0x41,0x08,0x41,0x08,0x20,0x08,
    0x41,0x00,0x21,0x08,0x41,0x08,0x21,0x00,0x20,0x08,0x41,0x00,0x00,0x00,0x65,0x39,0x12,0xbd,0x94,0xd5,0xd4,0xd5,0xb4,0xdd,
    0x94,0xd5,0x52,0xd5,0x12,0xc5,0xf1,0xc4,0xb1,0xb4,0x70,0xb4,0x2f,0xa4,0x0e,0xa4,0x8c,0x93,0x0b,0x8b,0xc9,0x7a,0xa9,0x7a,
    0xea,0x82,0x2a,0x8b,0x2b,0x8b,0x0b,0x83,0xea,0x82,0x46,0x5a,0xa1,0x21,0xa1,0x21,0xa1,0x21,0xa0,0x19,0xa0,0x19,0xc1,0x21,
    0x80,0x19,0xc1,0x10,0xa1,0x08,0x01,0x19,0x01,0x11,0x02,0x11,0x02,0x19,0x03,0x19,0x22,0x19,0x22,0x19,0xe1,0x10,0xc1,0x10,
    0x01,0x19,0x82,0x21,0xa1,0x21,0x82,0x21,
};

const lv_img_dsc_t brunette_woman = {
    .header = {.cf = LV_IMG_CF_TRUE_COLOR, .always_zero = 0, .reserved = 0, .w = 172, .h = 232},
    .data_size = 172 * 232 * 2,
    .data = brunette_woman_map,
};
