#include "face_portrait.h"

const uint8_t face_portrait_map[] = {
    0x5a,0xce,0x7b,0xce,0xbb,0xde,0xdc,0xde,0xbb,0xd6,0x9b,0xd6,0x9b,0xd6,0x7a,0xd6,0x7a,0xd6,0x7a,0xd6,0x5a,0xd6,0x19,0xce,
    0x19,0xce,0xf8,0xcd,0xb8,0xc5,0xb7,0xc5,0x97,0xc5,0xb7,0xc5,0xb7,0xc5,0x97,0xc5,0x97,0xc5,0x76,0xc5,0x56,0xbd,0x55,0xbd,
    0x35,0xc5,0x55,0xbd,0x35,0xbd,0x15,0xbd,0x35,0xbd,0xf4,0xb4,0xf3,0xb4,0xd4,0xb4,0xf4,0xb4,0xf4,0xb4,0xf4,0xbc,0xb3,0xb4,
    0xd3,0xb4,0xb3,0xac,0xb3,0xb4,0x93,0xac,0x92,0xac,0x92,0xac,0xb3,0xac,0xb3,0xb4,0xd3,0xb4,0xb3,0xb4,0x92,0xac,0x72,0xac,
    0x92,0xac,0x72,0xac,0x92,0xac,0xb3,0xb4,0xb3,0xb4,0xb3,0xb4,0x92,0xac,0x92,0xac,0x93,0xac,0x72,0xac,0x92,0xac,0x93,0xb4,
    0xb3,0xb4,0x93,0xac,0x72,0xac,0x52,0xa4,0x52,0xa4,0x93,0xac,0x93,0xac,0x72,0xac,0x52,0xa4,0x31,0xa4,0x72,0xac,0x73,0xac,
    0x72,0xa4,0x52,0xa4,0x93,0xac,0x93,0xac,0x72,0xac,0x72,0xa4,0x72,0xac,0x93,0xac,0xd4,0xb4,0xf5,0xb4,0xb3,0xac,0x93,0xac,
    0xb3,0xb4,0x92,0xac,0xb4,0xac,0xf4,0xb4,0xb3,0xac,0xd3,0xb4,0xf5,0xb4,0x55,0xbd,0x35,0xbd,0x76,0xbd,0x96,0xc5,0x97,0xc5,
    0x56,0xbd,0xd4,0xb4,0x35,0xb5,0x35,0xbd,0xf4,0xb4,0x35,0xbd,0x15,0xbd,0x14,0xb5,0x76,0xc5,0x55,0xbd,0x14,0xbd,0x34,0xbd,
    0x55,0xbd,0x55,0xbd,0x96,0xc5,0x34,0xbd,0x34,0xbd,0x96,0xc5,0xd7,0xcd,0x55,0xc5,0x75,0xc5,0xb6,0xcd,0xb7,0xc5,0x96,0xc5,
    0x95,0xc5,0xd7,0xcd,0x19,0xd6,0xb6,0xc5,0xb7,0xc5,0xd7,0xcd,0xf7,0xcd,0xd6,0xcd,0xd7,0xd5,0xd7,0xcd,0x75,0xc5,0xb6,0xcd,
    0xd7,0xcd,0xb6,0xcd,0xd7,0xcd,0x75,0xc5,0x55,0xbd,0x55,0xc5,0x13,0xb5,0x14,0xbd,0x34,0xb5,0x15,0xb5,0x14,0xb5,0x93,0xa4,
    0xd0,0x83,0xec,0x5a,0x2d,0x6b,0x2e,0x73,0xcc,0x5a,0x2d,0x6b,0x0d,0x63,0xac,0x5a,0xac,0x52,0xab,0x52,0x4b,0x4a,0xc8,0x39,
    0xc6,0x39,0xa7,0x31,0x2a,0x42,0x2e,0x5b,0xd1,0x73,0x53,0x8c,0xd4,0x9c,0x36,0xa5,0x77,0xb5,0x97,0xbd,0xb8,0xbd,0xb8,0xbd,
    0xb8,0xbd,0xb8,0xbd,0xb8,0xbd,0xb8,0xbd,0xf9,0xbd,0x5a,0xce,0xbb,0xd6,0xbc,0xd6,0x7b,0xd6,0x9b,0xd6,0x9b,0xde,0x5a,0xd6,
    0x5a,0xd6,0x5a,0xd6,0x19,0xce,0x39,0xd6,0xd8,0xcd,0xd7,0xc5,0xb7,0xc5,0xb7,0xc5,0xb7,0xc5,0xb8,0xc5,0x97,0xc5,0x76,0xc5,
    0x76,0xbd,0x97,0xc5,0x76,0xc5,0x35,0xbd,0x56,0xbd,0x35,0xbd,0x34,0xbd,0x15,0xbd,0x14,0xbd,0xf4,0xb4,0xf4,0xb4,0xd4,0xb4,
    0xf4,0xbc,0xd3,0xb4,0xb3,0xb4,0xd3,0xb4,0xd3,0xb4,0xb3,0xb4,0xd3,0xb4,0x93,0xac,0xb3,0xb4,0xb2,0xb4,0xb3,0xb4,0xd4,0xb4,
    0xd3,0xb4,0xb3,0xb4,0xb2,0xb4,0x92,0xac,0x92,0xac,0x72,0xac,0x92,0xb4,0xb2,0xb4,0x92,0xac,0x92,0xb4,0x72,0xac,0x92,0xb4,
    0x92,0xb4,0x92,0xb4,0x92,0xac,0x92,0xac,0x92,0xb4,0x92,0xac,0x72,0xa4,0x93,0xac,0x72,0xac,0x93,0xac,0x72,0xac,0x52,0xa4,
    0x10,0xa4,0x52,0xa4,0x93,0xac,0x72,0xa4,0x93,0xb4,0x72,0xac,0x72,0xa4,0xb4,0xac,0x93,0xac,0x93,0xac,0x93,0xac,0x92,0xac,
    0xb3,0xac,0xd4,0xb4,0xf4,0xb4,0xf5,0xb4,0xf4,0xb4,0xb3,0xb4,0x92,0xac,0xd4,0xb4,0xd4,0xb4,0x35,0xbd,0xf4,0xb4,0xb2,0xb4,
    0xd3,0xb4,0xd3,0xb4,0xf4,0xb4,0x35,0xbd,0x14,0xb5,0x14,0xbd,0xb3,0xb4,0x14,0xbd,0x35,0xbd,0xb7,0xc5,0x55,0xbd,0x35,0xbd,
    0xf3,0xb4,0x35,0xbd,0xf3,0xb4,0x56,0xc5,0x76,0xc5,0x55,0xbd,0x76,0xc5,0x97,0xc5,0xb7,0xcd,0x55,0xbd,0x75,0xc5,0xf8,0xcd,
    0x38,0xd6,0xd7,0xcd,0xf8,0xcd,0xb6,0xcd,0xb7,0xcd,0x96,0xc5,0x18,0xce,0xd7,0xcd,0x75,0xc5,0x96,0xc5,0xb7,0xcd,0xd7,0xcd,
    0xf7,0xcd,0xb6,0xcd,0x75,0xc5,0x95,0xc5,0xb6,0xcd,0xd7,0xcd,0xb6,0xc5,0x75,0xc5,0x76,0xc5,0x75,0xc5,0xf2,0xb4,0xf4,0xb4,
    0x14,0xb5,0x35,0xbd,0x34,0xb5,0xb2,0xa4,0xd0,0x83,0xec,0x62,0x0d,0x6b,0x2d,0x6b,0xec,0x62,0x4e,0x6b,0x2e,0x63,0x2e,0x6b,
    0xed,0x5a,0xab,0x52,0x6b,0x4a,0x09,0x3a,0xa7,0x39,0xc7,0x31,0xe8,0x39,0x0e,0x5b,0xf2,0x7b,0x33,0x84,0x94,0x94,0xf5,0xa4,
    0x57,0xb5,0x98,0xb5,0xb7,0xbd,0x98,0xb5,0xb8,0xbd,0xb8,0xbd,0xd8,0xbd,0xd8,0xbd,0xb8,0xbd,0x39,0xce,0x9b,0xd6,0x7a,0xd6,
    0x3a,0xce,0x7a,0xce,0x7a,0xd6,0x5a,0xce,0x5a,0xd6,0x59,0xd6,0xf9,0xcd,0xd7,0xc5,0xb8,0xc5,0xd8,0xcd,0xd8,0xcd,0xb7,0xcd,
    0xb7,0xcd,0xb7,0xc5,0x75,0xc5,0x76,0xc5,0x76,0xc5,0x76,0xc5,0x35,0xbd,0x34,0xbd,0x15,0xbd,0x35,0xbd,0x34,0xbd,0x14,0xbd,
    0x14,0xbd,0x15,0xbd,0xf4,0xbc,0xd4,0xb4,0xd3,0xb4,0xf4,0xb4,0xd3,0xb4,0xb3,0xb4,0x92,0xac,0xb3,0xac,0xb3,0xb4,0xb3,0xb4,
    0xb3,0xb4,0xb3,0xb4,0xd3,0xb4,0xb2,0xb4,0xd3,0xbc,0xb3,0xb4,0xd3,0xb4,0x72,0xac,0x72,0xac,0x72,0xac,0x92,0xac,0x92,0xb4,
    0xb2,0xac,0x72,0xac,0x71,0xac,0x92,0xb4,0x92,0xac,0x92,0xb4,0x92,0xb4,0x72,0xac,0x72,0xac,0x31,0xa4,0x52,0xa4,0x72,0xac,
    0x73,0xac,0x51,0xa4,0x51,0xac,0x73,0xac,0x72,0xa4,0x73,0xa4,0x73,0xac,0x52,0xa4,0x72,0xa4,0xd4,0xb4,0x93,0xac,0x92,0xac,
    0x93,0xac,0x92,0xac,0xb4,0xb4,0xd4,0xb4,0xb3,0xb4,0x93,0xac,0xb3,0xb4,0xb3,0xb4,0xd3,0xb4,0xd3,0xb4,0xd4,0xb4,0xd3,0xb4,
    0xb3,0xb4,0x92,0xac,0xb3,0xac,0x92,0xac,0xb3,0xb4,0xb3,0xb4,0xd3,0xb4,0xb2,0xb4,0xb3,0xb4,0x15,0xb5,0x34,0xbd,0x15,0xb5,
    0x14,0xb5,0xf4,0xbc,0x55,0xbd,0x97,0xc5,0x14,0xbd,0x35,0xbd,0x14,0xb5,0x35,0xbd,0x34,0xbd,0xd3,0xb4,0xf3,0xb4,0xf3,0xbc,
    0x55,0xbd,0xb6,0xc5,0x55,0xbd,0xf8,0xcd,0x96,0xc5,0xd7,0xcd,0x75,0xc5,0x96,0xc5,0xd7,0xc5,0xd7,0xcd,0xb6,0xcd,0xf8,0xcd,
    0xd6,0xcd,0x95,0xcd,0x54,0xc5,0xb6,0xcd,0xb7,0xc5,0x75,0xc5,0x55,0xc5,0x75,0xc5,0xf8,0xcd,0xd7,0xcd,0xb6,0xcd,0x96,0xc5,
    0x96,0xc5,0x55,0xc5,0x34,0xc5,0x34,0xbd,0x14,0xb5,0x34,0xbd,0x35,0xbd,0x92,0xa4,0xf0,0x8b,0x0c,0x73,0xab,0x5a,0xcc,0x62,
    0x4e,0x73,0x4f,0x6b,0xac,0x52,0xcc,0x52,0xec,0x5a,0x8b,0x52,0x6b,0x4a,0xe9,0x41,0xc7,0x31,0xa6,0x39,0xc8,0x39,0xac,0x4a,
    0x6f,0x6b,0xf2,0x7b,0x73,0x8c,0xd5,0x9c,0x56,0xad,0x98,0xbd,0xb8,0xbd,0xb8,0xbd,0xb7,0xbd,0xb8,0xbd,0xb8,0xbd,0xb8,0xbd,
    0x19,0xc6,0x3a,0xce,0x7a,0xd6,0x5a,0xce,0x7a,0xd6,0x5b,0xd6,0x7a,0xd6,0x5a,0xd6,0x5a,0xce,0x19,0xce,0xf8,0xcd,0xd8,0xcd,
    0xd8,0xcd,0x97,0xc5,0x97,0xc5,0xb7,0xc5,0xd7,0xc5,0x56,0xc5,0x56,0xbd,0x76,0xc5,0x76,0xbd,0x35,0xc5,0x56,0xbd,0x35,0xbd,
    0x15,0xbd,0x14,0xbd,0x14,0xbd,0x14,0xbd,0x15,0xbd,0xd3,0xb4,0xd3,0xb4,0xd3,0xb4,0x15,0xbd,0x35,0xc5,0xd3,0xb4,0x93,0xac,
    0xb3,0xb4,0xd4,0xb4,0xd3,0xb4,0xd3,0xb4,0xd3,0xb4,0xd3,0xb4,0xb3,0xb4,0xb2,0xb4,0xb3,0xb4,0xd2,0xb4,0xb2,0xb4,0x72,0xac,
    0x51,0xac,0x72,0xac,0x92,0xac,0x72,0xac,0x92,0xb4,0x92,0xac,0x71,0xac,0x72,0xac,0xb2,0xb4,0x92,0xb4,0xb3,0xac,0x72,0xac,
    0x52,0xa4,0x72,0xac,0x51,0xa4,0x31,0xa4,0x31,0xa4,0x31,0x9c,0x31,0xa4,0x73,0xac,0x72,0xa4,0x52,0xac,0x51,0xa4,0x11,0xa4,
    0x31,0xa4,0xb3,0xb4,0xb3,0xb4,0x72,0xac,0x93,0xb4,0x93,0xac,0xb3,0xb4,0xb3,0xb4,0xb3,0xac,0x93,0xac,0x93,0xac,0x92,0xac,
    0x52,0xa4,0x92,0xb4,0xb2,0xac,0x92,0xb4,0xb3,0xac,0x92,0xac,0x52,0xac,0x92,0xac,0x92,0xac,0xd3,0xb4,0xd4,0xb4,0xf4,0xb4,
    0x92,0xac,0xb3,0xb4,0x14,0xb5,0xf4,0xbc,0xb3,0xb4,0xf3,0xb4,0xd3,0xb4,0xb2,0xb4,0x56,0xbd,0xd3,0xb4,0x15,0xbd,0x13,0xb5,
    0x96,0xc5,0x14,0xbd,0x35,0xbd,0x34,0xbd,0x14,0xbd,0x55,0xbd,0x96,0xc5,0x34,0xbd,0x13,0xc5,0x75,0xc5,0x76,0xc5,0x96,0xc5,
    0xd7,0xcd,0x18,0xd6,0x34,0xbd,0x14,0xbd,0x75,0xc5,0x76,0xc5,0x54,0xc5,0x75,0xc5,0x33,0xbd,0x55,0xc5,0x54,0xc5,0x75,0xcd,
    0x96,0xcd,0x96,0xc5,0x75,0xc5,0x96,0xc5,0x75,0xc5,0x54,0xbd,0x55,0xc5,0x55,0xbd,0x13,0xbd,0x14,0xb5,0x34,0xbd,0xb2,0xa4,
    0x72,0x9c,0xd0,0x8b,0x6a,0x52,0x6b,0x52,0x4e,0x6b,0x2e,0x63,0xab,0x52,0xac,0x5a,0xac,0x52,0x8b,0x52,0x6b,0x4a,0x09,0x42,
    0xa7,0x31,0xc7,0x39,0xc8,0x39,0x4b,0x42,0xed,0x5a,0x90,0x6b,0x12,0x84,0xd4,0x9c,0x37,0xad,0x77,0xb5,0xb7,0xbd,0x98,0xb5,
    0xb8,0xbd,0xb8,0xbd,0xb8,0xbd,0xd8,0xbd,0x19,0xce,0x5a,0xce,0x3a,0xce,0x19,0xce,0x5a,0xce,0x5a,0xce,0x7a,0xd6,0x5a,0xce,
    0xf8,0xcd,0xf8,0xcd,0xd8,0xcd,0xd8,0xc5,0xb7,0xc5,0xb7,0xc5,0x97,0xc5,0xb7,0xc5,0x76,0xc5,0x76,0xc5,0x56,0xbd,0x76,0xc5,
    0x55,0xbd,0x35,0xc5,0x76,0xc5,0x14,0xbd,0x14,0xbd,0x14,0xbd,0x35,0xbd,0xf4,0xb4,0xf3,0xb4,0xd4,0xb4,0xb3,0xb4,0xd3,0xb4,
    0xf4,0xbc,0xf4,0xb4,0xb3,0xb4,0xb3,0xb4,0xd3,0xb4,0xb3,0xb4,0xd3,0xb4,0xf3,0xbc,0xd4,0xbc,0xf3,0xb4,0xd3,0xbc,0xb3,0xb4,
    0xf3,0xbc,0xb3,0xb4,0x72,0xb4,0x72,0xac,0x71,0xac,0x31,0xa4,0x71,0xac,0x72,0xac,0x71,0xac,0x92,0xac,0x52,0xac,0x71,0xac,
    0x72,0xac,0x92,0xb4,0x72,0xac,0x51,0xac,0x52,0xa4,0x51,0xa4,0x52,0xac,0x31,0xa4,0x11,0x9c,0x10,0xa4,0x72,0xa4,0x72,0xac,
    0x72,0xac,0x51,0xac,0x51,0xa4,0x52,0xac,0x72,0xac,0x71,0xac,0x31,0xa4,0x73,0xac,0x93,0xac,0x92,0xac,0x92,0xac,0xb3,0xb4,
    0x92,0xac,0x72,0xac,0x52,0xa4,0x51,0xa4,0x92,0xac,0x93,0xac,0x72,0xac,0x92,0xac,0x92,0xac,0x71,0xac,0x71,0xac,0x92,0xac,
    0x72,0xac,0x31,0xa4,0x71,0xac,0xd3,0xb4,0x93,0xac,0x71,0xac,0x72,0xac,0xb2,0xb4,0xd3,0xb4,0x92,0xac,0xb2,0xb4,0xb3,0xb4,
    0xd3,0xb4,0xd3,0xb4,0xd3,0xac,0xd3,0xbc,0xd3,0xb4,0x34,0xbd,0x96,0xc5,0x76,0xc5,0x55,0xbd,0x76,0xc5,0xd2,0xb4,0x35,0xbd,
    0x55,0xc5,0x13,0xbd,0x13,0xbd,0x55,0xc5,0x34,0xbd,0x55,0xbd,0x55,0xc5,0x55,0xbd,0x54,0xc5,0x55,0xbd,0x55,0xc5,0x14,0xbd,
    0x34,0xc5,0x34,0xc5,0x55,0xbd,0x55,0xc5,0x55,0xbd,0x75,0xc5,0x95,0xc5,0x76,0xc5,0x75,0xc5,0x34,0xbd,0x34,0xbd,0x34,0xbd,
    0x35,0xbd,0x14,0xbd,0x14,0xb5,0xb3,0xac,0xb3,0xa4,0x71,0xa4,0xec,0x62,0x6a,0x52,0x4e,0x6b,0x6f,0x6b,0x4e,0x6b,0x4e,0x63,
    0xac,0x52,0x8b,0x52,0x6b,0x52,0x2a,0x42,0x09,0x42,0xe9,0x39,0x09,0x3a,0x2a,0x42,0x6b,0x4a,0x0e,0x5b,0xd1,0x73,0x94,0x94,
    0x16,0xa5,0x77,0xb5,0x77,0xb5,0xb8,0xbd,0xb8,0xbd,0xb8,0xbd,0xb8,0xbd,0xb8,0xbd,0x19,0xc6,0x39,0xce,0x5a,0xd6,0x5b,0xce,
    0x39,0xce,0x3a,0xce,0x7a,0xd6,0x3a,0xce,0xf8,0xcd,0xf9,0xcd,0xf9,0xcd,0xb8,0xc5,0x97,0xc5,0xb7,0xc5,0x97,0xcd,0x76,0xc5,
    0x76,0xc5,0x76,0xc5,0x75,0xbd,0x76,0xc5,0x55,0xc5,0x35,0xbd,0x34,0xc5,0xf3,0xbc,0xf4,0xbc,0x14,0xb5,0xf3,0xbc,0xb3,0xb4,
    0xd4,0xb4,0xd3,0xb4,0xb3,0xb4,0xd3,0xac,0xb3,0xb4,0xd3,0xb4,0xb3,0xb4,0x92,0xac,0xd3,0xb4,0xd3,0xb4,0xb3,0xb4,0xf3,0xb4,
    0xb3,0xb4,0xd2,0xbc,0xb3,0xb4,0xb2,0xb4,0xb2,0xb4,0x71,0xac,0x71,0xac,0x71,0xac,0x52,0xa4,0x31,0xa4,0x51,0xa4,0x51,0xac,
    0x72,0xac,0x71,0xac,0x72,0xac,0x71,0xac,0x72,0xac,0x71,0xac,0x71,0xac,0x72,0xac,0x51,0xac,0x31,0xa4,0x31,0xa4,0x10,0x9c,
    0x31,0xa4,0x52,0xac,0x92,0xac,0x93,0xb4,0x72,0xac,0x72,0xac,0x72,0xac,0x51,0xac,0x72,0xac,0x51,0xa4,0x52,0xac,0x71,0xac,
    0x51,0xa4,0x92,0xb4,0x93,0xac,0x92,0xb4,0x72,0xac,0x72,0xa4,0x72,0xac,0x72,0xac,0x93,0xac,0x72,0xa4,0x51,0xa4,0x51,0xac,
    0x72,0xac,0x72,0xac,0x51,0xac,0x71,0xac,0x71,0xac,0x51,0xac,0x51,0xa4,0x72,0xac,0xd4,0xac,0xd4,0xb4,0xf4,0xb4,0x72,0xac,
    0xb3,0xac,0xd4,0xb4,0x92,0xac,0xb2,0xb4,0xd3,0xb4,0x14,0xb5,0x92,0xac,0xb3,0xac,0xd2,0xb4,0xf4,0xbc,0xf3,0xb4,0x35,0xbd,
    0xf3,0xb4,0x14,0xbd,0x35,0xc5,0x14,0xbd,0x14,0xbd,0x55,0xbd,0x14,0xbd,0x14,0xbd,0x34,0xbd,0x14,0xbd,0x13,0xbd,0x34,0xbd,
    0x34,0xbd,0xf3,0xbc,0x34,0xbd,0x75,0xc5,0x75,0xc5,0x55,0xbd,0x75,0xc5,0x75,0xbd,0x35,0xbd,0x34,0xc5,0x55,0xbd,0x95,0xc5,
    0x76,0xbd,0x34,0xbd,0x14,0xbd,0x13,0xb5,0x55,0xbd,0x14,0xbd,0xf3,0xb4,0xd3,0xac,0xd3,0xac,0x93,0xa4,0x2d,0x6b,0xab,0x5a,
    0x90,0x73,0x12,0x84,0xb0,0x73,0x90,0x73,0xec,0x62,0x6a,0x52,0x6a,0x4a,0x6b,0x4a,0x8b,0x4a,0x2a,0x4a,0x2a,0x42,0x09,0x3a,
    0x09,0x3a,0x6b,0x42,0x4f,0x63,0x53,0x8c,0xf5,0xa4,0x56,0xb5,0x78,0xb5,0xb7,0xbd,0x98,0xb5,0xb7,0xbd,0xb8,0xbd,0xb8,0xbd,
    0xf9,0xcd,0x3a,0xce,0x39,0xce,0x3a,0xce,0x19,0xce,0x5a,0xd6,0x39,0xce,0xd8,0xc5,0xd8,0xcd,0xb7,0xc5,0x97,0xbd,0x76,0xc5,
    0x96,0xc5,0x97,0xc5,0x96,0xc5,0x96,0xc5,0x76,0xc5,0x55,0xbd,0x35,0xc5,0x55,0xbd,0x34,0xbd,0x14,0xbd,0x14,0xbd,0xf3,0xbc,
    0x15,0xb5,0xf4,0xb4,0xf4,0xbc,0xf4,0xb4,0xd3,0xbc,0xf4,0xb4,0xd3,0xb4,0xb3,0xb4,0xd3,0xb4,0xf3,0xbc,0xf4,0xb4,0xb3,0xb4,
    0xd3,0xb4,0xb3,0xb4,0xf3,0xbc,0xf4,0xbc,0xd3,0xb4,0xd3,0xbc,0xb3,0xb4,0x92,0xac,0x72,0xac,0x51,0xac,0x72,0xac,0x72,0xac,
    0x30,0xa4,0x10,0xa4,0x11,0xa4,0x51,0xa4,0x71,0xac,0x31,0xa4,0x10,0xa4,0x31,0xa4,0x51,0xac,0x51,0xac,0x71,0xb4,0x71,0xac,
    0x51,0xac,0x31,0xa4,0x31,0x9c,0x10,0xa4,0x51,0xa4,0x51,0xac,0x71,0xac,0xb2,0xb4,0x92,0xb4,0x92,0xb4,0x71,0xac,0x51,0xac,
    0x71,0xac,0x72,0xac,0x72,0xac,0x51,0xac,0x72,0xac,0x51,0xac,0xb3,0xac,0x92,0xac,0x31,0xa4,0x31,0xac,0x30,0xa4,0x52,0xac,
    0x52,0xa4,0x31,0xa4,0x51,0xa4,0x51,0xac,0x51,0xac,0x51,0xa4,0x51,0xac,0x51,0xa4,0x30,0xa4,0x31,0xa4,0x52,0xac,0x31,0xa4,
    0x50,0xa4,0x72,0xac,0x72,0xac,0xb3,0xb4,0x92,0xac,0x92,0xac,0xb2,0xb4,0xb2,0xb4,0x92,0xac,0x92,0xac,0x51,0xac,0x92,0xac,
    0xb2,0xb4,0x92,0xac,0x92,0xb4,0xb2,0xac,0xf4,0xbc,0x34,0xbd,0x34,0xbd,0x13,0xbd,0x76,0xc5,0xf3,0xb4,0x14,0xbd,0x34,0xc5,
    0x34,0xbd,0x35,0xc5,0x14,0xb5,0x14,0xbd,0x35,0xc5,0x34,0xbd,0x34,0xbd,0x14,0xbd,0x75,0xc5,0x55,0xbd,0x35,0xbd,0x34,0xbd,
    0x14,0xbd,0x34,0xbd,0x14,0xbd,0x34,0xbd,0x55,0xc5,0x34,0xbd,0x34,0xbd,0x14,0xbd,0x13,0xbd,0x34,0xbd,0x34,0xb5,0xd3,0xac,
    0xf4,0xac,0x92,0xa4,0x4e,0x73,0xab,0x5a,0x0d,0x63,0xd2,0x7b,0x4f,0x63,0xb1,0x73,0x2e,0x6b,0x6a,0x52,0x4a,0x4a,0x8b,0x52,
    0xac,0x52,0x4b,0x4a,0x4a,0x42,0x0a,0x42,0xe9,0x39,0x29,0x42,0xed,0x5a,0x12,0x7c,0xd5,0x9c,0x36,0xad,0x77,0xb5,0x98,0xbd,
    0xb7,0xbd,0xb8,0xb5,0xb8,0xbd,0xb8,0xbd,0x19,0xce,0x39,0xce,0x19,0xce,0x19,0xce,0x19,0xce,0x5a,0xce,0x7a,0xd6,0xf8,0xcd,
    0x97,0xc5,0xb7,0xc5,0x76,0xc5,0x97,0xc5,0x96,0xc5,0x97,0xc5,0x96,0xcd,0x96,0xc5,0x56,0xc5,0x34,0xbd,0x34,0xbd,0x15,0xbd,
    0x14,0xbd,0xf4,0xb4,0xd3,0xb4,0x14,0xbd,0xf4,0xb4,0xd3,0xb4,0xd3,0xbc,0xd3,0xb4,0xd3,0xb4,0xd3,0xb4,0xd3,0xb4,0xb3,0xb4,
    0xb2,0xb4,0xd3,0xb4,0xd3,0xbc,0xd3,0xb4,0xb2,0xbc,0xd3,0xbc,0xd3,0xbc,0xd2,0xbc,0x92,0xb4,0xb2,0xb4,0x92,0xb4,0x71,0xac,
    0x92,0xb4,0x92,0xb4,0x71,0xac,0x30,0xac,0x10,0x9c,0x10,0xa4,0x10,0xa4,0x30,0xa4,0x11,0xa4,0x10,0xa4,0x10,0x9c,0x31,0xa4,
    0x51,0xac,0x51,0xa4,0x71,0xac,0x72,0xac,0x51,0xac,0x51,0xac,0x51,0xac,0x51,0xac,0x51,0xac,0x51,0xac,0x72,0xac,0x71,0xb4,
    0x51,0xac,0x71,0xac,0x31,0xa4,0x51,0xac,0x72,0xac,0x71,0xac,0x52,0xac,0x72,0xac,0x30,0xa4,0x10,0xa4,0x52,0xac,0x51,0xac,
    0x51,0xac,0x51,0xa4,0x31,0xa4,0x31,0xa4,0x30,0xa4,0x31,0xa4,0x31,0xa4,0x92,0xac,0x72,0xac,0xb3,0xb4,0xb2,0xb4,0x51,0xac,
    0x10,0xa4,0x30,0xa4,0x50,0xa4,0x30,0xa4,0x31,0xa4,0x72,0xa4,0x31,0xa4,0x10,0xa4,0xb2,0xb4,0x50,0xac,0x72,0xac,0xb3,0xac,
    0xb2,0xb4,0xb3,0xb4,0xd3,0xb4,0x71,0xa4,0xd4,0xb4,0xd3,0xb4,0xb2,0xb4,0xd3,0xb4,0x91,0xac,0xd3,0xb4,0xd3,0xb4,0xf3,0xbc,
    0xf3,0xb4,0xf3,0xbc,0x34,0xbd,0xf3,0xb4,0x34,0xbd,0xf3,0xb4,0x92,0xac,0xd3,0xb4,0x34,0xbd,0x34,0xbd,0xf3,0xb4,0xb2,0xb4,
    0xf3,0xb4,0x34,0xbd,0x14,0xbd,0x14,0xbd,0x13,0xbd,0x55,0xbd,0x14,0xbd,0xf4,0xb4,0x14,0xb5,0x34,0xbd,0x34,0xbd,0x34,0xbd,
    0x34,0xbd,0x55,0xbd,0x14,0xbd,0x14,0xbd,0xf4,0xb4,0x71,0xa4,0x4e,0x73,0x8b,0x5a,0x4a,0x4a,0xcc,0x52,0x8b,0x52,0xec,0x62,
    0x2d,0x6b,0xcc,0x62,0x4a,0x52,0x4a,0x4a,0x6b,0x4a,0x2a,0x42,0x09,0x3a,0x4a,0x4a,0x4a,0x42,0x2a,0x42,0xac,0x4a,0xb1,0x73,
    0xb4,0x9c,0x36,0xad,0x77,0xb5,0x98,0xbd,0x97,0xb5,0x98,0xbd,0xb8,0xbd,0xb8,0xbd,0x19,0xc6,0x39,0xce,0x19,0xce,0x19,0xc6,
    0x19,0xce,0x5a,0xd6,0x19,0xce,0xb7,0xbd,0xb7,0xc5,0xd8,0xc5,0xb7,0xc5,0x77,0xc5,0x97,0xc5,0x76,0xc5,0x76,0xc5,0x56,0xbd,
    0x55,0xc5,0x34,0xbd,0x14,0xbd,0x14,0xbd,0x34,0xbd,0x14,0xbd,0xf4,0xbc,0x15,0xb5,0xd3,0xb4,0xf4,0xbc,0x14,0xbd,0x14,0xbd,
    0xd4,0xbc,0x92,0xb4,0xd3,0xb4,0xb2,0xb4,0xb3,0xb4,0xd3,0xbc,0xd3,0xbc,0xd2,0xb4,0xd3,0xb4,0xd3,0xb4,0xb3,0xb4,0xb2,0xb4,
    0x71,0xb4,0x92,0xb4,0x91,0xb4,0x72,0xb4,0x91,0xb4,0x72,0xac,0x30,0xac,0x30,0xa4,0x10,0xa4,0x10,0xa4,0x10,0x9c,0x31,0xa4,
    0x10,0x9c,0x10,0x9c,0xcf,0x93,0x10,0xa4,0x30,0xa4,0x51,0xac,0x72,0xac,0x92,0xb4,0x71,0xac,0x71,0xac,0x71,0xac,0x10,0xa4,
    0x31,0xa4,0x51,0xac,0x71,0xac,0x71,0xb4,0x51,0xac,0x51,0xac,0x31,0xa4,0x10,0xa4,0x10,0xa4,0x51,0xac,0x51,0xac,0x30,0xa4,
    0x31,0xa4,0x51,0xa4,0x10,0xa4,0x10,0xa4,0x51,0xa4,0x11,0xa4,0x11,0x9c,0x31,0xa4,0x10,0xa4,0x51,0xac,0x31,0xa4,0x10,0xa4,
    0x71,0xac,0x14,0xb5,0x92,0xb4,0x71,0xac,0x71,0xac,0x51,0xa4,0x31,0xa4,0x10,0xa4,0x30,0xac,0x51,0xa4,0xf0,0x9b,0xef,0x9b,
    0x50,0xac,0xd3,0xb4,0x92,0xac,0x50,0xac,0x30,0xa4,0x0f,0xa4,0x30,0xa4,0xf0,0x9b,0x30,0xa4,0x92,0xb4,0x51,0xa4,0x51,0xac,
    0xb2,0xb4,0xb3,0xac,0xd2,0xb4,0xd3,0xb4,0x55,0xc5,0x55,0xc5,0x14,0xbd,0x35,0xc5,0xf3,0xb4,0xd3,0xb4,0xf3,0xb4,0x14,0xbd,
    0x96,0xc5,0x55,0xc5,0x55,0xbd,0x14,0xbd,0xd3,0xb4,0x14,0xb5,0x13,0xbd,0x14,0xbd,0x14,0xbd,0x14,0xbd,0x34,0xbd,0x34,0xbd,
    0x34,0xbd,0x14,0xbd,0x34,0xbd,0x14,0xb5,0x34,0xbd,0x34,0xbd,0x13,0xb5,0x34,0xbd,0xf3,0xb4,0x72,0xa4,0xaf,0x83,0xab,0x62,
    0x4a,0x52,0x2a,0x42,0x4a,0x4a,0xed,0x62,0xaf,0x7b,0x6e,0x73,0x8b,0x52,0x49,0x4a,0x4a,0x4a,0xe9,0x39,0xe9,0x39,0x4a,0x42,
    0x8c,0x52,0x6b,0x4a,0xab,0x4a,0x6f,0x6b,0x94,0x94,0x36,0xad,0x77,0xb5,0x97,0xb5,0x97,0xbd,0x98,0xb5,0xb7,0xbd,0xb8,0xbd,
    0xf9,0xcd,0x3a,0xce,0x39,0xce,0x19,0xce,0x19,0xce,0x19,0xce,0x97,0xc5,0xb7,0xc5,0x97,0xc5,0xd8,0xcd,0xb7,0xc5,0x97,0xc5,
    0x96,0xc5,0x55,0xbd,0x15,0xbd,0x55,0xbd,0x35,0xc5,0x35,0xbd,0x35,0xbd,0x34,0xbd,0x14,0xbd,0x14,0xb5,0xf4,0xbc,0x14,0xbd,
    0x14,0xbd,0x14,0xbd,0x14,0xbd,0xf4,0xbc,0xd3,0xb4,0xb2,0xb4,0xd3,0xb4,0xd3,0xbc,0xf3,0xbc,0xd3,0xb4,0xd2,0xbc,0x92,0xb4,
    0x92,0xb4,0xb2,0xb4,0xb2,0xb4,0x92,0xb4,0x91,0xac,0x92,0xb4,0x92,0xac,0x71,0xac,0x51,0xb4,0x71,0xac,0x51,0xac,0x10,0xa4,
    0x51,0xa4,0x31,0xac,0x31,0xa4,0x50,0xac,0x31,0xa4,0x10,0xa4,0xcf,0x9b,0x31,0xa4,0x51,0xac,0x71,0xac,0x30,0xa4,0x30,0xa4,
    0x71,0xac,0x72,0xb4,0x51,0xac,0x30,0xa4,0x51,0xac,0x31,0xac,0x71,0xb4,0x71,0xac,0x10,0xa4,0x30,0xa4,0x51,0xac,0x31,0xac,
    0x51,0xac,0x51,0xac,0x31,0xac,0x10,0xa4,0xcf,0x9b,0x30,0xa4,0x10,0xa4,0x10,0xa4,0x10,0xa4,0xf0,0x9b,0xcf,0x9b,0xaf,0x93,
    0x10,0x9c,0x51,0xa4,0x10,0xa4,0x30,0xa4,0xcf,0x9b,0xef,0xa3,0x71,0xac,0x72,0xac,0x51,0xac,0x31,0xa4,0x10,0xa4,0x10,0xa4,
    0xef,0x9b,0xcf,0x9b,0xcf,0x9b,0x10,0x9c,0x72,0xac,0x71,0xac,0x71,0xac,0x72,0xac,0x92,0xac,0x71,0xac,0x31,0xa4,0x71,0xac,
    0x30,0xa4,0x92,0xac,0x71,0xa4,0x71,0xa4,0x30,0xa4,0x50,0xac,0x92,0xac,0x92,0xb4,0x92,0xac,0xf2,0xb4,0x14,0xbd,0x54,0xbd,
    0xf3,0xbc,0xd3,0xb4,0xf3,0xb4,0x55,0xbd,0x14,0xbd,0xd3,0xb4,0xf3,0xbc,0x34,0xbd,0x14,0xb5,0xf3,0xbc,0xd3,0xb4,0x14,0xbd,
    0xd3,0xb4,0xf4,0xbc,0x14,0xb5,0x14,0xbd,0x34,0xbd,0x35,0xbd,0xf3,0xb4,0x14,0xbd,0x13,0xbd,0x14,0xbd,0x35,0xc5,0x14,0xbd,
    0xf3,0xac,0x92,0xa4,0xaf,0x8b,0x0c,0x6b,0x8b,0x5a,0xe8,0x41,0x09,0x42,0x6e,0x6b,0x12,0x94,0xd0,0x83,0xec,0x62,0x6b,0x52,
    0x4a,0x4a,0xe8,0x39,0xe9,0x39,0x8b,0x4a,0x0e,0x5b,0x0e,0x5b,0xac,0x52,0x2e,0x63,0x33,0x84,0x16,0xa5,0x57,0xb5,0x77,0xbd,
    0x98,0xb5,0x97,0xbd,0x98,0xbd,0xb8,0xb5,0x19,0xc6,0x19,0xce,0x19,0xc6,0x19,0xce,0x19,0xce,0xf8,0xcd,0xb8,0xc5,0xd8,0xc5,
    0x97,0xc5,0xd8,0xcd,0x96,0xc5,0x56,0xbd,0x76,0xc5,0x35,0xbd,0x34,0xbd,0x14,0xbd,0x35,0xbd,0x34,0xbd,0x14,0xbd,0x56,0xbd,
    0x35,0xbd,0xf3,0xbc,0x14,0xbd,0x14,0xbd,0x14,0xbd,0x14,0xbd,0xf4,0xbc,0xf2,0xbc,0xb3,0xb4,0xd3,0xb4,0xd3,0xb4,0xb3,0xb4,
    0xd3,0xb4,0xd3,0xbc,0xd3,0xb4,0x92,0xb4,0x91,0xac,0x71,0xb4,0x92,0xb4,0x71,0xac,0x71,0xac,0x91,0xac,0x71,0xac,0x71,0xac,
    0x51,0xac,0x51,0xac,0x71,0xac,0x31,0xa4,0x31,0xac,0x71,0xa4,0x31,0xa4,0x31,0xa4,0x51,0xa4,0xf0,0x9b,0x11,0xa4,0x50,0xa4,
    0x51,0xac,0x31,0xa4,0x11,0xa4,0x31,0xac,0x71,0xac,0x91,0xb4,0x51,0xb4,0x30,0xac,0x30,0xac,0x51,0xac,0x50,0xac,0x51,0xac,
    0x30,0xac,0x51,0xac,0x51,0xac,0x51,0xac,0x51,0xa4,0x31,0xa4,0x50,0xac,0x31,0xa4,0xf0,0xa3,0x10,0xa4,0x51,0xa4,0x11,0xa4,
    0x31,0xa4,0xf0,0x9b,0xef,0x9b,0xf0,0x9b,0xcf,0x9b,0xcf,0x9b,0xaf,0x93,0xce,0x93,0xf0,0x9b,0xf0,0x9b,0x30,0xa4,0x51,0xa4,
    0x10,0xa4,0x30,0xa4,0x0f,0x9c,0xef,0x9b,0xcf,0x9b,0xcf,0x9b,0xf0,0x9b,0x10,0x9c,0xf0,0x9b,0x30,0xa4,0x92,0xac,0x51,0xac,
    0x30,0xa4,0x71,0xac,0x51,0xa4,0x51,0xa4,0xef,0x9b,0x0f,0xa4,0x51,0xac,0x51,0xa4,0xb3,0xac,0xd3,0xac,0x51,0xa4,0x92,0xac,
    0xd3,0xb4,0xd3,0xb4,0xb2,0xb4,0x14,0xbd,0x34,0xbd,0xf4,0xb4,0x91,0xb4,0xb3,0xb4,0xf3,0xb4,0x75,0xc5,0x14,0xb5,0x13,0xbd,
    0xf3,0xb4,0xd3,0xb4,0xb2,0xac,0xf3,0xb4,0xf4,0xb4,0x13,0xb5,0xf4,0xbc,0xf3,0xb4,0xf3,0xb4,0x34,0xbd,0xd2,0xb4,0xd3,0xb4,
    0x13,0xbd,0xf3,0xb4,0x13,0xbd,0x14,0xb5,0xd3,0xb4,0xb3,0xac,0x0f,0x94,0xcb,0x62,0x6a,0x5a,0xe8,0x39,0xc8,0x41,0xac,0x52,
    0x8f,0x73,0xd0,0x83,0x8f,0x73,0xab,0x5a,0x2a,0x42,0x09,0x42,0xe9,0x39,0x4b,0x4a,0x0d,0x5b,0x70,0x6b,0xed,0x5a,0xed,0x52,
    0xf1,0x7b,0xd4,0xa4,0x56,0xad,0x97,0xb5,0x98,0xbd,0x97,0xbd,0x98,0xbd,0xb8,0xbd,0x19,0xc6,0x19,0xce,0x19,0xce,0x19,0xce,
    0x19,0xce,0x19,0xce,0xd7,0xc5,0x76,0xbd,0x76,0xc5,0x97,0xbd,0x76,0xc5,0x56,0xbd,0x35,0xbd,0x14,0xbd,0x14,0xb5,0x14,0xbd,
    0x35,0xbd,0xf4,0xbc,0x14,0xbd,0x55,0xbd,0x14,0xbd,0xf3,0xbc,0x14,0xbd,0x35,0xbd,0x14,0xc5,0xf4,0xbc,0xf3,0xbc,0xb3,0xb4,
    0xd3,0xb4,0xd3,0xb4,0x92,0xb4,0xb3,0xb4,0xd2,0xbc,0xb3,0xb4,0xb2,0xb4,0x92,0xb4,0x71,0xac,0x92,0xb4,0x71,0xac,0x91,0xb4,
    0x92,0xac,0x51,0xac,0x51,0xac,0x71,0xac,0x71,0xb4,0x92,0xac,0x71,0xac,0x51,0xac,0x51,0xa4,0x30,0xac,0x51,0xac,0x31,0xa4,
    0x30,0xa4,0x30,0xa4,0x10,0x9c,0x11,0xa4,0x51,0xa4,0x30,0xa4,0x10,0xa4,0x30,0xac,0x71,0xac,0x51,0xac,0x50,0xac,0x30,0xac,
    0x50,0xac,0x30,0xac,0x30,0xa4,0x10,0xac,0x30,0xac,0x51,0xac,0xef,0xa3,0xef,0xa3,0xef,0xa3,0x10,0xa4,0xf0,0xa3,0x50,0xa4,
    0x10,0xa4,0xcf,0x9b,0x10,0xa4,0xae,0x93,0xcf,0x9b,0xf0,0x9b,0x10,0xa4,0xf0,0x9b,0xf0,0x9b,0xae,0x93,0xaf,0x93,0xcf,0x9b,
    0xcf,0x93,0x8e,0x93,0x10,0xa4,0xef,0x9b,0xcf,0x93,0xae,0x93,0xaf,0x93,0x10,0x9c,0xcf,0x93,0xcf,0x93,0xf0,0x9b,0x8e,0x93,
    0xcf,0x9b,0xef,0x9b,0xcf,0x93,0x30,0xa4,0x51,0xa4,0x30,0x9c,0x52,0xa4,0x51,0xa4,0x72,0xa4,0x92,0xac,0x30,0xa4,0x30,0xa4,
    0x11,0x9c,0x71,0xac,0xb3,0xac,0x10,0x9c,0x71,0xac,0x92,0xac,0x91,0xac,0x92,0xac,0xf3,0xbc,0x35,0xbd,0x14,0xbd,0x13,0xb5,
    0xf3,0xb4,0xf3,0xbc,0x34,0xbd,0x34,0xbd,0xf3,0xb4,0xb3,0xb4,0xf3,0xb4,0x35,0xbd,0x14,0xbd,0x35,0xbd,0x14,0xb5,0xf3,0xb4,
    0xf4,0xb4,0xf4,0xb4,0xb2,0xb4,0xf3,0xb4,0xf3,0xbc,0xf3,0xb4,0xd3,0xb4,0xf3,0xb4,0xd3,0xac,0x92,0xa4,0x51,0x9c,0x6d,0x83,
    0x49,0x52,0xc7,0x39,0xe9,0x41,0x4a,0x4a,0xec,0x62,0x6e,0x73,0x8f,0x73,0xac,0x5a,0x09,0x42,0xe9,0x39,0xe8,0x39,0xe9,0x39,
    0x8b,0x4a,0x2f,0x63,0x0e,0x5b,0xec,0x5a,0x70,0x6b,0xb4,0x94,0x16,0xad,0x77,0xbd,0x97,0xb5,0x98,0xbd,0xb7,0xb5,0xb8,0xbd,
    0xd8,0xc5,0xd8,0xc5,0xf9,0xc5,0xd8,0xc5,0xd8,0xc5,0xf9,0xcd,0xd8,0xc5,0x97,0xc5,0x76,0xc5,0x76,0xc5,0x76,0xbd,0x35,0xbd,
    0xf4,0xb4,0x14,0xbd,0x35,0xbd,0x15,0xbd,0x14,0xbd,0x14,0xb5,0x55,0xbd,0x35,0xc5,0xf3,0xbc,0xf4,0xbc,0xf4,0xbc,0x14,0xbd,
    0xf3,0xbc,0xd3,0xb4,0xb2,0xb4,0xd3,0xb4,0xb2,0xb4,0xb2,0xb4,0x92,0xb4,0xb2,0xb4,0xb2,0xb4,0xd2,0xb4,0x91,0xb4,0x91,0xb4,
    0x92,0xb4,0x92,0xb4,0x71,0xac,0x92,0xb4,0x92,0xb4,0x51,0xac,0x71,0xac,0x92,0xb4,0x71,0xac,0x51,0xac,0x51,0xac,0x51,0xa4,
    0x11,0xa4,0x31,0xa4,0x30,0xa4,0x71,0xac,0x51,0xac,0x31,0xa4,0x10,0xa4,0x10,0xa4,0x30,0xac,0x31,0xa4,0x50,0xac,0x30,0xac,
    0x50,0xac,0x30,0xac,0x30,0xac,0x51,0xac,0x50,0xac,0x30,0xac,0xef,0xa3,0xef,0xa3,0x0f,0xa4,0x30,0xac,0xef,0xa3,0xef,0x9b,
    0xcf,0x9b,0x8d,0x93,0xce,0x9b,0xef,0xa3,0xae,0x9b,0xae,0x93,0x8e,0x9b,0xcf,0x93,0xcf,0x9b,0xae,0x93,0xcf,0x9b,0xef,0x9b,
    0x8e,0x93,0x8e,0x8b,0x6d,0x8b,0xcf,0x93,0xaf,0x93,0xce,0x93,0xaf,0x93,0xcf,0x9b,0xcf,0x9b,0xcf,0x93,0x31,0xa4,0xef,0x9b,
    0x31,0xa4,0x93,0xac,0x10,0x9c,0xcf,0x93,0x31,0x9c,0xaf,0x93,0xcf,0x93,0xae,0x93,0x11,0x9c,0x10,0xa4,0xef,0x93,0x10,0xa4,
    0x92,0xac,0x72,0xac,0x92,0xac,0x51,0xa4,0xef,0x9b,0x10,0x9c,0x71,0xac,0x51,0xa4,0x71,0xac,0x91,0xac,0x92,0xac,0x71,0xac,
    0x71,0xa4,0xf3,0xb4,0x14,0xbd,0xf4,0xb4,0x14,0xbd,0xf4,0xb4,0x14,0xbd,0xd3,0xb4,0x14,0xbd,0xd3,0xb4,0xb2,0xac,0xf3,0xb4,
    0xf3,0xb4,0xf3,0xb4,0xf4,0xb4,0x13,0xbd,0xd3,0xb4,0xb2,0xac,0xd2,0xb4,0xf3,0xbc,0xf3,0xbc,0xf3,0xb4,0xd3,0xb4,0xb2,0xac,
    0x92,0xac,0x51,0x9c,0x51,0x9c,0x11,0x94,0xeb,0x72,0xe8,0x41,0x29,0x4a,0x6a,0x4a,0xac,0x5a,0x2e,0x6b,0x6e,0x73,0xac,0x5a,
    0x29,0x42,0x09,0x42,0xc8,0x39,0xa7,0x31,0xe9,0x39,0x8c,0x4a,0xcd,0x52,0xac,0x52,0x4e,0x63,0x73,0x94,0xf6,0xa4,0x77,0xb5,
    0x98,0xbd,0x98,0xbd,0xb8,0xbd,0xb8,0xbd,0xf9,0xc5,0xf9,0xcd,0xd8,0xc5,0xb7,0xbd,0x97,0xc5,0xb7,0xc5,0x76,0xbd,0x97,0xbd,
    0x76,0xbd,0x76,0xbd,0x35,0xbd,0x35,0xb5,0xf4,0xb4,0x14,0xbd,0x14,0xb5,0x14,0xbd,0x35,0xbd,0x14,0xbd,0x15,0xbd,0x34,0xbd,
    0x14,0xbd,0x14,0xbd,0x14,0xb5,0x14,0xbd,0xf3,0xbc,0xd3,0xb4,0xd3,0xbc,0xd3,0xb4,0xb3,0xbc,0xb2,0xb4,0xb2,0xb4,0xb2,0xb4,
    0xb2,0xbc,0x92,0xb4,0x71,0xac,0x72,0xac,0x92,0xac,0x91,0xb4,0x92,0xb4,0x92,0xac,0x72,0xac,0x91,0xb4,0x72,0xac,0x91,0xb4,
    0x91,0xac,0x51,0xac,0x51,0xac,0x51,0xa4,0x10,0xa4,0x10,0xa4,0x51,0xac,0x91,0xac,0x31,0xa4,0x30,0xa4,0xef,0x9b,0x10,0xa4,
    0x30,0xa4,0x30,0xa4,0x10,0xa4,0x50,0xac,0x10,0xac,0x10,0xa4,0x0f,0xa4,0xef,0xa3,0x0f,0xac,0x0f,0xac,0xef,0xa3,0xcf,0x9b,
    0xae,0x9b,0xcf,0x9b,0xce,0x9b,0x8e,0x9b,0xae,0x93,0x8e,0x9b,0xcf,0x9b,0xcf,0x9b,0xcf,0x9b,0xcf,0x9b,0xcf,0x9b,0xef,0x9b,
    0xae,0x93,0x8e,0x93,0xaf,0x93,0xaf,0x93,0xae,0x93,0x8e,0x93,0xcf,0x93,0xae,0x93,0xaf,0x93,0xcf,0x9b,0xef,0x9b,0xcf,0x93,
    0xaf,0x8b,0xaf,0x93,0x8e,0x8b,0x11,0x9c,0xf0,0x93,0xcf,0x93,0x10,0x9c,0xef,0x93,0xd0,0x9b,0x30,0x9c,0x10,0x9c,0xf0,0x9b,
    0xcf,0x93,0xcf,0x93,0x31,0x9c,0x51,0xa4,0x51,0xa4,0x71,0xa4,0x93,0xac,0x92,0xa4,0xef,0x9b,0xcf,0x9b,0x30,0xa4,0x92,0xac,
    0xb3,0xac,0x92,0xac,0xb2,0xb4,0xb3,0xac,0xd3,0xb4,0xf4,0xb4,0xb2,0xb4,0x91,0xac,0x92,0xac,0xb2,0xac,0xf3,0xbc,0xf3,0xb4,
    0xd2,0xb4,0x14,0xbd,0x14,0xbd,0x92,0xa4,0xd3,0xac,0xb2,0xac,0xd3,0xb4,0x14,0xb5,0xd2,0xb4,0xb2,0xb4,0xb2,0xb4,0xb2,0xb4,
    0xb2,0xb4,0xd3,0xb4,0xf3,0xb4,0xd2,0xb4,0x92,0xac,0x71,0x9c,0x51,0xa4,0x11,0x94,0x6d,0x7b,0x29,0x52,0xe8,0x49,0xac,0x52,
    0x0d,0x63,0x4e,0x73,0x6f,0x6b,0xcc,0x5a,0x2a,0x4a,0x6a,0x4a,0x29,0x4a,0xc7,0x39,0xc7,0x31,0x09,0x3a,0x6b,0x4a,0x6b,0x4a,
    0x0e,0x63,0x32,0x84,0xf5,0xa4,0x56,0xb5,0x98,0xb5,0xb7,0xbd,0xb8,0xbd,0xb8,0xbd,0x19,0xce,0xf8,0xc5,0xb8,0xc5,0xd8,0xc5,
    0xb8,0xc5,0xb7,0xc5,0xb8,0xc5,0x35,0xbd,0x35,0xbd,0x35,0xbd,0x36,0xbd,0x14,0xbd,0xf4,0xb4,0x14,0xb5,0xf4,0xbc,0x35,0xbd,
    0x15,0xbd,0x14,0xbd,0x34,0xbd,0x14,0xc5,0x14,0xbd,0xf3,0xbc,0x14,0xbd,0x14,0xc5,0x34,0xbd,0xf3,0xbc,0xd3,0xbc,0xd3,0xb4,
    0xb2,0xb4,0xb3,0xb4,0xb2,0xb4,0xb2,0xb4,0x92,0xb4,0x71,0xac,0x72,0xac,0x71,0xac,0x71,0xac,0x92,0xac,0x92,0xac,0x71,0xac,
    0x51,0xac,0x71,0xac,0x71,0xac,0x72,0xac,0x71,0xb4,0x51,0xa4,0x51,0xac,0x30,0xa4,0x30,0xa4,0x51,0xa4,0x31,0xac,0x30,0xa4,
    0x30,0xac,0x10,0xa4,0x30,0xa4,0x30,0xa4,0x10,0xa4,0x30,0xac,0x30,0xac,0xef,0xa3,0x0f,0xa4,0x10,0xac,0x0f,0xa4,0xef,0xa3,
    0x10,0xa4,0x0f,0xa4,0xce,0x9b,0xef,0xa3,0xef,0xa3,0xce,0x9b,0xcf,0x9b,0xae,0x9b,0x0f,0xa4,0xef,0x9b,0xef,0xa3,0xae,0x93,
    0xcf,0x9b,0xef,0xa3,0xef,0xa3,0xef,0xa3,0xef,0xa3,0xcf,0x9b,0x6d,0x8b,0x8e,0x93,0xaf,0x93,0xae,0x93,0xaf,0x93,0xaf,0x93,
    0xcf,0x93,0xcf,0x93,0xaf,0x93,0x8e,0x8b,0x8e,0x8b,0x8f,0x8b,0x8e,0x8b,0x6d,0x8b,0xaf,0x93,0x4d,0x83,0xaf,0x93,0x10,0x9c,
    0x10,0x9c,0xcf,0x93,0xf1,0x9b,0xef,0x93,0xf0,0x93,0x10,0x9c,0x31,0xa4,0x31,0x9c,0x30,0x9c,0x51,0xa4,0x10,0x9c,0xef,0x9b,
    0x72,0xac,0x51,0xa4,0x30,0x9c,0x92,0xac,0x51,0xa4,0xb3,0xb4,0x14,0xb5,0xd3,0xb4,0x92,0xa4,0xb2,0xb4,0x14,0xb5,0x14,0xbd,
    0xb2,0xac,0xb2,0xac,0xd3,0xb4,0xf3,0xb4,0xd3,0xb4,0xd3,0xb4,0x14,0xb5,0x14,0xbd,0xf3,0xb4,0xf3,0xb4,0x92,0xac,0x71,0xac,
    0xb2,0xac,0xb2,0xb4,0xb2,0xb4,0xd3,0xb4,0xd2,0xb4,0xd2,0xb4,0xd3,0xb4,0xd3,0xb4,0xb2,0xac,0x71,0xa4,0x31,0x94,0xcf,0x8b,
    0x4d,0x7b,0xaa,0x62,0x49,0x52,0x8b,0x52,0xed,0x62,0x2d,0x6b,0x2e,0x6b,0xab,0x5a,0x6a,0x4a,0x8c,0x52,0x6b,0x52,0x09,0x42,
    0xc8,0x39,0xc8,0x39,0x2a,0x42,0x8b,0x4a,0x0d,0x5b,0xf2,0x7b,0xd4,0x9c,0x57,0xb5,0x97,0xbd,0xb8,0xbd,0xb8,0xbd,0xb8,0xbd,
    0xb7,0xbd,0xb8,0xbd,0xd8,0xc5,0x97,0xbd,0x97,0xbd,0x97,0xc5,0x76,0xbd,0x36,0xbd,0x35,0xb5,0x35,0xbd,0x35,0xb5,0x14,0xb5,
    0xd4,0xb4,0xf4,0xb4,0x15,0xbd,0x34,0xbd,0xf4,0xb4,0x14,0xbd,0x14,0xbd,0xf3,0xbc,0xf4,0xbc,0x34,0xbd,0x14,0xbd,0xf3,0xbc,
    0x14,0xbd,0xf3,0xbc,0xd3,0xb4,0xd2,0xbc,0xd3,0xb4,0x92,0xb4,0xb2,0xb4,0xb3,0xb4,0x92,0xac,0x92,0xb4,0x92,0xac,0x71,0xac,
    0x92,0xb4,0x71,0xb4,0x71,0xac,0x51,0xac,0x30,0xa4,0x51,0xac,0x51,0xac,0x71,0xac,0x71,0xac,0x71,0xac,0x51,0xa4,0x71,0xac,
    0x31,0xa4,0x50,0xa4,0x31,0xa4,0x10,0xa4,0x30,0xa4,0x10,0xa4,0x71,0xac,0x51,0xac,0x51,0xac,0x30,0xac,0x50,0xac,0x31,0xa4,
    0x30,0xac,0x0f,0xa4,0x2f,0xac,0x0f,0xa4,0x30,0xac,0xef,0x9b,0xae,0x9b,0xef,0xa3,0xcf,0xa3,0xae,0x93,0x8e,0x9b,0xce,0x9b,
    0xef,0xa3,0xcf,0x9b,0xce,0x9b,0xae,0x9b,0x0f,0xa4,0xcf,0x9b,0xcf,0x9b,0xef,0x9b,0xef,0xa3,0xef,0x9b,0xaf,0x93,0xae,0x93,
    0xcf,0x93,0xf0,0x9b,0x8e,0x93,0xaf,0x8b,0xae,0x93,0x8e,0x93,0xae,0x8b,0x6e,0x8b,0x2c,0x83,0x4d,0x83,0xaf,0x8b,0xf0,0x93,
    0x8e,0x93,0xcf,0x93,0xf0,0x9b,0xf0,0x93,0xf0,0x9b,0x52,0xa4,0xf0,0x9b,0x31,0x9c,0xf0,0x9b,0x31,0x9c,0x31,0x9c,0x10,0x9c,
    0x10,0x9c,0x51,0xa4,0x11,0x9c,0x11,0x9c,0x51,0xa4,0x72,0xac,0x92,0xac,0x92,0xac,0x31,0xa4,0x71,0xa4,0xd3,0xac,0xd3,0xb4,
    0xf4,0xb4,0xb3,0xb4,0xb2,0xac,0xd3,0xac,0xd4,0xb4,0xb3,0xac,0x14,0xb5,0x34,0xbd,0xf4,0xb4,0xf3,0xb4,0x35,0xbd,0x34,0xb5,
    0x14,0xbd,0xf4,0xb4,0xb2,0xac,0xb2,0xac,0xb3,0xac,0xd2,0xb4,0xd2,0xb4,0xd3,0xb4,0xd2,0xb4,0xd2,0xb4,0xd3,0xb4,0xd2,0xb4,
    0xb2,0xac,0x51,0xa4,0x10,0x94,0xf0,0x93,0xcf,0x8b,0x2d,0x7b,0x2d,0x73,0xec,0x6a,0x29,0x42,0xab,0x5a,0xcc,0x62,0x6b,0x4a,
    0x2a,0x4a,0x8b,0x52,0x8b,0x52,0x6b,0x4a,0x09,0x42,0x09,0x3a,0x2a,0x42,0x6b,0x4a,0xed,0x5a,0xd1,0x7b,0xb4,0x9c,0x36,0xb5,
    0x98,0xb5,0x98,0xbd,0xb7,0xbd,0x98,0xbd,0xb8,0xc5,0xb7,0xbd,0x98,0xbd,0x97,0xc5,0x76,0xbd,0x56,0xbd,0x56,0xbd,0x35,0xb5,
    0x15,0xb5,0x15,0xbd,0x35,0xbd,0x14,0xb5,0xf4,0xbc,0x14,0xb5,0x14,0xb5,0xf4,0xbc,0xf4,0xb4,0x34,0xbd,0xf4,0xbc,0xf3,0xb4,
    0x14,0xbd,0xd3,0xb4,0xf3,0xbc,0xf4,0xb4,0xd3,0xbc,0xf3,0xbc,0xd3,0xbc,0xd3,0xbc,0xd3,0xb4,0x92,0xb4,0xb2,0xb4,0x92,0xac,
    0x92,0xac,0x72,0xac,0x51,0xac,0x71,0xac,0x51,0xac,0x51,0xac,0x51,0xac,0x50,0xac,0x51,0xac,0x71,0xac,0x51,0xac,0x51,0xa4,
    0x52,0xac,0x71,0xac,0x31,0xa4,0x51,0xac,0x51,0xac,0x51,0xac,0x31,0xa4,0x51,0xa4,0x51,0xac,0x51,0xac,0x51,0xac,0x51,0xac,
    0x50,0xac,0x51,0xac,0x30,0xa4,0x10,0xac,0x30,0xac,0x30,0xa4,0x10,0xa4,0x30,0xac,0x51,0xac,0xef,0xa3,0xcf,0x9b,0xef,0xa3,
    0xce,0x9b,0xae,0x9b,0xae,0x9b,0xce,0x9b,0xef,0xa3,0xef,0xa3,0x0f,0xa4,0xcf,0x9b,0x30,0xa4,0x10,0xa4,0xae,0x9b,0xae,0x9b,
    0xcf,0x9b,0xae,0x93,0xaf,0x9b,0xaf,0x93,0xae,0x93,0xaf,0x93,0xcf,0x93,0xaf,0x93,0xcf,0x93,0xae,0x93,0x8e,0x93,0xaf,0x93,
    0xaf,0x93,0x6e,0x83,0x0c,0x83,0x8e,0x8b,0x8e,0x8b,0x8e,0x8b,0x8e,0x93,0x10,0x9c,0xcf,0x93,0xae,0x93,0xae,0x93,0xcf,0x93,
    0xaf,0x93,0xcf,0x93,0x51,0xa4,0x10,0x9c,0xd0,0x9b,0xae,0x8b,0xcf,0x93,0x72,0xa4,0x72,0xac,0x51,0xa4,0x92,0xac,0x51,0xa4,
    0x71,0xa4,0x72,0xac,0xd3,0xac,0xb2,0xb4,0xd3,0xac,0xb3,0xac,0xb2,0xac,0xb2,0xb4,0xb3,0xac,0xb2,0xac,0xd3,0xb4,0x55,0xbd,
    0x35,0xbd,0xf3,0xb4,0x92,0xac,0x14,0xb5,0x55,0xbd,0xd2,0xb4,0xf4,0xb4,0xf3,0xb4,0xd3,0xb4,0xb2,0xb4,0xb2,0xb4,0xd3,0xb4,
    0xd3,0xb4,0xb2,0xb4,0xf3,0xb4,0xf3,0xb4,0xd3,0xb4,0x71,0xa4,0x72,0x9c,0x51,0x9c,0xcf,0x8b,0x2c,0x73,0x4e,0x7b,0xab,0x5a,
    0xc7,0x39,0x09,0x4a,0x4a,0x4a,0xe8,0x41,0x08,0x3a,0x6b,0x52,0xcc,0x5a,0x8b,0x52,0x2a,0x42,0x0a,0x42,0x2a,0x42,0x6a,0x42,
    0xac,0x52,0xd0,0x7b,0xb4,0x9c,0x57,0xb5,0x97,0xbd,0x98,0xbd,0xb8,0xbd,0x98,0xbd,0x97,0xbd,0xb8,0xbd,0xb7,0xc5,0xb8,0xbd,
    0x97,0xbd,0xb8,0xc5,0x35,0xb5,0xf5,0xb4,0x14,0xb5,0xf4,0xb4,0x14,0xb5,0xf4,0xb4,0x14,0xbd,0x15,0xb5,0xf4,0xbc,0xd3,0xb4,
    0xf3,0xb4,0x14,0xbd,0x14,0xbd,0x34,0xbd,0x14,0xbd,0xd3,0xbc,0xf4,0xb4,0xf3,0xbc,0xd3,0xb4,0xd3,0xb4,0xd3,0xb4,0xd3,0xb4,
    0xb2,0xb4,0x92,0xb4,0x71,0xac,0x51,0xac,0x51,0xac,0x71,0xac,0x72,0xac,0x51,0xac,0x71,0xac,0x51,0xac,0x51,0xac,0x51,0xac,
    0x30,0xa4,0x30,0xa4,0x51,0xac,0x71,0xac,0x71,0xac,0x30,0xa4,0x31,0xa4,0x30,0xa4,0x51,0xac,0x10,0xa4,0x30,0xa4,0x30,0xac,
    0x51,0xa4,0x31,0xa4,0x50,0xac,0x51,0xac,0x51,0xac,0x51,0xac,0x30,0xac,0x0f,0x9c,0x50,0xac,0x30,0xac,0x30,0xac,0x51,0xac,
    0x71,0xac,0x0f,0xa4,0xef,0xa3,0xef,0xa3,0xae,0x9b,0xae,0xa3,0xce,0x9b,0xef,0xa3,0xef,0xa3,0x0f,0xac,0x30,0xac,0x50,0xac,
    0xef,0xa3,0xef,0xa3,0xae,0x9b,0xef,0x9b,0xf0,0xa3,0xef,0x9b,0xcf,0x9b,0x8e,0x93,0xef,0x9b,0xcf,0x93,0xaf,0x93,0xcf,0x9b,
    0x8e,0x93,0xaf,0x93,0xf0,0x93,0xaf,0x93,0x8e,0x8b,0xd0,0x93,0xd0,0x93,0xaf,0x93,0xd0,0x93,0xd0,0x93,0x11,0x9c,0xef,0x9b,
    0x10,0x9c,0xf0,0x9b,0xcf,0x93,0x8e,0x93,0xaf,0x8b,0xcf,0x9b,0x11,0x9c,0x51,0xa4,0x11,0x9c,0x72,0xa4,0x10,0x9c,0x31,0x9c,
    0x71,0xa4,0x10,0xa4,0xb2,0xac,0x56,0xbd,0xd4,0xac,0xf4,0xb4,0x14,0xb5,0x14,0xbd,0xd3,0xac,0x35,0xbd,0xf3,0xb4,0xf3,0xb4,
    0xf4,0xb4,0x14,0xb5,0x14,0xb5,0xd3,0xac,0x14,0xb5,0x34,0xbd,0xf4,0xb4,0xd3,0xb4,0x14,0xb5,0xf3,0xb4,0xd3,0xb4,0xf3,0xb4,
    0xd3,0xac,0xb2,0xb4,0xd2,0xb4,0xb2,0xac,0x91,0xac,0xb2,0xac,0xd3,0xb4,0xf3,0xb4,0xf3,0xb4,0x92,0xa4,0x71,0xa4,0x51,0x9c,
    0x8e,0x83,0xec,0x6a,0xab,0x62,0x29,0x52,0xc7,0x39,0xc7,0x41,0xc8,0x39,0xc8,0x39,0xe8,0x41,0x4a,0x4a,0xed,0x5a,0xcd,0x5a,
    0x2a,0x42,0xe8,0x39,0x09,0x3a,0x2a,0x42,0x8c,0x4a,0x8f,0x73,0x94,0x9c,0x36,0xad,0x97,0xbd,0x97,0xb5,0x98,0xbd,0xb7,0xbd,
    0xb7,0xbd,0xd8,0xc5,0xb8,0xbd,0x76,0xbd,0x56,0xbd,0x56,0xb5,0x14,0xb5,0x14,0xb5,0x15,0xb5,0x15,0xb5,0xf4,0xb4,0x15,0xb5,
    0x15,0xbd,0xf3,0xb4,0xf4,0xb4,0xf4,0xbc,0x35,0xbd,0xf3,0xbc,0xf3,0xb4,0xf4,0xbc,0xf3,0xbc,0xd3,0xb4,0xd3,0xb4,0xd3,0xb4,
    0xd3,0xb4,0xd3,0xbc,0xb3,0xb4,0xd3,0xb4,0xb2,0xb4,0x72,0xac,0xb3,0xac,0x92,0xac,0x51,0xac,0x71,0xac,0x31,0xa4,0x50,0xac,
    0x51,0xa4,0x31,0xa4,0x51,0xa4,0x51,0xac,0x51,0xac,0x52,0xac,0x51,0xa4,0x51,0xac,0x31,0xa4,0x31,0xa4,0x30,0xa4,0x51,0xa4,
    0x51,0xac,0x51,0xa4,0x10,0x9c,0x11,0xa4,0x51,0xa4,0x10,0xa4,0x30,0xa4,0x51,0xa4,0x31,0xac,0x50,0xa4,0x31,0xa4,0x51,0xac,
    0x30,0xa4,0x10,0xa4,0x31,0xac,0x50,0xac,0x30,0xac,0xef,0xa3,0x10,0xac,0x0f,0xa4,0x0f,0xa4,0x30,0xac,0x0f,0xac,0xee,0xa3,
    0x0f,0xac,0x0f,0xa4,0xef,0xa3,0x0f,0xa4,0xef,0xa3,0x10,0xac,0xef,0xa3,0x10,0x9c,0xcf,0x9b,0x10,0xa4,0xef,0x9b,0x10,0x9c,
    0xcf,0x9b,0xaf,0x93,0xaf,0x93,0xae,0x8b,0xaf,0x93,0xf0,0x9b,0xd0,0x93,0xf0,0x93,0xf0,0x9b,0xaf,0x93,0xcf,0x93,0xd0,0x93,
    0xef,0x93,0xaf,0x93,0xcf,0x93,0x11,0x94,0xaf,0x93,0xf0,0x93,0x11,0x9c,0x72,0xa4,0xf0,0x93,0x10,0x9c,0xef,0x93,0x11,0x9c,
    0x72,0xa4,0x31,0x9c,0x92,0xa4,0x51,0xa4,0x51,0xa4,0x51,0xa4,0x72,0xa4,0xd3,0xac,0x35,0xbd,0xf3,0xb4,0xd4,0xac,0x35,0xb5,
    0xf4,0xb4,0x55,0xbd,0x35,0xb5,0x14,0xb5,0xf4,0xb4,0xb3,0xac,0x35,0xb5,0xf4,0xb4,0xd3,0xb4,0x14,0xb5,0x55,0xbd,0x34,0xbd,
    0xf3,0xb4,0xd3,0xac,0xd3,0xb4,0xf3,0xb4,0xd2,0xac,0xd3,0xb4,0xf3,0xb4,0xb2,0xb4,0xb2,0xb4,0xb2,0xac,0xb2,0xac,0xf3,0xb4,
    0xd3,0xb4,0x92,0xa4,0x71,0xa4,0x31,0x9c,0xaf,0x83,0xec,0x6a,0xaa,0x62,0x29,0x52,0xc8,0x41,0xc7,0x41,0xc7,0x31,0xa7,0x39,
    0xe8,0x41,0x09,0x42,0x8b,0x52,0xac,0x5a,0x09,0x42,0xc7,0x31,0xe9,0x39,0x4a,0x42,0xac,0x52,0x90,0x73,0xb4,0x9c,0x36,0xb5,
    0x77,0xb5,0x97,0xbd,0x98,0xbd,0x98,0xbd,0xd8,0xc5,0xd9,0xc5,0x97,0xbd,0x57,0xbd,0x56,0xbd,0x35,0xbd,0x35,0xbd,0x15,0xbd,
    0x15,0xb5,0x15,0xb5,0xf4,0xb4,0xd4,0xb4,0x14,0xb5,0x15,0xbd,0xf3,0xb4,0xf4,0xb4,0xf3,0xbc,0xf4,0xb4,0xf3,0xb4,0x14,0xbd,
    0xf3,0xbc,0xf3,0xbc,0xd4,0xb4,0xd3,0xb4,0xb3,0xb4,0xd3,0xb4,0xb3,0xb4,0x92,0xb4,0x92,0xac,0x92,0xb4,0x91,0xb4,0x72,0xac,
    0x51,0xac,0x51,0xac,0x30,0xa4,0x51,0xac,0x51,0xac,0x30,0xa4,0x51,0xac,0x51,0xa4,0x51,0xa4,0x31,0xa4,0x31,0xa4,0x51,0xa4,
    0x31,0xa4,0x10,0x9c,0x11,0xa4,0x31,0xa4,0x51,0xa4,0x51,0xac,0x31,0xa4,0x51,0xa4,0x31,0xa4,0x11,0xa4,0x31,0xa4,0x30,0xa4,
    0x51,0xac,0x51,0xac,0x30,0xac,0x31,0xa4,0x10,0xa4,0x10,0xac,0x0f,0xa4,0x10,0xa4,0x30,0xac,0x0f,0xa4,0x0f,0xac,0x10,0xac,
    0x2f,0xac,0x30,0xac,0xee,0xa3,0xef,0xa3,0x0f,0xac,0x10,0xa4,0xef,0xa3,0xef,0xa3,0x0f,0xac,0x30,0xa4,0x10,0xa4,0xcf,0x9b,
    0xae,0x93,0xef,0x9b,0xf0,0x9b,0xf0,0x9b,0x8e,0x93,0xf0,0x9b,0xaf,0x93,0xaf,0x93,0xaf,0x93,0xf0,0x93,0x8e,0x93,0xf0,0x93,
    0xf0,0x9b,0x10,0x9c,0xaf,0x93,0xaf,0x8b,0x11,0x9c,0xf0,0x93,0xd0,0x93,0x10,0x9c,0x31,0x9c,0x52,0xa4,0xb3,0xa4,0x93,0xac,
    0x72,0xa4,0x93,0xac,0x72,0xa4,0x11,0x9c,0x10,0x94,0xb3,0xac,0xd4,0xb4,0xb3,0xac,0xd4,0xac,0xd4,0xac,0xb3,0xac,0x92,0xac,
    0x71,0xa4,0x35,0xbd,0xd3,0xb4,0xd3,0xb4,0x92,0xac,0x51,0xa4,0x92,0xac,0xd3,0xac,0x35,0xb5,0xf4,0xb4,0xb3,0xac,0xf3,0xac,
    0x35,0xbd,0x13,0xb5,0xf4,0xb4,0x35,0xb5,0x55,0xbd,0xf3,0xb4,0xd3,0xac,0xd3,0xb4,0xb3,0xac,0xb2,0xac,0x92,0xac,0xb2,0xb4,
    0xd3,0xb4,0xf3,0xb4,0xd2,0xb4,0xd3,0xac,0xd3,0xac,0x92,0xa4,0x51,0xa4,0x30,0x94,0x2d,0x7b,0xeb,0x6a,0xcb,0x6a,0x08,0x4a,
    0xc7,0x41,0xc7,0x41,0xa7,0x39,0xc8,0x39,0xc8,0x39,0xc7,0x41,0x09,0x42,0x6a,0x52,0x09,0x42,0xc8,0x39,0x09,0x42,0x4b,0x4a,
    0xcd,0x5a,0xd0,0x73,0xb4,0x9c,0x36,0xad,0x77,0xbd,0x77,0xbd,0x98,0xb5,0xb7,0xbd,0x97,0xbd,0x77,0xbd,0x97,0xbd,0x56,0xbd,
    0x56,0xb5,0x76,0xbd,0x55,0xbd,0x36,0xbd,0x35,0xb5,0xf4,0xb4,0xd4,0xb4,0xf4,0xb4,0x15,0xb5,0xf4,0xb4,0xf4,0xb4,0xd3,0xb4,
    0xf4,0xb4,0xd3,0xb4,0xd3,0xbc,0x14,0xbd,0x14,0xbd,0xf4,0xbc,0xd3,0xb4,0xb2,0xb4,0xb3,0xb4,0xb2,0xb4,0xb2,0xb4,0x92,0xac,
    0xb2,0xb4,0x92,0xb4,0x71,0xac,0x71,0xac,0x51,0xac,0x51,0xac,0x51,0xac,0x51,0xa4,0x51,0xac,0x51,0xa4,0x51,0xac,0x10,0xa4,
    0x10,0xa4,0x31,0xa4,0x30,0xa4,0x31,0xa4,0x31,0xa4,0x52,0xa4,0x52,0xa4,0x11,0x9c,0x51,0xa4,0x52,0xac,0x51,0xa4,0x31,0xa4,
    0x30,0xa4,0x31,0xa4,0x31,0xa4,0x51,0xac,0x51,0xac,0x50,0xa4,0x31,0xac,0xef,0x9b,0xef,0x9b,0x51,0xac,0x0f,0xa4,0x0f,0xa4,
    0x30,0xac,0x30,0xac,0x10,0xa4,0x30,0xac,0x51,0xb4,0x30,0xac,0x50,0xb4,0x30,0xac,0x0f,0xac,0xef,0xa3,0xee,0xa3,0xce,0xa3,
    0xef,0xa3,0x30,0xac,0x10,0xa4,0xef,0xa3,0x10,0xa4,0xf0,0xa3,0x10,0xa4,0xf0,0x9b,0xcf,0x93,0xf0,0x9b,0xf0,0x9b,0x10,0x9c,
    0xf0,0x93,0xcf,0x93,0x32,0x9c,0xd0,0x93,0x10,0x9c,0xb0,0x93,0xaf,0x8b,0xaf,0x93,0xd0,0x93,0xd0,0x93,0xcf,0x93,0x11,0x94,
    0x31,0xa4,0x10,0x9c,0x10,0x9c,0x31,0x9c,0x92,0xac,0xb4,0xac,0xd3,0xac,0x72,0xa4,0x72,0xa4,0x72,0xa4,0x31,0x9c,0x51,0xa4,
    0x72,0xa4,0x93,0xa4,0xd3,0xb4,0xf4,0xb4,0x92,0xac,0xb2,0xac,0x56,0xbd,0x34,0xb5,0x15,0xb5,0x55,0xbd,0x35,0xb5,0x14,0xb5,
    0xf4,0xb4,0x14,0xb5,0xd3,0xac,0xb3,0xac,0xf3,0xb4,0x14,0xb5,0xf4,0xb4,0xb2,0xac,0x14,0xb5,0xf4,0xb4,0xd3,0xac,0xd3,0xb4,
    0xb2,0xac,0xb2,0xb4,0x92,0xac,0xd2,0xac,0xf3,0xb4,0xf3,0xbc,0xd3,0xb4,0x92,0xac,0x92,0xac,0x72,0xa4,0x72,0xa4,0xef,0x93,
    0xab,0x62,0xcb,0x6a,0x0c,0x73,0x28,0x52,0xc7,0x41,0xa7,0x39,0xc7,0x39,0xc7,0x39,0xc8,0x39,0xa6,0x39,0xc8,0x39,0x4a,0x4a,
    0x4b,0x4a,0x09,0x42,0xe9,0x39,0x6b,0x42,0xcd,0x52,0xb0,0x73,0x94,0x94,0x16,0xad,0x77,0xb5,0x97,0xbd,0x97,0xbd,0x98,0xbd,
    0x97,0xbd,0x77,0xbd,0x97,0xbd,0x56,0xbd,0x56,0xbd,0x76,0xbd,0x36,0xb5,0x35,0xbd,0x35,0xbd,0xf4,0xac,0xf4,0xb4,0x14,0xb5,
    0x15,0xbd,0x14,0xbd,0x15,0xb5,0xd3,0xac,0xd4,0xb4,0xd3,0xbc,0xf3,0xb4,0xd4,0xb4,0xf4,0xb4,0xf3,0xb4,0xd3,0xb4,0xb3,0xb4,
    0xb3,0xac,0xb2,0xb4,0xb3,0xac,0x72,0xac,0x71,0xac,0x51,0xac,0x51,0xac,0x71,0xac,0x51,0xac,0x51,0xa4,0x30,0xa4,0x31,0xa4,
    0x10,0xa4,0x51,0xac,0x30,0xa4,0x31,0xa4,0x51,0xa4,0x31,0xa4,0x52,0xa4,0x31,0xa4,0x51,0xa4,0x52,0xa4,0x51,0xa4,0x31,0xa4,
    0x32,0xa4,0x51,0xa4,0x31,0xa4,0x51,0xa4,0x52,0xac,0x51,0xac,0x51,0xac,0x31,0xa4,0x31,0xa4,0x51,0xac,0x30,0xa4,0x10,0xa4,
    0xf0,0xa3,0x50,0xac,0x30,0xac,0x30,0xac,0x50,0xac,0x51,0xac,0x50,0xb4,0x71,0xac,0x50,0xb4,0x50,0xac,0x71,0xb4,0x51,0xac,
    0x30,0xac,0x30,0xac,0x0f,0xa4,0x30,0xac,0x10,0xa4,0x10,0xa4,0x30,0xac,0x10,0xa4,0x72,0xac,0x10,0x9c,0x10,0xa4,0x10,0x9c,
    0x31,0xa4,0x31,0x9c,0xf0,0x9b,0x10,0xa4,0x11,0x9c,0x10,0x9c,0x11,0x9c,0x10,0x9c,0x11,0x9c,0x10,0x94,0xd0,0x93,0x11,0x94,
    0xf0,0x93,0xf0,0x93,0xf1,0x93,0x11,0x9c,0x52,0x9c,0xb3,0xac,0x52,0xa4,0x51,0xa4,0x31,0xa4,0xf0,0x93,0x51,0xa4,0xb3,0xac,
    0x52,0xa4,0x51,0xa4,0x31,0x9c,0x30,0x9c,0xb4,0xac,0x71,0xa4,0x93,0xa4,0xb3,0xac,0xb3,0xac,0x56,0xbd,0xf3,0xb4,0xb3,0xac,
    0xf4,0xac,0xd3,0xac,0xf4,0xb4,0xd3,0xac,0x35,0xb5,0x56,0xbd,0x55,0xb5,0x96,0xc5,0x14,0xb5,0xb3,0xac,0xf3,0xac,0x15,0xb5,
    0xb2,0xac,0xf3,0xb4,0xf4,0xbc,0xf3,0xb4,0xb2,0xac,0xd3,0xb4,0x92,0xac,0xb2,0xb4,0x14,0xbd,0xb3,0xac,0xb2,0xac,0x92,0xac,
    0x0f,0x94,0x51,0x9c,0x92,0xa4,0xf0,0x93,0xeb,0x6a,0x8a,0x62,0x2d,0x73,0xcb,0x62,0xe8,0x49,0xc7,0x39,0xa6,0x39,0xc7,0x39,
    0xc8,0x39,0xa6,0x39,0xe8,0x39,0x6b,0x52,0x8b,0x52,0x09,0x3a,0xc8,0x39,0x09,0x3a,0x6a,0x4a,0x0e,0x63,0x52,0x8c,0xf5,0xac,
    0x57,0xb5,0x77,0xbd,0x78,0xb5,0x97,0xbd,0x77,0xbd,0x96,0xbd,0xb7,0xc5,0x76,0xbd,0x76,0xbd,0x56,0xbd,0x56,0xbd,0x56,0xb5,
    0x15,0xb5,0xd4,0xb4,0x15,0xb5,0x15,0xbd,0xf4,0xb4,0xf4,0xb4,0xb3,0xb4,0xb2,0xac,0xb3,0xb4,0xd3,0xb4,0xf4,0xb4,0xf4,0xb4,
    0xd3,0xb4,0xd4,0xbc,0xf4,0xb4,0xb2,0xb4,0xb3,0xb4,0x92,0xac,0x72,0xac,0x71,0xac,0x72,0xac,0x51,0xa4,0x51,0xac,0x72,0xac,
    0x51,0xa4,0x31,0xa4,0x30,0xa4,0x52,0xac,0x30,0xa4,0x10,0x9c,0x31,0xa4,0x52,0xa4,0x31,0xa4,0x32,0x9c,0x31,0x9c,0x31,0xa4,
    0x52,0xa4,0x31,0xa4,0x32,0xa4,0x32,0xa4,0x31,0x9c,0x52,0xa4,0x51,0xa4,0x32,0xa4,0x51,0xa4,0x72,0xac,0x72,0xac,0x51,0xa4,
    0x51,0xac,0x51,0xa4,0x31,0xac,0x10,0xa4,0xcf,0x9b,0x10,0xa4,0x51,0xac,0x51,0xac,0x51,0xb4,0x51,0xac,0x50,0xb4,0x71,0xb4,
    0x91,0xb4,0x71,0xb4,0x30,0xac,0x50,0xb4,0x51,0xac,0x51,0xac,0x30,0xac,0x30,0xac,0x51,0xac,0x50,0xac,0x30,0xa4,0x51,0xac,
    0x30,0xa4,0xcf,0x9b,0x31,0xa4,0x72,0xac,0x72,0xac,0x51,0xac,0x31,0xa4,0x31,0x9c,0x52,0xa4,0x52,0xa4,0xf0,0x9b,0x11,0x94,
    0xf0,0x93,0x12,0x9c,0x11,0x94,0xf1,0x93,0x31,0x9c,0x11,0x9c,0xf0,0x93,0xf0,0x93,0xf0,0x93,0x31,0xa4,0x10,0x9c,0x51,0xa4,
    0x52,0xa4,0x92,0xac,0x92,0xac,0x93,0xac,0xd3,0xac,0xf4,0xb4,0xd4,0xb4,0x71,0x9c,0x93,0xa4,0x52,0x9c,0x92,0xa4,0xd4,0xac,
    0x92,0xac,0xd3,0xa4,0x92,0xa4,0xb3,0xac,0xf4,0xac,0xf4,0xb4,0x14,0xb5,0x35,0xb5,0xb7,0xc5,0x56,0xbd,0x55,0xbd,0x35,0xb5,
    0x35,0xbd,0xf3,0xb4,0xd3,0xac,0x93,0xa4,0xb3,0xac,0xf3,0xb4,0x34,0xb5,0xf3,0xb4,0xb2,0xac,0xb2,0xac,0xd2,0xb4,0x92,0xac,
    0xd3,0xb4,0xd2,0xb4,0xd2,0xb4,0xb2,0xac,0x51,0xa4,0x51,0x9c,0x92,0xa4,0x51,0x9c,0x6d,0x83,0x69,0x5a,0xcc,0x6a,0x0d,0x6b,
    0x29,0x52,0xc7,0x39,0xc7,0x39,0xa7,0x31,0xc7,0x39,0xc6,0x39,0xc7,0x39,0x6b,0x52,0x6b,0x4a,0xe9,0x39,0xc8,0x31,0xc8,0x39,
    0xe9,0x39,0xac,0x52,0xf1,0x7b,0xf5,0xa4,0x57,0xb5,0x97,0xb5,0x97,0xbd,0x98,0xbd,0x76,0xbd,0x97,0xbd,0xb8,0xc5,0x97,0xbd,
    0x97,0xbd,0x77,0xbd,0x56,0xbd,0x36,0xbd,0x15,0xb5,0xd4,0xac,0x14,0xb5,0xf4,0xb4,0xf4,0xb4,0x15,0xb5,0xd4,0xb4,0xb3,0xac,
    0xb2,0xb4,0xd3,0xb4,0xf4,0xb4,0xf4,0xbc,0xd3,0xac,0xd4,0xb4,0xd4,0xb4,0xb2,0xac,0xd4,0xb4,0x92,0xac,0x72,0xac,0x72,0xac,
    0x72,0xac,0x51,0xa4,0x51,0xa4,0x51,0xac,0x51,0xac,0x51,0xac,0x51,0xac,0x31,0xa4,0x31,0xa4,0x31,0xa4,0x31,0xa4,0x11,0x9c,
    0x31,0x9c,0x11,0x9c,0x31,0x9c,0x31,0x9c,0x11,0x9c,0x31,0xa4,0x52,0xa4,0x52,0xa4,0x32,0xa4,0x52,0xa4,0x52,0xa4,0x72,0xac,
    0x52,0xac,0x51,0xa4,0x31,0xa4,0x31,0xa4,0x51,0xac,0x51,0xac,0x51,0xa4,0x10,0xa4,0x11,0x9c,0x51,0xac,0x51,0xac,0x71,0xac,
    0x50,0xac,0x71,0xb4,0x91,0xb4,0x92,0xb4,0x91,0xbc,0xb2,0xb4,0x71,0xb4,0x51,0xb4,0x50,0xac,0x30,0xac,0x50,0xb4,0x50,0xac,
    0x50,0xac,0x71,0xb4,0x51,0xac,0x50,0xac,0x31,0xac,0x71,0xac,0x52,0xa4,0x10,0xa4,0x30,0xa4,0x72,0xac,0x72,0xac,0x51,0xa4,
    0x31,0xa4,0x72,0xa4,0x52,0xa4,0x31,0x9c,0x32,0x9c,0x31,0x9c,0x52,0x9c,0x32,0xa4,0x31,0x9c,0x52,0x9c,0x11,0x94,0x32,0x9c,
    0x11,0x9c,0x30,0x9c,0x31,0x9c,0x30,0x9c,0x30,0xa4,0x72,0xa4,0xd3,0xac,0x72,0xac,0x72,0xa4,0xb3,0xac,0xb3,0xac,0xf4,0xac,
    0xd3,0xac,0xf4,0xb4,0xb3,0xac,0x72,0xa4,0xb3,0xa4,0x31,0xa4,0xf4,0xb4,0xd4,0xa4,0xd4,0xac,0x35,0xb5,0xd4,0xac,0x97,0xbd,
    0x96,0xbd,0x56,0xbd,0xb7,0xc5,0x55,0xb5,0x35,0xbd,0x96,0xbd,0xd3,0xb4,0x72,0xa4,0xb3,0xac,0x14,0xb5,0x35,0xbd,0xf3,0xb4,
    0xf3,0xb4,0xf4,0xbc,0xd2,0xb4,0x92,0xac,0x71,0xac,0xb2,0xac,0x14,0xbd,0x92,0xac,0x71,0x9c,0x51,0xa4,0x30,0x9c,0xef,0x93,
    0x8e,0x83,0xaa,0x6a,0x8a,0x5a,0x8b,0x5a,0x49,0x52,0xc7,0x39,0xa6,0x39,0xc7,0x39,0xa6,0x31,0xc7,0x39,0xa7,0x31,0x29,0x42,
    0x2a,0x4a,0xe8,0x39,0xc8,0x39,0xc9,0x39,0xe9,0x39,0x6a,0x4a,0xd1,0x7b,0xd4,0xa4,0x37,0xb5,0x97,0xb5,0x98,0xbd,0x97,0xb5,
    0x97,0xbd,0x77,0xbd,0x96,0xbd,0x77,0xbd,0xb8,0xc5,0x77,0xbd,0x15,0xb5,0x35,0xb5,0x14,0xb5,0xb4,0xac,0xd4,0xac,0xd3,0xb4,
    0xd4,0xac,0xf3,0xb4,0xd3,0xb4,0xb3,0xac,0xd3,0xac,0xd4,0xb4,0x14,0xb5,0xd4,0xb4,0xd3,0xb4,0xb4,0xac,0x92,0xac,0x93,0xac,
    0xd3,0xb4,0xb3,0xac,0x92,0xac,0x72,0xac,0x50,0xac,0x51,0xac,0x10,0xa4,0x51,0xa4,0x30,0xa4,0x51,0xa4,0x51,0xac,0x51,0xa4,
    0x31,0xa4,0x31,0xa4,0x31,0x9c,0x31,0x9c,0x11,0x9c,0x11,0x9c,0x32,0xa4,0x31,0xa4,0x31,0x9c,0x11,0xa4,0x52,0xa4,0x72,0xa4,
    0x51,0xa4,0x52,0xa4,0x51,0xac,0x72,0xac,0x72,0xac,0x51,0xa4,0x52,0xac,0x72,0xac,0x51,0xa4,0x52,0xac,0x51,0xa4,0x31,0xa4,
    0x10,0xa4,0x31,0xa4,0x50,0xac,0x30,0xac,0x50,0xb4,0x71,0xac,0x71,0xb4,0x91,0xb4,0x91,0xbc,0x91,0xb4,0x71,0xb4,0x50,0xac,
    0x71,0xb4,0x91,0xb4,0x71,0xac,0x71,0xb4,0x71,0xac,0x72,0xb4,0x51,0xac,0x71,0xac,0x71,0xac,0x51,0xac,0x51,0xac,0x51,0xac,
    0x72,0xac,0x92,0xac,0x92,0xac,0x52,0xa4,0x52,0xa4,0x51,0xa4,0xf0,0x93,0x32,0xa4,0x31,0x9c,0x11,0x9c,0x32,0x9c,0x52,0xa4,
    0x52,0x9c,0x73,0xa4,0x52,0xa4,0x52,0xa4,0x93,0xa4,0x31,0x9c,0x52,0xa4,0x10,0x9c,0x31,0x9c,0x72,0xac,0x92,0xa4,0xd4,0xac,
    0xd3,0xb4,0x92,0xa4,0xf4,0xb4,0x15,0xb5,0xf4,0xb4,0x15,0xb5,0xf4,0xac,0x31,0x9c,0x51,0x9c,0xd3,0xac,0x93,0xa4,0x93,0xa4,
    0x72,0xa4,0xb3,0xa4,0xf4,0xac,0x15,0xb5,0x76,0xb5,0xb7,0xc5,0x35,0xad,0x35,0xbd,0x76,0xbd,0x76,0xbd,0x56,0xbd,0x14,0xb5,
    0xf4,0xac,0xf3,0xb4,0x14,0xb5,0x14,0xbd,0xf3,0xb4,0x14,0xb5,0xd2,0xb4,0xb2,0xb4,0xb2,0xac,0xb2,0xac,0xf3,0xb4,0x71,0xa4,
    0x10,0x94,0x30,0x9c,0x10,0x9c,0x8e,0x83,0x6d,0x83,0xec,0x72,0x28,0x52,0x28,0x52,0x4a,0x5a,0xe8,0x41,0xa6,0x31,0xc7,0x39,
    0xa7,0x39,0xc7,0x39,0xa7,0x39,0xc8,0x39,0xe8,0x41,0xc8,0x39,0xc8,0x39,0xc8,0x31,0xe8,0x39,0x4a,0x42,0xb0,0x73,0xb5,0x9c,
    0x36,0xb5,0x97,0xb5,0x98,0xbd,0x97,0xbd,0x97,0xc5,0x96,0xbd,0x57,0xbd,0x97,0xc5,0x76,0xbd,0x14,0xb5,0xd4,0xb4,0x15,0xb5,
    0xd4,0xac,0xb3,0xac,0xd4,0xac,0xd4,0xb4,0xb3,0xb4,0xb3,0xac,0xd3,0xb4,0xd3,0xb4,0xd4,0xb4,0xf4,0xb4,0xf4,0xb4,0xf3,0xb4,
    0xd3,0xb4,0x93,0xac,0xd3,0xac,0xb3,0xb4,0x93,0xac,0x92,0xac,0x31,0xa4,0x30,0xa4,0x51,0xa4,0x30,0xa4,0x51,0xac,0x51,0xac,
    0x51,0xac,0x72,0xac,0x72,0xa4,0x51,0xac,0x51,0xa4,0x31,0xa4,0x52,0xa4,0x11,0xa4,0x11,0x9c,0x32,0x9c,0x52,0xa4,0x32,0x9c,
    0x52,0xa4,0x72,0xa4,0x72,0xac,0x72,0xac,0x51,0xa4,0x31,0xa4,0x72,0xac,0x72,0xa4,0x52,0xac,0x72,0xac,0x71,0xac,0x52,0xac,
    0x51,0xa4,0x72,0xac,0x51,0xac,0x10,0xa4,0x10,0xa4,0xf0,0x9b,0x50,0xac,0x51,0xac,0x71,0xac,0x71,0xb4,0x91,0xb4,0xb2,0xbc,
    0xb2,0xbc,0x71,0xac,0x30,0xac,0x30,0xac,0x71,0xb4,0x71,0xb4,0x72,0xac,0x92,0xb4,0x51,0xac,0x71,0xac,0x92,0xb4,0x71,0xac,
    0x92,0xb4,0x51,0xac,0x51,0xac,0x72,0xac,0x72,0xac,0x51,0xac,0x72,0xa4,0x92,0xac,0x72,0xac,0x52,0xa4,0x52,0xa4,0x10,0x9c,
    0x73,0xa4,0x52,0xa4,0x31,0x9c,0x52,0xa4,0x93,0xa4,0xd4,0xb4,0x15,0xb5,0x92,0xa4,0x31,0xa4,0x72,0xa4,0x52,0x9c,0x52,0xa4,
    0x31,0x9c,0x52,0xa4,0xb3,0xac,0xf4,0xb4,0x15,0xb5,0xf4,0xb4,0xd4,0xac,0x14,0xb5,0x14,0xb5,0xd3,0xac,0x15,0xb5,0xd4,0xac,
    0xb4,0xac,0xf4,0xb4,0x72,0xa4,0x72,0x9c,0x15,0xad,0xf4,0xac,0x36,0xb5,0x56,0xb5,0x97,0xbd,0x35,0xb5,0x56,0xbd,0xb7,0xbd,
    0x76,0xbd,0x35,0xbd,0x55,0xb5,0x76,0xbd,0x55,0xbd,0x35,0xb5,0xf3,0xb4,0x14,0xb5,0xf3,0xb4,0xb2,0xb4,0xd3,0xb4,0x91,0xac,
    0x71,0xa4,0x92,0xac,0xb2,0xac,0x30,0x9c,0xaf,0x8b,0xf0,0x93,0xcf,0x93,0x8e,0x83,0xae,0x8b,0x4d,0x83,0x48,0x5a,0xc7,0x41,
    0x49,0x5a,0x09,0x4a,0xc7,0x39,0xa7,0x39,0xc8,0x41,0xc7,0x39,0xc6,0x31,0xc8,0x39,0xc8,0x39,0xc7,0x39,0xa7,0x39,0xc8,0x31,
    0xc8,0x39,0x4b,0x42,0x8f,0x73,0xb4,0x9c,0x36,0xad,0x77,0xb5,0x98,0xbd,0x97,0xb5,0x76,0xbd,0x77,0xbd,0x96,0xc5,0xb7,0xc5,
    0x76,0xbd,0x56,0xbd,0x35,0xb5,0xf4,0xb4,0xd4,0xac,0xd4,0xb4,0xb3,0xac,0xd3,0xac,0xb3,0xac,0xb3,0xac,0xd4,0xac,0xb3,0xb4,
    0xd3,0xac,0xb3,0xac,0xb3,0xb4,0xb3,0xac,0xb3,0xac,0xf4,0xb4,0xb3,0xac,0x92,0xac,0xb3,0xac,0x51,0xac,0x51,0xa4,0x51,0xa4,
    0x31,0xa4,0x51,0xa4,0x52,0xa4,0x51,0xac,0x92,0xac,0x52,0xac,0x51,0xa4,0x31,0xa4,0x52,0xa4,0x51,0xac,0x52,0xa4,0x72,0xa4,
    0x52,0xa4,0x31,0xa4,0x52,0xa4,0x72,0xa4,0x72,0xac,0x72,0xac,0x93,0xac,0x72,0xac,0x52,0xa4,0x72,0xac,0x72,0xac,0x52,0xac,
    0x72,0xac,0x92,0xac,0x72,0xac,0x92,0xac,0x72,0xb4,0x51,0xac,0x51,0xa4,0x31,0xa4,0x10,0xa4,0x30,0xa4,0x71,0xac,0x71,0xb4,
    0x72,0xb4,0x71,0xb4,0x92,0xb4,0xd2,0xbc,0xd2,0xbc,0x71,0xb4,0x71,0xb4,0x71,0xac,0x71,0xac,0x51,0xac,0x30,0xa4,0x30,0xac,
    0x71,0xac,0x50,0xac,0x72,0xac,0x72,0xac,0x72,0xb4,0x92,0xac,0x92,0xb4,0x71,0xac,0x92,0xac,0x72,0xac,0x71,0xac,0x93,0xb4,
    0x92,0xac,0x93,0xa4,0x72,0xac,0x93,0xac,0x72,0xa4,0x93,0xa4,0x93,0xa4,0x72,0xa4,0xb4,0xac,0x72,0xa4,0x52,0xa4,0xb4,0xac,
    0x93,0xa4,0x92,0xa4,0x73,0xa4,0x52,0x9c,0x31,0x9c,0x52,0x9c,0x73,0xac,0x72,0xa4,0xd4,0xac,0xd3,0xac,0xb3,0xb4,0x92,0xac,
    0x14,0xb5,0xd4,0xb4,0xb2,0xac,0x15,0xb5,0xf4,0xac,0xb3,0xa4,0xb4,0xac,0x93,0xa4,0xd3,0xac,0x36,0xb5,0x35,0xb5,0x35,0xb5,
    0x14,0xad,0x36,0xb5,0x97,0xbd,0x76,0xbd,0xb7,0xbd,0x96,0xbd,0x56,0xb5,0x55,0xbd,0xf4,0xac,0xf3,0xb4,0x34,0xbd,0x34,0xbd,
    0xf3,0xb4,0xd2,0xac,0xb2,0xac,0x71,0xac,0x50,0xa4,0x92,0xac,0x92,0xa4,0x30,0x9c,0x6d,0x83,0xce,0x93,0xcf,0x8b,0x6d,0x7b,
    0xae,0x8b,0xae,0x8b,0x8a,0x62,0xc7,0x41,0x29,0x52,0x28,0x52,0xa7,0x41,0xc7,0x39,0xc7,0x39,0xa7,0x39,0xc7,0x39,0xa7,0x39,
    0xc8,0x39,0xc7,0x39,0xa6,0x31,0xc7,0x39,0xa7,0x31,0x4a,0x42,0x90,0x73,0xb4,0x9c,0x16,0xad,0x77,0xb5,0x97,0xbd,0x98,0xb5,
    0x76,0xbd,0x97,0xbd,0x76,0xbd,0x77,0xbd,0x76,0xc5,0x56,0xbd,0x14,0xb5,0xf4,0xb4,0xf4,0xb4,0xd4,0xac,0xb3,0xac,0x94,0xac,
    0x73,0xa4,0xb3,0xac,0xd4,0xac,0xd4,0xac,0xf4,0xb4,0xd4,0xac,0xb3,0xac,0xd4,0xac,0xd4,0xb4,0xb3,0xac,0x93,0xac,0x93,0xac,
    0x72,0xac,0x51,0xa4,0x72,0xac,0x72,0xac,0x51,0xac,0x72,0xac,0x51,0xac,0x72,0xac,0x72,0xa4,0x51,0xa4,0x71,0xac,0x52,0xa4,
    0x52,0xa4,0x72,0xac,0x72,0xa4,0x52,0xac,0x72,0xa4,0x52,0xa4,0x92,0xac,0x72,0xac,0x73,0xac,0x72,0xac,0x72,0xac,0x92,0xac,
    0x72,0xac,0x52,0xa4,0x72,0xac,0x92,0xac,0x92,0xac,0x93,0xac,0x92,0xb4,0x93,0xac,0x92,0xac,0x92,0xac,0x72,0xac,0x71,0xac,
    0x31,0xa4,0x10,0xa4,0x10,0xa4,0x51,0xac,0x71,0xac,0x71,0xb4,0x92,0xb4,0xb2,0xb4,0x92,0xb4,0x71,0xb4,0x71,0xb4,0x71,0xb4,
    0x92,0xb4,0x31,0xac,0x71,0xb4,0x51,0xac,0x71,0xac,0x51,0xac,0x51,0xac,0x30,0xac,0x91,0xac,0x92,0xb4,0x92,0xb4,0xb3,0xb4,
    0x92,0xac,0x93,0xb4,0x92,0xac,0xb3,0xac,0x72,0xac,0x92,0xac,0x93,0xac,0x93,0xa4,0x92,0xac,0x52,0xa4,0x52,0xa4,0xf0,0x9b,
    0x11,0x9c,0x93,0xa4,0x52,0x9c,0x92,0xac,0xd4,0xac,0xd4,0xac,0x72,0xa4,0x72,0xa4,0x72,0xac,0x93,0xa4,0xb3,0xac,0xd3,0xac,
    0xb3,0xac,0x35,0xbd,0x35,0xb5,0xd4,0xac,0xd4,0xb4,0x55,0xbd,0xf4,0xac,0xd3,0xac,0xd3,0xac,0x15,0xb5,0xf4,0xac,0xb3,0xa4,
    0xd4,0xac,0xd4,0xac,0xd4,0xa4,0x15,0xb5,0x35,0xad,0x15,0xad,0x55,0xb5,0x97,0xbd,0xb7,0xc5,0x76,0xbd,0x14,0xb5,0x15,0xb5,
    0x35,0xb5,0x35,0xb5,0x76,0xbd,0x13,0xb5,0xd3,0xb4,0xf3,0xb4,0xd3,0xb4,0x91,0xac,0x50,0xa4,0x71,0xa4,0x71,0xa4,0x51,0xa4,
    0x31,0x9c,0x10,0x9c,0xaf,0x8b,0x4d,0x7b,0xaf,0x8b,0xef,0x9b,0xaa,0x6a,0xc7,0x41,0x28,0x52,0x08,0x4a,0xa7,0x39,0xc7,0x39,
    0xa7,0x39,0xc6,0x39,0xa7,0x39,0xc7,0x39,0xa7,0x39,0xc7,0x39,0xa7,0x39,0xc7,0x39,0xa7,0x39,0x2a,0x42,0x8f,0x73,0x94,0x9c,
    0x36,0xad,0x77,0xb5,0x77,0xb5,0x97,0xbd,0x77,0xbd,0x96,0xbd,0x77,0xbd,0x56,0xbd,0x35,0xb5,0x14,0xb5,0xf5,0xb4,0xd4,0xac,
    0xb4,0xac,0xb3,0xa4,0x93,0xac,0x72,0x9c,0x93,0xa4,0xb3,0xac,0xb4,0xac,0xd4,0xac,0xd4,0xac,0x93,0xac,0xb3,0xac,0xd5,0xb4,
    0xb3,0xac,0x72,0xa4,0xb3,0xac,0x92,0xac,0x52,0xa4,0x72,0xa4,0x92,0xac,0x51,0xa4,0x51,0xa4,0x72,0xac,0x72,0xa4,0x72,0xac,
    0x72,0xac,0x51,0xa4,0x52,0xa4,0x52,0xa4,0x72,0xa4,0x51,0xa4,0x52,0xa4,0x72,0xac,0x92,0xac,0x72,0xac,0x93,0xac,0x72,0xac,
    0x72,0xac,0x92,0xac,0x93,0xac,0x72,0xac,0x72,0xac,0x72,0xa4,0x93,0xac,0x72,0xac,0x72,0xac,0xb3,0xb4,0x92,0xb4,0x72,0xac,
    0x92,0xac,0x72,0xac,0x72,0xac,0x52,0xac,0x51,0xac,0x31,0xa4,0x51,0xac,0x30,0xa4,0x51,0xac,0x92,0xb4,0x91,0xb4,0x92,0xb4,
    0xb2,0xbc,0x91,0xb4,0x92,0xb4,0x50,0xac,0x50,0xac,0x71,0xac,0x71,0xb4,0x71,0xb4,0x51,0xac,0x51,0xac,0x30,0xac,0x51,0xac,
    0x72,0xb4,0x72,0xac,0x92,0xac,0x92,0xb4,0x92,0xac,0x92,0xb4,0xb3,0xac,0xb3,0xb4,0xb3,0xb4,0x51,0xa4,0x73,0xa4,0x92,0xac,
    0x31,0xa4,0x72,0xa4,0x72,0xa4,0x72,0xa4,0x31,0xa4,0x52,0xa4,0xb3,0xac,0xb3,0xa4,0x52,0xa4,0x94,0xa4,0x93,0xac,0xd4,0xb4,
    0xd3,0xac,0xb3,0xac,0xb3,0xac,0xb3,0xac,0xd4,0xb4,0xd4,0xac,0x15,0xb5,0xf4,0xb4,0xf4,0xb4,0x14,0xb5,0x35,0xbd,0xf4,0xb4,
    0x15,0xb5,0xf4,0xac,0xf4,0xb4,0xd3,0xac,0xb4,0xa4,0x93,0xa4,0x93,0xa4,0xf4,0xac,0xb8,0xbd,0x35,0xb5,0x56,0xb5,0x97,0xbd,
    0x76,0xb5,0x76,0xbd,0x56,0xb5,0x35,0xb5,0x35,0xb5,0x34,0xb5,0xf4,0xb4,0xf3,0xb4,0xd3,0xb4,0xf3,0xb4,0xd3,0xb4,0x92,0xac,
    0x71,0xa4,0x92,0xac,0xb3,0xb4,0x51,0x9c,0xf0,0x93,0xf0,0x93,0x30,0x9c,0xae,0x83,0xf0,0x93,0x0f,0x94,0xeb,0x72,0x28,0x52,
    0x29,0x5a,0xe7,0x49,0xa7,0x31,0xc6,0x41,0xc7,0x39,0xa7,0x31,0xc6,0x39,0xc7,0x31,0xa6,0x39,0xc7,0x31,0xc6,0x39,0xa7,0x31,
    0xc7,0x31,0x09,0x42,0x6f,0x6b,0xb4,0x9c,0x16,0xad,0x77,0xb5,0x97,0xbd,0x78,0xb5,0x97,0xbd,0x56,0xbd,0x76,0xbd,0x76,0xbd,
    0x36,0xbd,0x35,0xb5,0xf4,0xac,0xd4,0xac,0xd4,0xac,0xb3,0xac,0x93,0xa4,0x73,0xa4,0xb3,0xac,0xb4,0xa4,0xb3,0xac,0xd4,0xac,
    0xb3,0xac,0xb3,0xac,0xd4,0xac,0xb3,0xac,0x72,0xa4,0xb3,0xac,0xb3,0xac,0x31,0xa4,0x92,0xac,0xb3,0xac,0x92,0xac,0x73,0xa4,
    0x72,0xac,0x72,0xa4,0x72,0xac,0x72,0xac,0x72,0xac,0x52,0xa4,0x51,0xa4,0x72,0xa4,0x52,0xac,0x72,0xac,0x72,0xa4,0x92,0xac,
    0x52,0xa4,0x72,0xac,0x92,0xac,0x92,0xac,0x92,0xac,0x52,0xac,0x92,0xac,0x92,0xac,0x93,0xac,0x92,0xb4,0x92,0xb4,0xb3,0xb4,
    0x93,0xb4,0xb3,0xb4,0xb3,0xb4,0xd3,0xb4,0x92,0xb4,0x92,0xac,0x72,0xac,0x71,0xac,0x51,0xac,0x51,0xac,0x30,0xa4,0x51,0xac,
    0x91,0xb4,0x72,0xb4,0x92,0xb4,0xb1,0xb4,0xb3,0xbc,0xb2,0xb4,0xb2,0xb4,0x51,0xb4,0x71,0xac,0x30,0xac,0x71,0xac,0x92,0xb4,
    0x71,0xac,0x91,0xb4,0x92,0xac,0x92,0xb4,0x91,0xac,0x71,0xac,0x92,0xb4,0xb2,0xb4,0xb3,0xb4,0xd3,0xb4,0xd3,0xb4,0xb2,0xb4,
    0x72,0xac,0x93,0xac,0x93,0xac,0xb3,0xac,0xb4,0xac,0x72,0xa4,0x72,0xac,0x93,0xac,0x51,0x9c,0x32,0x9c,0x93,0xac,0x52,0xa4,
    0x73,0xa4,0x31,0x9c,0x93,0xac,0x14,0xb5,0xd4,0xb4,0x93,0xac,0xb3,0xac,0xf4,0xb4,0xd4,0xac,0x92,0xac,0x93,0xac,0xf4,0xac,
    0x14,0xb5,0xf5,0xb4,0x35,0xb5,0x14,0xb5,0xf4,0xb4,0xf4,0xb4,0xd4,0xac,0xb3,0xa4,0xb3,0xa4,0x52,0x9c,0x15,0xad,0x72,0x9c,
    0xd4,0xa4,0x77,0xb5,0x35,0xb5,0x56,0xb5,0x76,0xbd,0x35,0xb5,0x15,0xad,0x35,0xb5,0x55,0xbd,0x35,0xb5,0xf4,0xb4,0xd3,0xac,
    0xd3,0xac,0xb2,0xac,0xb2,0xac,0x92,0xac,0x51,0xa4,0x71,0xac,0x92,0xac,0x71,0xa4,0x8e,0x8b,0x8e,0x83,0x71,0xa4,0x10,0x94,
    0xf0,0x93,0xef,0x9b,0x2c,0x7b,0x8a,0x62,0x89,0x62,0xe7,0x49,0xa7,0x31,0xc7,0x39,0xa6,0x39,0xc7,0x39,0xa7,0x31,0xc7,0x39,
    0xc7,0x39,0xa7,0x39,0xc7,0x39,0xc7,0x39,0xa6,0x39,0x09,0x3a,0x70,0x73,0xb4,0x9c,0x36,0xad,0x77,0xb5,0x77,0xb5,0x97,0xbd,
    0x97,0xbd,0x96,0xbd,0x76,0xbd,0x56,0xbd,0x15,0xb5,0xf4,0xb4,0xf5,0xac,0xd4,0xac,0xb4,0xac,0x93,0xa4,0x73,0xa4,0x93,0xa4,
    0xd4,0xac,0xb4,0xa4,0xb3,0xac,0xd4,0xac,0xb3,0xac,0xd4,0xac,0xd4,0xac,0x92,0xac,0x93,0xac,0xb4,0xac,0x92,0xac,0x71,0xa4,
    0xb3,0xb4,0x93,0xac,0x73,0xac,0x92,0xac,0x93,0xac,0x72,0xac,0x93,0xac,0x72,0xac,0x72,0xa4,0x51,0xa4,0x52,0xa4,0x51,0xa4,
    0x72,0xac,0xb3,0xb4,0x92,0xac,0x92,0xac,0x72,0xac,0x93,0xac,0x92,0xac,0x92,0xb4,0x93,0xac,0x92,0xac,0x93,0xb4,0x92,0xac,
    0xb3,0xb4,0xb3,0xb4,0x93,0xac,0x93,0xb4,0xd3,0xb4,0xb2,0xb4,0xb2,0xb4,0xb3,0xb4,0xd3,0xb4,0x92,0xb4,0x72,0xac,0x72,0xac,
    0x71,0xac,0x71,0xac,0x92,0xb4,0x92,0xb4,0x92,0xb4,0xb2,0xb4,0xb2,0xbc,0xb2,0xb4,0xd3,0xbc,0xd3,0xbc,0x91,0xb4,0x72,0xac,
    0x91,0xb4,0xb2,0xb4,0xb2,0xb4,0xb2,0xb4,0x92,0xb4,0x92,0xb4,0x92,0xb4,0xb2,0xb4,0xd3,0xbc,0xd3,0xbc,0xd3,0xbc,0xb3,0xb4,
    0xd3,0xb4,0xb2,0xbc,0xb3,0xb4,0xb3,0xb4,0x71,0xac,0x11,0x9c,0x31,0xa4,0x72,0xa4,0x52,0xa4,0x73,0xa4,0x72,0xac,0x93,0xac,
    0x73,0xac,0x51,0xa4,0x31,0x9c,0x73,0xa4,0x51,0xa4,0x92,0xa4,0x11,0x9c,0x93,0xa4,0x92,0xac,0x93,0xac,0x52,0xa4,0x92,0xa4,
    0x51,0xa4,0x72,0x9c,0x93,0xac,0x51,0xa4,0x72,0xa4,0x72,0xa4,0xd4,0xac,0x35,0xb5,0xf4,0xac,0x14,0xad,0xb3,0xac,0xd4,0xac,
    0xd4,0xac,0x93,0xa4,0x93,0x9c,0x93,0xa4,0xf0,0x8b,0xb3,0xa4,0xf5,0xac,0x97,0xb5,0x35,0xad,0x15,0xad,0x15,0xb5,0x35,0xb5,
    0x15,0xad,0x35,0xb5,0x14,0xb5,0x14,0xb5,0xd3,0xac,0xb2,0xac,0xd3,0xac,0xb2,0xb4,0x71,0xa4,0x71,0xa4,0xd3,0xb4,0x91,0xac,
    0x0f,0x94,0xcf,0x93,0x30,0x9c,0x10,0x94,0xcf,0x8b,0xce,0x93,0x4c,0x83,0xeb,0x72,0x8a,0x62,0x08,0x52,0xc6,0x39,0xa7,0x31,
    0xc7,0x39,0xc6,0x31,0xa7,0x39,0xc6,0x39,0xa7,0x31,0xc6,0x39,0xa7,0x31,0xc6,0x39,0xa7,0x31,0x08,0x3a,0x6f,0x73,0xb4,0x9c,
    0x36,0xb5,0x57,0xb5,0x77,0xb5,0x97,0xb5,0x97,0xc5,0x77,0xbd,0x56,0xb5,0x35,0xb5,0x15,0xb5,0xf4,0xac,0xf5,0xac,0xb3,0xac,
    0xb4,0xa4,0xb3,0xa4,0xb4,0xa4,0xb4,0xa4,0xb4,0xa4,0xb3,0xa4,0x94,0xa4,0xb3,0xac,0xb4,0xa4,0x93,0xa4,0xb4,0xac,0xb4,0xac,
    0xb3,0xac,0x93,0xa4,0x93,0xac,0xb3,0xac,0xb3,0xac,0x72,0xa4,0x72,0xa4,0x52,0xa4,0x72,0xac,0x72,0xac,0x92,0xac,0x72,0xac,
    0x72,0xac,0x72,0xac,0x92,0xac,0x72,0xac,0x72,0xac,0x72,0xac,0x72,0xac,0x72,0xac,0x51,0xac,0x71,0xac,0x52,0xac,0x72,0xac,
    0xb2,0xb4,0x93,0xb4,0x92,0xac,0x72,0xac,0xb3,0xb4,0xb2,0xb4,0xb3,0xb4,0x92,0xac,0x92,0xb4,0xb3,0xb4,0x92,0xac,0xb2,0xb4,
    0x93,0xb4,0xb3,0xb4,0x92,0xb4,0x91,0xac,0x92,0xb4,0x92,0xb4,0xb2,0xb4,0x92,0xb4,0x91,0xb4,0xb2,0xb4,0xb3,0xb4,0xb2,0xbc,
    0xb2,0xb4,0xd2,0xbc,0x92,0xb4,0x72,0xac,0x92,0xb4,0xb2,0xbc,0x92,0xb4,0x91,0xb4,0xd3,0xbc,0xd3,0xb4,0xb3,0xb4,0x92,0xb4,
    0xb2,0xb4,0xb3,0xb4,0xd3,0xb4,0xd3,0xbc,0xb3,0xb4,0xd3,0xb4,0x92,0xb4,0x72,0xac,0xb3,0xac,0x51,0xa4,0x52,0xa4,0x72,0xac,
    0x92,0xac,0x92,0xac,0x72,0xac,0x52,0xa4,0x72,0xa4,0x72,0xac,0x52,0xa4,0x51,0xa4,0x52,0xa4,0x31,0xa4,0x92,0xac,0x10,0x9c,
    0xb3,0xac,0x72,0xa4,0x92,0xa4,0x11,0x9c,0x52,0xa4,0x93,0xa4,0xb3,0xa4,0x73,0xa4,0x51,0x9c,0x31,0x9c,0x52,0x9c,0x93,0xa4,
    0x72,0xa4,0xb4,0xa4,0xd4,0xa4,0x72,0xa4,0x72,0x94,0x93,0x9c,0x72,0x9c,0xb3,0xa4,0xf4,0xa4,0x93,0xa4,0xb3,0x9c,0xd4,0xa4,
    0xd4,0xac,0xf4,0xac,0x15,0xad,0x35,0xb5,0x35,0xb5,0x35,0xb5,0xf3,0xb4,0xf3,0xb4,0xf3,0xb4,0xb3,0xac,0x92,0xac,0x92,0xa4,
    0xb2,0xac,0x92,0xac,0xb2,0xac,0xb2,0xac,0x51,0xa4,0xae,0x8b,0xce,0x93,0xcf,0x93,0xaf,0x93,0x8d,0x83,0x0c,0x73,0xeb,0x72,
    0xaa,0x6a,0xe7,0x51,0xc7,0x41,0xc7,0x39,0xa6,0x39,0xc7,0x39,0xa7,0x39,0xc7,0x31,0xc6,0x39,0xa7,0x39,0xc7,0x39,0xa7,0x31,
    0xa7,0x39,0x09,0x42,0x6f,0x73,0xb4,0x9c,0x36,0xb5,0x77,0xb5,0x77,0xb5,0x77,0xbd,0x56,0xb5,0x56,0xbd,0x56,0xb5,0x35,0xb5,
    0x15,0xb5,0xd5,0xac,0xd4,0xac,0xd4,0xac,0xd4,0xac,0xb4,0xa4,0xb4,0xac,0xd4,0xa4,0xb4,0xac,0x93,0xa4,0x93,0xa4,0x93,0xa4,
    0x93,0xa4,0x94,0xac,0x93,0xa4,0xb3,0xac,0x93,0xa4,0x93,0xac,0x93,0xac,0x93,0xac,0x73,0xa4,0xb3,0xac,0x72,0xac,0x72,0xac,
    0x72,0xac,0x72,0xa4,0x72,0xac,0x71,0xa4,0x72,0xac,0x31,0xa4,0x72,0xac,0x92,0xac,0x92,0xac,0x72,0xac,0x72,0xac,0x72,0xac,
    0x72,0xa4,0x52,0xac,0x92,0xac,0x92,0xac,0x92,0xb4,0x92,0xac,0x92,0xac,0x93,0xac,0xb3,0xb4,0x93,0xb4,0xb3,0xb4,0xb3,0xb4,
    0xb3,0xac,0x92,0xb4,0xb3,0xb4,0xb3,0xb4,0xb2,0xb4,0xb2,0xb4,0xb3,0xb4,0x92,0xb4,0x92,0xac,0x92,0xb4,0x92,0xb4,0x92,0xac,
    0x92,0xb4,0xb2,0xb4,0xb2,0xbc,0xd3,0xbc,0xf4,0xbc,0xd2,0xbc,0x71,0xb4,0x71,0xb4,0xb2,0xb4,0xb2,0xbc,0xd2,0xbc,0xb3,0xb4,
    0xb2,0xb4,0xd3,0xbc,0xb2,0xb4,0xb2,0xb4,0x92,0xb4,0xb2,0xbc,0xb2,0xb4,0xb2,0xb4,0xb2,0xb4,0xb2,0xb4,0xb2,0xb4,0x92,0xac,
    0x31,0xa4,0x93,0xac,0x72,0xac,0x31,0xa4,0xb3,0xac,0x15,0xbd,0xd3,0xb4,0x72,0xac,0x72,0xac,0x30,0xa4,0x31,0xa4,0x30,0xa4,
    0x52,0xa4,0x93,0xac,0x73,0xa4,0x72,0xa4,0xb3,0xb4,0x72,0xa4,0xf0,0x9b,0xb3,0xac,0x72,0xac,0x31,0x9c,0x31,0x9c,0x51,0xa4,
    0x52,0xa4,0x72,0xa4,0x51,0xa4,0x72,0xa4,0x72,0x9c,0xd4,0xac,0x72,0x9c,0x93,0xa4,0x11,0x94,0xf0,0x8b,0x11,0x8c,0x73,0x9c,
    0x93,0x9c,0x52,0x9c,0xf0,0x8b,0x73,0x9c,0x15,0xad,0x15,0xad,0x55,0xb5,0x35,0xb5,0x35,0xb5,0x14,0xb5,0xd3,0xac,0x14,0xb5,
    0xd3,0xb4,0x92,0xa4,0xd2,0xac,0xb2,0xac,0x92,0xac,0x71,0xa4,0x71,0xac,0x71,0xac,0x71,0xac,0xae,0x93,0x8e,0x83,0x6d,0x83,
    0x6d,0x7b,0x4d,0x83,0xca,0x6a,0xcb,0x72,0xa9,0x62,0xe7,0x49,0xa7,0x41,0xc7,0x41,0xa7,0x39,0xc6,0x31,0xc7,0x39,0xa6,0x39,
    0xc7,0x31,0xa7,0x39,0xc6,0x31,0xc7,0x39,0xc8,0x39,0x6b,0x42,0xb0,0x7b,0xb5,0x9c,0x36,0xad,0x57,0xb5,0x57,0xb5,0x77,0xb5,
    0x35,0xb5,0x35,0xb5,0x56,0xbd,0x56,0xb5,0x35,0xb5,0xf5,0xac,0xd4,0xac,0xd4,0xac,0xd5,0xa4,0xd4,0xac,0xb4,0xa4,0xb4,0xa4,
    0xb4,0xa4,0xb3,0xa4,0x94,0xa4,0xb4,0xac,0x94,0xa4,0x93,0xa4,0xb4,0xa4,0x93,0xac,0x93,0xa4,0xb3,0xac,0xd4,0xac,0x93,0xac,
    0x93,0xa4,0x93,0xac,0x92,0xac,0x72,0xa4,0x51,0xa4,0x51,0xa4,0x52,0xa4,0x72,0xac,0x51,0xa4,0x72,0xac,0x51,0xac,0x71,0xac,
    0x72,0xac,0x92,0xb4,0x92,0xac,0x92,0xac,0x92,0xb4,0x92,0xac,0x72,0xac,0x92,0xac,0x92,0xac,0x93,0xb4,0x72,0xac,0x92,0xb4,
    0xb3,0xb4,0x92,0xac,0xb3,0xb4,0xb3,0xb4,0xd4,0xb4,0xb3,0xb4,0xb3,0xb4,0xb2,0xb4,0xb3,0xb4,0xb3,0xbc,0xb2,0xb4,0x92,0xb4,
    0x72,0xac,0x71,0xb4,0x91,0xb4,0x92,0xb4,0xb2,0xb4,0x92,0xb4,0x92,0xb4,0xb2,0xbc,0xd2,0xbc,0xd3,0xbc,0xd3,0xbc,0xb2,0xbc,
    0xb2,0xbc,0xd2,0xbc,0xf3,0xbc,0xd3,0xbc,0xb2,0xbc,0xb2,0xb4,0xb3,0xb4,0xb2,0xbc,0xb3,0xb4,0xb2,0xb4,0xd4,0xbc,0xf3,0xbc,
    0xd3,0xbc,0xd3,0xbc,0xb3,0xb4,0x72,0xac,0x11,0x9c,0x51,0xac,0xb3,0xac,0x92,0xac,0x51,0xac,0x31,0xa4,0xb2,0xb4,0x72,0xac,
    0x92,0xac,0x31,0xa4,0x51,0xa4,0x72,0xa4,0x30,0xa4,0x51,0xa4,0x71,0xac,0x51,0xa4,0xf0,0x9b,0x51,0xa4,0x71,0xa4,0x31,0xa4,
    0x51,0xa4,0x72,0xa4,0x72,0xac,0x72,0xa4,0x93,0xa4,0x72,0xa4,0x72,0x9c,0x72,0xa4,0x10,0x94,0x31,0x9c,0x52,0x9c,0x52,0x94,
    0x32,0x9c,0x52,0x94,0x31,0x94,0xaf,0x83,0xd0,0x83,0x32,0x94,0xd0,0x8b,0x52,0x9c,0x93,0xa4,0xd3,0xa4,0xd4,0xac,0x15,0xb5,
    0x14,0xb5,0x15,0xb5,0xf3,0xac,0xd3,0xac,0x14,0xbd,0xd2,0xb4,0xb2,0xac,0x72,0xa4,0x51,0xa4,0x0f,0x9c,0x30,0x9c,0x50,0xa4,
    0x10,0x9c,0xce,0x93,0x6d,0x83,0xec,0x72,0x0c,0x73,0xeb,0x72,0x89,0x62,0xaa,0x6a,0x69,0x62,0xe7,0x49,0xa6,0x39,0xc7,0x41,
    0xc7,0x39,0xa7,0x39,0xc6,0x39,0xa7,0x31,0xc7,0x39,0xc6,0x39,0xa7,0x39,0xc7,0x31,0xc8,0x39,0x6b,0x4a,0xd1,0x7b,0xd4,0x9c,
    0x36,0xb5,0x57,0xb5,0x77,0xb5,0x77,0xb5,0x56,0xb5,0x35,0xb5,0x36,0xb5,0x35,0xb5,0xf5,0xac,0xd4,0xac,0xf4,0xac,0xf5,0xac,
    0xb4,0xa4,0xb3,0xa4,0xd4,0xac,0xf4,0xac,0xb4,0xa4,0x73,0x9c,0xb4,0xa4,0x93,0xa4,0xb3,0xa4,0x93,0xa4,0x93,0xac,0x94,0xa4,
    0xb3,0xac,0x94,0xa4,0xb3,0xac,0xb3,0xac,0x93,0xac,0x72,0xa4,0x72,0xa4,0x72,0xa4,0x73,0xac,0x72,0xa4,0x52,0xac,0x72,0xac,
    0x72,0xac,0x72,0xa4,0x52,0xac,0x52,0xa4,0x51,0xac,0x72,0xac,0x92,0xb4,0xb2,0xb4,0x72,0xac,0x92,0xac,0x92,0xb4,0x72,0xac,
    0x51,0xac,0x72,0xac,0xb2,0xac,0x92,0xb4,0x92,0xac,0x72,0xac,0x92,0xb4,0xb3,0xb4,0xb2,0xb4,0xd4,0xbc,0xf3,0xbc,0xd3,0xbc,
    0xb3,0xb4,0xb2,0xb4,0xb3,0xb4,0x92,0xb4,0x92,0xac,0x92,0xb4,0x92,0xb4,0xd2,0xbc,0xb3,0xb4,0xb2,0xb4,0xb2,0xb4,0xb2,0xbc,
    0xb2,0xbc,0xd3,0xbc,0xf3,0xbc,0xb3,0xb4,0xd3,0xbc,0xd3,0xbc,0xd3,0xbc,0xd3,0xbc,0xd2,0xb4,0xb3,0xbc,0xb2,0xb4,0xb3,0xb4,
    0xb2,0xb4,0xb3,0xbc,0xb2,0xb4,0xd3,0xbc,0xd3,0xb4,0xd3,0xbc,0xd3,0xb4,0xb3,0xb4,0xb2,0xb4,0x92,0xac,0x93,0xb4,0x92,0xac,
    0x72,0xac,0x10,0x9c,0x92,0xac,0x92,0xac,0x71,0xac,0x72,0xa4,0x72,0xac,0x93,0xb4,0x92,0xac,0x72,0xac,0x51,0xac,0x51,0xa4,
    0x51,0xa4,0x31,0xa4,0x31,0xa4,0x51,0xa4,0x30,0xa4,0x10,0x9c,0x31,0x9c,0x72,0xa4,0x92,0xac,0x92,0xa4,0x51,0xa4,0x31,0x9c,
    0xb3,0xac,0x52,0x9c,0x93,0xa4,0x72,0x9c,0x52,0x9c,0x31,0x94,0x32,0x94,0x11,0x94,0xd0,0x8b,0x31,0x94,0xd0,0x8b,0x10,0x94,
    0xf1,0x8b,0x31,0x9c,0x93,0xa4,0xb3,0xa4,0x72,0x9c,0xd3,0xac,0xd3,0xb4,0x92,0xac,0xb2,0xac,0xd3,0xac,0xb2,0xac,0xef,0x93,
    0x10,0x9c,0xef,0x93,0xae,0x8b,0x30,0xa4,0x0f,0x9c,0x6d,0x8b,0x2c,0x7b,0xca,0x6a,0xeb,0x72,0xcb,0x6a,0x48,0x62,0x69,0x5a,
    0x49,0x5a,0xc7,0x41,0xc7,0x39,0xc7,0x41,0xa6,0x39,0xc7,0x39,0xa7,0x31,0xc7,0x39,0xa6,0x39,0xc7,0x31,0xa7,0x39,0xc6,0x39,
    0xa8,0x31,0x6a,0x4a,0xb0,0x73,0xb5,0xa4,0x16,0xad,0x57,0xb5,0x57,0xb5,0x77,0xb5,0x36,0xb5,0x35,0xb5,0x15,0xb5,0xf4,0xac,
    0xd4,0xac,0x15,0xad,0xf5,0xac,0xd4,0xa4,0xd4,0xac,0xf5,0xac,0xd5,0xac,0xd5,0xa4,0xb4,0xa4,0x73,0x9c,0xb4,0xa4,0x94,0xa4,
    0x73,0x9c,0x94,0xa4,0xb4,0xac,0xb4,0xa4,0xb3,0xac,0xd4,0xb4,0xd4,0xac,0xb4,0xac,0x72,0xa4,0x73,0xac,0x93,0xac,0x72,0xac,
    0x72,0xa4,0x72,0xac,0x72,0xa4,0x72,0xac,0x92,0xac,0x52,0xac,0x51,0xa4,0x51,0xac,0x92,0xac,0x92,0xac,0x92,0xac,0x92,0xb4,
    0x71,0xac,0x71,0xb4,0x71,0xac,0x72,0xb4,0x92,0xac,0x92,0xac,0xb2,0xb4,0xb3,0xb4,0xb2,0xb4,0x93,0xb4,0xd3,0xb4,0xf3,0xbc,
    0xd4,0xb4,0xd3,0xbc,0xd3,0xb4,0xb3,0xb4,0xd3,0xb4,0xb3,0xb4,0xb3,0xb4,0xd3,0xb4,0xb2,0xb4,0x92,0xb4,0x92,0xb4,0xb3,0xb4,
    0x92,0xb4,0x92,0xbc,0xd3,0xbc,0xd3,0xbc,0xd2,0xbc,0xb3,0xb4,0xb2,0xbc,0xd3,0xbc,0xf3,0xbc,0xd2,0xbc,0xd3,0xbc,0xd2,0xbc,
    0xf3,0xbc,0xf3,0xbc,0xb3,0xb4,0xd3,0xbc,0xd3,0xbc,0xd3,0xbc,0x14,0xbd,0xf3,0xbc,0xd3,0xbc,0xd3,0xb4,0xd3,0xbc,0xb3,0xb4,
    0xb3,0xb4,0xb2,0xb4,0xb3,0xb4,0xd3,0xb4,0xb3,0xac,0x52,0xa4,0x93,0xac,0x92,0xb4,0x93,0xac,0x51,0xa4,0x93,0xac,0xb3,0xb4,
    0xb3,0xac,0x30,0xa4,0x31,0xa4,0x30,0xa4,0x51,0xac,0x30,0xa4,0x10,0x9c,0x10,0xa4,0x31,0xa4,0x51,0xa4,0x30,0xa4,0x31,0xa4,
    0x51,0x9c,0x52,0xa4,0xef,0x93,0x11,0x9c,0x31,0x9c,0x11,0x94,0xd0,0x8b,0x11,0x94,0x51,0x9c,0xf0,0x93,0xd0,0x8b,0x32,0x9c,
    0xf0,0x8b,0x52,0x9c,0x52,0x9c,0x6e,0x7b,0xf1,0x8b,0x71,0x9c,0x52,0x9c,0x92,0xa4,0x51,0xa4,0x30,0x9c,0x72,0xa4,0x72,0xa4,
    0x51,0xa4,0x71,0xa4,0x92,0xac,0xce,0x93,0x2c,0x7b,0xef,0x9b,0x8d,0x8b,0x8e,0x8b,0xef,0x93,0x6d,0x83,0x2c,0x7b,0xab,0x6a,
    0xcb,0x6a,0xca,0x6a,0x89,0x62,0x8a,0x6a,0x89,0x62,0xc7,0x41,0xa6,0x31,0xc7,0x41,0xc7,0x41,0xc6,0x31,0xc7,0x39,0xa6,0x39,
    0xc7,0x31,0xc7,0x39,0xa6,0x39,0xc7,0x31,0xa7,0x39,0x4a,0x42,0x90,0x73,0xb4,0x9c,0x36,0xad,0x56,0xad,0x57,0xb5,0x77,0xb5,
    0x15,0xb5,0xf5,0xac,0xf4,0xac,0xf5,0xac,0xf4,0xac,0x15,0xad,0xd4,0xac,0xd4,0xa4,0xf5,0xac,0x15,0xb5,0x15,0xad,0xf5,0xac,
    0xb4,0xa4,0xb4,0xa4,0xb4,0xa4,0x93,0xa4,0x94,0xa4,0x93,0xa4,0x93,0xa4,0xb4,0xac,0xb4,0xac,0xd4,0xac,0xb4,0xac,0x92,0xac,
    0x51,0xa4,0x72,0xa4,0x72,0xac,0x72,0xac,0x93,0xac,0xb3,0xac,0x72,0xac,0x71,0xac,0x92,0xb4,0x72,0xac,0x71,0xac,0x72,0xac,
    0x92,0xac,0x92,0xb4,0x71,0xac,0x92,0xb4,0x72,0xac,0x71,0xac,0x92,0xac,0x92,0xac,0x92,0xb4,0xb2,0xb4,0xb3,0xb4,0xb2,0xb4,
    0x92,0xb4,0xb3,0xb4,0xf3,0xbc,0xf3,0xbc,0xf4,0xbc,0xd2,0xb4,0xd3,0xbc,0xf3,0xbc,0xb3,0xb4,0xd3,0xb4,0xb3,0xb4,0xb2,0xb4,
    0x92,0xb4,0x93,0xac,0x92,0xac,0x92,0xb4,0xb2,0xb4,0xd3,0xbc,0x14,0xbd,0xd3,0xbc,0xd3,0xbc,0xd3,0xbc,0xd2,0xb4,0xd3,0xbc,
    0xf3,0xbc,0xf3,0xbc,0xf3,0xbc,0xf3,0xbc,0xd3,0xbc,0xd3,0xb4,0xd3,0xbc,0xb2,0xb4,0xd4,0xb4,0xd3,0xbc,0x14,0xbd,0xf3,0xbc,
    0xf4,0xbc,0xd3,0xbc,0xd3,0xb4,0xd3,0xbc,0xb3,0xb4,0xb2,0xb4,0x92,0xac,0xb3,0xb4,0xd4,0xb4,0x93,0xac,0x92,0xac,0x52,0xa4,
    0x72,0xac,0x72,0xac,0x51,0xa4,0x51,0xac,0x72,0xac,0x92,0xac,0x71,0xac,0x72,0xac,0x30,0xa4,0x51,0xac,0x51,0xa4,0x31,0xa4,
    0x71,0xac,0x52,0xa4,0x10,0x9c,0x10,0x9c,0xae,0x93,0xd0,0x93,0x51,0xa4,0x10,0x9c,0xaf,0x93,0xae,0x8b,0xf0,0x93,0x10,0x94,
    0xf0,0x93,0x32,0x9c,0x31,0x94,0xf0,0x8b,0x11,0x94,0xd0,0x8b,0x31,0x94,0x52,0x9c,0x6d,0x83,0xf0,0x93,0x92,0xa4,0x72,0x9c,
    0x72,0xa4,0x51,0x9c,0x31,0xa4,0x71,0xa4,0x71,0xa4,0x30,0xa4,0x30,0xa4,0xef,0x93,0x6d,0x8b,0x6d,0x83,0x8d,0x8b,0x4c,0x83,
    0xef,0x9b,0xcf,0x93,0x2c,0x7b,0xaa,0x6a,0x8a,0x62,0x8a,0x62,0x89,0x62,0x6a,0x62,0x69,0x62,0xc7,0x41,0xc7,0x39,0xc7,0x49,
    0xe7,0x49,0xa7,0x39,0xc6,0x31,0xa7,0x39,0xc7,0x39,0xa6,0x39,0xc7,0x31,0xc7,0x39,0xa7,0x31,0x4a,0x42,0x90,0x7b,0xb4,0x9c,
    0x16,0xad,0x56,0xb5,0x57,0xb5,0x77,0xb5,0x15,0xad,0xf4,0xac,0xd4,0xa4,0xd4,0xac,0xf5,0xac,0xd4,0xa4,0xb4,0xa4,0xd4,0xac,
    0xd4,0xa4,0xf5,0xac,0xf5,0xb4,0xf5,0xac,0x93,0xa4,0x93,0xa4,0x73,0x9c,0x73,0x9c,0x93,0x9c,0x73,0xa4,0xb4,0xac,0xd4,0xac,
    0xb4,0xac,0x72,0xa4,0x93,0xac,0x72,0xac,0x72,0xa4,0x31,0xa4,0x31,0xa4,0x92,0xac,0x92,0xac,0x71,0xac,0x72,0xac,0x71,0xac,
    0x72,0xac,0x92,0xac,0x71,0xac,0x72,0xac,0x91,0xb4,0x92,0xb4,0x92,0xac,0x92,0xb4,0x71,0xac,0x93,0xb4,0x92,0xb4,0x92,0xb4,
    0xb3,0xb4,0xd3,0xbc,0xb2,0xb4,0xd3,0xbc,0xf3,0xbc,0xf3,0xb4,0xd4,0xbc,0xf3,0xbc,0xd3,0xbc,0xb3,0xbc,0xd3,0xbc,0xd3,0xb4,
    0xd3,0xbc,0xd3,0xbc,0xb2,0xb4,0x92,0xb4,0x92,0xb4,0x72,0xac,0x30,0xac,0x51,0xac,0x92,0xb4,0x92,0xb4,0xd2,0xbc,0xd3,0xbc,
    0xf3,0xbc,0xd3,0xbc,0xd3,0xbc,0xd3,0xbc,0xd3,0xbc,0xd3,0xbc,0xd2,0xbc,0xf4,0xbc,0xb2,0xbc,0xf3,0xbc,0xd3,0xbc,0xd3,0xbc,
    0x92,0xb4,0xd3,0xbc,0xd3,0xbc,0xf3,0xbc,0x14,0xbd,0x14,0xbd,0xd3,0xbc,0xd3,0xb4,0xd3,0xbc,0xb3,0xb4,0xb3,0xb4,0xb3,0xb4,
    0xb3,0xac,0xd3,0xbc,0xd3,0xb4,0x30,0xa4,0x10,0x9c,0x31,0xa4,0x51,0xac,0x30,0xa4,0x10,0xa4,0x31,0xa4,0x51,0xac,0x51,0xa4,
    0x71,0xac,0x10,0xa4,0x10,0xa4,0x51,0xa4,0x30,0xac,0x51,0xa4,0x10,0xa4,0xef,0x9b,0x31,0xa4,0x51,0xa4,0x51,0x9c,0x51,0xa4,
    0x31,0x9c,0x31,0x9c,0x72,0xa4,0xf0,0x93,0xf1,0x93,0xf0,0x93,0xcf,0x8b,0xd0,0x8b,0xf0,0x8b,0xcf,0x8b,0x10,0x9c,0xf0,0x93,
    0x11,0x9c,0xcf,0x8b,0xaf,0x8b,0xf0,0x93,0xcf,0x93,0x31,0x9c,0x30,0x9c,0xae,0x8b,0x30,0xa4,0x0f,0x9c,0x10,0x9c,0x0f,0x9c,
    0x8e,0x8b,0x8d,0x8b,0xae,0x93,0x8d,0x83,0xae,0x8b,0xae,0x93,0x0b,0x7b,0x6a,0x5a,0x69,0x5a,0x49,0x5a,0x89,0x62,0x69,0x5a,
    0x08,0x52,0xc6,0x41,0xc7,0x39,0xc7,0x41,0xc6,0x41,0xa7,0x39,0xc7,0x39,0xc7,0x31,0xa6,0x39,0xc7,0x31,0xa7,0x39,0xc7,0x39,
    0xa8,0x39,0x4a,0x4a,0xb0,0x73,0x94,0x9c,0x16,0xa5,0x36,0xad,0x57,0xb5,0x77,0xad,0x15,0xad,0x15,0xad,0x36,0xb5,0xf5,0xac,
    0xf4,0xa4,0xd4,0xac,0xf5,0xac,0x16,0xad,0xf5,0xac,0xf4,0xac,0xf4,0xac,0x73,0x9c,0x73,0x9c,0x73,0x9c,0x94,0xa4,0xb4,0xa4,
    0x93,0xa4,0x94,0xa4,0xb3,0xac,0x52,0xa4,0x72,0xa4,0x72,0xac,0x72,0xa4,0xb3,0xb4,0x72,0xac,0x52,0xa4,0x72,0xac,0x71,0xa4,
    0x51,0xac,0x51,0xac,0x51,0xa4,0x30,0xa4,0x30,0xa4,0x51,0xac,0x51,0xac,0x51,0xac,0x92,0xb4,0xb3,0xb4,0xb3,0xb4,0x92,0xb4,
    0x92,0xb4,0x92,0xb4,0x92,0xac,0xb2,0xb4,0xb2,0xbc,0xd3,0xb4,0xf3,0xbc,0xd3,0xbc,0xf4,0xbc,0xf4,0xbc,0xd3,0xbc,0xd3,0xb4,
    0xd3,0xbc,0xd3,0xb4,0xf3,0xbc,0xb3,0xb4,0xd3,0xb4,0xd2,0xbc,0x93,0xb4,0x71,0xb4,0x71,0xac,0x72,0xac,0x51,0xac,0x72,0xac,
    0xb2,0xb4,0xb2,0xb4,0xd3,0xbc,0xd2,0xbc,0xd3,0xbc,0xb2,0xb4,0xd3,0xbc,0xf3,0xbc,0xb2,0xbc,0xd2,0xbc,0xd3,0xbc,0xf3,0xbc,
    0xd3,0xbc,0xd3,0xbc,0xf3,0xbc,0xd3,0xbc,0xb2,0xbc,0xd3,0xbc,0x14,0xc5,0x35,0xc5,0x14,0xbd,0x14,0xc5,0xf3,0xbc,0xf3,0xbc,
    0x14,0xc5,0xf3,0xbc,0x92,0xb4,0xd3,0xb4,0xd3,0xb4,0xd3,0xb4,0xb3,0xb4,0x93,0xac,0x31,0xa4,0x51,0xa4,0x51,0xac,0x51,0xa4,
    0x10,0xa4,0x30,0xa4,0x10,0xa4,0xef,0xa3,0xcf,0x9b,0x10,0xa4,0xef,0x9b,0xae,0x93,0x71,0xac,0x31,0xa4,0x10,0x9c,0x10,0x9c,
    0xf0,0x93,0xef,0x9b,0xcf,0x93,0xd0,0x93,0xaf,0x93,0x4d,0x7b,0xaf,0x8b,0x32,0x9c,0xcf,0x8b,0xcf,0x8b,0xcf,0x8b,0x32,0x9c,
    0x72,0xa4,0x51,0x9c,0xf0,0x93,0xcf,0x93,0x31,0x9c,0x51,0x9c,0x8e,0x8b,0x2d,0x7b,0x8e,0x8b,0xef,0x93,0xf0,0x9b,0xef,0x93,
    0x10,0x9c,0xce,0x93,0xcf,0x93,0xee,0x9b,0xae,0x93,0xae,0x93,0x6d,0x83,0x4d,0x83,0x4c,0x83,0x4c,0x83,0x0c,0x7b,0x49,0x5a,
    0x28,0x5a,0x08,0x52,0x69,0x62,0x49,0x62,0xe7,0x41,0xa7,0x39,0xc6,0x39,0xa7,0x39,0xc7,0x39,0xa6,0x31,0xc7,0x39,0xa6,0x39,
    0xc7,0x39,0xc7,0x39,0xa6,0x39,0xc7,0x31,0xc7,0x39,0x4a,0x42,0xb0,0x7b,0xb4,0x9c,0x16,0xa5,0x36,0xb5,0x56,0xad,0x57,0xb5,
    0xd4,0xa4,0x15,0xad,0x15,0xad,0x15,0xad,0x15,0xad,0xf5,0xac,0xf5,0xac,0xd4,0xa4,0xd4,0xa4,0xf5,0xac,0xd4,0xa4,0x73,0x9c,
    0x73,0x9c,0x52,0x9c,0x93,0xa4,0x94,0xa4,0x93,0xa4,0x93,0xac,0x52,0x9c,0x52,0xa4,0x93,0xac,0x72,0xa4,0x72,0xac,0x30,0xa4,
    0x31,0x9c,0x72,0xac,0x51,0xa4,0x51,0xa4,0x51,0xa4,0x51,0xac,0x30,0xa4,0x31,0xa4,0x31,0xac,0x71,0xac,0x92,0xb4,0xb2,0xb4,
    0x92,0xac,0x91,0xb4,0x71,0xac,0x51,0xac,0x71,0xb4,0xb2,0xb4,0xb2,0xb4,0xb3,0xb4,0xd3,0xbc,0xd3,0xbc,0xf3,0xbc,0x14,0xbd,
    0xf4,0xbc,0xd3,0xb4,0xb3,0xb4,0xb3,0xb4,0xd3,0xbc,0xf4,0xb4,0xd3,0xbc,0xd4,0xb4,0xb3,0xb4,0x92,0xb4,0x92,0xb4,0x92,0xb4,
    0x72,0xac,0x71,0xac,0x72,0xac,0x51,0xac,0x92,0xb4,0xd3,0xbc,0xb3,0xb4,0xd3,0xbc,0xf4,0xbc,0xb2,0xbc,0xd3,0xbc,0xd3,0xbc,
    0xd2,0xbc,0xd3,0xbc,0xf3,0xbc,0xb2,0xbc,0xd2,0xbc,0xb3,0xbc,0xd3,0xbc,0xd3,0xbc,0xf3,0xbc,0x14,0xc5,0x14,0xc5,0x14,0xc5,
    0xf4,0xbc,0x35,0xc5,0x35,0xc5,0x35,0xc5,0x35,0xc5,0x14,0xbd,0x34,0xc5,0x35,0xc5,0xf3,0xbc,0x92,0xac,0x92,0xb4,0x71,0xac,
    0x51,0xac,0x50,0xac,0x10,0xa4,0x0f,0xa4,0x30,0xa4,0x30,0xa4,0x71,0xac,0x10,0xa4,0x30,0xa4,0xef,0x9b,0xcf,0x93,0x10,0x9c,
    0xef,0x9b,0xcf,0x93,0x8e,0x8b,0xcf,0x93,0x8e,0x8b,0xcf,0x93,0x8e,0x8b,0x8e,0x83,0x31,0x9c,0xcf,0x93,0x0c,0x73,0x4d,0x83,
    0xcf,0x8b,0xd0,0x93,0x72,0xa4,0xcf,0x8b,0x10,0x94,0x52,0x9c,0x31,0x9c,0xf0,0x93,0xaf,0x8b,0xcf,0x93,0xae,0x8b,0x8e,0x8b,
    0xcf,0x93,0xef,0x93,0xcf,0x93,0x0f,0x94,0xcf,0x93,0xae,0x8b,0xae,0x93,0xcf,0x93,0xef,0x93,0x10,0x9c,0x8d,0x8b,0x0b,0x7b,
    0x2c,0x83,0x2c,0x7b,0x2c,0x7b,0x8a,0x6a,0x07,0x52,0x28,0x52,0x48,0x5a,0x08,0x52,0xc6,0x41,0xa7,0x31,0xc7,0x39,0xa6,0x39,
    0xc7,0x39,0xc7,0x39,0xa7,0x31,0xc7,0x39,0xa7,0x31,0xc6,0x39,0xa7,0x31,0xc7,0x39,0xa7,0x31,0x2a,0x42,0xb0,0x7b,0xb4,0x9c,
    0x16,0xad,0x56,0xad,0x57,0xb5,0x57,0xb5,0x15,0xad,0x36,0xb5,0x15,0xad,0xf5,0xac,0xf5,0xa4,0xf5,0xac,0xf5,0xac,0xd4,0xa4,
    0xd4,0xac,0xb4,0xa4,0x93,0x9c,0x52,0x9c,0x73,0xa4,0x72,0x9c,0x73,0xa4,0x72,0x9c,0x52,0xa4,0x52,0xa4,0x72,0xa4,0x51,0xa4,
    0x51,0xa4,0x31,0xa4,0x31,0xa4,0x51,0xa4,0x51,0xa4,0x10,0x9c,0x31,0xa4,0x30,0xac,0x31,0xa4,0x10,0xa4,0x31,0xa4,0x30,0xa4,
    0x51,0xac,0x72,0xac,0x71,0xac,0x92,0xb4,0x92,0xb4,0x92,0xb4,0x92,0xb4,0x92,0xb4,0xb2,0xb4,0xb2,0xb4,0x92,0xb4,0xb2,0xb4,
    0xd3,0xbc,0xf3,0xbc,0xf3,0xbc,0xd3,0xbc,0xd3,0xbc,0xd3,0xbc,0xd3,0xb4,0xd3,0xbc,0xd3,0xb4,0xd3,0xbc,0xd3,0xb4,0xb3,0xbc,
    0xb2,0xb4,0x92,0xac,0x92,0xb4,0x92,0xb4,0x72,0xac,0x72,0xac,0x51,0xac,0x72,0xb4,0x91,0xb4,0xb2,0xb4,0xb2,0xb4,0xd3,0xbc,
    0xf2,0xbc,0xb2,0xbc,0xf3,0xbc,0xf3,0xbc,0xb3,0xb4,0xd2,0xbc,0xd3,0xbc,0xd3,0xbc,0xd3,0xbc,0xf3,0xbc,0xf3,0xbc,0xf3,0xc4,
    0x14,0xc5,0x34,0xc5,0x14,0xbd,0xf3,0xbc,0x14,0xc5,0x14,0xbd,0xf3,0xbc,0x34,0xc5,0x35,0xc5,0x34,0xc5,0x34,0xc5,0x55,0xc5,
    0x55,0xc5,0x14,0xbd,0xd2,0xbc,0x92,0xac,0x71,0xac,0x51,0xac,0x30,0xa4,0x30,0xa4,0x72,0xac,0x51,0xac,0x30,0xa4,0xef,0xa3,
    0x0f,0x9c,0xaf,0x93,0xae,0x93,0xaf,0x93,0x8e,0x93,0xcf,0x93,0x6d,0x8b,0x8f,0x8b,0x6d,0x8b,0xaf,0x8b,0x8f,0x8b,0x8e,0x8b,
    0x52,0x9c,0x10,0x9c,0xaf,0x8b,0xcf,0x8b,0x31,0x9c,0x31,0x9c,0xef,0x93,0x31,0x9c,0xd0,0x93,0x6d,0x83,0xaf,0x8b,0x10,0x9c,
    0xf0,0x93,0x10,0x94,0x10,0x9c,0xf0,0x93,0x6d,0x83,0x4d,0x83,0xae,0x8b,0xef,0x9b,0xae,0x93,0x8e,0x8b,0x6d,0x83,0xce,0x93,
    0x0f,0x9c,0x0f,0xa4,0xcf,0x9b,0x6d,0x8b,0xeb,0x72,0xeb,0x72,0x2b,0x7b,0x0c,0x7b,0xaa,0x6a,0x89,0x62,0x6a,0x62,0x69,0x62,
    0x28,0x52,0xc7,0x41,0xc7,0x39,0xa7,0x39,0xc6,0x39,0xa7,0x31,0xc6,0x39,0xc7,0x39,0xa6,0x39,0xc7,0x31,0xc7,0x39,0xa6,0x39,
    0xc7,0x39,0x4a,0x4a,0xd1,0x7b,0xb4,0x9c,0x16,0xad,0x36,0xad,0x57,0xb5,0x56,0xad,0x15,0xad,0x56,0xb5,0x15,0xad,0xd5,0xa4,
    0xf4,0xac,0xb4,0xa4,0xb3,0x9c,0xd4,0xac,0xd4,0xa4,0xb4,0x9c,0x52,0x9c,0x73,0x9c,0x93,0xa4,0x52,0x9c,0x52,0x9c,0x32,0x9c,
    0x32,0x9c,0x32,0x9c,0x31,0x9c,0x31,0xa4,0x31,0x9c,0x31,0xa4,0x10,0x9c,0x31,0xa4,0x30,0xa4,0x10,0xa4,0x51,0xa4,0x72,0xac,
    0x50,0xa4,0x30,0xa4,0x51,0xac,0x10,0xa4,0x51,0xac,0x71,0xac,0x71,0xac,0x71,0xb4,0x91,0xb4,0x92,0xb4,0x91,0xb4,0x92,0xb4,
    0x92,0xb4,0xd3,0xbc,0xd3,0xbc,0xb3,0xb4,0xd3,0xbc,0xb3,0xb4,0x14,0xbd,0xf3,0xbc,0xf4,0xbc,0xf4,0xbc,0xf4,0xbc,0xf4,0xbc,
    0xf4,0xbc,0xd3,0xb4,0x93,0xb4,0xd3,0xb4,0xd4,0xb4,0xb3,0xbc,0xb2,0xb4,0x71,0xb4,0x50,0xac,0x31,0xac,0x71,0xac,0x51,0xac,
    0x71,0xac,0xb3,0xbc,0x91,0xb4,0xb2,0xbc,0xd2,0xbc,0x92,0xb4,0xd2,0xbc,0x14,0xbd,0xb2,0xbc,0xb2,0xbc,0xb2,0xbc,0xb2,0xbc,
    0xf3,0xbc,0xd3,0xbc,0x34,0xc5,0x14,0xc5,0x14,0xc5,0xf3,0xc4,0x13,0xc5,0xf4,0xc4,0xf3,0xbc,0xf4,0xc4,0xf3,0xbc,0x35,0xc5,
    0x34,0xc5,0x35,0xc5,0x14,0xbd,0x55,0xc5,0x76,0xc5,0x55,0xc5,0x14,0xbd,0xd3,0xbc,0xb2,0xb4,0x71,0xac,0x71,0xac,0x50,0xac,
    0x51,0xac,0x50,0xac,0x10,0xa4,0x0f,0xa4,0xae,0x93,0xaf,0x93,0x8e,0x8b,0x8e,0x8b,0xae,0x93,0xcf,0x93,0x8e,0x8b,0x8e,0x8b,
    0x2d,0x7b,0x6d,0x8b,0xae,0x8b,0x8e,0x8b,0x2c,0x7b,0x6e,0x83,0xcf,0x93,0x31,0x9c,0x31,0x9c,0x31,0xa4,0x10,0x9c,0x10,0x9c,
    0x8e,0x8b,0x8e,0x8b,0xaf,0x8b,0xcf,0x8b,0xcf,0x93,0x8e,0x8b,0xae,0x93,0xae,0x8b,0x4d,0x83,0x6d,0x83,0x8e,0x8b,0x8d,0x8b,
    0x8e,0x8b,0x6c,0x83,0x4c,0x83,0x6d,0x8b,0xcf,0x9b,0x0f,0x9c,0x30,0xa4,0xad,0x8b,0x0c,0x7b,0xaa,0x6a,0xca,0x72,0x4c,0x83,
    0x4d,0x83,0x0b,0x7b,0xca,0x6a,0xeb,0x72,0xcb,0x72,0x89,0x62,0xe7,0x51,0xc7,0x39,0xa7,0x39,0xc6,0x39,0xa7,0x31,0xc7,0x39,
    0xa7,0x31,0xc6,0x39,0xa7,0x39,0xc7,0x39,0xa7,0x31,0x6a,0x4a,0xd1,0x7b,0xd5,0xa4,0x16,0xad,0x36,0xad,0x37,0xb5,0x57,0xb5,
    0x15,0xad,0x16,0xad,0xd4,0xa4,0xd4,0xa4,0xf5,0xa4,0x93,0xa4,0x93,0x9c,0xd5,0xa4,0xb4,0xa4,0x93,0x9c,0x73,0x9c,0x73,0x9c,
    0x32,0x9c,0x11,0x94,0x52,0x9c,0x31,0x94,0xf1,0x93,0xf0,0x93,0x31,0x9c,0x11,0x9c,0x31,0x9c,0x31,0xa4,0x31,0xa4,0x10,0x9c,
    0xef,0x9b,0x10,0xa4,0x30,0xa4,0x51,0xa4,0x10,0xa4,0x51,0xac,0x51,0xa4,0x51,0xa4,0x30,0xac,0x72,0xac,0x92,0xb4,0x92,0xb4,
    0x92,0xb4,0x92,0xb4,0x92,0xb4,0x92,0xb4,0x92,0xb4,0xd3,0xb4,0xd3,0xbc,0xd3,0xb4,0xd3,0xbc,0xd3,0xbc,0xf4,0xbc,0xf3,0xbc,
    0x14,0xc5,0xf4,0xbc,0xd3,0xb4,0xf4,0xbc,0x14,0xbd,0xd4,0xbc,0xb2,0xb4,0xb3,0xb4,0xd3,0xbc,0xb2,0xb4,0x92,0xb4,0x70,0xb4,
    0x10,0xac,0x30,0xac,0x31,0xa4,0x51,0xac,0x30,0xa4,0x71,0xac,0xd3,0xbc,0xd3,0xbc,0xb2,0xb4,0xd3,0xbc,0xd3,0xbc,0xb3,0xbc,
    0xd2,0xbc,0xb2,0xb4,0xb2,0xbc,0xd2,0xbc,0xd2,0xc4,0xd3,0xc4,0x13,0xc5,0xf3,0xc4,0x34,0xc5,0x13,0xc5,0x14,0xc5,0xf3,0xbc,
    0x14,0xbd,0xf3,0xc4,0x14,0xc5,0x55,0xc5,0x34,0xc5,0x55,0xc5,0x55,0xcd,0x34,0xc5,0x75,0xcd,0x55,0xc5,0x13,0xc5,0xf3,0xbc,
    0xb2,0xb4,0x51,0xac,0x71,0xac,0x71,0xb4,0x10,0xa4,0xce,0x9b,0xef,0xa3,0x10,0xa4,0xef,0x9b,0x8d,0x93,0x6e,0x8b,0x8e,0x8b,
    0x4d,0x8b,0x8e,0x8b,0xae,0x93,0x4d,0x83,0x4d,0x83,0x2d,0x7b,0x6e,0x83,0x8e,0x8b,0x4d,0x83,0xaf,0x93,0xcf,0x93,0xaf,0x93,
    0xcf,0x93,0x10,0x94,0x10,0x9c,0xaf,0x93,0x8e,0x83,0x8e,0x83,0xaf,0x8b,0xcf,0x8b,0xae,0x8b,0xf0,0x93,0xae,0x8b,0x6d,0x8b,
    0xae,0x8b,0x6d,0x8b,0x6d,0x83,0x6d,0x83,0x8e,0x8b,0xce,0x93,0xae,0x93,0xcf,0x93,0x0f,0x9c,0x50,0xa4,0x10,0xa4,0x8d,0x8b,
    0x2c,0x7b,0xeb,0x72,0xaa,0x6a,0x0b,0x7b,0x8d,0x8b,0x4d,0x83,0xca,0x6a,0xcb,0x6a,0xeb,0x72,0xeb,0x72,0x89,0x62,0xc7,0x41,
    0xc6,0x31,0xa7,0x39,0xc7,0x39,0xc6,0x39,0xa7,0x39,0xc7,0x31,0xc6,0x39,0xa7,0x31,0xa7,0x39,0x6a,0x4a,0xf1,0x83,0xd5,0x9c,
    0x16,0xad,0x36,0xad,0x36,0xad,0x56,0xad,0x35,0xad,0xd4,0xa4,0x93,0x9c,0xb4,0x9c,0x93,0xa4,0xb4,0xa4,0xb3,0x9c,0xd4,0xa4,
    0xb5,0xa4,0x73,0x94,0x32,0x9c,0x31,0x9c,0x31,0x94,0x11,0x94,0x11,0x9c,0xf1,0x93,0xcf,0x8b,0xf0,0x93,0x11,0x9c,0xaf,0x93,
    0x10,0x9c,0x10,0x9c,0xef,0x9b,0xcf,0x93,0x11,0xa4,0x10,0x9c,0xef,0x9b,0xef,0xa3,0x30,0xa4,0x50,0xac,0x72,0xac,0x51,0xac,
    0x51,0xac,0x50,0xac,0x71,0xb4,0x71,0xac,0xb2,0xb4,0xb2,0xb4,0xb2,0xb4,0xb2,0xb4,0xb3,0xb4,0xd3,0xb4,0xb3,0xb4,0xb3,0xb4,
    0xb2,0xb4,0xd3,0xb4,0x93,0xb4,0xb3,0xb4,0xf4,0xbc,0x14,0xbd,0xf4,0xbc,0xd3,0xbc,0xf4,0xbc,0xf3,0xbc,0xd3,0xbc,0xb3,0xb4,
    0xd3,0xbc,0xf3,0xbc,0xb2,0xbc,0x72,0xb4,0x51,0xac,0x30,0xac,0x10,0xa4,0x30,0xac,0x51,0xac,0x92,0xb4,0xd2,0xbc,0xd3,0xbc,
    0xd3,0xbc,0xf3,0xc4,0xd3,0xbc,0xd2,0xbc,0xb2,0xbc,0xd3,0xbc,0xd3,0xbc,0xb2,0xbc,0xb2,0xbc,0xd3,0xbc,0xf2,0xc4,0xf3,0xc4,
    0xb2,0xbc,0xd3,0xc4,0xf3,0xc4,0xf3,0xc4,0xb2,0xbc,0xf3,0xc4,0xf4,0xbc,0xf3,0xc4,0x14,0xc5,0x34,0xc5,0x34,0xc5,0x55,0xc5,
    0x55,0xcd,0x75,0xcd,0x14,0xbd,0xd3,0xbc,0xb2,0xb4,0x50,0xac,0x92,0xb4,0x92,0xb4,0x50,0xa4,0xef,0xa3,0x30,0xa4,0xef,0x9b,
    0xf0,0x9b,0x10,0xa4,0x8d,0x8b,0xaf,0x93,0xef,0x9b,0xae,0x93,0x4d,0x83,0x2c,0x7b,0x8f,0x8b,0xae,0x8b,0xcf,0x93,0x6e,0x8b,
    0xcf,0x93,0xef,0x9b,0x10,0x9c,0xef,0x9b,0xcf,0x93,0xef,0x93,0xcf,0x93,0xcf,0x93,0xcf,0x93,0xae,0x8b,0xaf,0x8b,0xcf,0x93,
    0x6e,0x83,0xae,0x8b,0xaf,0x8b,0xae,0x8b,0xf0,0x93,0xcf,0x93,0x8d,0x8b,0xcf,0x93,0xef,0x93,0x10,0xa4,0x30,0xa4,0x50,0xa4,
    0x10,0x9c,0x50,0xa4,0x30,0xa4,0x6d,0x83,0x2c,0x83,0x4c,0x83,0xeb,0x7a,0xeb,0x72,0x2c,0x7b,0xeb,0x7a,0xca,0x6a,0xaa,0x6a,
    0xeb,0x6a,0x4c,0x7b,0xcb,0x72,0x08,0x52,0xa7,0x39,0xc6,0x39,0xa7,0x31,0xc7,0x39,0xc6,0x31,0xa7,0x39,0xc7,0x39,0xc6,0x39,
    0xa7,0x31,0x6b,0x4a,0x11,0x84,0xd5,0xa4,0x15,0xad,0x36,0xad,0x36,0xad,0x57,0xb5,0x15,0xad,0xb4,0x9c,0x93,0x9c,0xd4,0xa4,
    0xb4,0x9c,0xd4,0xa4,0xf5,0xac,0xb4,0xa4,0x93,0x9c,0x73,0x9c,0x73,0x9c,0x52,0x94,0x32,0x9c,0xf1,0x93,0x11,0x94,0xf0,0x93,
    0xb0,0x8b,0xf0,0x93,0x11,0x9c,0xf0,0x93,0x11,0x9c,0xcf,0x93,0xf1,0x9b,0xf0,0x9b,0x10,0x9c,0x31,0xa4,0xef,0x9b,0x10,0x9c,
    0x30,0xa4,0x10,0xa4,0x0f,0xa4,0x50,0xac,0x30,0xa4,0x71,0xac,0x71,0xb4,0x51,0xac,0xd2,0xbc,0xd3,0xbc,0x92,0xb4,0xb3,0xb4,
    0xb2,0xb4,0xb3,0xb4,0xd2,0xb4,0xb3,0xb4,0xb3,0xb4,0x14,0xbd,0xf4,0xbc,0x14,0xbd,0xf4,0xbc,0x14,0xc5,0x14,0xbd,0xd3,0xbc,
    0xf4,0xbc,0xf4,0xbc,0xf3,0xbc,0xf3,0xbc,0xd3,0xbc,0xb2,0xbc,0xd3,0xbc,0x91,0xb4,0x50,0xac,0x0f,0xa4,0xae,0x93,0x10,0xa4,
    0x91,0xb4,0xb2,0xb4,0x92,0xbc,0xb2,0xbc,0xd3,0xbc,0xf3,0xbc,0xb2,0xbc,0xd3,0xbc,0xd2,0xbc,0x91,0xb4,0xb1,0xbc,0xd3,0xbc,
    0xb2,0xbc,0xb1,0xbc,0xd3,0xc4,0xd2,0xc4,0xd2,0xbc,0xf3,0xc4,0x13,0xc5,0xd2,0xc4,0x14,0xc5,0xd2,0xbc,0xf3,0xc4,0xf3,0xc4,
    0xf3,0xc4,0x14,0xc5,0x13,0xc5,0xf3,0xc4,0xf2,0xc4,0x33,0xc5,0x14,0xc5,0xb1,0xbc,0x71,0xb4,0x91,0xb4,0x50,0xac,0x30,0xac,
    0x71,0xac,0xcf,0x9b,0xee,0x9b,0xcf,0x9b,0x8e,0x93,0xae,0x9b,0xcf,0x9b,0xae,0x93,0xcf,0x93,0x8e,0x93,0xae,0x93,0xaf,0x93,
    0x8e,0x8b,0x6d,0x8b,0xcf,0x93,0x51,0xa4,0xaf,0x8b,0xcf,0x93,0x10,0x9c,0xf0,0x93,0x6d,0x83,0x8e,0x8b,0xaf,0x8b,0xae,0x8b,
    0xf0,0x93,0x31,0x9c,0xef,0x93,0xae,0x8b,0xaf,0x8b,0xf0,0x93,0x10,0x94,0x31,0x9c,0x30,0x9c,0xef,0x93,0xef,0x93,0x10,0x9c,
    0xef,0x93,0xef,0x93,0xef,0x9b,0x0f,0x9c,0x30,0xa4,0xef,0x9b,0xef,0x9b,0x8d,0x8b,0x6d,0x83,0x6c,0x8b,0x4c,0x83,0x0b,0x7b,
    0xeb,0x72,0x0b,0x7b,0xeb,0x72,0xaa,0x6a,0xcb,0x72,0x2c,0x7b,0x0b,0x73,0x49,0x5a,0xc7,0x41,0xc7,0x39,0xc6,0x39,0xa7,0x31,
    0xc7,0x39,0xa6,0x39,0xc7,0x31,0xa7,0x39,0xc7,0x31,0x6b,0x52,0xf1,0x83,0xd5,0x9c,0x16,0xad,0x16,0xad,0x36,0xad,0x36,0xad,
    0xd4,0xa4,0xb4,0xa4,0xb4,0x9c,0xb4,0xa4,0xd4,0xa4,0xd4,0xa4,0xf5,0xa4,0xb4,0xa4,0x93,0x9c,0xb4,0xa4,0x73,0x9c,0x52,0x9c,
    0x32,0x94,0x11,0x94,0x11,0x94,0xf1,0x93,0xd0,0x93,0xd0,0x8b,0xf1,0x93,0x31,0x9c,0x11,0x9c,0xaf,0x8b,0xae,0x93,0xae,0x93,
    0xcf,0x93,0xef,0x9b,0xef,0x9b,0x30,0xa4,0x10,0xa4,0x51,0xa4,0x30,0xa4,0x30,0xac,0x51,0xac,0x71,0xac,0x71,0xb4,0x91,0xb4,
    0xb2,0xb4,0x91,0xb4,0x92,0xb4,0xb2,0xb4,0x72,0xb4,0x92,0xb4,0xb2,0xb4,0xd3,0xbc,0xf4,0xbc,0xf4,0xbc,0xf3,0xc4,0xf4,0xc4,
    0xf3,0xbc,0x14,0xc5,0xf3,0xbc,0xd3,0xbc,0xd2,0xbc,0xf3,0xc4,0xf4,0xbc,0xf4,0xc4,0xd2,0xb4,0xb2,0xbc,0xb2,0xb4,0x71,0xac,
    0x10,0xa4,0xef,0xa3,0xef,0x9b,0xef,0xa3,0x71,0xb4,0x91,0xb4,0xd2,0xbc,0xb2,0xbc,0xf3,0xbc,0xd3,0xbc,0xd2,0xbc,0xd2,0xbc,
    0xb1,0xbc,0x71,0xb4,0xb2,0xbc,0xb1,0xbc,0xd2,0xc4,0xd2,0xc4,0xd2,0xbc,0xd2,0xc4,0xd2,0xbc,0x13,0xc5,0x33,0xcd,0x13,0xc5,
    0xb2,0xbc,0xb2,0xbc,0xd2,0xc4,0xd2,0xbc,0xf3,0xc4,0xd2,0xbc,0xf3,0xc4,0xd2,0xc4,0xd3,0xbc,0x54,0xcd,0x13,0xc5,0xb2,0xbc,
    0x70,0xac,0x50,0xac,0xef,0xa3,0x0f,0xa4,0xee,0xa3,0x30,0xa4,0x10,0xa4,0xae,0x9b,0xef,0x9b,0xce,0x9b,0xcf,0x93,0xaf,0x93,
    0xae,0x93,0xae,0x93,0xae,0x93,0xef,0x93,0xaf,0x93,0x8e,0x8b,0xcf,0x93,0xae,0x93,0x8e,0x83,0xcf,0x93,0xcf,0x93,0xae,0x8b,
    0xef,0x93,0xcf,0x93,0x8e,0x83,0xcf,0x8b,0xf0,0x9b,0x51,0x9c,0x31,0x9c,0x31,0x9c,0x72,0xa4,0x71,0xa4,0x72,0xa4,0x51,0x9c,
    0x51,0xa4,0x92,0xa4,0x71,0xa4,0x51,0xa4,0x30,0x9c,0x51,0xa4,0x0f,0x9c,0x30,0x9c,0x0f,0x9c,0x50,0xa4,0x0f,0xa4,0x0f,0x9c,
    0xce,0x93,0x4d,0x83,0x2c,0x83,0x0b,0x7b,0xeb,0x7a,0x4c,0x83,0xec,0x72,0x89,0x62,0x6a,0x62,0x0b,0x73,0x0c,0x73,0x8a,0x62,
    0xe7,0x49,0xc7,0x39,0xa7,0x39,0xc6,0x39,0xa7,0x39,0xc7,0x31,0xa7,0x39,0xc6,0x39,0xa7,0x39,0xac,0x52,0xf1,0x83,0xb5,0xa4,
    0x16,0xa5,0x36,0xad,0x36,0xad,0x57,0xb5,0xf4,0xa4,0xb4,0xa4,0xb3,0x9c,0xb4,0xa4,0xf5,0xac,0xd4,0xa4,0xd4,0xa4,0xb4,0xa4,
    0x93,0xa4,0x73,0x9c,0x52,0x94,0x52,0x9c,0x32,0x94,0x11,0x94,0xd0,0x8b,0xf0,0x8b,0xd0,0x93,0xf0,0x93,0xd0,0x93,0xf0,0x93,
    0xf0,0x93,0x6e,0x8b,0x8f,0x8b,0xcf,0x93,0xcf,0x93,0xcf,0x9b,0xf0,0x9b,0xef,0x9b,0xf0,0x9b,0x10,0xa4,0x30,0xa4,0x51,0xac,
    0x51,0xa4,0x30,0xac,0x71,0xac,0x71,0xb4,0xb2,0xb4,0xb2,0xb4,0xb3,0xb4,0xb2,0xb4,0x92,0xb4,0xb2,0xb4,0xb3,0xb4,0xd3,0xb4,
    0xf4,0xbc,0xf3,0xbc,0xf4,0xbc,0xf3,0xbc,0xf3,0xbc,0xf3,0xc4,0xd3,0xbc,0xd3,0xbc,0xd3,0xbc,0xf4,0xbc,0xf2,0xbc,0xf3,0xc4,
    0xd3,0xbc,0x91,0xb4,0x70,0xb4,0x50,0xb4,0x30,0xac,0xee,0xa3,0x10,0xa4,0x30,0xac,0x30,0xac,0x10,0xac,0xb2,0xbc,0xb2,0xb4,
    0xd3,0xc4,0xd2,0xbc,0xb2,0xbc,0xb2,0xbc,0x70,0xb4,0xb2,0xbc,0xb1,0xbc,0xb1,0xbc,0xb1,0xbc,0xb2,0xc4,0xd1,0xc4,0x91,0xbc,
    0xd1,0xc4,0xd2,0xc4,0xf2,0xcc,0xd1,0xc4,0x71,0xb4,0x50,0xb4,0xb1,0xbc,0xb2,0xbc,0x92,0xbc,0xd3,0xbc,0xd2,0xc4,0xf3,0xc4,
    0xf2,0xc4,0xf3,0xc4,0x13,0xc5,0xf2,0xbc,0x51,0xac,0x71,0xac,0x51,0xac,0xef,0x9b,0xce,0x9b,0x30,0xac,0xee,0xa3,0xcf,0x9b,
    0x8e,0x93,0xae,0x93,0xef,0xa3,0xaf,0x93,0xae,0x93,0xef,0x9b,0x10,0x9c,0xcf,0x9b,0xef,0x93,0xcf,0x93,0x8e,0x93,0x8d,0x8b,
    0xae,0x93,0x10,0x9c,0x10,0x9c,0xcf,0x9b,0xcf,0x8b,0xf0,0x9b,0xf0,0x8b,0xaf,0x8b,0x51,0x9c,0x31,0x9c,0x31,0x9c,0xb3,0xa4,
    0x92,0xa4,0xb3,0xa4,0xb3,0xa4,0x92,0xa4,0x92,0xa4,0x71,0xa4,0x92,0xa4,0x92,0xac,0x30,0xa4,0x70,0xa4,0x92,0xb4,0x50,0xa4,
    0xce,0x9b,0x0f,0x9c,0x30,0xa4,0xef,0x9b,0x0f,0xa4,0xae,0x93,0x8d,0x8b,0x8d,0x93,0x2c,0x7b,0x0b,0x7b,0x2c,0x7b,0xaa,0x6a,
    0x69,0x62,0xcb,0x6a,0x0b,0x73,0xca,0x6a,0x28,0x5a,0xc7,0x49,0xc7,0x39,0xa7,0x31,0xc6,0x39,0xc7,0x39,0xa6,0x31,0xc7,0x39,
    0xc7,0x31,0xac,0x52,0x12,0x84,0xd5,0xa4,0x16,0xad,0x36,0xad,0x36,0xad,0x56,0xad,0x15,0xad,0x15,0xad,0x15,0xad,0xf4,0xa4,
    0x15,0xad,0xf5,0xac,0xd4,0xa4,0xd4,0xac,0x93,0x9c,0x73,0x9c,0x52,0x9c,0x73,0x9c,0x52,0x9c,0x11,0x94,0xd0,0x93,0xf1,0x93,
    0xf0,0x93,0x11,0x94,0xcf,0x93,0xd0,0x93,0x8e,0x83,0x6d,0x83,0x8e,0x8b,0x8e,0x8b,0x10,0xa4,0x10,0x9c,0x10,0x9c,0xf0,0x9b,
    0x10,0x9c,0xae,0x93,0xcf,0x93,0x30,0xa4,0xcf,0x9b,0xef,0x9b,0x51,0xac,0x31,0xa4,0x71,0xb4,0x92,0xac,0x71,0xac,0x71,0xb4,
    0x92,0xb4,0x72,0xac,0x92,0xb4,0xd3,0xbc,0xf4,0xbc,0xf3,0xbc,0xd4,0xbc,0xd3,0xbc,0xd3,0xbc,0xd3,0xbc,0xd3,0xbc,0xb2,0xbc,
    0xb3,0xbc,0xd2,0xbc,0xb2,0xbc,0xd3,0xbc,0xb1,0xbc,0x91,0xbc,0x91,0xb4,0x70,0xb4,0xef,0xa3,0xcf,0xa3,0xcd,0x9b,0xef,0xa3,
    0x0f,0xac,0x30,0xac,0xb1,0xbc,0xb2,0xbc,0xd2,0xbc,0x91,0xbc,0xb2,0xbc,0xd2,0xc4,0x91,0xbc,0x70,0xb4,0x90,0xbc,0x91,0xbc,
    0xb1,0xbc,0xd1,0xc4,0xd1,0xc4,0x91,0xbc,0xb1,0xc4,0xb1,0xc4,0xd1,0xc4,0xd1,0xc4,0x50,0xb4,0x2f,0xb4,0x70,0xbc,0x90,0xbc,
    0x91,0xbc,0xb1,0xbc,0x91,0xb4,0xd2,0xc4,0xd1,0xbc,0xf2,0xc4,0xf2,0xc4,0xb1,0xbc,0x30,0xa4,0xef,0xab,0x0f,0xa4,0xce,0x9b,
    0xcf,0x9b,0xce,0x9b,0xef,0x9b,0xad,0x9b,0x8d,0x8b,0xcf,0x9b,0x10,0x9c,0xce,0x93,0x10,0x9c,0x10,0x9c,0xef,0x9b,0x10,0x9c,
    0x30,0xa4,0x10,0x9c,0xcf,0x93,0xf0,0x93,0x30,0x9c,0x10,0x9c,0x10,0x9c,0x52,0x9c,0x31,0x9c,0xf0,0x93,0x31,0x9c,0x72,0xa4,
    0xb3,0xac,0xd3,0xac,0xb3,0xa4,0xb3,0xac,0x14,0xb5,0x14,0xb5,0x35,0xb5,0x35,0xb5,0xf3,0xb4,0x35,0xbd,0x13,0xb5,0x92,0xac,
    0x91,0xa4,0x30,0xa4,0x50,0xa4,0x51,0xa4,0x30,0xa4,0x30,0xa4,0x0f,0xa4,0xce,0x93,0xef,0x9b,0xce,0x93,0xce,0x9b,0xae,0x93,
    0x8d,0x93,0x2c,0x83,0x6c,0x83,0xae,0x93,0xeb,0x72,0xaa,0x62,0x0c,0x7b,0xcb,0x6a,0x8a,0x62,0x08,0x52,0xc6,0x39,0xc7,0x39,
    0xa7,0x31,0xc7,0x39,0xc7,0x39,0xa6,0x39,0xc7,0x39,0xac,0x52,0x12,0x8c,0xd5,0x9c,0x15,0xad,0x36,0xad,0x56,0xad,0x37,0xad,
    0x56,0xb5,0x56,0xb5,0x15,0xb5,0xf5,0xac,0xf4,0xac,0xd4,0xac,0xd4,0xac,0xd4,0xa4,0x93,0xa4,0x93,0xa4,0x72,0x9c,0x73,0xa4,
    0x32,0x9c,0x10,0x94,0x11,0x9c,0xf0,0x93,0x10,0x9c,0xf0,0x9b,0xf0,0x93,0x4d,0x83,0x4e,0x83,0x8e,0x8b,0x8e,0x93,0xcf,0x93,
    0xef,0x9b,0xce,0x9b,0xcf,0x9b,0x10,0x9c,0xae,0x9b,0xaf,0x93,0xf0,0x9b,0xcf,0x93,0x8e,0x8b,0xd0,0x93,0xef,0x9b,0xaf,0x93,
    0x10,0xa4,0x31,0xa4,0x51,0xac,0x92,0xb4,0x71,0xac,0x31,0xa4,0x52,0xac,0xb3,0xb4,0xd3,0xb4,0x92,0xb4,0x92,0xb4,0xb2,0xbc,
    0xb3,0xbc,0x91,0xb4,0x51,0xb4,0x91,0xb4,0x72,0xb4,0x71,0xb4,0x91,0xb4,0x91,0xbc,0x70,0xb4,0x70,0xbc,0x70,0xb4,0x2f,0xac,
    0xce,0xa3,0x8d,0x93,0x6c,0x93,0xce,0xa3,0x30,0xac,0x50,0xac,0x50,0xb4,0x91,0xbc,0x70,0xb4,0xb1,0xbc,0xb1,0xc4,0x90,0xbc,
    0x70,0xbc,0xb1,0xbc,0x90,0xbc,0x90,0xbc,0xb0,0xc4,0xd1,0xc4,0x90,0xc4,0x91,0xc4,0xd0,0xc4,0x90,0xc4,0xb0,0xc4,0xd1,0xc4,
    0xb0,0xbc,0x70,0xbc,0x70,0xb4,0x70,0xbc,0xb1,0xbc,0x50,0xbc,0x70,0xbc,0xd2,0xbc,0xd1,0xc4,0x34,0xcd,0xf2,0xc4,0x91,0xbc,
    0x50,0xac,0xee,0xa3,0x0f,0xa4,0xce,0xa3,0xee,0x9b,0x51,0xac,0x0f,0xac,0x10,0xa4,0xef,0x9b,0xef,0x9b,0xce,0x9b,0x51,0xac,
    0x10,0x9c,0xce,0x9b,0xae,0x93,0xef,0x93,0xf0,0x9b,0x71,0xa4,0x72,0xa4,0x30,0x9c,0x11,0x9c,0x10,0x9c,0x51,0xa4,0x30,0x9c,
    0x31,0x9c,0x30,0x9c,0x72,0xa4,0x92,0xa4,0xd3,0xac,0xf4,0xb4,0xd3,0xac,0x35,0xb5,0x76,0xbd,0x55,0xbd,0x55,0xbd,0x97,0xc5,
    0x75,0xbd,0x35,0xbd,0x55,0xbd,0xf3,0xb4,0xd3,0xac,0x71,0xa4,0x92,0xac,0xb1,0xb4,0x71,0xac,0x70,0xac,0x30,0xa4,0xef,0x9b,
    0xef,0x9b,0xef,0x9b,0xef,0x9b,0xae,0x93,0xce,0x9b,0xad,0x93,0xae,0x93,0x0f,0xa4,0xae,0x93,0xeb,0x72,0x0b,0x73,0x0c,0x73,
    0xaa,0x6a,0x69,0x5a,0xc7,0x41,0xa7,0x31,0xc6,0x39,0xa7,0x39,0xc6,0x31,0xa7,0x39,0xc7,0x31,0x8b,0x52,0xf1,0x7b,0xd5,0xa4,
    0x16,0xad,0x36,0xad,0x57,0xad,0x36,0xb5,0x56,0xb5,0x56,0xb5,0x55,0xb5,0x15,0xad,0x35,0xb5,0x15,0xad,0xd4,0xac,0xd4,0xa4,
    0xb4,0xa4,0x52,0x9c,0x73,0xa4,0x52,0x9c,0x31,0x9c,0x31,0x9c,0x10,0x9c,0x11,0x9c,0xf0,0x9b,0x10,0x9c,0xf0,0x93,0x8e,0x8b,
    0xae,0x93,0x8e,0x8b,0x8e,0x8b,0x6d,0x8b,0xaf,0x93,0xef,0x9b,0x30,0xa4,0xef,0x9b,0xcf,0x9b,0xef,0x9b,0xcf,0x9b,0x8e,0x8b,
    0xaf,0x93,0x6d,0x8b,0x8f,0x8b,0x8e,0x8b,0xf0,0x9b,0x51,0xac,0x71,0xac,0x52,0xac,0x71,0xac,0x10,0xa4,0x72,0xac,0x93,0xb4,
    0x92,0xb4,0x71,0xb4,0xb2,0xbc,0x92,0xb4,0x50,0xac,0x71,0xb4,0x51,0xac,0x30,0xac,0x50,0xb4,0x51,0xb4,0x50,0xb4,0x50,0xb4,
    0x50,0xb4,0x50,0xb4,0x0e,0xac,0xad,0xa3,0xce,0x9b,0xad,0x9b,0xae,0x9b,0x0f,0xa4,0xee,0xa3,0x2f,0xb4,0x71,0xb4,0x90,0xbc,
    0x30,0xb4,0x70,0xbc,0x70,0xb4,0x4f,0xb4,0x4f,0xb4,0x70,0xbc,0x2f,0xb4,0x90,0xbc,0x90,0xbc,0xb0,0xc4,0xb1,0xc4,0xb0,0xbc,
    0x90,0xc4,0x70,0xbc,0x90,0xbc,0x90,0xc4,0x90,0xbc,0x4f,0xbc,0x8f,0xbc,0x90,0xbc,0xb0,0xc4,0x70,0xbc,0x70,0xbc,0x70,0xbc,
    0xd1,0xc4,0xd1,0xc4,0xd1,0xc4,0x90,0xb4,0x0f,0xac,0x50,0xac,0xce,0x9b,0xce,0x9b,0x10,0xa4,0xef,0xa3,0xce,0x93,0xef,0x9b,
    0xce,0x9b,0x30,0xac,0x30,0xa4,0x30,0xa4,0x71,0xac,0x51,0xa4,0x71,0xac,0x51,0xa4,0xef,0x9b,0xef,0x93,0x72,0xa4,0xb3,0xac,
    0x72,0xa4,0x72,0xa4,0x31,0x94,0x10,0x9c,0x92,0xa4,0xb2,0xac,0xf4,0xb4,0xf4,0xb4,0x35,0xbd,0x55,0xbd,0x55,0xbd,0x76,0xc5,
    0x96,0xc5,0x76,0xbd,0x55,0xb5,0x76,0xbd,0xb6,0xc5,0x96,0xc5,0x34,0xbd,0xf3,0xb4,0x34,0xbd,0xd3,0xb4,0x71,0xa4,0xb2,0xb4,
    0x91,0xac,0x71,0xac,0x70,0xac,0x50,0xa4,0x0f,0xa4,0x30,0xa4,0x2f,0xa4,0xef,0x9b,0xce,0x93,0xee,0x9b,0x0f,0xa4,0x2f,0xa4,
    0x0f,0x9c,0x6d,0x8b,0x0b,0x73,0xeb,0x72,0xec,0x72,0x8a,0x62,0xe7,0x41,0xa6,0x39,0xc7,0x39,0xa7,0x31,0xc7,0x39,0xc7,0x39,
    0xa7,0x31,0x4a,0x4a,0xb0,0x7b,0xb4,0x9c,0x36,0xa5,0x36,0xad,0x36,0xad,0x36,0xad,0x76,0xb5,0x56,0xb5,0x56,0xb5,0x56,0xb5,
    0x56,0xb5,0xf5,0xb4,0xb3,0xa4,0xb3,0xac,0x93,0xa4,0x52,0x9c,0x73,0xa4,0x72,0xa4,0x52,0xa4,0x31,0x9c,0x52,0x9c,0x31,0x9c,
    0xf0,0x9b,0x30,0xa4,0x10,0x9c,0xef,0x9b,0xef,0x9b,0x10,0x9c,0xef,0x9b,0x10,0x9c,0xf0,0x9b,0x30,0x9c,0x0f,0xa4,0xef,0x9b,
    0x10,0xa4,0x10,0x9c,0xef,0x9b,0xcf,0x9b,0xcf,0x93,0x6e,0x8b,0x4d,0x83,0x6e,0x8b,0xaf,0x8b,0x52,0xa4,0x31,0xa4,0x31,0xa4,
    0x72,0xac,0x52,0xb4,0xb3,0xb4,0x72,0xac,0x72,0xb4,0x92,0xb4,0x71,0xb4,0x2f,0xac,0x0f,0xac,0xce,0xa3,0xce,0xa3,0x0f,0xac,
    0x0f,0xac,0x0f,0xac,0xce,0xa3,0x0f,0xac,0xee,0xab,0x0e,0xac,0x0e,0xac,0xce,0xa3,0xad,0x9b,0x6d,0x93,0x8d,0x93,0xce,0xa3,
    0xce,0xa3,0x50,0xb4,0x70,0xbc,0x91,0xbc,0x90,0xbc,0x50,0xb4,0x4f,0xbc,0x50,0xb4,0x4f,0xb4,0x4f,0xb4,0x2f,0xb4,0x6f,0xbc,
    0xb1,0xc4,0x90,0xc4,0x6f,0xbc,0xb1,0xc4,0xb0,0xc4,0x6f,0xbc,0x8f,0xbc,0xb0,0xc4,0x4e,0xb4,0x6f,0xbc,0x90,0xbc,0xb1,0xbc,
    0x90,0xbc,0x90,0xc4,0x8f,0xbc,0x70,0xbc,0xb0,0xc4,0xb0,0xc4,0xd1,0xc4,0xb1,0xbc,0x2f,0xac,0xce,0xa3,0x0f,0xa4,0xef,0x9b,
    0x71,0xac,0x91,0xac,0x10,0xa4,0x0f,0xa4,0x30,0xa4,0x10,0xa4,0x51,0xa4,0x71,0xac,0x10,0xa4,0x71,0xa4,0x30,0xa4,0x72,0xa4,
    0x71,0xa4,0x92,0xac,0xb2,0xac,0x71,0xa4,0x92,0xa4,0xb3,0xac,0xd3,0xac,0xb3,0xac,0x92,0xa4,0xf4,0xb4,0x14,0xb5,0x55,0xb5,
    0x55,0xbd,0x35,0xbd,0x96,0xc5,0x75,0xbd,0xb6,0xc5,0x96,0xc5,0x55,0xbd,0xf4,0xb4,0x96,0xc5,0x75,0xc5,0x75,0xbd,0x75,0xc5,
    0x55,0xbd,0x34,0xbd,0xd2,0xb4,0xd2,0xb4,0xb1,0xb4,0x92,0xac,0x71,0xac,0x91,0xac,0x91,0xac,0x71,0xac,0x0f,0xa4,0x0f,0x9c,
    0xef,0xa3,0xef,0xa3,0x50,0xa4,0x0f,0xa4,0x0f,0x9c,0xef,0x9b,0x2c,0x83,0xeb,0x6a,0x0b,0x73,0x8a,0x6a,0xe7,0x41,0xa7,0x39,
    0xc6,0x31,0xc7,0x39,0xa6,0x39,0xc7,0x31,0xa6,0x39,0x09,0x3a,0x6f,0x73,0x94,0x9c,0x16,0xa5,0x36,0xad,0x36,0xad,0x56,0xad,
    0x56,0xb5,0x36,0xb5,0x56,0xb5,0x35,0xb5,0xf4,0xac,0xf4,0xac,0x93,0xa4,0x72,0xa4,0x93,0xa4,0x72,0xa4,0x93,0xa4,0x52,0x9c,
    0x52,0x9c,0x51,0xa4,0x31,0x9c,0x31,0xa4,0x51,0xa4,0x31,0x9c,0xef,0x9b,0xcf,0x93,0x10,0x9c,0x51,0xa4,0x10,0xa4,0x10,0x9c,
    0x30,0xa4,0xef,0x9b,0x10,0x9c,0x10,0xa4,0x0f,0x9c,0x0f,0xa4,0x50,0xa4,0x30,0xa4,0xef,0x9b,0xef,0x9b,0xd0,0x93,0xd0,0x93,
    0xd0,0x93,0x11,0x9c,0x11,0x9c,0x31,0xa4,0x31,0xac,0x52,0xac,0x93,0xac,0x93,0xb4,0x72,0xac,0x51,0xac,0x50,0xac,0x31,0xb4,
    0xce,0xa3,0xce,0xa3,0x0f,0xac,0x0f,0xac,0x0e,0xb4,0xad,0xa3,0xce,0xa3,0x0e,0xac,0x0e,0xac,0x0f,0xb4,0xee,0xa3,0xad,0xa3,
    0x4c,0x8b,0x4c,0x8b,0x4c,0x93,0xad,0x9b,0x0f,0xac,0x4f,0xb4,0x4f,0xb4,0x4f,0xbc,0x70,0xbc,0x6f,0xbc,0x70,0xbc,0x2f,0xac,
    0xee,0xab,0x4f,0xb4,0x0e,0xb4,0x4f,0xb4,0x6f,0xbc,0xb0,0xc4,0x90,0xbc,0xd0,0xc4,0x90,0xc4,0xb0,0xc4,0x8f,0xc4,0x6f,0xbc,
    0x6f,0xbc,0x2f,0xb4,0x4f,0xbc,0x90,0xbc,0x90,0xc4,0xb0,0xc4,0xb0,0xc4,0x70,0xbc,0x6f,0xbc,0x90,0xbc,0x6f,0xbc,0x4f,0xb4,
    0x50,0xac,0xef,0xa3,0x30,0xa4,0x50,0xac,0x92,0xb4,0xd2,0xb4,0xf3,0xbc,0x92,0xac,0x92,0xac,0x51,0xac,0x30,0xa4,0x92,0xac,
    0x51,0xa4,0x92,0xac,0xb3,0xac,0xf3,0xb4,0x14,0xb5,0x92,0xac,0xb3,0xac,0xd3,0xac,0xd3,0xac,0xf4,0xac,0xf3,0xac,0x15,0xb5,
    0x92,0xa4,0xd3,0xac,0x35,0xb5,0x13,0xb5,0xf4,0xb4,0x14,0xad,0x55,0xb5,0x15,0xb5,0x55,0xbd,0x35,0xb5,0x76,0xc5,0x96,0xc5,
    0x96,0xbd,0x75,0xc5,0x76,0xc5,0x96,0xc5,0x95,0xcd,0x54,0xc5,0x13,0xbd,0xf3,0xbc,0x14,0xbd,0xf2,0xbc,0x70,0xac,0x91,0xb4,
    0xb1,0xb4,0x71,0xac,0x30,0xa4,0x2f,0xa4,0x30,0xa4,0x2f,0xa4,0x50,0xac,0x30,0xa4,0x2f,0xa4,0x50,0xac,0x8d,0x8b,0xeb,0x72,
    0x0c,0x73,0xaa,0x62,0xe7,0x49,0xa7,0x39,0xc7,0x39,0xa7,0x31,0xc6,0x39,0xa7,0x39,0xc6,0x31,0xe9,0x41,0x4e,0x6b,0x94,0x94,
    0xf5,0xac,0x16,0xad,0x36,0xad,0x37,0xad,0x56,0xb5,0x76,0xbd,0x76,0xbd,0x36,0xb5,0x15,0xb5,0xf4,0xac,0xd4,0xac,0xd4,0xac,
    0xb3,0xac,0x72,0xa4,0x72,0xa4,0x72,0xa4,0x93,0xa4,0x11,0x9c,0x31,0x9c,0xf0,0x93,0xef,0x93,0x11,0x9c,0xaf,0x8b,0xaf,0x8b,
    0xef,0x93,0xf0,0x9b,0x51,0xa4,0x50,0xa4,0x71,0xac,0x51,0xac,0x50,0xa4,0xcf,0x9b,0x10,0xa4,0x30,0xa4,0x51,0xa4,0x51,0xa4,
    0xcf,0x9b,0x31,0x9c,0x10,0xa4,0xf0,0x9b,0xf0,0x93,0x32,0xa4,0x52,0xa4,0x11,0x9c,0xf0,0x9b,0x11,0x9c,0x52,0xa4,0x30,0xac,
    0x30,0xac,0x0f,0xac,0x0f,0xac,0xee,0xab,0xcd,0xa3,0x8d,0x9b,0xed,0xab,0xad,0xa3,0xcd,0xa3,0xcd,0xa3,0xad,0xa3,0xee,0xab,
    0xed,0xab,0xcd,0xa3,0xcd,0xab,0x8c,0x9b,0x4c,0x93,0x2b,0x8b,0x4c,0x8b,0x4b,0x8b,0xce,0xa3,0x2f,0xb4,0x4f,0xb4,0x2f,0xb4,
    0x6f,0xb4,0x70,0xbc,0x4f,0xbc,0xee,0xab,0x2e,0xb4,0x0e,0xac,0x0e,0xac,0xed,0xab,0x2f,0xb4,0x90,0xc4,0x8f,0xbc,0x2e,0xbc,
    0xd0,0xc4,0x8f,0xc4,0x6f,0xbc,0x4f,0xbc,0x4e,0xb4,0x2e,0xb4,0x2d,0xb4,0x2e,0xb4,0xaf,0xc4,0x90,0xbc,0x8f,0xc4,0x90,0xbc,
    0x4e,0xbc,0x70,0xbc,0x6f,0xbc,0x2f,0xb4,0x0e,0xac,0x71,0xac,0xb2,0xb4,0xb2,0xb4,0x92,0xac,0xb2,0xac,0xd3,0xac,0xf3,0xbc,
    0xb2,0xac,0xb3,0xac,0xf4,0xac,0xd3,0xac,0xd3,0xac,0xf4,0xb4,0xd3,0xac,0xd3,0xac,0x14,0xb5,0xf3,0xac,0x92,0xa4,0xb3,0xa4,
    0xf4,0xb4,0xf3,0xac,0xd4,0xac,0x14,0xa5,0xf4,0xac,0xd3,0xa4,0x14,0xad,0xf4,0xa4,0x35,0xb5,0x14,0xb5,0x35,0xbd,0xb2,0xa4,
    0x14,0xb5,0x34,0xbd,0x55,0xbd,0x96,0xc5,0x34,0xbd,0xd3,0xac,0x13,0xb5,0x55,0xc5,0x75,0xc5,0x75,0xc5,0x34,0xbd,0x13,0xbd,
    0x34,0xbd,0xf3,0xbc,0xf2,0xbc,0xb2,0xb4,0x91,0xb4,0x90,0xb4,0x71,0xac,0x70,0xac,0x30,0xac,0xef,0x9b,0x50,0xac,0x50,0xa4,
    0x30,0xa4,0x91,0xb4,0xef,0x9b,0x4c,0x83,0x0c,0x7b,0x89,0x62,0xe7,0x49,0xa7,0x39,0xc6,0x39,0xa7,0x39,0xc7,0x31,0xa7,0x39,
    0xa6,0x31,0x09,0x42,0x6f,0x6b,0x73,0x94,0xd5,0xa4,0x36,0xad,0x36,0xad,0x36,0xad,0x56,0xb5,0x97,0xbd,0x56,0xbd,0x35,0xb5,
    0xf5,0xb4,0xb3,0xa4,0xf5,0xb4,0xb3,0xa4,0xb3,0xac,0x93,0xa4,0x72,0xa4,0x93,0xa4,0x73,0xa4,0x71,0xa4,0x10,0x9c,0x10,0x94,
    0x11,0x94,0xcf,0x93,0xcf,0x93,0x11,0x9c,0x30,0x9c,0x31,0x9c,0x51,0xa4,0x30,0x9c,0xf0,0x9b,0x0f,0x9c,0x51,0xa4,0xef,0x93,
    0x10,0x9c,0x10,0x9c,0x10,0x9c,0xef,0x9b,0xaf,0x93,0x31,0x9c,0x31,0x9c,0x10,0x9c,0x52,0xa4,0x51,0xa4,0x30,0xa4,0x31,0xa4,
    0xf0,0x9b,0xf0,0x9b,0x30,0xac,0x50,0xac,0x50,0xb4,0x4f,0xb4,0x70,0xbc,0x2f,0xb4,0xed,0xab,0xad,0xa3,0xcd,0xa3,0xcd,0xab,
    0x8c,0x9b,0xad,0xab,0xed,0xab,0xed,0xab,0xcd,0xab,0xcd,0xa3,0xad,0xa3,0x8c,0x9b,0x6c,0x93,0x2b,0x8b,0x4b,0x8b,0xae,0x9b,
    0x4f,0xb4,0x2f,0xb4,0x4f,0xb4,0x90,0xbc,0x70,0xbc,0x4f,0xbc,0x2f,0xb4,0x4f,0xb4,0xee,0xab,0xed,0xab,0xcd,0xa3,0xad,0xa3,
    0xed,0xab,0x4e,0xb4,0x6f,0xbc,0x2e,0xb4,0x6f,0xbc,0x4f,0xbc,0x8f,0xbc,0x6e,0xbc,0x0e,0xb4,0x6e,0xbc,0xed,0xab,0x2e,0xb4,
    0xb0,0xc4,0x8f,0xbc,0x8f,0xbc,0xb0,0xc4,0x90,0xbc,0x6f,0xbc,0x0e,0xac,0x70,0xb4,0x70,0xb4,0x91,0xb4,0xd3,0xb4,0xb2,0xb4,
    0x14,0xbd,0x92,0xac,0x14,0xbd,0x96,0xc5,0x34,0xbd,0xb3,0xac,0xb3,0xac,0xf4,0xac,0x14,0xb5,0x15,0xad,0xb3,0xa4,0x73,0xa4,
    0xb3,0xa4,0xd4,0xa4,0xd3,0xa4,0xd3,0xac,0x92,0xa4,0xd3,0xa4,0x56,0xb5,0xd3,0xac,0x93,0x9c,0x72,0x94,0x52,0x94,0x32,0x94,
    0x11,0x84,0x93,0x9c,0x92,0x9c,0x52,0x9c,0xd3,0xac,0xf4,0xac,0xd3,0xac,0x14,0xad,0x14,0xb5,0x13,0xbd,0xf3,0xbc,0x75,0xc5,
    0x34,0xbd,0x75,0xc5,0x34,0xc5,0x34,0xc5,0x33,0xbd,0x14,0xbd,0xf2,0xbc,0xf2,0xbc,0xb1,0xb4,0xb2,0xb4,0xb1,0xb4,0x71,0xac,
    0x50,0xac,0x0f,0x9c,0x2f,0xa4,0x50,0xac,0x50,0xac,0x91,0xac,0x4f,0xa4,0xae,0x93,0x4c,0x83,0x8a,0x62,0xe7,0x41,0xc7,0x39,
    0xa7,0x39,0xc6,0x31,0xc7,0x39,0xc6,0x39,0xa7,0x39,0x2a,0x42,0x6f,0x73,0x94,0x9c,0xf5,0xa4,0x16,0xad,0x16,0xad,0x36,0xad,
    0x76,0xbd,0x76,0xbd,0x76,0xbd,0x76,0xb5,0x35,0xb5,0xf5,0xb4,0xd3,0xac,0xb4,0xac,0xf5,0xb4,0xd4,0xac,0x72,0xa4,0xb3,0xac,
    0xb3,0xac,0x31,0x9c,0x52,0xa4,0x72,0xa4,0xef,0x93,0xd0,0x8b,0x10,0x94,0x10,0x9c,0x52,0x9c,0x31,0x9c,0xcf,0x8b,0x4d,0x83,
    0xf0,0x93,0xf0,0x93,0x8e,0x83,0x8e,0x8b,0x8e,0x83,0xcf,0x93,0x31,0x9c,0x31,0x9c,0x31,0x9c,0x10,0x9c,0x51,0x9c,0x11,0x94,
    0x52,0xa4,0xb3,0xac,0x52,0xa4,0x92,0xb4,0x92,0xb4,0x71,0xac,0x51,0xac,0x50,0xb4,0x2f,0xac,0x2f,0xb4,0x6f,0xb4,0x4f,0xb4,
    0x0e,0xac,0xed,0xab,0xad,0xa3,0xac,0xa3,0xed,0xab,0xed,0xab,0x0e,0xb4,0xac,0x9b,0xee,0xab,0x0d,0xac,0xcd,0xa3,0xcd,0xa3,
    0x2b,0x8b,0x0b,0x83,0x2b,0x8b,0xcd,0xa3,0xcd,0xa3,0x2e,0xac,0x6f,0xbc,0x90,0xc4,0x2e,0xb4,0x2e,0xb4,0x2e,0xb4,0xee,0xab,
    0xed,0xab,0xee,0xab,0x8c,0x9b,0x4c,0x93,0xed,0xab,0xcd,0xab,0x0e,0xb4,0x2e,0xb4,0x2d,0xbc,0x2e,0xb4,0x2d,0xbc,0x2e,0xb4,
    0xcc,0xa3,0xed,0xab,0xcd,0xa3,0x4e,0xb4,0x90,0xc4,0x4f,0xb4,0x8f,0xbc,0x8f,0xbc,0x6f,0xbc,0x6f,0xbc,0x4f,0xb4,0x2f,0xac,
    0x70,0xb4,0x70,0xac,0x71,0xac,0xd2,0xb4,0x51,0x9c,0x14,0xbd,0x76,0xc5,0x55,0xbd,0x76,0xbd,0x34,0xb5,0xf4,0xac,0xf4,0xb4,
    0xb3,0xa4,0xf3,0xac,0xb3,0xac,0x92,0xa4,0x71,0x9c,0x73,0x9c,0x93,0x9c,0xb3,0xa4,0x31,0x94,0x93,0x9c,0xd3,0xa4,0x32,0x8c,
    0x11,0x8c,0x52,0x94,0xd0,0x83,0x11,0x84,0x31,0x8c,0x11,0x84,0x11,0x84,0x52,0x8c,0xd4,0xa4,0xd3,0xac,0x91,0xac,0xd3,0xb4,
    0x70,0xa4,0x92,0xac,0xf3,0xb4,0x13,0xb5,0x13,0xbd,0xf3,0xbc,0x13,0xb5,0x54,0xc5,0x54,0xc5,0xf3,0xbc,0xd2,0xb4,0xf3,0xbc,
    0xd2,0xbc,0x91,0xac,0x91,0xb4,0x71,0xac,0x70,0xac,0x50,0xac,0x2f,0xa4,0x30,0xa4,0x70,0xac,0x70,0xac,0x71,0xb4,0x30,0xa4,
    0xce,0x93,0xeb,0x72,0xe8,0x49,0xa7,0x39,0xc6,0x39,0xa7,0x39,0xc7,0x31,0xa7,0x39,0xc7,0x31,0x6a,0x4a,0xb0,0x7b,0x94,0x9c,
    0xf5,0xa4,0x15,0xad,0x16,0xad,0x36,0xad,0x97,0xbd,0x76,0xbd,0x77,0xbd,0x56,0xbd,0x36,0xb5,0xf4,0xac,0xd4,0xac,0xf4,0xb4,
    0xf4,0xb4,0xb3,0xac,0xb4,0xa4,0x93,0xa4,0x31,0x9c,0x72,0x9c,0x72,0xa4,0x10,0x94,0xb0,0x8b,0xf0,0x8b,0xf0,0x93,0xaf,0x83,
    0x10,0x9c,0x31,0x9c,0xaf,0x8b,0x6e,0x7b,0xf0,0x8b,0x8e,0x83,0x6e,0x83,0xcf,0x8b,0xd0,0x93,0x11,0x94,0x31,0x9c,0x31,0x9c,
    0x92,0xa4,0x52,0x9c,0x11,0x9c,0x72,0xa4,0x92,0xac,0x92,0xac,0x92,0xac,0x70,0xac,0x71,0xac,0x71,0xb4,0x50,0xac,0x2f,0xac,
    0x0e,0xac,0x2e,0xac,0x0e,0xac,0xac,0x9b,0xcd,0xa3,0x8c,0x9b,0x6c,0x93,0x8c,0x9b,0xcd,0xab,0x0e,0xac,0xcd,0xa3,0xac,0xa3,
    0xac,0xa3,0x8c,0xa3,0x6c,0x93,0x6c,0x93,0x0a,0x8b,0x4b,0x8b,0x4c,0x8b,0x6c,0x9b,0xad,0xa3,0x0e,0xac,0x6f,0xbc,0x2e,0xb4,
    0x2e,0xb4,0xad,0xa3,0xed,0xab,0xcd,0xa3,0xed,0xab,0x8c,0x9b,0x4c,0x9b,0x2a,0x8b,0x6c,0x9b,0xcc,0xa3,0x0e,0xb4,0xcc,0xab,
    0xed,0xab,0x0d,0xb4,0xed,0xab,0xed,0xab,0xac,0x9b,0x8c,0x9b,0xed,0xab,0x4e,0xb4,0x2e,0xb4,0x0e,0xac,0x0d,0xac,0x4f,0xb4,
    0x6f,0xbc,0x2e,0xac,0xee,0xa3,0x8c,0x9b,0xee,0xa3,0x2f,0xa4,0x30,0xa4,0x8d,0x83,0xef,0x9b,0xf3,0xbc,0xd3,0xac,0xd3,0xac,
    0xd4,0xac,0xf3,0xac,0x31,0x9c,0x10,0x8c,0xf0,0x8b,0x11,0x94,0x51,0x94,0x11,0x8c,0xf0,0x93,0xf0,0x8b,0xaf,0x83,0xf0,0x8b,
    0x31,0x8c,0x6e,0x73,0x2d,0x6b,0xcc,0x5a,0x0e,0x5b,0x6f,0x6b,0x6e,0x6b,0x4e,0x6b,0x52,0x84,0x11,0x84,0x8f,0x73,0x32,0x8c,
    0xd4,0x94,0xb3,0x9c,0x92,0xa4,0x91,0xa4,0x14,0xb5,0x14,0xb5,0xd2,0xb4,0xb2,0xb4,0xd2,0xb4,0x91,0xac,0x71,0xac,0xb2,0xb4,
    0x13,0xbd,0x13,0xbd,0xf2,0xbc,0xb2,0xb4,0xb1,0xb4,0xb1,0xb4,0xb2,0xb4,0xb1,0xac,0x71,0xac,0x71,0xac,0x50,0xac,0x50,0xac,
    0x71,0xac,0x70,0xac,0x91,0xb4,0x71,0xac,0x30,0xa4,0x4c,0x83,0x08,0x4a,0xa6,0x39,0xc7,0x31,0xc7,0x39,0xa6,0x39,0xc7,0x39,
    0xa6,0x31,0x4a,0x4a,0xd1,0x7b,0xb4,0x9c,0xf5,0xac,0x16,0xa5,0x15,0xad,0x16,0xad,0x76,0xbd,0x76,0xbd,0x56,0xb5,0x35,0xb5,
    0x35,0xb5,0xf4,0xb4,0x15,0xb5,0xd4,0xac,0xb3,0xa4,0xb4,0xac,0x72,0x9c,0x72,0x9c,0x31,0x9c,0x32,0x94,0xd0,0x83,0x4e,0x73,
    0x8f,0x83,0xaf,0x7b,0x4e,0x7b,0xaf,0x83,0xd0,0x8b,0x2d,0x73,0x4e,0x7b,0x4e,0x73,0x4e,0x7b,0x6f,0x7b,0x6e,0x7b,0x8f,0x83,
    0x8f,0x7b,0xaf,0x83,0x10,0x8c,0x11,0x94,0x31,0x94,0x72,0xa4,0x51,0x9c,0x32,0xa4,0xb3,0xac,0x91,0xac,0x71,0xac,0x71,0xac,
    0xb2,0xb4,0x50,0xac,0xad,0x93,0x0e,0xac,0x6c,0x93,0xed,0xa3,0x8c,0x9b,0x8c,0x93,0x0a,0x8b,0xea,0x82,0xe9,0x7a,0x6b,0x9b,
    0xac,0x9b,0xcc,0xab,0xac,0xa3,0xac,0xa3,0xcc,0xa3,0x6c,0x9b,0x6b,0x93,0x4b,0x93,0x4b,0x93,0x0b,0x83,0xea,0x82,0x4b,0x93,
    0xad,0xa3,0xad,0xa3,0x2e,0xb4,0x4f,0xbc,0x6f,0xbc,0xed,0xab,0xed,0xab,0x0e,0xb4,0xad,0xa3,0x4b,0x93,0x4b,0x93,0xca,0x7a,
    0x2b,0x93,0x8c,0x9b,0x0d,0xb4,0xcd,0xab,0xac,0xa3,0xed,0xab,0xed,0xab,0x6a,0x9b,0x8c,0x9b,0x2a,0x8b,0x8c,0xa3,0xcd,0xa3,
    0xac,0x9b,0xac,0x9b,0x4b,0x8b,0xcd,0xa3,0xee,0xab,0x4b,0x8b,0xad,0x9b,0xed,0xa3,0x4f,0xac,0xad,0x93,0xaa,0x6a,0x8d,0x8b,
    0x50,0xac,0xad,0x8b,0x6d,0x83,0x8e,0x83,0x8e,0x83,0x8f,0x7b,0x4d,0x73,0x6e,0x83,0xef,0x8b,0xf0,0x83,0x73,0x8c,0x31,0x8c,
    0x2d,0x6b,0x0d,0x63,0x8e,0x7b,0x4e,0x6b,0xab,0x5a,0x6e,0x73,0xf0,0x83,0x0c,0x6b,0xcb,0x62,0x29,0x4a,0xab,0x52,0xed,0x62,
    0xed,0x5a,0x90,0x6b,0x4e,0x6b,0x4e,0x63,0xd1,0x73,0x11,0x7c,0xb0,0x73,0x93,0x9c,0x14,0xad,0xd3,0xac,0xd2,0xac,0xf3,0xb4,
    0x91,0xac,0x10,0x9c,0x2f,0xa4,0xb1,0xb4,0x91,0xb4,0xd2,0xb4,0xf2,0xbc,0x14,0xc5,0xf2,0xbc,0xd2,0xb4,0xf3,0xbc,0xd2,0xb4,
    0x91,0xac,0x70,0xac,0x71,0xac,0x50,0xac,0x91,0xac,0xb2,0xbc,0x91,0xac,0x90,0xac,0x30,0xac,0x4d,0x83,0x28,0x4a,0xa6,0x39,
    0xc7,0x39,0xa7,0x31,0xc7,0x39,0xa6,0x39,0xc7,0x31,0x29,0x4a,0xb0,0x7b,0xb4,0xa4,0xf5,0xa4,0xf6,0xac,0x16,0xad,0x36,0xad,
    0x76,0xbd,0x56,0xbd,0x56,0xbd,0x56,0xbd,0x56,0xbd,0xf4,0xac,0xb4,0xa4,0x92,0xa4,0x93,0xa4,0x72,0x9c,0x32,0x94,0x52,0x94,
    0x52,0x94,0x8f,0x73,0xec,0x6a,0x2d,0x73,0x4e,0x73,0x6e,0x83,0x6e,0x7b,0x8f,0x7b,0x0d,0x73,0x2d,0x6b,0x0e,0x63,0xac,0x5a,
    0x8b,0x5a,0xed,0x62,0x2d,0x6b,0xcc,0x5a,0xcc,0x62,0x0d,0x6b,0x4e,0x7b,0xf0,0x8b,0xd0,0x93,0xf0,0x8b,0x51,0xa4,0x72,0xa4,
    0x50,0xa4,0xb3,0xb4,0x71,0xac,0x30,0xa4,0xd2,0xb4,0x0f,0xa4,0x6c,0x8b,0x2b,0x83,0x2b,0x83,0x68,0x6a,0x0a,0x83,0xea,0x82,
    0x88,0x6a,0xa9,0x7a,0xa9,0x72,0xc9,0x7a,0x6b,0x93,0x4b,0x93,0xac,0x9b,0xac,0xa3,0xac,0x9b,0x4b,0x9b,0x4b,0x93,0xea,0x8a,
    0xc9,0x7a,0x0a,0x8b,0xca,0x82,0x4b,0x93,0xac,0x9b,0x8c,0x9b,0xed,0xab,0x90,0xc4,0x6f,0xbc,0xcd,0xab,0xad,0xa3,0xcd,0xa3,
    0xcd,0xa3,0x6b,0x9b,0x2b,0x93,0xea,0x82,0x4b,0x93,0x6b,0x93,0x6b,0x9b,0x8b,0x9b,0x6b,0xa3,0x6b,0x9b,0x6b,0x9b,0x2a,0x93,
    0x4a,0x93,0x4b,0x93,0x2a,0x8b,0x8b,0x9b,0x4b,0x8b,0xea,0x7a,0x2b,0x8b,0x8b,0x93,0x0a,0x7b,0x6c,0x93,0xcd,0x9b,0xcd,0x9b,
    0x6c,0x83,0x28,0x52,0xca,0x72,0xce,0x8b,0x4c,0x7b,0x0b,0x73,0xaa,0x6a,0x8a,0x62,0x49,0x52,0x8a,0x62,0xec,0x62,0xcc,0x5a,
    0x4a,0x42,0x4f,0x6b,0x11,0x84,0xed,0x62,0x6e,0x73,0xcc,0x5a,0x2e,0x63,0xac,0x5a,0x0e,0x5b,0xf1,0x73,0x4e,0x6b,0x4a,0x4a,
    0xec,0x5a,0x2d,0x6b,0x8b,0x52,0x08,0x4a,0x29,0x42,0x6a,0x4a,0x4a,0x42,0xac,0x52,0xec,0x62,0x0d,0x5b,0xb0,0x6b,0xb0,0x7b,
    0x10,0x8c,0x10,0x8c,0x10,0x9c,0x71,0xa4,0x30,0x9c,0x0f,0x9c,0xae,0x8b,0x0f,0x9c,0x2f,0xa4,0x91,0xb4,0xb1,0xb4,0xb1,0xb4,
    0xf3,0xbc,0xd2,0xbc,0xb2,0xbc,0xb1,0xb4,0x71,0xac,0x50,0xac,0x50,0xa4,0x2f,0xa4,0x30,0xa4,0x91,0xb4,0x91,0xb4,0x91,0xac,
    0x70,0xac,0x8e,0x8b,0x48,0x5a,0xa7,0x39,0xc7,0x31,0xc6,0x39,0xa7,0x39,0xc7,0x39,0xa7,0x31,0x29,0x4a,0xb1,0x7b,0xb4,0x9c,
    0xf6,0xac,0x15,0xad,0x36,0xad,0x36,0xad,0x76,0xbd,0x56,0xb5,0xf4,0xac,0x35,0xb5,0x15,0xb5,0xb3,0xac,0x72,0x9c,0x72,0xa4,
    0x72,0x9c,0x11,0x8c,0xf0,0x83,0x6f,0x73,0x0d,0x63,0xcc,0x62,0xed,0x62,0xec,0x62,0xab,0x5a,0x2d,0x6b,0x8f,0x73,0x90,0x73,
    0xed,0x5a,0xcc,0x5a,0xcc,0x5a,0x8c,0x4a,0x4a,0x4a,0x6b,0x52,0x4a,0x52,0x8b,0x5a,0x8b,0x5a,0x0d,0x6b,0x0d,0x6b,0x4d,0x73,
    0xaf,0x8b,0x10,0x94,0x71,0xa4,0x31,0x9c,0xef,0x93,0x8d,0x8b,0x91,0xa4,0x70,0xac,0x4f,0xac,0xce,0x9b,0x4c,0x83,0x69,0x62,
    0xea,0x7a,0xa9,0x72,0xc9,0x72,0xc9,0x7a,0x28,0x5a,0x27,0x5a,0x08,0x5a,0x67,0x6a,0x0a,0x8b,0xc9,0x7a,0x2a,0x93,0x6b,0x93,
    0x4b,0x93,0x4b,0x93,0x0a,0x8b,0x0a,0x8b,0x2b,0x8b,0xa9,0x7a,0xa9,0x72,0x4b,0x93,0x6c,0x93,0xed,0xab,0x2e,0xb4,0x4f,0xb4,
    0xcd,0xab,0xac,0xa3,0x0b,0x8b,0x8c,0x9b,0xac,0xa3,0x6c,0x93,0x0a,0x8b,0xc9,0x82,0x0a,0x83,0xea,0x82,0x2a,0x8b,0x4b,0x93,
    0x4a,0x93,0x2a,0x93,0x2a,0x8b,0x09,0x8b,0x2b,0x93,0xe9,0x82,0xc9,0x7a,0x0a,0x83,0x4a,0x8b,0xea,0x72,0xc9,0x7a,0x0a,0x7b,
    0x2b,0x83,0x6b,0x8b,0xca,0x72,0xaa,0x6a,0x69,0x5a,0x0b,0x73,0x2b,0x7b,0x2c,0x7b,0xcb,0x6a,0x28,0x52,0x08,0x42,0x08,0x42,
    0x09,0x4a,0xe8,0x41,0x08,0x42,0x6b,0x52,0x4a,0x4a,0x0d,0x63,0x2e,0x63,0x6a,0x4a,0xac,0x52,0x4e,0x6b,0x4f,0x63,0x4e,0x63,
    0xcc,0x5a,0xcc,0x5a,0xac,0x52,0x4e,0x6b,0xec,0x5a,0xf1,0x73,0xd0,0x73,0x6f,0x6b,0xcc,0x5a,0x8b,0x52,0xe7,0x41,0xc7,0x39,
    0x8b,0x52,0x4a,0x4a,0x09,0x4a,0xe7,0x39,0xed,0x62,0x0d,0x6b,0xab,0x5a,0x30,0x94,0x8e,0x83,0x0f,0x9c,0x30,0xa4,0xae,0x93,
    0x2f,0xa4,0x91,0xb4,0xb1,0xb4,0x91,0xb4,0x90,0xb4,0xb2,0xb4,0xd1,0xb4,0x91,0xb4,0x91,0xac,0x71,0xac,0x30,0xa4,0x30,0xa4,
    0x50,0xa4,0x70,0xac,0x91,0xac,0xb1,0xb4,0xb2,0xb4,0x0f,0xa4,0xaa,0x62,0xc7,0x39,0xa7,0x39,0xc6,0x39,0xa7,0x31,0xc6,0x39,
    0xa7,0x31,0x29,0x4a,0xd0,0x7b,0xb5,0x9c,0x15,0xad,0x16,0xad,0x36,0xa5,0x16,0xad,0x56,0xb5,0x35,0xb5,0x15,0xb5,0x35,0xb5,
    0xd4,0xac,0xb2,0xa4,0x73,0x9c,0x32,0x8c,0x6f,0x73,0x32,0x84,0xb1,0x6b,0x4b,0x4a,0x09,0x4a,0x6a,0x52,0xac,0x5a,0x8c,0x52,
    0x6b,0x52,0x2a,0x42,0x29,0x42,0x4a,0x4a,0x8c,0x4a,0x6c,0x42,0x2a,0x42,0x2a,0x42,0x2a,0x42,0x29,0x42,0x2a,0x42,0x09,0x42,
    0x4a,0x42,0x8b,0x52,0x8b,0x52,0x8c,0x52,0xaa,0x5a,0x4d,0x73,0x8e,0x7b,0x8e,0x83,0xae,0x8b,0xee,0x93,0xef,0x93,0xad,0x93,
    0xad,0x93,0xcd,0x93,0xea,0x72,0x48,0x52,0xa9,0x72,0xaa,0x72,0xa9,0x6a,0x88,0x6a,0xe7,0x41,0xc7,0x41,0xe7,0x49,0x68,0x6a,
    0x47,0x62,0xe7,0x51,0xc9,0x7a,0x29,0x8b,0x2a,0x8b,0x2a,0x93,0xa8,0x7a,0xc9,0x82,0xc9,0x7a,0x68,0x72,0x89,0x72,0xea,0x82,
    0x2b,0x93,0xcd,0xa3,0xed,0xab,0xac,0xa3,0xcd,0xab,0x6b,0x9b,0xac,0xa3,0xac,0xa3,0x4b,0x93,0x2b,0x93,0xea,0x82,0x89,0x72,
    0xc9,0x82,0xc9,0x7a,0xa9,0x7a,0x0a,0x8b,0xc9,0x82,0xa8,0x7a,0xc9,0x82,0xe9,0x82,0x09,0x8b,0x88,0x6a,0x88,0x72,0xe9,0x82,
    0x89,0x72,0xc9,0x6a,0xa9,0x72,0x2a,0x83,0x0a,0x7b,0x69,0x62,0x68,0x62,0x89,0x62,0xa9,0x6a,0xaa,0x6a,0x89,0x62,0x69,0x52,
    0xe8,0x41,0xc7,0x39,0xc7,0x41,0xc7,0x41,0xe7,0x41,0xc7,0x39,0xe8,0x39,0x8b,0x4a,0x8b,0x52,0x4a,0x4a,0xac,0x52,0xac,0x4a,
    0x6b,0x4a,0xec,0x52,0x2a,0x42,0x4a,0x42,0xb0,0x73,0x0e,0x5b,0xed,0x5a,0x0d,0x63,0x4e,0x63,0xe8,0x41,0x4a,0x42,0x2e,0x63,
    0xcc,0x52,0xac,0x52,0x49,0x4a,0xa7,0x39,0xa6,0x31,0xe8,0x39,0x4a,0x4a,0xcc,0x5a,0x29,0x4a,0x8b,0x52,0xed,0x62,0x11,0x84,
    0x6e,0x73,0x2c,0x73,0x8e,0x83,0x0f,0x9c,0xae,0x93,0xad,0x93,0x70,0xb4,0x50,0xac,0x2f,0xa4,0x50,0xac,0x71,0xac,0x91,0xb4,
    0xb2,0xb4,0x70,0xa4,0x10,0xa4,0x70,0xac,0x50,0xa4,0x51,0xac,0x91,0xac,0xb1,0xbc,0xb2,0xbc,0x91,0xac,0x0c,0x7b,0xc7,0x39,
    0xc7,0x39,0xa7,0x31,0xc7,0x39,0xc7,0x39,0xa6,0x31,0x29,0x42,0x90,0x7b,0xb4,0x9c,0xf5,0xac,0x36,0xad,0x36,0xad,0x36,0xad,
    0xf4,0xac,0x14,0xb5,0x14,0xb5,0x15,0xb5,0xb2,0xa4,0x52,0x9c,0x51,0x8c,0xd0,0x83,0x6f,0x6b,0x0e,0x5b,0x4a,0x42,0x4a,0x4a,
    0x4a,0x4a,0x4b,0x4a,0x2a,0x42,0x29,0x42,0x29,0x4a,0x4a,0x4a,0x09,0x42,0x09,0x42,0xc8,0x39,0x09,0x3a,0xe9,0x39,0xc8,0x39,
    0x09,0x3a,0x2b,0x42,0x2a,0x42,0x29,0x42,0xe9,0x41,0xe8,0x41,0x4a,0x4a,0x2a,0x42,0x09,0x42,0x29,0x4a,0x6a,0x52,0x8a,0x5a,
    0x8d,0x83,0x4c,0x83,0x0b,0x73,0x2c,0x7b,0x0b,0x73,0xa9,0x62,0xaa,0x6a,0x69,0x62,0x27,0x52,0x88,0x6a,0x48,0x5a,0x07,0x52,
    0xc7,0x41,0xc7,0x39,0xe7,0x49,0xe6,0x49,0x48,0x5a,0x07,0x5a,0x88,0x72,0xc9,0x82,0xa8,0x7a,0xa9,0x7a,0x68,0x6a,0x88,0x7a,
    0x89,0x7a,0x88,0x72,0x89,0x72,0x88,0x72,0x0a,0x8b,0x4b,0x93,0x8c,0x9b,0x8c,0x9b,0xac,0xa3,0x6b,0x9b,0x4b,0x9b,0x8c,0x9b,
    0x6b,0x93,0xea,0x82,0xc9,0x82,0xa9,0x7a,0xc9,0x7a,0xa9,0x7a,0x68,0x72,0x68,0x72,0xa8,0x7a,0xa8,0x7a,0xa8,0x82,0xc9,0x7a,
    0x47,0x6a,0x48,0x6a,0x88,0x72,0x48,0x62,0x68,0x62,0x89,0x62,0xc9,0x72,0x0a,0x7b,0xa9,0x6a,0x69,0x62,0xa9,0x6a,0x89,0x62,
    0xa9,0x6a,0x69,0x5a,0x08,0x42,0xe8,0x41,0x6a,0x4a,0x6a,0x52,0x29,0x42,0xe7,0x41,0xc7,0x39,0xc7,0x39,0xc7,0x39,0x86,0x31,
    0xe7,0x39,0xc8,0x39,0xc7,0x31,0x09,0x42,0x29,0x42,0x8b,0x4a,0x0e,0x5b,0x8b,0x52,0x08,0x3a,0x08,0x42,0x6b,0x4a,0x09,0x3a,
    0x6a,0x4a,0x09,0x42,0xa6,0x31,0xc7,0x39,0x6a,0x4a,0xe8,0x39,0x09,0x42,0x08,0x42,0xc7,0x39,0xa7,0x39,0xc7,0x39,0x49,0x42,
    0x08,0x42,0xa6,0x31,0x09,0x42,0x08,0x42,0x4a,0x4a,0xab,0x62,0xcb,0x62,0x0b,0x73,0xae,0x93,0xce,0x93,0xee,0x9b,0x0f,0xa4,
    0x50,0xac,0x2f,0xac,0x30,0xa4,0x71,0xac,0x91,0xb4,0x71,0xac,0x30,0xa4,0x30,0xa4,0x50,0xa4,0x71,0xac,0x71,0xac,0x91,0xac,
    0xb2,0xb4,0xb1,0xb4,0x8e,0x8b,0x08,0x42,0xa6,0x39,0xc7,0x39,0xa6,0x31,0xc7,0x39,0xa6,0x39,0x09,0x42,0xb0,0x7b,0x94,0x9c,
    0x15,0xad,0x16,0xad,0x36,0xad,0x16,0xb5,0x35,0xbd,0x14,0xb5,0x14,0xb5,0xd4,0xa4,0x10,0x8c,0x12,0x8c,0x32,0x84,0xcd,0x52,
    0x09,0x42,0xe8,0x41,0xe8,0x41,0xe8,0x41,0xc8,0x39,0x08,0x3a,0xc7,0x39,0xa7,0x39,0xc7,0x31,0xe8,0x39,0xe8,0x39,0x08,0x42,
    0xc7,0x39,0xa7,0x39,0xe8,0x39,0xe8,0x39,0xc7,0x39,0x09,0x42,0xc7,0x39,0xc7,0x39,0xc7,0x39,0x09,0x3a,0xe8,0x39,0xe8,0x39,
    0x29,0x4a,0x49,0x4a,0xe8,0x41,0x08,0x42,0x4a,0x52,0x89,0x5a,0xeb,0x6a,0x4c,0x73,0x0c,0x73,0xca,0x6a,0xaa,0x6a,0x88,0x6a,
    0x07,0x4a,0x48,0x62,0x07,0x52,0xe7,0x49,0xc7,0x39,0xc6,0x39,0xe7,0x49,0xc6,0x41,0x07,0x52,0x27,0x5a,0x47,0x6a,0x87,0x72,
    0x47,0x6a,0x07,0x62,0x27,0x6a,0x47,0x6a,0x47,0x6a,0xa9,0x72,0x48,0x6a,0x89,0x72,0x0a,0x8b,0x2b,0x93,0x8c,0x9b,0x4b,0x93,
    0x4a,0x93,0x4b,0x9b,0x6b,0x93,0x2a,0x93,0xea,0x8a,0xc9,0x7a,0xea,0x82,0xa9,0x7a,0xa9,0x7a,0x68,0x6a,0x06,0x5a,0x27,0x6a,
    0x47,0x6a,0x27,0x6a,0x88,0x72,0x88,0x7a,0x47,0x6a,0x88,0x72,0x47,0x62,0xe7,0x49,0x27,0x5a,0x48,0x5a,0xa9,0x6a,0x68,0x5a,
    0x69,0x5a,0xa9,0x6a,0x69,0x5a,0x08,0x4a,0xe7,0x41,0xe7,0x41,0x28,0x4a,0x09,0x4a,0xe8,0x41,0xe7,0x39,0xe8,0x41,0x09,0x3a,
    0x09,0x42,0x4a,0x42,0x6b,0x42,0x6b,0x4a,0x6a,0x4a,0x29,0x3a,0xe8,0x39,0xc7,0x39,0xa7,0x31,0x86,0x31,0x08,0x42,0xac,0x4a,
    0xc7,0x39,0xa6,0x31,0xa7,0x39,0x28,0x42,0xe7,0x39,0x29,0x42,0xe8,0x39,0xc7,0x39,0xa7,0x39,0xc7,0x39,0xe8,0x39,0xa7,0x39,
    0x08,0x42,0xc7,0x39,0xa6,0x39,0xa7,0x31,0xa7,0x39,0xe7,0x39,0x09,0x42,0x4a,0x4a,0x09,0x4a,0x8a,0x52,0x4a,0x52,0x28,0x4a,
    0xaa,0x6a,0xef,0x9b,0xee,0x9b,0xad,0x8b,0xce,0x93,0x2f,0xac,0x50,0xb4,0x4f,0xa4,0x71,0xac,0x91,0xac,0x50,0xa4,0x50,0xac,
    0x50,0xac,0x91,0xac,0x91,0xb4,0x91,0xb4,0xb1,0xb4,0xd2,0xb4,0xce,0x93,0x29,0x4a,0xa6,0x31,0xc7,0x39,0xc7,0x39,0xa6,0x31,
    0xc7,0x39,0x08,0x42,0x6f,0x73,0xb4,0x9c,0xf5,0xac,0x36,0xad,0x16,0xad,0x36,0xad,0xf4,0xb4,0xf4,0xac,0x93,0x9c,0xd0,0x83,
    0xb0,0x7b,0x2e,0x63,0x49,0x42,0xc7,0x39,0x09,0x42,0x0a,0x42,0xa7,0x39,0xc7,0x31,0xa7,0x39,0xc8,0x39,0xc7,0x39,0xc7,0x39,
    0xa7,0x39,0xa6,0x39,0xa7,0x39,0xc7,0x39,0xe8,0x39,0xc7,0x39,0xc7,0x39,0xc8,0x39,0xc7,0x39,0xa7,0x31,0xc7,0x39,0xa7,0x31,
    0xe7,0x39,0xc8,0x39,0xa7,0x39,0xc7,0x39,0xc7,0x39,0xe8,0x41,0xc8,0x39,0xc7,0x39,0xc7,0x39,0xc7,0x39,0xe7,0x41,0x29,0x4a,
    0x48,0x5a,0x48,0x5a,0x28,0x4a,0x48,0x5a,0x28,0x5a,0x27,0x52,0x07,0x4a,0xc7,0x41,0xc7,0x39,0xc7,0x39,0xc6,0x41,0xc7,0x41,
    0xc7,0x39,0x06,0x62,0x27,0x62,0xe7,0x51,0x47,0x62,0x67,0x72,0x27,0x62,0x06,0x5a,0x48,0x72,0x27,0x6a,0x68,0x6a,0xa9,0x7a,
    0x0a,0x8b,0xcd,0xa3,0x6b,0x9b,0x4b,0x93,0x0a,0x93,0x2b,0x93,0x09,0x8b,0xea,0x82,0x88,0x72,0x89,0x7a,0x68,0x72,0x88,0x72,
    0x48,0x6a,0x07,0x5a,0xe7,0x59,0x06,0x5a,0xe7,0x59,0x26,0x62,0x07,0x62,0x26,0x62,0x47,0x6a,0x27,0x5a,0x07,0x52,0x27,0x5a,
    0x07,0x52,0x27,0x52,0x48,0x62,0x89,0x6a,0x48,0x52,0x07,0x4a,0xe7,0x41,0xc7,0x41,0xc7,0x39,0xe7,0x41,0xc7,0x39,0xc7,0x39,
    0xe8,0x39,0x08,0x3a,0xc8,0x39,0xc7,0x39,0xe7,0x39,0x29,0x42,0x29,0x42,0xc7,0x39,0xe8,0x39,0x08,0x42,0x09,0x3a,0xc7,0x39,
    0xc6,0x39,0xc7,0x39,0xa6,0x31,0xa6,0x39,0xc7,0x39,0xc7,0x39,0xa7,0x31,0x29,0x42,0x49,0x4a,0xa7,0x31,0xc7,0x39,0xe8,0x39,
    0xc7,0x39,0xc7,0x39,0xc6,0x39,0xc7,0x39,0xc7,0x39,0xc7,0x39,0xa7,0x39,0xc7,0x39,0xc7,0x39,0xc7,0x39,0xc7,0x39,0xe7,0x39,
    0xe8,0x39,0xc7,0x39,0xc7,0x39,0xc7,0x39,0xa7,0x39,0x2b,0x7b,0xef,0x9b,0xce,0xa3,0xad,0x93,0xad,0x93,0x71,0xb4,0x50,0xac,
    0x50,0xa4,0x71,0xb4,0x50,0xa4,0x50,0xa4,0x50,0xac,0x91,0xac,0x91,0xac,0xb1,0xb4,0xb2,0xb4,0xd2,0xbc,0xcf,0x93,0x28,0x4a,
    0xa7,0x31,0xc7,0x39,0xa7,0x39,0xc7,0x39,0xa6,0x31,0x09,0x42,0xb0,0x7b,0xb4,0xa4,0x16,0xa5,0x36,0xad,0x36,0xb5,0x36,0xad,
    0xb3,0xa4,0x72,0x94,0xaf,0x7b,0xed,0x5a,0xed,0x5a,0x09,0x3a,0xa8,0x39,0xc8,0x39,0xe9,0x41,0xc7,0x31,0xc6,0x39,0xa7,0x39,
    0x08,0x42,0xe8,0x39,0xa7,0x39,0xc7,0x31,0xa6,0x39,0xc7,0x31,0xc7,0x39,0xc7,0x39,0xc7,0x39,0xa6,0x31,0xc7,0x39,0xc7,0x39,
    0xc8,0x39,0xc7,0x31,0xc7,0x39,0xa6,0x39,0xc7,0x31,0xa7,0x39,0xc6,0x31,0xa7,0x39,0xc7,0x31,0xc7,0x39,0xc6,0x39,0xc7,0x39,
    0xc7,0x31,0xc7,0x39,0xa7,0x39,0xc7,0x39,0xc7,0x39,0xc7,0x39,0xc8,0x39,0xc7,0x39,0xe7,0x41,0xe7,0x49,0xc7,0x41,0xc6,0x39,
    0xc7,0x39,0xc6,0x41,0xc7,0x39,0xc7,0x39,0xc6,0x39,0xc7,0x41,0xc6,0x41,0x06,0x52,0x27,0x62,0x06,0x62,0x27,0x62,0x27,0x62,
    0x27,0x62,0x47,0x6a,0xa9,0x72,0xa9,0x82,0x2a,0x8b,0x2b,0x93,0x2a,0x93,0x6b,0x9b,0x6b,0x93,0xe9,0x8a,0x0a,0x8b,0x88,0x7a,
    0x88,0x72,0x68,0x72,0x88,0x72,0x48,0x62,0x06,0x62,0x07,0x5a,0x07,0x5a,0xc6,0x49,0xe7,0x51,0xe6,0x51,0xe7,0x51,0x06,0x5a,
    0xe7,0x51,0x06,0x52,0x26,0x62,0xe6,0x51,0x27,0x5a,0x47,0x62,0x48,0x62,0x88,0x62,0x27,0x52,0x07,0x4a,0xc7,0x39,0xc6,0x39,
    0xc7,0x39,0xa7,0x31,0xc6,0x39,0xa7,0x39,0xc7,0x39,0xc7,0x39,0x08,0x42,0x29,0x42,0xa7,0x39,0xa6,0x31,0xa6,0x39,0xc7,0x31,
    0xa7,0x39,0xc7,0x39,0xc7,0x39,0xc7,0x39,0xc8,0x39,0xc7,0x39,0xc7,0x39,0xa7,0x31,0xc7,0x39,0xc7,0x39,0xc6,0x39,0xa7,0x31,
    0xa7,0x39,0xc7,0x39,0xa6,0x39,0xa7,0x31,0xc6,0x39,0xa7,0x31,0xc7,0x39,0x09,0x42,0xa6,0x39,0xc7,0x39,0xc6,0x39,0xc7,0x39,
    0xc7,0x39,0xa6,0x39,0xc7,0x39,0xa6,0x39,0xa7,0x31,0xc6,0x39,0xa7,0x39,0xc7,0x39,0xa6,0x31,0xe8,0x41,0x0b,0x7b,0x4c,0x83,
    0xce,0xa3,0x0f,0xa4,0xee,0x9b,0x2f,0xac,0x0f,0xa4,0x50,0xac,0x71,0xac,0x70,0xac,0x71,0xac,0x92,0xb4,0xb2,0xb4,0xb2,0xb4,
    0xd2,0xb4,0xd2,0xb4,0xef,0x93,0x08,0x4a,0xa7,0x39,0xc7,0x39,0xa7,0x31,0xc6,0x39,0xa7,0x31,0x29,0x4a,0xb0,0x7b,0xd5,0xa4,
    0xf5,0xac,0x36,0xad,0x36,0xb5,0x36,0xad,0x11,0x84,0x4e,0x73,0xed,0x5a,0x2a,0x4a,0xe8,0x41,0x09,0x4a,0xe7,0x39,0xa7,0x39,
    0xc6,0x39,0xa7,0x39,0xc7,0x31,0xa7,0x39,0xc7,0x39,0xa6,0x31,0xc6,0x39,0xa7,0x39,0xc7,0x39,0xc7,0x39,0xa6,0x31,0xc7,0x39,
    0xa7,0x31,0xc7,0x39,0xa7,0x39,0xc6,0x31,0xc7,0x39,0xa6,0x39,0xc7,0x31,0xa7,0x39,0xc7,0x39,0xc7,0x31,0xa6,0x39,0xc7,0x39,
    0xa7,0x39,0xa6,0x31,0xe8,0x39,0xe8,0x39,0xa7,0x39,0xc7,0x39,0xc6,0x31,0xc7,0x39,0xc7,0x39,0xe7,0x41,0x07,0x52,0xa6,0x39,
    0xc7,0x39,0xc6,0x41,0xc7,0x39,0xc7,0x41,0xa6,0x39,0xc7,0x31,0xa7,0x39,0xc6,0x39,0xc7,0x39,0xc7,0x39,0xc7,0x41,0xe6,0x51,
    0xe7,0x51,0x06,0x5a,0x27,0x6a,0x27,0x62,0x07,0x5a,0x68,0x6a,0x88,0x72,0xc9,0x7a,0xea,0x82,0x2a,0x93,0x4b,0x93,0x4a,0x93,
    0x4b,0x93,0xe9,0x8a,0x88,0x72,0x68,0x72,0x47,0x6a,0x48,0x6a,0x27,0x62,0xe7,0x59,0x07,0x5a,0xe6,0x51,0xc7,0x49,0xc7,0x49,
    0xe6,0x41,0xe7,0x49,0xc6,0x49,0xc7,0x41,0xe6,0x41,0xc7,0x41,0xc7,0x41,0xc7,0x41,0xe7,0x41,0x06,0x52,0xe7,0x49,0xc6,0x41,
    0xc7,0x39,0xc7,0x39,0xc7,0x39,0xa7,0x39,0xc6,0x39,0xa7,0x39,0xc7,0x31,0xc6,0x39,0xa7,0x31,0xc7,0x39,0xa6,0x31,0xc7,0x39,
    0xc7,0x39,0xe7,0x39,0xc7,0x39,0xc7,0x39,0xc6,0x31,0xa7,0x39,0xc7,0x31,0xa6,0x39,0xc7,0x31,0xc6,0x39,0xa7,0x31,0xc6,0x39,
    0xa7,0x39,0xc7,0x31,0xa7,0x39,0xc6,0x39,0xa7,0x31,0xc6,0x39,0xc7,0x31,0xc7,0x39,0xa7,0x39,0xc7,0x39,0xa6,0x39,0xc7,0x31,
    0xc7,0x39,0xa7,0x39,0xc7,0x39,0xc6,0x41,0xc7,0x41,0xc7,0x39,0xc7,0x39,0xc7,0x39,0xa6,0x39,0xc7,0x31,0xc7,0x39,0xa7,0x39,
    0xc7,0x39,0xa6,0x31,0xe7,0x49,0x8a,0x62,0x6c,0x8b,0xee,0xa3,0x2f,0xa4,0x0f,0xa4,0x0f,0xa4,0x30,0xa4,0x71,0xac,0x71,0xac,
    0x91,0xac,0x91,0xb4,0x91,0xac,0x91,0xac,0x91,0xb4,0xb2,0xb4,0x10,0x9c,0x49,0x52,0xa6,0x31,0xc7,0x39,0xc6,0x39,0xa7,0x39,
    0xc7,0x31,0x4a,0x4a,0xf1,0x83,0xd5,0xa4,0x16,0xad,0x16,0xad,0x36,0xad,0x36,0xb5,0x0d,0x63,0xab,0x5a,0x8f,0x7b,0xcc,0x5a,
    0xc7,0x31,0xc7,0x39,0xa7,0x39,0xc6,0x31,0xc7,0x39,0xa7,0x39,0xc6,0x39,0xa6,0x31,0xc7,0x39,0xc7,0x39,0xc7,0x39,0xc7,0x31,
    0xa6,0x39,0xc7,0x31,0xa7,0x39,0xc6,0x39,0xc7,0x39,0xa6,0x31,0xc7,0x39,0xa7,0x39,0xc7,0x31,0xc7,0x39,0xa7,0x39,0xc7,0x39,
    0xc7,0x31,0xc7,0x39,0xc7,0x39,0xc7,0x31,0xc7,0x39,0xc7,0x39,0xc7,0x39,0xa7,0x39,0xc6,0x31,0xa7,0x39,0xc7,0x39,0xa7,0x31,
    0xc7,0x39,0xc7,0x39,0xc7,0x39,0xa7,0x39,0xc6,0x41,0xe7,0x49,0xc7,0x41,0xc6,0x39,0xc7,0x41,0xc7,0x41,0xc6,0x39,0xa7,0x39,
    0xc7,0x39,0xa6,0x39,0xc7,0x39,0xc7,0x41,0xc6,0x41,0xe7,0x51,0x06,0x5a,0x07,0x62,0x07,0x5a,0x27,0x6a,0x68,0x72,0xa9,0x7a,
    0xa9,0x7a,0xc9,0x82,0x2a,0x8b,0xe9,0x8a,0xc9,0x82,0xe9,0x82,0xc9,0x82,0x47,0x72,0x48,0x72,0x47,0x6a,0x47,0x6a,0x27,0x62,
    0xe7,0x59,0xe6,0x51,0xe7,0x49,0xe6,0x49,0xc7,0x49,0xc6,0x41,0xc7,0x39,0xc7,0x39,0xa7,0x39,0xc7,0x39,0xa6,0x31,0xc7,0x39,
    0xc7,0x39,0xc6,0x41,0xe7,0x41,0xc7,0x41,0xc6,0x41,0xc7,0x41,0xc6,0x39,0xc7,0x39,0xa7,0x31,0xc6,0x39,0xa7,0x39,0xc7,0x39,
    0xa6,0x31,0xc7,0x39,0xa7,0x39,0xc6,0x31,0xa7,0x39,0xc7,0x31,0xc7,0x39,0xa7,0x31,0xc7,0x39,0xa6,0x39,0xc7,0x39,0xc7,0x39,
    0xa7,0x39,0xc7,0x31,0xa6,0x39,0xc7,0x39,0xc7,0x31,0xa6,0x39,0xc7,0x39,0xa7,0x31,0xc7,0x39,0xa7,0x39,0xc6,0x39,0xa7,0x31,
    0xc6,0x39,0xa7,0x31,0xc7,0x39,0xa6,0x39,0xc7,0x31,0xc6,0x39,0xa7,0x39,0xc7,0x39,0xc7,0x39,0xa6,0x31,0xa6,0x31,0xc7,0x39,
    0xa7,0x31,0xc7,0x39,0xa6,0x39,0xc7,0x39,0xc7,0x39,0xc7,0x39,0xa7,0x39,0x07,0x4a,0x49,0x5a,0x0b,0x7b,0xce,0x9b,0xee,0x9b,
    0xef,0x9b,0x0f,0xa4,0x30,0xa4,0x70,0xac,0x71,0xac,0xb1,0xb4,0xb2,0xb4,0x71,0xac,0xb1,0xb4,0xd2,0xb4,0x30,0xa4,0x6a,0x5a,
    0xa6,0x39,0xc7,0x31,0xa7,0x39,0xc7,0x31,0xa6,0x39,0x6b,0x52,0xf1,0x8b,0xd5,0xa4,0x15,0xad,0x36,0xad,0x36,0xad,0x36,0xad,
    0x8a,0x5a,0x8b,0x5a,0x4a,0x4a,0xc7,0x39,0xa7,0x39,0xa6,0x31,0xc7,0x39,0xc7,0x39,0xc7,0x39,0xa7,0x31,0xa7,0x39,0xe8,0x41,
    0x49,0x52,0xe8,0x41,0xc7,0x39,0xa7,0x39,0xc7,0x39,0xa6,0x39,0xc7,0x31,0xa7,0x39,0xc6,0x31,0xc7,0x39,0xa7,0x39,0xc6,0x31,
    0xa7,0x39,0xc6,0x39,0xc7,0x31,0xc7,0x39,0xa6,0x39,0xc7,0x39,0xc7,0x39,0xa7,0x39,0xc7,0x39,0xa6,0x31,0xc7,0x39,0xc6,0x39,
    0xa7,0x39,0xc7,0x31,0xa6,0x39,0xc7,0x39,0xc6,0x39,0xc7,0x41,0xa6,0x39,0xc7,0x39,0xc7,0x31,0xc6,0x39,0xc7,0x39,0xc7,0x39,
    0xc7,0x41,0xc6,0x39,0xc7,0x39,0xa7,0x39,0xc6,0x31,0xc7,0x39,0xc7,0x39,0xc6,0x41,0xe7,0x41,0xe6,0x51,0xe7,0x51,0xe6,0x51,
    0x07,0x62,0x47,0x62,0x68,0x72,0xc9,0x7a,0xa9,0x7a,0xa9,0x7a,0xc9,0x82,0xea,0x8a,0x88,0x72,0xa8,0x7a,0x88,0x72,0x68,0x72,
    0x47,0x6a,0x27,0x62,0x07,0x5a,0x07,0x62,0x07,0x5a,0xe7,0x59,0xe6,0x51,0xe7,0x51,0xc6,0x49,0xc7,0x41,0xc7,0x39,0xa6,0x39,
    0xc7,0x39,0xa6,0x39,0xc7,0x39,0xc6,0x39,0xc7,0x39,0xc7,0x41,0xc6,0x41,0xe7,0x41,0xc6,0x41,0xc7,0x41,0xc7,0x31,0xa6,0x39,
    0xc7,0x39,0xc7,0x31,0xa6,0x39,0xc7,0x31,0xc7,0x39,0xa6,0x39,0xc7,0x31,0xa7,0x39,0xc7,0x39,0xa6,0x31,0xc7,0x39,0xa6,0x39,
    0xc7,0x39,0xc7,0x31,0xa6,0x31,0xc7,0x39,0xa6,0x31,0xc7,0x39,0xc7,0x39,0xa6,0x31,0xc7,0x39,0xa7,0x39,0xc6,0x31,0xc7,0x39,
    0xc6,0x39,0xa7,0x31,0xc7,0x39,0xa7,0x39,0xc7,0x39,0xc6,0x39,0xa7,0x39,0xc7,0x31,0xa6,0x39,0xc7,0x41,0xc7,0x39,0xc7,0x41,
    0xc7,0x41,0x08,0x4a,0x08,0x42,0xc7,0x39,0xc6,0x41,0xc7,0x31,0xc7,0x39,0xc7,0x39,0xa6,0x39,0xc7,0x39,0xa6,0x31,0x08,0x4a,
    0x8a,0x62,0xaa,0x6a,0x0c,0x73,0xad,0x93,0xae,0x93,0xae,0x93,0x0f,0x9c,0x50,0xac,0x71,0xac,0xb1,0xb4,0xb2,0xb4,0x91,0xac,
    0xb2,0xb4,0xd2,0xbc,0x92,0xac,0xeb,0x6a,0xa7,0x31,0xc6,0x39,0xa7,0x39,0xc6,0x39,0xa7,0x31,0x8b,0x52,0x32,0x8c,0xd5,0xa4,
    0x15,0xad,0x36,0xb5,0x16,0xad,0x36,0xb5,0x6a,0x52,0x09,0x42,0xe8,0x41,0xc7,0x31,0xa7,0x39,0xc7,0x39,0xa7,0x39,0xc8,0x39,
    0xc7,0x39,0xe7,0x49,0xe7,0x41,0xc8,0x39,0xe7,0x41,0xc7,0x39,0xc7,0x39,0xa6,0x31,0xc7,0x39,0xc7,0x31,0xa6,0x39,0xc7,0x39,
    0xa7,0x39,0xc7,0x31,0xc6,0x39,0xa7,0x39,0xc7,0x39,0xa7,0x39,0xc7,0x39,0xa7,0x39,0xc7,0x31,0xc7,0x39,0xa7,0x31,0xc6,0x39,
    0xc7,0x39,0xc7,0x39,0xa7,0x31,0xc7,0x39,0xc6,0x31,0xa7,0x39,0xc7,0x39,0xc7,0x39,0xc6,0x41,0xe7,0x41,0xc7,0x39,0xc6,0x39,
    0xc7,0x41,0xc7,0x39,0xa6,0x39,0xc7,0x39,0xc6,0x31,0xa7,0x39,0xc7,0x31,0xa7,0x39,0xc7,0x39,0xa6,0x31,0xc7,0x39,0xc7,0x39,
    0xc6,0x49,0xe7,0x49,0xe6,0x51,0x07,0x5a,0x27,0x62,0x48,0x6a,0x48,0x6a,0x68,0x72,0x88,0x72,0xc9,0x82,0xc9,0x7a,0xc9,0x82,
    0xc9,0x7a,0x68,0x72,0x47,0x6a,0x47,0x62,0x27,0x62,0x07,0x62,0x27,0x62,0x27,0x62,0x07,0x5a,0xe6,0x51,0xe7,0x51,0xe6,0x49,
    0xc7,0x41,0xc7,0x41,0xc6,0x39,0xc7,0x39,0xc7,0x39,0xc7,0x39,0xc7,0x39,0xa7,0x39,0xc6,0x39,0xa7,0x39,0xc7,0x39,0xc6,0x39,
    0xc7,0x39,0xa7,0x31,0xc6,0x39,0xc7,0x39,0xa7,0x39,0xc6,0x39,0xa7,0x31,0xc7,0x39,0xa7,0x39,0xc7,0x31,0xc6,0x39,0xa7,0x39,
    0xc6,0x31,0xc7,0x39,0xa7,0x39,0xc7,0x39,0xa6,0x31,0xc7,0x39,0xc7,0x39,0xc6,0x39,0xc7,0x39,0xa7,0x39,0xa6,0x31,0xc7,0x39,
    0xa7,0x39,0xc6,0x31,0xa7,0x39,0xc7,0x39,0xc7,0x39,0xc6,0x39,0xa7,0x39,0xc6,0x39,0xc7,0x39,0xc7,0x49,0xe6,0x49,0x07,0x52,
    0xe7,0x49,0xa7,0x39,0xc6,0x41,0xe7,0x41,0x69,0x62,0x48,0x5a,0x8a,0x62,0x08,0x52,0xc7,0x41,0xc7,0x49,0xc6,0x39,0xa7,0x31,
    0xc7,0x39,0xc7,0x39,0xa7,0x39,0xc7,0x41,0x08,0x4a,0xeb,0x6a,0xec,0x7a,0x2c,0x7b,0xae,0x8b,0xce,0x93,0xad,0x8b,0x0f,0xa4,
    0x50,0xa4,0x71,0xac,0xb1,0xb4,0x91,0xb4,0xb1,0xb4,0xf3,0xbc,0xd2,0xb4,0x2d,0x7b,0xc7,0x39,0xa7,0x39,0xc7,0x31,0xa7,0x39,
    0xc7,0x39,0xcc,0x5a,0x52,0x94,0xf5,0xa4,0x16,0xad,0x36,0xad,0x56,0xb5,0x56,0xad,0x29,0x4a,0x8b,0x52,0x09,0x4a,0xc7,0x39,
    0xa6,0x39,0xc7,0x31,0xc7,0x39,0x08,0x52,0xe7,0x41,0x08,0x42,0x08,0x4a,0xe7,0x41,0xa7,0x39,0xc7,0x31,0xa6,0x39,0xc7,0x39,
    0xa7,0x39,0xc6,0x39,0xa7,0x31,0xc7,0x31,0xa6,0x39,0xa7,0x39,0xa7,0x31,0xc7,0x31,0xa7,0x31,0xc6,0x31,0xa7,0x39,0xc6,0x31,
    0xa7,0x39,0xc6,0x39,0xc7,0x39,0xa7,0x31,0xc6,0x39,0xa7,0x39,0xc6,0x39,0xa7,0x39,0xc7,0x39,0xc7,0x39,0xc6,0x39,0xc7,0x39,
    0xa7,0x39,0xc6,0x41,0xc7,0x39,0xa7,0x39,0xc6,0x39,0xa7,0x31,0xc7,0x39,0xa7,0x31,0xc7,0x39,0xa7,0x39,0xc6,0x31,0xc7,0x39,
    0xa6,0x31,0xc7,0x39,0xa7,0x39,0xc6,0x39,0xc7,0x41,0xe7,0x51,0x06,0x5a,0x07,0x5a,0x27,0x62,0x68,0x72,0x88,0x72,0x68,0x6a,
    0x68,0x72,0xc9,0x7a,0x88,0x7a,0x68,0x72,0x47,0x6a,0x27,0x6a,0x27,0x62,0x27,0x6a,0x27,0x62,0x07,0x5a,0x06,0x5a,0x07,0x62,
    0x07,0x5a,0xe6,0x51,0xc7,0x41,0xc7,0x49,0xc6,0x41,0xc7,0x41,0xc7,0x49,0xe6,0x49,0xc6,0x41,0xc7,0x41,0xc6,0x41,0xc7,0x41,
    0xc7,0x39,0xc6,0x39,0xa7,0x39,0xc7,0x39,0xa6,0x39,0xc7,0x39,0xa7,0x39,0xc6,0x31,0xc7,0x39,0xa7,0x39,0xc7,0x39,0xc6,0x39,
    0xa7,0x31,0xc6,0x39,0xa7,0x31,0xc7,0x39,0xa7,0x39,0xc6,0x39,0xa7,0x31,0xc6,0x39,0xe7,0x49,0xc6,0x49,0xe7,0x49,0x07,0x5a,
    0xe6,0x51,0xc7,0x41,0xe7,0x49,0xe7,0x49,0xc6,0x41,0xe7,0x49,0xe7,0x49,0xc6,0x41,0xa7,0x39,0xc6,0x41,0xa7,0x39,0xa6,0x39,
    0xc7,0x41,0x68,0x6a,0x89,0x6a,0x28,0x5a,0x07,0x5a,0xe7,0x49,0x07,0x52,0x07,0x5a,0x28,0x5a,0x69,0x62,0x07,0x52,0x07,0x5a,
    0xe7,0x41,0xc6,0x41,0xc7,0x41,0xc6,0x39,0xa7,0x39,0xe7,0x41,0xe7,0x41,0xe7,0x49,0xa7,0x39,0xc7,0x41,0x28,0x52,0xeb,0x72,
    0x2c,0x83,0xae,0x93,0xae,0x8b,0xef,0x9b,0x50,0xa4,0x71,0xac,0xb2,0xb4,0x91,0xac,0x92,0xb4,0xf2,0xbc,0xd3,0xb4,0x8e,0x83,
    0xc7,0x39,0xc7,0x39,0xc6,0x39,0xc7,0x31,0xc7,0x39,0x0d,0x63,0x53,0x94,0xf5,0xac,0x36,0xad,0x56,0xb5,0x37,0xb5,0x56,0xad,
    0x29,0x4a,0x29,0x4a,0xa7,0x39,0xc7,0x39,0xc6,0x31,0xc7,0x41,0x08,0x4a,0x49,0x52,0xe8,0x41,0x09,0x4a,0xe7,0x41,0xc7,0x39,
    0xc7,0x39,0xa7,0x39,0xc7,0x31,0xc6,0x39,0xa7,0x31,0xc7,0x39,0xe7,0x49,0xc7,0x41,0xe7,0x39,0xe7,0x41,0xe7,0x49,0x07,0x4a,
    0xe7,0x49,0xc7,0x39,0xa6,0x39,0xc7,0x39,0xc7,0x31,0xa7,0x31,0xa6,0x39,0xc7,0x31,0xa7,0x39,0xc6,0x31,0xc7,0x39,0xc7,0x39,
    0xa6,0x39,0xc7,0x39,0xa7,0x39,0xc6,0x39,0xc7,0x39,0xa7,0x39,0xc6,0x31,0xc7,0x39,0xa7,0x39,0xc7,0x31,0xc6,0x39,0xa7,0x39,
    0xc6,0x31,0xc7,0x39,0xa7,0x39,0xc6,0x39,0xc7,0x39,0xc7,0x41,0xc6,0x41,0xe7,0x49,0x06,0x5a,0x27,0x62,0x07,0x5a,0x07,0x5a,
    0x47,0x6a,0x68,0x72,0x68,0x6a,0x89,0x7a,0xc9,0x7a,0xa9,0x7a,0x88,0x72,0x88,0x72,0x68,0x72,0x27,0x62,0x27,0x62,0x47,0x62,
    0x07,0x62,0x07,0x5a,0xe7,0x59,0xe6,0x51,0xe7,0x49,0xc7,0x49,0xe6,0x49,0xc7,0x41,0xc6,0x41,0xe7,0x49,0xc6,0x49,0xe7,0x49,
    0xc7,0x51,0xe6,0x51,0xe7,0x49,0xe6,0x51,0xe7,0x51,0xe6,0x49,0xe7,0x51,0xe6,0x49,0xe7,0x49,0xe6,0x49,0xe7,0x49,0xe7,0x51,
    0xc6,0x49,0xc7,0x41,0xc6,0x41,0xc7,0x41,0xc6,0x41,0xc7,0x49,0xe6,0x41,0xc7,0x41,0xc6,0x49,0xc7,0x41,0xe6,0x49,0xc7,0x41,
    0xc7,0x41,0x06,0x5a,0xe7,0x51,0xe6,0x51,0x07,0x5a,0x07,0x5a,0x27,0x62,0x48,0x6a,0x89,0x6a,0x48,0x62,0x28,0x5a,0x28,0x5a,
    0x48,0x5a,0x69,0x6a,0x68,0x6a,0x48,0x5a,0x69,0x62,0xaa,0x6a,0xca,0x72,0xeb,0x7a,0x0b,0x7b,0xca,0x7a,0x89,0x6a,0x28,0x62,
    0x28,0x5a,0x89,0x6a,0x48,0x5a,0xe7,0x51,0xe8,0x51,0xe7,0x49,0x08,0x52,0x48,0x62,0x07,0x52,0xc7,0x41,0xa7,0x39,0xe7,0x49,
    0xc7,0x41,0xa6,0x39,0xc7,0x41,0x08,0x52,0xeb,0x72,0x2c,0x7b,0xae,0x93,0x0f,0xa4,0x50,0xac,0x91,0xac,0x91,0xb4,0xb2,0xb4,
    0xb1,0xb4,0xf3,0xb4,0xd2,0xbc,0xcf,0x8b,0x08,0x42,0xa7,0x31,0xc7,0x39,0xa6,0x39,0xc8,0x39,0x4e,0x6b,0x94,0x9c,0x15,0xad,
    0x36,0xb5,0x57,0xad,0x56,0xb5,0x57,0xad,0xe8,0x39,0xa7,0x39,0xc6,0x31,0xa7,0x39,0xc7,0x39,0xe8,0x41,0x09,0x42,0x08,0x42,
    0xe8,0x41,0x29,0x4a,0xc7,0x39,0xa7,0x39,0xc7,0x39,0xc6,0x39,0xc7,0x41,0x08,0x4a,0x28,0x5a,0xe7,0x49,0x48,0x5a,0x69,0x62,
    0x28,0x52,0x68,0x6a,0x28,0x5a,0x89,0x62,0x27,0x5a,0x68,0x62,0x07,0x52,0xe7,0x41,0xc6,0x41,0xe7,0x49,0xe7,0x49,0xc6,0x39,
    0xc7,0x39,0xa7,0x39,0xc6,0x39,0xa7,0x31,0xc7,0x39,0xc6,0x31,0xa7,0x31,0xc7,0x39,0xa6,0x31,0xc7,0x39,0xc7,0x39,0xc6,0x39,
    0xc7,0x39,0xc6,0x39,0xc7,0x39,0xc7,0x39,0xc7,0x39,0xc6,0x39,0xc7,0x39,0xc7,0x41,0xe6,0x49,0xe7,0x51,0x06,0x5a,0x27,0x62,
    0x27,0x62,0x27,0x62,0x47,0x6a,0x27,0x62,0x68,0x6a,0x89,0x72,0xa8,0x72,0xa9,0x7a,0x88,0x72,0x69,0x72,0x88,0x72,0x88,0x72,
    0x68,0x6a,0x48,0x6a,0x27,0x62,0x28,0x62,0x27,0x62,0x07,0x62,0x07,0x52,0xe7,0x49,0xe6,0x51,0xc7,0x49,0xc6,0x41,0xc7,0x49,
    0xc7,0x41,0xc6,0x49,0xe7,0x49,0xe6,0x49,0xe7,0x49,0xe6,0x51,0x07,0x5a,0x07,0x5a,0xe6,0x59,0x07,0x62,0x06,0x5a,0x07,0x62,
    0x47,0x6a,0x07,0x62,0x06,0x62,0x07,0x5a,0xe6,0x51,0x07,0x5a,0xe6,0x59,0x07,0x5a,0x07,0x5a,0x07,0x5a,0x07,0x62,0x07,0x5a,
    0x07,0x5a,0x07,0x5a,0x47,0x62,0x28,0x62,0x27,0x5a,0x07,0x5a,0x07,0x5a,0x27,0x62,0x48,0x62,0x48,0x62,0x68,0x6a,0xea,0x7a,
    0xca,0x7a,0xa9,0x72,0xea,0x7a,0x0b,0x83,0x6c,0x93,0x2b,0x83,0xea,0x7a,0xca,0x72,0x89,0x6a,0x0b,0x7b,0x4c,0x83,0xae,0x93,
    0x6d,0x8b,0x6d,0x8b,0x8d,0x93,0x0b,0x7b,0x0b,0x83,0x89,0x6a,0x28,0x62,0x48,0x5a,0x49,0x62,0x89,0x6a,0x48,0x62,0x69,0x62,
    0x28,0x5a,0xa6,0x39,0xe7,0x41,0x07,0x52,0x29,0x52,0xe7,0x49,0xe7,0x49,0x08,0x52,0xaa,0x6a,0x8d,0x8b,0x8d,0x8b,0xef,0x93,
    0x30,0xa4,0x70,0xac,0x91,0xac,0xb2,0xb4,0xd2,0xb4,0xd2,0xbc,0xf3,0xbc,0x10,0x9c,0x49,0x52,0xa7,0x39,0xc7,0x39,0xa6,0x31,
    0x08,0x42,0x6f,0x73,0xb4,0xa4,0x16,0xad,0x56,0xb5,0x57,0xad,0x56,0xb5,0x36,0xb5,0xc7,0x39,0xc7,0x39,0xa7,0x39,0xe8,0x41,
    0x09,0x4a,0x08,0x4a,0xe8,0x41,0xc7,0x41,0x69,0x62,0x69,0x5a,0xe7,0x49,0xc7,0x41,0xa7,0x39,0xe7,0x49,0x69,0x62,0x28,0x52,
    0x69,0x62,0x89,0x6a,0x89,0x62,0x89,0x6a,0x68,0x62,0x89,0x6a,0x68,0x62,0x28,0x5a,0x27,0x5a,0x48,0x62,0x27,0x5a,0x07,0x5a,
    0x07,0x5a,0x06,0x5a,0xe7,0x51,0xc6,0x41,0xc7,0x39,0xc7,0x31,0xa6,0x39,0xc7,0x39,0xc7,0x41,0xc6,0x41,0xc7,0x49,0xc6,0x41,
    0xc7,0x39,0xc7,0x41,0xc6,0x41,0xc7,0x49,0xe6,0x49,0xc7,0x51,0xe6,0x49,0xe7,0x51,0xc6,0x51,0xe7,0x51,0xe6,0x51,0xe6,0x51,
    0x07,0x5a,0x06,0x5a,0x27,0x62,0x48,0x6a,0x27,0x62,0x48,0x6a,0x48,0x62,0x48,0x6a,0x48,0x6a,0x88,0x6a,0x89,0x72,0x89,0x72,
    0xa9,0x72,0x89,0x72,0x68,0x6a,0x68,0x6a,0x48,0x6a,0x07,0x5a,0x27,0x62,0x07,0x62,0x27,0x62,0x28,0x5a,0xe7,0x51,0xe7,0x59,
    0xe7,0x51,0xc7,0x49,0xe7,0x41,0xc6,0x49,0xe7,0x49,0xe7,0x49,0xe7,0x51,0xc6,0x51,0xe7,0x59,0x07,0x5a,0x06,0x62,0x27,0x62,
    0x27,0x62,0x27,0x62,0x47,0x6a,0x47,0x6a,0x47,0x6a,0x27,0x62,0x27,0x62,0x26,0x62,0xe7,0x59,0x06,0x5a,0x07,0x5a,0xe6,0x59,
    0x07,0x5a,0x06,0x5a,0x47,0x62,0x68,0x72,0x88,0x6a,0x48,0x6a,0x68,0x6a,0x68,0x6a,0x48,0x6a,0x88,0x6a,0x69,0x6a,0x48,0x62,
    0x48,0x62,0x69,0x6a,0xc9,0x72,0xca,0x7a,0xea,0x7a,0x2b,0x83,0x0b,0x83,0x4b,0x8b,0x6c,0x8b,0x4c,0x8b,0x2b,0x83,0x4c,0x8b,
    0x2b,0x8b,0x6c,0x8b,0x8e,0x93,0xce,0x93,0xeb,0x72,0xeb,0x7a,0xae,0x93,0xae,0x93,0x4d,0x83,0xeb,0x7a,0xeb,0x72,0xea,0x7a,
    0xca,0x72,0xca,0x72,0x8a,0x6a,0xaa,0x6a,0x89,0x6a,0x08,0x52,0xe7,0x49,0x08,0x52,0x28,0x5a,0xe7,0x49,0x08,0x52,0x28,0x52,
    0xaa,0x62,0x6d,0x83,0xef,0x9b,0x0f,0x9c,0x50,0xac,0x30,0xac,0x70,0xac,0x91,0xac,0xb2,0xb4,0xb2,0xb4,0xf2,0xbc,0x71,0xa4,
    0x8a,0x5a,0xa6,0x31,0xc7,0x39,0xa7,0x31,0xe8,0x41,0x6f,0x73,0xb4,0xa4,0x16,0xad,0x56,0xb5,0x36,0xb5,0x36,0xad,0x56,0xb5,
    0xa7,0x39,0xc7,0x39,0xe7,0x41,0xc7,0x49,0xe7,0x41,0xe8,0x49,0xe8,0x49,0x49,0x52,0xcb,0x6a,0x69,0x5a,0xe8,0x49,0x28,0x52,
    0x69,0x62,0xeb,0x7a,0x0b,0x7b,0x89,0x62,0x49,0x5a,0xaa,0x6a,0x69,0x6a,0x89,0x6a,0xaa,0x72,0xea,0x7a,0xca,0x7a,0x68,0x6a,
    0x69,0x6a,0x48,0x62,0x27,0x62,0x07,0x5a,0x06,0x5a,0x07,0x52,0xe7,0x49,0xe7,0x49,0xe7,0x49,0xe7,0x59,0x07,0x52,0xe6,0x51,
    0xe7,0x59,0x07,0x5a,0x06,0x5a,0xe7,0x51,0xe6,0x51,0xc7,0x49,0xe6,0x51,0xe7,0x59,0xe7,0x51,0x06,0x5a,0x07,0x5a,0xe6,0x59,
    0x27,0x62,0x47,0x6a,0x47,0x6a,0x68,0x72,0x47,0x6a,0x07,0x62,0x47,0x62,0x27,0x62,0x47,0x62,0x68,0x6a,0x48,0x6a,0x68,0x62,
    0x68,0x72,0x28,0x62,0x68,0x6a,0x89,0x72,0x89,0x72,0x68,0x6a,0x69,0x6a,0x89,0x72,0x89,0x72,0x69,0x6a,0x89,0x6a,0x89,0x6a,
    0x89,0x6a,0x69,0x6a,0x68,0x6a,0x28,0x5a,0x07,0x5a,0x27,0x5a,0x07,0x5a,0x27,0x62,0x07,0x5a,0x27,0x62,0x47,0x62,0x48,0x6a,
    0x47,0x62,0x07,0x62,0x47,0x62,0x48,0x6a,0x67,0x6a,0x67,0x72,0x47,0x6a,0x68,0x6a,0x47,0x6a,0x67,0x72,0x47,0x6a,0x07,0x62,
    0x27,0x62,0x47,0x62,0x28,0x62,0x27,0x62,0x27,0x5a,0x28,0x62,0x27,0x62,0x68,0x6a,0xa9,0x72,0xa9,0x7a,0xa9,0x72,0x89,0x72,
    0x89,0x72,0x68,0x6a,0x69,0x6a,0x68,0x6a,0x69,0x6a,0x69,0x6a,0xaa,0x72,0x2b,0x83,0x2b,0x8b,0x2b,0x8b,0x2b,0x83,0x4c,0x8b,
    0x4c,0x8b,0x6c,0x93,0xad,0x9b,0xad,0x93,0x8d,0x93,0x4c,0x8b,0x6c,0x93,0x4c,0x8b,0x6c,0x93,0x8d,0x93,0xce,0x93,0xee,0xa3,
    0x8d,0x93,0x2b,0x83,0x0a,0x83,0x4c,0x8b,0x0b,0x7b,0xaa,0x72,0xea,0x7a,0x0c,0x73,0xeb,0x72,0xaa,0x6a,0x69,0x62,0x28,0x5a,
    0x28,0x52,0x48,0x5a,0x08,0x52,0x49,0x5a,0x0c,0x7b,0x2c,0x7b,0xcf,0x93,0x0f,0xa4,0x30,0xa4,0x50,0xa4,0x71,0xac,0x91,0xb4,
    0xb1,0xb4,0xb2,0xb4,0xf3,0xbc,0x92,0xac,0xcb,0x62,0xa6,0x39,0xc7,0x39,0xc6,0x31,0xe8,0x41,0x6f,0x7b,0xb4,0xa4,0x36,0xad,
    0x36,0xad,0x15,0xad,0x16,0xad,0x77,0xbd,0xc7,0x39,0xc7,0x41,0x28,0x52,0x49,0x5a,0x28,0x52,0x8a,0x62,0x2c,0x7b,0x2b,0x7b,
    0xcb,0x6a,0xcb,0x72,0x0b,0x73,0x2c,0x83,0xad,0x9b,0xee,0x9b,0xee,0xa3,0xee,0x9b,0x6d,0x93,0x2b,0x83,0xca,0x7a,0x0b,0x7b,
    0x2b,0x83,0x0b,0x83,0xea,0x7a,0x48,0x62,0x07,0x5a,0xe7,0x51,0x27,0x5a,0x28,0x5a,0x07,0x5a,0xe7,0x59,0x07,0x52,0x07,0x52,
    0x27,0x62,0x47,0x62,0x28,0x62,0x47,0x62,0x27,0x62,0x27,0x62,0x07,0x5a,0x07,0x5a,0x07,0x5a,0xe7,0x59,0xe6,0x51,0xe7,0x51,
    0xe6,0x59,0x07,0x5a,0x06,0x62,0x27,0x62,0x47,0x6a,0x68,0x72,0x88,0x72,0x88,0x72,0x88,0x72,0x27,0x62,0x27,0x62,0x27,0x62,
    0x27,0x62,0x27,0x62,0x27,0x62,0x27,0x62,0x28,0x62,0x68,0x6a,0x89,0x72,0x89,0x6a,0xa9,0x72,0xca,0x7a,0xea,0x7a,0x0b,0x83,
    0xeb,0x7a,0xea,0x7a,0xca,0x7a,0xaa,0x72,0xca,0x7a,0xca,0x7a,0x89,0x6a,0x28,0x62,0x28,0x62,0x48,0x62,0x07,0x5a,0x27,0x62,
    0x28,0x62,0x68,0x6a,0x68,0x6a,0x68,0x72,0x48,0x6a,0x48,0x6a,0x68,0x72,0x68,0x72,0x88,0x72,0x88,0x72,0x67,0x72,0x68,0x6a,
    0x67,0x6a,0x68,0x6a,0x27,0x6a,0x06,0x5a,0x27,0x62,0x28,0x62,0x68,0x6a,0x68,0x72,0xa9,0x72,0xea,0x82,0xea,0x7a,0xea,0x82,
    0xa9,0x7a,0x88,0x6a,0x88,0x72,0x68,0x6a,0x48,0x62,0x07,0x52,0x28,0x5a,0x48,0x6a,0x68,0x6a,0x07,0x5a,0x69,0x62,0xca,0x7a,
    0xca,0x72,0xca,0x7a,0xaa,0x7a,0xca,0x7a,0x2b,0x83,0x0b,0x83,0x0b,0x83,0x4b,0x8b,0x4c,0x8b,0x6c,0x8b,0x8d,0x93,0x8d,0x93,
    0x6c,0x8b,0x6c,0x93,0xee,0x9b,0xad,0x93,0x2c,0x83,0x6c,0x8b,0x0b,0x83,0xcb,0x72,0x2b,0x83,0x4c,0x8b,0x4c,0x83,0x4b,0x8b,
    0x4c,0x8b,0xea,0x72,0x48,0x5a,0x69,0x62,0x8a,0x62,0xca,0x72,0x8a,0x62,0x28,0x5a,0xcb,0x6a,0xce,0x9b,0x6d,0x83,0xce,0x9b,
    0x50,0xac,0x4f,0xac,0x91,0xb4,0xd2,0xb4,0xb1,0xb4,0xb1,0xb4,0xd2,0xb4,0xd2,0xb4,0x4d,0x7b,0xc7,0x39,0xa7,0x39,0xa7,0x39,
    0x28,0x42,0xb0,0x7b,0xd4,0xa4,0x16,0xad,0xf5,0xac,0xb4,0xac,0x14,0xad,0x97,0xbd,0xa6,0x41,0x08,0x52,0xcb,0x6a,0xeb,0x6a,
    0x2c,0x7b,0x8e,0x8b,0x0f,0x9c,0xae,0x93,0x6d,0x83,0xce,0x93,0xcf,0x93,0xee,0x9b,0xce,0x93,0x8d,0x93,0xef,0x9b,0xee,0x9b,
    0xad,0x93,0xad,0x9b,0x8d,0x93,0x6c,0x9b,0x4b,0x8b,0xea,0x7a,0x89,0x7a,0x88,0x72,0x89,0x72,0x68,0x6a,0x69,0x62,0x28,0x62,
    0x27,0x62,0x07,0x52,0x08,0x5a,0xa9,0x72,0x89,0x6a,0x68,0x6a,0x89,0x6a,0x68,0x6a,0x68,0x6a,0x48,0x6a,0x48,0x6a,0x47,0x62,
    0x07,0x5a,0xe6,0x51,0xe7,0x51,0x07,0x5a,0xe6,0x59,0x07,0x5a,0x27,0x62,0x27,0x62,0x47,0x6a,0x67,0x72,0x68,0x6a,0x67,0x72,
    0x68,0x6a,0x48,0x6a,0x47,0x6a,0x48,0x6a,0x68,0x6a,0x69,0x72,0x89,0x6a,0x89,0x72,0x89,0x6a,0xc9,0x7a,0x0b,0x83,0x0b,0x83,
    0x0b,0x83,0x2c,0x83,0x2c,0x8b,0x4c,0x8b,0x6c,0x93,0x0b,0x83,0xeb,0x7a,0xcb,0x7a,0xaa,0x72,0xaa,0x72,0xaa,0x72,0x89,0x6a,
    0x68,0x6a,0x48,0x6a,0x27,0x62,0x28,0x62,0x68,0x6a,0x68,0x6a,0x89,0x72,0xc9,0x7a,0x88,0x72,0x68,0x6a,0xa8,0x7a,0xc9,0x7a,
    0x88,0x72,0x88,0x72,0x88,0x72,0x88,0x72,0x68,0x72,0x47,0x6a,0x27,0x62,0x48,0x62,0x48,0x6a,0x68,0x6a,0x68,0x62,0xa9,0x72,
    0xa9,0x7a,0x88,0x72,0x48,0x62,0x27,0x5a,0x27,0x52,0xe7,0x49,0xc7,0x49,0xc6,0x41,0xc7,0x41,0xc7,0x41,0xc6,0x49,0xc7,0x49,
    0xe7,0x41,0xc6,0x41,0xe7,0x49,0xe7,0x51,0x07,0x5a,0x48,0x62,0x07,0x5a,0x68,0x6a,0xa9,0x72,0x68,0x6a,0xea,0x7a,0x0b,0x83,
    0x2b,0x8b,0x4c,0x8b,0x6c,0x8b,0x6c,0x93,0x4c,0x83,0x4c,0x8b,0x6c,0x93,0x4c,0x8b,0x4c,0x8b,0xad,0x93,0xce,0x9b,0x4c,0x8b,
    0x6c,0x8b,0x8d,0x93,0x8d,0x93,0x8d,0x93,0x6c,0x8b,0x2c,0x83,0xeb,0x7a,0xaa,0x6a,0x69,0x62,0x49,0x5a,0xca,0x72,0xaa,0x6a,
    0x69,0x5a,0xcf,0x93,0xae,0x8b,0xef,0x93,0x70,0xac,0x50,0xac,0xb1,0xb4,0xd2,0xb4,0xb2,0xb4,0x91,0xac,0xb2,0xb4,0xd3,0xb4,
    0xaf,0x8b,0x08,0x42,0xc6,0x39,0xa7,0x31,0x29,0x4a,0xd0,0x83,0xb5,0xa4,0xd4,0xa4,0x93,0xa4,0x72,0x9c,0x16,0xad,0xd8,0xc5,
    0xaa,0x62,0x0c,0x7b,0xae,0x93,0xef,0x93,0xcf,0x93,0x0f,0x94,0xae,0x93,0xae,0x8b,0x10,0x9c,0x0f,0x9c,0x30,0xac,0x70,0xb4,
    0x91,0xbc,0x70,0xb4,0x4f,0xac,0x2f,0xac,0xce,0xa3,0xcd,0x9b,0x8d,0x9b,0x8c,0x93,0x8d,0x93,0x0b,0x8b,0xea,0x7a,0xca,0x72,
    0xaa,0x72,0x89,0x72,0xa9,0x72,0xaa,0x72,0xca,0x72,0x69,0x6a,0x07,0x5a,0x48,0x62,0x89,0x72,0x89,0x6a,0x89,0x72,0x68,0x72,
    0x89,0x72,0x68,0x6a,0x68,0x6a,0x48,0x62,0x27,0x62,0x07,0x62,0xe6,0x59,0x07,0x5a,0x07,0x5a,0x06,0x62,0x27,0x62,0x47,0x6a,
    0x47,0x6a,0x67,0x72,0x88,0x72,0x88,0x7a,0xa9,0x7a,0x88,0x72,0x68,0x6a,0x89,0x72,0x68,0x6a,0xa9,0x72,0x88,0x72,0x89,0x72,
    0xea,0x82,0xca,0x7a,0x2b,0x8b,0x8c,0x93,0x8c,0x9b,0x6c,0x93,0x6c,0x93,0x6d,0x8b,0xad,0x9b,0x6d,0x8b,0x0c,0x83,0x2c,0x83,
    0x2c,0x83,0x0b,0x7b,0xaa,0x7a,0x89,0x72,0x89,0x72,0x68,0x6a,0x48,0x6a,0x48,0x6a,0x88,0x6a,0x68,0x72,0x88,0x6a,0xca,0x7a,
    0xa8,0x72,0xa9,0x7a,0xa9,0x72,0x68,0x72,0xa9,0x72,0x89,0x72,0xa9,0x7a,0x68,0x6a,0x48,0x6a,0x48,0x62,0x27,0x62,0x28,0x62,
    0x28,0x5a,0x69,0x6a,0x69,0x6a,0x48,0x62,0x07,0x4a,0xc6,0x39,0xa6,0x39,0xa7,0x31,0xa7,0x31,0xa6,0x39,0xc7,0x31,0xa7,0x31,
    0xc6,0x39,0xc7,0x31,0xc7,0x31,0xc6,0x39,0xa7,0x31,0xc7,0x39,0xa6,0x39,0xc7,0x39,0xc6,0x39,0xc7,0x39,0xa6,0x39,0xc7,0x41,
    0xc7,0x39,0xe7,0x49,0xe7,0x51,0x27,0x5a,0x48,0x62,0x68,0x6a,0xc9,0x7a,0xea,0x7a,0x0b,0x83,0x0a,0x83,0xea,0x7a,0x6c,0x8b,
    0x8d,0x93,0xee,0xa3,0x0e,0xa4,0xae,0x9b,0xad,0x9b,0xad,0x9b,0x6d,0x93,0x6c,0x8b,0x4c,0x8b,0x4c,0x83,0xeb,0x7a,0xca,0x72,
    0x6a,0x62,0x08,0x52,0x8a,0x6a,0x2c,0x7b,0x0b,0x7b,0x0c,0x73,0xce,0x93,0xce,0x93,0x51,0xac,0x70,0xac,0x91,0xb4,0xb1,0xb4,
    0x91,0xb4,0x92,0xac,0xb2,0xb4,0xd2,0xb4,0xf0,0x93,0x49,0x52,0xa7,0x31,0xc6,0x39,0x4a,0x4a,0xf1,0x83,0x94,0xa4,0x93,0xa4,
    0x52,0x9c,0x92,0xa4,0x56,0xb5,0xf9,0xcd,0xef,0x9b,0xce,0x8b,0xae,0x8b,0x30,0xa4,0x71,0xa4,0x71,0xac,0x51,0xa4,0x30,0xa4,
    0x0f,0x9c,0x71,0xac,0x71,0xac,0x4f,0xac,0x50,0xac,0x50,0xac,0x0f,0xa4,0xee,0xa3,0xee,0xa3,0x8d,0x9b,0x8d,0x93,0x8d,0x9b,
    0x6c,0x93,0x2b,0x83,0x6c,0x8b,0x2c,0x8b,0x2b,0x83,0x0c,0x83,0xea,0x7a,0xa9,0x72,0x69,0x6a,0x48,0x62,0x07,0x52,0xc7,0x49,
    0xe7,0x49,0xe6,0x51,0x07,0x4a,0xe7,0x49,0xe7,0x49,0xe7,0x49,0xe6,0x51,0x27,0x62,0x48,0x62,0x27,0x62,0x27,0x5a,0x07,0x62,
    0x06,0x5a,0x07,0x62,0x06,0x62,0x27,0x62,0x67,0x72,0x88,0x72,0xa8,0x7a,0x88,0x72,0xa9,0x7a,0xc9,0x7a,0xea,0x82,0xc9,0x82,
    0xea,0x82,0xca,0x7a,0xc9,0x7a,0xea,0x82,0xea,0x82,0x0a,0x83,0x2b,0x8b,0x2b,0x8b,0x6c,0x93,0xad,0x93,0xce,0x9b,0x6d,0x93,
    0x6d,0x93,0x6d,0x8b,0x4d,0x93,0x4d,0x8b,0x0c,0x83,0xeb,0x7a,0xeb,0x7a,0xca,0x72,0x89,0x6a,0x69,0x6a,0x88,0x6a,0x48,0x6a,
    0x48,0x62,0x48,0x6a,0x68,0x6a,0x68,0x72,0x68,0x6a,0xa9,0x7a,0xa9,0x72,0x68,0x6a,0x89,0x72,0x68,0x6a,0x68,0x6a,0x48,0x62,
    0xe7,0x51,0x07,0x5a,0x28,0x62,0x49,0x62,0x48,0x5a,0x07,0x52,0xa6,0x39,0xa6,0x39,0xa7,0x31,0xc7,0x39,0xa7,0x39,0xc7,0x39,
    0xc7,0x39,0xc7,0x39,0xa6,0x39,0xc7,0x39,0xa7,0x39,0xc6,0x39,0xa7,0x39,0xc7,0x31,0xa6,0x39,0xc7,0x39,0xc7,0x31,0xa7,0x39,
    0xc6,0x31,0xa7,0x39,0xc7,0x39,0xa7,0x31,0xc6,0x39,0xc7,0x41,0xc7,0x39,0xa7,0x39,0xa6,0x39,0xc6,0x41,0xe7,0x49,0xe7,0x51,
    0x27,0x5a,0x48,0x6a,0x89,0x72,0xa9,0x72,0x2b,0x83,0x6c,0x8b,0xad,0x9b,0x6c,0x8b,0x6d,0x8b,0xee,0x9b,0xad,0x93,0x8d,0x93,
    0x8d,0x93,0x4c,0x83,0xeb,0x72,0xca,0x72,0x8a,0x62,0xaa,0x6a,0xaa,0x62,0x0b,0x73,0x6d,0x8b,0x4d,0x83,0x6d,0x8b,0xae,0x93,
    0x0f,0xa4,0x50,0xac,0x70,0xac,0x91,0xb4,0xb2,0xb4,0x91,0xac,0x91,0xac,0x92,0xac,0x30,0x9c,0xab,0x62,0xc7,0x39,0xa7,0x31,
    0x8b,0x52,0xd1,0x8b,0x72,0x9c,0x72,0x9c,0x72,0x9c,0xf5,0xac,0x98,0xc5,0x3a,0xd6,0x50,0xa4,0x71,0xac,0x51,0xa4,0x10,0x9c,
    0x50,0xa4,0x10,0x9c,0x91,0xac,0xd3,0xb4,0x91,0xb4,0x91,0xb4,0x71,0xb4,0x50,0xac,0x2f,0xac,0x0f,0xac,0xcd,0x9b,0x8d,0x93,
    0x8d,0x93,0x8c,0x93,0x6c,0x93,0x6d,0x8b,0x0b,0x83,0xca,0x7a,0xea,0x82,0xa9,0x72,0x88,0x6a,0x68,0x6a,0x28,0x5a,0xe7,0x51,
    0xe6,0x41,0xc7,0x41,0xa6,0x39,0xc7,0x39,0xa6,0x31,0xa7,0x31,0xc7,0x39,0xa6,0x31,0xc7,0x39,0xa6,0x31,0xc7,0x39,0xc7,0x39,
    0xc6,0x41,0xe7,0x51,0x48,0x6a,0x68,0x6a,0x48,0x6a,0x48,0x62,0x27,0x62,0x07,0x62,0x27,0x62,0x67,0x72,0x68,0x72,0x88,0x72,
    0xe9,0x82,0xe9,0x82,0xea,0x82,0x0a,0x83,0xe9,0x82,0xc9,0x7a,0xea,0x7a,0xca,0x7a,0xca,0x7a,0x0b,0x83,0xea,0x82,0x2b,0x83,
    0xae,0x9b,0xae,0x9b,0xad,0x9b,0x6d,0x8b,0x6d,0x8b,0x6e,0x8b,0x4d,0x83,0x4c,0x8b,0x2c,0x83,0xeb,0x7a,0xcb,0x7a,0xeb,0x7a,
    0x89,0x72,0x48,0x6a,0x28,0x62,0x27,0x62,0x07,0x62,0x07,0x5a,0x48,0x62,0x47,0x62,0x68,0x6a,0x69,0x6a,0x68,0x6a,0x48,0x62,
    0x48,0x62,0x07,0x5a,0x27,0x62,0x07,0x5a,0x28,0x5a,0x49,0x62,0x69,0x62,0x28,0x62,0xc7,0x41,0xa7,0x39,0xc7,0x31,0xc7,0x39,
    0xc6,0x39,0xc7,0x39,0xc6,0x31,0xa6,0x31,0xa6,0x31,0xa7,0x39,0xc7,0x31,0xc6,0x39,0xa7,0x31,0xc7,0x39,0xa7,0x31,0xc7,0x39,
    0xc7,0x39,0xa6,0x31,0xc7,0x39,0xa6,0x39,0xc7,0x39,0xc7,0x31,0xa6,0x39,0xc7,0x39,0xa7,0x39,0xc7,0x39,0xc7,0x41,0xe7,0x41,
    0xe7,0x41,0xc7,0x39,0xa7,0x31,0xc6,0x31,0xa7,0x39,0xc6,0x39,0xe7,0x49,0xe7,0x51,0x28,0x62,0xa9,0x7a,0x4c,0x8b,0x6c,0x8b,
    0x4c,0x8b,0xad,0x9b,0xee,0x9b,0xad,0x9b,0xae,0x93,0x6c,0x8b,0xeb,0x7a,0xcb,0x72,0xca,0x72,0xca,0x72,0xcb,0x72,0xeb,0x72,
    0xeb,0x72,0x4c,0x83,0x6d,0x83,0x4c,0x83,0xee,0x9b,0x50,0xac,0x91,0xb4,0x91,0xb4,0xb1,0xb4,0xb2,0xb4,0x91,0xac,0x71,0xac,
    0x30,0x94,0xec,0x6a,0xc7,0x39,0xa7,0x39,0x4a,0x4a,0xaf,0x83,0x73,0x9c,0xb3,0xa4,0xf5,0xb4,0x76,0xbd,0xf9,0xcd,0x3a,0xd6,
    0x51,0xa4,0xb2,0xb4,0xd2,0xb4,0xd2,0xb4,0xd3,0xb4,0x91,0xac,0x71,0xac,0x71,0xac,0x71,0xb4,0x91,0xb4,0x4f,0xac,0x2f,0xac,
    0x50,0xac,0xee,0xa3,0xad,0x9b,0x6d,0x93,0x2b,0x8b,0xea,0x82,0xa9,0x7a,0x68,0x6a,0x48,0x62,0x07,0x52,0xe7,0x49,0xc7,0x41,
    0xa6,0x39,0xa7,0x39,0xc6,0x31,0xa7,0x31,0xa7,0x39,0xc6,0x31,0xa7,0x39,0xc7,0x31,0xc7,0x39,0xc6,0x39,0xa7,0x39,0xc7,0x39,
    0xa7,0x39,0xc7,0x39,0xa7,0x31,0xc6,0x39,0xa7,0x31,0xc7,0x39,0xc6,0x41,0x07,0x52,0x48,0x6a,0x68,0x6a,0x89,0x6a,0x48,0x6a,
    0x27,0x62,0x48,0x6a,0x88,0x72,0xa9,0x7a,0xc9,0x7a,0x0a,0x83,0x0a,0x8b,0xea,0x82,0xea,0x82,0xea,0x82,0xca,0x7a,0xa9,0x7a,
    0xa9,0x7a,0xea,0x7a,0xea,0x82,0x0b,0x83,0x4c,0x8b,0x2c,0x8b,0x0c,0x83,0x4d,0x83,0x4d,0x8b,0x0c,0x7b,0xec,0x72,0x4e,0x83,
    0x2c,0x83,0x2c,0x83,0x0b,0x7b,0xca,0x72,0xaa,0x72,0x48,0x62,0x27,0x62,0x07,0x5a,0x28,0x5a,0x07,0x62,0x28,0x62,0x28,0x62,
    0x68,0x6a,0x68,0x6a,0x48,0x6a,0x48,0x62,0x07,0x5a,0x48,0x62,0x49,0x62,0x69,0x62,0x49,0x62,0x69,0x62,0x48,0x62,0xc7,0x41,
    0xc6,0x31,0xc7,0x39,0xa6,0x39,0xc7,0x31,0xa7,0x39,0xa6,0x31,0xa7,0x39,0x08,0x42,0x29,0x4a,0xc7,0x39,0xa7,0x39,0xc7,0x39,
    0xa6,0x31,0xc7,0x39,0xc6,0x39,0xc8,0x39,0xa7,0x39,0xc7,0x39,0xa6,0x31,0xc7,0x39,0xa7,0x31,0xc6,0x39,0xc7,0x39,0xa6,0x31,
    0xc7,0x39,0xc6,0x39,0xa7,0x31,0xc7,0x39,0xa6,0x39,0xc7,0x41,0xc7,0x41,0xc7,0x41,0xc7,0x39,0xa7,0x31,0xc6,0x39,0xc7,0x39,
    0xc6,0x41,0x07,0x52,0x68,0x6a,0xca,0x7a,0x4c,0x8b,0xae,0x93,0xee,0xa3,0xae,0x93,0x6c,0x8b,0x6d,0x8b,0x4c,0x8b,0x2c,0x83,
    0x0b,0x7b,0xeb,0x72,0x0b,0x7b,0x2c,0x7b,0x0c,0x7b,0x4c,0x83,0x4d,0x83,0x2b,0x7b,0xce,0x9b,0x4f,0xac,0x91,0xb4,0xb1,0xb4,
    0xb2,0xb4,0xd2,0xbc,0x91,0xb4,0x50,0xa4,0xef,0x93,0x0d,0x73,0xe8,0x41,0xa6,0x31,0x8b,0x52,0x11,0x8c,0xd4,0xac,0x36,0xb5,
    0x97,0xc5,0xf9,0xcd,0x19,0xd6,0x39,0xd6,0x51,0xa4,0x92,0xac,0x91,0xac,0xb2,0xb4,0xb2,0xb4,0xb2,0xb4,0xb2,0xb4,0x91,0xb4,
    0x50,0xac,0x4f,0xac,0x2f,0xac,0x0f,0xa4,0x6c,0x93,0xea,0x82,0x89,0x72,0x68,0x6a,0x27,0x5a,0xe7,0x49,0xe7,0x49,0xc7,0x39,
    0xa6,0x39,0xc7,0x39,0xa7,0x31,0xc6,0x31,0xc7,0x39,0xa7,0x31,0xc7,0x39,0xa6,0x39,0xc7,0x39,0xa7,0x39,0xc6,0x31,0xa7,0x39,
    0xc7,0x39,0xa7,0x31,0xc6,0x39,0xa7,0x31,0xc6,0x39,0xc7,0x39,0xc7,0x39,0xa7,0x39,0xc6,0x39,0xa7,0x31,0xc7,0x39,0xa6,0x31,
    0xe7,0x49,0x68,0x6a,0x68,0x72,0x68,0x62,0x28,0x62,0x67,0x6a,0x88,0x72,0xa9,0x7a,0xc9,0x7a,0xea,0x82,0x2a,0x8b,0x0a,0x8b,
    0xea,0x82,0xea,0x82,0xa9,0x72,0xca,0x7a,0xc9,0x7a,0xaa,0x7a,0xea,0x7a,0x0b,0x83,0x4c,0x83,0x0c,0x83,0x4c,0x83,0x4d,0x8b,
    0x4d,0x83,0x2d,0x83,0xec,0x7a,0x2d,0x83,0x2d,0x83,0x4d,0x83,0x0c,0x83,0xeb,0x7a,0xaa,0x72,0x89,0x6a,0x49,0x6a,0x07,0x5a,
    0x48,0x6a,0x27,0x62,0x07,0x5a,0x07,0x5a,0x27,0x62,0x28,0x62,0x27,0x62,0x28,0x5a,0x69,0x6a,0x69,0x6a,0x28,0x5a,0x69,0x6a,
    0xaa,0x6a,0x49,0x62,0xc7,0x41,0xa6,0x39,0xc7,0x39,0xa7,0x31,0xc7,0x39,0xa6,0x39,0xa7,0x31,0x49,0x4a,0x0c,0x6b,0xcf,0x83,
    0x8f,0x73,0xa6,0x31,0xa6,0x31,0xa7,0x39,0xc7,0x39,0xa6,0x39,0xc7,0x31,0xa7,0x39,0xc6,0x31,0xa7,0x39,0xc7,0x39,0xc6,0x39,
    0xa7,0x39,0xc7,0x31,0xa7,0x39,0xc7,0x39,0xa7,0x31,0xc7,0x39,0xc6,0x39,0xa7,0x39,0xc7,0x39,0xa7,0x31,0xc7,0x39,0xc7,0x41,
    0xc6,0x39,0xa7,0x41,0xc7,0x39,0xa7,0x31,0xc7,0x39,0xa6,0x39,0xc7,0x41,0xe6,0x49,0x89,0x6a,0x2b,0x8b,0x4c,0x8b,0x8d,0x93,
    0x4c,0x8b,0x6d,0x8b,0x6d,0x8b,0x2c,0x83,0x0b,0x7b,0xeb,0x72,0x0c,0x7b,0x4c,0x83,0x6d,0x83,0x4c,0x7b,0x0b,0x7b,0x2c,0x7b,
    0xce,0x9b,0x2f,0xa4,0x71,0xb4,0xb1,0xb4,0xd2,0xbc,0xd2,0xb4,0xb2,0xb4,0x50,0xa4,0xae,0x8b,0xec,0x6a,0x08,0x42,0xc8,0x39,
    0x2d,0x73,0xb3,0xa4,0x76,0xbd,0xb8,0xc5,0x19,0xce,0x19,0xd6,0x19,0xd6,0xb8,0xcd,0xb1,0xac,0x92,0xac,0xd2,0xb4,0xb2,0xb4,
    0xd2,0xb4,0xb2,0xb4,0xb1,0xb4,0x71,0xac,0x0f,0xa4,0x8c,0x93,0x0b,0x83,0xc9,0x7a,0x27,0x5a,0xc6,0x41,0xa6,0x39,0xa7,0x39,
    0xc7,0x39,0xc7,0x41,0xc7,0x39,0xc7,0x41,0xc7,0x39,0xa6,0x39,0xc7,0x39,0xa7,0x39,0xc7,0x31,0xa6,0x39,0xc7,0x39,0xc7,0x31,
    0xa6,0x39,0xc7,0x31,0xc7,0x39,0xa6,0x39,0xc7,0x39,0xa6,0x39,0xc7,0x39,0xc7,0x39,0xa6,0x31,0xa6,0x31,0xa6,0x31,0xa7,0x31,
    0xc7,0x39,0xc6,0x39,0xa7,0x39,0xc7,0x31,0xc6,0x39,0x07,0x4a,0x27,0x62,0x69,0x6a,0x68,0x6a,0x48,0x62,0x48,0x6a,0x88,0x6a,
    0xea,0x82,0x2a,0x8b,0x0b,0x83,0x2a,0x8b,0xea,0x7a,0xc9,0x7a,0xca,0x7a,0xa9,0x72,0xa9,0x72,0xca,0x7a,0x0b,0x83,0x0b,0x83,
    0x2c,0x83,0x6d,0x93,0x6d,0x8b,0x8e,0x93,0x8f,0x8b,0x8e,0x8b,0x6e,0x83,0x4e,0x83,0x4d,0x83,0x0d,0x83,0x0c,0x7b,0xcb,0x72,
    0xaa,0x72,0x89,0x6a,0x69,0x6a,0x28,0x62,0x48,0x62,0x27,0x62,0x48,0x62,0x27,0x62,0x48,0x62,0x28,0x62,0xe7,0x51,0xe7,0x51,
    0x28,0x5a,0x49,0x62,0x49,0x62,0x69,0x5a,0x8a,0x6a,0xe7,0x51,0xa6,0x39,0xc7,0x31,0xa7,0x39,0xc6,0x39,0xa7,0x39,0xc7,0x39,
    0xaa,0x5a,0xcf,0x83,0x51,0x94,0x92,0x9c,0x8f,0x7b,0xa7,0x39,0x29,0x4a,0xe8,0x39,0x6a,0x4a,0xed,0x5a,0x09,0x4a,0xc6,0x39,
    0xa7,0x39,0xc7,0x31,0xc7,0x39,0xc7,0x39,0xa7,0x39,0xc6,0x39,0xc7,0x31,0xa6,0x39,0xc7,0x39,0xa6,0x31,0xa7,0x31,0xc6,0x39,
    0xc7,0x39,0xc6,0x39,0xa7,0x31,0xc6,0x39,0xa7,0x39,0xc7,0x39,0xa6,0x39,0xc7,0x39,0xa6,0x39,0xc7,0x31,0xa7,0x39,0xc7,0x39,
    0xc7,0x51,0x48,0x62,0xca,0x7a,0x4c,0x83,0x2c,0x83,0x4c,0x83,0x4c,0x83,0x2c,0x83,0xeb,0x72,0xeb,0x72,0xeb,0x7a,0x4d,0x83,
    0x6d,0x8b,0x6d,0x83,0xeb,0x7a,0xeb,0x72,0xce,0x9b,0x0f,0xa4,0x6f,0xac,0x91,0xb4,0xb2,0xb4,0xd1,0xbc,0xb1,0xb4,0x30,0xac,
    0x8e,0x8b,0xcb,0x6a,0x09,0x4a,0x6a,0x52,0x11,0x8c,0x36,0xbd,0xd8,0xcd,0x19,0xd6,0x39,0xd6,0xf9,0xd5,0xb7,0xcd,0x35,0xbd,
    0xb2,0xb4,0xd3,0xb4,0xf3,0xbc,0xd3,0xb4,0xb2,0xac,0x71,0xac,0x2f,0xa4,0x8c,0x93,0x0b,0x83,0x88,0x72,0x27,0x5a,0xa6,0x39,
    0xa7,0x31,0xe8,0x49,0x08,0x4a,0xe7,0x49,0xc7,0x49,0xc7,0x39,0xa6,0x39,0xc7,0x31,0xa6,0x39,0xc7,0x31,0xa7,0x39,0xc6,0x31,
    0xc7,0x39,0xa6,0x39,0xa6,0x31,0xc7,0x39,0xc7,0x39,0xa6,0x39,0xa7,0x39,0xc7,0x31,0xc6,0x39,0xa7,0x31,0xc7,0x39,0xa6,0x31,
    0xe8,0x41,0x49,0x52,0x49,0x52,0xe7,0x41,0xa7,0x31,0xc7,0x39,0xa6,0x31,0xc7,0x39,0xa7,0x39,0xa7,0x31,0xc6,0x41,0x27,0x62,
    0x89,0x72,0x69,0x6a,0x48,0x62,0xea,0x82,0x0b,0x83,0x2b,0x8b,0x2b,0x8b,0xea,0x82,0xc9,0x7a,0xca,0x7a,0x89,0x72,0x89,0x72,
    0xca,0x82,0x0b,0x83,0x2b,0x83,0x0b,0x83,0x2b,0x8b,0x6d,0x93,0xae,0x93,0xcf,0x9b,0xd0,0x9b,0xd0,0x93,0xaf,0x93,0x8f,0x8b,
    0x2d,0x83,0x0c,0x7b,0xeb,0x7a,0xcb,0x72,0xaa,0x72,0x69,0x6a,0x48,0x62,0x48,0x6a,0x48,0x62,0x48,0x6a,0x68,0x6a,0x69,0x6a,
    0x27,0x62,0xe7,0x59,0xe6,0x51,0x28,0x5a,0x48,0x62,0x89,0x62,0xaa,0x6a,0x8a,0x6a,0x28,0x5a,0xa7,0x39,0xc7,0x31,0xc6,0x39,
    0xa7,0x39,0xc7,0x31,0xc6,0x39,0xab,0x5a,0x51,0x94,0x71,0x94,0x70,0x9c,0xd4,0xa4,0xcf,0x7b,0xa6,0x31,0xe8,0x41,0xc7,0x39,
    0xe8,0x39,0x6b,0x52,0x08,0x42,0xa7,0x31,0xc7,0x39,0xa6,0x39,0x09,0x42,0x2a,0x4a,0xe8,0x39,0xa7,0x39,0xc7,0x39,0xc7,0x31,
    0xa6,0x39,0xc7,0x39,0x08,0x42,0xa7,0x39,0xa6,0x31,0xc7,0x39,0xc7,0x39,0xa7,0x31,0xc6,0x39,0xc7,0x31,0xc7,0x39,0xa6,0x39,
    0xc7,0x39,0xc7,0x39,0xa6,0x39,0xc7,0x31,0xc6,0x39,0xc6,0x49,0x68,0x6a,0xeb,0x7a,0x4c,0x83,0x4d,0x8b,0x4c,0x83,0x2c,0x83,
    0x0b,0x7b,0xeb,0x7a,0xeb,0x72,0x2c,0x7b,0x4c,0x83,0x6d,0x8b,0x2c,0x7b,0x0b,0x7b,0xad,0x93,0x2f,0xa4,0x50,0xac,0x90,0xb4,
    0x91,0xb4,0xb2,0xbc,0xb2,0xb4,0x70,0xac,0xce,0x93,0xeb,0x6a,0x49,0x4a,0xec,0x6a,0x93,0x9c,0xb7,0xc5,0x19,0xd6,0x3a,0xde,
    0x18,0xd6,0x97,0xcd,0x15,0xbd,0x92,0xb4,0xb3,0xac,0xd2,0xb4,0xd2,0xb4,0x92,0xac,0x70,0xac,0x8d,0x9b,0xea,0x7a,0x27,0x62,
    0xe7,0x41,0xa6,0x39,0xc7,0x41,0xe7,0x41,0x49,0x5a,0x49,0x52,0xe7,0x49,0xc7,0x41,0xc7,0x39,0xc6,0x39,0xc7,0x39,0xc7,0x39,
    0xa7,0x31,0xc7,0x39,0xc6,0x39,0xa7,0x39,0xa6,0x31,0x08,0x42,0xe8,0x41,0xa6,0x31,0xc7,0x39,0xa7,0x31,0x08,0x42,0x4a,0x4a,
    0xc8,0x39,0xc7,0x39,0xc7,0x39,0x86,0x31,0xec,0x62,0xf0,0x93,0xce,0x83,0x4d,0x7b,0x49,0x4a,0xa6,0x39,0xc7,0x39,0xa7,0x39,
    0xc6,0x31,0xa7,0x39,0xa7,0x31,0xe7,0x49,0x68,0x6a,0xaa,0x72,0xaa,0x72,0x2b,0x83,0x2c,0x8b,0x0a,0x83,0xea,0x82,0xc9,0x7a,
    0xa9,0x7a,0xa9,0x7a,0x68,0x6a,0x89,0x6a,0xea,0x82,0x0b,0x83,0x2b,0x8b,0x2c,0x8b,0x2c,0x8b,0x6d,0x93,0xef,0xa3,0x10,0x9c,
    0xd0,0x9b,0xf0,0x9b,0xf0,0x93,0xb0,0x93,0x6e,0x8b,0x2d,0x83,0x0c,0x7b,0xeb,0x7a,0xaa,0x72,0x48,0x6a,0x28,0x62,0x07,0x5a,
    0x27,0x62,0x68,0x6a,0x48,0x62,0x48,0x6a,0x27,0x5a,0x07,0x5a,0x28,0x5a,0x69,0x62,0x28,0x5a,0x8a,0x62,0x8a,0x6a,0xab,0x6a,
    0xe7,0x49,0xc7,0x39,0xa6,0x39,0xc7,0x39,0xc7,0x39,0xa6,0x39,0x49,0x5a,0x2d,0x73,0x51,0x94,0x92,0x9c,0xb2,0xa4,0xd3,0xa4,
    0xf1,0x8b,0xc7,0x39,0xa6,0x31,0xc7,0x39,0xa6,0x39,0xa6,0x31,0xa7,0x39,0xc6,0x39,0xc7,0x31,0xc7,0x39,0xc7,0x39,0x4a,0x42,
    0x2a,0x4a,0xc8,0x39,0xc7,0x39,0xc7,0x39,0xa6,0x31,0x29,0x4a,0x6e,0x7b,0x4e,0x73,0xe8,0x41,0xa6,0x31,0xa6,0x39,0xc7,0x39,
    0xa7,0x31,0xc6,0x39,0xa7,0x39,0xc7,0x31,0xa7,0x39,0xc6,0x39,0xc7,0x39,0xa7,0x39,0xc7,0x31,0xa7,0x39,0xc6,0x41,0x27,0x5a,
    0xca,0x72,0x2c,0x7b,0x4d,0x83,0x4c,0x83,0x0c,0x7b,0x0b,0x73,0x0c,0x73,0xeb,0x7a,0x2c,0x7b,0x4c,0x83,0x4c,0x83,0x4c,0x83,
    0xce,0x9b,0x0f,0xa4,0x50,0xac,0x91,0xb4,0xb1,0xb4,0xd2,0xbc,0xd1,0xb4,0x91,0xb4,0x10,0x9c,0x0c,0x7b,0x6a,0x52,0x6e,0x73,
    0xf5,0xac,0xb7,0xcd,0x19,0xd6,0xf8,0xd5,0x96,0xcd,0x14,0xbd,0x91,0xb4,0x10,0xa4,0xb2,0xb4,0xd3,0xb4,0x92,0xac,0x30,0xa4,
    0x4c,0x8b,0x68,0x6a,0xe6,0x51,0xa7,0x39,0xa6,0x31,0x08,0x4a,0x8b,0x62,0x6a,0x5a,0x69,0x5a,0xe8,0x49,0xc7,0x39,0xc7,0x39,
    0xc6,0x39,0xc7,0x39,0xa7,0x31,0xa6,0x31,0xc7,0x39,0xa6,0x39,0xc7,0x31,0xc7,0x39,0xa7,0x39,0x4a,0x4a,0xe8,0x39,0xc7,0x39,
    0xa6,0x39,0xc7,0x39,0x4a,0x4a,0x6b,0x4a,0xe8,0x41,0xa7,0x39,0xc7,0x39,0xa6,0x31,0x0e,0x6b,0xcf,0x8b,0x30,0x9c,0x91,0x9c,
    0x6d,0x73,0x49,0x52,0x08,0x4a,0xa6,0x39,0xc7,0x31,0xc7,0x39,0xc6,0x39,0xa7,0x31,0x28,0x5a,0xca,0x72,0x8a,0x72,0xa9,0x72,
    0xca,0x72,0xea,0x82,0xc9,0x7a,0xca,0x7a,0x89,0x72,0x89,0x72,0x48,0x6a,0x89,0x72,0xeb,0x82,0x2b,0x8b,0x2c,0x8b,0x4c,0x8b,
    0x8d,0x93,0x8e,0x93,0x10,0xa4,0x30,0xa4,0x11,0xa4,0xf1,0x9b,0x11,0x9c,0x10,0xa4,0x10,0x9c,0xaf,0x93,0x6e,0x93,0x4d,0x8b,
    0xaa,0x6a,0x49,0x62,0x28,0x62,0x07,0x5a,0x27,0x62,0x68,0x6a,0x28,0x5a,0x07,0x5a,0x07,0x5a,0xe7,0x51,0x28,0x62,0x28,0x5a,
    0x28,0x5a,0x6a,0x62,0xaa,0x6a,0x6a,0x62,0xc6,0x39,0xa7,0x31,0xc7,0x39,0xa6,0x39,0x29,0x52,0xcc,0x6a,0x6a,0x5a,0x0d,0x73,
    0x31,0x94,0xd3,0xa4,0xd3,0xa4,0x92,0xa4,0x92,0x9c,0x6a,0x4a,0xa6,0x31,0xc7,0x39,0xa7,0x39,0xc7,0x39,0xc7,0x31,0xa7,0x39,
    0xa6,0x39,0xc7,0x31,0xa6,0x39,0xa7,0x39,0xc7,0x31,0xa7,0x39,0xc6,0x39,0xa7,0x31,0x2b,0x42,0xf2,0x7b,0x73,0x94,0x93,0x94,
    0x11,0x8c,0x49,0x52,0xc7,0x39,0xa7,0x31,0xc7,0x39,0xa7,0x39,0xc6,0x39,0xc7,0x39,0xa6,0x39,0xc7,0x31,0xa7,0x39,0xc7,0x39,
    0xc6,0x39,0xc7,0x39,0xa7,0x31,0xc6,0x39,0x08,0x52,0xaa,0x72,0xeb,0x72,0x0c,0x73,0xeb,0x72,0x0c,0x7b,0xeb,0x7a,0x0b,0x7b,
    0x2c,0x7b,0x2c,0x83,0x4c,0x83,0x4c,0x83,0xce,0x9b,0x0f,0xa4,0x2f,0xa4,0x70,0xac,0x91,0xb4,0xb2,0xbc,0xb1,0xb4,0x91,0xb4,
    0x30,0xa4,0x6d,0x83,0x8a,0x5a,0x4e,0x73,0xd4,0xac,0x97,0xc5,0xb7,0xd5,0x96,0xcd,0x14,0xbd,0x71,0xb4,0xef,0xa3,0x6d,0x93,
    0xd3,0xb4,0xb2,0xb4,0x30,0xa4,0x4b,0x8b,0x27,0x62,0xc7,0x39,0xa6,0x31,0xc7,0x41,0x6a,0x5a,0xcb,0x62,0x4a,0x52,0xe7,0x41,
    0xa7,0x31,0xa6,0x39,0xc7,0x39,0xa6,0x31,0xa7,0x39,0x86,0x29,0x28,0x4a,0x6b,0x52,0xa6,0x31,0xc7,0x39,0xc8,0x39,0x09,0x42,
    0xc7,0x39,0xa7,0x31,0xc6,0x39,0xa7,0x39,0xc7,0x31,0xa7,0x39,0xc7,0x39,0x09,0x42,0xe8,0x39,0xa6,0x39,0xc7,0x31,0xa7,0x39,
    0x6e,0x73,0x71,0x9c,0x91,0x9c,0xb2,0x9c,0x8e,0x83,0x8a,0x5a,0x08,0x4a,0xc7,0x41,0xe8,0x49,0xc7,0x39,0xc7,0x39,0xa7,0x39,
    0xc7,0x39,0xca,0x72,0xec,0x7a,0x0c,0x7b,0xca,0x7a,0xa9,0x72,0xa9,0x7a,0xc9,0x82,0xa9,0x72,0x88,0x72,0xca,0x7a,0x2b,0x8b,
    0x2b,0x8b,0x0b,0x83,0x2b,0x83,0x6d,0x93,0x4c,0x8b,0xae,0x9b,0x0f,0xa4,0x31,0xac,0x71,0xac,0x52,0xac,0x52,0xa4,0x11,0x9c,
    0xf1,0x9b,0xf0,0x9b,0xaf,0x93,0x6d,0x8b,0xcb,0x7a,0xaa,0x72,0x48,0x6a,0x07,0x5a,0x28,0x62,0x48,0x6a,0x07,0x52,0xc7,0x51,
    0xe7,0x51,0xc6,0x41,0xc7,0x49,0xc6,0x49,0xc7,0x49,0x49,0x62,0xcb,0x6a,0x08,0x52,0xa7,0x39,0xc6,0x39,0xa7,0x31,0xc7,0x39,
    0xe9,0x49,0x08,0x4a,0xc7,0x39,0x08,0x4a,0xab,0x5a,0x2d,0x73,0xef,0x93,0x92,0xa4,0xf5,0xac,0xb0,0x7b,0xa7,0x39,0xc7,0x31,
    0xc6,0x39,0xa7,0x31,0xc6,0x39,0xc7,0x39,0xa7,0x31,0xc7,0x39,0xc7,0x39,0xa6,0x31,0xc7,0x39,0xa6,0x39,0xc7,0x31,0xa7,0x31,
    0x0e,0x5b,0xf5,0x9c,0xf5,0x9c,0x72,0x94,0xb0,0x7b,0x4a,0x52,0xa7,0x39,0xc6,0x39,0xc7,0x39,0xa6,0x31,0xc7,0x39,0xa7,0x31,
    0xc7,0x39,0xa6,0x39,0xc7,0x31,0xc7,0x41,0xa7,0x41,0xc7,0x41,0xc6,0x39,0xa7,0x39,0xa6,0x39,0x29,0x5a,0xcb,0x72,0xcb,0x6a,
    0xeb,0x72,0x0c,0x7b,0x2c,0x7b,0x2c,0x7b,0x2b,0x7b,0x4c,0x83,0x4c,0x83,0x6d,0x8b,0x8d,0x93,0xee,0xa3,0x0f,0xa4,0x70,0xac,
    0xb1,0xb4,0xb2,0xbc,0xb2,0xb4,0x91,0xb4,0x71,0xac,0xef,0x9b,0xab,0x62,0x0c,0x63,0x93,0xa4,0x35,0xc5,0x75,0xc5,0x13,0xc5,
    0x91,0xbc,0x0f,0xac,0x6d,0x93,0x0b,0x8b,0xd3,0xb4,0x70,0xac,0x4b,0x83,0x28,0x62,0xc6,0x39,0xa7,0x31,0xe7,0x49,0xcb,0x6a,
    0xec,0x6a,0xe8,0x41,0xa6,0x31,0xa7,0x39,0xc6,0x39,0xc7,0x31,0xa7,0x39,0xc7,0x39,0xe7,0x41,0x8a,0x52,0xcf,0x83,0xcf,0x7b,
    0x6b,0x4a,0xc8,0x39,0xc8,0x39,0xc7,0x39,0xc7,0x31,0xa6,0x39,0xc7,0x39,0xc7,0x31,0xa6,0x39,0xc7,0x39,0xa6,0x31,0xa7,0x39,
    0xc6,0x39,0xc7,0x39,0xa6,0x31,0x08,0x4a,0xf1,0x8b,0x30,0x94,0x6d,0x7b,0x0c,0x6b,0x28,0x4a,0xc7,0x39,0xa6,0x39,0xc7,0x39,
    0xc7,0x39,0xa7,0x39,0xc6,0x39,0xc7,0x39,0xa6,0x31,0x28,0x52,0x4d,0x8b,0x0c,0x7b,0x69,0x6a,0x68,0x72,0xa9,0x7a,0xa8,0x72,
    0x89,0x72,0x89,0x72,0xc9,0x7a,0xca,0x82,0x0b,0x83,0x2c,0x8b,0x2b,0x8b,0x0c,0x83,0x2c,0x8b,0xae,0x9b,0xef,0xa3,0x52,0xac,
    0x72,0xac,0x72,0xac,0x72,0xac,0x52,0xa4,0x11,0xa4,0x31,0xa4,0x8e,0x93,0x8e,0x8b,0x6d,0x8b,0xcb,0x7a,0x69,0x6a,0x28,0x62,
    0x27,0x62,0x07,0x5a,0x07,0x5a,0xe7,0x51,0xc7,0x49,0xc7,0x41,0xc6,0x39,0xc7,0x41,0xc6,0x41,0x08,0x5a,0x49,0x62,0xc7,0x39,
    0xc6,0x39,0xa7,0x31,0xc7,0x39,0xc7,0x39,0xa6,0x31,0xa6,0x31,0xc7,0x39,0xa6,0x31,0xa6,0x31,0x86,0x31,0xc7,0x39,0x28,0x52,
    0xec,0x6a,0xec,0x6a,0xe8,0x41,0xa6,0x39,0xc7,0x39,0xa7,0x39,0xc7,0x31,0xa6,0x39,0xc7,0x39,0xa6,0x31,0xc7,0x39,0xa7,0x31,
    0xc7,0x39,0xc7,0x31,0xa6,0x39,0xc8,0x39,0x90,0x73,0x73,0x94,0x6f,0x7b,0x8a,0x62,0xc7,0x41,0xa6,0x39,0xc7,0x39,0xa6,0x31,
    0xc7,0x39,0xc7,0x39,0xa6,0x31,0xc7,0x39,0xc7,0x31,0xc7,0x39,0xa6,0x39,0xc7,0x31,0xc7,0x39,0xc7,0x49,0xe7,0x41,0xa7,0x39,
    0xc6,0x39,0xe7,0x49,0x49,0x62,0x8a,0x62,0xcb,0x6a,0x0b,0x73,0x2c,0x7b,0x0c,0x7b,0x0c,0x7b,0x4c,0x83,0x4d,0x8b,0x8c,0x8b,
    0xce,0x9b,0x0e,0xa4,0x0f,0xa4,0x50,0xac,0x91,0xb4,0xb1,0xb4,0xb1,0xbc,0xb1,0xb4,0x91,0xb4,0x30,0x9c,0xeb,0x6a,0xab,0x5a,
    0x10,0x94,0xf3,0xbc,0xf3,0xc4,0x91,0xbc,0x30,0xac,0xae,0xa3,0x2c,0x8b,0xab,0x7a,0xb2,0xac,0x8d,0x93,0x27,0x62,0xc7,0x39,
    0xa6,0x39,0x29,0x52,0x8a,0x5a,0x29,0x52,0xe8,0x41,0xa6,0x39,0xc7,0x39,0xa7,0x31,0xc7,0x39,0xa6,0x39,0xc7,0x31,0x6a,0x52,
    0x6e,0x7b,0xd3,0xa4,0x15,0xa5,0xf4,0xa4,0x12,0x84,0x4b,0x42,0xa6,0x31,0xc7,0x39,0xa6,0x39,0xc7,0x31,0xa7,0x39,0xc7,0x39,
    0xc7,0x31,0xa6,0x39,0xc7,0x39,0xc7,0x31,0xa7,0x39,0xc7,0x39,0xa6,0x31,0x08,0x4a,0x8a,0x5a,0x08,0x4a,0xa7,0x39,0x86,0x39,
    0xa7,0x31,0xc7,0x39,0xa7,0x39,0xc7,0x31,0xa6,0x39,0xc7,0x31,0xa7,0x39,0xc7,0x31,0xa7,0x39,0xc6,0x39,0xcb,0x72,0xcb,0x72,
    0x27,0x5a,0x68,0x6a,0x89,0x72,0x68,0x6a,0x89,0x72,0xa9,0x72,0x68,0x6a,0x48,0x6a,0xaa,0x72,0xca,0x7a,0x0b,0x8b,0x4c,0x8b,
    0x8d,0x9b,0xef,0xa3,0x10,0xa4,0x31,0xa4,0x72,0xac,0x72,0xac,0x52,0xa4,0x52,0xac,0x51,0xa4,0x32,0xa4,0x10,0x9c,0x6e,0x93,
    0x8e,0x93,0x0b,0x83,0xaa,0x72,0x48,0x62,0x28,0x62,0x07,0x62,0x07,0x5a,0xe7,0x51,0xc7,0x49,0xc6,0x41,0xc7,0x41,0xc7,0x39,
    0xc6,0x41,0xc7,0x49,0xc7,0x41,0xc7,0x31,0xa6,0x39,0xc7,0x39,0xa6,0x39,0xa7,0x39,0xc7,0x41,0xc7,0x39,0xc7,0x41,0xa7,0x41,
    0xc6,0x39,0xc7,0x39,0xa6,0x39,0x86,0x29,0x86,0x31,0xa6,0x31,0xa6,0x39,0xa7,0x39,0xa6,0x39,0xc6,0x39,0xa7,0x41,0xc7,0x39,
    0xa6,0x39,0xc7,0x41,0xc7,0x39,0xc6,0x41,0xa7,0x39,0xc6,0x39,0xa7,0x39,0xe7,0x41,0x29,0x52,0x28,0x52,0xc7,0x41,0xa6,0x39,
    0xa7,0x39,0xc7,0x31,0xc7,0x39,0xa7,0x39,0xc6,0x31,0xa7,0x39,0xc7,0x39,0xa6,0x39,0xc7,0x39,0xa6,0x31,0xc7,0x39,0xa6,0x39,
    0xc7,0x31,0xa6,0x39,0xc7,0x41,0xe8,0x49,0xc7,0x41,0xe7,0x49,0x28,0x52,0x6a,0x62,0xaa,0x6a,0xab,0x6a,0xeb,0x72,0x0b,0x7b,
    0x0c,0x7b,0x2b,0x7b,0x6d,0x8b,0x8d,0x93,0xad,0x93,0x2f,0xa4,0x2f,0xac,0x50,0xb4,0x90,0xb4,0x91,0xb4,0xb1,0xb4,0x91,0xb4,
    0x71,0xac,0x50,0xac,0x2d,0x73,0x8b,0x5a,0xaf,0x83,0x92,0xbc,0xb1,0xbc,0x71,0xbc,0x0f,0xac,0x8d,0x93,0xeb,0x82,0x89,0x7a,
    0xce,0x93,0x48,0x62,0xc7,0x39,0xa6,0x31,0x8a,0x62,0xec,0x72,0xe8,0x41,0xa6,0x31,0xa7,0x39,0xc6,0x31,0xa7,0x39,0xc6,0x39,
    0xc7,0x31,0xa7,0x39,0xa6,0x39,0xe8,0x49,0xeb,0x6a,0x31,0x94,0xd3,0xa4,0x15,0xad,0xf5,0x9c,0x0d,0x5b,0xa7,0x31,0xc6,0x39,
    0xa7,0x31,0xc7,0x39,0xc6,0x31,0xa7,0x39,0xc6,0x31,0xc7,0x39,0xa7,0x31,0xc6,0x39,0xa7,0x31,0xc6,0x39,0xa7,0x39,0xc7,0x39,
    0x86,0x31,0xa6,0x31,0xc7,0x39,0xc6,0x31,0xa7,0x39,0xa6,0x31,0xc6,0x39,0xa7,0x39,0xc7,0x39,0xc7,0x41,0xc7,0x39,0xc6,0x39,
    0xa7,0x39,0xa6,0x31,0x48,0x62,0x89,0x6a,0x27,0x62,0x27,0x62,0x27,0x6a,0x48,0x6a,0x89,0x72,0x89,0x72,0x69,0x6a,0xaa,0x7a,
    0xa9,0x7a,0xeb,0x82,0x4c,0x8b,0x8d,0x9b,0x0f,0xa4,0x30,0xac,0x30,0xac,0x31,0xa4,0x51,0xac,0x72,0xac,0x73,0xac,0x93,0xac,
    0x93,0xac,0x52,0xa4,0x31,0xa4,0xaf,0x93,0xae,0x93,0x4d,0x8b,0xcb,0x7a,0x27,0x62,0x48,0x62,0x28,0x62,0xe7,0x51,0xc6,0x49,
    0xc7,0x49,0xe6,0x49,0xc7,0x49,0xc6,0x41,0xc7,0x41,0xc7,0x49,0xa6,0x39,0xa7,0x31,0xe8,0x41,0x4a,0x52,0x49,0x5a,0x49,0x52,
    0x49,0x5a,0x6a,0x62,0x8a,0x62,0x6a,0x62,0x8b,0x62,0xec,0x72,0x6a,0x5a,0x4a,0x5a,0x29,0x52,0xe8,0x41,0xe8,0x41,0x4a,0x52,
    0xe8,0x41,0x29,0x52,0x29,0x52,0x08,0x52,0x08,0x4a,0xc7,0x49,0xe7,0x41,0xe8,0x49,0xe7,0x49,0xc7,0x41,0xc7,0x41,0xc7,0x39,
    0xa6,0x31,0xa6,0x31,0xa7,0x31,0xc7,0x39,0xc6,0x39,0xa7,0x39,0xc7,0x39,0x28,0x52,0xc7,0x41,0xa7,0x39,0xc7,0x31,0xc7,0x39,
    0xa6,0x31,0xc7,0x39,0xa7,0x39,0xc7,0x31,0xc7,0x39,0xc7,0x39,0xa7,0x31,0xc6,0x39,0xa7,0x41,0xe8,0x49,0x08,0x5a,0x69,0x5a,
    0x8a,0x6a,0xaa,0x6a,0xcb,0x72,0x0b,0x7b,0x2c,0x7b,0x2c,0x83,0x6c,0x8b,0x8d,0x93,0xad,0x93,0x2f,0xac,0x70,0xb4,0x50,0xac,
    0x70,0xb4,0x70,0xac,0x91,0xb4,0x71,0xb4,0x91,0xac,0x71,0xac,0x8e,0x8b,0xcb,0x62,0x6e,0x83,0x71,0xac,0x71,0xbc,0x4f,0xb4,
    0xce,0xa3,0x6d,0x9b,0xeb,0x82,0x89,0x7a,0x8a,0x6a,0xc6,0x39,0xa6,0x31,0x6a,0x62,0xec,0x6a,0x08,0x42,0xa6,0x39,0xc7,0x39,
    0xc7,0x39,0xa7,0x39,0xc6,0x31,0xa7,0x39,0xc6,0x39,0xc7,0x31,0xc7,0x39,0xa6,0x31,0xa6,0x41,0x08,0x52,0xaa,0x62,0x6e,0x83,
    0xf0,0x8b,0x2d,0x73,0xe8,0x41,0xc7,0x39,0xc7,0x39,0xa6,0x39,0xc7,0x39,0xc7,0x41,0xc7,0x41,0xa6,0x41,0xc7,0x39,0xc7,0x39,
    0xa6,0x39,0xc7,0x39,0xa7,0x31,0xc7,0x31,0xe7,0x49,0xe8,0x49,0xc7,0x41,0xc7,0x41,0x29,0x52,0x29,0x5a,0xe8,0x49,0xe7,0x49,
    0xc7,0x49,0x08,0x52,0x08,0x52,0xe8,0x49,0xc7,0x41,0x49,0x52,0x28,0x5a,0x49,0x6a,0x48,0x6a,0x48,0x6a,0x48,0x6a,0x68,0x6a,
    0x68,0x6a,0x48,0x6a,0x89,0x72,0xca,0x7a,0x2b,0x8b,0x4c,0x8b,0xad,0x9b,0xaf,0x9b,0x10,0xac,0x30,0xa4,0x72,0xac,0x92,0xb4,
    0x93,0xb4,0xb3,0xb4,0xb3,0xb4,0x93,0xb4,0x73,0xac,0x32,0xa4,0x31,0xa4,0xaf,0x93,0x6d,0x8b,0x6d,0x93,0x2c,0x83,0xaa,0x7a,
    0x48,0x6a,0x28,0x62,0x07,0x5a,0xe7,0x49,0xc7,0x49,0xc7,0x51,0xe6,0x49,0xc7,0x41,0xc7,0x41,0xc6,0x41,0xc7,0x39,0xc7,0x39,
    0xc7,0x41,0x28,0x52,0x49,0x5a,0x6a,0x62,0xaa,0x6a,0xcc,0x72,0xaa,0x6a,0xaa,0x6a,0x0c,0x7b,0x2d,0x7b,0x4d,0x83,0x4e,0x7b,
    0xab,0x62,0x08,0x5a,0xec,0x72,0xec,0x6a,0xe9,0x49,0xab,0x62,0x8b,0x62,0x09,0x4a,0x49,0x52,0xa7,0x39,0x29,0x4a,0x49,0x5a,
    0xe7,0x49,0xc7,0x39,0x08,0x4a,0xe7,0x41,0xa7,0x39,0xc7,0x39,0xc7,0x39,0xc7,0x41,0xc7,0x41,0xa6,0x39,0x08,0x52,0x08,0x52,
    0xc7,0x51,0xe6,0x49,0xe7,0x49,0xc6,0x41,0xc7,0x41,0xa7,0x39,0xc6,0x39,0xa7,0x39,0xc6,0x31,0xa7,0x39,0xc6,0x39,0xc7,0x39,
    0xa7,0x41,0xe8,0x49,0x08,0x52,0x49,0x5a,0x6a,0x62,0xca,0x6a,0xeb,0x7a,0x0c,0x7b,0x4c,0x8b,0x8d,0x8b,0x8d,0x93,0x8d,0x93,
    0xad,0x9b,0x2f,0xa4,0x70,0xb4,0x50,0xac,0x50,0xac,0x70,0xb4,0x71,0xac,0x91,0xb4,0x91,0xb4,0x71,0xac,0x0f,0x94,0x0d,0x6b,
    0x4d,0x7b,0x30,0xa4,0x50,0xb4,0x0f,0xac,0xce,0xa3,0x8d,0x9b,0x2c,0x93,0xaa,0x82,0x68,0x62,0xa6,0x41,0x6a,0x62,0xab,0x62,
    0xa7,0x39,0xa6,0x31,0xc7,0x39,0xa7,0x31,0xc6,0x39,0xc7,0x31,0xa7,0x39,0xc7,0x41,0xa7,0x31,0xc7,0x39,0xc6,0x39,0xc7,0x39,
    0xc7,0x39,0xa6,0x39,0xa6,0x39,0xa6,0x39,0xc7,0x49,0xe7,0x49,0x07,0x5a,0xe7,0x49,0xe7,0x51,0xc7,0x49,0xe7,0x49,0x28,0x52,
    0x8a,0x62,0xcc,0x6a,0x69,0x5a,0x29,0x5a,0x08,0x4a,0xc7,0x41,0xc7,0x49,0xc7,0x41,0xe8,0x49,0x4a,0x62,0x29,0x5a,0x08,0x52,
    0x49,0x5a,0x49,0x62,0x08,0x52,0xc7,0x49,0xe8,0x49,0xe8,0x49,0xc7,0x41,0xe7,0x49,0x08,0x52,0xc8,0x39,0xe7,0x49,0x47,0x62,
    0x88,0x72,0x69,0x72,0x68,0x6a,0x28,0x6a,0x48,0x62,0x89,0x72,0xca,0x7a,0x4b,0x93,0x8d,0x9b,0xce,0xa3,0xce,0xa3,0x10,0xac,
    0x51,0xac,0x51,0xac,0x93,0xb4,0x92,0xb4,0x93,0xb4,0x93,0xac,0x93,0xb4,0xb4,0xb4,0x93,0xac,0x93,0xac,0x73,0xac,0x31,0xac,
    0xae,0x93,0xf0,0xa3,0xae,0x93,0x0c,0x83,0x69,0x6a,0x69,0x6a,0x68,0x6a,0x07,0x62,0xe7,0x51,0xc6,0x49,0xe7,0x49,0xe7,0x51,
    0xc6,0x49,0xc7,0x49,0xc7,0x39,0xa6,0x31,0xc7,0x39,0xc7,0x49,0xe8,0x51,0xc7,0x41,0x08,0x52,0x08,0x52,0x28,0x5a,0x49,0x62,
    0x69,0x62,0x8a,0x6a,0xca,0x72,0xcb,0x72,0xcb,0x72,0xaa,0x6a,0x0c,0x7b,0x8a,0x62,0xc7,0x49,0x8a,0x6a,0x49,0x5a,0xe7,0x41,
    0xc8,0x41,0x28,0x5a,0xaa,0x6a,0x89,0x62,0x08,0x5a,0xe7,0x49,0xe7,0x49,0x08,0x5a,0xc7,0x49,0xc7,0x41,0x07,0x52,0x08,0x52,
    0x48,0x62,0xc7,0x49,0x08,0x52,0x28,0x5a,0x48,0x5a,0x08,0x5a,0x07,0x5a,0x08,0x52,0xe7,0x51,0xc7,0x49,0xc7,0x39,0xa6,0x39,
    0xa7,0x39,0xc6,0x31,0xa7,0x39,0xc7,0x31,0xa7,0x39,0xe7,0x41,0x29,0x5a,0x69,0x62,0xaa,0x6a,0xeb,0x72,0x2c,0x83,0x4c,0x83,
    0x4d,0x8b,0x8d,0x93,0xce,0x9b,0xad,0x93,0xad,0x93,0x0f,0xa4,0x70,0xac,0x50,0xb4,0x70,0xac,0x71,0xb4,0x70,0xac,0x71,0xb4,
    0x71,0xac,0x71,0xac,0x10,0x9c,0x4d,0x7b,0x0c,0x6b,0xcf,0x9b,0x2f,0xac,0x0f,0xac,0x0f,0xac,0xef,0xab,0xad,0xa3,0x0b,0x93,
    0xcb,0x72,0xcb,0x6a,0xec,0x72,0xc7,0x39,0xa6,0x39,0xc7,0x39,0xc7,0x39,0xa6,0x39,0xc8,0x41,0xc7,0x39,0x49,0x5a,0x49,0x5a,
    0xe7,0x49,0x29,0x5a,0xe8,0x51,0x28,0x52,0x28,0x5a,0xe8,0x49,0xc7,0x49,0xc7,0x41,0x08,0x4a,0xe7,0x49,0x08,0x4a,0xe7,0x51,
    0x8a,0x62,0xe7,0x41,0x08,0x52,0x29,0x52,0x69,0x5a,0x8a,0x62,0xeb,0x7a,0xab,0x6a,0xe7,0x51,0xe8,0x49,0x08,0x52,0xc7,0x49,
    0x08,0x5a,0x28,0x5a,0x48,0x62,0x08,0x5a,0xc7,0x49,0xe7,0x51,0xc7,0x49,0xc7,0x41,0xc7,0x39,0xa6,0x41,0xc7,0x41,0xc7,0x39,
    0x29,0x5a,0xa6,0x39,0xe7,0x51,0x68,0x6a,0x48,0x6a,0x47,0x6a,0x27,0x62,0x27,0x62,0x89,0x72,0xa9,0x7a,0x0b,0x8b,0xad,0x9b,
    0xef,0xa3,0x50,0xb4,0x50,0xb4,0x71,0xac,0x92,0xb4,0x71,0xb4,0xb3,0xb4,0xb3,0xb4,0xb3,0xb4,0x73,0xac,0x93,0xac,0xb4,0xb4,
    0xb4,0xac,0x93,0xac,0x93,0xac,0x72,0xac,0x31,0xa4,0x30,0xa4,0x31,0xa4,0xae,0x93,0xaa,0x7a,0xa9,0x72,0x89,0x72,0x68,0x6a,
    0x48,0x62,0xe7,0x59,0xe7,0x51,0x48,0x62,0x07,0x5a,0xe6,0x51,0xc7,0x49,0xc7,0x39,0xa7,0x39,0xc7,0x41,0xc7,0x41,0xe7,0x51,
    0xc7,0x41,0xc7,0x51,0xc7,0x41,0xe7,0x49,0x08,0x5a,0x28,0x62,0x49,0x62,0x69,0x62,0x89,0x6a,0xaa,0x72,0xaa,0x72,0xe7,0x51,
    0x28,0x5a,0xe8,0x51,0xa6,0x41,0xc7,0x51,0xe7,0x41,0x69,0x6a,0xaa,0x72,0x8a,0x6a,0x89,0x6a,0xab,0x72,0x08,0x4a,0x89,0x6a,
    0x89,0x6a,0x49,0x62,0x08,0x52,0x69,0x62,0xca,0x72,0x8a,0x6a,0x49,0x62,0x8a,0x6a,0xaa,0x72,0xaa,0x6a,0x89,0x6a,0x49,0x62,
    0x28,0x5a,0x08,0x52,0xe7,0x51,0x08,0x52,0xc7,0x49,0xc7,0x41,0xc7,0x41,0xc7,0x39,0xa6,0x39,0xe8,0x49,0x29,0x52,0x6a,0x62,
    0xaa,0x6a,0xeb,0x72,0x4c,0x8b,0x8d,0x8b,0x6d,0x8b,0xce,0x93,0xce,0x9b,0xce,0x9b,0xce,0x9b,0x0f,0xa4,0x70,0xac,0x50,0xb4,
    0x70,0xb4,0x71,0xb4,0x70,0xac,0x50,0xac,0x50,0xac,0x70,0xac,0x10,0xa4,0x6d,0x7b,0xec,0x6a,0x6d,0x83,0xef,0xa3,0x0f,0xac,
    0x2f,0xac,0x50,0xb4,0x0f,0xb4,0x8d,0xa3,0x4e,0x7b,0xeb,0x6a,0xc7,0x41,0xc7,0x31,0xc7,0x39,0xc7,0x39,0xa7,0x39,0x28,0x4a,
    0x8a,0x62,0x8a,0x5a,0x2c,0x7b,0xec,0x6a,0x2c,0x7b,0x8a,0x62,0x69,0x62,0xeb,0x7a,0x8a,0x6a,0x28,0x52,0x28,0x5a,0x28,0x52,
    0x69,0x62,0xe7,0x41,0x69,0x6a,0x29,0x52,0xe7,0x41,0xe8,0x49,0x29,0x5a,0x48,0x5a,0xc7,0x41,0xe7,0x59,0xca,0x72,0xe8,0x51,
    0xe7,0x51,0xe7,0x49,0x08,0x5a,0x08,0x5a,0x08,0x5a,0x07,0x52,0x08,0x5a,0xc6,0x41,0xc7,0x39,0xa7,0x39,0xc7,0x41,0xa6,0x31,
    0xc7,0x41,0xc7,0x41,0xe8,0x49,0x49,0x5a,0xe7,0x51,0xe7,0x49,0x27,0x62,0x68,0x72,0x48,0x6a,0x28,0x62,0x27,0x62,0x89,0x72,
    0xc9,0x7a,0xea,0x82,0x4c,0x93,0x0f,0xac,0x50,0xb4,0x70,0xb4,0x92,0xbc,0x71,0xb4,0x71,0xb4,0xb3,0xbc,0xd3,0xbc,0xb3,0xb4,
    0xb3,0xb4,0xb3,0xb4,0xb4,0xb4,0xb3,0xb4,0xb4,0xac,0xb4,0xb4,0xd4,0xac,0xb3,0xb4,0x93,0xb4,0x51,0xac,0x72,0xb4,0x10,0xa4,
    0x8e,0x93,0x2c,0x8b,0xeb,0x82,0xeb,0x82,0xa9,0x72,0xaa,0x7a,0x28,0x62,0x07,0x5a,0x07,0x5a,0xe7,0x59,0x06,0x5a,0xe6,0x51,
    0xc6,0x41,0xc7,0x41,0xe7,0x49,0xa7,0x41,0xc6,0x41,0xc7,0x41,0xc7,0x49,0xa7,0x39,0xc6,0x41,0xe7,0x49,0xc7,0x51,0x07,0x62,
    0x08,0x5a,0x68,0x6a,0x49,0x6a,0x28,0x5a,0x28,0x62,0x28,0x62,0x08,0x5a,0xe7,0x49,0x29,0x62,0x69,0x6a,0x48,0x6a,0xaa,0x72,
    0xca,0x7a,0x0b,0x7b,0x8a,0x6a,0x8a,0x6a,0x0b,0x83,0xeb,0x7a,0x49,0x62,0x8a,0x6a,0x0c,0x83,0xeb,0x7a,0xaa,0x72,0xaa,0x6a,
    0xeb,0x7a,0xeb,0x7a,0xcb,0x72,0xca,0x72,0xaa,0x72,0x49,0x62,0x69,0x62,0x8a,0x62,0x69,0x62,0x49,0x5a,0x49,0x62,0x49,0x5a,
    0x29,0x5a,0x28,0x52,0x29,0x5a,0x89,0x62,0xcb,0x72,0x4d,0x83,0x6d,0x8b,0xad,0x93,0xef,0xa3,0xee,0x9b,0xae,0x9b,0xae,0x93,
    0xce,0x9b,0x0f,0xa4,0x70,0xac,0x70,0xb4,0x70,0xb4,0x71,0xb4,0x70,0xac,0x50,0xac,0x50,0xac,0x50,0xac,0x10,0x9c,0x6d,0x7b,
    0xcc,0x62,0x2c,0x7b,0xce,0x9b,0x0f,0xac,0x50,0xb4,0x71,0xbc,0x50,0xc4,0xee,0xb3,0x8a,0x5a,0xe8,0x41,0xa6,0x31,0xa6,0x39,
    0xa7,0x39,0xc7,0x41,0x09,0x4a,0x0c,0x73,0x2d,0x73,0x2d,0x7b,0xae,0x8b,0xaf,0x93,0xcf,0x93,0x2c,0x7b,0xae,0x93,0x8e,0x93,
    0x8a,0x62,0xcb,0x72,0xaa,0x6a,0xaa,0x72,0xcb,0x6a,0xcb,0x72,0xca,0x72,0x28,0x52,0xe7,0x49,0x08,0x52,0xe7,0x49,0x08,0x52,
    0xe8,0x49,0x08,0x5a,0x08,0x5a,0xe7,0x51,0x08,0x5a,0xe7,0x51,0x08,0x62,0x07,0x52,0xc7,0x49,0xa6,0x41,0xc7,0x39,0xc7,0x39,
    0xa6,0x39,0xc7,0x39,0xc6,0x31,0xc7,0x41,0xc7,0x49,0xc7,0x41,0x48,0x5a,0x49,0x5a,0xe7,0x51,0x47,0x6a,0x48,0x6a,0x68,0x6a,
    0x68,0x72,0x88,0x6a,0xca,0x7a,0xea,0x82,0x0b,0x8b,0x8d,0x9b,0x0f,0xac,0xee,0xab,0x71,0xb4,0xb2,0xbc,0xb2,0xbc,0xb2,0xb4,
    0x92,0xb4,0xb3,0xb4,0xb2,0xb4,0xd3,0xb4,0xd4,0xbc,0xd4,0xb4,0x93,0xac,0xd4,0xb4,0xd4,0xb4,0xd4,0xac,0xb4,0xb4,0x93,0xac,
    0xb4,0xac,0xb3,0xb4,0xb3,0xac,0x51,0xac,0x0f,0xa4,0xae,0x9b,0x8d,0x93,0x4c,0x8b,0xca,0x7a,0xca,0x7a,0x89,0x72,0x27,0x62,
    0x28,0x62,0x07,0x5a,0x07,0x62,0x28,0x62,0x07,0x5a,0xc7,0x49,0xe8,0x49,0xe7,0x49,0xc7,0x39,0xa7,0x39,0xc6,0x39,0xc7,0x39,
    0xa7,0x39,0xc7,0x39,0xa6,0x39,0xe7,0x51,0xe7,0x51,0xc7,0x59,0x07,0x5a,0x07,0x5a,0xe7,0x59,0x07,0x5a,0x49,0x6a,0x28,0x62,
    0x69,0x6a,0x89,0x6a,0xaa,0x7a,0x69,0x62,0xca,0x7a,0x0c,0x83,0xca,0x72,0xcb,0x7a,0x2c,0x8b,0xea,0x7a,0xca,0x72,0xaa,0x72,
    0x0b,0x83,0x4c,0x83,0x2b,0x8b,0xeb,0x72,0x0b,0x7b,0x0b,0x83,0x0b,0x83,0xcb,0x72,0xeb,0x7a,0xca,0x6a,0xaa,0x6a,0xcb,0x72,
    0xaa,0x72,0xcb,0x72,0x0b,0x73,0xeb,0x7a,0xcb,0x72,0xaa,0x6a,0xaa,0x72,0xcb,0x72,0x2c,0x83,0xce,0x93,0xad,0x9b,0xae,0x93,
    0x0f,0xa4,0x0e,0xa4,0xee,0x9b,0xce,0xa3,0xee,0x9b,0x0f,0xa4,0x50,0xac,0x90,0xb4,0x71,0xb4,0x70,0xb4,0x91,0xb4,0x70,0xb4,
    0x70,0xb4,0x70,0xac,0x50,0xa4,0x6e,0x83,0xcb,0x62,0x0c,0x73,0x8d,0x93,0x0f,0xa4,0x50,0xb4,0x70,0xbc,0x70,0xc4,0x0f,0xb4,
    0xac,0x62,0x08,0x4a,0xa7,0x39,0xe8,0x41,0x29,0x4a,0xab,0x62,0x2e,0x73,0x6e,0x83,0x2d,0x73,0xcf,0x93,0x10,0x94,0x10,0x9c,
    0xef,0x9b,0x0f,0x9c,0x30,0xac,0x0f,0x9c,0x0c,0x73,0x8e,0x93,0xcb,0x6a,0x2c,0x83,0x0c,0x7b,0xeb,0x7a,0x28,0x5a,0x8a,0x6a,
    0x49,0x5a,0x29,0x62,0x28,0x52,0x07,0x5a,0x29,0x5a,0x69,0x62,0x28,0x62,0x28,0x62,0x07,0x5a,0xc7,0x41,0xc6,0x49,0xc7,0x49,
    0xc6,0x39,0xc7,0x41,0xc7,0x41,0xa6,0x39,0xc7,0x39,0xa7,0x39,0xc7,0x39,0xc6,0x41,0xc7,0x41,0x49,0x5a,0x49,0x62,0x49,0x62,
    0x68,0x6a,0x89,0x72,0x88,0x72,0x88,0x72,0x68,0x72,0x89,0x72,0xeb,0x82,0xad,0x9b,0xee,0xa3,0x50,0xbc,0x70,0xb4,0x30,0xac,
    0x91,0xbc,0x92,0xb4,0x92,0xb4,0x72,0xb4,0x71,0xb4,0x92,0xb4,0xb3,0xb4,0xd4,0xbc,0xd4,0xb4,0xb3,0xb4,0xd4,0xb4,0xf5,0xb4,
    0xb4,0xb4,0xb4,0xac,0x94,0xac,0xb4,0xac,0xb3,0xac,0x93,0xac,0x93,0xac,0x72,0xac,0x30,0xa4,0x51,0xac,0xad,0x9b,0xae,0x9b,
    0x0b,0x8b,0xea,0x82,0x89,0x72,0x68,0x6a,0x68,0x6a,0x27,0x62,0x27,0x62,0x88,0x72,0x68,0x6a,0x27,0x5a,0xc7,0x49,0xe8,0x51,
    0xc7,0x41,0xc7,0x39,0xa6,0x39,0xc7,0x39,0xa6,0x39,0xc7,0x39,0xc7,0x39,0xa7,0x39,0xc6,0x41,0xc6,0x49,0xc7,0x51,0xc6,0x49,
    0xe7,0x51,0xe6,0x51,0xe7,0x59,0x48,0x6a,0x89,0x72,0x69,0x72,0x89,0x72,0x89,0x72,0xaa,0x7a,0xca,0x82,0xaa,0x72,0xea,0x7a,
    0xeb,0x82,0x0a,0x83,0xca,0x7a,0xaa,0x72,0xeb,0x7a,0x4c,0x8b,0x2b,0x8b,0xeb,0x7a,0xca,0x7a,0xeb,0x7a,0x0c,0x7b,0xea,0x7a,
    0xaa,0x6a,0xcb,0x7a,0xcb,0x72,0xea,0x72,0x0c,0x7b,0x4c,0x83,0x8d,0x8b,0xae,0x93,0x6d,0x8b,0x2c,0x83,0x2c,0x83,0x4c,0x83,
    0x8d,0x93,0xae,0x9b,0xee,0x9b,0x0f,0xa4,0x0f,0xa4,0x2f,0xa4,0x30,0xac,0x4f,0xac,0x0f,0xac,0x0e,0xa4,0x50,0xac,0x91,0xb4,
    0x90,0xb4,0x91,0xb4,0x91,0xb4,0x90,0xb4,0x71,0xb4,0x70,0xb4,0x71,0xac,0xef,0x93,0x2d,0x73,0x0c,0x73,0x8d,0x8b,0xef,0xa3,
    0x2f,0xb4,0x50,0xbc,0x50,0xbc,0x2e,0xbc,0x0c,0x6b,0x4a,0x5a,0x8a,0x62,0x2d,0x73,0x8f,0x83,0xd0,0x8b,0xcf,0x93,0xcf,0x93,
    0xaf,0x8b,0xef,0x93,0x31,0xa4,0x50,0xa4,0x10,0x9c,0x30,0xa4,0x2f,0xa4,0xef,0xa3,0x4c,0x83,0x6d,0x8b,0xeb,0x7a,0x4c,0x8b,
    0xca,0x72,0x0c,0x83,0xca,0x72,0xcb,0x7a,0x69,0x62,0x89,0x6a,0x69,0x62,0x28,0x6a,0x49,0x62,0x07,0x5a,0xe7,0x51,0xc7,0x49,
    0xc6,0x41,0xa7,0x41,0xc7,0x39,0xa6,0x39,0xc7,0x41,0xc7,0x41,0xa6,0x39,0xc7,0x39,0xc7,0x39,0xc6,0x39,0xa7,0x39,0xc7,0x39,
    0x49,0x62,0x6a,0x62,0x69,0x5a,0x89,0x72,0xea,0x7a,0xa9,0x7a,0xa9,0x7a,0x89,0x72,0xa9,0x7a,0xea,0x82,0x4c,0x93,0x0e,0xac,
    0x70,0xb4,0x70,0xbc,0xb2,0xbc,0xd2,0xbc,0x91,0xbc,0xb2,0xb4,0x91,0xb4,0x51,0xac,0x72,0xac,0x92,0xb4,0xb3,0xb4,0xb3,0xb4,
    0xd4,0xb4,0xb4,0xb4,0xd4,0xb4,0xd4,0xb4,0xb4,0xb4,0xb4,0xac,0x93,0xac,0xb4,0xac,0x93,0xac,0x93,0xac,0x94,0xac,0x11,0xa4,
    0x72,0xac,0x71,0xb4,0x50,0xac,0x2f,0xac,0x8d,0x93,0x2b,0x8b,0xca,0x7a,0x68,0x6a,0x89,0x72,0x68,0x6a,0x48,0x6a,0xa9,0x72,
    0x48,0x6a,0x68,0x6a,0x27,0x5a,0xe7,0x51,0xe8,0x49,0xe7,0x51,0xc7,0x41,0xa7,0x39,0xc7,0x39,0xa6,0x39,0xc7,0x31,0xa6,0x39,
    0xc7,0x39,0xc7,0x39,0xc7,0x39,0xc7,0x41,0xc7,0x51,0xe7,0x51,0xc6,0x51,0x27,0x62,0x28,0x6a,0x47,0x6a,0x69,0x72,0x68,0x6a,
    0x68,0x72,0xa9,0x7a,0x89,0x72,0x89,0x72,0xa9,0x7a,0xca,0x7a,0xa9,0x72,0x48,0x6a,0xa9,0x72,0xca,0x7a,0xa9,0x7a,0xaa,0x72,
    0x89,0x6a,0x8a,0x6a,0xaa,0x72,0xcb,0x72,0xcb,0x72,0xeb,0x72,0xca,0x72,0x0c,0x7b,0x6d,0x8b,0xce,0x93,0xae,0x9b,0xce,0x9b,
    0xef,0x9b,0x0f,0x9c,0xee,0x9b,0xae,0x93,0xce,0x9b,0xee,0x9b,0x50,0xac,0x70,0xb4,0x2f,0xa4,0x50,0xac,0x2f,0xac,0x50,0xac,
    0x2f,0xac,0x2f,0xac,0x50,0xac,0x50,0xb4,0x90,0xb4,0xb1,0xbc,0x91,0xb4,0xb1,0xb4,0x91,0xb4,0x70,0xb4,0x91,0xb4,0x30,0x9c,
    0x8e,0x83,0x2d,0x73,0x4d,0x83,0xad,0x9b,0x0e,0xac,0x2f,0xb4,0x2f,0xbc,0x0e,0xbc,0x2d,0x7b,0x4d,0x7b,0xaf,0x8b,0x11,0x94,
    0x31,0x9c,0xf0,0x93,0x10,0x9c,0x30,0x9c,0x10,0x9c,0x10,0x94,0x51,0xa4,0x30,0xa4,0x0f,0x9c,0xef,0xa3,0x2f,0xac,0xef,0xa3,
    0x2c,0x83,0x4c,0x83,0x2b,0x83,0xca,0x7a,0xaa,0x72,0xaa,0x72,0x69,0x6a,0xa9,0x72,0x49,0x62,0x28,0x62,0xe7,0x59,0xe7,0x51,
    0xc6,0x49,0xc7,0x59,0xc6,0x41,0xc7,0x39,0xc7,0x41,0xc6,0x39,0xc7,0x39,0xc7,0x49,0xa6,0x39,0xc7,0x39,0xa7,0x39,0xc7,0x39,
    0xa6,0x41,0xa7,0x39,0xe7,0x49,0x8a,0x6a,0xaa,0x6a,0x8a,0x6a,0xa9,0x72,0x0a,0x83,0x0a,0x8b,0x0a,0x83,0xe9,0x82,0xca,0x7a,
    0xea,0x82,0x2b,0x8b,0x0e,0xac,0x70,0xbc,0x91,0xbc,0xb1,0xbc,0x13,0xc5,0xf3,0xc4,0xb2,0xbc,0x92,0xbc,0xb3,0xb4,0x92,0xb4,
    0x72,0xac,0xd3,0xbc,0xb3,0xb4,0xb3,0xb4,0xd4,0xb4,0xd5,0xbc,0xd4,0xb4,0xd4,0xb4,0xd4,0xb4,0xf5,0xb4,0xd4,0xb4,0xd4,0xb4,
    0xb4,0xac,0xb4,0xac,0x52,0xa4,0x72,0xa4,0x92,0xb4,0x51,0xac,0x50,0xb4,0x50,0xb4,0x8d,0x9b,0x6c,0x93,0xea,0x82,0xaa,0x7a,
    0x89,0x72,0x89,0x72,0x68,0x72,0x68,0x6a,0xa9,0x7a,0xa9,0x7a,0x89,0x72,0x28,0x5a,0xc7,0x51,0x29,0x52,0x49,0x62,0x08,0x52,
    0xe7,0x49,0xa7,0x41,0xc6,0x39,0xc7,0x39,0xa7,0x31,0xc6,0x39,0xa7,0x31,0xc6,0x39,0xc7,0x41,0xc6,0x49,0xe7,0x51,0xe6,0x59,
    0x07,0x62,0x07,0x62,0xe6,0x59,0x07,0x62,0x47,0x6a,0x69,0x72,0x47,0x6a,0x88,0x7a,0x68,0x6a,0x89,0x72,0x68,0x72,0x27,0x62,
    0x48,0x6a,0x48,0x6a,0x68,0x6a,0x69,0x6a,0x48,0x62,0x48,0x62,0x69,0x62,0xca,0x72,0xeb,0x7a,0xeb,0x72,0x0c,0x83,0x4c,0x83,
    0xce,0x93,0xef,0x9b,0xee,0x9b,0x2f,0xa4,0xef,0x9b,0x2f,0xa4,0x50,0xac,0x2f,0xac,0x50,0xac,0x50,0xac,0x91,0xb4,0x71,0xb4,
    0x70,0xb4,0x70,0xb4,0x50,0xac,0x4f,0xb4,0x50,0xac,0x50,0xac,0x4f,0xb4,0x50,0xac,0x70,0xb4,0x91,0xb4,0x90,0xb4,0x71,0xb4,
    0x91,0xb4,0x91,0xb4,0x91,0xac,0x51,0xa4,0xcf,0x8b,0x2d,0x73,0x2c,0x7b,0x6c,0x93,0xad,0xa3,0xce,0xab,0x0e,0xb4,0x0e,0xbc,
    0xf0,0x93,0x31,0x9c,0x51,0xa4,0x71,0xa4,0x51,0xa4,0x30,0xa4,0x31,0x9c,0x30,0xa4,0x31,0x9c,0x30,0xa4,0x10,0xa4,0x0f,0x9c,
    0xcf,0x9b,0xad,0x93,0xce,0x9b,0x0e,0xa4,0x2b,0x83,0x2b,0x8b,0x6c,0x93,0x2b,0x83,0x0b,0x83,0x88,0x72,0x48,0x62,0x48,0x6a,
    0x27,0x62,0xe7,0x59,0xc6,0x49,0xc7,0x49,0xe7,0x51,0xc7,0x49,0xc7,0x39,0xa6,0x41,0xc7,0x41,0xc7,0x41,0xa6,0x41,0xc7,0x31,
    0xa7,0x39,0xc7,0x41,0xe7,0x49,0xc6,0x41,0xc7,0x41,0x49,0x5a,0xeb,0x72,0xec,0x7a,0x69,0x62,0xaa,0x72,0x2a,0x83,0x2b,0x93,
    0x2a,0x8b,0x4b,0x93,0xc9,0x82,0xea,0x82,0x2b,0x93,0xce,0x9b,0x30,0xb4,0xd1,0xc4,0x13,0xc5,0xf2,0xc4,0x91,0xbc,0x92,0xbc,
    0xd2,0xbc,0x92,0xb4,0x92,0xb4,0xb2,0xb4,0x92,0xb4,0x92,0xb4,0x92,0xb4,0x93,0xb4,0xf4,0xb4,0xb4,0xb4,0xf5,0xb4,0xf5,0xbc,
    0xf5,0xbc,0x15,0xbd,0x15,0xbd,0x15,0xbd,0xd4,0xb4,0xd4,0xb4,0x93,0xac,0xb3,0xac,0x93,0xac,0xb2,0xb4,0xb2,0xb4,0x50,0xb4,
    0x2f,0xac,0xae,0x9b,0x4c,0x93,0x2b,0x8b,0x89,0x72,0x89,0x72,0x48,0x62,0x68,0x6a,0xc9,0x7a,0xea,0x7a,0xc9,0x7a,0xa9,0x72,
    0x89,0x6a,0x08,0x52,0x28,0x5a,0x49,0x5a,0x28,0x62,0x08,0x52,0xc7,0x51,0xc7,0x49,0xa6,0x41,0xa7,0x39,0xc7,0x39,0xa6,0x31,
    0xc7,0x39,0xa7,0x31,0xc7,0x39,0xc7,0x41,0xc6,0x49,0xc7,0x51,0x07,0x5a,0xe6,0x59,0xe7,0x59,0x06,0x62,0x07,0x62,0x07,0x5a,
    0xe7,0x61,0x06,0x5a,0xe7,0x59,0x07,0x5a,0xe6,0x59,0x27,0x62,0x28,0x62,0x07,0x5a,0x28,0x62,0x49,0x62,0x69,0x6a,0xca,0x72,
    0xcb,0x72,0x2c,0x83,0x6d,0x8b,0x6d,0x8b,0xae,0x93,0x0f,0xa4,0x30,0xac,0x50,0xac,0x0f,0xa4,0x0f,0xa4,0x50,0xac,0x91,0xb4,
    0x70,0xb4,0x70,0xb4,0x70,0xb4,0x91,0xb4,0x91,0xb4,0x70,0xb4,0x70,0xb4,0x70,0xac,0x2f,0xac,0x50,0xac,0x50,0xac,0x50,0xac,
    0x70,0xb4,0x70,0xb4,0x71,0xb4,0x91,0xb4,0xb1,0xbc,0x91,0xb4,0x71,0xac,0x30,0xa4,0xaf,0x8b,0xec,0x6a,0xeb,0x6a,0x0b,0x83,
    0x4c,0x9b,0xac,0xa3,0xcd,0xb3,0xee,0xb3,0x71,0xa4,0x72,0xac,0x92,0xac,0x92,0xac,0x71,0xa4,0x51,0xa4,0x30,0xa4,0x10,0x9c,
    0x10,0x9c,0x0f,0x9c,0xef,0x9b,0x0f,0x9c,0xae,0x93,0x2c,0x83,0xeb,0x7a,0x0b,0x83,0xaa,0x72,0xa9,0x72,0xaa,0x7a,0xc9,0x72,
    0x68,0x72,0x07,0x5a,0xe7,0x51,0xc7,0x51,0xe6,0x51,0xe7,0x59,0xe7,0x51,0xc6,0x49,0xc7,0x41,0xc6,0x49,0xc7,0x49,0xc7,0x41,
    0xc6,0x39,0xa7,0x39,0xc7,0x31,0xc6,0x41,0xe7,0x49,0x07,0x5a,0x07,0x52,0x08,0x5a,0x89,0x6a,0xec,0x7a,0xeb,0x72,0x89,0x6a,
    0xa9,0x72,0x2b,0x8b,0x4b,0x93,0x4b,0x93,0xcd,0xa3,0x2a,0x93,0xca,0x7a,0x4b,0x93,0xce,0xa3,0x2f,0xb4,0x91,0xbc,0xd2,0xc4,
    0xb1,0xbc,0xf2,0xc4,0xf3,0xc4,0xd2,0xbc,0xb3,0xbc,0x92,0xb4,0x92,0xb4,0xd3,0xbc,0x72,0xb4,0x92,0xb4,0xd4,0xb4,0xd4,0xbc,
    0xf4,0xbc,0xd4,0xb4,0x15,0xbd,0x35,0xbd,0x35,0xbd,0x36,0xbd,0x56,0xc5,0x56,0xbd,0xf4,0xbc,0xf4,0xb4,0x15,0xbd,0xf4,0xbc,
    0xd3,0xb4,0x92,0xb4,0xd3,0xbc,0x50,0xb4,0x71,0xb4,0xee,0xa3,0x2f,0xac,0xad,0x9b,0x2b,0x93,0xca,0x7a,0x48,0x6a,0x89,0x72,
    0xa9,0x7a,0xea,0x7a,0x0a,0x83,0x0a,0x83,0xea,0x7a,0xa9,0x72,0x08,0x5a,0x49,0x5a,0x8a,0x6a,0x8a,0x6a,0x28,0x5a,0x28,0x5a,
    0x28,0x5a,0x07,0x52,0xe7,0x51,0xc7,0x41,0xa6,0x39,0xa7,0x39,0xc6,0x39,0xa7,0x31,0xc7,0x39,0xc6,0x31,0xc7,0x41,0xc7,0x41,
    0xc6,0x49,0xc7,0x49,0xe6,0x49,0xe6,0x51,0xc7,0x49,0xe6,0x59,0xe7,0x59,0xe6,0x51,0xe7,0x59,0x28,0x62,0x28,0x5a,0x69,0x62,
    0x69,0x6a,0xaa,0x72,0xcb,0x72,0xeb,0x7a,0x0b,0x7b,0x4c,0x83,0x4c,0x8b,0xae,0x93,0xce,0x9b,0xee,0x9b,0x50,0xac,0x70,0xac,
    0x0f,0xa4,0x2f,0xa4,0x50,0xac,0x70,0xb4,0xb1,0xbc,0x91,0xb4,0xb1,0xb4,0xb1,0xbc,0x70,0xac,0x70,0xb4,0x90,0xb4,0x50,0xac,
    0x50,0xb4,0x2f,0xac,0x50,0xac,0x4f,0xb4,0x70,0xac,0x91,0xb4,0x90,0xb4,0x91,0xb4,0x91,0xb4,0x91,0xb4,0x50,0xac,0x0f,0x9c,
    0x6d,0x7b,0xcc,0x62,0xab,0x62,0xca,0x7a,0x0a,0x8b,0x4c,0x9b,0x8d,0xa3,0xcd,0xb3,0x92,0xac,0xb2,0xac,0x92,0xac,0x91,0xac,
    0x71,0xac,0x71,0xac,0x30,0xa4,0x10,0xa4,0xef,0x93,0xcf,0x9b,0xae,0x93,0xae,0x93,0x8e,0x93,0x4c,0x83,0x2c,0x83,0xca,0x7a,
    0x69,0x6a,0x27,0x5a,0x27,0x62,0x07,0x5a,0xe7,0x59,0xe7,0x59,0xe7,0x51,0xe7,0x51,0x07,0x5a,0x28,0x62,0xe6,0x51,0xc7,0x49,
    0xc7,0x49,0xe7,0x49,0xa6,0x39,0xc7,0x39,0xa6,0x39,0xc7,0x41,0xe7,0x51,0x08,0x5a,0x48,0x6a,0x49,0x62,0x89,0x6a,0xcb,0x7a,
    0x0c,0x83,0xeb,0x7a,0xca,0x72,0xca,0x7a,0x8c,0x9b,0x8c,0x9b,0x6b,0x9b,0xcc,0xa3,0xcd,0xa3,0x0b,0x8b,0x6c,0x93,0xee,0xa3,
    0xef,0xab,0x50,0xb4,0x91,0xbc,0x91,0xbc,0xb2,0xc4,0xd2,0xbc,0xf3,0xc4,0xd3,0xbc,0x71,0xb4,0x92,0xb4,0xb2,0xb4,0x92,0xb4,
    0xb2,0xb4,0xd3,0xbc,0x14,0xc5,0x14,0xc5,0x15,0xbd,0x35,0xc5,0x35,0xbd,0x36,0xc5,0x56,0xc5,0x55,0xc5,0x76,0xc5,0x76,0xc5,
    0x35,0xc5,0x15,0xbd,0x15,0xbd,0x14,0xbd,0x14,0xbd,0xb2,0xbc,0xb2,0xb4,0x91,0xb4,0x71,0xb4,0x2f,0xb4,0x91,0xb4,0x2f,0xac,
    0xad,0xa3,0x4c,0x8b,0x89,0x72,0xa9,0x72,0xa9,0x7a,0xca,0x7a,0xea,0x82,0x2b,0x8b,0x2b,0x8b,0x0a,0x83,0xa9,0x72,0x28,0x5a,
    0x69,0x62,0x8a,0x6a,0x89,0x6a,0x89,0x6a,0x69,0x6a,0x89,0x6a,0x49,0x62,0x28,0x62,0x07,0x5a,0xe7,0x51,0xc7,0x49,0xc6,0x49,
    0xc7,0x41,0xa6,0x39,0xa7,0x39,0xc6,0x41,0xc7,0x41,0xc6,0x39,0xc7,0x41,0xc6,0x49,0xc7,0x51,0xe6,0x49,0xc7,0x51,0xe7,0x59,
    0x07,0x5a,0x08,0x5a,0x48,0x62,0x69,0x6a,0xaa,0x72,0xeb,0x7a,0x0b,0x7b,0x0b,0x7b,0x0c,0x83,0x4c,0x83,0x8e,0x93,0xad,0x9b,
    0xce,0x9b,0x2f,0xac,0x30,0xac,0x2f,0xa4,0x0f,0xa4,0x2f,0xac,0x71,0xb4,0x70,0xb4,0xb1,0xb4,0xb1,0xbc,0x91,0xb4,0x91,0xb4,
    0x91,0xbc,0x91,0xb4,0xb1,0xbc,0x91,0xb4,0x70,0xac,0x4f,0xac,0x50,0xac,0x50,0xac,0x50,0xac,0x70,0xb4,0x91,0xb4,0x90,0xb4,
    0x91,0xb4,0x91,0xb4,0x70,0xac,0xcf,0x93,0x4d,0x7b,0xcb,0x62,0x6a,0x5a,0x8a,0x6a,0xa9,0x82,0x0a,0x93,0x4b,0x9b,0xad,0xab,
    0x92,0xac,0xb2,0xb4,0x91,0xac,0x71,0xac,0x71,0xac,0x51,0xa4,0x50,0xa4,0x10,0x9c,0xce,0x93,0xae,0x93,0x8e,0x8b,0x8d,0x8b,
    0x2c,0x83,0x2c,0x8b,0x2c,0x83,0xeb,0x7a,0xa9,0x6a,0x69,0x6a,0x48,0x6a,0x28,0x62,0x27,0x62,0x27,0x62,0x07,0x62,0x07,0x5a,
    0x07,0x5a,0xe7,0x59,0xe6,0x49,0xc7,0x49,0xc6,0x49,0xc6,0x49,0xc7,0x49,0xe7,0x51,0xe7,0x51,0x27,0x62,0x69,0x6a,0x89,0x72,
    0x69,0x6a,0xca,0x7a,0x0b,0x7b,0x6d,0x8b,0x2c,0x83,0xeb,0x7a,0x0b,0x83,0x6c,0x93,0xed,0xa3,0xac,0xa3,0x8c,0x9b,0x0e,0xac,
    0xee,0xa3,0x6c,0x93,0xad,0xa3,0x0f,0xac,0x70,0xbc,0x50,0xb4,0x50,0xb4,0x71,0xb4,0x71,0xb4,0xb2,0xbc,0x91,0xbc,0x71,0xb4,
    0x51,0xac,0x71,0xb4,0xb2,0xb4,0xd3,0xbc,0xd3,0xbc,0x14,0xc5,0x14,0xc5,0xf4,0xbc,0x15,0xbd,0x56,0xc5,0x36,0xc5,0x56,0xc5,
    0x76,0xc5,0x97,0xcd,0x97,0xcd,0x76,0xc5,0x76,0xc5,0x56,0xc5,0x35,0xbd,0x55,0xc5,0x15,0xbd,0xf4,0xbc,0xd2,0xbc,0xb2,0xbc,
    0x30,0xb4,0x2f,0xac,0x0e,0xb4,0xee,0xab,0xad,0xa3,0x6b,0x93,0x2b,0x8b,0x89,0x72,0xa9,0x7a,0xc9,0x7a,0x0a,0x8b,0x4b,0x8b,
    0x8c,0x9b,0x6c,0x93,0x2b,0x8b,0xa9,0x72,0x69,0x6a,0x8a,0x6a,0xca,0x72,0x8a,0x6a,0x89,0x6a,0x8a,0x6a,0x89,0x72,0x89,0x6a,
    0x8a,0x6a,0x89,0x6a,0x28,0x62,0x07,0x5a,0xe7,0x59,0x28,0x62,0x07,0x5a,0x08,0x62,0x07,0x5a,0xe7,0x59,0xe7,0x59,0x07,0x5a,
    0x27,0x62,0x28,0x62,0x27,0x5a,0x68,0x6a,0x89,0x72,0x89,0x6a,0x89,0x72,0xca,0x72,0xeb,0x7a,0x0b,0x83,0x4c,0x8b,0x8d,0x93,
    0x8d,0x93,0xad,0x93,0xef,0xa3,0x0f,0xa4,0x50,0xac,0x70,0xac,0x50,0xac,0x4f,0xac,0x50,0xac,0x2f,0xac,0x70,0xb4,0x91,0xb4,
    0xb1,0xbc,0x91,0xb4,0x90,0xbc,0x90,0xb4,0x90,0xb4,0x70,0xb4,0x90,0xb4,0x70,0xb4,0x50,0xac,0x2f,0xac,0x4f,0xac,0x2f,0xac,
    0x50,0xac,0x50,0xac,0x90,0xb4,0x91,0xbc,0x91,0xb4,0xb1,0xbc,0x71,0xac,0xce,0x93,0x4d,0x7b,0xab,0x6a,0x4a,0x52,0x8a,0x62,
    0xaa,0x82,0xca,0x8a,0x0b,0x93,0x6c,0xa3,0x92,0xac,0x91,0xac,0x71,0xac,0x71,0xac,0x71,0xac,0x71,0xac,0x50,0xa4,0x10,0xa4,
    0xef,0x9b,0xf0,0x9b,0xef,0xa3,0xef,0x9b,0xae,0x93,0x6d,0x8b,0x4c,0x8b,0x2c,0x83,0xca,0x7a,0x89,0x72,0x89,0x6a,0x48,0x6a,
    0x27,0x62,0x28,0x62,0x07,0x5a,0xe6,0x59,0xe6,0x51,0xe7,0x59,0xe6,0x59,0x07,0x5a,0x48,0x62,0x48,0x62,0x68,0x6a,0xa9,0x72,
    0xaa,0x72,0xaa,0x7a,0xaa,0x7a,0xea,0x7a,0x2c,0x83,0x4c,0x8b,0x4c,0x8b,0x8e,0x93,0x4c,0x8b,0x2b,0x83,0x4b,0x93,0xac,0x9b,
    0x0e,0xb4,0xed,0xab,0xcd,0xab,0x8c,0x9b,0x4b,0x93,0x8c,0x9b,0xce,0xab,0x50,0xb4,0x91,0xbc,0x50,0xb4,0x51,0xb4,0xb2,0xbc,
    0x91,0xb4,0xb2,0xbc,0x91,0xb4,0x51,0xac,0x72,0xb4,0xb3,0xb4,0xd3,0xbc,0xd3,0xbc,0xf4,0xc4,0x35,0xc5,0x35,0xc5,0xf5,0xbc,
    0x15,0xbd,0x76,0xc5,0x16,0xbd,0xb7,0xcd,0xd8,0xd5,0xb7,0xcd,0xb7,0xcd,0x96,0xcd,0x97,0xcd,0x96,0xcd,0x96,0xcd,0x56,0xc5,
    0x75,0xc5,0x34,0xc5,0x14,0xbd,0x91,0xb4,0x71,0xbc,0x70,0xb4,0x2f,0xac,0xee,0xab,0xee,0xa3,0x6c,0x93,0x4b,0x8b,0x2c,0x8b,
    0xc9,0x7a,0x0c,0x83,0x4b,0x8b,0x4c,0x93,0x6c,0x93,0xac,0x93,0xad,0x9b,0x6c,0x93,0xc9,0x72,0xaa,0x72,0xcb,0x72,0xeb,0x7a,
    0xcb,0x7a,0xaa,0x72,0xaa,0x72,0xaa,0x72,0x89,0x6a,0x89,0x72,0xca,0x72,0xaa,0x7a,0xa9,0x6a,0x89,0x72,0xca,0x72,0xc9,0x7a,
    0xa9,0x72,0xa9,0x72,0xa9,0x72,0xca,0x7a,0x0b,0x83,0x0b,0x83,0x0b,0x8b,0x2c,0x83,0x4b,0x8b,0x2c,0x8b,0x2b,0x83,0x4c,0x8b,
    0xad,0x9b,0x8d,0x93,0xad,0x9b,0x2f,0xa4,0x50,0xac,0x30,0xac,0x0f,0xa4,0x70,0xac,0x70,0xb4,0x30,0xac,0x4f,0xb4,0x70,0xb4,
    0x50,0xac,0x90,0xb4,0x91,0xb4,0xb1,0xbc,0xb1,0xbc,0xb0,0xbc,0x91,0xb4,0x70,0xb4,0x90,0xb4,0x50,0xb4,0x0f,0xa4,0x2f,0xac,
    0x2f,0xac,0x2f,0xac,0x2f,0xac,0x2f,0xac,0x2f,0xa4,0x50,0xac,0x70,0xb4,0x91,0xb4,0x91,0xb4,0x71,0xac,0x50,0xac,0xcf,0x9b,
    0x8d,0x83,0xcb,0x6a,0x49,0x4a,0x8a,0x62,0xaa,0x7a,0xca,0x8a,0xea,0x8a,0x4b,0x9b,0x91,0xac,0x92,0xac,0x92,0xac,0x71,0xac,
    0x71,0xac,0x71,0xac,0x50,0xac,0x71,0xac,0x30,0xac,0x50,0xac,0x2f,0xa4,0x0f,0xac,0x0f,0xa4,0xce,0x9b,0xae,0x9b,0x6c,0x93,
    0x2b,0x83,0x2b,0x83,0x0b,0x83,0xca,0x7a,0xca,0x72,0xea,0x82,0xca,0x7a,0x89,0x72,0xa9,0x72,0xaa,0x7a,0xa9,0x72,0xa9,0x72,
    0x0b,0x83,0x0b,0x8b,0x2b,0x8b,0x4c,0x8b,0x2b,0x8b,0xea,0x82,0x2b,0x83,0xad,0x93,0xae,0x9b,0x4c,0x8b,0xad,0x9b,0xce,0x9b,
    0xad,0x9b,0x8d,0x9b,0xee,0xab,0x4e,0xb4,0x4f,0xbc,0xed,0xab,0x8c,0xa3,0xac,0x9b,0xce,0xa3,0x0f,0xb4,0x50,0xb4,0x91,0xbc,
    0x71,0xb4,0xb1,0xbc,0x91,0xbc,0x91,0xb4,0x92,0xbc,0x92,0xbc,0x31,0xac,0x51,0xac,0x92,0xb4,0x71,0xb4,0xd3,0xc4,0xf3,0xbc,
    0x34,0xc5,0xd4,0xbc,0xf5,0xbc,0x56,0xc5,0x77,0xc5,0x56,0xc5,0x97,0xcd,0xd8,0xd5,0xb7,0xcd,0xf8,0xd5,0xd8,0xcd,0xb7,0xcd,
    0xf8,0xd5,0x97,0xc5,0xb7,0xcd,0x76,0xcd,0x95,0xcd,0x55,0xc5,0x34,0xc5,0xd3,0xbc,0xd2,0xbc,0x91,0xbc,0xb1,0xbc,0x0f,0xac,
    0xee,0xab,0xad,0x9b,0x8d,0x9b,0x6c,0x93,0x4c,0x8b,0x2b,0x8b,0x4c,0x93,0x8c,0x93,0xad,0x9b,0x4b,0x93,0xcd,0x9b,0xcd,0xa3,
    0x6c,0x93,0x2b,0x8b,0xca,0x7a,0x0b,0x7b,0x4c,0x83,0x0c,0x83,0xeb,0x7a,0xeb,0x7a,0xea,0x7a,0xaa,0x72,0xeb,0x7a,0x4b,0x8b,
    0x4c,0x8b,0x2b,0x83,0x0b,0x83,0xeb,0x82,0xea,0x7a,0xeb,0x82,0x4b,0x8b,0x4c,0x8b,0x8c,0x93,0xad,0x9b,0xad,0x9b,0xad,0x9b,
    0xad,0x9b,0xce,0x9b,0x0f,0xac,0x0f,0xa4,0x2f,0xac,0x50,0xac,0x51,0xac,0x91,0xb4,0xb1,0xb4,0x70,0xb4,0x2f,0xa4,0x91,0xb4,
    0x91,0xb4,0x70,0xb4,0x50,0xac,0x6f,0xb4,0x70,0xb4,0x91,0xb4,0xb1,0xb4,0xb1,0xbc,0xb1,0xbc,0xb1,0xbc,0xb1,0xbc,0x90,0xb4,
    0x50,0xac,0x2f,0xac,0x2f,0xac,0x4f,0xac,0x4f,0xb4,0x2f,0xac,0x0f,0xa4,0x2f,0xac,0x2f,0xac,0x30,0xac,0x50,0xac,0x70,0xb4,
    0x70,0xb4,0x50,0xac,0x2f,0xa4,0xef,0x9b,0xcf,0x93,0xec,0x72,0x69,0x52,0x6a,0x5a,0xab,0x72,0xca,0x82,0xeb,0x92,0x0b,0x93,
    0x92,0xac,0x92,0xac,0x91,0xac,0x91,0xac,0x92,0xb4,0x91,0xac,0x91,0xb4,0x71,0xac,0x71,0xac,0x71,0xb4,0x50,0xac,0x71,0xac,
    0x30,0xac,0x2f,0xa4,0x2f,0xac,0x0f,0xa4,0x0f,0xa4,0x0f,0xac,0xee,0xa3,0x8d,0x93,0xad,0x9b,0xad,0x9b,0x8d,0x93,0x6c,0x93,
    0x6c,0x93,0xad,0x9b,0xad,0x9b,0x8c,0x93,0xad,0x9b,0xad,0x9b,0x8d,0x9b,0xce,0x9b,0x8d,0x93,0xad,0x9b,0xae,0x9b,0xce,0x9b,
    0xce,0x9b,0x8e,0x9b,0xef,0xa3,0xce,0xa3,0xad,0x9b,0x2e,0xb4,0x6f,0xbc,0x6f,0xbc,0x70,0xbc,0x2f,0xac,0xcd,0xab,0xcd,0xa3,
    0x2f,0xac,0x50,0xb4,0x91,0xbc,0x91,0xbc,0xb1,0xbc,0x92,0xbc,0x91,0xbc,0x91,0xbc,0x51,0xb4,0x30,0xac,0x71,0xb4,0x72,0xb4,
    0x91,0xb4,0xf3,0xc4,0x13,0xc5,0x35,0xcd,0x55,0xcd,0x35,0xc5,0x56,0xc5,0x76,0xcd,0x97,0xcd,0x76,0xcd,0xd8,0xcd,0xf8,0xd5,
    0xd8,0xd5,0xd8,0xd5,0x39,0xde,0xf8,0xd5,0x18,0xd6,0x39,0xde,0xd7,0xd5,0xf7,0xd5,0xb7,0xd5,0xb6,0xcd,0x55,0xcd,0x54,0xc5,
    0x13,0xc5,0xf3,0xc4,0xf2,0xc4,0x70,0xbc,0x2f,0xac,0x0f,0xac,0xce,0xa3,0x8d,0x9b,0x4b,0x8b,0x0b,0x8b,0x4b,0x8b,0x4b,0x93,
    0x8c,0x93,0xcd,0x9b,0xcd,0xa3,0x0e,0xac,0xee,0xa3,0x8c,0x93,0x4c,0x8b,0x2b,0x83,0x2c,0x83,0x6d,0x8b,0x4c,0x83,0x4d,0x83,
    0x4c,0x8b,0x2c,0x83,0x2c,0x83,0x8d,0x93,0x8d,0x93,0x6c,0x93,0x6c,0x8b,0x6c,0x93,0x6c,0x93,0x6d,0x8b,0xcd,0xa3,0xee,0xa3,
    0x0e,0xac,0x50,0xac,0x4f,0xac,0x30,0xac,0x70,0xb4,0x71,0xb4,0x90,0xb4,0x91,0xb4,0x70,0xb4,0x50,0xac,0x70,0xb4,0x90,0xb4,
    0x91,0xb4,0x50,0xac,0x90,0xb4,0x91,0xbc,0x90,0xb4,0x70,0xb4,0x91,0xb4,0x70,0xb4,0x70,0xb4,0x90,0xb4,0x91,0xb4,0x91,0xb4,
    0xb1,0xbc,0xb1,0xb4,0xd1,0xbc,0x91,0xbc,0x70,0xb4,0x4f,0xac,0x50,0xac,0x2f,0xac,0x50,0xac,0x4f,0xac,0x50,0xac,0x2f,0xac,
    0x2f,0xac,0x4f,0xac,0x50,0xac,0x50,0xac,0x70,0xac,0x50,0xac,0x30,0xac,0x30,0xa4,0x0f,0x9c,0x4d,0x83,0x6a,0x5a,0x09,0x4a,
    0x49,0x62,0xaa,0x7a,0xcb,0x8a,0x2b,0x93,0xb2,0xb4,0x91,0xac,0x72,0xac,0xb2,0xb4,0xb2,0xb4,0xb2,0xb4,0x91,0xb4,0x91,0xb4,
    0xb2,0xb4,0xb1,0xb4,0x91,0xb4,0x91,0xb4,0x90,0xb4,0x70,0xb4,0x50,0xb4,0x2f,0xac,0x4f,0xac,0x50,0xb4,0x4f,0xac,0x0f,0xac,
    0x2f,0xac,0x0f,0xac,0x0f,0xac,0x0e,0xa4,0x0e,0xac,0x0e,0xac,0xee,0xa3,0xee,0xa3,0xee,0xab,0x0e,0xac,0xcd,0xa3,0xee,0xa3,
    0xce,0xa3,0xce,0x9b,0xee,0xa3,0xef,0xa3,0x0f,0xa4,0x0f,0xac,0xee,0xa3,0xad,0x9b,0x0e,0xac,0x4f,0xbc,0x6f,0xb4,0x90,0xbc,
    0x90,0xbc,0x2e,0xb4,0xee,0xa3,0xce,0xa3,0x2f,0xac,0x70,0xbc,0x91,0xbc,0xb1,0xbc,0x91,0xbc,0xb1,0xbc,0x92,0xbc,0x50,0xac,
    0x92,0xb4,0xb2,0xbc,0xb2,0xb4,0x92,0xbc,0xd3,0xbc,0x13,0xc5,0x35,0xcd,0x75,0xcd,0x96,0xcd,0xb7,0xd5,0xd7,0xd5,0xb7,0xd5,
    0xb8,0xcd,0xd8,0xd5,0xb8,0xcd,0x18,0xd6,0xf8,0xd5,0x59,0xde,0x39,0xde,0x5a,0xde,0x39,0xde,0x39,0xde,0x18,0xd6,0x18,0xde,
    0xf8,0xd5,0xd7,0xd5,0x96,0xcd,0x54,0xcd,0xd3,0xc4,0x74,0xcd,0xf2,0xc4,0x91,0xbc,0x70,0xbc,0x0e,0xac,0x0f,0xa4,0xcd,0x9b,
    0x2c,0x8b,0x6c,0x93,0x2b,0x8b,0x2b,0x8b,0xad,0x9b,0xce,0xa3,0x8d,0x93,0x0e,0xa4,0x0f,0xac,0xee,0xa3,0xce,0xa3,0x8d,0x93,
    0x6c,0x93,0x4c,0x8b,0x2c,0x83,0x4c,0x8b,0x6d,0x8b,0x6d,0x8b,0x6d,0x93,0xad,0x9b,0xef,0xa3,0xcd,0x9b,0xad,0x9b,0xee,0xa3,
    0xce,0x9b,0xce,0xa3,0x0f,0xa4,0x0f,0xa4,0x50,0xb4,0x90,0xb4,0x91,0xbc,0x90,0xb4,0x90,0xb4,0x91,0xb4,0xd2,0xbc,0xd2,0xbc,
    0xd2,0xbc,0xd2,0xbc,0x91,0xb4,0x91,0xb4,0x91,0xb4,0xb1,0xbc,0xb1,0xbc,0xb1,0xbc,0x91,0xb4,0xd2,0xbc,0xb0,0xb4,0x90,0xb4,
    0x50,0xb4,0xb1,0xbc,0xb1,0xbc,0x90,0xb4,0x90,0xbc,0xb1,0xb4,0xb1,0xbc,0xd1,0xbc,0x91,0xb4,0x90,0xb4,0x70,0xb4,0x4f,0xac,
    0x4f,0xb4,0x50,0xac,0x50,0xb4,0x50,0xac,0x0f,0xa4,0x0f,0xa4,0x4f,0xac,0x50,0xb4,0x70,0xac,0x70,0xb4,0x50,0xac,0x50,0xac,
    0xef,0x9b,0x6d,0x83,0xaa,0x62,0xe8,0x41,0xe8,0x51,0x69,0x72,0xcb,0x82,0x2c,0x9b,0xb2,0xb4,0x92,0xac,0xb2,0xb4,0xd2,0xb4,
    0xd2,0xbc,0xd2,0xb4,0xb1,0xb4,0xb2,0xbc,0xd2,0xb4,0x91,0xb4,0x91,0xbc,0xb1,0xb4,0xb2,0xbc,0x91,0xb4,0x70,0xb4,0x91,0xb4,
    0x70,0xb4,0x90,0xb4,0x90,0xb4,0x50,0xb4,0x4f,0xac,0x70,0xb4,0x70,0xb4,0x4f,0xb4,0x50,0xb4,0x50,0xb4,0x2f,0xac,0x4f,0xb4,
    0x50,0xb4,0x4f,0xac,0x50,0xac,0x4f,0xb4,0x2f,0xac,0x50,0xac,0x70,0xb4,0x70,0xb4,0x50,0xac,0x50,0xb4,0x0e,0xa4,0x4f,0xb4,
    0x70,0xbc,0x6f,0xbc,0x90,0xbc,0xb1,0xc4,0x70,0xbc,0x2f,0xb4,0xee,0xa3,0xef,0xa3,0x2f,0xb4,0x70,0xb4,0xb1,0xbc,0xd2,0xc4,
    0x91,0xbc,0xd2,0xbc,0xb2,0xbc,0x92,0xb4,0xb2,0xbc,0x92,0xb4,0xb2,0xbc,0xd2,0xbc,0xf4,0xc4,0x54,0xcd,0x96,0xd5,0x76,0xcd,
    0xb6,0xd5,0x76,0xcd,0xb7,0xd5,0xb7,0xd5,0x77,0xcd,0x76,0xcd,0xd8,0xd5,0xf8,0xdd,0x3a,0xde,0x39,0xde,0x5a,0xde,0x19,0xd6,
    0xf8,0xd5,0x18,0xd6,0x9a,0xe6,0x59,0xde,0x18,0xd6,0xf7,0xdd,0x96,0xcd,0x95,0xcd,0x13,0xc5,0x75,0xcd,0x34,0xc5,0xd2,0xbc,
    0x91,0xbc,0x4f,0xb4,0x2f,0xac,0xad,0xa3,0x8d,0x93,0x4c,0x93,0xae,0x9b,0x4c,0x8b,0xad,0x9b,0x8c,0x9b,0xad,0x9b,0x0e,0xa4,
    0x2f,0xac,0x0f,0xa4,0x0f,0xac,0x2f,0xac,0xee,0x9b,0xae,0x9b,0x4c,0x8b,0x6d,0x8b,0x6d,0x8b,0x8e,0x93,0x8d,0x93,0xce,0x9b,
    0x0f,0xa4,0xef,0xa3,0x0f,0xa4,0x30,0xac,0x4f,0xac,0x50,0xac,0x70,0xb4,0x90,0xb4,0x91,0xb4,0xb1,0xbc,0xb1,0xb4,0xb1,0xbc,
    0xb1,0xbc,0xd2,0xbc,0xd2,0xbc,0xd1,0xbc,0xd2,0xbc,0xd1,0xb4,0xb1,0xbc,0x91,0xb4,0xd2,0xbc,0xd2,0xbc,0xd2,0xbc,0xb1,0xb4,
    0xb1,0xb4,0xd2,0xbc,0x90,0xbc,0xb1,0xbc,0x70,0xb4,0xb1,0xbc,0xd1,0xbc,0xd1,0xbc,0xb1,0xbc,0x90,0xb4,0x70,0xb4,0x90,0xb4,
    0x70,0xb4,0x70,0xb4,0x70,0xb4,0x50,0xb4,0x4f,0xac,0x50,0xac,0x4f,0xac,0x2f,0xac,0x0f,0xa4,0x0f,0xa4,0x2f,0xac,0x50,0xac,
    0x70,0xb4,0x70,0xac,0x50,0xac,0x50,0xac,0x0f,0x9c,0x8e,0x8b,0xcb,0x6a,0x08,0x4a,0xe8,0x49,0x49,0x6a,0xca,0x82,0x2c,0x93,
    0xd2,0xb4,0x92,0xac,0xb2,0xb4,0xd2,0xb4,0xb2,0xbc,0xd2,0xb4,0xb2,0xbc,0xd2,0xbc,0xb2,0xbc,0x91,0xb4,0x91,0xb4,0xd1,0xbc,
    0xb1,0xbc,0xb1,0xbc,0xb1,0xbc,0xd2,0xbc,0x90,0xbc,0x91,0xbc,0xb1,0xbc,0x70,0xb4,0x70,0xb4,0x91,0xbc,0x70,0xb4,0x70,0xb4,
    0x4f,0xb4,0x90,0xbc,0x70,0xb4,0x50,0xb4,0x70,0xb4,0x70,0xb4,0x70,0xb4,0x71,0xb4,0x70,0xb4,0x91,0xb4,0x91,0xb4,0x70,0xb4,
    0x50,0xb4,0x4f,0xb4,0x90,0xbc,0x91,0xbc,0xb1,0xbc,0x13,0xcd,0xd1,0xc4,0x70,0xbc,0x6f,0xb4,0x0f,0xac,0xee,0xa3,0x50,0xb4,
    0xb2,0xbc,0xb1,0xbc,0xb2,0xbc,0xd2,0xc4,0xf2,0xc4,0xd3,0xbc,0xb2,0xbc,0xb2,0xbc,0xb2,0xbc,0x13,0xc5,0xf4,0xc4,0x13,0xc5,
    0x55,0xcd,0xd6,0xd5,0xd7,0xd5,0x96,0xd5,0xb7,0xd5,0x96,0xd5,0x19,0xd6,0xf8,0xd5,0xb7,0xd5,0xd8,0xd5,0x19,0xde,0x39,0xde,
    0x9a,0xe6,0x5a,0xde,0x5a,0xde,0x19,0xde,0x19,0xde,0x39,0xde,0x18,0xde,0xf8,0xdd,0x38,0xde,0x38,0xde,0xf7,0xdd,0xf7,0xdd,
    0x96,0xcd,0x33,0xcd,0x13,0xc5,0xb1,0xbc,0x91,0xbc,0x70,0xb4,0x2f,0xac,0x0f,0xac,0x8c,0x9b,0x8d,0x93,0xae,0x9b,0x8d,0x9b,
    0x8d,0x9b,0xee,0xa3,0xce,0xa3,0x0f,0xa4,0x2f,0xac,0x2f,0xac,0xce,0x9b,0x50,0xb4,0x50,0xac,0x2f,0xac,0xef,0xa3,0xae,0x9b,
    0xef,0x9b,0xef,0xa3,0xcf,0x9b,0xcf,0x9b,0x30,0xa4,0x30,0xa4,0x71,0xac,0xb1,0xbc,0x91,0xb4,0xb1,0xbc,0xb1,0xbc,0x90,0xbc,
    0x71,0xb4,0x91,0xb4,0xb1,0xbc,0xd2,0xbc,0xd2,0xbc,0xd1,0xbc,0xd2,0xbc,0xd2,0xbc,0xf2,0xc4,0x13,0xc5,0x13,0xbd,0xd2,0xbc,
    0xf2,0xc4,0xb1,0xbc,0xb1,0xbc,0xd2,0xbc,0xd1,0xbc,0xb1,0xbc,0xb1,0xbc,0x90,0xb4,0xb1,0xbc,0xf2,0xbc,0xf2,0xc4,0xd2,0xbc,
    0xb1,0xbc,0xd1,0xbc,0x91,0xbc,0x70,0xb4,0x90,0xb4,0x70,0xb4,0x4f,0xac,0x2f,0xac,0x4f,0xac,0x50,0xac,0x50,0xac,0x4f,0xac,
    0x2f,0xa4,0x0f,0xa4,0x4f,0xac,0x50,0xac,0x70,0xb4,0x50,0xac,0x50,0xac,0x50,0xac,0x0f,0x9c,0xce,0x93,0x2c,0x7b,0x29,0x4a,
    0xe8,0x49,0x49,0x6a,0xcb,0x82,0x4d,0x93,0xd3,0xb4,0xd2,0xb4,0xd2,0xbc,0xd3,0xb4,0xd2,0xbc,0xf3,0xbc,0xf2,0xbc,0xd3,0xbc,
    0xf2,0xbc,0xd2,0xbc,0x91,0xbc,0xd2,0xbc,0xd2,0xbc,0xd2,0xbc,0xf2,0xbc,0xd2,0xbc,0xb1,0xbc,0xd1,0xbc,0xb1,0xbc,0x91,0xbc,
    0xb1,0xbc,0xb1,0xbc,0xb0,0xbc,0x70,0xb4,0x50,0xb4,0xb1,0xbc,0x91,0xb4,0x90,0xb4,0xb1,0xbc,0x91,0xb4,0x70,0xb4,0x91,0xb4,
    0x91,0xb4,0x91,0xb4,0x70,0xb4,0x71,0xb4,0x70,0xb4,0x91,0xbc,0x91,0xbc,0xb1,0xbc,0xf2,0xc4,0xf2,0xc4,0xb1,0xbc,0xb1,0xbc,
    0x70,0xbc,0x0f,0xac,0xce,0x9b,0x2f,0xac,0xb2,0xbc,0xb1,0xbc,0xd2,0xbc,0xd2,0xbc,0x13,0xc5,0xd2,0xbc,0xd3,0xbc,0x13,0xc5,
    0x13,0xc5,0x55,0xcd,0x55,0xcd,0x96,0xcd,0x96,0xd5,0x75,0xcd,0xb7,0xd5,0xf8,0xdd,0x18,0xde,0xf8,0xdd,0xd7,0xdd,0xd8,0xd5,
    0x9a,0xe6,0x19,0xde,0x39,0xde,0x7a,0xde,0x7a,0xe6,0x5a,0xde,0x9a,0xe6,0x7a,0xde,0xbb,0xe6,0xdb,0xee,0x39,0xde,0x59,0xde,
    0x79,0xe6,0x59,0xde,0x38,0xde,0xf7,0xdd,0x96,0xd5,0xb5,0xd5,0x75,0xcd,0xb1,0xbc,0x70,0xbc,0x50,0xb4,0x70,0xb4,0x2f,0xb4,
    0xce,0xa3,0xad,0x9b,0x8d,0x9b,0xad,0x9b,0x8c,0x93,0xce,0x9b,0xee,0xa3,0xef,0xa3,0x2f,0xac,0x2f,0xac,0x50,0xb4,0x4f,0xac,
    0x91,0xb4,0x30,0xac,0x2f,0xa4,0xcf,0x9b,0xef,0xa3,0x50,0xac,0x30,0xac,0x70,0xac,0x71,0xb4,0x71,0xb4,0xb2,0xb4,0xd2,0xbc,
    0xd3,0xbc,0xf3,0xbc,0xd2,0xbc,0xf3,0xbc,0xd2,0xbc,0xb1,0xbc,0xf2,0xbc,0xd2,0xc4,0xd2,0xbc,0xf2,0xc4,0xf2,0xc4,0xf2,0xbc,
    0xf2,0xc4,0xf2,0xc4,0xf2,0xc4,0xf2,0xc4,0xd2,0xbc,0xd1,0xbc,0xd1,0xbc,0xb1,0xbc,0xb1,0xbc,0xb0,0xbc,0xd2,0xbc,0xd1,0xbc,
    0xd2,0xbc,0x12,0xcd,0xf2,0xc4,0xf1,0xc4,0xb1,0xb4,0xd1,0xbc,0xd1,0xc4,0xb1,0xbc,0x90,0xb4,0x70,0xb4,0x4f,0xac,0x2f,0xac,
    0x2f,0xac,0x50,0xac,0x2f,0xa4,0x2f,0xac,0x2f,0xa4,0xef,0xa3,0x2f,0xac,0x50,0xac,0x50,0xb4,0x4f,0xac,0x30,0xa4,0x50,0xac,
    0x2f,0xa4,0xcf,0x9b,0x4d,0x7b,0x6a,0x52,0x08,0x4a,0x49,0x62,0xaa,0x82,0x2d,0x93,0xd2,0xb4,0xd3,0xbc,0xf3,0xb4,0xf3,0xbc,
    0x13,0xbd,0x13,0xc5,0xf3,0xbc,0xd2,0xbc,0xf2,0xbc,0xf2,0xbc,0xd2,0xbc,0xf2,0xc4,0x13,0xc5,0x13,0xc5,0xf2,0xc4,0xd2,0xc4,
    0xd2,0xc4,0xf2,0xc4,0xf2,0xbc,0xf2,0xc4,0xf2,0xc4,0xf2,0xbc,0xd2,0xbc,0xd2,0xbc,0xb1,0xbc,0xf2,0xc4,0xd2,0xbc,0xb1,0xbc,
    0x91,0xbc,0xb1,0xbc,0x91,0xb4,0x91,0xbc,0x91,0xbc,0xb2,0xbc,0xb1,0xbc,0x91,0xbc,0xb1,0xbc,0xd2,0xbc,0xf2,0xc4,0x12,0xc5,
    0xf2,0xc4,0xb1,0xbc,0xb1,0xbc,0x71,0xbc,0x70,0xb4,0xee,0xa3,0x30,0xac,0x91,0xb4,0x91,0xbc,0xb2,0xbc,0xf2,0xc4,0xd2,0xbc,
    0x13,0xc5,0x14,0xc5,0x34,0xcd,0x54,0xcd,0x34,0xcd,0x55,0xcd,0x75,0xcd,0xb6,0xd5,0xd7,0xd5,0xb7,0xdd,0xd7,0xd5,0x18,0xde,
    0x38,0xde,0x18,0xde,0x18,0xde,0xf8,0xdd,0x19,0xde,0x59,0xde,0x39,0xde,0x19,0xde,0xbb,0xe6,0x9a,0xe6,0x7a,0xe6,0x9a,0xe6,
    0xdb,0xee,0xbb,0xe6,0xdb,0xee,0xba,0xe6,0x5a,0xe6,0x79,0xe6,0x38,0xde,0x17,0xde,0xf7,0xdd,0xd6,0xd5,0xd6,0xd5,0x95,0xd5,
    0xd2,0xc4,0xb1,0xbc,0x2f,0xb4,0x2f,0xac,0x0f,0xac,0x4c,0x8b,0x6c,0x8b,0x8d,0x9b,0xce,0x9b,0xce,0xa3,0xee,0xa3,0x2f,0xac,
    0x2f,0xac,0x10,0xac,0x30,0xac,0xae,0xa3,0x10,0xac,0x0f,0xac,0x0f,0xac,0x50,0xac,0x50,0xac,0x71,0xb4,0x71,0xb4,0x92,0xb4,
    0x91,0xb4,0xb2,0xb4,0xf3,0xbc,0xd2,0xbc,0xd2,0xbc,0xd2,0xbc,0xd2,0xbc,0xf3,0xc4,0xf3,0xbc,0x13,0xc5,0xd2,0xbc,0xd2,0xbc,
    0xd2,0xbc,0xf2,0xbc,0x54,0xc5,0xf2,0xc4,0x12,0xc5,0xf2,0xc4,0xf3,0xc4,0xd1,0xbc,0xd1,0xc4,0xd2,0xc4,0xd2,0xbc,0xd1,0xc4,
    0xb0,0xbc,0xd1,0xbc,0xf2,0xc4,0xf2,0xc4,0xf1,0xc4,0x54,0xcd,0x33,0xcd,0xd1,0xbc,0xd1,0xc4,0xd1,0xbc,0xb1,0xbc,0x90,0xbc,
    0x70,0xb4,0x4f,0xb4,0x2f,0xac,0x2f,0xa4,0x2f,0xac,0x0f,0xa4,0xee,0x9b,0xee,0xa3,0x2f,0xac,0x2f,0xac,0x2f,0xac,0x50,0xac,
    0x50,0xac,0x50,0xac,0x2f,0xac,0x50,0xac,0x50,0xac,0xce,0x93,0x4d,0x7b,0x4a,0x52,0xe8,0x49,0x29,0x6a,0xaa,0x82,0x4d,0x93,
    0xd3,0xb4,0xf3,0xbc,0xd3,0xb4,0xf3,0xbc,0xf3,0xc4,0xf3,0xbc,0x13,0xc5,0xf3,0xbc,0xf2,0xc4,0xf3,0xc4,0xf2,0xc4,0x13,0xc5,
    0xf2,0xbc,0xf2,0xc4,0xd2,0xbc,0x12,0xc5,0xf2,0xc4,0xf2,0xc4,0x13,0xc5,0x12,0xc5,0xf2,0xc4,0xf2,0xc4,0xf2,0xc4,0x12,0xc5,
    0x13,0xc5,0xf2,0xc4,0xb1,0xbc,0xb1,0xbc,0xb1,0xbc,0xd2,0xbc,0x92,0xb4,0x71,0xb4,0xb1,0xbc,0xb2,0xbc,0xb2,0xbc,0xd2,0xbc,
    0xd2,0xbc,0x13,0xc5,0xf2,0xc4,0x13,0xc5,0xb2,0xbc,0xd2,0xc4,0xd2,0xc4,0x70,0xb4,0x50,0xac,0x30,0xac,0x91,0xb4,0xb1,0xbc,
    0xd2,0xbc,0xb2,0xbc,0xb1,0xbc,0xd2,0xbc,0x34,0xc5,0x34,0xcd,0x74,0xcd,0x55,0xcd,0x54,0xcd,0x75,0xcd,0x95,0xd5,0xb7,0xd5,
    0xd6,0xdd,0xb6,0xd5,0xf8,0xdd,0xd7,0xdd,0xd7,0xdd,0x18,0xde,0x39,0xde,0x59,0xde,0x39,0xde,0x18,0xde,0x5a,0xe6,0x18,0xde,
    0x5a,0xe6,0x9a,0xe6,0x9b,0xe6,0xbb,0xe6,0xbb,0xee,0xdb,0xe6,0xfc,0xee,0xdb,0xee,0xda,0xe6,0x9a,0xe6,0x79,0xe6,0x58,0xde,
    0x38,0xde,0x18,0xde,0x17,0xde,0x18,0xde,0x95,0xd5,0x12,0xc5,0x91,0xb4,0x4f,0xb4,0x2f,0xac,0xce,0x9b,0x8d,0x9b,0xae,0x93,
    0xad,0x9b,0xee,0xa3,0xef,0xa3,0x2f,0xac,0x0f,0xa4,0x0f,0xac,0xef,0xab,0xef,0xa3,0x0f,0xac,0x30,0xac,0x0f,0xac,0x91,0xb4,
    0xb2,0xbc,0x71,0xb4,0x70,0xb4,0x70,0xb4,0x91,0xb4,0x91,0xb4,0x91,0xb4,0xb2,0xbc,0xd2,0xbc,0xb1,0xbc,0xb1,0xbc,0xb1,0xbc,
    0xd2,0xbc,0x13,0xc5,0xf2,0xbc,0xf2,0xc4,0x33,0xc5,0x34,0xcd,0x12,0xc5,0x13,0xc5,0x13,0xc5,0x12,0xc5,0xf2,0xc4,0x33,0xcd,
    0x33,0xc5,0xf2,0xc4,0x13,0xc5,0x13,0xc5,0xd2,0xc4,0xd2,0xbc,0xb0,0xbc,0xd1,0xc4,0xf2,0xc4,0xf1,0xc4,0xf1,0xbc,0xf2,0xc4,
    0xd2,0xbc,0xb1,0xbc,0xb1,0xb4,0x90,0xb4,0x50,0xb4,0x4f,0xac,0x2f,0xac,0x0f,0xa4,0xee,0xa3,0x2f,0xac,0x0f,0xa4,0x2f,0xac,
    0x2f,0xac,0x50,0xac,0x50,0xac,0x50,0xb4,0x4f,0xac,0x50,0xac,0x50,0xac,0x70,0xac,0x30,0xa4,0xce,0x93,0x4d,0x83,0x69,0x5a,
    0xe8,0x49,0x29,0x62,0x8a,0x7a,0x2c,0x93,0xf3,0xbc,0xf3,0xbc,0xf3,0xbc,0xf3,0xbc,0x13,0xbd,0x34,0xc5,0x33,0xc5,0x13,0xc5,
    0xf2,0xc4,0x13,0xc5,0x13,0xbd,0xf2,0xc4,0x13,0xc5,0xf2,0xc4,0xf2,0xc4,0x13,0xc5,0xf2,0xc4,0xf2,0xc4,0x12,0xc5,0x12,0xc5,
    0xf2,0xc4,0xf2,0xc4,0xd2,0xbc,0xf2,0xc4,0x12,0xc5,0xf2,0xbc,0xb2,0xbc,0xd2,0xc4,0xd2,0xbc,0xd2,0xc4,0xb2,0xbc,0xb1,0xbc,
    0xd2,0xbc,0xb2,0xbc,0xb1,0xbc,0xf2,0xc4,0xf2,0xc4,0xf2,0xc4,0xd2,0xc4,0xf2,0xc4,0xf2,0xc4,0xf2,0xc4,0xd3,0xbc,0x70,0xb4,
    0x30,0xac,0x70,0xb4,0x71,0xb4,0x91,0xb4,0xd2,0xbc,0xb1,0xb4,0xf3,0xbc,0xf3,0xc4,0x54,0xc5,0x54,0xcd,0x75,0xd5,0xb6,0xd5,
    0x55,0xcd,0xb6,0xd5,0xb6,0xd5,0xb6,0xd5,0xb7,0xd5,0xd7,0xdd,0xd7,0xd5,0xf8,0xdd,0x18,0xd6,0x18,0xde,0xf8,0xdd,0x39,0xde,
    0x5a,0xe6,0x39,0xde,0x9a,0xe6,0x7a,0xe6,0x7a,0xe6,0x9a,0xe6,0xdb,0xee,0xfc,0xee,0xdb,0xee,0xfb,0xee,0x1c,0xef,0x1c,0xef,
    0xfb,0xee,0xba,0xee,0x9a,0xe6,0x59,0xe6,0x79,0xe6,0x38,0xe6,0xf7,0xdd,0x16,0xde,0xd6,0xdd,0x33,0xcd,0x13,0xc5,0xb1,0xbc,
    0x0f,0xac,0xee,0xa3,0xee,0xa3,0x6d,0x93,0xad,0x9b,0xce,0x9b,0xce,0xa3,0x0f,0xa4,0x50,0xb4,0x50,0xac,0x71,0xb4,0x71,0xb4,
    0x91,0xb4,0x92,0xbc,0x91,0xb4,0x50,0xac,0x91,0xbc,0xb2,0xb4,0x71,0xb4,0x70,0xb4,0x2f,0xac,0x50,0xb4,0x90,0xbc,0xb1,0xbc,
    0xd1,0xbc,0xd2,0xbc,0xf2,0xbc,0xf2,0xc4,0xb1,0xb4,0xd2,0xc4,0xf2,0xbc,0xf2,0xbc,0xf2,0xc4,0xf2,0xc4,0x33,0xc5,0x12,0xcd,
    0x13,0xc5,0x13,0xc5,0xf2,0xc4,0x33,0xcd,0x33,0xc5,0x33,0xcd,0xf2,0xc4,0x13,0xc5,0xf2,0xc4,0xb1,0xc4,0xb1,0xbc,0xd1,0xbc,
    0xf2,0xc4,0xd1,0xc4,0xb1,0xbc,0x90,0xb4,0x70,0xb4,0xb0,0xbc,0x90,0xbc,0x90,0xb4,0x70,0xb4,0x70,0xb4,0x4f,0xac,0x0e,0xa4,
    0xce,0x9b,0x0f,0xa4,0x2f,0xa4,0x50,0xac,0x50,0xac,0x2f,0xac,0x2f,0xac,0x50,0xac,0x50,0xac,0x4f,0xac,0x30,0xac,0x70,0xb4,
    0x2f,0xa4,0xce,0x93,0x4d,0x83,0x6a,0x52,0x08,0x4a,0x29,0x62,0x89,0x7a,0x0c,0x8b,0xf3,0xbc,0xf3,0xbc,0xf3,0xbc,0x13,0xbd,
    0x13,0xc5,0x13,0xbd,0x13,0xc5,0x13,0xc5,0x13,0xc5,0x33,0xc5,0x13,0xc5,0x13,0xc5,0x33,0xc5,0x13,0xc5,0xf2,0xc4,0x12,0xc5,
    0xd2,0xbc,0xf2,0xc4,0xf2,0xc4,0xf2,0xc4,0x13,0xc5,0x12,0xc5,0xf2,0xc4,0x12,0xc5,0xf3,0xc4,0xf2,0xc4,0xf2,0xbc,0xd2,0xc4,
    0xf2,0xbc,0xd2,0xbc,0xd2,0xbc,0xd2,0xbc,0xf2,0xc4,0xd2,0xbc,0xd2,0xbc,0xf3,0xc4,0xd3,0xbc,0xd2,0xc4,0xf2,0xbc,0xf3,0xc4,
    0xf3,0xc4,0xd3,0xbc,0xb1,0xbc,0x51,0xac,0x50,0xac,0x71,0xac,0xb2,0xb4,0xb2,0xbc,0xf3,0xbc,0xf3,0xc4,0x13,0xc5,0x34,0xcd,
    0x75,0xcd,0x95,0xcd,0x75,0xcd,0x75,0xcd,0xb6,0xd5,0xb6,0xd5,0xb6,0xd5,0xf7,0xdd,0xd7,0xdd,0xf8,0xdd,0xb7,0xd5,0x18,0xde,
    0xd8,0xdd,0x39,0xde,0x5a,0xe6,0x59,0xe6,0x5a,0xe6,0x7a,0xe6,0x9a,0xe6,0xdc,0xe6,0x9b,0xe6,0xbb,0xe6,0xfc,0xee,0x1c,0xef,
    0xdc,0xee,0xdb,0xee,0xfc,0xee,0x1c,0xef,0xfb,0xee,0xdc,0xee,0xba,0xe6,0x9a,0xe6,0x9a,0xe6,0x79,0xe6,0x17,0xde,0xd6,0xdd,
    0xd5,0xdd,0x53,0xcd,0x54,0xd5,0xf2,0xc4,0x70,0xb4,0x0e,0xac,0xcd,0xa3,0x8d,0x93,0x6d,0x93,0xad,0x9b,0x10,0xa4,0x50,0xac,
    0x2f,0xac,0x70,0xb4,0x91,0xb4,0x71,0xb4,0x91,0xbc,0x91,0xb4,0x91,0xbc,0x92,0xb4,0xb2,0xbc,0xd2,0xbc,0xb2,0xbc,0xf3,0xbc,
    0xd3,0xbc,0xb2,0xbc,0x91,0xbc,0xb1,0xbc,0xb2,0xbc,0xb1,0xbc,0xb1,0xbc,0xf3,0xc4,0xf2,0xc4,0xd2,0xbc,0xd2,0xc4,0xf2,0xc4,
    0xf2,0xc4,0xb1,0xbc,0xf2,0xc4,0x12,0xcd,0xf2,0xc4,0xf2,0xc4,0xf2,0xc4,0xf2,0xc4,0x12,0xc5,0x13,0xc5,0xf2,0xc4,0xd1,0xc4,
    0xd1,0xc4,0xd1,0xc4,0xd1,0xc4,0xb1,0xbc,0xb1,0xbc,0xb1,0xbc,0xb1,0xbc,0x6f,0xb4,0x71,0xb4,0xd1,0xbc,0x70,0xb4,0x70,0xb4,
    0x2f,0xac,0x50,0xac,0x50,0xb4,0x0e,0xa4,0xee,0xa3,0x2f,0xac,0xee,0xa3,0x0f,0xa4,0x4f,0xac,0x50,0xac,0x2f,0xa4,0x50,0xac,
    0x70,0xb4,0x50,0xac,0x50,0xac,0x70,0xb4,0x30,0xa4,0xae,0x93,0x0b,0x7b,0x49,0x52,0x4a,0x52,0x8a,0x6a,0x8a,0x7a,0x4d,0x93,
    0xd3,0xb4,0xf3,0xbc,0xf3,0xbc,0xf3,0xbc,0x34,0xc5,0x13,0xc5,0x13,0xc5,0x13,0xc5,0x13,0xbd,0x13,0xc5,0x12,0xc5,0x13,0xcd,
    0x12,0xc5,0x13,0xcd,0x12,0xc5,0x13,0xc5,0xf2,0xc4,0x12,0xc5,0xf2,0xc4,0x13,0xc5,0xf2,0xc4,0xd2,0xbc,0x13,0xc5,0xf2,0xc4,
    0xf2,0xc4,0xd2,0xbc,0xd2,0xc4,0xd2,0xc4,0xd2,0xbc,0xb2,0xbc,0xd2,0xbc,0xb2,0xbc,0xd2,0xbc,0xf3,0xc4,0xb2,0xbc,0xd2,0xbc,
    0x13,0xc5,0x13,0xc5,0x13,0xcd,0x14,0xc5,0xf3,0xc4,0x13,0xc5,0x92,0xb4,0x71,0xac,0x71,0xb4,0x92,0xb4,0xb2,0xb4,0xb2,0xbc,
    0xf2,0xc4,0x34,0xc5,0x75,0xcd,0x75,0xcd,0x96,0xd5,0x75,0xcd,0x75,0xd5,0x76,0xd5,0x95,0xd5,0xb6,0xd5,0xb7,0xd5,0xf8,0xdd,
    0xf8,0xdd,0x18,0xde,0x39,0xde,0x18,0xde,0xf8,0xdd,0x79,0xe6,0xbb,0xe6,0x9a,0xe6,0x9a,0xe6,0xbb,0xe6,0x7a,0xe6,0xbb,0xee,
    0xbb,0xe6,0x9b,0xee,0xdb,0xee,0x1d,0xef,0x5d,0xf7,0x3d,0xef,0x5d,0xf7,0x1c,0xef,0x3c,0xf7,0x1c,0xef,0x1c,0xf7,0xfb,0xee,
    0x99,0xee,0x9a,0xe6,0x58,0xe6,0xd6,0xdd,0xd6,0xdd,0x95,0xd5,0x54,0xd5,0xf2,0xcc,0x70,0xbc,0xcd,0xa3,0x6c,0x93,0x8d,0x9b,
    0xce,0xa3,0x8d,0x93,0xee,0xa3,0x0e,0xac,0x50,0xb4,0x71,0xb4,0x91,0xbc,0x71,0xb4,0xb2,0xb4,0x92,0xbc,0xd2,0xbc,0x34,0xc5,
    0xf2,0xbc,0xf3,0xc4,0xf3,0xbc,0xf3,0xbc,0x33,0xc5,0x34,0xbd,0x13,0xc5,0xf3,0xc4,0xd1,0xbc,0xd2,0xc4,0xf2,0xc4,0x91,0xbc,
    0xb1,0xbc,0x90,0xbc,0xd1,0xbc,0xb1,0xbc,0xb1,0xbc,0xd1,0xc4,0xf2,0xc4,0xf2,0xc4,0xf2,0xc4,0xd2,0xc4,0xd1,0xc4,0xd1,0xc4,
    0xd2,0xc4,0xd1,0xc4,0xd1,0xbc,0xb1,0xbc,0xb1,0xbc,0xd1,0xc4,0xb1,0xbc,0xb1,0xbc,0xd1,0xc4,0x90,0xbc,0xb1,0xbc,0x91,0xbc,
    0xb1,0xb4,0x90,0xb4,0x50,0xac,0x90,0xbc,0x2f,0xac,0x90,0xb4,0x70,0xb4,0xee,0xa3,0xef,0xa3,0x2f,0xac,0x0f,0xa4,0xce,0x9b,
    0x2f,0xac,0x2f,0xa4,0xef,0xa3,0x2f,0xac,0x2f,0xac,0x2f,0xac,0x50,0xac,0x50,0xac,0x2f,0xa4,0xae,0x93,0xcb,0x6a,0x49,0x4a,
    0x6b,0x5a,0xab,0x6a,0xcb,0x7a,0xae,0x9b,0xf3,0xbc,0xd2,0xb4,0xf3,0xbc,0x13,0xbd,0xf3,0xbc,0x12,0xc5,0xf3,0xbc,0x13,0xc5,
    0x13,0xc5,0xf2,0xc4,0x13,0xc5,0x12,0xc5,0x13,0xc5,0x13,0xc5,0x33,0xcd,0x12,0xcd,0x12,0xc5,0xf3,0xc4,0xf2,0xc4,0xd1,0xbc,
    0xd2,0xbc,0xb1,0xc4,0xd2,0xbc,0xf2,0xc4,0xf3,0xc4,0xf2,0xc4,0xf2,0xc4,0xf3,0xbc,0xd2,0xc4,0xb2,0xbc,0xd2,0xc4,0xd2,0xbc,
    0xd2,0xc4,0xd3,0xbc,0xd2,0xbc,0xd3,0xc4,0x13,0xc5,0x13,0xc5,0x14,0xc5,0x13,0xc5,0x13,0xc5,0xd3,0xbc,0x71,0xb4,0x91,0xac,
    0x72,0xac,0xb2,0xb4,0xb2,0xbc,0xd3,0xbc,0x13,0xc5,0x75,0xcd,0x75,0xcd,0x95,0xcd,0x95,0xd5,0x96,0xd5,0x96,0xcd,0xb6,0xd5,
    0x18,0xde,0x39,0xde,0x38,0xde,0x19,0xde,0x38,0xde,0x18,0xde,0x59,0xe6,0x39,0xde,0x39,0xde,0x7a,0xe6,0x9a,0xe6,0x9b,0xe6,
    0x9a,0xe6,0x7a,0xe6,0xdc,0xee,0xdb,0xee,0x9b,0xe6,0xbb,0xe6,0xdc,0xee,0x9a,0xe6,0x3d,0xf7,0x3d,0xf7,0x7e,0xf7,0x3d,0xf7,
    0x1c,0xef,0x5d,0xf7,0x1c,0xef,0x1c,0xf7,0xba,0xe6,0x9a,0xee,0x58,0xe6,0x38,0xe6,0x37,0xde,0xd6,0xdd,0x74,0xcd,0x54,0xcd,
    0xd1,0xc4,0x2f,0xb4,0xef,0xa3,0x6c,0x93,0xae,0x9b,0x8d,0x93,0xce,0x9b,0xee,0xa3,0x0f,0xac,0x70,0xb4,0x91,0xb4,0x71,0xb4,
    0x91,0xb4,0xf3,0xbc,0xf2,0xc4,0xd3,0xbc,0xd2,0xbc,0x13,0xc5,0x13,0xc5,0xf3,0xc4,0x14,0xc5,0x14,0xc5,0x54,0xc5,0x54,0xc5,
    0x13,0xc5,0xf3,0xbc,0xf2,0xbc,0xb1,0xbc,0x90,0xb4,0x91,0xbc,0x2f,0xb4,0xb1,0xbc,0xb1,0xc4,0xb1,0xc4,0xb1,0xbc,0xb1,0xbc,
    0xd2,0xc4,0xb0,0xbc,0xd1,0xc4,0xd1,0xc4,0xd1,0xbc,0xb1,0xc4,0xb1,0xbc,0xd1,0xc4,0xd2,0xc4,0xd1,0xbc,0xd1,0xc4,0xd2,0xc4,
    0xd1,0xbc,0x90,0xbc,0xb1,0xbc,0xd1,0xbc,0xb1,0xbc,0x90,0xbc,0x70,0xb4,0x70,0xb4,0x50,0xac,0x4f,0xb4,0x2f,0xac,0xce,0x9b,
    0xee,0xa3,0x0f,0xa4,0x2f,0xac,0xce,0x9b,0x0f,0xa4,0x0f,0xa4,0xee,0xa3,0x2f,0xa4,0x30,0xac,0x2f,0xac,0x2f,0xac,0x2f,0xac,
    0xce,0x9b,0x8d,0x8b,0xeb,0x72,0x29,0x4a,0x6a,0x52,0xcc,0x72,0x4c,0x8b,0x51,0xb4,0xd3,0xbc,0xf2,0xbc,0xf3,0xbc,0xf3,0xbc,
    0x13,0xc5,0xf3,0xbc,0x13,0xc5,0x13,0xc5,0x12,0xc5,0xf2,0xbc,0x13,0xc5,0x33,0xc5,0x13,0xcd,0x12,0xc5,0x33,0xc5,0x13,0xc5,
    0xf2,0xc4,0xd1,0xbc,0xf2,0xc4,0xd2,0xbc,0x91,0xbc,0xb1,0xbc,0xb1,0xb4,0xb1,0xbc,0xf3,0xbc,0xd2,0xc4,0x13,0xc5,0xf3,0xc4,
    0xd2,0xc4,0xf2,0xc4,0xf3,0xc4,0xb2,0xbc,0xb2,0xbc,0xf3,0xc4,0x13,0xc5,0x14,0xc5,0x13,0xc5,0x13,0xc5,0x13,0xc5,0xf3,0xc4,
    0x13,0xc5,0xd2,0xb4,0xb3,0xbc,0x92,0xb4,0x91,0xac,0x92,0xb4,0xf2,0xbc,0x14,0xc5,0x74,0xcd,0x75,0xcd,0x95,0xcd,0x96,0xd5,
    0x96,0xd5,0xf7,0xd5,0xd7,0xd5,0xf8,0xdd,0x18,0xde,0xf8,0xdd,0x18,0xde,0x38,0xe6,0x19,0xde,0x39,0xe6,0x39,0xde,0x59,0xe6,
    0x59,0xe6,0x39,0xde,0x5a,0xe6,0x59,0xe6,0x39,0xe6,0x39,0xe6,0x3a,0xe6,0x5a,0xe6,0x9a,0xe6,0xdc,0xee,0xdb,0xee,0x7b,0xe6,
    0xfb,0xee,0x3d,0xf7,0x1c,0xef,0xdb,0xee,0x3c,0xef,0x7d,0xf7,0x3d,0xf7,0xbb,0xee,0x1c,0xef,0xda,0xee,0x17,0xe6,0x37,0xe6,
    0xd6,0xdd,0xf6,0xdd,0x95,0xd5,0x95,0xd5,0x34,0xc5,0xd2,0xc4,0x50,0xb4,0x6c,0x93,0x8c,0x93,0x8d,0x9b,0xad,0x9b,0xad,0x9b,
    0x0f,0xac,0x91,0xb4,0x91,0xb4,0x71,0xb4,0xd2,0xbc,0xd3,0xbc,0xd3,0xbc,0xd3,0xbc,0xf2,0xc4,0xd3,0xbc,0xf3,0xbc,0xf3,0xc4,
    0xd2,0xbc,0xf3,0xbc,0x55,0xcd,0x75,0xc5,0x55,0xc5,0x34,0xc5,0x55,0xcd,0x13,0xc5,0xd2,0xbc,0x90,0xbc,0x91,0xb4,0xb1,0xbc,
    0xd1,0xbc,0xd1,0xc4,0xb1,0xc4,0x90,0xbc,0xb1,0xbc,0xd2,0xc4,0xb1,0xbc,0xd2,0xbc,0xb1,0xbc,0xd1,0xc4,0xd1,0xbc,0xb1,0xc4,
    0xd1,0xbc,0xd1,0xc4,0xd1,0xbc,0xb1,0xbc,0x90,0xbc,0x91,0xb4,0x4f,0xb4,0x4f,0xac,0x70,0xb4,0x70,0xb4,0x70,0xb4,0x70,0xb4,
    0x4f,0xb4,0x2f,0xac,0xce,0x9b,0xce,0x9b,0xee,0xa3,0x2f,0xac,0x2f,0xa4,0xee,0xa3,0x0f,0xa4,0xee,0xa3,0x0f,0xa4,0x0f,0xa4,
    0x2f,0xac,0x50,0xac,0x2f,0xac,0x0f,0xa4,0xce,0x93,0x4c,0x83,0xeb,0x72,0x08,0x4a,0x09,0x42,0xec,0x72,0x10,0xa4,0xd3,0xbc,
    0xd3,0xb4,0xd2,0xb4,0xf3,0xbc,0xf3,0xbc,0xf3,0xbc,0xd2,0xb4,0xd2,0xbc,0xf2,0xc4,0xf3,0xbc,0xd2,0xc4,0x13,0xc5,0x12,0xc5,
    0xf2,0xc4,0xf2,0xc4,0xf2,0xc4,0x33,0xcd,0x12,0xc5,0xd2,0xc4,0xf2,0xc4,0xf2,0xc4,0xb1,0xbc,0xb2,0xbc,0xb1,0xbc,0xb1,0xbc,
    0xd2,0xbc,0xd2,0xbc,0xf2,0xc4,0xd2,0xc4,0xd2,0xbc,0xf3,0xbc,0xf3,0xc4,0xf3,0xbc,0xd2,0xbc,0xf3,0xc4,0x13,0xc5,0x13,0xc5,
    0x14,0xc5,0xf4,0xc4,0x14,0xc5,0x34,0xc5,0x14,0xc5,0xd3,0xbc,0xb2,0xb4,0x71,0xac,0x71,0xac,0xb2,0xb4,0x13,0xc5,0x54,0xcd,
    0x96,0xcd,0x95,0xcd,0x96,0xd5,0x96,0xcd,0xd6,0xd5,0xf8,0xdd,0x38,0xde,0x39,0xde,0x18,0xde,0x18,0xde,0x39,0xe6,0x39,0xde,
    0x39,0xe6,0x59,0xe6,0x59,0xe6,0x59,0xe6,0x7a,0xe6,0x39,0xde,0x39,0xde,0x3a,0xe6,0x39,0xde,0x59,0xe6,0x39,0xde,0x18,0xde,
    0x7a,0xe6,0xdb,0xee,0xfc,0xee,0xdc,0xee,0xdb,0xee,0x1c,0xef,0x1c,0xef,0x7a,0xe6,0xfc,0xee,0x5d,0xf7,0xfc,0xee,0xdb,0xee,
    0x1b,0xef,0xdb,0xee,0x99,0xee,0x17,0xe6,0x17,0xde,0xb5,0xdd,0xd5,0xdd,0x75,0xd5,0x54,0xd5,0x54,0xc5,0xf2,0xbc,0x0f,0xa4,
    0x6c,0x93,0xad,0x9b,0x6c,0x93,0xad,0x9b,0x2f,0xac,0x91,0xb4,0x71,0xb4,0x70,0xb4,0x92,0xbc,0xb2,0xb4,0xf3,0xbc,0xd3,0xbc,
    0xd2,0xbc,0x13,0xc5,0xd3,0xc4,0xf3,0xbc,0xd2,0xc4,0x34,0xc5,0x13,0xc5,0x55,0xc5,0x34,0xcd,0x34,0xc5,0x34,0xc5,0x55,0xc5,
    0x34,0xc5,0x13,0xc5,0x34,0xc5,0xd2,0xc4,0xb1,0xbc,0x90,0xbc,0xb1,0xbc,0xd2,0xc4,0xf2,0xc4,0xd1,0xbc,0x91,0xbc,0x90,0xbc,
    0xd1,0xc4,0xf2,0xc4,0xb1,0xbc,0x90,0xbc,0x90,0xbc,0xd1,0xbc,0x90,0xbc,0x70,0xb4,0x90,0xbc,0x70,0xb4,0x70,0xb4,0x70,0xb4,
    0x70,0xb4,0x4f,0xac,0x50,0xb4,0x2f,0xac,0x4f,0xac,0x2f,0xac,0x0f,0xac,0xed,0xa3,0xee,0xa3,0x2f,0xac,0x2f,0xac,0x0e,0xa4,
    0x0f,0xa4,0xce,0x9b,0xef,0x9b,0x2f,0xac,0x50,0xac,0x50,0xac,0x50,0xac,0x2f,0xac,0xae,0x93,0x2c,0x7b,0xcb,0x6a,0x08,0x4a,
    0xe9,0x41,0x6e,0x83,0xd3,0xb4,0x55,0xcd,0xd2,0xbc,0xb2,0xb4,0xd2,0xbc,0xf3,0xbc,0xd2,0xbc,0xd2,0xbc,0xb1,0xbc,0xf2,0xc4,
    0x13,0xc5,0xf2,0xc4,0xf2,0xc4,0xf2,0xbc,0xb2,0xbc,0xb1,0xbc,0xd1,0xbc,0xd2,0xbc,0xd2,0xbc,0xd2,0xbc,0xb1,0xbc,0xd1,0xbc,
    0xd2,0xbc,0xb1,0xbc,0xb1,0xbc,0xb2,0xbc,0xd2,0xbc,0xf3,0xc4,0xd3,0xbc,0xf3,0xbc,0xf3,0xc4,0xf3,0xc4,0xf3,0xbc,0xf3,0xc4,
    0x14,0xc5,0xd3,0xbc,0xd3,0xbc,0xf3,0xc4,0xf3,0xbc,0x34,0xc5,0x13,0xc5,0xf3,0xc4,0x13,0xbd,0xb2,0xb4,0x92,0xb4,0xb2,0xb4,
    0x92,0xb4,0xf3,0xbc,0x34,0xc5,0x75,0xcd,0xb6,0xcd,0x75,0xcd,0xb6,0xcd,0xf7,0xdd,0x18,0xde,0x39,0xde,0x38,0xde,0x59,0xe6,
    0x59,0xde,0x39,0xde,0x18,0xde,0x18,0xde,0x39,0xe6,0x79,0xde,0x39,0xe6,0x39,0xde,0x18,0xde,0x19,0xde,0x19,0xe6,0x59,0xde,
    0x39,0xe6,0xd8,0xd5,0xd8,0xdd,0x39,0xe6,0x39,0xe6,0x7a,0xe6,0x7a,0xe6,0xdb,0xee,0xbb,0xe6,0x1c,0xef,0xfc,0xee,0xfc,0xf6,
    0x1c,0xef,0x3c,0xf7,0x3d,0xf7,0x5c,0xf7,0xdb,0xee,0xdb,0xee,0xba,0xee,0x59,0xe6,0x38,0xe6,0xf6,0xe5,0xb6,0xdd,0xd6,0xd5,
    0x75,0xd5,0xb6,0xd5,0x34,0xc5,0xd3,0xbc,0xae,0x9b,0x6c,0x93,0x6c,0x93,0x8d,0x93,0x0e,0xa4,0x50,0xac,0x70,0xb4,0x91,0xb4,
    0xb2,0xb4,0x13,0xc5,0x34,0xbd,0xf3,0xc4,0x14,0xc5,0x13,0xc5,0x14,0xc5,0xd2,0xbc,0xd2,0xbc,0xb2,0xc4,0x13,0xc5,0x34,0xc5,
    0x13,0xc5,0x54,0xc5,0x34,0xc5,0x33,0xc5,0x55,0xcd,0xb6,0xcd,0x75,0xcd,0xf2,0xc4,0xd2,0xbc,0xd2,0xc4,0xd1,0xc4,0x91,0xb4,
    0xf2,0xc4,0xf2,0xc4,0x91,0xbc,0x4f,0xb4,0x91,0xbc,0x70,0xb4,0x90,0xbc,0xb1,0xbc,0xd2,0xc4,0xd2,0xbc,0x90,0xbc,0xb1,0xbc,
    0x91,0xb4,0x91,0xb4,0x90,0xbc,0x70,0xb4,0xb1,0xbc,0x70,0xb4,0x50,0xac,0x2f,0xac,0x50,0xb4,0x4f,0xac,0x2f,0xac,0xee,0x9b,
    0x2f,0xa4,0x2f,0xac,0x50,0xb4,0x2f,0xac,0xee,0xa3,0xae,0x93,0xad,0x9b,0xee,0x9b,0x2f,0xac,0x0f,0xa4,0x0f,0xa4,0x2f,0xac,
    0xce,0x9b,0x2c,0x7b,0x8a,0x62,0x08,0x4a,0x29,0x42,0x10,0x94,0x55,0xc5,0xb6,0xd5,0xb2,0xb4,0xb1,0xb4,0xb2,0xb4,0xf2,0xbc,
    0xf2,0xbc,0xb2,0xbc,0xf2,0xbc,0xd2,0xc4,0xf2,0xbc,0xb2,0xbc,0xb1,0xb4,0xb2,0xbc,0xb1,0xb4,0x70,0xb4,0x91,0xbc,0xb1,0xbc,
    0xb1,0xbc,0x91,0xbc,0xb1,0xbc,0xb2,0xbc,0xd2,0xbc,0xb1,0xbc,0xb2,0xbc,0xb2,0xbc,0xd3,0xbc,0xf3,0xbc,0xb1,0xbc,0xb2,0xbc,
    0xf3,0xc4,0xf4,0xc4,0x13,0xc5,0xf3,0xc4,0x13,0xc5,0xf3,0xc4,0x13,0xc5,0xf3,0xc4,0x13,0xc5,0xf3,0xbc,0xf3,0xbc,0xd3,0xbc,
    0xf3,0xbc,0xb3,0xb4,0xb2,0xb4,0xb2,0xb4,0xb2,0xb4,0xf3,0xc4,0x34,0xc5,0x75,0xcd,0x96,0xcd,0xb6,0xcd,0xb7,0xd5,0xf7,0xd5,
    0x59,0xde,0x39,0xde,0x59,0xe6,0x19,0xde,0x18,0xde,0x18,0xe6,0x39,0xde,0x18,0xde,0x18,0xde,0x39,0xe6,0x18,0xde,0x18,0xde,
    0xf8,0xdd,0x39,0xde,0xf8,0xdd,0xf8,0xdd,0x19,0xde,0xf8,0xdd,0x19,0xde,0x39,0xde,0x39,0xde,0xf8,0xdd,0x39,0xe6,0x7a,0xe6,
    0xfc,0xee,0xdb,0xee,0xbb,0xee,0xfc,0xee,0xfc,0xee,0x3d,0xf7,0x7d,0xf7,0x3c,0xf7,0xdb,0xee,0xdb,0xee,0x99,0xee,0x79,0xee,
    0x58,0xee,0x79,0xe6,0xd6,0xdd,0xd6,0xdd,0xf7,0xd5,0x95,0xcd,0x75,0xcd,0xf3,0xbc,0x0f,0xa4,0x6c,0x8b,0x6c,0x93,0x6d,0x93,
    0xcd,0xa3,0x0f,0xac,0x0f,0xac,0x71,0xb4,0xf3,0xbc,0xb2,0xbc,0xd2,0xbc,0xd2,0xbc,0xd2,0xbc,0x13,0xc5,0x13,0xc5,0x14,0xc5,
    0x75,0xcd,0x75,0xc5,0xf3,0xc4,0xd2,0xbc,0x34,0xcd,0x34,0xc5,0x14,0xc5,0x54,0xcd,0x54,0xcd,0x34,0xc5,0x96,0xcd,0x96,0xcd,
    0x75,0xcd,0x95,0xcd,0x13,0xc5,0xd2,0xbc,0xb1,0xbc,0x90,0xbc,0x91,0xbc,0xb1,0xbc,0x6f,0xb4,0x50,0xb4,0x4f,0xb4,0x70,0xb4,
    0x90,0xbc,0x90,0xbc,0x90,0xbc,0x91,0xbc,0x90,0xbc,0xb1,0xbc,0x70,0xb4,0x70,0xb4,0x4f,0xac,0x91,0xb4,0x70,0xb4,0x4f,0xac,
    0x50,0xb4,0x70,0xac,0x0f,0xa4,0xce,0x9b,0x2f,0xac,0x2f,0xac,0x4f,0xb4,0x2f,0xac,0xef,0xa3,0xce,0x9b,0x8d,0x93,0x8d,0x93,
    0xef,0xa3,0xee,0x9b,0xef,0x9b,0x0f,0xa4,0xad,0x93,0x0b,0x73,0x69,0x5a,0xc7,0x39,0x29,0x42,0x52,0x94,0x76,0xcd,0xd7,0xd5,
    0xb2,0xb4,0xd2,0xb4,0xd2,0xb4,0xd2,0xbc,0xb2,0xbc,0xb1,0xbc,0xd2,0xbc,0xd2,0xbc,0xd2,0xbc,0xb2,0xbc,0x91,0xb4,0x91,0xbc,
    0x91,0xb4,0x91,0xb4,0x91,0xb4,0x91,0xbc,0x91,0xb4,0x91,0xb4,0xb1,0xbc,0xb1,0xbc,0x91,0xb4,0xb2,0xbc,0xf3,0xbc,0xf3,0xbc,
    0xf3,0xc4,0xf3,0xc4,0xf4,0xc4,0xf3,0xc4,0xf3,0xc4,0x13,0xbd,0x14,0xc5,0x34,0xc5,0x34,0xc5,0x34,0xc5,0xf3,0xbc,0xf3,0xc4,
    0xf3,0xbc,0xd3,0xbc,0xf3,0xbc,0xd3,0xbc,0xd3,0xb4,0xb3,0xb4,0x92,0xb4,0xb2,0xb4,0xb2,0xb4,0x14,0xbd,0x34,0xc5,0x75,0xcd,
    0xb6,0xcd,0x96,0xcd,0xd7,0xd5,0xf8,0xdd,0x59,0xde,0x7a,0xe6,0x59,0xde,0x18,0xde,0xf8,0xdd,0x18,0xde,0x38,0xe6,0x18,0xde,
    0x18,0xde,0xf8,0xdd,0x18,0xde,0x18,0xde,0xf8,0xdd,0xd8,0xdd,0xb7,0xd5,0xd8,0xdd,0xd7,0xdd,0xf8,0xdd,0xf8,0xdd,0x39,0xde,
    0xf8,0xdd,0x5a,0xe6,0x39,0xde,0x19,0xde,0x18,0xde,0x18,0xde,0x5a,0xe6,0xbb,0xe6,0x79,0xee,0xdb,0xee,0xdb,0xee,0xfb,0xee,
    0xdb,0xf6,0x79,0xee,0x9a,0xee,0x99,0xee,0xba,0xee,0x79,0xee,0x38,0xe6,0xf7,0xdd,0xd6,0xdd,0xb6,0xd5,0x75,0xcd,0x75,0xcd,
    0xb2,0xb4,0x6d,0x93,0x6c,0x93,0x8c,0x93,0xae,0xa3,0x0e,0xa4,0x30,0xac,0x91,0xb4,0xb1,0xbc,0x91,0xbc,0xb1,0xbc,0x91,0xb4,
    0xf3,0xc4,0x13,0xc5,0x14,0xcd,0xf2,0xbc,0x34,0xcd,0x34,0xc5,0x14,0xc5,0x34,0xc5,0x13,0xc5,0x13,0xcd,0x34,0xc5,0x34,0xc5,
    0x54,0xcd,0x55,0xcd,0x54,0xcd,0x75,0xcd,0xb6,0xcd,0x75,0xcd,0x34,0xc5,0xf3,0xc4,0xd3,0xbc,0xf3,0xc4,0xd2,0xbc,0xb1,0xbc,
    0x70,0xb4,0x70,0xb4,0x92,0xb4,0x91,0xbc,0x50,0xb4,0xb1,0xbc,0x70,0xb4,0x90,0xb4,0x90,0xbc,0x70,0xb4,0x70,0xb4,0x91,0xb4,
    0x70,0xb4,0x4f,0xb4,0x2f,0xa4,0xee,0xa3,0x2f,0xac,0x70,0xb4,0x0e,0xac,0x0e,0xa4,0x0f,0xac,0x2f,0xac,0x4f,0xac,0x2f,0xac,
    0xce,0x9b,0xcd,0x9b,0xcd,0x9b,0x8d,0x93,0xce,0x9b,0xce,0x9b,0xee,0xa3,0xef,0x9b,0xad,0x93,0xec,0x72,0x49,0x5a,0xc7,0x39,
    0x09,0x42,0x11,0x8c,0x97,0xc5,0xf7,0xdd,0xb2,0xb4,0x92,0xb4,0xb2,0xb4,0xd1,0xbc,0xd2,0xbc,0xf3,0xbc,0xf2,0xbc,0x51,0xac,
    0xb1,0xbc,0xd2,0xbc,0xd1,0xbc,0xb1,0xbc,0x70,0xac,0x91,0xbc,0xb1,0xbc,0x91,0xb4,0x91,0xb4,0x91,0xb4,0xb2,0xb4,0xb2,0xbc,
    0xb2,0xbc,0xb2,0xbc,0xf3,0xc4,0xf3,0xbc,0xf3,0xbc,0xf4,0xc4,0x13,0xbd,0x13,0xc5,0xf4,0xc4,0x13,0xc5,0x13,0xc5,0x55,0xcd,
    0x54,0xcd,0x34,0xcd,0x13,0xc5,0x14,0xc5,0xf3,0xbc,0xd3,0xbc,0xd2,0xbc,0xb3,0xb4,0xd3,0xbc,0xb2,0xb4,0x92,0xb4,0x71,0xac,
    0xf3,0xbc,0x34,0xc5,0x55,0xcd,0x96,0xcd,0xb7,0xd5,0xd7,0xd5,0xd7,0xd5,0x18,0xd6,0x59,0xe6,0x59,0xde,0x79,0xe6,0xf8,0xdd,
    0x18,0xde,0x39,0xe6,0x38,0xde,0x18,0xde,0xd7,0xdd,0xb7,0xdd,0xf8,0xdd,0xf8,0xdd,0xd7,0xd5,0xd8,0xdd,0xf7,0xdd,0xf8,0xdd,
    0xb7,0xd5,0xb7,0xd5,0xb7,0xdd,0xd8,0xdd,0xd7,0xd5,0x39,0xde,0xf8,0xdd,0xd7,0xdd,0xbb,0xee,0x59,0xe6,0xf8,0xdd,0x18,0xde,
    0xbb,0xee,0x7a,0xe6,0xba,0xee,0xdb,0xee,0x59,0xe6,0x59,0xee,0xba,0xee,0xb9,0xee,0xfb,0xf6,0x79,0xee,0x58,0xe6,0x38,0xe6,
    0xd7,0xdd,0xb6,0xdd,0xb6,0xd5,0x13,0xc5,0x13,0xc5,0x10,0xa4,0x6d,0x93,0xad,0x9b,0xcd,0xa3,0xee,0xa3,0x2f,0xb4,0x70,0xb4,
    0xb1,0xbc,0xb1,0xb4,0xb2,0xbc,0x91,0xbc,0x13,0xcd,0x33,0xc5,0xf3,0xc4,0xf2,0xc4,0xf2,0xc4,0x34,0xcd,0xf2,0xc4,0xd2,0xc4,
    0x33,0xcd,0x13,0xc5,0xf3,0xc4,0x13,0xc5,0x55,0xc5,0x34,0xcd,0x54,0xc5,0x54,0xcd,0x55,0xcd,0x54,0xc5,0x54,0xc5,0x14,0xc5,
    0xf2,0xc4,0xf2,0xbc,0xf3,0xc4,0xb1,0xb4,0xd3,0xbc,0xb1,0xbc,0x90,0xb4,0x70,0xb4,0x91,0xb4,0x90,0xbc,0x91,0xb4,0x70,0xb4,
    0x0f,0xac,0x70,0xb4,0x50,0xb4,0x70,0xb4,0x50,0xb4,0x2f,0xac,0xce,0x9b,0xee,0xa3,0x50,0xac,0x4f,0xb4,0x50,0xac,0x4f,0xb4,
    0x4f,0xac,0x2f,0xb4,0x0f,0xac,0x4f,0xac,0xee,0xa3,0xae,0x93,0xee,0xa3,0xce,0x9b,0xee,0x9b,0xce,0x9b,0xef,0x9b,0xef,0xa3,
    0xad,0x93,0x2c,0x7b,0x8a,0x62,0xc7,0x41,0x09,0x42,0xd0,0x83,0x55,0xc5,0xd7,0xd5,0xb2,0xb4,0xb1,0xb4,0xb2,0xbc,0xb1,0xbc,
    0xd2,0xbc,0x91,0xb4,0x92,0xb4,0x91,0xb4,0xb1,0xb4,0x91,0xbc,0xb1,0xbc,0xb1,0xb4,0x90,0xbc,0xb1,0xb4,0x71,0xb4,0x91,0xb4,
    0x71,0xac,0x71,0xb4,0xb2,0xbc,0xd3,0xb4,0xd3,0xbc,0xd3,0xbc,0xf3,0xbc,0xf3,0xbc,0xf3,0xc4,0xf3,0xbc,0xf3,0xc4,0x14,0xc5,
    0x13,0xc5,0xf3,0xc4,0x14,0xc5,0x14,0xc5,0x33,0xc5,0xf3,0xc4,0x14,0xc5,0x14,0xc5,0xd2,0xbc,0xf4,0xbc,0xf3,0xbc,0xd3,0xbc,
    0xd3,0xb4,0xb2,0xb4,0x92,0xb4,0x92,0xb4,0xd3,0xbc,0x34,0xc5,0x75,0xcd,0xd7,0xd5,0xf7,0xd5,0xf8,0xd5,0x39,0xde,0x59,0xde,
    0x59,0xde,0x59,0xe6,0x59,0xde,0x39,0xde,0x38,0xde,0x39,0xe6,0x18,0xde,0xf8,0xdd,0x97,0xd5,0xb6,0xd5,0xd7,0xdd,0xb7,0xd5,
    0xd7,0xdd,0xf8,0xdd,0xd7,0xd5,0xb7,0xd5,0xb7,0xd5,0xb7,0xd5,0x97,0xd5,0xf7,0xdd,0xb7,0xd5,0xb6,0xdd,0xf7,0xdd,0xb7,0xdd,
    0x18,0xde,0x18,0xe6,0xd7,0xdd,0xd6,0xdd,0x38,0xe6,0x79,0xee,0x79,0xe6,0xf7,0xe5,0x75,0xdd,0x38,0xe6,0x79,0xee,0x99,0xee,
    0xdb,0xee,0x99,0xee,0x59,0xee,0x79,0xe6,0x58,0xee,0xd6,0xdd,0x96,0xd5,0x95,0xd5,0x54,0xcd,0xf3,0xbc,0xae,0x93,0xad,0x9b,
    0xce,0xa3,0xee,0xab,0x0e,0xa4,0x2f,0xb4,0xb2,0xbc,0x70,0xbc,0x91,0xbc,0xb1,0xbc,0xb1,0xc4,0x13,0xc5,0x33,0xcd,0x13,0xc5,
    0x75,0xcd,0x13,0xc5,0xf2,0xc4,0xb2,0xbc,0xf2,0xc4,0x14,0xcd,0xf3,0xc4,0x33,0xc5,0x14,0xcd,0x75,0xcd,0x54,0xc5,0x54,0xcd,
    0x54,0xcd,0x75,0xcd,0x34,0xc5,0xd2,0xbc,0xf3,0xc4,0x13,0xc5,0xb1,0xbc,0xb1,0xbc,0x91,0xb4,0xd2,0xbc,0xb2,0xbc,0xb1,0xbc,
    0xb1,0xbc,0x70,0xb4,0x50,0xac,0x2f,0xb4,0x2f,0xa4,0x2f,0xac,0x50,0xac,0x70,0xb4,0xee,0x9b,0x2f,0xac,0x50,0xb4,0x2f,0xa4,
    0x2f,0xac,0x2f,0xac,0x2f,0xac,0x50,0xac,0x50,0xac,0x2f,0xac,0x2f,0xac,0x2f,0xac,0xef,0xa3,0xee,0x9b,0xce,0x9b,0x0f,0xa4,
    0xce,0xa3,0xad,0x93,0xce,0x9b,0xef,0x9b,0xce,0x93,0x4c,0x83,0xaa,0x62,0xc8,0x39,0xe8,0x39,0x6e,0x73,0x14,0xbd,0xb7,0xd5,
    0xb2,0xb4,0xd2,0xbc,0xb1,0xb4,0x91,0xb4,0x91,0xac,0x71,0xac,0x71,0xb4,0xb1,0xb4,0xb2,0xb4,0x90,0xb4,0x91,0xb4,0x91,0xbc,
    0xb2,0xb4,0xb2,0xbc,0x92,0xb4,0x51,0xac,0x91,0xb4,0xb2,0xb4,0xb2,0xb4,0xb3,0xbc,0xb2,0xb4,0xd3,0xbc,0xd3,0xbc,0x14,0xc5,
    0x14,0xc5,0x14,0xc5,0x13,0xc5,0xf3,0xc4,0x13,0xc5,0xf4,0xc4,0x13,0xc5,0xf3,0xc4,0xd2,0xbc,0xf3,0xc4,0xd3,0xbc,0x13,0xc5,
    0xf3,0xbc,0xf3,0xc4,0xf3,0xbc,0xf3,0xbc,0xd2,0xbc,0x91,0xb4,0xb2,0xb4,0xf4,0xbc,0x55,0xc5,0x76,0xcd,0xd7,0xd5,0xf7,0xd5,
    0x18,0xd6,0xf8,0xdd,0x18,0xde,0x59,0xe6,0x59,0xde,0x59,0xde,0x59,0xe6,0x38,0xe6,0x39,0xe6,0x18,0xde,0xf7,0xdd,0xd7,0xdd,
    0x96,0xd5,0xb6,0xdd,0xf7,0xdd,0xd6,0xdd,0xb6,0xdd,0xd7,0xd5,0x96,0xd5,0x96,0xd5,0x97,0xd5,0x96,0xd5,0x76,0xd5,0x55,0xd5,
    0x75,0xd5,0xb7,0xd5,0xd6,0xdd,0x96,0xd5,0x95,0xdd,0xd7,0xdd,0xd6,0xdd,0xf7,0xdd,0xb6,0xdd,0xb6,0xdd,0xd6,0xe5,0xf7,0xe5,
    0x38,0xe6,0xf7,0xe5,0x37,0xe6,0x38,0xe6,0x79,0xee,0x99,0xee,0xb9,0xee,0x9a,0xee,0xda,0xee,0x79,0xe6,0xf7,0xdd,0xf7,0xdd,
    0xb6,0xdd,0x34,0xcd,0x51,0xac,0xad,0x93,0xcd,0xa3,0x0f,0xac,0x2e,0xac,0x2f,0xb4,0x70,0xb4,0x91,0xbc,0xd2,0xbc,0xb2,0xbc,
    0xd2,0xbc,0xd2,0xc4,0xf2,0xc4,0xf2,0xc4,0x12,0xcd,0xf3,0xc4,0xd2,0xc4,0x13,0xc5,0xd3,0xc4,0x13,0xc5,0x13,0xc5,0x54,0xcd,
    0x55,0xcd,0x54,0xcd,0x54,0xcd,0x55,0xcd,0x34,0xc5,0x13,0xc5,0xf3,0xc4,0xd2,0xbc,0xb1,0xbc,0xb2,0xbc,0xf3,0xbc,0x71,0xb4,
    0xb2,0xbc,0xb1,0xbc,0xb2,0xb4,0xd2,0xbc,0xb1,0xb4,0xf3,0xbc,0x91,0xb4,0x91,0xb4,0x70,0xb4,0x2f,0xac,0x2f,0xac,0xef,0xa3,
    0xee,0xa3,0x50,0xac,0x70,0xb4,0x2f,0xac,0x2f,0xac,0x2f,0xac,0x50,0xac,0x70,0xb4,0x50,0xb4,0x0e,0xac,0x30,0xac,0x0f,0xac,
    0xee,0xa3,0xee,0xa3,0xce,0x9b,0xee,0xa3,0xee,0x9b,0x8d,0x93,0xad,0x93,0xee,0xa3,0xce,0x93,0x6d,0x83,0x8a,0x5a,0xc7,0x39,
    0xa7,0x31,0xab,0x5a,0xb3,0xac,0x95,0xd5,0xb1,0xb4,0xb2,0xbc,0xd2,0xbc,0x91,0xac,0x91,0xbc,0xb2,0xb4,0xb1,0xb4,0x91,0xb4,
    0x91,0xbc,0x71,0xb4,0x71,0xb4,0xb2,0xb4,0xd2,0xbc,0xb2,0xb4,0xd3,0xb4,0xb2,0xb4,0x71,0xac,0xb2,0xb4,0xb2,0xbc,0xb2,0xb4,
    0xd3,0xb4,0xd3,0xbc,0xf3,0xc4,0x14,0xc5,0x13,0xc5,0xf4,0xc4,0x14,0xc5,0xf3,0xc4,0xf3,0xbc,0xf3,0xc4,0xf3,0xc4,0xf3,0xc4,
    0xb2,0xbc,0xf2,0xbc,0xf3,0xc4,0x14,0xc5,0x13,0xc5,0xd3,0xbc,0xb3,0xb4,0xf2,0xc4,0xd2,0xbc,0x91,0xb4,0x71,0xac,0x35,0xc5,
    0xb6,0xcd,0xd7,0xd5,0x18,0xde,0xf8,0xd5,0x18,0xde,0x18,0xd6,0x18,0xde,0x39,0xde,0x59,0xde,0x39,0xde,0x39,0xe6,0x38,0xde,
    0x38,0xe6,0x18,0xde,0xf7,0xdd,0xd6,0xdd,0xb6,0xdd,0xb6,0xdd,0xb6,0xdd,0xd7,0xdd,0xb6,0xd5,0xb7,0xdd,0xb7,0xd5,0x96,0xd5,
    0x96,0xdd,0x75,0xd5,0x55,0xd5,0x96,0xd5,0x76,0xd5,0x75,0xdd,0x95,0xd5,0x75,0xd5,0x95,0xd5,0xb6,0xdd,0xf7,0xdd,0x54,0xdd,
    0x95,0xdd,0x74,0xdd,0x54,0xdd,0x75,0xdd,0xd6,0xdd,0xb5,0xdd,0x94,0xdd,0xf6,0xe5,0x37,0xe6,0x99,0xee,0xda,0xee,0x9a,0xee,
    0xda,0xf6,0xfb,0xee,0xba,0xee,0x38,0xee,0xf6,0xdd,0x95,0xdd,0x34,0xc5,0xce,0x9b,0x6d,0x93,0xee,0xa3,0x2f,0xb4,0x4f,0xb4,
    0x2e,0xb4,0x50,0xb4,0xf3,0xc4,0xf3,0xc4,0xf2,0xc4,0xf2,0xc4,0xd2,0xc4,0xf3,0xc4,0xd2,0xc4,0xd1,0xc4,0xd2,0xc4,0x13,0xc5,
    0xf2,0xc4,0x13,0xc5,0x75,0xcd,0x54,0xcd,0x33,0xc5,0x34,0xcd,0x13,0xc5,0xf3,0xc4,0x13,0xc5,0x13,0xc5,0x13,0xc5,0x14,0xc5,
    0xd2,0xbc,0xf3,0xbc,0x34,0xc5,0x91,0xb4,0x92,0xb4,0xb1,0xbc,0xd2,0xbc,0xf2,0xbc,0xb1,0xbc,0x71,0xac,0x91,0xac,0x70,0xb4,
    0x2f,0xac,0x50,0xac,0x2f,0xa4,0x8e,0x93,0x2f,0xa4,0x2f,0xac,0x50,0xac,0x0e,0xa4,0x2f,0xac,0x2f,0xac,0x0e,0xac,0x90,0xb4,
    0x91,0xb4,0x0e,0xac,0xee,0xa3,0xee,0x9b,0xce,0x9b,0xce,0x9b,0xae,0x93,0xad,0x9b,0xce,0x9b,0xad,0x93,0x8d,0x93,0xce,0x9b,
    0xae,0x93,0x4d,0x83,0x6a,0x5a,0xc7,0x39,0xa6,0x39,0x29,0x4a,0x51,0x9c,0x54,0xcd,0x91,0xb4,0xb2,0xbc,0xd2,0xbc,0xd2,0xb4,
    0xb1,0xbc,0xb2,0xb4,0xb2,0xbc,0xb1,0xbc,0xb1,0xb4,0x71,0xac,0x92,0xb4,0xb2,0xb4,0xb2,0xb4,0xb3,0xbc,0xb2,0xb4,0x92,0xac,
    0x72,0xb4,0xb2,0xbc,0xb3,0xb4,0xb3,0xb4,0xf3,0xbc,0xf3,0xc4,0xf3,0xbc,0x14,0xc5,0xf3,0xc4,0x14,0xc5,0x13,0xc5,0xf3,0xc4,
    0x14,0xc5,0x14,0xc5,0x33,0xc5,0x14,0xc5,0x34,0xc5,0x34,0xc5,0x13,0xc5,0xf3,0xbc,0xf3,0xbc,0xb2,0xbc,0xb2,0xbc,0xf2,0xbc,
    0x91,0xbc,0x51,0xac,0xf3,0xb4,0xb7,0xcd,0xd6,0xd5,0x39,0xde,0x39,0xde,0x38,0xde,0x18,0xde,0x38,0xde,0x5a,0xde,0x59,0xde,
    0x18,0xde,0x18,0xde,0x18,0xde,0x18,0xde,0x17,0xde,0x17,0xe6,0xf7,0xdd,0xd6,0xe5,0xd6,0xdd,0x95,0xdd,0xb6,0xd5,0xb6,0xdd,
    0xb6,0xdd,0x95,0xdd,0x75,0xd5,0x96,0xd5,0x96,0xd5,0x95,0xd5,0x54,0xd5,0x74,0xd5,0x75,0xd5,0x75,0xd5,0x75,0xd5,0x54,0xdd,
    0x12,0xd5,0x13,0xd5,0x12,0xd5,0x33,0xd5,0x54,0xd5,0x95,0xdd,0xf2,0xd4,0x12,0xd5,0x53,0xdd,0x74,0xdd,0xf6,0xe5,0xd6,0xe5,
    0x16,0xe6,0x38,0xee,0x78,0xee,0x78,0xee,0xfb,0xee,0xfb,0xf6,0xfb,0xf6,0xba,0xee,0x78,0xe6,0x17,0xe6,0xb6,0xdd,0x71,0xac,
    0xeb,0x7a,0x6c,0x93,0x0e,0xac,0x2f,0xb4,0x70,0xb4,0x50,0xbc,0x90,0xbc,0xb1,0xbc,0xb1,0xbc,0xb2,0xc4,0xd2,0xc4,0xb1,0xbc,
    0xd2,0xc4,0xd2,0xc4,0xd2,0xc4,0x92,0xbc,0x13,0xc5,0x34,0xcd,0x34,0xcd,0x34,0xcd,0xf3,0xc4,0x13,0xc5,0x13,0xc5,0x91,0xbc,
    0xb1,0xbc,0xf3,0xc4,0x13,0xc5,0x13,0xc5,0x14,0xc5,0xb2,0xbc,0x91,0xb4,0x71,0xb4,0x70,0xb4,0xb1,0xbc,0x91,0xb4,0xb1,0xbc,
    0xd2,0xbc,0x91,0xb4,0x91,0xb4,0x2f,0xac,0x0f,0xa4,0x30,0xac,0x0f,0xa4,0xce,0x9b,0x2f,0xac,0x0f,0xa4,0x0e,0xac,0xef,0xa3,
    0x0e,0xa4,0x2f,0xac,0xee,0x9b,0xee,0xa3,0x0f,0xac,0xee,0x9b,0xce,0x9b,0xad,0xa3,0x8d,0x93,0xad,0x93,0xad,0x9b,0x8d,0x93,
    0xce,0x9b,0xae,0x9b,0xae,0x93,0xce,0x9b,0xad,0x93,0x0c,0x73,0x08,0x52,0xa7,0x31,0xa6,0x31,0x49,0x52,0x30,0x9c,0x34,0xc5,
    0xd2,0xbc,0xd2,0xb4,0xd2,0xbc,0xb1,0xb4,0xd2,0xbc,0x91,0xb4,0x70,0xac,0x91,0xb4,0x92,0xb4,0xb2,0xb4,0xd2,0xb4,0x92,0xb4,
    0xb2,0xb4,0xb2,0xb4,0xb3,0xb4,0xb3,0xb4,0x91,0xb4,0xd3,0xb4,0xb2,0xbc,0xd3,0xbc,0xd3,0xbc,0xb2,0xb4,0xd3,0xbc,0x13,0xc5,
    0xf3,0xc4,0x14,0xc5,0x13,0xc5,0x34,0xc5,0x34,0xcd,0x13,0xcd,0x34,0xcd,0x54,0xc5,0x54,0xcd,0x13,0xc5,0xf4,0xc4,0x13,0xc5,
    0xf3,0xc4,0xd2,0xbc,0xf3,0xc4,0xb1,0xbc,0x50,0xb4,0x51,0xac,0x96,0xcd,0x18,0xde,0x39,0xde,0x59,0xde,0x59,0xde,0x39,0xde,
    0x39,0xde,0x5a,0xde,0x59,0xe6,0x38,0xde,0x18,0xde,0xf6,0xdd,0xb5,0xdd,0xd6,0xdd,0xd7,0xe5,0x95,0xd5,0x95,0xdd,0xd5,0xdd,
    0xb6,0xe5,0xd6,0xdd,0x74,0xdd,0x74,0xdd,0x94,0xd5,0x75,0xd5,0x74,0xd5,0x54,0xd5,0x74,0xd5,0x14,0xd5,0x34,0xd5,0x33,0xd5,
    0x53,0xd5,0x33,0xdd,0x12,0xd5,0x33,0xd5,0x33,0xd5,0xd1,0xcc,0xf2,0xd4,0xf1,0xd4,0xd2,0xcc,0x12,0xd5,0xf1,0xd4,0xd1,0xcc,
    0x74,0xdd,0xb5,0xdd,0x54,0xd5,0x33,0xd5,0x94,0xdd,0xd5,0xe5,0x16,0xe6,0x58,0xee,0xb9,0xee,0xda,0xee,0xfb,0xee,0xba,0xee,
    0xba,0xee,0x58,0xee,0xf7,0xe5,0xb5,0xd5,0x8d,0x8b,0x0b,0x83,0xae,0x9b,0xee,0xab,0x4f,0xb4,0x90,0xbc,0x91,0xbc,0xd3,0xc4,
    0xb2,0xc4,0xb1,0xbc,0xb1,0xbc,0xd2,0xc4,0xb1,0xbc,0xb1,0xc4,0xf3,0xbc,0x90,0xbc,0xb2,0xbc,0x13,0xc5,0xd2,0xc4,0xf2,0xc4,
    0xf2,0xc4,0x13,0xcd,0xf2,0xc4,0xf3,0xc4,0xb2,0xbc,0xd3,0xc4,0xf3,0xc4,0xf3,0xbc,0xf3,0xbc,0x71,0xb4,0x71,0xb4,0x50,0xb4,
    0x50,0xac,0x71,0xb4,0x50,0xac,0x0f,0xa4,0x70,0xb4,0x71,0xb4,0x50,0xac,0x50,0xac,0x0f,0xa4,0xee,0xa3,0xce,0x9b,0xee,0xa3,
    0x4f,0xac,0x30,0xac,0x0f,0xa4,0xcd,0x9b,0xae,0x9b,0xce,0x9b,0xee,0xa3,0xee,0xa3,0xce,0x9b,0xce,0xa3,0xad,0x9b,0xce,0x9b,
    0xce,0x9b,0x8d,0x9b,0x8d,0x93,0x8d,0x93,0xce,0x9b,0xce,0x9b,0x8d,0x8b,0xad,0x93,0x8e,0x8b,0xca,0x6a,0xc7,0x41,0xc7,0x39,
    0xc7,0x39,0xec,0x6a,0x51,0xa4,0x34,0xc5,0xb1,0xb4,0xb2,0xb4,0x91,0xb4,0x91,0xac,0x71,0xac,0x71,0xb4,0x71,0xac,0xb2,0xb4,
    0xb2,0xb4,0xd3,0xbc,0xd3,0xb4,0x92,0xb4,0xb2,0xb4,0xb3,0xb4,0xd3,0xb4,0xb2,0xb4,0xb2,0xbc,0x92,0xb4,0xd3,0xbc,0xb2,0xb4,
    0xb3,0xbc,0xb2,0xbc,0x13,0xc5,0xf4,0xbc,0x13,0xc5,0x14,0xc5,0x13,0xc5,0xf3,0xc4,0x13,0xc5,0x14,0xc5,0x34,0xcd,0x33,0xcd,
    0x34,0xcd,0x13,0xc5,0xf3,0xc4,0xf2,0xbc,0xf3,0xc4,0xd2,0xbc,0xd1,0xc4,0x90,0xb4,0x2f,0xac,0x14,0xbd,0xf8,0xd5,0x39,0xde,
    0x79,0xe6,0x39,0xde,0x59,0xe6,0x19,0xde,0x39,0xde,0x59,0xde,0x17,0xde,0xd7,0xdd,0xd6,0xdd,0xb6,0xdd,0xd6,0xdd,0xb6,0xdd,
    0xd6,0xdd,0xb6,0xd5,0x95,0xdd,0xb4,0xdd,0xd6,0xdd,0xb5,0xdd,0x74,0xdd,0x95,0xd5,0x54,0xdd,0x96,0xd5,0x74,0xdd,0x33,0xd5,
    0x13,0xd5,0x33,0xd5,0x74,0xd5,0x34,0xd5,0x12,0xd5,0xf2,0xcc,0x54,0xd5,0x54,0xd5,0x13,0xd5,0xd1,0xcc,0xb1,0xcc,0xb1,0xcc,
    0xd1,0xcc,0xf2,0xd4,0xb1,0xcc,0x90,0xcc,0x12,0xd5,0x33,0xd5,0xd1,0xcc,0xd1,0xcc,0x12,0xd5,0x95,0xdd,0xf6,0xe5,0x58,0xe6,
    0xba,0xee,0xda,0xf6,0xda,0xf6,0x99,0xee,0xb9,0xf6,0x78,0xee,0x17,0xe6,0xf6,0xe5,0xd3,0xbc,0x4c,0x8b,0xce,0x9b,0x0e,0xac,
    0xee,0xab,0x4f,0xb4,0x71,0xbc,0xb2,0xbc,0xd2,0xc4,0xb1,0xc4,0xf3,0xc4,0xd2,0xc4,0xb1,0xbc,0xf3,0xc4,0xf3,0xc4,0x13,0xc5,
    0x13,0xcd,0xf3,0xc4,0x13,0xcd,0x34,0xcd,0xf2,0xc4,0xf3,0xc4,0xf3,0xc4,0xf3,0xbc,0xd2,0xc4,0x14,0xc5,0xd2,0xbc,0x13,0xc5,
    0xb2,0xc4,0xb2,0xbc,0x91,0xb4,0x70,0xb4,0x91,0xbc,0x91,0xbc,0x71,0xb4,0x30,0xac,0x50,0xb4,0x2f,0xa4,0x2f,0xac,0xee,0xa3,
    0xae,0x9b,0x0f,0xa4,0x0f,0xa4,0xae,0x9b,0xee,0xa3,0x0e,0xa4,0xce,0xa3,0xce,0x9b,0xad,0x9b,0xce,0x9b,0xad,0x93,0xce,0xa3,
    0xee,0xa3,0xcd,0x9b,0xad,0x9b,0x8d,0x9b,0xcd,0x9b,0xad,0x93,0x8d,0x8b,0x8d,0x93,0xce,0x9b,0xce,0x9b,0x8d,0x8b,0x6d,0x8b,
    0x4d,0x8b,0x69,0x62,0xc7,0x39,0xa6,0x31,0x09,0x4a,0x2d,0x73,0x51,0xac,0xf3,0xbc,0xb2,0xb4,0xd2,0xbc,0xb2,0xb4,0x92,0xb4,
    0x50,0xac,0x71,0xac,0x71,0xac,0x91,0xac,0x91,0xac,0xb2,0xb4,0xd2,0xb4,0xd3,0xb4,0xb3,0xb4,0xd3,0xb4,0xb3,0xbc,0xb2,0xb4,
    0xb3,0xb4,0xd2,0xbc,0xd3,0xbc,0xd3,0xb4,0xb2,0xbc,0xb2,0xb4,0xf3,0xc4,0x14,0xbd,0xf3,0xc4,0x13,0xc5,0x34,0xcd,0xf3,0xc4,
    0x13,0xc5,0x13,0xc5,0x34,0xcd,0x34,0xc5,0x33,0xc5,0x13,0xc5,0xf3,0xc4,0xd2,0xc4,0xf2,0xc4,0x13,0xc5,0xb1,0xbc,0x91,0xbc,
    0x91,0xbc,0xd7,0xd5,0x38,0xde,0x9a,0xe6,0x9a,0xe6,0x39,0xde,0x59,0xe6,0x39,0xde,0x18,0xde,0xf8,0xdd,0xf7,0xdd,0xd6,0xdd,
    0xf6,0xdd,0xd6,0xdd,0x95,0xd5,0x54,0xd5,0xb6,0xd5,0x94,0xdd,0x94,0xdd,0x95,0xdd,0xd6,0xdd,0x94,0xdd,0x75,0xdd,0x33,0xd5,
    0x53,0xd5,0x74,0xd5,0x33,0xd5,0x12,0xd5,0xf2,0xcc,0x33,0xd5,0x12,0xcd,0x12,0xd5,0x12,0xcd,0xd1,0xcc,0xf2,0xcc,0xd1,0xcc,
    0xd1,0xcc,0xd1,0xcc,0xd1,0xcc,0xb0,0xcc,0xd1,0xcc,0xd1,0xcc,0xf2,0xcc,0xb1,0xcc,0xb1,0xcc,0xd1,0xcc,0xd1,0xcc,0x91,0xcc,
    0x12,0xd5,0x32,0xd5,0xb5,0xdd,0xf6,0xe5,0x17,0xe6,0x17,0xe6,0x58,0xee,0x99,0xee,0x99,0xee,0x78,0xee,0x38,0xee,0xf6,0xe5,
    0xb5,0xdd,0xae,0x9b,0x4c,0x8b,0xef,0xa3,0xee,0xab,0xee,0xab,0x4f,0xb4,0x4f,0xbc,0x70,0xbc,0x90,0xbc,0xd2,0xc4,0xd2,0xc4,
    0xd2,0xc4,0xb2,0xbc,0xb1,0xc4,0xb1,0xbc,0xb2,0xc4,0xb2,0xbc,0x13,0xc5,0x33,0xcd,0xf3,0xc4,0x34,0xcd,0x33,0xc5,0xf3,0xc4,
    0xd3,0xbc,0xf2,0xc4,0xd2,0xc4,0xb2,0xc4,0xf2,0xc4,0xf3,0xbc,0x70,0xb4,0x71,0xac,0x91,0xb4,0x70,0xb4,0x30,0xac,0x0f,0xa4,
    0x0f,0xa4,0x0f,0xac,0xee,0x9b,0xce,0x9b,0xae,0x9b,0x0f,0xa4,0xee,0xa3,0xce,0x9b,0xce,0x9b,0xce,0x9b,0xee,0x9b,0xad,0x93,
    0xae,0x9b,0xee,0x9b,0xcd,0xa3,0xee,0x9b,0xee,0xa3,0xae,0x9b,0x8c,0x93,0x8d,0x93,0xad,0x9b,0xad,0x9b,0x8c,0x93,0x6d,0x8b,
    0xce,0x9b,0xce,0x93,0x4d,0x83,0x4c,0x83,0x0b,0x7b,0x69,0x5a,0xa7,0x39,0xc7,0x31,0x2a,0x4a,0xec,0x72,0x0f,0x9c,0xb2,0xbc,
    0xd2,0xbc,0xb2,0xb4,0x91,0xb4,0xb2,0xb4,0x92,0xac,0x71,0xac,0xb2,0xb4,0x72,0xac,0x92,0xb4,0xb2,0xb4,0x92,0xb4,0xb2,0xbc,
    0xb3,0xb4,0x92,0xb4,0xb2,0xb4,0xd3,0xbc,0xd2,0xbc,0xd2,0xb4,0xb3,0xbc,0xd2,0xbc,0xb2,0xbc,0xb3,0xbc,0xd3,0xbc,0xf3,0xc4,
    0xf3,0xc4,0xf3,0xbc,0x13,0xc5,0x34,0xc5,0x13,0xc5,0x34,0xcd,0x14,0xc5,0x13,0xcd,0x13,0xc5,0xd3,0xc4,0xd2,0xc4,0xf3,0xc4,
    0xd2,0xc4,0xf2,0xc4,0xb1,0xc4,0x70,0xb4,0xf3,0xbc,0xf8,0xd5,0x39,0xe6,0x9a,0xe6,0x59,0xe6,0x39,0xde,0x38,0xde,0x18,0xde,
    0xf8,0xdd,0xb5,0xdd,0xb5,0xdd,0xb5,0xdd,0xb6,0xdd,0xb5,0xdd,0x33,0xd5,0x32,0xd5,0x53,0xd5,0x74,0xdd,0x94,0xdd,0xd5,0xdd,
    0x94,0xdd,0x94,0xdd,0x74,0xd5,0xf1,0xd4,0xf2,0xcc,0x12,0xd5,0x33,0xd5,0xf1,0xd4,0xd1,0xcc,0xb1,0xd4,0xf2,0xcc,0x12,0xd5,
    0xd1,0xcc,0xf2,0xd4,0xd2,0xcc,0xf1,0xcc,0xd2,0xd4,0xd2,0xcc,0xb1,0xcc,0xb0,0xcc,0x91,0xcc,0xd1,0xcc,0xd1,0xcc,0xd1,0xcc,
    0xb0,0xc4,0xf2,0xcc,0xf2,0xcc,0xb1,0xc4,0xf2,0xcc,0x12,0xd5,0xb5,0xdd,0xb5,0xdd,0xd5,0xe5,0x17,0xe6,0xf6,0xe5,0x37,0xee,
    0x37,0xee,0x37,0xee,0xf6,0xe5,0xd5,0xe5,0xf6,0xe5,0xb2,0xb4,0x0b,0x83,0xae,0x9b,0x2f,0xac,0x50,0xb4,0x0e,0xac,0x0f,0xb4,
    0x90,0xc4,0xd2,0xc4,0xb1,0xc4,0xd2,0xc4,0xf3,0xc4,0xf2,0xc4,0xf3,0xc4,0x13,0xc5,0x13,0xcd,0xf2,0xc4,0xd2,0xc4,0xd2,0xc4,
    0xd2,0xc4,0xb1,0xc4,0x71,0xb4,0xb1,0xbc,0x91,0xbc,0x71,0xb4,0x14,0xc5,0xf2,0xc4,0xd2,0xbc,0xd2,0xc4,0x71,0xb4,0x0f,0xac,
    0x51,0xac,0x71,0xb4,0xee,0xa3,0x0f,0xa4,0x0f,0xac,0x2f,0xac,0xce,0x9b,0xce,0x9b,0xee,0xa3,0xae,0x9b,0xce,0x9b,0x2f,0xac,
    0xef,0xa3,0x0f,0xac,0xee,0xa3,0x6d,0x8b,0xad,0x93,0xae,0x9b,0xce,0x9b,0x8d,0x93,0xad,0x9b,0x8d,0x93,0x6c,0x8b,0x8d,0x93,
    0xee,0xa3,0xae,0x9b,0x8d,0x93,0x6d,0x8b,0xad,0x93,0x6d,0x8b,0x0b,0x7b,0xeb,0x72,0xcb,0x72,0x28,0x52,0xa6,0x39,0xc7,0x39,
    0xe8,0x41,0x8a,0x62,0xcf,0x9b,0x91,0xbc,0xb2,0xb4,0xb2,0xb4,0x91,0xac,0x91,0xb4,0x71,0xac,0x51,0xa4,0x71,0xac,0x92,0xb4,
    0x92,0xac,0x92,0xb4,0x92,0xac,0xb2,0xb4,0x92,0xb4,0xb2,0xb4,0xb2,0xb4,0xb2,0xb4,0xd3,0xbc,0xd3,0xbc,0xb2,0xbc,0xd3,0xbc,
    0xd2,0xbc,0xb2,0xb4,0xd2,0xbc,0xf3,0xc4,0xf3,0xc4,0xf3,0xc4,0xf3,0xc4,0x13,0xc5,0xf3,0xcc,0x34,0xc5,0x13,0xc5,0x13,0xcd,
    0xf3,0xc4,0xf2,0xc4,0xf2,0xc4,0xd2,0xc4,0xf2,0xc4,0xd2,0xc4,0x90,0xbc,0x70,0xb4,0xd7,0xd5,0x59,0xe6,0x59,0xde,0x79,0xe6,
    0x38,0xe6,0x18,0xe6,0x38,0xe6,0x18,0xe6,0xf7,0xdd,0xd6,0xdd,0xb5,0xdd,0xb5,0xdd,0x94,0xdd,0x74,0xd5,0x53,0xd5,0x53,0xd5,
    0x53,0xd5,0x53,0xd5,0x74,0xdd,0x54,0xd5,0x53,0xdd,0x54,0xdd,0x32,0xd5,0x12,0xd5,0x12,0xd5,0xf2,0xd4,0x12,0xd5,0xb0,0xcc,
    0x90,0xcc,0x90,0xcc,0xf1,0xcc,0xd1,0xcc,0xb1,0xcc,0xd1,0xcc,0x90,0xcc,0x90,0xcc,0xb0,0xc4,0xb0,0xcc,0x70,0xc4,0x4f,0xbc,
    0x70,0xc4,0xb0,0xc4,0x70,0xc4,0x70,0xc4,0xb1,0xc4,0x90,0xc4,0xb0,0xc4,0x90,0xc4,0x90,0xcc,0xf2,0xd4,0x53,0xd5,0x53,0xdd,
    0xb4,0xdd,0xb5,0xe5,0xd5,0xe5,0xf5,0xe5,0xf5,0xe5,0xf5,0xe5,0x16,0xee,0xd5,0xdd,0xb5,0xdd,0x75,0xd5,0xce,0x93,0xad,0x9b,
    0xee,0xa3,0x4f,0xb4,0x2f,0xb4,0x50,0xb4,0x91,0xbc,0xb1,0xc4,0xb1,0xc4,0xd1,0xbc,0xd2,0xc4,0xd2,0xc4,0xd2,0xc4,0x13,0xc5,
    0xf3,0xc4,0xd2,0xc4,0xb2,0xc4,0xd2,0xc4,0xf2,0xc4,0xd2,0xc4,0x71,0xb4,0x71,0xb4,0xb2,0xbc,0x91,0xbc,0xb1,0xb4,0xd3,0xc4,
    0xd2,0xc4,0x71,0xb4,0x91,0xb4,0x30,0xac,0x91,0xbc,0x30,0xac,0x30,0xac,0x30,0xac,0x0f,0xa4,0xef,0xa3,0xae,0x9b,0x0f,0xa4,
    0xae,0x9b,0xad,0x93,0xce,0x9b,0x0f,0xa4,0xee,0xa3,0x2f,0xac,0xef,0x9b,0x6d,0x8b,0xae,0x9b,0xad,0x93,0xad,0x93,0x8d,0x93,
    0xad,0x9b,0x8d,0x93,0x4c,0x8b,0x8d,0x93,0xcf,0x9b,0xcd,0x9b,0xce,0x93,0xce,0x9b,0xce,0x93,0x6d,0x8b,0xca,0x72,0xaa,0x6a,
    0xca,0x6a,0x08,0x4a,0xa7,0x31,0xc7,0x39,0xa6,0x31,0x49,0x52,0xae,0x9b,0x91,0xbc,0xb1,0xb4,0xb2,0xb4,0xb2,0xb4,0xb2,0xb4,
    0x92,0xb4,0xb2,0xb4,0xb2,0xb4,0x91,0xac,0x91,0xac,0x71,0xac,0x92,0xac,0xb2,0xb4,0x92,0xac,0x91,0xb4,0x92,0xb4,0xb2,0xb4,
    0x92,0xb4,0xb2,0xb4,0xd2,0xbc,0xb2,0xb4,0x92,0xb4,0x92,0xb4,0xd2,0xbc,0xd3,0xbc,0xf3,0xbc,0xd2,0xc4,0x33,0xcd,0x13,0xc5,
    0x33,0xcd,0x13,0xc5,0x33,0xcd,0x13,0xc5,0xd2,0xc4,0xf3,0xc4,0xf2,0xc4,0xd2,0xc4,0xb1,0xbc,0x90,0xbc,0x70,0xbc,0x34,0xc5,
    0x18,0xde,0x38,0xde,0x38,0xe6,0x58,0xe6,0x17,0xe6,0x17,0xde,0xf7,0xdd,0xf6,0xe5,0xd6,0xdd,0xb4,0xdd,0x95,0xdd,0xb5,0xdd,
    0x53,0xd5,0x12,0xd5,0x12,0xd5,0xd1,0xcc,0x12,0xcd,0x12,0xd5,0x53,0xd5,0x33,0xd5,0x12,0xd5,0x32,0xd5,0x53,0xd5,0x12,0xd5,
    0xf2,0xcc,0x32,0xd5,0xd1,0xcc,0x90,0xcc,0x4f,0xc4,0x70,0xc4,0xb0,0xcc,0xb0,0xd4,0xd0,0xcc,0xb0,0xcc,0x90,0xcc,0x4f,0xc4,
    0x4f,0xc4,0x90,0xc4,0x90,0xc4,0x2f,0xbc,0x2e,0xbc,0xcd,0xb3,0x2f,0xbc,0x6f,0xbc,0x70,0xc4,0x6f,0xc4,0x70,0xc4,0x90,0xc4,
    0xd1,0xc4,0xf2,0xcc,0x32,0xd5,0x53,0xd5,0x53,0xdd,0x73,0xdd,0x94,0xe5,0x74,0xdd,0xb4,0xe5,0xb5,0xe5,0xd5,0xe5,0xb5,0xe5,
    0x94,0xdd,0xb5,0xdd,0x71,0xb4,0xae,0x93,0xef,0xab,0xee,0xab,0x2f,0xac,0x4f,0xbc,0x6f,0xbc,0x90,0xbc,0xb1,0xc4,0xd1,0xc4,
    0xd2,0xc4,0xd2,0xc4,0x13,0xc5,0x13,0xcd,0xb1,0xc4,0xd2,0xbc,0xf2,0xc4,0xd2,0xc4,0xd2,0xc4,0xf2,0xc4,0xd2,0xc4,0xd2,0xbc,
    0xb2,0xbc,0xb1,0xbc,0x91,0xbc,0xb1,0xbc,0xd2,0xbc,0xb1,0xbc,0x91,0xb4,0x91,0xbc,0x71,0xb4,0x70,0xac,0x50,0xb4,0x30,0xac,
    0x0f,0xa4,0xce,0x9b,0x0f,0xa4,0xae,0x93,0xad,0x93,0xae,0x9b,0x8d,0x93,0x6d,0x8b,0x6c,0x8b,0xce,0x9b,0x0f,0xac,0xae,0x93,
    0x8d,0x93,0xce,0x9b,0x8d,0x93,0x6d,0x8b,0x6c,0x8b,0x6d,0x93,0x8d,0x93,0x6c,0x8b,0x8d,0x93,0x8d,0x93,0xae,0x93,0xef,0x9b,
    0xae,0x93,0x6d,0x8b,0xeb,0x72,0xca,0x6a,0x8a,0x6a,0x08,0x4a,0xa6,0x39,0xc7,0x39,0xa7,0x31,0x29,0x5a,0xae,0x9b,0x71,0xb4,
    0xb2,0xb4,0xb2,0xb4,0xb2,0xb4,0x91,0xb4,0xb2,0xb4,0xd2,0xb4,0xb2,0xbc,0xb2,0xb4,0x92,0xb4,0x71,0xac,0x72,0xac,0x91,0xac,
    0xb2,0xb4,0x92,0xbc,0x92,0xb4,0x92,0xb4,0x91,0xb4,0x92,0xb4,0xb2,0xb4,0x92,0xb4,0x71,0xb4,0x92,0xb4,0xd3,0xbc,0xf2,0xc4,
    0xd2,0xc4,0xf3,0xc4,0xf2,0xcc,0x34,0xcd,0x54,0xcd,0x33,0xcd,0x13,0xcd,0xd2,0xc4,0xf2,0xc4,0xf3,0xc4,0xd2,0xc4,0xd1,0xc4,
    0xb1,0xc4,0x90,0xc4,0x70,0xbc,0xb5,0xd5,0x38,0xe6,0xf7,0xdd,0xf7,0xdd,0x17,0xe6,0x17,0xe6,0xf6,0xe5,0xf6,0xe5,0xb5,0xdd,
    0xd5,0xdd,0xd5,0xdd,0x94,0xdd,0x53,0xd5,0xf1,0xcc,0xf1,0xcc,0xf2,0xd4,0xf1,0xcc,0xb1,0xcc,0x12,0xcd,0x13,0xcd,0x33,0xd5,
    0x12,0xcd,0x33,0xd5,0xf2,0xcc,0xf2,0xd4,0x33,0xd5,0xb0,0xcc,0x90,0xcc,0xb0,0xcc,0x6f,0xc4,0x6f,0xcc,0xb0,0xcc,0xb1,0xcc,
    0xb0,0xcc,0x70,0xc4,0x90,0xc4,0x2e,0xc4,0x2f,0xbc,0x2e,0xbc,0x4f,0xbc,0x2f,0xbc,0xed,0xb3,0xcd,0xab,0xcd,0xab,0x2e,0xbc,
    0x2f,0xbc,0x4f,0xbc,0x4f,0xbc,0xb1,0xc4,0xd1,0xcc,0x12,0xcd,0x33,0xd5,0x33,0xd5,0x33,0xd5,0x94,0xdd,0x94,0xdd,0x94,0xe5,
    0x94,0xdd,0x73,0xdd,0x73,0xdd,0x94,0xdd,0x94,0xdd,0xd5,0xe5,0xb1,0xbc,0x8e,0x93,0xee,0xa3,0xad,0x9b,0x2f,0xb4,0x50,0xbc,
    0x70,0xbc,0x90,0xc4,0xb1,0xc4,0x91,0xbc,0xf1,0xc4,0x54,0xcd,0xf2,0xc4,0xd2,0xc4,0x13,0xc5,0xd2,0xc4,0xd2,0xbc,0xd2,0xc4,
    0xf3,0xc4,0xd2,0xbc,0x14,0xc5,0x13,0xcd,0xf2,0xc4,0xf3,0xc4,0xb2,0xbc,0x91,0xbc,0x50,0xb4,0x30,0xac,0x71,0xb4,0xb2,0xbc,
    0x91,0xbc,0x71,0xac,0x0f,0xa4,0x2f,0xa4,0x0f,0xac,0x30,0xa4,0x10,0xa4,0xce,0x9b,0x6d,0x8b,0x4c,0x8b,0xce,0x9b,0x6d,0x8b,
    0x4c,0x8b,0x6d,0x8b,0xce,0x9b,0x8d,0x93,0x4c,0x8b,0xad,0x93,0xae,0x9b,0x6c,0x8b,0x6d,0x93,0x8d,0x93,0xee,0x9b,0xae,0x9b,
    0x8d,0x93,0x8d,0x8b,0x6c,0x93,0x8d,0x93,0x4c,0x83,0x2c,0x7b,0x0b,0x7b,0xca,0x6a,0x69,0x5a,0x08,0x4a,0xa7,0x31,0xc6,0x39,
    0xa7,0x39,0x8a,0x62,0xcf,0x9b,0x50,0xb4,0x92,0xb4,0xb1,0xb4,0xb2,0xbc,0xb2,0xb4,0xb2,0xbc,0xd2,0xb4,0x92,0xb4,0x92,0xb4,
    0x92,0xb4,0x51,0xa4,0x92,0xb4,0x92,0xb4,0x91,0xb4,0x92,0xb4,0xb2,0xb4,0x91,0xb4,0x91,0xb4,0x92,0xb4,0x92,0xb4,0x92,0xb4,
    0x71,0xb4,0xb2,0xb4,0xd2,0xc4,0xd2,0xc4,0xf3,0xc4,0xd1,0xc4,0xf2,0xc4,0x34,0xc5,0x13,0xcd,0x13,0xc5,0xf3,0xc4,0x34,0xcd,
    0x13,0xcd,0xd2,0xc4,0xd1,0xc4,0xb1,0xc4,0xb0,0xc4,0x70,0xbc,0x91,0xbc,0xd6,0xd5,0x17,0xe6,0x17,0xe6,0xf6,0xe5,0x17,0xe6,
    0xf6,0xe5,0xd5,0xdd,0xb5,0xdd,0xd5,0xe5,0xb5,0xdd,0xb4,0xdd,0x73,0xdd,0x52,0xd5,0x32,0xd5,0x12,0xd5,0xf1,0xcc,0xd1,0xcc,
    0xb0,0xc4,0xd1,0xcc,0x90,0xc4,0xb0,0xc4,0xb0,0xcc,0xd1,0xcc,0xd1,0xcc,0xb0,0xcc,0x90,0xcc,0x8f,0xcc,0xb0,0xcc,0x6f,0xcc,
    0xf1,0xcc,0x90,0xc4,0x6f,0xc4,0xb1,0xcc,0x8f,0xc4,0x4f,0xc4,0x4f,0xc4,0x6f,0xc4,0x2e,0xbc,0x2f,0xbc,0xac,0xb3,0xcd,0xab,
    0x8c,0xa3,0x4b,0x9b,0x4b,0x9b,0xcd,0xab,0xed,0xab,0xcd,0xab,0x2f,0xbc,0x6f,0xbc,0x90,0xc4,0xd1,0xcc,0xd1,0xcc,0xd1,0xcc,
    0x12,0xd5,0x33,0xd5,0x73,0xdd,0x73,0xdd,0x32,0xd5,0x33,0xd5,0x32,0xdd,0x53,0xdd,0x73,0xdd,0x95,0xdd,0xb1,0xbc,0x4d,0x8b,
    0x0e,0xa4,0x2f,0xb4,0x50,0xb4,0x90,0xbc,0x6f,0xbc,0x91,0xbc,0xb0,0xc4,0x90,0xc4,0xd2,0xc4,0xd1,0xc4,0xf2,0xcc,0x12,0xcd,
    0x14,0xcd,0xf2,0xc4,0xf3,0xc4,0xd2,0xc4,0xd2,0xbc,0xf2,0xc4,0xd2,0xbc,0xd2,0xc4,0xd2,0xbc,0xf2,0xc4,0x71,0xb4,0x91,0xb4,
    0x91,0xbc,0x71,0xb4,0xb1,0xbc,0x71,0xb4,0x91,0xb4,0x71,0xb4,0x30,0xac,0x30,0xac,0xef,0x9b,0xae,0x93,0xce,0x93,0xcf,0x9b,
    0x8d,0x8b,0x4c,0x83,0x8d,0x93,0x6d,0x8b,0x6d,0x93,0x6c,0x8b,0x4c,0x8b,0x4c,0x83,0x4c,0x8b,0x4c,0x83,0x6d,0x93,0x6c,0x8b,
    0x8d,0x8b,0x6d,0x93,0xad,0x93,0xad,0x93,0x4c,0x8b,0x6d,0x8b,0x6d,0x8b,0x6d,0x8b,0x4c,0x83,0xeb,0x72,0xcb,0x72,0xaa,0x6a,
    0x49,0x5a,0xe7,0x49,0xc7,0x39,0xa6,0x31,0x08,0x42,0x0c,0x7b,0xef,0xa3,0x50,0xac,0x91,0xb4,0x91,0xac,0x92,0xb4,0xb1,0xb4,
    0x92,0xb4,0xb2,0xb4,0xd2,0xbc,0xb2,0xb4,0xb2,0xb4,0xb2,0xb4,0xb2,0xbc,0x92,0xb4,0x91,0xb4,0x92,0xb4,0x71,0xb4,0x51,0xac,
    0xb2,0xb4,0xb2,0xbc,0x71,0xb4,0x91,0xb4,0x92,0xb4,0xb2,0xbc,0x92,0xbc,0xb2,0xbc,0x14,0xc5,0xd3,0xbc,0x13,0xc5,0x13,0xcd,
    0x13,0xcd,0x13,0xc5,0xf2,0xcc,0xf2,0xc4,0xb1,0xc4,0xd1,0xc4,0xd2,0xc4,0xd1,0xc4,0xb1,0xbc,0x6f,0xbc,0x70,0xb4,0xd6,0xdd,
    0xf7,0xdd,0x17,0xe6,0xf6,0xe5,0x16,0xe6,0xd5,0xdd,0xf6,0xe5,0xb4,0xdd,0x94,0xdd,0xb4,0xdd,0x73,0xdd,0x32,0xd5,0x12,0xd5,
    0x11,0xcd,0xf1,0xcc,0xb0,0xcc,0x6e,0xc4,0x90,0xc4,0xb0,0xc4,0xb0,0xc4,0x6f,0xc4,0x2f,0xbc,0x8f,0xc4,0x6f,0xcc,0x6f,0xc4,
    0x4f,0xc4,0x4f,0xc4,0x8f,0xcc,0x6f,0xc4,0x6f,0xcc,0x4f,0xc4,0x4f,0xc4,0xb1,0xcc,0x4f,0xc4,0x6f,0xc4,0x4f,0xc4,0x0d,0xbc,
    0x0e,0xbc,0xed,0xb3,0xac,0xa3,0x8c,0xa3,0x0a,0x93,0x2b,0x93,0x4b,0x93,0x8c,0xa3,0xcd,0xab,0xed,0xab,0x2e,0xb4,0x4f,0xbc,
    0x4f,0xbc,0x6f,0xc4,0x6f,0xc4,0x90,0xc4,0xb0,0xcc,0xd1,0xcc,0x12,0xcd,0x32,0xd5,0xf2,0xcc,0x12,0xd5,0x12,0xd5,0x73,0xd5,
    0x33,0xd5,0x53,0xd5,0x13,0xc5,0x8e,0x93,0x0f,0xa4,0x71,0xb4,0x4f,0xb4,0x70,0xbc,0xb1,0xc4,0xb1,0xc4,0xb1,0xc4,0xb1,0xc4,
    0xf2,0xcc,0xb1,0xc4,0xf2,0xc4,0xf2,0xc4,0xf2,0xc4,0xd2,0xc4,0xf3,0xc4,0x33,0xcd,0xd2,0xc4,0xb2,0xbc,0xd2,0xc4,0xd2,0xbc,
    0xd2,0xbc,0x91,0xbc,0x71,0xb4,0x71,0xb4,0xd2,0xbc,0x91,0xbc,0xb2,0xbc,0x91,0xbc,0x30,0xac,0x0f,0xa4,0x30,0xac,0x30,0xac,
    0x0f,0xa4,0xef,0xa3,0xef,0xa3,0xce,0x9b,0xaf,0x93,0x6d,0x8b,0x4c,0x8b,0x6d,0x93,0x6d,0x93,0x4c,0x8b,0x4c,0x8b,0x6d,0x8b,
    0x4c,0x83,0x0b,0x7b,0x4c,0x8b,0x6c,0x8b,0x4c,0x8b,0x8d,0x93,0xad,0x93,0x6d,0x8b,0x2c,0x83,0x4c,0x8b,0x4c,0x83,0x6d,0x8b,
    0x6d,0x93,0xeb,0x72,0xca,0x6a,0xaa,0x6a,0x49,0x5a,0xe8,0x41,0xa7,0x39,0xc7,0x39,0x8b,0x5a,0xae,0x8b,0x10,0xac,0x30,0xac,
    0xb2,0xb4,0x71,0xac,0x91,0xb4,0xb2,0xb4,0xb2,0xac,0xb1,0xb4,0x92,0xb4,0xb2,0xb4,0xb2,0xac,0x91,0xb4,0xb2,0xb4,0xb2,0xbc,
    0xb2,0xb4,0xb2,0xbc,0x92,0xb4,0xb2,0xbc,0xb2,0xbc,0xb2,0xb4,0x91,0xb4,0x92,0xbc,0xb2,0xbc,0x91,0xb4,0xb2,0xbc,0xd2,0xbc,
    0xd2,0xc4,0x13,0xc5,0x13,0xcd,0x13,0xc5,0x13,0xcd,0x13,0xcd,0x12,0xcd,0xf2,0xcc,0xb1,0xc4,0xd1,0xc4,0x12,0xcd,0xd1,0xc4,
    0x90,0xc4,0x4f,0xb4,0x91,0xbc,0xd6,0xdd,0x16,0xde,0x17,0xe6,0x16,0xde,0xd6,0xdd,0xb5,0xdd,0xd5,0xe5,0x73,0xdd,0x73,0xdd,
    0x73,0xd5,0x32,0xd5,0x11,0xd5,0xf0,0xcc,0xb0,0xcc,0xd0,0xcc,0x8f,0xc4,0x6f,0xbc,0x4e,0xbc,0x6f,0xbc,0x4f,0xbc,0x4f,0xbc,
    0x90,0xc4,0x90,0xc4,0x6f,0xc4,0xb0,0xcc,0x90,0xc4,0x4e,0xc4,0x6f,0xc4,0x4f,0xc4,0x2e,0xc4,0x90,0xc4,0x4f,0xc4,0x6f,0xc4,
    0x6f,0xc4,0x4f,0xc4,0x0d,0xb4,0x0e,0xb4,0xcd,0xb3,0x2e,0xb4,0x6c,0x9b,0x2b,0x93,0x0a,0x8b,0x2a,0x93,0x4b,0x93,0x2a,0x93,
    0x8c,0xa3,0xcd,0xab,0x0d,0xb4,0x0d,0xb4,0x0e,0xb4,0x4e,0xbc,0x4f,0xc4,0x6f,0xbc,0x4f,0xc4,0x6f,0xc4,0xb1,0xcc,0xf1,0xcc,
    0xd1,0xcc,0xf1,0xcc,0xf1,0xd4,0x12,0xd5,0xf1,0xd4,0x33,0xd5,0x12,0xc5,0x8e,0x93,0xcf,0x9b,0x70,0xb4,0x91,0xb4,0x90,0xbc,
    0x91,0xbc,0x4f,0xbc,0xb1,0xbc,0xd1,0xc4,0xf1,0xcc,0xf2,0xc4,0xd2,0xcc,0xf2,0xc4,0xb1,0xc4,0xd1,0xc4,0xd2,0xc4,0xd2,0xbc,
    0xf3,0xc4,0xf2,0xc4,0xf2,0xc4,0xd1,0xc4,0x91,0xbc,0x91,0xbc,0x91,0xb4,0x71,0xb4,0xb1,0xbc,0xd2,0xbc,0xb2,0xbc,0x70,0xb4,
    0x71,0xb4,0x30,0xa4,0xce,0x9b,0x0f,0xa4,0xef,0xa3,0xee,0xa3,0x0f,0xa4,0xae,0x93,0x4c,0x8b,0x6e,0x8b,0x6d,0x8b,0x6c,0x8b,
    0x4c,0x83,0x4d,0x8b,0x6d,0x8b,0x2c,0x83,0x0c,0x83,0x0b,0x83,0x8d,0x93,0x6d,0x93,0x6c,0x8b,0xad,0x9b,0x8d,0x93,0x2c,0x83,
    0x4c,0x83,0x0b,0x7b,0x6c,0x8b,0x6d,0x8b,0x8d,0x8b,0x2c,0x83,0xca,0x6a,0x8a,0x6a,0x28,0x52,0xc7,0x41,0xc7,0x31,0xe8,0x39,
    0xed,0x6a,0xef,0x9b,0x50,0xac,0x51,0xac,0x71,0xac,0x92,0xb4,0xb2,0xac,0xd2,0xb4,0xb2,0xb4,0xb2,0xb4,0x92,0xac,0x92,0xb4,
    0x70,0xac,0x71,0xb4,0xb2,0xb4,0xb2,0xbc,0xb2,0xb4,0xb1,0xb4,0xb2,0xb4,0xd2,0xbc,0xb2,0xb4,0xb2,0xbc,0xb2,0xbc,0xb2,0xb4,
    0xb2,0xbc,0x91,0xb4,0x92,0xb4,0xd2,0xbc,0xf3,0xc4,0x33,0xcd,0x13,0xc5,0xf3,0xcc,0x12,0xc5,0x13,0xcd,0xf2,0xc4,0xd2,0xc4,
    0xd1,0xc4,0xd2,0xc4,0xb1,0xc4,0xd1,0xc4,0x90,0xbc,0x0e,0xac,0x50,0xb4,0xb5,0xdd,0xf6,0xdd,0x16,0xe6,0xf6,0xdd,0xb5,0xe5,
    0x94,0xdd,0x73,0xd5,0x73,0xdd,0x73,0xd5,0x32,0xd5,0xf0,0xcc,0xb0,0xcc,0xaf,0xc4,0x8f,0xc4,0x6e,0xbc,0x4e,0xbc,0x4e,0xbc,
    0x6f,0xbc,0x0e,0xb4,0x4e,0xbc,0x90,0xbc,0x4f,0xbc,0x2e,0xbc,0x4e,0xbc,0x4f,0xc4,0x6f,0xc4,0x8f,0xcc,0x2e,0xc4,0x2e,0xbc,
    0x2d,0xbc,0x4e,0xc4,0x4e,0xc4,0x6f,0xc4,0x6f,0xc4,0x2e,0xbc,0xcd,0xb3,0xac,0xab,0x4b,0xa3,0xad,0xa3,0x0b,0x93,0xe9,0x82,
    0xca,0x82,0x0a,0x8b,0x2a,0x93,0x4b,0x93,0xcc,0xa3,0xcd,0xab,0x0e,0xac,0x0e,0xb4,0x0d,0xb4,0xed,0xb3,0x0d,0xb4,0x0e,0xbc,
    0x2e,0xbc,0x4f,0xbc,0xb0,0xcc,0xd1,0xcc,0xd0,0xcc,0xf2,0xcc,0xd1,0xcc,0xb1,0xc4,0xd1,0xcc,0x32,0xd5,0x33,0xcd,0x6d,0x8b,
    0xef,0x9b,0x91,0xb4,0xb2,0xbc,0xb1,0xbc,0x91,0xbc,0xb1,0xc4,0xb0,0xc4,0xd1,0xc4,0xd1,0xc4,0xd2,0xc4,0x90,0xc4,0x90,0xbc,
    0x91,0xc4,0x91,0xbc,0xd2,0xc4,0xf3,0xc4,0xb1,0xc4,0xb1,0xbc,0xb1,0xbc,0x92,0xbc,0xb2,0xbc,0x91,0xbc,0x71,0xb4,0x91,0xbc,
    0xb2,0xbc,0x91,0xb4,0x91,0xbc,0xd2,0xbc,0x71,0xb4,0x10,0xac,0x30,0xac,0x0f,0xa4,0x30,0xac,0x50,0xac,0x0f,0xa4,0xcf,0x9b,
    0x4c,0x8b,0x0c,0x7b,0x4c,0x8b,0x6d,0x8b,0x6d,0x8b,0x4c,0x8b,0x4c,0x83,0x2c,0x8b,0x2b,0x83,0x4d,0x8b,0x8d,0x93,0x8c,0x93,
    0x6d,0x93,0xce,0x93,0xad,0x9b,0x4c,0x83,0x4c,0x8b,0x2c,0x83,0x4c,0x83,0x4c,0x8b,0x6d,0x83,0x0b,0x7b,0x8a,0x62,0xaa,0x6a,
    0x28,0x52,0xa7,0x39,0xc6,0x39,0xc8,0x39,0xec,0x6a,0xf0,0x9b,0x51,0xac,0x92,0xa4,0x91,0xac,0x71,0xac,0x71,0xac,0xb2,0xb4,
    0xb2,0xb4,0x71,0xac,0x91,0xb4,0xd2,0xb4,0x92,0xb4,0xd2,0xbc,0xf3,0xbc,0xb2,0xbc,0xb1,0xbc,0x92,0xb4,0x71,0xb4,0x92,0xb4,
    0xb2,0xbc,0xb2,0xb4,0x92,0xb4,0x91,0xbc,0xb2,0xbc,0xb2,0xbc,0x91,0xbc,0xb2,0xbc,0xf2,0xc4,0x13,0xcd,0xf2,0xc4,0xf2,0xc4,
    0x13,0xcd,0x13,0xcd,0x33,0xcd,0xf3,0xc4,0xd2,0xc4,0xb1,0xbc,0xb0,0xc4,0x91,0xbc,0x4f,0xb4,0x2f,0xb4,0x71,0xb4,0x75,0xd5,
    0x95,0xdd,0xb5,0xdd,0xd6,0xdd,0x94,0xdd,0x52,0xd5,0x11,0xd5,0xf1,0xcc,0xd0,0xcc,0xd0,0xcc,0x8f,0xc4,0x6e,0xc4,0x6f,0xbc,
    0x4e,0xbc,0x4e,0xbc,0x0d,0xac,0x0d,0xb4,0x0e,0xb4,0xcc,0xa3,0x8c,0xa3,0xcc,0xab,0xed,0xab,0xee,0xb3,0xee,0xb3,0x2e,0xb4,
    0xcc,0xb3,0x4f,0xc4,0xec,0xb3,0xed,0xbb,0xed,0xb3,0xcc,0xb3,0x0e,0xbc,0x2e,0xc4,0x0d,0xbc,0x0e,0xb4,0x8c,0xab,0x8b,0xa3,
    0x6b,0x9b,0x2a,0x93,0xea,0x8a,0xa9,0x82,0xc9,0x7a,0xc9,0x82,0xca,0x72,0xca,0x7a,0x0a,0x7b,0x0a,0x7b,0x0a,0x83,0x4b,0x83,
    0x6c,0x93,0xac,0x9b,0x0d,0xb4,0x4e,0xbc,0x4f,0xbc,0x4e,0xbc,0x6f,0xc4,0x8f,0xc4,0xb0,0xcc,0xd1,0xc4,0x90,0xc4,0x70,0xc4,
    0xb1,0xcc,0x32,0xcd,0xd2,0xbc,0x8e,0x8b,0x6d,0x8b,0xb2,0xbc,0xd2,0xbc,0xd3,0xbc,0x90,0xbc,0xd1,0xc4,0xb1,0xc4,0x91,0xbc,
    0xb1,0xc4,0xd2,0xc4,0xb1,0xc4,0x91,0xbc,0x91,0xbc,0xb1,0xbc,0x51,0xb4,0x90,0xbc,0xb1,0xbc,0x92,0xbc,0xd2,0xbc,0x50,0xb4,
    0xb1,0xbc,0x91,0xbc,0x91,0xbc,0xb1,0xb4,0x91,0xbc,0xd3,0xbc,0xb2,0xbc,0x91,0xbc,0x71,0xb4,0x91,0xb4,0x91,0xb4,0x71,0xb4,
    0x71,0xb4,0x70,0xac,0xef,0x9b,0xae,0x9b,0x4c,0x83,0x6d,0x83,0x4d,0x8b,0xae,0x9b,0x8d,0x93,0x0b,0x7b,0xeb,0x7a,0x6d,0x8b,
    0x4c,0x8b,0x6c,0x8b,0x6d,0x93,0x6c,0x8b,0xad,0x93,0xad,0x93,0x6d,0x93,0x2c,0x83,0x4c,0x83,0x2c,0x83,0x0c,0x7b,0x2c,0x83,
    0x2c,0x7b,0x0b,0x7b,0xaa,0x6a,0xca,0x6a,0x29,0x52,0xa7,0x39,0xc7,0x31,0xc8,0x41,0xab,0x6a,0xae,0x93,0x51,0xa4,0xb3,0xac,
    0x71,0xac,0x92,0xb4,0xd2,0xb4,0xb2,0xb4,0xb2,0xb4,0xb1,0xb4,0x92,0xb4,0xb2,0xb4,0x91,0xb4,0xb2,0xb4,0xd2,0xbc,0x91,0xb4,
    0x71,0xac,0x71,0xb4,0x91,0xb4,0x91,0xb4,0x92,0xb4,0xd3,0xbc,0xb1,0xbc,0xb2,0xbc,0xb2,0xbc,0x91,0xb4,0xb2,0xbc,0xd2,0xbc,
    0xb2,0xbc,0xd1,0xc4,0xd2,0xc4,0xf3,0xcc,0xf2,0xc4,0xf2,0xc4,0xf2,0xcc,0xf2,0xcc,0xf1,0xcc,0xd1,0xc4,0xd1,0xc4,0xb1,0xc4,
    0x4f,0xb4,0x50,0xb4,0x4f,0xac,0x13,0xc5,0xb5,0xdd,0x32,0xd5,0x94,0xd5,0x53,0xdd,0x11,0xcd,0xaf,0xcc,0x8f,0xc4,0x6e,0xc4,
    0x4e,0xbc,0xac,0xa3,0xea,0x7a,0x68,0x5a,0x48,0x52,0x28,0x52,0x28,0x52,0x48,0x5a,0x68,0x5a,0xc9,0x72,0x2a,0x8b,0x4b,0x93,
    0xcd,0xa3,0xcd,0xab,0xed,0xb3,0xed,0xb3,0xed,0xb3,0xed,0xb3,0xcc,0xb3,0xac,0xab,0xac,0xab,0xcd,0xb3,0x0d,0xb4,0xac,0xab,
    0xac,0xab,0x8c,0xa3,0xcc,0xab,0x4b,0x9b,0x6b,0x9b,0x2b,0x93,0xea,0x82,0xa9,0x7a,0x48,0x62,0xe7,0x49,0xc7,0x39,0xa6,0x39,
    0xa7,0x31,0xa7,0x39,0xa6,0x31,0xa7,0x31,0xa6,0x39,0xe7,0x41,0x89,0x62,0x6c,0x93,0xed,0xab,0x0d,0xb4,0xec,0xb3,0x0e,0xb4,
    0x2e,0xbc,0x0d,0xbc,0x4f,0xbc,0x4f,0xbc,0xb0,0xc4,0x12,0xcd,0x0f,0xa4,0x8e,0x8b,0x8e,0x93,0x2f,0xac,0xb1,0xbc,0x90,0xbc,
    0x70,0xb4,0x50,0xbc,0xb1,0xc4,0xb1,0xc4,0xb1,0xc4,0x90,0xc4,0xb0,0xc4,0x91,0xbc,0x91,0xc4,0x50,0xb4,0x30,0xac,0x91,0xbc,
    0x91,0xbc,0x91,0xbc,0xb1,0xbc,0x71,0xbc,0x91,0xb4,0x91,0xbc,0x91,0xbc,0x91,0xbc,0x92,0xbc,0xb1,0xbc,0x50,0xac,0x92,0xb4,
    0x91,0xbc,0x50,0xb4,0x91,0xb4,0x50,0xac,0x30,0xac,0x50,0xac,0x0f,0xa4,0xce,0x9b,0xce,0x9b,0xae,0x9b,0x8d,0x8b,0x8d,0x93,
    0x4c,0x8b,0xeb,0x7a,0xeb,0x7a,0x4c,0x8b,0x8d,0x9b,0x4c,0x8b,0x6d,0x8b,0x8d,0x93,0xce,0x9b,0x6d,0x8b,0x4c,0x83,0x4c,0x83,
    0x2b,0x83,0x0b,0x83,0x2c,0x83,0x2c,0x83,0x0b,0x7b,0xeb,0x72,0xcb,0x6a,0xca,0x6a,0x49,0x5a,0xa6,0x39,0xc7,0x39,0xc7,0x39,
    0xab,0x62,0xcf,0x93,0x92,0xa4,0xd4,0xac,0x71,0xac,0x71,0xac,0x71,0xac,0x92,0xb4,0xb2,0xb4,0xb2,0xb4,0xd2,0xb4,0xb2,0xb4,
    0xd3,0xbc,0xb1,0xb4,0xd3,0xbc,0xb2,0xb4,0x71,0xac,0x71,0xac,0x92,0xb4,0x71,0xac,0x91,0xb4,0xb2,0xbc,0xd2,0xbc,0xd2,0xc4,
    0xb2,0xbc,0xd3,0xbc,0xb2,0xbc,0xb2,0xc4,0xd2,0xc4,0xd2,0xc4,0xd2,0xc4,0xf2,0xc4,0xd2,0xc4,0xd2,0xc4,0xf2,0xcc,0x12,0xcd,
    0xf2,0xc4,0xd2,0xcc,0xd1,0xc4,0x91,0xbc,0x50,0xb4,0x91,0xbc,0x70,0xb4,0xd2,0xbc,0x54,0xd5,0xf1,0xcc,0x12,0xcd,0x11,0xd5,
    0xd0,0xcc,0x8f,0xc4,0x4e,0xc4,0x0d,0xb4,0xea,0x8a,0xc6,0x41,0x87,0x29,0xa6,0x31,0xa7,0x31,0xa6,0x31,0xa7,0x31,0xa6,0x31,
    0xa7,0x31,0xa6,0x31,0xc7,0x39,0x68,0x62,0x4b,0x93,0x6b,0x9b,0xac,0xa3,0xac,0xab,0xcd,0xab,0x8b,0xab,0xac,0xab,0x8c,0xa3,
    0x8b,0xa3,0x6b,0xa3,0x8b,0xa3,0x6b,0xa3,0x4b,0x93,0x2a,0x93,0xea,0x8a,0x0a,0x8b,0x2b,0x93,0x2a,0x93,0xca,0x7a,0x27,0x62,
    0xc7,0x49,0xa6,0x31,0xc7,0x31,0xc7,0x39,0xc6,0x39,0xc7,0x39,0xc7,0x39,0xc7,0x39,0xc7,0x39,0xa7,0x31,0x86,0x31,0x86,0x39,
    0x48,0x62,0x4b,0x93,0xed,0xab,0x0d,0xb4,0xcc,0xb3,0xac,0xab,0x2e,0xb4,0x2f,0xbc,0x4f,0xbc,0xf2,0xcc,0x8e,0x8b,0x0c,0x83,
    0xef,0xa3,0x50,0xac,0xd2,0xc4,0xb1,0xbc,0x70,0xbc,0xb1,0xbc,0xd1,0xc4,0xb1,0xc4,0xd1,0xc4,0xb1,0xc4,0x90,0xc4,0xb1,0xc4,
    0x6f,0xbc,0x50,0xbc,0x2f,0xb4,0x2f,0xac,0x30,0xb4,0x4f,0xb4,0x71,0xbc,0x50,0xac,0x91,0xbc,0x91,0xbc,0x71,0xb4,0x91,0xbc,
    0x91,0xb4,0x50,0xac,0x91,0xbc,0x50,0xac,0xb1,0xbc,0x71,0xb4,0x70,0xb4,0x30,0xac,0x71,0xac,0x50,0xac,0x30,0xac,0xef,0x9b,
    0xce,0x9b,0x4c,0x83,0x2c,0x83,0x6d,0x8b,0x4c,0x8b,0x6d,0x8b,0x2c,0x83,0x2c,0x83,0xad,0x9b,0x6d,0x8b,0x6c,0x8b,0x8e,0x9b,
    0x8d,0x93,0x6c,0x8b,0x4c,0x8b,0x4c,0x83,0x4c,0x8b,0x2c,0x83,0x4c,0x83,0x2c,0x7b,0x0b,0x7b,0xcb,0x6a,0xaa,0x6a,0xaa,0x6a,
    0xe7,0x49,0xa7,0x31,0xc6,0x39,0xc7,0x39,0xcc,0x62,0x51,0x9c,0xd4,0xac,0x15,0xad,0x50,0xa4,0x71,0xac,0x71,0xa4,0x91,0xb4,
    0xb2,0xb4,0x92,0xb4,0xd2,0xbc,0xb2,0xb4,0xb2,0xbc,0xd2,0xbc,0xb2,0xb4,0x71,0xac,0x71,0xb4,0x92,0xb4,0x71,0xac,0x71,0xb4,
    0x92,0xb4,0x91,0xbc,0xb2,0xbc,0xb1,0xbc,0xd2,0xbc,0xb1,0xbc,0x91,0xbc,0xd2,0xbc,0xf2,0xc4,0xd2,0xc4,0xd2,0xc4,0xd2,0xc4,
    0xf1,0xc4,0xd2,0xc4,0xf2,0xcc,0xf2,0xc4,0xf1,0xcc,0x91,0xbc,0xf1,0xc4,0x91,0xbc,0x6f,0xbc,0xb1,0xbc,0x91,0xbc,0x71,0xb4,
    0x13,0xcd,0xf1,0xcc,0xb0,0xcc,0x8f,0xc4,0x4e,0xc4,0x2e,0xbc,0xcc,0xab,0x4b,0x9b,0xa9,0x7a,0xe7,0x59,0xc6,0x41,0xc7,0x39,
    0xc7,0x39,0xc7,0x39,0xc6,0x39,0xc7,0x39,0xc7,0x39,0xc7,0x39,0xa7,0x39,0xa6,0x31,0x08,0x4a,0x4b,0x8b,0x8c,0xa3,0x4b,0x93,
    0x6b,0xa3,0x6b,0x9b,0x0a,0x93,0x2a,0x93,0x2a,0x93,0xea,0x8a,0xe9,0x8a,0x0a,0x8b,0xc9,0x8a,0x88,0x82,0xa8,0x7a,0xc9,0x8a,
    0xea,0x82,0xc9,0x7a,0x48,0x62,0x28,0x62,0x28,0x62,0xe7,0x51,0xc6,0x39,0xa7,0x39,0xc7,0x31,0xa6,0x39,0xc7,0x31,0xa6,0x31,
    0xa7,0x39,0xc6,0x41,0x07,0x5a,0x68,0x6a,0x0a,0x83,0x2a,0x93,0xcc,0xa3,0xed,0xb3,0xac,0xa3,0x8b,0xa3,0xac,0xab,0xed,0xab,
    0x4f,0xbc,0x71,0xac,0xae,0x93,0xaf,0x93,0xef,0x9b,0x50,0xac,0xf3,0xc4,0xf2,0xc4,0xb1,0xbc,0xb1,0xc4,0xd2,0xc4,0xd1,0xc4,
    0xb0,0xc4,0xb1,0xc4,0x90,0xc4,0x91,0xbc,0x70,0xbc,0x70,0xbc,0x50,0xb4,0x70,0xbc,0x71,0xbc,0x70,0xb4,0x50,0xb4,0x50,0xb4,
    0x91,0xbc,0x91,0xb4,0x71,0xb4,0x91,0xbc,0x91,0xb4,0xb2,0xbc,0x92,0xbc,0x71,0xb4,0x91,0xb4,0x91,0xbc,0x71,0xb4,0x30,0xac,
    0xef,0xa3,0xee,0x9b,0x30,0xac,0xae,0x93,0x6d,0x8b,0x6d,0x8b,0x6d,0x8b,0x6d,0x8b,0x8d,0x93,0x6d,0x8b,0x2c,0x83,0x4c,0x83,
    0x6d,0x93,0x4c,0x8b,0x6d,0x8b,0x8d,0x93,0x8d,0x93,0x6d,0x8b,0x4c,0x8b,0x4c,0x83,0x4c,0x8b,0x4c,0x83,0x2c,0x83,0xeb,0x7a,
    0xcb,0x72,0x8a,0x62,0x89,0x62,0x69,0x62,0xc7,0x39,0xc7,0x39,0xa7,0x31,0xe8,0x39,0x4e,0x73,0x93,0x9c,0xf5,0xac,0x36,0xad,
    0x31,0xa4,0x51,0xa4,0x92,0xb4,0x91,0xac,0x72,0xac,0x91,0xac,0x91,0xac,0x92,0xb4,0xb1,0xb4,0x91,0xb4,0x91,0xb4,0x71,0xb4,
    0x71,0xac,0x30,0xa4,0x51,0xac,0x70,0xb4,0x71,0xb4,0x71,0xb4,0xb1,0xbc,0xb2,0xbc,0xb1,0xbc,0x91,0xbc,0xb2,0xbc,0xf2,0xc4,
    0xb2,0xc4,0xf2,0xc4,0xd2,0xc4,0xd2,0xc4,0xf2,0xc4,0xf2,0xc4,0xf1,0xcc,0xf2,0xcc,0xd1,0xc4,0xb1,0xc4,0xd1,0xc4,0x91,0xbc,
    0x71,0xbc,0x91,0xbc,0x92,0xb4,0x91,0xb4,0xf3,0xbc,0xd1,0xcc,0x90,0xc4,0x6f,0xc4,0x6e,0xc4,0x2d,0xbc,0xcc,0xab,0x6b,0xa3,
    0x2a,0x8b,0x88,0x7a,0x27,0x62,0xe7,0x51,0xc6,0x41,0xa7,0x31,0xa7,0x39,0xc7,0x39,0xa6,0x31,0xc7,0x39,0xa7,0x31,0xc6,0x41,
    0xa6,0x41,0x48,0x62,0x4b,0x93,0x8b,0x9b,0x0a,0x8b,0xc9,0x82,0xc9,0x82,0xa9,0x82,0x88,0x7a,0x88,0x7a,0x88,0x7a,0x88,0x7a,
    0x88,0x7a,0x88,0x72,0x48,0x72,0x68,0x72,0x89,0x72,0x68,0x6a,0x07,0x5a,0x27,0x62,0x69,0x6a,0x48,0x62,0xe7,0x51,0xc6,0x49,
    0xc7,0x41,0xc6,0x39,0xc7,0x41,0xc6,0x49,0xe7,0x49,0x47,0x72,0xa8,0x7a,0x6b,0x93,0x0d,0xac,0x2e,0xb4,0xec,0xab,0xed,0xb3,
    0xec,0xab,0xac,0xab,0xac,0xab,0xcd,0xab,0x91,0xb4,0xef,0x9b,0x6d,0x8b,0xae,0x93,0xf0,0xa3,0x91,0xb4,0xb1,0xbc,0xd2,0xc4,
    0xd2,0xc4,0xd2,0xc4,0xd1,0xc4,0xb1,0xc4,0x91,0xc4,0xb0,0xc4,0xb1,0xbc,0x70,0xbc,0x91,0xbc,0x90,0xbc,0x91,0xbc,0x91,0xbc,
    0x90,0xbc,0x50,0xbc,0x70,0xb4,0x71,0xb4,0xb1,0xbc,0x50,0xbc,0x50,0xb4,0x2f,0xac,0x50,0xb4,0x50,0xb4,0x50,0xb4,0xb1,0xbc,
    0x71,0xb4,0x70,0xb4,0x70,0xb4,0x0f,0xac,0xae,0x93,0xcf,0x9b,0xad,0x93,0xcf,0xa3,0xef,0x9b,0x8e,0x93,0x6d,0x8b,0x8d,0x93,
    0xae,0x93,0x8e,0x93,0xae,0x93,0x6d,0x93,0x4c,0x83,0x0b,0x7b,0x2c,0x83,0x8d,0x93,0xad,0x9b,0x6c,0x8b,0x8d,0x8b,0x6d,0x8b,
    0x2c,0x83,0x4c,0x83,0x2c,0x83,0x0b,0x73,0xaa,0x6a,0x69,0x5a,0x49,0x5a,0x28,0x52,0xc7,0x39,0xa6,0x39,0xc7,0x39,0x08,0x42,
    0xb0,0x7b,0xf5,0xac,0x16,0xad,0x36,0xb5,0x10,0x9c,0x30,0xa4,0x92,0xac,0x91,0xac,0x51,0xa4,0x91,0xac,0xb2,0xb4,0x91,0xb4,
    0x92,0xb4,0xb2,0xbc,0x92,0xb4,0x91,0xb4,0x51,0xac,0x71,0xac,0xb2,0xbc,0x91,0xb4,0x91,0xbc,0x91,0xb4,0x91,0xbc,0xb2,0xbc,
    0xb2,0xbc,0xb2,0xbc,0xb1,0xbc,0xd2,0xc4,0xd2,0xc4,0xd2,0xc4,0xf2,0xc4,0x13,0xc5,0xf2,0xcc,0xf2,0xcc,0x12,0xcd,0xf2,0xc4,
    0xf2,0xcc,0xd2,0xc4,0xb1,0xc4,0xb1,0xbc,0xd2,0xbc,0xb2,0xbc,0xb1,0xbc,0x71,0xb4,0x71,0xb4,0xf2,0xc4,0x8f,0xc4,0x4f,0xc4,
    0x4e,0xbc,0x2d,0xbc,0x0d,0xbc,0x8b,0xa3,0x6b,0x9b,0x2b,0x93,0xe9,0x8a,0xa9,0x7a,0x07,0x62,0xc6,0x41,0xc6,0x41,0xa7,0x39,
    0xa6,0x39,0xc7,0x41,0xe6,0x51,0x48,0x62,0xc9,0x7a,0xa9,0x72,0x48,0x6a,0x0b,0x7b,0x6b,0x93,0x0a,0x8b,0xc9,0x7a,0xa9,0x7a,
    0x88,0x72,0x89,0x72,0x88,0x72,0x68,0x72,0xa9,0x7a,0x89,0x72,0x88,0x72,0xa9,0x72,0x88,0x6a,0x27,0x62,0xe7,0x59,0x27,0x62,
    0x89,0x6a,0xc9,0x7a,0x68,0x6a,0x68,0x6a,0x47,0x62,0x07,0x5a,0x07,0x62,0x48,0x6a,0x48,0x62,0xea,0x82,0x2a,0x8b,0x8b,0xa3,
    0xed,0xab,0x2d,0xbc,0x2d,0xb4,0x4e,0xbc,0xed,0xb3,0xac,0xa3,0x8c,0xa3,0x2e,0xac,0xce,0x9b,0xeb,0x7a,0x2c,0x8b,0x6d,0x93,
    0x50,0xac,0xf3,0xbc,0xf2,0xc4,0xf2,0xc4,0x13,0xc5,0xd1,0xc4,0x90,0xbc,0xb1,0xc4,0xd1,0xbc,0x90,0xc4,0x90,0xc4,0x90,0xbc,
    0x70,0xc4,0x90,0xbc,0xb1,0xc4,0x4f,0xb4,0x2f,0xb4,0x70,0xb4,0x50,0xb4,0x71,0xbc,0x70,0xb4,0x50,0xb4,0x2f,0xac,0x51,0xb4,
    0x70,0xb4,0x0f,0xa4,0x70,0xb4,0x71,0xb4,0xb2,0xbc,0xb1,0xbc,0x71,0xb4,0x50,0xac,0x6e,0x8b,0xce,0x9b,0xcf,0x9b,0x0f,0xa4,
    0xef,0x9b,0x8d,0x8b,0x8d,0x8b,0xae,0x93,0xce,0x9b,0x8d,0x93,0x8d,0x93,0x8d,0x93,0x4c,0x8b,0x2c,0x83,0x0b,0x83,0x2c,0x83,
    0x8d,0x93,0x6c,0x8b,0xad,0x93,0x8d,0x93,0x0c,0x7b,0x2c,0x83,0x2c,0x7b,0x2c,0x83,0xcb,0x6a,0x49,0x5a,0x49,0x5a,0x08,0x4a,
    0xa7,0x39,0xc7,0x39,0xa6,0x31,0x2a,0x4a,0x12,0x8c,0x15,0xad,0x36,0xad,0x36,0xb5,0x31,0xa4,0x71,0xac,0x91,0xac,0x51,0xa4,
    0x71,0xac,0x91,0xb4,0xb2,0xb4,0x92,0xb4,0xb2,0xb4,0x91,0xb4,0x91,0xb4,0xb2,0xb4,0xb2,0xb4,0xb2,0xbc,0x91,0xbc,0xb2,0xbc,
    0x91,0xbc,0xb2,0xbc,0xb2,0xbc,0xb1,0xbc,0x91,0xb4,0x91,0xbc,0x92,0xbc,0xd2,0xbc,0xd2,0xc4,0xd2,0xc4,0xd2,0xc4,0xf2,0xc4,
    0xf2,0xcc,0xf2,0xc4,0xf2,0xcc,0xf2,0xcc,0xf2,0xc4,0xf2,0xc4,0xd2,0xc4,0xd2,0xc4,0xf2,0xc4,0xd1,0xbc,0xb2,0xbc,0xb2,0xbc,
    0x71,0xb4,0xb2,0xbc,0x6f,0xbc,0x8f,0xc4,0x4f,0xc4,0x4e,0xbc,0x2d,0xbc,0xec,0xb3,0xec,0xab,0x8b,0xa3,0x6b,0x9b,0x0a,0x8b,
    0x88,0x72,0x47,0x6a,0x27,0x62,0x07,0x5a,0x47,0x62,0x68,0x6a,0xe9,0x82,0x6b,0x93,0x8c,0x9b,0x4c,0x8b,0xea,0x82,0x89,0x72,
    0x2b,0x83,0xce,0xa3,0xcd,0x9b,0x6c,0x93,0x4b,0x93,0x2b,0x8b,0x2b,0x8b,0x2b,0x8b,0x4b,0x8b,0x4c,0x93,0x4b,0x8b,0xca,0x7a,
    0x48,0x6a,0x07,0x5a,0x07,0x5a,0x07,0x5a,0x48,0x6a,0x89,0x72,0xa9,0x72,0xa9,0x7a,0xea,0x7a,0x89,0x72,0x89,0x72,0x88,0x72,
    0x68,0x6a,0x09,0x8b,0x4a,0x93,0x4b,0x9b,0xab,0xa3,0xed,0xab,0xec,0xb3,0xcc,0xab,0x8b,0xa3,0x4a,0x93,0x4b,0x93,0x6c,0x93,
    0xeb,0x7a,0x6e,0x8b,0x31,0xac,0x30,0xa4,0x30,0xac,0xd2,0xbc,0x13,0xc5,0xf2,0xc4,0xf2,0xc4,0xb1,0xbc,0xb1,0xc4,0xb1,0xc4,
    0xb1,0xc4,0xb1,0xbc,0xb0,0xc4,0xb1,0xc4,0x90,0xbc,0x91,0xbc,0xb1,0xc4,0xb1,0xc4,0x50,0xb4,0x2f,0xb4,0x50,0xb4,0x2f,0xb4,
    0x0e,0xa4,0x91,0xbc,0x71,0xbc,0x91,0xbc,0x70,0xb4,0x71,0xb4,0x91,0xb4,0x30,0xac,0x30,0xac,0xb2,0xbc,0xb1,0xb4,0x50,0xac,
    0xae,0x93,0xef,0x9b,0xae,0x93,0xce,0x9b,0xee,0x9b,0x4d,0x8b,0x8e,0x93,0x6d,0x8b,0xae,0x93,0x8d,0x93,0x2c,0x83,0x8d,0x93,
    0x6d,0x93,0x4c,0x8b,0x4c,0x83,0x4c,0x8b,0xae,0x93,0x6d,0x93,0x6c,0x83,0x6d,0x8b,0xeb,0x72,0xeb,0x72,0xeb,0x7a,0x0b,0x73,
    0xaa,0x6a,0xaa,0x62,0x69,0x62,0xc7,0x41,0xc6,0x31,0xa7,0x39,0xc7,0x39,0xab,0x52,0x73,0x94,0x16,0xad,0x36,0xad,0x36,0xad,
    0x51,0xa4,0x30,0x9c,0x30,0xa4,0x71,0xac,0x92,0xb4,0x91,0xac,0x92,0xb4,0xb1,0xb4,0x91,0xb4,0x92,0xb4,0x92,0xb4,0x92,0xb4,
    0x91,0xb4,0xb2,0xbc,0x91,0xb4,0x91,0xb4,0xd2,0xbc,0xd2,0xbc,0xf3,0xc4,0xb2,0xbc,0xb2,0xbc,0x91,0xbc,0x91,0xbc,0xb1,0xc4,
    0xd2,0xc4,0xf2,0xc4,0xd2,0xc4,0xd1,0xc4,0xd1,0xc4,0x12,0xcd,0x13,0xcd,0xf2,0xc4,0xf2,0xcc,0x13,0xcd,0xf2,0xc4,0xd2,0xbc,
    0xd2,0xbc,0xd2,0xbc,0xd3,0xbc,0xb2,0xb4,0x51,0xb4,0xd3,0xbc,0xd1,0xbc,0x90,0xc4,0x8f,0xbc,0x4e,0xbc,0x2e,0xbc,0x4e,0xbc,
    0x0d,0xbc,0xcc,0xab,0x8b,0xa3,0x0a,0x93,0xa8,0x82,0xa9,0x82,0xc9,0x82,0xc9,0x7a,0xea,0x82,0x6b,0x9b,0xee,0xab,0xed,0xa3,
    0x6b,0x9b,0x6b,0x93,0x2a,0x8b,0xca,0x82,0xc9,0x7a,0x6c,0x8b,0x70,0xbc,0x4f,0xb4,0x0e,0xac,0xee,0xab,0x0e,0xac,0x0e,0xac,
    0xee,0xab,0xed,0xa3,0x6c,0x93,0xc9,0x7a,0x89,0x72,0x07,0x5a,0xe7,0x59,0x07,0x5a,0x27,0x62,0x48,0x6a,0x68,0x6a,0x89,0x72,
    0xea,0x82,0xea,0x7a,0x89,0x72,0x48,0x6a,0x68,0x72,0xe9,0x8a,0x4b,0x93,0x6b,0x9b,0x6b,0xa3,0xcb,0xab,0xac,0xa3,0x6b,0x9b,
    0x4b,0x9b,0x0a,0x8b,0x89,0x72,0x28,0x62,0x2c,0x8b,0xef,0xa3,0x50,0xac,0xb2,0xbc,0xb2,0xb4,0x13,0xc5,0x13,0xc5,0xf2,0xc4,
    0x12,0xcd,0xd2,0xc4,0xd2,0xc4,0xd1,0xbc,0xb1,0xc4,0x90,0xbc,0xb1,0xc4,0x91,0xc4,0x90,0xbc,0x70,0xbc,0x70,0xbc,0x70,0xbc,
    0x90,0xbc,0x71,0xbc,0x4f,0xb4,0x50,0xb4,0x50,0xbc,0x70,0xb4,0x91,0xbc,0x70,0xb4,0x91,0xbc,0x70,0xb4,0x71,0xb4,0x30,0xa4,
    0x70,0xac,0xb2,0xb4,0x91,0xbc,0x51,0xac,0xcf,0x9b,0x30,0xa4,0x50,0xac,0xcf,0xa3,0xef,0x9b,0xef,0xa3,0x6d,0x8b,0x8d,0x93,
    0xee,0xa3,0x6d,0x8b,0x2c,0x83,0x8d,0x93,0x8d,0x93,0x4c,0x83,0x2c,0x83,0x2c,0x83,0x6d,0x8b,0x8d,0x93,0xeb,0x7a,0xeb,0x72,
    0xea,0x72,0x0b,0x7b,0x0c,0x7b,0xcb,0x72,0xaa,0x62,0xcb,0x72,0x49,0x52,0xc7,0x41,0xa7,0x31,0xc8,0x39,0xe9,0x39,0x0d,0x63,
    0x94,0x94,0x36,0xad,0x36,0xb5,0x36,0xad,0x71,0xa4,0x51,0xac,0x92,0xac,0xb2,0xb4,0x92,0xb4,0xb2,0xb4,0x92,0xb4,0x92,0xb4,
    0x92,0xb4,0x91,0xac,0x92,0xb4,0x71,0xac,0x71,0xb4,0x92,0xb4,0x71,0xac,0xb2,0xbc,0xd3,0xbc,0xd2,0xbc,0xb2,0xbc,0xd2,0xbc,
    0xd2,0xc4,0xb1,0xbc,0x91,0xbc,0x91,0xbc,0xd2,0xbc,0xf2,0xc4,0xb1,0xc4,0xd2,0xc4,0xd2,0xc4,0xf2,0xcc,0xd1,0xc4,0xf2,0xcc,
    0x12,0xc5,0xf2,0xc4,0xd1,0xc4,0xd2,0xbc,0xb2,0xbc,0xd2,0xbc,0x71,0xb4,0x91,0xb4,0x71,0xb4,0x91,0xb4,0xb2,0xb4,0x71,0xbc,
    0x4f,0xbc,0x6f,0xbc,0x2e,0xbc,0x0d,0xb4,0xcc,0xab,0xab,0xab,0x8b,0xa3,0x6b,0x9b,0x2a,0x93,0xc9,0x82,0xea,0x82,0x2b,0x93,
    0x6b,0x93,0xad,0xa3,0xcd,0xa3,0xed,0xab,0xad,0xa3,0x6b,0x93,0xea,0x82,0xea,0x82,0xa9,0x72,0x0a,0x8b,0x0e,0xac,0x4f,0xb4,
    0x2e,0xbc,0xed,0xab,0xac,0xa3,0xcd,0xa3,0xac,0xa3,0xac,0x9b,0x6b,0x93,0xea,0x82,0x89,0x72,0x27,0x62,0xc6,0x49,0xe7,0x49,
    0xe6,0x51,0xe7,0x51,0x07,0x5a,0x47,0x6a,0x68,0x72,0x68,0x72,0x68,0x72,0x27,0x6a,0x27,0x6a,0x89,0x72,0xe9,0x8a,0x0a,0x93,
    0x2a,0x93,0x2a,0x93,0xe9,0x8a,0xc9,0x82,0x89,0x6a,0xe7,0x51,0xc7,0x51,0xcb,0x7a,0x72,0xb4,0xf3,0xbc,0x34,0xc5,0x14,0xc5,
    0xf3,0xbc,0x13,0xc5,0x34,0xcd,0x13,0xc5,0x13,0xc5,0x13,0xc5,0x13,0xc5,0x13,0xc5,0xf2,0xc4,0xb1,0xc4,0x90,0xbc,0x90,0xbc,
    0x70,0xbc,0x91,0xc4,0x90,0xbc,0x50,0xbc,0x91,0xbc,0x70,0xbc,0x50,0xb4,0x2f,0xac,0x50,0xb4,0x71,0xbc,0x70,0xb4,0x50,0xb4,
    0x50,0xb4,0x70,0xb4,0xef,0xa3,0x50,0xb4,0x50,0xb4,0x71,0xb4,0x50,0xac,0xee,0x9b,0x30,0xac,0x91,0xac,0x30,0xac,0xef,0xa3,
    0xad,0x93,0xce,0x9b,0x8d,0x93,0x8e,0x93,0xee,0x9b,0xae,0x9b,0x6c,0x8b,0x6d,0x8b,0xad,0x93,0x6d,0x8b,0x4c,0x8b,0x0b,0x7b,
    0x4c,0x83,0x8d,0x93,0x2b,0x7b,0x8a,0x6a,0xaa,0x6a,0x0b,0x7b,0x2c,0x7b,0xaa,0x6a,0xaa,0x6a,0xaa,0x6a,0x29,0x52,0xc7,0x39,
    0xc6,0x39,0xa7,0x39,0x09,0x42,0x0d,0x63,0x73,0x94,0xf6,0xac,0x56,0xad,0x36,0xb5,0x51,0xa4,0x72,0xac,0x92,0xac,0xb2,0xb4,
    0xb2,0xac,0xb1,0xb4,0xb2,0xb4,0xb1,0xb4,0x92,0xb4,0x91,0xb4,0x71,0xac,0x71,0xac,0x91,0xac,0x91,0xb4,0x72,0xb4,0xb1,0xbc,
    0xb2,0xbc,0xb2,0xbc,0x91,0xb4,0x91,0xbc,0xb1,0xbc,0xd2,0xc4,0x91,0xb4,0x91,0xbc,0xd2,0xc4,0xd2,0xc4,0xf2,0xc4,0xf2,0xc4,
    0xf2,0xc4,0xf2,0xcc,0xf2,0xc4,0xf2,0xcc,0xf2,0xc4,0x12,0xcd,0xb2,0xbc,0xb2,0xbc,0xd2,0xbc,0xd3,0xbc,0xb2,0xb4,0x71,0xb4,
    0x72,0xb4,0x51,0xac,0x51,0xac,0x91,0xb4,0x70,0xb4,0x2e,0xb4,0xcd,0xab,0xcd,0xab,0xcc,0xab,0xed,0xb3,0xcc,0xab,0x6b,0x9b,
    0x09,0x8b,0xa8,0x82,0xc9,0x82,0x0a,0x8b,0x6b,0x9b,0xed,0xab,0xcd,0xab,0x8c,0x9b,0x6b,0x9b,0x4b,0x93,0xca,0x82,0xc9,0x7a,
    0x89,0x7a,0x2a,0x8b,0xed,0xab,0x0e,0xb4,0x2d,0xac,0xed,0xab,0xab,0xa3,0x8b,0xa3,0x6b,0x9b,0x0a,0x8b,0x0a,0x93,0xc9,0x7a,
    0x68,0x6a,0x47,0x6a,0xe7,0x51,0xc7,0x41,0xc7,0x49,0xe6,0x51,0xc7,0x49,0xc7,0x49,0x07,0x5a,0x07,0x5a,0x28,0x62,0x07,0x52,
    0xe7,0x51,0xe7,0x49,0xe7,0x51,0x07,0x52,0x07,0x4a,0xe7,0x51,0xc7,0x41,0xc6,0x39,0xc7,0x49,0x48,0x62,0xae,0x9b,0x50,0xac,
    0xb2,0xbc,0xf3,0xc4,0x13,0xc5,0x33,0xcd,0x34,0xc5,0x12,0xcd,0x33,0xc5,0x13,0xcd,0x13,0xc5,0xf2,0xc4,0xf2,0xc4,0x13,0xcd,
    0xf2,0xc4,0xf2,0xc4,0xd2,0xc4,0x90,0xc4,0x90,0xbc,0x90,0xbc,0xf2,0xcc,0xb1,0xbc,0x70,0xbc,0x70,0xb4,0x4f,0xb4,0x2f,0xac,
    0x50,0xb4,0x70,0xb4,0x70,0xb4,0x50,0xb4,0x50,0xb4,0x91,0xb4,0x50,0xb4,0x50,0xac,0x70,0xb4,0x50,0xac,0x2f,0xac,0x0f,0xac,
    0x71,0xac,0x2f,0xa4,0x2f,0xac,0x0f,0xac,0xae,0x93,0x8e,0x93,0xae,0x93,0xad,0x93,0xae,0x9b,0xee,0xa3,0x8d,0x93,0x2c,0x83,
    0x6c,0x8b,0x6d,0x93,0x8d,0x93,0x6d,0x8b,0x6d,0x8b,0x6c,0x8b,0x4c,0x8b,0x8a,0x6a,0x8a,0x62,0xeb,0x72,0xcb,0x72,0xcb,0x6a,
    0xeb,0x6a,0x8a,0x62,0x09,0x4a,0xc7,0x41,0xc7,0x31,0xa6,0x39,0xc8,0x39,0xab,0x52,0x12,0x84,0xf5,0xa4,0x36,0xad,0x36,0xb5,
    0x30,0xa4,0x30,0xa4,0x51,0xa4,0xb2,0xb4,0x71,0xac,0xb2,0xb4,0xb2,0xb4,0xb2,0xb4,0x92,0xb4,0x71,0xac,0x71,0xac,0x92,0xb4,
    0x91,0xb4,0x51,0xac,0x91,0xb4,0xd2,0xbc,0x91,0xb4,0x71,0xb4,0x70,0xb4,0x91,0xbc,0xb1,0xbc,0xb2,0xbc,0xb1,0xc4,0xb1,0xbc,
    0xd2,0xc4,0xf2,0xc4,0xf3,0xcc,0xd1,0xc4,0xb1,0xc4,0xf2,0xcc,0x12,0xcd,0xf3,0xc4,0x13,0xcd,0x13,0xc5,0xb2,0xbc,0xb2,0xb4,
    0xb2,0xb4,0x92,0xb4,0x92,0xb4,0x72,0xb4,0x92,0xb4,0x71,0xb4,0x71,0xb4,0xef,0xa3,0xce,0xa3,0xce,0xa3,0x8c,0xa3,0xac,0xa3,
    0xcd,0xab,0xac,0xa3,0xac,0xa3,0x4a,0x9b,0xe9,0x8a,0x88,0x7a,0x88,0x72,0x88,0x72,0x2b,0x93,0x8c,0x9b,0x4a,0x93,0x2b,0x93,
    0x4b,0x93,0x2b,0x8b,0xe9,0x82,0xa9,0x7a,0xea,0x82,0xc9,0x7a,0x6c,0x93,0xed,0xab,0x2e,0xb4,0xac,0xab,0x6b,0x9b,0x8b,0x9b,
    0x4b,0x9b,0x0a,0x8b,0x2b,0x93,0xc9,0x82,0x48,0x72,0x27,0x62,0x07,0x5a,0xc6,0x49,0xc7,0x41,0xc7,0x41,0xc6,0x41,0xc7,0x41,
    0xc6,0x41,0xe7,0x51,0xc6,0x49,0xc7,0x41,0xa6,0x39,0xc6,0x41,0xc7,0x39,0xa6,0x39,0xc7,0x41,0xc6,0x41,0xc7,0x49,0x48,0x6a,
    0x6d,0x93,0x0f,0xac,0x13,0xbd,0xf4,0xc4,0x34,0xc5,0x54,0xcd,0x34,0xc5,0x95,0xcd,0x75,0xcd,0x34,0xcd,0x13,0xc5,0x13,0xc5,
    0x13,0xc5,0x13,0xc5,0xd2,0xc4,0xf2,0xc4,0xd2,0xc4,0xd1,0xc4,0xd1,0xc4,0xb1,0xc4,0x90,0xc4,0xb1,0xc4,0xb0,0xbc,0x91,0xc4,
    0x90,0xbc,0x70,0xbc,0x2f,0xb4,0x30,0xb4,0x2f,0xac,0x2f,0xb4,0x2f,0xb4,0x91,0xbc,0x71,0xb4,0x0f,0xac,0x30,0xac,0x70,0xb4,
    0x71,0xb4,0x50,0xb4,0x50,0xac,0x0f,0xac,0xce,0x9b,0xef,0xa3,0x50,0xac,0xef,0xa3,0x8d,0x93,0x8d,0x8b,0x6d,0x8b,0xae,0x9b,
    0xce,0x9b,0xef,0xa3,0x8d,0x93,0x0b,0x83,0x4c,0x83,0x4c,0x8b,0x2c,0x83,0x6d,0x8b,0x6d,0x8b,0x4d,0x8b,0x6c,0x8b,0xaa,0x6a,
    0xaa,0x62,0xeb,0x72,0xcb,0x6a,0x4d,0x7b,0x2c,0x83,0x49,0x5a,0xc7,0x39,0xa6,0x39,0xc7,0x39,0xc7,0x39,0xa6,0x31,0x4a,0x4a,
    0x11,0x8c,0xf5,0xac,0x16,0xad,0x36,0xad,0x72,0xac,0x51,0xa4,0x71,0xa4,0x92,0xb4,0x92,0xac,0x91,0xb4,0x92,0xac,0x71,0xb4,
    0x71,0xac,0xb2,0xb4,0x92,0xb4,0xb2,0xbc,0x92,0xb4,0x71,0xb4,0x92,0xbc,0xb1,0xbc,0x92,0xbc,0x90,0xb4,0x91,0xb4,0x91,0xb4,
    0xb1,0xbc,0xb2,0xbc,0xd2,0xbc,0xb1,0xc4,0xd2,0xc4,0xf2,0xc4,0x12,0xcd,0xd2,0xc4,0xd1,0xc4,0x13,0xcd,0xf2,0xc4,0xf2,0xc4,
    0xf2,0xc4,0xd2,0xc4,0xd2,0xbc,0x91,0xb4,0x92,0xbc,0xb2,0xb4,0x92,0xb4,0x92,0xb4,0x72,0xac,0x92,0xb4,0x51,0xb4,0x51,0xb4,
    0xf0,0xa3,0x4c,0x93,0xca,0x7a,0x88,0x7a,0xca,0x82,0x88,0x72,0x69,0x72,0x68,0x6a,0x27,0x6a,0x48,0x6a,0x27,0x6a,0x89,0x7a,
    0x0a,0x8b,0x2b,0x8b,0xea,0x8a,0x2b,0x8b,0x88,0x72,0xc9,0x82,0xea,0x82,0xc9,0x7a,0xa9,0x7a,0xea,0x82,0x4c,0x93,0xcd,0xab,
    0x0e,0xb4,0xcc,0xab,0xac,0xa3,0xac,0xa3,0x2b,0x93,0x2a,0x93,0x4b,0x8b,0x2b,0x8b,0xe9,0x82,0xa9,0x72,0x27,0x62,0xe7,0x49,
    0xe6,0x49,0xc7,0x41,0xc7,0x39,0xc6,0x41,0xa7,0x39,0xc7,0x41,0xe6,0x59,0xe7,0x51,0x07,0x5a,0xe7,0x59,0xe6,0x51,0x07,0x62,
    0x06,0x62,0x48,0x6a,0x0b,0x8b,0x0f,0xac,0xb1,0xb4,0x55,0xc5,0x34,0xc5,0x75,0xcd,0x75,0xcd,0x75,0xcd,0x75,0xcd,0x75,0xcd,
    0x96,0xcd,0x95,0xcd,0x55,0xcd,0x75,0xcd,0x74,0xcd,0x13,0xc5,0x13,0xc5,0xf2,0xc4,0xd1,0xc4,0xd2,0xc4,0xd1,0xc4,0xb1,0xc4,
    0x70,0xb4,0x70,0xbc,0xb0,0xc4,0xb1,0xc4,0x90,0xbc,0x70,0xbc,0x50,0xb4,0x2f,0xac,0x50,0xb4,0x70,0xb4,0x0f,0xac,0x2f,0xac,
    0x50,0xb4,0xee,0xab,0x0f,0xa4,0x30,0xb4,0x70,0xb4,0x91,0xbc,0x70,0xb4,0x2f,0xac,0xce,0x9b,0xae,0x9b,0xae,0x93,0xae,0x93,
    0xef,0xa3,0xce,0x9b,0x6e,0x8b,0x8d,0x8b,0xad,0x93,0xce,0x9b,0x8d,0x93,0x2c,0x83,0x4c,0x8b,0x4c,0x8b,0xeb,0x7a,0x0b,0x7b,
    0x4c,0x8b,0x8d,0x8b,0x4c,0x8b,0xcb,0x6a,0xeb,0x72,0xcb,0x72,0xaa,0x6a,0x0c,0x73,0x0c,0x7b,0x08,0x52,0xc6,0x39,0xa7,0x39,
    0xc7,0x31,0xc7,0x39,0xa6,0x31,0x6a,0x52,0x33,0x8c,0xf5,0xac,0x36,0xad,0x56,0xb5,0x30,0xa4,0x51,0xa4,0x92,0xac,0x92,0xac,
    0x91,0xb4,0xd2,0xb4,0xb2,0xb4,0x92,0xb4,0x91,0xb4,0xb2,0xb4,0x71,0xb4,0xb2,0xb4,0x70,0xac,0x51,0xac,0x91,0xb4,0xb2,0xbc,
    0xb2,0xb4,0x71,0xb4,0x70,0xb4,0x91,0xbc,0xb2,0xbc,0xb1,0xbc,0x91,0xbc,0xb1,0xbc,0xb2,0xbc,0xb2,0xc4,0xf2,0xc4,0xf2,0xcc,
    0xf2,0xc4,0xf3,0xcc,0xf2,0xc4,0xd2,0xc4,0xf2,0xc4,0xd2,0xbc,0xd2,0xbc,0xd3,0xbc,0xb3,0xb4,0xd2,0xbc,0xd3,0xb4,0x92,0xac,
    0x72,0xac,0x92,0xbc,0xb2,0xbc,0xb3,0xbc,0xd2,0xbc,0xcf,0xa3,0x4c,0x93,0xeb,0x82,0x0b,0x83,0xea,0x82,0xa9,0x7a,0x48,0x72,
    0xca,0x7a,0x89,0x7a,0xa8,0x72,0xca,0x82,0x2b,0x93,0x4b,0x93,0x89,0x72,0x89,0x72,0xc9,0x72,0x2b,0x83,0xea,0x82,0xea,0x82,
    0xa9,0x7a,0xea,0x7a,0x6c,0x93,0xac,0xa3,0xad,0xa3,0x8c,0x9b,0xee,0xab,0xcd,0xab,0x6c,0x93,0x4c,0x93,0x4b,0x93,0x2b,0x8b,
    0xaa,0x7a,0xa9,0x72,0x89,0x72,0x07,0x5a,0xe7,0x49,0xc6,0x49,0xc7,0x49,0xc7,0x31,0xc6,0x41,0xc7,0x41,0xe7,0x51,0x06,0x5a,
    0x07,0x5a,0x06,0x5a,0x07,0x62,0x68,0x72,0xca,0x82,0x6c,0x93,0x50,0xb4,0xf2,0xbc,0xf3,0xc4,0x55,0xcd,0xb6,0xcd,0xf7,0xd5,
    0xd7,0xd5,0xb6,0xcd,0x96,0xd5,0xb6,0xcd,0xb6,0xd5,0xb6,0xd5,0xb6,0xd5,0x95,0xcd,0x75,0xcd,0x34,0xcd,0x54,0xc5,0x34,0xc5,
    0xf2,0xc4,0x13,0xc5,0xf2,0xc4,0xd1,0xc4,0x70,0xbc,0x90,0xbc,0x70,0xbc,0x70,0xbc,0xb1,0xbc,0x70,0xb4,0x50,0xb4,0x4f,0xb4,
    0x50,0xb4,0x50,0xbc,0x2f,0xac,0x0f,0xac,0x50,0xb4,0xee,0xa3,0x0f,0xa4,0x0f,0xac,0x0f,0xac,0x50,0xb4,0x71,0xb4,0x50,0xb4,
    0x10,0xac,0xce,0x9b,0xef,0xa3,0x8d,0x93,0xae,0x93,0xce,0x9b,0xce,0x9b,0xae,0x9b,0xad,0x93,0x8d,0x93,0x4c,0x8b,0x6d,0x8b,
    0x6d,0x93,0x4c,0x83,0x0c,0x83,0x4c,0x83,0x4c,0x8b,0x6d,0x8b,0x0b,0x7b,0xeb,0x72,0x0c,0x7b,0xca,0x62,0xcc,0x6a,0x2c,0x73,
    0xaa,0x6a,0xe7,0x49,0xa7,0x39,0xc7,0x39,0xa6,0x39,0xc7,0x39,0xa7,0x31,0xab,0x5a,0x94,0x9c,0x16,0xad,0x36,0xad,0x36,0xb5,
    0x51,0xa4,0x71,0xac,0x92,0xac,0x91,0xac,0x92,0xac,0xb2,0xb4,0x92,0xb4,0x91,0xac,0x92,0xb4,0x92,0xac,0x92,0xb4,0x91,0xb4,
    0x91,0xb4,0x71,0xac,0x71,0xb4,0x91,0xbc,0x91,0xbc,0x91,0xb4,0x91,0xbc,0x91,0xbc,0x92,0xb4,0x91,0xbc,0x71,0xb4,0x91,0xbc,
    0xb1,0xbc,0xb1,0xbc,0xb1,0xc4,0xd2,0xc4,0xd2,0xc4,0xb1,0xbc,0xd2,0xc4,0xf2,0xc4,0xd2,0xbc,0xd3,0xbc,0xd3,0xbc,0xf3,0xbc,
    0xd3,0xbc,0xb3,0xb4,0xd3,0xbc,0xb3,0xb4,0xb2,0xb4,0xd3,0xbc,0xd3,0xc4,0xd2,0xbc,0xd2,0xc4,0xb2,0xbc,0x51,0xb4,0x50,0xb4,
    0xce,0xab,0x6d,0x9b,0x6c,0x9b,0x4c,0x93,0x4b,0x9b,0xcd,0xa3,0x8c,0xa3,0x6c,0x93,0x2b,0x8b,0xea,0x7a,0xaa,0x72,0xa9,0x6a,
    0xa9,0x72,0xea,0x7a,0x0b,0x83,0xca,0x72,0xca,0x72,0x2b,0x8b,0x8d,0x9b,0x6c,0x93,0xad,0xa3,0xad,0x9b,0x6c,0x9b,0x8d,0x9b,
    0x8c,0x9b,0x6c,0x93,0x6c,0x93,0x6c,0x93,0xa9,0x72,0xa9,0x72,0x28,0x5a,0x28,0x5a,0x48,0x62,0xe7,0x49,0xc7,0x41,0xa6,0x39,
    0xc7,0x39,0xc7,0x41,0xc6,0x41,0xc7,0x41,0xe7,0x59,0x28,0x62,0x89,0x72,0x0a,0x7b,0x6d,0x93,0x2f,0xac,0xd2,0xbc,0x75,0xc5,
    0x54,0xc5,0x75,0xc5,0xf7,0xd5,0xf7,0xd5,0xd7,0xd5,0xb7,0xcd,0xd6,0xd5,0xb6,0xd5,0xd6,0xd5,0xb6,0xcd,0x95,0xcd,0x75,0xcd,
    0x54,0xcd,0x54,0xc5,0x55,0xcd,0x13,0xc5,0xf2,0xc4,0xf3,0xc4,0x33,0xcd,0x13,0xc5,0xb1,0xc4,0xb1,0xbc,0x90,0xbc,0x70,0xb4,
    0x70,0xbc,0x70,0xb4,0x0f,0xac,0x70,0xb4,0x71,0xb4,0x70,0xb4,0x2f,0xac,0x51,0xb4,0x2f,0xac,0x30,0xb4,0xee,0xa3,0x30,0xac,
    0x30,0xac,0x0f,0xac,0x50,0xb4,0x50,0xac,0x2f,0xac,0x50,0xac,0x30,0xac,0x0f,0xa4,0x0f,0xa4,0x8e,0x93,0x8d,0x93,0x6d,0x8b,
    0x8e,0x93,0x0b,0x7b,0xcb,0x72,0x6c,0x8b,0xad,0x9b,0x0b,0x7b,0xeb,0x7a,0x4c,0x83,0x2c,0x83,0x4d,0x8b,0x2c,0x7b,0xeb,0x7a,
    0xca,0x6a,0xaa,0x6a,0x4d,0x7b,0x8e,0x8b,0x8a,0x6a,0xc7,0x41,0xc7,0x31,0xc7,0x39,0xa7,0x39,0xc7,0x31,0xa7,0x39,0x2e,0x6b,
    0xd4,0xa4,0x36,0xb5,0x56,0xad,0x36,0xb5,0x71,0xac,0x92,0xac,0x92,0xac,0x71,0xac,0x51,0xac,0x71,0xac,0xb2,0xb4,0xb2,0xb4,
    0x92,0xb4,0x92,0xb4,0xb2,0xb4,0xb2,0xb4,0x91,0xb4,0x91,0xb4,0x92,0xb4,0x91,0xb4,0xb2,0xbc,0xb2,0xbc,0x91,0xb4,0x91,0xbc,
    0x71,0xb4,0x91,0xb4,0x91,0xbc,0x91,0xb4,0x91,0xbc,0xd2,0xc4,0xd1,0xc4,0xd2,0xc4,0xd2,0xc4,0xd1,0xc4,0xf3,0xc4,0xd2,0xbc,
    0xf2,0xc4,0xf3,0xc4,0xd2,0xbc,0xd3,0xbc,0xb3,0xb4,0xf4,0xbc,0xd3,0xbc,0xf4,0xbc,0xf3,0xc4,0x14,0xc5,0xf3,0xc4,0xd3,0xc4,
    0x14,0xc5,0xf3,0xc4,0xd2,0xc4,0x91,0xbc,0x70,0xbc,0x30,0xb4,0xce,0xa3,0xcd,0xab,0xad,0xa3,0x0f,0xac,0xad,0x9b,0x4c,0x8b,
    0xea,0x7a,0x48,0x5a,0x68,0x62,0x89,0x6a,0x69,0x62,0x89,0x6a,0xaa,0x6a,0xaa,0x72,0xaa,0x72,0x6c,0x8b,0x6d,0x93,0x6d,0x93,
    0x2c,0x83,0x2b,0x8b,0x6d,0x93,0x4c,0x8b,0x6c,0x93,0x4c,0x8b,0x4c,0x8b,0x2c,0x8b,0x2b,0x83,0x8a,0x72,0x48,0x5a,0x28,0x5a,
    0x49,0x62,0x28,0x5a,0xe7,0x49,0xe7,0x41,0xc7,0x41,0xc7,0x41,0xe7,0x41,0xa7,0x39,0x07,0x4a,0x89,0x6a,0xaa,0x6a,0x4d,0x8b,
    0x2f,0xa4,0x71,0xac,0x34,0xc5,0xb6,0xcd,0x75,0xcd,0x75,0xcd,0xb6,0xd5,0x54,0xc5,0x96,0xcd,0xd6,0xcd,0xb7,0xcd,0x76,0xc5,
    0x75,0xcd,0xb6,0xd5,0x96,0xcd,0x95,0xd5,0x34,0xc5,0x54,0xcd,0x54,0xcd,0x33,0xc5,0x34,0xc5,0x12,0xc5,0xf3,0xcc,0xf2,0xc4,
    0xd2,0xc4,0xd2,0xc4,0x90,0xbc,0x30,0xb4,0x2f,0xac,0x0f,0xac,0x2f,0xb4,0x70,0xb4,0x50,0xb4,0x50,0xb4,0x2f,0xac,0x0f,0xac,
    0xce,0x9b,0x8d,0x9b,0xad,0x9b,0x0f,0xa4,0x50,0xb4,0x0f,0xac,0x30,0xac,0x70,0xb4,0x92,0xbc,0x50,0xac,0x0f,0xa4,0x0f,0xac,
    0x0f,0xac,0xef,0xa3,0xad,0x93,0xce,0x9b,0xce,0x9b,0x4c,0x8b,0x8a,0x6a,0xeb,0x7a,0x6d,0x8b,0xeb,0x7a,0x0b,0x7b,0x8e,0x93,
    0x2b,0x7b,0x2c,0x83,0x2b,0x83,0xeb,0x72,0x8a,0x62,0xaa,0x6a,0x0c,0x73,0x6d,0x83,0xa9,0x6a,0xc7,0x41,0xa6,0x31,0xe8,0x41,
    0xc8,0x39,0xa6,0x39,0xe8,0x39,0xb0,0x7b,0xf6,0xac,0x56,0xb5,0x36,0xad,0x56,0xb5,0x51,0xa4,0x72,0xac,0x91,0xac,0x51,0xa4,
    0x71,0xac,0xb2,0xb4,0xd3,0xbc,0xb2,0xb4,0x92,0xb4,0x91,0xac,0x91,0xb4,0x92,0xbc,0x91,0xb4,0xd2,0xbc,0x71,0xb4,0x92,0xb4,
    0xb2,0xbc,0x91,0xb4,0x70,0xb4,0x91,0xbc,0xb2,0xbc,0x91,0xb4,0xb1,0xbc,0xb2,0xbc,0xb2,0xc4,0xd2,0xbc,0xd2,0xc4,0xd2,0xc4,
    0xb1,0xbc,0xd2,0xbc,0xf2,0xc4,0xd2,0xc4,0xf3,0xc4,0xf3,0xc4,0x13,0xc5,0xf4,0xbc,0xd3,0xb4,0xf3,0xbc,0x13,0xbd,0x14,0xc5,
    0x14,0xc5,0x13,0xc5,0xf4,0xc4,0x13,0xc5,0x34,0xcd,0xd2,0xc4,0xd2,0xc4,0xd3,0xbc,0x91,0xbc,0x91,0xbc,0x50,0xb4,0x0f,0xac,
    0x2f,0xac,0x50,0xb4,0x2c,0x8b,0x69,0x62,0x48,0x5a,0x69,0x5a,0x69,0x62,0xaa,0x6a,0x69,0x62,0x48,0x62,0x69,0x62,0x89,0x72,
    0xaa,0x6a,0x0b,0x7b,0xad,0x93,0x8d,0x93,0x2c,0x83,0x4c,0x83,0x4b,0x8b,0x2c,0x83,0x2b,0x8b,0x6d,0x93,0xca,0x72,0x89,0x6a,
    0x8a,0x6a,0x0b,0x7b,0x8a,0x6a,0x07,0x52,0x08,0x4a,0x28,0x5a,0x28,0x52,0xe8,0x51,0xe7,0x49,0xe7,0x49,0xe7,0x49,0xe7,0x49,
    0xe7,0x41,0xe8,0x41,0x89,0x62,0xce,0x8b,0x31,0xa4,0xb2,0xb4,0xd3,0xb4,0x34,0xc5,0x96,0xcd,0xd7,0xcd,0x54,0xc5,0x96,0xcd,
    0x75,0xc5,0x14,0xbd,0x55,0xc5,0x14,0xbd,0x35,0xc5,0x55,0xc5,0x34,0xc5,0x13,0xc5,0x34,0xcd,0x13,0xc5,0x13,0xc5,0x13,0xc5,
    0xf2,0xc4,0x13,0xc5,0xf2,0xc4,0xd2,0xc4,0xd2,0xbc,0x91,0xbc,0x91,0xbc,0x90,0xb4,0x91,0xbc,0x4f,0xb4,0x50,0xac,0x4f,0xb4,
    0x0f,0xac,0xee,0xa3,0x50,0xb4,0x2f,0xac,0xad,0x9b,0x8d,0x9b,0x0f,0xac,0x50,0xb4,0x2f,0xac,0x2f,0xac,0x2f,0xac,0x30,0xac,
    0x50,0xb4,0x4f,0xb4,0x50,0xac,0x0f,0xac,0x0e,0xa4,0xce,0x9b,0xef,0xa3,0xcf,0x9b,0x8d,0x93,0x8e,0x93,0x4c,0x8b,0x0c,0x7b,
    0x4c,0x8b,0x0c,0x7b,0x0b,0x83,0xad,0x93,0x2c,0x83,0x0b,0x7b,0x0c,0x7b,0xeb,0x7a,0x8a,0x62,0x8a,0x62,0xeb,0x72,0x4c,0x83,
    0xaa,0x6a,0xc7,0x39,0xa7,0x39,0xe8,0x41,0xc8,0x41,0xa6,0x31,0x4a,0x4a,0x32,0x8c,0x16,0xad,0x56,0xb5,0x37,0xb5,0x56,0xad,
    0x51,0xa4,0x71,0xa4,0x51,0xa4,0x30,0x9c,0x92,0xb4,0xd2,0xb4,0xb2,0xbc,0xb2,0xac,0x70,0xac,0x71,0xb4,0x71,0xb4,0x91,0xb4,
    0x92,0xbc,0xb2,0xbc,0x71,0xb4,0x91,0xb4,0xb2,0xbc,0x91,0xbc,0x91,0xb4,0x92,0xbc,0x91,0xb4,0x91,0xbc,0x91,0xb4,0xb1,0xbc,
    0xb1,0xbc,0xd2,0xc4,0xd2,0xc4,0xd2,0xc4,0xd2,0xbc,0xf3,0xc4,0xf2,0xc4,0xf3,0xc4,0xf3,0xc4,0xf2,0xc4,0x13,0xbd,0x14,0xc5,
    0xf3,0xc4,0x14,0xc5,0x34,0xc5,0x54,0xc5,0xf4,0xc4,0xf3,0xbc,0x14,0xc5,0x34,0xc5,0xf3,0xc4,0xf3,0xc4,0xd2,0xbc,0xd3,0xc4,
    0xd2,0xc4,0xd3,0xbc,0x71,0xb4,0x70,0xb4,0x50,0xb4,0x6d,0x8b,0x89,0x6a,0xca,0x72,0xcb,0x72,0x69,0x62,0x28,0x52,0x08,0x52,
    0x49,0x5a,0x49,0x5a,0x49,0x5a,0x28,0x52,0xaa,0x6a,0x0c,0x83,0xeb,0x7a,0xeb,0x72,0xca,0x72,0xeb,0x7a,0x4c,0x83,0xca,0x72,
    0x2c,0x83,0x6c,0x8b,0xeb,0x7a,0x69,0x62,0x28,0x52,0xaa,0x6a,0x49,0x5a,0x08,0x52,0x07,0x52,0x08,0x52,0xe7,0x49,0xe7,0x41,
    0xe8,0x49,0x08,0x4a,0xe8,0x49,0x49,0x5a,0x49,0x5a,0x08,0x4a,0xe8,0x41,0x2d,0x7b,0x51,0xa4,0xd3,0xb4,0xf3,0xb4,0xf4,0xbc,
    0x54,0xc5,0x34,0xc5,0xf3,0xb4,0x96,0xcd,0x75,0xc5,0xd4,0xb4,0xf4,0xb4,0x34,0xbd,0x35,0xbd,0xf3,0xbc,0x34,0xc5,0x34,0xc5,
    0x34,0xc5,0x14,0xc5,0x13,0xc5,0x34,0xcd,0xf3,0xc4,0xf2,0xc4,0x13,0xc5,0xd2,0xc4,0xb1,0xbc,0xd1,0xbc,0x71,0xbc,0x50,0xb4,
    0x2f,0xb4,0x50,0xb4,0x50,0xb4,0x71,0xb4,0x2f,0xac,0xee,0xa3,0xef,0xa3,0xef,0xa3,0xef,0xab,0xee,0xa3,0x0f,0xa4,0x0f,0xa4,
    0xce,0xa3,0x30,0xac,0xee,0x9b,0x0f,0xa4,0x2f,0xac,0x0f,0xa4,0x30,0xac,0x50,0xb4,0xce,0x9b,0x8d,0x93,0xce,0x9b,0x8d,0x93,
    0x4c,0x8b,0x8d,0x8b,0x6d,0x8b,0x4c,0x83,0x6d,0x8b,0xeb,0x72,0x2c,0x83,0x4c,0x8b,0x0c,0x7b,0xeb,0x7a,0xeb,0x72,0x2c,0x83,
    0x8a,0x62,0x89,0x62,0xaa,0x6a,0xcb,0x72,0x69,0x5a,0xc7,0x41,0xc7,0x31,0xc7,0x39,0xc6,0x39,0xc7,0x31,0xcd,0x5a,0x73,0x9c,
    0x16,0xad,0x36,0xad,0x36,0xb5,0x36,0xb5,0x51,0xa4,0x72,0xac,0x51,0xa4,0x30,0xa4,0x92,0xac,0xd3,0xb4,0xd2,0xbc,0xb2,0xb4,
    0x51,0xac,0x71,0xac,0x71,0xac,0xb2,0xbc,0xd2,0xbc,0xb2,0xbc,0xb2,0xbc,0x91,0xb4,0xb2,0xbc,0x91,0xb4,0xb2,0xbc,0x91,0xb4,
    0x71,0xb4,0x91,0xb4,0x91,0xbc,0xb2,0xbc,0x91,0xbc,0xb1,0xbc,0xd2,0xc4,0xb2,0xbc,0xf2,0xc4,0xf3,0xc4,0xf3,0xc4,0xf2,0xbc,
    0x13,0xc5,0xf3,0xc4,0xf3,0xbc,0x13,0xc5,0x34,0xc5,0x54,0xc5,0x55,0xcd,0x13,0xc5,0x13,0xc5,0x14,0xc5,0xf3,0xc4,0xf4,0xc4,
    0x13,0xc5,0xd3,0xbc,0xd2,0xbc,0xb2,0xbc,0xb2,0xb4,0x51,0xac,0x51,0xac,0x8d,0x8b,0x4d,0x83,0x2c,0x7b,0x2c,0x7b,0xeb,0x7a,
    0x89,0x62,0x8a,0x62,0x28,0x52,0x49,0x5a,0x8a,0x62,0x28,0x5a,0x29,0x52,0x28,0x5a,0xaa,0x6a,0x8a,0x62,0x28,0x52,0x48,0x5a,
    0xab,0x72,0xaa,0x6a,0x8a,0x6a,0x0b,0x7b,0xec,0x7a,0x69,0x5a,0xaa,0x6a,0x69,0x62,0x28,0x52,0x49,0x5a,0xaa,0x72,0x8a,0x62,
    0x28,0x5a,0xe8,0x49,0xc7,0x41,0xc7,0x41,0x49,0x52,0x28,0x52,0xe8,0x49,0x08,0x4a,0x49,0x52,0x49,0x52,0xab,0x62,0x2d,0x73,
    0xcf,0x8b,0xef,0x93,0xf3,0xac,0xb3,0xac,0x14,0xbd,0x14,0xc5,0x14,0xbd,0x55,0xbd,0x96,0xc5,0x15,0xb5,0xd4,0xac,0xd4,0xb4,
    0xf4,0xb4,0x35,0xbd,0x55,0xc5,0x75,0xc5,0x34,0xc5,0x34,0xc5,0xf3,0xc4,0xf2,0xbc,0x13,0xc5,0x34,0xc5,0x54,0xcd,0x13,0xc5,
    0xd2,0xc4,0xf3,0xc4,0x70,0xb4,0xee,0xab,0x30,0xac,0x50,0xb4,0x4f,0xb4,0x50,0xac,0x2f,0xac,0xcf,0xa3,0xee,0xa3,0xef,0xa3,
    0x2f,0xac,0x0f,0xa4,0xce,0xa3,0xad,0x9b,0xef,0xa3,0x0f,0xa4,0xce,0xa3,0x0f,0xac,0x0f,0xac,0xce,0x9b,0x0f,0xa4,0x2f,0xac,
    0xce,0x9b,0x6c,0x8b,0x8e,0x93,0xae,0x9b,0xce,0x9b,0xae,0x93,0x6d,0x8b,0x0b,0x7b,0x4d,0x8b,0x4c,0x83,0x4c,0x83,0x2c,0x83,
    0xca,0x72,0xeb,0x6a,0x0c,0x7b,0x0b,0x7b,0x69,0x62,0xaa,0x6a,0x49,0x5a,0x69,0x5a,0x49,0x62,0xc7,0x39,0xa6,0x39,0xa7,0x39,
    0xa7,0x31,0x09,0x42,0x6f,0x73,0x93,0x9c,0xf5,0xa4,0xf5,0xac,0x36,0xad,0x36,0xb5,0x51,0xa4,0x71,0xa4,0x31,0x9c,0x30,0xa4,
    0x71,0xac,0xb2,0xb4,0xb2,0xb4,0x92,0xb4,0x71,0xac,0x71,0xb4,0x91,0xb4,0xb2,0xbc,0xd2,0xbc,0x91,0xb4,0xb1,0xbc,0xb2,0xbc,
    0x91,0xb4,0x91,0xbc,0x71,0xb4,0x70,0xb4,0xb1,0xbc,0xb2,0xbc,0xb1,0xbc,0x91,0xbc,0x92,0xbc,0xb1,0xbc,0x92,0xbc,0x91,0xb4,
    0xb2,0xbc,0xb1,0xbc,0xf3,0xc4,0xf3,0xc4,0x13,0xc5,0x13,0xc5,0xf3,0xc4,0xf3,0xc4,0x34,0xc5,0x14,0xc5,0x34,0xc5,0x14,0xc5,
    0xf3,0xbc,0xd3,0xbc,0xf3,0xc4,0x14,0xbd,0x14,0xc5,0xb2,0xbc,0xb3,0xb4,0xf3,0xbc,0x51,0xa4,0x0f,0xa4,0xcf,0x93,0x8e,0x8b,
    0xeb,0x72,0xaa,0x6a,0x28,0x52,0x29,0x52,0x49,0x52,0x28,0x5a,0x6a,0x5a,0x8a,0x6a,0x6a,0x5a,0x29,0x52,0xaa,0x6a,0x49,0x5a,
    0x28,0x52,0x08,0x52,0x28,0x52,0x69,0x62,0x49,0x5a,0x28,0x5a,0x2c,0x83,0x4d,0x83,0x48,0x5a,0x69,0x62,0x49,0x5a,0x49,0x5a,
    0x28,0x52,0x29,0x52,0x69,0x5a,0x69,0x62,0xeb,0x72,0xab,0x6a,0x28,0x52,0xc7,0x41,0xe8,0x41,0x28,0x52,0x29,0x52,0xe8,0x41,
    0xc7,0x39,0x49,0x52,0x8e,0x83,0x6e,0x7b,0xec,0x6a,0xcf,0x8b,0xef,0x93,0x92,0xac,0x55,0xbd,0x13,0xb5,0x14,0xbd,0x31,0x9c,
    0x72,0x9c,0x15,0xb5,0xf4,0xac,0xd4,0xac,0xf4,0xac,0xf4,0xb4,0x14,0xbd,0x34,0xbd,0x55,0xcd,0x34,0xc5,0x14,0xc5,0x34,0xc5,
    0x34,0xc5,0x34,0xc5,0x75,0xcd,0x54,0xcd,0x13,0xc5,0xb1,0xbc,0xd2,0xbc,0x91,0xbc,0x50,0xb4,0x2f,0xac,0xef,0xa3,0xee,0xa3,
    0x0f,0xac,0x0f,0xa4,0xee,0xa3,0x0f,0xa4,0x2f,0xac,0x2f,0xac,0xef,0xab,0xcd,0x9b,0xce,0xa3,0xce,0xa3,0xae,0x9b,0xce,0xa3,
    0xcf,0x9b,0x8d,0x93,0xad,0x9b,0xee,0xa3,0xce,0xa3,0x2c,0x83,0x2c,0x83,0xce,0x9b,0x8d,0x93,0x6d,0x8b,0x8d,0x93,0x2b,0x7b,
    0xca,0x72,0x2c,0x83,0x6d,0x8b,0x4c,0x83,0xca,0x72,0xca,0x72,0x2c,0x83,0xeb,0x7a,0x48,0x52,0xaa,0x6a,0x28,0x52,0x48,0x5a,
    0x69,0x5a,0xe8,0x49,0xc7,0x31,0xc6,0x39,0xc8,0x39,0x6a,0x4a,0xd1,0x83,0xd4,0x9c,0xb4,0x9c,0xf5,0xa4,0x36,0xad,0x36,0xad,
    0x92,0xac,0x92,0xac,0x51,0xa4,0x51,0xa4,0x92,0xb4,0xd2,0xb4,0xb2,0xb4,0x71,0xac,0x51,0xa4,0x71,0xb4,0x92,0xb4,0x71,0xb4,
    0xb1,0xbc,0xb1,0xbc,0x91,0xb4,0x91,0xbc,0xb2,0xbc,0xb1,0xbc,0x71,0xb4,0x71,0xb4,0x71,0xb4,0x91,0xbc,0xb2,0xbc,0xb1,0xbc,
    0xd2,0xbc,0x91,0xb4,0x91,0xb4,0xb1,0xbc,0xb2,0xbc,0xb2,0xbc,0xd2,0xbc,0xf2,0xc4,0xf3,0xbc,0x14,0xc5,0xf3,0xbc,0x14,0xc5,
    0xf3,0xc4,0x13,0xbd,0xf3,0xbc,0xf3,0xc4,0xb3,0xbc,0xf4,0xbc,0xd3,0xbc,0xf3,0xbc,0xd3,0xbc,0xb2,0xb4,0xd3,0xb4,0xb2,0xb4,
    0x51,0xa4,0x10,0xa4,0xce,0x93,0x2d,0x7b,0x8a,0x62,0x6a,0x62,0x69,0x5a,0x29,0x52,0x49,0x5a,0x8a,0x62,0x6a,0x62,0x69,0x5a,
    0x29,0x52,0x69,0x5a,0x6a,0x62,0x49,0x62,0xeb,0x72,0x49,0x5a,0x08,0x52,0x29,0x52,0xe7,0x49,0xcb,0x6a,0x4c,0x83,0x2c,0x83,
    0x29,0x5a,0x49,0x5a,0x49,0x5a,0x08,0x4a,0xe7,0x41,0xe7,0x49,0x49,0x5a,0x49,0x52,0x08,0x52,0xaa,0x62,0x8a,0x62,0x29,0x52,
    0xe7,0x41,0xe8,0x41,0xc7,0x41,0x08,0x42,0x08,0x52,0x8b,0x5a,0xec,0x6a,0xab,0x62,0xaf,0x83,0x2d,0x73,0x8f,0x83,0x92,0xa4,
    0x35,0xbd,0x14,0xb5,0x15,0xbd,0x14,0xb5,0x72,0xa4,0x52,0x9c,0x51,0x9c,0x93,0xa4,0x14,0xb5,0x34,0xbd,0x35,0xc5,0x14,0xbd,
    0x55,0xc5,0x75,0xcd,0x34,0xc5,0x13,0xc5,0x13,0xc5,0x54,0xcd,0x34,0xc5,0xd2,0xbc,0x13,0xc5,0x13,0xc5,0xd2,0xc4,0xd2,0xbc,
    0x70,0xb4,0x2f,0xac,0x0f,0xac,0xef,0xa3,0x0f,0xa4,0xae,0x9b,0xad,0x9b,0xce,0xa3,0x0f,0xa4,0xef,0xa3,0x0f,0xac,0xee,0xa3,
    0x8e,0x9b,0x0e,0xa4,0xee,0xa3,0xae,0x9b,0xad,0x9b,0x8d,0x93,0x8d,0x93,0xce,0xa3,0x0f,0xa4,0x8d,0x93,0x6d,0x8b,0xad,0x9b,
    0x6d,0x93,0x4c,0x8b,0xae,0x93,0x4c,0x8b,0xcb,0x72,0x4c,0x83,0xce,0x9b,0x6d,0x93,0x4c,0x83,0xeb,0x7a,0xeb,0x72,0xca,0x72,
    0x6a,0x62,0xaa,0x6a,0x28,0x5a,0x08,0x4a,0x4a,0x5a,0x08,0x4a,0xa6,0x31,0xc7,0x39,0xc8,0x39,0xac,0x5a,0x53,0x8c,0xf5,0xa4,
    0xd4,0xa4,0xf5,0xa4,0x36,0xb5,0x56,0xb5,0x92,0xac,0x92,0xac,0x51,0xac,0x71,0xa4,0x71,0xb4,0xb2,0xb4,0xb2,0xb4,0x91,0xb4,
    0x72,0xb4,0x71,0xb4,0x91,0xb4,0xf3,0xbc,0xb1,0xbc,0xb2,0xbc,0x91,0xb4,0x91,0xb4,0x92,0xbc,0x70,0xb4,0x71,0xb4,0x70,0xb4,
    0x71,0xb4,0x91,0xbc,0xb2,0xb4,0xb2,0xbc,0xb2,0xbc,0x91,0xbc,0xb2,0xbc,0xb2,0xbc,0xb2,0xc4,0xf2,0xbc,0xd3,0xbc,0xf3,0xc4,
    0xd3,0xbc,0xf3,0xbc,0xf3,0xc4,0xf3,0xbc,0xf4,0xbc,0xf4,0xbc,0xf4,0xbc,0xb2,0xb4,0xd3,0xb4,0xf3,0xbc,0xd4,0xbc,0xf3,0xbc,
    0x10,0xa4,0x51,0xac,0x72,0xac,0x92,0xb4,0x91,0xac,0x72,0xac,0x6e,0x83,0xaa,0x62,0xaa,0x62,0x6a,0x5a,0x8b,0x62,0x6a,0x5a,
    0x6a,0x62,0x8a,0x5a,0x29,0x52,0x08,0x42,0x28,0x52,0x6a,0x5a,0x08,0x52,0x29,0x4a,0x08,0x4a,0x29,0x5a,0xe8,0x41,0xc7,0x39,
    0x28,0x52,0x8a,0x62,0xeb,0x72,0xcb,0x72,0x69,0x62,0x8a,0x62,0x28,0x5a,0x08,0x4a,0x08,0x52,0xe7,0x39,0xc7,0x41,0x08,0x4a,
    0x09,0x52,0x6a,0x5a,0x49,0x5a,0x09,0x52,0xe8,0x41,0x08,0x4a,0x29,0x52,0xe8,0x41,0xe8,0x41,0x6a,0x5a,0x6a,0x52,0x8b,0x5a,
    0xec,0x62,0x11,0x94,0x52,0x94,0x51,0x9c,0xd0,0x8b,0xb3,0xac,0xf4,0xb4,0xb2,0xac,0xf4,0xb4,0xb3,0xac,0x93,0xa4,0x51,0xa4,
    0x52,0x9c,0x14,0xbd,0x34,0xbd,0x35,0xbd,0x95,0xcd,0x95,0xc5,0xf4,0xbc,0x34,0xbd,0x14,0xc5,0xf2,0xbc,0x13,0xc5,0xf2,0xc4,
    0x13,0xc5,0xf3,0xc4,0xb1,0xbc,0xb2,0xbc,0x91,0xb4,0xef,0xa3,0xef,0xa3,0xce,0x9b,0xce,0xa3,0xad,0x9b,0xef,0x9b,0xee,0xa3,
    0x0f,0xac,0x0f,0xac,0x0f,0xa4,0x0f,0xac,0xce,0xa3,0xae,0x9b,0x0f,0xac,0xee,0xa3,0xae,0x9b,0xce,0x9b,0x8e,0x93,0x8d,0x93,
    0xce,0x9b,0xae,0x9b,0x8d,0x93,0xcf,0x9b,0x8d,0x93,0x6d,0x8b,0x8d,0x93,0xae,0x93,0x6c,0x8b,0x6d,0x8b,0xee,0x9b,0xae,0x9b,
    0x6d,0x83,0xca,0x7a,0xaa,0x6a,0x2c,0x7b,0x2c,0x7b,0x0b,0x7b,0x89,0x62,0x08,0x52,0x08,0x4a,0xa7,0x39,0xc7,0x39,0xa7,0x39,
    0xc7,0x39,0xcc,0x5a,0x93,0x9c,0xf5,0xac,0xf5,0xa4,0x36,0xad,0x57,0xb5,0x56,0xad,0xb2,0xac,0x71,0xa4,0x51,0xa4,0x51,0xac,
    0x92,0xac,0x92,0xb4,0xb2,0xb4,0xb2,0xb4,0x91,0xb4,0x70,0xb4,0x91,0xb4,0xd2,0xbc,0xb2,0xbc,0xd2,0xbc,0x91,0xbc,0x91,0xb4,
    0x91,0xbc,0x71,0xb4,0x71,0xb4,0x71,0xb4,0xb2,0xb4,0xb2,0xbc,0x71,0xb4,0x91,0xbc,0x91,0xb4,0xb2,0xbc,0xd2,0xc4,0xb1,0xbc,
    0xd3,0xbc,0xf3,0xc4,0xf3,0xbc,0xf3,0xc4,0xf3,0xbc,0xb3,0xbc,0xb3,0xb4,0x92,0xac,0xb2,0xbc,0xd3,0xbc,0xd3,0xbc,0xb3,0xb4,
    0xb3,0xb4,0xd3,0xb4,0xf4,0xbc,0x72,0xac,0xf0,0x93,0x51,0xac,0xd3,0xb4,0x10,0x9c,0xaf,0x93,0xf0,0x93,0xef,0x93,0x6a,0x5a,
    0x6a,0x5a,0x6a,0x5a,0x4a,0x52,0x69,0x5a,0x8a,0x62,0x08,0x4a,0x29,0x52,0x49,0x5a,0x08,0x4a,0x08,0x52,0x29,0x4a,0xe7,0x49,
    0x49,0x5a,0x08,0x52,0xc7,0x39,0xc7,0x49,0x08,0x4a,0x89,0x62,0x29,0x52,0x49,0x5a,0xcb,0x72,0xaa,0x6a,0x49,0x5a,0xe8,0x41,
    0x08,0x52,0xe7,0x41,0xc7,0x39,0xe8,0x49,0xe7,0x39,0x2a,0x52,0x69,0x5a,0x49,0x52,0x08,0x4a,0xe8,0x41,0x49,0x52,0x6a,0x52,
    0x6a,0x52,0x09,0x4a,0x49,0x52,0xab,0x5a,0x8f,0x7b,0x0d,0x6b,0x8f,0x83,0x6e,0x7b,0x92,0xa4,0x93,0xa4,0x71,0xa4,0x31,0x9c,
    0xb3,0xa4,0xf0,0x93,0xd3,0xa4,0x93,0xa4,0x93,0xa4,0xf4,0xb4,0xb3,0xac,0x14,0xbd,0x34,0xc5,0x71,0xac,0x35,0xbd,0x35,0xc5,
    0xf3,0xbc,0xb2,0xbc,0x14,0xbd,0xf3,0xc4,0xf2,0xbc,0x91,0xbc,0x91,0xbc,0xb2,0xb4,0xb2,0xbc,0x2f,0xac,0xef,0xa3,0xce,0x9b,
    0xce,0x9b,0x6d,0x8b,0x8d,0x93,0xce,0x9b,0xef,0xa3,0xce,0x9b,0xcd,0xa3,0xee,0xa3,0x0f,0xac,0xad,0x9b,0x0f,0xa4,0xef,0xa3,
    0x2f,0xac,0xce,0x9b,0xad,0x9b,0x6d,0x93,0x8d,0x93,0xee,0xa3,0xae,0x9b,0xee,0x9b,0xad,0x93,0x6d,0x8b,0x8d,0x93,0x6d,0x93,
    0x4c,0x83,0x0b,0x7b,0x8d,0x93,0x8d,0x93,0x6d,0x83,0xaa,0x72,0x69,0x62,0x4d,0x83,0x8d,0x8b,0x4d,0x83,0xaa,0x6a,0x28,0x52,
    0xc7,0x41,0xc7,0x39,0xa6,0x31,0xc7,0x39,0xa6,0x31,0x6b,0x52,0x94,0x94,0xf5,0xac,0x16,0xad,0x36,0xb5,0x56,0xad,0x57,0xb5,
    0x31,0xa4,0xcf,0x93,0x51,0xa4,0x71,0xac,0xd2,0xb4,0x92,0xb4,0x91,0xb4,0x92,0xb4,0x71,0xb4,0x92,0xb4,0xb2,0xbc,0xd2,0xbc,
    0xd2,0xbc,0xb2,0xbc,0x91,0xb4,0x91,0xb4,0x71,0xb4,0x71,0xb4,0x71,0xb4,0x91,0xb4,0x91,0xb4,0x91,0xbc,0x91,0xb4,0xb2,0xbc,
    0x91,0xbc,0xd2,0xbc,0xb2,0xbc,0xd2,0xbc,0xf3,0xbc,0x13,0xc5,0xf4,0xbc,0xd3,0xbc,0xd3,0xb4,0xb3,0xb4,0xb2,0xb4,0x93,0xb4,
    0x92,0xac,0xb3,0xb4,0x93,0xac,0xb3,0xb4,0x92,0xac,0x93,0xac,0x93,0xac,0x72,0xa4,0x31,0x9c,0x10,0x9c,0x11,0x9c,0x71,0xa4,
    0xf0,0x9b,0x4d,0x83,0x0d,0x73,0x08,0x42,0xab,0x6a,0x49,0x52,0x49,0x5a,0xab,0x62,0x49,0x5a,0x6a,0x5a,0x4a,0x52,0x08,0x4a,
    0xe8,0x49,0x08,0x42,0x08,0x52,0x49,0x5a,0x08,0x4a,0xc7,0x41,0xe7,0x41,0xc7,0x39,0xc7,0x41,0xe8,0x41,0xe7,0x49,0x8a,0x62,
    0xeb,0x72,0xab,0x62,0x28,0x52,0xe7,0x41,0xc7,0x39,0xe7,0x41,0xe8,0x49,0x08,0x42,0xe8,0x49,0xe7,0x41,0x4a,0x52,0xab,0x62,
    0x29,0x52,0xe8,0x41,0x09,0x4a,0x6a,0x5a,0x6b,0x52,0xab,0x5a,0xed,0x62,0x6a,0x4a,0x8c,0x52,0x0c,0x6b,0x8f,0x7b,0xf0,0x8b,
    0x31,0x94,0xd0,0x8b,0xcf,0x8b,0x8f,0x83,0x93,0xa4,0x52,0x9c,0xb3,0xa4,0x52,0x9c,0x72,0x9c,0x92,0xa4,0xb3,0xac,0xf3,0xb4,
    0xd3,0xbc,0xb3,0xb4,0xb2,0xac,0x71,0xac,0xb2,0xb4,0xd3,0xb4,0xb1,0xb4,0xf3,0xbc,0xd3,0xbc,0x13,0xc5,0xd2,0xbc,0x91,0xbc,
    0x70,0xb4,0x2f,0xac,0xef,0xa3,0xef,0xa3,0xce,0x9b,0x8d,0x93,0xae,0x9b,0x6d,0x93,0x6d,0x93,0xad,0x9b,0xce,0x9b,0xee,0xa3,
    0xef,0xa3,0x8d,0x9b,0xce,0xa3,0xce,0xa3,0x30,0xac,0x0f,0xa4,0xae,0x9b,0xad,0x93,0xae,0x9b,0xad,0x93,0xad,0x9b,0xad,0x9b,
    0x8e,0x93,0x8d,0x93,0x6c,0x8b,0x2c,0x83,0x2b,0x83,0xcb,0x72,0x2c,0x83,0x6d,0x83,0x6d,0x8b,0x2b,0x83,0xca,0x6a,0x2c,0x7b,
    0x4d,0x83,0x4c,0x83,0xcb,0x72,0x28,0x52,0xa7,0x39,0xc6,0x31,0xa7,0x39,0xc7,0x39,0xa6,0x31,0x8b,0x52,0x73,0x94,0x16,0xad,
    0x36,0xad,0x56,0xb5,0x57,0xb5,0x57,0xb5,0xcf,0x8b,0xef,0x9b,0x92,0xac,0x92,0xac,0xb2,0xb4,0xd2,0xbc,0xb2,0xb4,0xd3,0xbc,
    0x91,0xb4,0xb2,0xb4,0x91,0xb4,0x92,0xb4,0xd2,0xbc,0x91,0xbc,0xb1,0xbc,0x91,0xb4,0x71,0xb4,0x50,0xac,0x71,0xb4,0xb2,0xb4,
    0xb2,0xbc,0x92,0xb4,0x91,0xbc,0x71,0xb4,0x91,0xb4,0x92,0xb4,0x91,0xb4,0xb3,0xbc,0xd3,0xbc,0xf3,0xbc,0xf3,0xc4,0xf3,0xbc,
    0xd3,0xbc,0xd3,0xbc,0xb3,0xb4,0xd3,0xb4,0xb3,0xb4,0x92,0xac,0x93,0xb4,0x52,0xa4,0x11,0x9c,0x72,0xa4,0x31,0x9c,0x53,0x9c,
    0xb0,0x8b,0xb0,0x8b,0x10,0x9c,0x93,0xac,0x31,0x9c,0x8f,0x83,0x8b,0x62,0x8a,0x5a,0x6a,0x62,0x6a,0x5a,0x69,0x5a,0x49,0x52,
    0x6a,0x5a,0xab,0x62,0x29,0x52,0xa7,0x39,0xe8,0x41,0x08,0x4a,0x29,0x52,0x08,0x4a,0xc7,0x39,0xc7,0x39,0xc7,0x41,0xc8,0x41,
    0xc7,0x41,0xe7,0x41,0x08,0x4a,0x49,0x52,0xcb,0x62,0x89,0x62,0x29,0x52,0xe8,0x49,0xc7,0x39,0xc7,0x39,0x08,0x52,0x08,0x4a,
    0xe8,0x41,0xc7,0x39,0xc7,0x41,0x8a,0x5a,0x6a,0x5a,0x08,0x52,0x4a,0x52,0x8b,0x52,0x09,0x4a,0xab,0x5a,0x29,0x42,0x29,0x4a,
    0x8b,0x5a,0x4e,0x7b,0xf0,0x83,0x11,0x94,0x4d,0x7b,0xcc,0x6a,0xd0,0x83,0xaf,0x83,0xaf,0x83,0xf0,0x8b,0x11,0x94,0x10,0x94,
    0x73,0x9c,0x31,0x9c,0xd4,0xac,0xf4,0xb4,0xb3,0xac,0xf3,0xb4,0xd3,0xb4,0xb3,0xb4,0xb2,0xb4,0x71,0xac,0x92,0xb4,0x14,0xbd,
    0xd2,0xbc,0x13,0xbd,0xf3,0xbc,0x70,0xb4,0x71,0xb4,0x50,0xac,0xef,0xa3,0xce,0x9b,0xad,0x93,0x6d,0x8b,0xef,0x9b,0xad,0x9b,
    0x4c,0x8b,0x8d,0x93,0xef,0xab,0xee,0xa3,0xcd,0x9b,0xee,0xa3,0xae,0x9b,0x0e,0xa4,0xce,0xa3,0xef,0xa3,0x8d,0x93,0xad,0x9b,
    0x8d,0x93,0xae,0x9b,0xce,0x9b,0xae,0x93,0x8d,0x93,0x8d,0x93,0x4c,0x8b,0x0c,0x83,0x2c,0x83,0xca,0x6a,0x0c,0x7b,0x2b,0x83,
    0x2c,0x7b,0x4d,0x8b,0x2c,0x83,0x2c,0x83,0x2c,0x83,0x2b,0x7b,0xaa,0x6a,0xe8,0x49,0xc6,0x39,0xc8,0x39,0xe8,0x41,0xc7,0x31,
    0xa6,0x39,0x8c,0x5a,0x94,0x94,0x36,0xad,0x56,0xb5,0x57,0xad,0x56,0xb5,0x77,0xad,0x30,0x9c,0x71,0xac,0xb2,0xb4,0xb2,0xb4,
    0xd2,0xb4,0xd3,0xbc,0xb2,0xbc,0xd2,0xb4,0xb2,0xbc,0x92,0xb4,0xb2,0xbc,0x91,0xbc,0xb1,0xbc,0xb2,0xbc,0x91,0xbc,0x92,0xb4,
    0xb2,0xbc,0x91,0xb4,0x92,0xb4,0xb2,0xbc,0x91,0xb4,0x91,0xb4,0x92,0xb4,0x91,0xb4,0x72,0xb4,0x91,0xb4,0x92,0xb4,0xf3,0xbc,
    0xf3,0xbc,0xf3,0xbc,0xf4,0xc4,0xf3,0xbc,0xb2,0xb4,0xd3,0xbc,0xd3,0xbc,0x92,0xb4,0x72,0xac,0x72,0xac,0x92,0xac,0x52,0x9c,
    0xd0,0x93,0xf1,0x93,0xf0,0x93,0x90,0x83,0x8f,0x83,0x6e,0x7b,0x8e,0x8b,0xf0,0x93,0xd0,0x8b,0x2d,0x73,0xab,0x6a,0x4a,0x52,
    0x69,0x52,0x8a,0x62,0x2a,0x4a,0x4a,0x52,0x29,0x52,0x6a,0x5a,0x29,0x4a,0xe8,0x41,0xe8,0x41,0x08,0x4a,0xe7,0x41,0xc7,0x31,
    0xa7,0x39,0xc7,0x39,0xc7,0x41,0xc7,0x39,0xc7,0x39,0xe7,0x41,0x08,0x4a,0xe8,0x49,0x8a,0x62,0x6a,0x5a,0x08,0x52,0x08,0x42,
    0xc7,0x41,0xe8,0x41,0x08,0x42,0xc7,0x41,0xc7,0x39,0xc7,0x39,0xc8,0x39,0xc7,0x41,0x6a,0x5a,0x49,0x52,0x6a,0x52,0x8a,0x5a,
    0x08,0x42,0x2a,0x4a,0x08,0x42,0x09,0x42,0x8a,0x5a,0xac,0x62,0x4e,0x73,0xaf,0x83,0xb0,0x83,0xcf,0x8b,0xcf,0x8b,0xaf,0x83,
    0x32,0x94,0xcf,0x8b,0x11,0x94,0xaf,0x83,0xd0,0x8b,0x72,0x9c,0x14,0xad,0x35,0xb5,0xb3,0xac,0xb3,0xac,0x93,0xa4,0xb2,0xac,
    0x92,0xac,0x92,0xac,0x92,0xb4,0xb2,0xb4,0xb2,0xb4,0xb2,0xb4,0x91,0xb4,0x91,0xb4,0x30,0xac,0x0f,0xa4,0x30,0xa4,0xcf,0x9b,
    0x8d,0x93,0x8e,0x93,0xae,0x93,0xae,0x93,0xce,0x9b,0x8d,0x93,0x8d,0x9b,0xce,0x9b,0xef,0xa3,0xee,0xa3,0xce,0xa3,0xad,0x9b,
    0x8d,0x93,0x6c,0x93,0xae,0x9b,0xce,0x9b,0xee,0xa3,0xef,0xa3,0xce,0x9b,0xad,0x93,0x4c,0x8b,0x4d,0x8b,0x2c,0x83,0x2c,0x83,
    0x2c,0x7b,0x69,0x62,0x0b,0x7b,0x0c,0x7b,0xca,0x72,0x4c,0x83,0x2c,0x83,0x2c,0x7b,0x8d,0x8b,0x2c,0x7b,0x69,0x5a,0xe8,0x49,
    0xa6,0x31,0x6b,0x52,0x4a,0x52,0xa6,0x39,0xa7,0x31,0xab,0x52,0xb4,0xa4,0x57,0xb5,0x57,0xb5,0x77,0xb5,0x57,0xb5,0x76,0xb5,
    0x51,0xac,0x71,0xa4,0x92,0xb4,0x92,0xac,0xb2,0xb4,0x91,0xb4,0x91,0xb4,0xf3,0xbc,0xb1,0xb4,0x92,0xb4,0xd2,0xbc,0xb2,0xb4,
    0xb1,0xbc,0x92,0xb4,0xb2,0xbc,0x91,0xb4,0x91,0xb4,0x91,0xb4,0xd3,0xbc,0xb2,0xb4,0xb2,0xbc,0xb2,0xb4,0x92,0xbc,0x71,0xb4,
    0x91,0xb4,0x92,0xb4,0xd3,0xbc,0xf3,0xc4,0xf3,0xbc,0xd3,0xbc,0xd3,0xbc,0xf3,0xbc,0xf4,0xbc,0xd3,0xbc,0xd3,0xb4,0x72,0xac,
    0x72,0xa4,0x72,0xac,0x72,0xa4,0xd0,0x93,0x4e,0x7b,0xd0,0x8b,0x8f,0x7b,0x2e,0x73,0x2e,0x7b,0x2d,0x73,0x2e,0x7b,0x4e,0x7b,
    0x8f,0x7b,0x8a,0x5a,0xcc,0x6a,0x49,0x5a,0x4a,0x52,0x8b,0x5a,0x6a,0x5a,0x29,0x52,0x4a,0x52,0x29,0x4a,0x2a,0x4a,0x09,0x4a,
    0xc7,0x39,0xc7,0x39,0xa7,0x31,0xc7,0x39,0xa6,0x39,0xc7,0x39,0xc7,0x39,0xc7,0x41,0xe8,0x49,0x08,0x4a,0xe8,0x41,0xc7,0x39,
    0x69,0x5a,0x29,0x52,0x08,0x4a,0xc7,0x41,0xe8,0x41,0xc7,0x39,0xa7,0x39,0xc7,0x39,0xc7,0x39,0xc7,0x39,0xc7,0x41,0x6a,0x5a,
    0xec,0x62,0x29,0x4a,0xe8,0x41,0x4a,0x52,0xe8,0x49,0x09,0x42,0xe7,0x41,0x8b,0x52,0xab,0x5a,0x8a,0x5a,0xd0,0x8b,0x4e,0x7b,
    0x11,0x8c,0xaf,0x8b,0xcb,0x6a,0x0d,0x6b,0x6e,0x7b,0x4d,0x7b,0xf0,0x8b,0x10,0x94,0x11,0x8c,0xd0,0x8b,0x51,0x94,0xd3,0xac,
    0x92,0xa4,0x92,0xa4,0x72,0xa4,0x92,0xa4,0x93,0xa4,0xb3,0xac,0x71,0xac,0x50,0xac,0x71,0xac,0x50,0xac,0xd2,0xbc,0xb2,0xb4,
    0x50,0xa4,0x92,0xac,0x0f,0xa4,0x0f,0xa4,0xef,0x9b,0x4d,0x8b,0x8d,0x93,0x6d,0x93,0x6d,0x93,0x6c,0x8b,0x6c,0x93,0xad,0x9b,
    0xee,0xa3,0xae,0x9b,0x6d,0x8b,0x8d,0x93,0x8d,0x93,0x8d,0x9b,0xae,0x9b,0xee,0xa3,0x0f,0xa4,0x8d,0x93,0xae,0x9b,0xae,0x9b,
    0x6d,0x8b,0x2b,0x83,0x2c,0x83,0x0b,0x83,0xeb,0x7a,0xaa,0x6a,0xeb,0x72,0xeb,0x72,0x0c,0x7b,0x4c,0x83,0x2c,0x83,0x2c,0x83,
    0x4c,0x83,0xeb,0x72,0xcb,0x6a,0x09,0x4a,0xa6,0x39,0x6a,0x52,0x29,0x52,0xc6,0x31,0xa6,0x39,0xcc,0x5a,0xd5,0xa4,0x56,0xb5,
    0x77,0xb5,0x77,0xb5,0x76,0xb5,0x57,0xb5,0x92,0xac,0x71,0xac,0xb2,0xac,0x92,0xb4,0x71,0xac,0x71,0xac,0xb2,0xb4,0xd2,0xbc,
    0xb2,0xbc,0xb1,0xb4,0x91,0xbc,0x91,0xb4,0xb2,0xbc,0x92,0xb4,0x91,0xb4,0xb2,0xb4,0x91,0xb4,0x92,0xb4,0xb2,0xbc,0xb1,0xbc,
    0xb2,0xbc,0xb2,0xbc,0x91,0xb4,0x92,0xb4,0x92,0xb4,0xb2,0xb4,0xd3,0xbc,0xf3,0xbc,0xd3,0xb4,0xd3,0xbc,0xb3,0xb4,0xd3,0xb4,
    0xb2,0xb4,0x92,0xac,0x93,0xac,0x52,0xa4,0x72,0xa4,0x31,0x9c,0x32,0x9c,0xd0,0x8b,0xf0,0x93,0xd0,0x93,0xb0,0x83,0x2e,0x73,
    0x4e,0x7b,0x2d,0x73,0xcc,0x6a,0x6e,0x7b,0x0d,0x6b,0x6b,0x5a,0xcb,0x62,0xab,0x62,0x6b,0x52,0xcc,0x62,0x4a,0x52,0x09,0x52,
    0x4a,0x52,0x08,0x42,0x08,0x42,0xc7,0x39,0xa7,0x39,0xc7,0x39,0xa6,0x39,0xc7,0x39,0xe8,0x49,0xc7,0x39,0xc8,0x41,0x07,0x4a,
    0x09,0x4a,0x08,0x4a,0xc7,0x41,0xe8,0x41,0x49,0x5a,0x08,0x4a,0x29,0x52,0x08,0x42,0xe7,0x41,0xe7,0x41,0xc7,0x41,0xc7,0x39,
    0xe7,0x41,0x29,0x52,0x28,0x4a,0x8b,0x5a,0x0d,0x6b,0x09,0x4a,0x08,0x42,0x8a,0x62,0x49,0x4a,0xe8,0x49,0xc8,0x39,0x6a,0x52,
    0x6a,0x5a,0x0d,0x6b,0x8f,0x7b,0xec,0x6a,0xcb,0x6a,0x6e,0x83,0x4d,0x7b,0x0c,0x6b,0xec,0x6a,0x8e,0x83,0xf0,0x8b,0x72,0xa4,
    0x31,0x94,0xcf,0x83,0x52,0x9c,0x2c,0x7b,0x11,0x8c,0xb3,0xa4,0x72,0x9c,0x72,0x9c,0x8f,0x83,0xaf,0x83,0x10,0x9c,0x92,0xac,
    0x91,0xac,0x71,0xac,0x92,0xac,0x91,0xb4,0x50,0xac,0x50,0xac,0x10,0xa4,0xcf,0x9b,0xae,0x93,0xae,0x93,0xae,0x93,0x4c,0x8b,
    0x4c,0x8b,0xae,0x93,0x8d,0x93,0xae,0x9b,0xae,0x9b,0xce,0x9b,0xad,0x9b,0xae,0x9b,0xae,0x9b,0xad,0x93,0xce,0x9b,0x8e,0x93,
    0xae,0x9b,0x8d,0x93,0x8d,0x8b,0x4c,0x8b,0x4c,0x8b,0x2c,0x83,0x2c,0x83,0x0b,0x83,0x0b,0x7b,0xeb,0x7a,0xcb,0x72,0x0b,0x7b,
    0x2c,0x83,0xeb,0x7a,0xeb,0x72,0x0b,0x7b,0xab,0x6a,0x49,0x5a,0x8a,0x62,0x08,0x4a,0xa7,0x31,0x09,0x4a,0xe7,0x41,0xa7,0x39,
    0xe8,0x39,0x0d,0x63,0xd5,0xa4,0x77,0xb5,0x77,0xb5,0x77,0xb5,0x77,0xb5,0x77,0xad,0x91,0xac,0xb3,0xb4,0xd2,0xb4,0xb2,0xb4,
    0xb2,0xb4,0xd2,0xb4,0x92,0xb4,0xd2,0xb4,0xd3,0xbc,0xd2,0xbc,0xb2,0xbc,0xd2,0xbc,0x92,0xb4,0x50,0xac,0x91,0xb4,0x92,0xbc,
    0x91,0xb4,0x92,0xb4,0xb2,0xb4,0xb2,0xbc,0x92,0xb4,0x71,0xb4,0x92,0xb4,0xb2,0xb4,0x92,0xb4,0x92,0xb4,0xf3,0xb4,0x92,0xb4,
    0x93,0xb4,0xb2,0xac,0xb3,0xb4,0xb3,0xb4,0xb3,0xb4,0x72,0xa4,0x93,0xac,0x52,0xa4,0x32,0x9c,0x32,0x9c,0x11,0x9c,0xb0,0x8b,
    0xaf,0x8b,0xaf,0x8b,0x0d,0x73,0xcc,0x6a,0x4e,0x7b,0x2d,0x73,0x4e,0x7b,0x2d,0x7b,0xac,0x62,0x8b,0x62,0xed,0x6a,0x6a,0x52,
    0xcc,0x6a,0x4a,0x52,0xe7,0x41,0x29,0x52,0x29,0x4a,0xc7,0x39,0xe9,0x41,0xe8,0x41,0xa6,0x39,0xc7,0x39,0xc7,0x41,0x29,0x52,
    0x4a,0x52,0x08,0x4a,0xe7,0x49,0xc8,0x41,0x08,0x4a,0x29,0x52,0x29,0x4a,0x29,0x52,0x6a,0x5a,0x29,0x4a,0x08,0x4a,0x09,0x52,
    0xe8,0x49,0x08,0x42,0x09,0x4a,0x08,0x4a,0x29,0x4a,0x6b,0x5a,0x8b,0x6a,0xec,0x6a,0x8b,0x62,0xcb,0x62,0xcc,0x6a,0xab,0x62,
    0xed,0x62,0x29,0x4a,0x69,0x5a,0x6a,0x52,0x29,0x52,0x6f,0x7b,0x0c,0x73,0xec,0x6a,0x4d,0x73,0x6d,0x83,0xec,0x6a,0xac,0x62,
    0xec,0x72,0xf0,0x93,0x4d,0x7b,0x31,0x94,0x51,0x9c,0x10,0x94,0x10,0x94,0xcf,0x8b,0xd0,0x8b,0xd0,0x8b,0xaf,0x83,0xcf,0x8b,
    0x8e,0x83,0x8e,0x83,0xaf,0x8b,0xef,0x8b,0x72,0xa4,0x71,0xac,0xb3,0xac,0xd3,0xac,0xb2,0xb4,0x50,0xa4,0x30,0xa4,0x30,0xa4,
    0xcf,0x9b,0xce,0x9b,0xcf,0x93,0x8e,0x93,0x2c,0x83,0x6d,0x8b,0xce,0xa3,0xce,0x93,0x8d,0x93,0x6d,0x93,0xce,0x9b,0xad,0x9b,
    0x8d,0x93,0xae,0xa3,0xce,0x9b,0x6d,0x8b,0xad,0x9b,0xce,0x9b,0x4c,0x8b,0x4c,0x8b,0x4c,0x8b,0x4c,0x8b,0x4c,0x8b,0x0b,0x7b,
    0xaa,0x72,0xcb,0x72,0x0b,0x7b,0x2c,0x83,0x0b,0x7b,0xaa,0x6a,0xaa,0x6a,0xaa,0x6a,0x69,0x5a,0xc6,0x41,0xc7,0x49,0xa7,0x31,
    0xc7,0x41,0x28,0x52,0xc7,0x39,0xc8,0x39,0x2a,0x4a,0x0e,0x63,0xb4,0x9c,0x57,0xb5,0x77,0xb5,0x77,0xb5,0x77,0xb5,0x57,0xb5,
    0x92,0xac,0x92,0xb4,0xd3,0xb4,0xb2,0xb4,0xd3,0xbc,0xd3,0xbc,0x91,0xac,0xb2,0xbc,0xd2,0xbc,0xf3,0xbc,0x14,0xbd,0x51,0xac,
    0x30,0xa4,0x91,0xb4,0x71,0xb4,0x91,0xb4,0x92,0xb4,0x92,0xb4,0xb2,0xbc,0xb2,0xb4,0x71,0xb4,0xb2,0xb4,0x92,0xb4,0x71,0xb4,
    0xb3,0xb4,0xb2,0xb4,0xb3,0xb4,0x92,0xac,0xb3,0xb4,0xb3,0xb4,0xd3,0xb4,0xd3,0xb4,0x72,0xa4,0x11,0x9c,0x52,0xa4,0x72,0xa4,
    0x11,0x9c,0x11,0x94,0x11,0x9c,0x8f,0x83,0x8f,0x83,0x2e,0x6b,0xec,0x6a,0x0d,0x73,0x2e,0x73,0x2d,0x7b,0x8f,0x83,0xcc,0x6a,
    0xab,0x62,0x2d,0x73,0xab,0x5a,0x8b,0x5a,0x4a,0x5a,0x29,0x4a,0xe8,0x41,0x4a,0x52,0x4a,0x52,0xe8,0x41,0xe8,0x41,0xc7,0x41,
    0xc8,0x39,0x09,0x4a,0x6a,0x52,0x09,0x52,0x09,0x4a,0x49,0x52,0x09,0x4a,0xe8,0x41,0xe8,0x49,0x4a,0x52,0x4a,0x52,0x8a,0x5a,
    0x08,0x4a,0x09,0x4a,0x08,0x4a,0x08,0x42,0x29,0x4a,0xe8,0x49,0x09,0x4a,0x4a,0x52,0x29,0x52,0x6a,0x5a,0xcc,0x6a,0x6f,0x83,
    0x4e,0x7b,0x6f,0x83,0xb0,0x83,0xed,0x6a,0x4e,0x73,0x4e,0x73,0x4d,0x7b,0x4a,0x5a,0x4e,0x7b,0xcf,0x8b,0x8e,0x7b,0x8f,0x83,
    0x11,0x94,0x2d,0x7b,0x8a,0x62,0xcb,0x62,0x0c,0x73,0xcf,0x8b,0x0c,0x73,0xf0,0x8b,0xaf,0x8b,0x8d,0x83,0x4d,0x7b,0xd0,0x8b,
    0xf0,0x8b,0xaf,0x83,0xd0,0x83,0x31,0x94,0x52,0x9c,0xaf,0x83,0x10,0x94,0xcf,0x93,0x6d,0x83,0x92,0xac,0xb2,0xac,0x71,0xa4,
    0xf3,0xbc,0xb2,0xb4,0xef,0x9b,0xef,0x9b,0x10,0x9c,0xef,0x9b,0xce,0x9b,0xae,0x93,0x6d,0x8b,0x0b,0x7b,0x6d,0x8b,0x8d,0x9b,
    0xad,0x93,0x6d,0x93,0xce,0xa3,0x8d,0x93,0x6c,0x8b,0x8d,0x93,0x8d,0x93,0xee,0xa3,0x0f,0xa4,0xee,0xa3,0x4c,0x8b,0x6d,0x93,
    0x8d,0x93,0x4c,0x8b,0x0b,0x7b,0xaa,0x72,0xcb,0x72,0x0b,0x7b,0x2c,0x83,0x4c,0x8b,0xcb,0x72,0xaa,0x6a,0x69,0x62,0x89,0x62,
    0x28,0x5a,0xa7,0x39,0xc7,0x41,0xa6,0x39,0xe8,0x41,0xc7,0x41,0xc7,0x39,0xa7,0x31,0x09,0x42,0x0d,0x5b,0x93,0x94,0x77,0xb5,
    0x77,0xb5,0x97,0xb5,0x77,0xb5,0x77,0xb5,0x91,0xac,0x92,0xac,0xd2,0xb4,0xb2,0xb4,0xb2,0xb4,0xd2,0xbc,0xd2,0xbc,0xd3,0xbc,
    0xd2,0xbc,0xd2,0xbc,0xd2,0xbc,0x51,0xac,0x91,0xb4,0x92,0xb4,0x71,0xb4,0x92,0xb4,0xb2,0xbc,0x71,0xac,0x91,0xb4,0x92,0xb4,
    0x92,0xb4,0xb2,0xb4,0x92,0xb4,0x92,0xb4,0xd3,0xb4,0xd3,0xb4,0xd3,0xb4,0xd3,0xb4,0x92,0xb4,0x93,0xa4,0xb3,0xb4,0xd4,0xb4,
    0x72,0xa4,0x11,0x9c,0x11,0x94,0x31,0x9c,0x32,0xa4,0x31,0x9c,0x6e,0x7b,0xec,0x72,0x6e,0x7b,0xcc,0x6a,0x6e,0x83,0xcf,0x8b,
    0x0e,0x6b,0x6e,0x83,0x4e,0x7b,0xab,0x62,0x0d,0x6b,0x0d,0x73,0x6a,0x5a,0x8b,0x5a,0x09,0x4a,0x29,0x4a,0x09,0x52,0x8b,0x5a,
    0x6b,0x5a,0x6a,0x5a,0x4a,0x5a,0x8b,0x5a,0x8b,0x62,0x6b,0x5a,0xac,0x62,0x29,0x5a,0xcc,0x6a,0x8b,0x62,0xab,0x6a,0x6a,0x62,
    0x8a,0x62,0x6a,0x62,0xcc,0x6a,0x6a,0x5a,0xe8,0x49,0x29,0x52,0x6b,0x5a,0x09,0x52,0x6b,0x5a,0x09,0x52,0x49,0x5a,0xcc,0x6a,
    0xcc,0x72,0xed,0x72,0x6f,0x83,0xb0,0x8b,0x32,0x94,0x94,0x9c,0xb4,0xa4,0x73,0x9c,0xb3,0xa4,0xf5,0xac,0xf5,0xac,0x93,0x9c,
    0xd4,0xac,0x93,0xa4,0x52,0x9c,0x52,0xa4,0x10,0x9c,0xaf,0x83,0x0c,0x73,0xcb,0x6a,0x4e,0x7b,0x6d,0x83,0xec,0x6a,0x4d,0x7b,
    0x8e,0x83,0x8e,0x83,0xab,0x6a,0x6e,0x7b,0x31,0x94,0x10,0x8c,0x4e,0x73,0x31,0x8c,0xcf,0x8b,0x6e,0x7b,0x6e,0x7b,0x10,0x94,
    0xae,0x93,0x0f,0x94,0x10,0x9c,0xb2,0xb4,0x92,0xac,0x0f,0x9c,0x8e,0x8b,0xcf,0x93,0x50,0xa4,0x10,0xa4,0x8e,0x8b,0xcf,0x9b,
    0x6d,0x8b,0xeb,0x7a,0x4d,0x8b,0x6c,0x8b,0x6d,0x93,0x8d,0x93,0xad,0x9b,0x8d,0x93,0xae,0xa3,0xad,0x9b,0x8d,0x93,0x6d,0x93,
    0xce,0x9b,0xae,0x93,0x6c,0x93,0x8d,0x93,0x8d,0x93,0x0b,0x83,0x2c,0x83,0xca,0x72,0x0b,0x7b,0x2c,0x83,0x4c,0x83,0x6d,0x8b,
    0xeb,0x72,0x89,0x62,0xaa,0x6a,0xcb,0x72,0x07,0x52,0xa7,0x39,0xc7,0x41,0xc7,0x39,0xc8,0x41,0xc7,0x39,0xc6,0x39,0xc7,0x31,
    0x09,0x42,0x2e,0x63,0xd4,0xa4,0x77,0xb5,0x97,0xbd,0x97,0xb5,0x97,0xbd,0x77,0xb5,0x92,0xac,0xb2,0xb4,0xb3,0xb4,0xb2,0xb4,
    0xd2,0xbc,0xb2,0xb4,0xd3,0xbc,0xb2,0xb4,0xb2,0xb4,0xb2,0xb4,0xb2,0xb4,0xb2,0xb4,0x91,0xb4,0x71,0xb4,0x70,0xb4,0x92,0xb4,
    0xd2,0xbc,0xb2,0xb4,0x71,0xb4,0x92,0xb4,0x91,0xb4,0xb2,0xb4,0xb3,0xb4,0xd3,0xb4,0x92,0xb4,0xd3,0xb4,0xb3,0xb4,0xd3,0xb4,
    0x73,0xac,0x31,0x9c,0x71,0xa4,0x32,0x9c,0x11,0x94,0x8f,0x83,0x11,0x9c,0x31,0x9c,0x8f,0x83,0x6e,0x7b,0x0d,0x73,0x4e,0x7b,
    0xec,0x6a,0xab,0x62,0x4e,0x83,0x8e,0x83,0x0d,0x6b,0x0d,0x73,0x4e,0x7b,0xab,0x62,0x0d,0x73,0x0d,0x73,0x8a,0x5a,0x8b,0x62,
    0x6a,0x62,0x8b,0x5a,0x6b,0x5a,0xed,0x6a,0xd0,0x93,0xf2,0x93,0x70,0x7b,0xd1,0x8b,0xd1,0x93,0x8f,0x8b,0xf1,0x93,0x6f,0x83,
    0x0d,0x7b,0x8f,0x8b,0x4e,0x8b,0x4e,0x8b,0x6e,0x8b,0xcf,0x93,0x8e,0x93,0xcc,0x72,0xab,0x72,0xcb,0x72,0xec,0x72,0x0c,0x7b,
    0x8f,0x93,0x8e,0x8b,0xcf,0x9b,0x11,0xa4,0x72,0xac,0x72,0xa4,0x73,0xa4,0xd4,0xac,0x94,0xa4,0x36,0xbd,0x56,0xb5,0xd5,0xac,
    0xb4,0xac,0x93,0xa4,0x15,0xb5,0x97,0xc5,0x76,0xbd,0x56,0xbd,0xd4,0xac,0xb3,0xac,0xf0,0x93,0x0c,0x7b,0x6e,0x7b,0xcf,0x8b,
    0xcf,0x8b,0xaf,0x8b,0x0c,0x7b,0xec,0x6a,0x2c,0x7b,0x0c,0x73,0xeb,0x6a,0xeb,0x72,0xec,0x6a,0x2d,0x73,0xaf,0x83,0xf0,0x83,
    0x2d,0x73,0xf0,0x8b,0x0c,0x6b,0x4e,0x7b,0xcf,0x8b,0x30,0xa4,0x10,0x9c,0x0f,0x9c,0x71,0xac,0xae,0x8b,0xae,0x8b,0x6d,0x83,
    0xcf,0x93,0x0f,0x9c,0xce,0x93,0x4c,0x83,0x2c,0x83,0x4d,0x83,0x2c,0x83,0x0c,0x83,0x6c,0x8b,0x6d,0x93,0x8d,0x93,0xad,0x9b,
    0xce,0x9b,0xcd,0x9b,0x8d,0x93,0x8d,0x93,0x8c,0x93,0x6d,0x8b,0x4c,0x8b,0x8d,0x93,0x4c,0x8b,0x4d,0x8b,0x4c,0x83,0xca,0x72,
    0xeb,0x7a,0x0b,0x7b,0x0c,0x7b,0x6c,0x8b,0xcb,0x72,0x89,0x6a,0xcb,0x6a,0xeb,0x72,0xe7,0x49,0xc7,0x39,0xc8,0x41,0xc6,0x31,
    0xc7,0x39,0xa7,0x39,0xc7,0x39,0xa7,0x39,0x6a,0x4a,0xd1,0x7b,0x16,0xad,0x57,0xb5,0x77,0xb5,0x77,0xb5,0x78,0xb5,0x77,0xb5,
    0x91,0xac,0xd3,0xbc,0xd2,0xb4,0xb2,0xb4,0xb2,0xb4,0x92,0xac,0x71,0xac,0xb2,0xb4,0xb2,0xbc,0xd2,0xbc,0x71,0xac,0x71,0xb4,
    0xb2,0xb4,0x71,0xb4,0x71,0xac,0x71,0xb4,0xb2,0xb4,0xb3,0xb4,0xd2,0xb4,0xb2,0xb4,0x72,0xb4,0x71,0xac,0xb3,0xb4,0xb2,0xb4,
    0xb3,0xb4,0xb3,0xb4,0xd4,0xb4,0x14,0xbd,0x92,0xac,0x92,0xac,0x52,0xa4,0xaf,0x83,0x6f,0x83,0xf0,0x93,0x11,0x9c,0x8f,0x83,
    0x2e,0x73,0xed,0x6a,0x0d,0x6b,0xed,0x6a,0xab,0x62,0xab,0x62,0x2d,0x73,0xd0,0x93,0x6e,0x7b,0xec,0x6a,0xed,0x6a,0x4e,0x7b,
    0x0d,0x6b,0x0d,0x73,0xab,0x62,0xec,0x6a,0x4f,0x7b,0x8f,0x83,0xd1,0x93,0xd1,0x8b,0x73,0xa4,0x53,0x9c,0x53,0xa4,0x52,0xa4,
    0x53,0xa4,0x32,0x9c,0x73,0xac,0x93,0xac,0x94,0xb4,0xb4,0xb4,0x73,0xac,0x31,0xac,0x31,0xac,0x52,0xac,0x52,0xac,0x30,0xac,
    0x71,0xb4,0xf0,0xa3,0xf0,0xa3,0x92,0xb4,0xd4,0xbc,0xf4,0xbc,0x15,0xc5,0x15,0xbd,0x77,0xc5,0x77,0xc5,0x57,0xbd,0x56,0xbd,
    0xf5,0xb4,0xb4,0xa4,0x73,0xac,0xb4,0xac,0xd4,0xac,0x32,0x9c,0xb3,0xac,0x15,0xb5,0x15,0xb5,0x35,0xbd,0xd3,0xb4,0xb3,0xac,
    0xf0,0x93,0x31,0x9c,0x72,0xac,0x92,0xac,0x51,0x9c,0x10,0x94,0x8e,0x8b,0x2c,0x73,0x8e,0x83,0xaa,0x6a,0x0c,0x73,0x8a,0x62,
    0x6a,0x5a,0xab,0x5a,0x8f,0x7b,0x8e,0x7b,0xec,0x6a,0x4d,0x73,0x2d,0x73,0xeb,0x6a,0x2d,0x73,0x8e,0x83,0x0f,0xa4,0x30,0xa4,
    0xef,0x93,0x0f,0x94,0x6d,0x83,0xeb,0x72,0x8e,0x8b,0x0f,0xa4,0xaf,0x93,0x6d,0x8b,0x6d,0x8b,0x4d,0x8b,0x2b,0x7b,0x0c,0x7b,
    0x2c,0x83,0x8d,0x93,0x8d,0x93,0x8d,0x93,0x8d,0x93,0xce,0xa3,0x8d,0x9b,0x8d,0x9b,0x8d,0x93,0x6c,0x93,0x8d,0x93,0x8d,0x93,
    0x4d,0x8b,0x6c,0x8b,0x4c,0x8b,0xeb,0x7a,0xcb,0x72,0xcb,0x72,0x2b,0x7b,0x6d,0x93,0xca,0x6a,0x8a,0x6a,0xeb,0x7a,0x89,0x62,
    0xa7,0x39,0xc7,0x39,0xa7,0x39,0xa7,0x39,0xc7,0x39,0xa6,0x39,0xc7,0x31,0xc7,0x31,0x8c,0x52,0x33,0x8c,0x16,0xad,0x37,0xad,
    0x56,0xad,0x37,0xad,0x56,0xad,0x37,0xa5,0x71,0xac,0xd3,0xb4,0x91,0xb4,0x91,0xac,0x91,0xb4,0x71,0xac,0x50,0xac,0xb2,0xbc,
    0xd2,0xb4,0xb2,0xb4,0x30,0xa4,0x50,0xac,0x91,0xb4,0x51,0xac,0x71,0xb4,0x92,0xb4,0xb2,0xb4,0xb2,0xb4,0xb2,0xb4,0x92,0xb4,
    0x91,0xb4,0x93,0xb4,0xb2,0xb4,0xd3,0xbc,0xf4,0xbc,0xf4,0xb4,0x14,0xbd,0x14,0xbd,0xb3,0xb4,0x52,0x9c,0x4e,0x7b,0x0d,0x73,
    0x4d,0x7b,0xaf,0x8b,0xb0,0x83,0x6e,0x7b,0xac,0x5a,0x8b,0x5a,0xcb,0x6a,0xec,0x6a,0xed,0x6a,0xcc,0x6a,0xaf,0x8b,0xf0,0x93,
    0x2e,0x73,0xcc,0x6a,0x0d,0x73,0x0c,0x73,0x6a,0x5a,0x2e,0x7b,0x6f,0x7b,0x90,0x8b,0xb0,0x8b,0x32,0x9c,0x94,0xa4,0x53,0xa4,
    0x53,0xa4,0x73,0xa4,0x73,0xac,0x93,0xac,0x93,0xac,0x73,0xac,0x74,0xb4,0x94,0xac,0xb4,0xb4,0xb4,0xb4,0xb4,0xbc,0xb5,0xb4,
    0x73,0xb4,0x73,0xb4,0x94,0xb4,0xd5,0xbc,0x15,0xc5,0x15,0xc5,0x35,0xc5,0x76,0xcd,0x56,0xcd,0xf6,0xc4,0xd4,0xbc,0xb4,0xbc,
    0x73,0xb4,0x72,0xac,0x32,0xac,0xf1,0x9b,0x11,0x9c,0x6e,0x8b,0x4e,0x83,0x8e,0x8b,0xaf,0x93,0xf0,0x93,0xd0,0x9b,0xf0,0x9b,
    0x73,0xa4,0x92,0xac,0xd4,0xb4,0x10,0x9c,0x11,0x9c,0x14,0xb5,0xf4,0xb4,0xb3,0xac,0x92,0xac,0x11,0x9c,0xce,0x93,0xf0,0x93,
    0x6e,0x83,0xaa,0x6a,0xec,0x72,0xeb,0x72,0xcb,0x6a,0x8a,0x5a,0xaa,0x62,0xaa,0x62,0x8a,0x5a,0x0d,0x6b,0x4d,0x73,0x8a,0x62,
    0x49,0x52,0x2d,0x73,0x8e,0x8b,0x0f,0x9c,0xcf,0x93,0x4d,0x83,0xae,0x8b,0xcb,0x6a,0xeb,0x72,0xae,0x93,0x8e,0x93,0x6d,0x8b,
    0x6d,0x8b,0xae,0x8b,0x6d,0x8b,0x2c,0x83,0x2b,0x83,0x4c,0x8b,0x4c,0x8b,0x8d,0x93,0xad,0x9b,0xee,0xa3,0xad,0x9b,0x8d,0x93,
    0x8d,0x93,0x8d,0x93,0x6d,0x8b,0x4c,0x83,0x0b,0x83,0x0c,0x7b,0xca,0x72,0x8a,0x6a,0x89,0x6a,0x0b,0x7b,0x6d,0x8b,0x4c,0x83,
    0xcb,0x72,0xaa,0x6a,0x69,0x62,0xe8,0x49,0xa6,0x31,0xc7,0x39,0xa6,0x39,0x08,0x42,0xe8,0x41,0xa7,0x31,0xc6,0x39,0xa7,0x39,
    0xcd,0x5a,0x53,0x8c,0xd5,0xa4,0xf6,0x9c,0xd5,0x9c,0xd5,0x9c,0xd6,0x9c,0xd5,0x9c,0x71,0xac,0x30,0x9c,0x31,0xa4,0xb2,0xb4,
    0xb2,0xb4,0xb2,0xb4,0x30,0xa4,0x91,0xac,0x92,0xb4,0x30,0xac,0xef,0x9b,0x30,0xac,0x30,0xa4,0x50,0xac,0x71,0xac,0x51,0xac,
    0x92,0xb4,0xb2,0xb4,0xb2,0xb4,0x92,0xb4,0x92,0xac,0xb3,0xb4,0xb3,0xb4,0xd3,0xb4,0xf3,0xb4,0xf4,0xbc,0xf4,0xb4,0xd3,0xb4,
    0x92,0xa4,0x4e,0x83,0x0c,0x73,0x4e,0x7b,0xf0,0x93,0x4d,0x7b,0x2e,0x73,0x6a,0x5a,0x29,0x52,0xcb,0x72,0x0c,0x73,0x2d,0x7b,
    0x4e,0x7b,0x6e,0x83,0xf0,0x93,0x51,0x9c,0xb0,0x8b,0x0d,0x73,0x8f,0x83,0xd0,0x8b,0xcd,0x6a,0x4e,0x7b,0x73,0xac,0x53,0x9c,
    0x52,0x9c,0xd4,0xb4,0xb4,0xac,0xd5,0xb4,0x93,0xac,0x53,0xa4,0x32,0xa4,0x52,0xac,0x52,0xac,0x52,0xac,0x51,0xb4,0x31,0xac,
    0xf0,0xa3,0x52,0xb4,0x52,0xb4,0x52,0xb4,0x31,0xac,0x32,0xac,0x52,0xb4,0x73,0xbc,0xd4,0xc4,0xf5,0xc4,0xd5,0xc4,0xd4,0xc4,
    0xb4,0xbc,0x32,0xb4,0x32,0xac,0x10,0xac,0x8f,0x9b,0x6e,0x93,0x2d,0x8b,0x2c,0x83,0xec,0x7a,0xec,0x7a,0xec,0x7a,0x0c,0x7b,
    0xec,0x7a,0xec,0x7a,0x0d,0x7b,0x2c,0x7b,0xaf,0x93,0x51,0xa4,0x31,0xa4,0x72,0xa4,0xd0,0x93,0x10,0x9c,0xd3,0xb4,0xb3,0xb4,
    0xb3,0xac,0x92,0xb4,0x30,0xa4,0xcf,0x8b,0x8e,0x83,0x8e,0x8b,0x2c,0x7b,0x4c,0x83,0x2c,0x7b,0x6a,0x62,0x8a,0x62,0xaa,0x62,
    0x49,0x5a,0x28,0x52,0x6a,0x52,0xab,0x62,0x49,0x5a,0x2c,0x7b,0x2d,0x73,0xef,0x93,0xce,0x93,0x2c,0x7b,0x6e,0x83,0x6d,0x83,
    0x8a,0x62,0x2c,0x7b,0xcf,0x93,0xae,0x93,0x6d,0x8b,0x4d,0x8b,0x4c,0x83,0xeb,0x7a,0x0c,0x7b,0x0b,0x7b,0x6c,0x93,0x6d,0x93,
    0x4b,0x8b,0x8d,0x93,0xee,0x9b,0x8d,0x93,0x8d,0x93,0x8d,0x93,0x4c,0x8b,0x4c,0x8b,0x0c,0x7b,0xeb,0x7a,0xcb,0x72,0xaa,0x6a,
    0xca,0x72,0x0c,0x7b,0x2b,0x83,0x2c,0x83,0xca,0x72,0x8a,0x62,0xe7,0x49,0xc7,0x39,0xc7,0x39,0xa6,0x39,0xc7,0x31,0x2a,0x52,
    0xe8,0x41,0xc6,0x39,0xa7,0x39,0xc7,0x31,0xad,0x52,0xd2,0x7b,0x13,0x84,0x12,0x84,0x13,0x84,0x33,0x7c,0x33,0x84,0x33,0x7c,
    0x10,0x9c,0xcf,0x93,0x91,0xac,0xb2,0xb4,0x71,0xb4,0x51,0xac,0xef,0x9b,0x30,0xa4,0x30,0xa4,0xef,0x9b,0xcf,0x9b,0x30,0xa4,
    0x51,0xac,0x71,0xac,0x71,0xb4,0x51,0xac,0x91,0xac,0xd3,0xb4,0xb3,0xb4,0x92,0xac,0x92,0xac,0xd3,0xb4,0x92,0xac,0xf0,0x93,
    0x92,0xa4,0xf4,0xb4,0xf4,0xb4,0xd4,0xb4,0x11,0x94,0xcf,0x8b,0xab,0x62,0xec,0x6a,0xf0,0x9b,0x0d,0x6b,0xab,0x62,0xcb,0x62,
    0x0c,0x73,0x0c,0x7b,0x4e,0x7b,0xcc,0x6a,0x4d,0x83,0xcf,0x8b,0x72,0xac,0x52,0xa4,0x31,0x9c,0xf1,0x93,0x11,0x94,0x73,0xa4,
    0xb3,0xa4,0x32,0x9c,0x52,0xa4,0xd4,0xac,0x94,0xac,0x73,0xac,0xf4,0xb4,0x73,0xb4,0x31,0xa4,0xf0,0xa3,0xf0,0xa3,0xf0,0xa3,
    0xaf,0x9b,0xef,0xa3,0xcf,0xa3,0xae,0x9b,0xcf,0xa3,0xcf,0xa3,0xcf,0xa3,0xf0,0xab,0xf0,0xab,0xf0,0xab,0x11,0xac,0x31,0xac,
    0x52,0xb4,0x11,0xb4,0x31,0xb4,0xf0,0xab,0x31,0xb4,0x11,0xac,0xcf,0xa3,0xf0,0xa3,0x6e,0x9b,0x4d,0x8b,0x2d,0x8b,0xec,0x82,
    0xcc,0x7a,0xcb,0x72,0x0c,0x83,0xec,0x7a,0xec,0x7a,0xeb,0x7a,0xcc,0x72,0xab,0x72,0xec,0x7a,0x2d,0x83,0x6e,0x83,0x8e,0x8b,
    0x8f,0x8b,0x6e,0x8b,0xcf,0x93,0x51,0xac,0x71,0xac,0xd3,0xb4,0x92,0xac,0xce,0x93,0xcf,0x93,0x10,0x9c,0xae,0x8b,0x6d,0x83,
    0x2c,0x7b,0x48,0x5a,0x8a,0x62,0xec,0x72,0xaa,0x62,0x69,0x5a,0xc7,0x41,0x28,0x4a,0x09,0x4a,0xcb,0x62,0x4d,0x7b,0xcb,0x62,
    0x8e,0x8b,0x6d,0x83,0x4c,0x7b,0x0d,0x73,0x2c,0x7b,0xcb,0x6a,0x8d,0x8b,0x6d,0x8b,0x6d,0x8b,0x2c,0x83,0x2c,0x83,0xcb,0x72,
    0xca,0x72,0xcb,0x7a,0x4c,0x8b,0x4c,0x83,0x2b,0x83,0x0b,0x83,0x8d,0x93,0x6d,0x93,0xad,0x9b,0x8d,0x8b,0x2c,0x83,0x2c,0x83,
    0x2b,0x83,0x0b,0x7b,0x0b,0x83,0xeb,0x7a,0x2c,0x83,0x0b,0x7b,0xeb,0x72,0x2b,0x83,0xeb,0x72,0xa9,0x6a,0xe7,0x49,0xa6,0x39,
    0xc7,0x41,0xa7,0x39,0xc7,0x39,0xc7,0x39,0xa7,0x31,0xc7,0x39,0xa7,0x39,0xa6,0x31,0x4b,0x4a,0x2f,0x5b,0x4f,0x63,0x2f,0x5b,
    0x2f,0x63,0x2f,0x5b,0x4f,0x63,0x50,0x5b,0xcf,0x93,0xae,0x8b,0xb2,0xb4,0xd3,0xbc,0x71,0xac,0xae,0x8b,0xef,0x9b,0x91,0xb4,
    0x92,0xb4,0x30,0xa4,0xef,0x9b,0x50,0xac,0x50,0xac,0x51,0xac,0x50,0xac,0x71,0xac,0x92,0xb4,0x92,0xb4,0x51,0xac,0x71,0xac,
    0xb3,0xb4,0x92,0xa4,0x11,0x94,0x72,0xa4,0x93,0xac,0x51,0x9c,0x72,0xa4,0x72,0xa4,0xaf,0x8b,0xaf,0x8b,0x6e,0x7b,0x6e,0x83,
    0x4d,0x7b,0x4a,0x52,0xcc,0x6a,0x0c,0x73,0x6e,0x83,0xaf,0x8b,0x0d,0x73,0x4d,0x7b,0xb0,0x8b,0xd0,0x93,0xb3,0xac,0xf4,0xb4,
    0xb4,0xac,0xd4,0xb4,0x15,0xb5,0xd4,0xb4,0xb3,0xac,0x52,0xa4,0x94,0xac,0xd5,0xb4,0xb3,0xac,0x52,0xac,0xf0,0xa3,0xaf,0x9b,
    0xaf,0x9b,0x8e,0x93,0x8e,0x9b,0x8e,0x93,0x2c,0x8b,0x4d,0x93,0x6d,0x9b,0x6e,0x93,0x8e,0x9b,0x8e,0xa3,0xcf,0xa3,0x0f,0xb4,
    0xaf,0xa3,0xcf,0xa3,0xf0,0xa3,0xf0,0xab,0xd0,0xab,0xcf,0xa3,0xd0,0xab,0x8e,0x9b,0x31,0xb4,0x52,0xb4,0xaf,0xa3,0xaf,0x9b,
    0x6e,0x93,0x4d,0x8b,0x2d,0x83,0xeb,0x7a,0xcb,0x72,0xab,0x72,0xec,0x7a,0x0c,0x83,0xeb,0x7a,0x8b,0x6a,0x8a,0x6a,0x8a,0x6a,
    0xab,0x72,0xec,0x7a,0xaa,0x72,0x0c,0x7b,0x4e,0x8b,0x8e,0x8b,0x0c,0x7b,0x4d,0x83,0xef,0x9b,0x10,0xa4,0x8e,0x8b,0x2c,0x83,
    0xcf,0x9b,0x8d,0x8b,0x6e,0x8b,0xef,0x93,0x4d,0x8b,0x69,0x62,0x69,0x5a,0x89,0x62,0x6a,0x5a,0x8a,0x62,0xc7,0x41,0xe7,0x41,
    0xc7,0x41,0x08,0x4a,0xeb,0x72,0x49,0x52,0xec,0x6a,0x6d,0x8b,0xad,0x8b,0xcb,0x6a,0x0c,0x73,0xec,0x7a,0xec,0x72,0x2c,0x83,
    0x2c,0x83,0x0c,0x7b,0x2c,0x7b,0xeb,0x7a,0xeb,0x7a,0xeb,0x7a,0x0b,0x7b,0xeb,0x82,0x4c,0x8b,0xcb,0x72,0xeb,0x7a,0xae,0x93,
    0xad,0x93,0x2c,0x83,0xeb,0x7a,0x4c,0x8b,0x2c,0x83,0x0b,0x7b,0xeb,0x7a,0xeb,0x72,0xaa,0x6a,0x69,0x62,0xcb,0x72,0xcb,0x72,
    0x0b,0x7b,0x0c,0x7b,0x08,0x52,0xc7,0x41,0xa6,0x39,0xc7,0x39,0xa6,0x31,0xc7,0x39,0xa6,0x39,0xc7,0x31,0xc6,0x39,0xa7,0x31,
    0x2a,0x42,0x8c,0x4a,0x8d,0x42,0x8c,0x4a,0x8c,0x42,0x8c,0x42,0x8d,0x4a,0x8c,0x42,0x30,0x9c,0x51,0xa4,0xf3,0xbc,0xf3,0xbc,
    0x30,0xa4,0x8d,0x8b,0xef,0x9b,0x92,0xb4,0xb1,0xb4,0x30,0xa4,0x30,0xa4,0x30,0xac,0x30,0xac,0x92,0xb4,0x71,0xac,0x71,0xac,
    0x92,0xac,0x51,0x9c,0x10,0x9c,0x31,0xa4,0xcf,0x8b,0xb0,0x8b,0x93,0xa4,0xb3,0xac,0xf1,0x8b,0x31,0x9c,0x72,0xac,0xf0,0x8b,
    0xec,0x72,0x2d,0x73,0x6e,0x83,0x6e,0x83,0x8b,0x5a,0xab,0x62,0x0c,0x73,0x2d,0x7b,0xaf,0x8b,0x6e,0x83,0xaf,0x8b,0xd0,0x93,
    0x52,0x9c,0xb3,0xb4,0xf4,0xb4,0xf5,0xb4,0xf5,0xb4,0xf5,0xb4,0x15,0xb5,0xd4,0xb4,0x93,0xac,0x73,0xac,0xb3,0xac,0x93,0xac,
    0x11,0xa4,0xaf,0x93,0x8e,0x93,0x2d,0x93,0x4d,0x8b,0x4d,0x93,0x4c,0x8b,0x2d,0x93,0x2c,0x8b,0x2d,0x8b,0x6d,0x93,0x4d,0x93,
    0x6d,0x9b,0x8e,0x9b,0xae,0xa3,0xcf,0xa3,0xae,0xa3,0xef,0xab,0xaf,0xa3,0xd0,0xa3,0xaf,0xa3,0xcf,0xa3,0xcf,0xa3,0x8f,0x9b,
    0xd0,0xab,0x10,0xac,0xcf,0xa3,0x6e,0x9b,0x2d,0x8b,0x2d,0x8b,0xeb,0x82,0xcc,0x7a,0x0c,0x83,0x0c,0x83,0x4d,0x8b,0x0c,0x7b,
    0xcb,0x72,0xab,0x72,0xcb,0x72,0xaa,0x6a,0x8a,0x6a,0x8a,0x6a,0x49,0x62,0x8a,0x6a,0xec,0x72,0xcb,0x72,0xec,0x7a,0xec,0x72,
    0x4d,0x8b,0xae,0x8b,0xae,0x93,0x4d,0x8b,0x4c,0x83,0x2c,0x83,0x8d,0x93,0x6d,0x8b,0x6c,0x8b,0xeb,0x72,0x89,0x6a,0xab,0x6a,
    0x28,0x52,0x08,0x4a,0xe7,0x49,0xc7,0x39,0xe7,0x41,0x09,0x4a,0x69,0x5a,0x48,0x5a,0x49,0x52,0xcb,0x6a,0xef,0x93,0x0b,0x73,
    0x69,0x62,0xaa,0x6a,0xcb,0x6a,0x0c,0x7b,0x4c,0x83,0x2c,0x83,0x4c,0x83,0xcb,0x72,0xca,0x72,0x2c,0x83,0x2b,0x83,0x0b,0x83,
    0x2c,0x83,0xeb,0x7a,0x89,0x6a,0xae,0x9b,0x6d,0x8b,0xea,0x72,0x69,0x62,0x2c,0x83,0x4c,0x8b,0x0c,0x83,0xeb,0x7a,0x2c,0x7b,
    0xeb,0x7a,0x69,0x5a,0xca,0x72,0xeb,0x7a,0x0c,0x73,0xeb,0x72,0x49,0x5a,0x28,0x5a,0xe8,0x49,0xa6,0x31,0xc7,0x39,0xc7,0x31,
    0xa7,0x39,0xc6,0x39,0xa7,0x39,0xc7,0x39,0xc9,0x31,0x0a,0x32,0xea,0x39,0x0a,0x32,0x0b,0x3a,0x0a,0x3a,0x2b,0x3a,0x2b,0x3a,
    0x30,0x9c,0x72,0xac,0xf3,0xbc,0xd2,0xb4,0xef,0x93,0xcf,0x93,0x30,0xa4,0x51,0xac,0x30,0xa4,0x10,0xa4,0x30,0xac,0x50,0xac,
    0x71,0xac,0x71,0xac,0x51,0xac,0xae,0x8b,0x31,0xa4,0x6e,0x73,0xcc,0x6a,0x2d,0x73,0xcc,0x6a,0x8e,0x8b,0x31,0x9c,0x8f,0x7b,
    0x6e,0x83,0x10,0x9c,0xce,0x8b,0x0d,0x73,0x4c,0x7b,0x2d,0x7b,0x2d,0x7b,0x6a,0x5a,0x6a,0x5a,0xec,0x72,0x0d,0x73,0x6e,0x7b,
    0x8f,0x8b,0x8f,0x8b,0x11,0x9c,0xd4,0xb4,0xf4,0xb4,0x35,0xbd,0x15,0xbd,0xf5,0xb4,0xd5,0xb4,0xf5,0xb4,0xd4,0xb4,0xb3,0xb4,
    0xb4,0xb4,0xb3,0xb4,0x52,0xac,0xd0,0x9b,0x8e,0x93,0x2c,0x8b,0x0c,0x83,0x0c,0x8b,0x0c,0x83,0x2c,0x8b,0x0c,0x83,0x0c,0x83,
    0x4d,0x8b,0x4d,0x93,0x6d,0x93,0x2d,0x8b,0x2d,0x8b,0x6d,0x93,0x6e,0x9b,0x6d,0x9b,0x8e,0x9b,0xaf,0xa3,0x8e,0x9b,0x10,0xac,
    0x6e,0x9b,0x6d,0x9b,0x4e,0x9b,0x6d,0x9b,0x6e,0x9b,0xcf,0xa3,0xaf,0x9b,0x6e,0x9b,0x2c,0x8b,0x0c,0x83,0xcb,0x7a,0xeb,0x7a,
    0x4d,0x8b,0x4d,0x8b,0x0d,0x83,0xeb,0x7a,0x0c,0x83,0xeb,0x72,0xaa,0x72,0x6a,0x6a,0x28,0x62,0x29,0x5a,0x29,0x5a,0x28,0x62,
    0x08,0x62,0x69,0x62,0x4a,0x62,0x8a,0x6a,0x8b,0x6a,0x0c,0x7b,0xaf,0x93,0x6d,0x8b,0x2d,0x83,0x0c,0x83,0x4c,0x83,0x0b,0x7b,
    0x0b,0x7b,0xeb,0x7a,0x2c,0x7b,0xeb,0x72,0x48,0x5a,0x6a,0x62,0xe7,0x49,0xc7,0x41,0x29,0x52,0x48,0x52,0x08,0x52,0x08,0x4a,
    0x08,0x4a,0x29,0x52,0x69,0x5a,0xcb,0x6a,0x69,0x62,0x8a,0x62,0x0b,0x73,0x4d,0x83,0x2c,0x83,0x6d,0x83,0x2c,0x83,0xca,0x72,
    0xca,0x72,0xcb,0x7a,0x2c,0x83,0x4c,0x8b,0xeb,0x7a,0xa9,0x6a,0xca,0x72,0x4c,0x8b,0x0b,0x7b,0xaa,0x6a,0x49,0x62,0x0b,0x7b,
    0x2c,0x8b,0xaa,0x6a,0xca,0x72,0x4c,0x8b,0xaa,0x6a,0x89,0x62,0xcb,0x72,0xaa,0x6a,0x89,0x62,0x8a,0x62,0x08,0x52,0x08,0x5a,
    0xe7,0x49,0xa7,0x39,0xc6,0x39,0xa7,0x39,0xc6,0x31,0xa7,0x39,0xc7,0x31,0xa6,0x39,0xc8,0x31,0xc8,0x31,0xc8,0x31,0xc9,0x31,
    0xc9,0x31,0xc9,0x31,0xea,0x39,0x0a,0x3a,0x8e,0x8b,0x0f,0x9c,0x31,0xa4,0x0f,0x9c,0x4d,0x83,0xef,0x9b,0x10,0xa4,0x2f,0xa4,
    0x30,0xac,0x0f,0x9c,0x0f,0xa4,0x71,0xac,0x51,0xac,0x30,0xac,0x30,0xac,0x4d,0x83,0xcf,0x9b,0x31,0xa4,0x0c,0x73,0xec,0x6a,
    0x4d,0x7b,0x8e,0x8b,0x2d,0x73,0x0c,0x73,0xae,0x93,0xae,0x83,0x6e,0x7b,0x0c,0x7b,0x2d,0x7b,0x0c,0x73,0x2d,0x73,0x6a,0x5a,
    0xaa,0x62,0x6a,0x5a,0xeb,0x72,0x2d,0x7b,0x10,0x94,0x32,0x9c,0xf4,0xb4,0x56,0xbd,0x15,0xbd,0xf5,0xb4,0x15,0xbd,0xd5,0xb4,
    0xd4,0xb4,0xf5,0xb4,0xd4,0xbc,0xb4,0xb4,0x72,0xac,0xf0,0x9b,0x6e,0x93,0x0c,0x83,0xeb,0x82,0xcb,0x82,0xec,0x82,0xeb,0x82,
    0x0d,0x83,0x2c,0x8b,0x2d,0x8b,0x2c,0x83,0x4d,0x8b,0x4d,0x8b,0x4d,0x8b,0x4c,0x8b,0x2c,0x8b,0x4d,0x93,0x6d,0x9b,0x4d,0x93,
    0x8e,0x9b,0x6d,0x9b,0x6e,0x9b,0xae,0xa3,0x2d,0x93,0x4d,0x93,0x4d,0x93,0x0c,0x93,0x8e,0x9b,0x4d,0x9b,0x4d,0x93,0x6d,0x93,
    0xcc,0x82,0xeb,0x7a,0x0d,0x83,0x0c,0x83,0xec,0x7a,0x0c,0x7b,0xec,0x82,0xec,0x7a,0x0c,0x7b,0xcb,0x7a,0x6a,0x6a,0x29,0x62,
    0x08,0x5a,0x08,0x5a,0xe8,0x51,0xe7,0x51,0xc7,0x49,0xc7,0x51,0xe7,0x51,0x08,0x5a,0x49,0x62,0x6a,0x6a,0x0c,0x83,0x0c,0x7b,
    0x0c,0x7b,0xeb,0x7a,0xcb,0x72,0x8a,0x72,0x8a,0x6a,0x0c,0x7b,0x0b,0x7b,0xeb,0x7a,0xab,0x6a,0x8a,0x6a,0x29,0x5a,0xc7,0x41,
    0x08,0x4a,0x08,0x52,0x28,0x52,0x8a,0x62,0x29,0x52,0xe7,0x49,0x29,0x52,0x49,0x5a,0xaa,0x62,0xcb,0x6a,0x89,0x62,0x2c,0x83,
    0x4c,0x83,0x6d,0x8b,0x2c,0x83,0x0c,0x83,0xeb,0x7a,0xca,0x72,0x2c,0x83,0x2b,0x83,0x0b,0x83,0xca,0x72,0xca,0x72,0x2c,0x83,
    0x0b,0x7b,0xaa,0x72,0x69,0x62,0xeb,0x7a,0x4c,0x83,0xca,0x72,0x2c,0x7b,0xeb,0x7a,0x69,0x5a,0x6a,0x62,0xaa,0x62,0x49,0x5a,
    0x69,0x62,0x8a,0x6a,0xe7,0x49,0xc6,0x41,0xc7,0x41,0xc7,0x39,0xa7,0x31,0xc7,0x39,0xc7,0x39,0xa6,0x39,0xc7,0x31,0xc7,0x39,
    0xa7,0x39,0xc7,0x39,0xa7,0x39,0xc7,0x39,0xc7,0x31,0xc8,0x31,0xc8,0x31,0xc9,0x31,0x2c,0x7b,0xae,0x93,0xcf,0x93,0x6d,0x83,
    0x2c,0x7b,0x6d,0x8b,0xef,0x9b,0x71,0xac,0x92,0xb4,0x30,0xac,0x30,0xa4,0x51,0xac,0x50,0xac,0x30,0xa4,0x71,0xac,0x6e,0x83,
    0x6d,0x8b,0x51,0xa4,0x6e,0x83,0xf0,0x9b,0x10,0x94,0xf0,0x93,0x2c,0x7b,0xf0,0x93,0x2d,0x73,0x2d,0x7b,0x4d,0x7b,0x4d,0x7b,
    0xec,0x6a,0x2d,0x7b,0x8a,0x6a,0xab,0x62,0x49,0x52,0x29,0x5a,0x4d,0x7b,0x8f,0x8b,0xd0,0x93,0xb3,0xac,0xf5,0xb4,0x36,0xbd,
    0x15,0xbd,0xf5,0xbc,0xf5,0xb4,0x16,0xbd,0x16,0xb5,0xd4,0xb4,0xb4,0xb4,0x51,0xa4,0x6e,0x93,0x2d,0x83,0xcb,0x7a,0xaa,0x7a,
    0xab,0x7a,0xaa,0x72,0xcb,0x7a,0xec,0x82,0xeb,0x7a,0x0c,0x83,0x0c,0x83,0x2d,0x8b,0x4d,0x8b,0x2c,0x83,0x2c,0x8b,0x0c,0x83,
    0x0c,0x8b,0xeb,0x82,0x2c,0x8b,0x4d,0x93,0x2c,0x8b,0x8e,0x9b,0x4d,0x93,0x0c,0x8b,0xec,0x8a,0x0c,0x8b,0x0c,0x8b,0xec,0x8a,
    0xec,0x8a,0x2c,0x8b,0x0c,0x93,0x4d,0x93,0x2d,0x8b,0x0c,0x8b,0xeb,0x7a,0xcb,0x7a,0xcb,0x7a,0xeb,0x7a,0xec,0x82,0xcb,0x7a,
    0xcb,0x72,0xab,0x72,0x69,0x62,0x49,0x62,0x29,0x5a,0x08,0x52,0xe8,0x51,0xc7,0x49,0xa7,0x41,0xc7,0x41,0xa7,0x41,0xc7,0x49,
    0xc7,0x59,0xe7,0x59,0x28,0x5a,0x49,0x6a,0xcb,0x7a,0xcb,0x7a,0xcb,0x72,0xeb,0x7a,0xaa,0x72,0x69,0x62,0x49,0x5a,0x6a,0x62,
    0xaa,0x6a,0x89,0x6a,0x69,0x62,0x28,0x52,0x8a,0x62,0x49,0x5a,0x8a,0x62,0x89,0x62,0xc7,0x41,0xe7,0x41,0x49,0x5a,0x08,0x4a,
    0x69,0x62,0x2c,0x7b,0x8a,0x62,0x2c,0x7b,0x2c,0x7b,0x6d,0x8b,0x8d,0x8b,0x6d,0x8b,0x0b,0x7b,0x0b,0x83,0x2c,0x83,0x2c,0x83,
    0x2c,0x83,0x4c,0x8b,0x89,0x6a,0x0b,0x83,0x8d,0x93,0xeb,0x72,0xa9,0x6a,0xeb,0x7a,0xeb,0x72,0xcb,0x72,0x4c,0x83,0xca,0x72,
    0xe7,0x49,0xc7,0x49,0x28,0x52,0x69,0x62,0xaa,0x6a,0x8a,0x62,0xe7,0x49,0xe8,0x51,0xc7,0x41,0xc6,0x31,0xa7,0x39,0xc6,0x39,
    0xa7,0x31,0xc7,0x39,0xa6,0x39,0xc7,0x31,0xa6,0x39,0xc7,0x31,0xa6,0x39,0xc7,0x31,0xa6,0x39,0xa7,0x39,0xc7,0x39,0xc7,0x31,
    0x2c,0x7b,0xef,0x93,0xae,0x93,0x4c,0x83,0xae,0x93,0x8e,0x8b,0xce,0x9b,0x71,0xac,0x71,0xac,0x10,0xa4,0x30,0xa4,0x71,0xb4,
    0x30,0xa4,0xef,0x9b,0x31,0xa4,0x51,0xa4,0xef,0x9b,0x10,0x9c,0xaf,0x8b,0x71,0xa4,0x51,0xa4,0x30,0x9c,0xec,0x6a,0x4d,0x7b,
    0x0c,0x73,0x0c,0x73,0x4d,0x7b,0x4d,0x7b,0xcb,0x6a,0xeb,0x72,0x8a,0x62,0x49,0x5a,0x28,0x52,0x2d,0x83,0xef,0x93,0xf0,0x93,
    0x72,0xa4,0x15,0xbd,0x77,0xc5,0x36,0xc5,0x15,0xbd,0x16,0xbd,0xd5,0xac,0xf5,0xb4,0x93,0xac,0x52,0xa4,0xf0,0x9b,0x8f,0x8b,
    0x0c,0x83,0xcb,0x7a,0x6a,0x72,0x8a,0x6a,0xaa,0x72,0xab,0x72,0xcb,0x7a,0x0c,0x7b,0x0c,0x83,0xec,0x7a,0x0c,0x83,0x2c,0x83,
    0x0c,0x83,0xcb,0x7a,0x2d,0x8b,0x0c,0x83,0xcb,0x7a,0x8a,0x72,0xcb,0x7a,0x0c,0x8b,0x0c,0x83,0x4d,0x93,0x8a,0x7a,0xcb,0x82,
    0xcb,0x82,0xcb,0x82,0x0c,0x93,0xca,0x82,0xab,0x82,0x0c,0x8b,0xec,0x8a,0x0c,0x8b,0x2c,0x8b,0x0c,0x8b,0xcb,0x7a,0xab,0x7a,
    0x8a,0x72,0x8a,0x72,0xab,0x72,0xcb,0x7a,0xaa,0x72,0x6a,0x6a,0x29,0x62,0x49,0x62,0x08,0x5a,0xe8,0x51,0xc7,0x51,0xc7,0x41,
    0xc7,0x41,0xa6,0x39,0xc7,0x41,0xc6,0x41,0xc7,0x49,0xc7,0x51,0xc7,0x51,0xc7,0x51,0x28,0x62,0x08,0x5a,0x89,0x6a,0xca,0x72,
    0x69,0x62,0x08,0x52,0x29,0x5a,0x08,0x5a,0x28,0x52,0x8a,0x6a,0x6a,0x62,0xca,0x72,0x4c,0x83,0xaa,0x6a,0xca,0x72,0x8a,0x6a,
    0xc7,0x39,0xe7,0x41,0x29,0x5a,0xc7,0x41,0x48,0x52,0x2c,0x7b,0x8a,0x62,0xcb,0x6a,0xeb,0x7a,0x4d,0x8b,0x8d,0x93,0x4c,0x8b,
    0x2c,0x8b,0x2c,0x83,0x2b,0x83,0x0b,0x83,0x2b,0x83,0x2c,0x83,0xaa,0x72,0xea,0x72,0x6d,0x8b,0xcb,0x72,0xaa,0x6a,0x0b,0x83,
    0x69,0x62,0xeb,0x7a,0x6d,0x8b,0x8a,0x6a,0xa6,0x39,0xc7,0x49,0x08,0x5a,0x8a,0x6a,0xaa,0x6a,0x49,0x5a,0x08,0x52,0xe7,0x51,
    0xc7,0x41,0xc7,0x39,0xa7,0x31,0xc7,0x39,0xc6,0x39,0xa7,0x31,0xc7,0x39,0xc7,0x39,0xa7,0x39,0xc6,0x39,0xc7,0x31,0xa7,0x39,
    0xc7,0x39,0xc6,0x31,0xa7,0x39,0xc7,0x39,0xae,0x8b,0x10,0xa4,0xef,0x93,0x8d,0x93,0xcf,0x9b,0x4c,0x7b,0xce,0x93,0x50,0xac,
    0x91,0xb4,0x51,0xac,0x30,0xa4,0x50,0xac,0x51,0xac,0x30,0xac,0x30,0xa4,0x71,0xac,0x31,0xa4,0x30,0x9c,0xaf,0x8b,0xef,0x93,
    0x93,0xac,0xaf,0x83,0xaa,0x62,0x2c,0x7b,0x4d,0x7b,0x2d,0x7b,0x4d,0x83,0xeb,0x72,0xec,0x72,0x8a,0x62,0xab,0x6a,0xaa,0x6a,
    0x2d,0x83,0x10,0x94,0xf0,0x9b,0xb3,0xac,0xf5,0xbc,0x15,0xb5,0x77,0xc5,0x36,0xc5,0x36,0xbd,0x16,0xbd,0xf5,0xb4,0x93,0xb4,
    0x52,0xa4,0xaf,0x93,0x0d,0x7b,0xec,0x82,0xec,0x7a,0xaa,0x72,0x6a,0x6a,0x69,0x6a,0x8a,0x72,0xab,0x72,0xcb,0x72,0xec,0x82,
    0x2d,0x83,0xeb,0x7a,0xeb,0x7a,0x2d,0x8b,0xeb,0x7a,0xcb,0x7a,0xcb,0x7a,0xaa,0x72,0xaa,0x7a,0x49,0x6a,0xaa,0x7a,0xaa,0x7a,
    0xcb,0x7a,0xeb,0x82,0x49,0x72,0x0c,0x8b,0x49,0x6a,0xaa,0x7a,0xcb,0x82,0xaa,0x7a,0xaa,0x7a,0xcb,0x82,0x0c,0x8b,0xeb,0x82,
    0xec,0x8a,0x0c,0x8b,0xcb,0x82,0xaa,0x7a,0x8a,0x72,0x49,0x6a,0x8a,0x72,0xaa,0x72,0x8b,0x72,0x49,0x62,0x28,0x62,0x29,0x62,
    0x08,0x5a,0xe8,0x51,0xe7,0x51,0xc7,0x51,0xc7,0x41,0xc7,0x41,0xa6,0x39,0xc7,0x41,0xa7,0x41,0xc6,0x41,0xc7,0x41,0xc6,0x49,
    0xa7,0x41,0xc6,0x49,0xc7,0x51,0x08,0x5a,0x08,0x52,0x08,0x5a,0xc7,0x49,0xe7,0x49,0xc7,0x49,0x08,0x4a,0x28,0x5a,0xaa,0x6a,
    0xeb,0x72,0xcb,0x72,0x0b,0x73,0x89,0x62,0xc7,0x49,0x49,0x52,0xcb,0x6a,0xe7,0x41,0xc7,0x41,0x8a,0x62,0x89,0x62,0x49,0x62,
    0x8a,0x62,0x4c,0x83,0x8e,0x93,0x4c,0x83,0x2c,0x83,0x4c,0x8b,0x2c,0x83,0x4c,0x83,0x0b,0x83,0x2b,0x83,0xca,0x72,0x2c,0x83,
    0x8d,0x8b,0xca,0x72,0xca,0x72,0xca,0x72,0xaa,0x6a,0x2c,0x7b,0xcb,0x72,0xe7,0x41,0xc7,0x41,0xe7,0x49,0x08,0x52,0x48,0x5a,
    0x29,0x5a,0x49,0x5a,0x28,0x5a,0xe7,0x49,0xa7,0x39,0xc7,0x39,0xc6,0x39,0xa7,0x31,0xc7,0x39,0xc6,0x39,0xa7,0x31,0xc6,0x39,
    0xc7,0x31,0xa7,0x39,0xc7,0x39,0xa6,0x39,0xc7,0x31,0xa7,0x39,0xc7,0x39,0xa7,0x31,0xef,0x9b,0x50,0xa4,0xef,0x9b,0xef,0x9b,
    0xce,0x93,0x4d,0x83,0xae,0x93,0x30,0xac,0x31,0xa4,0x50,0xa4,0x30,0xac,0x71,0xac,0x51,0xac,0x50,0xa4,0x71,0xac,0x71,0xac,
    0x51,0xa4,0x72,0xac,0x30,0x9c,0x8e,0x8b,0x10,0x94,0x4d,0x7b,0x49,0x52,0x29,0x52,0x6d,0x83,0x6d,0x83,0xaa,0x62,0x0c,0x73,
    0x69,0x5a,0x49,0x5a,0x0c,0x7b,0x6e,0x83,0x8e,0x8b,0x8f,0x8b,0x51,0xa4,0xb3,0xac,0x15,0xb5,0x57,0xc5,0x36,0xc5,0x56,0xc5,
    0x16,0xbd,0xf5,0xc4,0xd5,0xb4,0x52,0xac,0xd0,0x93,0x0d,0x7b,0xcb,0x72,0xab,0x72,0x8a,0x6a,0x6a,0x6a,0x49,0x62,0x6a,0x6a,
    0xaa,0x72,0x8a,0x72,0xaa,0x72,0x2c,0x83,0xcb,0x7a,0x8a,0x7a,0xec,0x7a,0x0c,0x83,0x8a,0x7a,0xaa,0x72,0xcb,0x7a,0x49,0x6a,
    0x8a,0x72,0x49,0x6a,0x8a,0x72,0xaa,0x7a,0xab,0x7a,0xcb,0x7a,0x89,0x72,0xcb,0x82,0x49,0x72,0x8a,0x7a,0x8a,0x7a,0x6a,0x7a,
    0x6a,0x7a,0xcb,0x82,0xcb,0x82,0xeb,0x82,0xec,0x8a,0x6d,0x9b,0x4d,0x93,0xab,0x7a,0x8a,0x72,0x49,0x72,0x8a,0x72,0x8a,0x7a,
    0x49,0x6a,0x29,0x62,0x28,0x62,0x49,0x6a,0x29,0x62,0x08,0x5a,0xc7,0x51,0xc7,0x49,0xa6,0x41,0xc7,0x41,0xa7,0x41,0xc6,0x39,
    0xa7,0x41,0xc6,0x41,0xa7,0x41,0xc7,0x41,0xa6,0x41,0xc7,0x41,0xc7,0x41,0xa7,0x41,0xc6,0x39,0xe8,0x49,0xc7,0x41,0xc7,0x41,
    0xc7,0x49,0x08,0x52,0x08,0x52,0x28,0x5a,0x69,0x62,0xaa,0x6a,0xca,0x72,0xaa,0x6a,0x28,0x52,0xe7,0x49,0x29,0x4a,0x28,0x52,
    0x08,0x52,0xa6,0x41,0x29,0x52,0x2c,0x7b,0x2c,0x7b,0x4c,0x8b,0x6c,0x8b,0x8d,0x93,0x4c,0x8b,0x2b,0x83,0x0b,0x7b,0x2c,0x8b,
    0x4c,0x83,0xca,0x72,0xaa,0x72,0x4d,0x83,0x2c,0x83,0xaa,0x6a,0x0c,0x7b,0x0c,0x7b,0xeb,0x7a,0xca,0x72,0x28,0x5a,0xa7,0x41,
    0x07,0x52,0x28,0x5a,0xc7,0x49,0x08,0x52,0xe7,0x51,0x29,0x52,0x4a,0x5a,0xc7,0x39,0xc6,0x39,0xa7,0x39,0xc7,0x39,0xa6,0x39,
    0xc7,0x31,0xa7,0x39,0xc7,0x39,0xa6,0x39,0xc7,0x39,0xa6,0x31,0xc7,0x39,0xc7,0x31,0xa6,0x39,0xc7,0x39,0xc6,0x31,0xa7,0x39,
    0x6d,0x8b,0x30,0xa4,0x10,0x9c,0x8d,0x8b,0x4d,0x83,0xae,0x93,0xce,0x93,0x51,0xa4,0x30,0xa4,0xef,0x9b,0x0f,0xa4,0x51,0xac,
    0x71,0xac,0x30,0xa4,0x51,0xac,0x51,0xa4,0x71,0xac,0x51,0xa4,0x51,0xa4,0xf0,0x93,0x8f,0x83,0x6a,0x5a,0xe8,0x41,0x69,0x62,
    0xec,0x72,0x0c,0x73,0x6a,0x62,0xeb,0x72,0xc7,0x49,0xcb,0x6a,0x8e,0x8b,0xef,0x93,0x6e,0x8b,0xaf,0x8b,0xf0,0x93,0x31,0xa4,
    0xd4,0xb4,0x77,0xc5,0x97,0xc5,0x36,0xc5,0xd5,0xbc,0xb3,0xb4,0xf0,0x9b,0x6e,0x8b,0xcb,0x72,0x8b,0x6a,0x8a,0x6a,0x6a,0x6a,
    0x49,0x62,0x29,0x62,0x28,0x62,0x6a,0x6a,0x8a,0x72,0xcb,0x72,0xab,0x7a,0x6d,0x93,0xaa,0x7a,0xcb,0x7a,0xaa,0x7a,0xeb,0x82,
    0xaa,0x7a,0x8a,0x7a,0xcb,0x7a,0x28,0x6a,0x8a,0x72,0x28,0x62,0x8a,0x72,0x29,0x6a,0x8a,0x72,0x8a,0x7a,0x6a,0x72,0x8a,0x7a,
    0x28,0x6a,0x6a,0x72,0xaa,0x7a,0x49,0x72,0x69,0x72,0xcb,0x82,0xab,0x7a,0xaa,0x7a,0x0c,0x93,0x8e,0x9b,0xaf,0xa3,0x0c,0x93,
    0xcb,0x82,0x8a,0x72,0x49,0x72,0x28,0x62,0x29,0x6a,0x28,0x62,0x8a,0x7a,0x29,0x62,0xe8,0x59,0xe7,0x59,0xc7,0x51,0xc7,0x51,
    0xc7,0x49,0xa6,0x39,0xc7,0x39,0xc7,0x41,0xa7,0x39,0xc7,0x41,0xa6,0x41,0xc7,0x41,0xc7,0x41,0xa7,0x39,0xc6,0x39,0xc7,0x31,
    0xa7,0x39,0xc6,0x39,0xa7,0x39,0xc6,0x39,0xc7,0x41,0xe8,0x51,0x08,0x52,0x08,0x52,0x28,0x5a,0x49,0x5a,0x69,0x62,0xcb,0x72,
    0x89,0x6a,0xa7,0x39,0xc7,0x41,0x49,0x5a,0x69,0x62,0x07,0x4a,0xe7,0x41,0xcb,0x6a,0x0b,0x83,0x4c,0x83,0x2c,0x8b,0x6d,0x8b,
    0x4d,0x8b,0xeb,0x7a,0xea,0x7a,0x0b,0x83,0x2b,0x83,0xaa,0x6a,0xca,0x72,0x4c,0x7b,0x4d,0x7b,0xeb,0x72,0x0c,0x7b,0x2b,0x83,
    0xaa,0x6a,0x8a,0x6a,0x08,0x52,0x07,0x52,0x49,0x62,0x49,0x62,0x08,0x5a,0x08,0x52,0xc7,0x49,0xc7,0x41,0xc7,0x39,0xc7,0x39,
    0xc7,0x41,0xa7,0x39,0xc6,0x31,0xa7,0x39,0xc7,0x39,0xa6,0x31,0xc7,0x39,0xa7,0x31,0xc7,0x39,0xc7,0x39,0xa7,0x31,0xc7,0x39,
    0xa7,0x31,0xc7,0x39,0xa8,0x31,0xc8,0x31,0xcb,0x6a,0x6d,0x83,0x6d,0x7b,0xeb,0x6a,0x0b,0x7b,0xcf,0x93,0xcf,0x9b,0x0f,0xa4,
    0xef,0x9b,0xcf,0x9b,0x0f,0xa4,0x30,0xa4,0x30,0xa4,0x10,0xa4,0x50,0xa4,0x31,0xa4,0xef,0x93,0xaf,0x8b,0xaf,0x8b,0x31,0x9c,
    0xcf,0x8b,0x0d,0x73,0xcb,0x62,0x29,0x4a,0xaa,0x6a,0x2c,0x73,0xcb,0x6a,0xeb,0x72,0x0c,0x7b,0x0c,0x7b,0x2d,0x7b,0x2c,0x7b,
    0x2c,0x7b,0x4d,0x83,0x2c,0x7b,0x6e,0x83,0xb4,0xac,0x98,0xcd,0x77,0xc5,0x94,0xb4,0x11,0xac,0xb0,0xa3,0x2d,0x83,0xcc,0x7a,
    0x6a,0x6a,0x29,0x62,0x29,0x62,0x49,0x62,0x49,0x62,0x29,0x62,0x28,0x5a,0x8a,0x72,0xcb,0x7a,0x2c,0x8b,0xaa,0x7a,0x4d,0x93,
    0xeb,0x82,0xec,0x82,0x49,0x72,0xec,0x82,0xaa,0x82,0x8a,0x72,0xab,0x82,0xe8,0x61,0xaa,0x72,0x29,0x6a,0x49,0x6a,0x28,0x6a,
    0x8a,0x72,0x28,0x6a,0x69,0x72,0x29,0x72,0x08,0x6a,0xaa,0x82,0xab,0x82,0x28,0x72,0x69,0x7a,0x6a,0x7a,0x69,0x7a,0xab,0x82,
    0x0c,0x93,0x0c,0x93,0x4d,0x9b,0xaa,0x7a,0x49,0x72,0x69,0x72,0x29,0x6a,0xe7,0x61,0x49,0x72,0x49,0x72,0x8a,0x7a,0x08,0x6a,
    0x08,0x62,0xc7,0x51,0xa7,0x51,0xc7,0x49,0xa7,0x41,0xc7,0x41,0xa6,0x39,0xc7,0x41,0xc6,0x39,0xa7,0x39,0xc7,0x39,0xa6,0x31,
    0xc7,0x39,0xa6,0x39,0xc7,0x39,0xa7,0x39,0xc6,0x39,0xc7,0x31,0xa7,0x39,0xc7,0x39,0xc7,0x39,0xc6,0x41,0xc7,0x49,0xe7,0x49,
    0xe8,0x51,0xe7,0x51,0x08,0x4a,0x48,0x5a,0x28,0x5a,0xe7,0x49,0xc7,0x41,0x28,0x52,0xcb,0x6a,0x08,0x52,0x49,0x5a,0x29,0x52,
    0x8a,0x6a,0xeb,0x7a,0x2c,0x83,0x4c,0x8b,0x4c,0x8b,0xeb,0x7a,0xea,0x7a,0xcb,0x72,0xeb,0x7a,0x69,0x62,0x89,0x62,0xeb,0x7a,
    0x0c,0x73,0x4c,0x83,0xca,0x72,0xca,0x72,0x69,0x62,0x49,0x5a,0xe8,0x49,0x08,0x52,0x69,0x62,0x48,0x62,0x28,0x52,0xe7,0x49,
    0xc6,0x39,0xc7,0x39,0xa6,0x39,0xa7,0x41,0xc7,0x39,0xa7,0x31,0xc7,0x39,0xc6,0x39,0xa7,0x31,0xc7,0x39,0xc6,0x39,0xc7,0x39,
    0xa6,0x31,0xc7,0x39,0xa7,0x39,0xc7,0x31,0xc8,0x39,0xc9,0x31,0xc9,0x31,0xea,0x31,0x49,0x52,0x49,0x5a,0xec,0x72,0x0c,0x73,
    0x2c,0x7b,0x8e,0x8b,0xad,0x8b,0xcf,0x93,0x8e,0x8b,0xce,0x93,0x30,0xa4,0x51,0xa4,0xef,0xa3,0x30,0xa4,0x31,0xa4,0x30,0xa4,
    0x8e,0x8b,0xf0,0x93,0xcf,0x8b,0x51,0xa4,0xf0,0x8b,0x2d,0x73,0x2d,0x7b,0xaa,0x62,0xec,0x72,0xab,0x6a,0x6a,0x62,0xcb,0x6a,
    0x0c,0x7b,0xeb,0x72,0x0c,0x7b,0x2c,0x7b,0xab,0x72,0xab,0x6a,0xcc,0x6a,0xec,0x72,0x73,0x9c,0x57,0xbd,0x94,0xb4,0xb0,0x93,
    0xec,0x82,0xac,0x7a,0x6a,0x72,0x29,0x62,0x29,0x62,0x29,0x62,0x29,0x62,0x29,0x62,0x29,0x62,0x29,0x62,0x28,0x62,0x8a,0x6a,
    0xaa,0x72,0x2d,0x8b,0xaa,0x82,0x6d,0x93,0xcb,0x82,0x0c,0x8b,0xca,0x82,0xeb,0x8a,0xec,0x8a,0x69,0x7a,0xcb,0x82,0xcb,0x82,
    0x69,0x7a,0x28,0x62,0x49,0x62,0x69,0x72,0x8a,0x72,0x29,0x6a,0x69,0x72,0x8a,0x7a,0x49,0x7a,0xcb,0x8a,0x2c,0x9b,0xab,0x8a,
    0x0c,0x93,0xaa,0x8a,0xab,0x82,0xaa,0x8a,0xab,0x8a,0xca,0x8a,0x8a,0x82,0x29,0x6a,0xe8,0x69,0x28,0x6a,0x29,0x72,0x8a,0x82,
    0xec,0x8a,0x0d,0x93,0xab,0x82,0x08,0x72,0xe8,0x59,0xa6,0x49,0xa7,0x49,0xa6,0x41,0xa6,0x39,0xc7,0x39,0xa7,0x39,0xc6,0x41,
    0xa7,0x31,0xc6,0x31,0xc7,0x39,0xc7,0x39,0xa7,0x39,0xc7,0x31,0xc7,0x39,0xa6,0x31,0xc7,0x39,0xa7,0x39,0xc6,0x31,0xa7,0x39,
    0xc6,0x39,0xc7,0x41,0xc7,0x41,0xe8,0x49,0xe8,0x49,0xc7,0x41,0x08,0x52,0x28,0x5a,0x29,0x5a,0x28,0x52,0xe7,0x51,0xe7,0x49,
    0x6a,0x5a,0x49,0x5a,0x8a,0x6a,0x69,0x62,0xaa,0x6a,0xeb,0x72,0x2c,0x8b,0x4c,0x83,0x0b,0x83,0x89,0x72,0x69,0x6a,0xa9,0x6a,
    0xaa,0x72,0x07,0x52,0x6a,0x62,0x2b,0x83,0xeb,0x7a,0x0b,0x7b,0xaa,0x6a,0x28,0x5a,0xe8,0x49,0x28,0x52,0xc7,0x41,0xe7,0x49,
    0x69,0x6a,0x48,0x5a,0xc7,0x41,0xa7,0x39,0xa7,0x41,0xc6,0x39,0xa7,0x39,0xc7,0x31,0xc6,0x39,0xa7,0x39,0xc6,0x31,0xa7,0x39,
    0xc7,0x39,0xa6,0x31,0xc7,0x39,0xa7,0x31,0xc7,0x39,0xa7,0x39,0xc7,0x31,0xa7,0x39,0xc8,0x31,0xc9,0x31,0x0a,0x32,0x2b,0x3a,
    0x49,0x5a,0x69,0x5a,0xaa,0x6a,0x0b,0x73,0x2c,0x83,0x8d,0x8b,0xcf,0x9b,0xae,0x93,0x8e,0x8b,0xae,0x93,0xef,0x9b,0x30,0xa4,
    0x10,0xa4,0x30,0xa4,0x30,0xa4,0x31,0xa4,0x6d,0x83,0xcf,0x9b,0xef,0x93,0x72,0xac,0x2c,0x73,0x6d,0x83,0xcf,0x93,0x0c,0x73,
    0x8a,0x62,0xaa,0x62,0x69,0x62,0xeb,0x72,0x4d,0x7b,0xeb,0x72,0xec,0x72,0x8a,0x6a,0x69,0x62,0x6a,0x5a,0xab,0x62,0x8a,0x62,
    0x6e,0x83,0x53,0xa4,0x6f,0x83,0x0d,0x83,0x4a,0x6a,0x49,0x6a,0x08,0x62,0xe8,0x61,0x08,0x62,0xe7,0x59,0x08,0x5a,0x29,0x62,
    0x08,0x62,0x08,0x5a,0x08,0x5a,0x69,0x72,0x49,0x6a,0x2c,0x8b,0xcb,0x8a,0x6e,0x9b,0x2d,0x9b,0x8a,0x82,0x2d,0x9b,0xec,0x92,
    0x4d,0x9b,0x0d,0x9b,0xec,0x92,0x8e,0xa3,0x0c,0x93,0x8b,0x7a,0x69,0x72,0x8a,0x7a,0xcb,0x82,0x8a,0x7a,0xcb,0x8a,0xec,0x92,
    0xec,0x9a,0x8f,0xab,0x11,0xbc,0x8f,0xb3,0x11,0xbc,0x6e,0xab,0x0d,0x9b,0x2d,0xa3,0x4d,0x9b,0x0d,0x9b,0xab,0x82,0x6a,0x7a,
    0x8a,0x82,0x49,0x72,0x4a,0x7a,0xec,0x92,0xed,0x92,0x8b,0x82,0xe8,0x61,0x87,0x49,0xa6,0x41,0xa7,0x39,0xa7,0x41,0x09,0x52,
    0xe9,0x49,0xc7,0x41,0xa7,0x41,0xc7,0x49,0xc8,0x49,0xc7,0x41,0xa7,0x41,0xa6,0x31,0xa6,0x31,0xa6,0x39,0xa7,0x31,0xc7,0x39,
    0xa6,0x39,0xc7,0x31,0xc7,0x39,0xa6,0x39,0xc7,0x31,0xa7,0x39,0xc6,0x39,0xa7,0x39,0xc7,0x41,0x08,0x4a,0xe7,0x49,0x08,0x52,
    0x08,0x5a,0x28,0x52,0x48,0x5a,0x28,0x5a,0x49,0x62,0x07,0x4a,0x8a,0x62,0x89,0x62,0xca,0x72,0x0b,0x7b,0x2c,0x83,0x0b,0x83,
    0x0b,0x83,0x89,0x6a,0x89,0x6a,0x8a,0x6a,0x89,0x6a,0x08,0x4a,0x69,0x62,0x0b,0x7b,0xeb,0x72,0xaa,0x72,0x69,0x62,0xc6,0x41,
    0x29,0x52,0x29,0x52,0xa7,0x41,0x28,0x52,0x69,0x6a,0x28,0x52,0xa7,0x39,0xc6,0x39,0xa7,0x39,0xc7,0x39,0xc6,0x31,0xa7,0x39,
    0xc7,0x39,0xa6,0x31,0xc7,0x39,0xc7,0x39,0xa6,0x31,0xc7,0x39,0xa7,0x39,0xc6,0x39,0xa7,0x31,0xc6,0x39,0xc7,0x39,0xa7,0x31,
    0xc8,0x31,0xc9,0x31,0x0a,0x3a,0x4b,0x42,0x6a,0x5a,0x49,0x5a,0x8a,0x6a,0xeb,0x72,0xae,0x93,0x8d,0x8b,0x6d,0x8b,0x2c,0x7b,
    0x8e,0x8b,0xcf,0x9b,0xef,0x9b,0x30,0xa4,0x30,0xa4,0x30,0xa4,0x30,0xa4,0x30,0xa4,0x4d,0x83,0xae,0x93,0x10,0x9c,0x92,0xac,
    0xec,0x62,0xaf,0x93,0xef,0x93,0x2c,0x73,0x29,0x4a,0x6a,0x62,0xaa,0x62,0x0c,0x7b,0xeb,0x72,0xab,0x72,0xaa,0x6a,0x49,0x5a,
    0x08,0x52,0x28,0x52,0x08,0x4a,0xe8,0x49,0xcb,0x6a,0xab,0x6a,0x8a,0x6a,0xab,0x7a,0x6a,0x6a,0x08,0x62,0x09,0x62,0xc7,0x59,
    0xa7,0x51,0xa7,0x59,0xe8,0x59,0xe8,0x59,0xc7,0x51,0xc7,0x49,0xc7,0x51,0x08,0x5a,0x08,0x6a,0xec,0x8a,0x8e,0xa3,0x2d,0x9b,
    0x0d,0x9b,0x8a,0x8a,0x4a,0x7a,0x4a,0x7a,0x49,0x7a,0x6a,0x7a,0x4a,0x82,0xab,0x8a,0x8b,0x82,0x49,0x72,0x08,0x6a,0x08,0x62,
    0xab,0x8a,0xcb,0x8a,0xcb,0x92,0x2d,0x9b,0xab,0x8a,0xab,0x92,0x6f,0xab,0x8b,0x92,0x6f,0xab,0x4e,0xab,0x6e,0xb3,0x2d,0xa3,
    0x2e,0xab,0xec,0x92,0xe8,0x69,0xc7,0x59,0xc7,0x59,0xa7,0x59,0xa7,0x49,0xa7,0x49,0xa7,0x51,0xa7,0x59,0xe9,0x59,0x2a,0x6a,
    0x6c,0x72,0x8c,0x7a,0x0a,0x6a,0x6b,0x72,0x0f,0x8b,0xee,0x82,0x8d,0x7a,0x4b,0x72,0x6c,0x7a,0x4b,0x72,0x4b,0x72,0x2a,0x6a,
    0xe8,0x51,0xc8,0x49,0xe8,0x41,0xa6,0x31,0xc7,0x39,0xa6,0x39,0xc7,0x31,0xc7,0x39,0xa7,0x39,0xc7,0x39,0xa7,0x39,0xc6,0x39,
    0xe8,0x49,0xc7,0x41,0xe7,0x41,0xc7,0x49,0x08,0x52,0x69,0x62,0x28,0x5a,0x08,0x52,0x48,0x5a,0x28,0x5a,0x8a,0x62,0xaa,0x6a,
    0xaa,0x72,0x4c,0x83,0x4c,0x8b,0x2c,0x83,0x4c,0x8b,0xcb,0x72,0xaa,0x72,0xca,0x72,0x28,0x5a,0xc7,0x41,0x89,0x6a,0xca,0x72,
    0xaa,0x6a,0xaa,0x6a,0x69,0x62,0xa7,0x39,0xe7,0x41,0xe7,0x49,0x08,0x52,0x28,0x5a,0x49,0x5a,0xc7,0x49,0xc7,0x49,0xc7,0x39,
    0xa6,0x39,0xc7,0x39,0xa7,0x39,0xc6,0x31,0xa7,0x39,0xc7,0x39,0xa7,0x31,0xc6,0x39,0xc7,0x39,0xa7,0x39,0xc6,0x31,0xc7,0x39,
    0xc7,0x39,0xa6,0x31,0xc7,0x39,0xa7,0x39,0xc8,0x31,0xc9,0x31,0x0b,0x3a,0x4c,0x42,0x8a,0x62,0x48,0x5a,0xeb,0x7a,0xeb,0x6a,
    0x2c,0x83,0x0c,0x7b,0x4d,0x7b,0x8d,0x93,0xef,0x93,0xef,0x9b,0x10,0xa4,0x0f,0x9c,0x30,0xa4,0x31,0xa4,0xef,0x9b,0x30,0xa4,
    0x4d,0x7b,0x6d,0x8b,0x51,0xa4,0x71,0xa4,0xec,0x6a,0x6e,0x83,0x6e,0x83,0xcb,0x6a,0x29,0x4a,0x89,0x6a,0x0c,0x7b,0x0c,0x7b,
    0x8a,0x6a,0x8a,0x62,0x49,0x5a,0x07,0x52,0xc7,0x41,0xc7,0x41,0xa7,0x39,0xc7,0x39,0x49,0x5a,0x8a,0x62,0x29,0x5a,0xe8,0x59,
    0xe8,0x61,0xc7,0x51,0xc7,0x59,0xc7,0x51,0xa7,0x51,0xa7,0x49,0xa7,0x49,0xa6,0x41,0xa6,0x39,0xa6,0x39,0xa7,0x41,0xa6,0x41,
    0xc7,0x51,0xc8,0x59,0x4a,0x7a,0x08,0x72,0xc7,0x59,0xa7,0x51,0xa6,0x51,0xc8,0x61,0x09,0x7a,0x09,0x72,0x29,0x7a,0x0a,0x7a,
    0x09,0x72,0xe8,0x71,0xe8,0x69,0x09,0x72,0x2a,0x7a,0x09,0x72,0xc8,0x69,0xc7,0x69,0x87,0x51,0x86,0x49,0xc7,0x61,0x86,0x51,
    0xa7,0x59,0xa7,0x61,0xe8,0x69,0xc8,0x69,0xc7,0x69,0xa7,0x61,0xe8,0x69,0x4b,0x7a,0x4b,0x7a,0x4b,0x7a,0x4a,0x72,0x8c,0x82,
    0x0f,0x8b,0xef,0x8a,0x91,0xa3,0x91,0xab,0xd1,0xa3,0x91,0xa3,0xb2,0xab,0xcd,0x8a,0xcd,0x92,0x50,0x9b,0xcd,0x92,0x0e,0x93,
    0x71,0x9b,0x71,0x9b,0xb2,0xa3,0xf3,0xa3,0x30,0x93,0xce,0x7a,0x70,0x8b,0xa7,0x41,0xc8,0x39,0xc7,0x41,0xc7,0x39,0xa7,0x39,
    0xc6,0x31,0xc7,0x41,0xe8,0x41,0xc7,0x39,0xa6,0x39,0xe8,0x41,0xe8,0x49,0xc7,0x39,0x08,0x52,0x49,0x62,0x48,0x5a,0xe7,0x49,
    0x08,0x52,0x69,0x62,0x49,0x62,0xaa,0x6a,0xca,0x72,0x0b,0x83,0x2c,0x8b,0x4c,0x8b,0x2c,0x83,0x2b,0x83,0xca,0x72,0x89,0x6a,
    0x08,0x5a,0x07,0x52,0x8a,0x72,0x69,0x62,0x69,0x5a,0xaa,0x72,0x28,0x5a,0xa6,0x39,0xa7,0x39,0x08,0x52,0x28,0x5a,0x07,0x52,
    0x08,0x52,0x08,0x52,0xe7,0x49,0xc7,0x39,0xa7,0x39,0xc6,0x31,0xc7,0x39,0xa7,0x39,0xc6,0x31,0xc7,0x39,0xa6,0x39,0xc7,0x39,
    0xa7,0x31,0xc7,0x39,0xa7,0x39,0xc6,0x31,0xa7,0x39,0xc7,0x39,0xa6,0x31,0xc7,0x39,0xc8,0x31,0xc9,0x31,0x2b,0x3a,0x6c,0x42,
    0xaa,0x6a,0x8a,0x6a,0x2c,0x83,0xcb,0x6a,0x8a,0x62,0x8a,0x62,0x6d,0x83,0xce,0x9b,0xef,0x9b,0x0f,0x9c,0xef,0x9b,0x10,0xa4,
    0x30,0xa4,0x30,0xa4,0x30,0xa4,0x30,0xa4,0xcf,0x93,0x8e,0x83,0x72,0xac,0xaf,0x83,0x6a,0x5a,0x8d,0x8b,0xcb,0x6a,0x8a,0x62,
    0xcb,0x72,0xcb,0x6a,0x4c,0x83,0xeb,0x72,0x8a,0x62,0x69,0x62,0x08,0x4a,0xc7,0x49,0xc7,0x41,0xc7,0x39,0xa7,0x39,0xc6,0x39,
    0xa7,0x39,0x69,0x5a,0xaa,0x6a,0x29,0x5a,0xa7,0x51,0xa7,0x41,0xa7,0x41,0xa6,0x41,0xc7,0x39,0xc6,0x39,0xa7,0x39,0xc7,0x49,
    0xc8,0x51,0x8c,0x82,0x6b,0x82,0xcd,0x92,0x2f,0x9b,0x70,0xa3,0x2f,0x9b,0xcd,0x92,0x8c,0x82,0x6b,0x82,0x2f,0xa3,0xf3,0xbb,
    0x33,0xc4,0x13,0xc4,0x13,0xcc,0x53,0xcc,0x33,0xc4,0xf2,0xc3,0x13,0xc4,0x54,0xcc,0x12,0xc4,0xb0,0xbb,0x4f,0xab,0xad,0x9a,
    0x8b,0x8a,0x6b,0x8a,0xad,0x9a,0x0e,0xa3,0xac,0x92,0x8c,0x92,0x8b,0x92,0xad,0x92,0xed,0x9a,0x50,0xb3,0xd2,0xbb,0x54,0xcc,
    0x54,0xc4,0x75,0xc4,0xd2,0xb3,0x91,0xa3,0x75,0xbc,0x95,0xc4,0xf2,0xb3,0x74,0xc4,0x54,0xbc,0xf2,0xb3,0x95,0xbc,0xb6,0xc4,
    0x75,0xbc,0xf3,0xb3,0xf2,0xb3,0x95,0xbc,0x54,0xb4,0x54,0xb4,0xf7,0xc4,0x54,0xb4,0x54,0xb4,0xd1,0x9b,0xd2,0x93,0x70,0x83,
    0x4a,0x5a,0xe8,0x41,0xa7,0x39,0x29,0x5a,0x4a,0x52,0xe8,0x41,0xe8,0x41,0xc7,0x41,0xc7,0x39,0xc7,0x41,0xc7,0x41,0xc7,0x49,
    0xe7,0x49,0x07,0x52,0xe7,0x49,0x08,0x52,0x69,0x62,0x89,0x6a,0x69,0x5a,0xaa,0x6a,0xcb,0x7a,0xaa,0x72,0xea,0x72,0xeb,0x7a,
    0xca,0x7a,0x0b,0x7b,0xeb,0x7a,0x89,0x6a,0x48,0x62,0xe7,0x51,0x28,0x5a,0x49,0x5a,0x48,0x5a,0x48,0x62,0xc7,0x41,0xc7,0x31,
    0xc7,0x41,0xe7,0x51,0x28,0x52,0xe8,0x49,0xc7,0x41,0xe7,0x49,0xa7,0x39,0xc7,0x39,0xa7,0x39,0xc7,0x39,0xa6,0x31,0xc7,0x39,
    0xa7,0x39,0xc7,0x31,0xc7,0x39,0xa6,0x31,0xc7,0x39,0xc6,0x31,0xa7,0x39,0xc7,0x39,0xa6,0x31,0xc7,0x39,0xc7,0x39,0xa7,0x39,
    0xc8,0x31,0xc9,0x31,0x2b,0x3a,0x4c,0x42,0xcb,0x72,0xeb,0x72,0x0c,0x73,0x8a,0x62,0xaa,0x6a,0xca,0x72,0x4d,0x83,0x0c,0x73,
    0x6d,0x8b,0xce,0x9b,0x8d,0x8b,0xcf,0x9b,0x0f,0x9c,0x10,0x9c,0x30,0xa4,0x10,0xa4,0x10,0x9c,0xef,0x9b,0x10,0x9c,0x4d,0x7b,
    0x4d,0x7b,0xab,0x6a,0x0c,0x73,0x0c,0x73,0x8d,0x8b,0xec,0x72,0xaa,0x6a,0xab,0x6a,0x8a,0x62,0x28,0x52,0xe8,0x49,0x08,0x52,
    0xa7,0x39,0xc7,0x39,0xc6,0x39,0xa7,0x39,0xc7,0x39,0xa6,0x31,0xc7,0x41,0x08,0x4a,0xc7,0x41,0xc6,0x39,0xc7,0x39,0xc7,0x39,
    0xa7,0x41,0xa6,0x39,0xe9,0x59,0xee,0x92,0x70,0xa3,0x4f,0xa3,0x90,0xab,0xf3,0xbb,0x54,0xc4,0xb6,0xcc,0xb6,0xcc,0xd6,0xd4,
    0xb5,0xcc,0x34,0xcc,0x38,0xd5,0x59,0xd5,0x59,0xdd,0x38,0xd5,0x17,0xd5,0x58,0xdd,0x37,0xdd,0xf6,0xd4,0x17,0xd5,0x58,0xdd,
    0x37,0xd5,0xd6,0xd4,0xb6,0xd4,0x94,0xd4,0x74,0xcc,0x53,0xcc,0x13,0xcc,0x95,0xcc,0x95,0xd4,0x74,0xcc,0x95,0xd4,0x95,0xd4,
    0xb6,0xd4,0x38,0xdd,0x37,0xd5,0x18,0xd5,0xf7,0xd4,0xd6,0xd4,0xb6,0xcc,0x95,0xc4,0xb5,0xcc,0xb6,0xc4,0xd6,0xc4,0xf7,0xcc,
    0x17,0xcd,0xba,0xcd,0xd7,0xc4,0x79,0xcd,0xd9,0xd5,0xf6,0xcc,0x58,0xcd,0xfa,0xd5,0x99,0xd5,0xf7,0xbc,0x17,0xc5,0x57,0xc5,
    0xf6,0xbc,0x38,0xc5,0x54,0xa4,0xd1,0x93,0x2e,0x7b,0x4a,0x5a,0x09,0x4a,0x4a,0x5a,0xab,0x62,0x8b,0x62,0xe8,0x49,0xc7,0x41,
    0xc7,0x39,0xc7,0x49,0xe7,0x49,0xe8,0x49,0x08,0x52,0x08,0x52,0xe7,0x41,0xc7,0x41,0x49,0x5a,0x49,0x62,0x28,0x5a,0x69,0x62,
    0xca,0x72,0xaa,0x72,0x8a,0x72,0xea,0x72,0xca,0x72,0x8a,0x6a,0xca,0x72,0x69,0x6a,0x28,0x5a,0xc7,0x41,0xc7,0x41,0x28,0x5a,
    0x48,0x62,0xe7,0x49,0xa7,0x39,0xc7,0x39,0xc7,0x49,0xc7,0x39,0xe8,0x51,0x07,0x4a,0xa7,0x41,0xc7,0x39,0xa7,0x39,0xc6,0x31,
    0xc7,0x39,0xa6,0x31,0xc7,0x39,0xc7,0x39,0xa6,0x31,0xc7,0x39,0xa6,0x39,0xc7,0x39,0xa7,0x39,0xc7,0x39,0xa6,0x31,0xc7,0x39,
    0xc7,0x39,0xa6,0x39,0xc7,0x31,0xa7,0x39,0xc8,0x31,0xc9,0x31,0x2b,0x3a,0x4b,0x3a,0xcb,0x6a,0xab,0x6a,0xec,0x6a,0xcb,0x6a,
    0x0b,0x7b,0x8a,0x62,0xaa,0x6a,0x2c,0x7b,0xae,0x93,0xef,0x9b,0x8d,0x8b,0xae,0x93,0xef,0x9b,0x10,0xa4,0x0f,0x9c,0x10,0xa4,
    0xef,0x9b,0x10,0x9c,0x2d,0x7b,0xae,0x8b,0xef,0x9b,0x6a,0x5a,0x8a,0x62,0xeb,0x72,0x0c,0x7b,0x0c,0x7b,0xcb,0x6a,0x8a,0x62,
    0x08,0x52,0xc7,0x41,0xe8,0x49,0xc7,0x41,0xc7,0x39,0xa7,0x39,0xa6,0x31,0xc7,0x31,0xa7,0x39,0xc7,0x39,0xc7,0x39,0xa6,0x31,
    0xc7,0x39,0xa6,0x39,0xc7,0x39,0xe8,0x61,0xc8,0x59,0x09,0x62,0x8b,0x82,0xd1,0xb3,0xb6,0xc4,0xf2,0xb3,0x74,0xc4,0xb6,0xcc,
    0x17,0xd5,0xd6,0xcc,0xf7,0xd4,0x37,0xd5,0x17,0xd5,0x59,0xd5,0x3b,0xde,0x1b,0xde,0x1a,0xe6,0x1b,0xe6,0xda,0xe5,0x99,0xdd,
    0x99,0xdd,0x38,0xdd,0x99,0xe5,0x99,0xdd,0xb9,0xe5,0x99,0xe5,0x99,0xdd,0x17,0xdd,0x58,0xdd,0xf6,0xd4,0xb5,0xd4,0xf6,0xd4,
    0xf6,0xd4,0xf6,0xd4,0x37,0xdd,0x99,0xdd,0x78,0xdd,0x1b,0xe6,0xfa,0xe5,0xda,0xe5,0x78,0xdd,0x17,0xcd,0x37,0xcd,0x57,0xd5,
    0x78,0xd5,0xfa,0xdd,0xfa,0xdd,0x58,0xcd,0x5c,0xde,0x1a,0xde,0xd9,0xd5,0x78,0xd5,0xb9,0xd5,0x9c,0xe6,0xb8,0xd5,0xb9,0xd5,
    0xf9,0xdd,0xfa,0xd5,0x78,0xcd,0x17,0xcd,0x37,0xc5,0x38,0xc5,0xf5,0xbc,0x53,0xa4,0xd1,0x8b,0xed,0x6a,0x2e,0x73,0x0e,0x73,
    0xec,0x6a,0xab,0x62,0x4a,0x52,0x08,0x4a,0xe8,0x49,0x08,0x52,0x08,0x4a,0xe7,0x49,0xe8,0x51,0x08,0x52,0x28,0x5a,0x28,0x5a,
    0x28,0x52,0x28,0x5a,0x69,0x62,0x89,0x6a,0xaa,0x6a,0xaa,0x72,0xca,0x72,0xcb,0x7a,0xca,0x72,0x69,0x62,0x49,0x62,0x69,0x62,
    0x07,0x4a,0xa7,0x39,0xc7,0x49,0xe7,0x51,0x08,0x52,0xa7,0x41,0xc6,0x39,0xa7,0x39,0xc7,0x41,0xc6,0x39,0xc7,0x49,0xc7,0x41,
    0xa6,0x31,0xc7,0x39,0xc6,0x39,0xa7,0x39,0xc7,0x31,0xa7,0x39,0xc6,0x39,0xa7,0x31,0xc7,0x39,0xa7,0x39,0xc7,0x31,0xc6,0x39,
    0xa7,0x31,0xc6,0x39,0xc7,0x39,0xa7,0x31,0xc6,0x39,0xa7,0x31,0xc7,0x39,0xc7,0x39,0xa8,0x31,0xc9,0x31,0x0b,0x3a,0x4b,0x42,
    0x2c,0x73,0xeb,0x6a,0xcb,0x6a,0xca,0x6a,0xeb,0x72,0x28,0x52,0xaa,0x6a,0x6d,0x8b,0x0f,0xa4,0xae,0x93,0x6d,0x83,0x6e,0x8b,
    0xae,0x8b,0xce,0x9b,0x10,0xa4,0x50,0xa4,0xef,0x9b,0xcf,0x93,0xcf,0x93,0xcf,0x93,0xf0,0x93,0x4d,0x7b,0x29,0x52,0xcb,0x72,
    0x0c,0x73,0x0c,0x7b,0xeb,0x72,0x8a,0x62,0x29,0x5a,0x08,0x4a,0xe8,0x49,0xc7,0x39,0xc7,0x39,0xa6,0x39,0xe8,0x41,0xe8,0x41,
    0xa6,0x39,0xc7,0x31,0xa6,0x39,0xc7,0x39,0xc7,0x41,0xc8,0x51,0x29,0x62,0x4f,0x93,0x4f,0x93,0xf2,0xb3,0x12,0xb4,0x95,0xc4,
    0x94,0xc4,0x95,0xc4,0xf7,0xcc,0x37,0xd5,0x78,0xd5,0x78,0xdd,0x99,0xdd,0x99,0xdd,0x58,0xdd,0xb9,0xdd,0xd9,0xdd,0x1b,0xe6,
    0x1b,0xe6,0x5b,0xe6,0x3b,0xe6,0x1b,0xe6,0x1a,0xee,0x99,0xe5,0xd9,0xe5,0x57,0xdd,0x1b,0xe6,0xfa,0xe5,0x1a,0xe6,0x78,0xdd,
    0xb9,0xdd,0x57,0xd5,0x37,0xdd,0x17,0xd5,0x16,0xdd,0xb9,0xdd,0xda,0xe5,0x5c,0xee,0xfa,0xe5,0x5b,0xee,0x3b,0xee,0x1a,0xe6,
    0x78,0xdd,0xb9,0xdd,0x78,0xd5,0xd9,0xe5,0x98,0xdd,0x5b,0xe6,0xbd,0xe6,0xfa,0xdd,0x3b,0xe6,0x9c,0xe6,0x3b,0xe6,0x1a,0xde,
    0xf9,0xdd,0x9c,0xe6,0xd9,0xdd,0x77,0xd5,0xd9,0xdd,0xd9,0xdd,0x57,0xd5,0x16,0xcd,0x58,0xcd,0xd5,0xc4,0x58,0xc5,0xb5,0xac,
    0x32,0x9c,0x12,0x94,0xf1,0x8b,0xb0,0x83,0x6f,0x7b,0xcc,0x6a,0x6a,0x62,0x08,0x52,0xc7,0x41,0x08,0x52,0xe7,0x51,0xe8,0x49,
    0x28,0x52,0x08,0x52,0x08,0x52,0x49,0x5a,0x28,0x5a,0xe7,0x51,0x48,0x62,0x6a,0x6a,0xaa,0x72,0xca,0x72,0xaa,0x72,0xa9,0x72,
    0x69,0x62,0x69,0x6a,0x48,0x5a,0x07,0x52,0xa7,0x39,0xc6,0x39,0xc7,0x41,0xc7,0x39,0xa6,0x41,0xc7,0x31,0xc7,0x39,0xc6,0x39,
    0xa7,0x39,0xc7,0x39,0xc7,0x49,0xc7,0x41,0xc7,0x31,0xa7,0x39,0xc7,0x31,0xa6,0x39,0xc7,0x39,0xc6,0x39,0xa7,0x31,0xc7,0x39,
    0xc6,0x39,0xc7,0x31,0xa6,0x39,0xc7,0x39,0xa7,0x39,0xc7,0x31,0xa6,0x39,0xc7,0x39,0xa7,0x39,0xc6,0x39,0xa7,0x31,0xc7,0x39,
    0xc8,0x31,0xc9,0x31,0x2b,0x3a,0x4c,0x3a,0x4d,0x7b,0x4d,0x83,0xec,0x6a,0x8a,0x62,0xcb,0x72,0x49,0x5a,0x69,0x62,0xca,0x72,
    0x4d,0x83,0x6d,0x83,0x6d,0x83,0x4c,0x83,0x8e,0x93,0x0f,0x9c,0x50,0xa4,0x30,0xa4,0xcf,0x93,0xcf,0x9b,0x10,0x9c,0x10,0x9c,
    0x10,0x9c,0x4d,0x7b,0x0c,0x7b,0xcb,0x6a,0xaa,0x6a,0x8a,0x6a,0x49,0x52,0x49,0x5a,0xe8,0x49,0x08,0x52,0x28,0x52,0xc7,0x41,
    0xc7,0x41,0x4a,0x52,0x8b,0x5a,0x2a,0x4a,0x4a,0x52,0x29,0x52,0xe8,0x49,0xc8,0x49,0x29,0x5a,0xab,0x72,0x4e,0x8b,0xd1,0xa3,
    0x73,0xb4,0xf5,0xcc,0xf6,0xc4,0x37,0xcd,0x37,0xcd,0x37,0xd5,0x78,0xd5,0xda,0xdd,0xb9,0xdd,0xba,0xdd,0xfa,0xdd,0xb9,0xdd,
    0x78,0xd5,0xda,0xdd,0xfa,0xe5,0x1a,0xde,0x3b,0xe6,0x5c,0xe6,0x3b,0xe6,0x9c,0xee,0x7c,0xe6,0xd9,0xe5,0xb9,0xdd,0x99,0xe5,
    0xd9,0xe5,0xfa,0xe5,0xd9,0xe5,0x57,0xdd,0x78,0xdd,0x78,0xdd,0x37,0xdd,0x58,0xd5,0x98,0xdd,0x1b,0xe6,0x9c,0xee,0x5b,0xee,
    0xf9,0xe5,0x1b,0xe6,0xf9,0xe5,0xb9,0xe5,0x99,0xdd,0x3b,0xe6,0x98,0xdd,0x3b,0xe6,0xb9,0xe5,0xb8,0xdd,0x7b,0xee,0x5a,0xe6,
    0xb9,0xe5,0xbc,0xe6,0x1a,0xe6,0x3a,0xe6,0xd9,0xe5,0x5a,0xe6,0xfa,0xdd,0x57,0xcd,0x57,0xcd,0xb8,0xd5,0x98,0xd5,0x37,0xcd,
    0x36,0xcd,0x78,0xc5,0x77,0xc5,0x16,0xbd,0xf6,0xac,0xf5,0xac,0x73,0x9c,0x11,0x94,0x8f,0x8b,0x0c,0x73,0x6a,0x5a,0x49,0x5a,
    0x28,0x52,0x08,0x52,0x08,0x4a,0x08,0x52,0x08,0x52,0x28,0x52,0x69,0x62,0x28,0x5a,0x08,0x5a,0x48,0x62,0x48,0x5a,0x69,0x62,
    0xaa,0x72,0xca,0x7a,0x89,0x6a,0x69,0x62,0x48,0x62,0x69,0x6a,0x07,0x52,0xc7,0x39,0xc7,0x39,0xa7,0x39,0xc6,0x31,0xa7,0x39,
    0xc7,0x39,0xa6,0x39,0xa7,0x39,0xc7,0x39,0xa7,0x31,0xc6,0x41,0xa7,0x41,0xc6,0x39,0xa7,0x39,0xc6,0x39,0xa7,0x39,0xc7,0x31,
    0xa7,0x39,0xc7,0x31,0xa6,0x39,0xc7,0x39,0xa7,0x39,0xc6,0x39,0xa7,0x31,0xc7,0x39,0xc6,0x31,0xa7,0x39,0xc7,0x39,0xc6,0x31,
    0xa7,0x39,0xc7,0x31,0xc6,0x39,0xa7,0x31,0xc8,0x31,0xc9,0x31,0x0a,0x3a,0x4c,0x42,0x6e,0x8b,0x0c,0x73,0x69,0x5a,0x28,0x52,
    0x8a,0x6a,0x89,0x62,0x69,0x62,0x8a,0x62,0x89,0x62,0xeb,0x7a,0xcb,0x72,0x0b,0x7b,0x6d,0x83,0xef,0x9b,0x30,0xa4,0xef,0x9b,
    0xce,0x93,0xef,0x9b,0xcf,0x93,0xcf,0x93,0x4d,0x7b,0xcb,0x72,0xeb,0x72,0xeb,0x72,0xcb,0x6a,0x29,0x52,0x08,0x52,0x69,0x62,
    0x49,0x5a,0x49,0x62,0x29,0x5a,0x29,0x52,0x4a,0x52,0x4a,0x52,0xab,0x62,0xcc,0x6a,0xed,0x72,0xed,0x72,0xed,0x72,0x4e,0x83,
    0x2e,0x83,0x90,0x93,0xf1,0xa3,0x73,0xb4,0x94,0xbc,0x16,0xcd,0x16,0xcd,0x37,0xcd,0x37,0xcd,0x78,0xd5,0xb8,0xdd,0xd9,0xdd,
    0xd9,0xe5,0x1a,0xe6,0x3b,0xe6,0xb9,0xdd,0xb8,0xdd,0x1a,0xe6,0x5b,0xe6,0x3b,0xe6,0xfa,0xe5,0x1a,0xe6,0x3b,0xe6,0x3b,0xe6,
    0x1a,0xee,0xda,0xe5,0x1a,0xe6,0xd9,0xe5,0x78,0xdd,0xb9,0xe5,0xb9,0xdd,0x57,0xdd,0x78,0xdd,0x99,0xdd,0x57,0xdd,0xb9,0xdd,
    0xb8,0xe5,0x3a,0xe6,0xbc,0xee,0xd9,0xe5,0x57,0xe5,0xb9,0xe5,0x99,0xe5,0xda,0xe5,0x98,0xe5,0xd9,0xe5,0x98,0xe5,0xd9,0xe5,
    0xb8,0xdd,0xb9,0xe5,0xd9,0xe5,0xd9,0xdd,0xb9,0xe5,0x19,0xe6,0xfa,0xe5,0x19,0xe6,0xf9,0xdd,0xf9,0xe5,0xd8,0xdd,0x78,0xd5,
    0x36,0xcd,0x56,0xd5,0x77,0xd5,0x36,0xcd,0x36,0xcd,0x97,0xcd,0x57,0xcd,0x15,0xbd,0x16,0xb5,0x36,0xbd,0x94,0xa4,0xaf,0x93,
    0x6e,0x83,0x0c,0x73,0xab,0x6a,0x6a,0x62,0x8b,0x62,0x69,0x5a,0x08,0x52,0x08,0x52,0x08,0x52,0x49,0x5a,0x49,0x5a,0x48,0x62,
    0x08,0x52,0x49,0x62,0x69,0x62,0x89,0x72,0xca,0x72,0xca,0x7a,0x89,0x6a,0x69,0x6a,0x28,0x62,0x28,0x5a,0xc7,0x49,0xc6,0x39,
    0xc7,0x41,0xc7,0x39,0xa7,0x39,0xc6,0x41,0xc7,0x39,0xc7,0x31,0xa6,0x39,0xc7,0x31,0xc6,0x41,0xc7,0x49,0xc7,0x41,0xa7,0x39,
    0xc7,0x31,0xc7,0x39,0xa6,0x31,0xc7,0x39,0xc6,0x39,0xa7,0x39,0xc7,0x31,0xa6,0x39,0xc7,0x31,0xa7,0x39,0xc7,0x39,0xa6,0x39,
    0xc7,0x39,0xc7,0x31,0xa6,0x39,0xc7,0x39,0xc7,0x31,0xa7,0x39,0xc7,0x39,0xa8,0x39,0xc9,0x31,0xc9,0x31,0x0b,0x3a,0x4b,0x3a,
    0xeb,0x6a,0x8a,0x62,0x49,0x52,0xe8,0x49,0xe7,0x41,0xe8,0x49,0xe8,0x49,0x08,0x4a,0x29,0x52,0x49,0x5a,0xca,0x6a,0xaa,0x6a,
    0x2c,0x7b,0xae,0x93,0x10,0xa4,0xef,0x9b,0xcf,0x9b,0xcf,0x93,0xcf,0x93,0x6d,0x83,0x0c,0x73,0x0c,0x7b,0xcb,0x6a,0x2c,0x7b,
    0xeb,0x7a,0x69,0x5a,0xab,0x6a,0xaa,0x6a,0x8a,0x6a,0x69,0x62,0x69,0x5a,0x8b,0x62,0xab,0x62,0xcc,0x6a,0xec,0x6a,0x2e,0x73,
    0x8f,0x83,0x6f,0x83,0xb0,0x8b,0x73,0xa4,0xf1,0x9b,0x12,0xa4,0x53,0xa4,0x74,0xac,0xd5,0xc4,0x37,0xcd,0x16,0xcd,0x36,0xcd,
    0x37,0xd5,0x57,0xd5,0x77,0xd5,0xb9,0xdd,0xb8,0xdd,0xf9,0xdd,0x1a,0xe6,0xd9,0xe5,0x1a,0xe6,0xfa,0xe5,0x1b,0xe6,0x1a,0xe6,
    0xda,0xe5,0xb9,0xe5,0x1a,0xe6,0x1a,0xe6,0xd9,0xe5,0xd9,0xe5,0x1a,0xe6,0xf9,0xe5,0xb8,0xdd,0xb9,0xdd,0xd9,0xe5,0x57,0xdd,
    0x98,0xdd,0x98,0xdd,0x37,0xdd,0x77,0xdd,0x99,0xdd,0xd9,0xe5,0x1b,0xe6,0x77,0xe5,0x37,0xdd,0x57,0xdd,0x57,0xe5,0x98,0xdd,
    0x57,0xdd,0xb9,0xe5,0x77,0xdd,0xd9,0xe5,0x58,0xdd,0x57,0xdd,0xd9,0xe5,0xd9,0xe5,0x98,0xdd,0x98,0xdd,0xb8,0xdd,0x77,0xdd,
    0x98,0xdd,0x97,0xdd,0x98,0xd5,0x77,0xd5,0x15,0xcd,0x77,0xd5,0x56,0xd5,0x57,0xcd,0x56,0xcd,0x77,0xcd,0x57,0xc5,0x77,0xcd,
    0x56,0xbd,0xd4,0xb4,0x31,0x9c,0x4e,0x83,0x4d,0x83,0x0c,0x73,0xab,0x6a,0xaa,0x6a,0xab,0x6a,0x69,0x62,0x28,0x52,0x29,0x52,
    0x29,0x5a,0x69,0x5a,0x69,0x62,0x69,0x6a,0x08,0x5a,0x28,0x5a,0x89,0x6a,0x69,0x6a,0x89,0x6a,0xca,0x72,0x69,0x6a,0x48,0x62,
    0x28,0x5a,0xe6,0x51,0xc7,0x41,0xa7,0x39,0xc7,0x41,0xc7,0x39,0xc6,0x39,0xa7,0x39,0xa7,0x39,0xc6,0x31,0xc7,0x39,0xa7,0x31,
    0xc7,0x39,0xc7,0x41,0xa7,0x31,0xc6,0x39,0xa7,0x39,0xc6,0x39,0xc7,0x39,0xa7,0x31,0xc7,0x39,0xa6,0x39,0xc7,0x39,0xc7,0x31,
    0xa6,0x39,0xc7,0x39,0xc6,0x31,0xa7,0x39,0xc7,0x31,0xa6,0x39,0xc7,0x39,0xa7,0x31,0xc6,0x39,0xa7,0x39,0xc6,0x31,0xc7,0x39,
    0xc9,0x31,0xe9,0x31,0x0b,0x3a,0x4b,0x3a,0x6a,0x5a,0x49,0x5a,0x49,0x5a,0xc7,0x41,0xc7,0x39,0xa7,0x39,0xc6,0x31,0xa7,0x41,
    0x08,0x52,0x48,0x5a,0xeb,0x72,0x8a,0x62,0xab,0x72,0x4c,0x83,0x0f,0x9c,0x0f,0x9c,0xaf,0x93,0xce,0x93,0xae,0x93,0x8e,0x8b,
    0xae,0x93,0x6d,0x83,0x0c,0x7b,0x2c,0x7b,0xec,0x7a,0x0c,0x7b,0xeb,0x72,0xcb,0x72,0xaa,0x6a,0x8a,0x6a,0x8a,0x62,0xec,0x72,
    0x2d,0x7b,0x6e,0x7b,0x0d,0x73,0x4e,0x83,0xb0,0x8b,0xd0,0x8b,0x12,0x94,0x12,0x9c,0x33,0x9c,0x74,0xa4,0xd5,0xb4,0xb5,0xb4,
    0x16,0xbd,0x16,0xc5,0x16,0xc5,0x37,0xcd,0x57,0xcd,0x57,0xd5,0x98,0xdd,0xb8,0xdd,0x98,0xdd,0xb8,0xdd,0xf9,0xe5,0xd9,0xdd,
    0xf9,0xe5,0xf9,0xdd,0xfa,0xe5,0xfa,0xe5,0xb8,0xdd,0x99,0xdd,0xd9,0xe5,0x1a,0xe6,0x98,0xdd,0xfa,0xe5,0x1a,0xe6,0xd9,0xe5,
    0xb9,0xe5,0x97,0xe5,0xd9,0xdd,0x77,0xdd,0x78,0xdd,0x98,0xdd,0x16,0xd5,0x98,0xdd,0x98,0xdd,0x57,0xdd,0xd9,0xe5,0xb8,0xe5,
    0x78,0xdd,0x77,0xe5,0x77,0xdd,0x98,0xe5,0x36,0xdd,0x57,0xdd,0x36,0xdd,0x98,0xdd,0x37,0xdd,0xf5,0xdc,0xf8,0xe5,0x78,0xdd,
    0x56,0xdd,0x56,0xdd,0x36,0xdd,0x56,0xd5,0x77,0xdd,0x57,0xd5,0x36,0xcd,0x77,0xcd,0x77,0xcd,0xf5,0xcc,0x15,0xc5,0x15,0xcd,
    0x57,0xcd,0x56,0xcd,0xd4,0xbc,0x56,0xc5,0x76,0xcd,0xb3,0xb4,0xd0,0x93,0x6e,0x83,0x4d,0x83,0x0c,0x7b,0x8a,0x62,0x8a,0x6a,
    0xaa,0x62,0x6a,0x62,0x29,0x52,0x48,0x5a,0x28,0x5a,0x49,0x5a,0x69,0x62,0x48,0x62,0x28,0x5a,0x69,0x62,0x89,0x6a,0x69,0x6a,
    0xaa,0x72,0xca,0x72,0x89,0x6a,0x28,0x62,0x08,0x52,0xe7,0x51,0xc6,0x41,0xa7,0x41,0xc6,0x39,0xa7,0x39,0xc7,0x39,0xc7,0x31,
    0xc6,0x39,0xa7,0x39,0xc7,0x39,0xa6,0x39,0xc7,0x39,0xa6,0x31,0xc7,0x39,0xc7,0x31,0xa7,0x39,0xc7,0x31,0xa6,0x39,0xc7,0x39,
    0xa6,0x31,0xc7,0x39,0xa7,0x31,0xc6,0x39,0xc7,0x39,0xa7,0x31,0xc7,0x39,0xa6,0x39,0xc7,0x39,0xa7,0x31,0xc7,0x39,0xa6,0x39,
    0xc7,0x39,0xc7,0x31,0xa7,0x39,0xa7,0x31,0xc8,0x31,0xc9,0x31,0x0a,0x32,0x4c,0x42,0x4a,0x52,0xe8,0x49,0x08,0x52,0xc7,0x41,
    0xc7,0x31,0xa6,0x39,0xc7,0x39,0xc6,0x31,0xe7,0x49,0x6a,0x62,0x89,0x6a,0x49,0x5a,0x89,0x62,0x0c,0x7b,0x4d,0x8b,0x8d,0x8b,
    0x8e,0x8b,0x8d,0x93,0x8e,0x8b,0x8e,0x8b,0xcf,0x93,0xae,0x93,0x6d,0x8b,0x2c,0x7b,0x0c,0x7b,0xeb,0x72,0xaa,0x6a,0xcb,0x72,
    0x0c,0x7b,0xec,0x6a,0xaa,0x6a,0xec,0x72,0x4d,0x7b,0x4d,0x83,0x2d,0x7b,0x4e,0x7b,0x6f,0x83,0xb0,0x8b,0x32,0x9c,0x32,0x9c,
    0xb5,0xac,0xf6,0xb4,0x17,0xb5,0xf6,0xbc,0xf5,0xbc,0xf6,0xbc,0x16,0xc5,0x36,0xcd,0xf5,0xc4,0x56,0xcd,0x77,0xd5,0x57,0xd5,
    0x97,0xd5,0x77,0xd5,0xd8,0xdd,0xb8,0xdd,0x98,0xdd,0x98,0xdd,0xd9,0xe5,0xb9,0xe5,0x98,0xdd,0xb9,0xdd,0xd9,0xe5,0xf9,0xe5,
    0x98,0xe5,0xd9,0xe5,0xd9,0xe5,0xf9,0xe5,0x98,0xdd,0x77,0xdd,0xd9,0xe5,0x77,0xdd,0x57,0xdd,0x98,0xdd,0x36,0xdd,0x77,0xdd,
    0x57,0xdd,0x15,0xd5,0x37,0xdd,0x77,0xdd,0x77,0xdd,0x56,0xdd,0x16,0xdd,0x36,0xdd,0xf5,0xdc,0x36,0xdd,0xd5,0xd4,0xf5,0xdc,
    0x15,0xd5,0xf5,0xd4,0x56,0xdd,0x15,0xd5,0x36,0xd5,0x35,0xd5,0x15,0xd5,0x15,0xd5,0xf5,0xcc,0xd4,0xc4,0x15,0xcd,0x16,0xcd,
    0x35,0xcd,0xd4,0xc4,0xf5,0xc4,0x15,0xcd,0x76,0xcd,0x56,0xcd,0xf4,0xbc,0xb3,0xbc,0xd3,0xbc,0x72,0xac,0xf1,0x9b,0xaf,0x9b,
    0x2c,0x83,0xab,0x6a,0x8a,0x62,0x69,0x62,0x8a,0x6a,0x8a,0x62,0x29,0x5a,0x28,0x52,0x29,0x5a,0x49,0x5a,0x49,0x62,0x49,0x62,
    0x48,0x62,0x49,0x62,0x69,0x6a,0xaa,0x72,0xaa,0x72,0x89,0x72,0x8a,0x6a,0x28,0x5a,0xe6,0x51,0xc7,0x49,0xc7,0x39,0xa7,0x41,
    0xc7,0x39,0xa6,0x31,0xc7,0x39,0xa6,0x39,0xc7,0x39,0xa7,0x39,0xc7,0x39,0xc7,0x39,0xa7,0x31,0xc7,0x39,0xa6,0x39,0xc7,0x39,
    0xa6,0x39,0xc7,0x39,0xa7,0x31,0xc6,0x39,0xc7,0x39,0xa7,0x31,0xc6,0x39,0xa7,0x39,0xc7,0x31,0xa6,0x39,0xc7,0x39,0xc7,0x31,
    0xa6,0x39,0xc7,0x39,0xc6,0x31,0xc7,0x39,0xa7,0x31,0xc6,0x39,0xc7,0x39,0xc7,0x39,0xa8,0x31,0xc9,0x31,0x0b,0x3a,0x4b,0x3a,
    0x08,0x4a,0x08,0x4a,0x49,0x5a,0xe8,0x41,0xa7,0x39,0xc7,0x39,0xa7,0x31,0xc7,0x39,0xa7,0x39,0x49,0x62,0x08,0x52,0x07,0x52,
    0x6a,0x62,0xca,0x6a,0x2c,0x83,0x4d,0x83,0x8e,0x93,0xae,0x93,0xcf,0x93,0x6d,0x8b,0x6d,0x8b,0x6d,0x83,0x6e,0x8b,0x6d,0x83,
    0x6d,0x83,0xec,0x72,0xeb,0x7a,0x2c,0x7b,0x0c,0x7b,0xeb,0x72,0x0c,0x7b,0x8e,0x8b,0x8e,0x8b,0x2d,0x7b,0x6e,0x83,0x8e,0x8b,
    0xaf,0x8b,0xd0,0x93,0x31,0x9c,0x12,0x9c,0x52,0xa4,0xd5,0xb4,0xd5,0xb4,0xd5,0xbc,0xf5,0xbc,0x16,0xc5,0xf5,0xc4,0x16,0xc5,
    0x16,0xcd,0x36,0xcd,0x37,0xcd,0x56,0xd5,0x57,0xd5,0x56,0xd5,0x77,0xdd,0x77,0xd5,0x57,0xdd,0x77,0xdd,0xf9,0xe5,0xb8,0xdd,
    0x77,0xdd,0x97,0xdd,0x98,0xe5,0xf9,0xe5,0x98,0xdd,0x98,0xe5,0xb8,0xe5,0x77,0xdd,0x57,0xdd,0x36,0xdd,0x57,0xdd,0xf5,0xd4,
    0x77,0xdd,0x77,0xdd,0x16,0xd5,0x36,0xd5,0x36,0xd5,0xd5,0xd4,0x36,0xd5,0x56,0xdd,0x36,0xdd,0xf5,0xd4,0xf5,0xdc,0x36,0xdd,
    0xd4,0xd4,0xf5,0xd4,0xb4,0xd4,0xd4,0xd4,0x15,0xd5,0xd4,0xd4,0x35,0xd5,0xb3,0xd4,0xd4,0xcc,0xd4,0xd4,0xb3,0xcc,0xd4,0xcc,
    0xd4,0xcc,0xb4,0xbc,0xf4,0xc4,0xf5,0xcc,0xf4,0xcc,0x36,0xcd,0xf5,0xc4,0x35,0xcd,0x35,0xcd,0x15,0xc5,0xd4,0xc4,0x71,0xb4,
    0x11,0xa4,0x8e,0x8b,0xef,0x9b,0x8e,0x8b,0xec,0x7a,0x8a,0x62,0x8a,0x6a,0xaa,0x6a,0x49,0x5a,0x69,0x62,0x49,0x5a,0x49,0x5a,
    0x08,0x52,0x48,0x5a,0x48,0x62,0x48,0x62,0x48,0x62,0x28,0x5a,0x69,0x62,0x68,0x6a,0x69,0x6a,0x68,0x62,0x28,0x62,0xe7,0x51,
    0xc7,0x41,0xa7,0x41,0xc6,0x41,0xa7,0x39,0xc6,0x31,0xc7,0x39,0xa7,0x31,0xc7,0x39,0xa7,0x31,0xc7,0x39,0xc6,0x39,0xa7,0x39,
    0xc6,0x39,0xc7,0x31,0xa7,0x39,0xc6,0x31,0xc7,0x39,0xa6,0x31,0xc7,0x39,0xa7,0x39,0xc7,0x31,0xc6,0x39,0xa7,0x39,0xc7,0x39,
    0xc6,0x39,0xa7,0x31,0xc7,0x39,0xa6,0x39,0xc7,0x31,0xa7,0x39,0xc7,0x39,0xa6,0x39,0xc7,0x39,0xa7,0x31,0xa6,0x39,0xc7,0x31,
    0xc8,0x39,0xc9,0x31,0x0a,0x32,0x4c,0x42,0xc7,0x39,0xe8,0x49,0x49,0x5a,0x29,0x52,0xa6,0x31,0xc7,0x39,0xc7,0x39,0xc7,0x41,
    0xa6,0x39,0xc7,0x39,0xc7,0x41,0xe7,0x51,0x29,0x5a,0x48,0x5a,0x0c,0x7b,0x2c,0x7b,0x6d,0x8b,0xce,0x93,0xef,0x9b,0x6d,0x83,
    0x4d,0x83,0x8d,0x93,0x8e,0x8b,0x2c,0x83,0x0c,0x7b,0xeb,0x72,0x0c,0x7b,0x2c,0x83,0x0c,0x7b,0x2c,0x83,0x2d,0x83,0x0c,0x7b,
    0x4d,0x83,0x8e,0x8b,0x8e,0x8b,0x4e,0x83,0x8f,0x8b,0xd0,0x9b,0xf0,0x9b,0x52,0xa4,0x72,0xa4,0x93,0xac,0xd4,0xbc,0xf5,0xbc,
    0xf5,0xbc,0x16,0xbd,0x36,0xc5,0x36,0xcd,0x37,0xcd,0x56,0xcd,0x57,0xd5,0x56,0xcd,0x98,0xd5,0x77,0xd5,0x77,0xd5,0x56,0xd5,
    0x56,0xd5,0x77,0xdd,0xd8,0xe5,0x77,0xdd,0x57,0xdd,0x77,0xdd,0x97,0xdd,0xb9,0xe5,0x77,0xdd,0x98,0xdd,0x97,0xe5,0x57,0xdd,
    0x56,0xdd,0x16,0xd5,0x77,0xdd,0xb4,0xd4,0x36,0xd5,0x36,0xd5,0xb4,0xd4,0x36,0xd5,0x36,0xdd,0xb3,0xcc,0xd4,0xd4,0xf5,0xd4,
    0x16,0xd5,0xd5,0xd4,0xf5,0xd4,0xf5,0xdc,0xb4,0xd4,0x93,0xd4,0xd4,0xd4,0xb4,0xd4,0xf4,0xd4,0xd4,0xcc,0xb3,0xcc,0x93,0xcc,
    0xb3,0xcc,0x93,0xc4,0xb3,0xc4,0xb4,0xc4,0xd4,0xcc,0xf5,0xcc,0xf4,0xcc,0x15,0xcd,0xf5,0xc4,0x14,0xc5,0xf4,0xcc,0x35,0xcd,
    0x14,0xcd,0x92,0xbc,0x51,0xb4,0xf0,0xa3,0x6d,0x93,0x2c,0x7b,0x2d,0x83,0x0c,0x83,0x8a,0x6a,0x69,0x62,0x8a,0x62,0x8a,0x6a,
    0x49,0x5a,0x08,0x5a,0x49,0x5a,0x69,0x62,0x49,0x5a,0x28,0x62,0x69,0x62,0x69,0x62,0x28,0x62,0x28,0x5a,0x28,0x62,0x48,0x62,
    0x08,0x5a,0x48,0x62,0x08,0x5a,0xc6,0x41,0xc7,0x39,0xa7,0x31,0xc7,0x39,0xc7,0x39,0xa7,0x39,0xc6,0x39,0xa7,0x39,0xc6,0x31,
    0xc7,0x39,0xa6,0x39,0xc7,0x31,0xa7,0x39,0xc7,0x31,0xa6,0x39,0xc7,0x39,0xa7,0x39,0xc7,0x31,0xc7,0x39,0xa6,0x39,0xc7,0x31,
    0xa6,0x39,0xc7,0x39,0xc7,0x31,0xa7,0x39,0xc7,0x31,0xa6,0x39,0xc7,0x39,0xc7,0x31,0xa7,0x39,0xc6,0x39,0xa7,0x31,0xc7,0x39,
    0xa6,0x31,0xc7,0x39,0xc7,0x39,0xa7,0x39,0xc7,0x31,0xc9,0x31,0x0b,0x3a,0x4b,0x3a,0xc7,0x39,0xa7,0x31,0xc7,0x41,0xc7,0x49,
    0xc7,0x39,0xa6,0x31,0xc7,0x39,0xa7,0x41,0xc7,0x41,0xc7,0x41,0xa6,0x31,0xe7,0x49,0x49,0x5a,0xe7,0x49,0x69,0x62,0xca,0x72,
    0x6d,0x83,0x4d,0x8b,0x8e,0x93,0xae,0x93,0x6d,0x8b,0x4d,0x83,0x6d,0x8b,0x2c,0x7b,0x2c,0x83,0x2d,0x83,0x0c,0x7b,0x0c,0x83,
    0x2c,0x83,0x0c,0x7b,0x2c,0x83,0x2c,0x7b,0x4d,0x83,0x6e,0x83,0xec,0x72,0x2c,0x7b,0x4d,0x8b,0xaf,0x93,0x8f,0x8b,0xd0,0x93,
    0xd0,0x93,0x11,0xa4,0x72,0xac,0x72,0xac,0xb4,0xbc,0xf5,0xc4,0x16,0xc5,0x36,0xc5,0x36,0xcd,0x36,0xcd,0x57,0xcd,0x37,0xcd,
    0x77,0xd5,0x36,0xcd,0x36,0xd5,0x35,0xd5,0x15,0xd5,0x77,0xd5,0x98,0xdd,0x35,0xdd,0x35,0xd5,0x56,0xdd,0x77,0xdd,0x97,0xe5,
    0x77,0xdd,0x77,0xe5,0x56,0xdd,0x36,0xdd,0x15,0xd5,0xf5,0xd4,0x36,0xdd,0xd5,0xd4,0xf5,0xd4,0x36,0xd5,0xf5,0xd4,0xf4,0xd4,
    0x16,0xd5,0xb4,0xcc,0xd4,0xcc,0xd5,0xd4,0xb4,0xd4,0xd4,0xd4,0xb3,0xd4,0xb4,0xcc,0xb3,0xd4,0x93,0xcc,0x72,0xcc,0x92,0xcc,
    0xb3,0xcc,0x72,0xcc,0x73,0xc4,0x72,0xc4,0x93,0xcc,0xd4,0xcc,0xb3,0xcc,0xb3,0xcc,0xd4,0xc4,0xd4,0xcc,0x15,0xcd,0xf4,0xc4,
    0xf4,0xcc,0xf4,0xc4,0xb3,0xc4,0xd3,0xc4,0xb3,0xc4,0x30,0xac,0xae,0x9b,0x6d,0x93,0xec,0x7a,0x8a,0x72,0xcb,0x72,0x69,0x62,
    0x49,0x62,0x28,0x5a,0x69,0x62,0x8a,0x6a,0x28,0x5a,0x49,0x5a,0x49,0x5a,0x49,0x5a,0x69,0x62,0x48,0x62,0x28,0x5a,0x28,0x62,
    0x08,0x5a,0x07,0x5a,0x28,0x5a,0x27,0x62,0x08,0x5a,0x28,0x62,0xe7,0x51,0xc6,0x39,0xa7,0x39,0xc6,0x39,0xa7,0x31,0xc6,0x39,
    0xa7,0x31,0xc7,0x39,0xc7,0x31,0xa7,0x41,0xc7,0x39,0xa7,0x31,0xc6,0x39,0xc7,0x39,0xa6,0x39,0xc7,0x31,0xc7,0x39,0xa6,0x31,
    0xc7,0x39,0xa6,0x39,0xc7,0x31,0xc7,0x39,0xa7,0x39,0xc7,0x31,0xa6,0x39,0xc7,0x39,0xa6,0x39,0xc7,0x31,0xa7,0x39,0xc6,0x39,
    0xc7,0x31,0xa7,0x39,0xc6,0x39,0xc7,0x31,0xc7,0x39,0xa6,0x39,0xc7,0x31,0xa6,0x39,0xc8,0x31,0xc9,0x31,0x0a,0x3a,0x4c,0x3a,
    0xa7,0x39,0xc6,0x39,0xa7,0x39,0xc7,0x41,0xe7,0x41,0xa7,0x39,0xc7,0x39,0xa6,0x39,0x07,0x52,0xc7,0x41,0xc7,0x41,0x49,0x5a,
    0x48,0x5a,0xc7,0x41,0x08,0x52,0x69,0x62,0x2c,0x83,0x4c,0x83,0x4d,0x83,0x8d,0x93,0x4c,0x83,0x4c,0x83,0x0c,0x83,0x0c,0x7b,
    0x4d,0x83,0x4d,0x83,0x4c,0x83,0x2c,0x83,0x2c,0x7b,0x4d,0x8b,0x4c,0x83,0x2d,0x83,0x6d,0x8b,0x6d,0x8b,0x4d,0x83,0x2d,0x83,
    0x4d,0x83,0x6e,0x8b,0x4d,0x8b,0x8e,0x8b,0xaf,0x93,0xf0,0x9b,0x10,0xa4,0xaf,0x93,0x11,0xa4,0x92,0xb4,0xb4,0xb4,0xf5,0xc4,
    0x35,0xc5,0x36,0xcd,0x16,0xcd,0x16,0xcd,0x56,0xcd,0xf5,0xcc,0xd4,0xc4,0xd4,0xcc,0xf5,0xcc,0x35,0xd5,0x77,0xdd,0x15,0xd5,
    0x15,0xd5,0x56,0xdd,0x56,0xdd,0x77,0xdd,0x56,0xdd,0x35,0xdd,0xf4,0xdc,0x56,0xdd,0x36,0xdd,0xd4,0xd4,0xf5,0xd4,0xd3,0xcc,
    0xd4,0xd4,0xf5,0xd4,0xf4,0xcc,0xb4,0xcc,0xf4,0xd4,0x93,0xcc,0xb4,0xcc,0xb3,0xcc,0x72,0xcc,0x93,0xcc,0x92,0xcc,0x72,0xcc,
    0xb3,0xcc,0x52,0xcc,0x51,0xcc,0x52,0xcc,0x72,0xcc,0x31,0xc4,0x52,0xc4,0x52,0xc4,0x93,0xc4,0x93,0xc4,0x72,0xc4,0xb3,0xc4,
    0xd4,0xcc,0x14,0xcd,0xf4,0xc4,0xb3,0xc4,0xb3,0xc4,0xd3,0xc4,0x51,0xbc,0x71,0xb4,0xef,0xab,0x6e,0x9b,0xeb,0x82,0x49,0x6a,
    0xaa,0x72,0xca,0x72,0x69,0x6a,0x69,0x62,0x49,0x5a,0x28,0x5a,0x69,0x62,0x29,0x5a,0x08,0x52,0x8a,0x62,0x49,0x62,0x28,0x5a,
    0x48,0x62,0x28,0x62,0x48,0x62,0x08,0x5a,0xe7,0x51,0xe7,0x59,0x28,0x5a,0x08,0x5a,0x07,0x5a,0x07,0x5a,0xc6,0x51,0xc7,0x39,
    0xc7,0x39,0xa7,0x31,0xc6,0x39,0xc7,0x39,0xa6,0x39,0xc7,0x39,0xa6,0x39,0xc7,0x39,0xa6,0x31,0xc7,0x39,0xa7,0x39,0xc7,0x31,
    0xa7,0x39,0xc6,0x39,0xa7,0x39,0xc7,0x39,0xa7,0x31,0xc7,0x39,0xa6,0x39,0xc7,0x39,0xc6,0x31,0xa7,0x39,0xc7,0x39,0xc6,0x31,
    0xa7,0x39,0xc7,0x39,0xc6,0x31,0xa7,0x39,0xc7,0x39,0xc6,0x31,0xa7,0x39,0xa7,0x39,0xc7,0x39,0xa7,0x31,0xc7,0x39,0xc7,0x39,
    0xa7,0x31,0xc9,0x31,0x0a,0x32,0x4b,0x42,0xa6,0x31,0xe7,0x41,0x49,0x5a,0x8a,0x62,0x49,0x62,0xe7,0x41,0xa7,0x39,0xc7,0x39,
    0xc7,0x41,0xe7,0x51,0x08,0x52,0x28,0x5a,0x08,0x52,0xc7,0x41,0x28,0x5a,0xaa,0x6a,0xeb,0x72,0x2c,0x83,0x4d,0x83,0x6d,0x8b,
    0x2c,0x83,0x4d,0x83,0x2c,0x7b,0x2c,0x83,0x4c,0x83,0x6d,0x8b,0x4d,0x83,0x0b,0x7b,0x0c,0x83,0x2c,0x83,0x2c,0x83,0x4d,0x8b,
    0x6d,0x8b,0xf0,0x9b,0x6d,0x8b,0x0c,0x7b,0x6e,0x8b,0x6d,0x8b,0x6d,0x83,0x8e,0x93,0x6d,0x8b,0xcf,0x9b,0x6e,0x93,0x2c,0x83,
    0x8e,0x93,0xf0,0x9b,0x72,0xb4,0x72,0xb4,0x93,0xbc,0x35,0xc5,0x35,0xcd,0x15,0xcd,0x36,0xcd,0x35,0xcd,0xf5,0xc4,0xd4,0xcc,
    0xf5,0xcc,0x15,0xcd,0x36,0xd5,0x15,0xd5,0x15,0xd5,0x55,0xd5,0x55,0xdd,0x35,0xd5,0xf4,0xd4,0xf4,0xd4,0xd3,0xd4,0xf4,0xd4,
    0xd3,0xd4,0xb3,0xd4,0x92,0xcc,0x72,0xcc,0x72,0xcc,0xd4,0xcc,0xd4,0xd4,0xb3,0xcc,0x92,0xcc,0x73,0xc4,0x52,0xcc,0x72,0xc4,
    0x51,0xc4,0x72,0xc4,0x51,0xcc,0x31,0xc4,0x72,0xcc,0x51,0xc4,0x31,0xc4,0x72,0xc4,0x92,0xcc,0x11,0xbc,0x30,0xc4,0x31,0xc4,
    0x93,0xc4,0x72,0xc4,0x93,0xc4,0x72,0xc4,0xb3,0xcc,0xd3,0xc4,0x92,0xc4,0x51,0xbc,0x51,0xbc,0xef,0xab,0x6d,0x9b,0x6d,0x9b,
    0xeb,0x82,0x8a,0x7a,0x8a,0x6a,0x69,0x6a,0x28,0x62,0x28,0x62,0x08,0x52,0x08,0x5a,0x69,0x62,0x69,0x62,0x28,0x5a,0x49,0x5a,
    0x48,0x5a,0x69,0x62,0x49,0x62,0x08,0x5a,0x48,0x62,0x49,0x62,0xe7,0x59,0x07,0x52,0xe7,0x59,0x07,0x5a,0x07,0x5a,0x07,0x5a,
    0x07,0x5a,0x07,0x5a,0xc7,0x49,0xc7,0x39,0xa6,0x31,0xc7,0x39,0xa7,0x39,0xc7,0x31,0xa7,0x39,0xc7,0x31,0xc7,0x39,0xa6,0x31,
    0xc7,0x39,0xc7,0x39,0xa6,0x31,0xc7,0x39,0xc6,0x39,0xa7,0x31,0xc7,0x39,0xc6,0x31,0xa7,0x39,0xc6,0x39,0xc7,0x31,0xa7,0x39,
    0xc7,0x39,0xa6,0x39,0xc7,0x31,0xa7,0x39,0xc6,0x39,0xa7,0x31,0xc7,0x39,0xa6,0x39,0xc7,0x39,0xa7,0x39,0xc6,0x31,0xc7,0x39,
    0xa6,0x31,0xc7,0x39,0xa6,0x39,0xc7,0x31,0xc7,0x39,0xc8,0x31,0xea,0x31,0x4b,0x3a,0xa7,0x39,0x08,0x4a,0xab,0x6a,0xab,0x62,
    0x49,0x5a,0x29,0x52,0x08,0x4a,0xc7,0x49,0xe7,0x49,0x08,0x52,0x28,0x52,0xe8,0x49,0xe8,0x51,0xc7,0x41,0x08,0x5a,0xca,0x72,
    0xcb,0x72,0x2c,0x83,0x8d,0x93,0x4c,0x83,0x2c,0x83,0x6d,0x93,0x4d,0x8b,0x0c,0x7b,0x0c,0x83,0x6d,0x8b,0x0b,0x83,0x2d,0x83,
    0x2c,0x83,0x4d,0x8b,0x6d,0x8b,0x8d,0x93,0x6d,0x8b,0x6d,0x93,0x6d,0x83,0x2d,0x83,0x8d,0x8b,0x6d,0x8b,0x0c,0x7b,0x0c,0x7b,
    0x0b,0x7b,0x0c,0x83,0x0b,0x83,0x2c,0x83,0x2c,0x83,0x4d,0x8b,0x10,0x9c,0x6e,0x93,0xcf,0xa3,0x93,0xbc,0xd3,0xc4,0xd3,0xc4,
    0x14,0xcd,0x15,0xcd,0xf4,0xc4,0xf4,0xcc,0x14,0xcd,0x15,0xcd,0xf5,0xcc,0x35,0xd5,0xf4,0xcc,0x14,0xd5,0xd4,0xcc,0x14,0xd5,
    0xd3,0xd4,0xb3,0xd4,0x93,0xcc,0x72,0xcc,0x72,0xcc,0x51,0xcc,0x52,0xcc,0x51,0xcc,0x10,0xc4,0x72,0xcc,0x92,0xcc,0x51,0xc4,
    0xf0,0xc3,0x10,0xbc,0x51,0xc4,0x51,0xc4,0x31,0xc4,0x31,0xc4,0x31,0xc4,0x31,0xc4,0x51,0xcc,0x31,0xc4,0x31,0xc4,0x72,0xc4,
    0x92,0xcc,0xf0,0xbb,0xd0,0xbb,0x10,0xbc,0x72,0xc4,0x52,0xbc,0x51,0xbc,0x31,0xbc,0xf0,0xb3,0xf0,0xb3,0xef,0xab,0x8e,0xa3,
    0x4d,0x9b,0xcb,0x8a,0xaa,0x7a,0x8a,0x7a,0x8a,0x72,0x69,0x6a,0x89,0x72,0x28,0x62,0x28,0x5a,0xc7,0x49,0xc7,0x49,0xe7,0x49,
    0xe7,0x51,0x08,0x52,0x29,0x5a,0x08,0x5a,0x49,0x5a,0x49,0x62,0x48,0x62,0x69,0x6a,0x49,0x62,0x48,0x62,0x28,0x62,0x28,0x5a,
    0xe7,0x51,0x28,0x5a,0xe7,0x59,0xc7,0x51,0x07,0x52,0xe7,0x59,0xc7,0x49,0xc6,0x39,0xa7,0x39,0xc7,0x39,0xc6,0x31,0xa7,0x39,
    0xc6,0x39,0xa7,0x39,0xc6,0x39,0xc7,0x39,0xa7,0x31,0xc6,0x39,0xc7,0x39,0xa7,0x31,0xc7,0x39,0xa6,0x39,0xc7,0x31,0xa7,0x39,
    0xc6,0x39,0xa7,0x31,0xc7,0x39,0xa6,0x39,0xc7,0x31,0xc7,0x39,0xa6,0x39,0xc7,0x31,0xc7,0x39,0xa7,0x39,0xc6,0x39,0xc7,0x31,
    0xa7,0x39,0xc6,0x31,0xa7,0x39,0xc7,0x39,0xc7,0x39,0xa6,0x31,0xc7,0x39,0xa6,0x39,0xa7,0x39,0xc9,0x31,0x0a,0x3a,0x2c,0x3a,
    0xc7,0x31,0xc7,0x39,0x29,0x4a,0x8a,0x5a,0x29,0x52,0x49,0x52,0x29,0x5a,0x29,0x52,0x08,0x52,0x69,0x5a,0x6a,0x62,0x48,0x5a,
    0x8a,0x6a,0x48,0x5a,0x49,0x62,0xca,0x72,0xeb,0x72,0x4c,0x8b,0x6d,0x8b,0x2c,0x83,0x4c,0x83,0x6d,0x8b,0x4c,0x83,0x2c,0x83,
    0x4d,0x83,0x2c,0x83,0x0c,0x83,0x4c,0x8b,0x2c,0x83,0x4d,0x8b,0x8d,0x93,0x8e,0x8b,0x4d,0x8b,0x6e,0x8b,0x4d,0x8b,0x6d,0x8b,
    0x2c,0x83,0x6d,0x8b,0x2c,0x83,0xeb,0x7a,0xeb,0x7a,0xcb,0x72,0xeb,0x7a,0xcb,0x7a,0xaa,0x72,0xab,0x72,0xcb,0x7a,0xeb,0x7a,
    0xec,0x82,0x8d,0x93,0x10,0xb4,0x30,0xac,0x52,0xbc,0x92,0xc4,0xb3,0xc4,0x14,0xcd,0xf4,0xcc,0xd3,0xcc,0x93,0xc4,0xf4,0xcc,
    0xd3,0xcc,0xd4,0xcc,0xb3,0xd4,0xb3,0xcc,0xb3,0xcc,0xb3,0xcc,0x51,0xcc,0x51,0xcc,0x51,0xcc,0x10,0xc4,0x10,0xbc,0x10,0xc4,
    0x10,0xc4,0xf0,0xbb,0x10,0xbc,0xcf,0xbb,0x8f,0xb3,0x6e,0xb3,0xae,0xb3,0xaf,0xb3,0xcf,0xbb,0xcf,0xbb,0x10,0xbc,0x10,0xbc,
    0x30,0xc4,0xf0,0xbb,0xef,0xbb,0x31,0xc4,0xf0,0xbb,0xaf,0xb3,0xcf,0xb3,0xae,0xab,0xcf,0xab,0xef,0xb3,0xaf,0xab,0x6e,0xa3,
    0x0b,0x93,0xcb,0x8a,0xaa,0x82,0xaa,0x82,0x69,0x7a,0x48,0x6a,0x07,0x62,0x28,0x6a,0x08,0x62,0x07,0x5a,0x07,0x5a,0xe7,0x51,
    0x08,0x52,0xc7,0x49,0xe7,0x49,0x08,0x5a,0x08,0x52,0x07,0x52,0xe7,0x51,0x08,0x52,0x28,0x5a,0x49,0x62,0x69,0x6a,0x48,0x62,
    0x28,0x62,0x27,0x5a,0x08,0x5a,0x07,0x5a,0x07,0x5a,0xe7,0x51,0xe6,0x51,0xc7,0x51,0xc7,0x51,0xe7,0x51,0xc6,0x41,0xc7,0x39,
    0xa7,0x31,0xc6,0x39,0xa7,0x39,0xc7,0x31,0xc6,0x39,0xa7,0x31,0xc7,0x39,0xa7,0x31,0xc6,0x39,0xa7,0x39,0xc7,0x39,0xa6,0x39,
    0xc7,0x31,0xc7,0x39,0xa6,0x39,0xc7,0x39,0xc7,0x31,0xa7,0x39,0xc6,0x39,0xc7,0x31,0xa7,0x39,0xc6,0x31,0xa7,0x39,0xc7,0x39,
    0xa6,0x31,0xc7,0x39,0xa7,0x31,0xc6,0x39,0xa7,0x39,0xc7,0x39,0xc7,0x31,0xa6,0x39,0xc7,0x39,0xc7,0x39,0xa7,0x31,0xc7,0x39,
    0xc7,0x31,0xc8,0x31,0x0b,0x32,0x4b,0x3a,0xa7,0x39,0xc6,0x39,0xa7,0x39,0xe9,0x41,0x08,0x4a,0x29,0x52,0x08,0x4a,0x08,0x4a,
    0x28,0x5a,0x8a,0x62,0x8a,0x62,0x49,0x62,0x89,0x62,0xab,0x6a,0xca,0x6a,0xeb,0x7a,0x0b,0x7b,0x2c,0x83,0x0b,0x7b,0x0c,0x7b,
    0x2c,0x83,0x0c,0x83,0x2c,0x83,0x6d,0x8b,0x6e,0x8b,0x2c,0x83,0x2c,0x83,0x4c,0x83,0x4d,0x8b,0xae,0x93,0xae,0x93,0x8d,0x93,
    0x6d,0x93,0x6d,0x8b,0x6d,0x8b,0x6d,0x8b,0x4c,0x8b,0x4d,0x8b,0x6d,0x8b,0xeb,0x7a,0xec,0x72,0x0b,0x7b,0xaa,0x72,0xaa,0x72,
    0xaa,0x72,0xcb,0x7a,0xca,0x72,0xaa,0x72,0x89,0x72,0xaa,0x72,0xaa,0x7a,0x2d,0x93,0x6d,0x9b,0x4c,0x9b,0xae,0xa3,0xef,0xb3,
    0x10,0xb4,0x31,0xbc,0x50,0xc4,0x51,0xc4,0x92,0xcc,0x92,0xcc,0x72,0xcc,0x72,0xcc,0x51,0xcc,0x51,0xcc,0x31,0xc4,0xf0,0xbb,
    0xcf,0xbb,0xd0,0xbb,0xcf,0xbb,0x8e,0xb3,0xae,0xb3,0xaf,0xb3,0x8e,0xb3,0x4d,0xab,0x0c,0x9b,0x2c,0x9b,0x2d,0xa3,0x4c,0xa3,
    0x4d,0xa3,0x6d,0xab,0x8e,0xb3,0xcf,0xb3,0xae,0xb3,0xae,0xb3,0x8e,0xab,0x6d,0xab,0x2d,0xa3,0x0c,0xa3,0x4d,0xa3,0x4d,0xa3,
    0x4c,0xa3,0xeb,0x9a,0xca,0x8a,0xaa,0x8a,0x48,0x72,0xe7,0x61,0x28,0x72,0x07,0x6a,0x07,0x62,0xe7,0x61,0xe7,0x51,0xe7,0x51,
    0xe7,0x59,0xe7,0x51,0xc7,0x51,0xe7,0x49,0xa7,0x41,0xe7,0x49,0xc7,0x49,0x07,0x52,0xe8,0x51,0xe7,0x51,0x28,0x5a,0x28,0x5a,
    0x48,0x62,0x49,0x6a,0x68,0x62,0x28,0x62,0x69,0x6a,0x28,0x62,0x07,0x5a,0x28,0x62,0x07,0x5a,0xe7,0x51,0xc7,0x51,0xe6,0x49,
    0xe7,0x51,0xc6,0x49,0xc7,0x39,0xa7,0x39,0xc6,0x39,0xa7,0x31,0xc7,0x39,0xa6,0x39,0xc7,0x39,0xa7,0x39,0xc6,0x31,0xc7,0x39,
    0xa7,0x39,0xc6,0x31,0xa7,0x39,0xc7,0x31,0xa6,0x39,0xc7,0x39,0xc7,0x31,0xa6,0x39,0xc7,0x39,0xc6,0x31,0xa7,0x39,0xc7,0x39,
    0xa6,0x39,0xc7,0x39,0xc7,0x31,0xa6,0x39,0xc7,0x39,0xc7,0x39,0xa6,0x39,0xc7,0x31,0xc7,0x39,0xa6,0x31,0xc7,0x39,0xa7,0x39,
    0xc6,0x31,0xa7,0x39,0xc6,0x39,0xa7,0x39,0xc7,0x39,0xc9,0x31,0x0a,0x3a,0x2b,0x3a,0xc7,0x39,0xa7,0x31,0xc6,0x39,0xa7,0x39,
    0x08,0x4a,0x08,0x52,0x08,0x52,0x28,0x52,0x49,0x5a,0x8a,0x62,0x89,0x62,0x69,0x62,0x69,0x62,0xaa,0x72,0xcb,0x72,0xeb,0x72,
    0xeb,0x7a,0x0c,0x7b,0x0b,0x7b,0x2c,0x83,0x0b,0x83,0x2c,0x83,0x6d,0x8b,0x6d,0x93,0x6d,0x8b,0x4c,0x8b,0x4d,0x8b,0x0c,0x83,
    0x6d,0x8b,0xae,0x93,0x8d,0x93,0x6d,0x93,0x8d,0x93,0x6d,0x8b,0x6d,0x93,0x6d,0x8b,0x4c,0x83,0x4d,0x83,0x2d,0x83,0x2c,0x83,
    0xcb,0x72,0xca,0x72,0x8a,0x6a,0x89,0x6a,0xaa,0x72,0x89,0x72,0x8a,0x72,0x89,0x6a,0x69,0x72,0x28,0x62,0x28,0x62,0x28,0x62,
    0x69,0x6a,0x69,0x72,0x8a,0x7a,0xaa,0x8a,0xaa,0x82,0x0b,0x93,0x4d,0x9b,0xae,0xab,0xae,0xab,0xae,0xb3,0xce,0xb3,0xae,0xb3,
    0xae,0xb3,0x8e,0xb3,0x8d,0xb3,0x6e,0xb3,0x2c,0xab,0x4d,0xa3,0x4d,0xab,0x2c,0xa3,0x4d,0xab,0x4c,0xa3,0x0c,0xa3,0xec,0x9a,
    0xca,0x92,0xcb,0x92,0x0b,0x9b,0xeb,0x9a,0xcb,0x92,0xeb,0x9a,0xeb,0x9a,0xeb,0x9a,0x0c,0x9b,0xeb,0x9a,0xeb,0x9a,0xcb,0x92,
    0xaa,0x8a,0xaa,0x8a,0x89,0x82,0x69,0x7a,0x28,0x72,0x28,0x72,0x28,0x6a,0xe7,0x61,0xe7,0x61,0xe7,0x59,0xe6,0x59,0xe7,0x51,
    0xc6,0x51,0xc7,0x49,0xc6,0x49,0xc7,0x49,0xc6,0x49,0xc7,0x41,0xc6,0x41,0xc7,0x49,0xc7,0x41,0xc7,0x49,0x07,0x52,0xe7,0x51,
    0xe7,0x51,0xe8,0x51,0xe7,0x51,0x08,0x5a,0x48,0x62,0x69,0x6a,0x28,0x62,0x28,0x62,0x48,0x62,0x8a,0x6a,0x27,0x62,0x48,0x62,
    0x08,0x5a,0xe6,0x51,0xc7,0x51,0xe7,0x51,0xc6,0x51,0xc7,0x39,0xa7,0x39,0xc6,0x31,0xc7,0x39,0xc7,0x39,0xa6,0x39,0xc7,0x31,
    0xc7,0x39,0xa6,0x31,0xc7,0x39,0xa7,0x39,0xc6,0x31,0xc7,0x39,0xa7,0x39,0xc6,0x39,0xc7,0x31,0xa7,0x39,0xc6,0x39,0xa7,0x31,
    0xc7,0x39,0xa7,0x39,0xc6,0x31,0xa7,0x39,0xc7,0x31,0xa7,0x39,0xc6,0x39,0xa7,0x31,0xc7,0x39,0xa6,0x31,0xc7,0x39,0xa7,0x39,
    0xc6,0x39,0xa7,0x39,0xc7,0x31,0xc6,0x39,0xa7,0x39,0xc7,0x31,0xc7,0x39,0xa6,0x31,0xc7,0x31,0xc9,0x31,0x2b,0x3a,0x0b,0x3a,
    0xc6,0x39,0xa7,0x39,0xc7,0x31,0xc7,0x39,0xa7,0x39,0xc7,0x39,0xe8,0x49,0x29,0x52,0x49,0x5a,0x8a,0x6a,0xaa,0x62,0x8a,0x62,
    0x8a,0x62,0xcb,0x72,0xeb,0x72,0xcb,0x72,0xeb,0x72,0x0c,0x83,0x2c,0x83,0x0b,0x7b,0x2c,0x83,0xeb,0x7a,0x4c,0x83,0x6d,0x8b,
    0x4d,0x8b,0x2c,0x83,0x4d,0x8b,0x4c,0x8b,0xae,0x93,0xae,0x9b,0x8e,0x93,0x6d,0x8b,0x6d,0x93,0x8d,0x93,0x6d,0x93,0x6d,0x8b,
    0x2c,0x83,0x0c,0x83,0xeb,0x7a,0xcb,0x7a,0xca,0x72,0xaa,0x6a,0x6a,0x6a,0x69,0x62,0x89,0x6a,0x49,0x62,0x68,0x6a,0xaa,0x72,
    0x49,0x6a,0x07,0x5a,0x49,0x62,0x07,0x5a,0xc7,0x51,0xe7,0x59,0xe7,0x51,0x07,0x5a,0x08,0x5a,0x48,0x6a,0xca,0x82,0xaa,0x7a,
    0x69,0x7a,0x89,0x7a,0xaa,0x82,0x89,0x82,0xcb,0x92,0xca,0x8a,0xaa,0x8a,0x8a,0x8a,0x89,0x82,0x89,0x82,0x8a,0x8a,0xaa,0x8a,
    0x8a,0x82,0x69,0x82,0x48,0x72,0x49,0x72,0x28,0x72,0x28,0x72,0x28,0x72,0x28,0x6a,0x28,0x6a,0x08,0x62,0x07,0x62,0x08,0x6a,
    0x07,0x62,0xe7,0x59,0xc7,0x59,0xe7,0x59,0xe7,0x61,0xe7,0x59,0xc6,0x51,0xc7,0x51,0xc6,0x51,0xe7,0x51,0xe6,0x59,0xc7,0x49,
    0xe6,0x51,0xe7,0x51,0xc6,0x49,0xc7,0x49,0xc7,0x41,0xc6,0x49,0xc7,0x41,0xc7,0x41,0xc6,0x39,0xc7,0x39,0xa7,0x39,0xc7,0x41,
    0xc6,0x41,0xc7,0x41,0xc7,0x51,0xe7,0x49,0x08,0x52,0x08,0x5a,0x07,0x52,0x08,0x5a,0x48,0x62,0x48,0x62,0x28,0x62,0x27,0x62,
    0x28,0x62,0x48,0x6a,0x07,0x5a,0xe7,0x51,0xc7,0x51,0xc6,0x49,0xc7,0x51,0xe6,0x51,0xc7,0x41,0xc7,0x39,0xa6,0x39,0xc7,0x39,
    0xa7,0x31,0xc7,0x39,0xa7,0x39,0xc6,0x39,0xa7,0x39,0xc7,0x39,0xa6,0x31,0xc7,0x39,0xa7,0x39,0xc6,0x31,0xc7,0x39,0xa7,0x31,
    0xc6,0x39,0xa7,0x39,0xc7,0x31,0xa7,0x39,0xc6,0x39,0xa7,0x31,0xc7,0x39,0xc6,0x39,0xa7,0x39,0xc6,0x31,0xc7,0x39,0xa7,0x39,
    0xc6,0x39,0xc7,0x39,0xa7,0x31,0xc7,0x39,0xc7,0x31,0xa6,0x39,0xc7,0x39,0xa7,0x31,0xc6,0x39,0xa7,0x39,0xc6,0x31,0xa7,0x39,
    0xc7,0x39,0xc9,0x31,0x2b,0x3a,0x0a,0x3a,0xc7,0x31,0xa7,0x39,0xc6,0x39,0xa7,0x39,0xc6,0x31,0xc7,0x39,0xa7,0x39,0xe7,0x49,
    0x29,0x52,0x69,0x5a,0x8a,0x62,0x8a,0x6a,0xaa,0x6a,0xcb,0x72,0xeb,0x72,0xeb,0x72,0xeb,0x7a,0xeb,0x72,0xeb,0x7a,0xeb,0x72,
    0xcb,0x7a,0xeb,0x72,0xeb,0x7a,0x2c,0x83,0x2c,0x83,0x2c,0x83,0x2c,0x8b,0x4d,0x8b,0x6c,0x8b,0x6d,0x93,0xad,0x93,0x8d,0x93,
    0x6d,0x8b,0x6d,0x93,0x6d,0x8b,0x2c,0x83,0x0c,0x83,0x0b,0x7b,0xeb,0x7a,0xeb,0x7a,0xaa,0x6a,0x8a,0x6a,0x89,0x62,0x69,0x6a,
    0x49,0x62,0x28,0x5a,0x48,0x62,0x28,0x62,0x48,0x62,0xe7,0x59,0x48,0x62,0x28,0x62,0xe7,0x59,0x07,0x5a,0xe7,0x59,0xe7,0x51,
    0xc7,0x49,0xa7,0x41,0xe7,0x51,0xe7,0x51,0xc6,0x51,0xc7,0x51,0xe7,0x51,0xc6,0x49,0xc7,0x41,0xc7,0x49,0xc7,0x49,0xa6,0x39,
    0xc7,0x41,0xc7,0x39,0xa6,0x39,0xa6,0x39,0xa6,0x39,0xa7,0x39,0xa6,0x39,0xa7,0x39,0xa6,0x39,0xc7,0x39,0xa7,0x39,0xa6,0x31,
    0xa7,0x39,0xa6,0x31,0xc7,0x39,0xa6,0x31,0xa7,0x31,0xa6,0x31,0xc7,0x39,0xa6,0x31,0xc7,0x39,0xc6,0x41,0xc7,0x41,0xc7,0x41,
    0xc7,0x41,0xc6,0x49,0xc7,0x41,0xc7,0x41,0xc6,0x41,0xc7,0x39,0xa7,0x39,0xc6,0x39,0xc7,0x39,0xc7,0x39,0xc7,0x39,0xa6,0x39,
    0xc7,0x39,0xc7,0x39,0xa6,0x39,0xc7,0x41,0xc7,0x41,0xc7,0x41,0xc7,0x49,0xe7,0x51,0xc7,0x51,0xe7,0x51,0x07,0x5a,0x08,0x5a,
    0x28,0x62,0x28,0x62,0x27,0x62,0x08,0x5a,0x07,0x5a,0x28,0x5a,0xe7,0x59,0x07,0x5a,0xe7,0x51,0xc7,0x49,0xe6,0x49,0xc7,0x49,
    0xc7,0x41,0xa6,0x31,0xc7,0x39,0xa7,0x39,0xc6,0x39,0xa7,0x31,0xc6,0x39,0xc7,0x31,0xa7,0x39,0xc7,0x31,0xc7,0x39,0xa6,0x39,
    0xc7,0x39,0xa7,0x39,0xc7,0x39,0xa6,0x39,0xc7,0x31,0xc7,0x39,0xa6,0x39,0xc7,0x31,0xc7,0x39,0xa6,0x39,0xc7,0x39,0xa7,0x31,
    0xc7,0x39,0xa7,0x39,0xc6,0x31,0xc7,0x39,0xa7,0x31,0xc7,0x39,0xc6,0x39,0xa7,0x31,0xc6,0x39,0xa7,0x31,0xc7,0x39,0xc6,0x39,
    0xa7,0x31,0xc7,0x39,0xc7,0x39,0xa6,0x39,0xc8,0x31,0xe9,0x31,0x0a,0x32,0xea,0x39,0xc7,0x39,0xa6,0x39,0xc7,0x31,0xc7,0x39,
    0xa7,0x39,0xc6,0x39,0xa7,0x31,0xc7,0x41,0x28,0x5a,0x6a,0x5a,0x8a,0x62,0x8a,0x62,0x8a,0x62,0xca,0x72,0xeb,0x7a,0xcb,0x72,
    0xca,0x72,0xeb,0x72,0xeb,0x7a,0xca,0x72,0xeb,0x72,0xeb,0x7a,0xcb,0x7a,0xeb,0x7a,0x0c,0x83,0x0c,0x83,0x0c,0x83,0x0b,0x83,
    0x0b,0x83,0x4c,0x8b,0x6d,0x93,0x4d,0x8b,0x8d,0x93,0x6d,0x8b,0x6d,0x93,0x2c,0x83,0x0c,0x83,0xeb,0x7a,0x0c,0x83,0xeb,0x7a,
    0xaa,0x6a,0x8a,0x6a,0x69,0x62,0x49,0x5a,0x28,0x62,0x48,0x62,0x28,0x5a,0x28,0x62,0x28,0x5a,0x48,0x62,0x08,0x5a,0xe7,0x51,
    0x07,0x5a,0xe7,0x51,0xc7,0x49,0xe7,0x49,0xc6,0x41,0xc7,0x39,0xc6,0x41,0xa7,0x39,0xc7,0x41,0xc6,0x39,0xc7,0x39,0xa7,0x39,
    0xc7,0x39,0xc6,0x31,0xc7,0x31,0xc7,0x39,0xa6,0x31,0xc7,0x39,0xc7,0x39,0xc7,0x31,0xc7,0x39,0xa7,0x31,0xc6,0x39,0xc7,0x31,
    0xc7,0x39,0xa6,0x31,0xc7,0x39,0xc7,0x39,0xc7,0x39,0xc7,0x39,0xa7,0x39,0xc7,0x39,0xc7,0x39,0xa7,0x39,0xc6,0x39,0xa7,0x39,
    0xc7,0x39,0xa7,0x31,0xc6,0x39,0xa7,0x39,0xc6,0x39,0xa7,0x39,0xc7,0x39,0xc6,0x39,0xa7,0x39,0xc7,0x31,0xc7,0x39,0xa7,0x39,
    0xc6,0x39,0xa7,0x39,0xc6,0x39,0xa7,0x39,0xc7,0x31,0xc7,0x41,0xc7,0x41,0xc6,0x41,0xc7,0x41,0xc6,0x41,0xc7,0x49,0xc7,0x49,
    0xe7,0x49,0xc7,0x51,0x07,0x5a,0x48,0x6a,0x48,0x6a,0x27,0x5a,0xe7,0x59,0x07,0x5a,0x07,0x62,0x07,0x5a,0xe7,0x59,0x07,0x5a,
    0x07,0x5a,0xe7,0x51,0xc7,0x49,0xc6,0x51,0xc7,0x39,0xc7,0x39,0xa7,0x39,0xc6,0x39,0xc7,0x39,0xc7,0x39,0xa7,0x39,0xc6,0x39,
    0xc7,0x31,0xa6,0x39,0xc7,0x39,0xc7,0x31,0xa6,0x39,0xc7,0x31,0xa6,0x39,0xc7,0x31,0xa7,0x39,0xc6,0x39,0xa7,0x31,0xc7,0x39,
    0xa6,0x39,0xc7,0x31,0xc7,0x39,0xa6,0x39,0xc7,0x31,0xc6,0x39,0xa7,0x39,0xc7,0x39,0xa6,0x39,0xc7,0x31,0xa7,0x39,0xc6,0x39,
    0xa7,0x39,0xc7,0x39,0xa6,0x31,0xc7,0x39,0xa7,0x39,0xc6,0x31,0xa7,0x39,0xc7,0x31,0xa7,0x39,0xc9,0x31,0xea,0x31,0xc9,0x31,
    0xc7,0x39,0xa7,0x31,0xc6,0x39,0xa7,0x39,0xc6,0x31,0xa7,0x39,0xc7,0x39,0xc7,0x39,0x08,0x52,0x8a,0x62,0x8a,0x62,0x6a,0x5a,
    0xaa,0x6a,0xcb,0x6a,0xca,0x72,0xca,0x72,0xca,0x72,0xeb,0x72,0xcb,0x72,0xca,0x72,0xcb,0x7a,0xca,0x72,0xca,0x72,0x0b,0x7b,
    0xeb,0x7a,0xeb,0x7a,0x0b,0x83,0x0b,0x7b,0x0b,0x83,0x2c,0x83,0x2c,0x83,0x4c,0x8b,0x4c,0x8b,0x2c,0x8b,0x0c,0x83,0xeb,0x7a,
    0xeb,0x7a,0xca,0x72,0xcb,0x7a,0xaa,0x6a,0xaa,0x6a,0x8a,0x6a,0x69,0x6a,0x69,0x62,0x89,0x6a,0x48,0x62,0x29,0x62,0x27,0x5a,
    0x08,0x62,0x07,0x5a,0xe7,0x51,0xe7,0x51,0xe7,0x49,0xc7,0x49,0xc6,0x41,0xa7,0x39,0xc7,0x41,0xc7,0x41,0xa7,0x39,0xc6,0x39,
    0xc7,0x39,0xa7,0x39,0xc6,0x39,0xc7,0x39,0xa6,0x39,0xa7,0x39,0xc6,0x39,0xa7,0x39,0xc7,0x39,0xa6,0x31,0xa7,0x39,0xc6,0x39,
    0xa7,0x39,0xc6,0x39,0xa7,0x31,0xc7,0x39,0xa7,0x39,0xc7,0x39,0xa6,0x31,0xc7,0x39,0xa6,0x31,0xc7,0x39,0xa6,0x31,0xc7,0x39,
    0xa6,0x31,0xc7,0x39,0xc7,0x31,0xa6,0x39,0xc7,0x39,0xc7,0x39,0xa7,0x39,0xc6,0x31,0xc7,0x39,0xa7,0x31,0xc6,0x39,0xa7,0x31,
    0xc7,0x39,0xa6,0x39,0xc7,0x39,0xa6,0x31,0xc7,0x39,0xc7,0x31,0xa7,0x39,0xc7,0x39,0xa6,0x39,0xc7,0x39,0xc7,0x41,0xc7,0x49,
    0xa7,0x41,0xc7,0x49,0xc7,0x49,0xc6,0x41,0xc7,0x49,0xc7,0x49,0x28,0x5a,0x69,0x6a,0x48,0x62,0x08,0x5a,0x07,0x5a,0xe7,0x59,
    0x07,0x5a,0x07,0x5a,0xe7,0x51,0x07,0x5a,0xc7,0x49,0xc7,0x49,0xc6,0x49,0xc7,0x49,0xa6,0x39,0xc7,0x31,0xc6,0x39,0xa7,0x39,
    0xa7,0x39,0xc6,0x31,0xa7,0x39,0xc7,0x31,0xa7,0x39,0xc6,0x39,0xa7,0x31,0xc7,0x39,0xc7,0x39,0xa7,0x31,0xc7,0x39,0xc6,0x39,
    0xa7,0x31,0xc7,0x39,0xc6,0x39,0xa7,0x39,0xc7,0x31,0xa6,0x39,0xc7,0x39,0xc7,0x31,0xa7,0x39,0xc7,0x39,0xa6,0x31,0xc7,0x39,
    0xa7,0x31,0xc6,0x39,0xa7,0x39,0xc7,0x31,0xc6,0x39,0xa7,0x31,0xc7,0x39,0xc7,0x39,0xa6,0x31,0xc7,0x39,0xc7,0x39,0xa6,0x39,
    0xc7,0x31,0xca,0x31,0xea,0x39,0xc9,0x31,0xc6,0x39,0xa7,0x39,0xc7,0x31,0xc7,0x39,0xa7,0x39,0xc6,0x31,0xc7,0x39,0xa6,0x39,
    0xc7,0x39,0x08,0x4a,0x29,0x52,0x29,0x52,0x69,0x5a,0x8a,0x6a,0xca,0x6a,0xcb,0x72,0xcb,0x72,0xeb,0x7a,0xaa,0x6a,0xaa,0x6a,
    0xaa,0x6a,0x8a,0x6a,0xaa,0x72,0xeb,0x7a,0xaa,0x72,0xca,0x72,0xcb,0x72,0xa9,0x72,0xaa,0x72,0x0b,0x83,0x2c,0x8b,0x2c,0x83,
    0xeb,0x7a,0xea,0x7a,0xeb,0x7a,0xaa,0x72,0xcb,0x72,0xca,0x72,0xaa,0x72,0x8a,0x6a,0xaa,0x72,0xab,0x72,0x89,0x62,0x89,0x6a,
    0x6a,0x6a,0x48,0x62,0x48,0x62,0x49,0x62,0x48,0x62,0x28,0x62,0x28,0x62,0xe7,0x59,0xe7,0x59,0xe7,0x49,0xc7,0x41,0xc6,0x41,
    0xa7,0x39,0xc6,0x41,0xc7,0x39,0xa7,0x39,0xc6,0x39,0xa7,0x31,0xc7,0x39,0xa7,0x31,0xc7,0x39,0xc7,0x31,0xa7,0x39,0xc6,0x31,
    0xa7,0x39,0xc7,0x39,0xc7,0x31,0xa7,0x39,0xc6,0x31,0xc7,0x39,0xa7,0x39,0xc6,0x39,0xc7,0x31,0xa6,0x39,0xc7,0x39,0xa7,0x39,
    0xc7,0x39,0xa6,0x31,0xc7,0x39,0xc7,0x39,0xa6,0x39,0xc7,0x39,0xa7,0x39,0xc7,0x31,0xa6,0x39,0xc7,0x31,0xa6,0x39,0xc7,0x39,
    0xa7,0x31,0xc7,0x39,0xa7,0x39,0xc6,0x39,0xc7,0x31,0xa7,0x39,0xc6,0x31,0xc7,0x39,0xa7,0x39,0xc6,0x39,0xa7,0x31,0xc6,0x39,
    0xc7,0x39,0xa6,0x39,0xc7,0x39,0xc6,0x41,0xc7,0x41,0xc6,0x41,0xc7,0x41,0xc7,0x49,0xc7,0x49,0xc7,0x51,0x27,0x62,0x07,0x5a,
    0x07,0x62,0x07,0x5a,0x07,0x5a,0xe7,0x59,0x07,0x5a,0xe7,0x51,0xc6,0x49,0xc7,0x49,0xe7,0x49,0xc6,0x49,0xc7,0x41,0xc6,0x41,
    0xc7,0x39,0xa7,0x39,0xc7,0x39,0xc6,0x39,0xc7,0x39,0xa7,0x39,0xc6,0x31,0xa7,0x39,0xc6,0x39,0xa7,0x39,0xc7,0x39,0xa6,0x31,
    0xc7,0x39,0xc6,0x39,0xa7,0x31,0xc7,0x39,0xc6,0x39,0xa7,0x39,0xc7,0x31,0xa6,0x39,0xc7,0x39,0xc7,0x31,0xa6,0x39,0xc7,0x39,
    0xa6,0x31,0xc7,0x39,0xc7,0x39,0xa6,0x31,0xc7,0x39,0xc7,0x39,0xa6,0x31,0xc7,0x39,0xa7,0x39,0xc7,0x39,0xa6,0x31,0xc7,0x39,
    0xc7,0x39,0xa6,0x39,0xc7,0x31,0xc7,0x39,0xa7,0x31,0xc9,0x31,0xea,0x31,0xc8,0x31,0xc7,0x31,0xa7,0x39,0xc6,0x39,0xa7,0x39,
    0xc7,0x31,0xa7,0x39,0xc6,0x31,0xa7,0x39,0xc7,0x31,0xa7,0x39,0xe7,0x49,0x08,0x52,0x28,0x52,0x69,0x62,0x8a,0x6a,0xca,0x72,
    0xca,0x72,0xab,0x6a,0xaa,0x6a,0x8a,0x6a,0xa9,0x6a,0x8a,0x6a,0xaa,0x6a,0xaa,0x72,0xaa,0x6a,0x8a,0x72,0x89,0x6a,0x8a,0x6a,
    0x8a,0x72,0xea,0x72,0xeb,0x7a,0xaa,0x72,0xaa,0x72,0xaa,0x72,0xeb,0x7a,0xcb,0x72,0xeb,0x7a,0xca,0x72,0xeb,0x72,0xaa,0x6a,
    0xaa,0x6a,0x69,0x6a,0x8a,0x6a,0x89,0x6a,0x69,0x6a,0x69,0x6a,0x89,0x6a,0x69,0x6a,0x28,0x62,0x28,0x62,0x28,0x62,0x28,0x62,
    0x27,0x5a,0xe7,0x51,0xc7,0x49,0xc7,0x49,0xc7,0x41,0xc7,0x49,0xc6,0x41,0xc7,0x39,0xc7,0x39,0xa6,0x39,0xc7,0x39,0xc6,0x39,
    0xa7,0x39,0xc6,0x39,0xa7,0x39,0xc7,0x39,0xc6,0x31,0xa7,0x39,0xc6,0x39,0xa7,0x39,0xc7,0x31,0xa7,0x39,0xc6,0x31,0xa7,0x39,
    0xc7,0x39,0xc7,0x31,0xa6,0x39,0xc7,0x31,0xc6,0x39,0xc7,0x39,0xa7,0x31,0xc6,0x39,0xa7,0x31,0xc7,0x39,0xc6,0x31,0xa7,0x39,
    0xc7,0x39,0xc6,0x31,0xa7,0x39,0xc7,0x31,0xc6,0x39,0xa7,0x39,0xc6,0x31,0xa7,0x39,0xc7,0x39,0xc6,0x39,0xa7,0x39,0xc7,0x39,
    0xa6,0x31,0xc7,0x39,0xc7,0x39,0xa7,0x39,0xc7,0x39,0xa7,0x39,0xc6,0x41,0xa7,0x41,0xc7,0x41,0xa6,0x39,0xc7,0x41,0xa7,0x49,
    0xc6,0x41,0xc7,0x49,0xe7,0x59,0xe7,0x51,0x07,0x5a,0x08,0x62,0xe7,0x51,0xe6,0x49,0xc7,0x49,0xc7,0x49,0xc7,0x49,0xc6,0x49,
    0xc7,0x49,0xc6,0x41,0xc7,0x41,0xc7,0x41,0xc6,0x41,0xc7,0x39,0xa7,0x39,0xa7,0x31,0xc6,0x39,0xc7,0x31,0xa7,0x39,0xc7,0x39,
    0xc7,0x31,0xc6,0x39,0xa7,0x31,0xc7,0x39,0xa6,0x39,0xc7,0x31,0xa6,0x39,0xa7,0x39,0xc7,0x31,0xa6,0x39,0xc7,0x39,0xc7,0x31,
    0xa7,0x39,0xc6,0x39,0xa7,0x31,0xc7,0x39,0xc7,0x39,0xa6,0x31,0xc7,0x39,0xa7,0x39,0xc6,0x31,0xa7,0x39,0xc7,0x39,0xc6,0x31,
    0xa7,0x39,0xc6,0x31,0xc7,0x39,0xa7,0x39,0xc6,0x31,0xa7,0x39,0xc7,0x39,0xa6,0x31,0xc7,0x39,0xc9,0x31,0xea,0x39,0xc9,0x31,
    0xc7,0x39,0xa6,0x39,0xc7,0x39,0xc7,0x39,0xa6,0x39,0xc7,0x39,0xa7,0x39,0xc7,0x31,0xa6,0x39,0xc7,0x39,0xa7,0x39,0xc7,0x49,
    0x49,0x5a,0x69,0x62,0x69,0x62,0x8a,0x62,0xaa,0x6a,0xaa,0x6a,0x8a,0x6a,0x89,0x62,0x8a,0x6a,0x89,0x6a,0x89,0x6a,0x8a,0x6a,
    0xa9,0x6a,0x69,0x62,0x8a,0x6a,0x89,0x6a,0xaa,0x72,0xaa,0x72,0xaa,0x72,0xaa,0x72,0x89,0x6a,0xaa,0x72,0xaa,0x72,0xca,0x72,
    0xca,0x7a,0xcb,0x72,0xcb,0x7a,0xaa,0x72,0xcb,0x72,0xeb,0x7a,0xca,0x72,0xcb,0x7a,0xa9,0x6a,0x89,0x6a,0x8a,0x72,0x89,0x6a,
    0x89,0x6a,0x48,0x62,0x69,0x6a,0x48,0x62,0x07,0x5a,0xe7,0x51,0xe7,0x59,0xe7,0x51,0xc6,0x49,0xe7,0x51,0xc7,0x49,0xe7,0x51,
    0xc7,0x49,0xc6,0x49,0xc7,0x41,0xc7,0x41,0xc6,0x39,0xa7,0x39,0xc7,0x31,0xa6,0x39,0xc7,0x39,0xa7,0x39,0xc7,0x39,0xc6,0x39,
    0xa7,0x31,0xc6,0x39,0xc7,0x39,0xa7,0x31,0xc6,0x39,0xa7,0x39,0xc7,0x31,0xa7,0x39,0xc7,0x39,0xa6,0x31,0xc7,0x39,0xa7,0x39,
    0xc6,0x39,0xa7,0x31,0xc7,0x39,0xc6,0x39,0xa7,0x31,0xc7,0x39,0xa7,0x39,0xc6,0x39,0xa7,0x31,0xc7,0x39,0xc7,0x39,0xa6,0x39,
    0xc7,0x31,0xa7,0x39,0xc7,0x39,0xa6,0x39,0xc7,0x39,0xa7,0x39,0xc6,0x39,0xa7,0x39,0xc6,0x41,0xa7,0x41,0xc7,0x39,0xa6,0x39,
    0xc7,0x39,0xa7,0x41,0xc6,0x39,0xc7,0x41,0xc7,0x41,0xc7,0x49,0xe7,0x51,0xe7,0x59,0xe6,0x51,0xe7,0x59,0xc7,0x51,0xe6,0x51,
    0xc7,0x51,0xc6,0x49,0xc7,0x49,0xe6,0x49,0xc7,0x49,0xc6,0x41,0xc7,0x41,0xc7,0x41,0xa7,0x41,0xc6,0x39,0xc7,0x39,0xc6,0x39,
    0xa7,0x39,0xc7,0x39,0xa6,0x31,0xc7,0x39,0xa6,0x39,0xc7,0x31,0xa7,0x39,0xc6,0x39,0xc7,0x31,0xa7,0x39,0xe7,0x49,0xe7,0x49,
    0xc7,0x41,0xc7,0x39,0xa7,0x31,0xc6,0x39,0xa7,0x39,0xc7,0x31,0xc7,0x39,0xa6,0x39,0xc7,0x39,0xa7,0x39,0xc6,0x31,0xc7,0x39,
    0xa7,0x39,0xc6,0x31,0xa7,0x39,0xc7,0x39,0xc7,0x39,0xa7,0x39,0xc6,0x31,0xa7,0x39,0xc7,0x39,0xa6,0x31,0xc7,0x39,0xc7,0x39,
    0xa8,0x31,0xe9,0x31,0xea,0x31,0xc9,0x31,0xc7,0x39,0xa7,0x31,0xa7,0x39,0xc7,0x39,0xc8,0x39,0xc7,0x39,0xc7,0x31,0xc6,0x39,
    0xa7,0x39,0xc7,0x31,0xc6,0x39,0xa7,0x39,0x28,0x52,0x69,0x5a,0x29,0x5a,0x69,0x62,0x8a,0x62,0xaa,0x6a,0x69,0x62,0x69,0x62,
    0x69,0x62,0x8a,0x6a,0xaa,0x6a,0x69,0x6a,0x69,0x62,0x69,0x6a,0x69,0x62,0x8a,0x6a,0x89,0x6a,0x89,0x6a,0x8a,0x72,0x8a,0x6a,
    0xaa,0x72,0x89,0x6a,0x69,0x6a,0xaa,0x72,0xcb,0x72,0xaa,0x72,0xeb,0x7a,0x0c,0x7b,0xca,0x72,0xcb,0x7a,0xeb,0x7a,0xca,0x7a,
    0xaa,0x72,0xaa,0x72,0x89,0x72,0x69,0x6a,0x69,0x6a,0x69,0x6a,0x48,0x62,0x08,0x62,0x28,0x5a,0xe7,0x59,0x07,0x5a,0x07,0x5a,
    0x08,0x5a,0x07,0x5a,0xe7,0x59,0x07,0x52,0xe7,0x51,0xc7,0x49,0xc6,0x41,0xc7,0x41,0xc7,0x49,0xc6,0x41,0xc7,0x41,0xc7,0x39,
    0xc6,0x39,0xc7,0x41,0xc6,0x41,0xc7,0x39,0xc7,0x39,0xa7,0x39,0xc6,0x39,0xa7,0x39,0xc7,0x31,0xc6,0x39,0xa7,0x39,0xc6,0x31,
    0xa7,0x39,0xc7,0x39,0xa6,0x39,0xc7,0x31,0xc7,0x39,0xa6,0x39,0xc7,0x39,0xa7,0x31,0xc6,0x39,0xa7,0x39,0xc6,0x39,0xc7,0x31,
    0xa7,0x39,0xc6,0x39,0xa7,0x31,0xc7,0x39,0xa6,0x39,0xc7,0x31,0xc6,0x39,0xa7,0x31,0xc7,0x39,0xc6,0x39,0xa7,0x39,0xc7,0x39,
    0xc7,0x39,0xa6,0x39,0xc7,0x39,0xc7,0x39,0xa6,0x39,0xc7,0x39,0xc7,0x39,0xa6,0x41,0xc7,0x39,0xc6,0x51,0xe7,0x59,0xe7,0x51,
    0xe7,0x51,0xe7,0x51,0xe6,0x51,0xc7,0x51,0xc6,0x49,0xc7,0x49,0xc6,0x49,0xc7,0x49,0xc6,0x49,0xc7,0x41,0xa7,0x41,0xc6,0x39,
    0xc7,0x41,0xc6,0x41,0xa7,0x39,0xc7,0x31,0xa6,0x39,0xc7,0x31,0xc7,0x39,0xa6,0x39,0xc7,0x31,0xa7,0x39,0xc6,0x39,0xa7,0x31,
    0xc7,0x39,0xc7,0x41,0x08,0x5a,0x49,0x5a,0xc7,0x49,0xa6,0x39,0xc7,0x39,0xa7,0x31,0xc6,0x39,0xa7,0x39,0xc6,0x39,0xa7,0x31,
    0xc6,0x39,0xa7,0x31,0xc7,0x39,0xa6,0x39,0xc7,0x39,0xc7,0x39,0xa7,0x31,0xc6,0x39,0xa7,0x31,0xc6,0x39,0xa7,0x39,0xc7,0x31,
    0xc6,0x39,0xa7,0x39,0xc7,0x31,0xa6,0x39,0xc8,0x31,0xc9,0x31,0xea,0x39,0xea,0x31,0xc7,0x39,0xc6,0x31,0xc8,0x41,0x2a,0x52,
    0x2a,0x4a,0xc8,0x39,0xa6,0x39,0xc7,0x39,0xc7,0x31,0xa6,0x39,0xc7,0x31,0xa7,0x39,0xc7,0x41,0xe7,0x49,0x08,0x52,0x49,0x5a,
    0x89,0x6a,0x69,0x62,0x69,0x62,0x69,0x62,0x69,0x62,0xaa,0x6a,0x8a,0x6a,0x69,0x62,0x69,0x62,0x49,0x62,0x69,0x62,0x69,0x62,
    0x49,0x62,0x6a,0x6a,0x89,0x6a,0x89,0x6a,0x89,0x6a,0x8a,0x6a,0x8a,0x6a,0xaa,0x6a,0xaa,0x6a,0xaa,0x6a,0xeb,0x7a,0xeb,0x7a,
    0xca,0x72,0xcb,0x72,0xca,0x7a,0xcb,0x72,0xeb,0x7a,0xca,0x7a,0xca,0x72,0x89,0x6a,0x69,0x6a,0x69,0x6a,0x49,0x62,0x48,0x6a,
    0x69,0x6a,0x28,0x62,0x28,0x5a,0x28,0x62,0x27,0x62,0xe7,0x51,0xe7,0x59,0xe7,0x51,0xc6,0x51,0xe7,0x59,0xe7,0x49,0xc7,0x51,
    0xe7,0x49,0xc7,0x49,0xc6,0x49,0xc7,0x49,0xc7,0x49,0xc7,0x41,0xc7,0x49,0xc6,0x49,0xc7,0x41,0xa6,0x31,0xc7,0x39,0xc7,0x39,
    0xa6,0x39,0xc7,0x39,0xa7,0x31,0xc7,0x39,0xc6,0x39,0xa7,0x39,0xc7,0x39,0xa6,0x39,0xc7,0x39,0xc7,0x39,0xa6,0x39,0xc7,0x39,
    0xa7,0x39,0xc7,0x31,0xa7,0x39,0xc6,0x39,0xc7,0x39,0xa7,0x39,0xc6,0x39,0xc7,0x39,0xc7,0x39,0xa7,0x39,0xc7,0x39,0xa6,0x39,
    0xc7,0x39,0xa7,0x39,0xc6,0x39,0xa7,0x39,0xc6,0x39,0xc7,0x39,0xa7,0x39,0xc6,0x39,0xc7,0x31,0xa7,0x39,0xc6,0x39,0xa7,0x41,
    0xc7,0x49,0xe7,0x51,0xe7,0x59,0x07,0x5a,0x07,0x62,0x28,0x62,0xe7,0x51,0xe7,0x51,0xc6,0x49,0xc7,0x41,0xc7,0x41,0xc6,0x41,
    0xc7,0x41,0xc6,0x41,0xc7,0x41,0xa6,0x39,0xc7,0x41,0xc7,0x41,0xa6,0x31,0xc7,0x39,0xa7,0x39,0xc6,0x39,0xa7,0x31,0xc7,0x39,
    0xc7,0x39,0xa6,0x39,0xc7,0x31,0xc7,0x39,0xa6,0x39,0xc7,0x41,0x29,0x5a,0x49,0x62,0xc7,0x49,0xc7,0x31,0xa6,0x39,0xc7,0x39,
    0xc7,0x31,0xa7,0x39,0xc7,0x31,0xc7,0x39,0xa7,0x39,0xc6,0x39,0xa7,0x31,0xc7,0x39,0xa7,0x31,0xc6,0x39,0xa7,0x39,0xc7,0x39,
    0xc6,0x39,0xa7,0x31,0xc7,0x39,0xa6,0x39,0xc7,0x31,0xc7,0x39,0xa6,0x39,0xc7,0x39,0xc8,0x31,0xea,0x39,0x0b,0x3a,0xea,0x39,
    0xa7,0x39,0xa6,0x39,0x29,0x4a,0xab,0x62,0x4a,0x52,0xc7,0x39,0xa7,0x39,0xc7,0x31,0xa6,0x39,0xc7,0x39,0xa7,0x39,0xc6,0x31,
    0xc7,0x39,0xa7,0x39,0xc6,0x39,0xe8,0x51,0x89,0x62,0xaa,0x6a,0x69,0x62,0x49,0x62,0x49,0x5a,0x49,0x62,0x49,0x5a,0x49,0x62,
    0x69,0x62,0x49,0x62,0x49,0x62,0x48,0x5a,0x48,0x62,0x49,0x62,0x48,0x5a,0x49,0x62,0x48,0x62,0x49,0x62,0x69,0x62,0xaa,0x72,
    0xaa,0x72,0xca,0x72,0xaa,0x72,0xaa,0x72,0xeb,0x7a,0x0b,0x7b,0x0b,0x83,0xeb,0x7a,0x0a,0x83,0xaa,0x7a,0xa9,0x72,0x89,0x72,
    0x69,0x6a,0x48,0x6a,0x69,0x6a,0x68,0x6a,0x69,0x6a,0x48,0x62,0x48,0x6a,0x08,0x62,0x28,0x62,0x07,0x62,0xe7,0x51,0x07,0x5a,
    0xe7,0x59,0x08,0x5a,0x27,0x62,0xe7,0x59,0xe7,0x59,0x07,0x5a,0xe7,0x51,0x07,0x5a,0xe7,0x51,0xe7,0x51,0xe7,0x51,0xc7,0x49,
    0xc7,0x41,0xc7,0x41,0xa7,0x39,0xc7,0x39,0xc7,0x39,0xa6,0x39,0xc7,0x39,0xa6,0x39,0xc7,0x39,0xc7,0x39,0xa6,0x39,0xc7,0x39,
    0xa7,0x39,0xc7,0x31,0xa7,0x39,0xc6,0x39,0xc7,0x39,0xa6,0x39,0xc7,0x39,0xa7,0x39,0xc6,0x41,0xc7,0x39,0xa7,0x39,0xa6,0x39,
    0xc7,0x39,0xa6,0x31,0xc7,0x39,0xc7,0x49,0xc7,0x41,0xc6,0x39,0xa7,0x41,0xc7,0x39,0xa7,0x39,0xc6,0x39,0xa7,0x39,0xc7,0x39,
    0xa7,0x39,0xc6,0x39,0xa7,0x39,0xc7,0x39,0xc6,0x49,0xc7,0x49,0x07,0x5a,0xe7,0x59,0xe7,0x51,0x28,0x5a,0xe7,0x59,0xc6,0x49,
    0xc7,0x49,0xc6,0x41,0xc7,0x41,0xc7,0x41,0xc7,0x39,0xa7,0x49,0xc6,0x41,0xc7,0x39,0xc7,0x41,0xa6,0x39,0xc7,0x39,0xc7,0x31,
    0xa7,0x39,0xc7,0x31,0xc6,0x39,0xa7,0x39,0xc6,0x31,0xc7,0x39,0xa7,0x39,0xc6,0x39,0xa7,0x39,0xe7,0x49,0x48,0x5a,0x28,0x5a,
    0xc7,0x41,0xa7,0x31,0xc7,0x39,0xa6,0x39,0xc7,0x39,0xc6,0x39,0xa7,0x39,0xc6,0x31,0xa7,0x39,0xc7,0x31,0xc6,0x39,0xa7,0x39,
    0xc6,0x39,0xc7,0x31,0xa6,0x39,0xc7,0x31,0xa7,0x39,0xc7,0x39,0xc6,0x31,0xa7,0x39,0xc7,0x39,0xa7,0x39,0xc7,0x31,0xa7,0x39,
    0xc9,0x31,0x0a,0x3a,0x2b,0x3a,0x0a,0x3a,0xc7,0x39,0xa6,0x31,0x08,0x4a,0xab,0x6a,0x8b,0x5a,0xe8,0x39,0xa6,0x39,0xc7,0x39,
    0xa7,0x39,0xc7,0x31,0xc6,0x39,0xa7,0x39,0xc7,0x31,0xa6,0x39,0xc7,0x31,0xc7,0x39,0xe8,0x51,0x49,0x5a,0x49,0x62,0x69,0x62,
    0x48,0x5a,0x28,0x5a,0x69,0x62,0x69,0x62,0x69,0x62,0x69,0x62,0x48,0x62,0x49,0x62,0x49,0x62,0x69,0x62,0x49,0x62,0x28,0x5a,
    0x28,0x5a,0x28,0x62,0x49,0x62,0x69,0x62,0x89,0x6a,0x89,0x6a,0x69,0x6a,0xaa,0x6a,0xcb,0x7a,0xeb,0x7a,0x0b,0x83,0xca,0x7a,
    0xca,0x7a,0xca,0x7a,0x69,0x6a,0x69,0x6a,0x27,0x62,0x28,0x62,0x28,0x62,0x07,0x5a,0x28,0x62,0x28,0x62,0x48,0x6a,0x48,0x6a,
    0x68,0x6a,0x28,0x62,0x48,0x62,0x48,0x6a,0x28,0x62,0x48,0x6a,0x08,0x5a,0x48,0x62,0x07,0x5a,0x08,0x5a,0x28,0x5a,0x48,0x6a,
    0x28,0x62,0x28,0x5a,0x07,0x5a,0xe7,0x51,0xc7,0x49,0xc6,0x39,0xc7,0x39,0xc6,0x41,0xa7,0x39,0xc7,0x39,0xc7,0x39,0xc7,0x39,
    0xa7,0x39,0xc6,0x39,0xc7,0x39,0xa7,0x39,0xc6,0x39,0xc7,0x41,0xa6,0x39,0xc7,0x41,0xc7,0x39,0xc7,0x41,0xc6,0x49,0xc7,0x41,
    0xa7,0x39,0xc6,0x39,0xc7,0x39,0xc7,0x39,0xa7,0x39,0xc7,0x39,0xa6,0x41,0xc7,0x41,0xc6,0x41,0xa7,0x39,0xc7,0x39,0xc6,0x39,
    0xa7,0x39,0xc7,0x39,0xc6,0x39,0xa7,0x41,0xc6,0x39,0xa7,0x41,0xc7,0x39,0xc6,0x41,0xc7,0x49,0xe7,0x51,0x07,0x5a,0xe7,0x51,
    0xe7,0x59,0xe7,0x51,0xc6,0x49,0xe7,0x49,0xc7,0x49,0xc6,0x49,0xc7,0x41,0xc6,0x41,0xc6,0x41,0xc7,0x41,0xc6,0x41,0xc7,0x39,
    0xa7,0x39,0xc7,0x31,0xa6,0x39,0xc7,0x39,0xc6,0x39,0xa7,0x39,0xc7,0x31,0xa7,0x39,0xc7,0x39,0xa6,0x31,0xa7,0x39,0xc7,0x41,
    0x08,0x52,0x28,0x5a,0x49,0x5a,0x08,0x52,0xa7,0x39,0xc6,0x39,0xc7,0x31,0xa7,0x39,0xc7,0x31,0xa6,0x39,0xc7,0x31,0xa7,0x39,
    0xc6,0x39,0xa7,0x39,0xc7,0x31,0xc7,0x39,0xa7,0x31,0xc7,0x39,0xa7,0x39,0xc6,0x31,0xc7,0x39,0xa6,0x39,0xc7,0x39,0xa7,0x31,
    0xc6,0x39,0xc7,0x31,0xa6,0x39,0xc7,0x31,0xc9,0x31,0x0b,0x3a,0x4b,0x3a,0x4c,0x3a,0xc7,0x39,0xa7,0x31,0xc7,0x41,0x8b,0x62,
    0xcc,0x6a,0x4a,0x52,0xc7,0x31,0xa7,0x39,0xc6,0x31,0xa7,0x39,0xc7,0x39,0xa6,0x31,0xc7,0x39,0xc7,0x39,0xa6,0x39,0xc7,0x39,
    0xa6,0x39,0xc7,0x41,0x28,0x52,0x69,0x62,0x29,0x5a,0x28,0x52,0x49,0x5a,0x49,0x62,0x49,0x62,0x49,0x5a,0x69,0x62,0x69,0x62,
    0x49,0x62,0x48,0x62,0x28,0x5a,0x28,0x5a,0x28,0x5a,0x28,0x5a,0x28,0x5a,0x28,0x5a,0x08,0x5a,0x28,0x62,0x49,0x62,0x48,0x62,
    0x48,0x62,0x48,0x62,0x49,0x6a,0x28,0x62,0x48,0x62,0x28,0x62,0x27,0x62,0xe7,0x59,0xe7,0x51,0x07,0x5a,0xe7,0x51,0xe7,0x59,
    0x07,0x62,0x69,0x6a,0x48,0x6a,0x48,0x62,0x48,0x6a,0x48,0x6a,0x89,0x72,0x28,0x62,0x28,0x62,0x68,0x6a,0x49,0x6a,0x28,0x62,
    0x69,0x6a,0x89,0x6a,0x69,0x6a,0x69,0x6a,0x69,0x6a,0x48,0x62,0x29,0x62,0x28,0x5a,0x08,0x52,0xc7,0x51,0xc7,0x49,0xc7,0x41,
    0xc7,0x39,0xa7,0x39,0xc6,0x41,0xc7,0x41,0xa7,0x39,0xc7,0x41,0xc6,0x41,0xc7,0x49,0xc7,0x41,0xc6,0x41,0xc7,0x41,0xa7,0x41,
    0xc6,0x39,0xc7,0x49,0xc7,0x51,0xc6,0x41,0xc7,0x41,0xc7,0x41,0xa6,0x39,0xc7,0x39,0xc6,0x41,0xc7,0x41,0xc7,0x41,0xa7,0x39,
    0xc7,0x41,0xc6,0x41,0xa7,0x41,0xa7,0x41,0xc6,0x41,0xa7,0x41,0xc7,0x39,0xa7,0x39,0xc7,0x39,0xc6,0x39,0xa7,0x39,0xc7,0x41,
    0xa6,0x49,0xe7,0x51,0xe7,0x59,0xc7,0x49,0xc6,0x51,0xc7,0x49,0xc6,0x49,0xc7,0x49,0xc6,0x49,0xc7,0x41,0xc7,0x49,0xc7,0x41,
    0xc6,0x41,0xc7,0x39,0xa7,0x39,0xc6,0x39,0xc7,0x39,0xa6,0x39,0xc7,0x31,0xa7,0x39,0xc7,0x31,0xa6,0x39,0xc7,0x39,0xa6,0x31,
    0xc7,0x39,0xc7,0x39,0xc7,0x41,0x08,0x52,0x49,0x5a,0x49,0x62,0x49,0x5a,0x08,0x52,0xc7,0x39,0xa7,0x39,0xc6,0x39,0xc7,0x39,
    0xa6,0x31,0xc7,0x39,0xa7,0x39,0xc6,0x31,0xc7,0x39,0xc7,0x31,0xa6,0x39,0xc7,0x39,0xa6,0x39,0xc7,0x31,0xc6,0x39,0xa7,0x39,
    0xc7,0x31,0xa7,0x39,0xc7,0x31,0xc6,0x39,0xa7,0x39,0xc7,0x39,0xa7,0x39,0xc7,0x39,0xe9,0x31,0x4b,0x42,0x6c,0x42,0x4c,0x42,
    0xc7,0x39,0xc6,0x39,0xa7,0x39,0x49,0x5a,0xec,0x6a,0xac,0x62,0x29,0x4a,0xc8,0x41,0xc7,0x39,0xc7,0x39,0xa6,0x31,0xc7,0x39,
    0xa7,0x39,0xc6,0x31,0xa7,0x39,0xc7,0x31,0xc7,0x39,0xc7,0x39,0xe7,0x49,0x08,0x52,0xe7,0x49,0x08,0x52,0x08,0x5a,0x69,0x62,
    0x89,0x62,0x49,0x62,0x49,0x62,0x48,0x62,0x48,0x62,0x49,0x62,0x69,0x62,0x49,0x62,0x28,0x5a,0x28,0x52,0x28,0x5a,0x07,0x52,
    0xe7,0x51,0xe7,0x51,0xe7,0x51,0xc6,0x41,0xc7,0x41,0xa6,0x41,0x07,0x5a,0x0b,0x7b,0x0b,0x7b,0x2c,0x83,0xca,0x7a,0x69,0x6a,
    0x28,0x62,0x28,0x62,0x27,0x62,0xc7,0x49,0xe7,0x59,0x07,0x5a,0x07,0x5a,0x27,0x62,0x28,0x62,0x68,0x6a,0x28,0x62,0x48,0x6a,
    0x69,0x6a,0xa9,0x72,0xa9,0x72,0xca,0x7a,0x0b,0x83,0xca,0x7a,0x2c,0x83,0xea,0x7a,0x8a,0x72,0x89,0x6a,0x8a,0x72,0x69,0x6a,
    0x89,0x72,0x49,0x62,0x28,0x5a,0xe7,0x49,0xc7,0x49,0xe7,0x49,0xc7,0x49,0xc7,0x41,0xc7,0x49,0xe7,0x49,0xc7,0x49,0xc7,0x49,
    0xc7,0x51,0xc7,0x51,0xe7,0x51,0xc7,0x41,0xa7,0x41,0xc6,0x41,0xc7,0x51,0xc7,0x51,0xc7,0x51,0xc7,0x49,0xc7,0x49,0xc7,0x41,
    0xa7,0x41,0xc6,0x49,0xc7,0x41,0xc6,0x49,0xc7,0x49,0xa7,0x41,0xc7,0x49,0xc7,0x41,0xc7,0x41,0xc7,0x39,0xa6,0x41,0xc7,0x41,
    0xa6,0x41,0xc7,0x39,0xa7,0x39,0xc7,0x41,0xc7,0x49,0xc6,0x51,0xe7,0x51,0xe6,0x51,0xc7,0x49,0xc6,0x49,0xc7,0x41,0xc7,0x41,
    0xc7,0x41,0xc6,0x41,0xc7,0x49,0xc6,0x41,0xc7,0x41,0xa7,0x39,0xc6,0x39,0xa7,0x39,0xc7,0x31,0xc7,0x39,0xa6,0x39,0xc7,0x39,
    0xa6,0x39,0xc7,0x31,0xc7,0x39,0xa7,0x39,0xc6,0x39,0xc7,0x49,0x08,0x52,0x28,0x5a,0x49,0x62,0x69,0x5a,0x69,0x62,0xe7,0x51,
    0xa7,0x39,0xc6,0x39,0xa7,0x31,0xc7,0x39,0xa7,0x39,0xc6,0x31,0xc7,0x39,0xa7,0x39,0xc6,0x39,0xa7,0x39,0xc7,0x31,0xa6,0x39,
    0xc7,0x39,0xa7,0x39,0xc7,0x31,0xa6,0x39,0xc7,0x39,0xc6,0x39,0xa7,0x39,0xc7,0x31,0xa6,0x39,0xc7,0x31,0xc6,0x39,0xa7,0x31,
    0xe9,0x31,0x4c,0x42,0x8d,0x4a,0x8d,0x42,0xa7,0x31,0xc7,0x39,0xa6,0x39,0x09,0x4a,0xab,0x6a,0xec,0x6a,0x6a,0x5a,0xe8,0x41,
    0xa7,0x39,0xc7,0x39,0xa7,0x39,0xc6,0x31,0xc7,0x39,0xa7,0x39,0xc7,0x39,0xa6,0x39,0xc7,0x31,0xa6,0x39,0xc7,0x41,0xc7,0x41,
    0xc7,0x49,0x08,0x52,0x07,0x4a,0x28,0x5a,0x28,0x52,0x08,0x5a,0x48,0x5a,0x49,0x62,0x28,0x5a,0x48,0x62,0x69,0x62,0x49,0x62,
    0x28,0x5a,0x48,0x62,0x49,0x5a,0xc7,0x51,0xe7,0x51,0xc6,0x49,0xc7,0x41,0xc7,0x39,0x86,0x31,0x69,0x5a,0x71,0xa4,0x13,0xbd,
    0xb2,0xb4,0xb2,0xbc,0xb3,0xbc,0xb2,0xbc,0x30,0xb4,0xae,0x9b,0x2b,0x93,0x69,0x6a,0x69,0x62,0x8a,0x6a,0xe8,0x51,0xc6,0x49,
    0xa6,0x49,0xe7,0x51,0x69,0x6a,0x48,0x6a,0x49,0x6a,0xa9,0x72,0xeb,0x82,0x0b,0x83,0x0b,0x83,0x0b,0x8b,0x0b,0x8b,0xeb,0x82,
    0x6c,0x93,0xeb,0x82,0x2b,0x83,0xca,0x7a,0xaa,0x72,0xca,0x7a,0x6a,0x72,0x28,0x62,0xe8,0x59,0x08,0x52,0x08,0x5a,0xc7,0x49,
    0xe7,0x49,0xe8,0x49,0xe7,0x51,0xe7,0x51,0xe7,0x51,0xe7,0x51,0xc7,0x51,0xe7,0x51,0xe7,0x51,0xe7,0x51,0xe7,0x51,0xc7,0x49,
    0x07,0x5a,0x07,0x5a,0xc7,0x51,0xc6,0x49,0xc7,0x41,0xc7,0x41,0xa7,0x49,0xc7,0x41,0xe7,0x49,0xc7,0x49,0xc7,0x49,0xc7,0x49,
    0xc7,0x49,0xc7,0x41,0xc6,0x39,0xa7,0x39,0xc7,0x39,0xc7,0x41,0xc6,0x41,0xc7,0x51,0xe6,0x51,0xc7,0x49,0xc7,0x51,0xc7,0x49,
    0xc6,0x51,0xc7,0x49,0xc6,0x41,0xc7,0x41,0xc6,0x41,0xc7,0x49,0xc6,0x41,0xa7,0x39,0xc7,0x39,0xa6,0x39,0xc7,0x31,0xa7,0x39,
    0xc6,0x39,0xa7,0x31,0xc7,0x39,0xc7,0x31,0xc7,0x39,0xa6,0x39,0xc7,0x31,0xa6,0x39,0xc7,0x41,0xe7,0x51,0x08,0x52,0x28,0x5a,
    0x49,0x5a,0x69,0x62,0x49,0x5a,0xc7,0x49,0xc7,0x39,0xa7,0x31,0xc6,0x39,0xc7,0x31,0xa6,0x39,0xc7,0x39,0xa7,0x31,0xc7,0x39,
    0xa7,0x31,0xc6,0x39,0xa7,0x39,0xc7,0x31,0xc6,0x39,0xa7,0x31,0xc6,0x39,0xc7,0x39,0xa7,0x31,0xc7,0x39,0xa6,0x31,0xc7,0x39,
    0xc7,0x39,0xa7,0x39,0xc7,0x31,0xa7,0x39,0xe9,0x31,0x4c,0x42,0xad,0x42,0x8d,0x4a,0xc6,0x39,0xa7,0x31,0xc7,0x39,0xe7,0x49,
    0x8b,0x62,0xcc,0x72,0x8a,0x62,0xe8,0x49,0xc7,0x39,0xa6,0x31,0xc7,0x39,0xa7,0x39,0xc6,0x31,0xc7,0x39,0xa6,0x31,0xc7,0x39,
    0xa7,0x39,0xc7,0x39,0xa7,0x39,0xc7,0x39,0xc7,0x49,0xc7,0x49,0xc8,0x49,0x08,0x52,0x08,0x52,0x08,0x5a,0x28,0x52,0x28,0x5a,
    0x48,0x5a,0x29,0x5a,0x49,0x62,0x28,0x5a,0x08,0x5a,0x28,0x5a,0x28,0x5a,0xe7,0x51,0xe7,0x49,0xc7,0x51,0xc6,0x49,0xa6,0x41,
    0x49,0x52,0x35,0xb5,0xb6,0xc5,0x56,0xbd,0x77,0xcd,0x97,0xcd,0xb7,0xcd,0xb7,0xcd,0x97,0xcd,0x56,0xcd,0xb3,0xb4,0xef,0xab,
    0x72,0xac,0x15,0xbd,0x91,0xac,0xf0,0x9b,0xeb,0x72,0xe7,0x49,0xa6,0x41,0xe7,0x51,0x07,0x5a,0x48,0x6a,0xaa,0x72,0xea,0x7a,
    0x0b,0x8b,0x2b,0x8b,0x4c,0x8b,0x4c,0x93,0x6d,0x8b,0x2b,0x8b,0x4c,0x8b,0xeb,0x82,0xeb,0x82,0xaa,0x72,0x89,0x72,0x49,0x62,
    0x49,0x62,0x08,0x5a,0x08,0x52,0x08,0x52,0x08,0x5a,0x08,0x5a,0x29,0x5a,0xe7,0x59,0x08,0x5a,0x08,0x62,0x27,0x5a,0x28,0x6a,
    0x69,0x6a,0x08,0x5a,0x07,0x5a,0xc7,0x51,0xe7,0x51,0x08,0x5a,0x08,0x5a,0xc7,0x51,0xc7,0x49,0xc6,0x49,0xc7,0x49,0xa6,0x41,
    0xc7,0x41,0xc7,0x41,0xc7,0x49,0xa6,0x41,0xc7,0x39,0xa7,0x41,0xc7,0x41,0xc7,0x39,0xa6,0x39,0xa7,0x41,0xc7,0x49,0xc6,0x49,
    0xc7,0x49,0xe7,0x51,0xe7,0x51,0xe7,0x51,0xc7,0x49,0xc7,0x49,0xc6,0x49,0xc7,0x49,0xc7,0x39,0xc6,0x41,0xc7,0x39,0xa7,0x39,
    0xc6,0x31,0xc7,0x39,0xa7,0x39,0xc6,0x39,0xa7,0x31,0xc7,0x39,0xa6,0x39,0xc7,0x39,0xa6,0x31,0xc7,0x39,0xa7,0x39,0xc7,0x41,
    0xc7,0x49,0xc7,0x49,0x08,0x52,0x08,0x52,0x28,0x5a,0x49,0x5a,0x29,0x5a,0xc7,0x49,0xc6,0x39,0xa7,0x39,0xc7,0x39,0xa7,0x39,
    0xc7,0x31,0xc6,0x39,0xa7,0x39,0xc6,0x39,0xc7,0x39,0xa7,0x31,0xc6,0x39,0xa7,0x39,0xc7,0x39,0xc7,0x39,0xa7,0x31,0xc6,0x39,
    0xa7,0x39,0xc6,0x31,0xc7,0x39,0xa7,0x39,0xc6,0x31,0xa7,0x39,0xc6,0x39,0xc7,0x31,0xc9,0x31,0x6c,0x42,0xae,0x4a,0xae,0x4a,
    0xc7,0x39,0xa6,0x39,0xc7,0x31,0xc7,0x41,0x4a,0x5a,0xec,0x72,0xec,0x72,0x8a,0x62,0x49,0x5a,0xe8,0x41,0xa6,0x39,0xc7,0x39,
    0xa7,0x39,0xc7,0x31,0xc7,0x39,0xa6,0x39,0xc7,0x31,0xc6,0x39,0xa7,0x39,0xc6,0x31,0xc7,0x39,0xa6,0x39,0xc7,0x41,0xc7,0x49,
    0xe7,0x51,0x08,0x52,0x08,0x52,0x08,0x5a,0x28,0x5a,0x48,0x62,0x69,0x62,0x28,0x5a,0x28,0x5a,0x28,0x5a,0x27,0x5a,0x08,0x5a,
    0x07,0x5a,0xe7,0x51,0xc7,0x49,0xa6,0x49,0x71,0x9c,0xf8,0xcd,0xd8,0xc5,0x1a,0xd6,0x39,0xd6,0x19,0xd6,0x3a,0xd6,0x19,0xd6,
    0xf8,0xd5,0xf8,0xcd,0xb7,0xcd,0xf4,0xbc,0x97,0xc5,0xb7,0xc5,0xd7,0xcd,0xf7,0xcd,0x55,0xc5,0x91,0xb4,0x2d,0x7b,0xe8,0x49,
    0xa6,0x31,0xc7,0x41,0x28,0x62,0x69,0x6a,0x88,0x72,0xaa,0x7a,0xca,0x7a,0x4b,0x8b,0x0b,0x83,0x2b,0x8b,0x0b,0x8b,0xca,0x82,
    0xca,0x7a,0xaa,0x7a,0x89,0x72,0x28,0x62,0x69,0x6a,0x49,0x62,0x49,0x62,0x08,0x5a,0x28,0x5a,0x28,0x5a,0x6a,0x6a,0x08,0x62,
    0x28,0x62,0x48,0x62,0x69,0x6a,0x69,0x6a,0x69,0x6a,0x48,0x6a,0x48,0x6a,0xe7,0x59,0x08,0x5a,0x28,0x62,0x28,0x62,0x08,0x5a,
    0xe7,0x51,0xe7,0x51,0xe8,0x51,0xc7,0x49,0xa7,0x49,0xc7,0x49,0xc7,0x49,0xe7,0x51,0xc7,0x49,0xc7,0x49,0xa6,0x41,0xc7,0x41,
    0xc7,0x41,0xc6,0x41,0xc7,0x41,0xc7,0x49,0xc6,0x49,0xc7,0x51,0xc6,0x49,0xc7,0x49,0xc6,0x49,0xc7,0x49,0xc6,0x41,0xc7,0x41,
    0xa7,0x39,0xc7,0x39,0xa6,0x39,0xc7,0x39,0xa7,0x39,0xc7,0x31,0xc6,0x39,0xa7,0x31,0xc7,0x39,0xc6,0x39,0xa7,0x31,0xc7,0x39,
    0xc7,0x39,0xc7,0x39,0xc6,0x41,0xa7,0x41,0xc7,0x41,0xc7,0x49,0xe7,0x49,0x08,0x52,0x08,0x5a,0x28,0x5a,0x08,0x52,0xc7,0x41,
    0xa7,0x31,0xc6,0x39,0xc7,0x31,0xa6,0x39,0xc7,0x39,0xa7,0x31,0xc7,0x39,0xa6,0x31,0xc7,0x39,0xc7,0x39,0xa7,0x31,0xc6,0x39,
    0xa7,0x31,0xc6,0x39,0xa7,0x39,0xc7,0x31,0xc7,0x39,0xa7,0x39,0xc6,0x39,0xa7,0x31,0xc7,0x39,0xa6,0x39,0xc7,0x31,0xa7,0x39,
    0xe9,0x31,0x4c,0x42,0x8d,0x4a,0xad,0x4a,0xc7,0x39,0xa7,0x31,0xc6,0x39,0xa7,0x39,0x29,0x5a,0xcb,0x6a,0xec,0x72,0x0c,0x73,
    0xcc,0x72,0x8a,0x62,0x09,0x52,0xc7,0x41,0xc6,0x39,0xa7,0x39,0xc6,0x31,0xa7,0x39,0xc7,0x39,0xa7,0x31,0xc6,0x39,0xa7,0x39,
    0xc7,0x39,0xc7,0x39,0xa6,0x39,0xc7,0x41,0xe7,0x49,0xe7,0x49,0xe7,0x51,0xe8,0x51,0x07,0x52,0x28,0x5a,0x49,0x62,0x68,0x62,
    0x48,0x6a,0x28,0x62,0x07,0x5a,0x28,0x5a,0x28,0x62,0xe7,0x51,0xa6,0x49,0xaa,0x62,0xb7,0xc5,0xd8,0xc5,0x3a,0xd6,0x7b,0xd6,
    0x9b,0xde,0x9b,0xd6,0x7a,0xde,0x7a,0xd6,0x5a,0xde,0x19,0xd6,0xd8,0xd5,0x97,0xcd,0xf9,0xcd,0xd8,0xcd,0xd7,0xcd,0x17,0xd6,
    0xb6,0xd5,0x55,0xcd,0x13,0xc5,0x30,0xac,0xeb,0x7a,0x08,0x4a,0xa6,0x31,0xc7,0x41,0xe7,0x51,0x28,0x62,0x89,0x72,0xaa,0x7a,
    0xca,0x82,0x0b,0x83,0x2b,0x8b,0xeb,0x82,0x0b,0x83,0x0b,0x83,0x8a,0x72,0x89,0x72,0x49,0x62,0x07,0x5a,0x28,0x62,0x28,0x62,
    0xe7,0x59,0x28,0x62,0x48,0x62,0x48,0x62,0x69,0x6a,0x08,0x62,0x28,0x62,0xaa,0x72,0x68,0x6a,0x49,0x6a,0x28,0x62,0x28,0x62,
    0x28,0x62,0x28,0x62,0x49,0x62,0x48,0x62,0x08,0x5a,0x08,0x52,0xe7,0x51,0xe8,0x51,0xe7,0x51,0xc7,0x49,0xc7,0x49,0xe8,0x51,
    0xe7,0x49,0xc7,0x49,0xc7,0x41,0xa6,0x41,0xa7,0x41,0xc7,0x49,0xc7,0x49,0xc7,0x51,0xc7,0x49,0xc7,0x51,0xc6,0x49,0xe7,0x51,
    0xc7,0x49,0xc6,0x41,0xc7,0x41,0xc7,0x39,0xa6,0x31,0xc7,0x39,0xc7,0x39,0xc7,0x31,0xc6,0x39,0xc7,0x39,0xc7,0x39,0xc7,0x39,
    0xa6,0x31,0xc7,0x39,0xa6,0x31,0xa6,0x31,0xa6,0x31,0xa6,0x31,0xa7,0x31,0xa6,0x39,0xa6,0x39,0xc7,0x41,0xc7,0x49,0xe7,0x51,
    0xe8,0x51,0x28,0x52,0xe8,0x51,0xa6,0x41,0xc7,0x31,0xa7,0x39,0xc6,0x39,0xa7,0x31,0xc7,0x39,0xc6,0x39,0xa7,0x39,0xc7,0x39,
    0xa6,0x31,0xc7,0x39,0xc6,0x39,0xa7,0x31,0xc7,0x39,0xc7,0x39,0xa6,0x31,0xc7,0x39,0xa6,0x39,0xc7,0x31,0xa7,0x39,0xc6,0x39,
    0xc7,0x31,0xa7,0x39,0xc7,0x39,0xc7,0x39,0xc9,0x31,0x2b,0x3a,0x8d,0x42,0x8d,0x42,0xc7,0x39,0xa6,0x39,0xc7,0x31,0xa7,0x39,
    0x08,0x4a,0xab,0x6a,0xec,0x72,0xec,0x72,0xeb,0x72,0xcb,0x72,0x8a,0x62,0x28,0x52,0xa7,0x39,0xc7,0x39,0xa7,0x39,0xc6,0x31,
    0xc7,0x39,0xa6,0x39,0xc7,0x31,0xc7,0x39,0xa6,0x31,0xc7,0x39,0xc7,0x31,0xc7,0x41,0xc7,0x49,0xe7,0x49,0x08,0x52,0x08,0x52,
    0x48,0x5a,0x28,0x62,0x48,0x62,0x49,0x62,0x69,0x62,0x69,0x62,0x48,0x62,0x28,0x5a,0x07,0x5a,0x07,0x52,0xa6,0x49,0xae,0x83,
    0xf8,0xcd,0xd7,0xcd,0x5a,0xd6,0x9b,0xde,0xbb,0xde,0xbb,0xde,0x9b,0xde,0x9b,0xde,0x7a,0xde,0x5a,0xde,0x19,0xd6,0xd8,0xd5,
    0xf9,0xd5,0xf9,0xcd,0x96,0xcd,0xd6,0xd5,0xb6,0xd5,0x33,0xc5,0x13,0xc5,0xd2,0xc4,0x50,0xb4,0x6d,0x93,0x49,0x62,0xa6,0x39,
    0xa6,0x31,0xc7,0x39,0xe7,0x51,0x08,0x5a,0x28,0x62,0x89,0x72,0xca,0x7a,0xaa,0x7a,0xca,0x7a,0xca,0x7a,0x89,0x72,0x69,0x72,
    0x69,0x6a,0x48,0x6a,0x28,0x62,0x28,0x62,0x08,0x5a,0x07,0x5a,0x28,0x62,0x28,0x6a,0x28,0x62,0x28,0x62,0x89,0x6a,0x69,0x72,
    0x49,0x6a,0x89,0x72,0x69,0x6a,0x69,0x6a,0x69,0x6a,0x48,0x62,0x49,0x6a,0x48,0x62,0x28,0x5a,0x29,0x5a,0x08,0x52,0xe7,0x51,
    0x28,0x52,0xc7,0x49,0xe7,0x49,0x08,0x52,0xe7,0x51,0xe7,0x51,0xc7,0x49,0xc7,0x39,0xc6,0x39,0xc7,0x49,0xe7,0x51,0xc7,0x51,
    0xc6,0x49,0xc7,0x49,0xc7,0x51,0xc6,0x49,0xc7,0x49,0xa7,0x39,0xc6,0x39,0xa7,0x39,0xc7,0x39,0xc7,0x39,0xa6,0x31,0xa6,0x31,
    0x86,0x31,0x86,0x31,0x86,0x31,0xa7,0x39,0xc7,0x39,0xc7,0x41,0xc8,0x41,0xe8,0x49,0x09,0x52,0x09,0x52,0x08,0x4a,0xe8,0x49,
    0xc7,0x41,0xa7,0x41,0x86,0x39,0xa6,0x41,0xc7,0x41,0xe7,0x51,0xc7,0x41,0xc7,0x39,0xa6,0x39,0xc7,0x31,0xc7,0x39,0xa6,0x39,
    0xc7,0x31,0xa7,0x39,0xc6,0x31,0xc7,0x39,0xa7,0x39,0xc7,0x31,0xa7,0x39,0xc6,0x39,0xa7,0x31,0xc6,0x39,0xa7,0x39,0xc7,0x31,
    0xc7,0x39,0xa6,0x39,0xc7,0x31,0xa7,0x39,0xc6,0x39,0xc7,0x31,0xa6,0x39,0xa7,0x31,0xc8,0x31,0x2b,0x3a,0x6c,0x42,0x6d,0x42,
    0xc7,0x31,0xa7,0x39,0xc7,0x39,0xa6,0x39,0xe8,0x49,0x8a,0x62,0xeb,0x6a,0xec,0x72,0xcb,0x6a,0xcb,0x72,0xab,0x6a,0x69,0x62,
    0xe8,0x49,0xa6,0x39,0xc7,0x31,0xa7,0x39,0xc7,0x39,0xc7,0x31,0xa6,0x39,0xc7,0x39,0xa7,0x39,0xc6,0x31,0xa7,0x39,0xc7,0x39,
    0xc7,0x49,0xe8,0x51,0x08,0x52,0x28,0x52,0x49,0x5a,0x49,0x62,0x48,0x5a,0x49,0x62,0x69,0x6a,0x89,0x6a,0x49,0x6a,0x48,0x62,
    0x28,0x62,0xe7,0x51,0xc6,0x51,0x71,0x9c,0xd7,0xcd,0xd8,0xcd,0x5a,0xde,0xdc,0xde,0xdc,0xe6,0xdb,0xde,0xdb,0xde,0x9b,0xde,
    0x9b,0xde,0x9b,0xde,0x3a,0xd6,0x19,0xd6,0x1a,0xd6,0x97,0xcd,0x75,0xcd,0x75,0xcd,0x34,0xcd,0xf3,0xc4,0xd2,0xc4,0x91,0xbc,
    0x70,0xb4,0x2f,0xac,0x6d,0x9b,0x89,0x72,0x08,0x4a,0xa7,0x39,0xa6,0x31,0xc7,0x41,0xc7,0x41,0xc7,0x41,0xe7,0x51,0x28,0x62,
    0x68,0x72,0x68,0x72,0x48,0x6a,0x69,0x6a,0x28,0x6a,0x28,0x62,0x28,0x62,0x48,0x62,0x07,0x5a,0xe7,0x59,0x07,0x5a,0x28,0x62,
    0x69,0x6a,0x49,0x6a,0x68,0x6a,0x89,0x72,0x69,0x72,0xaa,0x72,0x8a,0x72,0x8a,0x72,0x8a,0x6a,0x8a,0x72,0x69,0x6a,0x49,0x62,
    0x49,0x62,0x29,0x62,0x49,0x5a,0xe8,0x51,0xe8,0x51,0x08,0x52,0xe8,0x51,0xe7,0x51,0xe8,0x49,0xe7,0x51,0xc7,0x49,0xc7,0x49,
    0xa7,0x41,0xc7,0x49,0xe7,0x51,0xe7,0x51,0xc6,0x49,0xe7,0x51,0xc7,0x49,0xc6,0x49,0xc7,0x41,0xc7,0x39,0xc7,0x39,0xc6,0x39,
    0xa6,0x31,0x86,0x31,0xc7,0x41,0x49,0x5a,0x8b,0x62,0xcb,0x6a,0xec,0x72,0x0c,0x7b,0x0c,0x7b,0x2d,0x83,0x6e,0x8b,0xaf,0x8b,
    0x10,0x9c,0x10,0x94,0x11,0x9c,0xf0,0x93,0xaf,0x8b,0x6e,0x83,0x0d,0x7b,0x8b,0x62,0xe8,0x49,0xa7,0x39,0x86,0x39,0xa6,0x31,
    0xc7,0x39,0xc7,0x39,0xa7,0x39,0xc7,0x31,0xc6,0x39,0xa7,0x39,0xc7,0x39,0xa6,0x31,0xc7,0x39,0xa6,0x39,0xc7,0x31,0xc7,0x39,
    0xa7,0x39,0xc7,0x31,0xc6,0x39,0xa7,0x39,0xc6,0x31,0xa7,0x39,0xc7,0x39,0xc6,0x31,0xa7,0x39,0xc7,0x39,0xc7,0x39,0xc6,0x39,
    0xa8,0x31,0x0a,0x32,0x4c,0x42,0x4c,0x42,0xc6,0x39,0xa7,0x39,0xc6,0x31,0xc7,0x39,0xc7,0x41,0x4a,0x5a,0xab,0x6a,0xcb,0x6a,
    0xcb,0x6a,0xab,0x6a,0xab,0x6a,0x8a,0x6a,0x49,0x5a,0x08,0x52,0xc7,0x41,0xc6,0x31,0xa7,0x39,0xc6,0x39,0xa7,0x31,0xc7,0x39,
    0xa6,0x31,0xc7,0x39,0xa7,0x39,0xc6,0x39,0xa7,0x39,0xc7,0x39,0xc7,0x41,0xc7,0x41,0xe7,0x49,0x28,0x5a,0x28,0x5a,0x28,0x5a,
    0x89,0x6a,0x69,0x62,0x28,0x62,0x48,0x62,0x28,0x62,0x07,0x5a,0x08,0x5a,0xf3,0xac,0xb7,0xcd,0x19,0xd6,0x7a,0xde,0xbb,0xde,
    0xdc,0xe6,0xdc,0xe6,0xdc,0xe6,0xdb,0xde,0x9b,0xde,0x7b,0xde,0x5a,0xd6,0x5b,0xde,0xbc,0xde,0x98,0xcd,0xf3,0xbc,0xd2,0xc4,
    0xd2,0xc4,0xd2,0xc4,0x91,0xbc,0x90,0xbc,0x50,0xb4,0x50,0xb4,0x0f,0xac,0x8d,0x9b,0x2c,0x8b,0x8a,0x6a,0xe7,0x41,0xa6,0x31,
    0xc7,0x39,0xc6,0x41,0xa7,0x39,0xc7,0x49,0x07,0x5a,0x48,0x6a,0x28,0x6a,0x27,0x62,0x07,0x5a,0x08,0x62,0xe7,0x59,0xe7,0x59,
    0xc7,0x51,0xe7,0x59,0xe7,0x59,0x49,0x62,0x48,0x6a,0x49,0x6a,0x28,0x62,0x48,0x62,0x8a,0x72,0xeb,0x7a,0x89,0x72,0x69,0x6a,
    0x68,0x6a,0x69,0x62,0x69,0x6a,0x6a,0x6a,0x28,0x5a,0x08,0x5a,0x07,0x52,0xe8,0x51,0xe7,0x51,0x08,0x52,0xe8,0x51,0xe7,0x49,
    0xe7,0x51,0xe8,0x51,0xc7,0x49,0xc7,0x49,0xe6,0x51,0xc7,0x49,0xe7,0x51,0xe7,0x49,0xc7,0x41,0xc7,0x49,0xc7,0x49,0xc6,0x41,
    0xa7,0x39,0xa6,0x39,0x86,0x31,0xa7,0x39,0x08,0x52,0x0c,0x73,0xf0,0x9b,0x92,0xac,0xb2,0xb4,0x92,0xb4,0x92,0xac,0x92,0xac,
    0x72,0xac,0x92,0xac,0x92,0xa4,0xb2,0xac,0xb3,0xac,0xd3,0xac,0xd3,0xac,0xf4,0xac,0xd3,0xac,0xd3,0xac,0xb3,0xa4,0x72,0xa4,
    0xcf,0x93,0x2d,0x7b,0x6a,0x5a,0xe8,0x41,0xa6,0x39,0xa6,0x31,0xc7,0x31,0xc7,0x39,0xa7,0x39,0xc6,0x31,0xa7,0x39,0xc7,0x39,
    0xc6,0x31,0xc7,0x39,0xa7,0x39,0xc6,0x31,0xc7,0x39,0xa6,0x39,0xc7,0x39,0xa7,0x31,0xc7,0x39,0xc6,0x39,0xa7,0x31,0xc7,0x39,
    0xa7,0x39,0xc6,0x31,0xa7,0x39,0xc7,0x31,0xa8,0x31,0xea,0x31,0x2b,0x3a,0x2b,0x3a,0xc7,0x39,0xa7,0x31,0xc7,0x39,0xa7,0x31,
    0xa7,0x39,0x08,0x52,0x8a,0x62,0xab,0x6a,0xaa,0x6a,0xab,0x6a,0xaa,0x6a,0xaa,0x6a,0xaa,0x6a,0x6a,0x62,0x08,0x52,0xa7,0x39,
    0xc7,0x39,0xa7,0x31,0xc6,0x39,0xc7,0x39,0xa7,0x39,0xc7,0x39,0xc6,0x31,0xa7,0x39,0xc6,0x31,0xc7,0x39,0xa6,0x31,0xc7,0x39,
    0xa7,0x41,0x08,0x52,0x28,0x5a,0x08,0x52,0x49,0x62,0x69,0x62,0x48,0x62,0x28,0x5a,0x28,0x5a,0xe7,0x59,0x48,0x5a,0xf4,0xb4,
    0xb7,0xcd,0x18,0xd6,0x5a,0xde,0xbb,0xde,0xdb,0xe6,0xdc,0xde,0xbb,0xde,0x9c,0xde,0x7b,0xde,0x5b,0xd6,0x7b,0xde,0x9c,0xd6,
    0x3a,0xd6,0xf4,0xbc,0x30,0xac,0x50,0xb4,0x71,0xb4,0x91,0xbc,0x91,0xbc,0x71,0xb4,0x50,0xb4,0x0f,0xb4,0x0f,0xac,0xee,0xa3,
    0xce,0xa3,0x6d,0x9b,0x2c,0x8b,0x29,0x52,0x86,0x31,0xc7,0x39,0xc6,0x39,0xc7,0x41,0xc7,0x49,0xe7,0x59,0xe7,0x51,0x07,0x62,
    0x08,0x5a,0x07,0x5a,0xc7,0x51,0xe7,0x51,0xe7,0x51,0x07,0x5a,0xe7,0x59,0xc7,0x51,0x08,0x5a,0x28,0x62,0x49,0x6a,0x28,0x62,
    0xaa,0x72,0x69,0x6a,0x48,0x62,0x69,0x6a,0x8a,0x72,0x89,0x6a,0x6a,0x6a,0x89,0x6a,0x69,0x62,0x29,0x5a,0x49,0x62,0x08,0x52,
    0xe7,0x49,0xe7,0x49,0x28,0x5a,0x29,0x5a,0x08,0x52,0xe7,0x49,0xc7,0x49,0xc7,0x49,0xc7,0x49,0xe7,0x51,0xc7,0x51,0xc7,0x49,
    0xc6,0x41,0xa6,0x31,0xa6,0x41,0xa7,0x41,0xe8,0x51,0x49,0x5a,0xab,0x72,0x8e,0x8b,0x92,0xa4,0xf4,0xbc,0xf3,0xb4,0xf3,0xb4,
    0xf4,0xb4,0xf3,0xb4,0x14,0xbd,0x14,0xb5,0x14,0xb5,0x14,0xb5,0x14,0xb5,0x15,0xb5,0x14,0xb5,0x15,0xb5,0x14,0xbd,0x14,0xb5,
    0x14,0xbd,0x14,0xb5,0xf4,0xb4,0xd3,0xac,0xb3,0xa4,0x71,0x9c,0xf0,0x93,0x4e,0x7b,0x8b,0x62,0x09,0x4a,0xa7,0x39,0xa6,0x31,
    0xa6,0x39,0xc7,0x31,0xc7,0x39,0xa7,0x39,0xc7,0x39,0xa6,0x31,0xc7,0x39,0xa7,0x39,0xc6,0x39,0xa7,0x31,0xc7,0x39,0xc6,0x39,
    0xa7,0x31,0xc7,0x39,0xa6,0x39,0xc7,0x39,0xa6,0x31,0xc7,0x39,0xa7,0x39,0xc6,0x39,0xc8,0x31,0xc9,0x31,0x2b,0x3a,0x2b,0x3a,
    0xc7,0x39,0xa6,0x39,0xc7,0x39,0xc6,0x39,0xa7,0x39,0xe8,0x49,0x6a,0x62,0x8a,0x6a,0x8a,0x62,0xaa,0x6a,0x8a,0x6a,0x8b,0x6a,
    0xaa,0x6a,0x8a,0x6a,0x69,0x62,0xe7,0x49,0xa7,0x31,0xc6,0x39,0xa7,0x39,0xc7,0x31,0xc6,0x39,0xa7,0x31,0xc7,0x39,0xc7,0x39,
    0xa7,0x39,0xc7,0x39,0xa7,0x39,0xc6,0x39,0xc7,0x39,0xa7,0x41,0xe7,0x49,0x28,0x5a,0x28,0x5a,0x08,0x52,0x07,0x5a,0x28,0x5a,
    0x28,0x62,0x28,0x62,0x48,0x62,0xf3,0xac,0xb7,0xcd,0x18,0xd6,0x5a,0xde,0x9a,0xde,0xbb,0xde,0xbb,0xe6,0x9c,0xde,0x7b,0xde,
    0x5b,0xd6,0x7b,0xde,0x7c,0xd6,0x3a,0xd6,0xd3,0xbc,0xad,0x9b,0xae,0x9b,0xef,0xa3,0x2f,0xac,0x30,0xb4,0x50,0xb4,0x30,0xac,
    0x50,0xbc,0x50,0xb4,0x50,0xb4,0x91,0xbc,0x91,0xbc,0x91,0xb4,0x50,0xb4,0xef,0xa3,0x8a,0x62,0xa6,0x31,0xa7,0x39,0xc7,0x31,
    0xc6,0x39,0xc7,0x49,0xe7,0x51,0xe7,0x59,0xe7,0x59,0xe7,0x51,0xc7,0x51,0xc6,0x49,0xc7,0x49,0xc7,0x49,0xe7,0x51,0xe7,0x51,
    0x28,0x62,0xe7,0x59,0x28,0x62,0x28,0x62,0x48,0x6a,0x49,0x6a,0x69,0x6a,0xca,0x72,0xcb,0x72,0x69,0x6a,0x6a,0x6a,0x29,0x5a,
    0x49,0x62,0x49,0x5a,0x28,0x5a,0x08,0x52,0x08,0x5a,0x08,0x52,0xe7,0x51,0xe8,0x49,0x07,0x52,0xc7,0x41,0xa7,0x41,0xc6,0x41,
    0xc7,0x49,0xc7,0x49,0xa6,0x41,0xa6,0x41,0xa7,0x49,0x4a,0x62,0xec,0x7a,0x8e,0x8b,0x10,0x9c,0x72,0xac,0xb3,0xac,0x34,0xbd,
    0x34,0xbd,0x14,0xbd,0x14,0xbd,0x14,0xbd,0x14,0xbd,0x35,0xbd,0x55,0xbd,0x55,0xbd,0x35,0xbd,0x35,0xbd,0x35,0xbd,0x55,0xbd,
    0x35,0xbd,0x35,0xbd,0x55,0xbd,0x35,0xbd,0x15,0xb5,0x14,0xb5,0x14,0xb5,0xf4,0xb4,0xd3,0xac,0xb3,0xac,0x72,0xa4,0x51,0x9c,
    0x10,0x8c,0x6e,0x7b,0xcc,0x6a,0x2a,0x5a,0x08,0x4a,0xc7,0x39,0xa7,0x39,0xa6,0x31,0xc7,0x39,0xc7,0x39,0xa6,0x31,0xc7,0x39,
    0xa7,0x31,0xc6,0x39,0xa7,0x39,0xc7,0x31,0xa6,0x39,0xc7,0x39,0xc7,0x31,0xa7,0x39,0xc7,0x39,0xc6,0x31,0xa7,0x39,0xc7,0x31,
    0xa8,0x39,0xc9,0x31,0xea,0x31,0x0a,0x3a,0xc7,0x31,0xa6,0x39,0xc7,0x31,0xa7,0x39,0xc6,0x31,0xc7,0x49,0x49,0x5a,0x6a,0x62,
    0x8a,0x62,0x8a,0x6a,0x8a,0x62,0x8a,0x6a,0x8a,0x6a,0xaa,0x6a,0x8a,0x6a,0x49,0x5a,0xc7,0x49,0xa7,0x39,0xc7,0x31,0xa6,0x39,
    0xc7,0x39,0xa7,0x39,0xc6,0x31,0xa7,0x39,0xc6,0x31,0xa7,0x39,0xc6,0x31,0xa7,0x39,0xc7,0x31,0xc6,0x39,0xc7,0x49,0xe8,0x51,
    0x07,0x52,0x28,0x5a,0x29,0x62,0x48,0x62,0x48,0x62,0x08,0x5a,0x48,0x5a,0xb2,0xac,0xb8,0xd5,0xf8,0xcd,0x18,0xd6,0x9a,0xde,
    0x9b,0xde,0x9b,0xde,0x7b,0xde,0x7b,0xde,0x7c,0xde,0xbc,0xde,0xbc,0xde,0x75,0xc5,0xce,0x9b,0xd0,0x9b,0x30,0xac,0x30,0xac,
    0x31,0xac,0x0f,0xa4,0x30,0xac,0x30,0xac,0x30,0xac,0x50,0xac,0x30,0xb4,0xb2,0xbc,0x13,0xc5,0x34,0xcd,0x34,0xc5,0xf3,0xbc,
    0x92,0xbc,0x4d,0x83,0xc7,0x39,0xa6,0x39,0xc7,0x39,0xc7,0x39,0xc7,0x49,0xe7,0x51,0xe7,0x51,0xe7,0x51,0xc7,0x49,0xc7,0x51,
    0xc7,0x49,0xc7,0x49,0xe7,0x51,0x08,0x5a,0x08,0x5a,0xc7,0x49,0xe7,0x51,0x28,0x5a,0x08,0x62,0x69,0x62,0x49,0x6a,0x89,0x72,
    0x6a,0x6a,0x69,0x62,0x69,0x62,0x49,0x5a,0x08,0x5a,0x08,0x52,0x08,0x5a,0xe8,0x49,0x08,0x52,0xe7,0x49,0xc7,0x41,0xc7,0x49,
    0xe7,0x49,0xc7,0x41,0xc7,0x41,0xa7,0x39,0xa6,0x39,0xa6,0x41,0x29,0x5a,0xec,0x7a,0xcf,0x93,0xb2,0xac,0xf3,0xb4,0x14,0xbd,
    0x14,0xbd,0x14,0xb5,0x34,0xbd,0x15,0xbd,0x14,0xbd,0x35,0xbd,0x34,0xb5,0x15,0xbd,0x35,0xbd,0x34,0xbd,0x55,0xbd,0x55,0xbd,
    0x35,0xbd,0x34,0xbd,0x35,0xbd,0x55,0xbd,0x34,0xbd,0x55,0xbd,0x55,0xbd,0x35,0xbd,0x35,0xbd,0x14,0xb5,0x35,0xbd,0x14,0xb5,
    0xf4,0xb4,0xd3,0xac,0xd3,0xac,0xb3,0xac,0x92,0xa4,0x72,0xa4,0x30,0x94,0xaf,0x83,0x4e,0x7b,0xec,0x72,0x8b,0x5a,0xe8,0x49,
    0xa6,0x31,0xc7,0x39,0xa7,0x39,0xc6,0x39,0xc7,0x39,0xa7,0x31,0xc6,0x39,0xa7,0x39,0xc7,0x39,0xa6,0x31,0xc7,0x39,0xc6,0x39,
    0xa7,0x31,0xc7,0x39,0xa6,0x39,0xc7,0x39,0xc7,0x31,0xc9,0x31,0xea,0x39,0xe9,0x31,0xc7,0x39,0xa7,0x39,0xc6,0x31,0xc7,0x39,
    0xa7,0x39,0xc7,0x41,0x08,0x52,0x69,0x5a,0x6a,0x62,0x6a,0x62,0x8a,0x62,0x89,0x6a,0x8a,0x6a,0x8a,0x6a,0x8a,0x6a,0x69,0x62,
    0x28,0x5a,0xe7,0x51,0xc7,0x41,0xc7,0x41,0xa7,0x39,0xc6,0x31,0xa7,0x39,0xc7,0x39,0xa6,0x39,0xc7,0x31,0xc7,0x39,0xa6,0x39,
    0xc7,0x39,0xa7,0x31,0xc7,0x39,0xa6,0x39,0x08,0x52,0x28,0x5a,0x48,0x5a,0x48,0x62,0x69,0x62,0x69,0x62,0x07,0x5a,0x71,0xa4,
    0xb7,0xcd,0xb7,0xd5,0xf8,0xd5,0x5a,0xde,0x7a,0xde,0x7b,0xde,0x9b,0xde,0x9c,0xde,0xfd,0xde,0x1d,0xe7,0xb6,0xcd,0x51,0xa4,
    0x72,0xa4,0xb3,0xb4,0x92,0xb4,0x92,0xb4,0x71,0xac,0x71,0xb4,0x72,0xb4,0x72,0xac,0x51,0xac,0x72,0xb4,0xd2,0xbc,0xb2,0xbc,
    0x13,0xc5,0x34,0xc5,0x75,0xcd,0x54,0xc5,0x13,0xc5,0xd3,0xbc,0xcf,0x93,0xe8,0x41,0xa6,0x31,0xc7,0x39,0xa6,0x41,0xc7,0x41,
    0xc7,0x51,0x07,0x5a,0xc7,0x49,0xc7,0x51,0xc7,0x49,0xe7,0x51,0xe7,0x51,0xe7,0x51,0x28,0x62,0x07,0x5a,0xe8,0x59,0xe7,0x59,
    0x28,0x5a,0x28,0x62,0x49,0x5a,0x8a,0x6a,0x28,0x62,0x28,0x5a,0x6a,0x62,0x08,0x5a,0x08,0x52,0x08,0x52,0x28,0x5a,0xe8,0x49,
    0xc7,0x49,0xc7,0x49,0xe8,0x51,0xc7,0x49,0xc7,0x41,0xc7,0x49,0x86,0x39,0xc7,0x41,0xcb,0x6a,0xcf,0x9b,0x72,0xac,0xf3,0xb4,
    0x35,0xbd,0x55,0xc5,0x35,0xbd,0x35,0xbd,0x35,0xbd,0x34,0xbd,0x35,0xbd,0x34,0xbd,0x14,0xbd,0x14,0xbd,0x15,0xbd,0x34,0xbd,
    0x34,0xbd,0x35,0xbd,0x35,0xbd,0x55,0xbd,0x34,0xbd,0x35,0xbd,0x34,0xbd,0x35,0xbd,0x35,0xbd,0x35,0xbd,0x55,0xbd,0x34,0xbd,
    0x15,0xbd,0x14,0xb5,0x35,0xbd,0x35,0xbd,0x55,0xbd,0x15,0xb5,0xf4,0xb4,0xd3,0xac,0xd3,0xac,0xd3,0xb4,0xf4,0xb4,0xf3,0xac,
    0xd3,0xac,0x71,0x9c,0xef,0x8b,0x4d,0x7b,0x6a,0x62,0xa7,0x39,0xc6,0x31,0xa7,0x39,0xc7,0x31,0xc6,0x39,0xa7,0x39,0xc7,0x31,
    0xc7,0x39,0xa7,0x39,0xc6,0x31,0xa7,0x39,0xc7,0x39,0xa6,0x39,0xc7,0x31,0xa7,0x39,0xc7,0x31,0xc9,0x31,0xea,0x31,0xc9,0x31,
    0xc7,0x39,0xa6,0x31,0xc7,0x39,0xa7,0x39,0xc6,0x31,0xa7,0x39,0x08,0x52,0x49,0x5a,0x69,0x62,0x69,0x62,0x6a,0x62,0x69,0x62,
    0x6a,0x62,0x89,0x6a,0x8a,0x6a,0x8a,0x6a,0x69,0x62,0x49,0x5a,0x28,0x5a,0xe7,0x51,0xc7,0x49,0xc7,0x39,0xc6,0x39,0xa7,0x31,
    0xc7,0x39,0xa6,0x39,0xc7,0x31,0xc7,0x39,0xa7,0x31,0xc6,0x39,0xa7,0x39,0xc7,0x31,0xa6,0x39,0xe7,0x49,0x08,0x52,0x28,0x5a,
    0x08,0x52,0x08,0x52,0xc6,0x49,0x10,0x9c,0x96,0xcd,0x76,0xcd,0xd7,0xd5,0x19,0xde,0x3a,0xde,0x5a,0xde,0x9b,0xde,0x1d,0xe7,
    0x3e,0xe7,0x18,0xce,0x72,0xac,0xd4,0xac,0xf5,0xbc,0xf4,0xb4,0xd3,0xb4,0x93,0xac,0x93,0xb4,0x92,0xac,0x92,0xac,0x92,0xb4,
    0x72,0xb4,0x10,0xa4,0x51,0xac,0xb2,0xbc,0xd3,0xbc,0x34,0xcd,0x75,0xcd,0x75,0xcd,0x54,0xc5,0x14,0xc5,0x13,0xbd,0x31,0x9c,
    0xe7,0x41,0xa6,0x31,0xc7,0x39,0xc7,0x41,0xc7,0x49,0xc7,0x49,0xe7,0x49,0xe7,0x49,0xc7,0x51,0xe7,0x51,0x08,0x5a,0xe7,0x51,
    0x08,0x5a,0xc7,0x51,0x08,0x5a,0xe7,0x51,0xe8,0x51,0xc7,0x49,0x08,0x5a,0x28,0x5a,0xe8,0x51,0x28,0x5a,0x08,0x5a,0x08,0x52,
    0x08,0x5a,0xe7,0x49,0xe8,0x51,0x08,0x52,0xc7,0x49,0xc7,0x41,0xc7,0x39,0xc7,0x41,0xa6,0x39,0xa7,0x41,0xab,0x6a,0x10,0xa4,
    0xd3,0xb4,0x34,0xbd,0x55,0xbd,0x75,0xbd,0x55,0xc5,0x55,0xbd,0x55,0xbd,0x35,0xc5,0x54,0xbd,0x35,0xc5,0x34,0xbd,0x35,0xbd,
    0x14,0xbd,0x14,0xb5,0x34,0xbd,0x35,0xbd,0x14,0xbd,0x34,0xbd,0x34,0xbd,0x35,0xc5,0x14,0xbd,0x34,0xbd,0x35,0xc5,0x35,0xbd,
    0x54,0xc5,0x35,0xbd,0x34,0xbd,0x34,0xbd,0x14,0xb5,0xf4,0xb4,0x13,0xb5,0x14,0xbd,0x35,0xbd,0x55,0xbd,0x14,0xb5,0xf4,0xb4,
    0xf4,0xb4,0x14,0xb5,0x34,0xbd,0x55,0xbd,0x55,0xbd,0x55,0xbd,0xd2,0xb4,0x10,0x94,0x6d,0x83,0x6a,0x62,0xa7,0x39,0xc7,0x31,
    0xa7,0x39,0xc7,0x39,0xc6,0x31,0xa7,0x39,0xc6,0x39,0xa7,0x31,0xc7,0x39,0xa6,0x39,0xc7,0x31,0xc7,0x39,0xa6,0x39,0xc7,0x31,
    0xa8,0x39,0xc9,0x31,0xea,0x31,0xc8,0x31,0xc7,0x39,0xa7,0x39,0xc6,0x31,0xc7,0x39,0xa7,0x39,0xc7,0x39,0xe8,0x51,0x49,0x5a,
    0x49,0x5a,0x69,0x62,0x6a,0x62,0x69,0x62,0x8a,0x62,0x69,0x6a,0x8a,0x6a,0x69,0x62,0x69,0x62,0x69,0x62,0x49,0x62,0x49,0x5a,
    0x08,0x5a,0xe7,0x51,0xa7,0x41,0xc7,0x39,0xc6,0x31,0xc7,0x39,0xa7,0x39,0xc6,0x39,0xa7,0x39,0xc7,0x31,0xc6,0x39,0xa7,0x39,
    0xc7,0x39,0xa6,0x31,0xc7,0x49,0xc7,0x49,0xa6,0x39,0xc7,0x49,0xa6,0x41,0x6d,0x83,0x96,0xcd,0x55,0xc5,0x96,0xcd,0x18,0xd6,
    0x19,0xde,0x5b,0xde,0xdc,0xde,0x5e,0xef,0x7a,0xd6,0xd4,0xb4,0x15,0xad,0x56,0xbd,0x35,0xbd,0xf4,0xb4,0x93,0xac,0xb3,0xb4,
    0x93,0xb4,0x92,0xac,0x72,0xac,0x31,0xa4,0xf0,0x9b,0x10,0xa4,0x92,0xb4,0xb2,0xbc,0xb2,0xbc,0xd3,0xbc,0x13,0xc5,0x55,0xc5,
    0x54,0xcd,0x54,0xc5,0x14,0xc5,0x14,0xc5,0x31,0x9c,0xc7,0x39,0xa7,0x39,0xc6,0x39,0xc7,0x39,0xc7,0x49,0xc7,0x49,0xc7,0x49,
    0xc7,0x49,0xe7,0x49,0xc7,0x41,0xc7,0x49,0xe7,0x59,0x07,0x52,0x08,0x52,0xe8,0x51,0xc7,0x49,0x08,0x52,0x08,0x52,0xc7,0x49,
    0x08,0x5a,0xe8,0x49,0x08,0x52,0xe7,0x51,0xe8,0x49,0xc7,0x41,0xc7,0x49,0xc6,0x41,0xa7,0x39,0xc7,0x39,0xa6,0x39,0xa7,0x31,
    0x29,0x5a,0xaf,0x93,0xd3,0xb4,0x34,0xbd,0x55,0xbd,0x55,0xbd,0x55,0xc5,0x55,0xc5,0x55,0xbd,0x35,0xbd,0x55,0xbd,0x35,0xc5,
    0x55,0xbd,0x35,0xbd,0x34,0xbd,0x14,0xbd,0x14,0xbd,0x14,0xbd,0x14,0xbd,0x14,0xbd,0x14,0xbd,0x14,0xbd,0xf4,0xbc,0xf3,0xbc,
    0xf3,0xb4,0xf4,0xbc,0xf3,0xbc,0x14,0xbd,0x14,0xbd,0x14,0xbd,0xf4,0xbc,0xf4,0xb4,0xd3,0xb4,0xf3,0xbc,0xd4,0xb4,0xf4,0xb4,
    0x34,0xbd,0x35,0xbd,0x35,0xbd,0x14,0xb5,0xf3,0xb4,0xf4,0xb4,0x14,0xb5,0x14,0xbd,0x34,0xbd,0xd3,0xb4,0x91,0xac,0x30,0xa4,
    0xce,0x8b,0x2d,0x7b,0x29,0x52,0xa6,0x39,0xc7,0x31,0xa6,0x39,0xc7,0x39,0xa7,0x31,0xc7,0x39,0xc6,0x39,0xa7,0x31,0xc7,0x39,
    0xa6,0x39,0xc7,0x31,0xc7,0x39,0xa6,0x39,0xc8,0x31,0xc9,0x31,0xca,0x31,0xc8,0x31,0xc6,0x31,0xa7,0x39,0xc7,0x39,0xa6,0x31,
    0xc7,0x39,0xa6,0x39,0xc7,0x49,0x29,0x52,0x49,0x5a,0x49,0x62,0x69,0x5a,0x69,0x62,0x69,0x62,0x69,0x62,0x69,0x62,0x6a,0x62,
    0x69,0x62,0x49,0x62,0x69,0x5a,0x49,0x5a,0x28,0x5a,0x28,0x5a,0xe8,0x51,0xc7,0x41,0xa7,0x41,0xc7,0x39,0xa6,0x31,0xc7,0x39,
    0xc7,0x31,0xa6,0x39,0xc7,0x39,0xc7,0x31,0xa6,0x39,0xc7,0x31,0xc7,0x39,0xc7,0x49,0xe7,0x49,0xe7,0x49,0xa6,0x41,0x89,0x62,
    0x14,0xbd,0x55,0xcd,0x56,0xcd,0xd8,0xd5,0x19,0xd6,0x5a,0xde,0x1d,0xe7,0xdc,0xde,0x35,0xb5,0xf5,0xac,0x57,0xbd,0x56,0xbd,
    0xf4,0xb4,0xd4,0xb4,0xb4,0xb4,0xf4,0xb4,0xb3,0xac,0x52,0xa4,0x31,0x9c,0x31,0xa4,0x72,0xac,0x72,0xac,0x72,0xac,0xf0,0xa3,
    0x30,0xac,0x14,0xbd,0x95,0xcd,0xd6,0xd5,0xd7,0xd5,0x95,0xcd,0x75,0xcd,0x13,0xbd,0x34,0xc5,0xf0,0x8b,0xa6,0x31,0xa7,0x39,
    0xc6,0x39,0xa7,0x41,0xc6,0x41,0xc7,0x41,0xc6,0x41,0xe7,0x51,0xc7,0x41,0xe7,0x49,0xe8,0x51,0xe7,0x51,0xe7,0x51,0xe7,0x49,
    0xc7,0x49,0xc7,0x49,0xe7,0x49,0xe8,0x49,0xc7,0x49,0xe7,0x49,0x08,0x52,0xc7,0x49,0xc7,0x39,0xc7,0x41,0xa7,0x39,0xc7,0x39,
    0xc7,0x41,0xa6,0x39,0xc7,0x41,0x2d,0x7b,0x72,0xa4,0x34,0xbd,0x75,0xbd,0x55,0xc5,0x55,0xbd,0x35,0xc5,0x55,0xbd,0x55,0xbd,
    0x55,0xbd,0x55,0xc5,0x55,0xbd,0x34,0xbd,0x35,0xc5,0x34,0xbd,0x14,0xbd,0x14,0xbd,0x14,0xbd,0xf3,0xbc,0x14,0xbd,0xf3,0xbc,
    0x13,0xbd,0xf3,0xb4,0xf3,0xbc,0xd3,0xb4,0xb2,0xb4,0xb3,0xb4,0xd3,0xb4,0xf3,0xb4,0xd3,0xb4,0xd3,0xb4,0xb2,0xb4,0xb2,0xb4,
    0xd3,0xb4,0xd3,0xb4,0xd3,0xac,0xd3,0xb4,0xf4,0xb4,0x34,0xbd,0x14,0xbd,0xf4,0xb4,0xb2,0xac,0x92,0xac,0xb2,0xac,0x92,0xac,
    0x92,0xac,0x71,0xa4,0x30,0xa4,0xef,0x9b,0xef,0x9b,0x8d,0x8b,0x0c,0x73,0xe8,0x49,0xa6,0x39,0xc7,0x39,0xa7,0x31,0xc6,0x39,
    0xa7,0x39,0xc7,0x31,0xc6,0x39,0xa7,0x39,0xc7,0x31,0xa7,0x39,0xc6,0x39,0xc7,0x31,0xa8,0x31,0xc9,0x31,0xc9,0x31,0xc7,0x39,
    0xc7,0x39,0xa7,0x39,0xc6,0x31,0xc7,0x39,0xa7,0x39,0xc7,0x31,0xc7,0x41,0x08,0x5a,0x29,0x5a,0x49,0x5a,0x49,0x62,0x49,0x62,
    0x69,0x62,0x49,0x62,0x49,0x62,0x69,0x62,0x49,0x5a,0x28,0x5a,0x49,0x5a,0x08,0x5a,0xe8,0x51,0x07,0x52,0xe7,0x51,0x07,0x52,
    0xe8,0x51,0xc7,0x41,0xc7,0x39,0xa6,0x39,0xc7,0x39,0xa7,0x31,0xc6,0x39,0xa7,0x39,0xc7,0x39,0xa7,0x39,0xc6,0x39,0xc7,0x39,
    0xc7,0x41,0xc7,0x49,0x08,0x52,0xa6,0x41,0xce,0x93,0x76,0xcd,0x34,0xc5,0x97,0xd5,0xf8,0xd5,0x7b,0xde,0x1d,0xe7,0xb6,0xc5,
    0x73,0xa4,0x36,0xb5,0x35,0xbd,0xf4,0xb4,0xd4,0xac,0xf4,0xb4,0xd3,0xac,0x52,0xa4,0x52,0xa4,0x73,0xa4,0xd4,0xb4,0xd4,0xb4,
    0x10,0xa4,0x6e,0x8b,0x8e,0x8b,0x71,0xac,0x14,0xbd,0xb5,0xd5,0xf7,0xd5,0x17,0xde,0xf7,0xd5,0x95,0xd5,0x74,0xcd,0x14,0xc5,
    0x34,0xc5,0x34,0xc5,0x2c,0x73,0x86,0x31,0xc7,0x39,0xc7,0x39,0xc7,0x41,0xa7,0x39,0xc7,0x39,0xc7,0x41,0xc7,0x41,0xc7,0x41,
    0xc7,0x41,0xc7,0x51,0xc7,0x41,0xc7,0x49,0xe8,0x49,0xe7,0x49,0xa7,0x39,0xc7,0x41,0xc7,0x49,0xe8,0x49,0xc7,0x41,0xc7,0x41,
    0xa6,0x39,0xc7,0x41,0xc7,0x39,0xa6,0x39,0x86,0x31,0x29,0x52,0x8f,0x8b,0xf4,0xb4,0x55,0xbd,0x75,0xc5,0x56,0xbd,0x55,0xc5,
    0x55,0xbd,0x55,0xbd,0x55,0xbd,0x55,0xc5,0x55,0xbd,0x55,0xc5,0x55,0xbd,0x35,0xc5,0x34,0xbd,0x14,0xbd,0x14,0xbd,0x14,0xbd,
    0xf4,0xbc,0xf3,0xb4,0xf3,0xbc,0xf3,0xb4,0xf4,0xbc,0xf3,0xbc,0xd3,0xb4,0xd2,0xb4,0xb3,0xb4,0xb2,0xb4,0xb2,0xb4,0xb2,0xb4,
    0xb2,0xb4,0xb2,0xb4,0x92,0xac,0x72,0xac,0x92,0xac,0x71,0xac,0x92,0xac,0xb2,0xac,0xd3,0xb4,0xf4,0xb4,0xd3,0xb4,0x92,0xac,
    0x51,0xa4,0x10,0xa4,0x30,0xa4,0x31,0xa4,0x0f,0x9c,0xef,0x9b,0xae,0x93,0xce,0x93,0xef,0x9b,0xef,0x93,0x6d,0x83,0x8a,0x62,
    0xa7,0x39,0xc7,0x39,0xc6,0x39,0xa7,0x31,0xc7,0x39,0xa6,0x39,0xc7,0x39,0xc7,0x31,0xa6,0x39,0xc7,0x39,0xa7,0x31,0xc6,0x39,
    0xc8,0x39,0xc8,0x31,0xc8,0x31,0xa7,0x39,0xc7,0x39,0xa6,0x31,0xc7,0x39,0xa7,0x39,0xc6,0x31,0xa7,0x39,0xc7,0x41,0x08,0x52,
    0x29,0x5a,0x49,0x5a,0x49,0x5a,0x49,0x5a,0x49,0x5a,0x49,0x5a,0x49,0x5a,0x28,0x5a,0x28,0x5a,0x28,0x5a,0x28,0x5a,0x08,0x52,
    0xe7,0x51,0xe7,0x51,0x08,0x52,0x08,0x5a,0x07,0x52,0xe7,0x51,0xc7,0x41,0xc7,0x39,0xa7,0x31,0xc6,0x39,0xa7,0x39,0xc7,0x31,
    0xc6,0x39,0xa7,0x31,0xc7,0x39,0xa6,0x39,0xa7,0x39,0xc7,0x39,0xc7,0x41,0xa6,0x41,0x69,0x5a,0x13,0xc5,0x34,0xcd,0x55,0xcd,
    0xd8,0xd5,0xbc,0xde,0xba,0xde,0x31,0xa4,0x73,0xa4,0x35,0xbd,0xf4,0xb4,0xf4,0xb4,0x15,0xb5,0xb3,0xb4,0x73,0xa4,0x93,0xa4,
    0xb3,0xac,0xb3,0xb4,0x51,0xa4,0xcf,0x93,0x4e,0x83,0x8e,0x8b,0x72,0xac,0xf3,0xc4,0x34,0xc5,0xd6,0xd5,0xf7,0xd5,0x38,0xde,
    0x37,0xde,0xd6,0xd5,0x75,0xcd,0x54,0xcd,0x54,0xc5,0x13,0xc5,0xd3,0xb4,0x49,0x4a,0xa6,0x31,0xa7,0x39,0xc7,0x31,0xa6,0x39,
    0xc7,0x39,0xa7,0x39,0xc7,0x39,0xa6,0x41,0xc7,0x41,0xc7,0x41,0xc7,0x41,0xc7,0x41,0xa7,0x41,0xc6,0x39,0xc7,0x39,0xc7,0x41,
    0xc7,0x41,0xc7,0x39,0xa6,0x39,0xa6,0x39,0xa7,0x39,0xa7,0x39,0xa7,0x39,0xc8,0x41,0xac,0x6a,0x32,0x9c,0x35,0xbd,0x75,0xbd,
    0x76,0xc5,0x95,0xc5,0x76,0xc5,0x75,0xbd,0x76,0xc5,0x75,0xc5,0x55,0xbd,0x75,0xc5,0x76,0xc5,0x75,0xbd,0x55,0xc5,0x54,0xbd,
    0x35,0xbd,0x34,0xbd,0x35,0xbd,0x34,0xbd,0x13,0xbd,0x13,0xbd,0xf4,0xbc,0xf3,0xbc,0xf3,0xb4,0xd2,0xbc,0xd3,0xb4,0xb2,0xb4,
    0xb2,0xb4,0xb2,0xb4,0xd3,0xb4,0xb2,0xb4,0xb2,0xb4,0xb2,0xac,0x92,0xac,0x71,0xac,0x30,0xa4,0x31,0xa4,0x31,0xa4,0x51,0xa4,
    0x92,0xac,0xb3,0xac,0x92,0xac,0x30,0x9c,0xf0,0x9b,0xef,0x93,0xcf,0x9b,0xce,0x93,0x8e,0x93,0x8d,0x8b,0x8e,0x8b,0xae,0x93,
    0xcf,0x93,0xce,0x9b,0xae,0x93,0x0b,0x73,0xe7,0x49,0xa7,0x31,0xc7,0x39,0xa6,0x39,0xc7,0x31,0xc7,0x39,0xa6,0x31,0xc7,0x39,
    0xa7,0x39,0xc6,0x31,0xc7,0x39,0xa7,0x39,0xc7,0x31,0xa8,0x31,0xc7,0x39,0xa7,0x31,0xc7,0x39,0xa7,0x39,0xc6,0x31,0xc7,0x39,
    0xa7,0x39,0xc6,0x31,0xa7,0x39,0xe7,0x49,0x28,0x5a,0x29,0x5a,0x28,0x5a,0x28,0x5a,0x29,0x5a,0x28,0x5a,0x28,0x5a,0x28,0x5a,
    0x09,0x52,0x28,0x5a,0x28,0x5a,0x08,0x5a,0x08,0x52,0x08,0x52,0x08,0x5a,0x07,0x52,0xe8,0x51,0xe7,0x51,0xc7,0x49,0xc6,0x41,
    0xa7,0x39,0xc7,0x31,0xc6,0x39,0xa7,0x39,0xc7,0x31,0xa6,0x39,0xc7,0x31,0xc7,0x39,0xa6,0x39,0xc7,0x39,0xa7,0x39,0xe7,0x41,
    0x08,0x52,0x8d,0x8b,0x55,0xcd,0xf4,0xc4,0x97,0xcd,0xdc,0xe6,0x76,0xbd,0x4d,0x83,0xb3,0xac,0xf4,0xb4,0xd3,0xac,0x15,0xb5,
    0x92,0xac,0x11,0x94,0xb3,0xac,0xb3,0xac,0x31,0xa4,0xf1,0x93,0x52,0xa4,0x93,0xac,0xd3,0xac,0xb3,0xb4,0xf4,0xbc,0xd3,0xbc,
    0x13,0xc5,0xd6,0xd5,0xf7,0xd5,0xd6,0xdd,0xd6,0xd5,0xd6,0xd5,0xd6,0xd5,0xb6,0xd5,0xb6,0xd5,0x96,0xcd,0x54,0xc5,0xf0,0x93,
    0xa6,0x31,0xc7,0x39,0xa6,0x39,0xc7,0x39,0xc7,0x41,0xc7,0x39,0xc6,0x39,0xa7,0x39,0xc7,0x39,0xa6,0x39,0xc7,0x39,0xa7,0x39,
    0xc6,0x39,0xa7,0x39,0xa6,0x39,0xa6,0x31,0x86,0x39,0xa7,0x41,0xe8,0x49,0x29,0x4a,0x8b,0x62,0x0d,0x73,0x8f,0x83,0x52,0xa4,
    0x35,0xb5,0x96,0xc5,0xb6,0xc5,0xb7,0xcd,0x96,0xc5,0xb6,0xc5,0x96,0xc5,0x96,0xc5,0x96,0xc5,0x76,0xc5,0x96,0xc5,0x75,0xc5,
    0x76,0xc5,0x75,0xc5,0x75,0xc5,0x55,0xc5,0x54,0xc5,0x55,0xc5,0x34,0xc5,0x34,0xbd,0x14,0xbd,0x13,0xbd,0x13,0xbd,0xf3,0xb4,
    0xf3,0xbc,0xd2,0xb4,0xd3,0xb4,0xb2,0xb4,0xd3,0xb4,0xb2,0xb4,0xb2,0xb4,0xb2,0xac,0x92,0xac,0x92,0xb4,0x92,0xac,0x71,0xac,
    0x30,0xa4,0x30,0xa4,0x10,0x9c,0x30,0xa4,0x51,0xac,0x71,0xa4,0x30,0xa4,0x0f,0x9c,0xae,0x93,0x8e,0x8b,0x6d,0x8b,0x6d,0x8b,
    0x6d,0x8b,0x6d,0x8b,0x6d,0x8b,0x8e,0x93,0xae,0x93,0xae,0x93,0x8d,0x93,0x4c,0x83,0x69,0x62,0xa6,0x39,0xc7,0x39,0xc7,0x31,
    0xa6,0x39,0xc7,0x39,0xa7,0x39,0xc6,0x39,0xc7,0x31,0xa7,0x39,0xc6,0x39,0xa7,0x31,0xc7,0x39,0xa8,0x31,0xc7,0x39,0xc7,0x39,
    0xc6,0x31,0xa7,0x39,0xc7,0x39,0xa6,0x31,0xc7,0x39,0xc7,0x39,0xa7,0x39,0xc7,0x49,0x08,0x52,0x08,0x52,0x28,0x5a,0x29,0x52,
    0x28,0x5a,0x08,0x5a,0x09,0x52,0x08,0x52,0x08,0x5a,0x08,0x52,0x28,0x52,0x08,0x5a,0x28,0x5a,0x08,0x52,0x08,0x52,0x07,0x52,
    0xe8,0x51,0xe7,0x51,0xc7,0x49,0xc7,0x49,0xc7,0x49,0xc7,0x39,0xa7,0x39,0xc6,0x39,0xa7,0x39,0xc7,0x39,0xa6,0x39,0xc7,0x31,
    0xc7,0x39,0xa6,0x31,0xc7,0x39,0xa6,0x39,0xc7,0x41,0xc7,0x41,0x10,0xa4,0x14,0xc5,0x36,0xcd,0x7a,0xde,0x10,0x9c,0x6d,0x8b,
    0xb3,0xac,0xb3,0xac,0xf4,0xb4,0x92,0xac,0x10,0x94,0x73,0xa4,0x93,0xac,0x73,0xa4,0xb3,0xac,0xf5,0xb4,0x35,0xbd,0xf4,0xb4,
    0xf4,0xbc,0xf4,0xbc,0x14,0xbd,0x14,0xc5,0x55,0xc5,0x75,0xcd,0x75,0xcd,0x75,0xcd,0xf6,0xdd,0xf7,0xd5,0x37,0xde,0xf7,0xd5,
    0xf6,0xd5,0x17,0xd6,0x96,0xcd,0x14,0xc5,0x2c,0x73,0x86,0x31,0xc7,0x39,0xc7,0x31,0xa6,0x39,0xc7,0x39,0xa7,0x39,0xc6,0x39,
    0xc7,0x39,0xa7,0x39,0xc6,0x39,0xc7,0x39,0xa7,0x39,0x08,0x4a,0x2a,0x52,0xcc,0x6a,0x6e,0x83,0x32,0x9c,0xd4,0xb4,0x15,0xb5,
    0x76,0xc5,0x97,0xc5,0xb7,0xc5,0xd7,0xcd,0xd7,0xcd,0xf7,0xcd,0xd7,0xcd,0xd7,0xcd,0xd7,0xcd,0xd7,0xcd,0xb7,0xcd,0xb6,0xcd,
    0xb6,0xcd,0x96,0xcd,0x96,0xc5,0x95,0xc5,0x96,0xc5,0x75,0xc5,0x55,0xc5,0x75,0xc5,0x55,0xc5,0x54,0xc5,0x34,0xbd,0x34,0xc5,
    0x14,0xbd,0x13,0xbd,0xf4,0xbc,0xf3,0xbc,0xd3,0xb4,0xd2,0xb4,0xb2,0xb4,0xb2,0xb4,0xb2,0xb4,0xb2,0xb4,0x92,0xac,0x92,0xb4,
    0x71,0xac,0x71,0xac,0x71,0xac,0x51,0xa4,0x30,0xa4,0x10,0x9c,0x0f,0xa4,0x10,0x9c,0x10,0xa4,0x30,0x9c,0xef,0x9b,0xae,0x93,
    0x6d,0x8b,0x4c,0x83,0x2c,0x83,0x2c,0x83,0x4c,0x83,0x4d,0x83,0x8d,0x8b,0x8d,0x8b,0x8d,0x8b,0x8d,0x8b,0x6d,0x8b,0x6c,0x83,
    0xeb,0x72,0x08,0x52,0xa6,0x31,0xc7,0x39,0xa7,0x39,0xc6,0x31,0xc7,0x39,0xa7,0x31,0xc7,0x39,0xa6,0x39,0xc7,0x39,0xc7,0x39,
    0xa8,0x31,0xc7,0x39,0xa7,0x39,0xc6,0x31,
};

const lv_img_dsc_t face_portrait = {
    .header = {.cf = LV_IMG_CF_TRUE_COLOR, .always_zero = 0, .reserved = 0, .w = 172, .h = 232},
    .data_size = 172 * 232 * 2,
    .data = face_portrait_map,
};
