#include "forest.h"

const uint8_t forest_map[] = {
    0x5a,0xae,0x5a,0xae,0x5a,0xae,0x7a,0xae,0x5a,0xae,0x5a,0xae,0x7a,0xae,0x5a,0xae,0x7a,0xae,0x5a,0xae,0x7a,0xae,0x5a,0xae,
    0x5a,0xae,0x5a,0xae,0x7a,0xae,0x5a,0xae,0x5a,0xae,0x7a,0xae,0x5a,0xae,0x7a,0xae,0x5a,0xae,0x5a,0xae,0x7a,0xae,0x5a,0xae,
    0x7a,0xae,0x5a,0xae,0x5a,0xae,0x7a,0xae,0x5a,0xae,0x5a,0xae,0x7a,0xae,0x7a,0xae,0x5a,0xae,0x7a,0xae,0x5a,0xae,0x5a,0xae,
    0x7a,0xae,0x7a,0xae,0x5a,0xae,0x5a,0xae,0x7a,0xae,0x5a,0xae,0x7a,0xae,0x5a,0xae,0x5a,0xae,0x7a,0xae,0x5a,0xae,0x7a,0xae,
    0x5a,0xae,0x7a,0xae,0x5a,0xae,0x7a,0xae,0x5a,0xae,0x7a,0xae,0x5a,0xae,0x5a,0xae,0x7a,0xae,0x7a,0xae,0x5a,0xae,0x5a,0xae,
    0x7a,0xae,0x5a,0xae,0x7a,0xae,0x7a,0xae,0x5a,0xae,0x7a,0xae,0x5a,0xae,0x7b,0xae,0x7a,0xae,0x7a,0xae,0x7a,0xae,0x5a,0xae,
    0x7a,0xae,0x7a,0xae,0x5a,0xae,0x7a,0xae,0x7a,0xae,0x5a,0xae,0x7a,0xae,0x7b,0xae,0x7a,0xae,0x5a,0xae,0x7a,0xae,0x5a,0xae,
    0x7a,0xae,0x7a,0xae,0x5a,0xae,0x7a,0xae,0x7a,0xae,0x7a,0xae,0x7a,0xae,0x7a,0xae,0x7a,0xae,0x5a,0xae,0x5a,0xae,0x7a,0xae,
    0x7a,0xae,0x5a,0xae,0x7a,0xae,0x5a,0xae,0x7a,0xae,0x7a,0xae,0x5a,0xae,0x7a,0xae,0x7a,0xae,0x5a,0xae,0x7a,0xae,0x5a,0xae,
    0x7a,0xae,0x7a,0xae,0x5a,0xae,0x7a,0xae,0x7a,0xae,0x5a,0xae,0x7a,0xae,0x5a,0xae,0x7a,0xae,0x7a,0xae,0x5a,0xae,0x5a,0xae,
    0x7a,0xae,0x5a,0xae,0x7a,0xae,0x5a,0xae,0x7a,0xae,0x5a,0xae,0x7a,0xae,0x5a,0xae,0x7a,0xae,0x5a,0xae,0x7a,0xae,0x3a,0xae,
    0x39,0xae,0x19,0xa6,0x19,0xa6,0x19,0xa6,0x76,0x9d,0x56,0x9d,0x55,0x9d,0xf3,0x8c,0xd8,0xa5,0x55,0x9d,0x34,0x9d,0x76,0x9d,
    0x71,0x8c,0x30,0x8c,0x8d,0x83,0x8b,0x83,0xcc,0x93,0x09,0x83,0x8a,0x93,0x6a,0x8b,0x69,0x93,0x08,0x83,0x69,0x8b,0x8a,0x93,
    0xe7,0x82,0x48,0x8b,0x08,0x8b,0xab,0x93,0x89,0x8b,0x6a,0x8b,0xa7,0x72,0xe9,0x72,0x4a,0x83,0x6a,0x8b,0x49,0x83,0x49,0x83,
    0x29,0x83,0x09,0x73,0x6a,0x8b,0x68,0x8b,0x5a,0xae,0x7a,0xae,0x5a,0xae,0x5a,0xae,0x7a,0xae,0x5a,0xae,0x5a,0xb6,0x7a,0xae,
    0x5a,0xae,0x7a,0xb6,0x5a,0xae,0x5a,0xae,0x7a,0xae,0x5a,0xae,0x5a,0xae,0x7a,0xb6,0x5a,0xae,0x7a,0xae,0x5a,0xae,0x5a,0xb6,
    0x7a,0xae,0x5a,0xae,0x7a,0xae,0x5a,0xb6,0x5a,0xae,0x7a,0xae,0x5a,0xae,0x5a,0xae,0x7a,0xb6,0x7a,0xae,0x5a,0xae,0x5b,0xae,
    0x7a,0xae,0x5a,0xae,0x7a,0xae,0x7a,0xb6,0x5a,0xae,0x5a,0xae,0x7a,0xb6,0x7a,0xae,0x5a,0xb6,0x7b,0xae,0x5a,0xb6,0x7a,0xae,
    0x5a,0xae,0x7a,0xae,0x5a,0xb6,0x5b,0xae,0x7a,0xae,0x5a,0xb6,0x7b,0xae,0x5a,0xb6,0x7a,0xae,0x5b,0xb6,0x7a,0xae,0x7b,0xb6,
    0x5a,0xae,0x7b,0xb6,0x7a,0xae,0x7a,0xb6,0x5a,0xae,0x7b,0xae,0x5a,0xb6,0x5a,0xae,0x7b,0xb6,0x7a,0xae,0x7a,0xae,0x7a,0xae,
    0x7a,0xae,0x5b,0xae,0x7a,0xae,0x7b,0xb6,0x5a,0xae,0x7b,0xb6,0x7a,0xae,0x5b,0xb6,0x7a,0xae,0x7b,0xb6,0x7a,0xae,0x5a,0xae,
    0x7a,0xae,0x7b,0xb6,0x7a,0xae,0x7b,0xb6,0x5a,0xae,0x7b,0xb6,0x7a,0xae,0x5b,0xb6,0x7a,0xae,0x5b,0xae,0x7a,0xae,0x5b,0xae,
    0x7a,0xae,0x7b,0xb6,0x5a,0xae,0x5a,0xae,0x7b,0xb6,0x5a,0xae,0x7a,0xae,0x7b,0xb6,0x5a,0xae,0x7b,0xb6,0x5a,0xae,0x7b,0xb6,
    0x5a,0xae,0x7b,0xb6,0x7a,0xae,0x7b,0xb6,0x5a,0xae,0x7b,0xb6,0x7a,0xae,0x5b,0xb6,0x7a,0xae,0x7b,0xb6,0x5a,0xae,0x7b,0xb6,
    0x7a,0xae,0x5b,0xb6,0x7a,0xae,0x7b,0xb6,0x5a,0xae,0x7a,0xb6,0x5a,0xae,0x7a,0xae,0x7b,0xae,0x5a,0xb6,0x7a,0xae,0x5b,0xae,
    0x7a,0xb6,0x5a,0xae,0x7a,0xae,0x5a,0xae,0x39,0xa6,0x39,0xa6,0x3a,0xae,0x39,0xae,0x97,0xa5,0x96,0x9d,0x76,0x9d,0x76,0x9d,
    0x35,0x9d,0xd3,0x94,0xb1,0x94,0x91,0x9c,0xd1,0x9c,0xcd,0x83,0xcc,0x8b,0x8b,0x93,0x8a,0x8b,0x49,0x8b,0x4a,0x8b,0x29,0x8b,
    0x08,0x7b,0x29,0x8b,0x09,0x83,0xea,0x9b,0x69,0x93,0x08,0x83,0xe8,0x8a,0xcb,0x9b,0xcb,0x9b,0xe8,0x7a,0x08,0x7b,0x4a,0x83,
    0x28,0x73,0x69,0x83,0x6a,0x83,0x09,0x7b,0x09,0x7b,0xe9,0x7a,0xab,0x8b,0x8a,0x93,0x5a,0xae,0x7a,0xae,0x5a,0xae,0x7a,0xb6,
    0x5a,0xae,0x7a,0xae,0x7a,0xae,0x7a,0xb6,0x5a,0xae,0x7a,0xae,0x5a,0xae,0x7a,0xb6,0x5a,0xae,0x7a,0xae,0x5a,0xae,0x7a,0xae,
    0x5a,0xae,0x5b,0xb6,0x7a,0xae,0x5a,0xae,0x5a,0xae,0x7b,0xae,0x5a,0xae,0x7b,0xae,0x5a,0xae,0x5a,0xae,0x7b,0xb6,0x7a,0xae,
    0x5a,0xae,0x7b,0xae,0x5a,0xae,0x7a,0xb6,0x7a,0xae,0x5a,0xb6,0x5b,0xae,0x5a,0xae,0x7a,0xae,0x5a,0xae,0x5a,0xae,0x7b,0xae,
    0x7a,0xae,0x7a,0xae,0x7a,0xae,0x5a,0xae,0x7b,0xb6,0x5a,0xae,0x7a,0xae,0x5a,0xae,0x7a,0xae,0x7a,0xae,0x7a,0xae,0x5a,0xae,
    0x7a,0xae,0x7a,0xae,0x7a,0xae,0x7a,0xae,0x7a,0xae,0x5a,0xae,0x7a,0xae,0x5b,0xae,0x7a,0xb6,0x5a,0xae,0x7a,0xae,0x5a,0xae,
    0x5a,0xae,0x7a,0xb6,0x5b,0xae,0x7a,0xae,0x5a,0xb6,0x7a,0xae,0x5a,0xae,0x7a,0xae,0x7a,0xb6,0x7a,0xae,0x7a,0xb6,0x7a,0xae,
    0x5b,0xae,0x7a,0xae,0x5a,0xb6,0x7b,0xae,0x5a,0xae,0x7a,0xae,0x5a,0xae,0x7a,0xae,0x5a,0xae,0x7a,0xae,0x5b,0xb6,0x7a,0xae,
    0x5a,0xae,0x7a,0xb6,0x7a,0xae,0x5a,0xb6,0x7a,0xae,0x5a,0xae,0x7a,0xae,0x7a,0xae,0x5a,0xae,0x7b,0xb6,0x5a,0xae,0x5a,0xae,
    0x7a,0xae,0x7a,0xae,0x7a,0xae,0x5a,0xae,0x7a,0xae,0x5a,0xae,0x7a,0xae,0x5a,0xae,0x7a,0xae,0x5a,0xae,0x7a,0xae,0x7a,0xae,
    0x5a,0xae,0x7a,0xae,0x7a,0xb6,0x5a,0xae,0x7a,0xae,0x5a,0xae,0x5a,0xae,0x7a,0xae,0x7a,0xae,0x5b,0xae,0x7a,0xae,0x5a,0xae,
    0x5a,0xae,0x7a,0xae,0x5a,0xae,0x7a,0xae,0x5a,0xae,0x7a,0xb6,0x5a,0xae,0x5a,0xae,0x39,0xae,0xf9,0xa5,0x19,0xa6,0xf8,0xa5,
    0xb7,0xa5,0x19,0xae,0xf8,0xad,0x96,0xa5,0x13,0x95,0x71,0x8c,0xb2,0x94,0x91,0x9c,0x90,0x94,0xed,0x93,0xec,0x93,0x8a,0x8b,
    0x6a,0x8b,0x6a,0x8b,0x08,0x7b,0x29,0x83,0x6a,0x8b,0xe7,0x7a,0x08,0x8b,0x49,0x8b,0x69,0x8b,0x07,0x8b,0x28,0x8b,0x49,0x8b,
    0x69,0x83,0x0b,0xa4,0x48,0x83,0x27,0x73,0xe7,0x6a,0x06,0x63,0xe6,0x6a,0x28,0x7b,0xe9,0x7a,0x09,0x7b,0x0c,0x9c,0xab,0x93,
    0x5a,0xae,0x7a,0xb6,0x5a,0xae,0x5a,0xae,0x7a,0xae,0x5a,0xb6,0x5a,0xae,0x7a,0xae,0x7b,0xae,0x5a,0xae,0x5a,0xae,0x7a,0xae,
    0x5a,0xae,0x7a,0xb6,0x5a,0xae,0x7a,0xae,0x5a,0xae,0x7a,0xae,0x7a,0xae,0x5a,0xae,0x7a,0xae,0x5a,0xb6,0x5a,0xae,0x5a,0xae,
    0x7a,0xb6,0x7a,0xae,0x5a,0xae,0x5a,0xae,0x7a,0xae,0x5a,0xb6,0x7a,0xae,0x5a,0xae,0x7a,0xae,0x7a,0xae,0x7a,0xae,0x7a,0xb6,
    0x5a,0xae,0x7a,0xae,0x7a,0xb6,0x5a,0xae,0x5a,0xae,0x7a,0xb6,0x5a,0xae,0x7a,0xae,0x5a,0xae,0x7a,0xae,0x5a,0xb6,0x7b,0xae,
    0x5a,0xae,0x5a,0xb6,0x7a,0xae,0x7a,0xb6,0x5a,0xae,0x7a,0xb6,0x5a,0xae,0x5a,0xb6,0x5a,0xae,0x7a,0xb6,0x7a,0xae,0x5a,0xae,
    0x7a,0xae,0x7a,0xb6,0x7a,0xae,0x7b,0xb6,0x7a,0xae,0x5a,0xae,0x7a,0xae,0x7a,0xae,0x5b,0xae,0x7a,0xb6,0x5a,0xae,0x7b,0xae,
    0x5a,0xae,0x7b,0xae,0x5a,0xae,0x7a,0xae,0x7a,0xb6,0x7a,0xae,0x7a,0xae,0x7a,0xb6,0x7a,0xae,0x5a,0xb6,0x5b,0xae,0x7a,0xae,
    0x7b,0xb6,0x7a,0xae,0x7a,0xae,0x7a,0xb6,0x7b,0xae,0x5a,0xae,0x7b,0xae,0x7a,0xae,0x5b,0xb6,0x7a,0xae,0x7b,0xb6,0x5a,0xae,
    0x7a,0xb6,0x7a,0xae,0x7a,0xae,0x7b,0xb6,0x5a,0xae,0x7a,0xb6,0x5b,0xae,0x5a,0xb6,0x7b,0xae,0x7a,0xb6,0x5a,0xae,0x7b,0xb6,
    0x5b,0xae,0x5a,0xb6,0x7b,0xae,0x5a,0xb6,0x5b,0xae,0x5a,0xb6,0x7b,0xae,0x5a,0xae,0x7b,0xb6,0x7a,0xae,0x5a,0xae,0x5a,0xae,
    0x5a,0xb6,0x7a,0xae,0x5b,0xb6,0x7a,0xae,0x7a,0xb6,0x5b,0xae,0x5a,0xae,0x7a,0xb6,0x5b,0xae,0x5a,0xae,0x5a,0xae,0x39,0xa6,
    0xf9,0xa5,0x39,0xae,0x19,0xae,0xf8,0xa5,0x19,0xae,0xd7,0xa5,0x96,0xa5,0x34,0x9d,0xd2,0x9c,0xb6,0xa5,0x54,0x9d,0xf2,0x9c,
    0x90,0x9c,0x2e,0x8c,0xab,0x8b,0xca,0x9b,0x8a,0x8b,0x8a,0x93,0x69,0x8b,0x48,0x8b,0x28,0x8b,0x09,0x83,0xe7,0x82,0x08,0x83,
    0x89,0x8b,0xe8,0x82,0x69,0x8b,0xeb,0x9b,0x69,0x8b,0x2b,0x9c,0x46,0x73,0x26,0x6b,0x65,0x52,0x65,0x52,0xc6,0x62,0x68,0x7b,
    0xc8,0x72,0xc8,0x6a,0x49,0x8b,0x89,0x8b,0x5a,0xae,0x7a,0xae,0x7a,0xae,0x5a,0xae,0x7a,0xae,0x7a,0xae,0x7a,0xae,0x5a,0xb6,
    0x5a,0xae,0x7a,0xae,0x5a,0xb6,0x5a,0xae,0x7a,0xae,0x5a,0xae,0x5a,0xae,0x7b,0xb6,0x7a,0xae,0x5a,0xb6,0x7a,0xae,0x7b,0xb6,
    0x5a,0xae,0x7a,0xae,0x7a,0xae,0x7a,0xb6,0x5a,0xae,0x7a,0xae,0x5a,0xae,0x7a,0xb6,0x5a,0xae,0x5a,0xae,0x7a,0xae,0x7a,0xb6,
    0x5b,0xae,0x7a,0xb6,0x5a,0xae,0x7b,0xae,0x7a,0xb6,0x5a,0xae,0x5a,0xae,0x7a,0xae,0x5a,0xae,0x7b,0xae,0x5a,0xb6,0x7a,0xae,
    0x7b,0xb6,0x7a,0xae,0x7a,0xae,0x5a,0xae,0x7a,0xb6,0x7b,0xae,0x5a,0xae,0x7b,0xb6,0x7a,0xae,0x5b,0xae,0x7a,0xae,0x7a,0xae,
    0x7b,0xae,0x5a,0xae,0x5a,0xb6,0x7a,0xae,0x7a,0xb6,0x7b,0xae,0x7a,0xae,0x7a,0xae,0x7a,0xb6,0x7b,0xae,0x5a,0xb6,0x7a,0xae,
    0x7a,0xb6,0x7a,0xae,0x5a,0xae,0x7a,0xb6,0x7a,0xae,0x5a,0xb6,0x7a,0xae,0x5a,0xb6,0x7b,0xae,0x5a,0xb6,0x7a,0xae,0x5a,0xae,
    0x7b,0xae,0x7a,0xae,0x7a,0xb6,0x5a,0xae,0x7a,0xb6,0x7a,0xae,0x7b,0xb6,0x5a,0xae,0x7a,0xb6,0x7a,0xae,0x7a,0xb6,0x5a,0xae,
    0x7a,0xae,0x7a,0xae,0x5a,0xae,0x7a,0xae,0x5b,0xae,0x7a,0xae,0x5a,0xb6,0x7a,0xae,0x7a,0xae,0x7a,0xb6,0x7a,0xae,0x5a,0xae,
    0x7a,0xae,0x5a,0xae,0x7a,0xae,0x7a,0xb6,0x7a,0xae,0x7a,0xae,0x5a,0xae,0x7a,0xae,0x7a,0xb6,0x7a,0xae,0x7a,0xae,0x7a,0xae,
    0x5a,0xae,0x7a,0xb6,0x7b,0xae,0x7a,0xb6,0x7b,0xae,0x5a,0xae,0x7a,0xae,0x7b,0xb6,0x5a,0xae,0x7a,0xae,0x7a,0xb6,0x7a,0xae,
    0x7a,0xae,0x5a,0xae,0x5a,0xae,0x19,0xae,0x19,0xae,0x19,0xae,0x19,0xae,0xb7,0xa5,0xb6,0xa5,0x95,0xa5,0xd7,0xa5,0x95,0xa5,
    0xb2,0x94,0xd2,0x94,0x14,0x9d,0x91,0x94,0xd1,0x9c,0xae,0xa4,0x2d,0x94,0x8a,0x93,0x8a,0x93,0xc9,0x9b,0xa9,0xa3,0x27,0x8b,
    0x48,0x8b,0x09,0x83,0xc7,0x7a,0x08,0x8b,0x28,0x8b,0x48,0x8b,0x69,0x8b,0x2b,0x9c,0x89,0x8b,0xca,0x8b,0x26,0x73,0x88,0x83,
    0xc6,0x6a,0x85,0x5a,0xa5,0x5a,0x86,0x52,0xe8,0x72,0x29,0x83,0x8a,0x8b,0x69,0x8b,0x7a,0xae,0x5a,0xb6,0x7a,0xae,0x5a,0xb6,
    0x7a,0xae,0x5a,0xb6,0x7b,0xae,0x7a,0xae,0x7a,0xb6,0x5a,0xae,0x7a,0xae,0x7a,0xae,0x5a,0xb6,0x7b,0xae,0x7a,0xae,0x5a,0xae,
    0x7a,0xae,0x7a,0xae,0x5a,0xae,0x7a,0xae,0x7a,0xb6,0x5a,0xae,0x7a,0xae,0x5b,0xae,0x7a,0xae,0x7a,0xb6,0x7a,0xae,0x5a,0xae,
    0x7a,0xae,0x7a,0xae,0x5a,0xb6,0x7a,0xae,0x7a,0xae,0x5a,0xae,0x7a,0xb6,0x7a,0xae,0x5a,0xae,0x7b,0xb6,0x7a,0xae,0x7a,0xb6,
    0x5a,0xae,0x7a,0xae,0x7a,0xae,0x7a,0xb6,0x5a,0xae,0x7a,0xb6,0x7b,0xae,0x7a,0xb6,0x7a,0xae,0x7a,0xae,0x7a,0xb6,0x5a,0xae,
    0x7a,0xae,0x7a,0xb6,0x7a,0xae,0x7a,0xb6,0x7a,0xb6,0x7a,0xae,0x7b,0xae,0x7a,0xb6,0x7a,0xae,0x7a,0xb6,0x5b,0xae,0x7a,0xb6,
    0x7a,0xae,0x7a,0xb6,0x7a,0xae,0x5a,0xae,0x7b,0xae,0x7a,0xb6,0x7b,0xae,0x7a,0xb6,0x5a,0xae,0x7a,0xae,0x7a,0xae,0x7b,0xae,
    0x7a,0xae,0x7a,0xae,0x5a,0xae,0x7a,0xb6,0x5a,0xae,0x7a,0xb6,0x7b,0xae,0x7a,0xae,0x7b,0xae,0x7a,0xb6,0x7a,0xae,0x7a,0xae,
    0x7b,0xb6,0x7a,0xae,0x7b,0xb6,0x7a,0xae,0x7a,0xb6,0x7b,0xae,0x7a,0xb6,0x7a,0xae,0x7a,0xb6,0x7a,0xae,0x7b,0xae,0x7a,0xb6,
    0x5a,0xae,0x7b,0xae,0x7a,0xb6,0x7b,0xae,0x7a,0xb6,0x7a,0xae,0x7b,0xb6,0x7a,0xae,0x7b,0xb6,0x5a,0xae,0x7a,0xb6,0x7a,0xae,
    0x7a,0xae,0x7b,0xb6,0x5a,0xae,0x7b,0xb6,0x7a,0xae,0x7a,0xae,0x7a,0xb6,0x7a,0xae,0x7a,0xae,0x7b,0xb6,0x7a,0xae,0x7a,0xae,
    0x7a,0xb6,0x7b,0xae,0x7a,0xae,0x7b,0xb6,0x7a,0xae,0x5a,0xae,0x7a,0xae,0x5a,0xb6,0xf8,0xad,0x39,0xae,0x19,0xae,0xf7,0xa5,
    0x13,0x95,0x33,0xa5,0xb6,0xa5,0x13,0xa5,0xf2,0x9c,0x75,0xad,0x95,0xad,0xb1,0x94,0x8f,0x9c,0xd1,0xa4,0xec,0x93,0x89,0x8b,
    0x89,0x93,0x48,0x8b,0x07,0x83,0x48,0x93,0x68,0x93,0x8a,0x9b,0x29,0x8b,0xe9,0x82,0x69,0x93,0x08,0x8b,0xa9,0x93,0x4d,0xa4,
    0x49,0x83,0xe9,0x8b,0x27,0x73,0xe6,0x6a,0x68,0x83,0xe6,0x62,0x44,0x52,0x06,0x73,0x49,0x83,0x69,0x8b,0x29,0x83,0xaa,0x93,
    0x18,0xa6,0xd8,0x9d,0x5a,0xb6,0x5a,0xae,0x5a,0xae,0x7a,0xae,0x5a,0xb6,0x5a,0xae,0x5a,0xae,0x5a,0xae,0x5a,0xae,0x7a,0xae,
    0x7a,0xae,0x5a,0xb6,0x7a,0xae,0x7a,0xb6,0x5a,0xae,0x7a,0xb6,0x7b,0xae,0x5a,0xae,0x5a,0xae,0x7a,0xb6,0x7a,0xae,0x7a,0xb6,
    0x5a,0xae,0x7a,0xae,0x5b,0xae,0x7a,0xb6,0x7a,0xae,0x5a,0xae,0x7b,0xae,0x7a,0xae,0x5a,0xb6,0x7a,0xae,0x7b,0xae,0x7a,0xb6,
    0x7a,0xae,0x7a,0xae,0x7a,0xae,0x5a,0xae,0x7a,0xb6,0x5a,0xae,0x7b,0xae,0x7a,0xb6,0x7b,0xae,0x7a,0xae,0x7a,0xb6,0x7a,0xae,
    0x5b,0xb6,0x7a,0xae,0x5a,0xae,0x7b,0xb6,0x7a,0xae,0x7a,0xae,0x7b,0xb6,0x7a,0xae,0x5b,0xae,0x7a,0xb6,0x7a,0xae,0x7b,0xae,
    0x7a,0xae,0x7a,0xb6,0x7a,0xae,0x7b,0xae,0x7a,0xb6,0x7b,0xae,0x7a,0xb6,0x7a,0xae,0x7a,0xb6,0x7a,0xae,0x7a,0xae,0x7b,0xae,
    0x7a,0xb6,0x7b,0xae,0x7a,0xb6,0x7a,0xb6,0x7a,0xae,0x7b,0xb6,0x7a,0xae,0x7b,0xb6,0x7a,0xae,0x7a,0xae,0x7a,0xb6,0x7a,0xae,
    0x7a,0xb6,0x5b,0xae,0x7a,0xb6,0x7a,0xae,0x7a,0xae,0x7a,0xb6,0x7a,0xae,0x7b,0xae,0x5a,0xb6,0x7a,0xae,0x7b,0xb6,0x7a,0xae,
    0x7b,0xb6,0x7a,0xae,0x7a,0xb6,0x7b,0xae,0x7a,0xb6,0x7a,0xae,0x7a,0xae,0x7a,0xb6,0x5a,0xae,0x5b,0xae,0x7a,0xae,0x7a,0xb6,
    0x7a,0xae,0x7a,0xae,0x7b,0xb6,0x7a,0xae,0x5a,0xb6,0x7a,0xae,0x7a,0xae,0x7a,0xb6,0x7b,0xae,0x7a,0xb6,0x5b,0xae,0x7a,0xb6,
    0x7a,0xae,0x5a,0xae,0x7a,0xb6,0x7b,0xae,0x7a,0xb6,0x7a,0xae,0x7a,0xb6,0x5a,0xae,0x7a,0xb6,0x7b,0xae,0x39,0xae,0xd7,0x9d,
    0xf8,0xa5,0x96,0xa5,0xb7,0xa5,0x97,0x9d,0x33,0x9d,0xf3,0xa4,0x32,0xa5,0x4f,0x94,0x90,0x94,0xf2,0x9c,0x91,0x9c,0x4f,0x94,
    0x70,0x94,0x2e,0x94,0x0a,0x9c,0xca,0x9b,0xca,0x9b,0x28,0x8b,0xe7,0x82,0xa9,0x9b,0xe9,0xab,0x28,0x83,0x29,0x8b,0x08,0x8b,
    0x29,0x8b,0x69,0x93,0x0b,0x9c,0xad,0xac,0xe6,0x72,0xe6,0x62,0x06,0x6b,0xc5,0x6a,0x68,0x8b,0xe7,0x72,0xe7,0x7a,0xaa,0x9b,
    0x69,0x8b,0x4a,0x83,0x2c,0xa4,0xeb,0x9b,0x92,0x74,0x55,0x8d,0x7b,0xb6,0x5a,0xae,0x5a,0xae,0x5a,0xae,0x5a,0xae,0x5a,0xae,
    0x5a,0xb6,0x7a,0xae,0x5a,0xae,0x7a,0xb6,0x5a,0xae,0x7a,0xae,0x5a,0xae,0x7a,0xae,0x7b,0xb6,0x5a,0xae,0x7a,0xae,0x7a,0xb6,
    0x7a,0xae,0x5b,0xae,0x7a,0xae,0x5a,0xae,0x7a,0xb6,0x7a,0xae,0x7a,0xb6,0x5a,0xae,0x7b,0xae,0x7a,0xb6,0x5a,0xae,0x7a,0xb6,
    0x7a,0xae,0x5a,0xae,0x7a,0xae,0x5a,0xae,0x7a,0xb6,0x5b,0xae,0x7a,0xb6,0x7a,0xae,0x7b,0xae,0x7a,0xb6,0x7a,0xae,0x5a,0xae,
    0x7a,0xae,0x7a,0xb6,0x5a,0xae,0x7a,0xae,0x7a,0xae,0x7b,0xb6,0x7a,0xae,0x7a,0xae,0x7a,0xb6,0x5a,0xae,0x7a,0xae,0x5a,0xae,
    0x7a,0xb6,0x7a,0xae,0x7a,0xb6,0x7a,0xae,0x5b,0xb6,0x7a,0xae,0x7a,0xb6,0x7a,0xae,0x5a,0xae,0x7a,0xae,0x7b,0xb6,0x7a,0xae,
    0x7b,0xae,0x7a,0xb6,0x7a,0xb6,0x7a,0xae,0x7a,0xb6,0x7a,0xae,0x7a,0xae,0x5b,0xae,0x7a,0xb6,0x7a,0xae,0x7a,0xb6,0x7a,0xae,
    0x7b,0xb6,0x7a,0xae,0x5b,0xb6,0x7a,0xae,0x7a,0xae,0x7a,0xb6,0x7b,0xae,0x7a,0xb6,0x7b,0xae,0x5a,0xae,0x7a,0xb6,0x7a,0xae,
    0x7a,0xae,0x7a,0xb6,0x7a,0xae,0x5a,0xae,0x7a,0xb6,0x7b,0xae,0x5a,0xae,0x7a,0xb6,0x7a,0xae,0x7b,0xb6,0x7a,0xae,0x7b,0xae,
    0x7a,0xb6,0x7a,0xae,0x7a,0xb6,0x7b,0xae,0x7a,0xb6,0x7a,0xae,0x7a,0xae,0x7b,0xb6,0x7a,0xae,0x7b,0xb6,0x7a,0xae,0x7a,0xae,
    0x7a,0xb6,0x7a,0xae,0x7a,0xae,0x7b,0xae,0x7a,0xb6,0x7b,0xae,0x7a,0xae,0x7a,0xb6,0x7a,0xae,0x5b,0xae,0x7a,0xb6,0x7a,0xae,
    0x7a,0xae,0x7b,0xb6,0x18,0xa6,0xd7,0xa5,0xd7,0xad,0xd7,0xa5,0x96,0xa5,0xb7,0xa5,0x95,0xa5,0x33,0xa5,0x6f,0x94,0xac,0x83,
    0x2f,0x94,0x4f,0x94,0x8f,0x9c,0x90,0x9c,0x8f,0x9c,0x8f,0x9c,0xaa,0x93,0xea,0x9b,0xa9,0x9b,0x89,0x93,0xe7,0x82,0xa8,0xa3,
    0xa9,0x9b,0x49,0x8b,0x08,0x83,0x28,0x8b,0xe7,0x82,0x69,0x93,0x8b,0xa4,0xc8,0x7b,0x47,0x73,0x06,0x73,0x47,0x7b,0x47,0x7b,
    0x88,0x8b,0x26,0x7b,0x68,0x8b,0x49,0x83,0x8a,0x8b,0xeb,0x93,0x6c,0xa4,0xa9,0x93,0x72,0x74,0x76,0x95,0x7b,0xb6,0x59,0xae,
    0x5a,0xae,0x5a,0xb6,0x5a,0xae,0x5a,0xae,0x5a,0xae,0x5a,0xb6,0x7a,0xae,0x5a,0xae,0x5a,0xae,0x7b,0xb6,0x7a,0xae,0x5a,0xae,
    0x7a,0xae,0x7a,0xb6,0x5a,0xae,0x7a,0xae,0x5a,0xae,0x5a,0xae,0x5a,0xb6,0x7a,0xae,0x7b,0xae,0x5a,0xae,0x7a,0xae,0x5a,0xae,
    0x7a,0xb6,0x5a,0xae,0x7a,0xae,0x5a,0xae,0x7a,0xae,0x5b,0xb6,0x7a,0xae,0x7a,0xb6,0x7b,0xae,0x7a,0xae,0x5a,0xae,0x7a,0xb6,
    0x7a,0xae,0x7b,0xb6,0x7a,0xae,0x5a,0xb6,0x7a,0xae,0x7b,0xae,0x5a,0xae,0x7a,0xb6,0x5a,0xae,0x7a,0xae,0x7a,0xb6,0x5a,0xae,
    0x7a,0xae,0x5a,0xae,0x7a,0xb6,0x7b,0xae,0x7a,0xb6,0x7b,0xae,0x7a,0xae,0x7a,0xb6,0x7a,0xae,0x7b,0xae,0x7a,0xb6,0x7b,0xae,
    0x7a,0xb6,0x7a,0xae,0x7a,0xb6,0x7a,0xae,0x5a,0xb6,0x7b,0xae,0x7a,0xae,0x5b,0xb6,0x7a,0xae,0x7b,0xb6,0x7a,0xb6,0x7a,0xae,
    0x7a,0xb6,0x7b,0xae,0x7a,0xae,0x5a,0xb6,0x7a,0xae,0x7a,0xae,0x7a,0xae,0x7b,0xb6,0x7a,0xae,0x7a,0xae,0x7a,0xb6,0x7a,0xae,
    0x5a,0xae,0x7a,0xb6,0x7b,0xae,0x7a,0xb6,0x7b,0xae,0x7a,0xae,0x7b,0xb6,0x7a,0xae,0x7a,0xae,0x7a,0xb6,0x7a,0xae,0x7a,0xae,
    0x7b,0xae,0x5a,0xb6,0x7a,0xae,0x7a,0xb6,0x7a,0xae,0x7b,0xb6,0x7a,0xae,0x5a,0xae,0x7a,0xae,0x7b,0xb6,0x5a,0xae,0x7a,0xae,
    0x7a,0xb6,0x5a,0xae,0x7b,0xb6,0x7a,0xae,0x7b,0xae,0x7a,0xb6,0x7a,0xae,0x7a,0xb6,0x7a,0xae,0x7a,0xb6,0x5a,0xae,0x7b,0xae,
    0x7a,0xb6,0x7a,0xae,0x7a,0xae,0x5b,0xb6,0x7a,0xae,0x7a,0xae,0x39,0xae,0x3a,0xae,0xb7,0xa5,0x95,0xa5,0xd7,0xa5,0x54,0x9d,
    0x13,0x9d,0xd1,0xa4,0x70,0x94,0x2e,0x8c,0xcc,0x8b,0xac,0x83,0x12,0xa5,0x53,0xad,0x8f,0x9c,0x2e,0x94,0x69,0x83,0x88,0x93,
    0xa9,0x9b,0x27,0x8b,0x07,0x83,0x07,0x8b,0x48,0x8b,0xaa,0x93,0xe8,0x7a,0xe7,0x82,0xa7,0x7a,0x49,0x8b,0x6b,0xa4,0x46,0x6b,
    0xc5,0x5a,0xc5,0x5a,0xc5,0x62,0x87,0x7b,0x47,0x73,0xe6,0x6a,0x47,0x7b,0xaa,0x83,0x48,0x73,0x69,0x7b,0x48,0x73,0xc7,0x72,
    0x31,0x74,0xf8,0xa5,0x7a,0xb6,0x5a,0xae,0x5a,0xae,0x5a,0xae,0x5a,0xb6,0x7a,0xae,0x5a,0xb6,0x5a,0xae,0x5a,0xae,0x5a,0xae,
    0x5a,0xae,0x5a,0xae,0x7a,0xb6,0x5a,0xae,0x5a,0xae,0x5a,0xae,0x7a,0xb6,0x5a,0xae,0x7a,0xae,0x5a,0xb6,0x7a,0xae,0x5a,0xae,
    0x7a,0xae,0x5a,0xb6,0x5a,0xae,0x5a,0xb6,0x5a,0xae,0x5a,0xae,0x5a,0xb6,0x5a,0xae,0x5a,0xae,0x5a,0xae,0x5a,0xae,0x7a,0xae,
    0x5a,0xb6,0x5a,0xae,0x5a,0xae,0x5a,0xae,0x7a,0xae,0x7a,0xae,0x5a,0xae,0x5a,0xae,0x5a,0xb6,0x5a,0xae,0x5a,0xb6,0x5a,0xae,
    0x5a,0xae,0x5a,0xae,0x7b,0xb6,0x7a,0xae,0x5a,0xb6,0x5a,0xae,0x5a,0xae,0x5a,0xae,0x5a,0xae,0x7a,0xb6,0x7a,0xae,0x7b,0xae,
    0x5a,0xb6,0x5a,0xae,0x5a,0xae,0x7a,0xb6,0x7a,0xae,0x7b,0xb6,0x7a,0xae,0x7b,0xae,0x7a,0xb6,0x7a,0xae,0x5a,0xae,0x7a,0xae,
    0x7a,0xb6,0x7a,0xae,0x7b,0xae,0x7a,0xae,0x7a,0xb6,0x5a,0xae,0x7b,0xb6,0x7a,0xae,0x7b,0xb6,0x7a,0xae,0x7b,0xb6,0x7a,0xae,
    0x7a,0xb6,0x7b,0xae,0x5a,0xae,0x7b,0xb6,0x5a,0xae,0x5a,0xae,0x5a,0xae,0x5a,0xae,0x5a,0xb6,0x7a,0xae,0x7a,0xb6,0x7b,0xae,
    0x7a,0xb6,0x7b,0xae,0x7a,0xb6,0x5a,0xae,0x7a,0xb6,0x7a,0xae,0x7b,0xae,0x7a,0xb6,0x7a,0xae,0x5a,0xae,0x7a,0xb6,0x7b,0xae,
    0x7a,0xb6,0x7a,0xae,0x7a,0xb6,0x7b,0xae,0x7a,0xae,0x7a,0xae,0x5a,0xae,0x5a,0xb6,0x7a,0xae,0x7b,0xb6,0x5a,0xae,0x7b,0xae,
    0x7a,0xb6,0x7b,0xae,0x7a,0xb6,0x7a,0xae,0x7a,0xb6,0x7b,0xae,0x7a,0xb6,0x7a,0xae,0x7a,0xae,0x7b,0xb6,0x7a,0xae,0x7a,0xae,
    0x39,0xb6,0xd6,0xad,0x74,0xa5,0xd1,0x9c,0x70,0x94,0x8b,0x83,0xed,0x83,0x6a,0x83,0x8b,0x83,0x2e,0x94,0x13,0x9d,0x91,0x8c,
    0x4f,0x94,0xeb,0x93,0xaa,0x9b,0x88,0x93,0x89,0x93,0x67,0x93,0x47,0x8b,0x68,0x93,0x69,0x8b,0x08,0x83,0x29,0x8b,0xea,0x9b,
    0x08,0x8b,0xe8,0x82,0x0b,0x9c,0xa7,0x7b,0x26,0x6b,0xe5,0x62,0x07,0x73,0x46,0x7b,0xe6,0x6a,0xa6,0x62,0xe6,0x6a,0xc6,0x62,
    0x08,0x6b,0x66,0x52,0xa7,0x62,0x08,0x7b,0x55,0x95,0x7b,0xb6,0x5a,0xae,0x5a,0xae,0x5a,0xb6,0x5a,0xae,0x5a,0xae,0x5a,0xae,
    0x5a,0xae,0x5a,0xae,0x5a,0xb6,0x5a,0xae,0x5a,0xae,0x5a,0xb6,0x5a,0xae,0x5a,0xae,0x5a,0xb6,0x5a,0xae,0x5a,0xae,0x5a,0xae,
    0x5a,0xb6,0x5a,0xae,0x5a,0xae,0x5a,0xae,0x5a,0xae,0x5a,0xae,0x5a,0xae,0x5a,0xae,0x5a,0xae,0x5a,0xae,0x5a,0xae,0x7a,0xb6,
    0x5a,0xae,0x5a,0xb6,0x5a,0xae,0x5a,0xae,0x5a,0xae,0x5a,0xb6,0x7a,0xae,0x5a,0xb6,0x5a,0xae,0x7a,0xb6,0x5a,0xae,0x5a,0xae,
    0x5a,0xae,0x5a,0xae,0x7a,0xae,0x5a,0xae,0x5a,0xb6,0x5a,0xae,0x5a,0xae,0x5a,0xae,0x5a,0xae,0x5a,0xb6,0x5a,0xae,0x5a,0xb6,
    0x5a,0xae,0x5a,0xae,0x5a,0xb6,0x5a,0xae,0x5a,0xae,0x5a,0xae,0x5a,0xb6,0x5a,0xae,0x5a,0xae,0x7a,0xae,0x7a,0xb6,0x5a,0xae,
    0x7b,0xae,0x5a,0xb6,0x7a,0xae,0x5a,0xae,0x7b,0xae,0x5a,0xae,0x5a,0xb6,0x5a,0xae,0x7a,0xae,0x7a,0xae,0x7a,0xae,0x7a,0xae,
    0x5a,0xb6,0x5a,0xae,0x5a,0xae,0x5a,0xae,0x5a,0xae,0x5a,0xb6,0x7a,0xae,0x5a,0xae,0x7a,0xb6,0x5a,0xae,0x5a,0xb6,0x5a,0xae,
    0x5a,0xae,0x5a,0xae,0x7a,0xb6,0x7a,0xae,0x7a,0xae,0x5a,0xb6,0x7b,0xae,0x7a,0xae,0x5a,0xae,0x5a,0xb6,0x5a,0xae,0x7a,0xae,
    0x7b,0xb6,0x7a,0xae,0x7a,0xae,0x5a,0xb6,0x7a,0xae,0x7b,0xb6,0x5a,0xae,0x7a,0xae,0x7a,0xb6,0x7a,0xae,0x5a,0xb6,0x5a,0xae,
    0x5a,0xae,0x5a,0xae,0x7a,0xb6,0x7a,0xae,0x5a,0xae,0x5a,0xae,0x5a,0xae,0x5a,0xae,0x5a,0xae,0x5a,0xae,0x5a,0xae,0x5a,0xae,
    0x5a,0xb6,0x5a,0xae,0x5a,0xae,0x39,0xae,0xd7,0xad,0x13,0x9d,0xb0,0x94,0x2e,0x9c,0x4e,0x94,0x91,0x94,0xb0,0x9c,0xcb,0x93,
    0xab,0x8b,0xeb,0x8b,0x8a,0x7b,0xed,0x8b,0x6e,0x9c,0xeb,0x9b,0x89,0x93,0x68,0x8b,0x89,0x9b,0xa9,0x9b,0x28,0x83,0x27,0x83,
    0x29,0x8b,0x6a,0x8b,0xc7,0x7a,0xa9,0x9b,0xea,0x9b,0xa6,0x7a,0x4b,0xa4,0x68,0x7b,0x06,0x63,0xa9,0x83,0x27,0x83,0xc6,0x6a,
    0xe6,0x6a,0x07,0x73,0xa6,0x62,0xc6,0x62,0xa6,0x62,0x08,0x73,0x2c,0x94,0x28,0x83,0x56,0x8d,0x7a,0xae,0x5a,0xae,0x5a,0xae,
    0x5a,0xae,0x7a,0xb6,0x5a,0xae,0x5a,0xb6,0x5a,0xae,0x7a,0xae,0x5a,0xae,0x5a,0xae,0x5a,0xae,0x5a,0xae,0x5a,0xae,0x7a,0xb6,
    0x5a,0xae,0x5a,0xae,0x5a,0xb6,0x5a,0xae,0x5a,0xae,0x5a,0xae,0x5a,0xb6,0x5a,0xae,0x5a,0xb6,0x5a,0xae,0x5a,0xb6,0x5a,0xae,
    0x7a,0xb6,0x5a,0xae,0x5a,0xae,0x5a,0xae,0x5a,0xae,0x5a,0xae,0x7a,0xb6,0x5a,0xae,0x5a,0xb6,0x5a,0xae,0x5a,0xae,0x5a,0xae,
    0x5a,0xae,0x5a,0xae,0x5a,0xb6,0x7a,0xae,0x5a,0xb6,0x5a,0xae,0x5a,0xb6,0x5a,0xae,0x5a,0xae,0x7a,0xb6,0x5a,0xae,0x5a,0xb6,
    0x5a,0xae,0x5a,0xae,0x7a,0xae,0x5a,0xae,0x5a,0xb6,0x5a,0xae,0x5a,0xae,0x5a,0xae,0x7a,0xb6,0x5a,0xae,0x5a,0xae,0x5a,0xae,
    0x5a,0xb6,0x5a,0xae,0x5a,0xae,0x7a,0xb6,0x5a,0xae,0x5a,0xae,0x5a,0xb6,0x5a,0xae,0x7a,0xb6,0x5a,0xae,0x5a,0xae,0x5a,0xae,
    0x5a,0xb6,0x7b,0xae,0x7a,0xb6,0x5a,0xae,0x5a,0xae,0x7a,0xae,0x5a,0xb6,0x5a,0xae,0x7a,0xb6,0x5a,0xae,0x5a,0xae,0x5a,0xb6,
    0x5a,0xae,0x5a,0xae,0x7a,0xae,0x5a,0xb6,0x5a,0xae,0x7a,0xb6,0x5a,0xae,0x5b,0xae,0x5a,0xb6,0x7a,0xae,0x5a,0xae,0x5a,0xb6,
    0x5a,0xae,0x5a,0xae,0x5a,0xae,0x7a,0xb6,0x5a,0xae,0x5a,0xae,0x5a,0xb6,0x5a,0xae,0x7a,0xae,0x5a,0xae,0x7a,0xae,0x5a,0xb6,
    0x5a,0xae,0x5a,0xae,0x5a,0xae,0x5a,0xae,0x5a,0xb6,0x5a,0xae,0x7a,0xae,0x5a,0xb6,0x5a,0xae,0x5a,0xb6,0x5a,0xae,0x7a,0xb6,
    0x5a,0xae,0x5a,0xb6,0x5a,0xae,0x5a,0xb6,0x5a,0xae,0x5a,0xae,0x5a,0xae,0x19,0xa6,0x12,0xa5,0x13,0xa5,0x12,0xa5,0x6d,0xac,
    0xf0,0xa4,0x75,0xa5,0x6f,0x9c,0x6e,0x9c,0x6e,0xa4,0x8e,0xa4,0xea,0x9b,0xca,0x93,0xec,0x93,0x49,0x8b,0x69,0x8b,0xca,0x9b,
    0x48,0x8b,0x6a,0x83,0x49,0x8b,0x49,0x8b,0xc8,0x7a,0x8a,0x93,0x6a,0x93,0x28,0x8b,0x88,0x93,0x69,0x8b,0x6b,0xa4,0xa8,0x83,
    0x07,0x73,0xea,0x93,0xeb,0x9b,0x68,0x8b,0x47,0x7b,0x67,0x7b,0x27,0x73,0xc7,0x6a,0x29,0x7b,0xcb,0x93,0xe8,0x6a,0x68,0x8b,
    0x30,0x6c,0x39,0xa6,0x5a,0xb6,0x5a,0xae,0x5a,0xae,0x5a,0xae,0x5a,0xae,0x7a,0xae,0x5a,0xae,0x5a,0xb6,0x5a,0xae,0x5a,0xb6,
    0x5a,0xae,0x5a,0xae,0x7b,0xb6,0xf8,0xa5,0x7a,0xae,0x7b,0xb6,0x5a,0xae,0x7a,0xb6,0x5a,0xae,0x5a,0xae,0x7a,0xae,0x5a,0xae,
    0x5a,0xae,0x5a,0xae,0x5a,0xae,0x5a,0xae,0x5a,0xae,0x5a,0xb6,0x5a,0xae,0x5a,0xb6,0x7a,0xae,0x5a,0xb6,0x5a,0xae,0x5a,0xae,
    0x5a,0xae,0x7a,0xae,0x5a,0xae,0x5a,0xb6,0x5a,0xae,0x7a,0xb6,0x5a,0xae,0x5a,0xae,0x5a,0xae,0x5a,0xae,0x5a,0xae,0x7a,0xb6,
    0x5a,0xae,0x5a,0xae,0x5a,0xae,0x5a,0xae,0x7a,0xae,0x5a,0xb6,0x5a,0xae,0x5a,0xae,0x5a,0xae,0x7a,0xae,0x5a,0xb6,0x5a,0xae,
    0x5a,0xae,0x5a,0xb6,0x5a,0xae,0x7a,0xae,0x5a,0xae,0x5a,0xb6,0x5a,0xae,0x5a,0xae,0x5a,0xae,0x7a,0xb6,0x5a,0xae,0x5a,0xae,
    0x5a,0xae,0x5a,0xb6,0x5a,0xae,0x5a,0xae,0x7a,0xae,0x5a,0xb6,0x5a,0xae,0x5a,0xae,0x5a,0xb6,0x5a,0xae,0x5a,0xae,0x5a,0xae,
    0x5a,0xae,0x5a,0xae,0x5a,0xb6,0x5a,0xae,0x5a,0xae,0x5a,0xb6,0x5a,0xae,0x5a,0xae,0x5a,0xae,0x5a,0xae,0x5a,0xae,0x5a,0xb6,
    0x5a,0xae,0x5a,0xae,0x5a,0xae,0x5a,0xae,0x7a,0xb6,0x5a,0xae,0x5a,0xae,0x5a,0xae,0x5a,0xb6,0x5a,0xae,0x7a,0xae,0x5a,0xae,
    0x5a,0xae,0x5a,0xb6,0x5a,0xae,0x5a,0xae,0x5a,0xb6,0x5a,0xae,0x7a,0xb6,0x5a,0xae,0x5a,0xae,0x5a,0xae,0x5a,0xb6,0x5a,0xae,
    0x5a,0xae,0x7a,0xae,0x5a,0xae,0x5a,0xae,0x5a,0xb6,0x7a,0xae,0x5a,0xae,0x5a,0xae,0x7a,0xae,0x59,0xae,0xf8,0xad,0x96,0xa5,
    0x95,0xad,0x33,0xa5,0x32,0xa5,0x32,0xa5,0x34,0xa5,0xf0,0x9c,0x2d,0x9c,0x2d,0x9c,0x2c,0x94,0xaf,0x9c,0x0f,0xbd,0x4d,0xa4,
    0xaa,0x93,0x48,0x8b,0x48,0x8b,0x89,0x93,0x49,0x8b,0x49,0x83,0x87,0x72,0xe8,0x82,0x08,0x83,0x09,0x83,0x69,0x8b,0x29,0x83,
    0x48,0x93,0xa9,0x93,0xca,0x93,0x88,0x8b,0x88,0x9b,0xe9,0x9b,0x89,0x83,0x47,0x7b,0x26,0x6b,0x06,0x6b,0x07,0x73,0x29,0x7b,
    0x6a,0x8b,0xec,0x93,0x8a,0x8b,0x88,0x93,0x30,0x74,0xf8,0xa5,0x5a,0xae,0x5a,0xae,0x5a,0xb6,0x5a,0xae,0x5a,0xb6,0x5a,0xae,
    0x5a,0xae,0x5a,0xae,0x5a,0xae,0x5a,0xae,0x7a,0xb6,0x7a,0xb6,0x96,0x95,0xce,0x63,0x14,0x8d,0xf8,0x9d,0x5a,0xae,0xd8,0x9d,
    0x39,0xa6,0x5a,0xb6,0x5a,0xae,0x5a,0xb6,0x5a,0xae,0x5a,0xb6,0x5a,0xae,0x5a,0xb6,0x5a,0xae,0x5a,0xae,0x7a,0xae,0x5a,0xae,
    0x5a,0xae,0x5a,0xae,0x5a,0xb6,0x5a,0xae,0x5a,0xb6,0x5a,0xae,0x5a,0xb6,0x5a,0xae,0x5a,0xae,0x5a,0xae,0x5a,0xae,0x5a,0xb6,
    0x5a,0xae,0x7a,0xb6,0x5a,0xae,0x5a,0xae,0x5a,0xae,0x5a,0xb6,0x5a,0xae,0x5a,0xb6,0x5a,0xae,0x5a,0xae,0x5a,0xb6,0x5a,0xae,
    0x5a,0xb6,0x5a,0xae,0x5a,0xae,0x5a,0xb6,0x7a,0xae,0x5a,0xae,0x5a,0xae,0x5a,0xb6,0x5a,0xae,0x7a,0xae,0x5a,0xae,0x5a,0xb6,
    0x5a,0xae,0x5a,0xae,0x5a,0xae,0x5a,0xb6,0x5a,0xae,0x5a,0xae,0x7a,0xb6,0x5a,0xae,0x5a,0xb6,0x5a,0xae,0x5a,0xae,0x7a,0xb6,
    0x5a,0xae,0x5a,0xae,0x7a,0xb6,0x5a,0xae,0x5a,0xb6,0x5a,0xae,0x7a,0xae,0x5a,0xae,0x5a,0xae,0x7a,0xae,0x5a,0xae,0x5a,0xb6,
    0x7a,0xae,0x5a,0xb6,0x5a,0xae,0x7a,0xae,0x5a,0xae,0x5a,0xb6,0x7a,0xae,0x5a,0xb6,0x5a,0xae,0x5a,0xae,0x5a,0xb6,0x5a,0xae,
    0x7a,0xae,0x5a,0xae,0x5a,0xb6,0x5a,0xae,0x5a,0xae,0x5a,0xae,0x5a,0xb6,0x5a,0xae,0x7a,0xae,0x5a,0xae,0x5a,0xae,0x5a,0xb6,
    0x7a,0xae,0x5a,0xae,0x5a,0xae,0x7a,0xae,0x5a,0xb6,0x5a,0xae,0x5a,0xb6,0x5a,0xae,0x5a,0xae,0x5a,0xae,0x5a,0xb6,0x5a,0xae,
    0x5a,0xb6,0x5a,0xae,0x39,0xae,0x75,0xa5,0x53,0xa5,0xf7,0xad,0x75,0xa5,0x33,0x9d,0x54,0xa5,0x11,0xa5,0x6d,0xac,0x0c,0x94,
    0x8d,0xa4,0xd0,0xa4,0xb0,0x9c,0x8e,0xa4,0x2c,0xa4,0x68,0x8b,0x29,0x8b,0x89,0x93,0x89,0x93,0xaa,0x93,0x69,0x8b,0xc8,0x7a,
    0x49,0x8b,0x08,0x83,0x49,0x8b,0x68,0x83,0xa9,0x8b,0xaa,0x9b,0x8c,0xac,0xe7,0x7a,0x47,0x8b,0x6c,0xa4,0x88,0x7b,0xc5,0x62,
    0x06,0x6b,0x06,0x6b,0x47,0x73,0x08,0x73,0x6a,0x83,0xeb,0x93,0x88,0x83,0x28,0x8b,0x19,0xa6,0x7a,0xae,0x5a,0xae,0x5a,0xae,
    0x7a,0xae,0x5a,0xae,0x5a,0xae,0x5a,0xb6,0x5a,0xae,0x5a,0xb6,0x7a,0xb6,0x5a,0xae,0xd7,0x9d,0xb6,0x95,0xee,0x6b,0x0a,0x53,
    0xeb,0x4a,0xae,0x63,0x39,0xa6,0xcb,0x42,0x55,0x8d,0x9b,0xb6,0x5a,0xae,0x5a,0xae,0x7a,0xb6,0x7a,0xae,0x5a,0xae,0x39,0xae,
    0x5a,0xae,0x5a,0xae,0x5a,0xb6,0x5a,0xae,0x5a,0xb6,0x5a,0xae,0x5a,0xae,0x5a,0xae,0x5a,0xae,0x5a,0xae,0x7a,0xae,0x5a,0xae,
    0x7a,0xb6,0x5a,0xae,0x5a,0xae,0x5a,0xae,0x5a,0xae,0x5a,0xae,0x5a,0xb6,0x5a,0xae,0x5a,0xae,0x5a,0xae,0x7a,0xae,0x5a,0xae,
    0x5a,0xb6,0x5a,0xae,0x7a,0xae,0x5a,0xae,0x5a,0xae,0x7a,0xb6,0x5a,0xae,0x5a,0xae,0x5a,0xae,0x5a,0xb6,0x5a,0xae,0x7a,0xae,
    0x5a,0xb6,0x5a,0xae,0x5a,0xae,0x7a,0xae,0x5a,0xb6,0x5a,0xae,0x7a,0xae,0x5a,0xae,0x5a,0xae,0x5a,0xae,0x5a,0xae,0x5a,0xae,
    0x5a,0xae,0x5a,0xae,0x5a,0xae,0x5a,0xae,0x5a,0xae,0x5a,0xb6,0x5a,0xae,0x5a,0xae,0x7a,0xae,0x5a,0xb6,0x5a,0xae,0x5a,0xb6,
    0x7a,0xae,0x5a,0xb6,0x5a,0xae,0x5a,0xae,0x5a,0xae,0x5a,0xae,0x5a,0xb6,0x5a,0xae,0x5a,0xae,0x5a,0xae,0x5a,0xae,0x5a,0xae,
    0x5a,0xb6,0x7a,0xae,0x5a,0xae,0x5a,0xb6,0x5a,0xae,0x5a,0xae,0x5a,0xae,0x5a,0xb6,0x5a,0xae,0x5a,0xb6,0x7a,0xae,0x5a,0xae,
    0x5a,0xb6,0x5a,0xae,0x5a,0xae,0x5a,0xae,0x5a,0xb6,0x5a,0xae,0x5a,0xb6,0x5a,0xae,0x5a,0xae,0x5a,0xae,0x5a,0xae,0x5a,0xb6,
    0x7a,0xae,0x5a,0xae,0x5a,0xae,0x5a,0xae,0x5a,0xae,0x39,0xae,0x18,0xae,0x18,0xae,0xf8,0xa5,0x95,0xa5,0xb5,0xad,0xd0,0x9c,
    0x13,0x9d,0x32,0xad,0x6e,0x9c,0x6e,0xa4,0x6d,0xa4,0x2d,0x9c,0x8f,0x94,0x8e,0xa4,0xeb,0x9b,0xc9,0x9b,0xca,0x9b,0x68,0x93,
    0xaa,0x9b,0x69,0x93,0xca,0x9b,0x49,0x8b,0x08,0x83,0x48,0x93,0x68,0x93,0x87,0x7b,0x87,0x7b,0xc9,0x93,0x2f,0xbd,0xca,0x9b,
    0x48,0x8b,0x27,0x83,0x06,0x6b,0xe6,0x62,0x06,0x73,0x85,0x5a,0xe6,0x6a,0x06,0x6b,0xa9,0x83,0x27,0x73,0x07,0x73,0x89,0x93,
    0xee,0x6b,0x96,0x95,0x7b,0xb6,0x5a,0xae,0x5a,0xb6,0x5a,0xae,0x5a,0xae,0x5a,0xae,0x5a,0xae,0x7a,0xae,0x96,0x95,0x91,0x74,
    0x6c,0x63,0x91,0x7c,0x4b,0x53,0x89,0x42,0x49,0x3a,0xec,0x4a,0x10,0x64,0xc8,0x29,0xf4,0x84,0xbc,0xbe,0x5a,0xae,0x7a,0xb6,
    0x19,0xa6,0xb6,0x95,0xf8,0xa5,0xf2,0x84,0xb6,0x9d,0x9b,0xb6,0x5a,0xae,0x7b,0xb6,0x5a,0xae,0x5a,0xae,0x7a,0xb6,0x5a,0xae,
    0x5a,0xae,0x5a,0xb6,0x5a,0xae,0xb1,0x7c,0xd8,0xa5,0x9b,0xb6,0x5a,0xae,0x5a,0xb6,0x5a,0xae,0x5a,0xae,0x5a,0xae,0x7a,0xb6,
    0x5a,0xae,0x5a,0xb6,0x5a,0xae,0x5a,0xae,0x7a,0xae,0x5a,0xb6,0x5a,0xae,0x5a,0xb6,0x5a,0xae,0x5a,0xae,0x5a,0xae,0x5a,0xb6,
    0x5a,0xae,0x7a,0xae,0x5a,0xb6,0x5a,0xae,0x5a,0xae,0x5a,0xb6,0x5a,0xae,0x5a,0xae,0x5a,0xae,0x5a,0xb6,0x5a,0xae,0x7a,0xb6,
    0x7a,0xb6,0x5a,0xae,0x5a,0xb6,0x5a,0xae,0x7a,0xb6,0x5a,0xae,0x5a,0xb6,0x7a,0xae,0x5a,0xb6,0x5a,0xae,0x5a,0xae,0x5a,0xb6,
    0x5a,0xae,0x7a,0xae,0x5a,0xb6,0x7a,0xae,0x5b,0xb6,0x5a,0xae,0x5a,0xae,0x5a,0xb6,0x5a,0xae,0x7a,0xb6,0x5a,0xae,0x5a,0xae,
    0x7a,0xb6,0x5a,0xae,0x5a,0xb6,0x7a,0xae,0x5a,0xae,0x5a,0xb6,0x5a,0xae,0x5a,0xae,0x7a,0xb6,0x5a,0xae,0x5a,0xb6,0x7a,0xae,
    0x5a,0xae,0x5a,0xae,0x5a,0xae,0x5a,0xae,0x5a,0xae,0x5a,0xb6,0x5a,0xae,0x7a,0xae,0x5a,0xae,0x5a,0xae,0x5a,0xae,0x5a,0xb6,
    0x5a,0xae,0x7a,0xb6,0x5a,0xae,0x5a,0xae,0x5a,0xb6,0x5a,0xae,0x5a,0xb6,0x5a,0xae,0x19,0xae,0x18,0xae,0xd7,0xa5,0x35,0x9d,
    0x96,0x9d,0xf2,0x94,0xf2,0xa4,0x54,0xa5,0xd1,0x9c,0xd1,0xa4,0xd0,0xa4,0x8d,0xac,0xf0,0xa4,0x90,0x9c,0x2c,0x9c,0x4e,0x9c,
    0x4c,0x9c,0xea,0x9b,0xc9,0x9b,0xc9,0xa3,0x88,0x9b,0x29,0x83,0x09,0x83,0x08,0x83,0x08,0x83,0x08,0x8b,0x88,0x93,0x27,0x7b,
    0xc5,0x62,0xa5,0x52,0xe6,0x62,0x07,0x73,0x8a,0x93,0x88,0x8b,0xe7,0x6a,0x88,0x7b,0x27,0x73,0x06,0x6b,0xc6,0x6a,0xe7,0x62,
    0xc6,0x62,0x69,0x83,0x08,0x7b,0x28,0x83,0xc9,0x4a,0x50,0x74,0x9b,0xb6,0x5a,0xae,0x5a,0xae,0x5a,0xae,0x5a,0xb6,0x5a,0xae,
    0x9b,0xb6,0xb6,0x9d,0x8c,0x63,0x6b,0x63,0xa8,0x4a,0xae,0x63,0x2b,0x5b,0x48,0x42,0xca,0x4a,0xeb,0x4a,0xa9,0x42,0x08,0x2a,
    0x52,0x6c,0x76,0x8d,0xb7,0x9d,0xb3,0x7c,0x8d,0x5b,0xac,0x6b,0xee,0x63,0xce,0x63,0xd3,0x84,0xd7,0x9d,0xd7,0x9d,0x55,0x95,
    0x9b,0xb6,0x5a,0xae,0x5a,0xae,0x5a,0xb6,0x5a,0xae,0x7b,0xb6,0x18,0xa6,0x6a,0x5b,0x34,0x8d,0x39,0xae,0x5a,0xae,0x5a,0xae,
    0x5a,0xae,0x7a,0xb6,0x5a,0xae,0x5a,0xae,0x5a,0xae,0x5a,0xae,0x5a,0xb6,0x5a,0xae,0x5a,0xb6,0x5a,0xae,0x5a,0xae,0x5a,0xae,
    0x7a,0xae,0x5a,0xb6,0x5a,0xae,0x7a,0xae,0x5a,0xae,0x5a,0xb6,0x5a,0xae,0x7a,0xae,0x5a,0xae,0x5a,0xae,0x5a,0xb6,0x5a,0xae,
    0x7a,0xb6,0x5a,0xae,0x7b,0xae,0x5a,0xb6,0x5a,0xae,0x7b,0xae,0x5a,0xae,0x5a,0xb6,0x5a,0xae,0x5a,0xae,0x5a,0xae,0x5a,0xae,
    0x5a,0xae,0x7a,0xae,0x5a,0xae,0x5a,0xae,0x7b,0xb6,0x5a,0xae,0x5a,0xae,0x7a,0xb6,0x5a,0xae,0x5a,0xae,0x7a,0xb6,0x5a,0xae,
    0x5a,0xae,0x5a,0xae,0x5a,0xae,0x5a,0xb6,0x5a,0xae,0x5a,0xae,0x5a,0xae,0x5a,0xb6,0x5a,0xae,0x5a,0xae,0x7a,0xae,0x5a,0xae,
    0x5a,0xae,0x5a,0xae,0x7b,0xae,0x5a,0xb6,0x5a,0xae,0x7a,0xb6,0x5b,0xae,0x5a,0xb6,0x7a,0xae,0x5a,0xae,0x5a,0xb6,0x5a,0xae,
    0x5a,0xb6,0x5a,0xae,0x7a,0xb6,0x5a,0xae,0x5a,0xae,0x5a,0xae,0x5a,0xae,0x5a,0xae,0x5a,0xae,0x7a,0xae,0x5a,0xb6,0x5a,0xae,
    0xf8,0xad,0xb7,0xa5,0x14,0x9d,0x34,0x9d,0x35,0x9d,0x33,0x9d,0x14,0x95,0xd1,0x9c,0xb0,0x9c,0x4e,0x94,0x8f,0x9c,0x8f,0xa4,
    0xf1,0xa4,0xd0,0xa4,0x2c,0x9c,0x4d,0xa4,0x4e,0x9c,0xaa,0x93,0x69,0x93,0x68,0x8b,0xc9,0xa3,0x49,0x8b,0x48,0x8b,0x08,0x8b,
    0x48,0x83,0x27,0x8b,0x07,0x8b,0x27,0x8b,0x06,0x73,0x47,0x73,0xea,0x8b,0x45,0x5a,0x07,0x7b,0x89,0x83,0xc6,0x62,0xc8,0x83,
    0xe5,0x5a,0x85,0x5a,0xc6,0x62,0x89,0x83,0x69,0x83,0x68,0x7b,0xe6,0x6a,0x86,0x62,0x68,0x42,0x2c,0x53,0x76,0x95,0x19,0xae,
    0x7a,0xb6,0x7a,0xb6,0x5a,0xae,0x5a,0xae,0x5a,0xae,0xf3,0x84,0xe9,0x4a,0xe9,0x52,0x89,0x4a,0xa9,0x4a,0x49,0x3a,0x89,0x42,
    0x89,0x4a,0x0a,0x53,0xaa,0x42,0x09,0x32,0x8e,0x5b,0x0c,0x4b,0x2c,0x4b,0x08,0x32,0x69,0x3a,0x4b,0x5b,0x4b,0x63,0x2b,0x53,
    0x0b,0x4b,0x0e,0x6c,0x4f,0x7c,0x2b,0x53,0x34,0x8d,0x9a,0xb6,0x5a,0xae,0x7a,0xae,0x39,0xae,0x54,0x8d,0x54,0x8d,0xcd,0x6b,
    0xb1,0x7c,0x14,0x85,0xbb,0xbe,0x5a,0xae,0x5a,0xae,0x3a,0xae,0x5a,0xae,0x5a,0xb6,0x5a,0xae,0x7a,0xae,0x5a,0xae,0x7a,0xb6,
    0x5b,0xae,0x7a,0xae,0x5a,0xb6,0x5a,0xae,0x5b,0xb6,0x5a,0xae,0x5a,0xae,0x5a,0xb6,0x5a,0xae,0x7a,0xae,0x5b,0xb6,0x5a,0xae,
    0x7a,0xb6,0x5a,0xae,0x5a,0xae,0x5a,0xae,0x7b,0xae,0x5a,0xb6,0x5a,0xae,0x7a,0xae,0x5a,0xb6,0x5a,0xae,0x7a,0xb6,0x5a,0xae,
    0x7a,0xae,0x5a,0xb6,0x7a,0xae,0x5b,0xb6,0x7a,0xb6,0x5a,0xae,0x7b,0xb6,0x5a,0xae,0x7a,0xb6,0x5a,0xae,0x7b,0xb6,0x5a,0xae,
    0x5a,0xae,0x5a,0xae,0x5a,0xae,0x7a,0xb6,0x5a,0xae,0x5a,0xb6,0x5a,0xae,0x7a,0xae,0x5a,0xb6,0x5a,0xae,0x7a,0xb6,0x5a,0xae,
    0x7a,0xae,0x5a,0xb6,0x5a,0xae,0x5a,0xb6,0x5a,0xae,0x5a,0xb6,0x5a,0xae,0x7a,0xae,0x5a,0xb6,0x5a,0xae,0x7a,0xb6,0x5a,0xae,
    0x5a,0xae,0x5a,0xb6,0x5a,0xae,0x7b,0xae,0x5a,0xb6,0x7a,0xae,0x5b,0xae,0x7a,0xb6,0x5a,0xae,0x5a,0xb6,0x7a,0xae,0x5a,0xb6,
    0x7a,0xb6,0x5b,0xae,0x7a,0xb6,0x19,0xae,0xb6,0xa5,0x12,0xa5,0x34,0x9d,0x55,0xa5,0x13,0x9d,0x75,0x9d,0x34,0xa5,0xd1,0x9c,
    0x71,0x94,0x0e,0x94,0xab,0x8b,0xcb,0x93,0x8e,0xa4,0x6d,0xa4,0xca,0x9b,0x89,0x93,0xaa,0x93,0xea,0x93,0x49,0x8b,0x69,0x8b,
    0x49,0x93,0x89,0x9b,0x28,0x8b,0xc7,0x7a,0x07,0x83,0x07,0x83,0x68,0x93,0x48,0x93,0x06,0x7b,0xa8,0x83,0x4b,0x9c,0x27,0x7b,
    0xe7,0x7a,0x89,0x83,0x26,0x73,0xe6,0x5a,0xc6,0x62,0x65,0x4a,0x44,0x4a,0x89,0x7b,0x89,0x83,0x26,0x6b,0x44,0x52,0xe6,0x72,
    0xaa,0x42,0x8e,0x5b,0x92,0x74,0x7a,0xae,0x97,0x95,0x76,0x8d,0x7a,0xb6,0x7a,0xb6,0xd7,0x9d,0x2c,0x4b,0x49,0x3a,0x88,0x52,
    0xa9,0x52,0x28,0x3a,0x28,0x3a,0xaa,0x4a,0xea,0x52,0x69,0x42,0x49,0x3a,0xe8,0x29,0x6a,0x3a,0x8a,0x3a,0x09,0x32,0xe8,0x29,
    0x09,0x32,0x89,0x42,0x2a,0x53,0xca,0x4a,0xaa,0x4a,0x2a,0x5b,0xac,0x6b,0x09,0x53,0xce,0x63,0x9b,0xb6,0x3a,0xae,0x7b,0xb6,
    0x18,0xa6,0x8c,0x5b,0x0f,0x74,0x50,0x7c,0xce,0x6b,0xd7,0x9d,0x36,0x85,0x19,0xa6,0x76,0x95,0x35,0x8d,0x9b,0xb6,0x7a,0xae,
    0x5a,0xb6,0x5a,0xae,0x7b,0xb6,0x5a,0xae,0x7a,0xb6,0x5a,0xae,0x7a,0xae,0x5a,0xb6,0x7a,0xae,0x7a,0xb6,0x5a,0xae,0x7a,0xae,
    0x5b,0xb6,0x5a,0xae,0x7a,0xb6,0x5a,0xae,0x7b,0xb6,0x5a,0xae,0x7a,0xb6,0x5a,0xb6,0x5a,0xae,0x7a,0xb6,0x5a,0xae,0x5a,0xb6,
    0x7a,0xae,0x5a,0xb6,0x7a,0xae,0x5b,0xb6,0x7a,0xae,0x5a,0xb6,0x7a,0xae,0x5a,0xae,0x5a,0xb6,0x7a,0xae,0x5a,0xb6,0x5a,0xae,
    0x7a,0xae,0x5a,0xb6,0x5a,0xae,0x5a,0xae,0x5a,0xb6,0x7a,0xae,0x5a,0xb6,0x5a,0xae,0x7b,0xae,0x5a,0xb6,0x7a,0xae,0x5b,0xae,
    0x7a,0xb6,0x5a,0xae,0x7b,0xae,0x5a,0xb6,0x5a,0xae,0x7b,0xae,0x5a,0xb6,0x7a,0xae,0x5b,0xb6,0x7a,0xae,0x5a,0xb6,0x5a,0xae,
    0x7b,0xae,0x5a,0xb6,0x7a,0xae,0x5a,0xb6,0x7a,0xae,0x5b,0xae,0x5a,0xb6,0x7a,0xae,0x5a,0xae,0x7a,0xb6,0x5a,0xae,0x5a,0xae,
    0x5a,0xae,0x5a,0xae,0x5a,0xae,0x5a,0xae,0x7a,0xb6,0x7a,0xb6,0x19,0xa6,0xd8,0xa5,0xd5,0xb5,0xaf,0x9c,0x95,0xa5,0xb2,0x94,
    0xb1,0x94,0x75,0xa5,0x13,0x9d,0x0e,0x8c,0x91,0x94,0x2e,0x94,0xaa,0x93,0xaa,0x8b,0x8a,0x83,0xab,0x8b,0xa9,0x93,0x48,0x8b,
    0x68,0x8b,0xab,0x8b,0x08,0x7b,0x49,0x8b,0x49,0x8b,0x28,0x93,0x48,0x93,0x07,0x8b,0x28,0x8b,0x27,0x83,0x67,0x83,0x47,0x83,
    0x27,0x83,0x87,0x83,0x05,0x63,0xa6,0x62,0x68,0x83,0x67,0x83,0x06,0x63,0xc5,0x5a,0x65,0x5a,0x84,0x52,0xe6,0x62,0xe6,0x6a,
    0x68,0x83,0x07,0x73,0x66,0x62,0x08,0x83,0x8e,0x5b,0xf4,0x84,0xb7,0x9d,0x9b,0xb6,0x4e,0x53,0xcf,0x5b,0x9b,0xb6,0x7b,0xae,
    0x7b,0xb6,0x4d,0x53,0x28,0x3a,0x89,0x42,0xa9,0x4a,0x89,0x52,0x0b,0x53,0xeb,0x5a,0x8a,0x42,0xcb,0x52,0x28,0x3a,0xe8,0x29,
    0xe8,0x29,0xc8,0x29,0x09,0x2a,0x09,0x32,0x08,0x2a,0x29,0x32,0xe8,0x29,0xca,0x4a,0xaa,0x4a,0x09,0x53,0x29,0x5b,0x09,0x5b,
    0x14,0x95,0x9b,0xae,0x5a,0xb6,0x7a,0xae,0xf3,0x84,0x2a,0x5b,0x4d,0x63,0x8e,0x63,0xae,0x63,0x19,0xa6,0x92,0x74,0x31,0x6c,
    0x0c,0x4b,0x31,0x6c,0xd2,0x84,0x19,0xa6,0x7a,0xb6,0x5a,0xae,0x5a,0xae,0x7a,0xb6,0x5a,0xae,0x5a,0xb6,0x7b,0xae,0x5a,0xae,
    0x5a,0xb6,0x7a,0xae,0x5b,0xb6,0x7a,0xae,0x5a,0xb6,0x5a,0xae,0x7a,0xae,0x5a,0xb6,0x5a,0xae,0x7a,0xae,0x5b,0xae,0x7a,0xae,
    0x5a,0xb6,0x7a,0xae,0x5a,0xae,0x7b,0xb6,0x5a,0xae,0x7a,0xae,0x5a,0xb6,0x5a,0xae,0x7a,0xae,0x5a,0xb6,0x5b,0xae,0x7a,0xb6,
    0x5a,0xae,0x5a,0xae,0x7a,0xb6,0x5a,0xae,0x5a,0xb6,0x7a,0xae,0x5a,0xb6,0x7a,0xae,0x5a,0xb6,0x7a,0xae,0x5b,0xae,0x7a,0xb6,
    0x5a,0xae,0x5a,0xae,0x7a,0xb6,0x5a,0xae,0x5a,0xae,0x7a,0xb6,0x5a,0xae,0x7a,0xb6,0x5a,0xae,0x5a,0xb6,0x7a,0xae,0x5a,0xae,
    0x7a,0xae,0x5a,0xb6,0x7a,0xae,0x5a,0xb6,0x7a,0xae,0x5a,0xae,0x5a,0xb6,0x7b,0xae,0x5a,0xb6,0x7a,0xae,0x5a,0xae,0x7a,0xb6,
    0x5a,0xae,0x5a,0xb6,0x7a,0xae,0x5b,0xb6,0x7a,0xb6,0x7a,0xb6,0x5b,0xae,0x5a,0xb6,0x5a,0xae,0x3a,0xb6,0x19,0xae,0x38,0xae,
    0x75,0xa5,0xd1,0xa4,0x33,0xa5,0x34,0xa5,0x13,0x9d,0xb1,0x9c,0x0e,0x8c,0x2f,0x8c,0x4e,0x94,0x8b,0x83,0xec,0x93,0xec,0x93,
    0x0d,0x94,0x0d,0x8c,0x49,0x83,0x49,0x8b,0x08,0x83,0x29,0x83,0x48,0x8b,0x48,0x93,0x08,0x8b,0x08,0x83,0x07,0x83,0x28,0x83,
    0x86,0x72,0x07,0x83,0xe6,0x6a,0xc5,0x5a,0x27,0x83,0xea,0x9b,0x8c,0xa4,0x26,0x6b,0x87,0x7b,0x26,0x63,0x85,0x5a,0xa5,0x5a,
    0xa4,0x5a,0xe6,0x6a,0xe5,0x6a,0xa9,0x83,0xcd,0xb4,0xe8,0x82,0xe7,0x7a,0x07,0x8b,0x51,0x74,0x55,0x8d,0xd7,0x9d,0x3a,0xae,
    0x0c,0x43,0xab,0x42,0xd0,0x63,0xb7,0x9d,0xd7,0x9d,0x6e,0x53,0xe7,0x29,0x08,0x32,0x48,0x42,0x8a,0x42,0xec,0x52,0x4c,0x5b,
    0xaa,0x4a,0x2d,0x5b,0x8a,0x42,0x28,0x32,0xe8,0x29,0x08,0x32,0x4a,0x3a,0x6a,0x3a,0xe8,0x31,0xc8,0x21,0xe8,0x29,0xca,0x4a,
    0xc9,0x4a,0xa9,0x4a,0x09,0x5b,0xa9,0x4a,0xef,0x6b,0x5a,0xae,0x18,0xa6,0x9b,0xb6,0xb2,0x7c,0x0b,0x5b,0xae,0x63,0x4c,0x5b,
    0x14,0x85,0xb3,0x7c,0x8e,0x5b,0x2d,0x4b,0xcb,0x42,0x2a,0x53,0x4b,0x5b,0xd8,0x9d,0x7a,0xb6,0x5a,0xae,0x5a,0xae,0x5a,0xb6,
    0x7a,0xae,0x5a,0xae,0x5a,0xb6,0x7a,0xae,0x5a,0xae,0x5a,0xb6,0x7a,0xae,0x5a,0xae,0x7a,0xae,0x5a,0xb6,0x7a,0xae,0x5a,0xae,
    0x7a,0xb6,0x5a,0xb6,0x7a,0xae,0x5a,0xb6,0x7a,0xae,0x5b,0xb6,0x5a,0xae,0x7a,0xae,0x5a,0xb6,0x5b,0xae,0x7a,0xae,0x5a,0xb6,
    0x5a,0xae,0x7a,0xae,0x5a,0xb6,0x7a,0xae,0x5b,0xb6,0x7a,0xae,0x5a,0xb6,0x7b,0xae,0x5a,0xae,0x7b,0xb6,0x5a,0xae,0x7a,0xae,
    0x5b,0xae,0x5a,0xb6,0x7a,0xae,0x5a,0xb6,0x7a,0xae,0x5a,0xb6,0x5a,0xae,0x7a,0xb6,0x5a,0xae,0x5b,0xb6,0x7a,0xae,0x5a,0xae,
    0x7b,0xb6,0x5a,0xae,0x7a,0xb6,0x5a,0xae,0x5a,0xb6,0x7a,0xae,0x5b,0xb6,0x5a,0xae,0x7a,0xb6,0x5a,0xae,0x7a,0xae,0x5a,0xb6,
    0x7a,0xae,0x5a,0xb6,0x7a,0xae,0x5a,0xb6,0x7b,0xae,0x5a,0xae,0x7a,0xb6,0x5a,0xae,0x7a,0xb6,0x5b,0xb6,0x7a,0xae,0x5a,0xb6,
    0x39,0xae,0x18,0xae,0x59,0xb6,0x95,0xa5,0x32,0xa5,0xb0,0x9c,0x32,0xa5,0x13,0x9d,0x50,0x8c,0x0e,0x94,0x2e,0x9c,0x8f,0x9c,
    0x70,0x9c,0x0d,0x94,0x49,0x83,0xaa,0x8b,0x8b,0x83,0x29,0x7b,0x08,0x7b,0x4a,0x83,0x29,0x83,0x28,0x83,0x69,0x8b,0x28,0x8b,
    0xc6,0x7a,0x48,0x93,0x48,0x8b,0xc8,0x82,0x27,0x8b,0x88,0x9b,0x67,0x83,0x84,0x5a,0xe6,0x6a,0x89,0x8b,0x2a,0x94,0xe5,0x5a,
    0xa7,0x73,0x47,0x6b,0xe6,0x62,0xc5,0x6a,0xe6,0x72,0xe5,0x6a,0x63,0x52,0xa8,0x83,0xea,0x93,0xc6,0x72,0xe6,0x7a,0xe7,0x82,
    0x6e,0x5b,0x10,0x6c,0xd8,0x9d,0xd8,0x9d,0xec,0x4a,0x6a,0x3a,0x49,0x32,0x6e,0x53,0xcb,0x42,0x28,0x32,0xe8,0x31,0xc8,0x29,
    0x08,0x32,0x49,0x42,0x2c,0x53,0x2d,0x5b,0x6d,0x5b,0xcb,0x4a,0x0c,0x53,0x49,0x42,0x28,0x3a,0x29,0x32,0xe8,0x29,0x29,0x32,
    0x28,0x32,0xc8,0x29,0xe8,0x29,0x49,0x3a,0x89,0x4a,0xe9,0x5a,0xc9,0x52,0x89,0x42,0xf2,0x8c,0x5a,0xae,0x71,0x74,0x39,0xae,
    0xb2,0x7c,0xae,0x63,0x4d,0x5b,0x10,0x74,0x76,0x95,0x52,0x6c,0x0c,0x4b,0x4e,0x5b,0x4d,0x5b,0xca,0x4a,0x8e,0x63,0x9a,0xb6,
    0x5a,0xae,0x5a,0xae,0x7a,0xae,0x5a,0xae,0x7b,0xb6,0x5a,0xae,0x7a,0xae,0x5a,0xb6,0x7b,0xae,0x5a,0xae,0x5a,0xb6,0x7a,0xae,
    0x5a,0xb6,0x5b,0xae,0x7a,0xb6,0x5a,0xae,0x5b,0xae,0x7a,0xae,0x5a,0xb6,0x5a,0xae,0x5a,0xae,0x7a,0xb6,0x5a,0xae,0x7a,0xb6,
    0x5a,0xae,0x7a,0xb6,0x5a,0xae,0x7b,0xb6,0x5a,0xb6,0x7a,0xb6,0x5b,0xb6,0x5a,0xb6,0x7a,0xae,0x5a,0xb6,0x5a,0xae,0x7a,0xb6,
    0x5a,0xae,0x5a,0xae,0x7a,0xb6,0x5a,0xb6,0x7a,0xae,0x5a,0xb6,0x5a,0xb6,0x7a,0xae,0x5a,0xb6,0x7b,0xae,0x5a,0xae,0x7a,0xb6,
    0x5a,0xae,0x7a,0xb6,0x7a,0xae,0x5a,0xb6,0x7a,0xae,0x5a,0xb6,0x5a,0xae,0x7b,0xb6,0x5a,0xae,0x5a,0xb6,0x7a,0xae,0x5b,0xb6,
    0x7a,0xb6,0x5a,0xae,0x5b,0xb6,0x7a,0xb6,0x5a,0xb6,0x5b,0xb6,0x5a,0xae,0x7a,0xae,0x5a,0xb6,0x5a,0xae,0x7a,0xb6,0x5b,0xb6,
    0x5a,0xb6,0x5a,0xb6,0x5a,0xae,0x39,0xb6,0x39,0xb6,0x39,0xae,0x18,0xae,0xb5,0xad,0x53,0xad,0x52,0xad,0x11,0xa5,0xd2,0x94,
    0x2e,0x9c,0xf2,0xa4,0x6f,0x94,0xb0,0xa4,0xd1,0x9c,0xcc,0x93,0xaa,0x83,0x6a,0x8b,0x0c,0x9c,0xcb,0x93,0x69,0x8b,0x69,0x93,
    0xe7,0x7a,0xa7,0x72,0x07,0x83,0x47,0x93,0x28,0x8b,0xc9,0xa3,0xc8,0x9b,0x07,0x83,0x27,0x8b,0x67,0x93,0x87,0x8b,0xa4,0x62,
    0x84,0x62,0xc8,0x8b,0xc8,0x7b,0x84,0x52,0x05,0x5b,0xc5,0x52,0xa5,0x52,0xe6,0x6a,0x68,0x83,0xe5,0x62,0xa5,0x62,0xe5,0x62,
    0x07,0x73,0xe5,0x62,0xa5,0x6a,0x86,0x6a,0x51,0x6c,0xaf,0x63,0x10,0x6c,0xf0,0x63,0xab,0x42,0x8b,0x3a,0xab,0x42,0x2d,0x53,
    0x6a,0x3a,0x49,0x3a,0x08,0x32,0xe8,0x31,0x08,0x32,0x6a,0x42,0xec,0x4a,0xaf,0x63,0x4d,0x5b,0x8a,0x42,0x69,0x3a,0x28,0x3a,
    0x08,0x32,0x09,0x32,0xe8,0x29,0x09,0x32,0x08,0x32,0x29,0x32,0x28,0x32,0x69,0x42,0x4a,0x63,0xac,0x6b,0xa8,0x4a,0xca,0x4a,
    0xf3,0x84,0x30,0x6c,0x31,0x74,0x72,0x6c,0x0d,0x53,0xcb,0x4a,0xcb,0x4a,0x51,0x74,0x93,0x74,0x8e,0x5b,0x4d,0x53,0x2d,0x53,
    0xcb,0x4a,0x0c,0x4b,0x51,0x74,0x7a,0xae,0xd7,0x9d,0x34,0x8d,0x9a,0xb6,0x5a,0xae,0x5a,0xb6,0x5a,0xae,0x5a,0xb6,0x5a,0xae,
    0x7a,0xb6,0x5a,0xb6,0x7a,0xae,0x5a,0xb6,0x7a,0xae,0x5a,0xb6,0x7a,0xae,0x5a,0xb6,0x7a,0xb6,0x5a,0xae,0x7a,0xb6,0x5b,0xb6,
    0x7a,0xae,0x7a,0xb6,0x5a,0xae,0x5b,0xb6,0x7a,0xae,0x5a,0xb6,0x5a,0xb6,0x7a,0xb6,0x5b,0xae,0x5a,0xb6,0x7a,0xb6,0x5a,0xb6,
    0x5a,0xae,0x7b,0xb6,0x5a,0xae,0x7a,0xb6,0x5a,0xae,0x7a,0xb6,0x5a,0xb6,0x5b,0xae,0x7a,0xb6,0x5a,0xae,0x7b,0xb6,0x5a,0xb6,
    0x7a,0xae,0x5a,0xb6,0x5a,0xb6,0x7b,0xb6,0x5a,0xb6,0x5b,0xb6,0x5a,0xb6,0x7a,0xae,0x5b,0xb6,0x7a,0xb6,0x5a,0xae,0x7a,0xb6,
    0x5a,0xb6,0x7b,0xb6,0x5a,0xb6,0x7a,0xb6,0x5a,0xb6,0x7a,0xae,0x5a,0xb6,0x5a,0xae,0x7b,0xb6,0x5a,0xb6,0x7a,0xb6,0x5a,0xae,
    0x7a,0xb6,0x5b,0xae,0x5a,0xae,0x7a,0xb6,0x5a,0xae,0x5a,0xb6,0x5a,0xb6,0x39,0xae,0x39,0xae,0x18,0xb6,0x19,0xae,0x17,0xae,
    0x13,0x9d,0x90,0x94,0x90,0x94,0x70,0x94,0x6f,0x9c,0x13,0xa5,0xd1,0x9c,0x8f,0x9c,0xd1,0xa4,0x4d,0x9c,0xed,0x93,0xec,0x93,
    0x2c,0x9c,0x0c,0x9c,0x68,0x93,0xaa,0x9b,0xa9,0x9b,0xc7,0x82,0x48,0x8b,0x28,0x83,0x07,0x83,0x28,0x8b,0xa9,0x93,0x68,0x8b,
    0x88,0x9b,0xe5,0x82,0x05,0x7b,0x45,0x7b,0x24,0x6b,0xa8,0x83,0xa8,0x7b,0xc4,0x62,0x25,0x63,0xe5,0x5a,0x45,0x4a,0x65,0x4a,
    0x45,0x52,0xc4,0x39,0x24,0x42,0xa6,0x62,0xc6,0x5a,0x85,0x5a,0x24,0x52,0xa6,0x7a,0x73,0x7c,0x93,0x7c,0x29,0x32,0x29,0x32,
    0x08,0x2a,0xe8,0x29,0x09,0x32,0x6a,0x32,0x29,0x32,0x29,0x32,0x08,0x32,0x09,0x32,0xe8,0x29,0x09,0x32,0x49,0x32,0x8f,0x5b,
    0xab,0x42,0x29,0x3a,0x28,0x3a,0x08,0x32,0x49,0x3a,0x28,0x3a,0xe8,0x29,0xe8,0x29,0xe8,0x29,0xc8,0x21,0x08,0x32,0xa9,0x4a,
    0x0a,0x5b,0xaa,0x4a,0x48,0x3a,0x89,0x42,0xea,0x52,0xeb,0x4a,0xaf,0x63,0x51,0x74,0x2d,0x53,0x0c,0x53,0x4e,0x5b,0x14,0x85,
    0xf0,0x63,0xf0,0x63,0x31,0x74,0xec,0x4a,0x6a,0x3a,0x0d,0x53,0x92,0x7c,0x70,0x7c,0xce,0x63,0x14,0x85,0x9b,0xb6,0x5a,0xb6,
    0x5a,0xb6,0x5a,0xb6,0x5a,0xae,0x5a,0xb6,0x5a,0xb6,0x5a,0xb6,0x5a,0xb6,0x5a,0xae,0x5a,0xb6,0x7a,0xb6,0x5b,0xae,0x5a,0xb6,
    0x5a,0xae,0x5a,0xb6,0x5a,0xb6,0x7a,0xb6,0x5a,0xb6,0x5b,0xb6,0x7a,0xb6,0x5a,0xb6,0x5a,0xb6,0x7b,0xb6,0x5a,0xae,0x5a,0xb6,
    0x5a,0xb6,0x7a,0xb6,0x5b,0xb6,0x7a,0xae,0x7a,0xb6,0x5a,0xae,0x5a,0xb6,0x5a,0xb6,0x5a,0xb6,0x5a,0xae,0x5a,0xb6,0x5a,0xae,
    0x7a,0xb6,0x5a,0xb6,0x5a,0xb6,0x5b,0xb6,0x7a,0xae,0x5b,0xb6,0x7a,0xb6,0x5a,0xae,0x5a,0xb6,0x5a,0xae,0x5a,0xb6,0x5a,0xb6,
    0x5a,0xb6,0x7a,0xb6,0x5b,0xb6,0x5a,0xae,0x7a,0xb6,0x5a,0xb6,0x5a,0xb6,0x5a,0xae,0x5a,0xb6,0x5a,0xb6,0x5a,0xae,0x5a,0xb6,
    0x5a,0xb6,0x5a,0xb6,0x7b,0xb6,0x5a,0xb6,0x5a,0xb6,0x7a,0xae,0x7a,0xae,0x5a,0xb6,0x5a,0xb6,0x39,0xae,0x39,0xae,0x19,0xae,
    0x38,0xb6,0xd6,0xad,0xf7,0xad,0x94,0xad,0xf0,0xac,0x6e,0x9c,0xec,0x93,0x6f,0x9c,0x6f,0x9c,0x91,0x94,0x90,0x94,0x8f,0x9c,
    0x4e,0x9c,0x6f,0x9c,0xeb,0x8b,0xeb,0x93,0x2f,0x9c,0x0c,0x9c,0x69,0x8b,0xaa,0x9b,0x89,0x93,0x28,0x93,0x29,0x8b,0x89,0x9b,
    0x28,0x93,0xc7,0x7a,0x06,0x83,0xa7,0x9b,0x86,0x9b,0x86,0x93,0x46,0x73,0x85,0x7b,0xa6,0x83,0xc4,0x52,0x43,0x52,0xc5,0x5a,
    0x06,0x6b,0x06,0x6b,0x24,0x4a,0x64,0x52,0x24,0x4a,0x44,0x4a,0x85,0x52,0xe7,0x62,0x65,0x52,0xe3,0x41,0xa5,0x62,0x47,0x83,
    0x29,0x32,0x0c,0x4b,0x8e,0x5b,0xb0,0x63,0x29,0x32,0xc7,0x21,0xe8,0x29,0xc8,0x29,0xc8,0x21,0x29,0x32,0x08,0x2a,0x2a,0x3a,
    0xe8,0x29,0xe8,0x31,0x29,0x3a,0x2d,0x53,0xab,0x42,0x29,0x3a,0x28,0x32,0x29,0x3a,0x08,0x32,0xe8,0x29,0xe9,0x29,0x08,0x32,
    0xc8,0x29,0xc8,0x21,0xc8,0x29,0xe8,0x31,0xe8,0x29,0xc8,0x29,0xe8,0x29,0x08,0x32,0x2c,0x5b,0xaa,0x42,0x69,0x42,0x96,0x95,
    0x92,0x7c,0xf0,0x6b,0x8e,0x5b,0x0c,0x4b,0xab,0x3a,0x4e,0x5b,0xd0,0x63,0xab,0x42,0xcf,0x63,0x55,0x95,0x92,0x84,0x8d,0x5b,
    0xae,0x63,0x96,0x9d,0x7a,0xb6,0x3a,0xae,0x59,0xae,0x5a,0xb6,0x5a,0xb6,0x5a,0xae,0x5a,0xb6,0x5a,0xae,0x5a,0xb6,0x5a,0xb6,
    0x5a,0xae,0x5a,0xb6,0x5a,0xb6,0x59,0xae,0x5a,0xb6,0x5a,0xb6,0x5a,0xae,0x5a,0xb6,0x5a,0xae,0x5a,0xb6,0x5a,0xb6,0x7a,0xb6,
    0x5a,0xae,0x5a,0xb6,0x5a,0xb6,0x5a,0xae,0x5a,0xb6,0x5a,0xae,0x5a,0xb6,0x5a,0xb6,0x5a,0xb6,0x5a,0xb6,0x5a,0xae,0x5a,0xb6,
    0x5a,0xae,0x5a,0xb6,0x59,0xb6,0x5a,0xb6,0x5b,0xb6,0x5a,0xb6,0x7a,0xb6,0x5a,0xb6,0x7a,0xb6,0x5a,0xb6,0x5a,0xb6,0x5a,0xae,
    0x59,0xb6,0x5a,0xb6,0x59,0xae,0x5a,0xb6,0x5a,0xae,0x5a,0xb6,0x5a,0xae,0x5a,0xb6,0x5a,0xae,0x5a,0xae,0x5a,0xb6,0x5a,0xb6,
    0x5a,0xae,0x5a,0xb6,0x5a,0xb6,0x59,0xae,0x5a,0xb6,0x7a,0xb6,0x5a,0xae,0x5a,0xb6,0x5a,0xae,0x5a,0xb6,0x59,0xb6,0x5a,0xae,
    0x39,0xae,0x3a,0xae,0x39,0xb6,0x38,0xb6,0x53,0xa5,0x33,0xa5,0x75,0xa5,0x11,0xad,0x6c,0x9c,0x90,0x9c,0x4e,0x94,0x4e,0x9c,
    0xb0,0xa4,0xd1,0xa4,0x90,0x9c,0xd0,0xa4,0xb0,0xa4,0x2d,0x9c,0x69,0x8b,0xcb,0x8b,0xcc,0x83,0x89,0x93,0x89,0x93,0x6a,0x93,
    0xca,0x9b,0xa9,0x9b,0x48,0x93,0x08,0x83,0xa9,0x9b,0x47,0x93,0x88,0x9b,0xc7,0x9b,0xa6,0xa3,0xc7,0x93,0x45,0x6b,0x05,0x63,
    0x87,0x7b,0x46,0x6b,0x26,0x6b,0x46,0x73,0xe5,0x6a,0xc5,0x6a,0x44,0x4a,0x85,0x5a,0x03,0x4a,0x24,0x4a,0x24,0x4a,0x44,0x4a,
    0x65,0x5a,0xc6,0x62,0x26,0x63,0x44,0x52,0x8a,0x3a,0xab,0x42,0xec,0x4a,0x8a,0x3a,0xe8,0x29,0xc8,0x29,0xc8,0x29,0xc7,0x21,
    0xe8,0x29,0x4a,0x3a,0xe8,0x29,0x08,0x2a,0x4a,0x3a,0x09,0x32,0x49,0x3a,0xec,0x4a,0xe8,0x29,0xe8,0x29,0xe8,0x29,0x08,0x32,
    0xe8,0x29,0xe8,0x29,0xe8,0x29,0x09,0x2a,0xe8,0x29,0xc7,0x29,0xe8,0x29,0xc8,0x29,0x08,0x32,0x29,0x3a,0x08,0x32,0x49,0x42,
    0x69,0x42,0x28,0x32,0x4a,0x3a,0xb7,0x9d,0xf4,0x84,0x29,0x32,0xec,0x4a,0xaf,0x63,0x0c,0x4b,0xab,0x42,0x49,0x32,0x6c,0x5b,
    0xf3,0x8c,0xf8,0xa5,0xce,0x6b,0xae,0x63,0x93,0x7c,0x76,0x95,0x5a,0xb6,0x5a,0xb6,0x3a,0xae,0x59,0xb6,0x5a,0xae,0x5a,0xb6,
    0x59,0xb6,0x5a,0xae,0x5a,0xb6,0x5a,0xae,0x59,0xb6,0x5a,0xae,0x5a,0xb6,0x5a,0xb6,0x5a,0xae,0x59,0xb6,0x5a,0xae,0x5a,0xb6,
    0x59,0xb6,0x5a,0xae,0x5a,0xb6,0x5a,0xae,0x5a,0xb6,0x5a,0xae,0x59,0xb6,0x5a,0xb6,0x59,0xae,0x5a,0xb6,0x5a,0xb6,0x5a,0xae,
    0x5a,0xb6,0x5a,0xae,0x59,0xb6,0x5a,0xae,0x59,0xb6,0x5a,0xae,0x5a,0xb6,0x5a,0xae,0x5a,0xb6,0x5a,0xae,0x5a,0xb6,0x5a,0xae,
    0x5a,0xb6,0x5a,0xae,0x5a,0xb6,0x5a,0xb6,0x5a,0xae,0x5a,0xb6,0x5a,0xae,0x5a,0xb6,0x59,0xb6,0x5a,0xae,0x59,0xb6,0x5a,0xb6,
    0x5a,0xb6,0x59,0xb6,0x5a,0xae,0x5a,0xb6,0x59,0xb6,0x5a,0xae,0x5a,0xb6,0x5a,0xb6,0x5a,0xae,0x5a,0xb6,0x5a,0xb6,0x5a,0xae,
    0x5a,0xb6,0x5a,0xb6,0x3a,0xae,0x5a,0xb6,0x5a,0xb6,0x39,0xb6,0x5a,0xb6,0x38,0xb6,0xb6,0xa5,0xd7,0xad,0xd7,0xad,0x51,0xad,
    0xcf,0xa4,0x12,0x9d,0xd0,0x9c,0x6e,0x9c,0x4e,0x9c,0xaf,0xb4,0x4c,0xa4,0x4e,0x9c,0x0d,0x94,0x69,0x8b,0x68,0x8b,0x69,0x83,
    0x8a,0x8b,0xa9,0x93,0xca,0x9b,0x27,0x83,0xe7,0x82,0x48,0x8b,0xe7,0x82,0x08,0x83,0x88,0x9b,0xe8,0xa3,0xa7,0xa3,0xa7,0xa3,
    0xa6,0x8b,0x07,0x9c,0x66,0x73,0xe5,0x5a,0xc4,0x5a,0x26,0x73,0x88,0x83,0x05,0x6b,0xe6,0x72,0x06,0x73,0x27,0x7b,0xa5,0x62,
    0x24,0x5a,0x03,0x4a,0x45,0x4a,0x45,0x52,0x85,0x52,0xc5,0x62,0x06,0x6b,0xa6,0x62,0xab,0x42,0x4a,0x32,0x8a,0x42,0x89,0x4a,
    0xe8,0x31,0xc8,0x29,0xc7,0x21,0xa7,0x21,0x4a,0x32,0xcb,0x42,0x6a,0x3a,0x8b,0x42,0x29,0x32,0xe8,0x31,0xc8,0x29,0xa8,0x21,
    0xa8,0x21,0xe8,0x29,0x08,0x2a,0x09,0x32,0x09,0x32,0x09,0x32,0xc8,0x29,0xc7,0x29,0xc8,0x29,0xe8,0x29,0xe8,0x29,0x08,0x2a,
    0xe9,0x31,0x69,0x42,0xca,0x4a,0x28,0x3a,0x89,0x4a,0xaa,0x4a,0x0b,0x53,0x39,0xae,0xaf,0x5b,0xa7,0x21,0x0d,0x53,0x71,0x74,
    0x4a,0x3a,0x09,0x32,0x08,0x32,0x4b,0x5b,0x6d,0x63,0x30,0x6c,0xcc,0x42,0xec,0x4a,0x8a,0x3a,0x35,0x8d,0x7a,0xb6,0x5a,0xb6,
    0x7a,0xb6,0x7a,0xb6,0x5a,0xb6,0x5a,0xae,0x5a,0xb6,0x39,0xae,0x5a,0xb6,0x5a,0xb6,0x5a,0xb6,0x39,0xae,0x5a,0xb6,0x59,0xae,
    0x5a,0xb6,0x5a,0xb6,0x5a,0xb6,0x5a,0xae,0x5a,0xb6,0x5a,0xae,0x59,0xb6,0x5a,0xb6,0x5a,0xb6,0x59,0xb6,0x5a,0xae,0x5a,0xb6,
    0x5a,0xb6,0x5a,0xae,0x59,0xb6,0x5a,0xae,0x59,0xb6,0x5a,0xb6,0x5a,0xae,0x5a,0xb6,0x3a,0xb6,0x5a,0xb6,0x5a,0xae,0x59,0xb6,
    0x5a,0xb6,0x59,0xae,0x5a,0xb6,0x5a,0xb6,0x5a,0xae,0x59,0xb6,0x5a,0xae,0x59,0xb6,0x5a,0xb6,0x5a,0xae,0x59,0xb6,0x5a,0xae,
    0x5a,0xb6,0x5a,0xb6,0x5a,0xae,0x5a,0xb6,0x59,0xae,0x5a,0xb6,0x5a,0xb6,0x5a,0xae,0x5a,0xb6,0x5a,0xae,0x59,0xb6,0x5a,0xae,
    0x5a,0xb6,0x5a,0xae,0x39,0xb6,0x5a,0xb6,0x59,0xae,0x5a,0xb6,0x59,0xb6,0x5a,0xae,0x5a,0xb6,0x5a,0xae,0x5a,0xb6,0x39,0xae,
    0x38,0xb6,0x38,0xb6,0xd7,0xad,0x74,0xa5,0x53,0xad,0xd0,0x9c,0x8e,0xa4,0x2d,0x9c,0x0b,0x9c,0xca,0x9b,0xc9,0xa3,0xaa,0x93,
    0xca,0xa3,0x88,0x93,0xe9,0x9b,0xcb,0x93,0xcb,0x93,0xab,0x93,0xca,0x93,0x88,0x93,0xc6,0x82,0x48,0x93,0x49,0x93,0xc7,0x7a,
    0x28,0x8b,0x68,0x93,0x46,0x8b,0x46,0x8b,0x86,0x83,0xe5,0x6a,0xc4,0x5a,0xc4,0x52,0x03,0x42,0x47,0x73,0x68,0x7b,0x26,0x73,
    0xe6,0x6a,0xa6,0x6a,0x27,0x7b,0x26,0x83,0xc5,0x72,0x65,0x62,0x47,0x73,0xa5,0x5a,0xc5,0x5a,0xa5,0x5a,0xe6,0x6a,0xc5,0x62,
    0x29,0x32,0xec,0x4a,0x4f,0x74,0xa9,0x4a,0x08,0x2a,0xc8,0x21,0xc7,0x21,0xc8,0x29,0xc7,0x21,0x29,0x32,0xab,0x42,0x4a,0x32,
    0xa7,0x21,0xc7,0x21,0xc8,0x21,0xa7,0x21,0xa8,0x21,0xa8,0x21,0xc8,0x29,0x29,0x32,0x08,0x32,0xc8,0x29,0xc7,0x29,0xc8,0x29,
    0xc8,0x21,0xc8,0x29,0xc8,0x21,0xc8,0x29,0x29,0x32,0x29,0x32,0x29,0x3a,0x48,0x3a,0x69,0x42,0x89,0x42,0x0c,0x4b,0x0c,0x53,
    0x0c,0x4b,0xcc,0x4a,0x8e,0x5b,0xab,0x42,0x6a,0x32,0x49,0x3a,0xca,0x4a,0xeb,0x52,0xc9,0x52,0x49,0x3a,0x08,0x2a,0x8b,0x42,
    0xec,0x4a,0xb7,0x9d,0xf8,0xa5,0x56,0x8d,0x56,0x8d,0xf8,0xa5,0x5a,0xb6,0x5a,0xb6,0x5a,0xb6,0x5a,0xb6,0x5a,0xae,0x59,0xb6,
    0x5a,0xae,0x5a,0xb6,0x5a,0xb6,0x5a,0xb6,0x5a,0xae,0x59,0xb6,0x3a,0xae,0x59,0xb6,0x5a,0xb6,0x5a,0xb6,0x3a,0xae,0x5a,0xb6,
    0x5a,0xae,0x5a,0xb6,0x3a,0xae,0x5a,0xb6,0x59,0xae,0x5a,0xb6,0x5a,0xb6,0x3a,0xb6,0x5a,0xae,0x5a,0xb6,0x59,0xb6,0x5a,0xae,
    0x59,0xb6,0x5a,0xae,0x3a,0xb6,0x5a,0xb6,0x5a,0xae,0x5a,0xb6,0x5a,0xae,0x59,0xb6,0x5a,0xb6,0x5a,0xb6,0x5a,0xb6,0x5a,0xae,
    0x5a,0xb6,0x39,0xb6,0x5a,0xb6,0x5a,0xb6,0x5a,0xae,0x39,0xb6,0x5a,0xb6,0x5a,0xae,0x5a,0xb6,0x3a,0xae,0x59,0xb6,0x5a,0xae,
    0x59,0xb6,0x3a,0xb6,0x5a,0xae,0x5a,0xb6,0x39,0xb6,0x5a,0xb6,0x5a,0xb6,0x5a,0xae,0x5a,0xb6,0x5a,0xae,0x5a,0xb6,0x5a,0xb6,
    0x59,0xae,0x5a,0xb6,0x59,0xb6,0x5a,0xb6,0x59,0xb6,0xf7,0xad,0x74,0xad,0x53,0xa5,0xd0,0xa4,0xb1,0xa4,0x8f,0xa4,0x8c,0xac,
    0xe9,0xa3,0x88,0x93,0xe9,0xa3,0xc9,0xa3,0x88,0x93,0xc9,0xa3,0x68,0x93,0xa9,0x93,0x0a,0x9c,0xa9,0x9b,0xca,0x9b,0xaa,0x9b,
    0x69,0x9b,0x06,0x83,0x28,0x8b,0x08,0x8b,0x07,0x83,0xe6,0x82,0x06,0x8b,0xa7,0x9b,0xa7,0x8b,0x66,0x7b,0x05,0x6b,0x84,0x52,
    0x44,0x4a,0x85,0x5a,0x44,0x52,0x65,0x5a,0x64,0x5a,0x44,0x52,0x85,0x5a,0xc5,0x72,0xe6,0x72,0x64,0x5a,0xa8,0x83,0xa4,0x52,
    0xa4,0x52,0x43,0x4a,0xe6,0x62,0xa5,0x5a,0x6e,0x5b,0x29,0x3a,0xa9,0x42,0xe7,0x29,0xc7,0x21,0xa7,0x21,0xa7,0x21,0xc7,0x21,
    0xa7,0x21,0x87,0x21,0x87,0x21,0xa7,0x21,0xa7,0x29,0xc8,0x21,0xa7,0x29,0xe8,0x29,0xa7,0x29,0xa7,0x29,0xe8,0x21,0xe8,0x29,
    0xe8,0x29,0xc8,0x21,0xc8,0x29,0xc8,0x29,0xc7,0x29,0xe8,0x21,0xe8,0x29,0xa7,0x21,0xc8,0x29,0xc8,0x21,0x08,0x32,0x29,0x3a,
    0xe8,0x29,0xc8,0x29,0x28,0x32,0x29,0x3a,0xcc,0x4a,0x49,0x32,0x4a,0x32,0x49,0x32,0x29,0x32,0x69,0x42,0xca,0x4a,0x69,0x42,
    0xaa,0x52,0x28,0x32,0x29,0x32,0x4d,0x53,0x8f,0x5b,0x97,0x9d,0x15,0x8d,0x2d,0x4b,0xcb,0x42,0x76,0x9d,0x9b,0xbe,0x39,0xae,
    0x5a,0xae,0x59,0xb6,0x5a,0xb6,0x5a,0xae,0x5a,0xb6,0x5a,0xb6,0x59,0xae,0x5a,0xb6,0x5a,0xb6,0x5a,0xae,0x5a,0xb6,0x5a,0xae,
    0x3a,0xae,0x59,0xb6,0x5a,0xae,0x59,0xb6,0x5a,0xae,0x59,0xb6,0x5a,0xb6,0x59,0xb6,0x5a,0xb6,0x5a,0xae,0x59,0xb6,0x5a,0xb6,
    0x5a,0xae,0x5a,0xb6,0x3a,0xae,0x5a,0xb6,0x5a,0xb6,0x5a,0xb6,0x59,0xb6,0x3a,0xb6,0x5a,0xb6,0x59,0xae,0x5a,0xb6,0x5a,0xae,
    0x5a,0xb6,0x59,0xae,0x5a,0xb6,0x3a,0xae,0x5a,0xb6,0x5a,0xae,0x5a,0xb6,0x59,0xae,0x5a,0xb6,0x5a,0xae,0x5a,0xb6,0x5a,0xb6,
    0x59,0xb6,0x7a,0xb6,0x5a,0xb6,0x3a,0xb6,0x5a,0xae,0x5a,0xb6,0x59,0xb6,0x3a,0xb6,0x5a,0xae,0x5a,0xb6,0x39,0xb6,0x5a,0xb6,
    0x5a,0xb6,0x39,0xb6,0x5a,0xae,0x5a,0xb6,0x5a,0xb6,0x5a,0xae,0x5a,0xb6,0x39,0xb6,0x59,0xae,0x96,0xad,0x94,0xad,0xf7,0xb5,
    0xef,0xac,0x10,0xad,0x6e,0x94,0x8d,0xa4,0x6a,0xac,0xea,0xa3,0x6b,0xb4,0x88,0x93,0x89,0x9b,0x88,0x93,0xe9,0x9b,0xa8,0x9b,
    0x69,0x8b,0x88,0x93,0x69,0x93,0x89,0x9b,0x88,0x9b,0x48,0x93,0x28,0x93,0xc7,0x82,0xa9,0x9b,0xa8,0xa3,0xc8,0xa3,0x87,0x9b,
    0xa7,0x9b,0x47,0x83,0x87,0x8b,0x26,0x73,0xc5,0x62,0x68,0x7b,0x85,0x62,0x44,0x5a,0xc6,0x62,0xc5,0x5a,0x04,0x4a,0xe3,0x49,
    0x25,0x6b,0xe5,0x62,0xe5,0x6a,0xe6,0x62,0x85,0x5a,0xa5,0x5a,0xc5,0x62,0xc5,0x6a,0x69,0x3a,0xc8,0x29,0xe8,0x29,0xa8,0x21,
    0xa7,0x21,0xa7,0x29,0xa8,0x21,0xc8,0x29,0xe8,0x29,0xc8,0x29,0xa7,0x21,0xa7,0x29,0xa7,0x21,0xe8,0x29,0xe8,0x31,0xc8,0x29,
    0xa7,0x21,0xc8,0x29,0x08,0x32,0xc8,0x29,0xa7,0x21,0xc7,0x21,0xe8,0x29,0xe8,0x21,0xa7,0x29,0xe8,0x29,0xe8,0x29,0xa8,0x21,
    0x87,0x21,0xa8,0x21,0xc8,0x21,0xe8,0x29,0xc7,0x21,0xc8,0x21,0x08,0x32,0x29,0x32,0xc8,0x29,0xe8,0x29,0x49,0x3a,0x09,0x2a,
    0x09,0x32,0x29,0x3a,0x48,0x3a,0x48,0x3a,0x89,0x4a,0x08,0x2a,0xe8,0x29,0xab,0x3a,0xf0,0x6b,0xb3,0x7c,0x8e,0x5b,0xcb,0x42,
    0x6a,0x3a,0xd3,0x84,0xf8,0x9d,0x59,0xb6,0x5a,0xb6,0x5a,0xae,0x59,0xb6,0x5a,0xb6,0x59,0xb6,0x79,0xb6,0x5a,0xb6,0x59,0xae,
    0x5a,0xb6,0x59,0xb6,0x5a,0xb6,0x59,0xb6,0x5a,0xb6,0x59,0xae,0x5a,0xb6,0x5a,0xb6,0x5a,0xb6,0x5a,0xae,0x59,0xb6,0x5a,0xae,
    0x59,0xb6,0x5a,0xb6,0x5a,0xae,0x79,0xb6,0x59,0xb6,0x5a,0xb6,0x59,0xb6,0x5a,0xae,0x5a,0xb6,0x59,0xae,0x5a,0xb6,0x59,0xae,
    0x5a,0xb6,0x5a,0xb6,0x59,0xb6,0x5a,0xb6,0x59,0xae,0x3a,0xb6,0x5a,0xb6,0x59,0xb6,0x5a,0xae,0x59,0xb6,0x5a,0xae,0x3a,0xb6,
    0x5a,0xb6,0x59,0xb6,0x5a,0xae,0x79,0xb6,0x79,0xb6,0x59,0xb6,0x5a,0xae,0x59,0xb6,0x5a,0xb6,0x5a,0xb6,0x5a,0xae,0x5a,0xb6,
    0x5a,0xb6,0x59,0xae,0x5a,0xb6,0x79,0xb6,0x5a,0xb6,0x5a,0xb6,0x5a,0xb6,0x59,0xae,0x5a,0xb6,0x79,0xb6,0x59,0xb6,0x59,0xae,
    0xf8,0xad,0x17,0xae,0x95,0xad,0xb6,0xad,0xf0,0xa4,0xce,0xac,0xaf,0x9c,0x8d,0x9c,0x2b,0x9c,0x4b,0xac,0x08,0xa4,0x48,0x93,
    0xa9,0x93,0x68,0x93,0x27,0x8b,0x89,0x9b,0x68,0x8b,0x89,0x9b,0x48,0x8b,0x47,0x8b,0x07,0x8b,0x47,0x93,0x47,0x93,0x28,0x93,
    0x27,0x8b,0x47,0x93,0xa8,0x9b,0x47,0x8b,0x67,0x93,0xe6,0x7a,0x06,0x83,0xa8,0x8b,0x06,0x7b,0x4b,0xa4,0xe7,0x72,0xa5,0x6a,
    0x46,0x73,0x26,0x73,0x26,0x73,0x85,0x62,0x85,0x5a,0xe5,0x62,0x84,0x52,0x44,0x52,0x85,0x5a,0x65,0x5a,0x65,0x5a,0xa5,0x5a,
    0x29,0x32,0xc8,0x29,0xc7,0x21,0xa7,0x29,0xc8,0x29,0x08,0x32,0xe8,0x31,0x08,0x2a,0xe8,0x29,0xe8,0x29,0xc8,0x29,0xc8,0x29,
    0xc8,0x29,0xc8,0x29,0x09,0x32,0xa7,0x21,0x87,0x29,0xa8,0x21,0xa7,0x29,0xc8,0x29,0xa8,0x29,0xc8,0x21,0xc7,0x21,0xa7,0x21,
    0xa8,0x21,0xc7,0x21,0xc8,0x29,0xa8,0x21,0x88,0x21,0xa7,0x21,0xc8,0x29,0xc7,0x21,0xc8,0x29,0xc8,0x29,0xc8,0x21,0xc7,0x29,
    0xe8,0x29,0xc8,0x29,0xe8,0x29,0xe8,0x29,0x08,0x32,0x08,0x32,0x09,0x32,0x08,0x32,0x29,0x32,0xc8,0x29,0x8b,0x42,0x6e,0x5b,
    0x6e,0x53,0x10,0x6c,0x0c,0x43,0xab,0x42,0x4e,0x5b,0x31,0x74,0x51,0x74,0x39,0xae,0x5a,0xb6,0x59,0xb6,0x79,0xb6,0x79,0xb6,
    0x5a,0xae,0x79,0xb6,0x5a,0xb6,0x79,0xb6,0x5a,0xae,0x59,0xb6,0x7a,0xae,0x59,0xb6,0x79,0xb6,0x7a,0xb6,0x59,0xb6,0x5a,0xb6,
    0x59,0xb6,0x5a,0xb6,0x5a,0xae,0x5a,0xb6,0x79,0xb6,0x79,0xb6,0x79,0xb6,0x5a,0xb6,0x79,0xb6,0x7a,0xb6,0x79,0xb6,0x5a,0xb6,
    0x79,0xb6,0x5a,0xb6,0x79,0xb6,0x7a,0xb6,0x79,0xb6,0x79,0xb6,0x5a,0xb6,0x79,0xb6,0x5a,0xb6,0x5a,0xb6,0x5a,0xae,0x59,0xb6,
    0x7a,0xb6,0x59,0xb6,0x5a,0xb6,0x39,0xb6,0x5a,0xb6,0x79,0xb6,0x79,0xb6,0x5a,0xb6,0x7a,0xb6,0x79,0xb6,0x5a,0xb6,0x5a,0xb6,
    0x59,0xae,0x79,0xb6,0x5a,0xb6,0x59,0xb6,0x5a,0xb6,0x59,0xb6,0x7a,0xb6,0x59,0xb6,0x79,0xae,0x79,0xb6,0x5a,0xb6,0x79,0xb6,
    0x5a,0xb6,0x79,0xb6,0x39,0xb6,0x39,0xb6,0x17,0xb6,0xf8,0xad,0x95,0xa5,0x0f,0xad,0x30,0xad,0x11,0xad,0xef,0xac,0x8e,0xa4,
    0xe9,0x9b,0x2b,0xa4,0xa9,0x93,0x09,0xa4,0xc8,0xa3,0xa8,0x9b,0x06,0x83,0x89,0x9b,0x88,0x93,0x68,0x93,0x47,0x93,0x28,0x8b,
    0xe7,0x82,0x26,0x8b,0x68,0x93,0x68,0x93,0x07,0x8b,0xa6,0x82,0xe6,0x82,0x47,0x93,0x26,0x83,0x05,0x6b,0x47,0x83,0x68,0x83,
    0xe8,0x93,0x2a,0x9c,0x85,0x5a,0x27,0x73,0x67,0x83,0xe5,0x6a,0x46,0x7b,0x05,0x6b,0x85,0x62,0x84,0x5a,0xc5,0x6a,0x65,0x5a,
    0x67,0x83,0xe5,0x72,0xc6,0x6a,0xa5,0x62,0xc8,0x29,0xa7,0x21,0xc8,0x29,0xa7,0x21,0x08,0x32,0x08,0x3a,0x28,0x3a,0x29,0x3a,
    0xc8,0x29,0xa7,0x21,0x87,0x21,0xa7,0x21,0xa7,0x29,0xc8,0x29,0xc8,0x29,0xc7,0x29,0xc8,0x29,0xa7,0x29,0xa8,0x29,0x87,0x21,
    0xa7,0x21,0xa7,0x29,0xa7,0x29,0xa7,0x29,0xa7,0x21,0xc8,0x21,0xc7,0x21,0xa8,0x21,0xa8,0x21,0xa8,0x21,0xc7,0x21,0xa7,0x21,
    0xc8,0x21,0xa8,0x29,0xc8,0x21,0xa7,0x21,0x09,0x32,0xc7,0x29,0xe8,0x29,0x09,0x2a,0xe8,0x31,0x09,0x32,0x09,0x32,0xe8,0x29,
    0x09,0x2a,0x6e,0x5b,0x93,0x7c,0x4e,0x53,0x4d,0x53,0x72,0x74,0x0d,0x4b,0x6a,0x3a,0x2d,0x53,0x6e,0x53,0x6a,0x3a,0x10,0x64,
    0x59,0xb6,0x7a,0xb6,0x7a,0xae,0x59,0xb6,0x79,0xb6,0x59,0xb6,0x79,0xae,0x59,0xb6,0x59,0xb6,0x5a,0xb6,0x59,0xb6,0x79,0xb6,
    0x7a,0xb6,0x59,0xb6,0x79,0xb6,0x79,0xae,0x79,0xb6,0x79,0xb6,0x5a,0xb6,0x79,0xb6,0x5a,0xb6,0x79,0xb6,0x5a,0xb6,0x79,0xb6,
    0x59,0xae,0x7a,0xb6,0x59,0xb6,0x7a,0xb6,0x79,0xb6,0x79,0xb6,0x5a,0xb6,0x79,0xb6,0x5a,0xb6,0x79,0xb6,0x79,0xb6,0x5a,0xb6,
    0x79,0xb6,0x5a,0xb6,0x79,0xb6,0x5a,0xb6,0x79,0xb6,0x79,0xb6,0x5a,0xae,0x5a,0xb6,0x79,0xb6,0x5a,0xb6,0x79,0xb6,0x79,0xb6,
    0x5a,0xae,0x79,0xb6,0x59,0xb6,0x79,0xb6,0x5a,0xb6,0x79,0xb6,0x79,0xb6,0x5a,0xb6,0x79,0xb6,0x79,0xb6,0x7a,0xb6,0x79,0xb6,
    0x7a,0xb6,0x59,0xb6,0x7a,0xb6,0x79,0xb6,0x79,0xb6,0x5a,0xb6,0x39,0xae,0x38,0xb6,0xf7,0xad,0xf6,0xb5,0x73,0xa5,0x6d,0xa4,
    0x10,0xad,0x31,0xad,0xce,0xa4,0xea,0x93,0xca,0x93,0xeb,0x9b,0xeb,0x93,0x0a,0xa4,0x4b,0xac,0xc9,0x9b,0x88,0x9b,0x88,0x93,
    0xca,0xa3,0x88,0x9b,0x47,0x93,0x07,0x8b,0xc6,0x82,0xe6,0x82,0xa8,0x9b,0x48,0x93,0x07,0x83,0x27,0x8b,0x06,0x8b,0x46,0x93,
    0xa8,0x9b,0x05,0x6b,0xc5,0x62,0x26,0x73,0x88,0x83,0x6b,0xa4,0xc8,0x7b,0x26,0x73,0x05,0x6b,0xc8,0x83,0xc8,0x8b,0xc5,0x62,
    0xc6,0x6a,0xe6,0x6a,0x06,0x73,0x85,0x6a,0xe5,0x6a,0x06,0x7b,0x47,0x7b,0x27,0x7b,0xa7,0x29,0x87,0x21,0xe8,0x29,0xe8,0x29,
    0xc8,0x29,0xe8,0x31,0xc7,0x29,0xa7,0x29,0xa7,0x21,0x87,0x21,0x87,0x29,0x87,0x21,0x87,0x21,0xa7,0x29,0xa7,0x29,0xc8,0x29,
    0xe9,0x31,0xc8,0x29,0xa7,0x29,0x88,0x29,0xa8,0x29,0xa7,0x21,0x87,0x21,0xa8,0x21,0xc7,0x29,0xc8,0x29,0xa8,0x21,0xa7,0x21,
    0x88,0x21,0xa7,0x21,0xa8,0x21,0xc8,0x29,0xc8,0x21,0xa8,0x29,0xc7,0x21,0xc8,0x29,0xa7,0x29,0x4a,0x32,0x09,0x32,0x09,0x2a,
    0x08,0x32,0x09,0x2a,0x08,0x32,0xe8,0x29,0xec,0x4a,0x72,0x7c,0x8b,0x3a,0x6a,0x3a,0x11,0x6c,0x8b,0x42,0x29,0x32,0x29,0x32,
    0x2d,0x4b,0xcb,0x4a,0x8b,0x3a,0x10,0x6c,0x76,0x95,0xd7,0x9d,0x39,0xb6,0x79,0xb6,0x5a,0xae,0x59,0xb6,0x7a,0xb6,0x59,0xb6,
    0x7a,0xae,0x79,0xb6,0x79,0xb6,0x5a,0xae,0x59,0xb6,0x7a,0xae,0x79,0xb6,0x5a,0xb6,0x7a,0xb6,0x59,0xb6,0x79,0xb6,0x7a,0xae,
    0x59,0xb6,0x7a,0xb6,0x79,0xae,0x7a,0xb6,0x59,0xb6,0x79,0xb6,0x7a,0xb6,0x59,0xae,0x7a,0xb6,0x59,0xb6,0x79,0xae,0x7a,0xb6,
    0x59,0xb6,0x7a,0xae,0x59,0xb6,0x79,0xb6,0x7a,0xae,0x79,0xb6,0x59,0xb6,0x79,0xb6,0x7a,0xb6,0x59,0xb6,0x79,0xb6,0x7a,0xb6,
    0x59,0xb6,0x7a,0xae,0x59,0xb6,0x7a,0xb6,0x79,0xb6,0x5a,0xb6,0x79,0xb6,0x7a,0xb6,0x79,0xb6,0x5a,0xb6,0x79,0xb6,0x79,0xb6,
    0x5a,0xb6,0x79,0xae,0x5a,0xb6,0x79,0xb6,0x59,0xb6,0x7a,0xb6,0x79,0xae,0x5a,0xb6,0x79,0xb6,0x79,0xb6,0x39,0xb6,0x39,0xb6,
    0x17,0xb6,0x53,0xa5,0x11,0xad,0x52,0xad,0x93,0xb5,0x53,0xad,0xad,0xac,0xc9,0x93,0xea,0xa3,0xea,0x9b,0xaa,0x93,0xea,0x93,
    0x0b,0xa4,0x4b,0xa4,0xaa,0x9b,0x28,0x83,0x48,0x8b,0x47,0x93,0x27,0x93,0x68,0x93,0xe6,0x82,0x07,0x83,0xe7,0x8a,0x07,0x8b,
    0xc6,0x82,0x47,0x8b,0x27,0x93,0x27,0x8b,0x45,0x83,0x66,0x73,0x46,0x73,0x46,0x73,0xa4,0x5a,0x46,0x73,0x26,0x6b,0x06,0x63,
    0xc5,0x5a,0x27,0x6b,0xc5,0x62,0xc5,0x62,0x67,0x83,0x27,0x73,0x06,0x6b,0x06,0x73,0xc5,0x62,0xe5,0x6a,0x06,0x73,0xc5,0x62,
    0xc8,0x29,0x87,0x21,0x87,0x29,0xc8,0x29,0xa7,0x29,0xa7,0x21,0x87,0x21,0x87,0x21,0xa7,0x21,0xa7,0x29,0x67,0x21,0x67,0x21,
    0xa7,0x29,0x87,0x29,0x87,0x21,0x87,0x21,0xa8,0x29,0xa8,0x29,0x87,0x21,0xa7,0x21,0xa7,0x29,0xa7,0x21,0xa7,0x21,0xc8,0x29,
    0xe8,0x21,0xc7,0x21,0x88,0x21,0xc7,0x29,0x88,0x21,0xa8,0x21,0xc7,0x21,0xa8,0x29,0xa8,0x21,0xa8,0x21,0xc8,0x29,0xa8,0x21,
    0xe8,0x29,0x08,0x2a,0xe8,0x29,0xe8,0x29,0xe8,0x29,0xe8,0x29,0x09,0x32,0x6a,0x3a,0xec,0x4a,0x4a,0x32,0xc8,0x21,0xc8,0x29,
    0x6a,0x3a,0xcc,0x42,0x2d,0x53,0x6a,0x3a,0xcf,0x63,0x0d,0x4b,0xef,0x6b,0x92,0x7c,0xf0,0x6b,0x31,0x74,0x59,0xae,0x59,0xb6,
    0x79,0xb6,0x59,0xb6,0x7a,0xb6,0x59,0xb6,0x59,0xb6,0x59,0xae,0x5a,0xb6,0x79,0xb6,0x59,0xb6,0x79,0xb6,0x5a,0xb6,0x79,0xb6,
    0x59,0xb6,0x7a,0xb6,0x79,0xb6,0x59,0xb6,0x7a,0xb6,0x79,0xb6,0x59,0xb6,0x7a,0xb6,0x79,0xb6,0x5a,0xb6,0x79,0xb6,0x79,0xb6,
    0x5a,0xb6,0x79,0xb6,0x7a,0xb6,0x59,0xb6,0x79,0xb6,0x7a,0xb6,0x79,0xb6,0x5a,0xb6,0x79,0xb6,0x5a,0xb6,0x79,0xb6,0x7a,0xae,
    0x59,0xb6,0x7a,0xb6,0x59,0xb6,0x7a,0xb6,0x79,0xb6,0x79,0xb6,0x7a,0xb6,0x59,0xb6,0x79,0xb6,0x7a,0xb6,0x59,0xae,0x7a,0xb6,
    0x59,0xb6,0x7a,0xae,0x59,0xb6,0x7a,0xb6,0x79,0xb6,0x5a,0xb6,0x79,0xb6,0x5a,0xb6,0x79,0xae,0x79,0xb6,0x5a,0xb6,0x79,0xb6,
    0x5a,0xb6,0x79,0xb6,0x39,0xb6,0x39,0xae,0xd6,0xad,0x32,0xad,0x8e,0x9c,0x8e,0x9c,0xd1,0xa4,0x8e,0xa4,0x4c,0xa4,0xca,0x93,
    0xc9,0x9b,0x0b,0x9c,0xca,0x9b,0x69,0x8b,0x28,0x83,0x89,0x93,0x28,0x83,0xe7,0x82,0x48,0x93,0xe9,0xab,0xa8,0x9b,0x06,0x83,
    0x07,0x83,0x06,0x83,0x07,0x83,0x27,0x8b,0xa8,0x93,0x46,0x7b,0x87,0x83,0x67,0x83,0x46,0x7b,0x86,0x73,0xa7,0x7b,0x05,0x63,
    0xe5,0x6a,0x07,0x6b,0xa5,0x62,0xc5,0x62,0x65,0x52,0x85,0x52,0x44,0x4a,0x04,0x4a,0xc6,0x6a,0x07,0x73,0x07,0x73,0x64,0x5a,
    0x44,0x52,0x63,0x5a,0x64,0x52,0x44,0x4a,0x87,0x21,0xa7,0x21,0x87,0x21,0x87,0x21,0xa7,0x21,0xa7,0x29,0x87,0x21,0x87,0x21,
    0x87,0x21,0xa7,0x21,0x87,0x21,0x67,0x21,0xc8,0x29,0xc8,0x31,0x87,0x29,0xa8,0x29,0x87,0x21,0xa8,0x29,0x87,0x21,0xa7,0x29,
    0x87,0x21,0xa7,0x21,0xc8,0x21,0xc7,0x21,0xa7,0x21,0xc8,0x29,0xa7,0x21,0xa8,0x21,0xc7,0x21,0xa7,0x29,0xc8,0x21,0xa8,0x21,
    0xa8,0x21,0xa8,0x21,0xe8,0x29,0xe8,0x29,0xe8,0x29,0xc8,0x29,0xe8,0x29,0xe8,0x29,0xc8,0x29,0xe8,0x29,0xe8,0x29,0x09,0x32,
    0xc7,0x21,0x29,0x32,0x08,0x32,0x4a,0x3a,0x8b,0x3a,0x4d,0x53,0x8e,0x5b,0x4d,0x53,0x72,0x7c,0x96,0x9d,0xb3,0x84,0xaf,0x5b,
    0xd3,0x84,0xf7,0xa5,0x7a,0xb6,0x59,0xae,0x59,0xb6,0x7a,0xae,0x59,0xb6,0x79,0xae,0x5a,0xb6,0x79,0xb6,0x59,0xb6,0x79,0xb6,
    0x5a,0xae,0x79,0xb6,0x59,0xb6,0x59,0xae,0x7a,0xb6,0x59,0xb6,0x7a,0xae,0x79,0xb6,0x59,0xb6,0x7a,0xb6,0x79,0xb6,0x5a,0xb6,
    0x79,0xb6,0x59,0xae,0x7a,0xb6,0x59,0xb6,0x7a,0xb6,0x79,0xb6,0x59,0xb6,0x7a,0xb6,0x79,0xb6,0x59,0xb6,0x7a,0xb6,0x79,0xb6,
    0x59,0xb6,0x7a,0xb6,0x79,0xb6,0x5a,0xb6,0x79,0xb6,0x7a,0xb6,0x79,0xae,0x59,0xb6,0x7a,0xb6,0x59,0xb6,0x7a,0xb6,0x79,0xae,
    0x5a,0xb6,0x59,0xb6,0x79,0xb6,0x79,0xb6,0x7a,0xb6,0x59,0xb6,0x7a,0xb6,0x79,0xb6,0x59,0xae,0x7a,0xb6,0x79,0xb6,0x59,0xb6,
    0x7a,0xb6,0x59,0xb6,0x79,0xb6,0x7a,0xb6,0x79,0xb6,0x5a,0xb6,0x59,0xb6,0x59,0xb6,0xd6,0xb5,0x74,0xad,0x11,0xa5,0xec,0x8b,
    0x4e,0x94,0x6d,0x9c,0x2a,0xa4,0xa9,0x93,0xaa,0x9b,0xa9,0x93,0x69,0x8b,0x28,0x83,0x68,0x8b,0x27,0x83,0x68,0x83,0x47,0x7b,
    0x67,0x93,0x67,0x93,0x27,0x8b,0x47,0x8b,0xe7,0x7a,0xa5,0x72,0xc6,0x7a,0x07,0x7b,0x26,0x73,0x26,0x73,0x47,0x73,0x46,0x7b,
    0xe9,0x93,0x87,0x73,0x66,0x6b,0x05,0x63,0x06,0x6b,0xad,0xac,0x88,0x83,0xe6,0x6a,0xc6,0x62,0xc5,0x62,0xe6,0x62,0x85,0x5a,
    0x85,0x62,0xa5,0x6a,0xc6,0x72,0xa6,0x62,0xc5,0x6a,0x85,0x5a,0x84,0x5a,0xe3,0x39,0x87,0x21,0x87,0x21,0x87,0x29,0x87,0x21,
    0x87,0x21,0x87,0x21,0x86,0x21,0x87,0x21,0x67,0x21,0x87,0x21,0x67,0x29,0x67,0x21,0x87,0x29,0xc8,0x31,0xa7,0x29,0xa8,0x29,
    0xa7,0x29,0x87,0x29,0xa8,0x21,0x87,0x21,0xa7,0x21,0x87,0x29,0xa7,0x21,0xa7,0x29,0xc7,0x21,0xa7,0x21,0xa7,0x29,0xa7,0x21,
    0xa8,0x21,0xa7,0x21,0xa7,0x21,0xa8,0x21,0xa7,0x21,0x88,0x21,0xa7,0x21,0xc8,0x29,0xc8,0x29,0xc8,0x21,0xc7,0x29,0xc8,0x29,
    0xc8,0x29,0xc8,0x29,0xe8,0x31,0x09,0x2a,0x6a,0x3a,0x49,0x32,0x4a,0x32,0xab,0x42,0x8e,0x5b,0x6e,0x5b,0xcb,0x42,0xaf,0x63,
    0xaf,0x63,0x72,0x7c,0xcc,0x42,0xcc,0x42,0xf4,0x84,0x18,0xae,0x9a,0xb6,0x7a,0xb6,0x59,0xb6,0x59,0xb6,0x59,0xb6,0x7a,0xb6,
    0x59,0xb6,0x79,0xae,0x5a,0xb6,0x79,0xae,0x59,0xb6,0x59,0xb6,0x7a,0xb6,0x59,0xb6,0x79,0xae,0x59,0xb6,0x59,0xb6,0x7a,0xb6,
    0x59,0xb6,0x7a,0xae,0x59,0xb6,0x59,0xae,0x7a,0xb6,0x79,0xb6,0x5a,0xb6,0x79,0xb6,0x79,0xae,0x5a,0xb6,0x79,0xb6,0x59,0xae,
    0x7a,0xb6,0x59,0xb6,0x7a,0xae,0x59,0xb6,0x7a,0xb6,0x79,0xae,0x59,0xb6,0x79,0xb6,0x59,0xb6,0x7a,0xb6,0x59,0xb6,0x7a,0xb6,
    0x79,0xb6,0x5a,0xae,0x79,0xb6,0x59,0xb6,0x7a,0xb6,0x79,0xb6,0x5a,0xb6,0x59,0xb6,0x59,0xb6,0x79,0xb6,0x7a,0xb6,0x59,0xb6,
    0x7a,0xb6,0x79,0xb6,0x5a,0xb6,0x79,0xae,0x79,0xb6,0x7a,0xb6,0x59,0xb6,0x7a,0xae,0x59,0xb6,0x59,0xb6,0x59,0xb6,0x59,0xb6,
    0x18,0xae,0xd6,0xb5,0x95,0xad,0xf0,0xa4,0xaf,0xac,0x4d,0x9c,0xca,0x9b,0xc9,0x93,0x68,0x93,0x48,0x8b,0x89,0x93,0x69,0x93,
    0xe7,0x7a,0x47,0x83,0xc8,0x8b,0x67,0x7b,0x88,0x8b,0x68,0x93,0x47,0x93,0x67,0x8b,0x26,0x83,0xe7,0x7a,0xa6,0x7a,0xc5,0x72,
    0x64,0x5a,0xc5,0x6a,0x46,0x73,0x05,0x6b,0xc5,0x62,0x05,0x6b,0x46,0x6b,0xc5,0x5a,0x64,0x52,0x4f,0xbd,0xea,0x8b,0xe6,0x6a,
    0xc5,0x62,0x47,0x6b,0xe5,0x62,0x07,0x6b,0x27,0x73,0x64,0x5a,0x65,0x6a,0x86,0x6a,0xc6,0x72,0x26,0x7b,0x84,0x5a,0x04,0x4a,
    0x87,0x21,0x66,0x21,0x87,0x21,0x87,0x21,0x66,0x21,0x87,0x21,0x87,0x21,0x86,0x21,0x87,0x21,0x67,0x21,0x67,0x21,0x87,0x21,
    0xa7,0x29,0xa8,0x29,0xa7,0x29,0xa8,0x29,0x87,0x29,0xa7,0x29,0x87,0x29,0x87,0x29,0x87,0x21,0x87,0x21,0x87,0x29,0xa8,0x21,
    0x87,0x29,0x87,0x21,0x87,0x21,0xa8,0x21,0xa7,0x21,0xc8,0x29,0xe8,0x29,0xc7,0x21,0x88,0x21,0xa7,0x21,0x88,0x21,0xc7,0x29,
    0xc8,0x21,0xc7,0x29,0xc8,0x21,0xa7,0x29,0xa7,0x21,0xc8,0x29,0xa7,0x29,0xc8,0x29,0xe9,0x29,0xc7,0x29,0xcc,0x42,0x6a,0x3a,
    0xec,0x4a,0x4e,0x53,0xcc,0x4a,0xab,0x42,0x4a,0x32,0x8a,0x3a,0x09,0x32,0x08,0x2a,0x8b,0x42,0xec,0x42,0x51,0x74,0xb3,0x7c,
    0xd7,0xa5,0x7a,0xb6,0x59,0xb6,0x79,0xae,0x59,0xb6,0x59,0xb6,0x59,0xb6,0x5a,0xb6,0x59,0xb6,0x59,0xb6,0x59,0xb6,0x59,0xb6,
    0x5a,0xb6,0x79,0xb6,0x5a,0xb6,0x59,0xb6,0x59,0xb6,0x59,0xb6,0x79,0xb6,0x59,0xb6,0x59,0xb6,0x5a,0xb6,0x79,0xb6,0x7a,0xb6,
    0x59,0xb6,0x59,0xb6,0x5a,0xb6,0x59,0xb6,0x5a,0xb6,0x79,0xb6,0x79,0xb6,0x59,0xb6,0x59,0xb6,0x7a,0xb6,0x59,0xb6,0x5a,0xb6,
    0x59,0xb6,0x59,0xb6,0x7a,0xb6,0x59,0xb6,0x79,0xb6,0x59,0xb6,0x7a,0xb6,0x59,0xb6,0x79,0xb6,0x59,0xae,0x79,0xb6,0x5a,0xb6,
    0x79,0xb6,0x5a,0xae,0x79,0xb6,0x79,0xae,0x59,0xb6,0x59,0xb6,0x79,0xb6,0x5a,0xb6,0x59,0xb6,0x59,0xb6,0x7a,0xb6,0x79,0xb6,
    0x7a,0xb6,0x59,0xae,0x59,0xb6,0x59,0xb6,0x39,0xb6,0x94,0xa5,0xd0,0xa4,0x10,0xad,0x32,0xa5,0x8f,0x94,0x8a,0x93,0xc9,0x9b,
    0x48,0x93,0x68,0x9b,0x89,0x93,0x89,0x93,0x28,0x8b,0x68,0x8b,0x67,0x7b,0x06,0x6b,0x06,0x6b,0x47,0x7b,0x67,0x8b,0x26,0x7b,
    0x46,0x7b,0x27,0x8b,0x46,0x8b,0xa5,0x72,0x85,0x62,0xc5,0x6a,0x06,0x83,0x47,0x83,0xc5,0x62,0x26,0x73,0xe4,0x62,0x84,0x5a,
    0x43,0x52,0xca,0x8b,0xc6,0x72,0xa5,0x6a,0x07,0x6b,0xe5,0x62,0x85,0x52,0x24,0x4a,0xc7,0x72,0xc6,0x6a,0xa7,0x72,0xe7,0x7a,
    0x06,0x83,0x06,0x73,0x26,0x7b,0x47,0x7b,0xa7,0x29,0xa7,0x21,0x66,0x21,0xa7,0x21,0xa7,0x29,0xa7,0x21,0xa7,0x21,0x67,0x21,
    0x66,0x21,0x67,0x21,0x87,0x21,0xa7,0x21,0xa8,0x29,0xa7,0x29,0xa8,0x29,0xa7,0x29,0x87,0x29,0x87,0x29,0xa8,0x29,0xa7,0x29,
    0x88,0x21,0x87,0x29,0x87,0x21,0xa7,0x29,0xa7,0x21,0x87,0x21,0x87,0x29,0xa7,0x21,0xa7,0x21,0xa7,0x21,0xc8,0x21,0xc7,0x29,
    0xa8,0x21,0x88,0x21,0xa7,0x21,0xa8,0x21,0xc8,0x29,0xc8,0x29,0xc8,0x29,0xa7,0x21,0xc8,0x29,0xc7,0x29,0xc8,0x29,0xa8,0x21,
    0xe8,0x29,0xaf,0x63,0x72,0x74,0xcf,0x63,0xab,0x42,0x92,0x7c,0x10,0x64,0x6a,0x3a,0xe8,0x29,0xe8,0x29,0xe8,0x29,0x29,0x32,
    0x09,0x2a,0xe8,0x29,0xe9,0x29,0x8a,0x3a,0xd7,0xa5,0x59,0xae,0x59,0xb6,0x59,0xb6,0x5a,0xb6,0x59,0xae,0x79,0xb6,0x59,0xb6,
    0x59,0xb6,0x59,0xb6,0x5a,0xb6,0x59,0xb6,0x59,0xb6,0x59,0xb6,0x59,0xb6,0x59,0xb6,0x59,0xb6,0x5a,0xb6,0x59,0xb6,0x5a,0xb6,
    0x59,0xb6,0x59,0xb6,0x79,0xae,0x59,0xb6,0x7a,0xb6,0x59,0xb6,0x59,0xb6,0x59,0xb6,0x59,0xb6,0x5a,0xb6,0x59,0xb6,0x5a,0xb6,
    0x79,0xb6,0x59,0xb6,0x59,0xb6,0x59,0xb6,0x5a,0xb6,0x59,0xb6,0x79,0xb6,0x59,0xb6,0x5a,0xb6,0x59,0xb6,0x59,0xb6,0x59,0xb6,
    0x7a,0xb6,0x59,0xb6,0x5a,0xb6,0x59,0xb6,0x59,0xb6,0x79,0xb6,0x59,0xb6,0x5a,0xb6,0x59,0xb6,0x5a,0xb6,0x59,0xb6,0x59,0xb6,
    0x59,0xb6,0x5a,0xb6,0x59,0xb6,0x59,0xb6,0x59,0xb6,0x7a,0xb6,0x59,0xb6,0x39,0xb6,0x18,0xae,0xd5,0xad,0xcf,0xa4,0x4c,0xa4,
    0x6e,0xa4,0xeb,0x9b,0xea,0x9b,0xa9,0x9b,0xa9,0x9b,0x47,0x8b,0xa9,0x9b,0xa9,0x9b,0x07,0x83,0x88,0x93,0x47,0x83,0x06,0x73,
    0x26,0x7b,0x68,0x83,0xe5,0x72,0x47,0x83,0x26,0x7b,0x66,0x8b,0x47,0x8b,0x06,0x83,0xe6,0x7a,0x06,0x83,0x89,0x93,0xe9,0x9b,
    0x67,0x8b,0x27,0x7b,0x05,0x6b,0xa5,0x5a,0x06,0x6b,0x06,0x73,0xc7,0x6a,0x06,0x6b,0xc5,0x62,0xc5,0x62,0xa5,0x5a,0x85,0x62,
    0x65,0x5a,0xc7,0x6a,0x47,0x8b,0xa6,0x72,0xa6,0x6a,0x45,0x62,0x47,0x83,0x67,0x8b,0xc8,0x29,0xa8,0x21,0x87,0x21,0xa7,0x21,
    0xa7,0x21,0xc8,0x21,0xa7,0x21,0x66,0x21,0x67,0x21,0x67,0x21,0x87,0x21,0x87,0x29,0xa7,0x21,0xc8,0x29,0xc8,0x31,0xa7,0x29,
    0xa7,0x21,0x87,0x29,0x87,0x21,0x67,0x21,0x67,0x21,0x87,0x21,0x87,0x21,0xa8,0x29,0xa8,0x29,0x67,0x21,0x87,0x21,0xa7,0x21,
    0xa8,0x21,0xa7,0x21,0xa7,0x21,0xa8,0x21,0xa7,0x21,0xa8,0x21,0xa8,0x21,0x87,0x21,0xa7,0x21,0xe8,0x29,0x09,0x32,0xc8,0x29,
    0xc8,0x29,0xa8,0x29,0x08,0x2a,0xe8,0x29,0x29,0x32,0x31,0x6c,0xae,0x5b,0xcb,0x42,0xcc,0x42,0x2c,0x53,0x6e,0x53,0x4a,0x3a,
    0xe8,0x29,0xe8,0x29,0xe8,0x29,0x08,0x2a,0xe8,0x29,0x29,0x32,0x31,0x74,0xb6,0x9d,0x19,0xae,0x10,0x6c,0x59,0xb6,0x59,0xb6,
    0x59,0xb6,0x59,0xb6,0x5a,0xb6,0x59,0xb6,0x59,0xb6,0x59,0xb6,0x59,0xb6,0x59,0xb6,0x59,0xb6,0x59,0xb6,0x59,0xb6,0x59,0xb6,
    0x59,0xb6,0x59,0xb6,0x59,0xb6,0x59,0xb6,0x59,0xb6,0x59,0xb6,0x5a,0xb6,0x59,0xb6,0x59,0xb6,0x59,0xb6,0x5a,0xb6,0x79,0xb6,
    0x59,0xb6,0x59,0xb6,0x5a,0xb6,0x59,0xb6,0x59,0xb6,0x5a,0xb6,0x59,0xb6,0x79,0xb6,0x59,0xb6,0x5a,0xb6,0x59,0xb6,0x59,0xb6,
    0x59,0xb6,0x5a,0xb6,0x59,0xb6,0x59,0xb6,0x5a,0xb6,0x59,0xb6,0x59,0xb6,0x59,0xb6,0x5a,0xb6,0x59,0xb6,0x59,0xb6,0x59,0xb6,
    0x59,0xb6,0x59,0xb6,0x5a,0xb6,0x59,0xb6,0x79,0xb6,0x59,0xb6,0x59,0xb6,0x7a,0xb6,0x59,0xb6,0x59,0xb6,0x39,0xb6,0x39,0xae,
    0xf8,0xad,0x54,0xad,0x10,0xad,0x4d,0xa4,0xea,0xa3,0xc9,0x9b,0xa9,0x9b,0xa9,0x9b,0xa8,0x9b,0x47,0x93,0xa9,0x9b,0xa8,0x9b,
    0x47,0x8b,0x88,0x93,0x68,0x8b,0xa8,0x93,0xa8,0x8b,0x46,0x73,0x05,0x6b,0x67,0x83,0xc8,0x93,0x27,0x8b,0x46,0x8b,0x46,0x8b,
    0xe6,0x7a,0xc5,0x72,0xe6,0x7a,0x27,0x83,0x27,0x83,0x26,0x6b,0xe5,0x62,0x84,0x52,0x05,0x63,0xa5,0x5a,0x27,0x73,0x27,0x73,
    0xa5,0x5a,0xa5,0x62,0x64,0x52,0xc6,0x62,0xa6,0x62,0x45,0x5a,0x65,0x62,0x44,0x52,0x24,0x4a,0x65,0x5a,0xe6,0x72,0xc5,0x6a,
    0x87,0x21,0xa7,0x21,0x86,0x21,0xa7,0x21,0xc7,0x21,0xa7,0x21,0x87,0x21,0xa7,0x21,0x87,0x21,0x67,0x21,0x67,0x21,0x67,0x21,
    0xa7,0x21,0xa7,0x29,0xa7,0x29,0xa8,0x29,0xa7,0x29,0xa8,0x29,0x87,0x29,0x87,0x21,0x67,0x21,0x87,0x21,0x87,0x21,0x87,0x21,
    0x87,0x21,0x87,0x29,0x87,0x21,0x87,0x21,0xa7,0x21,0xa8,0x29,0xc7,0x21,0xa7,0x29,0xa7,0x21,0xc8,0x29,0xc8,0x29,0xe8,0x29,
    0xc8,0x29,0xc8,0x29,0xc8,0x29,0xc7,0x29,0xc8,0x29,0xa7,0x29,0xc8,0x29,0xc8,0x29,0xe8,0x29,0xa7,0x29,0xc8,0x29,0xc8,0x29,
    0xc8,0x21,0xe8,0x29,0xe8,0x29,0xc8,0x29,0xe8,0x29,0xe8,0x29,0xe8,0x29,0xe9,0x31,0xe8,0x29,0xaf,0x63,0x76,0x95,0x76,0x9d,
    0x6e,0x53,0x0c,0x4b,0x39,0xb6,0x59,0xb6,0x5a,0xb6,0x59,0xb6,0x59,0xb6,0x59,0xb6,0x5a,0xb6,0x59,0xb6,0x59,0xb6,0x5a,0xb6,
    0x59,0xb6,0x59,0xb6,0x5a,0xb6,0x39,0xb6,0x5a,0xb6,0x59,0xb6,0x59,0xb6,0x5a,0xb6,0x59,0xb6,0x59,0xb6,0x59,0xb6,0x59,0xb6,
    0x5a,0xb6,0x59,0xb6,0x59,0xb6,0x59,0xb6,0x5a,0xb6,0x59,0xb6,0x59,0xb6,0x79,0xb6,0x59,0xb6,0x59,0xb6,0x5a,0xb6,0x59,0xb6,
    0x5a,0xb6,0x59,0xb6,0x59,0xb6,0x5a,0xb6,0x59,0xb6,0x59,0xb6,0x59,0xb6,0x59,0xb6,0x59,0xb6,0x59,0xb6,0x59,0xb6,0x5a,0xb6,
    0x59,0xb6,0x59,0xb6,0x5a,0xb6,0x59,0xb6,0x5a,0xb6,0x59,0xb6,0x59,0xb6,0x59,0xb6,0x5a,0xb6,0x59,0xb6,0x59,0xb6,0x59,0xb6,
    0x59,0xb6,0x39,0xb6,0x59,0xb6,0xf7,0xad,0xd7,0xad,0x53,0xad,0x8e,0x9c,0x2c,0xa4,0xea,0x9b,0x89,0x9b,0x68,0x8b,0xc9,0x9b,
    0x89,0x93,0xa8,0x93,0xea,0xa3,0x88,0x9b,0xa8,0x9b,0xc9,0x9b,0x88,0x93,0xa8,0x93,0x47,0x83,0x66,0x7b,0x05,0x6b,0xc5,0x6a,
    0xa4,0x62,0x06,0x7b,0x67,0x83,0x26,0x7b,0x67,0x83,0xe6,0x7a,0x64,0x5a,0xc5,0x6a,0x67,0x7b,0x05,0x63,0xc4,0x52,0x64,0x52,
    0xa4,0x52,0xe5,0x62,0xc5,0x62,0x26,0x73,0xc5,0x62,0xc4,0x41,0x45,0x4a,0x44,0x4a,0x04,0x42,0x04,0x52,0xc6,0x62,0x26,0x73,
    0xc5,0x5a,0x44,0x52,0x45,0x5a,0x85,0x62,0x86,0x21,0x87,0x21,0x87,0x21,0xa7,0x21,0xc8,0x21,0xa7,0x21,0xc7,0x21,0xa7,0x21,
    0x87,0x21,0x87,0x21,0x87,0x21,0x67,0x21,0x87,0x21,0xa7,0x29,0xa8,0x31,0xa8,0x29,0x87,0x29,0xa7,0x29,0x87,0x21,0x67,0x21,
    0x67,0x21,0x86,0x21,0x87,0x21,0x87,0x21,0x87,0x29,0x87,0x21,0x67,0x21,0xa8,0x29,0x87,0x21,0xa7,0x21,0xc8,0x21,0xa7,0x21,
    0xa8,0x29,0xc7,0x29,0xc8,0x21,0xc8,0x29,0xc8,0x29,0xc7,0x29,0xc8,0x29,0xc8,0x29,0xa7,0x21,0xc8,0x29,0xc7,0x29,0xa8,0x21,
    0xc8,0x29,0xe8,0x29,0xc8,0x29,0xc8,0x29,0xc7,0x29,0xc8,0x21,0xc7,0x29,0xc8,0x21,0xc8,0x29,0xe8,0x31,0xe8,0x29,0xe8,0x29,
    0xc8,0x29,0xaf,0x63,0xec,0x4a,0xcf,0x63,0x6a,0x3a,0x31,0x74,0x7a,0xb6,0x39,0xb6,0x59,0xb6,0x59,0xb6,0x59,0xb6,0x59,0xb6,
    0x59,0xb6,0x59,0xb6,0x59,0xb6,0x59,0xb6,0x59,0xb6,0x59,0xb6,0x59,0xb6,0x59,0xb6,0x3a,0xb6,0x59,0xb6,0x59,0xb6,0x59,0xb6,
    0x59,0xb6,0x5a,0xb6,0x59,0xb6,0x59,0xb6,0x59,0xb6,0x59,0xb6,0x59,0xb6,0x59,0xb6,0x59,0xb6,0x5a,0xb6,0x59,0xb6,0x5a,0xb6,
    0x59,0xb6,0x3a,0xb6,0x39,0xb6,0x3a,0xb6,0x59,0xb6,0x5a,0xb6,0x59,0xb6,0x59,0xb6,0x59,0xb6,0x59,0xb6,0x5a,0xb6,0x59,0xb6,
    0x59,0xb6,0x5a,0xb6,0x59,0xb6,0x59,0xb6,0x59,0xb6,0x59,0xb6,0x59,0xb6,0x59,0xb6,0x59,0xbe,0x59,0xb6,0x5a,0xb6,0x59,0xb6,
    0x59,0xb6,0x5a,0xbe,0x59,0xb6,0x5a,0xb6,0x59,0xb6,0x59,0xb6,0x39,0xb6,0xf7,0xad,0x95,0xad,0x12,0xa5,0x8d,0xa4,0xea,0x9b,
    0xc9,0x9b,0x68,0x8b,0x88,0x93,0xc9,0x9b,0x88,0x93,0xa9,0x93,0xa9,0x93,0x87,0x93,0x88,0x93,0x46,0x8b,0x88,0x93,0x67,0x8b,
    0x05,0x73,0x05,0x6b,0x87,0x83,0xe5,0x7a,0xe6,0x72,0x67,0x7b,0xe5,0x62,0x46,0x73,0x06,0x6b,0x07,0x73,0x27,0x83,0xe5,0x62,
    0xe5,0x5a,0xa5,0x5a,0xe5,0x6a,0xe5,0x62,0x26,0x73,0x26,0x6b,0xa5,0x5a,0xc6,0x62,0xe7,0x6a,0x85,0x62,0xa5,0x62,0x24,0x42,
    0xe6,0x6a,0xe4,0x49,0x44,0x52,0x04,0x4a,0x65,0x52,0xe3,0x41,0x04,0x4a,0xa6,0x6a,0x67,0x21,0x86,0x21,0x87,0x21,0x87,0x21,
    0xa7,0x21,0xa7,0x21,0x87,0x21,0x87,0x21,0xa7,0x21,0x87,0x19,0x86,0x21,0x87,0x21,0x67,0x21,0x87,0x21,0x87,0x29,0xa7,0x29,
    0x87,0x29,0x67,0x21,0x67,0x21,0x67,0x21,0x67,0x21,0x67,0x21,0x87,0x21,0x87,0x29,0x87,0x21,0x87,0x29,0x67,0x21,0xa7,0x21,
    0xa7,0x21,0xa7,0x21,0x87,0x21,0xa7,0x29,0xa7,0x21,0xa7,0x29,0xc8,0x29,0xc7,0x29,0xa7,0x29,0xc8,0x21,0xc7,0x29,0xa7,0x29,
    0xa7,0x21,0xa8,0x29,0xc8,0x29,0x08,0x32,0xc8,0x29,0xc8,0x29,0xe8,0x29,0xc7,0x21,0xa8,0x21,0xc7,0x29,0xe8,0x29,0xa8,0x21,
    0xc8,0x29,0xe8,0x29,0xc8,0x21,0xe8,0x29,0x08,0x2a,0x6a,0x3a,0x6a,0x3a,0xec,0x4a,0x8b,0x3a,0xaf,0x63,0x39,0xae,0x59,0xb6,
    0x59,0xb6,0x59,0xb6,0x59,0xb6,0x5a,0xb6,0x59,0xb6,0x59,0xb6,0x5a,0xb6,0x59,0xb6,0x39,0xb6,0x5a,0xb6,0x59,0xb6,0x59,0xb6,
    0x3a,0xb6,0x39,0xb6,0x59,0xb6,0x59,0xb6,0x3a,0xb6,0x39,0xb6,0x59,0xb6,0x5a,0xb6,0x59,0xb6,0x39,0xb6,0x5a,0xb6,0x59,0xb6,
    0x59,0xb6,0x39,0xb6,0x3a,0xb6,0x39,0xb6,0x5a,0xb6,0x39,0xb6,0x5a,0xb6,0x39,0xb6,0x3a,0xb6,0x59,0xb6,0x59,0xb6,0x3a,0xb6,
    0x59,0xb6,0x59,0xb6,0x59,0xb6,0x59,0xb6,0x3a,0xb6,0x59,0xb6,0x5a,0xb6,0x59,0xb6,0x59,0xb6,0x3a,0xb6,0x39,0xb6,0x5a,0xb6,
    0x59,0xb6,0x59,0xb6,0x59,0xb6,0x3a,0xb6,0x3a,0xb6,0x59,0xb6,0x5a,0xb6,0x79,0xb6,0x59,0xb6,0xf7,0xad,0xd6,0xad,0x95,0xad,
    0x11,0xa5,0xaf,0xa4,0x4c,0x9c,0x0b,0x9c,0x88,0x93,0x88,0x8b,0x89,0x93,0xa9,0x93,0xa9,0x93,0xc9,0x9b,0x68,0x8b,0xa9,0x93,
    0x89,0x9b,0x88,0x93,0x47,0x8b,0x48,0x8b,0x47,0x7b,0xe5,0x62,0x05,0x73,0x06,0x73,0xe5,0x6a,0xc5,0x62,0xe5,0x6a,0xe6,0x6a,
    0xa5,0x5a,0x47,0x7b,0x88,0x8b,0xc5,0x6a,0x44,0x52,0xc6,0x6a,0x48,0x8b,0xe6,0x72,0x47,0x73,0x66,0x73,0x26,0x6b,0xc6,0x6a,
    0x48,0x83,0x48,0x7b,0x47,0x7b,0x65,0x52,0xc6,0x62,0x85,0x5a,0x65,0x52,0x65,0x52,0x85,0x5a,0x24,0x52,0x45,0x4a,0x25,0x52,
    0x87,0x21,0x87,0x21,0x86,0x21,0x87,0x21,0x86,0x21,0x87,0x21,0x87,0x21,0x87,0x21,0x87,0x21,0x87,0x21,0xa7,0x21,0xa7,0x21,
    0x87,0x21,0x67,0x21,0x67,0x21,0x67,0x21,0x87,0x21,0x67,0x21,0x87,0x21,0x87,0x21,0x86,0x21,0x87,0x21,0xa7,0x29,0xa8,0x21,
    0x67,0x21,0x87,0x21,0x87,0x21,0x87,0x21,0xa7,0x19,0x87,0x21,0xa7,0x21,0xa8,0x21,0xa7,0x21,0xa8,0x29,0xa8,0x29,0xa7,0x21,
    0xa8,0x29,0xc8,0x29,0xc8,0x29,0xc8,0x29,0xa7,0x21,0xa7,0x29,0xe8,0x29,0x29,0x32,0xa7,0x29,0xa7,0x21,0xe8,0x31,0x08,0x32,
    0xc8,0x29,0xe8,0x29,0xe8,0x29,0xe8,0x29,0xe8,0x29,0xe8,0x21,0xe8,0x29,0xe8,0x29,0xe8,0x29,0xe9,0x31,0x09,0x2a,0x29,0x32,
    0x8a,0x3a,0x71,0x7c,0x7a,0xbe,0x59,0xb6,0x39,0xb6,0x59,0xb6,0x59,0xb6,0x59,0xb6,0x59,0xb6,0x39,0xb6,0x59,0xb6,0x59,0xb6,
    0x59,0xb6,0x59,0xb6,0x59,0xb6,0x59,0xb6,0x3a,0xb6,0x5a,0xb6,0x39,0xb6,0x59,0xb6,0x59,0xb6,0x3a,0xb6,0x39,0xb6,0x59,0xb6,
    0x59,0xb6,0x59,0xb6,0x59,0xb6,0x7a,0xb6,0x59,0xb6,0x59,0xb6,0x59,0xb6,0x59,0xb6,0x59,0xb6,0x3a,0xb6,0x39,0xbe,0x5a,0xb6,
    0x39,0xb6,0x59,0xb6,0x59,0xb6,0x59,0xb6,0x59,0xb6,0x5a,0xb6,0x59,0xb6,0x59,0xb6,0x59,0xb6,0x39,0xb6,0x59,0xb6,0x59,0xb6,
    0x59,0xb6,0x59,0xb6,0x3a,0xbe,0x59,0xb6,0x59,0xb6,0x5a,0xb6,0x59,0xb6,0x59,0xb6,0x59,0xb6,0x59,0xb6,0x79,0xbe,0x5a,0xb6,
    0xf7,0xad,0x74,0xa5,0x11,0xa5,0xd0,0xa4,0x8e,0x9c,0x2b,0x9c,0x0b,0xa4,0x89,0x8b,0x88,0x93,0xc9,0x9b,0x48,0x8b,0x48,0x8b,
    0x07,0x83,0x69,0x8b,0xc9,0x9b,0x89,0x9b,0x48,0x93,0x89,0x93,0x68,0x93,0x88,0x93,0x26,0x73,0x25,0x7b,0xe5,0x6a,0xc5,0x72,
    0x27,0x83,0x06,0x6b,0x06,0x6b,0x06,0x6b,0xe6,0x72,0xc6,0x6a,0xa6,0x6a,0x27,0x73,0xe6,0x6a,0x27,0x73,0x27,0x83,0x85,0x62,
    0x67,0x73,0xc8,0x83,0xe5,0x62,0x47,0x7b,0x85,0x62,0x85,0x62,0x65,0x5a,0xa5,0x5a,0x65,0x5a,0xa3,0x39,0x65,0x52,0xa5,0x5a,
    0x45,0x5a,0x24,0x4a,0x04,0x4a,0x85,0x5a,0x66,0x21,0x67,0x21,0x66,0x19,0x87,0x21,0x67,0x21,0x66,0x19,0x67,0x19,0x86,0x21,
    0x87,0x19,0x87,0x21,0xa7,0x21,0xa7,0x21,0xa7,0x21,0x66,0x21,0x87,0x21,0x67,0x21,0x67,0x21,0x67,0x21,0x86,0x21,0x87,0x21,
    0xa7,0x21,0x87,0x29,0x87,0x21,0x87,0x21,0x87,0x21,0x87,0x21,0x87,0x21,0xa8,0x21,0xa7,0x21,0xa8,0x21,0xc8,0x29,0xa7,0x21,
    0xa7,0x21,0xa7,0x29,0xa8,0x29,0xa7,0x21,0xc8,0x29,0xc7,0x29,0xc8,0x29,0xa8,0x29,0xa8,0x29,0xa8,0x29,0xc8,0x29,0x29,0x32,
    0xc8,0x29,0xa7,0x29,0xc8,0x29,0xe9,0x31,0x08,0x32,0xe9,0x29,0xe8,0x31,0xc8,0x29,0xc8,0x29,0xe7,0x29,0xe8,0x29,0xc8,0x29,
    0xe8,0x29,0xe8,0x29,0x6a,0x3a,0x6a,0x3a,0x0c,0x4b,0x11,0x6c,0x76,0x9d,0x59,0xb6,0x59,0xb6,0x59,0xb6,0x5a,0xb6,0x39,0xb6,
    0x59,0xb6,0x59,0xb6,0x59,0xb6,0x5a,0xb6,0x59,0xb6,0x5a,0xb6,0x59,0xb6,0x59,0xb6,0x59,0xb6,0x39,0xb6,0x59,0xb6,0x5a,0xb6,
    0x59,0xb6,0x59,0xb6,0x59,0xb6,0x5a,0xb6,0x59,0xb6,0x5a,0xb6,0x59,0xb6,0x59,0xbe,0x5a,0xb6,0x59,0xb6,0x59,0xb6,0x5a,0xb6,
    0x59,0xbe,0x59,0xb6,0x5a,0xb6,0x59,0xb6,0x59,0xb6,0x5a,0xbe,0x59,0xb6,0x5a,0xb6,0x59,0xb6,0x59,0xb6,0x59,0xb6,0x59,0xb6,
    0x5a,0xb6,0x59,0xb6,0x5a,0xbe,0x59,0xb6,0x5a,0xb6,0x59,0xb6,0x59,0xb6,0x59,0xb6,0x59,0xb6,0x59,0xb6,0x5a,0xb6,0x59,0xbe,
    0x5a,0xb6,0x79,0xb6,0x39,0xb6,0x38,0xb6,0x74,0xa5,0x73,0xad,0xd0,0x9c,0x4d,0x9c,0x8e,0xa4,0x2a,0xa4,0x6b,0xac,0x69,0x8b,
    0x48,0x8b,0x28,0x83,0x07,0x8b,0x69,0x8b,0xe7,0x7a,0x48,0x8b,0x69,0x8b,0x89,0x93,0x68,0x93,0x88,0x9b,0x07,0x8b,0xa9,0x93,
    0x88,0x8b,0x06,0x7b,0xa7,0x8b,0x47,0x83,0x26,0x83,0x47,0x8b,0xc5,0x6a,0x06,0x6b,0xe6,0x6a,0x86,0x62,0x85,0x5a,0xc5,0x5a,
    0x44,0x4a,0x65,0x5a,0x85,0x5a,0x44,0x52,0x65,0x52,0x48,0x73,0x06,0x6b,0xe6,0x6a,0x64,0x5a,0x48,0x7b,0x07,0x73,0xc5,0x62,
    0x85,0x52,0xe4,0x49,0xc6,0x72,0xc6,0x6a,0x44,0x52,0x65,0x52,0xa5,0x62,0x85,0x62,0x66,0x19,0x66,0x21,0x66,0x19,0x67,0x21,
    0x66,0x19,0x67,0x21,0x66,0x19,0x67,0x19,0x87,0x21,0xa7,0x21,0x87,0x21,0x87,0x21,0xa7,0x21,0x67,0x19,0x87,0x21,0x67,0x21,
    0x87,0x21,0x67,0x21,0x87,0x21,0x87,0x21,0x87,0x21,0x87,0x21,0xa7,0x21,0xa7,0x29,0x87,0x21,0xe7,0x29,0xa7,0x21,0xc8,0x21,
    0xa8,0x29,0xa8,0x21,0xc7,0x21,0xa7,0x21,0x87,0x21,0xa8,0x29,0xa7,0x21,0xa8,0x29,0xa7,0x29,0xa8,0x29,0xa7,0x21,0xa8,0x29,
    0x87,0x21,0xa7,0x29,0xa7,0x21,0xa7,0x21,0xa7,0x29,0xc8,0x29,0xc8,0x29,0xe8,0x29,0xc8,0x31,0xc7,0x29,0xa8,0x21,0xc7,0x29,
    0xa7,0x21,0xc8,0x29,0xa8,0x29,0xe8,0x29,0xe8,0x29,0xe8,0x31,0xe8,0x29,0x09,0x32,0xcb,0x42,0x2d,0x53,0x2d,0x4b,0x59,0xb6,
    0x39,0xb6,0x59,0xb6,0x59,0xb6,0x59,0xb6,0x5a,0xb6,0x59,0xb6,0x59,0xb6,0x59,0xb6,0x59,0xb6,0x59,0xb6,0x59,0xb6,0x5a,0xb6,
    0x59,0xb6,0x5a,0xb6,0x59,0xb6,0x59,0xb6,0x59,0xb6,0x5a,0xb6,0x59,0xb6,0x59,0xb6,0x59,0xbe,0x59,0xb6,0x7a,0xb6,0x59,0xb6,
    0x59,0xb6,0x5a,0xb6,0x59,0xbe,0x59,0xb6,0x5a,0xb6,0x59,0xb6,0x79,0xb6,0x59,0xb6,0x5a,0xb6,0x59,0xb6,0x59,0xb6,0x59,0xb6,
    0x59,0xbe,0x5a,0xb6,0x59,0xb6,0x5a,0xb6,0x59,0xb6,0x59,0xb6,0x59,0xb6,0x59,0xb6,0x59,0xb6,0x5a,0xb6,0x59,0xb6,0x5a,0xb6,
    0x79,0xb6,0x5a,0xbe,0x79,0xb6,0x59,0xb6,0x59,0xb6,0x5a,0xb6,0x18,0xae,0xd7,0xad,0x53,0xa5,0x95,0xad,0xd0,0xa4,0xef,0xa4,
    0xce,0xac,0x0a,0x9c,0xea,0x9b,0x89,0x93,0x68,0x8b,0x88,0x93,0x6a,0x8b,0x4a,0x8b,0xa9,0x93,0x67,0x93,0x07,0x83,0x48,0x83,
    0x08,0x83,0x68,0x8b,0x67,0x83,0x68,0x8b,0x48,0x8b,0xa8,0x9b,0x09,0xa4,0x68,0x93,0xa8,0x9b,0x48,0x8b,0x27,0x83,0x85,0x6a,
    0xc6,0x72,0xe6,0x6a,0x64,0x52,0x44,0x4a,0x23,0x42,0x44,0x4a,0x64,0x5a,0xe6,0x6a,0x24,0x52,0x6c,0x9c,0x46,0x7b,0xe5,0x62,
    0x26,0x73,0x28,0x73,0x8a,0x8b,0xc7,0x6a,0xe7,0x72,0x85,0x6a,0x27,0x83,0x85,0x62,0xe5,0x62,0x06,0x73,0x27,0x7b,0xa8,0x8b,
    0x47,0x21,0x66,0x19,0x67,0x21,0x66,0x21,0x46,0x19,0x66,0x19,0x67,0x21,0x67,0x19,0x87,0x21,0x87,0x21,0x66,0x21,0x87,0x21,
    0x87,0x21,0x87,0x21,0x87,0x21,0x87,0x29,0x67,0x21,0x87,0x21,0x87,0x21,0xa7,0x21,0x87,0x21,0x87,0x21,0x87,0x21,0x87,0x21,
    0xa7,0x21,0xc8,0x21,0xa7,0x21,0xa7,0x21,0xa7,0x21,0xa7,0x21,0xa7,0x21,0xa7,0x21,0xa7,0x21,0x87,0x21,0xa7,0x29,0x88,0x29,
    0xa7,0x21,0x88,0x21,0xa7,0x29,0xa8,0x29,0x87,0x21,0xa8,0x29,0xc8,0x29,0xa7,0x29,0xc8,0x29,0xa7,0x21,0xa7,0x29,0xa8,0x29,
    0xa7,0x21,0xa7,0x21,0xa7,0x29,0xa8,0x29,0xa7,0x21,0xa7,0x29,0xa8,0x29,0xc8,0x29,0xe8,0x29,0xe8,0x29,0xa7,0x21,0x09,0x2a,
    0x49,0x32,0x29,0x32,0x10,0x74,0x7a,0xb6,0x59,0xb6,0x59,0xb6,0x5a,0xb6,0x59,0xb6,0x59,0xb6,0x59,0xb6,0x59,0xb6,0x5a,0xb6,
    0x59,0xb6,0x5a,0xb6,0x59,0xb6,0x59,0xb6,0x59,0xb6,0x59,0xb6,0x59,0xb6,0x5a,0xb6,0x59,0xb6,0x59,0xbe,0x5a,0xb6,0x59,0xb6,
    0x5a,0xb6,0x59,0xb6,0x59,0xb6,0x59,0xb6,0x5a,0xb6,0x79,0xb6,0x59,0xb6,0x59,0xb6,0x79,0xb6,0x5a,0xb6,0x59,0xb6,0x59,0xbe,
    0x59,0xb6,0x59,0xb6,0x7a,0xb6,0x59,0xb6,0x5a,0xb6,0x79,0xb6,0x59,0xb6,0x59,0xbe,0x79,0xb6,0x5a,0xb6,0x59,0xb6,0x7a,0xb6,
    0x59,0xbe,0x59,0xb6,0x59,0xb6,0x59,0xb6,0x5a,0xb6,0x79,0xb6,0x59,0xb6,0x5a,0xb6,0x59,0xb6,0x59,0xb6,0x59,0xb6,0x39,0xb6,
    0xd6,0xb5,0x74,0xad,0x51,0xad,0xef,0xa4,0x8c,0xa4,0x0a,0xa4,0xea,0x9b,0xea,0x9b,0x89,0x93,0x49,0x8b,0x28,0x8b,0x89,0x93,
    0xe9,0xa3,0x47,0x8b,0x28,0x83,0x48,0x8b,0x89,0x8b,0x67,0x83,0x26,0x73,0x27,0x7b,0x47,0x83,0xa8,0x93,0x88,0x9b,0x27,0x8b,
    0x27,0x8b,0xa6,0x7a,0x28,0x8b,0xe7,0x7a,0x07,0x83,0x85,0x6a,0x27,0x7b,0x07,0x7b,0xa6,0x72,0x47,0x7b,0xe5,0x72,0x06,0x7b,
    0x07,0x73,0x07,0x73,0xa5,0x62,0xe6,0x6a,0x26,0x7b,0x07,0x73,0xe7,0x72,0xe7,0x6a,0xca,0x9b,0xa5,0x6a,0x48,0x83,0x64,0x5a,
    0x86,0x62,0x06,0x73,0x06,0x7b,0x29,0xa4,0x67,0x19,0x67,0x21,0x46,0x19,0x47,0x19,0x47,0x21,0x46,0x19,0x67,0x21,0x66,0x19,
    0x87,0x21,0x66,0x19,0x67,0x21,0x87,0x21,0x87,0x21,0x87,0x21,0x87,0x21,0x67,0x21,0x87,0x29,0x87,0x21,0x87,0x21,0x87,0x21,
    0xa7,0x21,0x87,0x21,0xa7,0x21,0xa7,0x21,0x87,0x21,0x87,0x21,0xa7,0x21,0xa7,0x21,0xa7,0x21,0xa8,0x21,0x87,0x21,0xa7,0x21,
    0x87,0x21,0x87,0x21,0xa7,0x29,0x87,0x21,0xa7,0x29,0x88,0x29,0xc8,0x29,0xa8,0x29,0xa8,0x29,0xe8,0x29,0xc8,0x29,0xa7,0x29,
    0xc8,0x21,0xc7,0x21,0xc7,0x21,0xa8,0x21,0xa8,0x21,0xc8,0x29,0xa7,0x21,0xa7,0x29,0xa8,0x29,0xa7,0x21,0xc7,0x29,0xa7,0x29,
    0xc8,0x29,0xe8,0x29,0xe8,0x29,0xe8,0x29,0x0c,0x4b,0x76,0x9d,0x59,0xb6,0x59,0xb6,0x59,0xb6,0x59,0xb6,0x59,0xb6,0x59,0xb6,
    0x59,0xb6,0x5a,0xb6,0x59,0xb6,0x59,0xb6,0x59,0xb6,0x59,0xb6,0x5a,0xb6,0x59,0xb6,0x59,0xb6,0x5a,0xb6,0x59,0xbe,0x59,0xb6,
    0x59,0xb6,0x5a,0xb6,0x59,0xb6,0x59,0xb6,0x79,0xb6,0x5a,0xb6,0x59,0xb6,0x59,0xbe,0x59,0xb6,0x59,0xb6,0x5a,0xb6,0x59,0xb6,
    0x5a,0xb6,0x59,0xb6,0x59,0xb6,0x5a,0xb6,0x59,0xb6,0x59,0xb6,0x59,0xbe,0x59,0xb6,0x59,0xb6,0x5a,0xb6,0x59,0xb6,0x5a,0xb6,
    0x59,0xb6,0x59,0xb6,0x59,0xbe,0x59,0xb6,0x5a,0xb6,0x59,0xb6,0x7a,0xb6,0x59,0xbe,0x59,0xb6,0x59,0xb6,0x5a,0xb6,0x59,0xb6,
    0x59,0xbe,0x5a,0xb6,0x59,0xbe,0x59,0xb6,0x17,0xae,0xb5,0xad,0x73,0xad,0x53,0xa5,0xce,0xac,0xe8,0x9b,0x4b,0xac,0x2a,0xa4,
    0xa9,0x9b,0x6a,0x93,0x49,0x8b,0xa9,0x93,0xc9,0x9b,0xc8,0xa3,0xa8,0x9b,0x47,0x8b,0xa8,0x8b,0x88,0x7b,0xe6,0x72,0x67,0x83,
    0x67,0x83,0x47,0x7b,0x67,0x93,0x27,0x8b,0xc6,0x7a,0xe7,0x8a,0xc7,0x7a,0x07,0x8b,0x68,0x8b,0xe7,0x82,0x48,0x8b,0x48,0x8b,
    0x48,0x8b,0x47,0x93,0x06,0x7b,0xe6,0x72,0xc5,0x72,0x07,0x73,0xc5,0x62,0x06,0x73,0x27,0x7b,0xc5,0x6a,0xc9,0x93,0x07,0x7b,
    0xc6,0x6a,0xa6,0x6a,0x27,0x83,0xa6,0x6a,0x06,0x73,0xc5,0x62,0x88,0x8b,0xa8,0x93,0x66,0x19,0x66,0x19,0x46,0x21,0x46,0x21,
    0x67,0x19,0x66,0x21,0x87,0x19,0x67,0x21,0x67,0x19,0x67,0x21,0x67,0x21,0x47,0x21,0x87,0x21,0x87,0x21,0x67,0x21,0x87,0x21,
    0xa8,0x21,0x87,0x21,0x87,0x21,0xa7,0x21,0xa7,0x19,0x87,0x21,0xa7,0x21,0x87,0x21,0x87,0x21,0xa8,0x21,0xa7,0x21,0xa7,0x21,
    0x87,0x21,0xa7,0x21,0x87,0x21,0x87,0x21,0xa7,0x21,0xa7,0x29,0xa8,0x21,0xa7,0x29,0xa7,0x21,0xa7,0x29,0xa7,0x29,0xc8,0x29,
    0xa7,0x29,0xc8,0x29,0xc7,0x29,0xa8,0x29,0xc7,0x29,0xe8,0x21,0xc8,0x29,0xc8,0x29,0xa8,0x21,0xc8,0x21,0xa8,0x29,0xa8,0x21,
    0xa7,0x29,0xa8,0x21,0xc8,0x21,0xa7,0x21,0xc8,0x29,0xc8,0x29,0xc8,0x29,0x08,0x2a,0x4a,0x32,0xf8,0xad,0x5a,0xb6,0x39,0xb6,
    0x39,0xb6,0x5a,0xb6,0x59,0xb6,0x59,0xb6,0x59,0xb6,0x39,0xb6,0x59,0xb6,0x5a,0xb6,0x59,0xb6,0x59,0xb6,0x59,0xb6,0x59,0xb6,
    0x59,0xb6,0x59,0xb6,0x7a,0xb6,0x59,0xb6,0x59,0xb6,0x59,0xbe,0x59,0xb6,0x5a,0xb6,0x59,0xb6,0x59,0xb6,0x59,0xb6,0x5a,0xb6,
    0x59,0xb6,0x59,0xb6,0x59,0xb6,0x59,0xbe,0x59,0xb6,0x59,0xb6,0x59,0xb6,0x59,0xb6,0x59,0xb6,0x7a,0xbe,0x5a,0xb6,0x59,0xb6,
    0x59,0xbe,0x59,0xb6,0x59,0xb6,0x59,0xb6,0x5a,0xbe,0x59,0xb6,0x7a,0xb6,0x59,0xb6,0x59,0xb6,0x59,0xbe,0x59,0xb6,0x5a,0xb6,
    0x59,0xb6,0x59,0xb6,0x59,0xb6,0x59,0xb6,0x5a,0xb6,0x38,0xb6,0x39,0xb6,0x39,0xb6,0xf8,0xad,0xf7,0xad,0xd6,0xb5,0xd1,0x9c,
    0x4c,0x9c,0xa8,0x8b,0x6a,0xac,0x09,0xa4,0xa9,0x93,0x89,0x93,0x28,0x8b,0x48,0x8b,0x48,0x83,0xa9,0x93,0x67,0x93,0x88,0x9b,
    0x47,0x83,0x26,0x6b,0x07,0x73,0x47,0x7b,0x06,0x6b,0xe5,0x6a,0x26,0x73,0x27,0x7b,0xe6,0x7a,0x07,0x83,0xc7,0x7a,0xe7,0x7a,
    0xe6,0x7a,0xe7,0x82,0x48,0x8b,0x69,0x93,0xe7,0x82,0xe6,0x82,0xe6,0x7a,0x06,0x7b,0x07,0x7b,0xed,0xb4,0x46,0x73,0x06,0x6b,
    0x26,0x73,0x26,0x73,0x88,0x7b,0x27,0x7b,0xc5,0x62,0x64,0x5a,0xc7,0x72,0x64,0x62,0xa5,0x62,0x64,0x5a,0xa8,0x83,0x46,0x73,
    0x66,0x19,0x67,0x19,0x47,0x21,0x46,0x19,0x67,0x21,0x67,0x19,0x67,0x21,0x67,0x19,0x87,0x21,0x67,0x21,0x87,0x21,0x67,0x21,
    0x87,0x21,0x87,0x21,0x67,0x21,0x87,0x21,0xa8,0x29,0xa7,0x21,0xa7,0x21,0xc7,0x29,0xc7,0x21,0xa7,0x21,0x87,0x21,0x87,0x19,
    0xa7,0x21,0x87,0x21,0xa7,0x21,0x87,0x21,0x87,0x21,0xa7,0x21,0x87,0x21,0xa7,0x21,0xa7,0x21,0xa7,0x29,0xa8,0x29,0xc8,0x29,
    0xc8,0x21,0xc8,0x21,0xc8,0x29,0xc8,0x29,0xc7,0x29,0xc8,0x29,0xa7,0x21,0xa7,0x21,0xa8,0x29,0xc7,0x29,0xc8,0x29,0xe8,0x29,
    0xa8,0x21,0xa7,0x21,0xa7,0x21,0xc8,0x29,0xa8,0x21,0xc7,0x21,0xa8,0x29,0xc7,0x29,0xc8,0x29,0xa7,0x21,0xc8,0x29,0x09,0x2a,
    0x08,0x32,0x31,0x74,0x9a,0xbe,0x9a,0xbe,0x9a,0xbe,0x96,0x9d,0x96,0x9d,0x5a,0xbe,0x39,0xb6,0x59,0xb6,0x59,0xb6,0x39,0xb6,
    0x59,0xb6,0x39,0xb6,0x59,0xb6,0x3a,0xb6,0x59,0xbe,0x59,0xb6,0x59,0xb6,0x39,0xb6,0x5a,0xb6,0x59,0xb6,0x59,0xb6,0x39,0xb6,
    0x59,0xbe,0x5a,0xb6,0x59,0xbe,0x59,0xb6,0x59,0xb6,0x5a,0xb6,0x59,0xbe,0x5a,0xb6,0x39,0xb6,0x59,0xb6,0x5a,0xbe,0x39,0xb6,
    0x5a,0xb6,0xd7,0xad,0x14,0x8d,0xf7,0xad,0x5a,0xb6,0x59,0xb6,0x59,0xb6,0x59,0xb6,0x59,0xb6,0x59,0xb6,0x39,0xb6,0x59,0xb6,
    0x5a,0xb6,0x39,0xb6,0x59,0xb6,0x59,0xb6,0x59,0xb6,0x39,0xbe,0x18,0xae,0x18,0xb6,0xd7,0xad,0x75,0x9d,0x18,0xae,0x59,0xb6,
    0x59,0xb6,0xf8,0xb5,0x95,0xa5,0x12,0xa5,0x8e,0x9c,0x49,0xa4,0x69,0xb4,0x08,0xa4,0xc9,0xa3,0x68,0x93,0x48,0x93,0x48,0x8b,
    0x27,0x83,0x88,0x93,0x47,0x8b,0x87,0x9b,0x67,0x8b,0x88,0x83,0xa8,0x83,0x26,0x6b,0x67,0x83,0x27,0x7b,0x84,0x5a,0xc6,0x5a,
    0x85,0x5a,0x27,0x7b,0x08,0x83,0xa6,0x72,0x07,0x83,0xe7,0x7a,0xe7,0x82,0x48,0x93,0xc6,0x7a,0xc6,0x82,0x27,0x8b,0xe6,0x7a,
    0x07,0x83,0x07,0x7b,0x06,0x73,0x26,0x73,0xe5,0x5a,0x06,0x6b,0x26,0x73,0x06,0x73,0xe5,0x6a,0x44,0x52,0x65,0x5a,0x65,0x5a,
    0xa6,0x62,0x26,0x73,0xc5,0x62,0x64,0x5a,0x46,0x19,0x46,0x19,0x46,0x19,0x46,0x21,0x67,0x19,0x87,0x21,0x66,0x19,0x67,0x21,
    0x66,0x19,0x87,0x21,0x67,0x19,0x67,0x21,0xc7,0x29,0x88,0x29,0x67,0x21,0x87,0x21,0x87,0x21,0x87,0x21,0xa7,0x29,0xa7,0x21,
    0xa8,0x21,0xc7,0x21,0xc7,0x21,0xa7,0x29,0xa7,0x21,0x88,0x21,0x87,0x21,0x87,0x21,0xa7,0x21,0x87,0x21,0xa7,0x21,0x87,0x21,
    0xa8,0x21,0xa7,0x21,0xc7,0x21,0xa7,0x29,0xc8,0x29,0xc7,0x29,0xc8,0x29,0xc7,0x29,0xc8,0x29,0xc8,0x21,0xc8,0x29,0xa7,0x29,
    0xa7,0x21,0xc8,0x21,0xa7,0x21,0xc8,0x29,0xa7,0x21,0xa8,0x21,0xa7,0x21,0xa8,0x29,0xa8,0x29,0xc8,0x31,0xc8,0x29,0xa8,0x29,
    0xa7,0x29,0xc7,0x29,0xe8,0x29,0x49,0x3a,0x29,0x2a,0x8b,0x42,0x31,0x6c,0xf3,0x84,0x92,0x7c,0x8f,0x5b,0xd7,0xa5,0x59,0xb6,
    0x39,0xb6,0x39,0xb6,0x39,0xb6,0x59,0xb6,0x39,0xb6,0x39,0xb6,0x39,0xb6,0x59,0xb6,0x39,0xb6,0x59,0xb6,0x39,0xb6,0x39,0xb6,
    0x39,0xb6,0x59,0xb6,0x59,0xb6,0x39,0xb6,0x5a,0xb6,0xd7,0xad,0x39,0xae,0x59,0xb6,0x39,0xb6,0x59,0xb6,0x39,0xb6,0x59,0xb6,
    0x39,0xb6,0x59,0xb6,0xf8,0xad,0x38,0xae,0x7a,0xbe,0xb2,0x84,0xce,0x6b,0x39,0xb6,0x59,0xb6,0x39,0xb6,0x59,0xb6,0x39,0xb6,
    0x39,0xb6,0x5a,0xb6,0x59,0xb6,0x39,0xbe,0x59,0xb6,0x59,0xb6,0x39,0xb6,0x39,0xb6,0x59,0xb6,0x5a,0xb6,0xd7,0xad,0xb6,0xa5,
    0x54,0xa5,0x75,0xa5,0xf7,0xad,0x18,0xb6,0x39,0xb6,0x18,0xb6,0xb6,0xad,0xf2,0x9c,0xae,0xa4,0x2b,0xa4,0xea,0x9b,0xe9,0xa3,
    0x2a,0xac,0xa8,0x9b,0x67,0x8b,0xa9,0xa3,0xa8,0x9b,0x47,0x8b,0xa8,0x9b,0xa9,0x93,0x27,0x7b,0x46,0x7b,0xa8,0x8b,0x26,0x73,
    0xe6,0x62,0xa5,0x5a,0xe6,0x6a,0xc6,0x62,0x85,0x5a,0x65,0x52,0x65,0x52,0x45,0x52,0xa6,0x62,0xc6,0x7a,0xe7,0x7a,0xc9,0xa3,
    0x48,0x93,0xe7,0x82,0xe6,0x82,0x07,0x7b,0x07,0x7b,0xc9,0x8b,0x85,0x62,0x67,0x7b,0x67,0x73,0xe5,0x62,0xe5,0x62,0xc6,0x6a,
    0xc5,0x6a,0x03,0x4a,0x45,0x5a,0x45,0x52,0x65,0x62,0xa5,0x62,0xc5,0x6a,0xa5,0x62,0x67,0x21,0x46,0x19,0x47,0x21,0x66,0x19,
    0x67,0x19,0x67,0x21,0x87,0x19,0x66,0x21,0x67,0x19,0x67,0x21,0x66,0x21,0x67,0x21,0x87,0x29,0x87,0x21,0x87,0x21,0x87,0x21,
    0x87,0x29,0x67,0x21,0x87,0x21,0x87,0x29,0x87,0x21,0x87,0x21,0xa7,0x29,0x87,0x21,0x87,0x21,0x87,0x21,0x87,0x21,0x87,0x19,
    0xa7,0x21,0x87,0x19,0x87,0x21,0x87,0x19,0x87,0x21,0xa7,0x21,0xa8,0x29,0xa7,0x21,0xa7,0x21,0xa7,0x29,0xa8,0x29,0xa7,0x29,
    0xa8,0x29,0xa7,0x21,0xa7,0x29,0xc8,0x29,0xa7,0x21,0xa7,0x21,0xa7,0x21,0xa7,0x21,0xa8,0x21,0xa7,0x21,0xa8,0x29,0xa8,0x29,
    0xa8,0x29,0xc8,0x29,0xc8,0x29,0xe8,0x29,0xc8,0x29,0xe8,0x29,0xe9,0x31,0x29,0x2a,0xe8,0x29,0x08,0x2a,0xc8,0x29,0x09,0x2a,
    0xc8,0x29,0x2e,0x53,0xf8,0xad,0x59,0xb6,0x39,0xb6,0x39,0xb6,0x39,0xb6,0x39,0xb6,0x39,0xb6,0x59,0xb6,0x39,0xb6,0x39,0xb6,
    0x39,0xb6,0x39,0xb6,0x39,0xb6,0x39,0xb6,0x39,0xb6,0x39,0xb6,0x39,0xb6,0x39,0xb6,0x75,0x9d,0x91,0x84,0x96,0xa5,0x5a,0xb6,
    0x39,0xb6,0x59,0xb6,0x59,0xb6,0x39,0xb6,0x39,0xb6,0x5a,0xb6,0xf2,0x8c,0x34,0x95,0xd7,0xa5,0xee,0x73,0x4c,0x5b,0x35,0x95,
    0x9a,0xbe,0x39,0xb6,0x39,0xb6,0x5a,0xb6,0x59,0xb6,0x39,0xbe,0x39,0xb6,0x59,0xb6,0x39,0xb6,0x59,0xb6,0x19,0xb6,0x18,0xae,
    0x59,0xbe,0xf8,0xad,0xb6,0xad,0x54,0x9d,0xb6,0xa5,0xb5,0xad,0x96,0xa5,0x96,0xa5,0xd6,0xad,0xd7,0xad,0xd5,0xad,0x8d,0xb4,
    0xa9,0x93,0xa9,0x9b,0x68,0x93,0x88,0x8b,0xc8,0x9b,0x47,0x93,0x47,0x93,0xa8,0x9b,0xa8,0x9b,0xc8,0x9b,0x26,0x8b,0x68,0x8b,
    0x88,0x8b,0x47,0x83,0xa8,0x93,0xa7,0x8b,0xe5,0x6a,0x06,0x73,0x06,0x6b,0xc5,0x6a,0x88,0x8b,0xc5,0x62,0x44,0x52,0x45,0x52,
    0xa6,0x6a,0xa6,0x6a,0x47,0x8b,0x47,0x8b,0x68,0x93,0x07,0x8b,0x07,0x83,0x46,0x7b,0xc5,0x6a,0xec,0xa4,0x26,0x73,0x47,0x7b,
    0xe5,0x6a,0x06,0x6b,0xe6,0x6a,0x05,0x6b,0x06,0x73,0x44,0x5a,0x07,0x73,0x07,0x7b,0x65,0x5a,0xa6,0x6a,0xc7,0x6a,0x65,0x5a,
    0x66,0x19,0x67,0x19,0x66,0x19,0x47,0x19,0x66,0x19,0x66,0x19,0x67,0x21,0x87,0x21,0x67,0x19,0x87,0x21,0x87,0x21,0x87,0x21,
    0x88,0x21,0xa7,0x21,0x87,0x21,0x88,0x21,0x88,0x29,0xa7,0x21,0x87,0x21,0x87,0x21,0xa7,0x29,0xa7,0x21,0xa7,0x21,0x88,0x21,
    0x87,0x21,0x67,0x21,0x88,0x21,0x87,0x21,0x87,0x21,0x87,0x19,0x87,0x21,0xa8,0x21,0xa7,0x21,0xa7,0x21,0xa7,0x29,0x87,0x21,
    0xa7,0x29,0x67,0x21,0x88,0x21,0xa7,0x21,0xc8,0x21,0xa7,0x21,0xa7,0x21,0xa7,0x21,0xa8,0x29,0xa8,0x21,0x87,0x21,0xa8,0x21,
    0xa7,0x21,0xa7,0x21,0xa7,0x29,0xa8,0x29,0xa8,0x29,0xa8,0x29,0xc8,0x29,0xa7,0x29,0xa7,0x29,0xc8,0x29,0xc8,0x29,0xe8,0x29,
    0x08,0x2a,0xe8,0x29,0x08,0x2a,0x4a,0x3a,0x0c,0x4b,0xf4,0x8c,0x18,0xae,0x39,0xb6,0x39,0xb6,0x39,0xb6,0x39,0xae,0x59,0xb6,
    0x39,0xb6,0x39,0xb6,0x39,0xb6,0x39,0xb6,0x39,0xb6,0x59,0xb6,0x39,0xb6,0x39,0xb6,0x59,0xb6,0x59,0xb6,0x5a,0xbe,0x95,0x9d,
    0xee,0x73,0x30,0x74,0x96,0xa5,0x59,0xb6,0x59,0xb6,0x97,0xa5,0xd7,0xa5,0x59,0xb6,0x39,0xb6,0x39,0xb6,0x91,0x84,0x0f,0x74,
    0x0f,0x74,0x2c,0x5b,0x0b,0x53,0x2d,0x5b,0xf8,0xad,0x7a,0xbe,0x59,0xb6,0x39,0xb6,0x39,0xb6,0x59,0xb6,0x39,0xb6,0x39,0xb6,
    0x59,0xb6,0x39,0xb6,0x39,0xb6,0x18,0xae,0xd7,0xad,0xd2,0x8c,0x95,0xa5,0xee,0x7b,0xd2,0x94,0x96,0xa5,0x55,0xa5,0xf7,0xad,
    0x17,0xb6,0xd7,0xad,0x0f,0xb5,0x4a,0xac,0xa9,0x93,0x0a,0xa4,0xc9,0x9b,0x68,0x93,0x88,0x8b,0xa8,0x93,0xa8,0x9b,0x87,0x9b,
    0x68,0x93,0x46,0x93,0xa7,0x9b,0x88,0x9b,0x27,0x83,0x88,0x93,0xc8,0x9b,0xa7,0x9b,0xa8,0x93,0xc8,0x9b,0x46,0x7b,0xc5,0x6a,
    0xc6,0x72,0x65,0x5a,0xe6,0x72,0x88,0x8b,0x27,0x83,0xe6,0x72,0xc8,0x9b,0x67,0x93,0x46,0x7b,0x87,0x83,0x27,0x8b,0x27,0x83,
    0x47,0x7b,0xc8,0x8b,0xe5,0x62,0x06,0x6b,0xe6,0x6a,0xe6,0x6a,0xe7,0x6a,0xc5,0x62,0xa6,0x6a,0x85,0x62,0xa6,0x6a,0xe6,0x72,
    0x24,0x52,0xc7,0x6a,0x48,0x83,0x85,0x62,0x87,0x19,0x66,0x21,0x47,0x19,0x66,0x21,0x67,0x19,0x67,0x21,0x67,0x19,0x86,0x21,
    0x87,0x19,0x66,0x19,0xa7,0x21,0x87,0x21,0x67,0x19,0x87,0x21,0x87,0x21,0xa7,0x21,0x87,0x29,0x87,0x19,0x87,0x21,0x87,0x21,
    0x87,0x21,0x87,0x21,0x87,0x21,0x87,0x21,0x87,0x21,0xa8,0x21,0x87,0x21,0xa7,0x21,0xa7,0x21,0xa8,0x21,0xc7,0x29,0xc8,0x21,
    0xc7,0x29,0xa8,0x29,0xc8,0x29,0xc8,0x29,0xa7,0x21,0x87,0x29,0x87,0x21,0xa8,0x29,0xa7,0x21,0xa8,0x21,0xc7,0x21,0xc7,0x21,
    0xc8,0x29,0xc7,0x29,0xc8,0x21,0xc8,0x29,0xe8,0x29,0xc8,0x29,0xc8,0x29,0xa8,0x29,0x87,0x21,0xa7,0x29,0xc8,0x21,0xa7,0x21,
    0xc8,0x29,0xc8,0x29,0xc7,0x21,0xe8,0x29,0xc8,0x29,0x08,0x2a,0x4a,0x32,0x29,0x32,0x6e,0x5b,0xd4,0x8c,0x18,0xae,0x39,0xb6,
    0x39,0xb6,0x39,0xb6,0x39,0xb6,0x39,0xb6,0x39,0xb6,0x39,0xb6,0x39,0xb6,0x59,0xb6,0x39,0xb6,0x39,0xb6,0x39,0xb6,0x59,0xb6,
    0x19,0xae,0xb7,0xa5,0x59,0xb6,0xf2,0x8c,0x8d,0x73,0xce,0x73,0x55,0x95,0x7a,0xbe,0xb7,0xa5,0x0f,0x6c,0x55,0x9d,0x5a,0xbe,
    0x59,0xb6,0x59,0xb6,0xb0,0x8c,0xad,0x73,0xac,0x6b,0x2c,0x5b,0x0c,0x53,0xeb,0x52,0xf0,0x6b,0x76,0x9d,0xb7,0xa5,0x59,0xb6,
    0x39,0xb6,0x39,0xb6,0x39,0xb6,0x39,0xb6,0x39,0xb6,0x59,0xb6,0x19,0xb6,0xd6,0xad,0x54,0x9d,0xed,0x7b,0x50,0x8c,0x6b,0x6b,
    0x2f,0x84,0x13,0x9d,0x33,0x9d,0xb6,0xad,0x95,0xa5,0xf1,0x9c,0x2a,0xa4,0x0a,0xa4,0xea,0x9b,0xc8,0x93,0xc8,0x9b,0xc9,0x9b,
    0x87,0x93,0x88,0x93,0x88,0x93,0x67,0x8b,0xc8,0xa3,0x46,0x93,0x67,0x8b,0xa8,0x9b,0x68,0x93,0x27,0x83,0x68,0x8b,0x67,0x7b,
    0x06,0x73,0x46,0x83,0xa8,0x93,0x47,0x83,0xc6,0x6a,0x85,0x6a,0xe6,0x7a,0x07,0x7b,0xa5,0x62,0xa5,0x62,0x26,0x7b,0x67,0x83,
    0x46,0x6b,0xa4,0x5a,0x67,0x8b,0x47,0x83,0x27,0x83,0x6f,0xc5,0x27,0x73,0x84,0x5a,0x85,0x62,0x65,0x5a,0x07,0x7b,0x07,0x6b,
    0x65,0x62,0x65,0x62,0xc6,0x72,0xe7,0x72,0xa5,0x62,0xa6,0x6a,0x48,0x7b,0x07,0x7b,0x66,0x19,0x67,0x19,0x67,0x21,0x87,0x19,
    0x67,0x21,0x66,0x19,0x67,0x19,0x67,0x19,0x86,0x21,0x67,0x19,0x87,0x21,0x87,0x21,0x87,0x21,0x87,0x19,0x88,0x21,0xa8,0x29,
    0x87,0x29,0x87,0x19,0x87,0x21,0x87,0x21,0x87,0x21,0x87,0x21,0xa7,0x21,0x87,0x21,0x87,0x21,0xa7,0x21,0x87,0x21,0x87,0x21,
    0xa7,0x21,0xa7,0x21,0xc8,0x21,0xa7,0x21,0xa8,0x29,0xa7,0x21,0x87,0x29,0xa7,0x21,0x87,0x21,0xa8,0x29,0xa7,0x29,0xa8,0x21,
    0x87,0x21,0xc8,0x29,0xc8,0x29,0xc8,0x21,0xa7,0x21,0xc8,0x21,0xc8,0x29,0xc7,0x21,0xe8,0x29,0xc8,0x29,0xc8,0x29,0xc8,0x29,
    0xa8,0x29,0xc8,0x29,0xc8,0x29,0xc8,0x29,0xc7,0x21,0xc8,0x29,0xe8,0x29,0xe8,0x29,0xc8,0x29,0xe8,0x29,0x08,0x32,0xa8,0x21,
    0xcb,0x42,0xb7,0x9d,0x39,0xb6,0x39,0xb6,0x39,0xb6,0x39,0xae,0x59,0xb6,0x39,0xb6,0x39,0xb6,0x59,0xb6,0x39,0xb6,0x39,0xae,
    0x39,0xb6,0x39,0xb6,0x59,0xb6,0x18,0xae,0x75,0x9d,0x2f,0x7c,0xd2,0x8c,0xee,0x73,0xad,0x6b,0xae,0x6b,0xef,0x73,0x55,0x95,
    0x51,0x7c,0x30,0x7c,0xf7,0xad,0x59,0xb6,0xd7,0xa5,0x59,0xb6,0x75,0x9d,0x8c,0x73,0xac,0x73,0xeb,0x52,0xeb,0x52,0x0c,0x53,
    0x6e,0x5b,0xcf,0x63,0x11,0x6c,0x59,0xb6,0x39,0xb6,0x59,0xb6,0x59,0xb6,0x39,0xb6,0x59,0xb6,0x96,0xa5,0xb6,0xa5,0x95,0xa5,
    0x2e,0x84,0xcc,0x7b,0x0a,0x63,0x6c,0x6b,0x8d,0x6b,0x30,0x84,0xf2,0x94,0xb0,0x94,0x90,0x8c,0xcb,0x83,0xe9,0xa3,0xe9,0x9b,
    0xa9,0x93,0xc9,0x9b,0xe9,0xa3,0xe9,0xa3,0xc9,0x9b,0x67,0x8b,0x87,0x93,0x87,0x93,0xc9,0x9b,0xa8,0x9b,0x27,0x83,0x47,0x8b,
    0x67,0x93,0x47,0x93,0x88,0x93,0x26,0x73,0xe5,0x62,0x06,0x73,0x06,0x73,0x06,0x73,0x67,0x8b,0x88,0x9b,0x27,0x8b,0xe6,0x82,
    0x06,0x7b,0x46,0x73,0x46,0x6b,0x87,0x7b,0x26,0x6b,0x84,0x5a,0xc5,0x62,0x06,0x73,0xa6,0x6a,0x4f,0xbd,0xa8,0x8b,0x47,0x7b,
    0x06,0x73,0x44,0x52,0x07,0x73,0x27,0x73,0x65,0x5a,0x45,0x5a,0xa5,0x62,0x07,0x73,0x26,0x73,0x28,0x7b,0x28,0x7b,0xa5,0x6a,
    0x47,0x19,0x87,0x21,0x66,0x19,0x46,0x19,0x67,0x19,0x67,0x21,0x66,0x19,0x67,0x21,0x87,0x19,0x87,0x21,0x67,0x19,0x87,0x21,
    0x67,0x21,0x87,0x21,0x87,0x21,0x87,0x29,0xa8,0x29,0x67,0x19,0x87,0x21,0xa7,0x21,0xa7,0x21,0x86,0x19,0x87,0x21,0x87,0x19,
    0x87,0x21,0x87,0x29,0x87,0x21,0x87,0x21,0x88,0x21,0x87,0x21,0x87,0x21,0x87,0x21,0x87,0x29,0x87,0x21,0x87,0x21,0xa7,0x29,
    0xa7,0x21,0xa7,0x21,0xa8,0x29,0xa7,0x29,0x87,0x21,0xc7,0x21,0xc7,0x21,0xa7,0x29,0xa7,0x29,0xc7,0x21,0xc7,0x21,0xa8,0x21,
    0xc7,0x21,0xc8,0x29,0xa7,0x29,0xc8,0x29,0xa8,0x29,0xc7,0x21,0xc8,0x21,0xc7,0x21,0xa8,0x29,0xc8,0x21,0xc8,0x21,0xe8,0x29,
    0xe8,0x29,0xa8,0x29,0xc8,0x29,0x08,0x2a,0xec,0x4a,0x97,0xa5,0x9a,0xbe,0x39,0xb6,0x39,0xb6,0x39,0xb6,0x39,0xb6,0x39,0xb6,
    0x39,0xb6,0x39,0xae,0x39,0xb6,0x39,0xb6,0x38,0xb6,0x59,0xb6,0x75,0x9d,0xb2,0x84,0x2f,0x7c,0xee,0x73,0x4c,0x63,0x6c,0x6b,
    0xad,0x6b,0xae,0x6b,0xce,0x73,0xce,0x6b,0xae,0x6b,0xb2,0x84,0x96,0xa5,0x33,0x95,0xad,0x73,0x50,0x84,0xd2,0x8c,0x8c,0x6b,
    0x6b,0x6b,0xeb,0x52,0x2b,0x63,0x2c,0x53,0x8e,0x63,0x4e,0x5b,0x6e,0x5b,0x96,0xa5,0x7a,0xbe,0xf8,0xad,0x35,0x95,0x39,0xb6,
    0x7a,0xb6,0xd2,0x8c,0x70,0x8c,0xb1,0x8c,0xe9,0x62,0x4a,0x6b,0x0a,0x63,0x4b,0x6b,0x6d,0x6b,0xcd,0x73,0xed,0x83,0xed,0x83,
    0x6b,0x7b,0x4a,0x73,0xa9,0x93,0xe9,0x9b,0x68,0x93,0x88,0x93,0xe9,0xa3,0xa9,0x9b,0x68,0x8b,0x88,0x8b,0x67,0x8b,0x68,0x93,
    0x68,0x93,0xea,0xa3,0xe9,0x9b,0x27,0x83,0x89,0x9b,0xe7,0x82,0x68,0x93,0x47,0x83,0x27,0x83,0x47,0x83,0x06,0x73,0xa5,0x62,
    0x06,0x7b,0x26,0x83,0xe6,0x82,0x27,0x8b,0x06,0x83,0x87,0x83,0x05,0x6b,0x06,0x6b,0xe5,0x6a,0x84,0x5a,0xc5,0x6a,0xe6,0x6a,
    0x06,0x73,0x67,0x7b,0xe5,0x72,0x87,0x8b,0x06,0x73,0xc6,0x6a,0xa5,0x62,0x85,0x5a,0xe3,0x39,0x04,0x4a,0x45,0x62,0x88,0x83,
    0xe6,0x72,0x07,0x73,0xaa,0x8b,0x48,0x83,0x66,0x19,0x67,0x19,0x67,0x21,0x67,0x19,0x66,0x19,0x87,0x21,0x67,0x19,0x66,0x19,
    0x67,0x21,0x87,0x21,0x87,0x21,0x66,0x21,0x67,0x21,0x87,0x21,0x67,0x21,0xa8,0x29,0x87,0x29,0x87,0x19,0x86,0x21,0x87,0x21,
    0x87,0x19,0x87,0x21,0x87,0x19,0x87,0x21,0x67,0x21,0xa7,0x21,0x88,0x21,0x87,0x21,0x87,0x21,0x87,0x19,0x87,0x21,0xa7,0x21,
    0xa7,0x21,0xa8,0x29,0xa7,0x21,0x87,0x21,0xa8,0x21,0x87,0x29,0x87,0x21,0x87,0x21,0xa7,0x21,0x87,0x21,0x87,0x21,0x87,0x21,
    0xa8,0x21,0xa7,0x21,0xc8,0x21,0xa7,0x29,0xa7,0x21,0xa7,0x21,0xa8,0x29,0xa7,0x29,0x88,0x21,0xa7,0x29,0xa7,0x21,0xa8,0x21,
    0xa7,0x21,0xa8,0x21,0xa7,0x21,0xa8,0x29,0xc7,0x29,0xe8,0x29,0x4a,0x3a,0x2d,0x53,0x8e,0x5b,0x51,0x74,0xd4,0x8c,0xf7,0xa5,
    0x39,0xb6,0x38,0xb6,0x39,0xb6,0x59,0xb6,0x58,0xb6,0x39,0xb6,0x38,0xb6,0x59,0xb6,0x39,0xb6,0x5a,0xb6,0x13,0x95,0x0e,0x7c,
    0x0e,0x7c,0x6c,0x6b,0x2b,0x5b,0x4c,0x6b,0xae,0x73,0x8c,0x6b,0xad,0x6b,0x8d,0x6b,0x6d,0x63,0xae,0x6b,0x70,0x84,0xcd,0x73,
    0x8c,0x6b,0xeb,0x62,0x4b,0x63,0x6b,0x6b,0x0b,0x5b,0xea,0x5a,0x2c,0x63,0x0b,0x5b,0xec,0x4a,0xab,0x42,0x0d,0x4b,0xd7,0xa5,
    0x55,0x95,0xd0,0x63,0xd0,0x6b,0xd3,0x84,0x39,0xb6,0x54,0xa5,0x8b,0x73,0x2a,0x63,0x4a,0x6b,0x2a,0x6b,0x4b,0x6b,0x0b,0x5b,
    0x0b,0x5b,0x0b,0x63,0x6b,0x6b,0x6a,0x7b,0x2a,0x73,0x89,0x8b,0x8a,0x93,0x68,0x8b,0xa8,0x9b,0xa8,0xa3,0x48,0x8b,0x69,0x8b,
    0x28,0x8b,0x68,0x8b,0x88,0x9b,0x88,0x93,0xea,0xa3,0xe9,0xa3,0x67,0x93,0xc9,0x9b,0x68,0x93,0x07,0x7b,0x68,0x93,0x47,0x83,
    0x06,0x83,0x67,0x93,0x88,0x93,0x05,0x6b,0xe5,0x6a,0x26,0x7b,0x47,0x83,0xa8,0x9b,0x87,0x8b,0xa7,0x93,0x46,0x73,0x84,0x52,
    0xc5,0x62,0x06,0x6b,0xe6,0x6a,0xe5,0x6a,0x27,0x73,0xe5,0x6a,0x85,0x62,0x05,0x73,0x06,0x6b,0x06,0x73,0x89,0x83,0xe6,0x6a,
    0x04,0x4a,0xe4,0x41,0x45,0x5a,0x85,0x62,0xc5,0x6a,0xa6,0x62,0xe7,0x72,0x48,0x83,0x66,0x19,0x66,0x19,0x66,0x19,0x67,0x21,
    0x66,0x19,0x67,0x21,0x87,0x19,0x66,0x19,0x86,0x19,0x67,0x19,0x87,0x21,0x67,0x21,0x67,0x21,0x87,0x21,0x87,0x19,0x87,0x29,
    0xa7,0x29,0x87,0x21,0x87,0x19,0xa7,0x21,0x86,0x19,0x87,0x21,0x87,0x21,0x86,0x19,0x87,0x21,0x88,0x21,0x87,0x21,0xa7,0x21,
    0x87,0x21,0x87,0x21,0x87,0x19,0xa7,0x21,0xa7,0x29,0xa7,0x29,0xa8,0x29,0xc7,0x21,0xc7,0x21,0xc8,0x29,0xa8,0x29,0xa8,0x29,
    0xa7,0x29,0xa8,0x21,0xa7,0x29,0xa7,0x21,0xa7,0x21,0xa7,0x21,0xa7,0x21,0xc7,0x21,0xc8,0x21,0xa7,0x29,0xc8,0x29,0xa8,0x29,
    0xa7,0x29,0xa8,0x21,0xc7,0x21,0xc8,0x29,0xc8,0x29,0xc8,0x29,0xc8,0x29,0xc8,0x29,0xe8,0x29,0x49,0x32,0x49,0x3a,0x09,0x2a,
    0x09,0x32,0x29,0x32,0x29,0x32,0xcc,0x42,0x96,0x9d,0x59,0xb6,0x38,0xae,0x39,0xb6,0x39,0xb6,0x38,0xb6,0x39,0xae,0x39,0xb6,
    0x39,0xb6,0x59,0xb6,0xf7,0xad,0x91,0x84,0xac,0x73,0x6c,0x73,0x0b,0x5b,0x2c,0x5b,0xce,0x7b,0x4b,0x63,0x2b,0x63,0x4d,0x63,
    0x4c,0x63,0x0c,0x53,0x70,0x84,0xee,0x83,0x8c,0x6b,0x2b,0x63,0x4b,0x63,0x2b,0x63,0xaa,0x52,0xcb,0x5a,0x2b,0x63,0xeb,0x52,
    0x6b,0x42,0x8b,0x42,0x6e,0x5b,0x10,0x6c,0x0d,0x53,0xcb,0x42,0x2d,0x53,0x6e,0x5b,0x95,0x9d,0xd2,0x94,0x6b,0x6b,0x2b,0x63,
    0x4a,0x6b,0x2a,0x6b,0xea,0x62,0xea,0x5a,0xea,0x5a,0x2a,0x6b,0x09,0x6b,0x29,0x73,0x29,0x73,0x4a,0x83,0x8a,0x93,0x89,0x93,
    0xe9,0x9b,0xc9,0xa3,0x68,0x93,0x48,0x8b,0xe7,0x82,0x48,0x8b,0x29,0xac,0xe8,0x9b,0xea,0x9b,0xc8,0x9b,0xa8,0x9b,0x89,0x9b,
    0x68,0x93,0x47,0x8b,0xa9,0x9b,0x47,0x8b,0x06,0x83,0x27,0x83,0x26,0x83,0x26,0x73,0xe6,0x6a,0x05,0x6b,0x26,0x7b,0x06,0x73,
    0x26,0x7b,0x06,0x6b,0xa4,0x62,0x84,0x62,0xe6,0x62,0x06,0x6b,0x64,0x52,0xc5,0x62,0x84,0x5a,0x06,0x63,0xa5,0x5a,0xc5,0x62,
    0xc5,0x62,0xa5,0x62,0xc6,0x62,0x64,0x5a,0x65,0x5a,0xc3,0x41,0x64,0x5a,0xa5,0x62,0x07,0x7b,0x48,0x7b,0x45,0x5a,0x46,0x5a,
    0x66,0x19,0x67,0x19,0x66,0x19,0x67,0x19,0x67,0x21,0x66,0x19,0x87,0x21,0x67,0x21,0x66,0x19,0x86,0x19,0x67,0x21,0x87,0x21,
    0x67,0x21,0x67,0x21,0x67,0x21,0xa8,0x21,0xa7,0x29,0x87,0x19,0x87,0x21,0x87,0x19,0x87,0x21,0x87,0x21,0xa7,0x21,0x67,0x19,
    0x87,0x21,0xa7,0x29,0x67,0x21,0x67,0x21,0x87,0x21,0x87,0x21,0xa7,0x21,0x87,0x21,0x87,0x21,0xa7,0x21,0x87,0x21,0xc8,0x21,
    0xa7,0x29,0xc8,0x29,0xc8,0x29,0xc7,0x29,0xc8,0x29,0xa7,0x29,0xa7,0x21,0xc8,0x29,0xa8,0x21,0xa7,0x21,0xc8,0x21,0xc7,0x29,
    0xc8,0x21,0xa7,0x21,0xa8,0x29,0xa8,0x29,0xa7,0x29,0xc8,0x29,0xc8,0x29,0xc8,0x29,0xe8,0x29,0xe8,0x29,0x08,0x2a,0xe8,0x29,
    0x08,0x2a,0xe8,0x29,0xe9,0x29,0xe8,0x29,0xcb,0x4a,0xec,0x4a,0xcb,0x42,0xae,0x63,0xf8,0xad,0x59,0xb6,0x39,0xb6,0x38,0xb6,
    0x39,0xae,0x39,0xb6,0x38,0xb6,0x38,0xb6,0x59,0xb6,0x34,0x95,0x13,0x95,0x4f,0x84,0x4b,0x6b,0x8c,0x73,0x4b,0x63,0x2c,0x63,
    0xcd,0x73,0x6c,0x6b,0x4c,0x63,0x0b,0x5b,0x2c,0x5b,0x8d,0x63,0xcd,0x73,0x6b,0x6b,0x6b,0x6b,0x6b,0x6b,0x4b,0x6b,0x4c,0x6b,
    0x0b,0x63,0xcb,0x52,0x4c,0x6b,0x4b,0x63,0xcb,0x4a,0x0b,0x53,0xcb,0x4a,0x4a,0x3a,0xcb,0x42,0x2c,0x5b,0x0c,0x53,0x0d,0x53,
    0x6d,0x63,0x2c,0x5b,0x8a,0x4a,0x2a,0x63,0x09,0x63,0xc9,0x5a,0xe9,0x5a,0x4b,0x73,0xea,0x62,0x2a,0x6b,0x29,0x7b,0x29,0x73,
    0x09,0x73,0x08,0x7b,0x6a,0x93,0x8a,0x93,0x69,0x93,0x68,0x93,0x88,0x93,0x68,0x93,0x06,0x83,0x68,0x8b,0x88,0x93,0xa7,0x93,
    0x66,0x8b,0xa8,0x9b,0xc8,0xa3,0xa8,0x93,0x47,0x8b,0x47,0x93,0x68,0x93,0x47,0x8b,0x68,0x93,0x06,0x7b,0x47,0x83,0x48,0x8b,
    0x27,0x83,0x26,0x7b,0xe5,0x6a,0x06,0x73,0xe5,0x6a,0xe6,0x72,0x27,0x8b,0x26,0x83,0x87,0x83,0x46,0x7b,0xc5,0x6a,0xc5,0x62,
    0x03,0x42,0xe5,0x62,0xc6,0x62,0xa6,0x62,0x64,0x5a,0x45,0x4a,0xc6,0x62,0x85,0x62,0xa5,0x62,0x85,0x62,0x07,0x73,0x07,0x7b,
    0xc6,0x62,0xc7,0x6a,0xa7,0x6a,0xa6,0x6a,0x66,0x19,0x66,0x21,0x66,0x19,0x66,0x19,0x67,0x19,0x67,0x21,0x67,0x19,0x86,0x19,
    0x87,0x21,0x67,0x21,0x87,0x21,0x87,0x21,0x87,0x21,0x87,0x21,0x87,0x21,0x88,0x29,0xa8,0x29,0xa7,0x21,0x87,0x21,0x87,0x21,
    0x87,0x21,0xa7,0x19,0x86,0x21,0x87,0x19,0x87,0x29,0x87,0x29,0x67,0x21,0x87,0x21,0x88,0x29,0xa7,0x21,0xa7,0x29,0xa7,0x21,
    0xa8,0x29,0x87,0x29,0x87,0x21,0x87,0x21,0xa7,0x21,0xa7,0x21,0xa7,0x29,0xa8,0x21,0xa7,0x29,0xc8,0x29,0xa8,0x29,0xa7,0x21,
    0xc8,0x29,0xe8,0x29,0xc7,0x21,0xc8,0x21,0xc7,0x29,0xa7,0x21,0xc8,0x29,0xc7,0x29,0xa8,0x29,0xa8,0x29,0xc8,0x29,0xe8,0x29,
    0xc7,0x29,0xc8,0x29,0xe8,0x29,0xe9,0x29,0xe8,0x29,0xe9,0x29,0xab,0x42,0x2d,0x53,0x2d,0x53,0xab,0x42,0xec,0x4a,0x0d,0x4b,
    0xaf,0x63,0xb7,0xa5,0x31,0x74,0x14,0x8d,0x79,0xbe,0x18,0xb6,0x39,0xae,0x39,0xb6,0x59,0xb6,0x13,0x95,0x8c,0x73,0x6c,0x6b,
    0x2b,0x63,0x2b,0x6b,0x8b,0x6b,0x6c,0x6b,0x4c,0x63,0x2b,0x63,0x2b,0x63,0x2b,0x63,0x6d,0x6b,0x6c,0x6b,0x8c,0x6b,0x6b,0x6b,
    0x6b,0x6b,0x8c,0x6b,0x2b,0x63,0x2b,0x63,0x0b,0x5b,0xcb,0x5a,0xeb,0x5a,0xcb,0x52,0x2b,0x63,0x4c,0x6b,0xcb,0x4a,0xcb,0x4a,
    0x6b,0x63,0x4b,0x5b,0xcb,0x4a,0x0c,0x53,0xeb,0x5a,0xaa,0x4a,0xea,0x52,0x49,0x73,0x6a,0x7b,0x09,0x6b,0x4b,0x73,0x8a,0x7b,
    0x09,0x6b,0x29,0x73,0x29,0x7b,0x29,0x7b,0x09,0x7b,0x09,0x83,0x49,0x8b,0x49,0x8b,0x49,0x93,0x89,0x93,0xa8,0x9b,0x68,0x93,
    0x68,0x8b,0xe8,0x9b,0x26,0x83,0x87,0x93,0xc8,0x9b,0x09,0xa4,0xa8,0x9b,0xc9,0xa3,0x68,0x9b,0x26,0x8b,0xa8,0x9b,0x46,0x8b,
    0x07,0x83,0xe6,0x7a,0x27,0x8b,0x48,0x8b,0x26,0x83,0x47,0x8b,0x47,0x83,0x47,0x8b,0x27,0x8b,0x07,0x8b,0x67,0x93,0x47,0x93,
    0x67,0x93,0xa7,0x93,0x26,0x7b,0x06,0x73,0xa5,0x5a,0x06,0x6b,0xa5,0x62,0x44,0x5a,0x25,0x4a,0xe4,0x41,0x2b,0x94,0x27,0x73,
    0xe6,0x6a,0x45,0x5a,0x07,0x7b,0x08,0x7b,0x08,0x73,0xc7,0x62,0x45,0x5a,0x48,0x7b,0x67,0x19,0x86,0x19,0x67,0x19,0x66,0x21,
    0x67,0x19,0x86,0x21,0x67,0x19,0x67,0x21,0x87,0x19,0x87,0x21,0x87,0x21,0x67,0x21,0x87,0x21,0x87,0x21,0x67,0x21,0xa8,0x29,
    0xa7,0x21,0x87,0x21,0x87,0x21,0x87,0x19,0x86,0x21,0x87,0x21,0x87,0x21,0x67,0x21,0x87,0x21,0xa7,0x29,0x67,0x21,0x87,0x21,
    0x87,0x29,0xa7,0x21,0x87,0x21,0x87,0x21,0x87,0x21,0x88,0x29,0x87,0x21,0xa7,0x21,0x87,0x21,0x88,0x21,0xa7,0x29,0x88,0x29,
    0xa7,0x21,0xa7,0x29,0xc7,0x29,0xe8,0x21,0xe7,0x21,0xc8,0x29,0xe8,0x29,0xc8,0x29,0xe8,0x21,0xc8,0x29,0xc7,0x29,0xa8,0x21,
    0xa8,0x29,0xa8,0x29,0xc7,0x29,0xc8,0x29,0xe8,0x31,0xe8,0x29,0xe8,0x29,0xc8,0x29,0xe8,0x29,0xe8,0x29,0xe8,0x29,0x8a,0x3a,
    0x6a,0x3a,0xe9,0x29,0x09,0x2a,0xc8,0x29,0x6b,0x3a,0xab,0x42,0x29,0x32,0x31,0x74,0x5a,0xbe,0x59,0xb6,0x96,0xa5,0xb2,0x84,
    0x75,0x9d,0x34,0x9d,0xed,0x7b,0xee,0x7b,0x8d,0x73,0xad,0x73,0xee,0x7b,0x2b,0x63,0x2b,0x63,0xea,0x5a,0x2c,0x63,0x2b,0x63,
    0x2b,0x63,0xeb,0x52,0x2b,0x63,0xab,0x73,0x8b,0x73,0x4b,0x6b,0xeb,0x5a,0xeb,0x5a,0x2b,0x63,0xcb,0x5a,0xcb,0x52,0xec,0x5a,
    0xcb,0x52,0xcb,0x52,0xca,0x4a,0x4b,0x63,0xcb,0x83,0x2a,0x63,0x2b,0x5b,0x2a,0x63,0xcb,0x4a,0x0a,0x63,0x4a,0x6b,0x49,0x73,
    0x08,0x6b,0xe9,0x62,0x4a,0x73,0x4a,0x7b,0x49,0x7b,0x28,0x73,0x09,0x7b,0xe9,0x72,0x09,0x83,0xe9,0x7a,0x4a,0x8b,0x29,0x8b,
    0x29,0x8b,0xc9,0xa3,0xe8,0x9b,0x88,0x9b,0xc8,0x9b,0xe8,0x9b,0xe8,0xa3,0xa8,0x9b,0xc8,0x9b,0xc7,0xa3,0xe9,0x9b,0x67,0x8b,
    0x47,0x93,0x87,0x93,0x87,0x93,0xe6,0x7a,0x06,0x7b,0x68,0x8b,0x88,0x8b,0xe6,0x72,0x88,0x93,0xa9,0x9b,0x28,0x93,0x68,0x93,
    0x48,0x9b,0x06,0x8b,0x67,0x8b,0x26,0x8b,0x06,0x83,0x87,0x93,0x46,0x83,0x47,0x83,0xe5,0x62,0xca,0x8b,0xc6,0x6a,0x04,0x52,
    0xe4,0x49,0x25,0x5a,0x07,0x6b,0xa6,0x62,0xe6,0x72,0x65,0x5a,0xa6,0x62,0x89,0x83,0x07,0x73,0x28,0x73,0xa9,0x8b,0x88,0x83,
    0x46,0x19,0x67,0x19,0x66,0x19,0x67,0x21,0x67,0x19,0x67,0x19,0x87,0x21,0x66,0x19,0x66,0x19,0x87,0x21,0x88,0x21,0x87,0x21,
    0x67,0x19,0xa8,0x21,0x67,0x21,0xa7,0x21,0x87,0x29,0x87,0x19,0x87,0x21,0x86,0x19,0x87,0x19,0x87,0x21,0xa7,0x21,0x68,0x21,
    0x87,0x29,0x87,0x29,0x87,0x21,0xa8,0x21,0xa7,0x29,0xa8,0x21,0xa7,0x21,0x87,0x21,0x87,0x21,0xa7,0x29,0x87,0x21,0xa7,0x19,
    0xa7,0x21,0x87,0x21,0x88,0x29,0x87,0x21,0xa7,0x29,0xa8,0x21,0xa7,0x29,0xa7,0x21,0xc8,0x29,0xc7,0x21,0xc8,0x21,0xc7,0x21,
    0xc7,0x29,0xa8,0x29,0xa8,0x29,0xa7,0x29,0xa8,0x29,0xa7,0x29,0xa8,0x21,0xa7,0x29,0xc8,0x29,0xc8,0x29,0xc8,0x29,0xc8,0x29,
    0xc8,0x29,0x08,0x2a,0xe8,0x29,0xe8,0x29,0xe8,0x29,0xe9,0x29,0xc8,0x29,0xe9,0x31,0x6a,0x3a,0xaf,0x63,0xb3,0x84,0xf8,0xad,
    0x38,0xb6,0x17,0xae,0x75,0x9d,0x0e,0x7c,0x2f,0x7c,0x71,0x84,0x2f,0x7c,0x71,0x8c,0x2e,0x84,0xad,0x73,0xcd,0x73,0x8b,0x73,
    0x6c,0x6b,0x4b,0x6b,0x0b,0x5b,0xeb,0x5a,0xcb,0x5a,0xaa,0x4a,0x2b,0x63,0xab,0x73,0x6b,0x6b,0xea,0x5a,0xeb,0x5a,0x0a,0x5b,
    0xea,0x5a,0x8a,0x4a,0x8a,0x4a,0xeb,0x5a,0xcb,0x4a,0x69,0x42,0xaa,0x4a,0xab,0x7b,0x8a,0x73,0x6a,0x73,0x49,0x6b,0x6b,0x73,
    0xca,0x5a,0xea,0x5a,0x29,0x6b,0x29,0x73,0x09,0x73,0xe9,0x6a,0x09,0x73,0x2a,0x73,0x28,0x73,0x08,0x73,0x09,0x73,0x09,0x7b,
    0x09,0x83,0xe9,0x82,0x28,0x83,0x49,0x8b,0x68,0x93,0xa8,0x9b,0xa7,0x93,0x87,0x93,0x87,0x93,0xc7,0x9b,0xc7,0x9b,0x46,0x83,
    0x67,0x8b,0x46,0x8b,0x67,0x93,0x26,0x8b,0xa5,0x7a,0x27,0x8b,0x46,0x7b,0x26,0x7b,0xc5,0x6a,0xc5,0x62,0x06,0x6b,0x64,0x5a,
    0xe6,0x7a,0x27,0x8b,0x68,0x93,0x07,0x8b,0xc6,0x7a,0x47,0x8b,0xe5,0x72,0xa5,0x6a,0x06,0x7b,0x47,0x8b,0x06,0x83,0x47,0x7b,
    0xc5,0x6a,0x47,0x7b,0xe5,0x6a,0x47,0x7b,0x85,0x6a,0xc6,0x72,0x85,0x72,0xc5,0x72,0xa5,0x6a,0x65,0x52,0x85,0x5a,0xe7,0x72,
    0xa6,0x62,0xc7,0x62,0x4c,0xa4,0x85,0x62,0x47,0x19,0x66,0x19,0x67,0x21,0x66,0x19,0x67,0x21,0x66,0x19,0x67,0x21,0x67,0x21,
    0x87,0x19,0x66,0x19,0x67,0x21,0x87,0x29,0x67,0x21,0x66,0x21,0x67,0x21,0xa8,0x29,0xa8,0x29,0x87,0x19,0xa7,0x21,0x87,0x21,
    0x87,0x21,0x87,0x21,0x87,0x21,0x67,0x19,0x87,0x21,0xa7,0x29,0x88,0x21,0xa8,0x29,0x87,0x21,0x87,0x21,0xa7,0x21,0x87,0x21,
    0x87,0x21,0x87,0x29,0x87,0x21,0x87,0x21,0x87,0x21,0x88,0x29,0xa8,0x29,0xa7,0x21,0xa7,0x29,0xc8,0x29,0x87,0x21,0xa7,0x29,
    0xa7,0x21,0xa7,0x29,0xa7,0x21,0xa7,0x21,0xa8,0x21,0x87,0x21,0xa8,0x29,0xa7,0x29,0xa8,0x29,0xa7,0x21,0xa7,0x29,0xa7,0x21,
    0xa7,0x29,0xa8,0x21,0xa7,0x29,0xa7,0x29,0xc8,0x21,0xe8,0x29,0xe8,0x29,0x09,0x2a,0xe8,0x29,0xe8,0x29,0xe8,0x29,0x6a,0x3a,
    0x0c,0x4b,0x92,0x7c,0xb3,0x84,0x96,0x9d,0x59,0xbe,0x75,0x9d,0x2f,0x7c,0x0e,0x7c,0xee,0x73,0xcd,0x73,0xad,0x7b,0xad,0x73,
    0xcd,0x73,0xcc,0x7b,0x0a,0x63,0x6c,0x6b,0x4b,0x6b,0x2b,0x63,0xeb,0x5a,0xaa,0x52,0xaa,0x52,0x0b,0x5b,0x6b,0x6b,0x8b,0x6b,
    0x4b,0x6b,0x4b,0x63,0xeb,0x5a,0x0b,0x63,0x0b,0x63,0xca,0x52,0xeb,0x5a,0x0b,0x5b,0xcb,0x52,0x8a,0x42,0xea,0x52,0xaa,0x7b,
    0x89,0x7b,0x69,0x7b,0x8a,0x7b,0x29,0x6b,0x0a,0x63,0xc9,0x52,0x4a,0x73,0x29,0x73,0x29,0x73,0x09,0x73,0x29,0x73,0x29,0x7b,
    0x49,0x7b,0x29,0x7b,0x09,0x7b,0xe8,0x7a,0x09,0x83,0xe9,0x7a,0xe8,0x82,0x68,0x93,0x48,0x93,0xc8,0xa3,0xc8,0xa3,0x47,0x83,
    0xc9,0x9b,0xa7,0x93,0x67,0x8b,0x67,0x8b,0x46,0x8b,0x27,0x83,0x06,0x83,0x27,0x8b,0x48,0x93,0xc6,0x82,0x47,0x83,0x87,0x83,
    0x06,0x6b,0x46,0x7b,0xe6,0x72,0xa5,0x62,0xc6,0x72,0xe6,0x72,0x27,0x83,0x47,0x8b,0x26,0x93,0xe8,0xa3,0x87,0x8b,0x47,0x8b,
    0x67,0x7b,0x26,0x7b,0x05,0x73,0x26,0x73,0xe6,0x7a,0x67,0x7b,0x26,0x73,0x26,0x83,0xc5,0x7a,0x07,0x7b,0xad,0xac,0xe6,0x7a,
    0xe6,0x82,0x24,0x52,0xa6,0x62,0x07,0x73,0x65,0x52,0x25,0x52,0x66,0x5a,0xe3,0x41,0x66,0x19,0x67,0x19,0x67,0x19,0x67,0x19,
    0x67,0x21,0x67,0x19,0x67,0x21,0x66,0x19,0x87,0x21,0x66,0x19,0x87,0x21,0x87,0x21,0x87,0x21,0x67,0x21,0x67,0x19,0xa7,0x29,
    0xa7,0x29,0x87,0x21,0x86,0x19,0x87,0x19,0x86,0x21,0x87,0x19,0x87,0x21,0x87,0x21,0x67,0x21,0xa7,0x29,0x67,0x21,0x87,0x21,
    0x87,0x29,0xa7,0x21,0xa7,0x21,0x87,0x21,0x88,0x29,0xa7,0x21,0x87,0x21,0xa7,0x29,0x87,0x21,0xa7,0x29,0xa8,0x29,0x87,0x21,
    0xa7,0x21,0x87,0x21,0xa7,0x29,0xa7,0x21,0xa8,0x29,0xa7,0x21,0xa7,0x29,0xa7,0x21,0xa7,0x29,0xa7,0x21,0xa8,0x29,0xa8,0x29,
    0x87,0x21,0xa7,0x29,0xa8,0x21,0xa7,0x29,0xa8,0x21,0xc7,0x21,0xa8,0x21,0xa7,0x29,0xc7,0x21,0xa7,0x21,0xc8,0x29,0xc8,0x29,
    0xc7,0x29,0xc8,0x21,0x29,0x2a,0x8b,0x42,0xcc,0x42,0x4a,0x3a,0x29,0x32,0xd0,0x63,0x58,0xbe,0x34,0x9d,0xcd,0x73,0x8b,0x73,
    0x8c,0x7b,0x6b,0x6b,0x8c,0x6b,0x6c,0x6b,0x2b,0x63,0x8c,0x73,0x4b,0x6b,0x4b,0x6b,0x4b,0x6b,0x4b,0x63,0x4c,0x6b,0xeb,0x5a,
    0xea,0x5a,0x4b,0x63,0x2b,0x63,0x6b,0x6b,0x6b,0x6b,0x6b,0x6b,0x0b,0x63,0xca,0x52,0xea,0x62,0xeb,0x5a,0xcb,0x5a,0xca,0x52,
    0xeb,0x5a,0x2a,0x63,0x6a,0x7b,0x8a,0x83,0xa9,0x83,0x89,0x83,0x69,0x7b,0x29,0x6b,0x29,0x6b,0x0a,0x63,0xe8,0x62,0x09,0x73,
    0x29,0x7b,0x08,0x6b,0x69,0x7b,0xaa,0x8b,0x08,0x7b,0x29,0x7b,0xc8,0x72,0xe9,0x72,0xc8,0x7a,0xe9,0x82,0x29,0x83,0x88,0x93,
    0xa8,0x9b,0xa7,0xa3,0xe8,0xa3,0x87,0x9b,0x67,0x8b,0x88,0x93,0x67,0x8b,0x87,0x93,0xa8,0x9b,0xc9,0xa3,0x68,0x93,0x88,0x9b,
    0x47,0x93,0x26,0x8b,0x47,0x83,0x87,0x83,0x66,0x7b,0x26,0x73,0xc5,0x6a,0x26,0x7b,0xc5,0x62,0x06,0x73,0xe6,0x72,0xc6,0x7a,
    0xa6,0x72,0x27,0x8b,0x27,0x8b,0xa8,0x93,0xa8,0x8b,0x87,0x83,0x06,0x73,0xa4,0x62,0xa6,0x6a,0x06,0x73,0xc6,0x62,0x26,0x7b,
    0xc6,0x7a,0x88,0x8b,0x6f,0xcd,0x47,0x83,0xc8,0xa3,0x24,0x5a,0xa5,0x62,0x48,0x7b,0x88,0x83,0xe6,0x72,0x85,0x62,0xa6,0x6a,
    0x67,0x19,0x66,0x21,0x66,0x19,0x67,0x21,0x66,0x19,0x87,0x21,0x67,0x21,0x66,0x19,0x87,0x21,0x87,0x21,0x87,0x21,0x88,0x21,
    0x67,0x21,0xa7,0x21,0x67,0x21,0x87,0x21,0xc8,0x31,0x87,0x21,0x87,0x19,0x87,0x21,0x87,0x21,0x87,0x21,0x87,0x19,0x87,0x19,
    0x87,0x21,0x87,0x29,0x87,0x29,0x67,0x21,0x87,0x21,0x67,0x21,0x87,0x21,0x67,0x21,0x87,0x21,0x87,0x21,0xa7,0x29,0xa7,0x21,
    0x87,0x21,0xa7,0x21,0xc8,0x29,0x87,0x29,0xa7,0x21,0xa8,0x21,0xa7,0x29,0xa8,0x29,0xa7,0x21,0x87,0x21,0x87,0x29,0xa8,0x21,
    0xa8,0x29,0xa8,0x29,0xa8,0x29,0xa7,0x29,0xa8,0x21,0xa7,0x29,0xa7,0x21,0xe8,0x29,0xc8,0x21,0xa7,0x21,0xa7,0x21,0xe8,0x29,
    0xc8,0x21,0xc8,0x29,0xc8,0x29,0xc7,0x29,0xa8,0x29,0xa7,0x21,0xc8,0x29,0xa7,0x21,0xc9,0x29,0xe9,0x29,0x8b,0x42,0x55,0x95,
    0x75,0xa5,0xce,0x73,0xad,0x73,0xcc,0x7b,0xab,0x7b,0x8c,0x73,0x4b,0x6b,0x4b,0x6b,0x2b,0x63,0x2b,0x63,0x0b,0x63,0x0b,0x5b,
    0x0a,0x63,0x4b,0x6b,0x4b,0x6b,0x0b,0x5b,0xca,0x5a,0x4b,0x6b,0x6b,0x6b,0xea,0x5a,0x2b,0x63,0xca,0x52,0xcb,0x5a,0xcb,0x5a,
    0xaa,0x52,0xaa,0x4a,0xab,0x52,0x0a,0x5b,0x2a,0x63,0x8a,0x7b,0xaa,0x83,0x89,0x8b,0xca,0x93,0x69,0x83,0x89,0x83,0x69,0x83,
    0x29,0x6b,0x09,0x6b,0xe8,0x6a,0x08,0x73,0x09,0x73,0x08,0x7b,0x4a,0x83,0x29,0x7b,0x09,0x7b,0x09,0x7b,0xa8,0x72,0xe9,0x7a,
    0xe9,0x7a,0x09,0x83,0x89,0x93,0xa8,0x93,0x09,0xac,0x49,0xac,0xc8,0xa3,0x67,0x93,0x88,0x93,0x88,0x93,0x48,0x8b,0xa9,0x9b,
    0x27,0x93,0x88,0xa3,0x47,0x93,0x27,0x93,0x07,0x8b,0x06,0x83,0x26,0x83,0x26,0x7b,0x47,0x7b,0x06,0x6b,0xe6,0x6a,0xe6,0x6a,
    0xa5,0x62,0x85,0x62,0xa5,0x62,0xc6,0x72,0xa5,0x72,0x85,0x72,0x65,0x6a,0xe6,0x72,0xc5,0x62,0xc5,0x6a,0x06,0x6b,0x07,0x73,
    0xc5,0x6a,0xc5,0x62,0x65,0x52,0xc6,0x72,0x85,0x6a,0xa8,0x93,0x70,0xcd,0x68,0x8b,0x06,0x83,0x24,0x5a,0x68,0x83,0x68,0x83,
    0x69,0x83,0xea,0x93,0x4b,0xa4,0x67,0x8b,0x67,0x19,0x67,0x21,0x67,0x19,0x66,0x19,0x67,0x21,0x67,0x19,0x67,0x21,0x66,0x19,
    0x87,0x19,0x87,0x21,0x87,0x21,0xa7,0x21,0x87,0x21,0x87,0x21,0xa7,0x21,0x88,0x29,0xc8,0x29,0x87,0x21,0x86,0x21,0x67,0x19,
    0x87,0x21,0x87,0x19,0x87,0x21,0x87,0x21,0x87,0x21,0xa7,0x29,0x47,0x21,0x67,0x21,0x87,0x21,0x87,0x21,0x87,0x21,0x87,0x21,
    0x87,0x29,0x87,0x21,0xa7,0x21,0x87,0x29,0x88,0x21,0x87,0x29,0xc8,0x29,0x87,0x21,0xa7,0x21,0xa7,0x21,0xa7,0x21,0xa7,0x29,
    0xa7,0x29,0xc8,0x29,0xa7,0x21,0xa7,0x29,0xa7,0x21,0xa8,0x29,0xc8,0x29,0xa8,0x29,0xa7,0x21,0xa7,0x29,0xc8,0x29,0xe8,0x29,
    0xe8,0x29,0xe8,0x29,0xe8,0x29,0xe8,0x29,0x08,0x2a,0xe8,0x29,0xc8,0x29,0xe8,0x29,0xe8,0x29,0xc8,0x29,0xc8,0x21,0x2a,0x32,
    0xec,0x4a,0x4d,0x53,0xaf,0x63,0x76,0x9d,0x13,0x95,0x8d,0x6b,0x6c,0x6b,0xad,0x73,0xcd,0x7b,0x0f,0x7c,0x0e,0x7c,0x4b,0x6b,
    0x4b,0x6b,0x0b,0x5b,0xea,0x5a,0x0b,0x5b,0xeb,0x5a,0x0b,0x5b,0x0b,0x63,0xea,0x5a,0xeb,0x5a,0x8b,0x6b,0x4b,0x63,0x6b,0x6b,
    0x4b,0x63,0xeb,0x5a,0xaa,0x52,0x8a,0x52,0x8a,0x4a,0x4a,0x4a,0x8a,0x42,0x4a,0x73,0x69,0x73,0x69,0x7b,0xa9,0x83,0xa9,0x8b,
    0x89,0x83,0x49,0x83,0x69,0x8b,0x48,0x83,0x49,0x7b,0x49,0x73,0x29,0x7b,0x2a,0x7b,0x29,0x7b,0xe8,0x72,0x29,0x7b,0x09,0x7b,
    0x29,0x7b,0xe9,0x72,0xe8,0x72,0xe9,0x7a,0xc8,0x7a,0xe9,0x82,0x68,0x8b,0x68,0x93,0xa8,0x9b,0x87,0x93,0xe8,0x9b,0xe7,0x82,
    0x48,0x93,0x28,0x8b,0xe7,0x7a,0x47,0x9b,0x07,0x8b,0xc8,0xa3,0x88,0x9b,0x06,0x83,0x47,0x93,0x47,0x93,0x27,0x8b,0x27,0x83,
    0x46,0x7b,0x26,0x73,0x86,0x83,0x27,0x83,0xe5,0x7a,0x26,0x7b,0x85,0x62,0xe5,0x7a,0x06,0x83,0x65,0x6a,0x65,0x6a,0x64,0x5a,
    0x64,0x52,0xa5,0x62,0x85,0x62,0x07,0x7b,0xe6,0x72,0xc6,0x62,0xc6,0x62,0xe7,0x7a,0x28,0x83,0x2a,0xa4,0x2b,0xa4,0x08,0x7b,
    0x07,0x7b,0x86,0x6a,0x48,0x83,0x48,0x7b,0x86,0x6a,0x28,0x73,0x8c,0xac,0x06,0x83,0x67,0x19,0x66,0x21,0x67,0x19,0x67,0x21,
    0x66,0x19,0x67,0x21,0x67,0x21,0x87,0x21,0x86,0x21,0x67,0x19,0x87,0x19,0x87,0x21,0x87,0x21,0x67,0x19,0x87,0x21,0xa8,0x29,
    0xa7,0x29,0x66,0x21,0x87,0x19,0x86,0x21,0x87,0x19,0x87,0x21,0x87,0x21,0x87,0x21,0x87,0x21,0x87,0x29,0x67,0x21,0x67,0x21,
    0x87,0x21,0x87,0x21,0x87,0x21,0x87,0x21,0x88,0x21,0x87,0x21,0xa7,0x29,0x87,0x21,0x87,0x21,0xa7,0x29,0xc8,0x29,0xa7,0x21,
    0xa7,0x21,0x87,0x21,0xa7,0x21,0xa8,0x21,0xa7,0x21,0xa7,0x21,0xa8,0x21,0xc7,0x29,0xa8,0x29,0xc7,0x29,0xc8,0x29,0xa7,0x29,
    0xa7,0x21,0xa7,0x21,0xa8,0x29,0xc7,0x21,0xe8,0x29,0xe8,0x29,0xe8,0x21,0xe8,0x29,0xe8,0x29,0xe8,0x29,0xe8,0x29,0xc8,0x21,
    0xc8,0x21,0xc8,0x29,0x0a,0x32,0x8a,0x3a,0x10,0x74,0xb7,0xa5,0xf7,0xad,0x38,0xb6,0x17,0xb6,0x90,0x8c,0x2f,0x84,0xae,0x73,
    0xee,0x7b,0x2f,0x84,0x71,0x8c,0xac,0x73,0x6b,0x6b,0x0a,0x63,0xeb,0x5a,0xea,0x5a,0xca,0x5a,0xca,0x52,0x4b,0x63,0x0a,0x5b,
    0x2b,0x63,0xea,0x5a,0xea,0x5a,0x8b,0x6b,0x2b,0x63,0xea,0x5a,0xeb,0x62,0xea,0x5a,0xaa,0x52,0xaa,0x52,0x2a,0x63,0xaa,0x83,
    0x89,0x83,0xc9,0x93,0xaa,0x8b,0x89,0x8b,0x69,0x83,0x48,0x83,0x49,0x83,0x28,0x7b,0x29,0x7b,0x29,0x7b,0x08,0x73,0x09,0x73,
    0xe8,0x72,0xc7,0x72,0x49,0x83,0x6a,0x83,0x29,0x7b,0x09,0x7b,0x09,0x7b,0xe8,0x72,0xe9,0x7a,0x09,0x83,0x49,0x93,0x69,0x93,
    0x48,0x93,0x08,0x8b,0x49,0x93,0x08,0x8b,0x48,0x93,0x68,0x93,0x07,0x83,0x06,0x83,0x48,0x93,0x27,0x8b,0xa5,0x72,0x06,0x83,
    0x68,0x93,0xa7,0x9b,0x47,0x8b,0x26,0x83,0x87,0x83,0x46,0x7b,0x67,0x83,0xe5,0x7a,0xe6,0x82,0x06,0x83,0xc6,0x7a,0x06,0x83,
    0x67,0x8b,0x67,0x83,0x26,0x7b,0x26,0x73,0xa5,0x5a,0x64,0x5a,0xa5,0x62,0x64,0x52,0x85,0x62,0x08,0x7b,0x25,0x52,0x86,0x62,
    0xe8,0x72,0x2f,0xbd,0xee,0xb4,0xa5,0x6a,0x68,0x93,0x24,0x5a,0xaa,0x8b,0x69,0x83,0x45,0x62,0xa9,0x8b,0x48,0x83,0xe6,0x6a,
    0x66,0x19,0x67,0x19,0x67,0x21,0x87,0x19,0x87,0x21,0x67,0x21,0x67,0x21,0x87,0x21,0x87,0x19,0x67,0x19,0x87,0x21,0xa8,0x21,
    0x87,0x21,0x87,0x21,0x46,0x19,0x87,0x29,0xa8,0x29,0x87,0x21,0xa7,0x21,0x87,0x19,0x87,0x21,0x86,0x21,0x87,0x19,0x87,0x21,
    0x87,0x21,0xa7,0x29,0x87,0x21,0x87,0x21,0xa7,0x21,0x67,0x21,0x87,0x21,0x87,0x21,0xa7,0x29,0x87,0x21,0xa7,0x21,0x87,0x21,
    0x87,0x21,0xa7,0x29,0xa7,0x29,0xa7,0x29,0xa8,0x21,0xa7,0x21,0xa7,0x21,0xa7,0x21,0x87,0x21,0xa7,0x29,0xa7,0x21,0xa7,0x29,
    0xa7,0x21,0xa7,0x29,0xc8,0x29,0xa8,0x29,0xa8,0x29,0xa7,0x21,0xa7,0x29,0xa7,0x21,0xc8,0x29,0xe8,0x29,0xe8,0x29,0xe8,0x21,
    0xe8,0x29,0x08,0x2a,0xe8,0x29,0xe8,0x29,0xe8,0x29,0xc8,0x29,0xc8,0x29,0xa7,0x21,0xaf,0x63,0x99,0xc6,0x18,0xb6,0x38,0xb6,
    0x17,0xb6,0x2f,0x7c,0x6c,0x6b,0x8d,0x6b,0x6d,0x6b,0x6c,0x6b,0xee,0x7b,0xac,0x73,0xac,0x7b,0x8c,0x7b,0x2a,0x63,0xeb,0x5a,
    0x4b,0x6b,0x8b,0x73,0x4b,0x6b,0x6b,0x6b,0x6c,0x6b,0x2b,0x63,0x2b,0x63,0x6b,0x6b,0x2b,0x63,0xeb,0x5a,0xea,0x5a,0x2b,0x6b,
    0xea,0x62,0xea,0x5a,0x8a,0x7b,0xe9,0x93,0xc9,0x93,0xa9,0x8b,0xc9,0x8b,0x89,0x8b,0x69,0x83,0x69,0x83,0x29,0x7b,0x28,0x7b,
    0x69,0x83,0x49,0x7b,0xe8,0x72,0xe8,0x72,0xe8,0x72,0xe8,0x72,0x09,0x7b,0x69,0x83,0xc8,0x72,0xe9,0x7a,0xc8,0x72,0x09,0x7b,
    0x08,0x83,0xe8,0x7a,0x09,0x83,0xe8,0x82,0x09,0x8b,0x48,0x93,0x08,0x8b,0x89,0x9b,0x68,0x9b,0x48,0x93,0x27,0x93,0x88,0x93,
    0x67,0x93,0x47,0x93,0x67,0x93,0xa7,0x93,0x06,0x83,0x26,0x83,0x26,0x8b,0x87,0x8b,0x47,0x83,0x26,0x73,0x26,0x7b,0x67,0x8b,
    0x47,0x8b,0xe5,0x6a,0x67,0x8b,0x88,0x93,0x67,0x8b,0xa7,0x8b,0x05,0x7b,0xe5,0x6a,0xc5,0x62,0x06,0x6b,0x47,0x73,0x85,0x5a,
    0x44,0x5a,0x88,0x7b,0x45,0x5a,0x25,0x52,0x45,0x5a,0x48,0x7b,0x8a,0x83,0x86,0x62,0x25,0x5a,0xe4,0x49,0x49,0x83,0x48,0x7b,
    0xa6,0x62,0xa9,0x8b,0x47,0x7b,0xe6,0x72,0x67,0x19,0x67,0x21,0x87,0x19,0x87,0x21,0x87,0x21,0x67,0x19,0x66,0x21,0x87,0x21,
    0x67,0x21,0xc8,0x29,0xa8,0x21,0xa7,0x21,0x87,0x21,0x87,0x21,0x67,0x19,0x87,0x29,0xa8,0x29,0x87,0x21,0x87,0x29,0x87,0x21,
    0x87,0x19,0x87,0x21,0xa7,0x21,0x87,0x19,0x87,0x21,0xa7,0x29,0x67,0x21,0x67,0x21,0xa7,0x29,0x87,0x21,0x87,0x21,0xa7,0x29,
    0xa7,0x21,0xa7,0x29,0x87,0x21,0xa7,0x29,0x87,0x21,0xa7,0x29,0xc8,0x29,0xa7,0x21,0xa7,0x29,0xc8,0x21,0xa7,0x29,0xa8,0x21,
    0xa7,0x21,0xa7,0x21,0x87,0x21,0xa7,0x21,0x87,0x21,0xa8,0x29,0xa7,0x29,0xc7,0x29,0xa8,0x29,0xa7,0x29,0xa8,0x21,0xa7,0x29,
    0xa7,0x21,0xc8,0x29,0xc8,0x29,0xe8,0x29,0xe8,0x29,0xe8,0x29,0xc8,0x29,0xc8,0x21,0xa7,0x21,0xa7,0x21,0x87,0x19,0x8b,0x3a,
    0x51,0x7c,0x75,0x9d,0x38,0xb6,0x38,0xb6,0xd6,0xad,0x2f,0x84,0x6c,0x6b,0x6c,0x6b,0x8c,0x73,0x8c,0x6b,0x6c,0x6b,0x4b,0x6b,
    0x6b,0x6b,0x6b,0x6b,0x4b,0x6b,0x2b,0x6b,0x8c,0x73,0x6b,0x6b,0x0b,0x63,0x2a,0x5b,0x2b,0x63,0x6b,0x6b,0x0a,0x5b,0x6b,0x63,
    0x2b,0x63,0xaa,0x52,0x69,0x4a,0xea,0x5a,0x0a,0x63,0x29,0x73,0xa9,0x8b,0xe9,0x93,0xa9,0x93,0xc9,0x9b,0x89,0x8b,0x48,0x7b,
    0x49,0x7b,0x49,0x7b,0xe8,0x6a,0xe8,0x72,0x29,0x83,0x29,0x83,0x29,0x7b,0xe8,0x6a,0x09,0x73,0xe8,0x7a,0xe8,0x72,0x29,0x7b,
    0x09,0x7b,0xc8,0x72,0xc8,0x72,0x09,0x7b,0x09,0x83,0x29,0x83,0x08,0x83,0x09,0x8b,0x08,0x8b,0x89,0x9b,0x28,0x93,0x47,0x93,
    0x68,0x93,0x88,0x9b,0x88,0x9b,0x68,0x9b,0xa8,0x9b,0x46,0x93,0xa7,0x9b,0xc7,0x9b,0x86,0x93,0xc7,0xa3,0x87,0x93,0x46,0x93,
    0x87,0x83,0x26,0x7b,0x05,0x6b,0x26,0x7b,0x67,0x83,0x67,0x7b,0x47,0x7b,0xa8,0x93,0x68,0x8b,0x06,0x73,0xc8,0x8b,0x25,0x73,
    0x06,0x6b,0xc5,0x62,0x85,0x5a,0x44,0x5a,0x45,0x52,0xe7,0x6a,0xe6,0x6a,0x85,0x62,0xa6,0x62,0x4c,0x9c,0xee,0xb4,0x66,0x6a,
    0x43,0x39,0x25,0x52,0x48,0x7b,0xaa,0x8b,0xc7,0x6a,0xc9,0x8b,0x88,0x83,0xe6,0x72,0xa7,0x29,0x87,0x21,0x87,0x21,0x87,0x21,
    0x67,0x19,0x67,0x21,0x67,0x21,0xa8,0x29,0x66,0x19,0x29,0x3a,0x87,0x21,0x87,0x21,0x87,0x21,0xa8,0x21,0x67,0x21,0xa7,0x21,
    0xc8,0x29,0xa7,0x29,0xa8,0x29,0x87,0x19,0x86,0x21,0x87,0x19,0x87,0x21,0x67,0x21,0x67,0x21,0xa7,0x29,0x67,0x21,0x87,0x21,
    0xa7,0x21,0x87,0x21,0xa7,0x29,0x87,0x21,0xa7,0x29,0xa7,0x21,0x87,0x21,0x87,0x29,0xa8,0x29,0xa7,0x21,0xc8,0x29,0x87,0x21,
    0xa7,0x21,0xa7,0x21,0xa7,0x21,0xa7,0x29,0xa8,0x21,0xa7,0x21,0xa8,0x21,0xa7,0x29,0x87,0x21,0xa8,0x29,0xc8,0x31,0xa8,0x21,
    0xa7,0x21,0xc8,0x29,0xa7,0x29,0xc8,0x29,0xa7,0x29,0xc7,0x29,0xc7,0x29,0xa7,0x21,0xc8,0x29,0xc8,0x29,0x29,0x32,0x8b,0x42,
    0x4d,0x5b,0x8f,0x63,0xec,0x4a,0xaf,0x63,0x14,0x95,0x18,0xae,0x58,0xbe,0x18,0xb6,0x14,0x95,0x4c,0x63,0x6b,0x73,0xab,0x73,
    0x6b,0x73,0x4b,0x6b,0x4b,0x6b,0x4b,0x63,0xca,0x5a,0xea,0x52,0x4b,0x63,0x4b,0x63,0x2a,0x63,0x0b,0x5b,0xea,0x5a,0xeb,0x5a,
    0xca,0x52,0x0b,0x5b,0xea,0x5a,0x6b,0x6b,0x0b,0x63,0x69,0x42,0x49,0x4a,0xca,0x5a,0x49,0x7b,0x6a,0x83,0x89,0x83,0xc9,0x93,
    0xc9,0x9b,0x88,0x8b,0x68,0x8b,0x49,0x7b,0x28,0x73,0xe8,0x6a,0x29,0x7b,0x08,0x73,0x09,0x7b,0x6a,0x8b,0x49,0x83,0xa8,0x6a,
    0x08,0x7b,0x49,0x83,0x4a,0x83,0x29,0x7b,0xa8,0x72,0xe9,0x72,0xe8,0x7a,0x09,0x7b,0x08,0x83,0x49,0x93,0xe8,0x7a,0xe8,0x82,
    0x68,0x9b,0x07,0x8b,0x27,0x8b,0x89,0x9b,0x27,0x8b,0xc8,0xa3,0x27,0x8b,0x47,0x8b,0xc8,0x9b,0xe8,0xa3,0x86,0x93,0x46,0x8b,
    0x46,0x93,0x87,0x93,0x86,0x9b,0x46,0x8b,0xe8,0x9b,0x87,0x83,0x06,0x73,0x05,0x73,0x06,0x73,0xe6,0x6a,0x86,0x62,0x24,0x4a,
    0x65,0x5a,0x65,0x52,0xc5,0x62,0xe6,0x6a,0xc5,0x62,0x44,0x4a,0xa5,0x5a,0x07,0x6b,0x27,0x73,0x0b,0x94,0x25,0x4a,0xa6,0x6a,
    0x07,0x73,0xea,0x93,0x2c,0x9c,0x07,0x73,0xa6,0x72,0x66,0x62,0x49,0x83,0x48,0x83,0x86,0x62,0xeb,0x93,0x08,0x73,0xe7,0x6a,
    0xc8,0x29,0x87,0x29,0xa8,0x29,0xa8,0x21,0x87,0x21,0x87,0x21,0x67,0x21,0x88,0x29,0x87,0x21,0x67,0x21,0x87,0x21,0x67,0x21,
    0x67,0x21,0x87,0x19,0x87,0x21,0x87,0x21,0xa7,0x29,0x87,0x29,0xa8,0x21,0xa7,0x21,0xa7,0x21,0x66,0x19,0x87,0x21,0x67,0x21,
    0x87,0x21,0xa7,0x29,0x87,0x29,0x87,0x21,0x87,0x21,0xa7,0x29,0x87,0x21,0x87,0x21,0x87,0x21,0xa7,0x29,0xa7,0x21,0xa7,0x21,
    0xa7,0x29,0xc8,0x29,0xa8,0x29,0xa7,0x21,0xa7,0x21,0xc7,0x21,0xa8,0x21,0xa7,0x21,0xa7,0x21,0xa7,0x21,0xa7,0x21,0xa7,0x21,
    0xa7,0x29,0xa8,0x29,0xc8,0x29,0xc7,0x29,0xa8,0x29,0xa7,0x21,0xa7,0x21,0xa7,0x21,0xa8,0x21,0xa8,0x29,0xa8,0x21,0xa8,0x21,
    0xc7,0x29,0xc8,0x29,0xe8,0x29,0x29,0x32,0x35,0x95,0x79,0xbe,0xb6,0xa5,0xb6,0xa5,0xb6,0xa5,0xf3,0x8c,0x10,0x6c,0x0c,0x4b,
    0xaa,0x42,0xcb,0x52,0xcc,0x7b,0x8b,0x7b,0x6b,0x73,0x2a,0x63,0x4b,0x6b,0x0a,0x63,0xca,0x5a,0xca,0x52,0x2b,0x63,0x2b,0x6b,
    0xea,0x5a,0xeb,0x5a,0x0a,0x63,0x0b,0x5b,0xab,0x52,0xaa,0x52,0xca,0x52,0xea,0x5a,0xaa,0x52,0x69,0x4a,0x69,0x42,0xc9,0x62,
    0x89,0x8b,0x68,0x83,0x68,0x83,0x89,0x8b,0xa8,0x8b,0x89,0x8b,0x08,0x73,0x28,0x7b,0x08,0x73,0xe8,0x6a,0x29,0x7b,0xe8,0x72,
    0x29,0x7b,0x8a,0x93,0x69,0x8b,0x09,0x7b,0x49,0x83,0x6a,0x8b,0x49,0x83,0x4a,0x83,0xc8,0x72,0x09,0x7b,0x09,0x7b,0x49,0x8b,
    0x68,0x93,0x68,0x93,0xe7,0x82,0x28,0x8b,0x68,0x93,0x07,0x83,0x68,0x93,0xa8,0xa3,0xa8,0x9b,0x88,0x9b,0x47,0x8b,0x87,0x8b,
    0xa6,0x93,0xa7,0x9b,0xa7,0x9b,0x87,0x93,0xa7,0x9b,0x87,0x93,0xa7,0x9b,0x87,0x9b,0x66,0x93,0x26,0x7b,0x26,0x7b,0x47,0x7b,
    0x84,0x62,0x84,0x62,0x06,0x7b,0x44,0x5a,0x65,0x5a,0x06,0x7b,0xe6,0x6a,0x06,0x6b,0x06,0x73,0xc5,0x6a,0xe6,0x6a,0xc5,0x6a,
    0xc5,0x62,0xaa,0x8b,0x05,0x52,0xa6,0x6a,0xe6,0x72,0x47,0x7b,0xe6,0x6a,0x64,0x52,0xc6,0x7a,0xc7,0x6a,0x69,0x83,0x08,0x7b,
    0x48,0x83,0xcb,0x93,0xa7,0x6a,0x86,0x62,0xc8,0x29,0x67,0x21,0x67,0x21,0x67,0x21,0x87,0x21,0x87,0x29,0x67,0x21,0xe8,0x31,
    0x67,0x21,0xc8,0x29,0x88,0x21,0x87,0x21,0x46,0x21,0x67,0x21,0x87,0x21,0xa8,0x29,0xc8,0x31,0x87,0x21,0x67,0x19,0xa7,0x29,
    0x2a,0x32,0x49,0x3a,0x67,0x19,0x66,0x21,0x67,0x21,0x87,0x29,0x87,0x29,0x87,0x21,0xa7,0x29,0xc7,0x29,0xa8,0x21,0x87,0x29,
    0x88,0x29,0xa7,0x21,0x87,0x29,0x87,0x21,0x87,0x21,0xa7,0x21,0xc8,0x29,0xa7,0x29,0xa7,0x21,0xa7,0x21,0xa7,0x21,0xa7,0x21,
    0xa7,0x29,0xa7,0x21,0xa7,0x29,0xa8,0x21,0xa7,0x29,0xc8,0x29,0xa7,0x29,0xc8,0x29,0xa7,0x21,0xa8,0x21,0xa8,0x21,0xc8,0x29,
    0xe7,0x21,0xa7,0x21,0x88,0x21,0xa7,0x21,0xc8,0x21,0xc8,0x29,0xc8,0x29,0xa7,0x21,0xec,0x4a,0x4d,0x5b,0x8b,0x42,0x09,0x32,
    0x09,0x32,0xe9,0x29,0x88,0x21,0xe9,0x29,0x8a,0x42,0x4b,0x63,0x8c,0x6b,0x8b,0x73,0x2b,0x63,0xea,0x5a,0xea,0x5a,0x4b,0x6b,
    0x2b,0x63,0xea,0x62,0x0a,0x63,0x4b,0x63,0xea,0x62,0x0b,0x63,0xea,0x5a,0x69,0x4a,0xcb,0x52,0x0c,0x63,0xca,0x52,0x89,0x52,
    0x69,0x4a,0x69,0x4a,0xa9,0x52,0x29,0x73,0x69,0x83,0x88,0x8b,0x88,0x83,0x89,0x8b,0x28,0x7b,0x28,0x7b,0xc8,0x62,0xc8,0x62,
    0xc8,0x6a,0x08,0x6b,0x09,0x73,0xc8,0x6a,0xe8,0x72,0x29,0x83,0x49,0x83,0xe8,0x7a,0xe8,0x7a,0x08,0x7b,0x49,0x83,0x6a,0x8b,
    0xc8,0x72,0x29,0x8b,0x09,0x83,0x08,0x83,0x88,0x93,0xa8,0x9b,0x88,0x9b,0x68,0x93,0x48,0x93,0x68,0x93,0xc9,0xa3,0x87,0x9b,
    0x46,0x93,0xc8,0xa3,0x06,0x83,0x47,0x83,0xa7,0x93,0x28,0xac,0xa7,0x9b,0xa6,0x93,0xa7,0x93,0xc5,0x6a,0xc5,0x72,0x88,0x93,
    0x47,0x8b,0x26,0x7b,0xe5,0x72,0x46,0x83,0x67,0x83,0xc6,0x72,0x68,0x8b,0x46,0x83,0xe6,0x72,0x46,0x83,0x67,0x8b,0x06,0x7b,
    0xe6,0x7a,0x26,0x7b,0x46,0x83,0x06,0x73,0x06,0x73,0xca,0x8b,0x86,0x6a,0x27,0x7b,0xc6,0x6a,0x07,0x73,0xc5,0x62,0x85,0x62,
    0xc6,0x6a,0xa6,0x6a,0x47,0x7b,0xe7,0x72,0x49,0x7b,0x0b,0x94,0x46,0x5a,0x66,0x5a,0xa8,0x29,0xa7,0x21,0x67,0x21,0x46,0x19,
    0x46,0x21,0x67,0x19,0x87,0x21,0x2a,0x3a,0xa7,0x21,0x67,0x21,0x87,0x21,0xc8,0x29,0xa8,0x29,0x87,0x21,0x67,0x21,0xa7,0x29,
    0xc8,0x31,0x87,0x21,0x87,0x21,0x29,0x32,0x4a,0x3a,0x4a,0x3a,0x87,0x21,0x67,0x21,0x67,0x21,0xa7,0x29,0x87,0x21,0x87,0x21,
    0xa7,0x21,0x87,0x21,0xa7,0x29,0xa8,0x21,0x87,0x29,0x67,0x21,0x87,0x21,0x87,0x21,0x87,0x21,0xa7,0x29,0xc8,0x29,0xa7,0x21,
    0x87,0x21,0x87,0x29,0xa7,0x29,0xa7,0x21,0x87,0x21,0xa7,0x29,0xa7,0x21,0xa7,0x29,0xa7,0x21,0xa8,0x29,0xa7,0x21,0xa8,0x29,
    0xa7,0x29,0xc7,0x21,0xe8,0x29,0xc7,0x21,0xe8,0x29,0xc8,0x21,0xa7,0x21,0xa7,0x21,0xa7,0x21,0xa7,0x21,0xa8,0x21,0xe8,0x29,
    0xc7,0x21,0x87,0x21,0xa8,0x21,0xc8,0x21,0xc8,0x29,0x09,0x2a,0x08,0x2a,0xc8,0x29,0x49,0x32,0xea,0x5a,0x6b,0x6b,0x2a,0x63,
    0xaa,0x52,0xea,0x5a,0x0b,0x63,0x6b,0x6b,0x6b,0x6b,0x0a,0x63,0x4c,0x73,0x4b,0x6b,0x2a,0x63,0x0a,0x63,0x0b,0x5b,0xaa,0x52,
    0xaa,0x52,0xaa,0x52,0xa9,0x52,0xaa,0x52,0x29,0x42,0x68,0x4a,0x2a,0x73,0x89,0x8b,0x28,0x83,0x69,0x83,0x49,0x83,0x48,0x7b,
    0xc7,0x62,0xe8,0x6a,0xc8,0x6a,0x87,0x62,0xe9,0x6a,0x29,0x7b,0x08,0x73,0xc8,0x72,0x09,0x7b,0x08,0x7b,0x29,0x83,0x29,0x7b,
    0xe8,0x7a,0x08,0x83,0x4a,0x83,0x8a,0x8b,0xe8,0x72,0x49,0x83,0x69,0x93,0x48,0x8b,0x48,0x93,0xa7,0x9b,0xc7,0x9b,0xa7,0x9b,
    0x66,0x8b,0x47,0x8b,0x27,0x8b,0x87,0x9b,0x06,0x8b,0x46,0x8b,0x67,0x93,0x46,0x83,0xa7,0x7b,0x66,0x83,0xe7,0x9b,0xe8,0x93,
    0x46,0x83,0x67,0x8b,0x87,0x93,0x67,0x93,0xe6,0x82,0x68,0x93,0x47,0x8b,0x87,0x8b,0xa8,0x93,0x47,0x8b,0x26,0x83,0x27,0x83,
    0xe6,0x7a,0xa7,0x93,0x06,0x7b,0x27,0x83,0x46,0x8b,0x68,0x8b,0x47,0x8b,0x66,0x83,0x67,0x83,0xa9,0x8b,0xe7,0x72,0xe6,0x72,
    0xe9,0x8b,0x0f,0xb5,0xc9,0x83,0x65,0x5a,0x07,0x7b,0xa6,0x6a,0x47,0x7b,0x48,0x7b,0x89,0x8b,0x0b,0x94,0x65,0x5a,0x65,0x5a,
    0x47,0x21,0x66,0x21,0x67,0x21,0x67,0x21,0x67,0x21,0x67,0x21,0x87,0x21,0x87,0x21,0x47,0x21,0x09,0x32,0xe9,0x39,0xa7,0x29,
    0xc8,0x31,0x67,0x21,0x67,0x21,0x87,0x21,0xc8,0x31,0x87,0x19,0xa7,0x21,0x8e,0x63,0x8f,0x6b,0x6a,0x3a,0x67,0x21,0x67,0x21,
    0x66,0x21,0x88,0x29,0x87,0x29,0x67,0x21,0xa7,0x29,0x87,0x21,0x87,0x29,0xa8,0x29,0x87,0x21,0xa7,0x21,0xa7,0x29,0xa7,0x21,
    0xa7,0x29,0x87,0x21,0xc8,0x29,0x67,0x21,0x87,0x21,0x87,0x21,0xa7,0x21,0xa7,0x29,0xa7,0x29,0xa8,0x21,0xa7,0x29,0xa8,0x21,
    0xa7,0x29,0xa7,0x29,0xa8,0x29,0xa7,0x29,0xa8,0x21,0x87,0x29,0xa7,0x21,0xc8,0x29,0xe8,0x29,0xe8,0x29,0xe8,0x29,0xc8,0x29,
    0xa7,0x21,0xc8,0x29,0xa7,0x21,0xa7,0x29,0xc8,0x21,0xc7,0x21,0xc8,0x29,0xc7,0x21,0xc8,0x21,0x08,0x2a,0x29,0x32,0x08,0x32,
    0x28,0x32,0xea,0x52,0x0a,0x63,0x0a,0x63,0xea,0x5a,0x4b,0x63,0x6b,0x6b,0x2b,0x63,0xea,0x62,0x0b,0x5b,0x8d,0x73,0x8c,0x73,
    0x2a,0x6b,0xea,0x5a,0xc9,0x52,0x8a,0x52,0xaa,0x52,0xca,0x5a,0xca,0x5a,0xa9,0x52,0x69,0x52,0xe9,0x62,0x69,0x83,0x08,0x7b,
    0x08,0x7b,0x28,0x7b,0x08,0x7b,0xe8,0x6a,0xa8,0x62,0x88,0x5a,0x88,0x5a,0xa8,0x62,0xa8,0x62,0xe9,0x72,0x29,0x7b,0xe9,0x7a,
    0x29,0x7b,0x08,0x7b,0x29,0x83,0x49,0x83,0x08,0x7b,0x08,0x7b,0xe8,0x7a,0x09,0x7b,0x08,0x83,0x29,0x83,0x89,0x93,0x88,0x93,
    0x47,0x8b,0xc8,0x93,0x67,0x8b,0xe8,0xa3,0x67,0x8b,0x87,0x93,0x87,0x9b,0xa7,0x9b,0x26,0x83,0x46,0x83,0xa6,0x93,0x46,0x83,
    0xc4,0x62,0x46,0x6b,0x67,0x7b,0xe5,0x6a,0xa7,0x83,0xa7,0x83,0xa7,0x83,0x87,0x93,0x88,0x93,0xc8,0x9b,0x47,0x8b,0xe6,0x7a,
    0x46,0x8b,0x67,0x8b,0x67,0x8b,0x47,0x83,0x47,0x8b,0x47,0x83,0x05,0x7b,0x67,0x8b,0x88,0x93,0xa8,0xa3,0x67,0x8b,0x05,0x73,
    0x67,0x83,0x88,0x8b,0x68,0x7b,0xe6,0x72,0x88,0x8b,0x4c,0x9c,0x49,0x7b,0x65,0x62,0x25,0x5a,0x25,0x5a,0x89,0x8b,0x48,0x7b,
    0x28,0x7b,0x48,0x7b,0xa6,0x62,0xa6,0x62,0x67,0x21,0x67,0x21,0xa7,0x29,0xc7,0x29,0x87,0x21,0xa8,0x29,0x67,0x21,0x67,0x21,
    0x46,0x21,0x88,0x21,0xe8,0x31,0xa7,0x29,0x87,0x21,0x47,0x21,0x66,0x19,0x87,0x29,0xc8,0x31,0x87,0x21,0xc8,0x29,0x8e,0x63,
    0x91,0x84,0x0c,0x53,0x87,0x29,0x67,0x21,0x87,0x21,0xa7,0x29,0xa8,0x29,0x67,0x21,0x87,0x21,0x87,0x21,0x87,0x21,0xa8,0x29,
    0x87,0x21,0xa7,0x29,0xa8,0x29,0x87,0x21,0xa7,0x21,0x87,0x29,0xc8,0x29,0x87,0x21,0xa7,0x29,0x87,0x21,0x87,0x21,0x87,0x21,
    0xa7,0x21,0xa7,0x21,0x87,0x21,0xa7,0x29,0xa7,0x21,0xc8,0x29,0xa7,0x29,0xa8,0x29,0x87,0x21,0xa7,0x29,0xa7,0x21,0xc8,0x29,
    0xc7,0x29,0xc8,0x29,0xe8,0x29,0xe8,0x29,0xa7,0x21,0xa8,0x21,0xa7,0x21,0xa7,0x21,0x87,0x29,0xc8,0x29,0x08,0x2a,0x8b,0x42,
    0xcb,0x4a,0xec,0x52,0xce,0x73,0x4b,0x63,0x6a,0x6b,0x4b,0x6b,0xea,0x62,0x4a,0x63,0x6b,0x73,0x4b,0x6b,0x2b,0x63,0xea,0x62,
    0xeb,0x5a,0xca,0x52,0x0b,0x63,0x8c,0x73,0x4b,0x73,0xea,0x5a,0x69,0x52,0x49,0x4a,0x69,0x4a,0xa9,0x52,0xca,0x52,0x89,0x52,
    0xc9,0x62,0xe9,0x72,0x28,0x7b,0xe8,0x6a,0xe9,0x7a,0x08,0x73,0xe8,0x6a,0xc8,0x6a,0x88,0x5a,0x87,0x5a,0xa8,0x62,0xa8,0x5a,
    0xa8,0x62,0x89,0x62,0xc9,0x6a,0xc8,0x6a,0x08,0x7b,0xc8,0x72,0x08,0x73,0xe8,0x72,0xc8,0x72,0xe8,0x72,0x29,0x7b,0x28,0x7b,
    0x29,0x83,0x4a,0x8b,0x28,0x83,0x88,0x93,0xa8,0x9b,0x67,0x8b,0x66,0x8b,0xc8,0x9b,0x88,0x9b,0xa8,0x9b,0xa8,0x9b,0x87,0x8b,
    0xc8,0x93,0x27,0x8b,0x84,0x6a,0x26,0x7b,0x06,0x73,0x07,0x7b,0x67,0x7b,0x06,0x6b,0x26,0x73,0x05,0x63,0x06,0x6b,0xa5,0x5a,
    0x67,0x7b,0x68,0x83,0x67,0x8b,0x47,0x83,0x66,0x83,0xe6,0x6a,0xc6,0x6a,0x46,0x7b,0xa8,0x93,0xc8,0x9b,0xe6,0x7a,0x68,0x8b,
    0x47,0x93,0x46,0x8b,0x67,0x93,0x05,0x7b,0x47,0x7b,0x89,0x83,0x85,0x62,0x85,0x62,0x6c,0xa4,0x0a,0xa4,0xca,0x93,0xe8,0x72,
    0xc6,0x7a,0x86,0x72,0x48,0x7b,0xea,0x93,0x48,0x83,0x69,0x83,0x07,0x7b,0x87,0x8b,0xa7,0x21,0xa8,0x29,0xc8,0x31,0x87,0x21,
    0x87,0x21,0x87,0x29,0x67,0x21,0xe8,0x31,0xa7,0x21,0xa8,0x29,0xc8,0x29,0xa7,0x29,0x67,0x21,0x87,0x21,0x67,0x21,0x87,0x21,
    0xc8,0x31,0xa8,0x29,0xe9,0x39,0xeb,0x52,0xf0,0x73,0xcf,0x6b,0x87,0x21,0x67,0x21,0x67,0x21,0xa7,0x29,0x87,0x29,0x46,0x21,
    0x87,0x21,0x87,0x21,0xa7,0x29,0x87,0x21,0xa7,0x29,0xa7,0x21,0xa7,0x29,0x87,0x21,0xa7,0x21,0x87,0x21,0xa7,0x29,0x86,0x21,
    0xa7,0x21,0x87,0x21,0xa7,0x29,0xa7,0x29,0x87,0x21,0xa7,0x29,0xa7,0x21,0x87,0x21,0x87,0x21,0xc8,0x31,0xa7,0x29,0x87,0x21,
    0xa7,0x21,0x88,0x21,0x87,0x21,0xa7,0x29,0xa8,0x21,0xc8,0x29,0xc8,0x29,0xc8,0x21,0xe8,0x29,0xc7,0x21,0xc7,0x29,0xa8,0x29,
    0x08,0x32,0x0d,0x53,0xec,0x4a,0x8b,0x42,0x6a,0x3a,0x8a,0x42,0x70,0x84,0x4f,0x8c,0xab,0x73,0x6b,0x73,0x8b,0x73,0x6b,0x7b,
    0x4b,0x6b,0x6b,0x73,0x4b,0x73,0x0a,0x63,0x0b,0x63,0xea,0x5a,0x0a,0x63,0x4b,0x6b,0xca,0x5a,0xa9,0x52,0x69,0x4a,0x49,0x42,
    0x48,0x42,0xaa,0x52,0xca,0x5a,0xc9,0x62,0xc9,0x62,0x29,0x73,0x49,0x83,0xe8,0x6a,0x08,0x73,0xe9,0x6a,0xa8,0x62,0xa8,0x62,
    0xa8,0x5a,0x87,0x5a,0x88,0x52,0x88,0x5a,0x88,0x62,0x68,0x5a,0xc9,0x6a,0xc8,0x6a,0xc8,0x6a,0xa7,0x62,0x09,0x7b,0x6a,0x83,
    0xe7,0x7a,0x8a,0x93,0xcb,0x93,0x29,0x83,0x29,0x83,0x29,0x8b,0x88,0x93,0x88,0x93,0x47,0x8b,0xc8,0x93,0x46,0x8b,0x88,0x8b,
    0x67,0x8b,0x07,0x83,0x67,0x8b,0x68,0x8b,0x67,0x8b,0x68,0x8b,0xe6,0x7a,0x26,0x7b,0x26,0x73,0xc6,0x6a,0x48,0x8b,0x67,0x83,
    0xc5,0x62,0x26,0x73,0xa5,0x62,0xc3,0x39,0xc3,0x39,0xa6,0x5a,0xa8,0x8b,0xa8,0x9b,0x26,0x7b,0x24,0x4a,0xe6,0x62,0x47,0x7b,
    0x87,0x83,0xc8,0x9b,0x67,0x9b,0x64,0x6a,0xa6,0x6a,0x47,0x8b,0x66,0x8b,0x26,0x83,0x09,0x9c,0x09,0x94,0xe6,0x62,0xa5,0x62,
    0x8a,0x8b,0x0b,0x94,0x89,0x8b,0xa6,0x6a,0x27,0x93,0x66,0x62,0x28,0x7b,0xca,0x93,0x68,0x83,0x88,0x8b,0x67,0x83,0xc6,0x72,
    0x4a,0x3a,0x29,0x3a,0xc8,0x29,0x87,0x21,0x66,0x21,0x67,0x21,0x87,0x21,0xa7,0x29,0xa7,0x21,0x87,0x29,0xc7,0x29,0xa8,0x29,
    0x67,0x21,0x67,0x21,0x47,0x21,0x67,0x21,0xc8,0x31,0x87,0x29,0xa7,0x29,0x09,0x3a,0x10,0x6c,0xd3,0x8c,0xa8,0x29,0x46,0x21,
    0x87,0x21,0xa8,0x29,0x87,0x29,0x67,0x21,0xa7,0x21,0x87,0x21,0xa7,0x29,0xa7,0x21,0x87,0x21,0x87,0x21,0xa7,0x21,0x87,0x29,
    0xa8,0x29,0xa7,0x21,0xc8,0x29,0x87,0x21,0x87,0x21,0x87,0x29,0xa7,0x21,0xa7,0x29,0xa7,0x21,0xa8,0x29,0xa7,0x29,0xa7,0x29,
    0xa7,0x21,0xa8,0x29,0xa7,0x29,0x88,0x21,0xa7,0x21,0xa7,0x21,0x87,0x21,0xa7,0x29,0xa7,0x29,0xc7,0x29,0xa7,0x21,0xa7,0x29,
    0xc8,0x29,0xc8,0x29,0xe8,0x21,0x09,0x32,0xab,0x42,0x08,0x2a,0x2d,0x53,0xaf,0x63,0xab,0x42,0x8b,0x42,0x6c,0x5b,0xed,0x7b,
    0x8c,0x73,0x8b,0x73,0x6b,0x6b,0xea,0x62,0xea,0x62,0x2a,0x6b,0x4b,0x73,0x4b,0x6b,0x2b,0x6b,0x0a,0x63,0xea,0x5a,0xea,0x62,
    0xea,0x5a,0xca,0x5a,0xa9,0x5a,0x69,0x4a,0x49,0x4a,0x69,0x4a,0x89,0x4a,0xa9,0x5a,0x88,0x5a,0xa8,0x62,0xc8,0x6a,0xa8,0x62,
    0xc8,0x62,0xa8,0x62,0xa8,0x62,0x67,0x5a,0x88,0x5a,0x48,0x4a,0x68,0x5a,0x89,0x5a,0xa8,0x62,0x88,0x62,0xa8,0x62,0xe9,0x6a,
    0xc8,0x6a,0xc8,0x6a,0xc8,0x6a,0x49,0x7b,0x28,0x83,0xa9,0x93,0xcb,0x9b,0x08,0x7b,0xe8,0x7a,0x49,0x83,0xa9,0x93,0x08,0x83,
    0x47,0x83,0xa8,0x9b,0xa8,0x93,0xa8,0x93,0x47,0x8b,0x27,0x8b,0xc8,0x93,0x88,0x93,0x67,0x8b,0x47,0x8b,0x47,0x83,0x47,0x8b,
    0x68,0x8b,0xe6,0x72,0xc6,0x72,0x07,0x7b,0x26,0x7b,0x67,0x8b,0xa8,0x93,0xe5,0x72,0xa6,0x6a,0xc5,0x62,0x26,0x7b,0xe6,0x7a,
    0x47,0x8b,0xe6,0x72,0x84,0x62,0x06,0x73,0x84,0x5a,0x44,0x52,0x07,0x7b,0x85,0x5a,0xc4,0x41,0x85,0x62,0xa5,0x72,0x06,0x6b,
    0x67,0x83,0x68,0x7b,0x06,0x6b,0xe6,0x6a,0x07,0x73,0x28,0x73,0x68,0x7b,0x28,0x7b,0xc5,0x82,0x08,0x7b,0xa9,0x8b,0x07,0x7b,
    0x07,0x73,0xc9,0x93,0x27,0x7b,0x06,0x73,0xe8,0x29,0xa7,0x29,0xc7,0x29,0x87,0x21,0x67,0x21,0x66,0x19,0x67,0x21,0xc8,0x31,
    0x87,0x29,0x87,0x21,0xc8,0x31,0xa7,0x29,0x87,0x29,0x67,0x21,0x66,0x21,0x87,0x21,0xc8,0x31,0x87,0x21,0x87,0x29,0x87,0x29,
    0x4e,0x5b,0xd0,0x73,0xa8,0x29,0x67,0x19,0x67,0x29,0xa7,0x29,0x87,0x21,0x87,0x21,0xa7,0x29,0x87,0x21,0xa7,0x29,0xa8,0x29,
    0xa7,0x21,0xa7,0x29,0x87,0x21,0x87,0x21,0xa7,0x29,0xa7,0x21,0xa7,0x29,0x87,0x21,0x87,0x21,0xa7,0x21,0xa7,0x21,0xa7,0x29,
    0xa7,0x21,0x87,0x21,0x87,0x21,0xa7,0x21,0xa7,0x29,0xa8,0x29,0xa8,0x29,0x87,0x29,0xa7,0x21,0xa7,0x21,0x87,0x21,0x87,0x21,
    0x88,0x21,0x87,0x29,0xa8,0x21,0xc7,0x29,0xc8,0x29,0xc7,0x29,0xc8,0x29,0xe8,0x29,0xc8,0x29,0xc8,0x29,0x8b,0x42,0xcb,0x42,
    0x29,0x32,0x2a,0x32,0xca,0x4a,0x4b,0x6b,0x4b,0x63,0x2b,0x63,0xca,0x5a,0x0a,0x5b,0x6b,0x6b,0x8c,0x7b,0x6b,0x73,0x4b,0x73,
    0x4a,0x73,0x0a,0x6b,0x0a,0x63,0xeb,0x5a,0xea,0x62,0xea,0x62,0xa9,0x52,0x69,0x4a,0x89,0x52,0x69,0x4a,0x69,0x52,0x88,0x52,
    0x68,0x4a,0x67,0x52,0xa8,0x62,0xa8,0x5a,0x47,0x52,0x47,0x4a,0x68,0x52,0x27,0x4a,0x47,0x4a,0x47,0x4a,0x68,0x52,0xc8,0x6a,
    0xa9,0x62,0xc9,0x6a,0xa8,0x6a,0xc9,0x6a,0x88,0x62,0xc8,0x62,0xa8,0x6a,0x09,0x7b,0x08,0x7b,0x29,0x83,0x69,0x8b,0xe8,0x72,
    0xc8,0x72,0xe8,0x7a,0x29,0x83,0xe8,0x82,0x28,0x83,0x48,0x83,0x67,0x8b,0xc8,0xa3,0x68,0x93,0x67,0x8b,0x88,0x93,0x47,0x83,
    0x88,0x8b,0x47,0x83,0x46,0x83,0xc9,0x93,0xa9,0x93,0xa8,0x8b,0xa8,0x93,0x69,0x8b,0x07,0x83,0x88,0x9b,0x87,0x93,0x27,0x83,
    0x05,0x73,0xc6,0x6a,0x85,0x6a,0x65,0x6a,0x85,0x72,0x26,0x83,0x47,0x7b,0x27,0x73,0xc5,0x62,0x85,0x52,0x64,0x4a,0xe4,0x39,
    0x63,0x31,0x25,0x4a,0x85,0x5a,0xa5,0x6a,0x66,0x5a,0x04,0x4a,0xa6,0x62,0x85,0x5a,0xe7,0x6a,0x65,0x5a,0x49,0x7b,0x89,0x83,
    0x27,0x93,0xc7,0x72,0x69,0x83,0x47,0x83,0x49,0x7b,0xaa,0x8b,0x27,0x7b,0x85,0x62,0x87,0x21,0x88,0x29,0xe8,0x29,0xa7,0x29,
    0x67,0x21,0x67,0x21,0x87,0x29,0x4a,0x42,0xc8,0x29,0x67,0x21,0x87,0x29,0xa8,0x29,0x87,0x29,0x67,0x21,0x67,0x21,0x87,0x21,
    0xc8,0x31,0xa7,0x29,0xa7,0x21,0xe9,0x31,0x09,0x32,0x09,0x32,0x67,0x29,0x66,0x21,0x67,0x21,0xa7,0x29,0xa8,0x29,0xa7,0x21,
    0xa7,0x29,0x67,0x21,0xa8,0x29,0xa7,0x21,0x87,0x29,0xa7,0x21,0x87,0x21,0x87,0x21,0x87,0x21,0xa7,0x29,0xa8,0x29,0x87,0x21,
    0x87,0x21,0x86,0x21,0x87,0x21,0x87,0x29,0xa7,0x21,0x87,0x29,0x87,0x21,0x87,0x21,0x88,0x29,0xa7,0x29,0xa8,0x29,0x87,0x21,
    0x87,0x21,0xa7,0x29,0x87,0x29,0x87,0x21,0x87,0x29,0xa8,0x21,0xa7,0x29,0xa8,0x29,0xa7,0x21,0xa7,0x29,0xa7,0x21,0xa7,0x29,
    0xc7,0x21,0xe8,0x29,0xc7,0x21,0xc8,0x29,0xe8,0x29,0xe9,0x29,0x6a,0x3a,0xeb,0x52,0x0a,0x63,0xaa,0x4a,0x6b,0x63,0xab,0x73,
    0x4b,0x6b,0x2a,0x6b,0x4b,0x6b,0x6b,0x73,0x2a,0x73,0x0a,0x63,0x2b,0x73,0xea,0x62,0xea,0x62,0xc9,0x5a,0x69,0x4a,0xa9,0x52,
    0xaa,0x52,0x49,0x4a,0x89,0x52,0x68,0x4a,0x28,0x4a,0x48,0x4a,0xa8,0x5a,0xa8,0x5a,0x68,0x52,0x68,0x52,0x06,0x42,0x47,0x4a,
    0x47,0x4a,0x68,0x52,0xc8,0x62,0x88,0x62,0xc8,0x6a,0xc8,0x6a,0xa9,0x6a,0x68,0x62,0x67,0x5a,0xe9,0x6a,0xa7,0x6a,0x29,0x73,
    0xe8,0x7a,0x49,0x83,0x49,0x83,0x08,0x83,0x08,0x7b,0xa7,0x72,0xe8,0x7a,0x08,0x83,0x08,0x83,0x28,0x8b,0x68,0x8b,0x47,0x8b,
    0x48,0x8b,0x48,0x8b,0x68,0x8b,0x27,0x83,0xc9,0x9b,0xe8,0x9b,0x67,0x8b,0xa8,0x93,0x28,0x83,0x88,0x93,0x2a,0xac,0xa9,0x93,
    0x07,0x83,0xe7,0x7a,0xa6,0x72,0x06,0x83,0xe6,0x72,0xe9,0xa3,0x06,0x83,0x07,0x83,0xc5,0x7a,0x05,0x73,0x46,0x83,0x05,0x7b,
    0x67,0x83,0x46,0x73,0xe5,0x72,0x44,0x52,0xe4,0x41,0xe6,0x62,0xc5,0x62,0x06,0x6b,0xc6,0x62,0x04,0x4a,0x29,0x73,0x66,0x5a,
    0x48,0x7b,0x24,0x52,0xe7,0x6a,0x28,0x7b,0x66,0x62,0x66,0x62,0x27,0x7b,0xc9,0x93,0xca,0x8b,0x47,0x73,0xe6,0x72,0xe6,0x6a,
    0xc8,0x31,0xc8,0x29,0xa7,0x29,0xa7,0x21,0xc8,0x31,0x49,0x42,0xc8,0x29,0xa7,0x29,0x87,0x21,0x87,0x21,0x87,0x29,0xe8,0x31,
    0xa8,0x29,0x66,0x21,0x67,0x19,0xa7,0x29,0xa8,0x29,0xa7,0x29,0x87,0x21,0xc8,0x31,0x6d,0x5b,0x8e,0x63,0x87,0x29,0x67,0x19,
    0x67,0x21,0x87,0x29,0xa7,0x29,0xa7,0x21,0x87,0x21,0x67,0x21,0xc7,0x29,0x87,0x21,0x87,0x21,0x87,0x21,0x87,0x29,0x87,0x21,
    0x87,0x21,0x87,0x29,0xa7,0x21,0x87,0x21,0x87,0x21,0x87,0x21,0x87,0x21,0x87,0x21,0x87,0x21,0x87,0x21,0xa7,0x21,0x87,0x29,
    0x87,0x21,0xa8,0x29,0xa7,0x29,0x87,0x21,0x87,0x29,0x87,0x21,0xa7,0x21,0x87,0x21,0xa7,0x21,0x87,0x21,0x87,0x21,0x87,0x29,
    0xa7,0x21,0xa8,0x29,0xa7,0x21,0xa8,0x29,0xa7,0x29,0xc8,0x21,0xe8,0x29,0xe8,0x29,0xc8,0x29,0xe9,0x29,0x4a,0x3a,0x8a,0x42,
    0x2a,0x63,0x4b,0x6b,0x6a,0x6b,0x0b,0x63,0xea,0x5a,0xaa,0x52,0xea,0x5a,0x2b,0x63,0x6b,0x73,0x6c,0x73,0x0a,0x63,0xa9,0x5a,
    0x69,0x4a,0x68,0x52,0x69,0x4a,0x89,0x52,0x69,0x4a,0x69,0x4a,0x69,0x4a,0x48,0x42,0x48,0x4a,0x67,0x4a,0x68,0x52,0x47,0x4a,
    0x67,0x52,0x68,0x52,0x27,0x4a,0x68,0x4a,0x48,0x52,0xa8,0x6a,0xc8,0x6a,0x08,0x73,0xe8,0x72,0xe8,0x72,0x88,0x62,0x87,0x62,
    0x68,0x62,0xa8,0x6a,0x86,0x62,0xe8,0x72,0x08,0x7b,0x69,0x8b,0x69,0x8b,0x69,0x8b,0x08,0x7b,0xa8,0x6a,0x48,0x83,0x49,0x83,
    0x28,0x83,0x68,0x8b,0x67,0x8b,0x47,0x8b,0x68,0x9b,0x67,0x8b,0x47,0x8b,0x88,0x8b,0xa8,0x93,0x66,0x8b,0x67,0x8b,0x27,0x93,
    0x47,0x8b,0x88,0x93,0xca,0xa3,0x68,0x8b,0x27,0x83,0x07,0x83,0x48,0x8b,0x68,0x93,0x68,0x9b,0xe6,0x82,0x47,0x8b,0x07,0x8b,
    0x27,0x83,0x46,0x8b,0x46,0x8b,0x46,0x83,0x87,0x83,0xc7,0x93,0x66,0x8b,0x06,0x73,0xe6,0x6a,0xe6,0x6a,0xc5,0x62,0x26,0x73,
    0x64,0x5a,0x04,0x4a,0x44,0x52,0xc7,0x6a,0xea,0x8b,0x89,0x83,0x68,0x83,0x48,0x7b,0xe4,0x49,0xc6,0x6a,0x89,0x8b,0x89,0x83,
    0xa6,0x6a,0x03,0x4a,0x86,0x5a,0xa5,0x62,0xc8,0x29,0xc7,0x29,0x87,0x21,0x67,0x21,0xa7,0x29,0x08,0x32,0x87,0x29,0xa7,0x29,
    0x87,0x21,0x87,0x29,0xa7,0x29,0x87,0x29,0x66,0x21,0x87,0x21,0x66,0x21,0x87,0x29,0xc8,0x31,0x67,0x21,0x47,0x21,0x08,0x32,
    0xec,0x4a,0xec,0x52,0xc8,0x29,0x66,0x21,0x67,0x21,0xa7,0x29,0xa8,0x29,0xa7,0x29,0x87,0x21,0x87,0x21,0xa8,0x21,0xa7,0x21,
    0x87,0x29,0x87,0x21,0xa7,0x21,0x87,0x21,0x67,0x29,0x87,0x21,0xa8,0x29,0x87,0x21,0x86,0x21,0x87,0x21,0x87,0x29,0x87,0x21,
    0x87,0x21,0xa7,0x29,0x87,0x21,0x87,0x21,0xa7,0x29,0xa7,0x29,0xa8,0x29,0x87,0x21,0xa7,0x21,0xa7,0x21,0x87,0x21,0xa8,0x21,
    0xa7,0x21,0x87,0x29,0x87,0x21,0xa7,0x21,0x87,0x21,0x87,0x21,0xa7,0x29,0xa7,0x21,0xa7,0x29,0xc8,0x29,0xc7,0x21,0xc8,0x21,
    0xc8,0x29,0xe9,0x29,0xe9,0x29,0x49,0x3a,0x6b,0x6b,0x4a,0x6b,0xea,0x5a,0xc9,0x52,0xca,0x5a,0x0b,0x5b,0xca,0x5a,0xca,0x5a,
    0x8c,0x73,0x6b,0x73,0x0a,0x63,0xea,0x5a,0xa9,0x5a,0x49,0x4a,0x28,0x42,0x68,0x52,0x29,0x42,0x28,0x4a,0x28,0x42,0x68,0x4a,
    0x89,0x5a,0x88,0x5a,0x47,0x4a,0x47,0x4a,0x48,0x4a,0x68,0x4a,0x47,0x4a,0x88,0x5a,0x88,0x5a,0x88,0x5a,0xe8,0x6a,0xe8,0x72,
    0xc8,0x6a,0xc8,0x6a,0xc8,0x6a,0xc8,0x6a,0xe8,0x6a,0xa7,0x6a,0xe8,0x6a,0xc8,0x72,0x69,0x8b,0x8a,0x93,0x4a,0x8b,0x69,0x83,
    0xa7,0x6a,0xc8,0x7a,0x28,0x83,0x08,0x7b,0x28,0x8b,0xe8,0xa3,0xa7,0x93,0xe6,0x7a,0x47,0x8b,0x26,0x8b,0x07,0x83,0xe5,0x7a,
    0x85,0x72,0x26,0x83,0xa8,0x9b,0x06,0x8b,0xe7,0x82,0x27,0x83,0x28,0x83,0x27,0x83,0x68,0x8b,0x27,0x83,0x27,0x83,0x47,0x93,
    0x27,0x8b,0x27,0x8b,0x88,0x9b,0x07,0x8b,0xc5,0x82,0x87,0x93,0xe5,0x7a,0x26,0x7b,0x26,0x73,0xe5,0x6a,0x67,0x83,0x46,0x7b,
    0x46,0x7b,0xc4,0x62,0x84,0x5a,0x06,0x6b,0xe5,0x62,0x85,0x5a,0x44,0x52,0x86,0x62,0xaa,0x8b,0xa9,0x8b,0x86,0x62,0x07,0x6b,
    0x24,0x5a,0xc6,0x6a,0x88,0x83,0xc9,0x83,0x2b,0x94,0xa6,0x62,0x25,0x52,0x65,0x5a,0xab,0x4a,0xe9,0x31,0x46,0x21,0x67,0x21,
    0x67,0x29,0x66,0x21,0x87,0x29,0x87,0x21,0x66,0x21,0x87,0x29,0xc8,0x29,0x87,0x29,0x67,0x21,0x87,0x29,0x66,0x21,0x67,0x21,
    0xa8,0x31,0xa7,0x29,0x67,0x21,0xa7,0x21,0x87,0x21,0x09,0x32,0xe8,0x29,0x67,0x21,0x87,0x21,0x87,0x29,0xa7,0x29,0x87,0x21,
    0xa7,0x21,0x87,0x21,0x87,0x21,0xa7,0x21,0x87,0x21,0xa7,0x21,0xa7,0x21,0x87,0x21,0x87,0x21,0x87,0x21,0xc7,0x29,0x87,0x21,
    0x87,0x21,0x87,0x21,0x87,0x21,0xa7,0x21,0x86,0x21,0x87,0x21,0xa7,0x29,0x87,0x21,0xa8,0x29,0xa8,0x29,0x87,0x29,0x67,0x21,
    0xa7,0x29,0xa8,0x29,0xa7,0x29,0xa7,0x21,0xa7,0x29,0xa7,0x21,0x87,0x21,0x87,0x21,0xa7,0x29,0xa7,0x29,0xa7,0x21,0xa8,0x29,
    0xa7,0x29,0xa8,0x29,0xe8,0x21,0xe8,0x29,0xc9,0x29,0xc8,0x29,0xc8,0x21,0x49,0x3a,0x0a,0x5b,0x6b,0x73,0x4a,0x73,0x2b,0x73,
    0x0a,0x63,0x2b,0x6b,0xea,0x5a,0xeb,0x5a,0x2b,0x63,0x6c,0x73,0xca,0x5a,0x89,0x52,0x89,0x52,0x28,0x42,0x08,0x42,0x29,0x42,
    0x08,0x42,0xe8,0x39,0x48,0x4a,0x68,0x52,0x68,0x52,0x68,0x4a,0x48,0x4a,0x48,0x42,0x07,0x42,0x48,0x42,0x07,0x42,0x27,0x4a,
    0x68,0x52,0x68,0x5a,0x28,0x7b,0xe8,0x6a,0xc8,0x6a,0xe8,0x72,0xa7,0x62,0xa7,0x6a,0xe8,0x72,0xc8,0x72,0xa7,0x6a,0xa8,0x6a,
    0xe7,0x7a,0x29,0x83,0x49,0x83,0x49,0x83,0xa7,0x72,0xe8,0x72,0x28,0x83,0x68,0x8b,0x67,0x8b,0xc7,0xa3,0xc7,0x9b,0x67,0x8b,
    0x68,0x93,0x47,0x8b,0x07,0x83,0x87,0x93,0x47,0x8b,0xe6,0x7a,0x06,0x83,0xc6,0x72,0xe7,0x72,0x67,0x8b,0xc6,0x72,0xe6,0x7a,
    0xe7,0x7a,0xa5,0x72,0xc5,0x7a,0x06,0x83,0x27,0x8b,0xa8,0x9b,0x47,0x8b,0x47,0x93,0x67,0x93,0x06,0x83,0x26,0x83,0x87,0x93,
    0x46,0x7b,0xe5,0x72,0xe6,0x6a,0x46,0x7b,0x06,0x73,0xe5,0x62,0xc5,0x6a,0x68,0x8b,0x89,0x83,0x07,0x73,0xa5,0x62,0x84,0x62,
    0x88,0x83,0xa9,0x8b,0xc7,0x6a,0xa9,0x83,0x86,0x6a,0x04,0x52,0xc6,0x6a,0x27,0x73,0x4d,0x9c,0xc6,0x6a,0xc7,0x6a,0x66,0x62,
    0xe9,0x31,0xc8,0x31,0xa7,0x29,0x67,0x29,0x87,0x21,0x87,0x29,0x67,0x21,0x66,0x21,0x67,0x21,0x87,0x29,0x08,0x32,0x87,0x29,
    0x66,0x21,0x87,0x29,0x67,0x21,0x67,0x29,0xa7,0x29,0xa8,0x29,0xa7,0x21,0xa8,0x29,0x88,0x29,0x6a,0x3a,0xc8,0x31,0x66,0x21,
    0x67,0x29,0xa7,0x29,0xa8,0x29,0x87,0x29,0xa7,0x21,0x87,0x21,0x87,0x21,0x87,0x29,0x86,0x21,0x87,0x21,0xa7,0x29,0xa7,0x21,
    0x87,0x21,0x87,0x29,0xa8,0x29,0x87,0x21,0x86,0x21,0xa7,0x29,0x87,0x21,0x87,0x29,0xa7,0x21,0x87,0x21,0x87,0x21,0xa7,0x21,
    0xa7,0x29,0x87,0x29,0xa7,0x29,0x67,0x21,0x87,0x21,0xa7,0x21,0xa7,0x29,0xa7,0x21,0x87,0x21,0xa7,0x29,0xa7,0x21,0x87,0x21,
    0x87,0x21,0xa7,0x29,0xa8,0x21,0xa7,0x29,0xc8,0x29,0xc7,0x29,0xe8,0x29,0xc8,0x29,0xc8,0x29,0xe8,0x29,0xaa,0x4a,0x4a,0x6b,
    0x4b,0x6b,0x4a,0x6b,0x4b,0x73,0x2a,0x73,0x0a,0x6b,0xea,0x62,0x0a,0x6b,0xea,0x5a,0x8d,0x6b,0x8d,0x6b,0x89,0x52,0x69,0x4a,
    0x28,0x42,0x29,0x42,0xe8,0x41,0xe7,0x39,0x08,0x42,0x08,0x42,0x27,0x42,0x48,0x52,0x48,0x4a,0x27,0x42,0x07,0x42,0x07,0x42,
    0xe7,0x39,0x08,0x42,0xc7,0x39,0x08,0x42,0x27,0x42,0x88,0x5a,0xe7,0x6a,0xc8,0x72,0xe8,0x72,0xe8,0x72,0xc8,0x72,0xe8,0x72,
    0xc8,0x72,0xa7,0x6a,0xc8,0x72,0xc8,0x6a,0xc8,0x72,0x69,0x83,0x49,0x8b,0xe8,0x7a,0x09,0x7b,0x08,0x83,0xe7,0x7a,0x67,0x93,
    0xe7,0xa3,0xc7,0x9b,0x45,0x83,0xe6,0x7a,0x27,0x83,0x27,0x83,0x68,0x93,0x07,0x83,0xa8,0x9b,0xa6,0x72,0x64,0x5a,0xc6,0x6a,
    0x67,0x7b,0xe5,0x62,0xe6,0x6a,0xe6,0x6a,0xe6,0x72,0xc6,0x7a,0x48,0x8b,0x27,0x8b,0x06,0x83,0x47,0x93,0x67,0x93,0x47,0x8b,
    0x46,0x93,0xa7,0x93,0xa7,0x93,0x46,0x7b,0x26,0x7b,0x47,0x7b,0xe5,0x72,0x26,0x7b,0x67,0x7b,0x26,0x73,0x26,0x73,0x88,0x93,
    0xea,0x93,0x25,0x52,0x85,0x62,0x07,0x7b,0x4f,0xbd,0xaa,0x8b,0x08,0x73,0x89,0x8b,0xc6,0x7a,0x45,0x62,0x8a,0x83,0xc7,0x6a,
    0xc6,0x62,0x86,0x5a,0x45,0x5a,0x86,0x6a,0xcb,0x52,0x29,0x3a,0x67,0x21,0x66,0x21,0x87,0x29,0x87,0x21,0x87,0x29,0xc8,0x31,
    0xc8,0x31,0x87,0x29,0xe8,0x31,0x87,0x29,0x87,0x29,0x67,0x21,0x86,0x21,0x87,0x29,0xa8,0x31,0xa8,0x29,0x86,0x21,0xa7,0x29,
    0x87,0x21,0xab,0x4a,0xe8,0x31,0x87,0x29,0x67,0x21,0xa7,0x29,0x87,0x29,0x87,0x29,0x87,0x21,0x87,0x21,0x87,0x29,0x87,0x21,
    0x87,0x21,0xa7,0x21,0x87,0x21,0xa7,0x21,0x67,0x21,0x87,0x21,0xa7,0x29,0x87,0x21,0x87,0x21,0x87,0x21,0x87,0x21,0xa7,0x21,
    0xa7,0x29,0xa7,0x29,0x87,0x21,0xa7,0x29,0xa8,0x29,0xa8,0x29,0xa7,0x21,0x87,0x21,0x87,0x21,0xa7,0x29,0xa8,0x29,0xa7,0x29,
    0xa7,0x21,0xa8,0x29,0x87,0x29,0xa7,0x21,0xa7,0x21,0x87,0x21,0xa7,0x29,0xc7,0x21,0xc8,0x29,0xc8,0x29,0xc7,0x29,0xc8,0x29,
    0xe8,0x29,0xe8,0x29,0xca,0x52,0xab,0x73,0x4b,0x6b,0x0a,0x5b,0x0a,0x63,0x2a,0x6b,0x2b,0x6b,0x0b,0x6b,0x0a,0x63,0xca,0x52,
    0xea,0x5a,0xa9,0x52,0x69,0x4a,0x28,0x42,0x28,0x42,0x08,0x42,0x08,0x3a,0x07,0x42,0x08,0x42,0x08,0x42,0x28,0x42,0x28,0x42,
    0x07,0x42,0x08,0x42,0xe7,0x39,0xe8,0x41,0x08,0x42,0xe7,0x39,0xe7,0x39,0x08,0x42,0x27,0x4a,0xe8,0x62,0xc8,0x6a,0xc7,0x6a,
    0xc7,0x6a,0xe8,0x7a,0xe8,0x72,0xc8,0x72,0xc8,0x72,0x09,0x7b,0xe8,0x7a,0xc8,0x72,0xa8,0x72,0xe8,0x7a,0xe8,0x7a,0x49,0x83,
    0xe8,0x7a,0xe8,0x7a,0xe8,0x7a,0x88,0x93,0xc7,0x93,0xa7,0x93,0x67,0x8b,0x27,0x83,0x28,0x83,0x47,0x8b,0x47,0x93,0x07,0x83,
    0x27,0x83,0xa8,0x93,0xe6,0x7a,0xc5,0x6a,0xe6,0x72,0xe5,0x6a,0xa5,0x62,0x84,0x5a,0x07,0x7b,0x26,0x83,0x67,0x7b,0x26,0x6b,
    0x64,0x52,0x06,0x7b,0xa8,0x9b,0x87,0x8b,0x06,0x73,0x46,0x83,0x87,0x83,0x26,0x7b,0xe6,0x72,0xe6,0x7a,0x64,0x62,0x06,0x73,
    0xc4,0x62,0xe6,0x6a,0xc9,0x93,0x47,0x83,0x0a,0x9c,0x65,0x5a,0xc7,0x72,0xa6,0x72,0x70,0xc5,0xca,0x93,0xe8,0x72,0x28,0x73,
    0x48,0x93,0x65,0x6a,0x69,0x83,0x2c,0xa4,0xe7,0x72,0xa6,0x62,0x65,0x5a,0xc9,0x93,0x2d,0x5b,0x8a,0x4a,0x66,0x21,0x87,0x21,
    0x87,0x21,0x87,0x29,0x87,0x29,0x87,0x29,0xc8,0x29,0xa7,0x29,0xa7,0x29,0x87,0x29,0x66,0x21,0x87,0x21,0x67,0x29,0x87,0x21,
    0xa7,0x31,0xa8,0x29,0x67,0x21,0x47,0x21,0x46,0x19,0x26,0x19,0x87,0x29,0x87,0x29,0x67,0x21,0xa7,0x29,0x87,0x29,0x87,0x21,
    0x87,0x29,0x67,0x21,0xa7,0x21,0x86,0x21,0xa7,0x21,0xa7,0x21,0x87,0x21,0xa7,0x29,0x67,0x21,0x87,0x29,0xc7,0x29,0x87,0x21,
    0x86,0x21,0x87,0x21,0x87,0x21,0x87,0x29,0x87,0x21,0xa7,0x21,0xa7,0x29,0xa8,0x21,0xc7,0x29,0x87,0x29,0x87,0x21,0x87,0x21,
    0x87,0x21,0xa7,0x21,0xa7,0x21,0x87,0x21,0xa7,0x29,0x87,0x21,0xa7,0x21,0x87,0x21,0x87,0x29,0xa7,0x21,0xa8,0x29,0x29,0x3a,
    0x49,0x3a,0x09,0x32,0xc8,0x29,0xe8,0x31,0x69,0x42,0xaa,0x4a,0xca,0x52,0x4a,0x6b,0x6b,0x6b,0xea,0x5a,0xaa,0x52,0xa9,0x52,
    0xa9,0x52,0xca,0x52,0xca,0x5a,0x89,0x52,0x69,0x4a,0x48,0x4a,0x48,0x42,0xe7,0x39,0xe7,0x39,0x08,0x3a,0xe7,0x39,0xe8,0x39,
    0xe7,0x39,0x08,0x42,0x07,0x42,0xe7,0x39,0xe7,0x39,0xe7,0x39,0x07,0x3a,0x08,0x42,0xe7,0x39,0xe7,0x39,0x08,0x42,0x27,0x42,
    0xe7,0x41,0xa7,0x5a,0xe8,0x6a,0x29,0x7b,0xa8,0x6a,0xc8,0x6a,0xc7,0x6a,0x67,0x62,0x09,0x73,0xe8,0x7a,0xa7,0x6a,0xe8,0x72,
    0xa7,0x72,0xc8,0x72,0x29,0x83,0x08,0x7b,0xe8,0x7a,0xc8,0x72,0xe8,0x82,0xc8,0x9b,0xa8,0x93,0x07,0x83,0x47,0x8b,0x47,0x8b,
    0x68,0x8b,0x47,0x93,0xa7,0x9b,0x68,0x93,0x47,0x8b,0xc7,0x93,0x05,0x7b,0x27,0x83,0x27,0x83,0xe6,0x7a,0xc6,0x6a,0x27,0x7b,
    0x26,0x7b,0x46,0x7b,0x05,0x63,0x84,0x52,0xa4,0x52,0x06,0x6b,0x06,0x6b,0x46,0x73,0x46,0x7b,0x66,0x7b,0xe4,0x62,0x06,0x73,
    0x06,0x7b,0x26,0x83,0x06,0x7b,0xa5,0x62,0x85,0x5a,0x86,0x5a,0xa5,0x6a,0x26,0x73,0xe6,0x62,0x45,0x52,0x25,0x52,0x86,0x62,
    0xeb,0x93,0x08,0x73,0xa7,0x6a,0xe7,0x6a,0x86,0x7a,0xe5,0x59,0xa9,0x93,0x4b,0x9c,0xc8,0x6a,0x08,0x7b,0x27,0x7b,0x28,0x7b,
    0x49,0x42,0xe8,0x31,0x66,0x21,0x67,0x21,0x66,0x29,0xa8,0x29,0xa7,0x29,0x67,0x21,0x66,0x21,0x67,0x21,0x87,0x29,0x87,0x29,
    0x46,0x21,0x87,0x29,0x67,0x21,0x87,0x29,0xc8,0x29,0xc8,0x31,0x87,0x21,0x09,0x32,0x6a,0x3a,0x09,0x32,0xc7,0x29,0x66,0x21,
    0x67,0x21,0x87,0x29,0xa7,0x29,0x67,0x21,0x87,0x29,0x87,0x29,0xa7,0x29,0x87,0x21,0x87,0x21,0x87,0x21,0xa7,0x21,0x88,0x29,
    0x87,0x21,0x87,0x21,0xa7,0x29,0x87,0x21,0x67,0x21,0x87,0x21,0xa7,0x29,0x86,0x21,0x67,0x21,0xa7,0x21,0x87,0x21,0xa7,0x29,
    0xa8,0x29,0x87,0x29,0x87,0x29,0x67,0x21,0x87,0x21,0x87,0x29,0xa7,0x21,0xa7,0x21,0xa7,0x21,0x87,0x21,0x87,0x21,0x86,0x21,
    0x87,0x21,0x87,0x21,0xa7,0x21,0x28,0x32,0x8a,0x4a,0xaa,0x52,0xca,0x52,0xaa,0x52,0xca,0x52,0x0b,0x5b,0x0a,0x5b,0x6b,0x6b,
    0x4a,0x73,0x0a,0x63,0x0a,0x63,0xca,0x52,0xca,0x52,0xca,0x5a,0xea,0x5a,0x48,0x42,0x07,0x42,0x69,0x4a,0x28,0x42,0x07,0x3a,
    0xe8,0x39,0xe7,0x39,0xe8,0x39,0x07,0x42,0xe8,0x39,0xc7,0x39,0xe8,0x39,0xe7,0x39,0x07,0x3a,0xe7,0x41,0x07,0x42,0xe7,0x39,
    0xe8,0x41,0xe7,0x39,0x07,0x42,0x07,0x42,0x27,0x4a,0x27,0x4a,0x68,0x5a,0xa7,0x6a,0x88,0x62,0x67,0x5a,0xe8,0x72,0xa7,0x6a,
    0xc8,0x72,0x08,0x7b,0xa7,0x72,0xc8,0x72,0xa7,0x6a,0xc7,0x72,0x08,0x83,0xe8,0x7a,0xc7,0x72,0x08,0x7b,0x68,0x8b,0xc8,0x9b,
    0x87,0x93,0x07,0x7b,0xc7,0x7a,0x47,0x8b,0x88,0x93,0xa8,0x9b,0x07,0x8b,0x88,0x93,0x27,0x8b,0x06,0x83,0xe6,0x7a,0x67,0x8b,
    0xe9,0x9b,0x07,0x83,0xa6,0x6a,0xe6,0x72,0xe6,0x6a,0x06,0x6b,0xc5,0x62,0xe5,0x62,0x26,0x6b,0x64,0x5a,0x24,0x52,0x06,0x6b,
    0xc5,0x62,0x26,0x73,0x05,0x63,0x66,0x73,0x67,0x7b,0xe5,0x6a,0x67,0x83,0x27,0x7b,0x64,0x5a,0x04,0x4a,0x85,0x5a,0x85,0x5a,
    0x07,0x6b,0x25,0x4a,0x25,0x52,0x48,0x7b,0xcd,0xac,0x07,0x73,0x8a,0x8b,0x8a,0x8b,0x47,0x93,0x25,0x62,0xca,0x8b,0xeb,0x93,
    0xc5,0x49,0xc6,0x62,0x45,0x5a,0x08,0x73,0x4a,0x3a,0x09,0x32,0x66,0x21,0x67,0x21,0x67,0x21,0xa7,0x29,0xa8,0x29,0x87,0x29,
    0x87,0x29,0x66,0x21,0x67,0x21,0x87,0x29,0x67,0x21,0x67,0x21,0x66,0x21,0x66,0x21,0xa8,0x31,0xa7,0x29,0x87,0x21,0x29,0x3a,
    0x09,0x32,0xc8,0x29,0xc8,0x29,0x67,0x21,0x66,0x29,0x88,0x29,0xa7,0x29,0x87,0x29,0xa7,0x29,0x87,0x29,0x88,0x29,0x87,0x29,
    0xe8,0x29,0x87,0x29,0x87,0x21,0xa7,0x29,0x66,0x21,0x87,0x29,0xa8,0x29,0x67,0x21,0x66,0x21,0x67,0x21,0x87,0x21,0x87,0x21,
    0x87,0x21,0x87,0x21,0xa7,0x21,0x87,0x21,0xa7,0x29,0x87,0x29,0x87,0x21,0x66,0x21,0x87,0x21,0x87,0x21,0xa7,0x21,0xa8,0x29,
    0x87,0x21,0xa7,0x29,0x87,0x21,0xa7,0x29,0x87,0x21,0x87,0x21,0xa7,0x21,0xc8,0x29,0x6a,0x42,0xea,0x5a,0x4b,0x6b,0x4b,0x73,
    0xe9,0x5a,0xaa,0x52,0xc9,0x5a,0x2a,0x63,0x6b,0x73,0x0b,0x6b,0x0a,0x63,0xca,0x62,0xaa,0x5a,0xea,0x5a,0x0a,0x63,0x48,0x4a,
    0x08,0x3a,0x48,0x4a,0x08,0x42,0xe7,0x39,0xe8,0x31,0xe7,0x39,0xe8,0x39,0xe7,0x39,0xc7,0x39,0xc7,0x31,0xc7,0x39,0xc7,0x39,
    0xc7,0x39,0x07,0x3a,0x07,0x42,0xe7,0x39,0xe7,0x39,0xa6,0x39,0x48,0x4a,0x67,0x52,0x47,0x4a,0x67,0x52,0x68,0x5a,0x48,0x52,
    0x88,0x62,0xa8,0x62,0x29,0x7b,0xc8,0x6a,0x87,0x62,0x08,0x7b,0xa7,0x72,0x08,0x73,0xa7,0x72,0xc8,0x72,0x08,0x83,0x8a,0x93,
    0x08,0x83,0xe8,0x7a,0x67,0x8b,0x47,0x8b,0x47,0x83,0x27,0x83,0xc7,0x72,0xc7,0x72,0x07,0x7b,0x68,0x8b,0x07,0x83,0x27,0x8b,
    0x88,0x93,0x47,0x8b,0xc7,0x7a,0xa7,0x7a,0x48,0x8b,0x07,0x7b,0xc6,0x72,0x08,0x83,0xe6,0x72,0xe5,0x72,0xc6,0x6a,0x68,0x83,
    0xe7,0x7a,0xe6,0x72,0x86,0x6a,0x84,0x5a,0xc5,0x6a,0xc4,0x62,0xc5,0x62,0x27,0x6b,0x06,0x63,0x84,0x5a,0xa5,0x62,0xa5,0x62,
    0x47,0x83,0x48,0x83,0x48,0x7b,0xe6,0x6a,0xc7,0x6a,0x04,0x4a,0x65,0x5a,0x24,0x52,0x07,0x73,0xc7,0x6a,0x8a,0x83,0x49,0x7b,
    0x68,0x93,0x45,0x6a,0x66,0x5a,0x8e,0xa4,0x87,0x62,0x89,0x8b,0x65,0x5a,0x25,0x52,0xa7,0x29,0xa7,0x29,0x87,0x29,0x46,0x21,
    0xa7,0x29,0xa8,0x31,0xa7,0x29,0xa7,0x29,0xc8,0x29,0x87,0x29,0x66,0x21,0x87,0x29,0x66,0x21,0x66,0x21,0x46,0x21,0x67,0x21,
    0xa7,0x29,0xc8,0x29,0x87,0x29,0xa7,0x29,0xc8,0x29,0x66,0x21,0x87,0x21,0x67,0x21,0x67,0x21,0x87,0x29,0xa7,0x29,0x67,0x21,
    0xa7,0x29,0x87,0x29,0x87,0x29,0xa7,0x21,0xc8,0x31,0xa7,0x29,0x87,0x21,0x87,0x29,0x67,0x19,0x87,0x21,0xc7,0x29,0x67,0x21,
    0x67,0x21,0x67,0x21,0x87,0x21,0x66,0x21,0x87,0x21,0x86,0x21,0x87,0x21,0xa7,0x21,0xa7,0x29,0x87,0x29,0x87,0x29,0x87,0x21,
    0xa7,0x21,0x86,0x21,0x87,0x21,0xa7,0x21,0xa7,0x21,0x87,0x21,0x87,0x21,0x87,0x21,0xa7,0x21,0x87,0x21,0xc8,0x29,0x6a,0x42,
    0x6a,0x42,0xaa,0x4a,0x2a,0x63,0x4b,0x6b,0x2a,0x63,0x0b,0x63,0x0a,0x63,0x2a,0x6b,0x2a,0x6b,0x0a,0x63,0xea,0x62,0x0a,0x6b,
    0xea,0x5a,0xc9,0x5a,0x0a,0x63,0x28,0x42,0x07,0x42,0xe8,0x39,0xe8,0x31,0xc7,0x39,0xc7,0x31,0xc7,0x31,0xc7,0x31,0xe8,0x39,
    0xc7,0x31,0xa7,0x39,0xc7,0x39,0xc7,0x39,0xe7,0x39,0xc7,0x39,0x07,0x3a,0x07,0x42,0xe7,0x39,0xc7,0x31,0x47,0x4a,0x68,0x52,
    0x48,0x52,0x48,0x52,0x06,0x4a,0x68,0x5a,0x88,0x62,0xa7,0x62,0xa7,0x6a,0xa8,0x6a,0xa8,0x6a,0xe8,0x72,0x08,0x7b,0xe7,0x7a,
    0xe8,0x72,0x08,0x7b,0xa8,0x72,0x49,0x83,0xc7,0x7a,0xc8,0x7a,0x27,0x8b,0x68,0x8b,0x07,0x83,0x27,0x7b,0xe7,0x7a,0xc7,0x7a,
    0xe8,0x7a,0xe8,0x82,0x08,0x83,0x07,0x7b,0x08,0x83,0x28,0x8b,0xe7,0x7a,0xc7,0x7a,0x6a,0x8b,0x28,0x83,0x27,0x83,0x27,0x8b,
    0xa8,0x9b,0x26,0x83,0x26,0x83,0xe9,0x9b,0xc6,0x7a,0x27,0x83,0x67,0x83,0x67,0x83,0x87,0x8b,0x47,0x7b,0x46,0x7b,0x26,0x6b,
    0xa4,0x5a,0xa4,0x5a,0x84,0x5a,0xe6,0x6a,0x89,0x83,0xc6,0x72,0x89,0x83,0x88,0x83,0xa9,0x83,0xc4,0x39,0x86,0x5a,0xa5,0x62,
    0x89,0x83,0x45,0x52,0x66,0x5a,0x69,0x83,0xe7,0x82,0x45,0x62,0x66,0x5a,0x4d,0x9c,0xc6,0x72,0xea,0x93,0x45,0x5a,0x25,0x52,
    0xa7,0x21,0x87,0x21,0x67,0x21,0x66,0x21,0x87,0x29,0x08,0x3a,0xa7,0x29,0xe7,0x31,0xc8,0x31,0x87,0x29,0x67,0x21,0x87,0x29,
    0x67,0x21,0x67,0x21,0x66,0x21,0x67,0x29,0xc8,0x29,0x87,0x29,0x87,0x29,0xc8,0x29,0x87,0x21,0x87,0x21,0x87,0x21,0x66,0x29,
    0x67,0x21,0xa7,0x29,0x87,0x29,0x67,0x21,0x08,0x32,0xc8,0x31,0x87,0x21,0xa7,0x29,0x49,0x3a,0xa8,0x31,0x87,0x29,0x87,0x21,
    0x87,0x29,0xa7,0x29,0xa8,0x29,0x66,0x19,0x67,0x21,0x86,0x21,0x87,0x21,0x87,0x21,0x66,0x21,0x67,0x21,0x66,0x21,0xa7,0x21,
    0xa8,0x29,0x87,0x29,0x87,0x21,0x67,0x21,0x67,0x21,0x67,0x21,0x87,0x21,0xa7,0x29,0x87,0x21,0x66,0x21,0x87,0x21,0x66,0x21,
    0x87,0x21,0x86,0x21,0x09,0x32,0x29,0x32,0x29,0x3a,0xaa,0x4a,0xea,0x5a,0xeb,0x5a,0x0a,0x63,0xea,0x5a,0x2a,0x63,0xca,0x5a,
    0xea,0x5a,0x0a,0x63,0x0a,0x63,0x0a,0x63,0xea,0x62,0x0a,0x6b,0x2a,0x6b,0x48,0x4a,0xe8,0x39,0xe7,0x31,0xc7,0x31,0xa7,0x31,
    0xa7,0x31,0xc7,0x31,0xe8,0x39,0xc7,0x31,0xc7,0x39,0xc7,0x39,0xc7,0x39,0xc7,0x31,0xe7,0x31,0xc7,0x39,0xe7,0x39,0xe7,0x39,
    0xe7,0x39,0x07,0x42,0x07,0x42,0xe6,0x41,0xe7,0x41,0x07,0x4a,0x27,0x52,0x68,0x5a,0x67,0x5a,0x87,0x62,0x87,0x62,0xc7,0x6a,
    0xc8,0x72,0xa7,0x6a,0xc7,0x72,0xe8,0x72,0x08,0x83,0xc7,0x72,0xc8,0x7a,0x08,0x83,0x08,0x83,0x09,0x83,0x68,0x8b,0x47,0x83,
    0x08,0x7b,0x48,0x83,0x07,0x83,0x08,0x83,0x69,0x93,0x48,0x8b,0x48,0x8b,0x89,0x93,0x28,0x8b,0x69,0x8b,0x8a,0x93,0xe7,0x7a,
    0xaa,0x93,0x48,0x83,0xe7,0x7a,0x87,0x93,0x87,0x93,0x66,0x8b,0x87,0x93,0x87,0x93,0x27,0x7b,0x26,0x83,0xa7,0x8b,0x26,0x73,
    0xe5,0x6a,0x88,0x8b,0x46,0x7b,0xe5,0x62,0xa4,0x62,0xe6,0x62,0x05,0x6b,0x84,0x5a,0x48,0x7b,0x45,0x62,0xe7,0x72,0xca,0x93,
    0xce,0xb4,0x86,0x62,0x07,0x73,0x47,0x83,0x0a,0x94,0x07,0x73,0x89,0x83,0x0b,0x94,0x45,0x62,0x26,0x62,0x49,0x7b,0x8d,0xac,
    0xc7,0x6a,0xea,0x8b,0x46,0x5a,0xe8,0x6a,0x87,0x21,0x87,0x29,0x67,0x21,0x46,0x21,0x87,0x29,0xa8,0x29,0x86,0x29,0xa7,0x31,
    0xa7,0x29,0x86,0x29,0x67,0x21,0x87,0x29,0x46,0x21,0x87,0x29,0x67,0x21,0x66,0x21,0xa8,0x31,0xa7,0x29,0x87,0x29,0xa7,0x29,
    0xe8,0x29,0x08,0x32,0xa7,0x29,0x67,0x21,0x66,0x29,0xa8,0x29,0xa7,0x29,0x87,0x29,0xa7,0x29,0x87,0x29,0x87,0x29,0xa8,0x29,
    0x28,0x3a,0xa7,0x29,0xc8,0x29,0x87,0x29,0x87,0x21,0xa7,0x29,0xa7,0x29,0x87,0x21,0xa7,0x21,0x87,0x21,0xa7,0x21,0x87,0x21,
    0x86,0x21,0x87,0x21,0x87,0x19,0xa8,0x29,0x87,0x29,0x87,0x29,0x87,0x21,0x66,0x21,0x67,0x21,0x86,0x21,0x87,0x21,0x87,0x21,
    0x87,0x21,0x86,0x21,0x87,0x21,0x67,0x21,0x86,0x21,0x87,0x21,0x87,0x21,0xe8,0x29,0x6a,0x3a,0xaa,0x52,0xca,0x52,0xaa,0x52,
    0x89,0x4a,0x8a,0x52,0x8a,0x4a,0x49,0x3a,0xea,0x5a,0x0b,0x63,0xea,0x5a,0x2b,0x6b,0xea,0x62,0xc9,0x5a,0xc9,0x5a,0x69,0x4a,
    0x08,0x3a,0xc7,0x39,0xc7,0x31,0xc7,0x31,0xa7,0x31,0xc7,0x31,0xc7,0x31,0xc7,0x39,0xc7,0x31,0xc7,0x31,0xc7,0x31,0xc7,0x31,
    0xe7,0x39,0xa7,0x31,0xc7,0x39,0xe7,0x39,0xe7,0x41,0x07,0x42,0xe7,0x41,0xc6,0x39,0x07,0x42,0x87,0x5a,0x88,0x62,0x47,0x5a,
    0xa8,0x6a,0xe8,0x6a,0xe8,0x72,0xc8,0x6a,0xc8,0x72,0xe8,0x7a,0xc7,0x72,0x48,0x83,0x28,0x83,0xa7,0x72,0x08,0x7b,0x08,0x7b,
    0xe8,0x7a,0x08,0x7b,0x48,0x8b,0x28,0x83,0xa7,0x72,0x28,0x83,0x08,0x83,0xe8,0x7a,0x08,0x83,0x28,0x83,0x68,0x93,0x69,0x93,
    0x48,0x8b,0x89,0x93,0xca,0x9b,0xc7,0x72,0xaa,0x8b,0x07,0x83,0x88,0x93,0xa9,0x9b,0x26,0x8b,0x87,0x93,0x66,0x8b,0x87,0x93,
    0xc6,0x72,0x67,0x83,0x28,0xac,0x46,0x83,0xa4,0x62,0x26,0x7b,0x26,0x83,0x06,0x73,0xa5,0x6a,0xe4,0x6a,0xa5,0x62,0x23,0x4a,
    0xe3,0x41,0x45,0x52,0x85,0x62,0x69,0x83,0x4c,0xa4,0xa6,0x6a,0x07,0x83,0x48,0x8b,0x47,0x7b,0x84,0x5a,0x27,0x73,0x28,0x7b,
    0x25,0x62,0x26,0x5a,0x29,0x7b,0xcb,0x8b,0xe7,0x6a,0x0b,0x9c,0xa7,0x62,0x08,0x73,0xe8,0x31,0xc7,0x31,0x46,0x21,0x66,0x21,
    0x87,0x29,0xe8,0x31,0x87,0x29,0xc7,0x31,0xa8,0x29,0x67,0x21,0x66,0x21,0x87,0x29,0x66,0x21,0x87,0x21,0x87,0x29,0x67,0x21,
    0xa7,0x31,0xa8,0x29,0x87,0x21,0xe8,0x39,0xab,0x52,0x49,0x42,0xa8,0x29,0x67,0x21,0x66,0x21,0x87,0x29,0xa8,0x29,0x67,0x21,
    0xa8,0x29,0x87,0x29,0x87,0x29,0xa7,0x29,0xe9,0x31,0xa7,0x29,0x28,0x42,0x87,0x29,0x87,0x29,0xa7,0x29,0xa8,0x29,0x87,0x21,
    0x87,0x21,0x87,0x21,0x86,0x21,0xa7,0x21,0x87,0x21,0x86,0x21,0x87,0x21,0xc7,0x31,0x87,0x29,0xa7,0x29,0x87,0x21,0x86,0x21,
    0x66,0x19,0x87,0x21,0x86,0x21,0x66,0x21,0x87,0x21,0x87,0x21,0x87,0x21,0xa7,0x21,0x87,0x21,0x87,0x21,0xa7,0x29,0xa7,0x29,
    0xc8,0x29,0xc7,0x29,0xe8,0x29,0xc7,0x29,0xc8,0x29,0x29,0x3a,0x6a,0x42,0x2a,0x3a,0x6a,0x42,0xea,0x5a,0xaa,0x52,0xc9,0x52,
    0x0a,0x63,0x0a,0x63,0xa9,0x52,0x08,0x42,0xe7,0x31,0xc7,0x31,0xa7,0x31,0xc8,0x39,0xc7,0x31,0xc7,0x31,0xc8,0x39,0xc7,0x31,
    0xc7,0x31,0xc7,0x31,0xc7,0x31,0xc7,0x31,0xe7,0x31,0xc7,0x31,0xc7,0x39,0xe7,0x39,0xe7,0x39,0xc6,0x31,0x07,0x42,0x88,0x5a,
    0xa8,0x62,0xe8,0x6a,0x87,0x62,0x46,0x5a,0xe8,0x6a,0xe7,0x72,0x46,0x5a,0xe8,0x72,0xa7,0x6a,0xc7,0x72,0x08,0x73,0x28,0x83,
    0xe7,0x7a,0xc7,0x72,0xe8,0x7a,0x69,0x8b,0xe8,0x7a,0xe8,0x72,0xc7,0x72,0xa6,0x6a,0xa7,0x6a,0xc8,0x72,0xc7,0x7a,0xe8,0x7a,
    0xc7,0x7a,0x08,0x83,0x48,0x8b,0x28,0x83,0x28,0x83,0x07,0x83,0xe7,0x7a,0xe7,0x7a,0x69,0x83,0xe7,0x7a,0xa9,0x9b,0x88,0x9b,
    0x67,0x93,0x47,0x8b,0x46,0x8b,0xe9,0x9b,0xe5,0x7a,0x26,0x83,0x47,0x83,0x06,0x7b,0x47,0x83,0x06,0x83,0xe6,0x82,0x88,0x93,
    0x47,0x83,0xe5,0x72,0xc5,0x62,0xe5,0x6a,0x06,0x73,0xc6,0x6a,0x65,0x5a,0xe3,0x41,0xa6,0x62,0xa6,0x62,0x86,0x6a,0x66,0x62,
    0xca,0x8b,0xe6,0x6a,0x89,0x83,0xa9,0x93,0x86,0x6a,0x26,0x5a,0x4c,0x9c,0x49,0x7b,0xe7,0x72,0x48,0x7b,0x87,0x62,0x48,0x73,
    0x08,0x32,0xc8,0x31,0x46,0x19,0x46,0x21,0x87,0x21,0x67,0x21,0x66,0x21,0x67,0x21,0xc7,0x31,0x67,0x21,0x66,0x21,0x87,0x29,
    0x46,0x21,0x87,0x29,0x87,0x29,0x66,0x21,0x88,0x29,0xe8,0x31,0xc8,0x31,0x08,0x32,0x4a,0x3a,0x4a,0x3a,0x87,0x29,0x66,0x21,
    0x67,0x21,0x87,0x29,0xa7,0x29,0x87,0x29,0xa7,0x29,0xa8,0x29,0xa7,0x29,0xa8,0x29,0xa7,0x29,0x87,0x29,0x08,0x3a,0xa7,0x29,
    0x67,0x21,0xa7,0x29,0xa7,0x29,0x66,0x21,0x87,0x21,0x66,0x19,0x87,0x21,0xa7,0x29,0x87,0x21,0x87,0x21,0x87,0x21,0xa8,0x29,
    0x87,0x29,0xa7,0x29,0x87,0x21,0x67,0x21,0x66,0x21,0x67,0x21,0x87,0x21,0x87,0x19,0x86,0x21,0x87,0x21,0x87,0x21,0x87,0x21,
    0x87,0x29,0x87,0x21,0xa7,0x21,0xa7,0x21,0x87,0x21,0xa7,0x29,0xe8,0x29,0xe8,0x29,0x09,0x32,0x09,0x32,0x69,0x42,0x29,0x3a,
    0x49,0x3a,0xca,0x52,0xea,0x5a,0xca,0x5a,0xea,0x62,0xa9,0x52,0x28,0x42,0xe8,0x39,0xc7,0x31,0xc8,0x31,0xc7,0x31,0xc7,0x31,
    0xc7,0x31,0xc7,0x39,0xc7,0x31,0xc7,0x31,0xa7,0x31,0xc7,0x39,0xe7,0x39,0xc7,0x31,0xc7,0x39,0xc6,0x39,0xc6,0x39,0xc7,0x39,
    0xe7,0x39,0xc6,0x39,0x27,0x42,0x87,0x5a,0xa8,0x62,0x88,0x62,0x68,0x5a,0xe8,0x72,0xe7,0x72,0xc7,0x6a,0xe7,0x6a,0x49,0x83,
    0xe7,0x72,0x87,0x6a,0x08,0x7b,0x28,0x83,0x28,0x83,0x08,0x7b,0x08,0x7b,0x49,0x83,0x09,0x83,0xc7,0x72,0xa7,0x72,0x66,0x62,
    0xa7,0x6a,0x08,0x7b,0x86,0x6a,0xe8,0x7a,0x08,0x7b,0x29,0x83,0x48,0x8b,0x69,0x93,0x48,0x8b,0x48,0x8b,0x48,0x8b,0xa7,0x72,
    0x2c,0xa4,0xc7,0x7a,0x47,0x8b,0x27,0x83,0x06,0x83,0x48,0x8b,0x68,0x8b,0xe8,0xa3,0xc6,0x7a,0x06,0x83,0x67,0x93,0x27,0x83,
    0x47,0x8b,0x66,0x93,0x27,0x8b,0x87,0x93,0x06,0x7b,0xc5,0x72,0x87,0x8b,0x47,0x8b,0x06,0x7b,0x67,0x8b,0xe6,0x6a,0x48,0x73,
    0xca,0x8b,0xa5,0x62,0xe6,0x72,0xc7,0x72,0x6d,0xa4,0xa6,0x62,0x4c,0x9c,0x69,0x83,0xa9,0xa3,0xc7,0x7a,0xef,0xb4,0x08,0x73,
    0xc7,0x6a,0x28,0x73,0x86,0x5a,0x4d,0x9c,0xe8,0x31,0xc8,0x31,0x46,0x21,0x46,0x21,0x87,0x29,0x66,0x21,0x67,0x21,0x46,0x21,
    0x87,0x29,0x67,0x21,0x87,0x29,0x87,0x29,0x67,0x21,0x67,0x21,0x87,0x29,0x46,0x21,0x87,0x29,0xe8,0x31,0xe8,0x31,0x09,0x3a,
    0x49,0x3a,0x29,0x3a,0x87,0x29,0x67,0x21,0x66,0x21,0x87,0x29,0xa8,0x29,0x87,0x29,0xa8,0x31,0xa7,0x29,0x87,0x29,0x87,0x29,
    0x87,0x29,0x67,0x21,0x46,0x21,0x87,0x29,0x67,0x21,0x87,0x21,0xa8,0x29,0x67,0x29,0x86,0x21,0x67,0x21,0x86,0x21,0x66,0x19,
    0x67,0x21,0x67,0x21,0x87,0x29,0xa7,0x29,0x87,0x29,0x88,0x29,0x87,0x21,0x86,0x19,0x66,0x21,0x67,0x19,0x86,0x21,0x87,0x21,
    0xa7,0x29,0x87,0x21,0x87,0x29,0x86,0x21,0x87,0x21,0xc7,0x29,0x87,0x21,0xa7,0x21,0x09,0x32,0x09,0x32,0x29,0x3a,0x89,0x42,
    0x6a,0x42,0xaa,0x4a,0x0a,0x63,0xca,0x52,0xea,0x5a,0xea,0x5a,0x0a,0x63,0x0a,0x63,0xca,0x5a,0xca,0x5a,0x48,0x42,0xa7,0x29,
    0xc7,0x31,0xa7,0x29,0x87,0x29,0xa7,0x29,0xe7,0x39,0xc7,0x31,0xa7,0x31,0xa7,0x31,0xc7,0x31,0xa7,0x31,0xc7,0x31,0xe7,0x31,
    0xe7,0x39,0xe7,0x39,0xe7,0x39,0xe7,0x39,0x47,0x4a,0x27,0x42,0x47,0x4a,0x48,0x52,0xe6,0x49,0x67,0x5a,0x67,0x62,0x87,0x62,
    0xc7,0x6a,0x87,0x62,0xa7,0x6a,0x27,0x83,0x48,0x8b,0xe7,0x72,0xe7,0x72,0x08,0x7b,0x08,0x83,0xa7,0x72,0x29,0x83,0x28,0x83,
    0x08,0x7b,0x29,0x83,0xa7,0x6a,0x26,0x52,0xc8,0x6a,0x69,0x83,0xc7,0x6a,0xe8,0x7a,0x49,0x8b,0x49,0x8b,0x48,0x8b,0xaa,0x93,
    0x48,0x93,0x89,0x9b,0x89,0x93,0x27,0x83,0x2b,0x9c,0x07,0x7b,0x69,0x8b,0x2a,0xa4,0xa6,0x7a,0x67,0x8b,0xa8,0x8b,0xe9,0x9b,
    0xe6,0x7a,0x47,0x93,0x0b,0xa4,0x68,0x93,0xe6,0x82,0x27,0x93,0xa8,0x9b,0xe8,0xa3,0x87,0x93,0x88,0x9b,0xc8,0xa3,0xe8,0x9b,
    0x06,0x83,0x26,0x7b,0x47,0x7b,0x06,0x6b,0x47,0x73,0xa5,0x62,0xe6,0x6a,0xa9,0x93,0xae,0xb4,0x25,0x52,0x2c,0x9c,0x89,0x83,
    0x68,0x9b,0x66,0x72,0x6d,0x9c,0x45,0x5a,0xca,0x8b,0x28,0x7b,0x28,0x73,0x0c,0x94,0x08,0x3a,0x29,0x3a,0x26,0x19,0x46,0x21,
    0x87,0x21,0x87,0x29,0x67,0x21,0x66,0x21,0x87,0x29,0x87,0x29,0x66,0x21,0x87,0x21,0x46,0x21,0x87,0x21,0xa7,0x29,0x67,0x21,
    0xa8,0x31,0xc8,0x31,0xc8,0x31,0x69,0x4a,0x8a,0x4a,0x6a,0x42,0xa7,0x29,0x67,0x21,0x87,0x29,0x87,0x29,0x87,0x29,0x66,0x21,
    0xc8,0x31,0xc7,0x29,0x87,0x29,0x87,0x21,0xa8,0x29,0x87,0x29,0x66,0x21,0x87,0x29,0x87,0x29,0xa7,0x29,0xc8,0x31,0x66,0x21,
    0x67,0x21,0x86,0x21,0x87,0x21,0x67,0x21,0x67,0x21,0x66,0x19,0x67,0x21,0xa7,0x31,0x87,0x29,0x87,0x29,0x87,0x21,0x67,0x21,
    0x87,0x21,0x86,0x21,0x87,0x21,0x87,0x21,0x87,0x21,0x66,0x21,0x87,0x21,0x87,0x21,0xa7,0x21,0xa7,0x21,0xe8,0x31,0xe8,0x31,
    0xe7,0x31,0x08,0x3a,0x08,0x32,0x49,0x42,0xea,0x5a,0x0a,0x63,0x4a,0x63,0x0a,0x63,0x0a,0x63,0xea,0x5a,0x0a,0x63,0x4a,0x6b,
    0x2a,0x63,0xa9,0x52,0x08,0x3a,0xa7,0x31,0xa7,0x31,0xa6,0x29,0xa7,0x31,0xa7,0x31,0xc7,0x31,0xe7,0x39,0xa7,0x31,0xa7,0x31,
    0xc7,0x31,0xa7,0x31,0xa7,0x31,0xc7,0x31,0xe6,0x39,0xc6,0x39,0xc6,0x39,0xe7,0x39,0x28,0x42,0xc6,0x39,0x07,0x4a,0x07,0x4a,
    0x27,0x52,0xa8,0x62,0x88,0x62,0x67,0x5a,0xe8,0x72,0xc7,0x72,0xc7,0x6a,0xe8,0x7a,0x89,0x8b,0x68,0x8b,0xc7,0x7a,0xe8,0x7a,
    0xe7,0x7a,0xc7,0x7a,0xe8,0x7a,0x28,0x83,0xe8,0x72,0x08,0x7b,0xc7,0x6a,0x66,0x62,0x29,0x83,0x48,0x83,0xa7,0x6a,0xc7,0x72,
    0x08,0x83,0x69,0x83,0xe8,0x7a,0x8a,0x93,0x49,0x93,0x89,0x93,0x08,0x83,0x07,0x83,0x8d,0xac,0x07,0x7b,0x49,0x8b,0xea,0xa3,
    0xa8,0x93,0x88,0x83,0x46,0x73,0x47,0x83,0x47,0x8b,0x27,0x83,0x0e,0xbd,0x68,0x8b,0x07,0x83,0x06,0x8b,0xe9,0xa3,0xc9,0x9b,
    0xc8,0x9b,0x66,0x8b,0x27,0x83,0x46,0x83,0x27,0x7b,0x48,0x83,0x68,0x83,0x68,0x83,0x07,0x73,0x24,0x4a,0xc5,0x6a,0xc9,0x93,
    0x90,0xc5,0x25,0x52,0x89,0x8b,0x6a,0x7b,0xca,0xa3,0x45,0x6a,0x2c,0x94,0x66,0x5a,0x0b,0x94,0x07,0x73,0x49,0x7b,0x89,0x83,
    0xc8,0x31,0x09,0x3a,0x46,0x21,0x66,0x21,0x87,0x29,0x87,0x29,0x66,0x21,0x26,0x21,0xe8,0x39,0xc7,0x31,0x67,0x21,0x87,0x29,
    0x66,0x21,0x67,0x29,0xa7,0x29,0x67,0x21,0xa7,0x29,0xa8,0x29,0xc7,0x29,0xe9,0x31,0x49,0x3a,0x29,0x3a,0x87,0x29,0x66,0x21,
    0x67,0x21,0x87,0x29,0x87,0x31,0x67,0x29,0x87,0x29,0x67,0x29,0xa7,0x29,0x67,0x21,0x46,0x21,0x67,0x21,0x87,0x29,0x87,0x29,
    0xa8,0x29,0xa7,0x29,0xa8,0x29,0x86,0x21,0x66,0x19,0x87,0x21,0x87,0x21,0x87,0x21,0x66,0x21,0x67,0x21,0x66,0x21,0xa8,0x29,
    0x87,0x29,0xa7,0x29,0x87,0x29,0x86,0x21,0xc8,0x29,0xe8,0x31,0xc7,0x29,0xc8,0x29,0xc7,0x29,0xc8,0x29,0xa7,0x21,0x87,0x21,
    0x87,0x21,0x67,0x19,0xc8,0x31,0x49,0x3a,0x08,0x3a,0x28,0x3a,0x08,0x32,0x89,0x4a,0x2a,0x6b,0x4a,0x6b,0x0a,0x6b,0x0a,0x6b,
    0xea,0x5a,0xc9,0x62,0x4b,0x6b,0x6a,0x73,0xa9,0x52,0x89,0x52,0x07,0x3a,0xa7,0x31,0xa7,0x31,0xa7,0x31,0x86,0x29,0xa7,0x31,
    0xc7,0x31,0xe7,0x39,0xc7,0x31,0xa7,0x31,0xa7,0x31,0xa7,0x31,0xa6,0x31,0xa6,0x31,0xe7,0x39,0xe7,0x39,0xe6,0x39,0xc7,0x39,
    0xc7,0x39,0xe7,0x39,0x07,0x42,0x47,0x52,0x87,0x62,0x67,0x5a,0x67,0x5a,0x46,0x5a,0xe8,0x72,0xc7,0x6a,0x07,0x7b,0x08,0x83,
    0x28,0x83,0x27,0x83,0xe8,0x7a,0xe8,0x82,0x28,0x7b,0x07,0x83,0x28,0x83,0x28,0x83,0x07,0x7b,0xa7,0x6a,0x87,0x6a,0x87,0x6a,
    0xe8,0x72,0x08,0x7b,0x08,0x7b,0xa7,0x72,0x08,0x7b,0xe8,0x7a,0x08,0x7b,0x89,0x93,0x69,0x93,0xea,0xa3,0x28,0x83,0xe7,0x7a,
    0x0b,0x9c,0x08,0x83,0x89,0x9b,0x89,0x93,0x27,0x83,0x66,0x7b,0x05,0x6b,0xe6,0x72,0x87,0x8b,0x26,0x83,0xe9,0x9b,0xc6,0x72,
    0x68,0x93,0xe6,0x82,0xc8,0x9b,0xa8,0x93,0x05,0x73,0x05,0x7b,0x46,0x83,0xc4,0x72,0xc5,0x6a,0x68,0x83,0x28,0x83,0xca,0x9b,
    0x4d,0x9c,0x83,0x39,0xc6,0x72,0x8c,0xac,0xb1,0xcd,0xc7,0x72,0x2b,0x9c,0x08,0x7b,0x6b,0xb4,0xa6,0x7a,0x4a,0x7b,0x45,0x52,
    0x0b,0x9c,0x69,0x7b,0x08,0x6b,0x8a,0x83,0xc8,0x31,0xc8,0x29,0x46,0x21,0x46,0x21,0x67,0x21,0x87,0x29,0x67,0x21,0x87,0x29,
    0xa7,0x29,0x87,0x29,0x66,0x21,0x67,0x21,0x46,0x21,0x67,0x21,0x66,0x21,0x67,0x21,0xa7,0x29,0xc8,0x31,0xa8,0x29,0xc8,0x29,
    0xe9,0x31,0x09,0x32,0x87,0x21,0x66,0x29,0x67,0x21,0x87,0x29,0x87,0x29,0x87,0x29,0x87,0x29,0x67,0x29,0xa7,0x29,0x87,0x29,
    0x66,0x21,0x87,0x29,0xa7,0x29,0xa7,0x29,0x87,0x21,0x87,0x29,0xa8,0x29,0x86,0x21,0x87,0x19,0x87,0x21,0xa7,0x29,0x87,0x21,
    0x87,0x29,0x67,0x21,0x66,0x29,0xa8,0x29,0x87,0x29,0xa8,0x29,0xa7,0x29,0x87,0x21,0xa7,0x21,0xc8,0x29,0x29,0x3a,0xe8,0x39,
    0xc8,0x31,0x08,0x3a,0xe8,0x31,0x08,0x3a,0xe8,0x31,0xc7,0x29,0x87,0x29,0x48,0x42,0x4b,0x63,0x89,0x4a,0x89,0x4a,0x2a,0x6b,
    0xc9,0x5a,0x0a,0x63,0x4a,0x6b,0xea,0x62,0xc9,0x5a,0x0a,0x63,0x4a,0x6b,0xca,0x52,0x48,0x4a,0x07,0x3a,0xa7,0x31,0xa6,0x31,
    0xa7,0x29,0xa6,0x31,0xa7,0x31,0xa7,0x31,0xa6,0x31,0xc7,0x31,0xc8,0x31,0xa6,0x31,0xa7,0x31,0xc7,0x31,0xc7,0x31,0xa6,0x31,
    0xe6,0x39,0xe7,0x39,0xc6,0x39,0xe7,0x39,0xa6,0x39,0x27,0x42,0x06,0x42,0x27,0x52,0xe8,0x72,0xa8,0x6a,0x87,0x62,0x67,0x5a,
    0xc7,0x6a,0xe7,0x7a,0xe8,0x7a,0xe7,0x72,0x27,0x83,0x48,0x83,0xe7,0x7a,0x28,0x83,0x28,0x83,0x07,0x83,0x89,0x8b,0x08,0x83,
    0xa7,0x72,0xe8,0x72,0xe7,0x72,0x86,0x6a,0xc7,0x72,0x08,0x7b,0x28,0x83,0xa7,0x72,0x08,0x83,0xc7,0x72,0xe8,0x7a,0x49,0x83,
    0x48,0x8b,0xca,0x9b,0x27,0x83,0xa6,0x72,0x8a,0x8b,0x86,0x6a,0x28,0x8b,0x89,0x93,0xe6,0x7a,0xc6,0x72,0x88,0x93,0x67,0x93,
    0x26,0x7b,0xa4,0x62,0x28,0x7b,0x27,0x8b,0xe5,0x72,0x46,0x83,0x47,0x83,0x26,0x7b,0xe6,0x72,0x66,0x8b,0x46,0x83,0x04,0x7b,
    0xe5,0x72,0x27,0x83,0x27,0x83,0x27,0x83,0x4d,0x9c,0x05,0x52,0xe6,0x7a,0x2a,0xa4,0x0f,0xbd,0xa7,0x72,0xca,0x8b,0x89,0x83,
    0x4b,0xac,0x28,0x83,0x8d,0xa4,0xe4,0x49,0x0a,0x8c,0x49,0x7b,0xeb,0x8b,0x0b,0x94,0xc8,0x31,0xc8,0x31,0x46,0x19,0x46,0x21,
    0x87,0x21,0x87,0x29,0x87,0x29,0xc7,0x31,0x67,0x29,0x66,0x21,0x67,0x29,0x67,0x21,0x46,0x21,0x66,0x21,0x67,0x29,0x66,0x21,
    0xa8,0x29,0xa7,0x31,0xc8,0x29,0xe8,0x31,0x49,0x3a,0x49,0x42,0x66,0x21,0x67,0x21,0x66,0x29,0x87,0x29,0xa8,0x29,0x67,0x29,
    0xa7,0x29,0x87,0x29,0xa8,0x31,0x87,0x29,0x87,0x29,0x87,0x21,0x87,0x29,0x88,0x29,0x87,0x29,0xa7,0x29,0xa8,0x29,0x67,0x21,
    0x66,0x21,0x66,0x19,0x87,0x21,0x86,0x19,0x67,0x21,0x86,0x21,0x67,0x21,0xa7,0x29,0x87,0x29,0x87,0x29,0xa7,0x21,0x87,0x21,
    0x87,0x21,0x87,0x21,0xc8,0x29,0x08,0x32,0x69,0x4a,0xe8,0x39,0xc8,0x31,0x08,0x32,0x6a,0x4a,0x28,0x3a,0xc7,0x31,0x69,0x42,
    0xa9,0x52,0x0a,0x63,0x4a,0x6b,0xca,0x5a,0xa9,0x52,0x0a,0x6b,0x0a,0x63,0xc9,0x52,0xaa,0x52,0xea,0x5a,0xca,0x5a,0x89,0x4a,
    0x08,0x42,0xa7,0x31,0xa7,0x29,0xa7,0x31,0x86,0x31,0x87,0x29,0xa6,0x31,0xa7,0x29,0xa7,0x31,0xa7,0x31,0xc7,0x31,0xa7,0x31,
    0xc7,0x31,0xa7,0x31,0xa6,0x31,0xa6,0x31,0xc6,0x39,0xa6,0x31,0xc6,0x31,0xc6,0x39,0xa6,0x31,0xe6,0x39,0x07,0x42,0x26,0x4a,
    0xc8,0x62,0xc7,0x6a,0x87,0x62,0x46,0x52,0xa7,0x62,0xe7,0x7a,0xe7,0x7a,0xa7,0x72,0x28,0x83,0x48,0x8b,0xe7,0x7a,0xa7,0x72,
    0xe7,0x7a,0x07,0x83,0x48,0x83,0xc7,0x72,0x08,0x7b,0xc7,0x72,0xa7,0x72,0xa7,0x72,0x08,0x7b,0x08,0x83,0x08,0x7b,0x86,0x6a,
    0x48,0x83,0x08,0x7b,0x08,0x7b,0x08,0x7b,0x28,0x83,0x68,0x8b,0x07,0x83,0xc7,0x72,0x89,0x8b,0xa6,0x72,0xe9,0x9b,0xa9,0x93,
    0x07,0x83,0x27,0x83,0xa8,0x9b,0xc6,0x7a,0x06,0x7b,0x06,0x7b,0x2b,0xa4,0xc6,0x72,0xc6,0x72,0x26,0x7b,0x26,0x7b,0x68,0x8b,
    0xa8,0xa3,0xe5,0x7a,0x46,0x83,0x87,0x93,0x06,0x7b,0xe5,0x72,0xc6,0x72,0xc7,0x7a,0x89,0x83,0xa5,0x6a,0xe6,0x7a,0xa9,0x93,
    0xad,0xac,0x46,0x62,0xeb,0x93,0x68,0x7b,0xe7,0x7a,0xe8,0x72,0xb2,0xcd,0x44,0x5a,0x4c,0x9c,0xca,0x8b,0x6c,0xa4,0x8d,0xac,
    0x29,0x3a,0x29,0x42,0x46,0x19,0x46,0x21,0x87,0x29,0x87,0x21,0x66,0x21,0xa7,0x31,0xa7,0x29,0x87,0x29,0x87,0x29,0x66,0x29,
    0x46,0x21,0x66,0x21,0x67,0x21,0x66,0x21,0xa7,0x29,0xe8,0x31,0x08,0x3a,0xe8,0x31,0x6a,0x42,0x89,0x4a,0x67,0x21,0x66,0x21,
    0x67,0x21,0x87,0x29,0x87,0x29,0x67,0x21,0xa7,0x31,0x87,0x31,0xc7,0x31,0x87,0x21,0x87,0x29,0x67,0x21,0x87,0x29,0xa7,0x29,
    0x87,0x21,0x87,0x29,0xa7,0x29,0x66,0x21,0x66,0x19,0x67,0x21,0x66,0x19,0x87,0x21,0x87,0x21,0x86,0x21,0x67,0x21,0xa7,0x31,
    0x87,0x21,0xa7,0x29,0x67,0x21,0x66,0x21,0x87,0x19,0x66,0x21,0x87,0x21,0x08,0x32,0xaa,0x52,0x29,0x3a,0xc8,0x31,0x87,0x29,
    0xa7,0x29,0x09,0x3a,0x28,0x3a,0x07,0x42,0x48,0x42,0xe9,0x5a,0x0a,0x63,0xa9,0x52,0xea,0x5a,0x0a,0x63,0xa9,0x52,0xca,0x5a,
    0xca,0x5a,0xca,0x52,0xa9,0x52,0x48,0x4a,0xe7,0x31,0xa7,0x31,0x86,0x29,0x86,0x29,0xa7,0x31,0x86,0x29,0x87,0x31,0x86,0x29,
    0xa7,0x31,0xa7,0x31,0xa7,0x31,0x86,0x29,0xa7,0x31,0xc6,0x31,0xa7,0x31,0xc6,0x39,0xa6,0x31,0xc6,0x39,0xa6,0x31,0xa6,0x31,
    0xa6,0x31,0x06,0x42,0x67,0x5a,0x67,0x5a,0x67,0x62,0xa7,0x62,0x87,0x62,0xa7,0x62,0xc7,0x72,0xe7,0x7a,0x07,0x7b,0x27,0x83,
    0xc7,0x72,0x27,0x7b,0x08,0x7b,0xa6,0x6a,0xa7,0x6a,0xa6,0x6a,0x49,0x83,0x07,0x7b,0xc7,0x72,0x09,0x83,0xe7,0x7a,0xe8,0x82,
    0xe8,0x82,0xa7,0x72,0xea,0x9b,0x08,0x7b,0x29,0x83,0x66,0x62,0x6a,0x83,0x28,0x83,0xc7,0x72,0xca,0x93,0x07,0x7b,0x48,0x8b,
    0xca,0x93,0xa6,0x72,0xee,0xc4,0x69,0x93,0x27,0x8b,0x06,0x83,0x88,0x9b,0x07,0x83,0xc6,0x7a,0x07,0x7b,0x07,0x83,0x27,0x83,
    0xc7,0x93,0x05,0x73,0x06,0x73,0x47,0x8b,0xe5,0x7a,0x26,0x83,0x68,0x8b,0x26,0x8b,0x67,0x8b,0x26,0x7b,0xa4,0x6a,0x89,0x8b,
    0x50,0xc5,0x06,0x6b,0x07,0x73,0x48,0x83,0x07,0x73,0xc6,0x72,0x68,0x83,0x07,0x7b,0x47,0x8b,0x66,0x62,0x0c,0x94,0x25,0x52,
    0xea,0x93,0x69,0x83,0x4c,0x9c,0x8d,0xac,0xc8,0x31,0x08,0x3a,0x46,0x21,0x46,0x21,0x66,0x21,0x87,0x29,0x67,0x21,0xa7,0x31,
    0x87,0x29,0x67,0x29,0x46,0x21,0x67,0x21,0x46,0x21,0x47,0x21,0x66,0x21,0x67,0x21,0x87,0x29,0xa8,0x29,0xc8,0x31,0xc8,0x29,
    0x49,0x42,0xe8,0x31,0x67,0x29,0x66,0x21,0x67,0x29,0x67,0x29,0x87,0x29,0x66,0x29,0xa7,0x29,0x87,0x29,0xa8,0x29,0x87,0x29,
    0x87,0x29,0x66,0x21,0x87,0x29,0x87,0x29,0x67,0x21,0x86,0x29,0xa8,0x29,0x66,0x21,0x67,0x21,0x66,0x19,0x87,0x21,0x66,0x19,
    0x87,0x21,0x87,0x21,0x66,0x21,0x87,0x29,0x87,0x29,0x87,0x29,0x67,0x21,0x86,0x21,0x87,0x21,0x86,0x19,0x67,0x21,0x87,0x21,
    0x08,0x3a,0x29,0x3a,0xc8,0x31,0xa8,0x29,0xa7,0x29,0xe8,0x31,0x08,0x3a,0x49,0x42,0x29,0x42,0x08,0x3a,0x08,0x32,0xa7,0x29,
    0x49,0x42,0xaa,0x52,0x69,0x4a,0x29,0x42,0xc9,0x5a,0x89,0x52,0x89,0x4a,0x69,0x4a,0x08,0x3a,0xa6,0x31,0x87,0x29,0xa7,0x31,
    0xa7,0x31,0x86,0x29,0xa7,0x31,0x86,0x29,0x86,0x29,0xa7,0x31,0xa7,0x31,0xa6,0x29,0xa7,0x31,0xa6,0x31,0xc7,0x31,0xc6,0x39,
    0xa6,0x31,0xa6,0x31,0xa6,0x31,0xe6,0x39,0xc6,0x39,0x47,0x52,0x47,0x5a,0x87,0x62,0xa8,0x6a,0x27,0x52,0x26,0x4a,0x67,0x5a,
    0xe7,0x72,0xc7,0x72,0xe7,0x72,0xc7,0x72,0xe7,0x72,0xe8,0x72,0xc7,0x72,0xc7,0x6a,0x07,0x7b,0xc7,0x72,0xe8,0x7a,0xe8,0x7a,
    0xc7,0x72,0xc7,0x72,0xc8,0x7a,0xe8,0x7a,0xe8,0x7a,0xe8,0x7a,0x49,0x83,0x46,0x62,0x6a,0x83,0x46,0x5a,0x8a,0x83,0xe7,0x72,
    0xe8,0x72,0xaa,0x93,0xc7,0x72,0x68,0x93,0x89,0x93,0x27,0x83,0xcc,0xbc,0x68,0x93,0x27,0x93,0x68,0x93,0xa8,0x9b,0x27,0x83,
    0x48,0x8b,0xc6,0x7a,0xaa,0x93,0x06,0x7b,0x46,0x7b,0xe5,0x72,0x47,0x7b,0x88,0x8b,0xa6,0x7a,0xa5,0x72,0x84,0x72,0x06,0x83,
    0x05,0x83,0x05,0x73,0x06,0x73,0x47,0x83,0x2b,0x9c,0xe3,0x49,0x44,0x5a,0xe7,0x72,0x07,0x7b,0xc6,0x6a,0xeb,0x93,0x28,0x7b,
    0xa9,0x93,0x45,0x5a,0x69,0x83,0x66,0x62,0xa9,0x8b,0x28,0x73,0xcb,0x8b,0x2c,0x9c,0x08,0x3a,0x09,0x3a,0x46,0x21,0x46,0x21,
    0x67,0x21,0x87,0x29,0x66,0x21,0x67,0x29,0xa7,0x29,0xa7,0x29,0x67,0x21,0x67,0x29,0x66,0x21,0x66,0x21,0x67,0x21,0x66,0x21,
    0xa8,0x29,0xa7,0x31,0xc8,0x29,0xa7,0x29,0x29,0x32,0x09,0x32,0x66,0x21,0x67,0x21,0x66,0x21,0x67,0x29,0x66,0x29,0x67,0x21,
    0x87,0x29,0x87,0x29,0xa8,0x29,0x66,0x21,0xe8,0x31,0xa7,0x29,0x67,0x21,0x87,0x29,0x46,0x21,0x66,0x21,0xa7,0x29,0x46,0x21,
    0x66,0x21,0x67,0x21,0x66,0x21,0x66,0x19,0x66,0x19,0x87,0x21,0x67,0x21,0x87,0x31,0x67,0x29,0xa7,0x29,0x66,0x21,0x67,0x21,
    0x66,0x21,0x87,0x21,0x86,0x21,0xa7,0x21,0x87,0x21,0x08,0x3a,0x08,0x3a,0xc7,0x29,0x67,0x21,0xa7,0x31,0xa7,0x29,0x66,0x21,
    0xa8,0x29,0x87,0x29,0x87,0x29,0xc7,0x29,0xa7,0x29,0x87,0x29,0xa8,0x29,0xe8,0x31,0x49,0x4a,0x49,0x42,0x49,0x42,0x08,0x3a,
    0xa7,0x31,0x86,0x29,0x66,0x29,0xa6,0x31,0xa7,0x29,0x86,0x29,0x86,0x29,0x86,0x31,0x66,0x29,0xc7,0x31,0xc7,0x31,0xa7,0x31,
    0xc6,0x31,0xa7,0x31,0xa6,0x29,0xc6,0x39,0xc7,0x39,0xe6,0x39,0xe7,0x39,0x27,0x42,0x47,0x52,0x26,0x52,0x27,0x52,0x26,0x52,
    0x87,0x62,0x26,0x52,0x26,0x52,0x87,0x5a,0xc7,0x72,0x66,0x5a,0x86,0x62,0xe7,0x72,0xa7,0x72,0xa7,0x6a,0xa7,0x6a,0xc7,0x6a,
    0xc7,0x72,0xe7,0x7a,0x29,0x7b,0xc7,0x72,0x08,0x7b,0x08,0x83,0xa7,0x72,0xe7,0x7a,0xe8,0x7a,0x08,0x7b,0xc7,0x72,0x66,0x62,
    0x8a,0x8b,0xa6,0x6a,0x49,0x83,0xc7,0x72,0x07,0x7b,0x48,0x8b,0xa7,0x72,0x48,0x8b,0x47,0x8b,0xc6,0x7a,0xea,0x9b,0x68,0x93,
    0xe6,0x7a,0x65,0x6a,0x89,0x8b,0x86,0x62,0x28,0x7b,0xe7,0x72,0xcd,0xb4,0x26,0x73,0xc5,0x6a,0x06,0x73,0x2b,0xa4,0xa9,0x93,
    0xc5,0x7a,0x05,0x7b,0x06,0x7b,0x68,0x93,0xe5,0x72,0xe6,0x72,0x07,0x7b,0x48,0x7b,0x89,0x8b,0x24,0x52,0xe6,0x72,0x88,0x83,
    0x48,0x7b,0x86,0x62,0xea,0x93,0x68,0x7b,0x47,0x83,0xe6,0x72,0x0b,0x94,0x07,0x73,0x49,0x7b,0xc7,0x62,0x49,0x7b,0x28,0x7b,
    0xe8,0x39,0x29,0x3a,0x66,0x21,0x46,0x19,0x66,0x21,0x67,0x21,0x66,0x21,0x87,0x29,0x87,0x29,0x87,0x29,0x66,0x21,0x67,0x21,
    0x46,0x21,0x67,0x21,0x66,0x21,0x67,0x29,0xa7,0x29,0xe8,0x31,0x08,0x3a,0xc8,0x29,0x49,0x4a,0x29,0x42,0x66,0x21,0x46,0x21,
    0x67,0x21,0x87,0x29,0x87,0x29,0x46,0x21,0x87,0x29,0x87,0x29,0xa8,0x31,0x66,0x21,0x29,0x3a,0xa7,0x31,0xc8,0x29,0x87,0x29,
    0x66,0x21,0x87,0x29,0xa8,0x29,0x46,0x21,0x67,0x21,0x66,0x21,0x46,0x21,0x67,0x19,0x66,0x21,0x46,0x21,0x66,0x21,0xa7,0x29,
    0x67,0x21,0xa7,0x29,0x67,0x29,0x66,0x21,0x67,0x29,0x87,0x21,0x87,0x19,0x66,0x21,0x87,0x21,0xa7,0x21,0xa8,0x29,0x87,0x29,
    0xa7,0x29,0x88,0x29,0xa7,0x29,0xe7,0x31,0xa7,0x31,0xc7,0x31,0xc7,0x31,0xa7,0x31,0xc7,0x31,0xc8,0x31,0x69,0x42,0x49,0x42,
    0x69,0x4a,0x08,0x42,0xe8,0x39,0xa7,0x31,0xa6,0x31,0x86,0x29,0x87,0x31,0x86,0x29,0x86,0x29,0x66,0x29,0x87,0x31,0x86,0x29,
    0x66,0x29,0xa7,0x31,0xa6,0x31,0xa7,0x31,0xa6,0x31,0xa7,0x29,0xa6,0x31,0xa6,0x31,0xc6,0x39,0xe7,0x39,0x06,0x42,0x27,0x4a,
    0x07,0x52,0x26,0x4a,0x67,0x5a,0x87,0x62,0x87,0x5a,0x26,0x52,0x47,0x52,0xa7,0x6a,0x87,0x6a,0x86,0x6a,0x07,0x7b,0x48,0x83,
    0xa6,0x6a,0xa7,0x72,0xa7,0x6a,0x87,0x6a,0xc7,0x6a,0x67,0x6a,0x49,0x83,0xe7,0x7a,0xc8,0x72,0x49,0x83,0x66,0x62,0xc7,0x7a,
    0x08,0x83,0xc7,0x72,0x08,0x7b,0x86,0x6a,0x89,0x83,0xe7,0x7a,0x89,0x8b,0xe8,0x7a,0x48,0x8b,0x07,0x7b,0xe7,0x7a,0x07,0x83,
    0x89,0x8b,0x07,0x83,0x68,0x8b,0xc6,0x72,0xe9,0xa3,0x26,0x83,0xca,0x93,0xc7,0x72,0xa6,0x72,0x86,0x62,0xa9,0x93,0x67,0x8b,
    0xe5,0x72,0x06,0x83,0xee,0xbc,0x48,0x8b,0xc5,0x72,0x06,0x7b,0x88,0x93,0xc9,0x93,0xe5,0x72,0x68,0x83,0x28,0x7b,0x07,0x7b,
    0xe9,0x8b,0xe6,0x72,0xe5,0x72,0x68,0x8b,0x28,0x7b,0x04,0x52,0x4b,0x9c,0xa7,0x62,0x28,0x83,0x07,0x7b,0xea,0x93,0x28,0x7b,
    0x27,0x73,0x4a,0x7b,0xeb,0x8b,0x69,0x83,0xc8,0x29,0xc7,0x31,0x46,0x21,0x46,0x21,0x67,0x21,0x66,0x29,0x67,0x21,0x87,0x31,
    0x87,0x31,0xa7,0x29,0x66,0x21,0x67,0x29,0x46,0x21,0x66,0x21,0x46,0x21,0x66,0x21,0x88,0x29,0xa7,0x29,0xe8,0x31,0xa7,0x31,
    0x8a,0x42,0x09,0x3a,0x46,0x21,0x67,0x21,0x66,0x21,0x67,0x29,0x67,0x29,0x66,0x29,0x87,0x29,0x87,0x21,0xa7,0x29,0x67,0x21,
    0x09,0x3a,0xa7,0x31,0xa7,0x29,0x86,0x29,0x87,0x21,0x87,0x29,0xa7,0x29,0x67,0x21,0x66,0x21,0x87,0x29,0x87,0x29,0x66,0x21,
    0x87,0x29,0x87,0x21,0x67,0x21,0xa7,0x31,0x66,0x21,0x87,0x29,0x66,0x21,0x67,0x21,0x86,0x21,0x66,0x21,0x66,0x21,0x67,0x19,
    0x87,0x21,0x87,0x21,0x87,0x21,0xa7,0x29,0x87,0x29,0xc8,0x29,0x0a,0x63,0xac,0x83,0xaa,0x52,0xca,0x52,0x09,0x42,0x08,0x3a,
    0x69,0x4a,0x69,0x4a,0xa9,0x52,0xc9,0x5a,0x89,0x52,0x49,0x42,0xe7,0x39,0xe7,0x31,0x87,0x31,0x86,0x29,0x86,0x29,0x66,0x29,
    0x66,0x29,0x86,0x29,0x86,0x29,0x87,0x29,0x86,0x29,0xc7,0x31,0xa6,0x29,0xa6,0x31,0xc7,0x31,0xa6,0x31,0xa6,0x39,0xa6,0x31,
    0xa6,0x31,0xa5,0x31,0xc6,0x39,0x27,0x4a,0xc5,0x39,0x26,0x52,0x67,0x5a,0x26,0x52,0x87,0x62,0xc7,0x6a,0x66,0x62,0xc7,0x6a,
    0xc6,0x72,0x28,0x73,0xe7,0x72,0xa6,0x6a,0xc7,0x6a,0x87,0x62,0xc7,0x62,0x08,0x7b,0xc7,0x72,0xa7,0x6a,0x69,0x83,0x28,0x7b,
    0xe7,0x7a,0x08,0x7b,0x66,0x62,0xe7,0x7a,0x08,0x7b,0x07,0x7b,0x49,0x83,0x86,0x6a,0x28,0x83,0x86,0x6a,0x49,0x83,0x08,0x83,
    0x49,0x83,0x48,0x8b,0x07,0x83,0xe7,0x7a,0xea,0xa3,0xe7,0x7a,0x2b,0x9c,0xc7,0x72,0x88,0x93,0xa5,0x72,0xea,0x9b,0x28,0x83,
    0x48,0x8b,0x07,0x83,0x0a,0x9c,0xe6,0x72,0x85,0x72,0x88,0x93,0x8b,0xac,0x68,0x8b,0xc9,0x9b,0xe6,0x82,0x68,0x8b,0x47,0x83,
    0x06,0x83,0x67,0x83,0x26,0x73,0x88,0x8b,0x69,0x83,0x04,0x52,0x06,0x73,0xaa,0x93,0x89,0x8b,0x24,0x4a,0x0b,0x9c,0x25,0x4a,
    0x89,0x8b,0xe7,0x7a,0x27,0x7b,0x27,0x73,0xc7,0x6a,0xaa,0x83,0x0c,0x94,0xca,0x93,0x08,0x3a,0x6a,0x42,0x46,0x21,0x46,0x21,
    0x66,0x21,0x67,0x21,0x66,0x21,0xc7,0x31,0xa6,0x31,0xa7,0x31,0x66,0x21,0x67,0x21,0x46,0x21,0x66,0x21,0x46,0x21,0x46,0x21,
    0xa7,0x29,0xa8,0x29,0xe8,0x31,0x87,0x21,0xe9,0x31,0xc7,0x29,0x46,0x21,0x46,0x21,0x66,0x29,0x67,0x29,0x67,0x29,0x66,0x21,
    0x87,0x29,0x67,0x29,0xc8,0x31,0x66,0x21,0xe8,0x31,0xa7,0x29,0x87,0x29,0x67,0x29,0xa7,0x29,0x88,0x29,0xa8,0x29,0xa7,0x29,
    0x67,0x21,0xe8,0x39,0x8a,0x52,0x87,0x29,0x67,0x21,0x87,0x29,0x66,0x21,0x87,0x31,0x46,0x21,0x87,0x29,0x66,0x21,0x67,0x19,
    0xa7,0x29,0xc8,0x31,0xa7,0x29,0x66,0x21,0x86,0x21,0x87,0x21,0x66,0x21,0x67,0x21,0x87,0x29,0x49,0x42,0xea,0x62,0x6b,0x83,
    0xa9,0x52,0xa9,0x52,0xca,0x5a,0x0a,0x63,0x69,0x4a,0x69,0x4a,0xaa,0x52,0xa9,0x5a,0x69,0x52,0x28,0x42,0xe7,0x39,0xa7,0x31,
    0x86,0x29,0x86,0x29,0x86,0x29,0x66,0x29,0x86,0x29,0x86,0x31,0xa7,0x29,0x86,0x31,0xa6,0x31,0xa7,0x31,0xa6,0x31,0x86,0x29,
    0xc6,0x31,0xc6,0x39,0xa6,0x31,0xc6,0x31,0xa5,0x31,0xc6,0x39,0xe7,0x41,0x06,0x42,0xe6,0x39,0xc6,0x39,0x67,0x5a,0x46,0x5a,
    0xe8,0x6a,0xe7,0x72,0x86,0x6a,0xa6,0x62,0xc7,0x6a,0xe7,0x7a,0xe7,0x72,0xa6,0x6a,0xc7,0x6a,0xa6,0x62,0xe7,0x72,0xe7,0x72,
    0x86,0x6a,0x87,0x62,0xe8,0x72,0xa7,0x62,0xa7,0x62,0x08,0x7b,0x66,0x5a,0x87,0x62,0x28,0x73,0xe8,0x72,0x69,0x83,0xa7,0x6a,
    0x48,0x83,0xe7,0x7a,0x69,0x8b,0x48,0x8b,0x48,0x8b,0x07,0x7b,0x08,0x83,0x69,0x8b,0x28,0x83,0x28,0x83,0xad,0xac,0xc7,0x7a,
    0x06,0x7b,0x85,0x6a,0xc8,0xa3,0x07,0x83,0x07,0x83,0x27,0x83,0xa9,0x9b,0x86,0x72,0x65,0x6a,0xa9,0x93,0x4f,0xbd,0x47,0x8b,
    0x26,0x83,0x26,0x83,0x08,0xa4,0x67,0x8b,0x47,0x83,0x47,0x83,0x46,0x7b,0xc9,0x93,0x6d,0xa4,0x04,0x4a,0x0b,0x94,0x8c,0xac,
    0x07,0x73,0x66,0x62,0xe9,0x93,0xe4,0x49,0x69,0x83,0xe7,0x7a,0x69,0x7b,0x27,0x73,0x08,0x73,0x6a,0x7b,0xab,0x8b,0x69,0x8b,
    0xe8,0x31,0x09,0x32,0x46,0x21,0x46,0x21,0x67,0x21,0x87,0x29,0x46,0x21,0x07,0x42,0xc7,0x39,0xa6,0x29,0x46,0x21,0x67,0x21,
    0x46,0x21,0x46,0x19,0x46,0x21,0x47,0x21,0x87,0x29,0xa7,0x29,0xa8,0x29,0x87,0x21,0x09,0x3a,0xc8,0x29,0x66,0x21,0x46,0x21,
    0x46,0x21,0x87,0x29,0x66,0x29,0x46,0x29,0x87,0x29,0x67,0x29,0xc8,0x29,0x66,0x21,0xe9,0x39,0x86,0x29,0xe8,0x31,0x67,0x29,
    0xc8,0x31,0x87,0x29,0xa7,0x31,0xa7,0x29,0x47,0x21,0xe7,0x31,0x49,0x42,0x87,0x29,0x66,0x21,0x67,0x21,0x66,0x21,0x87,0x31,
    0x66,0x21,0x87,0x29,0x66,0x21,0x66,0x21,0xe8,0x31,0x69,0x4a,0xe8,0x31,0xa8,0x29,0xa8,0x29,0xa7,0x31,0x87,0x29,0x66,0x21,
    0xa7,0x31,0x4a,0x42,0xa9,0x5a,0x8b,0x83,0xaa,0x52,0xaa,0x52,0xca,0x5a,0x2a,0x6b,0x89,0x4a,0x29,0x42,0x89,0x4a,0xea,0x5a,
    0x68,0x4a,0xe7,0x39,0xa7,0x29,0x86,0x31,0x86,0x29,0x66,0x29,0x86,0x29,0x66,0x29,0x86,0x29,0x86,0x29,0x86,0x31,0x86,0x29,
    0xa6,0x29,0xa6,0x29,0xa7,0x31,0xa6,0x31,0xa6,0x31,0xa6,0x39,0xa6,0x31,0xa6,0x31,0xa6,0x31,0xe6,0x39,0x07,0x3a,0xc6,0x39,
    0xc6,0x39,0xe6,0x39,0x47,0x52,0xa6,0x6a,0xa7,0x6a,0xc7,0x72,0x66,0x62,0x66,0x62,0x66,0x62,0xe7,0x72,0xc7,0x72,0xa6,0x62,
    0x66,0x5a,0xa7,0x62,0x08,0x73,0xc7,0x72,0xc7,0x6a,0x46,0x5a,0x08,0x73,0xc5,0x39,0x26,0x4a,0xe9,0x6a,0x06,0x42,0x46,0x5a,
    0xc8,0x6a,0x28,0x7b,0x89,0x8b,0xa7,0x6a,0x29,0x83,0xa6,0x72,0x69,0x8b,0x48,0x8b,0x69,0x93,0xe7,0x7a,0xc7,0x72,0x08,0x83,
    0xca,0x93,0x27,0x83,0xea,0x9b,0x08,0x7b,0x27,0x7b,0xc6,0x7a,0x26,0x83,0x27,0x83,0x86,0x62,0xc7,0x6a,0x6b,0xa4,0x07,0x7b,
    0xe6,0x72,0x68,0x8b,0xcd,0xb4,0xc9,0x93,0x85,0x6a,0xa4,0x6a,0xa7,0x8b,0x67,0x7b,0xc5,0x72,0x8c,0xac,0xa9,0x93,0xea,0x93,
    0x0e,0xb5,0x26,0x5a,0x89,0x8b,0xca,0x93,0x89,0x83,0xc6,0x6a,0xa8,0x8b,0x46,0x52,0x69,0x8b,0xc7,0x72,0x49,0x7b,0xaa,0x8b,
    0xc7,0x6a,0x29,0x7b,0xe8,0x72,0x29,0x83,0xa7,0x29,0x09,0x32,0x66,0x21,0x26,0x19,0x66,0x21,0x87,0x29,0x46,0x21,0x07,0x3a,
    0x27,0x42,0xa7,0x31,0x46,0x19,0x86,0x29,0x46,0x21,0x66,0x21,0x46,0x21,0x46,0x21,0x87,0x29,0xa8,0x29,0xe8,0x31,0x87,0x21,
    0x08,0x32,0xe8,0x31,0x07,0x3a,0x07,0x3a,0x86,0x29,0x66,0x29,0xc7,0x31,0xa6,0x31,0x67,0x21,0x87,0x29,0xc8,0x29,0x46,0x29,
    0xe8,0x31,0x87,0x29,0xc7,0x31,0x86,0x29,0xa8,0x31,0x87,0x29,0xc8,0x31,0xa7,0x31,0x46,0x21,0xa8,0x31,0x29,0x3a,0x67,0x21,
    0x87,0x29,0x87,0x29,0x66,0x21,0x87,0x29,0x46,0x21,0xa7,0x29,0x67,0x21,0x66,0x21,0x87,0x21,0xc8,0x29,0x29,0x3a,0x29,0x3a,
    0x49,0x42,0x89,0x5a,0xc7,0x29,0xc8,0x31,0xe8,0x31,0xa9,0x52,0x8b,0x7b,0x8b,0x8b,0xca,0x5a,0xc9,0x52,0xa9,0x5a,0x6b,0x7b,
    0xa9,0x5a,0x49,0x42,0x28,0x42,0xc9,0x5a,0xca,0x5a,0xe7,0x39,0x86,0x29,0x66,0x29,0x87,0x29,0x66,0x29,0x66,0x29,0x86,0x29,
    0x86,0x31,0xa6,0x29,0x86,0x29,0x86,0x29,0x86,0x31,0xa6,0x31,0x66,0x29,0xa6,0x31,0xa6,0x31,0xc6,0x31,0x86,0x31,0xa6,0x39,
    0x86,0x31,0xc6,0x39,0xa6,0x39,0xa6,0x31,0xc6,0x39,0xe6,0x41,0xe5,0x41,0x06,0x4a,0xa7,0x6a,0xe7,0x6a,0xc7,0x72,0xa6,0x6a,
    0x66,0x5a,0x46,0x52,0x86,0x62,0x86,0x62,0x25,0x4a,0x05,0x4a,0x46,0x5a,0xc7,0x62,0xa7,0x6a,0x66,0x5a,0x09,0x6b,0xc5,0x41,
    0x87,0x5a,0x29,0x73,0xa5,0x39,0xa7,0x5a,0xa7,0x62,0x49,0x7b,0x28,0x7b,0x07,0x7b,0x49,0x83,0x86,0x6a,0x28,0x83,0xc7,0x72,
    0x48,0x83,0xc7,0x7a,0xe6,0x7a,0x08,0x83,0x88,0x8b,0x48,0x8b,0xc9,0x93,0xa6,0x6a,0x07,0x73,0x06,0x7b,0x2a,0x9c,0x87,0x8b,
    0x65,0x62,0xe6,0x6a,0xe9,0x83,0x67,0x73,0x87,0x83,0xa9,0x8b,0x4b,0xa4,0xc9,0x93,0x27,0x83,0x47,0x7b,0x67,0x83,0xc5,0x62,
    0xc5,0x62,0xa9,0x83,0x89,0x8b,0x89,0x8b,0x48,0x7b,0x28,0x73,0x88,0x83,0x27,0x73,0xa9,0x83,0xe6,0x72,0xac,0xac,0x89,0x8b,
    0x8a,0x8b,0xe8,0x7a,0x26,0x52,0x89,0x83,0xc7,0x6a,0x4a,0x73,0xc8,0x6a,0xca,0x93,0xa8,0x29,0x09,0x3a,0x67,0x21,0x46,0x21,
    0x67,0x21,0x87,0x29,0x46,0x21,0xc7,0x31,0x48,0x4a,0x86,0x31,0xe7,0x31,0xe7,0x39,0x66,0x21,0x67,0x21,0x46,0x21,0x66,0x21,
    0x87,0x29,0xa7,0x29,0xc8,0x31,0x87,0x21,0x08,0x32,0x28,0x3a,0x47,0x42,0x87,0x52,0xe6,0x39,0xa6,0x31,0x28,0x3a,0xe6,0x39,
    0xa6,0x29,0x87,0x29,0xa7,0x29,0x67,0x21,0xe8,0x39,0x87,0x29,0xc8,0x31,0x66,0x29,0x87,0x29,0x87,0x29,0xe8,0x39,0xc7,0x31,
    0x46,0x21,0xc8,0x39,0x49,0x42,0x66,0x21,0x87,0x21,0x67,0x29,0x66,0x21,0x87,0x31,0x66,0x21,0x87,0x29,0x87,0x21,0x46,0x21,
    0x66,0x21,0x67,0x21,0x86,0x29,0x87,0x29,0x49,0x42,0x89,0x5a,0x29,0x42,0x29,0x42,0x49,0x4a,0xea,0x62,0x2a,0x6b,0x8b,0x8b,
    0x68,0x4a,0xca,0x5a,0xc9,0x5a,0x2a,0x6b,0x69,0x4a,0x08,0x32,0x08,0x32,0xaa,0x52,0x89,0x52,0xc7,0x31,0x87,0x29,0x86,0x29,
    0x86,0x29,0x66,0x29,0x86,0x29,0x86,0x29,0x86,0x29,0x86,0x31,0xa7,0x31,0x66,0x31,0x86,0x31,0xc6,0x31,0x66,0x31,0xa6,0x31,
    0xa5,0x31,0xa6,0x31,0xa5,0x31,0xa6,0x31,0x86,0x31,0x86,0x31,0x86,0x29,0x86,0x31,0xc6,0x39,0x06,0x42,0xa5,0x31,0x06,0x4a,
    0x87,0x62,0x86,0x62,0xc7,0x6a,0xa7,0x62,0x46,0x5a,0x46,0x5a,0xc7,0x72,0x07,0x7b,0xc7,0x6a,0x66,0x5a,0x45,0x5a,0xa6,0x62,
    0xc7,0x6a,0x07,0x73,0x49,0x7b,0xc7,0x6a,0x86,0x62,0x28,0x73,0x06,0x42,0x46,0x52,0x46,0x5a,0x08,0x7b,0x48,0x83,0x08,0x7b,
    0x07,0x7b,0xc7,0x72,0xca,0x93,0x28,0x7b,0x69,0x8b,0xe7,0x7a,0x27,0x8b,0xa9,0x93,0xab,0x8b,0xca,0x93,0x6c,0xac,0x89,0x83,
    0x46,0x7b,0xe6,0x6a,0xca,0x93,0x87,0x93,0xc5,0x72,0x27,0x7b,0xe9,0x8b,0xc5,0x62,0x64,0x4a,0xa5,0x5a,0x0b,0x8c,0x85,0x62,
    0xa5,0x5a,0xe6,0x6a,0xc6,0x6a,0x44,0x52,0xc6,0x6a,0xa5,0x6a,0x07,0x73,0x89,0x83,0xe6,0x62,0x25,0x4a,0x0a,0x94,0x88,0x7b,
    0x47,0x73,0xc5,0x6a,0x8c,0xa4,0xaa,0x8b,0x4c,0xac,0x29,0x83,0x8b,0x83,0xeb,0x93,0x66,0x5a,0x6a,0x7b,0x66,0x62,0x4d,0xa4,
    0xc8,0x31,0x09,0x3a,0x66,0x21,0x46,0x19,0x46,0x21,0x87,0x21,0x46,0x21,0xc6,0x39,0x27,0x42,0x86,0x29,0xc6,0x39,0x06,0x42,
    0x46,0x21,0x66,0x21,0x46,0x19,0x67,0x21,0x87,0x21,0x87,0x29,0xc8,0x29,0x86,0x29,0x6a,0x42,0x49,0x42,0x47,0x4a,0x06,0x3a,
    0x47,0x4a,0x67,0x4a,0x06,0x3a,0x47,0x42,0xe6,0x39,0x46,0x21,0xa7,0x29,0x67,0x29,0xc8,0x31,0x87,0x31,0xa7,0x31,0x66,0x29,
    0x67,0x21,0x67,0x29,0xe8,0x39,0xa7,0x39,0x46,0x21,0xa8,0x29,0xe8,0x31,0x87,0x29,0x66,0x21,0x87,0x29,0x87,0x21,0x87,0x31,
    0x46,0x21,0xa8,0x29,0x87,0x29,0x67,0x21,0xc8,0x29,0x87,0x29,0x67,0x21,0x66,0x21,0x87,0x29,0xc7,0x29,0xa7,0x29,0xa7,0x31,
    0x68,0x42,0xe8,0x39,0x49,0x42,0xc9,0x62,0x68,0x4a,0xca,0x52,0xea,0x6a,0x4a,0x73,0x69,0x4a,0x28,0x3a,0x29,0x42,0xa9,0x5a,
    0x48,0x4a,0xa7,0x31,0x66,0x29,0x66,0x29,0x86,0x29,0x86,0x29,0x87,0x31,0x86,0x29,0xa6,0x31,0x86,0x29,0x86,0x29,0x86,0x31,
    0xa6,0x31,0xa6,0x31,0x86,0x31,0xa6,0x31,0xa6,0x31,0x85,0x31,0xa6,0x31,0x86,0x31,0x86,0x31,0x86,0x31,0xa5,0x31,0x85,0x31,
    0xc6,0x31,0x26,0x4a,0x26,0x4a,0x46,0x52,0x66,0x5a,0x66,0x5a,0x87,0x62,0xa7,0x6a,0xa7,0x62,0xa6,0x62,0xc6,0x72,0x07,0x83,
    0xe7,0x72,0x86,0x5a,0xa6,0x6a,0xe7,0x72,0xe7,0x72,0x69,0x83,0x69,0x8b,0xc6,0x6a,0xa6,0x6a,0x28,0x73,0x66,0x5a,0xa7,0x62,
    0xa6,0x6a,0x27,0x73,0xe6,0x7a,0x28,0x83,0x48,0x83,0x66,0x62,0xa9,0x93,0x08,0x7b,0xc7,0x72,0x47,0x93,0xe7,0x82,0x08,0x83,
    0xca,0x8b,0xa9,0x93,0x4a,0xa4,0x87,0x8b,0x46,0x73,0xa4,0x72,0x27,0x83,0xe6,0x7a,0xe5,0x72,0x27,0x7b,0x48,0x7b,0x64,0x52,
    0x65,0x52,0x85,0x5a,0x28,0x73,0x65,0x5a,0x85,0x5a,0xc6,0x6a,0x07,0x73,0x65,0x5a,0xa5,0x62,0x0b,0x9c,0x06,0x73,0xe6,0x6a,
    0x82,0x31,0x04,0x4a,0x0b,0x94,0xeb,0x93,0xa9,0x83,0xe6,0x72,0x0f,0xbd,0xe8,0x72,0x8c,0xac,0x28,0x83,0x49,0x7b,0x6d,0xa4,
    0x66,0x5a,0xcb,0x8b,0x29,0x73,0x69,0x83,0xa7,0x29,0x49,0x42,0x87,0x29,0x25,0x19,0x87,0x29,0x87,0x29,0x66,0x21,0x07,0x3a,
    0x67,0x4a,0x06,0x42,0xa6,0x31,0x27,0x6b,0x86,0x29,0x87,0x29,0x46,0x21,0x46,0x21,0x87,0x29,0x87,0x29,0x08,0x32,0x46,0x29,
    0x89,0x4a,0x08,0x3a,0x06,0x3a,0xa7,0x5a,0x66,0x52,0x66,0x52,0xa7,0x5a,0x67,0x4a,0x86,0x29,0xa7,0x31,0xc8,0x31,0x66,0x29,
    0xa7,0x29,0x67,0x29,0xc7,0x31,0x66,0x29,0x66,0x21,0x67,0x29,0xe7,0x39,0xc7,0x31,0x46,0x21,0xc8,0x31,0x29,0x42,0x87,0x21,
    0x46,0x21,0x67,0x21,0x66,0x29,0x87,0x29,0x46,0x21,0xa8,0x29,0xa7,0x29,0x66,0x21,0x08,0x3a,0xa7,0x29,0xc8,0x31,0xe8,0x31,
    0x08,0x42,0x07,0x42,0x86,0x29,0x66,0x21,0x66,0x21,0x66,0x21,0xc8,0x39,0xa9,0x5a,0x68,0x4a,0x08,0x3a,0xea,0x6a,0x2a,0x73,
    0xc9,0x52,0x49,0x4a,0x08,0x32,0x89,0x52,0x68,0x52,0x86,0x29,0x66,0x29,0x86,0x29,0x86,0x29,0x66,0x29,0xa6,0x31,0x86,0x29,
    0x86,0x29,0x86,0x29,0x86,0x29,0x85,0x29,0x86,0x31,0xa6,0x31,0xa5,0x31,0xa5,0x31,0xa6,0x31,0xa5,0x31,0xc6,0x39,0xa6,0x31,
    0x86,0x31,0xa5,0x31,0x86,0x31,0xa6,0x31,0xa6,0x31,0x47,0x4a,0x46,0x52,0xe6,0x41,0x26,0x4a,0x46,0x52,0x26,0x52,0x66,0x5a,
    0xe6,0x41,0x26,0x4a,0x07,0x73,0xc6,0x6a,0xe7,0x72,0x06,0x73,0x27,0x7b,0xe7,0x72,0x86,0x72,0x08,0x73,0x29,0x83,0xa7,0x6a,
    0x65,0x5a,0xc7,0x6a,0xe8,0x62,0x46,0x52,0x08,0x7b,0x88,0x8b,0x07,0x83,0x28,0x83,0x48,0x83,0xc6,0x7a,0xc7,0x72,0x48,0x83,
    0x69,0x8b,0xa8,0x9b,0x86,0x6a,0x28,0x83,0xc9,0x9b,0xe9,0xa3,0xc9,0x93,0x47,0x7b,0xc5,0x72,0x05,0x7b,0xc9,0x93,0x06,0x7b,
    0x06,0x73,0x47,0x7b,0x26,0x73,0x06,0x6b,0xa6,0x62,0xe7,0x6a,0xa8,0x83,0x85,0x62,0x65,0x5a,0xa6,0x6a,0x27,0x7b,0x44,0x52,
    0x24,0x4a,0x68,0x83,0xe7,0x72,0x8c,0xa4,0xe8,0x6a,0x45,0x4a,0xea,0x9b,0xae,0xac,0x0b,0x8c,0xe6,0x7a,0x4c,0xa4,0x08,0x73,
    0xca,0x93,0x29,0x83,0xc7,0x62,0xcb,0x8b,0x46,0x5a,0x0c,0x94,0x28,0x73,0xa9,0x8b,0xa7,0x29,0x09,0x3a,0x66,0x29,0x26,0x19,
    0xc6,0x29,0x07,0x3a,0x06,0x3a,0x27,0x42,0x46,0x4a,0x87,0x4a,0x08,0x5b,0xe7,0x62,0xe7,0x31,0x87,0x29,0x46,0x21,0x67,0x21,
    0x87,0x29,0x87,0x21,0x69,0x42,0xa6,0x29,0xe9,0x5a,0x27,0x3a,0xc6,0x39,0x86,0x5a,0x67,0x52,0x87,0x52,0x66,0x52,0x67,0x4a,
    0xe6,0x39,0xa7,0x31,0xa7,0x31,0x66,0x29,0xc8,0x31,0x87,0x29,0x87,0x29,0x66,0x21,0x66,0x21,0x87,0x29,0xe8,0x39,0xa7,0x39,
    0x46,0x21,0xe8,0x31,0x49,0x42,0xa7,0x29,0x67,0x21,0x87,0x29,0x66,0x29,0xa7,0x31,0x66,0x21,0xa7,0x29,0xa8,0x29,0x87,0x29,
    0xe8,0x31,0x48,0x4a,0x8a,0x52,0x69,0x4a,0xa9,0x5a,0xc9,0x5a,0x49,0x4a,0x29,0x42,0xa9,0x52,0x69,0x4a,0x89,0x52,0x2b,0x6b,
    0x29,0x42,0x28,0x3a,0x2a,0x73,0xea,0x6a,0x68,0x4a,0x49,0x42,0x28,0x42,0xa9,0x62,0x68,0x5a,0x85,0x29,0xa6,0x29,0xa6,0x31,
    0x86,0x31,0x86,0x29,0x86,0x29,0x86,0x29,0x86,0x31,0x86,0x29,0x86,0x29,0x86,0x29,0x65,0x29,0x86,0x31,0x85,0x31,0xa6,0x31,
    0xc6,0x31,0xa6,0x31,0xa5,0x31,0xa5,0x31,0xa6,0x31,0xa5,0x31,0x85,0x29,0x85,0x31,0xa6,0x31,0xa5,0x31,0xa5,0x31,0x26,0x4a,
    0x47,0x4a,0xc5,0x41,0x67,0x52,0xc5,0x41,0xc5,0x39,0x46,0x52,0xa6,0x62,0xe7,0x72,0xc6,0x62,0x06,0x73,0x27,0x7b,0x45,0x5a,
    0x66,0x5a,0x28,0x83,0x49,0x7b,0x66,0x62,0x87,0x62,0x86,0x62,0x09,0x73,0x26,0x4a,0xa6,0x6a,0xaa,0x93,0x27,0x83,0x48,0x83,
    0xc7,0x72,0x68,0x8b,0x28,0x83,0x8a,0x8b,0x68,0x8b,0xe6,0x7a,0xa5,0x72,0x27,0x8b,0x67,0x93,0x88,0x93,0x4b,0xa4,0xe7,0x72,
    0xa5,0x6a,0x67,0x8b,0xa8,0x93,0x06,0x7b,0xa5,0x62,0x88,0x7b,0x29,0x9c,0xe5,0x6a,0x85,0x5a,0x0a,0x94,0xec,0xbc,0x87,0x8b,
    0xe6,0x72,0xa6,0x6a,0xc5,0x62,0x44,0x52,0x65,0x52,0x06,0x6b,0x85,0x5a,0x4c,0xa4,0xc8,0x62,0x09,0x6b,0xee,0xb4,0xae,0xa4,
    0x6d,0xa4,0x28,0x7b,0x2b,0x9c,0xeb,0x93,0xeb,0x93,0x08,0x7b,0x4a,0x7b,0xe7,0x72,0x26,0x52,0x6d,0x9c,0xc7,0x6a,0xeb,0x93,
    0xa7,0x31,0x49,0x42,0x66,0x21,0x26,0x21,0x66,0x29,0x87,0x4a,0x67,0x4a,0x46,0x42,0x46,0x4a,0xa6,0x4a,0x08,0x84,0x05,0x3a,
    0x46,0x21,0x67,0x21,0x66,0x29,0xa6,0x29,0xc7,0x31,0xc7,0x31,0x67,0x4a,0x47,0x42,0x68,0x4a,0x87,0x4a,0x26,0x4a,0x26,0x42,
    0x87,0x52,0xe5,0x39,0x26,0x42,0x87,0x5a,0xc6,0x39,0x85,0x29,0x86,0x29,0x87,0x29,0xc8,0x31,0x87,0x29,0x67,0x29,0x66,0x21,
    0x47,0x21,0x67,0x29,0xa7,0x31,0x87,0x29,0x46,0x21,0xc8,0x31,0xe8,0x31,0x67,0x21,0x66,0x21,0x87,0x29,0x67,0x21,0x87,0x29,
    0x46,0x29,0x87,0x29,0x87,0x29,0x87,0x29,0x28,0x42,0x08,0x42,0x29,0x42,0x49,0x4a,0x0a,0x63,0x89,0x52,0xc7,0x31,0x08,0x42,
    0x28,0x42,0xe8,0x39,0x0a,0x63,0x0a,0x73,0x08,0x3a,0x49,0x42,0x2a,0x73,0x89,0x52,0x28,0x42,0x49,0x42,0x29,0x3a,0xca,0x6a,
    0x47,0x4a,0x86,0x29,0x87,0x31,0x86,0x29,0x86,0x29,0x86,0x29,0x86,0x29,0x86,0x29,0x86,0x29,0x86,0x29,0x85,0x31,0x66,0x29,
    0x66,0x31,0xa6,0x31,0xa6,0x31,0xa6,0x31,0xa5,0x31,0x85,0x31,0xa6,0x31,0x85,0x31,0x85,0x31,0xa6,0x31,0x86,0x31,0x85,0x31,
    0xa6,0x31,0x86,0x31,0x86,0x31,0xc6,0x31,0xe5,0x39,0x06,0x42,0xe6,0x39,0x26,0x4a,0x06,0x42,0x46,0x52,0xc6,0x62,0xc7,0x6a,
    0xa6,0x62,0x25,0x52,0x07,0x7b,0x25,0x52,0x46,0x5a,0xe7,0x72,0xaa,0x8b,0xe7,0x72,0x66,0x62,0xe7,0x72,0x08,0x73,0x66,0x62,
    0xe7,0x6a,0x69,0x83,0xa6,0x6a,0x89,0x8b,0xe7,0x72,0x86,0x6a,0x49,0x83,0x49,0x83,0x48,0x83,0x47,0x8b,0x65,0x6a,0x88,0x8b,
    0xe9,0xa3,0xe9,0x9b,0x0b,0x94,0x49,0x73,0xc6,0x6a,0xe6,0x7a,0xa8,0x8b,0x47,0x7b,0x06,0x6b,0x88,0x83,0xa8,0x83,0x26,0x7b,
    0xe5,0x6a,0x46,0x73,0xc8,0x93,0x68,0x8b,0xa6,0x6a,0x27,0x83,0x69,0x8b,0x06,0x73,0xe6,0x6a,0xe7,0x6a,0xa6,0x62,0x6c,0xa4,
    0x09,0x6b,0x6a,0x73,0x4f,0xc5,0x0f,0xb5,0x4c,0x9c,0x49,0x83,0x6d,0xa4,0x89,0x83,0xaa,0x8b,0xc7,0x6a,0xe8,0x6a,0x08,0x73,
    0x46,0x5a,0x0f,0xb5,0x49,0x7b,0x4c,0x9c,0xa7,0x29,0x4a,0x4a,0x86,0x29,0x26,0x19,0x86,0x29,0x47,0x42,0x06,0x42,0x66,0x4a,
    0xe7,0x5a,0x66,0x52,0x87,0x4a,0xc5,0x31,0xa6,0x29,0x25,0x21,0x26,0x19,0xe7,0x39,0x47,0x4a,0x67,0x4a,0xa8,0x52,0xe7,0x62,
    0x68,0x42,0xc8,0x62,0x87,0x62,0xe6,0x39,0x06,0x42,0xc6,0x39,0x06,0x42,0x67,0x4a,0x26,0x3a,0x67,0x4a,0xe7,0x39,0xa6,0x31,
    0xc8,0x31,0x87,0x29,0x66,0x21,0x67,0x29,0x45,0x21,0x67,0x21,0xe7,0x39,0xc7,0x39,0x26,0x21,0xe8,0x39,0x69,0x42,0x67,0x29,
    0x66,0x21,0x67,0x29,0x66,0x29,0x67,0x29,0x66,0x21,0x87,0x29,0x87,0x29,0x87,0x29,0xc9,0x62,0x89,0x5a,0x69,0x52,0xa9,0x5a,
    0x4a,0x7b,0x68,0x52,0x28,0x42,0x28,0x4a,0xc7,0x31,0xe8,0x39,0x0a,0x6b,0x4a,0x73,0x28,0x3a,0xca,0x5a,0x6a,0x7b,0x69,0x4a,
    0x08,0x3a,0x09,0x3a,0xc7,0x29,0x69,0x52,0xe7,0x41,0x66,0x21,0xa6,0x31,0x86,0x29,0x66,0x29,0x66,0x29,0x66,0x29,0x86,0x29,
    0x85,0x29,0x86,0x31,0xa6,0x31,0x65,0x31,0x66,0x29,0xa5,0x31,0xa6,0x31,0xa5,0x31,0xc6,0x31,0xa6,0x31,0xa5,0x31,0xa6,0x31,
    0xa6,0x31,0x85,0x31,0xa6,0x31,0x85,0x31,0x86,0x31,0x65,0x29,0xa6,0x39,0xa6,0x31,0xa6,0x31,0xe6,0x39,0xe6,0x41,0x26,0x4a,
    0x46,0x4a,0x25,0x4a,0x25,0x52,0x86,0x5a,0xa7,0x62,0x46,0x5a,0xc7,0x62,0x28,0x83,0x07,0x7b,0x28,0x7b,0xaa,0x93,0x08,0x7b,
    0xc7,0x72,0xe7,0x6a,0x28,0x7b,0xa7,0x6a,0xe7,0x72,0x49,0x7b,0x45,0x52,0x2d,0x9c,0xe7,0x72,0xc7,0x72,0x28,0x83,0x28,0x8b,
    0x89,0x9b,0x67,0x8b,0xa6,0x72,0x47,0x83,0xa9,0x8b,0x8c,0xa4,0xc9,0x83,0x68,0x7b,0x25,0x52,0xc6,0x62,0xa9,0x83,0x46,0x7b,
    0xc5,0x62,0x06,0x6b,0xc8,0x93,0x25,0x73,0xe6,0x72,0xe9,0x93,0x2a,0x94,0x89,0x8b,0xa7,0x6a,0x68,0x8b,0x49,0x83,0x25,0x5a,
    0x88,0x8b,0xea,0x93,0x85,0x62,0xef,0xb4,0x6d,0xa4,0x49,0x7b,0xad,0xac,0xf2,0xcd,0x8d,0xa4,0xeb,0x93,0x6d,0xa4,0x08,0x73,
    0xa7,0x62,0xc8,0x6a,0x8a,0x7b,0x8a,0x83,0xc8,0x6a,0x6c,0x9c,0xc7,0x6a,0x49,0x7b,0x87,0x29,0x09,0x3a,0x67,0x21,0x25,0x21,
    0xc6,0x31,0x07,0x3a,0x26,0x42,0x66,0x4a,0x07,0x63,0x86,0x52,0xc4,0x62,0x25,0x52,0xa6,0x29,0x66,0x29,0x45,0x21,0xe6,0x31,
    0x67,0x4a,0x88,0x4a,0x08,0x63,0x87,0x5a,0x87,0x5a,0xc9,0x62,0x06,0x42,0xc5,0x39,0x27,0x42,0x26,0x42,0x26,0x3a,0xc8,0x52,
    0x27,0x42,0xc6,0x31,0x67,0x42,0x87,0x29,0xc7,0x31,0x87,0x29,0x46,0x21,0x66,0x29,0x66,0x21,0x66,0x21,0x08,0x42,0xc7,0x39,
    0x26,0x21,0xc8,0x31,0x08,0x32,0x67,0x21,0x67,0x21,0x66,0x29,0x87,0x29,0x87,0x29,0x66,0x21,0x87,0x29,0xa7,0x29,0x87,0x29,
    0xe9,0x6a,0xc8,0x6a,0x09,0x73,0xe8,0x72,0x09,0x7b,0xa9,0x6a,0xa9,0x62,0xea,0x6a,0x49,0x4a,0x88,0x52,0x09,0x73,0xcc,0x93,
    0x89,0x52,0x69,0x4a,0x2a,0x73,0x49,0x52,0x08,0x3a,0xe8,0x31,0xa7,0x29,0xc7,0x39,0x86,0x29,0x66,0x29,0x65,0x29,0x66,0x21,
    0x65,0x29,0x66,0x29,0x65,0x29,0x66,0x29,0x86,0x29,0x85,0x29,0x86,0x29,0x65,0x29,0x86,0x29,0x85,0x31,0xa6,0x31,0x85,0x31,
    0xa6,0x31,0xa6,0x31,0x85,0x31,0x85,0x29,0x65,0x29,0x85,0x29,0x86,0x31,0x85,0x29,0x65,0x31,0x87,0x31,0xc6,0x39,0x86,0x31,
    0x65,0x31,0xa6,0x31,0xc6,0x39,0xe5,0x39,0x06,0x42,0xe5,0x41,0xe5,0x41,0x25,0x52,0x66,0x5a,0x46,0x52,0x87,0x62,0xa6,0x6a,
    0x68,0x8b,0x27,0x83,0xc7,0x72,0xe7,0x72,0xa6,0x6a,0x66,0x5a,0x49,0x7b,0xc7,0x72,0x08,0x73,0x49,0x83,0x46,0x52,0xaa,0x8b,
    0x48,0x83,0x07,0x7b,0xeb,0x9b,0xe7,0x7a,0x89,0x93,0x07,0x83,0xa5,0x6a,0x28,0x83,0xa9,0x83,0xe9,0x8b,0x06,0x6b,0x27,0x73,
    0xa5,0x62,0x07,0x73,0x88,0x7b,0xe6,0x6a,0x64,0x52,0x8c,0xa4,0x2b,0xa4,0x43,0x5a,0xa6,0x6a,0x4c,0xa4,0x28,0x7b,0x6a,0x8b,
    0x48,0x83,0xc9,0x9b,0xca,0x93,0x45,0x5a,0x28,0x83,0xeb,0x93,0xa6,0x6a,0x30,0xbd,0x2c,0x94,0xeb,0x8b,0x8c,0xac,0x71,0xbd,
    0xce,0xac,0x49,0x7b,0x89,0x83,0x0b,0x94,0xa8,0x6a,0xa5,0x41,0x29,0x73,0x08,0x6b,0x28,0x73,0x69,0x83,0x66,0x5a,0x48,0x7b,
    0x87,0x29,0x29,0x32,0xa7,0x29,0x45,0x21,0x46,0x21,0x86,0x31,0x26,0x42,0xa7,0x52,0xc7,0x5a,0x66,0x52,0x04,0x63,0x24,0x42,
    0xa5,0x29,0x66,0x29,0x66,0x29,0xe7,0x39,0x26,0x42,0x27,0x42,0x67,0x52,0x06,0x42,0x88,0x5a,0x67,0x52,0xc5,0x31,0x46,0x4a,
    0x26,0x42,0x67,0x4a,0xc7,0x5a,0x46,0x42,0xe6,0x39,0xa6,0x29,0x07,0x3a,0x67,0x4a,0xc7,0x31,0x67,0x29,0x66,0x21,0x86,0x29,
    0x66,0x21,0x46,0x21,0xe7,0x41,0xe7,0x41,0x45,0x21,0xc8,0x31,0x09,0x3a,0x66,0x21,0x67,0x21,0x66,0x21,0x66,0x29,0x87,0x29,
    0x87,0x29,0xa8,0x29,0x88,0x29,0x87,0x29,0x89,0x5a,0xc9,0x72,0x29,0x83,0x28,0x83,0x8a,0x93,0xe9,0x72,0x88,0x5a,0x0a,0x73,
    0x09,0x73,0xe9,0x72,0xe8,0x72,0xcb,0x93,0x89,0x52,0xe7,0x39,0x2a,0x73,0x69,0x4a,0x28,0x42,0xe8,0x31,0xa7,0x31,0xa6,0x29,
    0x86,0x29,0x66,0x29,0x45,0x21,0x66,0x29,0x66,0x29,0x66,0x29,0x66,0x29,0x86,0x29,0x66,0x29,0x65,0x29,0x66,0x29,0x65,0x29,
    0x86,0x29,0x86,0x31,0xa5,0x31,0x85,0x29,0x85,0x31,0x65,0x29,0x65,0x31,0x85,0x29,0x65,0x31,0x65,0x29,0x65,0x29,0x65,0x29,
    0x65,0x29,0x86,0x31,0xc6,0x31,0x66,0x31,0xa6,0x31,0xe6,0x39,0xc6,0x31,0xc5,0x39,0xe5,0x41,0x06,0x4a,0xa6,0x62,0xa7,0x5a,
    0x47,0x52,0x26,0x52,0x87,0x62,0xa7,0x62,0x87,0x6a,0xe7,0x6a,0x48,0x83,0x86,0x62,0x07,0x6b,0x25,0x52,0xa7,0x62,0xa7,0x62,
    0x49,0x83,0x6a,0x7b,0x46,0x4a,0x0b,0x94,0x27,0x83,0xe7,0x7a,0xa9,0x93,0x28,0x83,0x28,0x83,0xe7,0x82,0xa6,0x72,0x08,0x73,
    0x2c,0x9c,0xca,0x8b,0x68,0x7b,0xe6,0x6a,0x27,0x73,0x68,0x83,0x47,0x83,0x29,0x73,0x45,0x4a,0xab,0x83,0xa9,0x8b,0x85,0x62,
    0x86,0x62,0x2b,0xa4,0x69,0x8b,0xea,0x93,0xe7,0x7a,0x0a,0x9c,0xca,0x93,0x25,0x52,0x28,0x7b,0x49,0x7b,0xa6,0x6a,0x70,0xc5,
    0x4c,0x9c,0xe7,0x6a,0xeb,0x8b,0xf2,0xcd,0xeb,0x93,0xa7,0x6a,0x8a,0x83,0x2c,0x9c,0x4b,0xa4,0xc8,0x72,0x29,0x73,0xe7,0x6a,
    0x69,0x83,0x29,0x73,0x66,0x5a,0xaa,0x83,0xa7,0x29,0x49,0x3a,0xe8,0x31,0x66,0x29,0x86,0x29,0xc6,0x31,0x85,0x29,0xe6,0x39,
    0xc7,0x5a,0x25,0x4a,0x46,0x4a,0x82,0x21,0x44,0x21,0x45,0x21,0xa6,0x31,0x47,0x4a,0x87,0x4a,0x26,0x42,0x27,0x42,0x67,0x52,
    0xe7,0x62,0xa7,0x52,0x26,0x42,0xc7,0x5a,0x86,0x52,0x86,0x4a,0x08,0x63,0x26,0x42,0xe6,0x31,0xa6,0x31,0x26,0x42,0x07,0x3a,
    0xc7,0x31,0x87,0x29,0x45,0x29,0xa7,0x31,0x66,0x21,0x66,0x21,0xe8,0x41,0xc6,0x39,0x45,0x21,0x08,0x3a,0x49,0x42,0x67,0x29,
    0x66,0x21,0x67,0x29,0x86,0x29,0x87,0x29,0x66,0x21,0x87,0x31,0xa7,0x31,0x67,0x29,0xca,0x62,0x08,0x7b,0x09,0x7b,0x48,0x8b,
    0x49,0x8b,0xe8,0x72,0xc8,0x6a,0x09,0x73,0x29,0x83,0xe8,0x72,0xc9,0x6a,0x4a,0x7b,0x69,0x52,0xe9,0x62,0x4b,0x7b,0x88,0x5a,
    0x89,0x52,0x48,0x42,0xa6,0x31,0x66,0x29,0x66,0x29,0x45,0x21,0x46,0x29,0x65,0x21,0x66,0x29,0x65,0x29,0x86,0x29,0x86,0x29,
    0x65,0x29,0x66,0x21,0x65,0x29,0x66,0x21,0x66,0x29,0x85,0x31,0x85,0x29,0xa6,0x31,0x65,0x29,0x85,0x31,0x85,0x29,0x86,0x31,
    0x65,0x29,0x65,0x29,0x85,0x31,0x85,0x31,0x66,0x31,0xa5,0x31,0xc6,0x31,0xc6,0x39,0xc6,0x31,0xc6,0x39,0xa6,0x31,0xc6,0x31,
    0x46,0x4a,0x46,0x52,0xa6,0x6a,0xa6,0x62,0x67,0x5a,0x87,0x5a,0x67,0x5a,0x66,0x5a,0xa5,0x39,0xa8,0x5a,0x49,0x73,0x66,0x5a,
    0xc7,0x6a,0x46,0x52,0xa7,0x5a,0x08,0x73,0x8a,0x83,0xe8,0x6a,0x26,0x52,0xeb,0x93,0x06,0x7b,0x69,0x8b,0x89,0x93,0x27,0x83,
    0xca,0x93,0x07,0x7b,0xc6,0x72,0x48,0x7b,0x0c,0x94,0x6d,0xa4,0x8d,0xa4,0xa7,0x62,0xe7,0x6a,0x88,0x83,0xeb,0x93,0xe8,0x6a,
    0x64,0x39,0xcc,0x7b,0x2b,0x9c,0x44,0x5a,0xc6,0x6a,0x6b,0xac,0x2a,0xa4,0x6d,0xa4,0xa6,0x6a,0x89,0x8b,0x89,0x8b,0x44,0x5a,
    0x28,0x7b,0x49,0x73,0xc5,0x49,0x8d,0xac,0x8e,0xac,0x25,0x4a,0xec,0x93,0x33,0xd6,0xca,0x8b,0x29,0x73,0xca,0x8b,0x8d,0xa4,
    0xca,0x93,0xaa,0x8b,0xc8,0x6a,0x66,0x5a,0x69,0x7b,0xe8,0x6a,0x46,0x5a,0x6a,0x83,0x87,0x21,0xe8,0x31,0xc7,0x29,0x04,0x19,
    0x45,0x29,0x67,0x4a,0xc7,0x5a,0x46,0x4a,0x67,0x5a,0x06,0x42,0x46,0x4a,0xe5,0x62,0x45,0x4a,0x25,0x21,0x66,0x21,0x06,0x42,
    0xc7,0x5a,0xa7,0x5a,0x27,0x42,0x86,0x52,0x07,0x6b,0x67,0x52,0x66,0x52,0xe7,0x62,0x07,0x6b,0x27,0x6b,0xa6,0x52,0x66,0x4a,
    0x06,0x3a,0x27,0x42,0x67,0x4a,0x07,0x3a,0xe7,0x39,0x86,0x29,0x46,0x21,0xa7,0x31,0x66,0x21,0x46,0x21,0xe7,0x39,0xc7,0x39,
    0x46,0x21,0x09,0x42,0x08,0x3a,0x47,0x21,0x87,0x29,0x67,0x29,0x66,0x29,0x87,0x29,0x87,0x29,0xc7,0x31,0x87,0x31,0x86,0x29,
    0xa9,0x62,0xa8,0x6a,0xc8,0x6a,0xc8,0x72,0x49,0x8b,0x48,0x83,0x29,0x7b,0x09,0x7b,0x08,0x83,0xe8,0x72,0xe8,0x72,0xeb,0x9b,
    0x88,0x5a,0xe9,0x7a,0x6a,0x83,0x88,0x5a,0x68,0x52,0xe7,0x41,0x86,0x29,0x86,0x29,0x66,0x29,0x45,0x21,0x46,0x21,0x45,0x21,
    0x45,0x21,0x86,0x29,0x86,0x29,0x65,0x29,0x66,0x29,0x65,0x21,0x46,0x29,0x65,0x29,0x86,0x29,0x86,0x31,0x85,0x31,0x85,0x29,
    0xa5,0x31,0x85,0x31,0x86,0x31,0x85,0x29,0x65,0x31,0x85,0x29,0x86,0x29,0x85,0x31,0x86,0x29,0x85,0x31,0xc6,0x39,0xc6,0x31,
    0xa6,0x31,0xe6,0x39,0x06,0x42,0x26,0x4a,0x26,0x4a,0x66,0x5a,0x46,0x5a,0x86,0x5a,0x87,0x5a,0x26,0x4a,0x06,0x4a,0x26,0x4a,
    0x47,0x52,0x67,0x52,0x69,0x73,0x87,0x5a,0x45,0x4a,0x87,0x62,0x08,0x63,0xc7,0x6a,0xc7,0x6a,0x87,0x62,0x67,0x5a,0x0b,0x9c,
    0x07,0x7b,0xa9,0x93,0x0b,0x9c,0x28,0x7b,0xa9,0x93,0x86,0x62,0x25,0x52,0x49,0x7b,0xaa,0x8b,0x8d,0xac,0x8d,0xa4,0xa7,0x62,
    0xa7,0x62,0x66,0x5a,0x4d,0x9c,0x08,0x6b,0x23,0x29,0xab,0x83,0x8a,0x83,0xc4,0x49,0xe7,0x72,0x6c,0xac,0xeb,0x93,0xca,0x93,
    0xa7,0x6a,0x68,0x83,0x68,0x7b,0x44,0x62,0x68,0x83,0xab,0x8b,0x66,0x52,0x2f,0xbd,0x09,0x73,0x26,0x52,0xca,0x8b,0xd6,0xe6,
    0xaa,0x8b,0xe8,0x72,0x8a,0x83,0xaa,0x83,0x0b,0x9c,0x49,0x8b,0x86,0x62,0x25,0x52,0x8b,0x8b,0x87,0x5a,0xa7,0x62,0x49,0x83,
    0xa7,0x29,0x49,0x42,0x07,0x32,0x25,0x21,0x46,0x21,0xe6,0x39,0xc7,0x5a,0x26,0x4a,0x26,0x52,0xe6,0x41,0x26,0x4a,0x87,0x62,
    0xc7,0x72,0x86,0x29,0x45,0x21,0xa5,0x31,0xc8,0x62,0xa7,0x5a,0xa7,0x5a,0xa6,0x62,0x47,0x73,0xa7,0x5a,0xa7,0x52,0x66,0x52,
    0x86,0x5a,0x07,0x6b,0xa6,0x5a,0x67,0x4a,0x47,0x4a,0x46,0x4a,0x26,0x42,0x06,0x42,0xe7,0x31,0x87,0x29,0x45,0x29,0xc7,0x31,
    0x66,0x21,0x46,0x21,0xc7,0x39,0xa7,0x39,0x26,0x21,0x49,0x42,0x08,0x42,0x46,0x21,0x66,0x21,0x66,0x21,0x87,0x29,0x67,0x29,
    0x86,0x31,0xc7,0x39,0x86,0x29,0x86,0x29,0xe9,0x72,0xe8,0x72,0x08,0x83,0x49,0x8b,0x49,0x8b,0x09,0x7b,0x08,0x7b,0xe8,0x72,
    0x08,0x83,0x48,0x8b,0xc8,0x72,0xeb,0x9b,0xc8,0x6a,0x29,0x83,0x6a,0x8b,0x88,0x62,0x67,0x52,0xc6,0x39,0x86,0x29,0x66,0x29,
    0x45,0x21,0x66,0x21,0x45,0x21,0x46,0x21,0x45,0x29,0x86,0x29,0x66,0x29,0x65,0x21,0x65,0x29,0x66,0x29,0x85,0x29,0x66,0x21,
    0x65,0x29,0x85,0x29,0x85,0x29,0x85,0x31,0xa6,0x31,0x85,0x31,0x85,0x29,0x65,0x31,0x85,0x29,0x86,0x31,0x85,0x31,0x66,0x29,
    0x65,0x31,0xa6,0x31,0xa6,0x31,0xa5,0x31,0xc6,0x39,0xc6,0x39,0xc6,0x39,0x66,0x52,0x46,0x52,0x87,0x62,0x66,0x62,0x87,0x62,
    0x66,0x5a,0xa7,0x62,0x87,0x5a,0xe6,0x41,0xa7,0x5a,0x87,0x5a,0x6a,0x7b,0x87,0x5a,0x05,0x4a,0x45,0x52,0xe8,0x6a,0xa7,0x62,
    0xa9,0x8b,0x87,0x62,0x87,0x5a,0x0b,0x94,0x08,0x83,0xea,0x93,0x8a,0x83,0x07,0x73,0x89,0x8b,0xa6,0x6a,0xa6,0x62,0x49,0x7b,
    0x8d,0x9c,0x4d,0x9c,0xaa,0x8b,0x66,0x52,0xe8,0x6a,0x66,0x5a,0x89,0x83,0x26,0x52,0x03,0x19,0x4d,0x94,0xeb,0x93,0x63,0x39,
    0x87,0x62,0x4c,0xa4,0xeb,0x93,0xc7,0x6a,0x66,0x62,0xe8,0x72,0x86,0x6a,0xa5,0x6a,0x4b,0xa4,0xec,0x8b,0x05,0x52,0xf2,0xd5,
    0x0b,0x94,0xa8,0x62,0x89,0x83,0xf3,0xd5,0x28,0x7b,0xeb,0x93,0x8a,0x8b,0x86,0x62,0x4c,0xa4,0x49,0x83,0x87,0x62,0x66,0x62,
    0xae,0xac,0xc7,0x6a,0x89,0x83,0xea,0x93,0xe8,0x31,0x8a,0x42,0xc7,0x31,0xc6,0x39,0x06,0x3a,0xe6,0x39,0xe6,0x39,0xa6,0x31,
    0x26,0x4a,0x68,0x93,0x26,0x83,0xc5,0x39,0x06,0x42,0xe6,0x39,0x86,0x31,0x86,0x29,0xa7,0x52,0x86,0x52,0xe7,0x62,0x65,0x52,
    0x08,0x6b,0x07,0x6b,0x66,0x52,0x86,0x5a,0xc7,0x6a,0xa7,0x62,0xc7,0x62,0x06,0x4a,0x06,0x42,0xc6,0x39,0xa6,0x31,0xa6,0x31,
    0xc7,0x31,0x66,0x29,0x46,0x21,0xa7,0x31,0x66,0x21,0x46,0x21,0xa7,0x31,0x86,0x29,0x46,0x29,0x29,0x42,0x6a,0x4a,0x66,0x29,
    0x67,0x21,0x67,0x29,0x66,0x31,0x67,0x29,0xa7,0x31,0xc7,0x39,0x66,0x29,0x46,0x29,0xc8,0x6a,0xe8,0x72,0xe9,0x7a,0x29,0x8b,
    0x08,0x83,0xc8,0x6a,0xe9,0x7a,0x88,0x6a,0x08,0x7b,0x88,0x9b,0x48,0x93,0xaa,0x8b,0xc9,0x72,0xc7,0x72,0x8a,0x8b,0xc8,0x62,
    0x27,0x4a,0x86,0x29,0x86,0x29,0x66,0x29,0x45,0x21,0x45,0x21,0x45,0x21,0x45,0x21,0x66,0x21,0x65,0x29,0x66,0x29,0x65,0x21,
    0x66,0x29,0x65,0x21,0x66,0x29,0x85,0x31,0x85,0x29,0x86,0x31,0xa5,0x31,0xa6,0x31,0x85,0x31,0x85,0x29,0x65,0x31,0x85,0x29,
    0x86,0x31,0x66,0x31,0xc6,0x39,0xc7,0x39,0x85,0x29,0xc5,0x39,0x46,0x4a,0xc5,0x39,0xe6,0x39,0x85,0x31,0xe6,0x39,0x06,0x42,
    0xe5,0x39,0x26,0x52,0x66,0x62,0xc7,0x6a,0x87,0x5a,0xc6,0x6a,0x07,0x73,0x67,0x5a,0xc7,0x62,0x08,0x73,0x28,0x73,0x66,0x5a,
    0x86,0x5a,0x67,0x5a,0xc7,0x5a,0x66,0x5a,0xaa,0x8b,0x66,0x5a,0x67,0x5a,0xaa,0x8b,0xc7,0x72,0xaa,0x8b,0x6a,0x83,0x86,0x5a,
    0x49,0x7b,0xa6,0x62,0xc7,0x6a,0x49,0x7b,0x6d,0x9c,0x0f,0xb5,0xab,0x83,0x66,0x5a,0xe8,0x6a,0x46,0x52,0x89,0x7b,0xa5,0x31,
    0x23,0x29,0xef,0xac,0xab,0x83,0x83,0x39,0xc8,0x6a,0x6c,0xac,0x89,0x8b,0x08,0x7b,0xc7,0x6a,0x49,0x83,0xe7,0x7a,0x46,0x83,
    0xca,0x9b,0xeb,0x8b,0xa7,0x62,0xef,0xb4,0xcb,0x8b,0x09,0x73,0x69,0x83,0x2f,0xbd,0x8a,0x83,0x69,0x8b,0xaa,0x8b,0x6d,0x9c,
    0x0b,0x9c,0x8a,0x93,0x66,0x5a,0xc7,0x6a,0x30,0xc5,0xa7,0x6a,0x89,0x8b,0x0c,0xa4,0xa8,0x29,0x89,0x4a,0x68,0x42,0x45,0x4a,
    0x46,0x52,0x06,0x42,0xc7,0x39,0x66,0x29,0xc6,0x39,0xc8,0x83,0xa5,0x72,0x06,0x4a,0xe5,0x41,0xa6,0x31,0xe6,0x39,0xc6,0x31,
    0x46,0x4a,0xa7,0x5a,0xe7,0x6a,0xe7,0x62,0xc7,0x6a,0xe7,0x6a,0xc7,0x62,0xc7,0x62,0x46,0x52,0x26,0x4a,0x06,0x4a,0xe6,0x49,
    0xe6,0x41,0xc6,0x39,0x86,0x29,0x07,0x42,0x27,0x42,0xa7,0x31,0x45,0x21,0x08,0x3a,0x66,0x29,0x46,0x21,0xa7,0x31,0x66,0x29,
    0x46,0x21,0x49,0x4a,0x89,0x52,0x66,0x21,0x66,0x29,0x87,0x29,0x87,0x29,0x46,0x21,0xa7,0x31,0xe7,0x41,0x66,0x29,0x66,0x29,
    0xc9,0x6a,0xc9,0x62,0xc8,0x6a,0x09,0x7b,0x09,0x83,0xc8,0x7a,0x09,0x83,0xe8,0x7a,0xc8,0x7a,0x68,0x93,0xa8,0x9b,0x6a,0x8b,
    0xc8,0x62,0x88,0x5a,0xc8,0x6a,0xa8,0x5a,0x27,0x4a,0x86,0x29,0x65,0x29,0x66,0x21,0x45,0x21,0x45,0x21,0x45,0x21,0x45,0x21,
    0x45,0x21,0x86,0x29,0x86,0x29,0x65,0x29,0x65,0x29,0x85,0x29,0x85,0x31,0x85,0x31,0x85,0x31,0x86,0x31,0x85,0x29,0xa5,0x31,
    0x85,0x31,0x85,0x31,0x65,0x29,0x65,0x29,0x86,0x31,0x65,0x29,0xc7,0x39,0xc5,0x31,0xc5,0x39,0x26,0x4a,0x47,0x52,0x46,0x4a,
    0x06,0x42,0xc5,0x31,0x26,0x4a,0xe5,0x41,0x44,0x21,0xc6,0x39,0x25,0x4a,0x66,0x62,0xe7,0x72,0xa7,0x6a,0x86,0x6a,0x07,0x7b,
    0x68,0x83,0xe6,0x7a,0x47,0x7b,0xc6,0x6a,0x05,0x4a,0x67,0x5a,0xa7,0x62,0x67,0x5a,0xcb,0x8b,0x46,0x5a,0xc7,0x6a,0x49,0x83,
    0xc7,0x72,0xab,0x8b,0x08,0x73,0x09,0x6b,0xaa,0x83,0x25,0x52,0xe7,0x72,0x08,0x6b,0xec,0x8b,0xee,0xac,0xeb,0x8b,0x87,0x62,
    0xe8,0x6a,0x67,0x52,0xec,0x8b,0x23,0x21,0x06,0x4a,0x0f,0xad,0x8a,0x83,0x05,0x52,0x28,0x7b,0x6c,0xac,0x89,0x8b,0x28,0x7b,
    0xc7,0x6a,0x28,0x7b,0xc6,0x72,0x67,0x8b,0x27,0x83,0x09,0x7b,0xe8,0x6a,0xf3,0xd5,0xcf,0xac,0xab,0x8b,0xce,0xac,0x33,0xde,
    0xc7,0x6a,0xca,0x9b,0x0b,0x94,0x2c,0x94,0x0b,0x94,0x69,0x8b,0x47,0x5a,0xc8,0x6a,0x70,0xc5,0x87,0x62,0x89,0x83,0xaa,0x93,
    0xa7,0x29,0x49,0x3a,0x67,0x4a,0xe5,0x5a,0x84,0x29,0x25,0x21,0xa7,0x31,0x46,0x29,0xa6,0x39,0x27,0x4a,0xe6,0x41,0x46,0x4a,
    0x25,0x52,0xa5,0x31,0x65,0x29,0xa7,0x52,0x46,0x4a,0x87,0x5a,0x08,0x73,0xc6,0x6a,0xe7,0x6a,0xe7,0x6a,0xc7,0x62,0x26,0x52,
    0xe6,0x49,0x27,0x4a,0x26,0x4a,0x67,0x5a,0x46,0x4a,0xc6,0x39,0xa5,0x31,0x07,0x42,0x27,0x42,0x86,0x29,0x25,0x29,0x08,0x3a,
    0x66,0x29,0x46,0x21,0xa7,0x31,0x67,0x29,0x46,0x21,0x89,0x5a,0xa9,0x5a,0x66,0x21,0x47,0x21,0xa6,0x31,0x87,0x29,0x66,0x29,
    0xa7,0x31,0xe7,0x41,0x46,0x21,0x67,0x29,0xa8,0x6a,0xc9,0x72,0xa8,0x6a,0xe8,0x7a,0x49,0x93,0x09,0x8b,0xe8,0x82,0x08,0x83,
    0xc8,0x72,0x08,0x7b,0x48,0x8b,0x8a,0x93,0xa8,0x5a,0x87,0x62,0xe9,0x6a,0x88,0x5a,0x68,0x4a,0xc7,0x31,0x66,0x29,0x65,0x29,
    0x45,0x21,0x46,0x21,0x45,0x21,0x45,0x21,0x46,0x29,0x65,0x29,0x66,0x29,0x65,0x29,0x65,0x31,0x86,0x29,0x85,0x31,0x85,0x29,
    0x65,0x29,0x85,0x31,0x85,0x31,0x85,0x29,0x86,0x31,0x85,0x29,0x85,0x31,0x65,0x29,0x85,0x31,0xa6,0x31,0xc6,0x39,0xe6,0x39,
    0x26,0x4a,0x87,0x5a,0xe6,0x41,0xe5,0x41,0xe6,0x39,0xc5,0x39,0x06,0x42,0xe6,0x39,0xa5,0x39,0xe6,0x41,0xc5,0x39,0x06,0x4a,
    0x66,0x5a,0xa6,0x72,0x68,0x8b,0x47,0x83,0x06,0x83,0x68,0x8b,0x48,0x83,0xa6,0x6a,0xc4,0x39,0x47,0x52,0xa7,0x62,0x28,0x7b,
    0xca,0x93,0x86,0x62,0x29,0x7b,0x69,0x7b,0xc7,0x6a,0xec,0x8b,0xeb,0x8b,0x08,0x6b,0x29,0x7b,0x05,0x4a,0x29,0x7b,0x08,0x6b,
    0x6e,0x9c,0xee,0xb4,0x6a,0x7b,0xa8,0x5a,0xe8,0x62,0x87,0x52,0x29,0x6b,0xe5,0x41,0x26,0x4a,0xcb,0x8b,0x08,0x7b,0x86,0x62,
    0xe8,0x72,0x0c,0x9c,0xaa,0x8b,0x69,0x83,0xa6,0x72,0x28,0x7b,0x68,0x83,0x06,0x7b,0x6c,0xa4,0x69,0x7b,0xc8,0x6a,0xb6,0xe6,
    0x8e,0xa4,0x29,0x73,0x70,0xc5,0x50,0xbd,0x05,0x52,0x4b,0xa4,0xec,0x93,0x2c,0x94,0x4c,0xa4,0xab,0x93,0xc4,0x41,0xa7,0x6a,
    0x90,0xcd,0xc8,0x6a,0x28,0x7b,0xcb,0x93,0x87,0x29,0xe8,0x31,0xa7,0x31,0x84,0x29,0xa4,0x52,0xe6,0x39,0x45,0x21,0x45,0x21,
    0xe7,0x39,0x26,0x42,0x64,0x21,0xe6,0x62,0x05,0x63,0xc6,0x31,0xe5,0x39,0x66,0x52,0xa7,0x5a,0xc6,0x62,0xa7,0x62,0xe7,0x6a,
    0xc7,0x6a,0x28,0x73,0xa7,0x5a,0x26,0x4a,0x06,0x4a,0xc6,0x41,0xa8,0x62,0x26,0x4a,0xe6,0x41,0x46,0x4a,0x26,0x42,0x47,0x42,
    0xe7,0x39,0x86,0x29,0x66,0x29,0x27,0x42,0x66,0x21,0x46,0x21,0x87,0x29,0x66,0x29,0x86,0x21,0xc9,0x62,0xaa,0x62,0x66,0x29,
    0x66,0x21,0xa7,0x31,0x66,0x29,0x47,0x21,0xe8,0x41,0x28,0x4a,0x26,0x19,0x66,0x29,0xc9,0x72,0xe9,0x7a,0xe9,0x7a,0x09,0x83,
    0xe8,0x82,0x09,0x8b,0x09,0x8b,0xe8,0x82,0xa8,0x62,0xa8,0x6a,0xc8,0x72,0x8a,0x8b,0x68,0x4a,0x47,0x52,0x09,0x73,0x28,0x42,
    0x08,0x3a,0xa6,0x29,0x66,0x21,0x45,0x21,0x45,0x21,0x45,0x21,0x45,0x21,0x66,0x29,0x66,0x29,0x65,0x21,0x85,0x29,0x65,0x31,
    0x85,0x29,0x85,0x31,0x86,0x31,0x65,0x29,0x85,0x29,0x85,0x31,0x65,0x29,0x65,0x31,0x85,0x29,0x65,0x31,0x85,0x29,0x65,0x29,
    0x85,0x29,0x85,0x31,0xa5,0x31,0xe6,0x41,0xe6,0x41,0x66,0x52,0xe5,0x41,0xa5,0x31,0xe6,0x39,0xa5,0x31,0x26,0x42,0xe5,0x41,
    0xa5,0x31,0x26,0x4a,0x46,0x52,0xe6,0x41,0x08,0x6b,0xc7,0x72,0x27,0x83,0xa8,0x9b,0xc5,0x72,0x47,0x83,0x48,0x7b,0xc6,0x72,
    0xc6,0x6a,0xa7,0x6a,0xc7,0x6a,0x27,0x7b,0xa9,0x93,0x66,0x62,0x29,0x73,0x08,0x73,0xe7,0x6a,0x8d,0xa4,0x89,0x83,0xe8,0x6a,
    0x8a,0x7b,0x47,0x5a,0x49,0x7b,0xe8,0x62,0xae,0xa4,0xcb,0x8b,0x47,0x52,0xe8,0x6a,0xa8,0x62,0xe9,0x62,0x29,0x73,0x66,0x5a,
    0xc5,0x41,0x2c,0x9c,0xc8,0x72,0xa7,0x6a,0x48,0x83,0x8c,0xac,0xea,0x9b,0x08,0x7b,0xa6,0x72,0xa9,0x93,0xe9,0x93,0x07,0x83,
    0x4c,0xa4,0x6a,0x7b,0x49,0x7b,0xd2,0xcd,0xaa,0x8b,0xab,0x83,0x50,0xc5,0xef,0xac,0x83,0x41,0x2c,0x9c,0xeb,0x93,0x69,0x7b,
    0x8e,0xa4,0x0b,0xa4,0x84,0x39,0x86,0x62,0x91,0xcd,0xcb,0x8b,0xa6,0x62,0x0b,0x9c,0x87,0x21,0x09,0x3a,0x87,0x29,0xc4,0x39,
    0xc6,0x73,0x06,0x3a,0x45,0x21,0x66,0x29,0xe7,0x41,0x26,0x6b,0x23,0x42,0x85,0x4a,0xa7,0x52,0x26,0x42,0x26,0x42,0x26,0x4a,
    0xc7,0x62,0x07,0x6b,0xe8,0x72,0xc7,0x62,0xc8,0x6a,0x29,0x73,0x66,0x5a,0x66,0x5a,0x87,0x5a,0xe6,0x41,0x67,0x5a,0x67,0x5a,
    0xa5,0x31,0x27,0x4a,0xc6,0x31,0xa6,0x31,0x27,0x42,0xa6,0x31,0x06,0x3a,0x27,0x42,0x46,0x21,0x66,0x21,0xa7,0x31,0x66,0x29,
    0x46,0x21,0xa9,0x62,0xa9,0x62,0x66,0x21,0x47,0x29,0x86,0x29,0x87,0x29,0x46,0x21,0xe8,0x41,0x07,0x42,0x46,0x21,0x66,0x21,
    0xe8,0x72,0xe9,0x82,0xa8,0x7a,0x09,0x83,0xe9,0x82,0xc8,0x7a,0xe8,0x7a,0xc8,0x72,0x47,0x4a,0x48,0x4a,0x48,0x4a,0xa9,0x5a,
    0x68,0x4a,0x88,0x52,0xe9,0x6a,0xe7,0x31,0xe7,0x31,0xa6,0x29,0x66,0x29,0x65,0x21,0x46,0x21,0x45,0x21,0x45,0x21,0x66,0x29,
    0x65,0x29,0x65,0x29,0x65,0x29,0x85,0x31,0x65,0x29,0x85,0x29,0x65,0x29,0x85,0x31,0x66,0x31,0x85,0x29,0x66,0x31,0x65,0x29,
    0x65,0x31,0x85,0x29,0x65,0x29,0x85,0x29,0x85,0x31,0x86,0x29,0xa5,0x31,0x06,0x42,0xe5,0x41,0xe6,0x39,0x85,0x31,0xe5,0x39,
    0xe6,0x39,0xe5,0x41,0x47,0x52,0x25,0x42,0x85,0x31,0xc5,0x31,0xc5,0x39,0x47,0x4a,0x08,0x73,0xe7,0x7a,0x85,0x6a,0xe6,0x72,
    0x47,0x83,0xe7,0x7a,0x69,0x83,0x45,0x5a,0x66,0x5a,0xe7,0x72,0x08,0x7b,0xc7,0x72,0x4c,0xa4,0x25,0x52,0xcb,0x8b,0x29,0x7b,
    0xe7,0x6a,0x0c,0x94,0xe8,0x72,0x6a,0x7b,0xab,0x83,0x67,0x5a,0x08,0x6b,0xa7,0x62,0xcb,0x8b,0xec,0x8b,0xa4,0x41,0xe8,0x6a,
    0x46,0x52,0x09,0x63,0x08,0x73,0x05,0x52,0x26,0x52,0xef,0xb4,0x29,0x7b,0x07,0x7b,0xaa,0x93,0xee,0xb4,0x28,0x83,0x07,0x83,
    0x27,0x83,0x27,0x8b,0x48,0x8b,0x27,0x83,0x8d,0xb4,0x29,0x7b,0xc7,0x6a,0x74,0xde,0x8b,0x83,0x09,0x73,0x50,0xcd,0xeb,0x93,
    0x83,0x39,0xee,0xbc,0xaa,0x8b,0xe4,0x49,0x4c,0x9c,0xaa,0x93,0x43,0x29,0x08,0x7b,0x90,0xcd,0xaa,0x83,0x87,0x62,0x4c,0xa4,
    0x66,0x29,0x08,0x32,0x87,0x29,0x65,0x4a,0xa4,0x52,0xc5,0x31,0x65,0x29,0x25,0x19,0xe6,0x39,0xc8,0x5a,0x24,0x4a,0x45,0x42,
    0x05,0x42,0xa6,0x5a,0x86,0x5a,0x25,0x42,0xc7,0x62,0xc7,0x62,0xc7,0x6a,0xc7,0x62,0xe8,0x6a,0xa7,0x62,0x65,0x52,0xa7,0x62,
    0x86,0x5a,0x06,0x4a,0x26,0x4a,0xe6,0x41,0x26,0x4a,0xe6,0x39,0x65,0x29,0xe6,0x39,0x27,0x42,0x26,0x42,0x26,0x42,0x08,0x3a,
    0x66,0x29,0x46,0x21,0x87,0x29,0x66,0x29,0x66,0x21,0xa9,0x62,0xa9,0x62,0x66,0x21,0x46,0x21,0x87,0x29,0x87,0x31,0x46,0x21,
    0xe7,0x41,0x08,0x42,0x26,0x21,0x46,0x21,0xc8,0x72,0xe8,0x82,0xe8,0x7a,0x28,0x8b,0x08,0x83,0xe8,0x7a,0xc8,0x72,0x88,0x62,
    0x47,0x42,0xe8,0x39,0x07,0x3a,0x69,0x4a,0x48,0x42,0x68,0x52,0x48,0x4a,0xc7,0x29,0xc7,0x29,0x86,0x29,0x66,0x21,0x45,0x21,
    0x45,0x21,0x46,0x21,0x45,0x21,0x45,0x21,0x65,0x29,0x66,0x29,0x65,0x29,0x65,0x29,0x45,0x21,0x65,0x29,0x86,0x31,0x85,0x29,
    0x65,0x29,0x86,0x31,0x65,0x29,0x65,0x29,0x86,0x31,0x85,0x31,0x65,0x29,0x85,0x31,0x85,0x29,0x64,0x29,0x85,0x31,0xc6,0x39,
    0xc5,0x39,0x06,0x42,0xc5,0x31,0xc6,0x39,0xe6,0x41,0xe6,0x39,0x05,0x42,0x05,0x4a,0x06,0x42,0x05,0x42,0xe5,0x41,0x47,0x4a,
    0xc7,0x6a,0xa6,0x6a,0xc6,0x6a,0xa6,0x6a,0x86,0x6a,0xe7,0x72,0xe7,0x72,0x45,0x52,0x86,0x62,0x08,0x7b,0x87,0x62,0x66,0x52,
    0xea,0x9b,0x46,0x5a,0x8a,0x83,0x28,0x7b,0xe8,0x72,0x0b,0x94,0xe8,0x6a,0xca,0x8b,0x49,0x83,0x67,0x5a,0x49,0x7b,0xa8,0x5a,
    0xcb,0x8b,0x4d,0x94,0x46,0x52,0xc8,0x62,0x46,0x52,0xab,0x83,0x29,0x73,0x26,0x52,0x87,0x62,0x30,0xbd,0x48,0x83,0xc7,0x72,
    0xa9,0x93,0xad,0xac,0x29,0x83,0xe7,0x7a,0x48,0x8b,0x88,0x9b,0xe6,0x82,0x47,0x8b,0xad,0xac,0x08,0x73,0x28,0x7b,0xef,0xac,
    0xe9,0x62,0xe9,0x6a,0xf2,0xd5,0xcb,0x8b,0xe4,0x49,0xce,0xbc,0x6a,0x7b,0x28,0x73,0xce,0xac,0xaa,0x93,0xa4,0x41,0x6a,0x7b,
    0xb1,0xcd,0x8a,0x83,0x04,0x52,0x4c,0xa4,0xe6,0x39,0x87,0x4a,0x06,0x3a,0x05,0x42,0x85,0x52,0x45,0x4a,0xe5,0x5a,0xe6,0x39,
    0x06,0x3a,0x88,0x5a,0xc5,0x39,0x45,0x8b,0x04,0x52,0x66,0x52,0x27,0x7b,0xe7,0x6a,0x85,0x5a,0x86,0x5a,0xe7,0x6a,0x66,0x5a,
    0x08,0x73,0x27,0x6b,0x86,0x5a,0xe7,0x72,0xe7,0x6a,0x26,0x52,0x46,0x5a,0x46,0x52,0x46,0x52,0xe6,0x41,0xc6,0x39,0x06,0x42,
    0x87,0x52,0x47,0x4a,0xa6,0x31,0x68,0x4a,0x66,0x21,0x46,0x21,0x87,0x29,0x66,0x21,0x67,0x21,0xa9,0x62,0x69,0x52,0x46,0x21,
    0x66,0x29,0x86,0x29,0x87,0x29,0x46,0x21,0xe7,0x41,0x28,0x52,0x45,0x19,0x46,0x21,0x88,0x62,0xe8,0x7a,0x09,0x83,0xe8,0x7a,
    0xc8,0x72,0xc8,0x72,0xc8,0x6a,0x47,0x4a,0x48,0x42,0x08,0x3a,0x07,0x3a,0x89,0x4a,0x08,0x42,0x08,0x3a,0x08,0x3a,0xa6,0x29,
    0xa7,0x29,0x86,0x21,0x65,0x21,0x45,0x21,0x45,0x21,0x65,0x21,0x45,0x21,0x66,0x29,0x65,0x29,0x65,0x29,0x45,0x21,0x45,0x21,
    0x45,0x21,0x66,0x29,0x85,0x31,0x65,0x29,0x65,0x29,0x86,0x31,0x65,0x29,0x65,0x31,0x85,0x29,0x85,0x29,0x85,0x31,0x65,0x29,
    0x64,0x29,0x65,0x29,0x85,0x29,0xc6,0x39,0xa5,0x31,0xc6,0x39,0x85,0x29,0xa5,0x31,0x07,0x3a,0xe5,0x39,0x26,0x4a,0x26,0x4a,
    0xe4,0x39,0x26,0x4a,0x26,0x4a,0xc5,0x39,0xe6,0x39,0xa6,0x62,0xe7,0x72,0xa6,0x6a,0x48,0x83,0x69,0x83,0x48,0x7b,0xe5,0x49,
    0x05,0x4a,0x87,0x62,0xa8,0x62,0x67,0x52,0x4c,0xa4,0x66,0x5a,0x29,0x7b,0x28,0x7b,0xc7,0x6a,0xcb,0x8b,0x49,0x7b,0xcb,0x93,
    0xc8,0x62,0xa8,0x6a,0x87,0x52,0x47,0x4a,0xcb,0x8b,0xeb,0x8b,0x66,0x52,0x67,0x52,0xc5,0x41,0x4a,0x73,0xc8,0x62,0x64,0x31,
    0x86,0x62,0xad,0xac,0x08,0x7b,0xc6,0x72,0xa9,0x93,0x2c,0xa4,0x08,0x83,0x48,0x83,0x27,0x83,0x89,0x9b,0x27,0x83,0x67,0x8b,
    0xcd,0xb4,0x28,0x73,0x08,0x73,0x6d,0xa4,0x87,0x5a,0x0c,0x94,0x74,0xe6,0xe8,0x6a,0x05,0x4a,0xee,0xbc,0x08,0x6b,0x6d,0x9c,
    0x30,0xbd,0x0b,0xa4,0x64,0x39,0x8d,0xa4,0xb1,0xcd,0x08,0x73,0x05,0x5a,0x4c,0xa4,0x27,0x3a,0xe7,0x5a,0xa6,0x52,0x24,0x4a,
    0x87,0x7b,0xa4,0x5a,0x65,0x73,0xe5,0x62,0x26,0x4a,0xc8,0x62,0x65,0x5a,0x26,0x83,0x44,0x62,0x84,0x31,0xe7,0x62,0x65,0x52,
    0xc6,0x62,0x65,0x52,0x27,0x73,0xe3,0x41,0xa8,0x7b,0x27,0x73,0x26,0x4a,0xc7,0x62,0xe7,0x6a,0x46,0x52,0x87,0x5a,0xa7,0x62,
    0x06,0x4a,0xe6,0x39,0xc6,0x39,0x27,0x4a,0x47,0x4a,0x65,0x29,0x45,0x21,0x27,0x42,0x46,0x29,0x46,0x21,0x66,0x21,0x46,0x21,
    0x66,0x21,0x69,0x5a,0x48,0x4a,0x66,0x21,0x46,0x21,0x67,0x31,0x66,0x29,0x46,0x21,0xc6,0x39,0x08,0x42,0x46,0x21,0x46,0x21,
    0x68,0x5a,0xc8,0x72,0xc8,0x72,0xc8,0x7a,0x08,0x7b,0xc7,0x72,0xa8,0x62,0x68,0x4a,0x48,0x42,0x28,0x3a,0x08,0x3a,0x28,0x3a,
    0xe8,0x39,0x08,0x32,0x07,0x3a,0xc7,0x31,0xa6,0x29,0x86,0x29,0x66,0x21,0x45,0x21,0x66,0x21,0x45,0x29,0x46,0x21,0x65,0x29,
    0x85,0x29,0x45,0x29,0x45,0x21,0x45,0x29,0x65,0x21,0x66,0x29,0x85,0x31,0x85,0x31,0x85,0x31,0x86,0x31,0x85,0x29,0x45,0x29,
    0x65,0x29,0x64,0x29,0x65,0x29,0x64,0x29,0x65,0x29,0x65,0x31,0x85,0x29,0xa5,0x31,0x85,0x29,0xc6,0x31,0x65,0x29,0x85,0x31,
    0xe7,0x39,0xc6,0x31,0x46,0x4a,0x46,0x52,0x05,0x4a,0x86,0x5a,0x25,0x4a,0x47,0x4a,0x06,0x42,0xe7,0x6a,0x26,0x83,0xe7,0x7a,
    0x68,0x83,0x48,0x83,0x07,0x73,0x25,0x4a,0x84,0x39,0x67,0x52,0xa7,0x62,0x67,0x52,0x30,0xbd,0xe8,0x6a,0x6a,0x7b,0x05,0x4a,
    0x09,0x73,0x8a,0x8b,0x28,0x73,0x0c,0x94,0xc8,0x6a,0xe8,0x72,0xe5,0x41,0xa8,0x5a,0x0c,0x94,0x8e,0xa4,0x84,0x31,0x87,0x5a,
    0x06,0x4a,0xcc,0x83,0x88,0x5a,0xc5,0x41,0xa7,0x6a,0xad,0xac,0x86,0x6a,0x07,0x83,0xca,0x9b,0xad,0xb4,0xad,0xb4,0xeb,0x9b,
    0xc5,0x7a,0x46,0x83,0x07,0x7b,0xc9,0x9b,0x2a,0xa4,0x65,0x62,0xaa,0x83,0x17,0xf7,0xcc,0x8b,0x4a,0x7b,0xee,0xb4,0xc5,0x41,
    0x04,0x52,0x0f,0xbd,0x6a,0x7b,0x6e,0xa4,0xee,0xb4,0xec,0x9b,0x63,0x39,0x4f,0xbd,0xd1,0xd5,0xc7,0x62,0x05,0x4a,0x6d,0xac,
    0xe6,0x39,0x67,0x4a,0x65,0x42,0x63,0x4a,0x65,0x4a,0x45,0x52,0x25,0x42,0xa4,0x62,0x44,0x52,0xa6,0x62,0x83,0x52,0xc3,0x41,
    0x65,0x5a,0xe5,0x62,0x86,0x5a,0x44,0x4a,0x84,0x5a,0x23,0x4a,0x85,0x52,0x85,0x52,0x89,0x7b,0xe7,0x6a,0x66,0x52,0x06,0x42,
    0x66,0x5a,0x26,0x52,0x88,0x62,0x67,0x52,0xc5,0x39,0xe6,0x41,0xa5,0x31,0xe6,0x41,0xe7,0x39,0x46,0x29,0x66,0x29,0x28,0x42,
    0x46,0x21,0x46,0x21,0x67,0x29,0x46,0x21,0x66,0x21,0x88,0x5a,0x28,0x42,0x67,0x21,0x46,0x21,0x67,0x29,0x87,0x29,0x25,0x21,
    0xe7,0x41,0x28,0x4a,0x46,0x21,0x46,0x21,0xa8,0x62,0xe9,0x7a,0xc8,0x72,0x08,0x7b,0xe8,0x7a,0xc8,0x6a,0xa8,0x62,0x47,0x4a,
    0x27,0x42,0x28,0x42,0x08,0x3a,0x08,0x3a,0x07,0x32,0x08,0x3a,0xe8,0x31,0xe7,0x31,0xa6,0x31,0x86,0x21,0x66,0x29,0x45,0x21,
    0x25,0x21,0x45,0x21,0x65,0x29,0x65,0x29,0x45,0x21,0x45,0x21,0x65,0x29,0x45,0x21,0x45,0x29,0x65,0x21,0x65,0x29,0x86,0x29,
    0x85,0x29,0x85,0x31,0x65,0x29,0x65,0x31,0x85,0x31,0x85,0x31,0x65,0x29,0x65,0x29,0x85,0x31,0x85,0x29,0x85,0x31,0x85,0x29,
    0x45,0x29,0xc6,0x31,0x45,0x29,0x65,0x29,0xe6,0x39,0x86,0x31,0xc5,0x39,0x25,0x4a,0x86,0x5a,0x05,0x4a,0x25,0x4a,0xa8,0x5a,
    0xa6,0x62,0x68,0x93,0x27,0x83,0xc6,0x6a,0xc7,0x72,0x89,0x8b,0x69,0x7b,0x46,0x5a,0xc4,0x39,0xe8,0x6a,0xa7,0x5a,0xe7,0x72,
    0xcd,0xac,0xe8,0x62,0xeb,0x8b,0xa4,0x31,0x6a,0x73,0x69,0x83,0x87,0x5a,0x0c,0x94,0x28,0x73,0x09,0x73,0xc4,0x41,0x4b,0x7b,
    0x2d,0x94,0x8e,0xa4,0xa5,0x39,0x09,0x73,0x66,0x5a,0x6d,0x9c,0x87,0x5a,0x26,0x52,0xa7,0x62,0xef,0xb4,0xc6,0x72,0x28,0x83,
    0xea,0x9b,0x8d,0xac,0x4c,0x9c,0x08,0x7b,0xa7,0x62,0x67,0x8b,0xa5,0x72,0x26,0x7b,0xea,0x93,0x87,0x62,0x49,0x83,0x74,0xe6,
    0xec,0x93,0xec,0x8b,0xcf,0xb4,0x84,0x31,0x46,0x5a,0xce,0xbc,0xe8,0x6a,0xeb,0x8b,0x70,0xc5,0xeb,0x9b,0xe6,0x49,0x54,0xde,
    0xcd,0xac,0x26,0x52,0xe4,0x41,0x2b,0x9c,0x46,0x4a,0x66,0x4a,0xe6,0x5a,0xc4,0x39,0xa4,0x52,0xe6,0x8b,0x24,0x4a,0x25,0x42,
    0x85,0x8b,0xc3,0x72,0xc5,0x6a,0xe5,0x9b,0xe5,0x6a,0x27,0x63,0x85,0x5a,0xa4,0x5a,0x46,0x6b,0x03,0x42,0x86,0x62,0x47,0x73,
    0x27,0x73,0xc7,0x62,0x86,0x52,0xa7,0x5a,0x86,0x5a,0x46,0x52,0x67,0x52,0x48,0x5a,0xe6,0x41,0x06,0x42,0xa6,0x39,0x07,0x42,
    0x28,0x42,0x66,0x21,0x86,0x31,0x28,0x42,0x66,0x21,0x46,0x21,0x66,0x29,0x25,0x19,0x86,0x29,0xa9,0x6a,0x28,0x4a,0x46,0x21,
    0x46,0x21,0x46,0x21,0x86,0x29,0x26,0x19,0x07,0x42,0x48,0x52,0x46,0x21,0x46,0x21,0x67,0x5a,0xe8,0x6a,0xe8,0x72,0x08,0x73,
    0xc7,0x72,0x08,0x73,0x88,0x5a,0x48,0x42,0x28,0x3a,0x28,0x42,0x28,0x3a,0x08,0x32,0x08,0x32,0xe7,0x31,0xc7,0x31,0xc7,0x31,
    0x86,0x29,0x86,0x21,0x65,0x21,0x45,0x29,0x46,0x21,0x65,0x29,0x46,0x21,0x65,0x29,0x66,0x29,0x45,0x21,0x45,0x21,0x66,0x29,
    0x65,0x21,0x45,0x21,0x45,0x21,0x65,0x29,0x65,0x31,0x85,0x29,0x85,0x29,0x85,0x31,0x86,0x31,0x85,0x29,0x85,0x31,0x85,0x29,
    0x85,0x29,0x85,0x31,0x85,0x31,0x85,0x31,0x45,0x21,0xc7,0x39,0x65,0x29,0xa6,0x31,0xc5,0x39,0xe6,0x39,0xc5,0x39,0xa5,0x39,
    0x06,0x42,0x05,0x42,0xc5,0x39,0xc7,0x62,0xe7,0x72,0x47,0x8b,0x45,0x5a,0x86,0x62,0xe7,0x6a,0xcb,0x8b,0x28,0x7b,0x45,0x52,
    0x05,0x4a,0x27,0x73,0xa6,0x6a,0x07,0x7b,0x4c,0x9c,0x09,0x6b,0x6a,0x7b,0xa5,0x39,0x8b,0x7b,0xa7,0x62,0x09,0x6b,0x4c,0x9c,
    0xe8,0x6a,0x8a,0x83,0x05,0x52,0xe9,0x6a,0x6a,0x7b,0x6e,0x9c,0x05,0x4a,0xc7,0x6a,0x66,0x5a,0x51,0xbd,0xa7,0x6a,0x05,0x4a,
    0xa7,0x6a,0xca,0x93,0xc6,0x7a,0xa6,0x6a,0xca,0x8b,0x2c,0x9c,0x4a,0x7b,0xe8,0x6a,0x25,0x52,0x8a,0x83,0x47,0x7b,0x26,0x8b,
    0x2f,0xbd,0x48,0x7b,0x2c,0x94,0x78,0xff,0xcb,0x8b,0x2d,0x9c,0xae,0xa4,0x26,0x52,0x46,0x52,0x2f,0xc5,0x6a,0x7b,0x89,0x7b,
    0x4d,0xa4,0xca,0x93,0x47,0x5a,0x13,0xd6,0xce,0xac,0xc4,0x41,0x05,0x52,0x2c,0x9c,0x86,0x52,0xa8,0x73,0xc6,0x62,0xa6,0x62,
    0x27,0x94,0x46,0xa4,0xa6,0x83,0x24,0x4a,0x85,0x5a,0x86,0x5a,0x44,0x62,0xc8,0xc4,0xa6,0x7b,0x07,0x84,0xa5,0x7b,0x23,0x42,
    0xc6,0x6a,0xc7,0x62,0xe6,0x6a,0xe7,0x62,0x07,0x73,0xe7,0x62,0x46,0x52,0x67,0x52,0x86,0x5a,0x26,0x52,0x67,0x52,0x26,0x4a,
    0xa5,0x39,0x47,0x4a,0xc5,0x39,0xc6,0x39,0xe8,0x39,0x46,0x21,0x66,0x29,0x88,0x52,0x66,0x29,0x46,0x21,0x46,0x21,0x26,0x21,
    0x86,0x29,0xa9,0x6a,0x28,0x4a,0x66,0x21,0x46,0x21,0x46,0x19,0x67,0x29,0x45,0x21,0xe7,0x39,0x07,0x42,0x46,0x21,0x25,0x21,
    0x68,0x5a,0xc8,0x72,0x08,0x7b,0x08,0x7b,0xe8,0x72,0x08,0x73,0x88,0x52,0x28,0x42,0x28,0x42,0x28,0x3a,0xe7,0x31,0x08,0x3a,
    0x08,0x32,0xe8,0x31,0xc7,0x31,0xa7,0x29,0x86,0x29,0x66,0x21,0x46,0x29,0x45,0x21,0x45,0x21,0x65,0x29,0x65,0x29,0x46,0x29,
    0x45,0x29,0x45,0x21,0x65,0x29,0x25,0x21,0x45,0x21,0x45,0x29,0x65,0x29,0x65,0x29,0x85,0x31,0x65,0x31,0x85,0x31,0x66,0x29,
    0x65,0x31,0x85,0x29,0x85,0x31,0x64,0x29,0x65,0x31,0x85,0x29,0x85,0x29,0x85,0x31,0x45,0x21,0xc7,0x31,0xa5,0x31,0xe6,0x39,
    0xe5,0x39,0xe6,0x41,0xe6,0x39,0x84,0x31,0xa5,0x31,0xe6,0x39,0xc5,0x39,0x67,0x52,0xa7,0x62,0x67,0x52,0x06,0x4a,0x87,0x5a,
    0x49,0x7b,0x0b,0x94,0xa7,0x62,0x05,0x4a,0x86,0x62,0xe7,0x6a,0xe7,0x6a,0xe6,0x72,0x6d,0xa4,0x49,0x73,0x29,0x73,0x47,0x52,
    0xcb,0x83,0x49,0x7b,0x29,0x73,0x8a,0x83,0xe8,0x6a,0x8a,0x83,0xe4,0x49,0xc8,0x62,0x69,0x7b,0xcf,0xac,0xe5,0x49,0x08,0x6b,
    0x28,0x73,0x50,0xc5,0xc7,0x6a,0x65,0x62,0x28,0x73,0xea,0x93,0xa5,0x72,0x26,0x83,0x6d,0xa4,0x50,0xbd,0x4d,0x9c,0x69,0x7b,
    0x87,0x5a,0xaa,0x83,0x25,0x52,0x89,0x8b,0xb1,0xcd,0xe7,0x72,0xef,0xb4,0x78,0xff,0xec,0x8b,0xb1,0xc5,0x6d,0xa4,0xe8,0x6a,
    0xa7,0x62,0x2f,0xbd,0xcb,0x8b,0xcf,0xac,0x2c,0x9c,0xaa,0x93,0xa8,0x62,0x0f,0xbd,0xcb,0x8b,0x26,0x4a,0xc8,0x6a,0x2f,0xb5,
    0x05,0x3a,0x07,0x3a,0xa7,0x5a,0xc6,0x62,0x26,0x7b,0x85,0x83,0x24,0x6b,0x45,0x5a,0x45,0x5a,0xc6,0x62,0xc5,0x6a,0xa6,0x8b,
    0x25,0x9c,0xc5,0x7b,0xe5,0x6a,0xa6,0x62,0x06,0x4a,0x66,0x5a,0xc6,0x62,0xe7,0x6a,0xa7,0x6a,0xc7,0x62,0xa6,0x5a,0x06,0x52,
    0x46,0x5a,0x46,0x52,0x87,0x52,0xe6,0x41,0x06,0x42,0xe6,0x41,0x45,0x21,0xa7,0x31,0xe7,0x31,0x25,0x21,0x66,0x29,0x48,0x4a,
    0x66,0x29,0x46,0x21,0x65,0x21,0x25,0x21,0x66,0x29,0x68,0x4a,0x28,0x42,0x67,0x21,0x46,0x21,0x46,0x21,0x87,0x21,0x45,0x21,
    0xa6,0x39,0xe7,0x39,0x46,0x29,0x26,0x19,0x47,0x52,0x48,0x8b,0x48,0x8b,0x49,0x8b,0x28,0x83,0xc8,0x62,0x67,0x4a,0x47,0x42,
    0x07,0x3a,0x08,0x3a,0x08,0x3a,0xe7,0x31,0xe8,0x31,0x07,0x32,0xc7,0x31,0xa6,0x29,0x86,0x29,0x65,0x21,0x65,0x29,0x45,0x21,
    0x25,0x21,0x45,0x21,0x45,0x29,0x65,0x21,0x45,0x29,0x45,0x21,0x45,0x21,0x45,0x21,0x25,0x21,0x65,0x29,0x65,0x29,0x65,0x31,
    0x65,0x29,0x66,0x29,0x86,0x31,0x65,0x29,0x65,0x29,0x85,0x31,0x85,0x29,0x65,0x29,0x65,0x29,0x85,0x31,0x65,0x29,0x66,0x31,
    0x65,0x29,0x07,0x3a,0xe5,0x41,0xe6,0x41,0xc5,0x39,0xc5,0x39,0xe6,0x39,0xa5,0x39,0xc5,0x39,0xa5,0x31,0xe6,0x41,0x67,0x4a,
    0x06,0x42,0x47,0x4a,0xa6,0x39,0x47,0x42,0xe9,0x6a,0xad,0xac,0xe8,0x6a,0xc4,0x41,0xa6,0x62,0x48,0x83,0x27,0x7b,0x68,0x83,
    0x68,0x83,0x88,0x62,0x29,0x73,0x46,0x52,0xab,0x83,0x69,0x7b,0x4a,0x73,0xeb,0x8b,0x08,0x73,0x69,0x7b,0x05,0x4a,0x8a,0x7b,
    0x8a,0x83,0xae,0xac,0x26,0x52,0xc7,0x6a,0x89,0x83,0x71,0xc5,0x46,0x52,0xa6,0x6a,0x07,0x73,0x0b,0x94,0xa6,0x6a,0xe8,0x9b,
    0xee,0xb4,0x8e,0xa4,0xcb,0x8b,0xe8,0x6a,0x86,0x5a,0x4a,0x7b,0x05,0x4a,0x0b,0x9c,0xee,0xbc,0x65,0x5a,0xef,0xb4,0xd5,0xee,
    0x29,0x73,0x30,0xbd,0x49,0x7b,0x09,0x6b,0x87,0x62,0x0b,0x94,0x69,0x83,0xae,0xa4,0x2c,0x9c,0x6a,0x93,0x6a,0x7b,0x2b,0x9c,
    0x69,0x7b,0x06,0x4a,0xa8,0x62,0x6d,0x9c,0x25,0x63,0x47,0x42,0xa6,0x5a,0x06,0x6b,0x65,0x52,0x85,0x5a,0xc5,0x62,0x05,0x6b,
    0xa4,0x5a,0xc7,0x8b,0xe4,0x72,0x84,0x62,0xa3,0x62,0x27,0x94,0xa6,0x62,0x87,0x5a,0x25,0x4a,0x66,0x52,0x86,0x5a,0x49,0x7b,
    0x24,0x4a,0xa5,0x62,0xc6,0x62,0x86,0x62,0x26,0x52,0x06,0x4a,0xc7,0x62,0xc7,0x5a,0xc5,0x41,0xa6,0x31,0x66,0x29,0xa6,0x31,
    0xe8,0x39,0x65,0x21,0x65,0x21,0x68,0x52,0xa6,0x31,0x25,0x21,0x07,0x42,0x47,0x52,0xe6,0x41,0xa9,0x5a,0x28,0x4a,0x66,0x21,
    0x46,0x19,0x46,0x21,0x46,0x29,0x46,0x21,0x66,0x29,0xa6,0x31,0x46,0x21,0x25,0x21,0x88,0x5a,0xe8,0x72,0x28,0x83,0x08,0x8b,
    0x08,0x7b,0x87,0x5a,0x68,0x52,0x27,0x4a,0x08,0x3a,0x08,0x3a,0x08,0x3a,0xe8,0x31,0xe7,0x31,0xe8,0x39,0x07,0x3a,0xc7,0x31,
    0x66,0x29,0x86,0x29,0x86,0x29,0x46,0x21,0x25,0x21,0x45,0x21,0x46,0x21,0x45,0x21,0x45,0x21,0x45,0x21,0x25,0x21,0x65,0x29,
    0x45,0x21,0x65,0x29,0x65,0x29,0x65,0x29,0x65,0x29,0x85,0x31,0x64,0x29,0x85,0x31,0x64,0x29,0x85,0x29,0x85,0x31,0x45,0x29,
    0x85,0x29,0x85,0x31,0x66,0x29,0x86,0x29,0x65,0x29,0x07,0x42,0xa5,0x31,0xe6,0x39,0xc5,0x31,0x86,0x31,0xc6,0x39,0xa5,0x31,
    0x85,0x31,0x85,0x31,0xe6,0x39,0x88,0x52,0x27,0x42,0xe7,0x39,0xa6,0x31,0x07,0x3a,0x88,0x5a,0x4c,0x9c,0xa7,0x62,0x25,0x52,
    0x65,0x5a,0xe7,0x6a,0x07,0x7b,0x68,0x8b,0xaa,0x83,0xe8,0x62,0x08,0x73,0x27,0x4a,0xe9,0x62,0xe8,0x6a,0x29,0x7b,0xeb,0x93,
    0x69,0x93,0x48,0x83,0x26,0x52,0xaa,0x83,0x6a,0x83,0x8d,0xa4,0x46,0x52,0x46,0x52,0x8a,0x83,0x71,0xbd,0x06,0x4a,0x05,0x4a,
    0x28,0x73,0x4c,0xa4,0x66,0x8b,0x66,0x8b,0x70,0xc5,0x0f,0xbd,0x2a,0x73,0xc8,0x6a,0x65,0x5a,0x29,0x7b,0x05,0x52,0x0b,0x94,
    0x0e,0xbd,0xc7,0x62,0xae,0xac,0x95,0xee,0x29,0x73,0xae,0xac,0x69,0x73,0x09,0x73,0xc7,0x62,0x2c,0x9c,0xec,0x93,0x6d,0x9c,
    0xeb,0x93,0x8a,0x93,0x69,0x7b,0x4c,0x9c,0xcb,0x8b,0x26,0x52,0xa8,0x62,0x4d,0x9c,0x27,0x8c,0xe6,0x6a,0x86,0x5a,0xc6,0x5a,
    0xc3,0x39,0x64,0x52,0x85,0x5a,0xa5,0x62,0x04,0x6b,0xe6,0x9b,0xc3,0x62,0x86,0x83,0x43,0x4a,0x45,0x4a,0x66,0x52,0x25,0x4a,
    0x26,0x4a,0x26,0x4a,0x07,0x73,0xe6,0x62,0xc5,0x5a,0x64,0x4a,0xc6,0x62,0x86,0x62,0x86,0x5a,0x66,0x52,0x88,0x83,0xe7,0x62,
    0x46,0x4a,0x85,0x31,0x45,0x21,0xa6,0x31,0x68,0x4a,0xa6,0x31,0x86,0x31,0x27,0x42,0xe6,0x39,0xe5,0x39,0x46,0x4a,0x48,0x83,
    0xe6,0x72,0x09,0x6b,0x67,0x52,0x46,0x19,0x46,0x21,0x46,0x21,0x66,0x29,0xa6,0x31,0xa6,0x31,0x47,0x4a,0xc6,0x39,0x26,0x19,
    0xa7,0x62,0x68,0x93,0xe7,0x7a,0x87,0x8b,0x27,0x83,0x87,0x5a,0x48,0x52,0x27,0x42,0x28,0x42,0xe7,0x39,0x08,0x3a,0x27,0x3a,
    0xe8,0x39,0xe7,0x31,0xe7,0x39,0xa6,0x31,0xa6,0x31,0xe6,0x39,0x65,0x29,0x45,0x21,0x25,0x21,0x25,0x21,0x65,0x29,0x45,0x21,
    0x05,0x21,0x25,0x21,0x25,0x21,0x25,0x21,0x25,0x21,0xa5,0x31,0x85,0x29,0x65,0x29,0x65,0x31,0x85,0x29,0x64,0x29,0x85,0x29,
    0x65,0x29,0x85,0x31,0x65,0x29,0x65,0x29,0x85,0x31,0x85,0x29,0x86,0x29,0xa6,0x31,0x66,0x31,0xe6,0x39,0xc6,0x39,0xe6,0x39,
    0xa6,0x31,0xa5,0x31,0xe6,0x39,0xe5,0x39,0xc5,0x39,0x65,0x29,0xa5,0x31,0xa5,0x39,0x27,0x42,0xc6,0x39,0xc6,0x39,0x67,0x52,
    0xc8,0x62,0x2c,0x9c,0xa7,0x6a,0x25,0x52,0x05,0x52,0x48,0x7b,0x86,0x6a,0xe9,0x93,0x0b,0x8c,0x48,0x7b,0xcb,0x83,0x67,0x52,
    0xe9,0x62,0x87,0x5a,0x6a,0x7b,0x29,0x73,0x89,0x93,0x68,0x83,0x04,0x52,0xeb,0x93,0x0c,0x94,0xae,0xac,0x05,0x4a,0xa8,0x62,
    0x49,0x73,0x91,0xc5,0x06,0x4a,0x04,0x52,0xeb,0x93,0xac,0x8b,0x05,0x7b,0x29,0xac,0xad,0xb4,0x2e,0xbd,0x4a,0x7b,0x25,0x5a,
    0x46,0x5a,0xcb,0x8b,0x83,0x39,0x4d,0x9c,0xd2,0xd5,0xc7,0x6a,0xae,0xac,0x33,0xde,0x4a,0x7b,0xb2,0xcd,0xab,0x83,0xc8,0x6a,
    0x09,0x73,0x2f,0xbd,0x0a,0x9c,0x08,0x73,0xae,0xb4,0x49,0x8b,0xab,0x83,0xae,0xac,0xaa,0x83,0x26,0x52,0xe8,0x6a,0x2c,0x94,
    0x64,0x52,0xc6,0x62,0x46,0x4a,0xc5,0x62,0x43,0x4a,0xc5,0x62,0x43,0x4a,0x63,0x52,0xa3,0x5a,0x64,0x5a,0xa3,0x6a,0x25,0x7b,
    0xa6,0x5a,0xa4,0x39,0x65,0x52,0x86,0x62,0x86,0x5a,0x65,0x5a,0x06,0x73,0xc7,0x83,0x86,0x52,0x05,0x4a,0xa6,0x5a,0xc6,0x5a,
    0xe7,0x62,0xe6,0x62,0x27,0x6b,0x66,0x52,0x45,0x52,0x46,0x4a,0xa6,0x39,0x26,0x4a,0xc7,0x62,0x26,0x4a,0x86,0x52,0x26,0x4a,
    0x25,0x4a,0x27,0x6b,0xa6,0x5a,0x87,0x83,0xc5,0x72,0xa7,0x62,0x67,0x52,0x46,0x21,0x66,0x29,0x25,0x21,0x06,0x42,0x87,0x5a,
    0x65,0x52,0xe7,0x62,0xe6,0x39,0x25,0x21,0x87,0x62,0x68,0x8b,0x27,0x83,0xe8,0x9b,0x67,0x8b,0x48,0x83,0xa8,0x5a,0x68,0x52,
    0x47,0x4a,0xe7,0x39,0xc7,0x39,0x88,0x52,0x28,0x42,0xe7,0x39,0x47,0x4a,0x47,0x52,0x05,0x42,0x87,0x5a,0x46,0x52,0x25,0x21,
    0x45,0x21,0x45,0x21,0x86,0x31,0x65,0x29,0x24,0x19,0x25,0x21,0x04,0x19,0x04,0x19,0x85,0x29,0xc6,0x39,0x85,0x31,0x85,0x29,
    0x44,0x29,0xa6,0x31,0x65,0x31,0x85,0x31,0x65,0x29,0x65,0x29,0x85,0x31,0x65,0x29,0x65,0x29,0x86,0x29,0x66,0x29,0x85,0x29,
    0x86,0x29,0x07,0x3a,0xe6,0x39,0x85,0x31,0xe6,0x39,0xc6,0x39,0x07,0x42,0xc5,0x39,0xe5,0x41,0x64,0x29,0x85,0x31,0xa6,0x31,
    0xe7,0x39,0xe7,0x39,0xc5,0x39,0x08,0x6b,0x89,0x8b,0xeb,0x93,0x27,0x73,0xa5,0x6a,0xa5,0x62,0x28,0x73,0x67,0x83,0xc9,0x8b,
    0xa9,0x83,0xaa,0x83,0xcb,0x8b,0x87,0x5a,0x4a,0x73,0x67,0x5a,0x49,0x73,0xe7,0x6a,0x28,0x7b,0x07,0x7b,0xc6,0x72,0xeb,0x8b,
    0x8b,0x83,0x4d,0x94,0xc7,0x62,0xa7,0x62,0x6a,0x7b,0x50,0xb5,0x26,0x4a,0x43,0x31,0xae,0xa4,0x2c,0x94,0xe5,0x7a,0xe8,0xa3,
    0x4b,0xac,0xee,0xb4,0x8a,0x7b,0xc4,0x49,0xe7,0x6a,0x47,0x5a,0x04,0x52,0xed,0xb4,0x50,0xbd,0x25,0x62,0x30,0xb5,0x17,0xf7,
    0x29,0x73,0xf2,0xcd,0x6d,0xa4,0x6a,0x7b,0x8b,0x7b,0xae,0xac,0x6c,0xa4,0x4c,0x9c,0x0b,0x9c,0x29,0x83,0x4a,0x7b,0xae,0xac,
    0xeb,0x8b,0x26,0x52,0x49,0x73,0x2c,0x9c,0x63,0x52,0xc6,0x6a,0x46,0x93,0xe4,0x6a,0xe5,0x62,0x46,0x83,0xc5,0x6a,0xc4,0x62,
    0xa3,0x5a,0x45,0x7b,0x45,0x8b,0x24,0x83,0x25,0x4a,0x45,0x4a,0x43,0x4a,0xc4,0x5a,0xc5,0x9b,0x66,0x93,0x84,0x52,0x88,0x8b,
    0xa5,0x62,0xc7,0x62,0x07,0x6b,0xe6,0x62,0xe6,0x62,0x26,0x6b,0x27,0x6b,0xe6,0x62,0xc6,0x5a,0x86,0x62,0x86,0x5a,0xe6,0x6a,
    0xe6,0x62,0x05,0x4a,0x86,0x62,0x45,0x52,0x25,0x52,0x86,0x5a,0x06,0x73,0xa7,0x93,0xc6,0x6a,0xa6,0x5a,0xc7,0x5a,0xa5,0x31,
    0xc6,0x31,0x45,0x29,0x46,0x5a,0xe6,0x6a,0xe6,0x6a,0x46,0x73,0x26,0x42,0xe6,0x41,0x67,0x83,0x87,0x93,0xa7,0x93,0x48,0xac,
    0x07,0x7b,0x07,0x7b,0xa7,0x5a,0x27,0x4a,0x27,0x42,0x08,0x3a,0xe7,0x39,0xa7,0x5a,0x07,0x42,0xe7,0x39,0xa7,0x62,0xa6,0x62,
    0x45,0x4a,0x27,0x7b,0xe6,0x6a,0xe5,0x41,0x86,0x31,0x25,0x21,0xc5,0x39,0x85,0x29,0x05,0x21,0x25,0x19,0x25,0x21,0x85,0x31,
    0x26,0x42,0xa6,0x5a,0xa5,0x31,0x06,0x42,0x85,0x29,0x85,0x31,0x86,0x29,0x65,0x29,0x45,0x29,0x85,0x31,0x65,0x29,0x65,0x29,
    0x85,0x31,0x65,0x29,0x86,0x31,0x66,0x29,0x86,0x29,0xa6,0x31,0x85,0x31,0x85,0x29,0x28,0x42,0xc6,0x31,0xe6,0x39,0x85,0x31,
    0xc6,0x39,0x85,0x31,0x85,0x31,0xa5,0x31,0xc7,0x39,0x47,0x4a,0x47,0x4a,0xc7,0x62,0xc9,0x9b,0xa9,0x93,0x87,0x93,0x06,0x73,
    0x06,0x83,0x68,0x83,0xc9,0x93,0x0a,0x9c,0x89,0x8b,0x2c,0x9c,0x49,0x7b,0x67,0x52,0x0a,0x6b,0x66,0x5a,0x08,0x73,0xa7,0x6a,
    0xca,0x9b,0xe7,0x7a,0xa6,0x72,0x0b,0x94,0xec,0x93,0x8e,0x9c,0xc7,0x6a,0x07,0x73,0x2d,0x94,0x30,0xb5,0x66,0x5a,0x63,0x31,
    0x8d,0x9c,0xea,0x93,0x06,0x7b,0xc8,0xa3,0xcd,0xbc,0x2f,0xbd,0xe7,0x72,0x45,0x5a,0xe7,0x7a,0x67,0x5a,0xe4,0x41,0x0f,0xbd,
    0x70,0xc5,0xc4,0x41,0x71,0xc5,0x17,0xf7,0xed,0x8b,0x71,0xbd,0x6d,0x9c,0x2d,0x94,0x49,0x7b,0x8d,0x9c,0x4d,0xa4,0x0c,0x94,
    0xae,0xb4,0x28,0x83,0x88,0x62,0x0c,0x94,0x49,0x7b,0x66,0x5a,0x29,0x7b,0x6d,0x9c,0x23,0x42,0xc4,0x72,0x06,0xac,0x23,0x4a,
    0x42,0x52,0x04,0x73,0x84,0x5a,0x43,0x42,0x83,0x5a,0x47,0x9c,0x46,0x7b,0x64,0x5a,0x25,0x4a,0x84,0x52,0xe3,0x6a,0x43,0x73,
    0x04,0x73,0x45,0x7b,0xa6,0x62,0xc6,0x62,0x07,0x73,0x67,0x7b,0x26,0x6b,0xe6,0x62,0x46,0x6b,0x06,0x6b,0x26,0x6b,0x27,0x6b,
    0xe6,0x62,0xc6,0x62,0xa6,0x62,0xc6,0x62,0xa5,0x62,0x25,0x52,0x26,0x4a,0x86,0x62,0xc6,0x62,0x65,0x52,0x06,0x73,0x66,0x83,
    0x06,0x73,0x66,0x8b,0x87,0x93,0x86,0x5a,0xe6,0x41,0xc5,0x39,0xa7,0x6a,0x26,0x7b,0xa7,0x83,0x86,0x83,0xa5,0x5a,0x85,0x5a,
    0x46,0x7b,0x07,0xa4,0x46,0x7b,0x66,0x8b,0x07,0x7b,0x47,0x83,0xa7,0x62,0x67,0x4a,0xa8,0x5a,0xe7,0x39,0xa7,0x5a,0xa7,0x62,
    0x06,0x42,0xc7,0x6a,0x06,0x7b,0xe6,0x6a,0x86,0x8b,0xa5,0x62,0xc7,0x5a,0xa6,0x62,0x05,0x4a,0x65,0x21,0xc5,0x39,0xc5,0x39,
    0x04,0x11,0xc6,0x39,0x44,0x21,0xe5,0x39,0xc7,0x62,0x66,0x52,0xa5,0x31,0x45,0x4a,0x44,0x29,0xc7,0x39,0x65,0x29,0x65,0x31,
    0x44,0x29,0x65,0x29,0x85,0x31,0x44,0x29,0x65,0x29,0xa5,0x31,0xc6,0x31,0x65,0x29,0x86,0x29,0xc7,0x31,0x85,0x31,0x85,0x31,
    0xc6,0x31,0x86,0x31,0xa6,0x39,0x85,0x29,0x85,0x29,0x64,0x29,0xa5,0x31,0x06,0x42,0x06,0x42,0x07,0x42,0x67,0x5a,0x47,0x83,
    0xa7,0x93,0x67,0x83,0xe6,0x7a,0xa5,0x6a,0x26,0x83,0xa8,0x93,0x47,0x83,0x2a,0xa4,0x28,0x7b,0x4c,0x9c,0xab,0x83,0xa8,0x5a,
    0x09,0x73,0x08,0x73,0x08,0x73,0xc7,0x72,0x68,0x93,0xa6,0x6a,0x25,0x62,0x2c,0x9c,0x4d,0x9c,0x4d,0x9c,0x87,0x5a,0xc7,0x62,
    0x6d,0x9c,0xad,0xac,0x67,0x8b,0x64,0x62,0xad,0xac,0xc9,0x93,0x06,0x83,0xa8,0x9b,0x6c,0xb4,0xd1,0xcd,0x68,0x83,0xa5,0x72,
    0x69,0x8b,0x05,0x4a,0x25,0x52,0x8e,0xa4,0x2b,0x9c,0x46,0x5a,0xf2,0xcd,0xb5,0xe6,0x8b,0x83,0x71,0xc5,0x4d,0x9c,0x0c,0x94,
    0xe5,0x49,0xaa,0x8b,0xab,0x8b,0x0c,0x94,0x6c,0xa4,0x49,0x8b,0xe8,0x6a,0x0c,0x94,0xc8,0x6a,0x46,0x52,0xab,0x83,0x30,0xb5,
    0x04,0x73,0xe4,0x72,0x63,0x62,0xe6,0x9b,0x24,0x7b,0x04,0x73,0x83,0x5a,0xe1,0x41,0xe1,0x39,0x25,0x6b,0x84,0x5a,0x04,0x42,
    0x23,0x42,0x83,0x52,0x02,0x42,0x24,0x6b,0x84,0x52,0xe6,0x62,0xe6,0x62,0x65,0x5a,0x86,0x5a,0xe6,0x6a,0x26,0x73,0x06,0x6b,
    0x06,0x63,0xa5,0x5a,0x87,0x7b,0x45,0x52,0x24,0x4a,0x47,0x73,0xc6,0x6a,0x26,0x7b,0x06,0x7b,0x45,0x52,0x25,0x4a,0x66,0x5a,
    0x06,0x7b,0x86,0x8b,0x06,0x73,0x85,0x62,0x25,0x83,0xa5,0x9b,0xc4,0x72,0xe6,0x72,0x04,0x42,0xa6,0x6a,0xe7,0x9b,0x66,0x83,
    0x25,0x73,0x86,0x8b,0xc5,0x62,0x65,0x52,0x86,0x83,0xc6,0x93,0xe5,0x6a,0xe6,0x72,0x27,0x83,0xa7,0x93,0xc7,0x6a,0x67,0x52,
    0xc7,0x5a,0x26,0x42,0xc7,0x6a,0x26,0x7b,0x66,0x52,0x67,0x8b,0xa7,0x93,0x46,0x83,0x66,0x7b,0x06,0x73,0x44,0x52,0xe6,0x6a,
    0x27,0x7b,0x05,0x4a,0xa6,0x6a,0x86,0x62,0x85,0x31,0xc5,0x39,0x24,0x19,0xa5,0x39,0xe7,0x62,0x25,0x4a,0x46,0x5a,0x66,0x4a,
    0x85,0x31,0xa6,0x31,0x85,0x31,0x65,0x29,0x65,0x29,0x65,0x29,0x85,0x29,0x65,0x29,0x65,0x29,0x85,0x31,0xa6,0x31,0x65,0x29,
    0xc6,0x39,0xa6,0x31,0x85,0x31,0xa6,0x31,0xe7,0x39,0xa6,0x31,0xc7,0x39,0xa5,0x31,0x65,0x31,0xe5,0x39,0xa6,0x6a,0x07,0x7b,
    0xe7,0x6a,0x67,0x52,0x87,0x62,0xc7,0x6a,0x27,0x83,0x66,0x8b,0x67,0x83,0xa5,0x6a,0x27,0x83,0x46,0x83,0x88,0x83,0xca,0x9b,
    0x69,0x83,0x8d,0xa4,0x8a,0x83,0xe8,0x62,0x29,0x7b,0x89,0x8b,0x69,0x8b,0xe7,0x7a,0x49,0x83,0x86,0x62,0x85,0x6a,0x0c,0x9c,
    0xab,0x83,0x69,0x83,0xc7,0x6a,0x89,0x83,0x89,0x83,0x0a,0x9c,0x25,0x83,0x47,0x8b,0x0e,0xbd,0x27,0x83,0x06,0x7b,0xe8,0xa3,
    0x2a,0xa4,0x0e,0xb5,0x69,0x83,0x85,0x6a,0x89,0x8b,0x46,0x52,0xa6,0x6a,0xd1,0xd5,0x10,0xb5,0xe4,0x49,0x34,0xd6,0xd6,0xee,
    0x67,0x5a,0x30,0xbd,0xcb,0x8b,0x8a,0x7b,0x46,0x5a,0xef,0xb4,0x6a,0x83,0x6e,0x9c,0x4d,0xa4,0x69,0x8b,0x26,0x52,0x8a,0x83,
    0x09,0x6b,0xe6,0x49,0xcb,0x8b,0x30,0xb5,0xc6,0x8b,0xc4,0x5a,0x63,0x52,0xe7,0xcc,0xc5,0x93,0xe1,0x41,0x43,0x52,0xc4,0x5a,
    0x83,0x4a,0xa2,0x31,0xe2,0x41,0x03,0x42,0x44,0x52,0xc3,0x6a,0x42,0x4a,0x84,0x52,0xa4,0x5a,0x85,0x52,0xc6,0x5a,0x06,0x63,
    0xe6,0x6a,0x85,0x62,0x26,0x73,0x06,0x73,0x26,0x6b,0x88,0x83,0xa6,0x62,0x83,0x31,0xc5,0x62,0x47,0x7b,0xc6,0x6a,0x06,0x7b,
    0xe6,0x72,0x66,0x5a,0x46,0x5a,0x85,0x5a,0x46,0x83,0x86,0x93,0x26,0x7b,0xe5,0x72,0x46,0x83,0x45,0x8b,0x05,0x7b,0x06,0x7b,
    0xe6,0x72,0xc5,0x72,0x86,0x93,0xa6,0x9b,0x66,0x8b,0x86,0x93,0x86,0x93,0xa6,0x8b,0x65,0x83,0x46,0x83,0xe5,0x72,0x06,0x7b,
    0x87,0x8b,0x06,0x7b,0xe5,0x72,0xc7,0x62,0x86,0x5a,0xe7,0x6a,0x06,0x73,0x26,0x7b,0x67,0x83,0x25,0x7b,0xa6,0x93,0x46,0x83,
    0x66,0x7b,0x06,0x73,0xc5,0x62,0xa7,0x8b,0xe5,0x7a,0x07,0x7b,0x45,0x62,0x86,0x6a,0xe7,0x6a,0xc5,0x39,0x46,0x4a,0xe5,0x41,
    0xa6,0x6a,0x45,0x5a,0x05,0x42,0xe5,0x39,0xc5,0x39,0x86,0x31,0x65,0x29,0x86,0x31,0x85,0x31,0x85,0x31,0x85,0x29,0x65,0x29,
    0x65,0x29,0xa6,0x31,0x65,0x29,0x85,0x31,0xc6,0x39,0xa6,0x31,0xc6,0x31,0xc6,0x39,0x07,0x42,0xc6,0x31,0xe6,0x39,0xc5,0x39,
    0xa5,0x31,0x25,0x52,0xe7,0x7a,0x07,0x83,0x28,0x83,0x26,0x4a,0x47,0x52,0x26,0x52,0x68,0x83,0x29,0xa4,0xe8,0xa3,0xe5,0x7a,
    0xc6,0x6a,0x47,0x83,0x27,0x83,0xa9,0x8b,0x49,0x7b,0xcb,0x93,0x28,0x73,0xa8,0x5a,0x8b,0x83,0x08,0x7b,0x48,0x83,0xe7,0x7a,
    0x6a,0x8b,0xe7,0x72,0x86,0x6a,0x6c,0xac,0x0c,0x94,0x0a,0x9c,0x67,0x83,0x29,0x9c,0xc8,0x93,0x0a,0x9c,0x25,0x8b,0x87,0x93,
    0x0e,0xbd,0xe5,0x72,0x46,0x8b,0xe8,0x9b,0xc8,0x93,0x8d,0xa4,0xc7,0x6a,0xa5,0x72,0x2b,0x9c,0x67,0x5a,0x84,0x31,0x30,0xbd,
    0xb1,0xcd,0x05,0x52,0x74,0xde,0xf2,0xd5,0xe5,0x49,0x2f,0xbd,0x29,0x73,0x05,0x52,0xa7,0x6a,0x12,0xde,0x4c,0x94,0xeb,0x93,
    0x6d,0xac,0x69,0x8b,0xe5,0x51,0xec,0x8b,0xc9,0x62,0xe6,0x41,0x4d,0x9c,0xce,0xac,0x05,0x8c,0x63,0x52,0xc3,0x62,0xa4,0x72,
    0x24,0x7b,0x03,0x6b,0x63,0x52,0x84,0x5a,0x84,0x5a,0x02,0x3a,0x45,0x6b,0x43,0x4a,0xa2,0x31,0xe3,0x41,0x43,0x4a,0x43,0x4a,
    0x23,0x4a,0x24,0x4a,0x05,0x5b,0xa7,0x7b,0xc6,0x62,0xe6,0x6a,0x07,0x73,0x27,0x7b,0x28,0x7b,0x66,0x62,0xa3,0x41,0xa5,0x5a,
    0x47,0x73,0xa6,0x62,0x26,0x7b,0xe5,0x6a,0x65,0x5a,0x65,0x5a,0x25,0x52,0x85,0x5a,0xa5,0x62,0x46,0x83,0xc5,0x62,0x26,0x7b,
    0xa6,0x93,0x25,0x83,0x26,0x7b,0x86,0x93,0xc7,0x93,0x46,0x8b,0xa7,0x93,0xa7,0xa3,0x65,0x8b,0x86,0x9b,0xe6,0xab,0x25,0x83,
    0xc7,0x93,0x45,0x7b,0x66,0x8b,0x66,0x83,0x26,0x7b,0x65,0x5a,0xa7,0x93,0xa7,0x8b,0x86,0x5a,0x27,0x73,0x06,0x73,0x46,0x83,
    0x86,0x83,0x26,0x7b,0x66,0x8b,0x65,0x83,0xa7,0x8b,0x86,0x83,0x25,0x73,0x26,0x7b,0xa5,0x6a,0x06,0x7b,0x27,0x83,0x05,0x52,
    0xc5,0x41,0x45,0x52,0x25,0x52,0xe6,0x72,0xc5,0x6a,0x25,0x4a,0x05,0x4a,0xa6,0x62,0xe5,0x49,0xe6,0x39,0x65,0x31,0x65,0x29,
    0x85,0x29,0x65,0x29,0x65,0x31,0x65,0x29,0x65,0x29,0xc7,0x31,0xc7,0x39,0x85,0x31,0xe7,0x39,0xa5,0x31,0xc6,0x39,0xe5,0x39,
    0xc6,0x39,0xc6,0x39,0xc6,0x39,0xa5,0x31,0x85,0x31,0xa5,0x39,0x45,0x5a,0xa6,0x6a,0x26,0x4a,0x47,0x52,0x88,0x52,0xe5,0x49,
    0x68,0x83,0xa8,0x93,0x46,0x8b,0xc5,0x72,0x06,0x7b,0x06,0x73,0x48,0x83,0x28,0x83,0x28,0x73,0x0b,0x94,0x29,0x73,0x87,0x62,
    0x29,0x73,0x08,0x7b,0x05,0x52,0xa7,0x72,0x69,0x8b,0xe6,0x7a,0x45,0x5a,0x6d,0xa4,0x69,0x83,0xab,0x8b,0x87,0x8b,0x86,0x93,
    0x67,0x93,0xe7,0xa3,0xc7,0xa3,0xc8,0xa3,0x8c,0xb4,0x27,0x83,0xc5,0x7a,0xc8,0x9b,0xc9,0x9b,0x0f,0xbd,0xc7,0x6a,0xc6,0x72,
    0x6b,0xac,0x66,0x5a,0x87,0x5a,0x2f,0xc5,0x89,0x8b,0x86,0x62,0x53,0xd6,0xf3,0xd5,0x06,0x52,0xb2,0xc5,0x4d,0x9c,0x49,0x7b,
    0x25,0x52,0x30,0xbd,0xcb,0x8b,0xce,0xac,0x2c,0x9c,0x29,0x83,0xa5,0x41,0x8a,0x83,0x67,0x5a,0xa5,0x39,0x4d,0x9c,0x0f,0xb5,
    0x26,0x94,0x24,0x73,0x83,0x6a,0x05,0x7b,0xe4,0x6a,0xc3,0x5a,0x04,0x73,0x63,0x52,0x02,0x42,0x82,0x29,0x43,0x42,0xa4,0x5a,
    0xc4,0x62,0x05,0x6b,0x83,0x52,0xe5,0x5a,0x84,0x4a,0xe2,0x39,0x06,0x63,0x06,0x73,0xc4,0x41,0x63,0x31,0x66,0x5a,0x65,0x62,
    0xc3,0x49,0xa5,0x62,0x67,0x83,0x27,0x73,0x06,0x6b,0x85,0x52,0x46,0x73,0x26,0x73,0x85,0x5a,0xe6,0x72,0xc6,0x6a,0xa6,0x62,
    0x26,0x7b,0xa5,0x5a,0xc5,0x6a,0xe4,0x6a,0x45,0x7b,0xc5,0x6a,0xe6,0x7a,0xe6,0x72,0x46,0x83,0x25,0x83,0xc5,0x6a,0x86,0x93,
    0x26,0x93,0xc7,0xa3,0x65,0x93,0xa6,0x93,0xa7,0x8b,0x26,0x7b,0x85,0x62,0x26,0x7b,0x87,0x83,0x45,0x8b,0x46,0x8b,0x66,0x83,
    0x05,0x6b,0x26,0x73,0x06,0x73,0x66,0x83,0x46,0x83,0x05,0x73,0xe5,0x6a,0x05,0x73,0x46,0x7b,0x87,0x83,0xe5,0x72,0xa5,0x62,
    0xe5,0x72,0x85,0x6a,0xc6,0x6a,0xe5,0x41,0x85,0x31,0x46,0x52,0xc5,0x6a,0x05,0x73,0x26,0x83,0x85,0x62,0x86,0x62,0x45,0x5a,
    0xc5,0x39,0x26,0x4a,0x65,0x29,0x66,0x31,0x65,0x31,0x65,0x29,0x85,0x31,0x65,0x29,0x45,0x29,0x86,0x31,0xa6,0x31,0xa6,0x31,
    0xe7,0x39,0x85,0x31,0xa5,0x31,0xc5,0x39,0xc6,0x31,0xc6,0x39,0xc6,0x39,0x85,0x31,0xc5,0x39,0x85,0x31,0x26,0x52,0x05,0x4a,
    0x27,0x4a,0x26,0x4a,0x47,0x4a,0x46,0x52,0x48,0x7b,0x06,0x7b,0x47,0x83,0x65,0x62,0xa5,0x6a,0x27,0x7b,0x07,0x7b,0xe7,0x6a,
    0xe8,0x72,0x4c,0x9c,0x29,0x73,0x09,0x73,0x29,0x7b,0x49,0x7b,0x05,0x4a,0xc7,0x6a,0x48,0x83,0x66,0x6a,0xa6,0x6a,0x6d,0xa4,
    0x0b,0x94,0xc7,0xa3,0x46,0x8b,0x87,0x93,0x87,0x93,0x67,0x93,0xe7,0xab,0xa7,0xa3,0x67,0x8b,0x05,0x83,0x26,0x83,0xc9,0x93,
    0x0b,0xa4,0x2f,0xb5,0x86,0x62,0xa5,0x6a,0x4b,0xa4,0x05,0x52,0x69,0x83,0x2c,0x9c,0x68,0x83,0xa6,0x6a,0xb5,0xe6,0x71,0xbd,
    0x26,0x52,0x70,0xbd,0xec,0x8b,0xcb,0x8b,0x87,0x5a,0x8e,0xac,0xaa,0x83,0x2c,0x9c,0xcb,0x93,0x29,0x83,0xe5,0x41,0xca,0x93,
    0xe7,0x72,0x47,0x5a,0x8e,0xa4,0xae,0xac,0xa4,0x7b,0x65,0x7b,0x45,0x83,0x64,0x7b,0xe4,0x62,0x02,0x42,0x63,0x4a,0xc3,0x31,
    0x02,0x3a,0xc2,0x31,0xe2,0x31,0x05,0x6b,0x25,0x73,0xa3,0x62,0xe5,0x62,0xa6,0x7b,0xc5,0x5a,0x86,0x5a,0x07,0x73,0xc6,0x6a,
    0x02,0x21,0xe1,0x18,0x24,0x52,0x06,0x73,0x43,0x52,0x26,0x73,0x07,0x73,0x46,0x73,0x84,0x5a,0x06,0x63,0x06,0x63,0xe5,0x62,
    0xc6,0x62,0xa6,0x62,0xa5,0x62,0x85,0x5a,0xa6,0x6a,0xa5,0x62,0xe5,0x62,0xe4,0x6a,0x86,0x8b,0xe5,0x6a,0xa5,0x62,0x65,0x5a,
    0xa5,0x62,0x05,0x83,0x66,0x8b,0x66,0x93,0xa7,0xa3,0x05,0x83,0x25,0x7b,0x46,0x83,0x05,0x73,0x26,0x7b,0xc5,0x62,0xa4,0x5a,
    0x25,0x7b,0x25,0x83,0x05,0x73,0x46,0x7b,0x26,0x73,0x66,0x7b,0xe5,0x6a,0xc5,0x72,0x46,0x7b,0xe5,0x72,0x25,0x73,0x66,0x7b,
    0x46,0x7b,0x26,0x73,0x05,0x73,0x26,0x73,0xa5,0x6a,0xa5,0x6a,0xc6,0x6a,0x65,0x5a,0xc6,0x62,0x25,0x73,0x66,0x8b,0xe5,0x7a,
    0xc6,0x72,0x65,0x62,0xe6,0x72,0x65,0x5a,0xe5,0x41,0xa5,0x31,0xa6,0x31,0xc5,0x39,0x65,0x29,0x65,0x29,0x86,0x31,0x85,0x29,
    0x65,0x29,0x86,0x29,0x86,0x31,0x85,0x31,0xa6,0x31,0xa6,0x31,0xa5,0x31,0xe6,0x39,0xc5,0x31,0xc6,0x39,0xa5,0x31,0x85,0x29,
    0x65,0x29,0x65,0x29,0xc6,0x31,0xc6,0x39,0xe6,0x39,0x27,0x42,0x07,0x42,0xc5,0x41,0x6a,0x83,0x68,0x83,0xa8,0x93,0xa5,0x72,
    0xa5,0x6a,0x47,0x7b,0x47,0x83,0xe8,0x72,0x49,0x7b,0x6d,0xa4,0xa7,0x62,0x4b,0x73,0xab,0x83,0x87,0x62,0x05,0x4a,0xe8,0x72,
    0x28,0x7b,0xe7,0x7a,0xe6,0x7a,0x08,0x7b,0x27,0x73,0x26,0x7b,0xc5,0x72,0xa5,0x6a,0x46,0x83,0x26,0x83,0x46,0x8b,0x67,0x93,
    0x49,0xac,0x66,0x93,0xe5,0x82,0xa9,0x93,0x89,0x93,0x0b,0x8c,0x65,0x62,0xe6,0x7a,0x0b,0x94,0x46,0x52,0xc7,0x6a,0x49,0x7b,
    0xc7,0x6a,0x29,0x7b,0x37,0xf7,0x51,0xbd,0x87,0x5a,0xd3,0xcd,0xcb,0x8b,0x8a,0x83,0x29,0x73,0x91,0xcd,0x49,0x83,0x0b,0x94,
    0xaa,0x8b,0x09,0x83,0x25,0x5a,0x8a,0x93,0x87,0x62,0xe8,0x72,0xce,0xb4,0x8d,0xac,0x24,0x73,0x45,0x73,0xc4,0x62,0x86,0x7b,
    0xe2,0x41,0x61,0x29,0xe3,0x31,0xc2,0x31,0xe4,0x5a,0xa6,0x7b,0x24,0x63,0xe5,0x62,0x24,0x4a,0x44,0x42,0x65,0x5a,0x28,0x73,
    0xa7,0x62,0x04,0x4a,0x24,0x52,0x83,0x31,0xe3,0x41,0x62,0x29,0xe3,0x41,0x26,0x7b,0xe6,0x72,0x27,0x7b,0xe5,0x6a,0xe5,0x6a,
    0x06,0x6b,0x06,0x6b,0xc5,0x62,0xa5,0x5a,0x86,0x5a,0xa5,0x62,0xa6,0x6a,0x86,0x6a,0x65,0x5a,0x06,0x6b,0x05,0x73,0x66,0x8b,
    0x05,0x7b,0xe5,0x6a,0x64,0x5a,0xa5,0x62,0x26,0x83,0x46,0x83,0x46,0x8b,0xa5,0x6a,0xe5,0x7a,0xa7,0x9b,0xa7,0x93,0x26,0x6b,
    0x46,0x7b,0x46,0x73,0xe5,0x72,0xe5,0x6a,0x46,0x83,0x46,0x83,0xe5,0x6a,0xa5,0x5a,0x06,0x6b,0xe6,0x6a,0xa4,0x62,0x46,0x7b,
    0xe6,0x72,0x05,0x6b,0x47,0x7b,0x46,0x7b,0x26,0x7b,0x46,0x7b,0xa5,0x6a,0xa5,0x6a,0x06,0x7b,0x26,0x73,0x25,0x83,0x45,0x5a,
    0x64,0x52,0x46,0x83,0x66,0x83,0xa5,0x72,0x85,0x72,0x65,0x62,0xc6,0x72,0x85,0x62,0x05,0x4a,0x06,0x42,0xe6,0x39,0x06,0x42,
    0xa5,0x31,0x85,0x31,0x65,0x29,0x64,0x29,0x85,0x31,0xc7,0x31,0xa6,0x31,0x65,0x31,0x07,0x3a,0xc6,0x39,0xc6,0x31,0xc6,0x39,
    0xe6,0x39,0xe7,0x39,0xc6,0x31,0x85,0x31,0x65,0x31,0x45,0x29,0xe7,0x39,0x07,0x42,0xe7,0x39,0xaa,0x52,0x07,0x42,0x06,0x42,
    0x0b,0x94,0xaa,0x93,0x27,0x7b,0x85,0x6a,0xc5,0x72,0xc6,0x6a,0x88,0x8b,0xa8,0x83,0xa7,0x6a,0x4d,0x9c,0x46,0x5a,0xab,0x83,
    0x69,0x7b,0xa7,0x62,0x67,0x62,0xe8,0x72,0xe8,0x72,0xc6,0x7a,0xe7,0x7a,0x27,0x73,0x84,0x52,0x65,0x52,0xe5,0x72,0x26,0x8b,
    0x47,0x8b,0xc6,0x72,0x05,0x7b,0xc8,0x9b,0xe8,0x9b,0x46,0x8b,0x46,0x8b,0xa8,0x93,0x89,0x8b,0xa9,0x83,0x45,0x62,0xc6,0x72,
    0x0b,0x9c,0xc7,0x62,0x08,0x73,0x8e,0xac,0x28,0x73,0x69,0x83,0x37,0xf7,0x51,0xbd,0xcb,0x8b,0x70,0xc5,0x6a,0x7b,0xec,0x93,
    0xa7,0x6a,0x70,0xc5,0xaa,0x8b,0x6c,0xa4,0x28,0x83,0xe8,0x7a,0x46,0x5a,0xea,0x9b,0x86,0x6a,0x87,0x62,0x4c,0xa4,0x8c,0xac,
    0x83,0x5a,0xa3,0x62,0x22,0x4a,0x23,0x4a,0x81,0x31,0x02,0x3a,0xc2,0x31,0x61,0x29,0x63,0x52,0xa5,0x73,0xe3,0x62,0x04,0x42,
    0xc3,0x39,0xc7,0x6a,0xa6,0x62,0xa6,0x62,0x64,0x5a,0x64,0x52,0x03,0x4a,0x82,0x39,0x24,0x42,0xa5,0x62,0xc5,0x6a,0xa6,0x6a,
    0xe6,0x7a,0x85,0x62,0x67,0x7b,0x06,0x6b,0x46,0x73,0x06,0x6b,0xe6,0x62,0xc5,0x62,0x45,0x52,0x45,0x4a,0x65,0x52,0x65,0x5a,
    0x86,0x5a,0xc6,0x6a,0x46,0x7b,0x66,0x8b,0x86,0x8b,0x25,0x7b,0xa5,0x62,0xc5,0x6a,0xc5,0x6a,0xc5,0x72,0x05,0x7b,0x86,0x8b,
    0x66,0x8b,0x46,0x83,0x66,0x83,0x26,0x6b,0xe5,0x62,0xc7,0x93,0x26,0x7b,0xa5,0x62,0xe5,0x6a,0xc5,0x62,0x84,0x5a,0xe6,0x62,
    0xe5,0x6a,0xc5,0x62,0xe6,0x62,0x46,0x7b,0xe5,0x6a,0xe6,0x6a,0x05,0x6b,0x26,0x7b,0xc5,0x6a,0x26,0x7b,0x05,0x73,0xa5,0x62,
    0x06,0x7b,0x26,0x7b,0xe5,0x6a,0x45,0x5a,0xa5,0x6a,0x86,0x83,0x45,0x8b,0xe5,0x7a,0xc5,0x72,0x46,0x83,0x45,0x5a,0x25,0x52,
    0x25,0x4a,0x06,0x42,0x46,0x52,0x05,0x42,0x85,0x29,0x45,0x29,0x65,0x29,0x65,0x29,0x45,0x29,0xc7,0x31,0xc7,0x39,0x85,0x31,
    0xc6,0x31,0x85,0x31,0xa5,0x31,0x85,0x31,0x28,0x42,0x07,0x42,0xa6,0x31,0x85,0x31,0x65,0x29,0x65,0x29,0x89,0x52,0xe7,0x39,
    0xc7,0x39,0x49,0x42,0x06,0x3a,0x06,0x42,0x0c,0x94,0x49,0x7b,0xe8,0x72,0x85,0x6a,0x06,0x7b,0xe6,0x72,0x26,0x7b,0x68,0x83,
    0xa7,0x62,0x6d,0xa4,0x67,0x52,0x8b,0x83,0xe7,0x72,0x29,0x7b,0x26,0x52,0x08,0x7b,0xc7,0x72,0xa6,0x6a,0xc6,0x7a,0x2c,0x9c,
    0x0a,0x9c,0x46,0x83,0xe5,0x7a,0x66,0x8b,0x47,0x8b,0xa5,0x72,0x05,0x7b,0xe8,0x9b,0x87,0x93,0x66,0x93,0x25,0x8b,0x25,0x83,
    0xc9,0x93,0xce,0xac,0x45,0x5a,0x28,0x83,0x0b,0x9c,0x66,0x5a,0xe8,0x72,0xae,0xa4,0x8a,0x83,0x49,0x83,0x99,0xff,0x51,0xbd,
    0xcc,0x8b,0x4f,0xc5,0xca,0x8b,0x0c,0x94,0x4a,0x7b,0x32,0xde,0x08,0x7b,0xaa,0x93,0x49,0x83,0xa7,0x72,0x68,0x5a,0x68,0x83,
    0x27,0x83,0x28,0x7b,0x70,0xc5,0x6d,0xac,0x43,0x4a,0xa2,0x31,0x82,0x31,0x62,0x29,0x63,0x52,0xe2,0x39,0xe1,0x41,0xa3,0x5a,
    0x62,0x52,0x63,0x52,0xa4,0x5a,0x83,0x31,0x63,0x31,0xc3,0x41,0x85,0x5a,0x24,0x52,0x64,0x5a,0x44,0x52,0x03,0x42,0xa4,0x5a,
    0x85,0x5a,0x06,0x73,0x06,0x7b,0xa5,0x6a,0xa6,0x6a,0x85,0x62,0xe5,0x62,0x26,0x63,0x06,0x6b,0xa5,0x62,0xc6,0x62,0xa5,0x5a,
    0x44,0x4a,0x24,0x4a,0xc6,0x5a,0x65,0x52,0xc5,0x41,0x85,0x62,0x67,0x7b,0xa4,0x62,0xe5,0x72,0x66,0x83,0xa5,0x62,0x44,0x52,
    0x05,0x6b,0xa5,0x6a,0x26,0x83,0x66,0x8b,0xc6,0x62,0xe6,0x6a,0xe5,0x62,0x06,0x5b,0x66,0x73,0x87,0x7b,0x26,0x73,0xa4,0x62,
    0x04,0x42,0x85,0x52,0xc5,0x62,0x06,0x63,0x06,0x6b,0xc5,0x62,0xc5,0x62,0xa5,0x62,0x85,0x5a,0xc5,0x5a,0x46,0x73,0x67,0x83,
    0x26,0x7b,0x06,0x7b,0xe5,0x72,0xa5,0x6a,0x26,0x7b,0x06,0x73,0xe6,0x7a,0xe4,0x49,0xc5,0x6a,0xe7,0x9b,0x66,0x8b,0x24,0x52,
    0x66,0x6a,0x85,0x6a,0x05,0x4a,0xe5,0x41,0xc5,0x39,0xc5,0x39,0xe5,0x41,0x45,0x42,0x85,0x31,0x45,0x29,0x85,0x31,0x65,0x29,
    0x45,0x29,0x08,0x3a,0xc7,0x31,0x65,0x29,0xa6,0x31,0x65,0x29,0x85,0x31,0x85,0x29,0xa6,0x31,0x07,0x42,0xc6,0x31,0x84,0x29,
    0x65,0x29,0x45,0x29,0xeb,0x5a,0x28,0x42,0xc6,0x39,0x07,0x3a,0xc5,0x39,0x26,0x42,0x8a,0x83,0x29,0x7b,0x48,0x7b,0xc5,0x72,
    0xa5,0x6a,0x47,0x83,0x06,0x7b,0x89,0x83,0x66,0x5a,0x2c,0x9c,0xc8,0x62,0x6a,0x7b,0x29,0x7b,0x8a,0x8b,0x47,0x5a,0x27,0x7b,
    0xe6,0x72,0xa6,0x72,0xca,0x9b,0x2a,0xa4,0x2a,0xac,0xa8,0x93,0xc6,0x7a,0x07,0x83,0xc5,0x7a,0x86,0x93,0x86,0x93,0xa7,0x93,
    0x66,0x93,0x45,0x8b,0x05,0x83,0xe6,0x7a,0xe9,0x9b,0x2c,0x94,0xc7,0x72,0xa6,0x72,0x4c,0xac,0x45,0x52,0xe8,0x6a,0x0d,0x94,
    0x08,0x73,0x6a,0x83,0xda,0xff,0xef,0xac,0x49,0x73,0x12,0xde,0x8a,0x8b,0x2c,0x9c,0x4a,0x7b,0xf2,0xd5,0x07,0x73,0x4d,0xa4,
    0x8a,0x93,0x87,0x62,0xc8,0x72,0x68,0x93,0xa7,0x9b,0x88,0x83,0xce,0xb4,0x4c,0xa4,0x63,0x62,0x43,0x5a,0x62,0x29,0x64,0x52,
    0xa4,0x5a,0x62,0x52,0x03,0x63,0x64,0x73,0x45,0x73,0x44,0x4a,0xc2,0x18,0x82,0x10,0x22,0x29,0xa5,0x62,0x26,0x73,0xe4,0x62,
    0x24,0x4a,0x24,0x4a,0x26,0x73,0x66,0x73,0xc5,0x62,0x05,0x73,0x26,0x7b,0xe6,0x72,0x86,0x62,0x85,0x5a,0x06,0x6b,0xe5,0x62,
    0x27,0x73,0xe6,0x6a,0xa5,0x62,0xe6,0x6a,0xc6,0x62,0xa5,0x5a,0x45,0x4a,0x25,0x52,0x45,0x4a,0x45,0x4a,0x26,0x6b,0x25,0x6b,
    0xe5,0x6a,0xc4,0x62,0x46,0x73,0x25,0x73,0xc5,0x62,0x24,0x4a,0x65,0x5a,0x85,0x5a,0x27,0x73,0xe6,0x6a,0xe5,0x62,0xa5,0x52,
    0xa5,0x52,0x25,0x6b,0x84,0x5a,0x47,0x73,0xa4,0x5a,0x26,0x6b,0xe5,0x62,0x85,0x52,0x24,0x4a,0xa5,0x5a,0xe6,0x6a,0x85,0x5a,
    0xe5,0x6a,0x25,0x73,0x05,0x6b,0x06,0x73,0xe5,0x6a,0xc6,0x72,0x06,0x7b,0x06,0x7b,0xa4,0x62,0x06,0x7b,0x05,0x6b,0xe5,0x72,
    0x45,0x7b,0x66,0x83,0xa6,0x93,0x45,0x5a,0x25,0x4a,0x46,0x5a,0x05,0x4a,0x85,0x31,0xc5,0x39,0x46,0x4a,0x45,0x4a,0x66,0x52,
    0xa5,0x31,0x44,0x21,0x65,0x29,0x65,0x29,0x65,0x29,0x08,0x3a,0x08,0x3a,0x45,0x29,0xc7,0x39,0x65,0x29,0x85,0x31,0x86,0x31,
    0x85,0x31,0xe7,0x39,0x86,0x31,0x85,0x31,0x45,0x29,0x65,0x31,0xca,0x5a,0x27,0x42,0xc7,0x39,0x48,0x4a,0xc5,0x31,0x47,0x4a,
    0xeb,0x8b,0x08,0x73,0xa6,0x6a,0x65,0x62,0x07,0x7b,0xc6,0x72,0xc7,0x72,0x29,0x7b,0x87,0x5a,0x8d,0xa4,0x2a,0x73,0x29,0x73,
    0x89,0x83,0xaa,0x83,0x86,0x62,0x27,0x83,0xc6,0x72,0x06,0x7b,0x68,0x8b,0xca,0x93,0xca,0x93,0x68,0x8b,0xa7,0x72,0x48,0x83,
    0x67,0x8b,0x86,0x93,0x45,0x8b,0xa7,0x93,0x67,0x93,0xc5,0x7a,0x05,0x83,0x26,0x83,0x2a,0xa4,0x0c,0x94,0x66,0x62,0x85,0x6a,
    0x0b,0x9c,0x05,0x4a,0x09,0x73,0xcb,0x8b,0xa7,0x62,0x29,0x73,0xb9,0xff,0x31,0xbd,0xc8,0x62,0xb1,0xcd,0x29,0x7b,0x2c,0x9c,
    0x6b,0x73,0xf2,0xd5,0xc7,0x72,0x6c,0xa4,0xeb,0x9b,0x86,0x62,0x8a,0x83,0xe7,0x7a,0xe6,0x82,0x89,0x8b,0xce,0xbc,0x69,0x8b,
    0xc4,0x6a,0xe2,0x41,0xc2,0x41,0xc4,0x62,0x21,0x21,0x03,0x6b,0xe3,0x62,0xe4,0x41,0xe2,0x18,0x41,0x08,0x81,0x08,0x02,0x21,
    0x03,0x4a,0xe3,0x41,0x66,0x7b,0x23,0x4a,0x63,0x39,0x82,0x31,0xe2,0x18,0x21,0x29,0xe3,0x41,0xa5,0x62,0xe6,0x6a,0xe6,0x6a,
    0xa6,0x62,0x45,0x52,0x06,0x6b,0x05,0x6b,0xa5,0x62,0x65,0x52,0x45,0x52,0xe4,0x41,0x85,0x52,0x85,0x62,0x24,0x4a,0x66,0x5a,
    0x85,0x5a,0x46,0x73,0xe4,0x6a,0xe5,0x6a,0xe5,0x6a,0xa5,0x62,0x26,0x6b,0x05,0x6b,0x85,0x5a,0x04,0x4a,0xa6,0x62,0x65,0x52,
    0x65,0x52,0x06,0x6b,0x26,0x6b,0xc4,0x5a,0xe5,0x5a,0xc5,0x5a,0x05,0x7b,0x86,0x83,0xc5,0x6a,0x84,0x52,0xa5,0x5a,0x65,0x4a,
    0x65,0x52,0xa6,0x62,0xa5,0x62,0x26,0x7b,0x06,0x73,0x86,0x83,0x66,0x7b,0xc5,0x62,0x46,0x7b,0x06,0x73,0xc6,0x72,0x27,0x83,
    0xc5,0x6a,0xc5,0x6a,0x04,0x73,0xe4,0x6a,0x04,0x73,0x66,0x83,0x25,0x73,0x86,0x5a,0x66,0x5a,0x46,0x5a,0xe5,0x41,0xe6,0x41,
    0xe6,0x41,0xc6,0x5a,0xe6,0x62,0xa6,0x62,0x65,0x52,0x85,0x31,0x86,0x29,0x65,0x29,0x65,0x29,0x08,0x3a,0x08,0x3a,0x25,0x21,
    0x85,0x29,0x65,0x29,0x65,0x29,0x85,0x31,0x65,0x29,0xc7,0x39,0x86,0x31,0x65,0x29,0x65,0x29,0x86,0x31,0x89,0x52,0x28,0x42,
    0x07,0x3a,0x07,0x42,0xa4,0x31,0x87,0x52,0x6a,0x73,0x66,0x5a,0xc6,0x72,0x45,0x5a,0xe7,0x7a,0xc6,0x72,0xe7,0x7a,0x28,0x73,
    0x09,0x6b,0xcb,0x8b,0xa8,0x62,0xc8,0x6a,0x69,0x83,0x27,0x7b,0x85,0x6a,0xa5,0x6a,0x27,0x83,0xa6,0x72,0xe7,0x82,0x0a,0x9c,
    0x49,0x83,0xcb,0x93,0x27,0x83,0xe6,0x72,0x66,0x8b,0x86,0x93,0x86,0x93,0x87,0x9b,0x46,0x93,0x05,0x83,0x46,0x83,0xa5,0x72,
    0x68,0x83,0xcb,0x8b,0x25,0x52,0xa6,0x6a,0x0a,0x94,0xe5,0x49,0xa8,0x62,0x2d,0x94,0xe8,0x72,0x6a,0x7b,0x79,0xff,0xef,0xb4,
    0x09,0x73,0x91,0xc5,0x49,0x83,0x4c,0xa4,0x09,0x73,0x12,0xd6,0x89,0x8b,0x4c,0xa4,0xea,0x9b,0x47,0x62,0x69,0x7b,0xe6,0x7a,
    0x07,0x83,0xea,0x93,0x2f,0xc5,0x0b,0x9c,0x84,0x52,0x82,0x31,0xa2,0x41,0x83,0x5a,0x43,0x4a,0xc4,0x62,0x26,0x52,0xa2,0x10,
    0xa1,0x10,0x22,0x21,0x44,0x4a,0x63,0x4a,0xa4,0x62,0x82,0x39,0x02,0x29,0x83,0x39,0xc3,0x39,0x66,0x73,0xc5,0x62,0xc4,0x41,
    0x43,0x29,0xc1,0x18,0x43,0x29,0xc4,0x41,0x04,0x4a,0x44,0x52,0x24,0x52,0xe3,0x51,0x84,0x5a,0xe3,0x39,0xe5,0x62,0x84,0x52,
    0x85,0x52,0x06,0x6b,0x66,0x7b,0xc5,0x6a,0xc5,0x6a,0xc4,0x72,0x25,0x73,0xc4,0x62,0xc5,0x6a,0x25,0x73,0xe5,0x6a,0x05,0x73,
    0x05,0x6b,0xc5,0x62,0x45,0x5a,0xa5,0x62,0xc5,0x5a,0xa5,0x52,0xe5,0x5a,0xc5,0x5a,0x26,0x6b,0x64,0x52,0x25,0x7b,0x46,0x83,
    0x64,0x52,0x85,0x5a,0xa5,0x5a,0x44,0x4a,0x85,0x5a,0xe6,0x6a,0xe5,0x6a,0x26,0x73,0xc5,0x6a,0x85,0x83,0xa6,0x8b,0xa4,0x62,
    0xc5,0x6a,0x26,0x73,0xc6,0x72,0xc5,0x72,0xa5,0x62,0x25,0x73,0x65,0x7b,0x45,0x7b,0x25,0x7b,0x24,0x7b,0xa5,0x62,0x25,0x4a,
    0x66,0x5a,0x66,0x52,0xe5,0x49,0xe6,0x41,0xa5,0x31,0x06,0x4a,0x85,0x62,0xe6,0x72,0x27,0x73,0xe5,0x39,0x65,0x29,0x46,0x21,
    0x45,0x21,0x86,0x29,0xe8,0x31,0x45,0x21,0xa7,0x39,0x85,0x29,0x85,0x31,0x65,0x29,0xe6,0x39,0xe7,0x39,0x86,0x31,0x45,0x29,
    0x65,0x29,0x65,0x31,0x48,0x42,0x07,0x42,0x07,0x42,0x48,0x42,0xa5,0x31,0x27,0x4a,0xc8,0x62,0xa7,0x62,0x28,0x7b,0x65,0x62,
    0xc7,0x72,0x27,0x7b,0x48,0x83,0xe8,0x6a,0x6a,0x7b,0xeb,0x93,0xa9,0x62,0xc8,0x62,0xca,0x93,0x48,0x83,0x85,0x72,0x27,0x83,
    0x07,0x83,0xe6,0x7a,0xe6,0x72,0x89,0x83,0x48,0x73,0x2c,0x9c,0x28,0x73,0x27,0x7b,0x47,0x83,0x66,0x93,0x25,0x8b,0x87,0x93,
    0x87,0x93,0xa4,0x7a,0x06,0x7b,0x07,0x7b,0xea,0x93,0x4a,0x7b,0x87,0x62,0xa6,0x6a,0x4c,0xa4,0x05,0x4a,0x49,0x7b,0x6d,0x9c,
    0x09,0x73,0x29,0x73,0xf2,0xdd,0x29,0x7b,0xe8,0x6a,0xd2,0xcd,0xeb,0x93,0x2f,0xbd,0xc8,0x6a,0x0e,0xb5,0x88,0x8b,0x4f,0xc5,
    0x2b,0xa4,0x47,0x5a,0x6a,0x83,0xa5,0x72,0x27,0x83,0xca,0x9b,0xcd,0xbc,0x49,0x83,0x82,0x31,0x63,0x52,0x23,0x42,0xa2,0x29,
    0x84,0x52,0xc6,0x6a,0x23,0x29,0xe2,0x18,0xe2,0x41,0x42,0x31,0x82,0x31,0x43,0x52,0x24,0x52,0xe3,0x49,0xa5,0x62,0x63,0x39,
    0x24,0x4a,0xa1,0x39,0xe4,0x6a,0x44,0x52,0xc3,0x41,0x22,0x21,0xa3,0x31,0x42,0x31,0x83,0x41,0x83,0x41,0x65,0x5a,0xc4,0x62,
    0x66,0x73,0x26,0x73,0xe6,0x62,0xc5,0x62,0x06,0x6b,0xa5,0x62,0x86,0x83,0x66,0x83,0xe5,0x72,0x26,0x7b,0x86,0x83,0x25,0x73,
    0x05,0x73,0x26,0x7b,0xe4,0x72,0x25,0x73,0xe5,0x6a,0x44,0x52,0xc5,0x62,0xc6,0x6a,0xc5,0x52,0xe6,0x5a,0x84,0x52,0x84,0x52,
    0xe5,0x6a,0xa5,0x62,0xe6,0x62,0x84,0x52,0x85,0x52,0xc5,0x62,0x64,0x52,0x65,0x52,0xe5,0x6a,0xa5,0x62,0x05,0x6b,0x46,0x7b,
    0x46,0x83,0x86,0x83,0x05,0x6b,0x26,0x7b,0x66,0x83,0x06,0x73,0x85,0x62,0x26,0x7b,0x67,0x7b,0xe5,0x6a,0x86,0x8b,0x45,0x7b,
    0xc6,0x9b,0xa5,0x8b,0x46,0x83,0x25,0x4a,0x86,0x5a,0xe5,0x51,0x06,0x4a,0xa5,0x39,0xa5,0x31,0xe5,0x41,0x46,0x5a,0xc6,0x72,
    0xe6,0x72,0xe6,0x41,0xc5,0x39,0xa5,0x31,0x45,0x21,0xa6,0x31,0xc7,0x39,0x24,0x21,0xc7,0x39,0x65,0x29,0x65,0x29,0x07,0x42,
    0x47,0x52,0xa6,0x31,0x86,0x31,0x65,0x29,0x45,0x29,0xa6,0x31,0x89,0x52,0xe6,0x39,0xe7,0x39,0x27,0x42,0x85,0x31,0x47,0x42,
    0xc8,0x62,0xa6,0x62,0xe6,0x72,0x66,0x62,0xc7,0x72,0xc7,0x72,0x48,0x7b,0x67,0x5a,0x6a,0x7b,0x09,0x73,0x88,0x5a,0xa7,0x62,
    0x8a,0x8b,0xe8,0x72,0xc6,0x72,0x27,0x83,0xe7,0x7a,0xc6,0x72,0xe7,0x72,0xc6,0x6a,0x07,0x6b,0xa9,0x83,0x49,0x7b,0x27,0x73,
    0xe6,0x6a,0xe6,0x72,0x05,0x7b,0xa9,0x93,0xc8,0x8b,0x84,0x6a,0x06,0x83,0xa5,0x6a,0x0b,0x9c,0x4c,0x94,0x65,0x62,0xa6,0x6a,
    0xca,0x8b,0x25,0x52,0x28,0x73,0xee,0xb4,0x8a,0x83,0xca,0x8b,0x4f,0xcd,0x45,0x5a,0x87,0x62,0x50,0xc5,0xab,0x8b,0x0e,0xbd,
    0x87,0x6a,0x2f,0xbd,0xa9,0x93,0x4e,0xc5,0x0b,0xa4,0x46,0x5a,0x69,0x83,0xa5,0x72,0x46,0x8b,0xea,0xa3,0xac,0xbc,0x89,0x8b,
    0xa2,0x31,0xa4,0x52,0x84,0x52,0x20,0x19,0x85,0x5a,0x87,0x6a,0x22,0x31,0x64,0x39,0x22,0x39,0xc2,0x20,0xa2,0x18,0xa4,0x41,
    0x84,0x39,0xc4,0x49,0x65,0x5a,0x42,0x31,0xe3,0x39,0xc2,0x39,0x43,0x52,0x44,0x52,0x43,0x39,0x43,0x31,0xa3,0x41,0xc4,0x49,
    0x62,0x31,0xa3,0x39,0x22,0x29,0x63,0x31,0x24,0x4a,0x85,0x5a,0xa5,0x62,0xc6,0x62,0x47,0x7b,0x26,0x73,0xe5,0x6a,0x25,0x7b,
    0x46,0x7b,0x47,0x83,0x66,0x83,0x26,0x7b,0xc5,0x6a,0x06,0x73,0x87,0x8b,0x05,0x73,0xe6,0x6a,0xc5,0x6a,0x07,0x73,0x85,0x5a,
    0x06,0x63,0x46,0x63,0xe5,0x5a,0x25,0x6b,0xe5,0x6a,0xe5,0x62,0x64,0x52,0xc3,0x31,0x84,0x52,0xe5,0x62,0x85,0x5a,0x65,0x5a,
    0xc6,0x62,0xe6,0x6a,0x26,0x6b,0x25,0x73,0x45,0x7b,0x66,0x7b,0x66,0x83,0x26,0x7b,0x26,0x7b,0xe6,0x7a,0xe6,0x72,0x27,0x7b,
    0x26,0x73,0xe5,0x72,0xa6,0x8b,0x25,0x7b,0x45,0x83,0x45,0x83,0x65,0x5a,0xe6,0x6a,0xe5,0x6a,0x26,0x52,0x06,0x52,0x05,0x4a,
    0xc7,0x62,0xa6,0x5a,0x46,0x5a,0xc6,0x72,0xa6,0x6a,0xa6,0x6a,0xc7,0x62,0x66,0x62,0x85,0x31,0xa6,0x29,0xa6,0x31,0x86,0x31,
    0x86,0x31,0xa6,0x31,0x65,0x29,0x67,0x52,0x67,0x4a,0xa6,0x39,0xe7,0x39,0xa5,0x39,0xc6,0x39,0xe6,0x39,0xca,0x5a,0x27,0x42,
    0xa6,0x31,0xa6,0x31,0xa5,0x31,0x26,0x4a,0x68,0x5a,0xa7,0x62,0x86,0x62,0x86,0x62,0xc7,0x6a,0xe8,0x6a,0xa7,0x62,0xe6,0x49,
    0xe8,0x6a,0xa8,0x62,0xa8,0x62,0xe8,0x6a,0xeb,0x93,0xe7,0x6a,0xc7,0x72,0xe7,0x7a,0x07,0x83,0x07,0x83,0xc6,0x7a,0x6a,0x8b,
    0x28,0x73,0xe8,0x6a,0xe7,0x6a,0x07,0x73,0xe7,0x72,0x85,0x6a,0x46,0x83,0xc8,0x9b,0x87,0x8b,0x83,0x62,0x26,0x7b,0x05,0x7b,
    0x48,0x83,0xcb,0x8b,0x44,0x5a,0x47,0x83,0xad,0xac,0x65,0x5a,0x48,0x7b,0x4c,0x9c,0x89,0x8b,0xca,0x93,0x70,0xcd,0xab,0x93,
    0xe9,0x6a,0x91,0xc5,0x89,0x93,0x6d,0xac,0xe8,0x72,0xac,0xac,0xca,0x93,0x4b,0xa4,0x6c,0xac,0x46,0x5a,0x49,0x7b,0xe5,0x7a,
    0x66,0x93,0x29,0xac,0x4b,0xac,0x68,0x93,0x02,0x4a,0x44,0x4a,0x81,0x29,0x24,0x42,0xe7,0x72,0x05,0x5a,0x84,0x41,0x43,0x31,
    0xa3,0x49,0x81,0x18,0x02,0x29,0xe5,0x51,0x02,0x29,0xc4,0x49,0x22,0x31,0xa4,0x49,0x27,0x83,0xc7,0x7a,0x63,0x39,0x43,0x31,
    0xa4,0x41,0x63,0x39,0x42,0x31,0x45,0x52,0x64,0x5a,0x26,0x73,0x26,0x73,0x44,0x52,0xc4,0x39,0xa3,0x39,0x43,0x29,0x01,0x21,
    0xc3,0x39,0xa5,0x62,0x85,0x5a,0x46,0x83,0x06,0x7b,0x47,0x7b,0x46,0x83,0x27,0x83,0x27,0x83,0xa5,0x6a,0x45,0x7b,0x26,0x73,
    0xe5,0x72,0x07,0x7b,0x47,0x83,0xa5,0x62,0xe6,0x62,0x06,0x6b,0x26,0x6b,0x25,0x73,0xe5,0x72,0x06,0x73,0x26,0x73,0x44,0x4a,
    0x85,0x5a,0x26,0x73,0x05,0x6b,0x06,0x63,0x85,0x62,0xc5,0x62,0x26,0x73,0x46,0x7b,0x25,0x73,0x86,0x83,0x26,0x7b,0x06,0x73,
    0x26,0x83,0x27,0x83,0x06,0x7b,0x06,0x73,0x66,0x83,0xe8,0x9b,0x86,0x8b,0x46,0x83,0xc7,0x9b,0x46,0x83,0x87,0x8b,0xa7,0x93,
    0x47,0x83,0x07,0x7b,0xe7,0x72,0xc6,0x6a,0x07,0x73,0xa8,0x93,0xe6,0x7a,0xc9,0x9b,0xa9,0x9b,0x27,0x83,0xc9,0x9b,0xc9,0xa3,
    0x69,0x93,0xe8,0x72,0x88,0x5a,0x27,0x4a,0x27,0x4a,0x26,0x42,0x27,0x4a,0x87,0x5a,0x88,0x5a,0x67,0x52,0x87,0x5a,0x47,0x4a,
    0x27,0x4a,0x67,0x52,0xea,0x62,0x47,0x52,0x27,0x4a,0x26,0x4a,0xe5,0x41,0x06,0x4a,0x47,0x52,0x47,0x5a,0x86,0x5a,0x87,0x62,
    0xa7,0x62,0xc8,0x6a,0xc8,0x6a,0x26,0x4a,0x29,0x73,0x4a,0x7b,0xe9,0x6a,0xc7,0x6a,0x49,0x83,0xa7,0x6a,0x48,0x8b,0x48,0x8b,
    0xa6,0x72,0x07,0x83,0x28,0x83,0x49,0x8b,0x86,0x5a,0xc7,0x6a,0xa7,0x6a,0x68,0x93,0x48,0x8b,0x06,0x7b,0x67,0x8b,0x87,0x93,
    0x47,0x8b,0xa4,0x62,0x25,0x83,0xa5,0x72,0x47,0x83,0x08,0x7b,0xc5,0x6a,0x88,0x93,0x4b,0xa4,0x85,0x62,0xe6,0x7a,0x0b,0x94,
    0x27,0x83,0xa9,0x8b,0x16,0xf7,0x12,0xd6,0x6a,0x8b,0x0f,0xb5,0xea,0x9b,0x4a,0xa4,0x87,0x5a,0x2b,0x9c,0x8b,0xac,0xea,0x9b,
    0x0b,0xa4,0x46,0x5a,0x46,0x5a,0x65,0x6a,0xe8,0xab,0xad,0xb4,0x2b,0xa4,0x47,0x8b,0xc5,0x62,0x23,0x4a,0xc2,0x31,0x69,0x83,
    0x66,0x6a,0x23,0x31,0xa1,0x18,0x60,0x10,0x83,0x41,0x43,0x39,0x63,0x31,0xe3,0x51,0xa3,0x49,0x02,0x29,0xe2,0x28,0xe2,0x28,
    0x42,0x39,0x43,0x39,0x42,0x31,0xc5,0x49,0xc4,0x49,0x43,0x39,0x04,0x52,0xc4,0x49,0x24,0x4a,0x85,0x62,0x04,0x4a,0xc3,0x41,
    0x04,0x42,0x65,0x52,0xa6,0x62,0xa5,0x62,0xe4,0x49,0x63,0x31,0x22,0x29,0x84,0x39,0x24,0x52,0x06,0x7b,0x67,0x83,0x26,0x83,
    0xe6,0x7a,0x26,0x7b,0x46,0x83,0x47,0x83,0x46,0x83,0xe6,0x72,0x07,0x7b,0xe6,0x6a,0xa5,0x5a,0x06,0x73,0x06,0x6b,0x67,0x83,
    0x87,0x8b,0x47,0x83,0x67,0x83,0xe5,0x6a,0x84,0x52,0xe5,0x62,0xe6,0x6a,0x06,0x73,0x07,0x7b,0x68,0x8b,0x87,0x83,0xa6,0x83,
    0xc5,0x6a,0x67,0x83,0x67,0x8b,0x05,0x7b,0x06,0x73,0xe6,0x72,0x46,0x7b,0xa8,0x8b,0x06,0x73,0x86,0x83,0xa7,0x93,0xe5,0x72,
    0x86,0x8b,0x46,0x83,0x66,0x8b,0x66,0x8b,0xa8,0x9b,0x87,0x8b,0x47,0x8b,0x88,0x8b,0x88,0x8b,0xa9,0x9b,0x68,0x8b,0x0a,0xac,
    0x88,0x9b,0xc9,0xa3,0x0a,0xac,0x0a,0xac,0x8b,0xbc,0x2a,0xb4,0xea,0xa3,0xc9,0xa3,0x89,0x93,0x89,0x93,0xaa,0x9b,0x89,0x93,
    0x89,0x9b,0x29,0x83,0xa7,0x6a,0xe8,0x72,0xc8,0x6a,0xa8,0x62,0xa7,0x62,0x28,0x7b,0x69,0x8b,0x89,0x93,0x28,0x83,0x08,0x7b,
    0x09,0x7b,0x48,0x7b,0xa7,0x6a,0x28,0x7b,0x28,0x83,0xe8,0x7a,0x28,0x7b,0x28,0x83,0x49,0x83,0x49,0x83,0x08,0x7b,0x48,0x8b,
    0xe7,0x7a,0x48,0x8b,0x68,0x93,0x47,0x8b,0x28,0x8b,0x48,0x8b,0x68,0x93,0x89,0x93,0xc7,0x6a,0xa6,0x6a,0xc6,0x72,0x68,0x8b,
    0x47,0x8b,0xe6,0x72,0x88,0x93,0x47,0x83,0x27,0x7b,0x85,0x6a,0x67,0x8b,0x26,0x83,0x48,0x7b,0x27,0x7b,0x06,0x7b,0x46,0x8b,
    0xe6,0x72,0xc6,0x6a,0x07,0x7b,0x2a,0x9c,0x88,0x8b,0xea,0x9b,0xf6,0xee,0xf2,0xd5,0x07,0x73,0x8d,0xac,0x88,0x8b,0x0a,0x9c,
    0x06,0x7b,0xe9,0x9b,0xe8,0xa3,0xa9,0x93,0xea,0x9b,0x87,0x6a,0x44,0x62,0xe5,0x82,0x88,0x93,0x0b,0x9c,0x89,0x8b,0xc9,0x93,
    0x83,0x62,0x81,0x29,0x45,0x52,0xc4,0x49,0x43,0x31,0x61,0x10,0xe1,0x20,0xa4,0x6a,0x05,0x73,0x03,0x52,0x45,0x5a,0xe4,0x49,
    0x03,0x52,0x05,0x6b,0x23,0x52,0xe4,0x49,0xc3,0x41,0x22,0x29,0xa4,0x41,0x63,0x39,0x40,0x08,0xa1,0x18,0x02,0x29,0x02,0x29,
    0x41,0x08,0x81,0x10,0x82,0x10,0x81,0x08,0xc2,0x18,0x41,0x00,0xe2,0x18,0x07,0x7b,0xa8,0x9b,0x47,0x83,0x06,0x73,0x85,0x62,
    0x23,0x31,0x22,0x29,0x83,0x39,0xc4,0x49,0xe4,0x49,0x85,0x6a,0x07,0x7b,0x88,0x93,0x09,0xa4,0x67,0x83,0xc6,0x62,0x07,0x6b,
    0x07,0x73,0x46,0x73,0xe6,0x6a,0x67,0x8b,0xa8,0x93,0x68,0x8b,0xa5,0x6a,0xa5,0x62,0xe6,0x72,0x88,0x93,0x67,0x8b,0xa9,0x93,
    0xe9,0xa3,0xc8,0x9b,0x88,0x8b,0x67,0x8b,0x67,0x83,0x67,0x93,0x87,0x8b,0x88,0x93,0xa8,0x93,0x26,0x7b,0x25,0x73,0x67,0x8b,
    0xe5,0x6a,0x84,0x5a,0x29,0xa4,0x66,0x83,0x26,0x7b,0xa7,0x93,0x67,0x8b,0x87,0x93,0x68,0x8b,0x68,0x8b,0x67,0x8b,0xc9,0x9b,
    0x67,0x93,0x27,0x83,0x67,0x93,0xe9,0xab,0x48,0x93,0xe9,0xa3,0x0a,0xac,0x0a,0xb4,0x2b,0xb4,0x2b,0xb4,0x2b,0xac,0xea,0xab,
    0xea,0xa3,0x0a,0xac,0x2b,0xb4,0x0b,0xb4,0x0a,0xac,0x0a,0xac,0xaa,0x9b,0x89,0x93,0x08,0x7b,0x28,0x83,0xaa,0x9b,0x0b,0xac,
    0x2a,0xac,0x0a,0xac,0x2b,0xac,0x2b,0xac,0x4b,0xb4,0x6b,0xbc,0x2b,0xb4,0x2a,0xb4,0xea,0xa3,0xa9,0x9b,0xea,0xa3,0xa9,0x9b,
    0xaa,0xa3,0x89,0x93,0xc9,0xa3,0x2b,0xac,0x0a,0xac,0x2a,0xac,0x0a,0xb4,0xa9,0xa3,0x89,0x9b,0x69,0x9b,0x68,0x93,0xa9,0x9b,
    0x47,0x8b,0x48,0x8b,0x47,0x83,0x47,0x83,0x68,0x8b,0x27,0x8b,0xa9,0x93,0xa8,0x9b,0x47,0x7b,0xa5,0x6a,0x87,0x93,0x66,0x8b,
    0x27,0x7b,0x86,0x62,0xa5,0x6a,0xe9,0xa3,0x2a,0xa4,0x24,0x5a,0x07,0x7b,0xc9,0x93,0x27,0x83,0x8c,0xb4,0x90,0xcd,0xeb,0x93,
    0x46,0x62,0x4c,0xac,0x88,0x93,0x09,0x9c,0xa8,0x93,0xac,0xb4,0x47,0x83,0x07,0x7b,0xca,0x9b,0x07,0x73,0x65,0x62,0xc4,0x7a,
    0xc8,0x9b,0xeb,0xa3,0x69,0x8b,0xaa,0x93,0x01,0x52,0xa4,0x6a,0x6c,0xa4,0x44,0x31,0x41,0x10,0xc1,0x20,0x43,0x5a,0x02,0x52,
    0xc2,0x49,0xc3,0x49,0xc5,0x49,0x01,0x21,0xc2,0x39,0x43,0x4a,0x61,0x31,0xa4,0x5a,0x65,0x62,0x43,0x39,0x22,0x29,0x82,0x39,
    0x22,0x29,0xc4,0x49,0x83,0x41,0xc2,0x18,0x83,0x31,0x22,0x21,0xa1,0x08,0x02,0x21,0x43,0x29,0xa1,0x10,0x02,0x21,0x43,0x31,
    0x86,0x62,0x45,0x5a,0x84,0x5a,0xa5,0x62,0xc6,0x6a,0xa6,0x72,0x65,0x5a,0xe4,0x49,0x43,0x39,0x22,0x31,0x43,0x31,0xa4,0x41,
    0xc6,0x72,0x27,0x83,0x68,0x83,0x27,0x7b,0x27,0x73,0x47,0x83,0x05,0x73,0xc8,0x9b,0x67,0x8b,0xe5,0x6a,0x24,0x52,0xc6,0x6a,
    0x06,0x7b,0xa5,0x62,0x48,0x83,0xa8,0x93,0x68,0x8b,0x68,0x93,0x89,0x93,0xc9,0x9b,0xa9,0x93,0x88,0x93,0xa9,0xa3,0xe9,0xa3,
    0x67,0x83,0x25,0x6b,0x06,0x7b,0x87,0x8b,0x47,0x8b,0xc6,0x6a,0x06,0x73,0x26,0x7b,0x86,0x8b,0xe8,0xa3,0xc9,0xa3,0x88,0x93,
    0xc9,0x9b,0x67,0x8b,0x47,0x8b,0x68,0x8b,0x48,0x8b,0x68,0x8b,0xa9,0x9b,0xa9,0xa3,0xca,0xab,0x0a,0xac,0x0a,0xb4,0x0b,0xb4,
    0x0a,0xac,0xea,0xab,0xea,0xab,0x0a,0xac,0x0b,0xac,0xea,0xab,0xea,0xa3,0xea,0xa3,0xea,0xab,0x0b,0xac,0x2b,0xb4,0xa9,0x9b,
    0x29,0x8b,0x49,0x8b,0x89,0x9b,0x89,0x9b,0x69,0x93,0x89,0x9b,0xca,0xa3,0xea,0xab,0x2b,0xb4,0x4b,0xb4,0x2a,0xbc,0x6b,0xbc,
    0x2b,0xb4,0x4b,0xb4,0x4b,0xb4,0x4b,0xbc,0x4b,0xb4,0x0a,0xac,0xea,0xab,0x4b,0xb4,0x6b,0xbc,0x4b,0xbc,0x4a,0xb4,0x2a,0xb4,
    0xea,0xa3,0xc9,0xa3,0x68,0x93,0x89,0x9b,0x88,0x9b,0xa9,0x93,0x47,0x8b,0x89,0x93,0x88,0x9b,0x68,0x93,0xa9,0x9b,0x68,0x93,
    0x47,0x83,0x85,0x6a,0x84,0x6a,0x47,0x8b,0x67,0x8b,0x06,0x73,0xe5,0x72,0xa7,0x93,0x48,0x83,0x24,0x5a,0xa5,0x6a,0x0b,0x94,
    0x26,0x8b,0x8c,0xac,0xf2,0xd5,0xeb,0x93,0x66,0x62,0x4c,0xac,0xe8,0x9b,0xa7,0x9b,0x07,0x7b,0x4b,0xa4,0xa9,0x9b,0x48,0x8b,
    0x48,0x8b,0x06,0x7b,0x46,0x83,0x46,0x8b,0xa8,0x9b,0x69,0x93,0x68,0x8b,0x89,0x93,0x82,0x72,0x67,0x8b,0x29,0x73,0xa1,0x18,
    0xc2,0x18,0x64,0x6a,0x23,0x52,0xc3,0x49,0x82,0x49,0x86,0x6a,0x25,0x5a,0xa5,0x62,0x44,0x52,0x23,0x4a,0xa5,0x62,0x65,0x62,
    0xc3,0x49,0x83,0x39,0x83,0x39,0xc4,0x41,0x23,0x52,0x85,0x6a,0x04,0x52,0xe3,0x41,0x45,0x5a,0x62,0x31,0x62,0x29,0xe6,0x72,
    0xe7,0x7a,0x02,0x21,0x45,0x5a,0x43,0x31,0x63,0x31,0xa5,0x6a,0x44,0x52,0x65,0x5a,0xe6,0x72,0x27,0x83,0xc6,0x72,0x68,0x8b,
    0x27,0x8b,0x48,0x8b,0x47,0x8b,0x05,0x52,0x02,0x29,0xa4,0x41,0x43,0x31,0x04,0x4a,0x07,0x73,0x47,0x83,0x67,0x8b,0xe8,0xa3,
    0x67,0x8b,0x47,0x8b,0x06,0x73,0x44,0x5a,0x85,0x62,0x48,0x83,0x27,0x7b,0x07,0x7b,0x27,0x83,0x68,0x8b,0xc9,0xa3,0xc9,0xa3,
    0xc9,0xa3,0xea,0xab,0xea,0xab,0xe9,0xa3,0x84,0x5a,0x44,0x52,0x46,0x83,0x46,0x7b,0xe6,0x72,0xc6,0x6a,0x27,0x7b,0x88,0x93,
    0x88,0x93,0xa8,0x9b,0xe9,0xa3,0x0a,0xac,0xa8,0x9b,0x27,0x83,0x89,0x93,0xa8,0x9b,0x89,0x93,0x88,0x93,0x89,0x9b,0x68,0x93,
    0x68,0x9b,0xa9,0xa3,0xea,0xab,0xea,0xa3,0xa9,0xa3,0xa9,0x9b,0xc9,0xa3,0xca,0xa3,0xea,0xab,0xa9,0x9b,0x68,0x9b,0x48,0x8b,
    0x48,0x8b,0xc9,0xa3,0x0b,0xac,0xea,0xa3,0x28,0x8b,0xc7,0x72,0xe8,0x7a,0xc7,0x72,0xc7,0x7a,0x08,0x83,0x07,0x83,0x28,0x8b,
    0x48,0x93,0x88,0x9b,0xca,0xa3,0x0a,0xac,0x2b,0xb4,0x2b,0xb4,0x6b,0xbc,0x8b,0xbc,0x6b,0xbc,0x0a,0xb4,0xea,0xab,0x0a,0xac,
    0x0a,0xac,0xe9,0xa3,0x2b,0xb4,0x2a,0xb4,0x4b,0xb4,0x6b,0xbc,0x6b,0xbc,0x0a,0xac,0xc9,0xa3,0x28,0x93,0x48,0x93,0x48,0x93,
    0x89,0x9b,0x88,0x9b,0x88,0x9b,0xc9,0x9b,0x68,0x93,0x26,0x7b,0xa5,0x72,0x26,0x83,0x27,0x83,0x26,0x8b,0x67,0x93,0xe9,0x9b,
    0xe7,0x7a,0xe6,0x72,0xe6,0x7a,0x2a,0x9c,0x47,0x8b,0xad,0xb4,0x0f,0xbd,0x28,0x83,0x66,0x62,0xa9,0x93,0x88,0x8b,0xa8,0x9b,
    0x07,0x7b,0x0b,0x9c,0xe9,0x9b,0xc6,0x7a,0x69,0x8b,0x85,0x6a,0x66,0x93,0x05,0x8b,0xa8,0xa3,0x68,0x93,0x48,0x8b,0xa9,0x9b,
    0x24,0x83,0x2c,0xa4,0xa5,0x41,0x41,0x08,0x42,0x29,0x44,0x52,0x03,0x4a,0xc2,0x49,0x24,0x62,0xe4,0x51,0x47,0x83,0x68,0x93,
    0x06,0x7b,0xa5,0x6a,0x24,0x5a,0x63,0x39,0xa3,0x39,0xe2,0x20,0xc1,0x18,0x06,0x73,0x87,0x8b,0x06,0x73,0x83,0x39,0x65,0x62,
    0x06,0x73,0xa5,0x6a,0xa8,0x93,0x06,0x83,0x85,0x62,0x64,0x5a,0xe6,0x72,0x83,0x39,0x23,0x31,0x27,0x83,0x47,0x83,0x46,0x7b,
    0x26,0x73,0xe6,0x7a,0xe6,0x7a,0x27,0x83,0x07,0x83,0x68,0x93,0xa9,0x9b,0x27,0x83,0x07,0x83,0x29,0xac,0xe6,0x72,0x83,0x39,
    0xe2,0x18,0xc4,0x49,0x68,0x8b,0x87,0x93,0x47,0x8b,0x87,0x93,0xe9,0x9b,0xe5,0x6a,0xa9,0x9b,0x88,0x93,0x85,0x62,0x48,0x8b,
    0xca,0x9b,0x0a,0xac,0x0a,0xac,0xa9,0x9b,0x88,0x93,0xa9,0x9b,0x89,0x9b,0xa9,0x9b,0x43,0x4a,0x44,0x52,0x26,0x7b,0x84,0x62,
    0x03,0x4a,0xa6,0x6a,0xe6,0x7a,0x68,0x8b,0x68,0x93,0xe9,0xa3,0xa8,0x9b,0xea,0xab,0x89,0x9b,0xa9,0x9b,0xea,0xab,0xea,0xa3,
    0x89,0xa3,0x89,0x9b,0x88,0x9b,0x08,0x8b,0x48,0x8b,0x89,0x9b,0xca,0xa3,0xca,0xab,0xea,0xa3,0xc9,0xa3,0xca,0xa3,0x0a,0xac,
    0x2b,0xb4,0x0a,0xac,0xca,0x9b,0xc9,0x9b,0xa9,0xa3,0xea,0xa3,0xc9,0xa3,0xea,0xab,0x68,0x8b,0x66,0x62,0xa7,0x6a,0x08,0x83,
    0xc9,0x9b,0x89,0x9b,0x28,0x83,0xc7,0x7a,0xa7,0x72,0x86,0x6a,0xe7,0x7a,0x48,0x93,0xca,0xa3,0xea,0xab,0x0a,0xb4,0x2a,0xb4,
    0x0a,0xac,0xc9,0xa3,0x88,0x9b,0xc9,0xa3,0xa9,0x9b,0x68,0x9b,0xa9,0x9b,0xc9,0xa3,0x0a,0xb4,0x4a,0xb4,0x4b,0xbc,0x2a,0xb4,
    0x0a,0xac,0xa9,0xa3,0x48,0x93,0xe7,0x8a,0x47,0x8b,0x28,0x8b,0x07,0x83,0x68,0x8b,0x47,0x8b,0x67,0x8b,0x68,0x8b,0x26,0x83,
    0x67,0x93,0x88,0x9b,0x87,0x93,0xc8,0x9b,0x47,0x8b,0x47,0x8b,0x26,0x8b,0xc8,0x9b,0xc8,0x9b,0x8b,0xb4,0xea,0x9b,0x48,0x8b,
    0x45,0x5a,0x48,0x83,0x2a,0xac,0x67,0x93,0x67,0x8b,0x09,0xac,0xa8,0x9b,0x07,0x83,0x68,0x8b,0x65,0x6a,0xa5,0x72,0x46,0x8b,
    0x26,0x93,0x47,0x93,0x28,0x8b,0xa9,0x9b,0x09,0x94,0x2b,0xa4,0xc1,0x18,0xc2,0x20,0x03,0x4a,0xa2,0x31,0xe3,0x41,0x65,0x6a,
    0x24,0x5a,0xa4,0x49,0x44,0x5a,0xc6,0x72,0xc6,0x7a,0xc4,0x51,0xe2,0x18,0xe2,0x20,0xc4,0x49,0x03,0x52,0x02,0x29,0x83,0x39,
    0x45,0x5a,0xe5,0x72,0xe3,0x41,0x24,0x52,0xa4,0x6a,0xe5,0x72,0x44,0x52,0x23,0x52,0x43,0x4a,0x64,0x5a,0xa7,0x93,0xe6,0x7a,
    0xc3,0x49,0xc6,0x6a,0x05,0x73,0x06,0x73,0xe5,0x6a,0x46,0x7b,0x27,0x8b,0x48,0x8b,0xa5,0x72,0xe6,0x7a,0x27,0x8b,0x85,0x6a,
    0xc6,0x72,0x88,0x93,0x06,0x73,0x05,0x73,0xa5,0x62,0x04,0x5a,0x45,0x62,0x68,0x93,0x67,0x8b,0x68,0x93,0xa8,0x93,0xc5,0x72,
    0xe6,0x7a,0x28,0x8b,0x28,0x8b,0x47,0x8b,0xa9,0xa3,0xc9,0xa3,0xa9,0x9b,0x26,0x7b,0x06,0x6b,0x07,0x83,0x88,0x9b,0xc9,0xab,
    0x67,0x8b,0xe5,0x7a,0x67,0x93,0xa6,0x72,0xa6,0x72,0x07,0x83,0x86,0x6a,0x65,0x62,0x27,0x7b,0x27,0x8b,0x06,0x83,0xea,0xa3,
    0xea,0xab,0x0a,0xac,0x0a,0xb4,0xea,0xb3,0xe9,0xab,0x0a,0xac,0xea,0xab,0xca,0xa3,0xca,0xa3,0xc9,0xa3,0xc9,0xa3,0xea,0xab,
    0x0a,0xac,0xeb,0xab,0x0a,0xac,0x0b,0xac,0x2b,0xb4,0x2b,0xb4,0x4b,0xbc,0x4b,0xb4,0x2b,0xb4,0x2b,0xb4,0x88,0x9b,0xca,0x9b,
    0x88,0x93,0x28,0x83,0x28,0x8b,0xea,0xa3,0x0a,0xac,0xea,0xab,0xc9,0x9b,0x49,0x8b,0xc8,0x72,0x66,0x62,0x87,0x6a,0x28,0x8b,
    0x89,0x9b,0xea,0xab,0xea,0xa3,0xea,0xab,0xe9,0xa3,0xe9,0xa3,0xea,0xa3,0xe9,0xa3,0x0a,0xac,0xea,0xa3,0xc9,0x9b,0x07,0x8b,
    0x47,0x8b,0xa9,0x9b,0xc9,0xa3,0x0a,0xac,0xea,0xab,0xc9,0xa3,0x68,0x93,0x68,0x93,0x68,0x93,0xc9,0x9b,0xa9,0x9b,0x68,0x8b,
    0xc9,0x9b,0xa8,0x9b,0xa8,0x9b,0xa8,0x9b,0xe9,0xa3,0xa8,0x9b,0xe9,0xab,0x2a,0xb4,0xe9,0xa3,0xe9,0xa3,0xc9,0xa3,0xc8,0xab,
    0x2a,0xac,0x6a,0xbc,0x4a,0xac,0x88,0x93,0x06,0x7b,0x09,0xa4,0xe9,0x9b,0x68,0x93,0x67,0x8b,0xe9,0xa3,0xc8,0xa3,0xc8,0x9b,
    0x0a,0xa4,0xc5,0x72,0xa6,0x72,0xc8,0xa3,0x47,0x93,0x68,0x93,0x89,0x9b,0x88,0x9b,0xd0,0xd5,0xc8,0x72,0x20,0x00,0x43,0x31,
    0xc3,0x41,0x44,0x52,0xa3,0x41,0xe7,0x7a,0x83,0x39,0xc4,0x49,0x44,0x62,0x05,0x52,0x42,0x39,0x23,0x29,0x22,0x29,0x65,0x6a,
    0xe5,0x7a,0x26,0x83,0xc2,0x39,0x43,0x42,0x82,0x39,0xc1,0x18,0xa3,0x39,0x62,0x31,0xc3,0x41,0xa2,0x31,0xc2,0x39,0xe3,0x41,
    0xa4,0x62,0x06,0x7b,0x88,0x93,0xe6,0x7a,0x85,0x6a,0x65,0x5a,0xe6,0x72,0x27,0x7b,0xe6,0x6a,0x85,0x62,0x07,0x7b,0x06,0x83,
    0x27,0x8b,0xe6,0x7a,0x06,0x7b,0x86,0x6a,0xc6,0x7a,0x26,0x7b,0xe5,0x72,0x26,0x7b,0x48,0x8b,0x47,0x8b,0xa6,0x72,0xe6,0x7a,
    0x47,0x93,0x88,0x93,0x67,0x93,0x47,0x93,0x07,0x83,0x28,0x8b,0x48,0x93,0x88,0x93,0x89,0x9b,0x68,0x93,0x26,0x7b,0x06,0x73,
    0x26,0x7b,0xc6,0x7a,0xe6,0x7a,0xc9,0xa3,0xa8,0xa3,0xc9,0xa3,0xe9,0xab,0x47,0x93,0x68,0x9b,0xe9,0xab,0x87,0x93,0x06,0x83,
    0x68,0x93,0x06,0x83,0x68,0x93,0x0a,0xb4,0x0a,0xac,0x89,0x9b,0x67,0x93,0xea,0xab,0xe9,0xab,0x0a,0xb4,0xea,0xab,0xea,0xab,
    0xea,0xab,0xea,0xab,0xca,0xab,0xca,0xab,0xca,0xab,0xca,0xa3,0xea,0xab,0x2b,0xb4,0x2b,0xb4,0x0a,0xac,0x0b,0xb4,0x2b,0xb4,
    0x0a,0xac,0xea,0xab,0xca,0xa3,0xc9,0xa3,0x89,0x9b,0xc9,0xa3,0xea,0xab,0xea,0xb3,0x0a,0xac,0xca,0xab,0xa9,0x9b,0x68,0x93,
    0x07,0x7b,0xa7,0x6a,0xa7,0x6a,0x07,0x83,0x68,0x93,0xca,0xa3,0x0a,0xb4,0x2b,0xb4,0x0a,0xac,0x2a,0xb4,0x2a,0xac,0x6b,0xbc,
    0x6b,0xbc,0x6b,0xbc,0x2a,0xb4,0xc9,0x9b,0x47,0x8b,0x27,0x83,0x68,0x93,0x88,0x9b,0x68,0x93,0x89,0x9b,0xa9,0xa3,0x2b,0xac,
    0x2b,0xb4,0x4b,0xb4,0x2b,0xb4,0x2a,0xb4,0xea,0xab,0xe9,0xa3,0x09,0xac,0x0a,0xa4,0x09,0xac,0x0a,0xb4,0x09,0xac,0x4a,0xb4,
    0xe9,0xa3,0xc9,0xa3,0x2a,0xb4,0x0a,0xb4,0x4a,0xbc,0x6a,0xbc,0x4a,0xb4,0xe8,0xa3,0x87,0x8b,0xc8,0x9b,0xa7,0x93,0x68,0x8b,
    0x68,0x93,0x68,0x8b,0xc9,0xa3,0x4a,0xb4,0xe9,0xab,0x68,0x93,0x27,0x93,0xe8,0xab,0xe9,0xab,0xa8,0xa3,0xc9,0xab,0xe9,0xab,
    0x11,0xe6,0xa4,0x41,0x60,0x08,0xe3,0x49,0xc2,0x41,0x03,0x42,0x85,0x62,0xa6,0x72,0x02,0x29,0xa3,0x41,0xe5,0x51,0x63,0x39,
    0x02,0x29,0xc4,0x49,0xa5,0x6a,0x63,0x6a,0xe2,0x51,0x82,0x39,0x81,0x31,0x25,0x73,0x84,0x7b,0x62,0x39,0x82,0x08,0x63,0x31,
    0x62,0x31,0x82,0x31,0xe5,0x72,0x26,0x83,0x47,0x8b,0x47,0x8b,0x07,0x8b,0xa5,0x72,0xe7,0x7a,0x44,0x5a,0x26,0x73,0x07,0x7b,
    0x68,0x8b,0x86,0x6a,0x46,0x62,0x65,0x62,0x27,0x93,0xe6,0x7a,0x27,0x8b,0x86,0x6a,0xe6,0x7a,0x27,0x83,0xe6,0x72,0x47,0x8b,
    0x68,0x9b,0x47,0x93,0x88,0x9b,0x2a,0xb4,0x47,0x93,0x67,0x93,0xa9,0xa3,0x47,0x93,0x88,0x9b,0xa9,0x9b,0x88,0x9b,0xa9,0xa3,
    0x68,0x93,0x68,0x93,0x47,0x83,0x26,0x7b,0x27,0x8b,0x07,0x83,0x27,0x93,0x88,0x9b,0x87,0x9b,0x88,0xa3,0x47,0x9b,0xc8,0xa3,
    0xc9,0xa3,0xa8,0xa3,0x87,0x93,0x68,0x93,0x47,0x8b,0x47,0x93,0x88,0x9b,0xea,0xab,0xc9,0xa3,0x48,0x93,0x68,0x93,0xa9,0xab,
    0xc9,0xab,0xe9,0xab,0xca,0xa3,0xa9,0xa3,0xa9,0xa3,0xca,0xab,0xaa,0xab,0xa9,0xa3,0xaa,0xab,0x89,0xa3,0xc9,0xab,0x0a,0xb4,
    0xea,0xab,0xca,0xab,0xea,0xab,0xea,0xab,0xca,0xab,0xca,0xab,0xc9,0xa3,0xa9,0xa3,0xa9,0xab,0xea,0xab,0xc9,0xab,0xea,0xb3,
    0xea,0xab,0xc9,0xab,0xa9,0xa3,0xa9,0x9b,0x28,0x8b,0xe7,0x7a,0x87,0x6a,0x86,0x62,0xc7,0x72,0x89,0x9b,0x2b,0xb4,0x2b,0xb4,
    0x4a,0xb4,0x4b,0xb4,0x2a,0xb4,0x4b,0xbc,0x6b,0xbc,0x4b,0xb4,0x6b,0xbc,0x0a,0xac,0xa9,0x9b,0x89,0x9b,0xa9,0xa3,0x89,0x9b,
    0x88,0x9b,0xa9,0x9b,0xa9,0xa3,0xca,0xa3,0xea,0xab,0x0a,0xb4,0xea,0xab,0x0a,0xac,0xe9,0xa3,0x0a,0xac,0x6a,0xbc,0x4a,0xb4,
    0x4a,0xb4,0x2a,0xb4,0x49,0xb4,0x29,0xac,0xe9,0xab,0xe9,0xa3,0xe9,0xab,0x09,0xac,0x6b,0xbc,0x29,0xb4,0xe8,0xa3,0xc8,0x9b,
    0xc8,0x9b,0x87,0x8b,0x67,0x8b,0x46,0x7b,0x06,0x7b,0x06,0x83,0xc9,0xa3,0x0a,0xac,0xc9,0xab,0x68,0x9b,0x88,0x9b,0xc9,0xab,
    0xc9,0xab,0xa8,0xa3,0xe9,0xab,0xea,0xab,0xac,0xbc,0xe2,0x28,0xc1,0x20,0x63,0x62,0xe3,0x41,0x44,0x52,0xe7,0x7a,0x05,0x52,
    0xa4,0x41,0xe4,0x49,0x64,0x5a,0xe4,0x49,0x22,0x29,0x44,0x52,0x03,0x52,0x63,0x62,0xa4,0x6a,0xa4,0x5a,0x43,0x62,0x84,0x72,
    0xa5,0x83,0xa5,0x62,0x63,0x39,0x63,0x31,0xe4,0x41,0x04,0x5a,0x24,0x5a,0x45,0x62,0x45,0x62,0x27,0x8b,0x06,0x83,0x07,0x83,
    0x68,0x9b,0x45,0x62,0xc6,0x72,0x07,0x7b,0x28,0x83,0x28,0x83,0xa7,0x72,0x86,0x6a,0x68,0x93,0x27,0x8b,0xe7,0x7a,0xe7,0x7a,
    0x68,0x93,0x47,0x8b,0xe6,0x82,0x88,0x9b,0x88,0x9b,0x68,0xa3,0xc9,0xa3,0x0a,0xb4,0xc9,0xab,0xe8,0xab,0x89,0xa3,0xa8,0xa3,
    0xc9,0xa3,0x68,0xa3,0x68,0x9b,0x69,0x9b,0x68,0x9b,0xa9,0x9b,0x88,0x9b,0x68,0x93,0x88,0x9b,0xc8,0x9b,0xa9,0xa3,0xa8,0xa3,
    0x88,0x9b,0x87,0x9b,0x67,0x9b,0x88,0x9b,0x88,0xa3,0x88,0x9b,0x47,0x8b,0x88,0x93,0x67,0x93,0x69,0x9b,0x88,0x9b,0xa9,0xa3,
    0x88,0x9b,0x48,0x93,0x68,0x9b,0x68,0x9b,0x89,0xa3,0xc9,0xa3,0x89,0xa3,0x68,0x9b,0x89,0x9b,0x89,0xa3,0xa9,0xa3,0xaa,0xa3,
    0xa9,0xab,0xa9,0xa3,0xca,0xab,0xea,0xb3,0xa9,0xa3,0xa9,0xab,0x89,0xa3,0xaa,0xab,0xa9,0xab,0xa9,0xa3,0x8a,0xab,0xa9,0xa3,
    0x89,0xa3,0x89,0xa3,0xa9,0xab,0xc9,0xab,0xa9,0xa3,0x89,0xa3,0xa9,0xa3,0x89,0xab,0x68,0x9b,0x28,0x8b,0xe7,0x7a,0x86,0x62,
    0xe7,0x72,0x89,0x93,0xea,0xab,0xea,0xa3,0xca,0xab,0xc9,0xab,0xc9,0xab,0xea,0xab,0x2a,0xb4,0x4b,0xbc,0x4a,0xb4,0x0a,0xb4,
    0xa9,0xa3,0xa9,0xa3,0xa9,0xa3,0xa8,0x9b,0xaa,0xa3,0xa9,0xa3,0xc9,0xa3,0xa9,0xa3,0xa9,0xa3,0xc9,0xa3,0xca,0xa3,0xea,0xab,
    0xe9,0xa3,0x09,0xac,0x4a,0xb4,0x29,0xb4,0x2a,0xb4,0x09,0xa4,0x49,0xb4,0xe8,0xa3,0xa8,0x9b,0xa8,0x9b,0xa8,0xa3,0xe9,0xab,
    0xe9,0xab,0xc9,0xa3,0xa7,0x93,0x88,0x93,0x87,0x8b,0x68,0x93,0x26,0x83,0x27,0x83,0x26,0x83,0x67,0x8b,0xc8,0xa3,0xe9,0xab,
    0xc8,0xa3,0x88,0x9b,0xc9,0xa3,0xe9,0xb3,0xc9,0xab,0xc9,0xab,0xa9,0xab,0xc9,0xab,0x69,0x8b,0x61,0x10,0x22,0x29,0x02,0x21,
    0x83,0x31,0xa3,0x39,0xe4,0x49,0x25,0x5a,0xc4,0x49,0x44,0x5a,0x84,0x5a,0x22,0x29,0x44,0x52,0xe3,0x41,0x62,0x31,0xc2,0x41,
    0x44,0x52,0x66,0x7b,0xa4,0x72,0x42,0x39,0x21,0x31,0x04,0x4a,0x03,0x52,0xa3,0x41,0x43,0x29,0x83,0x39,0xe6,0x82,0xa5,0x72,
    0xe4,0x59,0xa3,0x49,0x04,0x5a,0xc6,0x7a,0x68,0x9b,0xa5,0x72,0x25,0x5a,0xa6,0x72,0xc6,0x72,0x69,0x8b,0x27,0x7b,0x07,0x83,
    0x47,0x93,0x48,0x93,0x27,0x8b,0x27,0x8b,0x68,0x93,0x47,0x93,0x07,0x8b,0xa8,0xa3,0x88,0xa3,0xa8,0xa3,0xc9,0xab,0xc8,0xab,
    0x88,0xa3,0xc8,0xab,0xe8,0xb3,0xc9,0xab,0x88,0xa3,0x68,0x9b,0x88,0x9b,0xa8,0xa3,0x88,0x9b,0x88,0x9b,0x89,0xa3,0xa8,0xa3,
    0xa8,0xa3,0xc9,0xab,0xa8,0xa3,0xa8,0xa3,0x88,0xa3,0xa8,0xa3,0x88,0x9b,0x67,0xa3,0x88,0xa3,0xa8,0xa3,0xa8,0x9b,0xc9,0xab,
    0xc9,0xa3,0x48,0x93,0x27,0x8b,0x48,0x93,0x48,0x93,0x07,0x8b,0x68,0x93,0x48,0x9b,0x88,0x9b,0x89,0xa3,0x07,0x8b,0x28,0x93,
    0x89,0x9b,0x68,0x9b,0xa9,0xa3,0xca,0xab,0xa9,0xa3,0xa9,0xab,0xe9,0xab,0xa9,0xa3,0xa9,0xa3,0xa9,0xab,0xaa,0xab,0xc9,0xab,
    0x89,0xa3,0xca,0xa3,0xa9,0xa3,0x89,0xa3,0x68,0xa3,0x69,0xa3,0x88,0xa3,0xca,0xa3,0x89,0xa3,0x89,0xa3,0xa9,0xab,0x89,0x9b,
    0x69,0x9b,0x88,0x9b,0x28,0x8b,0xa7,0x72,0xe7,0x7a,0x48,0x8b,0x89,0xa3,0x89,0x9b,0x68,0x9b,0x68,0x9b,0x69,0xa3,0x88,0xa3,
    0xc9,0xa3,0xe9,0xab,0xea,0xab,0xc9,0xab,0xa9,0xab,0xa8,0xa3,0x68,0x9b,0x68,0xa3,0x89,0x9b,0x89,0xa3,0xa9,0xa3,0x89,0x9b,
    0xa9,0x9b,0x89,0x9b,0xa9,0xa3,0xa9,0xa3,0xea,0xab,0xe9,0xab,0xe9,0xab,0x0a,0xac,0x29,0xac,0xe8,0xa3,0xe7,0xa3,0xa8,0x9b,
    0x87,0x9b,0x88,0x93,0x88,0x9b,0x87,0x9b,0x88,0x9b,0x88,0x9b,0x88,0x9b,0xa9,0xa3,0xc9,0xa3,0x88,0x9b,0x47,0x93,0x68,0x93,
    0xa9,0x9b,0xa9,0xa3,0xa9,0xab,0xa9,0xab,0x88,0xa3,0x88,0xa3,0xc9,0xab,0xc9,0xab,0xc9,0xab,0xa9,0xab,0xc8,0xab,0xa8,0xa3,
    0x46,0x52,0xa1,0x18,0xe2,0x20,0x42,0x29,0xe1,0x18,0x83,0x31,0x25,0x52,0x43,0x31,0x22,0x31,0x64,0x5a,0x83,0x41,0x23,0x5a,
    0xc2,0x41,0x01,0x21,0xa2,0x39,0x03,0x52,0x63,0x6a,0x43,0x62,0x03,0x52,0x43,0x5a,0x43,0x52,0x43,0x52,0xc2,0x41,0x63,0x39,
    0x22,0x29,0x22,0x29,0x24,0x62,0xc5,0x7a,0x06,0x83,0x24,0x62,0x65,0x6a,0x24,0x62,0xc7,0x7a,0x27,0x93,0x66,0x62,0xa6,0x72,
    0xe7,0x7a,0xc6,0x6a,0xc6,0x7a,0xe6,0x7a,0x27,0x83,0x68,0x9b,0x47,0x8b,0x26,0x8b,0x88,0xa3,0x47,0x93,0x67,0x93,0x88,0xa3,
    0x88,0xa3,0xa8,0xa3,0xe9,0xab,0x88,0xa3,0x67,0x9b,0xe9,0xb3,0xa8,0xb3,0xa8,0xa3,0xc9,0xab,0xa8,0xa3,0xa8,0xa3,0x89,0xa3,
    0x88,0xa3,0x88,0xa3,0xa9,0xa3,0xc8,0xab,0xc8,0xab,0xc9,0xa3,0xe9,0xab,0x88,0xa3,0xa8,0xa3,0x88,0xa3,0x88,0x9b,0x68,0x9b,
    0xc9,0xa3,0xe9,0xab,0x0a,0xac,0xa8,0xa3,0x89,0x9b,0x27,0x8b,0xe7,0x8a,0x07,0x8b,0x47,0x93,0x27,0x93,0xe6,0x82,0x06,0x83,
    0x07,0x8b,0x27,0x93,0xe7,0x82,0x07,0x8b,0x89,0xa3,0x88,0x9b,0x89,0xa3,0xa9,0xab,0xe9,0xab,0xca,0xa3,0xc9,0xab,0xca,0xab,
    0xa9,0xab,0x89,0xa3,0xaa,0xa3,0x89,0xa3,0x88,0xa3,0x89,0xa3,0xa9,0xa3,0x89,0x9b,0x68,0x9b,0x69,0x9b,0x89,0xa3,0xa9,0xab,
    0x69,0xa3,0x89,0xa3,0x69,0xa3,0x89,0xa3,0x89,0xa3,0x69,0xa3,0x48,0x93,0x28,0x8b,0x08,0x83,0x08,0x83,0x07,0x8b,0x07,0x8b,
    0x48,0x93,0x28,0x93,0x47,0x93,0x48,0x93,0x48,0x9b,0x48,0x9b,0x48,0x93,0x68,0x9b,0xa9,0xa3,0x68,0x9b,0x47,0x9b,0x28,0x93,
    0x68,0x9b,0x88,0x9b,0x89,0x9b,0x48,0x9b,0x68,0x9b,0x69,0x9b,0x88,0x9b,0x89,0x9b,0xa9,0xa3,0xa9,0xa3,0xc9,0xa3,0xe9,0xab,
    0xa9,0x9b,0xc7,0x9b,0xa8,0x9b,0x68,0x93,0x27,0x93,0x68,0x93,0x88,0x9b,0x68,0x9b,0xa9,0xa3,0xa9,0xa3,0xa8,0xa3,0xa9,0xa3,
    0xa8,0xa3,0xa9,0xa3,0x88,0x9b,0x88,0xa3,0xa9,0xab,0xa8,0xa3,0xc9,0xab,0xa9,0xa3,0x88,0xa3,0x68,0xa3,0x87,0xa3,0xa9,0xab,
    0xc9,0xab,0xa8,0xa3,0x88,0xa3,0xa9,0xa3,0x61,0x08,0x81,0x10,0xa2,0x39,0x23,0x52,0xe5,0x49,0xa4,0x41,0x04,0x52,0xe2,0x20,
    0x63,0x39,0x83,0x39,0xa3,0x41,0xc3,0x49,0xe3,0x49,0xe6,0x7a,0xa2,0x49,0x82,0x41,0xa3,0x41,0x22,0x31,0xc3,0x51,0x83,0x62,
    0xe4,0x6a,0xc2,0x39,0x03,0x4a,0x85,0x62,0xe3,0x51,0x62,0x31,0xc5,0x7a,0x27,0x93,0x27,0x93,0x85,0x72,0x26,0x83,0x47,0x8b,
    0x24,0x5a,0x25,0x62,0x28,0x8b,0x25,0x5a,0xe6,0x7a,0xe6,0x72,0x07,0x7b,0xe7,0x7a,0xc6,0x7a,0xa8,0xa3,0x27,0x93,0x26,0x93,
    0xa8,0xa3,0x27,0x93,0x88,0x9b,0x67,0xa3,0x88,0xa3,0xa8,0xab,0xa8,0xa3,0x88,0xa3,0x47,0x9b,0x87,0xa3,0x68,0xa3,0x88,0xa3,
    0xa8,0xa3,0xa8,0xa3,0x88,0xa3,0x47,0x9b,0x67,0x9b,0x67,0x9b,0xa8,0xa3,0xc9,0xb3,0xa8,0xa3,0xa7,0x9b,0xe8,0xab,0xa8,0x9b,
    0x88,0xa3,0x88,0xa3,0x67,0x9b,0xa8,0xa3,0xc8,0xab,0xa8,0xa3,0x67,0x9b,0x48,0x93,0x68,0x9b,0x68,0x93,0x27,0x93,0x28,0x93,
    0x67,0x93,0x26,0x83,0x27,0x83,0x27,0x8b,0xe7,0x8a,0x47,0x93,0x07,0x8b,0x28,0x93,0x68,0x93,0x69,0x9b,0x89,0xa3,0xe9,0xab,
    0xca,0xab,0xc9,0xa3,0xc9,0xab,0xa9,0xa3,0xca,0xab,0x89,0xa3,0x68,0x9b,0xc6,0x82,0x05,0x62,0xc6,0x7a,0x28,0x93,0x28,0x8b,
    0xc7,0x82,0x28,0x93,0x89,0xa3,0x89,0x9b,0xa9,0xa3,0xa9,0xa3,0x68,0xa3,0x68,0xa3,0x68,0x9b,0x89,0xa3,0x68,0x9b,0x48,0x93,
    0xe7,0x7a,0xa7,0x72,0xe8,0x7a,0xe7,0x7a,0xe7,0x82,0x08,0x83,0xe7,0x82,0xc7,0x82,0x27,0x8b,0x07,0x8b,0x07,0x93,0x27,0x8b,
    0x48,0x93,0x28,0x93,0x27,0x93,0x28,0x93,0x27,0x93,0x48,0x93,0x48,0x9b,0x48,0x93,0x27,0x93,0x68,0x9b,0x48,0x9b,0x48,0x9b,
    0x68,0x9b,0x68,0x9b,0x89,0x9b,0xa9,0xa3,0x89,0xa3,0x88,0x9b,0x48,0x93,0x47,0x93,0x07,0x8b,0x28,0x93,0x48,0x9b,0x68,0x9b,
    0x88,0x9b,0x88,0xa3,0xa9,0xa3,0x89,0xa3,0xa9,0xa3,0x89,0xa3,0xc9,0xa3,0xa9,0xa3,0xa9,0xa3,0xa9,0xa3,0xa8,0xa3,0xa9,0xa3,
    0x88,0xa3,0xc9,0xa3,0x88,0xa3,0xa8,0xa3,0xa9,0xa3,0xa8,0xa3,0xa8,0xa3,0x88,0xa3,0x81,0x10,0x81,0x10,0x84,0x41,0xc5,0x49,
    0x23,0x29,0x42,0x29,0x07,0x7b,0xc1,0x20,0x63,0x39,0x61,0x08,0xa1,0x18,0xe2,0x20,0x43,0x39,0xa3,0x41,0x81,0x18,0x43,0x39,
    0x42,0x39,0x83,0x41,0x63,0x6a,0x83,0x6a,0xe6,0x9b,0x04,0x73,0x64,0x5a,0x43,0x52,0x65,0x62,0xe2,0x28,0xc4,0x49,0xe5,0x82,
    0x67,0x9b,0x06,0x83,0x26,0x7b,0xe5,0x72,0xa5,0x6a,0xa5,0x6a,0x45,0x62,0x65,0x62,0xe6,0x7a,0x07,0x7b,0xc6,0x7a,0xe6,0x7a,
    0x07,0x83,0x67,0x93,0xa8,0xa3,0x27,0x93,0x68,0x9b,0x46,0x93,0x88,0xa3,0xa8,0xa3,0x88,0xa3,0x26,0x93,0x47,0x93,0x26,0x93,
    0x87,0x9b,0x88,0xa3,0x67,0x9b,0x88,0xa3,0x87,0xa3,0x88,0xab,0x88,0xa3,0xa8,0xa3,0x87,0xa3,0x68,0xa3,0xc8,0xab,0xa8,0xa3,
    0xa7,0xab,0xc7,0xa3,0xa7,0xa3,0x46,0x8b,0x87,0x9b,0x47,0x93,0x47,0x9b,0xc9,0xa3,0x88,0x9b,0x88,0x9b,0x27,0x8b,0x68,0x93,
    0x68,0x9b,0x88,0x9b,0x47,0x8b,0x68,0x93,0xe6,0x82,0x07,0x83,0xe6,0x82,0xe6,0x82,0xe6,0x8a,0x27,0x8b,0x27,0x8b,0x28,0x93,
    0x48,0x93,0x68,0x9b,0x89,0x9b,0xa9,0xa3,0xa8,0xa3,0xa9,0xa3,0x88,0xa3,0x48,0x93,0x27,0x8b,0xc7,0x82,0x86,0x7a,0xc7,0x7a,
    0xe4,0x61,0x25,0x6a,0xc7,0x82,0xc6,0x82,0xe7,0x8a,0x28,0x8b,0x49,0x93,0x48,0x93,0x68,0x9b,0x89,0x9b,0x89,0x9b,0x69,0xa3,
    0x89,0xa3,0xa9,0xa3,0x89,0xa3,0x69,0x9b,0x07,0x83,0x87,0x72,0x86,0x6a,0x87,0x72,0xc7,0x7a,0xc7,0x7a,0xa7,0x72,0xe6,0x7a,
    0xe7,0x82,0xc7,0x7a,0xc7,0x7a,0x86,0x72,0x66,0x6a,0x86,0x72,0xa7,0x72,0xc7,0x7a,0xc7,0x82,0xe7,0x82,0xe7,0x8a,0x28,0x8b,
    0x48,0x93,0x47,0x93,0x27,0x93,0x27,0x8b,0x48,0x93,0x27,0x93,0x68,0x9b,0x69,0xa3,0x88,0x9b,0x89,0x9b,0x68,0x9b,0x68,0x9b,
    0x28,0x93,0xe7,0x8a,0x27,0x8b,0x47,0x9b,0x48,0x93,0x68,0x9b,0x68,0x9b,0x89,0x9b,0x88,0x9b,0x68,0x9b,0x68,0x9b,0x48,0x9b,
    0x48,0x9b,0x68,0xa3,0x69,0x9b,0x68,0xa3,0x89,0xa3,0x89,0xa3,0x89,0xa3,0xc9,0xa3,0xa9,0xa3,0x89,0xa3,0x89,0xa3,0x89,0xa3,
    0x61,0x08,0x03,0x21,0x06,0x52,0x84,0x39,0xc1,0x18,0xa6,0x6a,0x83,0x41,0x84,0x41,0x63,0x39,0xc2,0x20,0xe2,0x20,0x02,0x29,
    0x83,0x39,0xe2,0x20,0x63,0x39,0x65,0x6a,0xa5,0x72,0x85,0x6a,0x04,0x7b,0xe3,0x7a,0xa5,0x8b,0x88,0xa4,0x68,0x9c,0x65,0x73,
    0xa5,0x6a,0x42,0x31,0x42,0x29,0x83,0x39,0x86,0x72,0x47,0x8b,0xa8,0x93,0x06,0x7b,0xa5,0x6a,0x06,0x7b,0x67,0x83,0x47,0x83,
    0x06,0x83,0x07,0x7b,0xc7,0x7a,0x06,0x83,0x68,0x93,0x48,0x9b,0x68,0x93,0x47,0x93,0x67,0x9b,0x67,0x93,0x68,0x9b,0x88,0xa3,
    0xa8,0x9b,0x47,0x93,0x26,0x8b,0x88,0x9b,0x88,0x9b,0xa7,0xa3,0x47,0x9b,0xa8,0xa3,0xc9,0xab,0xc9,0xa3,0xa8,0xab,0xc8,0xa3,
    0xa8,0xa3,0x88,0xa3,0x87,0xa3,0x67,0x9b,0xa7,0xa3,0x87,0x93,0x87,0x93,0x47,0x8b,0x87,0x9b,0x47,0x93,0x67,0x93,0xc8,0xa3,
    0x68,0x9b,0x68,0x93,0x27,0x8b,0x68,0x9b,0x47,0x93,0x47,0x8b,0x68,0x8b,0xe7,0x7a,0xc6,0x7a,0x27,0x83,0x07,0x7b,0xe6,0x7a,
    0x27,0x8b,0x27,0x83,0xe7,0x7a,0x27,0x8b,0x29,0x93,0x48,0x8b,0x48,0x9b,0x68,0x9b,0x47,0x93,0x68,0x93,0x68,0x9b,0x28,0x93,
    0xe7,0x82,0xa6,0x82,0xe7,0x8a,0x07,0x8b,0xc7,0x82,0xc7,0x82,0xe7,0x82,0xa6,0x82,0x08,0x8b,0x28,0x93,0x27,0x8b,0xc7,0x82,
    0xc7,0x7a,0x08,0x93,0x89,0x9b,0x69,0x9b,0x89,0x9b,0x89,0xa3,0x89,0xa3,0x68,0x93,0xe7,0x7a,0x86,0x72,0x87,0x6a,0x87,0x72,
    0xc7,0x72,0xc7,0x72,0x87,0x6a,0x66,0x62,0x66,0x6a,0x87,0x62,0x66,0x62,0x26,0x5a,0x05,0x52,0x25,0x52,0x05,0x5a,0xa7,0x72,
    0xe8,0x82,0xe7,0x7a,0xc7,0x82,0xe7,0x8a,0x28,0x93,0x08,0x8b,0x28,0x8b,0x28,0x93,0x48,0x93,0x48,0x9b,0x69,0x9b,0x68,0xa3,
    0x89,0xa3,0x89,0xa3,0x89,0xa3,0x68,0x9b,0x69,0x9b,0x68,0x93,0x27,0x93,0x07,0x8b,0x08,0x8b,0x08,0x8b,0x48,0x93,0x28,0x93,
    0x47,0x9b,0x28,0x93,0x28,0x93,0x48,0x9b,0x47,0x93,0x28,0x9b,0x48,0x9b,0x89,0xa3,0x88,0xa3,0x69,0xa3,0x68,0x9b,0x88,0xa3,
    0x88,0xa3,0x69,0xa3,0x68,0xa3,0x89,0xa3,0xe5,0x49,0xa4,0x49,0x83,0x39,0xa4,0x49,0x47,0x8b,0x66,0x62,0x22,0x31,0x65,0x62,
    0x04,0x62,0x85,0x72,0x65,0x6a,0xa3,0x41,0x04,0x52,0x63,0x39,0xe2,0x20,0xe1,0x28,0xc3,0x49,0xa3,0x41,0x84,0x41,0x24,0x5a,
    0xe4,0x6a,0x63,0x62,0x83,0x62,0xe4,0x6a,0x84,0x5a,0x04,0x4a,0xa3,0x41,0x24,0x52,0x04,0x5a,0x44,0x62,0x67,0x8b,0x26,0x83,
    0xa5,0x62,0x84,0x5a,0x84,0x62,0xe6,0x72,0x85,0x6a,0x86,0x6a,0xe6,0x7a,0x07,0x7b,0x67,0x93,0x26,0x8b,0x67,0x9b,0x67,0x93,
    0x67,0x93,0x67,0x93,0x87,0x93,0x46,0x93,0x67,0x9b,0x47,0x93,0x47,0x93,0xe8,0xa3,0x88,0xa3,0x88,0x9b,0x47,0x93,0x47,0x9b,
    0x67,0x9b,0x87,0x9b,0xa8,0xa3,0xa8,0xa3,0x67,0x9b,0xa8,0x9b,0x87,0x9b,0x67,0x9b,0x88,0x9b,0x47,0x93,0x26,0x83,0x67,0x8b,
    0x67,0x93,0x47,0x93,0x67,0x93,0x88,0x9b,0x06,0x7b,0x47,0x8b,0x06,0x8b,0x88,0x93,0x67,0x8b,0xe6,0x7a,0x07,0x83,0xc6,0x7a,
    0x07,0x83,0xe7,0x82,0x07,0x7b,0xa6,0x72,0x27,0x83,0xe6,0x82,0xc6,0x7a,0x07,0x83,0x07,0x83,0x07,0x83,0x48,0x93,0x27,0x8b,
    0xe7,0x7a,0xe7,0x82,0x48,0x93,0x48,0x93,0x28,0x93,0x28,0x8b,0x08,0x8b,0x07,0x8b,0x08,0x8b,0x28,0x8b,0x08,0x8b,0x29,0x8b,
    0x28,0x8b,0x49,0x93,0xe7,0x82,0x87,0x72,0x86,0x6a,0x07,0x8b,0x69,0x9b,0x89,0x9b,0x69,0xa3,0x69,0x9b,0x89,0xa3,0x68,0x93,
    0x28,0x8b,0x07,0x8b,0xc7,0x7a,0xe7,0x7a,0x08,0x83,0xc8,0x72,0x66,0x62,0x67,0x62,0x46,0x5a,0x26,0x5a,0x06,0x52,0x06,0x4a,
    0x26,0x52,0xa7,0x6a,0x87,0x72,0xc7,0x72,0xa7,0x7a,0xc7,0x7a,0xa6,0x7a,0xe7,0x82,0x07,0x83,0x28,0x93,0x28,0x93,0x49,0x93,
    0x49,0x93,0x28,0x93,0x48,0x9b,0x69,0x9b,0x89,0xa3,0x68,0x9b,0x89,0xa3,0x89,0xa3,0x69,0x9b,0x68,0x9b,0x28,0x93,0x28,0x8b,
    0x08,0x8b,0xe7,0x8a,0x28,0x93,0x28,0x8b,0x28,0x93,0x48,0x93,0x47,0x93,0x27,0x93,0x28,0x93,0x27,0x93,0x48,0x9b,0x68,0x9b,
    0x88,0xa3,0x68,0xa3,0x68,0x9b,0xa9,0xa3,0xa8,0xa3,0x68,0x9b,0x68,0xa3,0x89,0xa3,0xa4,0x39,0xa5,0x41,0xc4,0x49,0x04,0x52,
    0xa6,0x72,0x84,0x39,0x44,0x6a,0x24,0x5a,0x03,0x52,0x03,0x4a,0x02,0x29,0xc2,0x18,0x22,0x31,0x63,0x39,0x63,0x39,0x02,0x29,
    0x62,0x39,0x83,0x41,0xa3,0x41,0xe3,0x51,0xa4,0x6a,0xc4,0x72,0xc2,0x51,0xc3,0x41,0x44,0x52,0x24,0x52,0x85,0x62,0x07,0x7b,
    0xe7,0x82,0xa6,0x72,0xc6,0x72,0xc6,0x72,0x89,0x8b,0xe6,0x72,0x65,0x5a,0x85,0x62,0x25,0x5a,0x04,0x52,0x44,0x62,0x07,0x7b,
    0x67,0x8b,0xe7,0x8a,0xe6,0x82,0x88,0x9b,0x67,0x9b,0x67,0x93,0x67,0x8b,0x47,0x93,0x88,0x9b,0x46,0x93,0x87,0x93,0x87,0x9b,
    0x88,0x9b,0x67,0x9b,0x67,0x9b,0x27,0x8b,0x88,0x9b,0x68,0x9b,0x88,0xa3,0xa8,0x9b,0x68,0x93,0x47,0x93,0x67,0x93,0x88,0x9b,
    0x47,0x93,0x06,0x83,0x06,0x7b,0x26,0x83,0x47,0x8b,0x47,0x93,0x06,0x8b,0x27,0x83,0xc6,0x7a,0x06,0x7b,0x06,0x83,0x27,0x83,
    0x07,0x83,0xc6,0x72,0x86,0x72,0xe7,0x7a,0x86,0x72,0xa6,0x72,0xa6,0x72,0xa6,0x72,0xc6,0x72,0xe7,0x7a,0xc6,0x7a,0x28,0x83,
    0xc7,0x7a,0xc6,0x7a,0x08,0x83,0x28,0x83,0xa6,0x72,0x07,0x7b,0x27,0x8b,0x28,0x8b,0x08,0x8b,0x28,0x8b,0x48,0x8b,0x28,0x8b,
    0x08,0x83,0x29,0x8b,0x28,0x8b,0x49,0x8b,0xe8,0x82,0x08,0x83,0xa7,0x7a,0x86,0x6a,0x45,0x6a,0xe7,0x82,0x69,0x9b,0x89,0xa3,
    0x88,0x9b,0x88,0x9b,0x89,0x9b,0x68,0x9b,0x69,0x9b,0x88,0x93,0x68,0x93,0x29,0x8b,0x28,0x83,0x87,0x6a,0x87,0x6a,0x87,0x6a,
    0x87,0x6a,0x46,0x5a,0x67,0x62,0x66,0x5a,0x26,0x5a,0x26,0x52,0x26,0x5a,0x66,0x62,0x66,0x62,0x86,0x6a,0xa6,0x72,0xc7,0x7a,
    0xe7,0x7a,0xe7,0x82,0x28,0x93,0x48,0x93,0x28,0x93,0x48,0x93,0x68,0x9b,0x69,0x9b,0x89,0x9b,0x68,0xa3,0x89,0x9b,0x89,0xa3,
    0x69,0x9b,0x69,0x9b,0x69,0x9b,0x89,0x9b,0x48,0x93,0x28,0x93,0x48,0x8b,0x07,0x8b,0x07,0x8b,0x28,0x93,0x08,0x8b,0x07,0x93,
    0x47,0x9b,0x48,0x9b,0x68,0x9b,0x88,0xa3,0x68,0x9b,0x68,0xa3,0x88,0xa3,0x88,0xa3,0xa9,0xa3,0x68,0x9b,0x68,0x9b,0x88,0x9b,
    0xc2,0x20,0x23,0x29,0xa1,0x18,0x66,0x5a,0x23,0x31,0xa1,0x18,0xe4,0x49,0x02,0x21,0x03,0x21,0xc2,0x18,0xc2,0x18,0x82,0x10,
    0x61,0x08,0xa1,0x18,0xc2,0x18,0x22,0x21,0x02,0x31,0x02,0x29,0xe2,0x20,0x62,0x31,0x83,0x39,0xe3,0x49,0x83,0x39,0xc3,0x41,
    0x82,0x39,0xc4,0x41,0x83,0x31,0xa3,0x39,0xa2,0x41,0x43,0x5a,0x65,0x6a,0x45,0x5a,0x85,0x6a,0xe7,0x72,0xa6,0x6a,0x25,0x5a,
    0x86,0x6a,0xa6,0x6a,0x45,0x62,0xc6,0x6a,0x07,0x7b,0xe6,0x82,0x06,0x83,0x67,0x93,0x68,0x9b,0x88,0x93,0x47,0x8b,0x87,0x9b,
    0x67,0x9b,0x67,0x93,0x87,0x93,0x87,0x9b,0x88,0xa3,0x67,0x9b,0x68,0x9b,0x27,0x93,0x88,0x9b,0x47,0x9b,0x68,0x93,0x88,0x9b,
    0x47,0x8b,0x27,0x8b,0x27,0x93,0x67,0x93,0x07,0x8b,0xe6,0x7a,0xe5,0x7a,0xc5,0x72,0x07,0x7b,0xe6,0x7a,0xa6,0x72,0xa5,0x6a,
    0xe6,0x7a,0x07,0x7b,0x06,0x83,0xc5,0x7a,0xe6,0x7a,0xe7,0x7a,0xa7,0x72,0xc7,0x72,0xe7,0x72,0x66,0x6a,0x65,0x6a,0xa6,0x6a,
    0xe6,0x7a,0xa6,0x72,0xe6,0x7a,0xe7,0x82,0x86,0x6a,0xe7,0x7a,0x08,0x83,0xe7,0x7a,0xa7,0x6a,0xc7,0x72,0xe7,0x82,0xe7,0x7a,
    0xe8,0x7a,0x48,0x8b,0x08,0x83,0x09,0x83,0xe8,0x82,0x08,0x83,0x08,0x83,0x08,0x83,0xc7,0x7a,0x08,0x83,0x08,0x83,0x86,0x72,
    0x66,0x62,0x28,0x83,0x88,0x9b,0x89,0x9b,0x89,0x9b,0x69,0x9b,0x88,0x9b,0x89,0x9b,0x89,0x9b,0x48,0x9b,0x69,0x9b,0x48,0x8b,
    0xe8,0x82,0xa7,0x72,0x87,0x6a,0xc8,0x7a,0x28,0x83,0x08,0x83,0x28,0x83,0x87,0x6a,0x46,0x5a,0x46,0x5a,0x05,0x4a,0xe5,0x51,
    0x46,0x5a,0x86,0x62,0x46,0x5a,0x66,0x6a,0xa7,0x7a,0xe8,0x82,0x28,0x8b,0x28,0x8b,0x28,0x93,0x49,0x93,0x69,0x9b,0x88,0x9b,
    0x69,0x9b,0x68,0x9b,0x89,0x9b,0x68,0x9b,0x48,0x9b,0x68,0x9b,0x68,0x9b,0x68,0x9b,0xa9,0x9b,0x69,0x9b,0x69,0x9b,0x08,0x8b,
    0xe7,0x82,0x07,0x83,0xe7,0x82,0x27,0x8b,0x68,0x9b,0x89,0xa3,0x68,0x9b,0x87,0xa3,0x67,0x9b,0x68,0x9b,0x68,0xa3,0x68,0xa3,
    0x68,0x9b,0x27,0x93,0x28,0x9b,0x48,0x9b,0x03,0x29,0xe2,0x20,0x84,0x41,0xc2,0x20,0x61,0x08,0x82,0x10,0x41,0x00,0x61,0x08,
    0x42,0x10,0x62,0x08,0x62,0x08,0x61,0x10,0xc2,0x18,0xa2,0x10,0xe2,0x20,0xc1,0x20,0x61,0x08,0x61,0x08,0x81,0x08,0x61,0x08,
    0xe2,0x20,0x43,0x29,0x04,0x4a,0xa2,0x41,0x42,0x31,0x82,0x39,0xc2,0x41,0x64,0x62,0xc2,0x49,0xe3,0x49,0x24,0x52,0x62,0x41,
    0x85,0x62,0xc6,0x72,0x65,0x62,0x86,0x62,0x86,0x6a,0xa7,0x72,0xc7,0x6a,0xa6,0x6a,0xc5,0x6a,0x48,0x93,0xe6,0x8a,0x06,0x83,
    0x47,0x8b,0x27,0x93,0x87,0x9b,0x67,0x9b,0x87,0x9b,0x88,0xa3,0x67,0xa3,0x88,0xa3,0xa8,0xa3,0x67,0x9b,0x26,0x8b,0x88,0x9b,
    0x68,0xa3,0x68,0x9b,0xa8,0x9b,0x47,0x93,0x28,0x93,0x27,0x8b,0xe6,0x82,0xe6,0x7a,0x27,0x83,0xe6,0x7a,0xe6,0x72,0xc6,0x6a,
    0xa6,0x72,0xa5,0x6a,0x85,0x72,0x65,0x62,0xa6,0x72,0x07,0x7b,0xc6,0x7a,0xc6,0x72,0xe6,0x7a,0xa6,0x72,0x86,0x6a,0xa6,0x72,
    0xa7,0x72,0x65,0x62,0x66,0x62,0xe7,0x7a,0xa6,0x72,0xa6,0x7a,0x28,0x8b,0xe6,0x7a,0x86,0x62,0xc7,0x72,0xe8,0x7a,0xa7,0x72,
    0xc7,0x72,0xa7,0x72,0x86,0x6a,0xe8,0x7a,0xc7,0x72,0xa7,0x72,0xe8,0x7a,0xe8,0x7a,0xe8,0x7a,0xe8,0x7a,0xc8,0x7a,0x08,0x83,
    0xa7,0x7a,0xc8,0x7a,0xe8,0x7a,0xa7,0x72,0x86,0x72,0x28,0x8b,0x48,0x93,0x48,0x93,0x28,0x93,0x28,0x93,0x49,0x93,0x48,0x93,
    0x28,0x8b,0x29,0x93,0x28,0x8b,0x29,0x83,0xe8,0x82,0xc8,0x7a,0xc7,0x6a,0xe8,0x7a,0x29,0x8b,0x69,0x93,0x29,0x8b,0x08,0x83,
    0xc7,0x72,0x46,0x5a,0xe5,0x41,0xc5,0x41,0xe5,0x41,0xe5,0x41,0xc5,0x49,0x26,0x52,0x66,0x62,0x87,0x72,0x08,0x8b,0x28,0x8b,
    0x08,0x8b,0x28,0x93,0x28,0x93,0x28,0x93,0x28,0x93,0x48,0x93,0x89,0x9b,0x88,0xa3,0x48,0x93,0x28,0x9b,0x48,0x9b,0x69,0x9b,
    0x68,0x9b,0x68,0x9b,0x69,0x93,0x69,0x93,0x28,0x93,0x08,0x8b,0xc7,0x7a,0xc6,0x7a,0x07,0x8b,0x68,0x93,0x27,0x93,0x27,0x93,
    0x48,0x9b,0x68,0x9b,0x47,0x93,0x48,0x9b,0x48,0x9b,0x68,0x9b,0x68,0x9b,0x48,0x9b,0xe2,0x20,0x03,0x21,0x81,0x10,0x21,0x00,
    0x81,0x10,0x62,0x08,0x61,0x10,0x41,0x08,0x41,0x08,0x61,0x08,0x81,0x10,0xe2,0x20,0xa3,0x41,0xa3,0x41,0xe4,0x59,0xe4,0x51,
    0xc4,0x51,0x21,0x31,0xe1,0x28,0xa1,0x18,0xc1,0x10,0x22,0x29,0xe3,0x49,0x24,0x5a,0xe3,0x41,0x42,0x62,0xc3,0x7a,0x63,0x62,
    0x65,0x6a,0x65,0x62,0x65,0x62,0x84,0x6a,0xe4,0x72,0x24,0x52,0x04,0x52,0x66,0x62,0x65,0x6a,0x86,0x6a,0x86,0x72,0xc6,0x72,
    0x47,0x8b,0x27,0x8b,0xe6,0x82,0x07,0x8b,0x07,0x8b,0x06,0x8b,0x68,0x93,0x87,0x9b,0x67,0x9b,0x67,0x9b,0x47,0x9b,0x67,0x9b,
    0x67,0x9b,0x27,0x9b,0x67,0x9b,0x88,0xa3,0x67,0x9b,0x88,0xa3,0x67,0x9b,0x07,0x8b,0x27,0x93,0x07,0x83,0xa6,0x72,0xa6,0x7a,
    0x07,0x83,0x06,0x83,0xc7,0x72,0xa6,0x6a,0xc6,0x6a,0xa6,0x72,0x45,0x62,0x86,0x62,0x86,0x72,0xe6,0x7a,0xc6,0x7a,0xc6,0x7a,
    0xc6,0x72,0x86,0x72,0xa6,0x7a,0x07,0x83,0xa6,0x72,0xa7,0x72,0xc6,0x72,0x28,0x8b,0xc6,0x7a,0xc6,0x7a,0x48,0x8b,0x28,0x83,
    0xa6,0x72,0xe7,0x7a,0x08,0x83,0xe7,0x7a,0xa7,0x72,0x45,0x62,0x66,0x62,0xc7,0x72,0xa7,0x72,0xc7,0x72,0xa7,0x72,0xc7,0x72,
    0xe8,0x7a,0x08,0x83,0xe8,0x7a,0xe8,0x7a,0xa7,0x72,0xc7,0x72,0x28,0x83,0xe7,0x82,0x87,0x6a,0xe7,0x82,0x49,0x93,0x28,0x93,
    0x08,0x8b,0x28,0x8b,0x48,0x93,0x29,0x93,0x28,0x93,0x28,0x83,0x08,0x83,0x08,0x83,0x08,0x83,0xc8,0x7a,0xa7,0x6a,0xa7,0x72,
    0x08,0x7b,0x09,0x8b,0x29,0x83,0x08,0x83,0xe8,0x7a,0x66,0x62,0xe5,0x49,0xe5,0x41,0xa5,0x39,0xa5,0x39,0xe5,0x41,0x26,0x5a,
    0x66,0x62,0x66,0x62,0xa7,0x72,0xe7,0x82,0x07,0x83,0x07,0x8b,0x28,0x8b,0x48,0x93,0x08,0x8b,0x28,0x93,0x68,0x9b,0x68,0x9b,
    0x69,0x9b,0x48,0x9b,0x68,0x9b,0x69,0x9b,0x89,0xa3,0x89,0x9b,0x69,0x9b,0x49,0x93,0x48,0x93,0x48,0x93,0x28,0x8b,0xc6,0x7a,
    0xa6,0x72,0xc7,0x7a,0x07,0x83,0x07,0x83,0x27,0x8b,0x07,0x93,0x27,0x93,0x68,0x93,0x47,0x93,0x68,0x9b,0x48,0x9b,0x48,0x93,
    0xa2,0x18,0x61,0x08,0x61,0x08,0x61,0x10,0x41,0x08,0x61,0x10,0x61,0x08,0xe2,0x20,0xe2,0x20,0xa1,0x10,0xc2,0x18,0xe2,0x20,
    0x83,0x31,0xa3,0x41,0xc4,0x51,0x04,0x5a,0x45,0x62,0x24,0x62,0x03,0x5a,0x62,0x39,0x02,0x21,0xc1,0x18,0x22,0x21,0x63,0x39,
    0x63,0x39,0x03,0x52,0x02,0x52,0xe2,0x41,0x03,0x4a,0xe3,0x51,0xa6,0x72,0xa4,0x72,0xa5,0x72,0x45,0x62,0x45,0x5a,0x86,0x6a,
    0x86,0x6a,0xa6,0x72,0xc6,0x7a,0x27,0x8b,0x06,0x8b,0xc6,0x82,0xe7,0x82,0x06,0x83,0x06,0x8b,0x27,0x8b,0x06,0x8b,0x66,0x93,
    0x88,0xa3,0x67,0x9b,0x26,0x9b,0x26,0x9b,0x27,0x9b,0x67,0x9b,0x88,0xa3,0x26,0x9b,0x67,0x9b,0x47,0x9b,0x67,0x9b,0xa8,0xa3,
    0x68,0x93,0x47,0x93,0xe7,0x82,0xc6,0x72,0x85,0x72,0xa6,0x72,0xa6,0x6a,0x66,0x6a,0x86,0x6a,0x45,0x62,0x86,0x62,0x66,0x62,
    0xa6,0x72,0xc7,0x7a,0xc7,0x7a,0xa6,0x72,0x07,0x83,0xc7,0x7a,0xe7,0x7a,0xe7,0x82,0xe7,0x7a,0xe7,0x82,0xe7,0x7a,0x48,0x93,
    0x49,0x93,0x28,0x8b,0x28,0x8b,0x07,0x83,0x07,0x8b,0x07,0x83,0xe7,0x7a,0xe8,0x82,0xe7,0x7a,0x86,0x6a,0x87,0x6a,0xc7,0x72,
    0xa7,0x72,0x86,0x6a,0x05,0x52,0x66,0x62,0x87,0x6a,0xa7,0x72,0xa6,0x72,0xa7,0x6a,0xc7,0x72,0xc8,0x7a,0x08,0x83,0x28,0x8b,
    0x87,0x72,0xc7,0x7a,0x28,0x8b,0x28,0x8b,0x28,0x8b,0x49,0x9b,0x28,0x8b,0x28,0x8b,0x28,0x8b,0x29,0x93,0x28,0x8b,0xe8,0x7a,
    0xc8,0x7a,0xe8,0x7a,0x87,0x6a,0xa7,0x6a,0xc8,0x7a,0xe8,0x82,0xe8,0x7a,0xc7,0x7a,0xc7,0x72,0x67,0x62,0x46,0x62,0x67,0x62,
    0x26,0x4a,0xa5,0x41,0xc5,0x39,0x26,0x52,0x26,0x5a,0x46,0x5a,0x66,0x62,0x86,0x6a,0xc7,0x7a,0xe8,0x82,0x08,0x8b,0x28,0x93,
    0xe7,0x82,0x28,0x93,0x28,0x93,0x48,0x93,0x48,0x93,0x28,0x93,0x68,0x9b,0x89,0x9b,0xa9,0xa3,0x68,0x93,0x48,0x93,0x49,0x93,
    0x48,0x93,0x28,0x93,0x28,0x8b,0x08,0x83,0xe8,0x82,0x86,0x72,0xc7,0x7a,0x86,0x6a,0x86,0x6a,0xc6,0x7a,0xc6,0x7a,0xe7,0x8a,
    0x07,0x83,0x27,0x93,0x48,0x93,0x68,0x9b,0x41,0x08,0x61,0x08,0x81,0x10,0x81,0x08,0xe3,0x18,0x03,0x21,0xc2,0x20,0x22,0x29,
    0xe2,0x20,0xe2,0x20,0xc1,0x18,0x02,0x21,0xc3,0x49,0x45,0x5a,0x45,0x62,0xc3,0x51,0xa3,0x49,0x04,0x62,0x83,0x49,0xa2,0x41,
    0xc3,0x41,0xa3,0x41,0xe3,0x49,0x02,0x21,0x02,0x21,0x83,0x39,0xe3,0x41,0xe3,0x41,0x04,0x52,0x64,0x62,0x06,0x7b,0x66,0x6a,
    0x86,0x6a,0xa7,0x72,0x86,0x6a,0xa5,0x7a,0xa6,0x7a,0xe6,0x7a,0x27,0x93,0xe7,0x82,0xa6,0x7a,0xa6,0x7a,0xe7,0x8a,0xe7,0x8a,
    0x06,0x8b,0xc5,0x7a,0x06,0x8b,0x47,0x93,0x05,0x93,0x26,0x93,0x06,0x93,0x47,0x9b,0x67,0x9b,0x88,0xa3,0x67,0x9b,0x47,0x9b,
    0x67,0x9b,0xc8,0xab,0xe9,0xb3,0x47,0x93,0x07,0x8b,0xe6,0x82,0xc6,0x72,0x86,0x72,0x65,0x6a,0xc7,0x7a,0xa7,0x72,0x86,0x62,
    0x65,0x62,0x45,0x5a,0x46,0x62,0x46,0x62,0x86,0x72,0xa7,0x7a,0xc6,0x72,0xa6,0x72,0xc7,0x7a,0xe6,0x7a,0xe7,0x82,0xe7,0x7a,
    0x07,0x83,0xe7,0x8a,0xe7,0x82,0x08,0x8b,0x07,0x8b,0x49,0x93,0x28,0x93,0xe7,0x8a,0x28,0x83,0x08,0x83,0xe8,0x82,0xe7,0x7a,
    0xe7,0x7a,0xc7,0x72,0xe7,0x82,0xe8,0x7a,0x86,0x6a,0x86,0x62,0x25,0x5a,0x26,0x52,0x46,0x5a,0x66,0x6a,0xc7,0x72,0x87,0x72,
    0xc8,0x7a,0xe8,0x7a,0x08,0x8b,0x68,0x8b,0xe7,0x82,0x48,0x8b,0x48,0x93,0x49,0x93,0x48,0x93,0x69,0x93,0x48,0x93,0x28,0x93,
    0xe7,0x82,0x28,0x8b,0x49,0x93,0xe7,0x7a,0x07,0x83,0x87,0x6a,0x66,0x62,0x87,0x6a,0xa7,0x72,0xa7,0x7a,0xc7,0x72,0xe8,0x7a,
    0x86,0x72,0xa7,0x6a,0xc7,0x72,0x87,0x62,0x26,0x52,0xe6,0x41,0xc5,0x39,0xc5,0x39,0xc5,0x41,0xa5,0x41,0x06,0x4a,0x26,0x5a,
    0x86,0x6a,0xe7,0x7a,0xc7,0x7a,0xc7,0x7a,0xa6,0x7a,0x07,0x83,0xe8,0x8a,0x28,0x8b,0xe7,0x82,0x08,0x8b,0x69,0x93,0x68,0x9b,
    0x48,0x93,0x48,0x93,0x28,0x8b,0x28,0x93,0x48,0x93,0x28,0x8b,0x28,0x8b,0x48,0x8b,0x28,0x8b,0x08,0x7b,0xc8,0x7a,0x46,0x62,
    0xe5,0x51,0x25,0x5a,0x66,0x62,0xa7,0x6a,0x86,0x6a,0xc7,0x7a,0x27,0x8b,0x27,0x8b,0x41,0x08,0x61,0x08,0x81,0x10,0xe3,0x20,
    0x03,0x21,0xa1,0x10,0x02,0x29,0xc1,0x18,0x81,0x10,0xe1,0x18,0x03,0x29,0xa3,0x39,0xc3,0x41,0x03,0x52,0x04,0x52,0xa3,0x51,
    0xe4,0x51,0xe4,0x59,0x42,0x39,0x24,0x52,0xe3,0x49,0xe3,0x49,0x04,0x5a,0xe3,0x49,0x03,0x4a,0x83,0x39,0x63,0x31,0x42,0x31,
    0x83,0x39,0x06,0x73,0xa5,0x62,0x24,0x52,0x85,0x62,0x65,0x62,0xa6,0x6a,0xc7,0x72,0x85,0x72,0xa6,0x72,0xa6,0x72,0x86,0x72,
    0x65,0x6a,0x86,0x72,0xa6,0x7a,0xc6,0x7a,0xe6,0x7a,0x85,0x7a,0xe6,0x82,0xc5,0x82,0xc6,0x82,0x06,0x93,0xe6,0x8a,0x47,0x9b,
    0x06,0x93,0x26,0x9b,0x07,0x93,0x47,0x9b,0xa8,0xab,0x68,0xa3,0xe6,0x8a,0xa5,0x7a,0xa6,0x72,0xc6,0x7a,0xa6,0x7a,0xc6,0x7a,
    0xc6,0x7a,0xe7,0x82,0x65,0x62,0x66,0x6a,0xa6,0x6a,0x05,0x5a,0x87,0x72,0x86,0x72,0xc7,0x7a,0x86,0x72,0x86,0x72,0xc7,0x7a,
    0x08,0x8b,0x08,0x8b,0xe6,0x82,0xc7,0x82,0x07,0x8b,0xe7,0x82,0x08,0x8b,0x07,0x8b,0xe7,0x8a,0x28,0x93,0x48,0x8b,0x28,0x93,
    0x28,0x93,0x28,0x8b,0x28,0x8b,0x08,0x83,0x28,0x8b,0x09,0x83,0x28,0x83,0xe7,0x7a,0x86,0x6a,0xa7,0x72,0x86,0x6a,0x66,0x6a,
    0xc7,0x72,0x86,0x72,0xa7,0x72,0xa7,0x72,0xc7,0x7a,0x07,0x83,0x28,0x8b,0x48,0x93,0x28,0x8b,0x49,0x93,0x49,0x93,0x48,0x93,
    0x49,0x93,0x49,0x93,0x48,0x93,0x28,0x93,0xe7,0x7a,0x28,0x8b,0x28,0x93,0x28,0x83,0x08,0x83,0x46,0x6a,0x67,0x62,0x46,0x62,
    0x46,0x62,0x66,0x6a,0x87,0x6a,0x67,0x6a,0x86,0x6a,0x86,0x72,0x87,0x72,0xa7,0x72,0x87,0x62,0x06,0x42,0x85,0x31,0x85,0x31,
    0xa5,0x39,0xa5,0x39,0xe5,0x41,0xe5,0x49,0x46,0x5a,0xa7,0x62,0x65,0x62,0x86,0x72,0x66,0x6a,0xe8,0x82,0xe8,0x82,0xe7,0x7a,
    0xe7,0x82,0x28,0x93,0x48,0x93,0x49,0x93,0x08,0x8b,0x28,0x8b,0x28,0x8b,0x28,0x8b,0x28,0x93,0x49,0x93,0x48,0x93,0x28,0x8b,
    0x27,0x83,0xe7,0x82,0x07,0x83,0xa6,0x72,0x05,0x52,0xe5,0x49,0xe5,0x49,0x66,0x62,0x25,0x5a,0x66,0x62,0x86,0x6a,0x86,0x6a,
    0x41,0x08,0x82,0x10,0xa1,0x18,0xc2,0x10,0xa2,0x18,0xe2,0x28,0xa3,0x41,0xc4,0x41,0x02,0x31,0xa4,0x41,0x62,0x31,0x83,0x39,
    0x03,0x4a,0xe4,0x51,0x45,0x62,0xe3,0x51,0x24,0x62,0xc3,0x51,0x63,0x41,0x83,0x41,0x63,0x39,0xe4,0x51,0x24,0x5a,0xe3,0x51,
    0x04,0x52,0x23,0x52,0x04,0x52,0xa3,0x39,0x03,0x52,0x42,0x31,0xc1,0x18,0xc3,0x41,0x25,0x5a,0xe4,0x51,0x05,0x52,0x45,0x62,
    0x05,0x5a,0x66,0x6a,0x86,0x6a,0x66,0x62,0x45,0x62,0x45,0x62,0x45,0x5a,0x45,0x62,0x45,0x62,0x65,0x6a,0x25,0x62,0x45,0x6a,
    0x85,0x7a,0xc6,0x82,0xe5,0x8a,0x06,0x8b,0xc6,0x82,0xe7,0x8a,0x47,0x9b,0x48,0xa3,0x27,0x93,0xa5,0x7a,0xc6,0x7a,0x65,0x72,
    0x85,0x72,0xc6,0x7a,0x85,0x6a,0x65,0x6a,0x85,0x72,0xc7,0x72,0x04,0x5a,0x66,0x6a,0x25,0x5a,0x25,0x62,0xa7,0x72,0xc7,0x7a,
    0x86,0x72,0xe8,0x82,0xe7,0x7a,0xe7,0x82,0x27,0x8b,0x08,0x8b,0x28,0x8b,0x48,0x93,0x49,0x93,0x48,0x93,0x28,0x93,0x49,0x93,
    0x28,0x8b,0x48,0x93,0x49,0x93,0x48,0x93,0x49,0x93,0xe7,0x82,0x28,0x93,0x28,0x93,0x28,0x83,0x28,0x8b,0x49,0x8b,0x28,0x8b,
    0xc8,0x7a,0xc7,0x7a,0xe8,0x7a,0x08,0x8b,0x08,0x83,0x08,0x83,0x28,0x8b,0x08,0x83,0x28,0x83,0x48,0x93,0x49,0x93,0x28,0x8b,
    0x08,0x8b,0x48,0x93,0x49,0x93,0x48,0x93,0x49,0x93,0x28,0x93,0x49,0x93,0x69,0x93,0x08,0x8b,0x48,0x8b,0x48,0x93,0x08,0x8b,
    0xc7,0x7a,0x66,0x6a,0x25,0x62,0x26,0x5a,0x25,0x62,0x26,0x5a,0x45,0x62,0x26,0x62,0x66,0x62,0x86,0x6a,0xc7,0x7a,0xc7,0x7a,
    0x26,0x52,0xc6,0x39,0xa5,0x31,0xa6,0x31,0xa6,0x31,0xc5,0x39,0xe6,0x39,0xc5,0x39,0x05,0x4a,0x45,0x52,0x46,0x62,0x66,0x62,
    0x86,0x6a,0xe7,0x7a,0x08,0x83,0xa7,0x7a,0xe7,0x7a,0x48,0x8b,0x28,0x93,0x28,0x8b,0x08,0x8b,0x28,0x8b,0x28,0x8b,0x49,0x93,
    0x28,0x93,0x28,0x93,0x28,0x8b,0x28,0x8b,0x08,0x83,0x07,0x83,0x28,0x8b,0x28,0x8b,0xc7,0x72,0x66,0x62,0x86,0x62,0xa7,0x72,
    0x45,0x5a,0xe5,0x41,0x45,0x5a,0x45,0x62,0x61,0x10,0xa1,0x10,0x23,0x29,0x02,0x29,0xe2,0x20,0x02,0x29,0xc1,0x20,0x63,0x39,
    0xa3,0x41,0xa3,0x41,0x83,0x41,0xe3,0x49,0x25,0x5a,0x04,0x5a,0xe4,0x51,0xe3,0x59,0x25,0x62,0x04,0x5a,0xa3,0x51,0xe4,0x51,
    0x83,0x41,0xc3,0x51,0x23,0x62,0x04,0x52,0xe4,0x51,0xc3,0x49,0x44,0x62,0x45,0x5a,0xa6,0x72,0xc3,0x49,0x83,0x39,0xc4,0x49,
    0x45,0x5a,0x04,0x52,0x25,0x62,0x45,0x62,0x25,0x5a,0x45,0x62,0x45,0x5a,0x24,0x62,0x25,0x5a,0x45,0x62,0x46,0x5a,0x25,0x5a,
    0xe5,0x51,0xe4,0x51,0x45,0x62,0x86,0x6a,0x86,0x72,0xa5,0x7a,0xa5,0x7a,0xa6,0x7a,0xc6,0x82,0xe6,0x82,0x06,0x8b,0x06,0x8b,
    0xa5,0x72,0x65,0x6a,0x45,0x6a,0xe7,0x82,0x86,0x72,0xc4,0x51,0xa4,0x49,0x05,0x5a,0x45,0x6a,0x86,0x72,0x45,0x62,0xe4,0x51,
    0xc4,0x51,0x86,0x72,0x25,0x62,0x05,0x62,0xa7,0x72,0xe7,0x82,0x07,0x83,0x28,0x83,0x07,0x8b,0x08,0x8b,0x69,0x9b,0x69,0x93,
    0x28,0x93,0xa9,0x9b,0x89,0x9b,0x68,0x93,0x49,0x93,0x48,0x93,0x69,0x9b,0x28,0x93,0x48,0x93,0x08,0x8b,0x08,0x8b,0x07,0x8b,
    0xc7,0x7a,0xe8,0x82,0x08,0x83,0x28,0x83,0x29,0x8b,0x08,0x83,0xe8,0x82,0x49,0x8b,0x08,0x83,0x29,0x8b,0x69,0x9b,0x69,0x93,
    0x48,0x93,0x69,0x93,0x69,0x9b,0xaa,0x9b,0x49,0x93,0x69,0x93,0x69,0x93,0x69,0x9b,0x89,0x9b,0x88,0x9b,0x89,0xa3,0x89,0x9b,
    0x48,0x93,0x28,0x8b,0x08,0x8b,0x28,0x8b,0xe8,0x7a,0x28,0x83,0x07,0x83,0xa7,0x6a,0x05,0x5a,0x05,0x5a,0x26,0x5a,0x26,0x5a,
    0x46,0x62,0x86,0x6a,0xc8,0x7a,0xa7,0x6a,0x26,0x52,0xe6,0x41,0x85,0x29,0x85,0x29,0x85,0x31,0x65,0x29,0xa5,0x39,0xc5,0x39,
    0xa4,0x39,0xe5,0x49,0x05,0x52,0x46,0x62,0x45,0x5a,0x67,0x6a,0xc7,0x72,0x66,0x6a,0xc7,0x7a,0x48,0x8b,0x08,0x8b,0x28,0x8b,
    0x28,0x93,0x48,0x93,0x48,0x93,0x69,0x9b,0x49,0x93,0x48,0x93,0x48,0x93,0x49,0x93,0x68,0x93,0x69,0x9b,0x48,0x93,0x69,0x93,
    0x68,0x93,0x07,0x83,0x48,0x8b,0x08,0x83,0xc7,0x72,0x86,0x6a,0xa6,0x6a,0x46,0x5a,0x81,0x10,0xc2,0x18,0x43,0x39,0x43,0x31,
    0x23,0x31,0x23,0x29,0x23,0x31,0x83,0x41,0x84,0x41,0x43,0x39,0x83,0x39,0x04,0x5a,0x24,0x5a,0x25,0x5a,0x44,0x6a,0x45,0x6a,
    0x65,0x72,0x24,0x62,0x25,0x62,0xe4,0x59,0xe3,0x51,0x24,0x6a,0x45,0x62,0x04,0x5a,0x04,0x52,0xc3,0x49,0x65,0x62,0x65,0x6a,
    0x46,0x62,0x45,0x62,0x86,0x72,0x86,0x6a,0x66,0x72,0x65,0x6a,0xa6,0x72,0x45,0x62,0x86,0x72,0x65,0x6a,0xa6,0x72,0x66,0x6a,
    0x04,0x5a,0x25,0x5a,0x45,0x5a,0x05,0x52,0x25,0x52,0x45,0x5a,0x45,0x62,0x66,0x62,0x24,0x5a,0x25,0x62,0x45,0x62,0x65,0x62,
    0xa6,0x72,0x85,0x72,0xa6,0x72,0xa6,0x72,0x86,0x6a,0x45,0x62,0x85,0x6a,0xc7,0x72,0x85,0x62,0x25,0x62,0x25,0x5a,0x45,0x62,
    0x25,0x62,0xa6,0x72,0x86,0x6a,0xa4,0x49,0x05,0x62,0x65,0x6a,0x86,0x72,0x05,0x62,0xc6,0x7a,0x07,0x83,0x07,0x83,0xc7,0x82,
    0x48,0x93,0x69,0x93,0x27,0x8b,0x68,0x9b,0x68,0x9b,0x88,0x9b,0x68,0x9b,0x69,0x9b,0x48,0x93,0x69,0x9b,0x69,0x9b,0x28,0x8b,
    0x49,0x93,0xe7,0x82,0xe7,0x82,0x08,0x8b,0xc7,0x7a,0xe7,0x7a,0xe8,0x7a,0x28,0x8b,0x29,0x8b,0x28,0x8b,0x29,0x8b,0x49,0x8b,
    0x28,0x93,0x29,0x8b,0x69,0x9b,0x69,0x93,0x69,0x9b,0x69,0x9b,0x69,0x93,0x89,0xa3,0x49,0x93,0x69,0x9b,0xa9,0x9b,0xa9,0xa3,
    0xa9,0xa3,0xa9,0xa3,0xa9,0xa3,0x89,0x9b,0x49,0x93,0x08,0x8b,0x48,0x93,0x69,0x9b,0x48,0x8b,0x48,0x8b,0x28,0x8b,0x87,0x6a,
    0x46,0x62,0x06,0x52,0xe5,0x49,0xe5,0x49,0x46,0x62,0x67,0x6a,0x87,0x6a,0x87,0x6a,0xa7,0x6a,0x47,0x52,0x06,0x4a,0xe6,0x39,
    0x65,0x29,0x85,0x31,0xa5,0x31,0xc6,0x31,0xc5,0x39,0xa5,0x39,0xc4,0x41,0xe5,0x49,0xe5,0x49,0x26,0x5a,0x86,0x6a,0x86,0x6a,
    0xc7,0x7a,0x28,0x8b,0xe7,0x82,0x08,0x8b,0x28,0x8b,0x28,0x93,0x49,0x93,0x68,0x93,0x69,0x9b,0x69,0x93,0x49,0x93,0x48,0x93,
    0x69,0x9b,0x69,0x9b,0xa9,0x9b,0xa9,0xa3,0xa9,0x9b,0x48,0x93,0x49,0x93,0x47,0x8b,0x28,0x83,0x07,0x83,0xc7,0x72,0x25,0x5a,
    0xe2,0x20,0xc3,0x49,0x22,0x31,0x62,0x41,0x24,0x5a,0x83,0x41,0x04,0x5a,0x25,0x5a,0xa3,0x49,0x63,0x39,0xe4,0x51,0x04,0x5a,
    0x45,0x5a,0x85,0x72,0xa5,0x72,0xa6,0x7a,0x44,0x62,0x04,0x62,0xe4,0x59,0x04,0x62,0x65,0x6a,0x65,0x72,0x85,0x6a,0x86,0x72,
    0x66,0x62,0xe4,0x59,0x05,0x5a,0x25,0x5a,0x85,0x72,0x66,0x6a,0x86,0x72,0x66,0x6a,0x66,0x6a,0xa7,0x72,0xc7,0x7a,0x45,0x62,
    0x66,0x6a,0x66,0x72,0x65,0x6a,0x45,0x62,0x45,0x62,0x46,0x5a,0x65,0x62,0x86,0x62,0x87,0x62,0x66,0x5a,0x25,0x5a,0x66,0x6a,
    0x05,0x5a,0xe4,0x51,0x65,0x62,0x66,0x6a,0x65,0x62,0x86,0x72,0x65,0x6a,0x25,0x5a,0x65,0x62,0x45,0x62,0x45,0x5a,0xa6,0x6a,
    0xe7,0x72,0x86,0x6a,0x86,0x62,0xa6,0x72,0xa6,0x7a,0x07,0x83,0x45,0x62,0x04,0x62,0xa6,0x72,0x25,0x6a,0x66,0x6a,0xe6,0x7a,
    0xc7,0x82,0xe7,0x8a,0x28,0x93,0x28,0x8b,0x69,0x9b,0x49,0x93,0x69,0x9b,0xa9,0xa3,0x89,0xa3,0x89,0x9b,0x89,0x9b,0x88,0x9b,
    0x69,0x9b,0x68,0x93,0x29,0x93,0x28,0x93,0x48,0x93,0xa7,0x7a,0xc7,0x7a,0x07,0x8b,0x08,0x83,0xe7,0x82,0xe8,0x82,0x49,0x8b,
    0x28,0x8b,0x29,0x8b,0x49,0x93,0x69,0x93,0x69,0x9b,0x89,0x9b,0x89,0x9b,0x89,0x9b,0x69,0x9b,0x89,0x9b,0x69,0x9b,0x69,0x93,
    0x69,0x9b,0x89,0x9b,0x88,0x9b,0xa9,0xa3,0xa9,0xa3,0x89,0x9b,0x69,0x9b,0x69,0x93,0x69,0x93,0x49,0x9b,0x69,0x93,0x28,0x93,
    0xc7,0x82,0xe7,0x82,0x87,0x72,0x87,0x6a,0xa7,0x6a,0x05,0x52,0xc5,0x49,0xe6,0x51,0x05,0x5a,0x87,0x6a,0x87,0x62,0x87,0x6a,
    0x46,0x62,0x46,0x52,0x27,0x52,0xe5,0x39,0x85,0x31,0x85,0x29,0xa6,0x31,0xa5,0x31,0xa5,0x39,0x85,0x39,0xa5,0x39,0xc5,0x41,
    0xe5,0x49,0x26,0x5a,0x87,0x62,0xc8,0x7a,0xc7,0x7a,0xc7,0x7a,0x07,0x83,0x08,0x8b,0x29,0x8b,0x08,0x8b,0x48,0x93,0x49,0x9b,
    0x68,0x93,0x48,0x93,0x48,0x93,0x48,0x9b,0x89,0x9b,0x88,0x9b,0x89,0xa3,0xa9,0x9b,0xa9,0xa3,0xa9,0xa3,0x89,0x9b,0x28,0x8b,
    0x07,0x8b,0x28,0x8b,0x86,0x6a,0xe5,0x49,0x63,0x41,0xe4,0x59,0x83,0x41,0xc5,0x7a,0x85,0x72,0xe4,0x59,0x65,0x6a,0x04,0x5a,
    0xc4,0x51,0x04,0x52,0x45,0x62,0x45,0x62,0x45,0x6a,0x65,0x6a,0x24,0x62,0x85,0x72,0x45,0x6a,0x45,0x6a,0x24,0x62,0xe4,0x59,
    0x25,0x62,0x45,0x6a,0x86,0x72,0x86,0x72,0x45,0x62,0x25,0x5a,0x25,0x62,0x85,0x6a,0x45,0x62,0x25,0x62,0x65,0x6a,0x46,0x6a,
    0xa6,0x6a,0x66,0x6a,0xa7,0x72,0x45,0x62,0x25,0x62,0x45,0x62,0x25,0x62,0x86,0x6a,0x86,0x6a,0x65,0x62,0x66,0x62,0xe7,0x72,
    0xa6,0x6a,0x66,0x62,0x25,0x5a,0x66,0x6a,0x46,0x62,0x25,0x5a,0xa6,0x72,0xa7,0x72,0x86,0x6a,0xe8,0x7a,0xa6,0x72,0x45,0x62,
    0xa7,0x72,0xa6,0x6a,0xa6,0x72,0xc7,0x72,0xc6,0x72,0x07,0x83,0xe7,0x82,0xe7,0x82,0xe7,0x8a,0x07,0x8b,0xe7,0x82,0xc7,0x7a,
    0xe7,0x7a,0x66,0x72,0xa6,0x72,0x28,0x93,0x08,0x8b,0x28,0x93,0x69,0x93,0xa9,0x9b,0x69,0x9b,0x48,0x93,0x89,0x9b,0x68,0x9b,
    0x89,0xa3,0xa9,0xa3,0x89,0x9b,0x69,0x93,0x27,0x8b,0xa6,0x7a,0xc6,0x7a,0x28,0x8b,0x28,0x93,0xe7,0x7a,0x86,0x72,0xa7,0x7a,
    0xc7,0x7a,0xe8,0x7a,0xe7,0x82,0x29,0x8b,0x29,0x8b,0x69,0x93,0x49,0x93,0x49,0x93,0x69,0x93,0x89,0x9b,0x89,0x9b,0x69,0x9b,
    0x89,0x9b,0x89,0x9b,0x69,0x93,0x69,0x9b,0x89,0x93,0x89,0x9b,0x69,0x9b,0x69,0x9b,0x89,0x9b,0x49,0x8b,0x28,0x8b,0x48,0x93,
    0x48,0x93,0x48,0x93,0x28,0x8b,0xe8,0x8a,0xe7,0x82,0xc7,0x82,0xc7,0x72,0x66,0x62,0xa5,0x41,0xa5,0x41,0xe5,0x49,0xe5,0x51,
    0x05,0x5a,0x66,0x62,0xa7,0x72,0x67,0x62,0xe5,0x49,0x06,0x52,0xe6,0x41,0xa5,0x31,0x65,0x29,0x65,0x31,0x65,0x29,0x65,0x29,
    0x85,0x31,0x64,0x31,0xa5,0x39,0xe5,0x49,0xe5,0x49,0x26,0x52,0x66,0x62,0x66,0x6a,0xa7,0x7a,0xe7,0x7a,0x28,0x83,0x28,0x93,
    0x28,0x8b,0x49,0x93,0x69,0x9b,0x48,0x93,0x69,0x9b,0x89,0x9b,0x68,0x9b,0x68,0x93,0x68,0x9b,0x89,0x9b,0x89,0x9b,0x89,0xa3,
    0xa9,0xa3,0x89,0x9b,0x48,0x93,0x28,0x93,0xe7,0x8a,0x28,0x8b,0xa6,0x6a,0x46,0x5a,0xa3,0x41,0x63,0x41,0x44,0x6a,0x06,0x83,
    0x85,0x6a,0x44,0x6a,0xa5,0x7a,0x44,0x62,0xe4,0x51,0x24,0x62,0x86,0x72,0x45,0x62,0x45,0x62,0x65,0x72,0x45,0x6a,0x86,0x72,
    0x85,0x72,0x45,0x6a,0x45,0x6a,0x25,0x62,0x66,0x72,0x45,0x6a,0xa6,0x72,0x66,0x6a,0x86,0x6a,0x46,0x62,0x65,0x6a,0xc6,0x7a,
    0x65,0x62,0x66,0x6a,0xa6,0x6a,0x86,0x72,0x46,0x6a,0x66,0x62,0x86,0x6a,0x25,0x5a,0x45,0x62,0x45,0x6a,0x66,0x6a,0x87,0x72,
    0x86,0x72,0x86,0x6a,0xe7,0x72,0xc7,0x72,0x87,0x6a,0x87,0x6a,0x66,0x6a,0x87,0x6a,0x66,0x62,0x66,0x6a,0x86,0x6a,0xc7,0x72,
    0xa7,0x72,0xa6,0x72,0x87,0x6a,0xc7,0x72,0x07,0x7b,0x08,0x83,0x48,0x8b,0x27,0x83,0xe7,0x82,0xe7,0x7a,0x07,0x83,0x07,0x83,
    0x07,0x83,0xc7,0x82,0xe7,0x82,0xe8,0x82,0x08,0x83,0xc8,0x7a,0xc7,0x7a,0x48,0x8b,0x28,0x8b,0x29,0x8b,0x69,0x9b,0x69,0x93,
    0x48,0x93,0x69,0x93,0x69,0x9b,0x48,0x93,0x69,0x93,0x68,0x93,0x28,0x93,0x48,0x93,0x08,0x83,0x85,0x72,0xc6,0x7a,0x28,0x93,
    0x49,0x93,0xa6,0x7a,0x86,0x6a,0x45,0x62,0x87,0x72,0xa7,0x7a,0xc7,0x72,0x49,0x8b,0x28,0x8b,0x09,0x83,0x28,0x8b,0x49,0x8b,
    0x49,0x93,0x69,0x93,0x69,0x9b,0x69,0x93,0x69,0x9b,0x69,0x93,0x69,0x9b,0x48,0x93,0x28,0x8b,0x69,0x93,0x69,0x93,0x48,0x8b,
    0x48,0x8b,0x28,0x8b,0x08,0x83,0x28,0x83,0x28,0x83,0x07,0x83,0xe7,0x82,0xe8,0x82,0xc7,0x7a,0xa7,0x72,0x66,0x62,0x05,0x52,
    0xc4,0x41,0xc6,0x49,0x27,0x5a,0xe5,0x51,0xe5,0x59,0x67,0x6a,0xe8,0x72,0x87,0x62,0xe6,0x51,0xe6,0x49,0xe5,0x41,0x65,0x31,
    0x04,0x21,0x24,0x21,0x44,0x29,0x64,0x29,0x65,0x31,0xc5,0x39,0xe5,0x49,0x06,0x52,0x45,0x5a,0x46,0x5a,0x87,0x6a,0xc7,0x7a,
    0xa7,0x7a,0xe7,0x7a,0x48,0x93,0x28,0x8b,0x28,0x93,0x68,0x93,0x69,0x9b,0x69,0x93,0x69,0x9b,0x68,0x93,0x69,0x9b,0x68,0x9b,
    0x68,0x9b,0x68,0x9b,0x68,0x9b,0x68,0x9b,0x68,0x9b,0x68,0x9b,0x27,0x8b,0x28,0x93,0x28,0x8b,0x28,0x93,0x27,0x8b,0xe7,0x7a,
    0xa4,0x49,0xa3,0x51,0xc6,0x72,0xa5,0x7a,0x85,0x6a,0xe6,0x82,0xa6,0x7a,0x86,0x72,0x85,0x72,0x86,0x72,0xa5,0x7a,0x24,0x62,
    0x24,0x6a,0xa6,0x72,0xa6,0x7a,0xa7,0x7a,0x66,0x6a,0x65,0x72,0xa6,0x72,0x66,0x72,0x66,0x6a,0x65,0x6a,0xa6,0x72,0xa7,0x7a,
    0x65,0x6a,0x25,0x5a,0x65,0x6a,0xa6,0x72,0x85,0x6a,0xc6,0x72,0xa6,0x72,0x86,0x6a,0x45,0x62,0x66,0x62,0x86,0x6a,0x45,0x62,
    0x66,0x62,0x66,0x62,0x45,0x62,0xa6,0x72,0x87,0x6a,0xa6,0x72,0xc7,0x72,0xa6,0x6a,0xa7,0x6a,0x87,0x72,0xa7,0x6a,0xa7,0x72,
    0xa6,0x72,0xc7,0x72,0xa7,0x72,0x87,0x72,0xc7,0x72,0xa7,0x72,0xc7,0x72,0xe8,0x82,0x28,0x83,0x48,0x8b,0x48,0x8b,0x28,0x83,
    0x08,0x83,0xe8,0x82,0xe7,0x7a,0xe7,0x82,0x08,0x83,0x07,0x83,0x28,0x8b,0x08,0x83,0x08,0x83,0xe8,0x7a,0x29,0x8b,0x29,0x8b,
    0x08,0x83,0x08,0x83,0x29,0x8b,0x28,0x8b,0x08,0x83,0x29,0x93,0x68,0x93,0x28,0x93,0x07,0x83,0x08,0x8b,0x28,0x8b,0x48,0x8b,
    0xc7,0x7a,0x65,0x6a,0xa7,0x72,0x08,0x83,0x08,0x8b,0x86,0x6a,0x25,0x62,0x25,0x62,0xc7,0x72,0xe7,0x7a,0xe8,0x82,0x08,0x83,
    0x08,0x83,0xe8,0x7a,0xe8,0x7a,0x09,0x83,0x28,0x83,0x49,0x93,0x48,0x8b,0x49,0x93,0x28,0x93,0x28,0x8b,0x48,0x8b,0x28,0x8b,
    0x28,0x8b,0x48,0x8b,0x48,0x8b,0x08,0x83,0x08,0x83,0x28,0x83,0xe8,0x82,0xe8,0x7a,0x28,0x83,0xc7,0x7a,0xa7,0x7a,0xa7,0x72,
    0x86,0x6a,0x86,0x6a,0xe4,0x51,0xe5,0x51,0xc5,0x41,0x85,0x41,0x05,0x52,0x06,0x5a,0x05,0x5a,0x26,0x6a,0x67,0x6a,0xa7,0x6a,
    0x47,0x52,0xc5,0x41,0xa5,0x39,0xc6,0x39,0x64,0x29,0x65,0x29,0x85,0x29,0x44,0x29,0x64,0x29,0xa5,0x39,0xe5,0x49,0x05,0x4a,
    0x46,0x5a,0x46,0x5a,0x66,0x62,0xa7,0x6a,0x87,0x72,0xc7,0x7a,0x28,0x8b,0x69,0x9b,0x69,0x9b,0x49,0x93,0x69,0x93,0x49,0x93,
    0x49,0x93,0x48,0x93,0x48,0x93,0x48,0x93,0x68,0x93,0x48,0x9b,0x27,0x93,0x27,0x93,0x27,0x93,0x27,0x93,0x27,0x93,0x68,0x9b,
    0x68,0x9b,0x89,0x9b,0x68,0x9b,0x68,0x93,0x42,0x41,0x25,0x6a,0x64,0x6a,0x65,0x6a,0xc6,0x82,0xe6,0x82,0x85,0x7a,0xc6,0x7a,
    0xa6,0x7a,0xa6,0x72,0x65,0x72,0x66,0x6a,0x65,0x72,0xa6,0x7a,0x86,0x6a,0x85,0x72,0xa6,0x72,0x65,0x6a,0x86,0x72,0x86,0x72,
    0x46,0x6a,0x66,0x72,0xa6,0x72,0x86,0x72,0x45,0x6a,0x66,0x6a,0xa6,0x72,0xa6,0x72,0x85,0x72,0xc6,0x7a,0xc6,0x7a,0x86,0x6a,
    0x25,0x62,0x66,0x62,0xa6,0x72,0x86,0x6a,0x65,0x6a,0x25,0x5a,0x66,0x6a,0xa7,0x72,0x66,0x6a,0x86,0x6a,0x66,0x6a,0x66,0x6a,
    0xa7,0x6a,0xc7,0x72,0xa6,0x6a,0xa7,0x6a,0xc7,0x7a,0xc8,0x7a,0xc7,0x7a,0xc8,0x7a,0xe8,0x7a,0xe7,0x7a,0x28,0x83,0x08,0x83,
    0x28,0x83,0x27,0x83,0x07,0x83,0x48,0x8b,0x28,0x83,0x08,0x83,0x08,0x83,0x08,0x83,0x28,0x83,0x08,0x83,0x08,0x83,0x28,0x8b,
    0x29,0x83,0xe7,0x7a,0x28,0x83,0x08,0x7b,0xe8,0x82,0xe8,0x7a,0x08,0x83,0xe8,0x7a,0x08,0x83,0x08,0x83,0x28,0x93,0x08,0x83,
    0xe8,0x82,0x07,0x83,0xc8,0x7a,0xe7,0x7a,0x08,0x83,0xa7,0x6a,0x86,0x6a,0xe7,0x7a,0xc7,0x72,0x66,0x62,0x05,0x62,0x45,0x5a,
    0x87,0x6a,0xe8,0x7a,0xe8,0x7a,0xc8,0x72,0xe8,0x72,0xe7,0x7a,0xc7,0x72,0xc7,0x7a,0x08,0x7b,0x28,0x8b,0x48,0x93,0x49,0x93,
    0x28,0x8b,0x28,0x93,0x28,0x8b,0x08,0x8b,0x28,0x8b,0x48,0x8b,0x28,0x8b,0x08,0x83,0x09,0x83,0x29,0x83,0xc7,0x7a,0xe8,0x82,
    0xc7,0x7a,0x86,0x72,0xa7,0x72,0x46,0x62,0x86,0x6a,0x46,0x5a,0x05,0x52,0xc5,0x49,0x64,0x39,0x84,0x39,0x06,0x5a,0xe4,0x59,
    0x05,0x5a,0x26,0x62,0x67,0x6a,0xa7,0x6a,0x87,0x62,0x46,0x5a,0x06,0x4a,0xc6,0x41,0x64,0x29,0x44,0x29,0x65,0x29,0x44,0x29,
    0x85,0x31,0xa5,0x39,0xe6,0x41,0xe6,0x41,0x06,0x4a,0x05,0x52,0x05,0x52,0x46,0x62,0x66,0x62,0xe7,0x82,0x28,0x93,0x49,0x93,
    0x48,0x93,0x28,0x8b,0x48,0x93,0x28,0x93,0x28,0x8b,0x28,0x93,0x08,0x8b,0xe7,0x8a,0x28,0x8b,0x68,0x9b,0x28,0x93,0x27,0x8b,
    0x07,0x8b,0x27,0x93,0x27,0x93,0x48,0x93,0xa9,0xa3,0x89,0x9b,0x89,0x9b,0x68,0x9b,0x04,0x62,0x24,0x6a,0x85,0x72,0x07,0x8b,
    0xc6,0x82,0xc6,0x82,0xc7,0x82,0xa6,0x7a,0xe6,0x7a,0xc6,0x7a,0xa5,0x72,0x66,0x72,0x65,0x6a,0xa7,0x7a,0x86,0x72,0x86,0x72,
    0x85,0x72,0x85,0x72,0x65,0x72,0x45,0x6a,0x45,0x6a,0x86,0x72,0xa7,0x72,0x86,0x72,0x66,0x72,0x87,0x72,0xa6,0x72,0xa6,0x7a,
    0xa6,0x72,0xa6,0x72,0xa6,0x72,0x66,0x6a,0x25,0x5a,0xa6,0x6a,0x86,0x6a,0xa7,0x72,0x25,0x62,0x26,0x5a,0x45,0x62,0x45,0x62,
    0xa6,0x72,0x86,0x6a,0x26,0x5a,0x65,0x62,0xc7,0x72,0xa7,0x6a,0xa6,0x72,0xc7,0x72,0xe8,0x7a,0xe8,0x82,0x08,0x83,0x08,0x83,
    0x08,0x83,0x08,0x83,0x48,0x8b,0x07,0x83,0x08,0x83,0x08,0x8b,0x48,0x83,0x28,0x8b,0x08,0x83,0x28,0x83,0x28,0x83,0x29,0x83,
    0x08,0x83,0x29,0x83,0x08,0x83,0x08,0x83,0x08,0x7b,0xe8,0x7a,0x08,0x7b,0xe8,0x7a,0x08,0x7b,0x08,0x83,0xe8,0x82,0x09,0x83,
    0xe8,0x82,0x08,0x7b,0x08,0x83,0x08,0x83,0xe8,0x7a,0xa7,0x6a,0xa7,0x72,0xc8,0x72,0xc7,0x7a,0x65,0x62,0xa7,0x72,0xe7,0x7a,
    0x87,0x6a,0x87,0x6a,0x46,0x5a,0x87,0x62,0x66,0x6a,0xc7,0x6a,0xe8,0x72,0xc8,0x72,0xa7,0x6a,0xc8,0x72,0xe8,0x7a,0xe8,0x7a,
    0xe8,0x82,0x28,0x83,0x69,0x93,0x89,0x9b,0x48,0x93,0x28,0x93,0x48,0x8b,0x28,0x8b,0x48,0x93,0x28,0x8b,0x29,0x8b,0x28,0x83,
    0xe8,0x82,0xc8,0x7a,0xc7,0x7a,0xc8,0x7a,0x66,0x6a,0x86,0x72,0x87,0x6a,0x46,0x62,0x46,0x5a,0x05,0x52,0x05,0x52,0xa5,0x41,
    0x84,0x41,0xc5,0x49,0x26,0x52,0x05,0x5a,0x46,0x62,0x06,0x62,0x87,0x6a,0xe8,0x7a,0xc8,0x72,0x66,0x5a,0x06,0x4a,0xc5,0x39,
    0x85,0x29,0x44,0x29,0x65,0x29,0x65,0x29,0x65,0x29,0x85,0x31,0xc5,0x39,0xc5,0x39,0x05,0x52,0x47,0x5a,0x46,0x5a,0x46,0x5a,
    0x87,0x6a,0x07,0x83,0xe7,0x8a,0x28,0x8b,0x07,0x8b,0xe8,0x8a,0x08,0x8b,0x08,0x8b,0x08,0x83,0x28,0x83,0x07,0x8b,0xe7,0x82,
    0xe7,0x8a,0x48,0x93,0x28,0x8b,0x07,0x8b,0x28,0x93,0xe7,0x8a,0x27,0x93,0x48,0x93,0x68,0x9b,0x68,0x9b,0x68,0x9b,0x68,0x93,
    0x65,0x72,0x85,0x7a,0x65,0x7a,0xa6,0x7a,0xc6,0x82,0xc7,0x82,0xa6,0x7a,0xa6,0x72,0xa6,0x7a,0xa6,0x7a,0x86,0x6a,0x24,0x6a,
    0xa6,0x72,0x86,0x72,0x65,0x72,0xa6,0x72,0x66,0x72,0x85,0x72,0x45,0x6a,0x25,0x62,0x66,0x72,0xa6,0x7a,0xa7,0x7a,0xa7,0x72,
    0x87,0x72,0x66,0x6a,0x86,0x72,0xa6,0x7a,0x07,0x7b,0x85,0x72,0x86,0x72,0x66,0x6a,0x65,0x6a,0x87,0x6a,0x86,0x72,0x86,0x6a,
    0x05,0x5a,0x25,0x62,0x26,0x5a,0xe5,0x59,0x66,0x62,0x86,0x6a,0x66,0x6a,0x86,0x6a,0x87,0x72,0xc7,0x72,0xe8,0x7a,0xa7,0x72,
    0xc7,0x7a,0xe8,0x7a,0xe8,0x82,0xc8,0x7a,0x86,0x72,0xe7,0x82,0x28,0x8b,0x28,0x83,0x28,0x8b,0x28,0x83,0x48,0x8b,0x08,0x83,
    0xe7,0x7a,0x08,0x83,0x28,0x83,0x29,0x83,0xe8,0x82,0xe8,0x82,0xe8,0x7a,0xe8,0x7a,0xa7,0x72,0xc8,0x72,0x87,0x6a,0xe8,0x7a,
    0xe8,0x7a,0xc8,0x7a,0xe8,0x7a,0x08,0x7b,0xe8,0x7a,0xc8,0x7a,0xe8,0x7a,0xc8,0x72,0xa7,0x6a,0xa7,0x6a,0xe8,0x72,0xe8,0x72,
    0xa7,0x72,0x87,0x6a,0x87,0x6a,0x86,0x6a,0x87,0x62,0x67,0x62,0x66,0x62,0xa7,0x6a,0xa7,0x6a,0xa8,0x6a,0xc8,0x72,0xc8,0x72,
    0xa7,0x6a,0xa7,0x72,0x07,0x7b,0x29,0x83,0x28,0x8b,0x48,0x8b,0x69,0x93,0x68,0x93,0x69,0x9b,0x49,0x93,0x28,0x8b,0x49,0x93,
    0x48,0x8b,0x08,0x8b,0x28,0x8b,0x28,0x8b,0xc7,0x7a,0xc8,0x7a,0xe8,0x82,0xa6,0x72,0x66,0x6a,0x66,0x6a,0x66,0x62,0x66,0x62,
    0x05,0x5a,0xe5,0x51,0xa5,0x41,0xe5,0x51,0xc5,0x49,0xe5,0x49,0xe5,0x51,0x05,0x52,0x05,0x62,0xc4,0x59,0x87,0x6a,0x09,0x7b,
    0x87,0x6a,0x46,0x5a,0xc5,0x39,0x85,0x31,0xa5,0x31,0x65,0x29,0x65,0x29,0x64,0x29,0x85,0x31,0x65,0x29,0x85,0x31,0xc5,0x41,
    0x26,0x52,0x46,0x5a,0x47,0x62,0x46,0x62,0x87,0x6a,0xe6,0x82,0xc7,0x82,0xe7,0x82,0xe8,0x82,0xc7,0x82,0xe7,0x82,0xe7,0x82,
    0xe8,0x82,0xe8,0x82,0x28,0x8b,0x07,0x8b,0x28,0x8b,0x49,0x93,0xe7,0x8a,0x08,0x8b,0x28,0x93,0x07,0x8b,0x08,0x8b,0x48,0x93,
    0x28,0x93,0x28,0x8b,0x28,0x93,0x07,0x8b,0x45,0x72,0x45,0x72,0x65,0x72,0xa6,0x82,0x85,0x7a,0x85,0x72,0x45,0x72,0x86,0x72,
    0x86,0x6a,0x65,0x6a,0x45,0x6a,0x66,0x6a,0x66,0x72,0x65,0x6a,0x86,0x72,0x86,0x72,0x85,0x72,0x66,0x6a,0x86,0x72,0x46,0x6a,
    0x85,0x6a,0xc6,0x7a,0xa6,0x72,0x86,0x72,0x66,0x6a,0x65,0x72,0xc6,0x7a,0xa6,0x7a,0xc6,0x7a,0x66,0x72,0x86,0x72,0x66,0x6a,
    0x86,0x6a,0x66,0x6a,0x66,0x6a,0x66,0x6a,0x25,0x62,0x05,0x5a,0x25,0x5a,0x45,0x62,0x46,0x62,0x45,0x62,0x66,0x62,0x86,0x6a,
    0xa7,0x72,0xc7,0x7a,0xa7,0x72,0xa7,0x72,0xc7,0x7a,0xc8,0x7a,0xa7,0x72,0x66,0x6a,0x66,0x6a,0xe7,0x7a,0x07,0x83,0x08,0x83,
    0x08,0x8b,0x08,0x83,0x28,0x8b,0x07,0x83,0xe7,0x7a,0xe7,0x7a,0x08,0x83,0xe8,0x82,0xe8,0x7a,0xc8,0x7a,0xc7,0x7a,0xa7,0x7a,
    0x87,0x72,0xa7,0x6a,0x66,0x6a,0xc8,0x72,0xe8,0x7a,0xc8,0x72,0xa7,0x72,0xc7,0x7a,0x08,0x7b,0xe8,0x7a,0xe8,0x82,0xe8,0x72,
    0x87,0x6a,0x87,0x6a,0x67,0x6a,0x87,0x6a,0x67,0x62,0x87,0x6a,0x87,0x6a,0x86,0x62,0x87,0x6a,0x87,0x6a,0xc7,0x72,0xe8,0x7a,
    0xe8,0x72,0xc8,0x72,0x08,0x7b,0x08,0x7b,0xe8,0x7a,0xc7,0x72,0xc7,0x7a,0x49,0x8b,0x69,0x8b,0x68,0x8b,0x49,0x93,0x49,0x93,
    0x48,0x93,0x69,0x93,0x49,0x93,0x48,0x8b,0x48,0x93,0x08,0x8b,0x28,0x8b,0x48,0x8b,0xe8,0x7a,0xe8,0x7a,0x08,0x83,0x87,0x72,
    0x86,0x6a,0x66,0x6a,0x46,0x62,0x25,0x5a,0xe5,0x51,0x84,0x41,0xa5,0x41,0xe5,0x49,0xe6,0x51,0x25,0x5a,0x05,0x52,0x25,0x5a,
    0x05,0x5a,0x05,0x5a,0xc7,0x72,0x87,0x62,0x46,0x5a,0xe5,0x49,0x84,0x31,0x85,0x31,0x65,0x29,0x64,0x29,0x65,0x29,0x65,0x31,
    0x85,0x31,0xa5,0x39,0xc5,0x41,0xc5,0x41,0x06,0x4a,0x26,0x52,0x26,0x52,0x26,0x62,0x46,0x62,0xa6,0x72,0x86,0x6a,0xa7,0x72,
    0xc7,0x7a,0xc7,0x72,0xc8,0x7a,0xe7,0x7a,0xc8,0x7a,0x08,0x83,0xe8,0x82,0x28,0x93,0x28,0x93,0x28,0x93,0xe7,0x82,0x07,0x8b,
    0x28,0x8b,0x07,0x83,0x28,0x8b,0x07,0x83,0xe7,0x82,0x07,0x8b,0xe7,0x82,0x07,0x83,0x65,0x72,0x44,0x6a,0x65,0x72,0xc6,0x82,
    0x65,0x7a,0xc6,0x7a,0x86,0x72,0x24,0x62,0xe4,0x61,0x25,0x62,0x25,0x6a,0x46,0x6a,0x04,0x62,0x66,0x6a,0x85,0x72,0x66,0x6a,
    0x65,0x6a,0x66,0x72,0x45,0x6a,0x25,0x6a,0x86,0x72,0xa5,0x72,0x86,0x72,0x66,0x6a,0x66,0x6a,0xa6,0x72,0x86,0x72,0x86,0x72,
    0x85,0x72,0x86,0x6a,0x65,0x6a,0x66,0x6a,0x66,0x6a,0x25,0x62,0x66,0x6a,0x45,0x6a,0x25,0x5a,0x25,0x62,0x46,0x62,0x66,0x6a,
    0x66,0x6a,0x25,0x62,0x25,0x62,0x66,0x6a,0x86,0x6a,0x66,0x6a,0x66,0x72,0xc7,0x7a,0xe8,0x7a,0x86,0x72,0xa7,0x72,0x86,0x6a,
    0x65,0x6a,0xa7,0x7a,0xc6,0x7a,0xe8,0x82,0xe7,0x82,0x08,0x83,0x07,0x83,0xe8,0x7a,0xe7,0x7a,0xc8,0x7a,0xc7,0x7a,0xc8,0x72,
    0xa7,0x72,0xa8,0x72,0xc7,0x72,0xa7,0x72,0x66,0x6a,0xa7,0x72,0xa7,0x6a,0xa7,0x6a,0xa7,0x6a,0xa7,0x72,0xc7,0x72,0xe8,0x7a,
    0xc8,0x82,0xc8,0x7a,0xe8,0x7a,0xc8,0x72,0x87,0x6a,0x46,0x62,0x06,0x5a,0x87,0x62,0x66,0x62,0x46,0x62,0x86,0x6a,0xe8,0x7a,
    0xa7,0x72,0xa7,0x6a,0xc7,0x72,0x08,0x83,0x29,0x83,0x29,0x83,0x29,0x83,0x29,0x83,0x29,0x83,0x29,0x83,0xe8,0x7a,0x08,0x83,
    0x69,0x8b,0x69,0x93,0x48,0x93,0x48,0x8b,0x49,0x93,0x49,0x8b,0x49,0x8b,0x49,0x8b,0x28,0x83,0x28,0x83,0x49,0x8b,0x28,0x83,
    0xc7,0x7a,0xe8,0x7a,0x08,0x83,0xa7,0x72,0xa6,0x72,0xa7,0x6a,0xa6,0x72,0x66,0x62,0xe5,0x51,0x84,0x41,0xa4,0x41,0xa5,0x49,
    0xe5,0x49,0x26,0x5a,0x45,0x62,0x26,0x62,0x46,0x62,0x26,0x5a,0x87,0x62,0x26,0x52,0x06,0x52,0x06,0x4a,0xa5,0x39,0xa6,0x31,
    0x85,0x31,0x44,0x29,0x64,0x29,0x85,0x31,0x84,0x31,0xa5,0x39,0xa5,0x39,0xe5,0x41,0x06,0x4a,0x05,0x52,0x05,0x4a,0x26,0x5a,
    0x46,0x5a,0x66,0x62,0x45,0x62,0xa7,0x72,0x87,0x6a,0x66,0x6a,0x66,0x6a,0x87,0x72,0xc7,0x7a,0xe8,0x82,0x08,0x8b,0x07,0x83,
    0xe7,0x8a,0xa6,0x7a,0xe7,0x82,0x07,0x83,0x07,0x83,0xe7,0x7a,0x08,0x83,0xc7,0x7a,0xa6,0x72,0xe7,0x7a,0xc7,0x7a,0x08,0x83,
    0x45,0x72,0x65,0x7a,0x24,0x6a,0x85,0x7a,0x86,0x7a,0x65,0x72,0x85,0x72,0x05,0x62,0x24,0x62,0x05,0x62,0x25,0x62,0x25,0x62,
    0x25,0x62,0x65,0x72,0x65,0x6a,0x05,0x6a,0x45,0x6a,0x45,0x6a,0x25,0x62,0x66,0x6a,0xa5,0x7a,0x65,0x6a,0x24,0x62,0x65,0x72,
    0x86,0x72,0xa6,0x72,0x65,0x6a,0x65,0x72,0x65,0x6a,0x45,0x6a,0x25,0x5a,0x25,0x62,0x24,0x62,0x05,0x62,0x25,0x62,0x46,0x62,
    0x46,0x6a,0x25,0x5a,0x05,0x5a,0x46,0x62,0x66,0x6a,0x86,0x6a,0x66,0x6a,0x66,0x6a,0x66,0x72,0x66,0x72,0x86,0x72,0xa7,0x72,
    0xc8,0x7a,0xa7,0x72,0xa6,0x72,0x66,0x62,0x65,0x6a,0x86,0x6a,0xa6,0x72,0xc7,0x7a,0xc7,0x7a,0xe7,0x82,0xe7,0x7a,0xc7,0x7a,
    0xc8,0x7a,0xc7,0x7a,0xe8,0x7a,0xa7,0x72,0xa7,0x7a,0xa8,0x72,0xe8,0x82,0xe8,0x82,0x46,0x6a,0x66,0x62,0x87,0x6a,0x46,0x62,
    0x46,0x62,0x67,0x6a,0xa7,0x72,0xe8,0x82,0xe8,0x7a,0xc7,0x72,0xe8,0x72,0xc7,0x72,0x87,0x6a,0x87,0x6a,0x46,0x5a,0x87,0x6a,
    0x87,0x6a,0x66,0x6a,0x86,0x6a,0xe8,0x82,0xa7,0x72,0x66,0x62,0xa7,0x72,0x29,0x83,0x29,0x8b,0x29,0x83,0x29,0x8b,0x29,0x83,
    0x29,0x8b,0x08,0x83,0xe8,0x82,0x49,0x8b,0x29,0x8b,0x49,0x8b,0x49,0x83,0x29,0x8b,0x28,0x83,0x49,0x8b,0x29,0x83,0x09,0x83,
    0x09,0x83,0x08,0x83,0x28,0x83,0x29,0x8b,0xc7,0x7a,0xa7,0x72,0xc7,0x7a,0x87,0x72,0x86,0x6a,0x87,0x72,0x66,0x6a,0xe4,0x59,
    0xc5,0x49,0x84,0x41,0x84,0x41,0xc5,0x49,0xa5,0x49,0x05,0x52,0x05,0x52,0x25,0x5a,0x26,0x5a,0x04,0x52,0x67,0x62,0x86,0x62,
    0x06,0x4a,0xc5,0x39,0xa5,0x39,0xa5,0x39,0x65,0x29,0x64,0x29,0x45,0x29,0x85,0x31,0xa5,0x31,0xa5,0x39,0xa5,0x39,0xe6,0x41,
    0x06,0x4a,0x26,0x4a,0x26,0x52,0x46,0x5a,0x25,0x52,0x25,0x5a,0x25,0x5a,0x05,0x5a,0x46,0x62,0x25,0x5a,0x46,0x62,0xa7,0x72,
    0xa6,0x72,0xc7,0x7a,0x08,0x8b,0xe7,0x82,0xe7,0x82,0x86,0x72,0xa7,0x72,0xc6,0x7a,0xc7,0x72,0xa7,0x72,0xa6,0x72,0x66,0x62,
    0x66,0x62,0x46,0x6a,0xc7,0x72,0xc7,0x7a,0x45,0x72,0x85,0x72,0x04,0x6a,0x44,0x6a,0x45,0x6a,0x65,0x6a,0x45,0x6a,0x25,0x62,
    0x25,0x5a,0xe4,0x61,0x65,0x6a,0x04,0x62,0x25,0x6a,0x86,0x72,0x45,0x6a,0x25,0x62,0x66,0x6a,0x25,0x62,0x26,0x6a,0xa6,0x6a,
    0x65,0x6a,0x65,0x72,0x46,0x6a,0x25,0x62,0x46,0x6a,0x45,0x6a,0x26,0x6a,0x86,0x6a,0x44,0x6a,0x25,0x62,0xe5,0x59,0x05,0x5a,
    0x25,0x62,0x46,0x62,0x45,0x62,0x05,0x5a,0x04,0x52,0x25,0x62,0x05,0x5a,0x46,0x62,0x25,0x5a,0x46,0x62,0xc8,0x72,0x86,0x72,
    0x66,0x62,0x87,0x6a,0x87,0x72,0xc7,0x72,0xa7,0x72,0xa7,0x72,0xc7,0x72,0x26,0x62,0x46,0x62,0x87,0x72,0xc7,0x7a,0xc8,0x7a,
    0xa7,0x72,0xc7,0x7a,0xa7,0x72,0xc7,0x7a,0xa7,0x7a,0xc7,0x7a,0xc7,0x7a,0xc8,0x72,0xc8,0x7a,0xa7,0x72,0xc8,0x72,0xa7,0x72,
    0x87,0x6a,0x66,0x6a,0x66,0x62,0x87,0x6a,0x46,0x62,0x87,0x6a,0xa7,0x7a,0xc7,0x7a,0xc7,0x7a,0xa7,0x72,0xa7,0x72,0xa8,0x6a,
    0xc8,0x6a,0xe8,0x72,0x87,0x6a,0x87,0x6a,0x66,0x62,0x08,0x83,0xe7,0x7a,0x28,0x83,0x27,0x83,0xc7,0x72,0xe8,0x7a,0x28,0x83,
    0x09,0x83,0x49,0x8b,0x29,0x83,0x28,0x83,0x08,0x83,0x09,0x83,0x29,0x83,0x09,0x83,0x08,0x83,0x08,0x83,0x09,0x83,0xe8,0x82,
    0xe8,0x7a,0x29,0x8b,0x08,0x83,0x08,0x7b,0x08,0x83,0x29,0x7b,0xe8,0x82,0xe8,0x7a,0xc8,0x7a,0x87,0x72,0x86,0x72,0x87,0x72,
    0x86,0x72,0x86,0x6a,0x05,0x5a,0xc4,0x51,0xc5,0x51,0xc5,0x49,0xa4,0x41,0xa5,0x41,0xa4,0x41,0xc5,0x49,0xc5,0x41,0x06,0x52,
    0xe5,0x49,0xc5,0x49,0xe5,0x51,0xe5,0x41,0xc5,0x41,0xa5,0x39,0xa4,0x31,0x64,0x29,0x65,0x29,0x85,0x29,0x85,0x29,0x85,0x31,
    0xa5,0x31,0xe6,0x39,0x84,0x31,0x84,0x31,0xa4,0x31,0xa4,0x31,0xa4,0x41,0x05,0x4a,0x26,0x52,0x05,0x52,0x46,0x5a,0x46,0x62,
    0x46,0x62,0x25,0x5a,0x87,0x6a,0x86,0x72,0x86,0x72,0x87,0x7a,0xc7,0x7a,0xc7,0x7a,0xc7,0x7a,0x86,0x6a,0x66,0x6a,0xc7,0x7a,
    0x66,0x62,0x66,0x62,0x46,0x62,0x05,0x5a,0x25,0x5a,0x46,0x62,0xa7,0x6a,0xa6,0x6a,0x45,0x6a,0x24,0x6a,0x24,0x6a,0x45,0x6a,
    0x25,0x6a,0x25,0x6a,0x45,0x6a,0x86,0x6a,0x25,0x62,0xa6,0x72,0x66,0x72,0x45,0x6a,0x45,0x6a,0x46,0x6a,0x04,0x62,0x45,0x62,
    0x45,0x6a,0x25,0x62,0x66,0x6a,0x45,0x6a,0x46,0x6a,0x66,0x6a,0x86,0x72,0x45,0x6a,0x45,0x6a,0x45,0x6a,0x45,0x6a,0x25,0x6a,
    0x04,0x5a,0x05,0x5a,0x05,0x5a,0x25,0x5a,0xe5,0x59,0x25,0x5a,0x66,0x6a,0x05,0x5a,0x25,0x5a,0x05,0x5a,0x66,0x6a,0x46,0x62,
    0x46,0x62,0x46,0x62,0xa7,0x72,0xe8,0x72,0x67,0x6a,0x66,0x6a,0x86,0x6a,0xa7,0x6a,0xa7,0x72,0xa7,0x6a,0x87,0x6a,0x05,0x5a,
    0x46,0x5a,0xa6,0x6a,0xa7,0x72,0xc7,0x72,0x66,0x6a,0x86,0x72,0x87,0x72,0xc7,0x72,0x86,0x72,0x87,0x72,0x67,0x6a,0xa7,0x72,
    0xc7,0x7a,0x87,0x6a,0x87,0x6a,0x87,0x6a,0x87,0x62,0x67,0x6a,0x86,0x62,0x87,0x6a,0x87,0x6a,0xc7,0x7a,0xc8,0x7a,0xc7,0x7a,
    0xe8,0x72,0xa7,0x72,0xc8,0x72,0xa7,0x6a,0xc8,0x72,0xc8,0x72,0xc8,0x7a,0xc8,0x72,0x66,0x62,0x28,0x8b,0x48,0x93,0x28,0x93,
    0x48,0x8b,0x29,0x83,0x29,0x83,0x08,0x83,0x09,0x83,0x89,0x8b,0x29,0x83,0xe8,0x7a,0xe8,0x82,0xe7,0x7a,0x08,0x83,0x08,0x83,
    0xe8,0x7a,0x45,0x62,0xe7,0x7a,0x28,0x83,0xc7,0x7a,0xe8,0x7a,0x08,0x7b,0xe8,0x72,0x08,0x7b,0x08,0x7b,0xc8,0x7a,0xe8,0x7a,
    0xc7,0x72,0xa7,0x6a,0xa7,0x72,0x87,0x6a,0x86,0x6a,0x25,0x62,0x66,0x62,0x46,0x62,0x05,0x52,0x84,0x41,0xc5,0x49,0xe5,0x51,
    0xe6,0x49,0xa4,0x41,0xe6,0x49,0x06,0x52,0xe5,0x51,0xa5,0x41,0x85,0x41,0xa5,0x39,0x84,0x31,0x64,0x29,0x44,0x21,0x44,0x29,
    0x24,0x21,0x23,0x21,0x65,0x29,0x85,0x31,0xa5,0x31,0x64,0x29,0x44,0x21,0x44,0x29,0x85,0x29,0x84,0x31,0xe5,0x41,0x06,0x52,
    0x25,0x52,0x46,0x62,0x66,0x62,0x25,0x5a,0x86,0x6a,0x25,0x5a,0x46,0x62,0x66,0x62,0x66,0x62,0x86,0x6a,0xc7,0x7a,0xa7,0x72,
    0x66,0x6a,0x66,0x62,0x46,0x62,0x66,0x62,0x67,0x62,0x66,0x62,0x05,0x52,0x25,0x5a,0xe4,0x51,0x25,0x5a,0x46,0x62,0x66,0x62,
    0x24,0x6a,0x24,0x62,0x05,0x62,0x25,0x6a,0x45,0x6a,0x66,0x6a,0x86,0x72,0x87,0x6a,0x86,0x6a,0x67,0x6a,0x66,0x6a,0x46,0x6a,
    0x45,0x62,0x25,0x62,0x05,0x5a,0x25,0x62,0x25,0x62,0x25,0x5a,0x45,0x62,0x05,0x62,0x25,0x62,0x05,0x62,0x25,0x62,0x25,0x6a,
    0x05,0x62,0x26,0x6a,0x25,0x62,0x04,0x5a,0x05,0x5a,0xe4,0x59,0x05,0x5a,0x46,0x5a,0x25,0x5a,0x46,0x62,0x05,0x5a,0xc4,0x51,
    0x05,0x5a,0x26,0x62,0x45,0x5a,0x46,0x62,0x67,0x62,0x87,0x6a,0xa7,0x6a,0xa7,0x72,0xa7,0x6a,0x66,0x62,0x67,0x6a,0xa7,0x6a,
    0xa8,0x6a,0xa7,0x6a,0x87,0x6a,0x05,0x5a,0x05,0x5a,0x86,0x6a,0xa7,0x6a,0x66,0x6a,0x66,0x6a,0x86,0x6a,0xa7,0x72,0xa7,0x72,
    0x86,0x6a,0x87,0x6a,0x86,0x72,0xc8,0x72,0xa7,0x72,0x87,0x6a,0xc7,0x72,0x87,0x6a,0x66,0x62,0x87,0x62,0x87,0x6a,0x87,0x62,
    0xa7,0x6a,0xa7,0x72,0x08,0x7b,0xe8,0x7a,0xa7,0x72,0xc7,0x72,0xa8,0x72,0xe8,0x72,0x08,0x7b,0xc8,0x72,0x08,0x7b,0x48,0x83,
    0xc7,0x72,0x48,0x8b,0x49,0x93,0x69,0x9b,0x68,0x93,0x28,0x8b,0x08,0x83,0xc8,0x7a,0x07,0x7b,0x28,0x8b,0x08,0x83,0x48,0x8b,
    0x28,0x8b,0xe7,0x82,0x49,0x8b,0xe8,0x7a,0x07,0x83,0x27,0x93,0x28,0x8b,0xc6,0x7a,0x66,0x72,0xe8,0x7a,0xe8,0x7a,0x08,0x7b,
    0xe8,0x7a,0xe8,0x72,0xc7,0x72,0xc7,0x72,0xc8,0x72,0xa7,0x6a,0x87,0x6a,0x87,0x6a,0x66,0x6a,0x67,0x62,0x87,0x6a,0x46,0x62,
    0xe4,0x51,0xc5,0x41,0x84,0x41,0x06,0x52,0xc5,0x49,0xa5,0x49,0x26,0x52,0x26,0x5a,0xe5,0x49,0x85,0x41,0xa5,0x41,0xa5,0x39,
    0x64,0x29,0x04,0x21,0x03,0x21,0x24,0x21,0x04,0x19,0x03,0x19,0x03,0x19,0x03,0x19,0x04,0x21,0x45,0x29,0x65,0x29,0x44,0x29,
    0x85,0x31,0xc5,0x41,0x06,0x52,0x06,0x52,0x05,0x4a,0x46,0x5a,0x25,0x5a,0x45,0x5a,0x05,0x52,0x05,0x52,0x45,0x5a,0x05,0x5a,
    0xe4,0x51,0x46,0x5a,0xa7,0x72,0x25,0x5a,0x05,0x5a,0x66,0x6a,0x25,0x5a,0x25,0x62,0x66,0x62,0xe5,0x51,0x25,0x52,0x25,0x5a,
    0x26,0x5a,0xe4,0x51,0x05,0x5a,0x66,0x6a,0x45,0x6a,0x05,0x62,0x24,0x62,0x25,0x6a,0x46,0x6a,0x66,0x6a,0x45,0x62,0x46,0x62,
    0x46,0x62,0x25,0x5a,0x46,0x62,0x46,0x62,0x46,0x6a,0x25,0x62,0x05,0x5a,0x45,0x62,0x46,0x62,0x25,0x5a,0x05,0x5a,0x05,0x5a,
    0x04,0x5a,0x05,0x5a,0x25,0x62,0xe5,0x51,0xe4,0x51,0x05,0x5a,0x05,0x5a,0xe4,0x51,0x05,0x5a,0xc4,0x51,0xe5,0x59,0x05,0x5a,
    0x05,0x5a,0x25,0x5a,0x25,0x5a,0xe5,0x59,0x05,0x52,0x66,0x62,0x26,0x62,0x25,0x5a,0x05,0x5a,0x87,0x6a,0xa7,0x72,0x87,0x6a,
    0x66,0x62,0x87,0x6a,0x66,0x62,0x86,0x6a,0xc8,0x72,0x67,0x6a,0x66,0x62,0x05,0x5a,0x25,0x5a,0x46,0x62,0x87,0x6a,0x87,0x6a,
    0x66,0x62,0xa7,0x6a,0xc8,0x72,0x87,0x6a,0x67,0x62,0xa7,0x6a,0x87,0x6a,0xc7,0x72,0xc7,0x72,0x86,0x62,0x87,0x6a,0x87,0x62,
    0x87,0x62,0x87,0x62,0x86,0x6a,0xa7,0x6a,0xa7,0x72,0xa7,0x6a,0xe8,0x82,0xc7,0x7a,0x87,0x6a,0x09,0x7b,0xe8,0x7a,0x08,0x83,
    0x28,0x7b,0xc7,0x7a,0x07,0x7b,0x49,0x8b,0x28,0x8b,0x48,0x93,0x28,0x8b,0x48,0x9b,0x68,0x93,0x28,0x8b,0x08,0x7b,0xc7,0x7a,
    0x86,0x72,0xc6,0x82,0x28,0x8b,0x89,0x9b,0x08,0x8b,0xc7,0x7a,0x08,0x8b,0xc7,0x82,0x27,0x93,0x68,0x9b,0x48,0x9b,0xe6,0x82,
    0xe8,0x7a,0x08,0x83,0x28,0x83,0x08,0x83,0xe8,0x7a,0x29,0x8b,0xc7,0x72,0x87,0x6a,0x87,0x6a,0xa7,0x6a,0x67,0x62,0x86,0x6a,
    0x67,0x62,0x66,0x62,0x46,0x62,0x45,0x5a,0xe4,0x51,0xe5,0x49,0x64,0x41,0xa5,0x41,0xa5,0x41,0xe5,0x49,0x27,0x5a,0x06,0x4a,
    0x06,0x52,0xe5,0x49,0x06,0x4a,0xa5,0x39,0xa4,0x31,0x44,0x29,0x44,0x21,0x44,0x21,0x44,0x21,0x25,0x21,0x24,0x21,0x24,0x29,
    0x44,0x21,0x45,0x29,0x65,0x29,0x65,0x29,0x64,0x31,0xa4,0x31,0xa4,0x39,0xc5,0x49,0x05,0x52,0x06,0x4a,0xa4,0x41,0xe5,0x51,
    0x05,0x52,0x25,0x5a,0xe5,0x49,0xe5,0x49,0x05,0x52,0x25,0x5a,0x46,0x5a,0x05,0x52,0x25,0x5a,0xa7,0x6a,0x46,0x62,0xa7,0x6a,
    0x66,0x62,0xe4,0x49,0xc4,0x49,0xe4,0x41,0x05,0x52,0xc3,0x49,0x45,0x5a,0x25,0x62,0x25,0x62,0x05,0x62,0x46,0x6a,0x25,0x6a,
    0x25,0x62,0x66,0x6a,0x25,0x62,0x05,0x5a,0x05,0x5a,0x26,0x5a,0x26,0x62,0x66,0x62,0x66,0x6a,0x45,0x62,0x26,0x5a,0x25,0x5a,
    0x05,0x5a,0x05,0x5a,0xc4,0x51,0xe4,0x59,0xe5,0x51,0xe4,0x59,0xc4,0x49,0xc4,0x51,0x05,0x5a,0x26,0x5a,0x25,0x5a,0xe5,0x59,
    0x05,0x5a,0x04,0x52,0xc4,0x49,0xe5,0x51,0x05,0x5a,0x05,0x5a,0x05,0x5a,0x46,0x62,0x25,0x5a,0x67,0x6a,0x66,0x62,0x25,0x5a,
    0x26,0x5a,0x05,0x5a,0x87,0x6a,0xa7,0x72,0x67,0x62,0x66,0x6a,0xa7,0x72,0x87,0x72,0xa7,0x72,0xa7,0x6a,0x66,0x62,0x66,0x62,
    0x67,0x62,0x87,0x6a,0x87,0x62,0x66,0x62,0x67,0x62,0x66,0x5a,0x87,0x62,0x87,0x6a,0x46,0x62,0x66,0x62,0x46,0x62,0x87,0x62,
    0x67,0x6a,0x66,0x5a,0x66,0x62,0x66,0x62,0x67,0x62,0x86,0x62,0x66,0x62,0x66,0x62,0xe8,0x7a,0x87,0x6a,0x87,0x72,0xa7,0x72,
    0x87,0x6a,0x08,0x7b,0x08,0x7b,0x29,0x83,0x49,0x8b,0x28,0x83,0x28,0x8b,0x48,0x8b,0x07,0x8b,0x08,0x8b,0x27,0x8b,0x28,0x93,
    0x68,0x9b,0x48,0x93,0xc7,0x82,0xe7,0x82,0xc6,0x7a,0xe7,0x82,0x48,0x93,0x69,0x93,0xe7,0x8a,0x07,0x8b,0x07,0x8b,0x08,0x8b,
    0x28,0x93,0x27,0x93,0x28,0x93,0x27,0x8b,0x28,0x93,0x28,0x8b,0x49,0x93,0xe8,0x82,0x08,0x83,0x48,0x8b,0x08,0x83,0xa7,0x72,
    0xc8,0x72,0x67,0x62,0x87,0x6a,0x66,0x62,0x87,0x6a,0x46,0x62,0x05,0x5a,0xa3,0x49,0xa5,0x49,0xe5,0x49,0xa4,0x41,0xa5,0x39,
    0x85,0x41,0xa5,0x49,0xe5,0x49,0xc5,0x49,0xe6,0x51,0xe6,0x51,0xc5,0x49,0xa5,0x39,0x65,0x29,0x44,0x29,0x44,0x29,0x65,0x29,
    0x44,0x21,0x03,0x21,0x24,0x21,0x44,0x29,0x45,0x29,0x24,0x29,0x65,0x29,0xa6,0x31,0x64,0x31,0x64,0x31,0x64,0x31,0x64,0x39,
    0xa4,0x41,0xe6,0x51,0xe5,0x49,0x05,0x52,0x46,0x62,0x05,0x52,0xe5,0x49,0x05,0x52,0x05,0x52,0xe5,0x49,0x25,0x52,0x25,0x5a,
    0x86,0x6a,0x66,0x62,0x66,0x62,0x25,0x4a,0xe4,0x49,0x05,0x4a,0xc4,0x41,0xc4,0x41,0xe4,0x49,0xe4,0x51,0x66,0x62,0x66,0x62,
    0x25,0x6a,0x25,0x6a,0x66,0x6a,0x65,0x6a,0x46,0x6a,0x66,0x6a,0xe5,0x59,0xe5,0x51,0x25,0x5a,0x25,0x5a,0x46,0x62,0x66,0x62,
    0x66,0x6a,0x45,0x62,0xe5,0x51,0xe5,0x51,0x05,0x52,0x05,0x52,0xc5,0x49,0xa4,0x51,0xc4,0x49,0xc4,0x51,0xc4,0x51,0x05,0x5a,
    0x26,0x62,0x87,0x6a,0x66,0x62,0x46,0x5a,0x05,0x5a,0x05,0x52,0xc4,0x49,0xc3,0x51,0x26,0x5a,0x66,0x62,0x46,0x62,0x46,0x62,
    0x05,0x52,0x05,0x5a,0x46,0x62,0x66,0x62,0xe5,0x59,0xe4,0x51,0x25,0x5a,0x66,0x62,0x46,0x62,0x46,0x62,0x86,0x6a,0xc7,0x72,
    0xc7,0x7a,0xc7,0x72,0xa7,0x72,0x66,0x6a,0x25,0x5a,0x87,0x6a,0x66,0x62,0x66,0x5a,0xa7,0x62,0x66,0x62,0x66,0x62,0x66,0x62,
    0x46,0x5a,0x26,0x62,0x46,0x62,0x86,0x62,0x66,0x5a,0x67,0x62,0x25,0x5a,0x66,0x5a,0x67,0x62,0x46,0x62,0x46,0x62,0x46,0x62,
    0xc7,0x72,0xa7,0x72,0x86,0x6a,0x86,0x6a,0xa7,0x72,0x08,0x83,0xe7,0x82,0x08,0x83,0x07,0x8b,0x49,0x93,0x48,0x93,0x69,0x93,
    0x08,0x8b,0x48,0x93,0x48,0x9b,0x27,0x93,0x68,0x9b,0x68,0x9b,0x07,0x8b,0x48,0x93,0xe7,0x8a,0x08,0x93,0x48,0x93,0x48,0x9b,
    0x07,0x8b,0x68,0x9b,0x27,0x8b,0x48,0x93,0x48,0x93,0x27,0x93,0x48,0x93,0x28,0x93,0x27,0x93,0x28,0x93,0x07,0x8b,0xe7,0x82,
    0x28,0x8b,0x89,0x93,0x28,0x83,0xe8,0x7a,0xc7,0x7a,0xa7,0x6a,0x66,0x6a,0x25,0x5a,0x66,0x62,0x46,0x62,0xc4,0x51,0xa4,0x49,
    0xc5,0x49,0xa4,0x41,0x44,0x31,0xc5,0x41,0xa5,0x41,0xa5,0x41,0xc6,0x49,0xe5,0x49,0xc5,0x41,0xe5,0x49,0xe5,0x41,0x85,0x39,
    0x65,0x29,0x24,0x21,0x24,0x21,0x44,0x21,0x04,0x21,0x24,0x21,0x04,0x21,0x24,0x21,0x44,0x21,0x44,0x21,0x65,0x31,0x85,0x31,
    0xa6,0x29,0x85,0x31,0x64,0x31,0x44,0x31,0x84,0x39,0xa4,0x41,0x05,0x52,0x86,0x62,0x66,0x62,0xe5,0x51,0x05,0x52,0xe5,0x49,
    0xe5,0x51,0x46,0x52,0x26,0x5a,0x25,0x52,0x66,0x62,0x46,0x52,0x66,0x5a,0xc3,0x39,0xc4,0x41,0xa4,0x39,0x83,0x39,0x83,0x39,
    0xc4,0x41,0x46,0x5a,0x45,0x62,0x45,0x62,0x66,0x6a,0x04,0x62,0x66,0x6a,0x45,0x6a,0x86,0x72,0x66,0x6a,0xe4,0x59,0x05,0x5a,
    0x25,0x5a,0x46,0x62,0x46,0x62,0x25,0x62,0x45,0x62,0x05,0x5a,0xe4,0x51,0xe5,0x49,0x05,0x52,0xe5,0x51,0x26,0x52,0xe5,0x49,
    0xe5,0x49,0xc5,0x51,0xe5,0x51,0x46,0x62,0x66,0x62,0x87,0x6a,0x87,0x6a,0x66,0x62,0x05,0x5a,0xe5,0x49,0xe4,0x49,0x05,0x52,
    0xc4,0x49,0xe4,0x51,0x05,0x52,0xc4,0x49,0xa4,0x49,0xc4,0x41,0xc4,0x51,0x05,0x5a,0xe5,0x59,0xe5,0x51,0x05,0x5a,0x05,0x5a,
    0x05,0x5a,0x05,0x5a,0xa6,0x72,0x87,0x72,0xa7,0x72,0xa6,0x72,0x86,0x72,0x86,0x6a,0x45,0x62,0x66,0x6a,0x66,0x6a,0x46,0x62,
    0x87,0x62,0x66,0x62,0x67,0x5a,0x46,0x5a,0x26,0x5a,0x45,0x5a,0x66,0x62,0xa7,0x6a,0x26,0x5a,0x25,0x52,0x66,0x5a,0x67,0x62,
    0xa7,0x6a,0x87,0x6a,0x87,0x62,0x46,0x62,0x46,0x62,0xa6,0x72,0xc8,0x7a,0xe7,0x82,0xc7,0x82,0xe7,0x82,0x07,0x83,0x08,0x8b,
    0x07,0x83,0x48,0x93,0x49,0x93,0x08,0x8b,0xe7,0x82,0x28,0x93,0x68,0x9b,0x47,0x93,0x48,0x9b,0x68,0x9b,0x47,0x93,0x48,0x93,
    0x48,0x9b,0x68,0x9b,0xa9,0xa3,0x68,0x9b,0x89,0x9b,0x89,0xa3,0x89,0x9b,0x68,0x9b,0x48,0x93,0x48,0x93,0x48,0x93,0x27,0x93,
    0x48,0x93,0x28,0x8b,0x29,0x93,0x28,0x93,0x48,0x93,0x8a,0x9b,0x68,0x93,0x08,0x83,0x08,0x83,0x07,0x83,0x86,0x6a,0x66,0x6a,
    0x65,0x6a,0x05,0x52,0x84,0x41,0x64,0x39,0x63,0x39,0x64,0x39,0x44,0x31,0x64,0x39,0x65,0x39,0x64,0x39,0xa5,0x39,0xc5,0x39,
    0x64,0x39,0xa5,0x41,0xa5,0x41,0xa5,0x39,0x64,0x31,0x44,0x29,0x44,0x21,0x24,0x21,0x65,0x29,0x65,0x29,0x24,0x21,0x24,0x21,
    0x04,0x21,0x24,0x21,0x45,0x29,0x64,0x29,0x44,0x21,0x44,0x29,0x44,0x29,0x44,0x31,0xa5,0x39,0x84,0x39,0xa4,0x49,0x66,0x5a,
    0x66,0x62,0x25,0x5a,0xc5,0x49,0x05,0x5a,0x46,0x5a,0x45,0x5a,0x66,0x5a,0x05,0x52,0x25,0x52,0x25,0x52,0xc4,0x41,0x84,0x39,
    0x84,0x31,0x63,0x31,0x63,0x31,0xa4,0x39,0xa4,0x41,0xe4,0x49,0x46,0x62,0x05,0x52,0x45,0x6a,0x04,0x5a,0x66,0x72,0x25,0x62,
    0x86,0x72,0x45,0x6a,0x05,0x5a,0x45,0x62,0x46,0x62,0x05,0x5a,0x25,0x62,0x04,0x5a,0x25,0x5a,0x05,0x5a,0xc4,0x49,0xe5,0x51,
    0xc5,0x49,0xc5,0x49,0x05,0x4a,0xe6,0x51,0xc6,0x49,0xa4,0x41,0xe5,0x49,0x25,0x5a,0x67,0x62,0x66,0x62,0x87,0x6a,0x66,0x6a,
    0x25,0x52,0xe5,0x49,0xa4,0x49,0x25,0x5a,0x83,0x39,0x43,0x39,0xc4,0x49,0x64,0x41,0x84,0x41,0x26,0x5a,0x25,0x5a,0x26,0x5a,
    0x66,0x62,0x66,0x6a,0xa7,0x72,0x45,0x6a,0x25,0x5a,0x46,0x62,0x86,0x6a,0x66,0x6a,0x86,0x72,0xe7,0x82,0xc6,0x7a,0xe7,0x7a,
    0x46,0x6a,0x66,0x6a,0x46,0x62,0x46,0x5a,0x66,0x62,0x66,0x62,0x66,0x62,0x66,0x62,0x66,0x5a,0x46,0x5a,0x87,0x6a,0x87,0x62,
    0x46,0x62,0x46,0x5a,0x46,0x62,0x66,0x62,0xc8,0x7a,0xe8,0x7a,0xa7,0x72,0xc7,0x72,0x46,0x62,0x66,0x6a,0xc7,0x7a,0x28,0x93,
    0xc6,0x82,0xe7,0x8a,0x28,0x8b,0x07,0x8b,0x08,0x93,0x68,0x9b,0x47,0x93,0x28,0x93,0xe7,0x8a,0x07,0x8b,0x68,0x9b,0x68,0x9b,
    0xe7,0x92,0x27,0x9b,0x48,0x93,0x27,0x93,0x68,0x9b,0x88,0x9b,0x89,0x9b,0xa9,0xa3,0xa9,0xa3,0x88,0x9b,0xa9,0xa3,0x68,0x9b,
    0x48,0x9b,0x68,0x9b,0x89,0x9b,0x28,0x93,0x68,0x9b,0x48,0x93,0x48,0x93,0x68,0x93,0x69,0x9b,0x69,0x93,0x69,0x93,0x48,0x93,
    0x69,0x8b,0x07,0x83,0x08,0x83,0xc8,0x7a,0x86,0x6a,0x05,0x52,0x84,0x41,0x63,0x39,0x64,0x39,0x23,0x29,0x44,0x31,0x64,0x39,
    0x23,0x29,0x44,0x31,0xa5,0x39,0x84,0x39,0x84,0x31,0xc5,0x41,0xa5,0x41,0xa5,0x39,0xa5,0x39,0x64,0x29,0x24,0x21,0x23,0x21,
    0x44,0x21,0x25,0x21,0x24,0x21,0x45,0x21,0x44,0x29,0x45,0x29,0x65,0x29,0x65,0x29,0x44,0x29,0x44,0x29,0x84,0x31,0x85,0x39,
    0xa5,0x39,0x05,0x4a,0xc5,0x49,0x05,0x52,0x26,0x5a,0x05,0x5a,0x06,0x52,0x06,0x52,0x05,0x52,0x26,0x5a,0x66,0x5a,0xe4,0x41,
    0xe6,0x49,0xa4,0x39,0x84,0x31,0xa4,0x39,0x63,0x31,0x22,0x31,0x43,0x31,0xa4,0x49,0x46,0x5a,0x25,0x52,0x25,0x5a,0x25,0x5a,
    0x04,0x5a,0x25,0x62,0x45,0x62,0x24,0x62,0x65,0x72,0x04,0x5a,0x25,0x62,0x25,0x62,0x46,0x62,0xe4,0x51,0x25,0x62,0x04,0x5a,
    0x04,0x5a,0x05,0x52,0x83,0x41,0xa4,0x41,0x84,0x39,0x63,0x31,0x84,0x41,0xc5,0x49,0x84,0x39,0x64,0x39,0x84,0x41,0x05,0x52,
    0x45,0x5a,0x25,0x5a,0x46,0x62,0x46,0x62,0xc4,0x49,0x84,0x41,0xa4,0x41,0xa4,0x41,0x84,0x41,0xc5,0x49,0xc4,0x49,0x43,0x31,
    0xc4,0x51,0x05,0x5a,0x05,0x5a,0x05,0x5a,0x25,0x5a,0x86,0x6a,0xa6,0x72,0xa7,0x72,0x46,0x6a,0x25,0x5a,0x25,0x6a,0x25,0x62,
    0x86,0x72,0x07,0x83,0xe7,0x82,0x86,0x72,0x86,0x6a,0x86,0x6a,0x45,0x62,0x26,0x62,0x87,0x62,0x87,0x6a,0x67,0x62,0x86,0x62,
    0xa8,0x6a,0xa7,0x6a,0xa7,0x72,0x66,0x6a,0x87,0x6a,0x66,0x6a,0x67,0x6a,0x86,0x6a,0xa7,0x72,0xe8,0x7a,0xc8,0x7a,0xa7,0x72,
    0x86,0x72,0x86,0x72,0xa7,0x7a,0xe7,0x82,0xa6,0x82,0xe7,0x82,0xc7,0x82,0xe7,0x8a,0x27,0x8b,0x48,0x93,0x28,0x93,0x28,0x93,
    0x48,0x93,0x68,0x93,0x89,0x9b,0x69,0xa3,0x48,0x9b,0x68,0x9b,0x89,0x9b,0x89,0xa3,0x48,0x93,0x89,0xa3,0xa9,0xa3,0xc9,0xa3,
    0x89,0x9b,0x68,0x9b,0x89,0x9b,0x68,0x9b,0x68,0x9b,0x68,0x9b,0x89,0xa3,0x68,0x9b,0x68,0x9b,0x68,0x9b,0x68,0x9b,0x69,0x9b,
    0x68,0x9b,0x49,0x93,0x69,0x9b,0x48,0x93,0x28,0x8b,0x08,0x83,0xe7,0x7a,0xc7,0x7a,0x86,0x6a,0x05,0x5a,0xa4,0x49,0x43,0x39,
    0x44,0x39,0x23,0x29,0x23,0x31,0x23,0x29,0x44,0x31,0x23,0x21,0x85,0x31,0x84,0x31,0x64,0x31,0xe5,0x49,0xc5,0x49,0xc5,0x41,
    0xc6,0x41,0x23,0x21,0xe3,0x18,0xe3,0x18,0x03,0x21,0xe3,0x18,0xe3,0x18,0x04,0x21,0x03,0x21,0x24,0x21,0x24,0x21,0x24,0x29,
    0x24,0x21,0x64,0x29,0x85,0x39,0x64,0x39,0xa5,0x39,0xe5,0x49,0xc5,0x49,0xc5,0x49,0x05,0x52,0xc4,0x49,0xe5,0x51,0xe5,0x49,
    0xc5,0x49,0xc5,0x49,0xe5,0x49,0x05,0x42,0x63,0x29,0x63,0x31,0xe4,0x41,0xa4,0x41,0x84,0x39,0x84,0x39,0x63,0x39,0x83,0x41,
    0x05,0x52,0x46,0x62,0x25,0x5a,0x25,0x62,0x04,0x5a,0x45,0x62,0x04,0x62,0x66,0x6a,0x25,0x6a,0x04,0x5a,0xe4,0x51,0x05,0x5a,
    0x25,0x5a,0xa4,0x51,0x04,0x52,0xe4,0x59,0x05,0x5a,0xa4,0x49,0x63,0x39,0xa5,0x49,0xa4,0x41,0x84,0x39,0xa5,0x41,0xa4,0x49,
    0x84,0x39,0x64,0x39,0x64,0x31,0xa4,0x41,0x05,0x52,0xc4,0x49,0xe5,0x51,0xe4,0x49,0x64,0x41,0x84,0x41,0x84,0x41,0xe2,0x28,
    0x43,0x39,0x84,0x41,0x02,0x31,0x84,0x41,0xa3,0x49,0xa4,0x49,0xc4,0x51,0x05,0x5a,0x05,0x62,0x05,0x62,0x25,0x62,0x66,0x72,
    0x45,0x62,0x05,0x62,0x05,0x5a,0xe4,0x59,0x65,0x6a,0xc6,0x7a,0xc6,0x7a,0x86,0x72,0x86,0x72,0x65,0x6a,0x05,0x5a,0x05,0x5a,
    0x46,0x62,0x45,0x62,0x26,0x62,0x86,0x6a,0x67,0x6a,0x66,0x62,0xa7,0x72,0x66,0x72,0xc7,0x72,0x87,0x6a,0xa7,0x72,0xa6,0x72,
    0xc7,0x72,0xa7,0x7a,0xa7,0x72,0x66,0x6a,0xa6,0x72,0x87,0x72,0x85,0x72,0x65,0x7a,0x65,0x72,0x65,0x7a,0xc7,0x82,0xa6,0x7a,
    0xc7,0x82,0x27,0x93,0x69,0x93,0x48,0x93,0x68,0x93,0x68,0x9b,0x89,0xa3,0xa8,0xa3,0x89,0xa3,0x89,0xa3,0xa9,0xa3,0x89,0x9b,
    0x68,0x9b,0x88,0x9b,0xa9,0x9b,0x89,0x9b,0x88,0x9b,0x69,0x9b,0x68,0x9b,0x68,0x9b,0x69,0x93,0x48,0x93,0x68,0x9b,0x48,0x93,
    0x68,0x9b,0x68,0x9b,0x68,0x9b,0x89,0x9b,0x69,0x9b,0x48,0x93,0x68,0x93,0x28,0x93,0x07,0x83,0xe7,0x82,0xe7,0x82,0x27,0x83,
    0xa6,0x72,0x86,0x6a,0x46,0x5a,0xc4,0x49,0x64,0x39,0x44,0x31,0x44,0x31,0x43,0x31,0x44,0x31,0x44,0x29,0x65,0x31,0x84,0x31,
    0xa5,0x39,0xc5,0x49,0x84,0x41,0xa5,0x39,0x64,0x31,0x03,0x19,0xe3,0x20,0xe3,0x18,0x04,0x21,0x04,0x19,0x04,0x19,0x04,0x21,
    0x04,0x19,0x45,0x21,0x65,0x29,0x44,0x29,0x44,0x21,0x44,0x29,0xa5,0x39,0xa4,0x39,0xa5,0x41,0xc5,0x41,0xc5,0x49,0xa4,0x41,
    0xe6,0x49,0xc5,0x49,0xa5,0x41,0xc5,0x49,0xa5,0x41,0xa4,0x39,0xc5,0x39,0x64,0x29,0x84,0x31,0xa4,0x39,0x43,0x31,0xc4,0x49,
    0xa4,0x41,0xc4,0x49,0xc4,0x49,0xc3,0x49,0x25,0x5a,0x04,0x5a,0x45,0x6a,0xe7,0x7a,0x04,0x5a,0x05,0x62,0x04,0x5a,0xe4,0x59,
    0x25,0x62,0xe4,0x51,0xe4,0x59,0xe4,0x51,0xc4,0x51,0xe4,0x51,0x04,0x5a,0xc4,0x51,0xe4,0x51,0xc4,0x51,0x63,0x39,0xa4,0x41,
    0xe5,0x51,0xa4,0x41,0x63,0x39,0x64,0x39,0xe5,0x49,0xc5,0x49,0x43,0x31,0xe3,0x20,0x23,0x29,0x83,0x41,0xe5,0x51,0xe4,0x51,
    0x63,0x39,0x43,0x39,0x43,0x39,0x43,0x39,0x63,0x39,0x83,0x41,0x43,0x39,0x84,0x49,0xc4,0x59,0xe4,0x59,0x45,0x62,0x05,0x62,
    0x86,0x6a,0x45,0x6a,0x25,0x62,0x45,0x6a,0x46,0x6a,0x25,0x62,0x04,0x5a,0xe4,0x59,0x45,0x6a,0x64,0x6a,0x64,0x72,0x44,0x6a,
    0x24,0x62,0x25,0x62,0xc4,0x51,0x25,0x5a,0x25,0x62,0x25,0x62,0x05,0x62,0x66,0x6a,0xa7,0x72,0xa6,0x72,0x66,0x6a,0x86,0x72,
    0x66,0x72,0x66,0x6a,0x87,0x72,0xc7,0x72,0xc7,0x7a,0xa7,0x7a,0x66,0x72,0x86,0x72,0xa7,0x72,0x86,0x72,0x86,0x72,0x65,0x7a,
    0x45,0x72,0x04,0x6a,0x85,0x7a,0x86,0x7a,0x65,0x72,0xe7,0x82,0x69,0x9b,0x28,0x93,0x48,0x93,0x68,0x9b,0xa9,0xa3,0x68,0xa3,
    0x68,0x9b,0x48,0x9b,0x68,0x9b,0x88,0x9b,0x89,0x9b,0x68,0x9b,0x69,0x9b,0x48,0x9b,0x68,0x9b,0x68,0x9b,0x48,0x93,0x28,0x93,
    0x48,0x93,0x48,0x93,0x28,0x93,0x48,0x93,0x48,0x9b,0x48,0x93,0x68,0x9b,0x68,0x9b,0x28,0x93,0x07,0x8b,0x48,0x93,0x08,0x8b,
    0x08,0x8b,0x07,0x8b,0x48,0x83,0xe7,0x82,0xc7,0x72,0x45,0x62,0x26,0x62,0xe4,0x49,0x64,0x39,0x64,0x31,0x64,0x31,0x64,0x39,
    0x44,0x31,0x24,0x29,0x64,0x31,0xa5,0x41,0xe5,0x49,0xc5,0x49,0x84,0x41,0xa5,0x41,0x84,0x39,0x23,0x21,0x85,0x31,0x85,0x31,
    0x44,0x29,0x65,0x29,0x65,0x29,0x86,0x29,0x65,0x29,0x66,0x29,0x65,0x29,0x45,0x29,0x85,0x29,0x64,0x31,0x84,0x31,0xc5,0x41,
    0xa4,0x39,0x84,0x41,0xa4,0x41,0xc5,0x41,0xa4,0x41,0x84,0x41,0x84,0x41,0xc5,0x41,0x84,0x39,0x84,0x39,0xc5,0x31,0x63,0x31,
    0x83,0x31,0xc4,0x41,0x63,0x31,0xc4,0x41,0xe4,0x51,0xe4,0x51,0x45,0x62,0x45,0x62,0x65,0x6a,0x66,0x6a,0x65,0x72,0x28,0x8b,
    0x04,0x5a,0xc3,0x51,0x24,0x62,0x04,0x62,0x25,0x62,0xa3,0x51,0xe4,0x51,0xe4,0x51,0x83,0x41,0x04,0x5a,0x25,0x62,0xa4,0x51,
    0xe4,0x51,0x25,0x5a,0x83,0x41,0x84,0x41,0x05,0x52,0xa4,0x49,0x83,0x39,0x23,0x29,0x43,0x31,0xc5,0x49,0x84,0x39,0x02,0x29,
    0x84,0x39,0xa4,0x41,0xe4,0x49,0x25,0x5a,0x43,0x39,0x43,0x39,0x62,0x41,0xc4,0x51,0xa4,0x49,0xc4,0x49,0xc4,0x51,0xe4,0x59,
    0x25,0x62,0x04,0x5a,0xc4,0x51,0xc4,0x59,0x45,0x6a,0x25,0x6a,0x25,0x62,0x04,0x62,0x05,0x5a,0x45,0x62,0x04,0x5a,0x04,0x62,
    0x65,0x6a,0x65,0x72,0x44,0x62,0x25,0x5a,0x83,0x51,0x44,0x62,0x24,0x5a,0x45,0x6a,0x86,0x72,0x45,0x6a,0x25,0x62,0x46,0x62,
    0xa7,0x72,0xa7,0x7a,0x66,0x72,0x25,0x62,0x25,0x62,0x86,0x72,0x66,0x6a,0xa7,0x7a,0xe7,0x82,0xc6,0x7a,0x86,0x72,0x87,0x72,
    0xa6,0x72,0xa5,0x7a,0x86,0x7a,0xa6,0x82,0xa6,0x7a,0x85,0x7a,0x86,0x7a,0x85,0x7a,0x66,0x7a,0x07,0x8b,0x68,0x93,0x89,0x9b,
    0x48,0x93,0x48,0x9b,0x68,0x9b,0x68,0x9b,0x27,0x93,0x48,0x93,0x48,0x93,0x68,0x9b,0x89,0x9b,0x89,0x9b,0x48,0x93,0x48,0x93,
    0x28,0x8b,0x48,0x93,0x28,0x93,0x29,0x8b,0x48,0x93,0x28,0x8b,0x28,0x93,0x08,0x8b,0x49,0x93,0x68,0x93,0x49,0x93,0x69,0x93,
    0x28,0x8b,0xe7,0x82,0x49,0x93,0x08,0x8b,0x07,0x8b,0x28,0x8b,0x28,0x83,0xe7,0x82,0xa7,0x72,0x86,0x6a,0xc7,0x72,0x25,0x5a,
    0x84,0x39,0x64,0x39,0x85,0x39,0x64,0x31,0x03,0x29,0x44,0x29,0x85,0x31,0xa5,0x39,0xa5,0x41,0xa5,0x49,0x05,0x52,0xc5,0x49,
    0xa4,0x49,0x43,0x31,0x84,0x41,0x84,0x39,0x85,0x31,0x85,0x31,0x65,0x21,0x65,0x21,0x24,0x21,0x24,0x21,0x65,0x21,0xa5,0x31,
    0x85,0x31,0xa5,0x31,0x64,0x31,0x85,0x39,0x64,0x31,0x64,0x31,0xa5,0x39,0xc4,0x41,0xc5,0x41,0xa5,0x41,0xa5,0x39,0x63,0x29,
    0x43,0x21,0x84,0x31,0xc5,0x39,0xa4,0x41,0x84,0x39,0xe5,0x49,0x05,0x52,0x66,0x62,0x05,0x62,0x25,0x62,0x24,0x62,0x45,0x6a,
    0x45,0x6a,0x86,0x72,0xa7,0x72,0x07,0x8b,0xe3,0x51,0x04,0x5a,0x85,0x72,0xe4,0x59,0xc3,0x49,0xa3,0x51,0x83,0x41,0x83,0x41,
    0x62,0x41,0x65,0x6a,0x65,0x62,0xc4,0x51,0xe4,0x51,0x25,0x62,0x83,0x41,0xc4,0x49,0x24,0x52,0xc3,0x49,0xc4,0x49,0x84,0x39,
    0x23,0x31,0x43,0x31,0x43,0x31,0xa4,0x49,0xe5,0x49,0x84,0x41,0x05,0x52,0xc4,0x59,0x83,0x49,0x42,0x39,0xc4,0x51,0x24,0x5a,
    0xc4,0x51,0x63,0x49,0x04,0x5a,0x05,0x62,0xc4,0x51,0xc4,0x59,0x25,0x62,0x25,0x62,0x25,0x62,0x04,0x62,0x25,0x62,0x04,0x62,
    0xe4,0x59,0xe4,0x59,0x04,0x62,0x45,0x6a,0x64,0x6a,0x65,0x72,0xa5,0x72,0x45,0x62,0x04,0x5a,0x45,0x62,0x44,0x6a,0x86,0x72,
    0x86,0x72,0x65,0x6a,0x25,0x62,0x45,0x62,0xa6,0x72,0x87,0x72,0x45,0x6a,0x46,0x62,0x66,0x6a,0xe7,0x7a,0x87,0x72,0x45,0x6a,
    0xa6,0x72,0x86,0x72,0x65,0x72,0xa6,0x7a,0xa6,0x7a,0x86,0x7a,0xe6,0x82,0xc7,0x82,0xa6,0x82,0xa6,0x82,0xe7,0x82,0xc7,0x8a,
    0x86,0x7a,0xa6,0x82,0x28,0x8b,0x27,0x93,0x47,0x93,0x27,0x93,0x28,0x93,0x48,0x9b,0x27,0x93,0x28,0x93,0x28,0x93,0x28,0x8b,
    0x48,0x9b,0x69,0x93,0x08,0x93,0x29,0x8b,0x28,0x93,0x28,0x8b,0x28,0x93,0x28,0x93,0x28,0x8b,0x08,0x8b,0x28,0x8b,0x08,0x8b,
    0x28,0x93,0x48,0x93,0x48,0x93,0x48,0x8b,0x28,0x8b,0x28,0x8b,0x48,0x93,0x28,0x83,0x27,0x8b,0x49,0x8b,0x28,0x8b,0x08,0x83,
    0x09,0x83,0x08,0x7b,0x86,0x62,0xc4,0x49,0xa5,0x49,0x84,0x39,0x64,0x29,0x23,0x29,0xc2,0x18,0x23,0x21,0x24,0x29,0xa5,0x41,
    0x85,0x41,0xe5,0x49,0xa4,0x41,0xa4,0x49,0xc5,0x49,0xa4,0x41,0x84,0x41,0x84,0x39,0x64,0x31,0x85,0x31,0x66,0x29,0x45,0x29,
    0x65,0x29,0x65,0x29,0x64,0x29,0xa6,0x31,0x85,0x31,0x84,0x31,0x64,0x29,0x85,0x39,0xa5,0x39,0x84,0x31,0xa5,0x39,0xa5,0x39,
    0xc5,0x41,0x84,0x31,0x85,0x31,0x84,0x31,0x84,0x31,0x44,0x29,0x84,0x31,0xe5,0x49,0xe5,0x49,0x05,0x52,0xc5,0x49,0x46,0x62,
    0x86,0x6a,0x26,0x62,0x05,0x62,0x45,0x6a,0x65,0x6a,0x25,0x6a,0xe7,0x82,0xe7,0x82,0xe4,0x49,0x65,0x62,0x64,0x72,0xa3,0x49,
    0xc4,0x51,0x04,0x5a,0x62,0x41,0x83,0x49,0xa3,0x49,0x86,0x6a,0x44,0x62,0x04,0x5a,0x25,0x62,0xa4,0x49,0x04,0x52,0x64,0x5a,
    0xa5,0x62,0x04,0x4a,0x83,0x39,0xc4,0x49,0xc4,0x49,0x43,0x31,0x23,0x31,0xa4,0x49,0x84,0x41,0xa4,0x41,0x45,0x62,0xa4,0x49,
    0x83,0x49,0x63,0x49,0xe4,0x51,0x04,0x5a,0xe4,0x59,0x83,0x49,0x25,0x62,0xe4,0x59,0x83,0x49,0xe4,0x59,0x04,0x62,0x45,0x6a,
    0x66,0x72,0x05,0x62,0x86,0x6a,0x45,0x62,0xe4,0x59,0x25,0x62,0x25,0x62,0x24,0x6a,0x65,0x6a,0x24,0x62,0x84,0x72,0x24,0x5a,
    0x25,0x5a,0x24,0x62,0x85,0x72,0x45,0x62,0x65,0x72,0xa6,0x72,0x86,0x72,0x86,0x72,0x46,0x62,0xa7,0x72,0x25,0x6a,0x65,0x6a,
    0xe7,0x7a,0xc6,0x7a,0x66,0x72,0x25,0x62,0xa6,0x7a,0x86,0x7a,0xa6,0x72,0xc6,0x82,0xe7,0x82,0x07,0x8b,0x48,0x93,0xa6,0x82,
    0xa6,0x7a,0xa6,0x7a,0xc7,0x7a,0xc7,0x82,0x86,0x72,0x86,0x7a,0xa6,0x82,0xe7,0x8a,0x08,0x8b,0x28,0x8b,0x07,0x8b,0x48,0x93,
    0x48,0x93,0x08,0x8b,0x07,0x83,0x08,0x8b,0x28,0x8b,0x28,0x8b,0x08,0x8b,0x28,0x8b,0x28,0x8b,0x08,0x8b,0xe7,0x82,0xe8,0x8a,
    0xe7,0x8a,0x08,0x8b,0xe8,0x8a,0x28,0x8b,0xe7,0x82,0x08,0x8b,0x07,0x83,0x28,0x8b,0x48,0x8b,0x08,0x8b,0x28,0x8b,0x28,0x8b,
    0x28,0x83,0x28,0x83,0x08,0x83,0xe8,0x7a,0xe7,0x7a,0xa7,0x72,0x46,0x62,0x46,0x62,0xe5,0x51,0x43,0x31,0xe3,0x20,0xe3,0x18,
    0x03,0x21,0x44,0x29,0x44,0x31,0x84,0x39,0x84,0x41,0x64,0x39,0x43,0x39,0xe5,0x51,0x05,0x52,0xa4,0x49,0xc5,0x49,0xa5,0x41,
    0x64,0x31,0x24,0x21,0xe3,0x20,0x03,0x19,0x24,0x21,0x45,0x29,0x65,0x29,0x44,0x29,0x44,0x29,0x24,0x29,0x23,0x21,0x44,0x29,
    0x64,0x29,0x85,0x31,0x64,0x29,0x64,0x31,0xa5,0x31,0x84,0x39,0x64,0x29,0x84,0x39,0xa5,0x39,0xa3,0x31,0xc4,0x41,0xc5,0x41,
    0xa5,0x41,0xc5,0x49,0xc4,0x49,0x25,0x5a,0x86,0x6a,0x25,0x62,0x45,0x62,0xe4,0x61,0x46,0x6a,0x85,0x72,0xc7,0x82,0xc6,0x7a,
    0xc3,0x41,0x03,0x5a,0x24,0x62,0xc4,0x51,0x04,0x5a,0xe4,0x51,0xe4,0x51,0xe4,0x51,0xc3,0x51,0x85,0x6a,0x65,0x6a,0x45,0x5a,
    0x05,0x5a,0xc3,0x49,0x24,0x52,0x85,0x5a,0x44,0x5a,0xe3,0x41,0xa4,0x49,0xe4,0x49,0xe4,0x51,0x83,0x41,0xa4,0x41,0x83,0x41,
    0xe4,0x49,0xc4,0x51,0x04,0x52,0x83,0x51,0xe4,0x51,0xc4,0x51,0xc3,0x51,0x45,0x62,0xe5,0x59,0xc3,0x51,0x04,0x62,0x04,0x62,
    0xc3,0x51,0xc4,0x51,0x04,0x62,0x25,0x62,0x85,0x72,0xe4,0x59,0x65,0x5a,0xc4,0x49,0x45,0x6a,0x24,0x62,0x66,0x62,0x24,0x62,
    0x44,0x62,0x03,0x62,0x44,0x62,0x04,0x5a,0x04,0x5a,0x65,0x6a,0x65,0x6a,0x45,0x6a,0xa6,0x7a,0x86,0x72,0x45,0x6a,0xa6,0x72,
    0x25,0x6a,0x86,0x72,0x46,0x6a,0x45,0x6a,0x65,0x72,0x45,0x6a,0x46,0x6a,0x45,0x6a,0xc6,0x7a,0xa6,0x7a,0xc7,0x82,0xe7,0x8a,
    0x27,0x93,0x47,0x93,0xe7,0x82,0xe7,0x82,0x86,0x72,0x86,0x72,0x87,0x72,0x86,0x72,0xc7,0x7a,0x07,0x83,0x08,0x83,0x08,0x8b,
    0x48,0x93,0x28,0x8b,0x28,0x93,0x07,0x8b,0x07,0x8b,0x28,0x93,0xe7,0x82,0x28,0x83,0x08,0x83,0x29,0x83,0x08,0x83,0x08,0x7b,
    0xe8,0x82,0xa7,0x7a,0xc7,0x7a,0xe7,0x82,0xc7,0x82,0xe8,0x82,0xe7,0x82,0xe8,0x82,0x07,0x83,0x07,0x7b,0xe7,0x82,0xe7,0x7a,
    0x08,0x83,0x08,0x83,0x08,0x83,0x28,0x83,0x08,0x83,0xe8,0x82,0xe8,0x7a,0xc8,0x7a,0xc7,0x7a,0xc8,0x7a,0x87,0x6a,0x87,0x6a,
    0xe5,0x51,0x64,0x31,0x02,0x29,0x43,0x29,0x84,0x39,0x84,0x41,0xa4,0x41,0xa4,0x41,0xc5,0x49,0x84,0x41,0x84,0x41,0xc5,0x49,
    0xc4,0x51,0x26,0x5a,0x26,0x52,0x05,0x52,0x64,0x31,0x24,0x21,0x24,0x21,0x24,0x29,0x44,0x21,0x85,0x29,0x65,0x29,0x44,0x29,
    0x44,0x21,0x24,0x21,0x44,0x21,0x23,0x21,0x03,0x21,0x24,0x21,0x44,0x29,0x64,0x29,0x43,0x31,0xa5,0x39,0x43,0x31,0x23,0x29,
    0x64,0x31,0x44,0x31,0x84,0x31,0x84,0x41,0xc5,0x49,0xc5,0x49,0xe5,0x51,0x25,0x5a,0x87,0x72,0x25,0x62,0x25,0x6a,0x05,0x62,
    0x04,0x62,0x65,0x72,0xa6,0x7a,0x46,0x72,0xc3,0x49,0x04,0x5a,0xc3,0x51,0xe4,0x59,0xc3,0x49,0xa3,0x49,0xc3,0x51,0xa3,0x49,
    0xa3,0x49,0x65,0x62,0xa6,0x72,0xe3,0x51,0xe4,0x51,0xa4,0x41,0xc4,0x49,0x44,0x5a,0xa2,0x41,0xa3,0x39,0xa4,0x41,0xc4,0x49,
    0x25,0x5a,0xe4,0x49,0xc4,0x49,0xe4,0x49,0x24,0x52,0x84,0x6a,0x65,0x62,0x82,0x41,0x05,0x5a,0xc3,0x51,0xc4,0x51,0x46,0x6a,
    0x05,0x5a,0xc4,0x51,0x04,0x5a,0x46,0x6a,0x24,0x5a,0xa3,0x49,0x04,0x5a,0x83,0x49,0x66,0x62,0x86,0x62,0x24,0x52,0x65,0x5a,
    0x85,0x6a,0x04,0x52,0x85,0x62,0x25,0x62,0x25,0x5a,0x24,0x5a,0x45,0x62,0xe4,0x59,0x44,0x62,0x65,0x72,0x04,0x62,0x66,0x72,
    0xa6,0x72,0x45,0x6a,0x46,0x6a,0x86,0x72,0x45,0x6a,0xa6,0x72,0x45,0x6a,0xe4,0x59,0x86,0x72,0x45,0x6a,0xa6,0x7a,0x86,0x7a,
    0x86,0x7a,0x45,0x7a,0x65,0x72,0x65,0x72,0xc6,0x7a,0xa6,0x7a,0x66,0x6a,0x66,0x72,0x86,0x72,0xa7,0x72,0xe8,0x7a,0xc7,0x7a,
    0xc8,0x7a,0x08,0x83,0x08,0x8b,0x08,0x8b,0x07,0x83,0x08,0x83,0x28,0x8b,0x07,0x8b,0xe7,0x82,0x28,0x83,0x08,0x83,0xe8,0x7a,
    0xe8,0x7a,0xe8,0x82,0xe8,0x7a,0xc7,0x7a,0xe8,0x7a,0x85,0x72,0xa6,0x7a,0xc6,0x82,0xa6,0x7a,0xa7,0x7a,0xc7,0x7a,0xe8,0x7a,
    0xc7,0x7a,0xc8,0x7a,0xc7,0x7a,0xc7,0x7a,0xe8,0x82,0xe8,0x82,0xc8,0x7a,0xc7,0x7a,0xe8,0x7a,0xe8,0x7a,0xc7,0x7a,0xa7,0x72,
    0xc8,0x72,0x87,0x6a,0x66,0x62,0x46,0x62,0xc4,0x49,0x64,0x39,0x43,0x31,0x64,0x39,0x43,0x31,0x84,0x41,0x64,0x41,0x84,0x41,
    0xa4,0x41,0xa4,0x41,0x64,0x39,0x84,0x41,0x45,0x5a,0x46,0x62,0x05,0x52,0xa4,0x41,0xc5,0x41,0x85,0x31,0x65,0x29,0x65,0x29,
    0x04,0x21,0x24,0x29,0x04,0x21,0x24,0x21,0x24,0x29,0x24,0x21,0x23,0x21,0x04,0x21,0x03,0x19,0x23,0x21,0x03,0x21,0x44,0x29,
    0x44,0x31,0x43,0x31,0x44,0x31,0x44,0x31,0x43,0x31,0x43,0x31,0xc5,0x41,0xa4,0x41,0xe5,0x51,0x84,0x41,0xc4,0x51,0xa4,0x51,
    0x25,0x62,0x86,0x6a,0x45,0x6a,0x05,0x6a,0xc4,0x59,0x45,0x6a,0xa6,0x82,0x45,0x6a,0xe3,0x49,0x04,0x5a,0x04,0x5a,0x25,0x5a,
    0xa3,0x41,0x83,0x41,0xc4,0x49,0xa3,0x49,0x65,0x6a,0x85,0x72,0x85,0x6a,0xa4,0x49,0xa3,0x41,0xe4,0x49,0x25,0x52,0x45,0x52,
    0xc3,0x49,0xa3,0x41,0xa3,0x49,0xc4,0x49,0x45,0x62,0xe4,0x51,0x62,0x39,0xc3,0x49,0x64,0x5a,0x85,0x62,0xc3,0x49,0x04,0x4a,
    0x25,0x5a,0x83,0x41,0xc4,0x51,0x45,0x5a,0xe4,0x59,0xa4,0x49,0x25,0x62,0x24,0x5a,0x04,0x52,0x65,0x5a,0x25,0x52,0xa3,0x41,
    0x86,0x5a,0x45,0x52,0x04,0x42,0x45,0x5a,0x65,0x62,0x45,0x5a,0x04,0x5a,0x24,0x5a,0x65,0x62,0x25,0x52,0x04,0x5a,0x24,0x5a,
    0x25,0x62,0x65,0x6a,0x04,0x62,0x25,0x62,0x04,0x62,0x25,0x62,0x65,0x6a,0x65,0x72,0xa7,0x7a,0xa6,0x72,0x25,0x6a,0x04,0x62,
    0x66,0x6a,0x26,0x6a,0xa6,0x72,0x66,0x72,0x65,0x6a,0xa6,0x7a,0xa7,0x7a,0x86,0x72,0x66,0x72,0x66,0x6a,0x65,0x6a,0x66,0x72,
    0xc8,0x7a,0xe7,0x7a,0xc8,0x7a,0xc7,0x7a,0xc8,0x7a,0xe7,0x82,0x08,0x83,0x08,0x83,0x09,0x8b,0xe8,0x7a,0xe8,0x82,0x07,0x8b,
    0xe8,0x82,0x28,0x83,0xe8,0x7a,0xc7,0x7a,0xa7,0x72,0xc7,0x7a,0xc7,0x72,0x66,0x72,0xa7,0x7a,0x87,0x72,0xa6,0x72,0xc7,0x7a,
    0xa6,0x72,0x86,0x72,0xa7,0x72,0xc7,0x72,0xc7,0x7a,0x87,0x72,0x86,0x72,0xa7,0x72,0xc7,0x72,0xa7,0x72,0xa7,0x72,0xc8,0x72,
    0xc7,0x72,0xa7,0x72,0x87,0x6a,0xa7,0x72,0xc7,0x72,0x86,0x6a,0x66,0x62,0x25,0x5a,0xa4,0x41,0x64,0x41,0x23,0x29,0x44,0x31,
    0x84,0x39,0xa4,0x49,0x43,0x39,0x64,0x39,0xe5,0x51,0xe5,0x51,0x05,0x52,0x25,0x5a,0x26,0x62,0xe4,0x49,0xa5,0x41,0xa5,0x49,
    0xe6,0x41,0xa5,0x31,0x44,0x29,0x44,0x21,0x24,0x21,0x24,0x21,0x04,0x21,0x24,0x21,0x23,0x21,0x03,0x21,0x03,0x19,0xe3,0x18,
    0xc3,0x18,0xe3,0x18,0x24,0x21,0x44,0x29,0x44,0x31,0x03,0x29,0x43,0x29,0x43,0x31,0x23,0x29,0x64,0x39,0xc5,0x49,0xc5,0x49,
    0xa4,0x49,0xc4,0x51,0xa4,0x51,0xc4,0x51,0x26,0x62,0x05,0x62,0x05,0x62,0x04,0x6a,0xc3,0x59,0x05,0x62,0xc6,0x82,0x86,0x7a,
    0xc3,0x49,0xc3,0x49,0x04,0x5a,0xc3,0x49,0xc3,0x49,0xe4,0x51,0xe3,0x51,0xc4,0x51,0xc6,0x7a,0xa6,0x72,0x45,0x6a,0xc4,0x49,
    0xe5,0x49,0xe4,0x49,0x04,0x4a,0x45,0x5a,0x05,0x52,0x25,0x52,0x25,0x52,0x04,0x52,0xe3,0x49,0x24,0x52,0xc4,0x41,0xc3,0x41,
    0x44,0x52,0xe3,0x49,0x04,0x4a,0xc3,0x49,0xc4,0x49,0x63,0x39,0xa4,0x49,0xe4,0x49,0xc5,0x49,0xe4,0x49,0x66,0x5a,0xe5,0x49,
    0x84,0x41,0xc5,0x49,0xe4,0x49,0xe4,0x49,0x46,0x5a,0x25,0x4a,0x04,0x4a,0x25,0x5a,0xa3,0x41,0xa3,0x49,0xe4,0x59,0x65,0x62,
    0x25,0x5a,0x83,0x41,0xe5,0x51,0x25,0x62,0x45,0x6a,0x45,0x6a,0x04,0x5a,0xc4,0x49,0xe4,0x51,0x05,0x52,0x05,0x5a,0xa6,0x72,
    0x86,0x72,0x86,0x72,0x45,0x6a,0x05,0x5a,0x05,0x62,0x65,0x6a,0x66,0x6a,0x45,0x6a,0xc7,0x7a,0xc7,0x7a,0xc7,0x7a,0xa7,0x72,
    0x66,0x72,0x46,0x6a,0x86,0x72,0x66,0x6a,0xa7,0x7a,0x08,0x83,0xe8,0x7a,0xc7,0x7a,0xa7,0x72,0xc7,0x7a,0xc7,0x7a,0xe8,0x7a,
    0xe8,0x7a,0xc7,0x7a,0xc8,0x7a,0xe7,0x7a,0xe8,0x82,0xe8,0x82,0xe8,0x7a,0xa7,0x72,0xa7,0x72,0xa7,0x72,0xa7,0x72,0x66,0x6a,
    0x46,0x6a,0x66,0x72,0x45,0x6a,0x66,0x72,0x86,0x72,0x86,0x6a,0xa7,0x6a,0xa7,0x72,0x87,0x6a,0x86,0x6a,0x86,0x72,0xa7,0x6a,
    0xa8,0x6a,0xa7,0x6a,0xa7,0x62,0xa7,0x6a,0x87,0x6a,0xa6,0x72,0x86,0x6a,0x87,0x6a,0x87,0x6a,0x67,0x62,0x66,0x62,0x05,0x52,
    0xc5,0x49,0x43,0x39,0x44,0x39,0xc5,0x41,0xc4,0x51,0xc4,0x49,0x43,0x39,0xa3,0x49,0x46,0x6a,0x66,0x6a,0x65,0x6a,0xe5,0x59,
    0xc4,0x51,0x05,0x5a,0xc4,0x49,0x64,0x31,0x44,0x29,0x44,0x21,0x65,0x29,0x45,0x29,0x45,0x21,0x45,0x21,0x45,0x29,0x65,0x29,
    0x45,0x21,0x64,0x21,0x45,0x29,0x44,0x21,0x64,0x29,0x44,0x29,0x44,0x21,0x44,0x29,0x23,0x29,0x23,0x29,0x64,0x39,0x64,0x39,
    0xa4,0x41,0x06,0x52,0xc5,0x49,0x63,0x41,0xa4,0x41,0xa4,0x49,0xc4,0x49,0x83,0x49,0xe5,0x59,0x04,0x62,0x04,0x62,0xc4,0x59,
    0x04,0x62,0x25,0x6a,0xa7,0x72,0xa7,0x72,0xa3,0x39,0x83,0x39,0xe3,0x51,0xe3,0x49,0x24,0x52,0xe4,0x49,0x25,0x5a,0xe4,0x51,
    0xa7,0x72,0x66,0x6a,0x86,0x6a,0x25,0x52,0xc4,0x49,0xe5,0x49,0xe5,0x51,0x25,0x52,0x25,0x52,0x25,0x52,0x24,0x5a,0x25,0x62,
    0xc3,0x49,0x04,0x52,0x65,0x5a,0xa3,0x41,0xc4,0x49,0x46,0x5a,0x46,0x5a,0xa3,0x49,0x83,0x39,0xa4,0x41,0xa4,0x49,0xe5,0x49,
    0xc5,0x49,0xe5,0x49,0x26,0x52,0xc4,0x41,0x63,0x39,0xa4,0x41,0xe5,0x51,0xa4,0x41,0xe5,0x49,0xe5,0x49,0x83,0x39,0x05,0x52,
    0x25,0x5a,0x25,0x5a,0x66,0x6a,0x45,0x5a,0x04,0x52,0x83,0x39,0x05,0x5a,0x45,0x5a,0x65,0x6a,0x65,0x6a,0x82,0x49,0xc4,0x49,
    0xa4,0x49,0x84,0x41,0xe4,0x49,0xa7,0x72,0x86,0x72,0x25,0x62,0x05,0x62,0xa3,0x51,0x04,0x52,0x66,0x6a,0x86,0x72,0x87,0x72,
    0xc7,0x7a,0xc7,0x7a,0x86,0x72,0x66,0x6a,0x45,0x6a,0x86,0x72,0x66,0x72,0x86,0x6a,0xa7,0x72,0xc7,0x7a,0xa7,0x7a,0xa7,0x72,
    0x86,0x6a,0xc8,0x72,0xc8,0x7a,0xe8,0x7a,0xc7,0x7a,0xc8,0x7a,0xa7,0x72,0xc7,0x7a,0xc7,0x72,0xc8,0x7a,0xa7,0x72,0x87,0x6a,
    0x87,0x6a,0x66,0x62,0x86,0x72,0x86,0x72,0x66,0x6a,0x45,0x6a,0x66,0x6a,0x46,0x62,0x66,0x6a,0x87,0x6a,0x87,0x62,0x87,0x6a,
    0x86,0x6a,0x66,0x62,0x87,0x6a,0x87,0x6a,0xa7,0x62,0x67,0x62,0x87,0x62,0xa7,0x6a,0x87,0x62,0x87,0x6a,0x67,0x62,0x87,0x6a,
    0x86,0x62,0x26,0x62,0x06,0x5a,0x26,0x52,0xc5,0x49,0x84,0x41,0x84,0x41,0xc4,0x49,0xe4,0x59,0xe4,0x51,0xa3,0x51,0x45,0x62,
    0x86,0x72,0xc7,0x7a,0x66,0x6a,0x67,0x6a,0x45,0x5a,0x26,0x5a,0x05,0x52,0x63,0x31,0x24,0x29,0x04,0x19,0x24,0x21,0x65,0x21,
    0x65,0x29,0x24,0x21,0x85,0x29,0x86,0x29,0x45,0x21,0x65,0x29,0x65,0x29,0x64,0x21,0x65,0x29,0x24,0x21,0x64,0x21,0x64,0x29,
    0x44,0x31,0x64,0x31,0x84,0x39,0x84,0x39,0x84,0x39,0xa5,0x41,0x84,0x41,0xc5,0x49,0x64,0x39,0x43,0x39,0xa4,0x49,0xc4,0x51,
    0xe4,0x51,0xc4,0x59,0xc4,0x59,0xa3,0x59,0x05,0x62,0x45,0x6a,0x66,0x6a,0x45,0x72,0x03,0x4a,0xe3,0x49,0x85,0x62,0x64,0x5a,
    0x64,0x52,0x24,0x52,0xe4,0x51,0xc3,0x41,0x66,0x6a,0x45,0x62,0x04,0x5a,0x04,0x52,0x05,0x52,0x06,0x52,0x25,0x52,0x25,0x52,
    0xc4,0x49,0xc4,0x49,0xc4,0x49,0x04,0x52,0xe3,0x49,0xa3,0x41,0xc3,0x49,0x63,0x39,0xe5,0x49,0x66,0x5a,0x25,0x52,0x05,0x52,
    0x63,0x39,0x43,0x39,0x64,0x39,0xa5,0x49,0x06,0x4a,0xe5,0x51,0x06,0x52,0x43,0x31,0x84,0x39,0x26,0x5a,0x05,0x4a,0xc5,0x49,
    0x05,0x52,0x84,0x41,0x05,0x52,0xc4,0x49,0xe4,0x51,0x66,0x62,0x66,0x62,0x45,0x5a,0xe5,0x49,0xe5,0x51,0x04,0x52,0x65,0x62,
    0x45,0x62,0x45,0x62,0x83,0x41,0x84,0x41,0xc5,0x49,0x84,0x39,0xe4,0x51,0x25,0x62,0x46,0x62,0x65,0x6a,0x66,0x6a,0x25,0x62,
    0x66,0x6a,0x86,0x6a,0x87,0x6a,0x66,0x6a,0xc7,0x72,0xa6,0x72,0x46,0x62,0x05,0x5a,0x45,0x62,0x46,0x6a,0x87,0x72,0xa7,0x72,
    0xa7,0x6a,0xc7,0x6a,0x66,0x6a,0xa7,0x6a,0xc7,0x72,0xa7,0x6a,0xa7,0x72,0xc7,0x72,0xa7,0x6a,0xa7,0x72,0xa7,0x72,0xa7,0x6a,
    0xa7,0x6a,0x86,0x6a,0x87,0x6a,0x87,0x6a,0xa7,0x6a,0x46,0x62,0x46,0x62,0x45,0x62,0x46,0x6a,0x66,0x62,0x66,0x62,0x46,0x62,
    0x66,0x62,0x46,0x62,0x86,0x62,0x66,0x5a,0x46,0x62,0x46,0x5a,0x66,0x62,0x67,0x62,0xa7,0x62,0x88,0x62,0x88,0x62,0x87,0x62,
    0x87,0x62,0x66,0x62,0x87,0x62,0x86,0x62,0x46,0x62,0x25,0x52,0x06,0x5a,0x67,0x62,0x46,0x5a,0xa4,0x41,0xe5,0x51,0x66,0x6a,
    0x66,0x72,0x25,0x62,0xc3,0x51,0x45,0x6a,0x66,0x6a,0xa7,0x7a,0x66,0x6a,0x25,0x5a,0x66,0x62,0x46,0x5a,0xe5,0x49,0x84,0x39,
    0x44,0x21,0x44,0x21,0x45,0x21,0x65,0x29,0x85,0x29,0x86,0x29,0xa6,0x29,0x65,0x29,0x64,0x29,0x44,0x21,0x44,0x21,0x85,0x29,
    0x64,0x21,0x03,0x21,0xe3,0x18,0x03,0x19,0x43,0x31,0x43,0x31,0x64,0x31,0x64,0x39,0x64,0x39,0x43,0x31,0x84,0x39,0xe5,0x49,
    0x63,0x39,0x23,0x31,0xa4,0x41,0xc4,0x51,0xa3,0x51,0x83,0x51,0xc4,0x59,0xe3,0x59,0xc4,0x59,0x04,0x62,0x25,0x6a,0x45,0x62,
    0x44,0x52,0x24,0x52,0x23,0x4a,0xa4,0x5a,0x04,0x4a,0x25,0x52,0xe4,0x49,0x04,0x52,0x86,0x6a,0x45,0x6a,0x25,0x62,0x26,0x5a,
    0x05,0x5a,0x25,0x52,0x06,0x52,0xc4,0x49,0xe5,0x49,0xc4,0x49,0xa4,0x41,0xe4,0x49,0x24,0x5a,0xc4,0x41,0xa3,0x41,0xa4,0x41,
    0xa4,0x41,0xc5,0x49,0xe5,0x49,0xe5,0x51,0x64,0x39,0x23,0x31,0x63,0x39,0x84,0x41,0x84,0x39,0xa4,0x41,0xe5,0x49,0x64,0x39,
    0xa4,0x41,0x06,0x52,0x84,0x41,0x84,0x41,0xe6,0x49,0xc5,0x49,0xe5,0x49,0x63,0x39,0xc4,0x49,0xe4,0x49,0x25,0x52,0x06,0x52,
    0x05,0x52,0xc5,0x49,0xe4,0x49,0x46,0x62,0x86,0x62,0x45,0x62,0x04,0x52,0x63,0x39,0xa4,0x41,0x84,0x41,0xc5,0x49,0x25,0x5a,
    0x46,0x62,0x46,0x62,0x04,0x5a,0x25,0x62,0x66,0x6a,0x66,0x6a,0x05,0x52,0x87,0x6a,0xa7,0x72,0x66,0x62,0x05,0x52,0x05,0x5a,
    0x25,0x62,0x66,0x62,0xa7,0x6a,0xc7,0x6a,0xa7,0x6a,0xe8,0x6a,0xa7,0x62,0x86,0x62,0xa7,0x6a,0x86,0x62,0x87,0x6a,0x87,0x6a,
    0x67,0x62,0x66,0x62,0x66,0x62,0xa7,0x72,0x87,0x6a,0x67,0x62,0x87,0x6a,0x87,0x62,0xa7,0x6a,0x66,0x5a,0x46,0x5a,0x46,0x5a,
    0x45,0x5a,0x46,0x5a,0x46,0x62,0x46,0x5a,0x26,0x5a,0x25,0x5a,0x66,0x5a,0x46,0x5a,0x26,0x5a,0x26,0x5a,0x46,0x5a,0x87,0x62,
    0x47,0x5a,0x47,0x5a,0x67,0x5a,0x88,0x62,0x67,0x5a,0x67,0x5a,0x46,0x5a,0x46,0x5a,0x25,0x52,0x46,0x5a,0x26,0x5a,0x06,0x52,
    0xc4,0x49,0x63,0x39,0xe5,0x51,0x45,0x62,0x05,0x5a,0xc4,0x51,0x63,0x41,0x04,0x5a,0x45,0x6a,0x66,0x6a,0x25,0x5a,0xa5,0x49,
    0xc4,0x41,0xe5,0x51,0x64,0x39,0x64,0x31,0x44,0x29,0x65,0x29,0x44,0x21,0x45,0x21,0x24,0x21,0x23,0x21,0xe3,0x18,0x04,0x21,
    0x44,0x21,0x44,0x29,0x24,0x21,0x24,0x21,0x24,0x21,0xe3,0x18,0xe3,0x18,0x23,0x21,0x44,0x29,0x03,0x29,0x43,0x31,0xa4,0x41,
    0x64,0x39,0x43,0x31,0x23,0x29,0xa4,0x41,0x84,0x41,0x63,0x39,0x83,0x49,0xe4,0x59,0xc4,0x51,0xa3,0x51,0x83,0x51,0xc3,0x59,
    0xe4,0x59,0xe4,0x61,0x05,0x62,0xe4,0x59,0x03,0x4a,0x03,0x42,0xc2,0x31,0x63,0x29,0xe4,0x39,0x65,0x5a,0x04,0x52,0x05,0x5a,
    0x65,0x6a,0x45,0x62,0x05,0x5a,0x04,0x5a,0x25,0x5a,0x26,0x5a,0x25,0x52,0xc5,0x49,0xc5,0x49,0xe5,0x49,0xc4,0x49,0xe4,0x49,
    0x25,0x52,0x04,0x4a,0xe5,0x49,0xa4,0x41,0x84,0x41,0xa5,0x41,0xe5,0x49,0xe5,0x49,0x84,0x39,0x64,0x39,0x84,0x39,0x43,0x39,
    0x64,0x39,0x63,0x39,0x84,0x39,0xa4,0x41,0xc5,0x41,0x05,0x52,0x43,0x31,0x44,0x39,0x84,0x41,0xc4,0x41,0x84,0x41,0x43,0x39,
    0xc5,0x41,0xc4,0x49,0x05,0x52,0x05,0x52,0xe5,0x49,0xa5,0x41,0x05,0x52,0x45,0x5a,0x45,0x62,0x04,0x52,0xe4,0x49,0x63,0x41,
    0x43,0x31,0xa4,0x49,0xa4,0x41,0x26,0x52,0x05,0x52,0x45,0x62,0x46,0x5a,0x45,0x62,0x25,0x62,0x04,0x52,0xc4,0x49,0x66,0x62,
    0x87,0x6a,0x26,0x5a,0xa3,0x49,0xe5,0x49,0x46,0x5a,0x67,0x62,0x66,0x62,0xa7,0x62,0xa8,0x6a,0xc8,0x6a,0xc7,0x6a,0x87,0x62,
    0x67,0x62,0x87,0x62,0x87,0x62,0x66,0x62,0x46,0x62,0x66,0x5a,0x46,0x5a,0x87,0x62,0xa7,0x6a,0x87,0x62,0x87,0x62,0x87,0x62,
    0x46,0x5a,0x66,0x5a,0x46,0x5a,0x46,0x5a,0x46,0x5a,0x46,0x5a,0x27,0x5a,0x46,0x52,0x46,0x5a,0x46,0x5a,0x67,0x62,0x47,0x5a,
    0x06,0x52,0x46,0x52,0x47,0x5a,0x46,0x5a,0x26,0x52,0x47,0x52,0x47,0x5a,0x47,0x52,0x06,0x52,0x26,0x52,0x26,0x52,0x25,0x52,
    0x06,0x52,0x05,0x52,0x05,0x52,0xc5,0x49,0x64,0x41,0x43,0x31,0xe5,0x49,0xc5,0x49,0x63,0x39,0x43,0x39,0x43,0x31,0xa4,0x41,
    0xc4,0x51,0xc4,0x49,0xc4,0x49,0xc5,0x49,0xa5,0x41,0xc5,0x49,0x64,0x39,0x64,0x31,0x24,0x21,0x03,0x21,0xc3,0x18,0xc2,0x18,
    0xc3,0x18,0xc3,0x18,0xc3,0x18,0x03,0x19,0x04,0x21,0x24,0x21,0x44,0x29,0x03,0x21,0x24,0x21,0x44,0x21,0x85,0x31,0xc5,0x39,
    0xa4,0x39,0x03,0x21,0x63,0x31,0xe5,0x49,0xa4,0x41,0x64,0x39,0x23,0x29,0xe4,0x51,0x05,0x5a,0x04,0x52,0xc4,0x51,0xa4,0x49,
    0xe4,0x59,0xe4,0x59,0xc4,0x59,0xc4,0x59,0xa3,0x51,0xe4,0x59,0xe4,0x59,0xc4,0x51,0x03,0x4a,0xc3,0x39,0x22,0x21,0x01,0x21,
    0x83,0x31,0xc4,0x39,0x04,0x52,0x45,0x5a,0x66,0x72,0x65,0x62,0xe4,0x59,0xe5,0x51,0x05,0x5a,0x25,0x5a,0x06,0x52,0x05,0x52,
    0xc5,0x41,0x63,0x39,0xe5,0x49,0xc5,0x49,0xc5,0x49,0xc5,0x49,0xc4,0x49,0x84,0x39,0x43,0x31,0xc5,0x41,0x06,0x4a,0xc5,0x41,
    0xc4,0x41,0xc5,0x41,0x84,0x41,0x43,0x31,0x63,0x31,0x64,0x39,0x84,0x39,0x84,0x39,0x84,0x41,0xc5,0x41,0x43,0x39,0x02,0x21,
    0x23,0x29,0x63,0x39,0xa5,0x41,0x64,0x39,0xa4,0x49,0x64,0x39,0xc4,0x49,0xe5,0x49,0xc5,0x49,0xa4,0x49,0xc5,0x49,0x05,0x4a,
    0xe5,0x51,0xe5,0x49,0xe4,0x51,0x84,0x39,0x02,0x29,0x84,0x39,0x84,0x41,0xa4,0x49,0x84,0x41,0xc4,0x49,0x25,0x52,0x45,0x5a,
    0x05,0x52,0xa4,0x41,0xc5,0x51,0x26,0x5a,0x86,0x6a,0x26,0x5a,0xe4,0x49,0xc5,0x49,0x84,0x41,0x86,0x62,0xa7,0x62,0x67,0x62,
    0xa7,0x62,0xc7,0x6a,0xa8,0x62,0xa7,0x6a,0xa8,0x62,0xa8,0x62,0xa7,0x62,0x46,0x5a,0x46,0x5a,0x67,0x62,0x46,0x52,0x46,0x62,
    0x67,0x5a,0x46,0x62,0x46,0x5a,0x67,0x5a,0x47,0x5a,0x47,0x5a,0x47,0x52,0x26,0x5a,0x27,0x52,0x27,0x52,0x27,0x5a,0x67,0x5a,
    0x68,0x62,0x67,0x5a,0x68,0x5a,0x47,0x5a,0x26,0x5a,0x47,0x52,0x67,0x5a,0x07,0x52,0x06,0x52,0x26,0x52,0x06,0x52,0xe5,0x49,
    0xe6,0x51,0xe5,0x49,0x06,0x52,0xe6,0x51,0xe5,0x49,0xe6,0x49,0xa4,0x49,0xa5,0x41,0x63,0x39,0x44,0x31,0x23,0x29,0x44,0x31,
    0x03,0x29,0x23,0x29,0x23,0x31,0x64,0x39,0xa4,0x41,0x64,0x39,0x64,0x39,0x84,0x39,0x84,0x41,0x84,0x39,0x44,0x29,0x44,0x29,
    0x44,0x21,0x44,0x29,0x24,0x21,0x04,0x21,0x24,0x21,0x24,0x21,0x04,0x19,0x04,0x19,0x04,0x19,0x24,0x21,0x24,0x21,0x44,0x21,
    0x65,0x29,0x85,0x31,0xa5,0x39,0x64,0x39,0x84,0x31,0x43,0x31,0x63,0x39,0xa4,0x49,0xc4,0x49,0xa4,0x41,0x63,0x39,0xe4,0x49,
    0xe4,0x59,0xc4,0x49,0xe4,0x51,0xc4,0x51,0xc4,0x51,0xe4,0x51,0xa4,0x49,0x04,0x5a,0x63,0x49,0xc4,0x51,0xc4,0x51,0xe4,0x59,
    0xe4,0x49,0xe4,0x39,0xa4,0x31,0xa4,0x31,0xc4,0x39,0x05,0x4a,0x46,0x5a,0x25,0x5a,0x45,0x62,0x45,0x6a,0x25,0x5a,0x25,0x5a,
    0x06,0x52,0xc4,0x49,0xe5,0x49,0xc5,0x49,0xe5,0x49,0x64,0x39,0xa4,0x49,0xa5,0x41,0xa4,0x49,0xc5,0x49,0xe5,0x49,0x84,0x39,
    0x43,0x31,0xc5,0x41,0xe5,0x49,0xc5,0x49,0xe5,0x41,0xc5,0x49,0xa5,0x39,0x43,0x39,0x43,0x31,0x64,0x31,0x84,0x39,0x64,0x39,
    0x64,0x39,0xe5,0x49,0x64,0x39,0x23,0x29,0x43,0x31,0x64,0x31,0x84,0x39,0x43,0x39,0x84,0x39,0x64,0x31,0x84,0x39,0xa4,0x41,
    0xe5,0x49,0xa5,0x41,0xe5,0x49,0xc6,0x49,0xc5,0x49,0xe5,0x49,0x05,0x4a,0x63,0x39,0x43,0x31,0xa5,0x41,0x43,0x39,0xa5,0x41,
    0x84,0x41,0x84,0x41,0xe5,0x49,0x46,0x5a,0x05,0x52,0xa4,0x41,0x05,0x52,0x45,0x5a,0x66,0x62,0x46,0x5a,0x05,0x52,0xc5,0x49,
    0xe5,0x49,0x05,0x52,0xa7,0x62,0xc8,0x6a,0xc7,0x6a,0xa8,0x6a,0xc7,0x6a,0x66,0x5a,0xa8,0x6a,0xa8,0x62,0xa8,0x6a,0x66,0x5a,
    0x26,0x52,0x67,0x5a,0x27,0x5a,0x26,0x52,0x46,0x62,0x47,0x5a,0x26,0x52,0x67,0x5a,0x88,0x62,0x47,0x5a,0x47,0x5a,0x67,0x5a,
    0x47,0x5a,0x26,0x52,0x47,0x5a,0x67,0x5a,0x68,0x5a,0x67,0x5a,0x47,0x5a,0x47,0x5a,0x27,0x52,0x67,0x62,0x68,0x62,0x26,0x52,
    0xe6,0x51,0x06,0x52,0xe5,0x49,0xc5,0x49,0x06,0x52,0xc5,0x49,0xe5,0x49,0xc5,0x49,0xc5,0x49,0x84,0x41,0x84,0x39,0xa5,0x41,
    0x43,0x31,0x03,0x29,0xe2,0x20,0x24,0x21,0x03,0x29,0x03,0x29,0x02,0x21,0x23,0x21,0x23,0x29,0x23,0x29,0x44,0x31,0x84,0x39,
    0x24,0x29,0x03,0x21,0x23,0x21,0x64,0x29,0x44,0x29,0x44,0x21,0x45,0x21,0x65,0x29,0xa6,0x29,0xa7,0x31,0x86,0x29,0x65,0x29,
    0x86,0x29,0x65,0x29,0x04,0x21,0x24,0x21,0x23,0x29,0x43,0x29,0x43,0x29,0x23,0x29,0x23,0x29,0x63,0x31,0x44,0x39,0x63,0x39,
    0x64,0x39,0x84,0x41,0xa4,0x41,0x84,0x41,0xa4,0x49,0x83,0x41,0x84,0x41,0xc4,0x49,0xe4,0x51,0xe4,0x51,0xa4,0x49,0xc4,0x49,
    0xc4,0x51,0xc4,0x51,0xa4,0x49,0xa3,0x49,0x06,0x4a,0x05,0x42,0xe4,0x39,0xc4,0x39,0xe5,0x41,0x05,0x4a,0x46,0x52,0x05,0x52,
    0x45,0x5a,0x45,0x62,0x05,0x52,0x05,0x52,0xe5,0x49,0x84,0x41,0x84,0x41,0xc5,0x49,0xa4,0x41,0xc5,0x49,0x84,0x41,0xa4,0x41,
    0xa5,0x41,0xe5,0x49,0xe6,0x49,0xa4,0x41,0x64,0x39,0x84,0x39,0xc5,0x41,0xe5,0x49,0xc5,0x41,0xe5,0x41,0xa5,0x41,0x64,0x31,
    0x03,0x31,0x64,0x39,0xc4,0x41,0x84,0x39,0x83,0x39,0x64,0x39,0x23,0x29,0x43,0x31,0x64,0x31,0x84,0x39,0x84,0x41,0x63,0x39,
    0x64,0x31,0x44,0x31,0x63,0x31,0xa5,0x41,0x84,0x41,0xa5,0x49,0xe5,0x49,0xc5,0x49,0x05,0x4a,0xe5,0x49,0xa5,0x41,0x63,0x31,
    0x43,0x31,0xc5,0x41,0xa5,0x41,0xe5,0x49,0x06,0x4a,0x84,0x41,0xa5,0x41,0xe5,0x49,0x25,0x52,0xc4,0x49,0x05,0x52,0x45,0x5a,
    0x87,0x62,0x66,0x5a,0x46,0x5a,0x45,0x5a,0x66,0x5a,0x66,0x62,0x46,0x5a,0xa7,0x6a,0xc8,0x6a,0xa7,0x62,0xa7,0x62,0x87,0x62,
    0x87,0x62,0xa8,0x62,0xa8,0x62,0x67,0x5a,0x47,0x5a,0x67,0x5a,0x47,0x5a,0x25,0x5a,0x46,0x5a,0x87,0x62,0x67,0x5a,0xa8,0x62,
    0xc8,0x62,0x47,0x5a,0x47,0x5a,0x47,0x5a,0x47,0x5a,0x26,0x52,0x47,0x52,0x87,0x5a,0x88,0x62,0x67,0x5a,0x47,0x5a,0x47,0x5a,
    0x47,0x5a,0x88,0x5a,0x67,0x5a,0x26,0x52,0xc5,0x49,0x06,0x4a,0xe6,0x51,0x06,0x52,0x06,0x4a,0xe5,0x49,0xe6,0x49,0xa4,0x49,
    0xa4,0x41,0x84,0x39,0x85,0x39,0x84,0x39,0x03,0x29,0xe2,0x18,0xc3,0x20,0xc2,0x18,0x03,0x21,0x03,0x21,0x03,0x21,0x44,0x29,
    0x44,0x29,0x43,0x29,0x64,0x39,0x84,0x31,0x03,0x21,0xe3,0x18,0x24,0x29,0x24,0x21,0x04,0x21,0x04,0x21,0x04,0x19,0x04,0x21,
    0x04,0x21,0x24,0x21,0x45,0x21,0x65,0x21,0x65,0x29,0x24,0x21,0x23,0x21,0xe3,0x18,0xc2,0x18,0xa2,0x10,0xc2,0x18,0x03,0x19,
    0x03,0x21,0x22,0x21,0x23,0x29,0x22,0x29,0x64,0x41,0xa5,0x41,0xa4,0x41,0xa4,0x41,0xa5,0x41,0x84,0x39,0x84,0x41,0x84,0x41,
    0xa4,0x49,0x05,0x52,0xe5,0x51,0xa4,0x41,0xc4,0x49,0xa3,0x41,0x63,0x39,0x43,0x39,0x05,0x42,0xe5,0x41,0xe5,0x41,0xc5,0x39,
    0x05,0x42,0x06,0x42,0x25,0x4a,0x25,0x52,0x46,0x52,0x26,0x52,0xc4,0x49,0xa4,0x41,0xa4,0x49,0x64,0x39,0x43,0x31,0xc5,0x41,
    0x64,0x39,0xa4,0x41,0x64,0x39,0x63,0x41,0xc5,0x49,0xc5,0x49,0xe5,0x49,0xc5,0x41,0x84,0x39,0x84,0x39,0xa5,0x41,0xc5,0x41,
    0xa5,0x39,0xe5,0x41,0xc5,0x41,0xa5,0x41,0x64,0x39,0xe6,0x49,0x06,0x4a,0x84,0x41,0x63,0x39,0x23,0x29,0x23,0x31,0x44,0x31,
    0x23,0x31,0x64,0x31,0xa4,0x39,0x64,0x31,0x63,0x31,0x43,0x39,0x64,0x39,0x84,0x41,0x84,0x41,0x84,0x41,0x84,0x41,0xa5,0x41,
    0xa5,0x41,0xc5,0x41,0xc5,0x39,0xc5,0x41,0x85,0x39,0xc5,0x41,0xa5,0x41,0xa4,0x41,0xc5,0x49,0xa5,0x41,0xc5,0x49,0xc5,0x49,
    0xc4,0x49,0xc4,0x51,0x45,0x5a,0x46,0x62,0x46,0x62,0x46,0x5a,0x25,0x5a,0x25,0x52,0x67,0x62,0x66,0x5a,0x67,0x62,0x87,0x5a,
    0xc7,0x6a,0xa7,0x62,0x87,0x62,0xa7,0x62,0x87,0x62,0xa8,0x62,0xa8,0x62,0x67,0x62,0x87,0x62,0x67,0x5a,0x47,0x5a,0x66,0x5a,
    0x86,0x62,0x87,0x62,0x47,0x5a,0x67,0x62,0xa8,0x62,0x67,0x5a,0x27,0x52,0x47,0x5a,0x27,0x52,0x46,0x5a,0x47,0x52,0x47,0x5a,
    0x47,0x5a,0x68,0x62,0x47,0x5a,0x26,0x52,0x47,0x5a,0x88,0x62,0x67,0x5a,0x06,0x52,0xe6,0x51,0x06,0x52,0xe5,0x49,0x06,0x4a,
    0xe6,0x51,0xc5,0x41,0x85,0x41,0xc5,0x49,0xc6,0x41,0xc5,0x41,0x64,0x39,0x23,0x29,0xe2,0x20,0xc2,0x18,0xe2,0x18,0xe3,0x20,
    0x03,0x21,0xe3,0x18,0x03,0x21,0x65,0x29,0x64,0x31,0x64,0x29,0x84,0x39,0x65,0x31,0x44,0x29,0x44,0x21,0x43,0x29,0xe3,0x18,
    0x03,0x19,0x24,0x21,0x24,0x21,0x04,0x19,0x03,0x19,0x45,0x21,0x45,0x21,0x45,0x29,0x45,0x21,0x03,0x19,0xc3,0x18,0xe2,0x18,
    0xc2,0x10,0xa2,0x10,0xc2,0x18,0xe2,0x18,0x03,0x19,0x03,0x21,0x23,0x29,0x23,0x29,0x84,0x39,0xa4,0x41,0xc5,0x41,0xc5,0x41,
    0xa5,0x41,0xe5,0x51,0x84,0x39,0x43,0x39,0xe5,0x49,0xc5,0x49,0xc4,0x49,0x84,0x41,0x64,0x41,0xe5,0x49,0x63,0x39,0x03,0x31,
    0xa4,0x39,0x05,0x42,0xe5,0x39,0xc4,0x39,0xe5,0x39,0x05,0x4a,0xe5,0x39,0xe5,0x41,0x06,0x4a,0x05,0x42,0xc5,0x41,0x63,0x39,
    0x84,0x39,0x84,0x39,0x63,0x31,0xc5,0x49,0xe5,0x49,0xa5,0x49,0x64,0x41,0x43,0x31,0xa4,0x41,0xe5,0x49,0xc5,0x41,0x05,0x4a,
    0xe5,0x49,0x84,0x39,0xa4,0x41,0xc5,0x49,0x84,0x41,0xa5,0x41,0x47,0x5a,0x06,0x4a,0xc5,0x41,0x27,0x52,0x06,0x4a,0xc5,0x41,
    0x64,0x39,0x23,0x29,0x23,0x29,0x64,0x39,0xa4,0x39,0x64,0x39,0x84,0x41,0x84,0x41,0x64,0x39,0x64,0x31,0xa4,0x39,0x64,0x39,
    0x63,0x39,0x43,0x39,0x43,0x39,0x43,0x39,0x64,0x39,0x64,0x39,0xc6,0x41,0xa5,0x39,0x84,0x39,0xc5,0x41,0xe5,0x41,0xa5,0x41,
    0xc5,0x49,0x84,0x41,0x05,0x52,0xe5,0x51,0xe4,0x51,0xc4,0x51,0xe5,0x51,0xe4,0x59,0xe5,0x51,0xe4,0x51,0x05,0x5a,0x26,0x5a,
    0x46,0x5a,0xa7,0x62,0xa7,0x62,0x87,0x62,0xa7,0x6a,0x87,0x62,0x86,0x62,0x87,0x62,0xa7,0x62,0xa7,0x62,0x88,0x62,0x67,0x62,
    0x67,0x62,0x67,0x5a,0x67,0x5a,0x87,0x62,0xa7,0x62,0x87,0x62,0x46,0x5a,0x87,0x62,0xa8,0x62,0xa8,0x62,0x46,0x5a,0x46,0x5a,
    0x27,0x52,0x26,0x52,0x26,0x52,0x47,0x52,0x47,0x5a,0x47,0x52,0x47,0x5a,0x27,0x52,0x47,0x5a,0x26,0x52,0x47,0x5a,0x47,0x5a,
    0x26,0x52,0x06,0x52,0xe5,0x49,0x06,0x4a,0xe6,0x49,0xa5,0x41,0x84,0x39,0xe5,0x41,0xe6,0x49,0xc5,0x41,0x64,0x39,0x02,0x21,
    0xe2,0x20,0x03,0x19,0xc2,0x18,0xa2,0x18,0xe2,0x18,0xe3,0x18,0x03,0x21,0x64,0x29,0x44,0x29,0x03,0x21,0x23,0x29,0x43,0x29,
    0x23,0x21,0x44,0x29,0x44,0x29,0x64,0x29,0x45,0x29,0x44,0x21,0xe4,0x18,0xe3,0x18,0x24,0x21,0x65,0x29,0x86,0x29,0x86,0x29,
    0x86,0x29,0x65,0x29,0x65,0x29,0x85,0x29,0x44,0x21,0x44,0x29,0x45,0x29,0x24,0x21,0x24,0x21,0x64,0x29,0x44,0x29,0x02,0x21,
    0x23,0x29,0x63,0x39,0x44,0x39,0x64,0x39,0x84,0x39,0xa4,0x41,0x84,0x39,0x23,0x29,0xa4,0x41,0xe5,0x49,0x84,0x41,0x84,0x41,
    0x43,0x31,0xa4,0x41,0x64,0x39,0x23,0x31,0x84,0x29,0xa4,0x31,0x84,0x31,0xa4,0x31,0xa5,0x39,0xc6,0x39,0xe5,0x39,0xe5,0x39,
    0xe5,0x39,0xa4,0x39,0x84,0x39,0x44,0x31,0xc6,0x41,0xc5,0x41,0x84,0x39,0x84,0x41,0xa5,0x49,0xa4,0x41,0x84,0x41,0xc5,0x49,
    0x84,0x41,0xc5,0x49,0xa4,0x41,0xe6,0x51,0x06,0x4a,0xc5,0x49,0xc5,0x49,0xc5,0x41,0xa4,0x41,0xa5,0x41,0xe6,0x49,0xe5,0x49,
    0xe6,0x51,0x06,0x4a,0x06,0x4a,0xc5,0x41,0x84,0x39,0xc5,0x41,0x84,0x39,0xe5,0x41,0xe5,0x41,0x84,0x39,0xc5,0x41,0x84,0x41,
    0x64,0x39,0x43,0x39,0x64,0x39,0x64,0x39,0x43,0x39,0x22,0x39,0x23,0x31,0x43,0x39,0x44,0x39,0x65,0x39,0xa4,0x39,0x85,0x39,
    0x64,0x39,0xe5,0x49,0xc5,0x49,0x84,0x41,0xc5,0x49,0x05,0x52,0x25,0x52,0xe4,0x51,0x05,0x52,0xc4,0x51,0xe4,0x59,0xc4,0x51,
    0xc4,0x51,0xa4,0x49,0xc4,0x51,0x46,0x62,0x46,0x62,0x66,0x62,0x66,0x62,0x87,0x62,0xa7,0x6a,0x87,0x62,0x46,0x5a,0xa7,0x6a,
    0xa7,0x62,0x87,0x62,0x67,0x5a,0x47,0x5a,0x46,0x5a,0x87,0x62,0x87,0x62,0x87,0x62,0xa7,0x6a,0x87,0x6a,0x87,0x5a,0x87,0x62,
    0xa7,0x62,0xa7,0x62,0x66,0x5a,0x47,0x5a,0x47,0x5a,0x26,0x52,0x27,0x5a,0x47,0x5a,0x26,0x52,0x47,0x5a,0x67,0x5a,0x26,0x5a,
    0x26,0x52,0x06,0x52,0x26,0x52,0x27,0x52,0x26,0x52,0x06,0x52,0xe6,0x51,0xe5,0x49,0xc5,0x41,0xa4,0x41,0xc5,0x49,0xc5,0x41,
    0xa5,0x41,0x84,0x39,0x44,0x29,0x43,0x29,0x23,0x29,0x44,0x29,0x03,0x21,0x23,0x21,0x24,0x29,0x03,0x19,0x23,0x21,0x44,0x21,
    0x44,0x29,0x64,0x29,0x44,0x29,0x03,0x21,0xe3,0x18,0x03,0x19,0x24,0x21,0x24,0x21,0x44,0x29,0x85,0x29,0x45,0x21,0x45,0x29,
    0x45,0x21,0x04,0x19,0x45,0x21,0x44,0x21,0x85,0x29,0x85,0x29,0x85,0x29,0x44,0x21,0x44,0x21,0x64,0x29,0x85,0x29,0x44,0x29,
    0x44,0x29,0x84,0x31,0x85,0x31,0x64,0x31,0x43,0x31,0x23,0x29,0x63,0x31,0x23,0x31,0x84,0x39,0x64,0x31,0x43,0x31,0x43,0x31,
    0x44,0x31,0x84,0x39,0x64,0x39,0xa4,0x39,0x64,0x39,0x64,0x31,0x44,0x31,0x43,0x31,0x64,0x29,0x84,0x31,0x84,0x31,0xa5,0x39,
    0xa5,0x39,0xa5,0x39,0xa5,0x39,0x84,0x31,0xe5,0x41,0xa5,0x39,0x85,0x39,0x64,0x31,0x85,0x39,0xc5,0x41,0xa5,0x41,0xa4,0x49,
    0xa4,0x41,0x84,0x41,0xa4,0x41,0xa4,0x41,0x84,0x41,0xa5,0x49,0x06,0x4a,0xe5,0x51,0xa5,0x41,0xe5,0x51,0xe4,0x49,0xa4,0x49,
    0xe6,0x49,0xc4,0x49,0xc5,0x49,0xe6,0x49,0x06,0x52,0x06,0x4a,0xe5,0x49,0x26,0x4a,0x26,0x52,0x26,0x52,0x06,0x4a,0xc5,0x41,
    0xa4,0x39,0xe6,0x41,0xc5,0x41,0x84,0x41,0x84,0x41,0x44,0x39,0x43,0x39,0x84,0x41,0x63,0x39,0x02,0x31,0x44,0x39,0x64,0x39,
    0x64,0x31,0x85,0x41,0xc5,0x41,0x84,0x39,0x84,0x39,0xe5,0x51,0xe6,0x49,0xc5,0x49,0xc5,0x49,0x05,0x4a,0x05,0x52,0xc4,0x51,
    0x84,0x51,0xa3,0x51,0x63,0x49,0xa4,0x49,0xc4,0x51,0x83,0x49,0xe4,0x51,0x25,0x5a,0x46,0x62,0x66,0x5a,0x66,0x5a,0x87,0x6a,
    0xa7,0x6a,0x86,0x62,0x88,0x62,0x87,0x62,0x66,0x62,0x66,0x62,0x87,0x6a,0x46,0x5a,0x26,0x5a,0x66,0x5a,0xa7,0x62,0x66,0x62,
    0x87,0x6a,0x87,0x62,0x66,0x62,0x86,0x62,0x67,0x62,0x86,0x62,0x67,0x62,0x66,0x5a,0x66,0x5a,0x26,0x52,0x06,0x52,0x26,0x52,
    0x26,0x52,0x47,0x5a,0x47,0x5a,0x26,0x52,0x27,0x5a,0x27,0x52,0x26,0x52,0x27,0x5a,0x06,0x52,0xe6,0x49,0xe5,0x49,0xa5,0x41,
    0xa4,0x41,0x84,0x41,0xc5,0x41,0xa5,0x41,0x84,0x39,0x23,0x29,0x43,0x31,0x44,0x31,0x44,0x29,0x23,0x29,0x24,0x21,0x03,0x21,
    0x24,0x21,0x23,0x21,0x24,0x21,0x24,0x21,0x03,0x21,0x24,0x21,0x44,0x21,0x44,0x21,0x23,0x21,0x04,0x21,0x03,0x21,0xe3,0x18,
    0x03,0x21,0x24,0x19,0x24,0x21,0x44,0x21,0x25,0x21,0x44,0x29,0x24,0x21,0x04,0x21,0xe4,0x20,0x24,0x21,0x23,0x21,0x03,0x21,
    0x03,0x21,0x44,0x29,0x65,0x29,0x44,0x29,0x44,0x29,0x84,0x31,0xa4,0x31,0x24,0x29,0x23,0x21,0x23,0x29,0x43,0x29,0x44,0x29,
    0x64,0x31,0x44,0x31,0x23,0x29,0x64,0x31,0x44,0x31,0x64,0x39,0x64,0x39,0xc5,0x41,0xa5,0x39,0x64,0x31,0x85,0x39,0x85,0x39,
    0xc4,0x39,0x85,0x39,0xa5,0x31,0xc5,0x39,0xa5,0x31,0x84,0x31,0xa5,0x39,0xa5,0x39,0xc5,0x41,0xc5,0x41,0x85,0x39,0xa5,0x39,
    0xa4,0x41,0xa5,0x41,0xe5,0x49,0xc5,0x49,0xe6,0x49,0xe5,0x49,0x85,0x41,0x63,0x41,0x23,0x31,0xc4,0x49,0xe6,0x51,0xe5,0x49,
    0xe5,0x49,0x25,0x52,0x05,0x52,0xc5,0x49,0xc5,0x49,0xa5,0x41,0xc5,0x49,0xe5,0x49,0x26,0x52,0x47,0x5a,0x26,0x4a,0x06,0x4a,
    0x26,0x52,0x47,0x4a,0xe5,0x41,0xa4,0x41,0xc5,0x41,0xc5,0x41,0xc5,0x41,0x64,0x31,0x84,0x41,0x63,0x39,0x64,0x39,0x85,0x41,
    0x64,0x41,0xe2,0x28,0x44,0x39,0x85,0x39,0xa4,0x39,0xa5,0x41,0x64,0x31,0x43,0x39,0x84,0x39,0xa5,0x41,0xe5,0x51,0xe5,0x49,
    0xc5,0x49,0xc5,0x41,0xc5,0x49,0xc4,0x51,0x83,0x49,0x83,0x51,0x42,0x41,0xc4,0x51,0x84,0x49,0x22,0x41,0xa4,0x51,0x05,0x5a,
    0x66,0x62,0x66,0x62,0x46,0x5a,0x86,0x6a,0x67,0x62,0x46,0x62,0x88,0x6a,0x67,0x62,0x66,0x62,0x66,0x62,0x87,0x62,0x46,0x5a,
    0x25,0x5a,0x26,0x5a,0x46,0x62,0x66,0x62,0x87,0x6a,0x87,0x6a,0x86,0x5a,0x66,0x5a,0xa7,0x62,0x87,0x62,0x87,0x62,0xa7,0x62,
    0x66,0x62,0x47,0x5a,0x06,0x52,0xe6,0x49,0xe6,0x51,0xe5,0x49,0x27,0x5a,0x26,0x52,0x26,0x52,0x06,0x52,0xe5,0x49,0xe6,0x51,
    0x05,0x52,0xc5,0x41,0xa5,0x49,0x64,0x39,0x84,0x39,0xa5,0x41,0x84,0x39,0x84,0x31,0x64,0x39,0x85,0x39,0x85,0x39,0x43,0x29,
    0x44,0x29,0x44,0x29,0x03,0x21,0xa2,0x10,0xc2,0x10,0x03,0x21,0x24,0x21,0x03,0x21,0xc2,0x10,0xa1,0x10,0xc3,0x18,0x23,0x21,
    0x03,0x21,0x23,0x21,0x03,0x19,0xe3,0x18,0xe2,0x18,0x03,0x19,0x24,0x21,0x24,0x21,0x45,0x29,0x45,0x21,0x25,0x21,0x65,0x29,
    0x04,0x21,0x44,0x21,0x24,0x21,0x24,0x21,0x44,0x21,0x45,0x29,0x85,0x31,0x44,0x29,0x44,0x29,0x03,0x21,0x24,0x29,0x03,0x19,
    0x23,0x21,0x24,0x21,0x03,0x21,0x23,0x21,0x43,0x29,0x64,0x39,0x44,0x31,0x64,0x39,0xe6,0x41,0xa5,0x39,0xa5,0x41,0xc6,0x41,
    0x85,0x39,0x84,0x39,0x84,0x39,0x64,0x31,0x05,0x4a,0xc5,0x39,0xa5,0x39,0x84,0x31,0x43,0x29,0x64,0x29,0x84,0x39,0xc5,0x41,
    0xe6,0x41,0x85,0x39,0xa5,0x39,0xc5,0x41,0xa5,0x41,0xe5,0x41,0xc5,0x49,0xc5,0x49,0xc5,0x49,0xe5,0x51,0x64,0x39,0x63,0x41,
    0x64,0x39,0xa5,0x41,0xe5,0x49,0x27,0x52,0x06,0x52,0x46,0x5a,0x05,0x52,0xe5,0x49,0x06,0x52,0xa4,0x49,0x64,0x39,0xc5,0x49,
    0xe6,0x51,0x47,0x52,0x06,0x52,0x06,0x4a,0x27,0x52,0x26,0x52,0xc6,0x49,0xc6,0x41,0xc5,0x41,0xc5,0x41,0xa5,0x39,0x84,0x41,
    0xa4,0x41,0xc5,0x49,0x84,0x41,0x84,0x41,0x64,0x39,0x23,0x31,0x43,0x39,0x85,0x41,0x84,0x39,0x64,0x39,0x23,0x31,0x24,0x31,
    0x64,0x39,0xa5,0x39,0xa5,0x49,0xc5,0x41,0x84,0x41,0x64,0x41,0xa4,0x49,0xa3,0x49,0x83,0x49,0xa3,0x51,0x63,0x49,0x63,0x49,
    0x84,0x49,0x63,0x49,0x63,0x49,0x64,0x41,0xa5,0x51,0xe5,0x59,0x25,0x5a,0x67,0x62,0x86,0x6a,0x46,0x62,0x46,0x5a,0x87,0x6a,
    0x87,0x6a,0x46,0x62,0x45,0x62,0x66,0x62,0x46,0x5a,0x45,0x62,0x26,0x5a,0x87,0x62,0x87,0x6a,0x87,0x6a,0x66,0x62,0x66,0x5a,
    0x87,0x62,0x87,0x62,0x87,0x6a,0xc8,0x72,0x87,0x62,0x46,0x5a,0x26,0x52,0x06,0x52,0xe5,0x49,0xa5,0x49,0xe5,0x49,0xc6,0x49,
    0xc5,0x49,0xe5,0x49,0xc5,0x49,0xc5,0x41,0xc5,0x49,0xa4,0x41,0xa4,0x41,0xa5,0x39,0xa5,0x41,0xa4,0x39,0x85,0x39,0xa5,0x39,
    0xa5,0x39,0x84,0x39,0x84,0x31,0x43,0x29,0x64,0x31,0x03,0x21,0xa2,0x10,0xc2,0x18,0x03,0x21,0x64,0x29,0x44,0x29,0x64,0x29,
    0x03,0x21,0xe3,0x18,0xc2,0x18,0xe3,0x18,0xc2,0x10,0x03,0x19,0x03,0x19,0x03,0x19,0x44,0x21,0xe3,0x18,0x24,0x21,0x45,0x21,
    0x24,0x21,0xe3,0x18,0xe3,0x18,0xc3,0x18,0xe3,0x18,0x04,0x21,0xe3,0x18,0xe4,0x18,0x45,0x29,0x03,0x21,0x03,0x19,0x03,0x19,
    0x24,0x21,0x23,0x21,0x64,0x29,0x64,0x29,0x44,0x29,0x24,0x21,0x03,0x21,0x44,0x29,0x64,0x31,0x84,0x31,0x44,0x29,0x43,0x31,
    0xa5,0x41,0xa5,0x39,0xa5,0x39,0x84,0x39,0x44,0x31,0x85,0x39,0x64,0x39,0x44,0x31,0xc5,0x41,0xc4,0x41,0x64,0x31,0x84,0x31,
    0x23,0x29,0x03,0x21,0x65,0x31,0xa5,0x39,0xa5,0x39,0x84,0x39,0xa5,0x41,0xe6,0x41,0xc5,0x41,0xe5,0x41,0xe5,0x49,0xc5,0x49,
    0xe5,0x49,0xe6,0x49,0x84,0x41,0xa4,0x41,0xe5,0x49,0xe5,0x51,0x46,0x5a,0x47,0x5a,0x25,0x5a,0x25,0x5a,0xe5,0x49,0xa4,0x49,
    0xe6,0x49,0xc5,0x49,0x84,0x41,0x84,0x41,0xe5,0x49,0x06,0x52,0xe5,0x49,0x06,0x52,0xe6,0x49,0x07,0x4a,0xe6,0x41,0x06,0x4a,
    0xe6,0x41,0x05,0x4a,0xc5,0x41,0xc5,0x41,0xc5,0x49,0xc5,0x49,0x43,0x39,0x84,0x39,0x64,0x39,0x43,0x39,0x64,0x39,0xc5,0x49,
    0x84,0x39,0x65,0x39,0x03,0x31,0x23,0x31,0x03,0x31,0x64,0x39,0x84,0x41,0x63,0x39,0xa4,0x41,0x43,0x39,0x83,0x41,0x83,0x49,
    0x83,0x51,0x63,0x51,0x63,0x49,0x43,0x41,0x83,0x49,0x64,0x41,0x63,0x49,0x64,0x41,0xa4,0x51,0x06,0x5a,0x25,0x5a,0x67,0x6a,
    0x87,0x62,0x46,0x62,0x46,0x62,0x66,0x62,0x66,0x62,0x46,0x62,0x05,0x5a,0x25,0x5a,0x25,0x5a,0x25,0x5a,0x66,0x5a,0x66,0x62,
    0x86,0x62,0xa7,0x6a,0xa7,0x62,0x66,0x62,0x87,0x62,0xe8,0x72,0xa7,0x6a,0xc8,0x72,0xa7,0x6a,0x25,0x5a,0x06,0x52,0x05,0x52,
    0xe6,0x49,0xc5,0x49,0xa4,0x41,0xa4,0x41,0xc5,0x49,0xa5,0x41,0xa4,0x49,0x64,0x39,0x84,0x39,0x64,0x39,0x84,0x39,0xa4,0x39,
    0x43,0x31,0x44,0x31,0x64,0x31,0xc5,0x41,0xa5,0x39,0x23,0x29,0x23,0x21,0x43,0x29,0x03,0x21,0x03,0x21,0x24,0x21,0x23,0x21,
    0x85,0x31,0xc6,0x39,0xa6,0x31,0x65,0x29,0x85,0x29,0x65,0x29,0x65,0x29,0x44,0x29,0x65,0x29,0x85,0x29,0x65,0x29,0x85,0x31,
    0x65,0x29,0x24,0x21,0x24,0x21,0x44,0x21,0x24,0x21,0x04,0x19,0x24,0x21,0x45,0x21,0x65,0x21,0x24,0x21,0x24,0x21,0x44,0x21,
    0x85,0x29,0x45,0x29,0x24,0x21,0x44,0x29,0x44,0x21,0x24,0x21,0xe3,0x18,0x03,0x19,0x03,0x21,0x03,0x21,0x44,0x21,0x44,0x29,
    0x44,0x29,0x23,0x29,0x43,0x29,0x23,0x29,0x23,0x29,0x85,0x39,0xc6,0x41,0xc6,0x41,0x84,0x39,0x85,0x39,0x84,0x31,0x64,0x31,
    0xe5,0x49,0xe6,0x49,0xa5,0x39,0xe6,0x41,0x44,0x31,0x23,0x21,0x84,0x39,0x84,0x39,0xa6,0x41,0xa5,0x39,0xc6,0x41,0xc5,0x41,
    0xa5,0x39,0xc5,0x41,0xc5,0x49,0x06,0x52,0x06,0x52,0xc5,0x49,0x05,0x4a,0xe5,0x51,0x05,0x52,0x66,0x5a,0x66,0x5a,0x46,0x5a,
    0x26,0x52,0x05,0x52,0xa4,0x49,0xa4,0x41,0xa5,0x49,0xe5,0x49,0xc5,0x41,0xc5,0x49,0xe5,0x49,0x06,0x52,0xe6,0x49,0xe6,0x49,
    0x26,0x4a,0xe6,0x41,0x06,0x4a,0x26,0x52,0x06,0x4a,0xe5,0x41,0xe5,0x41,0xa5,0x41,0xc5,0x49,0xa4,0x41,0x84,0x41,0x85,0x41,
    0x85,0x41,0x84,0x41,0x63,0x39,0xc5,0x49,0x84,0x41,0x64,0x31,0x44,0x31,0x03,0x31,0x03,0x29,0x64,0x31,0x84,0x39,0x64,0x39,
    0x43,0x39,0x43,0x39,0x43,0x41,0xc4,0x51,0x63,0x49,0x43,0x49,0x42,0x41,0x22,0x41,0x03,0x39,0x22,0x39,0x43,0x41,0x64,0x49,
    0x84,0x49,0x26,0x5a,0x46,0x62,0x46,0x62,0x87,0x62,0x46,0x62,0x05,0x5a,0x46,0x62,0x46,0x62,0x25,0x5a,0x05,0x5a,0x26,0x5a,
    0x05,0x5a,0x06,0x52,0x46,0x5a,0x46,0x5a,0x46,0x5a,0xc8,0x72,0x87,0x6a,0x66,0x62,0xc8,0x6a,0xa7,0x6a,0xa7,0x6a,0x87,0x6a,
    0x87,0x6a,0x46,0x5a,0x05,0x52,0xc5,0x49,0x25,0x52,0xa5,0x41,0x84,0x41,0x84,0x41,0x84,0x41,0x84,0x41,0x43,0x39,0x84,0x41,
    0x84,0x39,0x64,0x39,0xa5,0x41,0x64,0x31,0x23,0x31,0x64,0x39,0x64,0x31,0x85,0x39,0x84,0x31,0x23,0x29,0x23,0x29,0xe2,0x20,
    0x02,0x21,0x44,0x29,0x44,0x29,0x85,0x31,0x85,0x31,0x85,0x31,0x65,0x29,0x64,0x29,0x65,0x29,0x44,0x29,0x64,0x29,0x85,0x29,
    0x44,0x29,0x65,0x29,0xe6,0x39,0x85,0x31,0x23,0x21,0x23,0x21,0x23,0x19,0x44,0x21,0x64,0x21,0x64,0x21,0xc6,0x29,0xc6,0x29,
    0xa5,0x29,0x85,0x21,0x66,0x29,0x64,0x21,0x44,0x21,0x44,0x21,0x44,0x21,0x23,0x21,0x23,0x19,0x03,0x21,0xe3,0x18,0x03,0x21,
    0x03,0x19,0x03,0x19,0x24,0x21,0x44,0x29,0x44,0x21,0x23,0x21,0x43,0x29,0x23,0x29,0x23,0x29,0x64,0x39,0x85,0x39,0xc5,0x39,
    0x85,0x39,0x84,0x39,0x64,0x31,0x44,0x31,0x06,0x4a,0xc5,0x41,0xc5,0x41,0xe5,0x41,0x43,0x29,0x64,0x31,0xc6,0x41,0xc6,0x41,
    0x06,0x4a,0xc5,0x41,0xe5,0x41,0xc5,0x41,0xa5,0x41,0xe5,0x49,0x26,0x52,0x46,0x5a,0x47,0x52,0xe5,0x51,0xe5,0x49,0xc4,0x49,
    0x25,0x52,0x46,0x5a,0x46,0x62,0x46,0x5a,0x26,0x5a,0xe5,0x51,0xc4,0x41,0xa5,0x41,0xa4,0x49,0xc5,0x49,0xa4,0x41,0x84,0x41,
    0xa4,0x39,0xa5,0x41,0x06,0x4a,0xe6,0x49,0x26,0x52,0x47,0x52,0x47,0x52,0x06,0x4a,0xe5,0x49,0xc5,0x41,0xa4,0x39,0x84,0x39,
    0x84,0x41,0xa5,0x41,0xc5,0x49,0xa5,0x41,0x85,0x39,0x85,0x41,0x63,0x39,0xa5,0x41,0xa4,0x41,0x84,0x39,0xa4,0x39,0x64,0x39,
    0x23,0x31,0x43,0x39,0x23,0x29,0x43,0x39,0x43,0x39,0x22,0x31,0x43,0x41,0xa3,0x49,0x63,0x49,0x62,0x49,0x83,0x49,0x63,0x49,
    0x02,0x31,0x63,0x41,0x84,0x49,0x63,0x41,0x84,0x49,0x05,0x5a,0x66,0x62,0x46,0x62,0x46,0x62,0x25,0x62,0xc5,0x51,0x46,0x5a,
    0x46,0x62,0x05,0x5a,0xe5,0x51,0xe5,0x49,0xe5,0x51,0x05,0x52,0x06,0x5a,0x25,0x5a,0x25,0x52,0x87,0x6a,0x66,0x62,0x87,0x6a,
    0xa7,0x72,0xa8,0x72,0xa7,0x6a,0x87,0x6a,0xa7,0x6a,0x46,0x5a,0x26,0x52,0xe5,0x51,0x26,0x52,0x05,0x52,0xa5,0x41,0x84,0x41,
    0x43,0x39,0x43,0x39,0x43,0x39,0xa5,0x41,0x84,0x41,0x84,0x39,0x64,0x39,0x64,0x39,0x64,0x39,0x44,0x29,0x23,0x31,0x23,0x29,
    0x23,0x29,0x23,0x29,0xe2,0x20,0x03,0x21,0x43,0x29,0x64,0x31,0x44,0x29,0x44,0x29,0x64,0x29,0x44,0x21,0x03,0x21,0x03,0x21,
    0x44,0x21,0x24,0x21,0x44,0x29,0x85,0x29,0x23,0x21,0x64,0x29,0xa5,0x31,0x64,0x29,0x24,0x21,0xe3,0x18,0xc2,0x18,0xe2,0x10,
    0xe3,0x18,0xe3,0x10,0x44,0x21,0xa5,0x29,0x85,0x21,0x65,0x21,0x85,0x21,0x45,0x21,0x03,0x19,0x23,0x21,0x44,0x21,0x44,0x19,
    0x44,0x21,0x64,0x21,0x44,0x21,0x44,0x21,0x44,0x21,0x24,0x21,0x23,0x21,0x44,0x29,0x44,0x21,0x44,0x29,0x64,0x31,0x23,0x29,
    0x44,0x31,0x44,0x31,0x64,0x31,0x64,0x39,0x64,0x31,0x85,0x39,0x64,0x39,0x44,0x31,0x46,0x52,0x06,0x52,0x26,0x52,0x06,0x52,
    0xc5,0x41,0xa4,0x39,0xe5,0x49,0x06,0x4a,0x26,0x4a,0xe5,0x41,0x84,0x41,0xc5,0x49,0xe6,0x49,0x46,0x5a,0x87,0x62,0x46,0x5a,
    0x46,0x52,0xe5,0x51,0x06,0x52,0xc4,0x49,0xe4,0x51,0x05,0x52,0x25,0x5a,0x05,0x52,0xe5,0x49,0xc5,0x49,0xa4,0x41,0x84,0x41,
    0xe5,0x49,0xe5,0x49,0x64,0x39,0x23,0x31,0x64,0x39,0xa4,0x39,0xa5,0x41,0x46,0x52,0x26,0x52,0x27,0x52,0x06,0x52,0xc5,0x41,
    0xc5,0x41,0xc5,0x41,0xa5,0x39,0x84,0x39,0x85,0x41,0x84,0x41,0x84,0x41,0xc5,0x41,0xc5,0x49,0xa5,0x41,0x44,0x41,0xa5,0x39,
    0xa4,0x39,0x64,0x39,0x64,0x39,0x84,0x39,0x84,0x39,0x43,0x31,0xc2,0x20,0x23,0x31,0x64,0x39,0x43,0x39,0x63,0x41,0xa4,0x49,
    0xa4,0x51,0x83,0x51,0x62,0x41,0x63,0x49,0x22,0x41,0x84,0x41,0x63,0x41,0xa4,0x49,0xa4,0x51,0xe4,0x51,0x46,0x62,0x66,0x62,
    0x26,0x5a,0x25,0x5a,0x05,0x52,0x66,0x62,0x26,0x62,0xe5,0x51,0xe5,0x49,0xa4,0x49,0xc5,0x51,0x05,0x52,0x06,0x52,0xe5,0x51,
    0x26,0x5a,0x66,0x62,0x86,0x6a,0x86,0x72,0xa7,0x6a,0xc7,0x72,0x87,0x6a,0x66,0x62,0x87,0x62,0x46,0x5a,0x05,0x5a,0x05,0x52,
    0x26,0x5a,0x06,0x52,0xa4,0x49,0x64,0x39,0x44,0x39,0x23,0x31,0x64,0x39,0x84,0x41,0x84,0x39,0x64,0x31,0x44,0x39,0x44,0x39,
    0x84,0x39,0x43,0x31,0x23,0x29,0x03,0x29,0x02,0x29,0xe2,0x20,0xe2,0x20,0x23,0x31,0x23,0x31,0x24,0x29,0x24,0x21,0x03,0x21,
    0x24,0x29,0x24,0x21,0x03,0x19,0x24,0x21,0x84,0x31,0x85,0x31,0x85,0x31,0xc5,0x39,0x64,0x29,0x64,0x29,0xa5,0x39,0x85,0x31,
    0x44,0x21,0x44,0x21,0x23,0x21,0x24,0x21,0x44,0x21,0x65,0x21,0x85,0x21,0x65,0x21,0x85,0x21,0x86,0x29,0x85,0x29,0x65,0x21,
    0x66,0x29,0x65,0x29,0x65,0x21,0x44,0x21,0x44,0x21,0x64,0x21,0x44,0x21,0x24,0x21,0x24,0x21,0x44,0x29,0x44,0x21,0x44,0x29,
    0x44,0x29,0x64,0x29,0x65,0x31,0x23,0x21,0x43,0x29,0x84,0x31,0x44,0x31,0x64,0x31,0x64,0x39,0x65,0x39,0x64,0x31,0x43,0x29,
    0x05,0x52,0xe6,0x49,0x46,0x5a,0x66,0x5a,0x67,0x5a,0x06,0x52,0x06,0x4a,0x26,0x52,0x47,0x5a,0x46,0x5a,0xa5,0x41,0xc5,0x49,
    0xc5,0x49,0x46,0x5a,0x86,0x62,0x66,0x62,0x26,0x5a,0x05,0x52,0x45,0x5a,0xc5,0x49,0xa4,0x49,0xa5,0x49,0x06,0x52,0xc4,0x49,
    0x84,0x41,0xa4,0x41,0xa5,0x49,0xe5,0x49,0xa4,0x41,0xe5,0x51,0xc4,0x49,0x43,0x31,0x64,0x39,0x84,0x39,0x06,0x52,0x26,0x52,
    0x06,0x52,0xe6,0x49,0xa5,0x41,0xa5,0x41,0xe6,0x49,0xc5,0x41,0x44,0x39,0x44,0x31,0xa5,0x41,0xa5,0x41,0x44,0x39,0xc5,0x49,
    0xc5,0x49,0xa5,0x41,0x44,0x39,0x64,0x39,0x84,0x41,0x84,0x39,0x43,0x31,0x43,0x31,0x43,0x29,0xe3,0x28,0xa2,0x20,0x02,0x29,
    0x43,0x31,0x43,0x39,0x64,0x41,0xa3,0x49,0x83,0x49,0x63,0x49,0xe1,0x38,0x22,0x41,0xa3,0x49,0x83,0x49,0xa4,0x51,0xe4,0x51,
    0x05,0x5a,0x05,0x5a,0x05,0x5a,0x66,0x62,0x46,0x62,0x46,0x5a,0x46,0x5a,0x46,0x62,0x05,0x5a,0xc4,0x51,0x84,0x49,0x63,0x41,
    0x64,0x41,0xa4,0x49,0xc4,0x49,0x26,0x52,0x66,0x62,0x46,0x62,0x86,0x6a,0x86,0x6a,0xa7,0x6a,0xa7,0x72,0x66,0x62,0x66,0x62,
    0x67,0x62,0x66,0x62,0x46,0x5a,0x25,0x5a,0x05,0x5a,0xc4,0x41,0x84,0x41,0x43,0x31,0x43,0x31,0x43,0x39,0x44,0x31,0x43,0x39,
    0x43,0x31,0x64,0x39,0x84,0x39,0x84,0x39,0x84,0x31,0x44,0x31,0x03,0x29,0x23,0x31,0xe2,0x20,0x24,0x31,0x23,0x29,0x44,0x31,
    0x23,0x29,0xe2,0x20,0xe3,0x20,0x44,0x29,0x44,0x29,0x44,0x29,0x43,0x29,0x64,0x31,0xa5,0x39,0xe6,0x41,0xc5,0x41,0xa5,0x39,
    0xa5,0x31,0x85,0x31,0xa5,0x31,0x44,0x29,0x03,0x21,0x44,0x21,0x44,0x21,0x65,0x29,0x65,0x21,0x65,0x29,0x85,0x29,0x24,0x21,
    0x45,0x21,0x45,0x21,0x24,0x21,0x45,0x21,0x24,0x19,0xe3,0x18,0xa2,0x10,0x82,0x08,0x81,0x10,0xa2,0x08,0xc2,0x10,0xc2,0x18,
    0x03,0x21,0x44,0x21,0x23,0x21,0x24,0x21,0x65,0x29,0x44,0x29,0x65,0x29,0x03,0x29,0x43,0x29,0x85,0x39,0x64,0x39,0x43,0x31,
    0x85,0x39,0x64,0x39,0x44,0x31,0x43,0x31,0x25,0x52,0xe5,0x51,0xc4,0x49,0x66,0x5a,0xa8,0x62,0x47,0x5a,0x26,0x52,0x88,0x62,
    0x87,0x5a,0x67,0x5a,0x26,0x52,0xa4,0x41,0xc5,0x49,0x66,0x5a,0xa7,0x6a,0x87,0x62,0x66,0x5a,0x25,0x5a,0x25,0x52,0x05,0x52,
    0xe5,0x49,0x25,0x52,0x26,0x5a,0xe5,0x51,0xa4,0x41,0x84,0x41,0xe5,0x49,0xe5,0x51,0xe4,0x51,0x45,0x52,0x05,0x52,0xe5,0x49,
    0xa4,0x41,0xc5,0x49,0x06,0x52,0xc5,0x49,0x06,0x52,0xc5,0x49,0x84,0x39,0x84,0x41,0xe5,0x49,0xc5,0x41,0x44,0x39,0x23,0x31,
    0x64,0x39,0x64,0x39,0x65,0x41,0xc5,0x49,0xa5,0x41,0x84,0x41,0x84,0x41,0x64,0x39,0x84,0x39,0x64,0x39,0x64,0x31,0x23,0x31,
    0x23,0x31,0x23,0x29,0xe2,0x20,0x24,0x31,0x63,0x31,0x64,0x41,0x43,0x39,0x83,0x41,0xa3,0x51,0x83,0x49,0x22,0x39,0x62,0x49,
    0xa4,0x51,0xc4,0x51,0xc4,0x51,0xe5,0x51,0x05,0x5a,0xe4,0x51,0xc4,0x51,0x05,0x5a,0x25,0x5a,0x25,0x52,0x25,0x5a,0x05,0x5a,
    0xe5,0x59,0x84,0x49,0x43,0x39,0x64,0x41,0x63,0x41,0x64,0x41,0xa4,0x41,0x26,0x62,0x25,0x5a,0x66,0x6a,0x25,0x62,0x46,0x62,
    0x46,0x62,0x86,0x6a,0x46,0x62,0x46,0x62,0x87,0x62,0x66,0x62,0x46,0x5a,0x05,0x52,0x05,0x5a,0x46,0x62,0x84,0x41,0x23,0x31,
    0x43,0x39,0x64,0x39,0x43,0x39,0x64,0x39,0x64,0x39,0x23,0x31,0x64,0x39,0x63,0x31,0x03,0x31,0x03,0x29,0x23,0x29,0x44,0x31,
    0x23,0x29,0x43,0x31,0x03,0x29,0x43,0x31,0x03,0x29,0x23,0x29,0x02,0x21,0x43,0x29,0x44,0x29,0x64,0x31,0xc5,0x41,0x85,0x39,
    0x84,0x31,0xc6,0x41,0x84,0x31,0x84,0x39,0x85,0x31,0x84,0x31,0x65,0x31,0x44,0x21,0x85,0x31,0xa5,0x31,0xa6,0x31,0xa5,0x31,
    0x85,0x29,0x65,0x29,0x45,0x21,0x86,0x29,0x44,0x21,0x24,0x21,0x45,0x21,0x24,0x19,0x24,0x19,0x45,0x21,0x44,0x21,0x45,0x21,
    0x24,0x19,0x25,0x21,0x04,0x21,0x03,0x19,0x25,0x29,0x24,0x21,0x03,0x21,0x03,0x21,0x24,0x21,0x44,0x29,0x44,0x29,0x23,0x29,
    0x43,0x29,0x64,0x39,0x44,0x31,0x23,0x29,0x64,0x31,0x44,0x39,0x64,0x31,0x43,0x31,0x46,0x5a,0xa4,0x41,0x06,0x52,0x66,0x62,
    0x87,0x62,0x67,0x5a,0x87,0x62,0xc8,0x6a,0xa7,0x6a,0x46,0x5a,0x05,0x52,0x26,0x5a,0x25,0x52,0x67,0x62,0xc7,0x6a,0xa7,0x6a,
    0x46,0x5a,0x25,0x52,0x26,0x5a,0x66,0x62,0x46,0x5a,0x66,0x62,0x46,0x62,0x46,0x5a,0x06,0x52,0xc5,0x49,0xc4,0x49,0x05,0x4a,
    0x25,0x5a,0x46,0x5a,0x26,0x52,0xc5,0x49,0x84,0x41,0x06,0x52,0x26,0x52,0x06,0x52,0x06,0x52,0xc4,0x49,0xc5,0x49,0xc5,0x41,
    0x65,0x39,0x84,0x39,0x64,0x39,0x23,0x31,0x64,0x39,0x44,0x39,0x64,0x39,0x64,0x39,0x84,0x41,0xc5,0x49,0x84,0x41,0x06,0x52,
    0xc5,0x49,0xc5,0x41,0xa5,0x41,0x85,0x39,0x84,0x39,0x64,0x39,0x44,0x39,0x85,0x39,0x84,0x39,0x64,0x39,0x42,0x39,0x83,0x49,
    0xa4,0x49,0x83,0x49,0x22,0x39,0x62,0x41,0x22,0x31,0x62,0x41,0xa3,0x49,0x05,0x5a,0x05,0x5a,0xe5,0x51,0xe4,0x51,0x26,0x5a,
    0x25,0x5a,0x05,0x5a,0xa4,0x51,0x05,0x5a,0xe4,0x51,0xa4,0x51,0x64,0x49,0x84,0x49,0xc4,0x49,0x84,0x41,0x63,0x41,0xe5,0x59,
    0x05,0x5a,0x46,0x5a,0x46,0x62,0x66,0x62,0x66,0x62,0x46,0x62,0x46,0x62,0x87,0x6a,0xa7,0x6a,0x66,0x5a,0x25,0x5a,0x26,0x5a,
    0x26,0x5a,0x46,0x62,0xc4,0x49,0xa4,0x41,0xe4,0x49,0xa4,0x41,0x23,0x31,0x64,0x39,0x83,0x41,0x43,0x31,0x44,0x31,0x23,0x31,
    0x02,0x21,0x23,0x31,0xe2,0x28,0x23,0x29,0xe2,0x20,0xe2,0x20,0xe2,0x28,0xe2,0x20,0xe2,0x28,0x23,0x21,0x23,0x29,0x23,0x29,
    0x43,0x29,0x85,0x39,0xa5,0x39,0x64,0x39,0x85,0x39,0x84,0x39,0x64,0x39,0xa5,0x39,0x44,0x29,0x43,0x31,0x23,0x21,0x24,0x21,
    0xc6,0x31,0xc6,0x39,0x85,0x31,0x85,0x29,0x64,0x21,0x04,0x19,0x04,0x19,0x44,0x21,0x45,0x21,0x65,0x21,0x86,0x29,0xa6,0x29,
    0xa7,0x31,0xa6,0x29,0x85,0x21,0x85,0x21,0x86,0x29,0x86,0x29,0x65,0x29,0x65,0x29,0x03,0x21,0x03,0x19,0x24,0x21,0x23,0x21,
    0x03,0x21,0x44,0x21,0x24,0x29,0x44,0x29,0x44,0x31,0x64,0x31,0x44,0x31,0x03,0x29,0x43,0x31,0x64,0x31,0x23,0x29,0x44,0x31,
    0x26,0x52,0x25,0x52,0x66,0x5a,0x26,0x5a,0x47,0x5a,0x86,0x62,0xa7,0x62,0xe8,0x6a,0xa7,0x62,0x87,0x62,0x66,0x5a,0xa7,0x62,
    0xa7,0x6a,0xa7,0x6a,0xe8,0x72,0xa8,0x6a,0x46,0x5a,0x46,0x5a,0x87,0x62,0x86,0x62,0x26,0x5a,0x66,0x62,0x87,0x6a,0x66,0x62,
    0x66,0x5a,0x46,0x5a,0x05,0x52,0x25,0x5a,0x25,0x52,0x25,0x5a,0xe5,0x49,0xc5,0x49,0x06,0x52,0x26,0x52,0x46,0x5a,0x46,0x52,
    0x25,0x52,0x06,0x52,0xe5,0x49,0xa4,0x41,0x23,0x29,0x64,0x39,0x44,0x31,0x44,0x39,0xa5,0x41,0x84,0x41,0x23,0x31,0x64,0x41,
    0xc5,0x41,0xe6,0x51,0xc5,0x49,0x05,0x4a,0xe6,0x51,0x26,0x52,0x26,0x52,0xe6,0x49,0xe6,0x49,0xa5,0x41,0xa4,0x41,0xc5,0x49,
    0xa5,0x49,0x63,0x39,0x23,0x39,0x83,0x41,0x83,0x49,0x83,0x49,0x42,0x41,0x01,0x39,0x43,0x39,0x63,0x41,0xc4,0x51,0x25,0x5a,
    0x46,0x62,0xe4,0x51,0xa4,0x51,0x05,0x5a,0x45,0x62,0x46,0x62,0xc5,0x51,0x05,0x52,0xe5,0x59,0xa4,0x49,0x84,0x49,0xa4,0x51,
    0x05,0x5a,0xa4,0x49,0x84,0x41,0x04,0x52,0x46,0x62,0xc4,0x51,0x25,0x5a,0x66,0x62,0x87,0x6a,0x87,0x6a,0x46,0x62,0xa7,0x72,
    0x87,0x6a,0x46,0x5a,0x46,0x5a,0x46,0x62,0x46,0x62,0x45,0x5a,0x46,0x5a,0x46,0x62,0x05,0x52,0xa4,0x41,0xa4,0x41,0xe5,0x49,
    0xe5,0x51,0xa4,0x41,0x43,0x39,0x03,0x29,0x03,0x29,0x02,0x21,0xe2,0x20,0xe2,0x20,0xe2,0x20,0xe2,0x18,0xc2,0x20,0xc2,0x18,
    0xc2,0x20,0x02,0x21,0xe3,0x20,0x03,0x21,0x43,0x31,0xa5,0x41,0x84,0x39,0x64,0x39,0x44,0x39,0x64,0x31,0x65,0x39,0x84,0x39,
    0x85,0x39,0xa5,0x31,0x65,0x29,0x85,0x31,0x65,0x29,0x85,0x31,0x85,0x29,0x65,0x29,0x85,0x29,0x65,0x21,0x45,0x21,0x45,0x21,
    0x86,0x29,0xa6,0x29,0xc6,0x29,0xa6,0x29,0xc7,0x29,0x86,0x29,0x45,0x21,0x24,0x19,0x04,0x19,0x25,0x21,0x24,0x19,0x24,0x21,
    0xc3,0x18,0xc2,0x18,0xc3,0x18,0xe3,0x18,0x23,0x21,0x24,0x21,0x44,0x29,0x23,0x21,0x23,0x29,0x64,0x31,0x64,0x31,0x44,0x29,
    0x23,0x29,0x23,0x29,0x64,0x31,0x23,0x29,0x86,0x62,0x87,0x62,0x87,0x62,0x66,0x5a,0x46,0x52,0xa7,0x62,0xa8,0x6a,0xa7,0x6a,
    0x67,0x62,0xa7,0x6a,0xa7,0x6a,0xc8,0x6a,0xc8,0x72,0xa8,0x6a,0xa8,0x72,0xa7,0x6a,0x46,0x5a,0x66,0x62,0xa8,0x6a,0x46,0x52,
    0x25,0x5a,0x46,0x62,0x46,0x62,0x66,0x5a,0x87,0x62,0x66,0x62,0x66,0x5a,0x67,0x62,0x05,0x52,0x26,0x52,0x06,0x52,0x06,0x52,
    0x25,0x52,0x46,0x5a,0x66,0x5a,0x05,0x52,0x66,0x62,0x46,0x5a,0xe5,0x51,0x64,0x31,0x23,0x31,0x43,0x31,0x84,0x39,0x84,0x39,
    0xa4,0x41,0x84,0x41,0x63,0x39,0xc5,0x49,0xe5,0x51,0x26,0x52,0x46,0x52,0x26,0x5a,0x27,0x52,0x26,0x5a,0x06,0x52,0x06,0x4a,
    0xc5,0x49,0x84,0x39,0xa5,0x41,0xa4,0x39,0xa5,0x41,0x43,0x39,0x02,0x31,0x62,0x41,0xa3,0x49,0xa4,0x51,0x42,0x41,0x02,0x31,
    0x63,0x41,0xa4,0x49,0x84,0x51,0xe4,0x51,0x05,0x5a,0x05,0x5a,0xa4,0x51,0xe5,0x59,0x46,0x5a,0x25,0x5a,0x05,0x5a,0x25,0x5a,
    0xe5,0x51,0x84,0x41,0xa4,0x49,0x83,0x49,0xe5,0x51,0x25,0x5a,0xc5,0x51,0x05,0x5a,0x05,0x5a,0x05,0x5a,0x46,0x5a,0x66,0x62,
    0xa7,0x6a,0x86,0x6a,0x87,0x62,0xc7,0x72,0x87,0x6a,0x46,0x62,0x05,0x5a,0x25,0x5a,0xa7,0x72,0x87,0x6a,0x86,0x62,0x87,0x6a,
    0x46,0x62,0x25,0x5a,0x66,0x6a,0x65,0x62,0x05,0x5a,0xa4,0x41,0x44,0x31,0xe2,0x20,0x02,0x29,0x23,0x29,0x03,0x21,0xe3,0x20,
    0x03,0x21,0x03,0x29,0xc2,0x18,0xe1,0x20,0xc2,0x20,0xc3,0x18,0x03,0x21,0x23,0x29,0x44,0x39,0x63,0x39,0x84,0x41,0x63,0x31,
    0x44,0x31,0x43,0x31,0x44,0x31,0xa5,0x39,0xc5,0x39,0x85,0x31,0x64,0x29,0x24,0x29,0x64,0x21,0x85,0x31,0x85,0x29,0xa5,0x29,
    0xa6,0x31,0x85,0x29,0x85,0x29,0xa6,0x31,0xc6,0x29,0xc7,0x31,0x86,0x29,0x04,0x19,0x44,0x21,0xe7,0x31,0x86,0x29,0x86,0x29,
    0x86,0x29,0x45,0x21,0xe3,0x18,0xe3,0x18,0xe3,0x18,0x03,0x19,0xc3,0x18,0xe3,0x20,0x03,0x19,0x23,0x21,0x23,0x29,0x63,0x29,
    0x64,0x29,0x44,0x31,0x23,0x29,0x04,0x21,0x03,0x21,0x03,0x21,0x43,0x29,0x23,0x29,0xa7,0x6a,0xc8,0x6a,0xc7,0x6a,0xa7,0x6a,
    0xc8,0x6a,0xa7,0x6a,0xc8,0x6a,0xa7,0x6a,0x66,0x62,0xc8,0x6a,0x08,0x73,0xe8,0x72,0xc8,0x72,0xa7,0x6a,0x86,0x62,0x87,0x62,
    0x66,0x5a,0x46,0x5a,0x66,0x5a,0x66,0x62,0x66,0x5a,0x87,0x62,0xa6,0x6a,0x87,0x6a,0x67,0x62,0x46,0x5a,0x25,0x52,0x46,0x5a,
    0x26,0x5a,0x86,0x62,0x46,0x5a,0x46,0x5a,0x26,0x52,0x25,0x52,0x67,0x62,0x46,0x5a,0x46,0x5a,0x26,0x5a,0xc5,0x49,0x84,0x41,
    0xa5,0x41,0xa5,0x41,0xa4,0x49,0xa5,0x49,0x05,0x52,0x06,0x52,0x05,0x52,0x06,0x52,0x06,0x52,0x47,0x5a,0x67,0x5a,0x26,0x5a,
    0x27,0x52,0x06,0x4a,0xc5,0x49,0xa5,0x41,0xa5,0x41,0x85,0x39,0x43,0x31,0x64,0x39,0x43,0x31,0x23,0x31,0x43,0x39,0x43,0x39,
    0x63,0x41,0x63,0x49,0x63,0x41,0x02,0x39,0x84,0x41,0xa4,0x41,0x84,0x49,0xe5,0x59,0x05,0x5a,0xe5,0x59,0xc3,0x49,0x05,0x5a,
    0x45,0x62,0x26,0x5a,0x66,0x62,0x66,0x62,0x46,0x5a,0xe4,0x51,0xc4,0x49,0xc4,0x51,0xe4,0x51,0xe5,0x51,0x25,0x5a,0x05,0x5a,
    0xe5,0x51,0x46,0x5a,0x87,0x62,0xa7,0x6a,0xa7,0x6a,0x87,0x6a,0x86,0x6a,0xa7,0x6a,0x87,0x6a,0x87,0x6a,0x46,0x62,0xa7,0x6a,
    0x08,0x7b,0xe8,0x82,0xc7,0x72,0x87,0x6a,0x86,0x6a,0x87,0x6a,0xa7,0x6a,0x45,0x62,0xc5,0x49,0xa4,0x41,0x84,0x39,0x23,0x31,
    0x64,0x31,0x64,0x39,0x44,0x29,0x43,0x29,0x02,0x21,0xe2,0x20,0xc1,0x20,0xc2,0x20,0xc2,0x18,0xc2,0x20,0xe2,0x20,0x23,0x29,
    0x43,0x39,0x64,0x39,0x64,0x39,0x84,0x39,0x23,0x31,0x44,0x31,0x64,0x31,0x85,0x39,0x43,0x31,0x44,0x29,0x23,0x21,0x24,0x21,
    0x24,0x21,0x23,0x21,0x45,0x29,0x64,0x21,0x44,0x29,0x85,0x29,0xa6,0x31,0x24,0x21,0x03,0x19,0x04,0x19,0xc3,0x18,0xc3,0x10,
    0xe4,0x18,0x45,0x21,0x04,0x19,0xe3,0x10,0x24,0x21,0x04,0x19,0xe4,0x18,0x04,0x21,0x04,0x19,0xe3,0x20,0x03,0x19,0x24,0x21,
    0x24,0x21,0x23,0x21,0x24,0x29,0x23,0x29,0x44,0x29,0x23,0x21,0x03,0x21,0x03,0x21,0x03,0x21,0x03,0x21,0x03,0x21,0x43,0x29,
    0xa7,0x6a,0x87,0x6a,0x87,0x6a,0xa8,0x72,0xc7,0x6a,0x87,0x62,0xc7,0x6a,0xa7,0x62,0xc8,0x6a,0xe8,0x72,0xe8,0x72,0xe8,0x72,
    0xe8,0x72,0xc8,0x6a,0x86,0x5a,0xa8,0x6a,0xc8,0x6a,0xa7,0x62,0x86,0x62,0x87,0x62,0x87,0x62,0xa7,0x72,0xc8,0x72,0xc7,0x6a,
    0x66,0x5a,0x25,0x5a,0x25,0x52,0x26,0x5a,0x86,0x62,0x87,0x62,0x87,0x62,0x46,0x62,0x46,0x5a,0x66,0x62,0x87,0x62,0x86,0x62,
    0x66,0x62,0x87,0x62,0x26,0x5a,0xe5,0x49,0xe6,0x51,0x06,0x52,0xc5,0x49,0x05,0x4a,0x26,0x5a,0x05,0x52,0x06,0x52,0x46,0x5a,
    0x06,0x4a,0x26,0x52,0x06,0x52,0xe5,0x49,0xc5,0x49,0xc5,0x49,0x84,0x41,0x84,0x39,0x64,0x39,0x23,0x31,0x23,0x31,0x24,0x31,
    0xa4,0x39,0x43,0x31,0x43,0x39,0x83,0x41,0x63,0x39,0x42,0x39,0x84,0x49,0x43,0x39,0x43,0x39,0x84,0x41,0x64,0x41,0xa4,0x49,
    0x25,0x5a,0x25,0x5a,0xa4,0x51,0x05,0x5a,0x66,0x62,0x46,0x5a,0x66,0x62,0x87,0x5a,0x66,0x5a,0x46,0x5a,0x46,0x5a,0x25,0x52,
    0x25,0x5a,0x46,0x62,0x66,0x62,0x66,0x62,0x66,0x5a,0x66,0x62,0x86,0x5a,0x87,0x62,0xa7,0x6a,0xa7,0x6a,0xa7,0x6a,0xc8,0x72,
    0x87,0x6a,0x66,0x62,0x87,0x72,0xe7,0x7a,0xe8,0x7a,0xe8,0x7a,0xe7,0x7a,0xc7,0x72,0x86,0x6a,0x46,0x62,0x66,0x62,0x25,0x5a,
    0x05,0x5a,0xc4,0x49,0xe5,0x49,0x22,0x31,0x23,0x29,0x02,0x29,0xe2,0x20,0xe2,0x18,0xc2,0x20,0xe2,0x28,0xc2,0x20,0xa1,0x20,
    0xa2,0x18,0xc2,0x20,0xc2,0x20,0x02,0x21,0x43,0x31,0x64,0x39,0x64,0x39,0x43,0x31,0x03,0x29,0x23,0x31,0x23,0x31,0x43,0x31,
    0x44,0x29,0x44,0x29,0x24,0x21,0x24,0x29,0x23,0x21,0xc2,0x18,0xc2,0x18,0x04,0x21,0x23,0x21,0xc6,0x39,0xc5,0x39,0x85,0x31,
    0x65,0x29,0x45,0x29,0x44,0x21,0x86,0x29,0x45,0x21,0x24,0x21,0xe3,0x18,0xe3,0x18,0x24,0x19,0x45,0x21,0x04,0x19,0xe3,0x18,
    0xe3,0x18,0xe3,0x18,0x24,0x21,0x23,0x21,0x03,0x21,0x24,0x21,0x03,0x21,0x03,0x21,0xe2,0x18,0x03,0x19,0xc2,0x18,0xe3,0x18,
    0xc2,0x10,0xc2,0x18,0xc2,0x10,0x24,0x21,0x46,0x5a,0x46,0x62,0x87,0x6a,0xe8,0x72,0xa7,0x6a,0xa8,0x6a,0xa7,0x6a,0x87,0x6a,
    0xa8,0x6a,0xc8,0x72,0xe8,0x72,0xe8,0x72,0xa7,0x6a,0xa7,0x6a,0x87,0x62,0xc7,0x6a,0xc7,0x6a,0xc8,0x6a,0xa7,0x6a,0xa7,0x6a,
    0x87,0x62,0xa7,0x6a,0x87,0x6a,0x87,0x6a,0x86,0x62,0x46,0x5a,0x46,0x5a,0x66,0x62,0x87,0x5a,0x66,0x62,0xa7,0x62,0xa8,0x6a,
    0x86,0x62,0x87,0x62,0x86,0x6a,0x87,0x6a,0xa7,0x6a,0x87,0x62,0x87,0x62,0x88,0x62,0x46,0x5a,0x25,0x52,0x26,0x5a,0x67,0x62,
    0x47,0x5a,0x25,0x5a,0x06,0x52,0x05,0x52,0xe5,0x51,0xc5,0x49,0xa4,0x41,0xc5,0x49,0x84,0x41,0xe5,0x49,0xc5,0x49,0xa5,0x41,
    0x64,0x31,0x23,0x29,0x44,0x31,0x63,0x39,0xa5,0x41,0x43,0x39,0x43,0x39,0xa4,0x41,0x84,0x41,0x43,0x41,0x63,0x41,0x43,0x39,
    0xa4,0x51,0xa4,0x41,0xc5,0x49,0xe5,0x49,0xe5,0x51,0xc4,0x51,0x05,0x52,0x46,0x62,0x86,0x6a,0x66,0x62,0x87,0x5a,0x86,0x62,
    0x46,0x5a,0x46,0x5a,0x87,0x62,0x66,0x62,0x46,0x5a,0x86,0x62,0x66,0x6a,0x66,0x62,0x87,0x62,0x87,0x62,0x87,0x62,0x86,0x62,
    0x87,0x62,0x87,0x62,0x87,0x6a,0xa7,0x6a,0x87,0x6a,0x86,0x6a,0xa7,0x72,0xe8,0x7a,0xe8,0x82,0xc7,0x7a,0xc7,0x7a,0x87,0x72,
    0x86,0x6a,0x46,0x62,0x25,0x62,0x46,0x62,0x46,0x62,0x25,0x5a,0x84,0x41,0x84,0x41,0x02,0x29,0xa1,0x18,0xc2,0x18,0xc2,0x20,
    0x02,0x21,0x03,0x29,0xc2,0x20,0xa1,0x18,0xa2,0x10,0xc2,0x18,0xe2,0x20,0x02,0x29,0x03,0x29,0x03,0x31,0x03,0x29,0x02,0x29,
    0x23,0x39,0x43,0x31,0x43,0x29,0x03,0x29,0x84,0x39,0x44,0x29,0x23,0x29,0x44,0x29,0x44,0x21,0x24,0x21,0x03,0x21,0x44,0x21,
    0x03,0x19,0xc5,0x31,0x64,0x29,0x85,0x31,0x65,0x29,0x45,0x21,0x24,0x21,0x45,0x21,0x45,0x29,0xe3,0x18,0xe4,0x18,0xc3,0x10,
    0xc3,0x10,0x04,0x19,0x24,0x21,0xe3,0x18,0x03,0x21,0x24,0x21,0x03,0x21,0x03,0x19,0x23,0x21,0x03,0x19,0xe2,0x18,0xe3,0x18,
    0xc2,0x18,0xc2,0x18,0xe3,0x18,0xe2,0x18,0xc3,0x18,0xc2,0x10,0xe2,0x18,0xe3,0x18,0x66,0x62,0x87,0x6a,0xa7,0x6a,0xe8,0x72,
    0xa8,0x6a,0x86,0x6a,0xa7,0x6a,0xa7,0x6a,0x87,0x6a,0xc8,0x6a,0x87,0x6a,0xa7,0x6a,0x87,0x6a,0x87,0x62,0xc8,0x72,0xc8,0x6a,
    0xa7,0x62,0x46,0x5a,0x46,0x5a,0x66,0x62,0x86,0x62,0x66,0x62,0xa7,0x6a,0xa7,0x6a,0x66,0x5a,0x66,0x5a,0x87,0x62,0x87,0x62,
    0x86,0x62,0x67,0x62,0x87,0x62,0x87,0x62,0x66,0x62,0x46,0x62,0x87,0x62,0x87,0x6a,0xa7,0x6a,0x87,0x62,0x67,0x62,0x87,0x62,
    0x87,0x62,0x67,0x5a,0x67,0x5a,0x67,0x62,0x66,0x62,0x26,0x5a,0x25,0x52,0x06,0x52,0xe5,0x49,0xa5,0x49,0xc5,0x41,0xc5,0x49,
    0xe5,0x49,0xe6,0x49,0x06,0x52,0x84,0x41,0x84,0x41,0x63,0x39,0x84,0x39,0x84,0x39,0xa5,0x41,0xe5,0x41,0xc5,0x49,0xc5,0x49,
    0xe5,0x49,0xc4,0x49,0x63,0x39,0x83,0x41,0xc5,0x49,0x63,0x41,0xc5,0x49,0x26,0x5a,0x26,0x5a,0xc4,0x49,0xe4,0x51,0x66,0x62,
    0x87,0x62,0x67,0x62,0x87,0x62,0x67,0x62,0x67,0x5a,0x66,0x62,0x67,0x62,0x67,0x5a,0x87,0x62,0xa7,0x6a,0x67,0x62,0x67,0x62,
    0xa7,0x62,0xa7,0x62,0x87,0x62,0x66,0x62,0x87,0x62,0x87,0x62,0x86,0x62,0x87,0x6a,0xa7,0x6a,0x87,0x6a,0xc7,0x72,0xc7,0x7a,
    0xe8,0x7a,0xe8,0x82,0x87,0x72,0x66,0x6a,0x45,0x62,0x45,0x62,0x86,0x6a,0x66,0x6a,0x66,0x6a,0x66,0x62,0x05,0x52,0xc5,0x49,
    0x23,0x29,0xa1,0x18,0xe2,0x20,0x23,0x29,0x23,0x29,0xe2,0x28,0xa1,0x10,0xa2,0x18,0xc2,0x18,0x81,0x18,0xc2,0x20,0xe2,0x20,
    0x23,0x31,0x02,0x31,0x22,0x31,0x43,0x31,0x64,0x41,0x64,0x39,0x23,0x31,0x63,0x39,0x84,0x39,0x23,0x29,0x04,0x21,0x23,0x21,
    0x24,0x29,0x85,0x29,0xa6,0x31,0x85,0x31,0x84,0x29,0xc5,0x39,0x65,0x29,0x65,0x21,0x65,0x29,0x86,0x29,0x45,0x21,0x03,0x19,
    0x04,0x19,0xe3,0x10,0x04,0x19,0x24,0x21,0x04,0x19,0xe3,0x18,0x04,0x21,0xe3,0x18,0xc3,0x18,0xc3,0x18,0xc3,0x10,0xe3,0x18,
    0xe3,0x18,0xe3,0x18,0xe3,0x18,0xe3,0x18,0xe2,0x18,0xc3,0x10,0x03,0x19,0x44,0x29,0x44,0x29,0x03,0x21,0x03,0x21,0x03,0x19,
    0xa7,0x72,0xa7,0x6a,0xa7,0x6a,0x87,0x6a,0x46,0x62,0x66,0x6a,0x87,0x6a,0x87,0x6a,0x87,0x6a,0xa7,0x6a,0x87,0x6a,0xa7,0x6a,
    0xc8,0x72,0xa7,0x6a,0xa7,0x6a,0xa8,0x6a,0x66,0x62,0x46,0x62,0x66,0x62,0x46,0x62,0x46,0x62,0x87,0x6a,0x87,0x6a,0x87,0x62,
    0x66,0x62,0x46,0x5a,0x86,0x62,0x87,0x62,0x66,0x5a,0x87,0x62,0x86,0x62,0x46,0x5a,0x25,0x5a,0x66,0x62,0x87,0x62,0xa7,0x6a,
    0xa7,0x6a,0x87,0x62,0x67,0x5a,0x67,0x62,0x87,0x62,0x67,0x62,0x67,0x5a,0x67,0x62,0x26,0x52,0x05,0x52,0x06,0x4a,0xc5,0x49,
    0xc5,0x49,0xe5,0x49,0xe6,0x49,0xe5,0x51,0xe5,0x49,0xe5,0x49,0xc4,0x49,0x84,0x39,0x63,0x39,0xa5,0x41,0xa4,0x41,0x85,0x39,
    0xa5,0x41,0x06,0x52,0x06,0x52,0xe5,0x49,0xc5,0x49,0x05,0x52,0xa4,0x41,0x84,0x41,0xe5,0x49,0xc5,0x49,0x05,0x4a,0x26,0x5a,
    0x46,0x5a,0x26,0x52,0x05,0x52,0x66,0x5a,0x87,0x62,0x86,0x62,0x87,0x62,0xa8,0x62,0x67,0x5a,0x67,0x5a,0xa8,0x62,0x87,0x62,
    0x87,0x62,0xa7,0x62,0xa7,0x62,0xa7,0x62,0xa7,0x6a,0xa7,0x62,0x66,0x62,0x46,0x5a,0x66,0x62,0x87,0x62,0x67,0x62,0x66,0x6a,
    0x87,0x6a,0xa7,0x72,0xa7,0x72,0xa7,0x72,0xc7,0x7a,0xc7,0x72,0xa7,0x72,0x66,0x6a,0x66,0x6a,0xa7,0x6a,0x86,0x6a,0x87,0x72,
    0x66,0x6a,0x25,0x5a,0x45,0x5a,0xe5,0x49,0x23,0x31,0x02,0x21,0x23,0x29,0x44,0x31,0x23,0x29,0xe2,0x28,0xc1,0x18,0xe2,0x20,
    0x81,0x18,0xa1,0x10,0x02,0x29,0x02,0x29,0x63,0x41,0x23,0x31,0x02,0x31,0x84,0x41,0x63,0x39,0x02,0x29,0x63,0x39,0x84,0x41,
    0x02,0x21,0x23,0x29,0x23,0x29,0x03,0x29,0x03,0x19,0x04,0x21,0x24,0x21,0x44,0x21,0xa6,0x31,0xa5,0x29,0x66,0x29,0x65,0x29,
    0xa6,0x29,0x45,0x21,0x45,0x21,0x24,0x21,0x25,0x21,0x04,0x21,0x24,0x19,0x45,0x21,0x25,0x21,0x24,0x21,0xe4,0x18,0xe4,0x10,
    0xe3,0x18,0x25,0x19,0x24,0x19,0x04,0x19,0x05,0x21,0x04,0x19,0xe3,0x10,0xe3,0x18,0xc3,0x18,0xe2,0x18,0xa2,0x18,0xe2,0x18,
    0x84,0x29,0x44,0x29,0x02,0x21,0x02,0x21,0xa7,0x6a,0x87,0x6a,0x67,0x6a,0x66,0x6a,0xc8,0x6a,0x46,0x5a,0x66,0x62,0x66,0x62,
    0x67,0x62,0xa7,0x6a,0xa7,0x6a,0x87,0x6a,0xc8,0x72,0xc7,0x6a,0x66,0x62,0x87,0x62,0x87,0x62,0x66,0x62,0x25,0x5a,0x66,0x62,
    0x66,0x62,0x87,0x62,0x66,0x62,0x46,0x5a,0x46,0x5a,0x46,0x5a,0x66,0x5a,0x87,0x62,0x87,0x62,0x67,0x5a,0x26,0x5a,0x26,0x5a,
    0x46,0x5a,0x66,0x62,0x87,0x62,0x66,0x5a,0x46,0x5a,0x46,0x5a,0x87,0x62,0x67,0x5a,0x47,0x5a,0x47,0x5a,0x26,0x52,0x06,0x52,
    0xe6,0x51,0xe5,0x49,0xc5,0x49,0xe5,0x49,0xc5,0x49,0xc5,0x49,0xe5,0x49,0xc5,0x49,0xa5,0x49,0x44,0x39,0x23,0x31,0x64,0x41,
    0x63,0x39,0x64,0x39,0xc5,0x49,0xa4,0x41,0xc5,0x49,0xc5,0x41,0xe5,0x49,0x06,0x52,0xe5,0x49,0xc6,0x49,0xa4,0x49,0xc5,0x49,
    0x06,0x52,0x47,0x5a,0x47,0x5a,0x47,0x52,0x47,0x5a,0x47,0x5a,0x47,0x5a,0x46,0x5a,0x87,0x62,0x87,0x62,0xa8,0x62,0x88,0x62,
    0x87,0x62,0x67,0x5a,0x88,0x62,0x67,0x5a,0x67,0x5a,0x87,0x62,0x87,0x62,0x87,0x62,0x87,0x5a,0x87,0x62,0x87,0x62,0x46,0x5a,
    0x46,0x5a,0x87,0x62,0x86,0x62,0x66,0x62,0x87,0x6a,0x87,0x6a,0xa7,0x72,0xa6,0x6a,0x87,0x72,0xc7,0x72,0xa7,0x72,0xa6,0x6a,
    0x86,0x72,0x86,0x6a,0x65,0x6a,0x25,0x62,0x25,0x5a,0xe4,0x49,0x05,0x52,0x84,0x39,0x02,0x29,0xe3,0x20,0xe2,0x20,0xc2,0x20,
    0xa1,0x18,0xc2,0x20,0xc2,0x20,0xc2,0x20,0x81,0x18,0xe2,0x20,0x64,0x39,0xe2,0x28,0x22,0x31,0x23,0x39,0x43,0x39,0x84,0x41,
    0x43,0x39,0x02,0x29,0x63,0x39,0x23,0x31,0x23,0x29,0x03,0x29,0x63,0x31,0x23,0x21,0xc2,0x18,0xa2,0x10,0x82,0x10,0x23,0x21,
    0x65,0x29,0x85,0x29,0xc6,0x29,0x86,0x29,0xc6,0x29,0x24,0x19,0x25,0x21,0x65,0x29,0x45,0x21,0x04,0x19,0xc3,0x18,0x04,0x19,
    0x04,0x19,0x24,0x19,0x45,0x21,0x25,0x19,0x24,0x19,0x45,0x19,0x25,0x21,0x05,0x21,0x24,0x19,0x25,0x21,0xc3,0x10,0xc3,0x18,
    0xc3,0x18,0xc3,0x18,0xc2,0x10,0xc2,0x18,0xc2,0x18,0x43,0x29,0x84,0x29,0x03,0x21,0x66,0x62,0x66,0x6a,0x87,0x6a,0x87,0x62,
    0x87,0x6a,0x25,0x5a,0x26,0x5a,0x46,0x62,0x46,0x62,0x66,0x6a,0x26,0x5a,0x66,0x62,0x87,0x6a,0x66,0x62,0x46,0x62,0x86,0x62,
    0x87,0x62,0x66,0x62,0x26,0x5a,0x26,0x62,0x46,0x5a,0x45,0x62,0x26,0x5a,0x45,0x5a,0x26,0x5a,0x26,0x52,0x67,0x62,0x87,0x62,
    0x66,0x62,0x26,0x5a,0x26,0x52,0x05,0x52,0x26,0x52,0x47,0x62,0x26,0x52,0x05,0x52,0xe6,0x49,0x26,0x52,0x27,0x52,0x47,0x5a,
    0x46,0x52,0x47,0x5a,0x46,0x5a,0xc5,0x49,0xe5,0x49,0x06,0x52,0xc5,0x49,0xe6,0x49,0x06,0x52,0x06,0x52,0xe5,0x49,0xe5,0x49,
    0xa4,0x41,0x43,0x31,0x64,0x41,0x63,0x39,0x43,0x39,0x64,0x31,0x64,0x39,0x84,0x41,0xc4,0x41,0xc5,0x41,0xa5,0x41,0xe5,0x49,
    0x06,0x4a,0x05,0x4a,0x26,0x52,0xe6,0x49,0x06,0x52,0x47,0x5a,0x47,0x5a,0x47,0x5a,0x47,0x52,0x47,0x5a,0x67,0x5a,0x67,0x5a,
    0x88,0x62,0xa8,0x62,0xa8,0x62,0x87,0x5a,0x68,0x5a,0x47,0x5a,0x67,0x5a,0x47,0x5a,0x67,0x5a,0x67,0x5a,0x67,0x5a,0x68,0x5a,
    0x67,0x5a,0x88,0x62,0x67,0x62,0x47,0x5a,0x66,0x62,0x87,0x62,0x67,0x62,0x46,0x62,0x86,0x62,0x87,0x6a,0x87,0x6a,0x86,0x6a,
    0x67,0x6a,0x86,0x6a,0x45,0x62,0x66,0x6a,0x25,0x62,0x25,0x62,0x05,0x5a,0x05,0x52,0x05,0x52,0xe4,0x51,0xc5,0x49,0x84,0x39,
    0xe2,0x20,0xc2,0x20,0xc2,0x20,0xa2,0x10,0xa1,0x18,0xa1,0x20,0xa1,0x18,0x81,0x18,0xa1,0x18,0xe2,0x28,0x22,0x31,0x22,0x31,
    0x63,0x39,0x43,0x39,0x22,0x31,0x23,0x39,0x43,0x39,0x23,0x31,0x22,0x29,0x23,0x29,0x22,0x29,0x23,0x21,0x43,0x29,0x03,0x21,
    0x03,0x21,0x03,0x19,0xe3,0x20,0xe2,0x18,0x24,0x21,0x64,0x21,0x85,0x21,0x24,0x19,0x65,0x21,0x65,0x21,0x25,0x19,0x04,0x19,
    0x45,0x21,0x04,0x19,0x45,0x19,0x45,0x21,0x44,0x19,0x45,0x21,0x66,0x21,0x45,0x21,0x24,0x19,0x45,0x21,0x65,0x21,0x66,0x21,
    0x04,0x21,0x04,0x19,0x04,0x19,0xe3,0x10,0x04,0x19,0x03,0x19,0x03,0x19,0x44,0x21,0x24,0x21,0x23,0x21,0x84,0x31,0x63,0x31,
    0x05,0x5a,0x26,0x5a,0x25,0x5a,0x46,0x62,0x46,0x5a,0x04,0x5a,0x05,0x5a,0x26,0x5a,0x45,0x62,0x46,0x62,0x25,0x5a,0x45,0x62,
    0x66,0x62,0x25,0x62,0x25,0x5a,0x46,0x5a,0x45,0x5a,0x25,0x5a,0x25,0x5a,0x05,0x5a,0x25,0x5a,0x46,0x62,0x66,0x62,0x25,0x5a,
    0x46,0x5a,0x47,0x5a,0x46,0x5a,0x46,0x5a,0x26,0x5a,0x26,0x52,0x26,0x52,0x06,0x52,0x26,0x5a,0x26,0x52,0xe5,0x51,0xe6,0x49,
    0xe5,0x49,0xe6,0x51,0x26,0x52,0x26,0x52,0x06,0x52,0x06,0x52,0x06,0x4a,0x06,0x52,0x06,0x52,0x26,0x52,0x06,0x52,0x06,0x52,
    0xe5,0x49,0xe5,0x49,0xc6,0x49,0xc5,0x49,0xc5,0x49,0x84,0x41,0xa4,0x41,0xa5,0x41,0x84,0x41,0xc5,0x49,0xa5,0x41,0x64,0x39,
    0xc5,0x49,0x05,0x4a,0xe6,0x49,0x05,0x4a,0x26,0x52,0x27,0x52,0x47,0x52,0x46,0x52,0x47,0x5a,0x47,0x52,0x46,0x52,0x47,0x52,
    0x67,0x5a,0x47,0x52,0x67,0x52,0x88,0x5a,0x67,0x5a,0x67,0x5a,0x88,0x62,0x67,0x5a,0x67,0x5a,0x68,0x5a,0x47,0x5a,0x47,0x5a,
    0x47,0x5a,0x47,0x5a,0x46,0x52,0x47,0x5a,0x47,0x5a,0x67,0x5a,0x47,0x5a,0x46,0x52,0x67,0x5a,0x67,0x5a,0x46,0x62,0x66,0x62,
    0x86,0x6a,0x66,0x62,0x67,0x62,0x66,0x62,0x66,0x62,0x26,0x5a,0x04,0x5a,0x04,0x5a,0x04,0x5a,0xe4,0x51,0xe4,0x49,0x05,0x52,
    0x05,0x52,0x05,0x52,0xe5,0x49,0x83,0x41,0xe2,0x18,0xe2,0x20,0x02,0x21,0xa2,0x18,0xe2,0x20,0xc2,0x20,0x81,0x18,0x81,0x18,
    0xa2,0x20,0xc2,0x28,0xa1,0x20,0x83,0x39,0x63,0x41,0x03,0x31,0x02,0x31,0x22,0x31,0x63,0x39,0x23,0x31,0x02,0x29,0xe2,0x28,
    0xe3,0x18,0xe2,0x20,0x03,0x21,0x24,0x21,0x23,0x21,0x24,0x21,0x44,0x29,0x03,0x19,0xe3,0x18,0x45,0x21,0x85,0x21,0x85,0x21,
    0xa5,0x29,0x85,0x29,0x66,0x21,0x65,0x21,0x24,0x19,0x24,0x19,0x45,0x21,0x24,0x19,0xc3,0x10,0x04,0x19,0x45,0x21,0x85,0x21,
    0xa7,0x29,0xa7,0x21,0xe7,0x29,0xe7,0x31,0xa7,0x21,0xc6,0x21,0xc7,0x29,0x86,0x21,0x85,0x21,0x65,0x21,0x44,0x21,0x64,0x29,
    0x43,0x21,0x03,0x21,0x63,0x31,0x64,0x31,0x83,0x39,0xa4,0x49,0xe4,0x51,0x25,0x62,0x46,0x5a,0xe4,0x51,0xe5,0x59,0xe4,0x51,
    0xe5,0x51,0x05,0x5a,0x46,0x62,0x46,0x62,0x26,0x5a,0x46,0x5a,0x25,0x5a,0x05,0x5a,0xe4,0x59,0xc4,0x51,0xe4,0x51,0x05,0x52,
    0xe4,0x51,0x05,0x5a,0x66,0x5a,0x05,0x52,0x27,0x5a,0x46,0x52,0x26,0x52,0xe6,0x51,0xe5,0x49,0x06,0x52,0x26,0x5a,0x26,0x5a,
    0x26,0x52,0xe5,0x51,0xe5,0x49,0xc5,0x49,0xe5,0x49,0x06,0x52,0x06,0x52,0x06,0x52,0xc5,0x49,0xe5,0x49,0x06,0x52,0x26,0x52,
    0x27,0x52,0x67,0x5a,0x26,0x52,0xe6,0x51,0xc5,0x49,0xc5,0x49,0xe5,0x49,0xa5,0x49,0xe5,0x49,0xa5,0x49,0x84,0x41,0x84,0x41,
    0xc5,0x49,0x06,0x52,0xc5,0x49,0xa4,0x41,0x05,0x4a,0x26,0x4a,0x06,0x4a,0x26,0x4a,0x27,0x52,0x47,0x5a,0x26,0x4a,0x06,0x4a,
    0x67,0x5a,0x67,0x5a,0x67,0x5a,0x88,0x5a,0x47,0x52,0x47,0x52,0x26,0x52,0x47,0x52,0x87,0x5a,0x67,0x52,0x47,0x52,0x67,0x5a,
    0x67,0x52,0x87,0x5a,0x26,0x4a,0x06,0x52,0x27,0x52,0x47,0x52,0x46,0x52,0x27,0x52,0x46,0x5a,0x68,0x5a,0x26,0x52,0x06,0x52,
    0x26,0x5a,0x46,0x5a,0x25,0x52,0x46,0x62,0x46,0x5a,0x25,0x5a,0x46,0x5a,0x25,0x5a,0x05,0x52,0xe4,0x59,0xc4,0x49,0xa3,0x51,
    0xe4,0x51,0xe4,0x51,0xe5,0x49,0xe5,0x51,0xe5,0x49,0xc5,0x49,0xc5,0x49,0x84,0x41,0x02,0x31,0x03,0x29,0xe2,0x20,0xa1,0x18,
    0xe2,0x20,0xa1,0x20,0x81,0x18,0xa1,0x18,0xc2,0x20,0xa1,0x18,0xe2,0x28,0x63,0x39,0x02,0x29,0x02,0x29,0xc1,0x28,0x03,0x31,
    0x63,0x39,0x23,0x31,0x02,0x29,0x03,0x21,0x03,0x21,0xc2,0x18,0xe3,0x20,0x03,0x21,0x03,0x19,0x23,0x21,0x44,0x29,0x24,0x21,
    0x24,0x19,0x44,0x21,0xa6,0x29,0xa6,0x29,0x66,0x21,0xc3,0x10,0x04,0x19,0xe4,0x18,0xc3,0x10,0x82,0x10,0xa2,0x08,0x82,0x10,
    0xc3,0x10,0x03,0x19,0x45,0x19,0x45,0x21,0x65,0x21,0x85,0x21,0x86,0x29,0x86,0x21,0x85,0x29,0xa6,0x29,0x65,0x21,0x24,0x19,
    0x65,0x21,0x24,0x21,0xc2,0x10,0x23,0x19,0x43,0x29,0x23,0x21,0x85,0x31,0x63,0x31,0xa4,0x49,0x63,0x39,0xa4,0x49,0xe4,0x51,
    0xe4,0x51,0xc4,0x51,0x05,0x52,0xc4,0x51,0xc4,0x51,0x04,0x5a,0xe4,0x51,0xe5,0x59,0xe4,0x51,0x05,0x5a,0x05,0x5a,0x05,0x52,
    0xe4,0x51,0xc4,0x51,0x05,0x52,0x04,0x52,0xe5,0x49,0x05,0x52,0x25,0x5a,0x26,0x52,0x26,0x5a,0x47,0x5a,0x26,0x52,0xe5,0x49,
    0xc5,0x49,0x25,0x5a,0x05,0x52,0xc5,0x49,0xc4,0x49,0xc5,0x49,0xe5,0x49,0xc5,0x49,0xc5,0x49,0x06,0x52,0x06,0x52,0xe5,0x49,
    0xc5,0x49,0xc5,0x49,0xe6,0x51,0xe5,0x49,0x06,0x52,0xe5,0x49,0xe6,0x51,0xe5,0x49,0xe6,0x49,0x06,0x52,0x26,0x52,0xe5,0x49,
    0xe5,0x41,0xa5,0x41,0xa4,0x41,0x64,0x39,0x84,0x41,0xc5,0x41,0xa4,0x41,0xe6,0x41,0x06,0x4a,0x06,0x4a,0x06,0x52,0x26,0x52,
    0x26,0x4a,0x26,0x4a,0x46,0x52,0x06,0x52,0x46,0x4a,0x67,0x5a,0x67,0x52,0x67,0x5a,0x67,0x5a,0x67,0x52,0x26,0x52,0x26,0x4a,
    0x26,0x4a,0x48,0x5a,0x67,0x52,0x67,0x52,0x47,0x52,0x47,0x5a,0x47,0x5a,0x26,0x4a,0x26,0x52,0x47,0x52,0x26,0x52,0x06,0x52,
    0x06,0x52,0x46,0x52,0x06,0x52,0xc5,0x49,0x06,0x52,0x26,0x52,0xe4,0x51,0x05,0x52,0x05,0x52,0x05,0x52,0x25,0x52,0x05,0x52,
    0xa3,0x41,0x84,0x49,0x83,0x41,0x63,0x41,0x64,0x41,0xa4,0x49,0xa5,0x49,0xc4,0x41,0x84,0x41,0x84,0x39,0x84,0x41,0x43,0x39,
    0x03,0x29,0xe2,0x28,0x02,0x21,0xc2,0x20,0xc1,0x20,0xa1,0x18,0xa1,0x20,0x81,0x18,0xa1,0x18,0x81,0x18,0xe2,0x28,0xe2,0x28,
    0xe2,0x28,0x23,0x31,0xc2,0x20,0x03,0x31,0x02,0x29,0x03,0x29,0xe2,0x20,0xe3,0x20,0x02,0x21,0xc2,0x18,0xc2,0x10,0xc2,0x18,
    0xe2,0x18,0xe3,0x18,0x03,0x21,0x24,0x21,0x65,0x21,0x66,0x21,0x66,0x21,0x86,0x29,0x65,0x21,0x25,0x21,0x44,0x21,0x24,0x19,
    0x25,0x21,0x24,0x19,0x04,0x19,0x04,0x19,0x65,0x21,0x45,0x21,0x24,0x21,0x44,0x19,0x44,0x19,0x24,0x21,0x24,0x21,0x24,0x21,
    0x65,0x29,0x44,0x21,0x23,0x21,0x03,0x21,0x65,0x21,0x24,0x21,0xe3,0x18,0x23,0x19,0x03,0x19,0x84,0x29,0xc4,0x39,0x84,0x31,
    0xa3,0x49,0xa4,0x49,0x83,0x41,0x63,0x41,0x83,0x41,0xc4,0x51,0xa4,0x51,0xa3,0x49,0xe4,0x51,0xc4,0x51,0xe4,0x51,0xe4,0x51,
    0xe5,0x59,0x04,0x52,0x04,0x52,0x05,0x52,0x05,0x52,0xe5,0x51,0x05,0x52,0x05,0x52,0x26,0x5a,0x06,0x52,0x26,0x5a,0x06,0x52,
    0x26,0x52,0x06,0x52,0x06,0x4a,0x05,0x52,0xe5,0x51,0xe5,0x49,0xa4,0x49,0xc5,0x49,0x84,0x41,0xa4,0x49,0xa5,0x41,0xc5,0x49,
    0xc5,0x49,0x06,0x52,0xc5,0x49,0xc5,0x49,0xc5,0x49,0xc5,0x49,0xe5,0x49,0xc5,0x49,0xc6,0x49,0xc5,0x49,0xc5,0x41,0xc5,0x49,
    0xe5,0x49,0x26,0x52,0xc5,0x41,0xc5,0x41,0x84,0x41,0x64,0x31,0x43,0x29,0x23,0x29,0x85,0x39,0xa5,0x41,0x43,0x31,0xa5,0x39,
    0x26,0x52,0x05,0x4a,0xe5,0x49,0x27,0x4a,0x27,0x4a,0x06,0x4a,0x67,0x52,0x26,0x4a,0x07,0x4a,0x47,0x52,0x06,0x4a,0x26,0x52,
    0x47,0x52,0x67,0x52,0x47,0x52,0x26,0x4a,0x06,0x4a,0x46,0x52,0x47,0x52,0x46,0x52,0x07,0x52,0x26,0x52,0x67,0x52,0x46,0x52,
    0xe5,0x41,0x06,0x4a,0x06,0x52,0x05,0x4a,0x06,0x52,0xe6,0x49,0x26,0x52,0xc5,0x49,0xe5,0x49,0x06,0x52,0xe4,0x49,0xe5,0x51,
    0x05,0x52,0xe5,0x49,0xe5,0x49,0xc4,0x49,0x42,0x39,0x63,0x41,0x64,0x41,0x84,0x49,0xa4,0x41,0x64,0x41,0xa4,0x41,0xa5,0x41,
    0x63,0x39,0x22,0x29,0xc2,0x20,0xe2,0x20,0xe2,0x20,0xc2,0x20,0xa1,0x18,0xa2,0x18,0xa1,0x18,0xa2,0x18,0x81,0x10,0xc1,0x20,
    0xa1,0x20,0x81,0x18,0xc2,0x20,0xe2,0x20,0xe2,0x28,0x02,0x29,0x03,0x29,0x02,0x29,0x03,0x21,0xe2,0x20,0x02,0x21,0xe3,0x18,
    0xc2,0x18,0xa2,0x18,0xc2,0x10,0xe3,0x18,0x04,0x21,0xc3,0x18,0x03,0x21,0x24,0x21,0x45,0x21,0xa6,0x29,0x86,0x29,0xa6,0x21,
    0xa6,0x29,0x86,0x29,0x45,0x21,0x45,0x21,0x45,0x29,0x45,0x21,0x04,0x19,0x04,0x19,0x04,0x21,0xe3,0x18,0xe4,0x18,0x24,0x21,
    0x44,0x21,0x24,0x19,0x03,0x19,0x44,0x29,0x24,0x21,0x24,0x21,0x03,0x21,0x04,0x21,0x44,0x21,0x44,0x29,0x64,0x29,0x44,0x21,
    0x44,0x29,0xa4,0x31,0xe5,0x41,0xa4,0x39,
};

const lv_img_dsc_t forest = {
    .header = {.cf = LV_IMG_CF_TRUE_COLOR, .always_zero = 0, .reserved = 0, .w = 172, .h = 232},
    .data_size = 172 * 232 * 2,
    .data = forest_map,
};
