#include "mountains.h"

const uint8_t mountains_map[] = {
    0x5c,0xae,0x5c,0xa6,0x5d,0xae,0x5c,0xa6,0x5c,0xae,0x5c,0xa6,0x3c,0xa6,0x5c,0xae,0x3c,0xa6,0x5d,0xae,0x5c,0xae,0x5d,0xa6,
    0x3d,0xa6,0x3c,0xa6,0x3d,0x9e,0x1c,0x9e,0x1d,0x96,0x1c,0x96,0x1d,0x96,0x1c,0x8e,0xfd,0x8d,0xfc,0x85,0xfd,0x8d,0xfd,0x8d,
    0x1d,0x8e,0x1d,0x8e,0x3d,0x8e,0x1d,0x8e,0xfc,0x85,0xdd,0x85,0xfc,0x7d,0xdd,0x7d,0xfd,0x85,0xfd,0x7d,0xdc,0x7d,0xdd,0x85,
    0xfd,0x85,0xdd,0x85,0xdc,0x85,0xdd,0x85,0xbc,0x7d,0xdd,0x85,0xfc,0x8d,0x1d,0x96,0x3d,0xa6,0x1c,0x9e,0x3c,0xa6,0x3c,0xa6,
    0x3c,0xa6,0x3c,0xae,0x5c,0xae,0x7d,0xb6,0x9d,0xb6,0x9c,0xb6,0x9d,0xbe,0x9c,0xb6,0x7d,0xb6,0x9c,0xb6,0x5c,0xb6,0x5c,0xae,
    0x5c,0xae,0x5c,0xae,0x5c,0xb6,0x7d,0xae,0x5c,0xb6,0x7c,0xb6,0x7d,0xb6,0x7c,0xb6,0x7c,0xb6,0x7d,0xb6,0x7c,0xb6,0x7c,0xb6,
    0x9d,0xb6,0x9d,0xbe,0xbd,0xbe,0x9d,0xbe,0x9c,0xbe,0x9d,0xbe,0x9c,0xbe,0xbd,0xc6,0xdd,0xc6,0xdd,0xc6,0xdd,0xc6,0xdd,0xc6,
    0xbd,0xc6,0xbd,0xc6,0x9c,0xbe,0x9d,0xb6,0x5c,0xae,0x3c,0xae,0x5d,0xae,0x5d,0xa6,0x5c,0xae,0x5d,0xae,0x7c,0xb6,0xbd,0xbe,
    0xbd,0xc6,0xdd,0xc6,0xdd,0xc6,0xbd,0xc6,0xbd,0xc6,0xdd,0xc6,0xdd,0xce,0xfd,0xd6,0x1e,0xd7,0x3e,0xd7,0x3d,0xdf,0x5e,0xd7,
    0x3e,0xdf,0x3e,0xd7,0x1d,0xd7,0xdd,0xce,0xbd,0xc6,0x9d,0xbe,0x7d,0xae,0x3d,0xa6,0xbd,0x7d,0xbd,0x75,0xbd,0x75,0x9d,0x6d,
    0x9e,0x6d,0x9d,0x6d,0x9e,0x6d,0x9e,0x6d,0x9e,0x6d,0x9e,0x65,0x9e,0x6d,0x9e,0x6d,0x9e,0x65,0x9e,0x6d,0x9e,0x65,0x9e,0x65,
    0x9e,0x65,0x9e,0x65,0x9e,0x65,0x9e,0x65,0x9e,0x65,0x9e,0x65,0x9e,0x6d,0x9e,0x65,0x9e,0x6d,0x9e,0x65,0x9e,0x65,0x9e,0x6d,
    0x9e,0x65,0x9e,0x6d,0x9e,0x65,0x9e,0x65,0x9e,0x6d,0x9e,0x65,0x9e,0x6d,0x9e,0x65,0x9e,0x65,0x9e,0x6d,0x9e,0x65,0x9e,0x6d,
    0x9e,0x65,0x9e,0x65,0x9e,0x6d,0x9e,0x65,0x9e,0x6d,0x9e,0x65,0xbe,0x6d,0x9e,0x65,0xbe,0x6d,0x9e,0x65,0xbe,0x6d,0x9e,0x65,
    0xbe,0x6d,0x9e,0x65,0xbe,0x6d,0x9e,0x65,0x5d,0xae,0x5d,0xae,0x7c,0xae,0x5d,0xae,0x5d,0xae,0x5d,0xae,0x3c,0xa6,0x3c,0xa6,
    0x3c,0xa6,0x5d,0xae,0x3c,0xae,0x5d,0xa6,0x3c,0xa6,0x1d,0xa6,0x3d,0xa6,0x1d,0x9e,0x1c,0x96,0xfc,0x95,0xfc,0x8d,0xfd,0x85,
    0xfc,0x8d,0xdd,0x85,0xdc,0x85,0xfd,0x8d,0xfd,0x85,0xfd,0x8d,0x1d,0x8e,0x1d,0x8e,0xfd,0x85,0xdc,0x7d,0xdd,0x7d,0xdd,0x7d,
    0xdd,0x7d,0xdd,0x85,0xdd,0x7d,0xfd,0x85,0xfd,0x85,0xfd,0x8d,0xdc,0x8d,0xdc,0x7d,0xbd,0x85,0xdc,0x85,0xfd,0x8d,0x1d,0x96,
    0x3d,0x9e,0x1d,0x9e,0x1c,0xa6,0x1c,0xa6,0x3c,0xa6,0x5c,0xae,0x5c,0xae,0x7c,0xb6,0x7d,0xb6,0x9c,0xb6,0x7d,0xb6,0x9c,0xb6,
    0x9d,0xbe,0x7c,0xb6,0x7c,0xae,0x5c,0xb6,0x7c,0xb6,0x5d,0xae,0x7c,0xb6,0x7d,0xb6,0x7c,0xb6,0x7c,0xae,0x9c,0xb6,0x7d,0xb6,
    0x7c,0xae,0x7c,0xb6,0x7d,0xae,0x9d,0xb6,0xbd,0xbe,0xdd,0xc6,0xbd,0xc6,0xbd,0xc6,0x9d,0xbe,0xbd,0xc6,0xdd,0xc6,0xbd,0xc6,
    0xdd,0xce,0xdd,0xce,0xdd,0xce,0xdd,0xce,0xdc,0xce,0xdd,0xc6,0xdd,0xc6,0xbd,0xc6,0x7c,0xb6,0x9d,0xb6,0x9c,0xb6,0x7d,0xb6,
    0x7c,0xb6,0x9d,0xbe,0x9d,0xbe,0xbd,0xc6,0xbd,0xc6,0xde,0xc6,0xdd,0xce,0xfd,0xc6,0xfd,0xce,0xdd,0xce,0xfd,0xce,0x1d,0xd7,
    0x1e,0xd7,0x3d,0xdf,0x3e,0xd7,0x3d,0xdf,0x5e,0xdf,0x5e,0xd7,0x1e,0xd7,0xfd,0xce,0xdc,0xce,0xdd,0xc6,0x9d,0xbe,0x5c,0xae,
    0x1d,0x96,0xfd,0x7d,0xbd,0x75,0xbd,0x6d,0x9d,0x75,0x9e,0x6d,0x9d,0x6d,0x9e,0x65,0xbe,0x6d,0x9e,0x6d,0xbe,0x65,0x9e,0x6d,
    0xbe,0x6d,0x9e,0x65,0xbe,0x6d,0x9e,0x65,0x9e,0x6d,0x9e,0x65,0x9e,0x6d,0x9e,0x65,0x9e,0x6d,0x9e,0x65,0x9f,0x65,0x9e,0x6d,
    0x9f,0x65,0xbe,0x6d,0x9f,0x65,0xbe,0x65,0x9e,0x6d,0xbe,0x65,0x9e,0x6d,0xbe,0x65,0x9f,0x65,0xbe,0x6d,0x9f,0x65,0xbe,0x6d,
    0x9f,0x65,0xbe,0x65,0x9f,0x6d,0xbe,0x65,0x9f,0x6d,0xbe,0x65,0x9f,0x65,0xbe,0x6d,0x9f,0x65,0x9e,0x65,0xbf,0x6d,0x9e,0x65,
    0xbe,0x6d,0x9e,0x65,0xbf,0x6d,0x9e,0x65,0xbe,0x6d,0x9e,0x65,0xbe,0x6d,0x9e,0x65,0x7d,0xae,0x7c,0xae,0x5d,0xae,0x7d,0xae,
    0x5c,0xa6,0x5d,0xa6,0x5c,0xae,0x3d,0xa6,0x3c,0xa6,0x3c,0xa6,0x5d,0xae,0x5d,0xae,0x3c,0xa6,0x3c,0xa6,0x3d,0x9e,0x3d,0x9e,
    0x1d,0x96,0xfc,0x8d,0xfd,0x8d,0xfc,0x8d,0xfd,0x85,0xdc,0x85,0xfd,0x85,0xfd,0x85,0xfc,0x85,0xfd,0x85,0xfd,0x85,0xfd,0x85,
    0xdc,0x7d,0xdd,0x7d,0xdd,0x7d,0xdc,0x7d,0xdd,0x7d,0xdd,0x7d,0xdc,0x7d,0xfd,0x85,0x3e,0x96,0x1d,0x96,0x1d,0x8e,0xfd,0x8d,
    0xdc,0x85,0xdd,0x85,0xfc,0x8d,0x1d,0x96,0x1d,0x9e,0x1c,0x9e,0x1c,0x9e,0x3d,0xa6,0x5c,0xae,0x5d,0xae,0x5c,0xae,0x7d,0xb6,
    0x7c,0xb6,0x7c,0xb6,0x7c,0xb6,0x9d,0xbe,0x7c,0xb6,0x9c,0xb6,0x9c,0xb6,0x7c,0xb6,0x7c,0xb6,0x7d,0xb6,0x7c,0xb6,0x7d,0xb6,
    0x9c,0xb6,0x9d,0xb6,0x7c,0xb6,0x7c,0xb6,0x7c,0xb6,0x7d,0xb6,0x7c,0xb6,0xbd,0xbe,0xbd,0xc6,0xde,0xc6,0xdd,0xc6,0xbd,0xc6,
    0xbd,0xc6,0xdd,0xc6,0xdd,0xce,0xdd,0xc6,0xdd,0xce,0xdc,0xce,0xdd,0xc6,0xfd,0xce,0xfd,0xce,0xdd,0xce,0xdd,0xc6,0xbc,0xc6,
    0xbd,0xbe,0xbd,0xbe,0xbd,0xbe,0xbd,0xc6,0xbd,0xbe,0xbd,0xc6,0xbd,0xbe,0xbd,0xc6,0xdd,0xce,0xfd,0xce,0xfd,0xce,0xfd,0xce,
    0xfe,0xd6,0x1d,0xd7,0xfd,0xd6,0x1e,0xd7,0x3d,0xdf,0x3d,0xd7,0x3e,0xdf,0x5d,0xd7,0x3e,0xdf,0x5d,0xdf,0x3e,0xd7,0xfd,0xd6,
    0xfd,0xce,0xdd,0xc6,0xbd,0xbe,0x9d,0xb6,0x5c,0xae,0x5d,0x9e,0xdd,0x85,0x9d,0x75,0xbd,0x6d,0x9e,0x6d,0xbd,0x6d,0x9e,0x6d,
    0x9d,0x6d,0x9e,0x6d,0x9e,0x6d,0x9e,0x65,0xbe,0x6d,0x9e,0x65,0x9e,0x6d,0x9e,0x65,0x9e,0x65,0x9e,0x6d,0x9e,0x65,0x9e,0x6d,
    0x9e,0x65,0x9e,0x6d,0x9e,0x65,0xbe,0x6d,0x9e,0x65,0x9e,0x6d,0x9e,0x65,0x9e,0x6d,0x9e,0x65,0x9e,0x6d,0x9e,0x65,0x9e,0x6d,
    0x9e,0x6d,0x9e,0x65,0x9e,0x6d,0x9e,0x65,0x9e,0x6d,0x9e,0x6d,0x9e,0x65,0x9e,0x6d,0x9e,0x65,0x9e,0x6d,0x9e,0x6d,0x9e,0x65,
    0x9e,0x6d,0xbe,0x65,0x9e,0x6d,0xbe,0x6d,0x9e,0x65,0xbe,0x6d,0x9e,0x6d,0xbe,0x6d,0x9e,0x65,0xbf,0x6d,0x9e,0x6d,0xbe,0x6d,
    0x7d,0xae,0x5d,0xae,0x7c,0xa6,0x7d,0xae,0x7d,0xae,0x5d,0xae,0x3c,0xa6,0x3c,0xa6,0x3c,0xa6,0x3d,0xa6,0x5c,0xa6,0x3d,0xa6,
    0x3d,0xa6,0x3d,0xa6,0x1d,0x9e,0x1c,0x96,0xfc,0x95,0xfc,0x8d,0xfc,0x8d,0xfd,0x85,0xdc,0x85,0xfd,0x85,0xdd,0x85,0xdd,0x85,
    0xdd,0x85,0xdd,0x7d,0xfd,0x85,0xfd,0x7d,0xdd,0x7d,0xdd,0x7d,0xdd,0x7d,0xdd,0x7d,0xdd,0x7d,0xdd,0x7d,0xbd,0x7d,0xfd,0x85,
    0x3d,0x96,0x3e,0x96,0x3d,0x96,0x3d,0x96,0xfd,0x8d,0xfc,0x8d,0xfd,0x8d,0xfc,0x95,0x3d,0x9e,0x1c,0x9e,0x3c,0xa6,0x5d,0xae,
    0x5c,0xae,0x5d,0xb6,0x7d,0xb6,0x5c,0xb6,0x7d,0xb6,0x7c,0xb6,0x7c,0xbe,0x9c,0xb6,0x9d,0xbe,0x9c,0xb6,0x7d,0xbe,0x9c,0xb6,
    0x7c,0xb6,0x9c,0xb6,0x7d,0xb6,0x9c,0xb6,0x9d,0xbe,0x7c,0xbe,0x9c,0xb6,0x7d,0xb6,0x7c,0xb6,0x7c,0xb6,0x7c,0xb6,0xbd,0xbe,
    0xbd,0xc6,0xbd,0xc6,0xdd,0xc6,0xdd,0xc6,0xbc,0xc6,0xdd,0xce,0xdd,0xce,0xdd,0xce,0xfd,0xce,0xdd,0xce,0xfd,0xce,0xfd,0xd6,
    0xfd,0xce,0x1d,0xd7,0xfe,0xce,0xdd,0xce,0xbd,0xc6,0xdd,0xce,0xbd,0xc6,0xbd,0xc6,0xdd,0xce,0xbd,0xc6,0xdd,0xce,0xdd,0xc6,
    0xdd,0xce,0xfe,0xce,0xfe,0xce,0x1d,0xcf,0x1e,0xd7,0x1e,0xd7,0x1e,0xd7,0x3d,0xdf,0x3e,0xdf,0x5d,0xdf,0x3e,0xdf,0x3d,0xdf,
    0x5d,0xdf,0x3e,0xdf,0x3d,0xd7,0x1d,0xd7,0xfd,0xce,0xde,0xce,0xdd,0xc6,0x9d,0xb6,0x7c,0xb6,0x9d,0xae,0x1d,0x96,0xdd,0x7d,
    0xbe,0x75,0x9d,0x6d,0xbe,0x6d,0x9e,0x6d,0xbd,0x6d,0x9d,0x6d,0xbd,0x6d,0x9e,0x6d,0xbe,0x65,0x9e,0x6d,0xbe,0x6d,0x9e,0x6d,
    0x9e,0x6d,0x9e,0x65,0x9e,0x6d,0x9e,0x65,0x9e,0x6d,0x9e,0x6d,0x9e,0x6d,0x9e,0x65,0x9e,0x6d,0x9e,0x6d,0xbe,0x6d,0x9e,0x65,
    0x9e,0x6d,0xbe,0x6d,0x9e,0x65,0x9e,0x6d,0xbe,0x6d,0xbe,0x6d,0x9e,0x65,0xbe,0x6d,0xbe,0x6d,0x9e,0x65,0xbe,0x6d,0xbe,0x6d,
    0x9e,0x6d,0xbe,0x65,0xbe,0x6d,0x9e,0x6d,0xbe,0x6d,0x9e,0x6d,0xbe,0x6d,0x9e,0x6d,0xbe,0x6d,0x9f,0x6d,0xbe,0x6d,0xbe,0x6d,
    0x9e,0x6d,0xbe,0x6d,0xbe,0x6d,0x9e,0x6d,0x7d,0xae,0x7d,0xae,0x5d,0xae,0x7d,0xae,0x5d,0xae,0x7d,0xa6,0x5d,0xa6,0x3d,0xa6,
    0x3d,0xa6,0x5d,0xae,0x5d,0xa6,0x5d,0xae,0x3d,0xa6,0x3c,0x9e,0x3d,0x9e,0x3d,0x9e,0x1d,0x8e,0xfd,0x8d,0xfc,0x8d,0xfd,0x85,
    0xfd,0x85,0xfd,0x85,0xdd,0x7d,0xfd,0x7d,0xdd,0x85,0xdc,0x7d,0xdd,0x7d,0xdd,0x7d,0xdd,0x7d,0xdd,0x7d,0xdd,0x75,0xdd,0x7d,
    0xde,0x75,0xdd,0x7d,0xbd,0x7d,0xfd,0x85,0x1d,0x96,0x5d,0x9e,0x3e,0x96,0x3d,0x96,0xfc,0x95,0xfc,0x8d,0x1d,0x96,0x1c,0x96,
    0x1c,0x9e,0x3d,0xa6,0x3c,0xa6,0x5d,0xae,0x7d,0xae,0x7c,0xb6,0x7d,0xb6,0x7c,0xb6,0x7c,0xb6,0x7c,0xb6,0x7c,0xb6,0x9c,0xbe,
    0x7c,0xb6,0x9c,0xbe,0x9d,0xb6,0x9c,0xbe,0x9d,0xbe,0xbd,0xbe,0x9c,0xbe,0x9d,0xbe,0xbc,0xbe,0x9d,0xbe,0x9c,0xbe,0x7c,0xb6,
    0x7c,0xb6,0x7c,0xb6,0x9c,0xb6,0x9d,0xbe,0xbd,0xc6,0xdd,0xc6,0xdd,0xc6,0xdd,0xce,0xdd,0xce,0xbc,0xc6,0xdd,0xce,0xfd,0xce,
    0xfd,0xce,0x1d,0xd7,0x1e,0xd7,0x1e,0xd7,0x1e,0xd7,0x1e,0xd7,0x3d,0xd7,0xfd,0xce,0xdd,0xce,0xdd,0xc6,0xde,0xce,0xdd,0xce,
    0xfe,0xce,0xfe,0xce,0xfe,0xce,0xfd,0xce,0x1e,0xcf,0x1d,0xd7,0x3e,0xd7,0x1e,0xd7,0x3e,0xd7,0x3d,0xdf,0x3e,0xd7,0x3d,0xdf,
    0x5e,0xdf,0x5e,0xdf,0x5d,0xdf,0x5e,0xdf,0x3d,0xdf,0x3e,0xdf,0x3d,0xd7,0x1e,0xd7,0xfd,0xce,0xfd,0xce,0xde,0xc6,0xdd,0xc6,
    0xbd,0xbe,0xbd,0xbe,0x7d,0xae,0xfd,0x8d,0xbd,0x75,0x9d,0x75,0x9d,0x75,0xbd,0x6d,0x9d,0x6d,0x9d,0x6d,0xbe,0x6d,0x9d,0x6d,
    0xbe,0x6d,0x9e,0x6d,0xbe,0x65,0x9e,0x6d,0x9e,0x65,0x9e,0x6d,0xbe,0x6d,0x9e,0x6d,0x9e,0x65,0xbe,0x6d,0x9e,0x65,0xbe,0x6d,
    0x9e,0x65,0x9e,0x6d,0x9e,0x65,0x9e,0x6d,0x9e,0x6d,0x9e,0x65,0xbe,0x6d,0x9e,0x65,0x9e,0x6d,0xbe,0x6d,0x9e,0x6d,0xbe,0x6d,
    0x9e,0x6d,0xbe,0x6d,0x9e,0x6d,0xbe,0x65,0x9e,0x6d,0xbe,0x6d,0x9e,0x6d,0xbe,0x65,0x9e,0x6d,0xbe,0x65,0x9e,0x6d,0x9e,0x65,
    0xbe,0x6d,0xbe,0x6d,0x9e,0x65,0xbe,0x6d,0xbf,0x6d,0x9e,0x6d,0xbe,0x65,0xbf,0x6d,0x5c,0xa6,0x5d,0xa6,0x5c,0xa6,0x5d,0xa6,
    0x5c,0xa6,0x5d,0xae,0x5d,0xae,0x5c,0xa6,0x5d,0xa6,0x3c,0xa6,0x3d,0xa6,0x3d,0xa6,0x3d,0xa6,0x3d,0x9e,0x1d,0x9e,0x1d,0x96,
    0x1d,0x96,0x1d,0x8e,0xfd,0x8d,0x1d,0x86,0xfd,0x85,0xfd,0x85,0xfd,0x85,0xdd,0x7d,0xdd,0x7d,0xdd,0x7d,0xdd,0x7d,0xdd,0x7d,
    0xdd,0x7d,0xdd,0x7d,0xdd,0x7d,0xdd,0x7d,0xdd,0x7d,0xbd,0x7d,0xdd,0x7d,0xfd,0x85,0x1d,0x8e,0x3d,0x9e,0x3d,0x9e,0x1d,0x96,
    0x1d,0x96,0x1d,0x9e,0x1c,0x96,0x1c,0x9e,0x3d,0xa6,0x5d,0xa6,0x5c,0xae,0x5d,0xae,0x7d,0xb6,0x7d,0xae,0x7c,0xb6,0x7d,0xb6,
    0x7c,0xb6,0x9d,0xbe,0x9c,0xbe,0x9d,0xb6,0x9d,0xbe,0xbc,0xbe,0xbd,0xbe,0xbc,0xbe,0xbd,0xbe,0xbc,0xbe,0xbd,0xbe,0xbd,0xc6,
    0xbd,0xbe,0x9c,0xbe,0x9d,0xbe,0x9c,0xb6,0x5c,0xb6,0x7c,0xb6,0x7c,0xbe,0xbd,0xbe,0xbd,0xc6,0xdd,0xc6,0xbd,0xce,0xdc,0xce,
    0xdd,0xce,0xdd,0xce,0xfd,0xce,0xfd,0xd6,0x1e,0xd7,0x1e,0xd7,0x3d,0xd7,0x1d,0xd7,0x3e,0xdf,0x3d,0xd7,0x3e,0xd7,0x1e,0xd7,
    0x1d,0xd7,0xfd,0xce,0xdd,0xce,0x1d,0xd7,0xfe,0xd6,0x1d,0xd7,0x1e,0xcf,0x1d,0xd7,0x1e,0xd7,0x3e,0xd7,0x3e,0xd7,0x3e,0xd7,
    0x3e,0xdf,0x3e,0xdf,0x5d,0xdf,0x5e,0xdf,0x5d,0xdf,0x5e,0xdf,0x5e,0xdf,0x5e,0xdf,0x5e,0xdf,0x3d,0xdf,0x5e,0xdf,0x3d,0xdf,
    0x1e,0xd7,0x1e,0xd7,0xfd,0xce,0xdd,0xc6,0xbe,0xc6,0xbc,0xbe,0x7c,0xb6,0x3d,0x9e,0xdd,0x85,0x9d,0x75,0x9d,0x75,0xbd,0x75,
    0xbe,0x75,0x9d,0x75,0x9d,0x6d,0xbe,0x6d,0x9d,0x6d,0xbe,0x6d,0xbe,0x6d,0xbe,0x6d,0xbe,0x6d,0xbe,0x6d,0x9e,0x65,0xbe,0x6d,
    0x9e,0x6d,0xbe,0x6d,0x9e,0x6d,0x9e,0x6d,0xbe,0x6d,0xbe,0x6d,0xbe,0x6d,0xbe,0x6d,0xbe,0x65,0x9e,0x6d,0xbe,0x6d,0x9e,0x6d,
    0xbe,0x6d,0xbe,0x65,0xbe,0x6d,0x9e,0x6d,0xbf,0x65,0xbe,0x6d,0x9e,0x6d,0xbf,0x6d,0xbe,0x6d,0x9e,0x6d,0xbf,0x6d,0xbe,0x6d,
    0x9e,0x6d,0xbe,0x6d,0xbf,0x6d,0xbe,0x6d,0x9e,0x6d,0xbf,0x6d,0xbe,0x6d,0xbe,0x6d,0xbe,0x6d,0xbf,0x6d,0xbe,0x6d,0xbe,0x6d,
    0x3d,0xa6,0x5c,0xa6,0x5d,0xa6,0x5d,0xae,0x5c,0xa6,0x5d,0xa6,0x3d,0xae,0x5d,0xa6,0x3d,0xae,0x5d,0xa6,0x3d,0xa6,0x3d,0xa6,
    0x3d,0x9e,0x1c,0x9e,0x1d,0x96,0xfd,0x95,0xfd,0x8d,0x1d,0x8e,0xfd,0x85,0xfd,0x85,0x1d,0x86,0xfd,0x85,0xfd,0x7d,0xfd,0x7d,
    0xdd,0x85,0xdd,0x7d,0xdd,0x7d,0xdd,0x7d,0xfd,0x75,0xdd,0x7d,0xdd,0x75,0xde,0x7d,0xdd,0x7d,0xdd,0x7d,0xdd,0x7d,0xfd,0x8d,
    0xfd,0x8d,0x3d,0x96,0x1d,0x9e,0x1d,0x9e,0x1d,0x9e,0x1d,0x9e,0x1d,0x9e,0x3d,0x9e,0x5d,0xa6,0x5d,0xae,0x5c,0xae,0x7d,0xae,
    0x7c,0xb6,0x7d,0xb6,0x7c,0xb6,0x7c,0xb6,0x7c,0xb6,0x9c,0xb6,0x9d,0xbe,0x9c,0xbe,0x9d,0xbe,0x9c,0xbe,0x9c,0xbe,0x9d,0xbe,
    0xbc,0xbe,0xbd,0xc6,0xdd,0xc6,0xdd,0xc6,0xbd,0xbe,0xbc,0xc6,0x9c,0xbe,0x9d,0xbe,0x9c,0xbe,0x7c,0xbe,0x9c,0xb6,0xbd,0xc6,
    0xdd,0xc6,0xdd,0xce,0xdd,0xce,0xfd,0xd6,0x1d,0xd7,0xfd,0xd6,0xfd,0xd6,0x1e,0xd7,0x3e,0xdf,0x3d,0xd7,0x3e,0xdf,0x3e,0xd7,
    0x3d,0xd7,0x3e,0xdf,0x3d,0xd7,0x3d,0xd7,0x1e,0xd7,0x3d,0xd7,0x1e,0xd7,0x1d,0xd7,0x3e,0xd7,0x3e,0xd7,0x1e,0xd7,0x1e,0xdf,
    0x1d,0xd7,0x1e,0xd7,0x3e,0xd7,0x3e,0xdf,0x3d,0xd7,0x3e,0xdf,0x5e,0xd7,0x3d,0xdf,0x5d,0xdf,0x5e,0xdf,0x3d,0xe7,0x5e,0xdf,
    0x5e,0xe7,0x5d,0xdf,0x3e,0xdf,0x3d,0xdf,0x3e,0xd7,0x1e,0xd7,0xfd,0xd6,0xfd,0xce,0xfe,0xc6,0xdd,0xc6,0xbd,0xbe,0x7d,0xae,
    0xfd,0x85,0xbd,0x75,0xbd,0x75,0xdd,0x7d,0xff,0x7d,0xfe,0x7d,0xbd,0x6d,0x9d,0x6d,0xbe,0x6d,0xbe,0x6d,0x9e,0x6d,0xbe,0x6d,
    0x9e,0x6d,0xbe,0x6d,0x9e,0x6d,0xbe,0x6d,0x9e,0x65,0xbe,0x6d,0x9e,0x65,0xbe,0x6d,0x9e,0x65,0x9e,0x6d,0x9e,0x65,0x9e,0x6d,
    0x9e,0x6d,0xbe,0x6d,0x9e,0x6d,0xbe,0x65,0xbe,0x6d,0x9e,0x6d,0xbf,0x6d,0xbe,0x6d,0xbe,0x6d,0x9e,0x6d,0xbe,0x6d,0xbe,0x6d,
    0xbe,0x6d,0xbe,0x6d,0x9e,0x6d,0xbe,0x6d,0xbf,0x6d,0x9e,0x6d,0xbe,0x6d,0xbe,0x6d,0xbe,0x6d,0xbe,0x6d,0xbf,0x6d,0xbe,0x6d,
    0xbe,0x6d,0xbe,0x6d,0xbe,0x6d,0xbf,0x6d,0x3c,0xa6,0x3d,0xa6,0x3c,0xa6,0x5d,0xa6,0x3d,0xa6,0x5d,0xa6,0x5d,0xa6,0x5c,0xa6,
    0x5d,0xa6,0x3d,0xa6,0x3c,0xa6,0x3d,0x9e,0x1d,0x9e,0x1d,0x96,0xfc,0x95,0xfc,0x8d,0xfc,0x8d,0xfd,0x85,0xfc,0x8d,0xfd,0x85,
    0xfc,0x85,0xfd,0x7d,0xfd,0x85,0xdd,0x7d,0xdd,0x7d,0xdd,0x7d,0xdd,0x7d,0xdd,0x7d,0xdd,0x75,0xde,0x7d,0xdd,0x75,0xfe,0x7d,
    0xfd,0x7d,0xde,0x7d,0xdd,0x7d,0xfd,0x85,0x1d,0x8e,0x1d,0x96,0x1d,0x96,0x3d,0x9e,0x3d,0x9e,0x1c,0x9e,0x1d,0x9e,0x3c,0xa6,
    0x5d,0xa6,0x5c,0xae,0x5d,0xae,0x7c,0xae,0x7d,0xb6,0x7c,0xb6,0x7c,0xb6,0x9c,0xb6,0x7c,0xb6,0x9d,0xbe,0x9c,0xbe,0x9d,0xb6,
    0xbc,0xbe,0xbd,0xbe,0xbc,0xbe,0xbc,0xbe,0xbd,0xc6,0xbd,0xbe,0xbd,0xc6,0xbc,0xc6,0xbd,0xc6,0xbc,0xbe,0xbd,0xc6,0x9c,0xbe,
    0x9c,0xbe,0x9d,0xbe,0xbd,0xc6,0xdd,0xc6,0xbc,0xce,0xdd,0xce,0xfd,0xce,0x1d,0xd7,0x3e,0xd7,0x3e,0xdf,0x3d,0xd7,0x3e,0xdf,
    0x3e,0xdf,0x3d,0xd7,0x3d,0xdf,0x3e,0xdf,0x5e,0xdf,0x3e,0xdf,0x5e,0xdf,0x3d,0xdf,0x3e,0xdf,0x3d,0xd7,0x3e,0xdf,0x3e,0xdf,
    0x5e,0xdf,0x3d,0xdf,0x3e,0xd7,0x3d,0xd7,0x3e,0xdf,0x3e,0xd7,0x3d,0xdf,0x3e,0xd7,0x3e,0xdf,0x5d,0xdf,0x3e,0xdf,0x5d,0xd7,
    0x3e,0xdf,0x5d,0xdf,0x5e,0xdf,0x5e,0xe7,0x7e,0xe7,0x7e,0xe7,0x5e,0xdf,0x5d,0xdf,0x3e,0xdf,0x3d,0xd7,0x1e,0xd7,0x1d,0xcf,
    0xfe,0xce,0xdd,0xc6,0x9d,0xbe,0x9d,0xb6,0xfd,0x95,0x9d,0x75,0xbd,0x7d,0xfe,0x7d,0x3e,0x86,0x1f,0x86,0xbe,0x75,0xbd,0x75,
    0x9e,0x6d,0xbe,0x6d,0xbe,0x6d,0x9e,0x6d,0xbe,0x6d,0xbe,0x6d,0xbe,0x6d,0xbe,0x6d,0xbe,0x6d,0xbe,0x6d,0xbe,0x6d,0xbe,0x6d,
    0xbe,0x6d,0xbe,0x6d,0xbe,0x6d,0xbe,0x6d,0xbe,0x6d,0xbe,0x6d,0xbe,0x6d,0x9e,0x6d,0xbe,0x6d,0xbe,0x6d,0xbe,0x6d,0xbe,0x6d,
    0xbe,0x6d,0xbe,0x6d,0xbe,0x6d,0xbe,0x6d,0xbe,0x6d,0xbe,0x6d,0xbe,0x6d,0xbe,0x6d,0xbe,0x6d,0xbe,0x6d,0xbe,0x6d,0xbe,0x6d,
    0xbe,0x6d,0xbe,0x6d,0xbe,0x6d,0xbe,0x6d,0xbf,0x6d,0xbe,0x6d,0xbe,0x6d,0xbe,0x6d,0x3d,0xa6,0x3c,0xa6,0x3d,0x9e,0x1c,0x9e,
    0x3d,0x9e,0x3c,0xa6,0x5d,0xa6,0x3d,0xa6,0x3d,0x9e,0x3d,0xa6,0x3c,0x9e,0x3d,0x9e,0x1c,0x9e,0x1d,0x96,0xfc,0x8d,0xfd,0x8d,
    0xfc,0x85,0xfd,0x8d,0xdc,0x85,0xfd,0x85,0xdd,0x85,0xfd,0x85,0xdd,0x7d,0xfd,0x7d,0xfd,0x7d,0xde,0x7d,0xdd,0x7d,0xde,0x75,
    0xdd,0x7d,0xfe,0x7d,0xdd,0x75,0xdd,0x7d,0xde,0x75,0xdd,0x7d,0xdd,0x7d,0xfd,0x85,0xfd,0x8d,0xfd,0x95,0x1c,0x9e,0x3d,0x9e,
    0x3d,0xa6,0x3d,0x9e,0x1c,0xa6,0x5c,0xa6,0x5d,0xae,0x7c,0xae,0x5d,0xae,0x7c,0xb6,0x7d,0xb6,0x7c,0xb6,0x7c,0xb6,0x9c,0xb6,
    0x9d,0xbe,0x9c,0xb6,0x9d,0xbe,0xbc,0xbe,0x9d,0xc6,0xbc,0xc6,0xbd,0xc6,0xbc,0xbe,0xbd,0xc6,0xbc,0xc6,0xbc,0xbe,0xbd,0xc6,
    0xbc,0xc6,0xbd,0xc6,0xbc,0xc6,0xbd,0xc6,0xbc,0xc6,0xbc,0xc6,0xbd,0xc6,0xdd,0xce,0xfd,0xce,0xfd,0xce,0x1d,0xd7,0x3e,0xdf,
    0x3d,0xdf,0x3e,0xdf,0x3d,0xdf,0x3e,0xdf,0x3d,0xdf,0x3d,0xdf,0x3e,0xdf,0x5d,0xdf,0x5e,0xdf,0x5d,0xdf,0x5e,0xdf,0x5e,0xdf,
    0x5e,0xdf,0x5e,0xdf,0x3e,0xdf,0x3d,0xdf,0x3e,0xdf,0x3e,0xd7,0x5d,0xdf,0x3e,0xdf,0x3e,0xd7,0x3d,0xd7,0x3e,0xd7,0x3e,0xdf,
    0x3d,0xd7,0x3e,0xdf,0x3d,0xd7,0x5e,0xdf,0x3e,0xdf,0x3d,0xdf,0x5e,0xe7,0x5d,0xdf,0x7e,0xe7,0x5e,0xdf,0x7e,0xe7,0x5e,0xe7,
    0x3d,0xdf,0x3e,0xdf,0x3d,0xd7,0x1e,0xcf,0xdd,0xce,0xdd,0xc6,0xbd,0xc6,0x9e,0xb6,0x3d,0x9e,0xfc,0x85,0xbd,0x7d,0xfd,0x85,
    0x3e,0x8e,0xdd,0x85,0xbd,0x75,0xbe,0x75,0x9d,0x6d,0x9d,0x6d,0xbe,0x6d,0xbe,0x6d,0xbe,0x6d,0x9e,0x65,0xbe,0x6d,0x9e,0x6d,
    0xbe,0x6d,0x9e,0x6d,0xbe,0x6d,0x9e,0x6d,0xbe,0x6d,0x9e,0x6d,0xbe,0x6d,0xbe,0x6d,0x9e,0x6d,0xbe,0x65,0x9e,0x6d,0xbe,0x6d,
    0xbe,0x6d,0xbe,0x6d,0xbe,0x6d,0xbe,0x6d,0xbe,0x6d,0xbe,0x6d,0xbe,0x6d,0xbe,0x6d,0xbe,0x6d,0xbe,0x6d,0xbe,0x6d,0xbe,0x6d,
    0xbe,0x6d,0xbe,0x6d,0xbe,0x6d,0xbe,0x6d,0xbe,0x6d,0xbe,0x6d,0xbe,0x6d,0xbe,0x6d,0xbe,0x6d,0xbe,0x6d,0xbe,0x6d,0xbe,0x6d,
    0x5d,0xa6,0x3c,0x9e,0x1d,0x9e,0x1c,0x9e,0x1d,0x96,0x1c,0x9e,0x1d,0x9e,0x3c,0x9e,0x3d,0x9e,0x3d,0xa6,0x3d,0x9e,0x1d,0x9e,
    0x1d,0x96,0x1c,0x96,0xfd,0x8d,0xfc,0x8d,0xfc,0x8d,0xdd,0x85,0xfc,0x8d,0xfd,0x85,0xfd,0x85,0xdd,0x7d,0xfd,0x85,0xfd,0x85,
    0xde,0x7d,0xdd,0x7d,0xdd,0x7d,0xdd,0x7d,0xde,0x75,0xdd,0x7d,0xde,0x75,0xdd,0x7d,0xdd,0x75,0xdd,0x7d,0xdd,0x7d,0xfd,0x85,
    0xfd,0x8d,0xfc,0x8d,0x3d,0x9e,0x3d,0x9e,0x3d,0xa6,0x1c,0xa6,0x3d,0xa6,0x5c,0xa6,0x5d,0xae,0x5d,0xae,0x7c,0xae,0x7d,0xb6,
    0x7c,0xb6,0x9d,0xae,0x9c,0xb6,0x9d,0xbe,0x9c,0xbe,0x9d,0xbe,0xbd,0xbe,0xbc,0xc6,0xbd,0xbe,0xbc,0xc6,0xdd,0xc6,0xbc,0xc6,
    0xdc,0xc6,0xbd,0xc6,0xbc,0xc6,0xbc,0xc6,0xbd,0xc6,0xbc,0xc6,0xbd,0xc6,0xdc,0xc6,0xbd,0xc6,0xdd,0xc6,0xdd,0xce,0xfd,0xce,
    0xfd,0xce,0x1d,0xd7,0x3d,0xd7,0x1e,0xd7,0x3d,0xdf,0x3e,0xdf,0x3d,0xdf,0x5e,0xdf,0x5e,0xdf,0x3d,0xdf,0x5e,0xdf,0x5e,0xdf,
    0x5e,0xe7,0x5e,0xdf,0x5e,0xe7,0x5e,0xe7,0x5e,0xdf,0x5e,0xe7,0x5d,0xdf,0x3e,0xdf,0x5d,0xdf,0x5e,0xdf,0x5e,0xdf,0x5e,0xd7,
    0x3e,0xdf,0x3d,0xd7,0x3e,0xdf,0x3d,0xd7,0x3e,0xdf,0x3d,0xd7,0x3e,0xdf,0x3d,0xdf,0x5e,0xdf,0x5d,0xdf,0x5e,0xdf,0x5e,0xe7,
    0x7e,0xe7,0x7e,0xe7,0x5e,0xe7,0x5e,0xdf,0x5d,0xdf,0x3e,0xd7,0x1d,0xd7,0x1d,0xd7,0xfd,0xce,0xfe,0xc6,0xdd,0xc6,0xde,0xbe,
    0x9d,0xb6,0x5d,0x9e,0xdc,0x8d,0xfc,0x95,0x3e,0x96,0x1e,0x8e,0xdd,0x85,0xbd,0x7d,0xbe,0x75,0xbd,0x6d,0x9d,0x6d,0xbe,0x6d,
    0x9e,0x6d,0xbe,0x6d,0xbe,0x6d,0xbe,0x6d,0x9e,0x6d,0xbe,0x6d,0xbd,0x6d,0xbe,0x6d,0xbe,0x6d,0xbe,0x6d,0x9d,0x65,0xbe,0x6d,
    0xbe,0x6d,0xbe,0x6d,0xbd,0x6d,0xbe,0x6d,0xbe,0x6d,0xbe,0x6d,0xbe,0x6d,0xbe,0x6d,0xbe,0x6d,0xbe,0x6d,0xbe,0x6d,0xbe,0x6d,
    0xbe,0x6d,0xbe,0x6d,0xbe,0x6d,0xbe,0x6d,0xbe,0x6d,0xbe,0x6d,0xbe,0x6d,0xbe,0x6d,0xbe,0x6d,0xbe,0x6d,0xbe,0x6d,0xbe,0x6d,
    0xbe,0x6d,0xbe,0x6d,0xdf,0x6d,0xbe,0x6d,0x3d,0x9e,0x3d,0xa6,0x3d,0x9e,0x1d,0x9e,0x1c,0x96,0x1d,0x9e,0x1c,0x9e,0x1d,0x9e,
    0x3c,0x9e,0x1d,0x9e,0x3c,0x96,0x1d,0x9e,0x1d,0x96,0x1c,0x96,0xfd,0x8d,0xfc,0x8d,0xfd,0x8d,0xfc,0x85,0xfd,0x8d,0xfd,0x85,
    0xfd,0x85,0xfd,0x85,0xdd,0x7d,0xfd,0x7d,0xdd,0x7d,0xdd,0x7d,0xdd,0x7d,0xde,0x75,0xfd,0x7d,0xdd,0x75,0xde,0x7d,0xfe,0x7d,
    0xfe,0x7d,0xdd,0x7d,0xde,0x7d,0xdd,0x85,0xfc,0x8d,0x1d,0x8e,0x1d,0x9e,0x3d,0x9e,0x3d,0x9e,0x3d,0xa6,0x3d,0xa6,0x5d,0xa6,
    0x5c,0xae,0x7d,0xae,0x5c,0xb6,0x7d,0xae,0x7c,0xb6,0x7d,0xb6,0x9c,0xbe,0x7d,0xb6,0x9c,0xbe,0xbc,0xbe,0x9d,0xbe,0xbc,0xc6,
    0xbc,0xc6,0xdc,0xc6,0xbc,0xc6,0xdd,0xc6,0xdc,0xc6,0xdc,0xc6,0xbd,0xc6,0xbc,0xc6,0xdd,0xce,0xdc,0xc6,0xbd,0xce,0xdc,0xc6,
    0xdd,0xce,0xdd,0xce,0xfd,0xce,0xfd,0xce,0x1d,0xcf,0x3d,0xd7,0x3e,0xdf,0x5d,0xdf,0x3e,0xdf,0x5d,0xdf,0x3e,0xdf,0x5d,0xdf,
    0x3d,0xdf,0x5e,0xdf,0x5e,0xdf,0x5d,0xe7,0x5e,0xdf,0x5e,0xdf,0x5d,0xdf,0x5e,0xdf,0x5d,0xdf,0x5e,0xdf,0x5e,0xdf,0x5e,0xdf,
    0x3e,0xdf,0x3e,0xd7,0x3d,0xdf,0x3e,0xd7,0x3d,0xd7,0x3e,0xdf,0x5e,0xd7,0x5e,0xdf,0x3d,0xd7,0x3e,0xdf,0x3d,0xd7,0x3e,0xdf,
    0x3d,0xd7,0x3e,0xdf,0x5d,0xe7,0x5e,0xdf,0x7e,0xe7,0x5e,0xdf,0x7e,0xe7,0x5e,0xe7,0x5e,0xdf,0x3d,0xdf,0x3e,0xd7,0x1d,0xd7,
    0xfd,0xce,0xfd,0xce,0xde,0xce,0xdd,0xc6,0xdd,0xc6,0x7d,0xb6,0x1c,0x9e,0x3c,0xa6,0x5e,0xa6,0x5e,0xa6,0x3e,0x96,0xdd,0x85,
    0xbd,0x75,0xbe,0x75,0x9e,0x6d,0xbe,0x6d,0xbe,0x6d,0xbe,0x6d,0xbe,0x6d,0xbe,0x6d,0xbe,0x6d,0xbe,0x6d,0xbe,0x6d,0xbe,0x6d,
    0xbe,0x6d,0xbe,0x6d,0xbe,0x6d,0xbe,0x6d,0xbe,0x6d,0xbe,0x6d,0xbe,0x6d,0xbe,0x6d,0xbe,0x6d,0xbe,0x6d,0xbe,0x6d,0xbe,0x6d,
    0xbe,0x6d,0xbe,0x6d,0xbf,0x6d,0xbe,0x6d,0xbe,0x6d,0xbe,0x6d,0xbe,0x6d,0xbe,0x6d,0xbf,0x6d,0xbe,0x6d,0xbe,0x6d,0xbf,0x6d,
    0xbe,0x6d,0xbe,0x6d,0xbf,0x6d,0xbe,0x6d,0xdf,0x6d,0xbe,0x6d,0xbe,0x75,0xde,0x6d,0x1c,0x9e,0x3d,0x9e,0x3d,0x9e,0x1d,0x96,
    0x3d,0x9e,0x1c,0x96,0x1d,0x96,0x1c,0x96,0x1d,0x9e,0x3d,0x9e,0x1d,0x96,0x1d,0x96,0x1d,0x96,0xfd,0x95,0x1d,0x8e,0x1d,0x8e,
    0x1d,0x8e,0xfd,0x8d,0x1d,0x8e,0xfd,0x85,0xfd,0x85,0xdd,0x7d,0xfd,0x85,0xfe,0x7d,0xdd,0x85,0xdd,0x7d,0xdd,0x7d,0xde,0x75,
    0xdd,0x7d,0xde,0x7d,0xfd,0x75,0xdd,0x7d,0xde,0x75,0xdd,0x7d,0xdd,0x85,0xfd,0x85,0xfd,0x8d,0x1d,0x96,0x3d,0x9e,0x3d,0x9e,
    0x3d,0xa6,0x3d,0xa6,0x5c,0xa6,0x5d,0xae,0x5c,0xae,0x5d,0xae,0x7d,0xae,0x7d,0xb6,0x9c,0xb6,0x7d,0xb6,0x9c,0xb6,0x9c,0xbe,
    0x9d,0xbe,0xbc,0xc6,0xbd,0xc6,0xbc,0xc6,0xbd,0xc6,0xdd,0xce,0xdc,0xc6,0xdd,0xce,0xdd,0xce,0xdc,0xce,0xdd,0xce,0xfd,0xce,
    0xdc,0xce,0xdd,0xc6,0xdc,0xce,0xfd,0xce,0xfd,0xce,0xfd,0xce,0x1d,0xcf,0x1d,0xd7,0x1d,0xcf,0x3e,0xd7,0x3d,0xdf,0x5e,0xdf,
    0x5d,0xdf,0x5e,0xdf,0x5d,0xdf,0x3e,0xdf,0x5d,0xdf,0x5e,0xdf,0x5e,0xdf,0x5e,0xdf,0x5e,0xe7,0x5e,0xdf,0x5d,0xe7,0x5e,0xdf,
    0x5d,0xe7,0x5e,0xdf,0x3d,0xdf,0x5e,0xe7,0x3d,0xdf,0x3e,0xd7,0x3d,0xdf,0x3e,0xd7,0x3e,0xdf,0x3d,0xd7,0x5e,0xdf,0x3e,0xd7,
    0x3d,0xdf,0x3e,0xd7,0x3d,0xdf,0x3e,0xd7,0x3d,0xdf,0x5d,0xdf,0x5e,0xe7,0x5d,0xdf,0x7e,0xe7,0x5e,0xe7,0x7d,0xe7,0x5e,0xdf,
    0x5e,0xdf,0x3d,0xdf,0x1d,0xd7,0x1d,0xd7,0xfd,0xce,0xfd,0xce,0xdd,0xce,0xdd,0xc6,0xbd,0xbe,0xbd,0xbe,0x7d,0xb6,0x7d,0xae,
    0x7d,0xae,0x7d,0xae,0x7d,0xa6,0x1d,0x96,0xfe,0x7d,0xbe,0x6d,0xbd,0x75,0xbe,0x6d,0xbe,0x6d,0xbe,0x6d,0xbe,0x6d,0xbe,0x6d,
    0xbe,0x6d,0xbe,0x6d,0xbe,0x6d,0xbe,0x6d,0xbe,0x6d,0xbe,0x6d,0xbe,0x6d,0xbe,0x6d,0xbe,0x6d,0xbe,0x6d,0xbe,0x6d,0xbe,0x6d,
    0xbe,0x6d,0xbe,0x6d,0xbf,0x6d,0xbe,0x6d,0xbe,0x6d,0xbe,0x6d,0xbe,0x6d,0xbe,0x6d,0xbf,0x6d,0xde,0x6d,0xbf,0x6d,0xbe,0x6d,
    0xbe,0x6d,0xbe,0x6d,0xbe,0x6d,0xbe,0x6d,0xbe,0x6d,0xbe,0x6d,0xbe,0x6d,0xde,0x6d,0xbe,0x75,0xde,0x6d,0xbf,0x6d,0xde,0x6d,
    0x1c,0x9e,0x1c,0x96,0x1c,0x9e,0x3d,0x96,0x1d,0x96,0x1d,0x9e,0x1c,0x9e,0x1d,0x96,0x1c,0x96,0x1d,0x96,0x1d,0x9e,0x1d,0x96,
    0x1c,0x96,0x1d,0x96,0x1d,0x96,0x1d,0x96,0x1d,0x96,0x1c,0x8e,0xfd,0x8d,0xfd,0x85,0xfd,0x85,0xfd,0x85,0xfd,0x85,0xfd,0x7d,
    0xfd,0x7d,0xde,0x7d,0xdd,0x75,0xde,0x7d,0xfd,0x75,0xdd,0x7d,0xde,0x7d,0xdd,0x7d,0xfd,0x7d,0xdd,0x7d,0xde,0x7d,0xfd,0x7d,
    0x1d,0x86,0x1d,0x8e,0x3d,0x96,0x1d,0x9e,0x1c,0x9e,0x3c,0xa6,0x5d,0xae,0x5c,0xa6,0x3c,0xa6,0x5c,0xae,0x7c,0xae,0x7d,0xb6,
    0x7d,0xb6,0x9c,0xb6,0x9d,0xbe,0x9c,0xbe,0xbd,0xbe,0xbc,0xbe,0xbd,0xc6,0xbc,0xc6,0xdc,0xc6,0xdd,0xce,0xdc,0xce,0xdd,0xce,
    0xdd,0xce,0xdd,0xce,0xfd,0xce,0xdd,0xce,0xdd,0xce,0xdc,0xce,0xdd,0xce,0xdd,0xce,0xfd,0xce,0xfd,0xd6,0x1d,0xd7,0x1d,0xd7,
    0x1e,0xd7,0x3d,0xdf,0x5d,0xdf,0x3e,0xdf,0x5d,0xdf,0x3d,0xdf,0x5e,0xdf,0x5d,0xe7,0x3e,0xdf,0x3d,0xdf,0x3d,0xdf,0x5d,0xe7,
    0x3d,0xdf,0x5e,0xdf,0x5e,0xe7,0x5e,0xdf,0x5d,0xdf,0x5e,0xe7,0x5e,0xdf,0x5e,0xdf,0x3d,0xdf,0x3e,0xd7,0x3d,0xdf,0x5e,0xd7,
    0x3d,0xd7,0x3e,0xdf,0x3e,0xd7,0x3e,0xdf,0x3d,0xd7,0x3e,0xd7,0x3d,0xdf,0x3e,0xdf,0x3d,0xdf,0x5e,0xdf,0x5e,0xe7,0x5e,0xdf,
    0x5d,0xe7,0x5e,0xdf,0x5e,0xe7,0x5d,0xdf,0x5e,0xdf,0x3d,0xdf,0x3e,0xdf,0x1d,0xd7,0x1d,0xd7,0xfd,0xce,0xdd,0xce,0xbd,0xc6,
    0xbd,0xbe,0x9c,0xbe,0x9d,0xb6,0x9d,0xb6,0x9d,0xae,0x9d,0xb6,0x7d,0xae,0x3d,0x96,0xfe,0x85,0xbe,0x75,0xde,0x75,0xbe,0x6d,
    0xbe,0x75,0xbe,0x6d,0xbe,0x6d,0xbe,0x75,0xbe,0x6d,0xbe,0x6d,0xbe,0x6d,0xbe,0x6d,0xbe,0x6d,0xbe,0x6d,0xbe,0x6d,0xbe,0x6d,
    0xbe,0x6d,0xbe,0x6d,0xbe,0x6d,0xbe,0x6d,0xbf,0x75,0xde,0x6d,0xde,0x75,0xde,0x6d,0xdf,0x75,0xde,0x6d,0xdf,0x75,0xbe,0x6d,
    0xde,0x75,0xbe,0x6d,0xde,0x75,0xbf,0x6d,0xde,0x75,0xdf,0x6d,0xbe,0x6d,0xde,0x75,0xde,0x6d,0xde,0x75,0xbe,0x6d,0xde,0x75,
    0xdf,0x6d,0xde,0x75,0xde,0x75,0xbe,0x6d,0x3c,0x9e,0x1c,0x96,0x1c,0x96,0x1c,0x96,0x3d,0x96,0x3d,0x9e,0x3d,0x9e,0x3c,0x96,
    0x1d,0x9e,0x1c,0x96,0x1d,0x96,0x1c,0x96,0x1d,0x96,0x1d,0x96,0x1d,0x9e,0x1d,0x96,0x1d,0x96,0x1d,0x96,0x1d,0x8e,0xfc,0x8d,
    0xfd,0x8d,0x1d,0x86,0x1d,0x86,0xfd,0x85,0xfd,0x7d,0xdd,0x7d,0xdd,0x7d,0xde,0x75,0xdd,0x7d,0xde,0x7d,0xdd,0x7d,0xdd,0x7d,
    0xde,0x7d,0xdd,0x7d,0xfd,0x7d,0xfe,0x85,0xfd,0x85,0xdc,0x85,0x1d,0x9e,0x3d,0x9e,0x3c,0xa6,0x7d,0xae,0x7d,0xb6,0x5d,0xae,
    0x3c,0xae,0x3c,0xa6,0x3c,0xa6,0x7d,0xae,0x7d,0xbe,0x9c,0xb6,0x9c,0xbe,0x9c,0xbe,0xbc,0xbe,0xbd,0xc6,0xdc,0xc6,0xdd,0xc6,
    0xdc,0xce,0xdd,0xce,0xdd,0xce,0xdc,0xce,0xdd,0xce,0xfd,0xce,0xdc,0xce,0xdd,0xce,0xdc,0xce,0xdd,0xce,0xdd,0xce,0xdc,0xce,
    0xfd,0xce,0xfd,0xd6,0xfd,0xce,0x1e,0xd7,0x3d,0xdf,0x3e,0xdf,0x5d,0xdf,0x5e,0xdf,0x3d,0xe7,0x5e,0xdf,0x3d,0xdf,0x5e,0xdf,
    0x3d,0xdf,0x3d,0xdf,0x3d,0xdf,0x5e,0xdf,0x3d,0xdf,0x5d,0xdf,0x5e,0xe7,0x5d,0xdf,0x5e,0xe7,0x5e,0xdf,0x5d,0xe7,0x5e,0xdf,
    0x3d,0xdf,0x3e,0xd7,0x3d,0xd7,0x3e,0xdf,0x3e,0xd7,0x3d,0xd7,0x3e,0xd7,0x3e,0xdf,0x3d,0xd7,0x3e,0xdf,0x5e,0xd7,0x5d,0xdf,
    0x5e,0xdf,0x3d,0xdf,0x5d,0xdf,0x5e,0xe7,0x5e,0xdf,0x5d,0xe7,0x5e,0xdf,0x5e,0xe7,0x5d,0xdf,0x5e,0xdf,0x3d,0xdf,0x3e,0xd7,
    0xfd,0xd6,0xfd,0xce,0xdd,0xce,0xbd,0xc6,0xbd,0xc6,0x9c,0xbe,0x9d,0xb6,0x9c,0xb6,0x9d,0xb6,0xbd,0xb6,0xbe,0xb6,0x5d,0x9e,
    0xdd,0x85,0xbe,0x75,0xbd,0x75,0xbe,0x75,0xde,0x6d,0xbe,0x75,0xbe,0x6d,0xde,0x6d,0xbe,0x75,0xbe,0x6d,0xbe,0x75,0xbe,0x6d,
    0xbe,0x75,0xbe,0x6d,0xbe,0x75,0xbe,0x6d,0xbe,0x75,0xbe,0x6d,0xbe,0x75,0xbe,0x6d,0xde,0x6d,0xbf,0x75,0xbe,0x6d,0xbe,0x6d,
    0xbe,0x75,0xbe,0x6d,0xde,0x6d,0xbf,0x75,0xde,0x6d,0xbf,0x6d,0xde,0x75,0xbe,0x6d,0xde,0x6d,0xbe,0x75,0xde,0x6d,0xbe,0x6d,
    0xbe,0x75,0xbe,0x6d,0xde,0x6d,0xbe,0x75,0xde,0x6d,0xbe,0x75,0xde,0x6d,0xde,0x75,0x7d,0xa6,0x1c,0x9e,0xfc,0x95,0x1c,0x9e,
    0x3c,0x9e,0x3d,0x9e,0x3d,0x9e,0x3d,0x9e,0x1c,0x9e,0x3d,0x96,0x1c,0x9e,0x1d,0x96,0x1d,0x9e,0x3d,0x96,0x1d,0x9e,0x3d,0x9e,
    0x3d,0x9e,0x1d,0x96,0xfc,0x95,0xfd,0x8d,0xfc,0x8d,0xfd,0x8d,0xfd,0x85,0xfd,0x85,0xfe,0x85,0xfd,0x7d,0xdd,0x7d,0xdd,0x7d,
    0xdd,0x7d,0xfd,0x75,0xdd,0x7d,0xfe,0x75,0xdd,0x7d,0xfd,0x7d,0xdd,0x7d,0xfe,0x7d,0xdd,0x85,0x1d,0x8e,0x5e,0x9e,0x7e,0xa6,
    0x7d,0xae,0x7d,0xb6,0x7c,0xae,0x7c,0xae,0x1c,0xa6,0x3b,0xa6,0x5c,0xae,0x7d,0xb6,0x7c,0xb6,0x7d,0xb6,0x9c,0xbe,0x9d,0xbe,
    0xbc,0xbe,0xbc,0xc6,0xbd,0xc6,0xdc,0xce,0xdd,0xce,0xdd,0xce,0xfd,0xce,0xdd,0xce,0xfd,0xce,0xdd,0xce,0xfd,0xce,0xdd,0xce,
    0xfd,0xce,0xdd,0xce,0xdc,0xce,0xdd,0xce,0xfd,0xce,0xfd,0xd6,0x1d,0xd7,0x1d,0xd7,0x3e,0xd7,0x3d,0xdf,0x5e,0xdf,0x3d,0xdf,
    0x5e,0xdf,0x3d,0xdf,0x5d,0xe7,0x5e,0xdf,0x5d,0xe7,0x3d,0xdf,0x3d,0xdf,0x3e,0xdf,0x5d,0xe7,0x3e,0xdf,0x5e,0xe7,0x5e,0xdf,
    0x5d,0xe7,0x5e,0xdf,0x5d,0xdf,0x3e,0xdf,0x3d,0xdf,0x1d,0xd7,0x3d,0xd7,0x1d,0xd7,0x1d,0xd7,0x1d,0xd7,0x3d,0xd7,0x3e,0xd7,
    0x3d,0xd7,0x3e,0xd7,0x3e,0xdf,0x5e,0xdf,0x5d,0xdf,0x5e,0xdf,0x5e,0xe7,0x5d,0xdf,0x5e,0xe7,0x5e,0xdf,0x5d,0xe7,0x5e,0xe7,
    0x5d,0xdf,0x3d,0xdf,0x3e,0xdf,0x3d,0xd7,0xfd,0xd6,0xfd,0xce,0xdd,0xce,0xbc,0xc6,0xbd,0xc6,0x9c,0xbe,0x9d,0xbe,0x9c,0xb6,
    0xbd,0xbe,0xbd,0xb6,0x9e,0xb6,0x5e,0xa6,0xfd,0x7d,0xde,0x75,0xbd,0x75,0xbe,0x75,0xbe,0x75,0xbe,0x6d,0xbe,0x75,0xbe,0x6d,
    0xbd,0x6d,0xde,0x6d,0xbe,0x6d,0xdd,0x6d,0xbe,0x6d,0xde,0x6d,0xbe,0x6d,0xde,0x6d,0xbe,0x6d,0xdf,0x6d,0xbe,0x6d,0xbe,0x6d,
    0xdf,0x75,0xbe,0x6d,0xde,0x75,0xdf,0x6d,0xbe,0x6d,0xdf,0x75,0xbe,0x6d,0xde,0x6d,0xbe,0x75,0xde,0x6d,0xbe,0x6d,0xdf,0x75,
    0xbe,0x6d,0xdf,0x6d,0xbe,0x75,0xde,0x6d,0xde,0x6d,0xde,0x75,0xdf,0x6d,0xde,0x75,0xde,0x6d,0xde,0x75,0xbf,0x6d,0xde,0x75,
    0x9d,0xb6,0x7d,0xae,0x1c,0x9e,0x1b,0x9e,0x3d,0x9e,0x5d,0xa6,0x3d,0x9e,0x3c,0x9e,0x3c,0x9e,0x3d,0x9e,0x1d,0x9e,0x1c,0x96,
    0x1d,0x9e,0x3d,0x9e,0x1d,0x96,0x1d,0x9e,0x3d,0x96,0x3d,0x9e,0x3d,0x96,0xfd,0x8d,0xfd,0x95,0x1d,0x8e,0xfd,0x85,0xfc,0x85,
    0x1e,0x86,0xfe,0x85,0xfd,0x7d,0xde,0x7d,0xdd,0x7d,0xfe,0x7d,0xdd,0x7d,0xde,0x7d,0xfd,0x7d,0xde,0x7d,0xfd,0x85,0xdd,0x7d,
    0xdd,0x7d,0x1d,0x8e,0x3d,0x9e,0x5d,0xa6,0x7d,0xb6,0x9d,0xb6,0x3c,0xae,0x3c,0xae,0x5c,0xae,0x5c,0xb6,0x5c,0xae,0x7d,0xb6,
    0x7d,0xb6,0x7c,0xb6,0x9c,0xbe,0xbc,0xbe,0xbd,0xc6,0xbd,0xc6,0xdd,0xc6,0xdd,0xce,0xfd,0xce,0xdd,0xce,0xfd,0xd6,0xfd,0xce,
    0xfd,0xd6,0xfd,0xce,0xfd,0xd6,0xfd,0xd6,0xdd,0xce,0xfd,0xd6,0xdd,0xce,0xdc,0xce,0xfd,0xce,0xfd,0xd6,0xfe,0xce,0x3d,0xdf,
    0x3e,0xdf,0x3d,0xdf,0x5e,0xdf,0x3d,0xe7,0x5d,0xdf,0x5e,0xe7,0x5e,0xdf,0x5d,0xdf,0x3e,0xdf,0x5e,0xdf,0x3d,0xdf,0x5e,0xdf,
    0x5d,0xdf,0x5e,0xdf,0x5d,0xdf,0x5d,0xe7,0x3e,0xdf,0x5d,0xdf,0x3d,0xe7,0x3d,0xdf,0x3d,0xd7,0x1e,0xd7,0x1d,0xd7,0x3e,0xd7,
    0x1d,0xd7,0x1d,0xd7,0x1d,0xd7,0x1e,0xd7,0x3d,0xd7,0x3e,0xdf,0x3d,0xd7,0x5d,0xd7,0x5e,0xdf,0x3d,0xdf,0x5e,0xdf,0x5d,0xe7,
    0x5e,0xdf,0x5d,0xdf,0x5e,0xdf,0x5d,0xe7,0x3e,0xdf,0x5d,0xdf,0x3e,0xdf,0x3d,0xd7,0x1e,0xd7,0xfd,0xd6,0xdd,0xce,0xdd,0xce,
    0xbd,0xc6,0xdd,0xc6,0xdd,0xbe,0xbd,0xbe,0xbd,0xbe,0xbd,0xbe,0xbd,0xb6,0x3d,0x9e,0xfd,0x8d,0xde,0x75,0xbd,0x75,0xde,0x75,
    0xdd,0x6d,0xde,0x75,0xde,0x6d,0xbe,0x6d,0xde,0x75,0xbe,0x6d,0xde,0x75,0xbe,0x6d,0xde,0x75,0xbe,0x6d,0xbe,0x75,0xde,0x6d,
    0xbe,0x75,0xbe,0x6d,0xdf,0x75,0xbe,0x6d,0xde,0x6d,0xbe,0x6d,0xdf,0x75,0xde,0x6d,0xdf,0x75,0xbe,0x6d,0xdf,0x75,0xde,0x75,
    0xbf,0x6d,0xdf,0x75,0xde,0x6d,0xbe,0x75,0xdf,0x6d,0xde,0x75,0xbe,0x6d,0xde,0x75,0xbe,0x75,0xdf,0x6d,0xde,0x75,0xde,0x75,
    0xbf,0x6d,0xde,0x75,0xde,0x6d,0xde,0x75,0x9d,0xae,0x9d,0xb6,0x7d,0xae,0x3c,0xa6,0x5c,0xa6,0x5d,0x9e,0x5d,0xa6,0x3c,0x9e,
    0x3d,0x9e,0x3d,0xa6,0x5d,0x9e,0x3d,0x9e,0x3d,0x9e,0x1c,0x96,0x1d,0x9e,0x3d,0x9e,0x1d,0x9e,0x5d,0x9e,0x3d,0x9e,0x3d,0x9e,
    0x3d,0x96,0x3d,0x96,0xfd,0x8d,0xfd,0x85,0xfd,0x8d,0xfd,0x85,0xfd,0x85,0xfd,0x7d,0xfe,0x7d,0xdd,0x7d,0xfe,0x7d,0xdd,0x7d,
    0xfd,0x7d,0xfd,0x7d,0xfe,0x7d,0xfd,0x85,0xdd,0x85,0xfc,0x85,0xfc,0x95,0x3c,0xa6,0x9d,0xb6,0x9d,0xb6,0x7d,0xb6,0x7c,0xb6,
    0x7d,0xb6,0x9d,0xb6,0x7d,0xb6,0x7c,0xb6,0x7c,0xb6,0x7d,0xb6,0x9d,0xbe,0xdd,0xbe,0xbd,0xc6,0xdd,0xce,0xdd,0xce,0xdd,0xce,
    0xfd,0xd6,0xfd,0xce,0xfd,0xd6,0xfd,0xce,0xfd,0xd6,0xfd,0xd6,0x1d,0xd7,0xfd,0xce,0xfd,0xd6,0xfd,0xce,0xfd,0xce,0xfd,0xd6,
    0xfd,0xce,0xfd,0xd6,0x1d,0xd7,0x1e,0xd7,0x3d,0xd7,0x3e,0xdf,0x5d,0xdf,0x5e,0xdf,0x5e,0xe7,0x5d,0xdf,0x3e,0xe7,0x5d,0xdf,
    0x5e,0xe7,0x5d,0xdf,0x5e,0xe7,0x5d,0xe7,0x5e,0xe7,0x5e,0xdf,0x5d,0xe7,0x5e,0xdf,0x5d,0xdf,0x3e,0xdf,0x5e,0xdf,0x3d,0xdf,
    0x1d,0xd7,0x3d,0xdf,0x3e,0xd7,0x3d,0xd7,0x1e,0xd7,0x1d,0xd7,0x1d,0xd7,0x3e,0xd7,0x1d,0xd7,0x3e,0xd7,0x3d,0xdf,0x3e,0xd7,
    0x5d,0xdf,0x3e,0xdf,0x5d,0xe7,0x5e,0xdf,0x5d,0xdf,0x5e,0xe7,0x3d,0xdf,0x5e,0xe7,0x3d,0xdf,0x5e,0xdf,0x3d,0xdf,0x3e,0xd7,
    0x3e,0xd7,0x1d,0xd7,0xfd,0xce,0xfd,0xce,0xdd,0xce,0xdd,0xc6,0xdd,0xc6,0xbd,0xbe,0xbd,0xbe,0x9d,0xb6,0x9d,0xb6,0x1c,0x9e,
    0x1d,0x86,0xde,0x7d,0xdd,0x75,0xde,0x75,0xbe,0x75,0xde,0x6d,0xbe,0x75,0xde,0x6d,0xbe,0x75,0xde,0x6d,0xbe,0x75,0xbe,0x6d,
    0xde,0x75,0xbe,0x6d,0xde,0x75,0xbe,0x6d,0xdf,0x75,0xbe,0x6d,0xde,0x6d,0xbe,0x75,0xdf,0x75,0xbe,0x6d,0xde,0x75,0xbf,0x6d,
    0xde,0x75,0xde,0x6d,0xdf,0x75,0xbe,0x6d,0xde,0x75,0xde,0x6d,0xbf,0x75,0xde,0x6d,0xde,0x75,0xbf,0x6d,0xde,0x75,0xde,0x6d,
    0xde,0x75,0xde,0x75,0xde,0x6d,0xdf,0x75,0xde,0x75,0xde,0x6d,0xdf,0x75,0xde,0x75,0x9d,0xb6,0x9d,0xb6,0x9d,0xae,0x7d,0xb6,
    0x7d,0xae,0x5d,0xae,0x5c,0xa6,0x3d,0xa6,0x3c,0xa6,0x3d,0x9e,0x5d,0xa6,0x3d,0x9e,0x3d,0x9e,0x3c,0x9e,0x1d,0x9e,0x3c,0x9e,
    0x3d,0x9e,0x3d,0x9e,0x3d,0x9e,0x5d,0x9e,0x5e,0x9e,0x5d,0x9e,0x1d,0x96,0xfc,0x8d,0xfd,0x85,0xfd,0x85,0xdd,0x85,0xfd,0x7d,
    0xfe,0x85,0xfd,0x7d,0xfd,0x85,0xfe,0x7d,0xfd,0x85,0xfe,0x7d,0xfd,0x85,0xfe,0x7d,0xfd,0x85,0xdc,0x85,0x3d,0x9e,0x7e,0xae,
    0xbd,0xbe,0xbd,0xbe,0xbd,0xbe,0xbd,0xbe,0xbd,0xbe,0x9d,0xbe,0x7c,0xb6,0x5c,0xae,0x5c,0xb6,0x7c,0xb6,0xdd,0xc6,0xdd,0xc6,
    0xdc,0xce,0xdc,0xce,0xdd,0xce,0xfd,0xce,0xfd,0xd6,0xfd,0xd6,0x1d,0xcf,0xfd,0xd6,0x1d,0xd7,0xfe,0xce,0x1d,0xd7,0x1d,0xd7,
    0xfd,0xce,0xfd,0xd6,0xfd,0xd6,0xfd,0xce,0xfd,0xd6,0x1d,0xd7,0x1d,0xd7,0x3e,0xd7,0x5e,0xdf,0x3d,0xdf,0x5e,0xdf,0x3d,0xdf,
    0x5d,0xe7,0x5d,0xdf,0x5e,0xe7,0x5d,0xe7,0x5d,0xe7,0x5d,0xe7,0x5d,0xdf,0x5e,0xe7,0x5d,0xdf,0x5d,0xe7,0x5d,0xdf,0x5e,0xe7,
    0x5d,0xe7,0x5e,0xdf,0x5d,0xdf,0x3e,0xdf,0x3d,0xdf,0x3d,0xd7,0x1d,0xd7,0x1d,0xdf,0x3e,0xd7,0x1d,0xd7,0x1e,0xd7,0x1d,0xd7,
    0x3d,0xdf,0x1e,0xd7,0x3d,0xd7,0x3d,0xd7,0x3d,0xdf,0x5e,0xdf,0x5d,0xdf,0x5e,0xe7,0x5e,0xdf,0x5d,0xe7,0x5e,0xdf,0x5d,0xe7,
    0x5d,0xdf,0x5d,0xdf,0x5e,0xdf,0x3d,0xdf,0x3d,0xdf,0x1d,0xd7,0x1d,0xd7,0xfd,0xce,0xfe,0xce,0xdd,0xce,0xbd,0xc6,0x9d,0xbe,
    0x9c,0xbe,0xbd,0xbe,0x9d,0xb6,0x5d,0xa6,0xfc,0x8d,0xfd,0x7d,0xde,0x75,0xde,0x75,0xde,0x75,0xbe,0x75,0xde,0x75,0xde,0x75,
    0xbe,0x75,0xde,0x75,0xde,0x6d,0xde,0x75,0xde,0x6d,0xde,0x75,0xbe,0x6d,0xde,0x75,0xbe,0x6d,0xdf,0x75,0xbe,0x75,0xde,0x6d,
    0xde,0x75,0xde,0x6d,0xde,0x75,0xde,0x6d,0xbe,0x75,0xde,0x75,0xbe,0x75,0xde,0x75,0xde,0x75,0xde,0x75,0xde,0x75,0xbe,0x75,
    0xde,0x75,0xde,0x75,0xde,0x75,0xbe,0x75,0xde,0x75,0xbe,0x75,0xde,0x75,0xde,0x75,0xde,0x75,0xde,0x75,0xde,0x75,0xde,0x75,
    0xbc,0xb6,0x9d,0xb6,0x9d,0xb6,0x9c,0xb6,0x7d,0xb6,0x9d,0xae,0x7d,0xae,0x5c,0xae,0x5d,0xa6,0x3c,0xa6,0x3c,0xa6,0x5d,0xa6,
    0x3d,0x9e,0x5d,0x9e,0x3d,0x9e,0x3d,0xa6,0x3d,0x9e,0x3d,0xa6,0x5d,0xa6,0x5d,0xa6,0x5d,0x9e,0x3d,0x9e,0x3d,0x96,0x1c,0x96,
    0xfc,0x8d,0xfd,0x85,0xfd,0x85,0xfd,0x85,0xfd,0x7d,0xfe,0x85,0xfd,0x7d,0xfd,0x85,0xfd,0x7d,0xfd,0x85,0xfe,0x7d,0xfd,0x85,
    0xdd,0x85,0xfc,0x85,0xfc,0x95,0x5d,0xae,0xbd,0xbe,0xdd,0xbe,0xbd,0xc6,0xbd,0xbe,0xdd,0xbe,0xbd,0xbe,0x7c,0xb6,0x5c,0xb6,
    0x7c,0xbe,0xbc,0xbe,0xdd,0xc6,0xdd,0xce,0xdd,0xc6,0xdd,0xce,0xfd,0xce,0xfd,0xd6,0xfd,0xce,0x1d,0xd7,0x1e,0xd7,0x1d,0xd7,
    0xfe,0xd6,0x1d,0xd7,0x1d,0xd7,0x1d,0xd7,0x1d,0xcf,0xfd,0xd6,0x1c,0xcf,0x1d,0xd7,0x1d,0xcf,0x1d,0xd7,0x3e,0xd7,0x3d,0xdf,
    0x3e,0xdf,0x5e,0xdf,0x3d,0xdf,0x5d,0xdf,0x5e,0xe7,0x5d,0xe7,0x5d,0xe7,0x5e,0xdf,0x5d,0xe7,0x5e,0xe7,0x5d,0xe7,0x5d,0xe7,
    0x5d,0xe7,0x5e,0xe7,0x5d,0xe7,0x7e,0xdf,0x5d,0xe7,0x5e,0xdf,0x5e,0xe7,0x5d,0xdf,0x5e,0xd7,0x5d,0xdf,0x3d,0xdf,0x3e,0xd7,
    0x1d,0xdf,0x3e,0xd7,0x1d,0xdf,0x1d,0xd7,0x3e,0xd7,0x1d,0xd7,0x3d,0xd7,0x3d,0xdf,0x5e,0xdf,0x5e,0xe7,0x5e,0xdf,0x7e,0xe7,
    0x5e,0xe7,0x5e,0xe7,0x5d,0xdf,0x5e,0xe7,0x5d,0xdf,0x5e,0xe7,0x5d,0xdf,0x3e,0xdf,0x3e,0xdf,0x1d,0xd7,0x1e,0xd7,0x1d,0xd7,
    0xdd,0xce,0xdd,0xc6,0xdd,0xc6,0x9c,0xc6,0xbd,0xc6,0xbd,0xbe,0x9d,0xb6,0x7d,0xae,0x1d,0x8e,0xdd,0x85,0xdd,0x75,0xbe,0x75,
    0xde,0x75,0xde,0x75,0xbe,0x75,0xde,0x75,0xbe,0x6d,0xbe,0x75,0xde,0x75,0xbe,0x6d,0xde,0x75,0xbe,0x6d,0xde,0x75,0xde,0x6d,
    0xde,0x75,0xde,0x6d,0xde,0x75,0xbe,0x6d,0xde,0x75,0xbe,0x6d,0xde,0x75,0xbe,0x6d,0xde,0x75,0xde,0x75,0xde,0x75,0xde,0x6d,
    0xbe,0x75,0xde,0x75,0xbe,0x75,0xde,0x75,0xde,0x75,0xbe,0x75,0xde,0x75,0xde,0x6d,0xde,0x75,0xde,0x75,0xbe,0x6d,0xde,0x75,
    0xde,0x75,0xdf,0x75,0xde,0x75,0xde,0x75,0xbc,0xbe,0xbd,0xbe,0xbc,0xbe,0xbd,0xb6,0x9d,0xbe,0x9d,0xb6,0x9d,0xb6,0x9d,0xb6,
    0x7c,0xae,0x7d,0xae,0x5c,0xa6,0x3c,0xa6,0x5d,0xa6,0x5d,0xa6,0x3c,0xa6,0x3d,0xa6,0x5d,0xa6,0x5d,0xa6,0x5d,0xa6,0x5d,0xa6,
    0x5d,0xa6,0x5d,0x9e,0x3d,0x9e,0x1d,0x96,0xfc,0x8d,0xfd,0x8d,0xfc,0x85,0xfd,0x7d,0xfd,0x85,0xfe,0x7d,0xfd,0x85,0xfe,0x7d,
    0xfd,0x85,0xfe,0x85,0xfe,0x7d,0xfd,0x85,0xfd,0x85,0xdc,0x85,0x1c,0x9e,0x7d,0xae,0xdd,0xbe,0xdd,0xc6,0xdd,0xc6,0xdc,0xc6,
    0xdd,0xc6,0xbd,0xc6,0xbd,0xc6,0x7c,0xbe,0xbd,0xbe,0xdd,0xce,0xdd,0xce,0xdd,0xc6,0xfd,0xce,0xdd,0xd6,0xfd,0xce,0xfd,0xd6,
    0x1e,0xd7,0x1d,0xd7,0x1d,0xd7,0x1d,0xd7,0x1d,0xd7,0x1d,0xcf,0x1d,0xd7,0x1d,0xd7,0xfd,0xd6,0x1d,0xcf,0xfd,0xd6,0x1d,0xd7,
    0x1d,0xd7,0x3d,0xd7,0x3e,0xd7,0x3d,0xd7,0x3e,0xdf,0x3d,0xdf,0x5d,0xdf,0x3e,0xdf,0x5d,0xe7,0x5d,0xdf,0x5e,0xe7,0x7d,0xe7,
    0x5d,0xe7,0x5e,0xdf,0x5d,0xe7,0x5e,0xe7,0x7d,0xdf,0x5e,0xe7,0x5d,0xdf,0x5d,0xe7,0x5e,0xdf,0x5d,0xe7,0x5e,0xdf,0x5d,0xdf,
    0x3e,0xdf,0x5d,0xdf,0x3e,0xdf,0x3d,0xd7,0x3e,0xdf,0x3d,0xd7,0x3d,0xd7,0x1d,0xd7,0x3d,0xd7,0x3e,0xd7,0x1d,0xd7,0x3d,0xd7,
    0x3d,0xd7,0x7e,0xe7,0x7e,0xe7,0x5e,0xe7,0x7e,0xdf,0x7e,0xe7,0x5d,0xdf,0x5e,0xe7,0x5d,0xdf,0x5d,0xe7,0x5e,0xdf,0x5d,0xdf,
    0x3e,0xdf,0x3d,0xd7,0x3e,0xd7,0x1d,0xd7,0xfd,0xce,0xdd,0xce,0xbd,0xc6,0xbc,0xc6,0xbd,0xbe,0xde,0xbe,0x9d,0xb6,0x7d,0xae,
    0x3d,0x96,0xdd,0x85,0xdd,0x7d,0xde,0x75,0xde,0x75,0xdd,0x75,0xde,0x75,0xde,0x75,0xdd,0x75,0xde,0x75,0xdd,0x75,0xde,0x75,
    0xdd,0x75,0xde,0x75,0xdd,0x75,0xde,0x75,0xbe,0x75,0xde,0x6d,0xde,0x75,0xde,0x75,0xde,0x75,0xbd,0x75,0xde,0x75,0xdd,0x75,
    0xde,0x75,0xde,0x75,0xde,0x75,0xde,0x75,0xde,0x75,0xde,0x75,0xde,0x75,0xdf,0x75,0xde,0x75,0xde,0x75,0xde,0x75,0xbe,0x75,
    0xde,0x75,0xdf,0x75,0xde,0x75,0xdf,0x75,0xde,0x75,0xde,0x75,0xde,0x75,0xde,0x75,0xbc,0xbe,0xbc,0xbe,0xbd,0xbe,0xbd,0xbe,
    0xbc,0xbe,0xbc,0xbe,0xbd,0xb6,0x9c,0xb6,0x9d,0xb6,0x9d,0xb6,0x7d,0xae,0x5c,0xae,0x5c,0xa6,0x5d,0xae,0x5d,0xa6,0x5d,0xa6,
    0x3c,0xa6,0x5d,0xa6,0x7d,0xa6,0x7e,0xae,0x7d,0xa6,0x5d,0xa6,0x7d,0xa6,0x3d,0xa6,0x1d,0x96,0x1d,0x8e,0xfd,0x8d,0xfd,0x85,
    0xfd,0x7d,0xfe,0x85,0xfd,0x7d,0xfe,0x85,0xfd,0x7d,0xfd,0x85,0xfe,0x7d,0xfe,0x85,0xfd,0x85,0x1d,0x8e,0x5d,0x9e,0x9d,0xb6,
    0xde,0xbe,0xdd,0xc6,0xdd,0xce,0xdd,0xce,0xfd,0xce,0xdd,0xce,0xdd,0xc6,0xbd,0xc6,0xfd,0xce,0xfd,0xc6,0xdd,0xce,0xfd,0xce,
    0xfd,0xd6,0xfd,0xce,0xfd,0xce,0xfd,0xd6,0xfd,0xce,0x1d,0xd7,0x1d,0xd7,0x3d,0xd7,0x1d,0xd7,0x1d,0xd7,0x1d,0xd7,0x1d,0xcf,
    0x1d,0xd7,0x1d,0xd7,0x1d,0xd7,0x1d,0xd7,0x1e,0xd7,0x3d,0xd7,0x1e,0xd7,0x3d,0xd7,0x3d,0xdf,0x3e,0xd7,0x3d,0xdf,0x3d,0xdf,
    0x5e,0xe7,0x5d,0xe7,0x5d,0xdf,0x5e,0xe7,0x5d,0xe7,0x7d,0xe7,0x5e,0xe7,0x7d,0xe7,0x5e,0xe7,0x5d,0xe7,0x7d,0xe7,0x5e,0xdf,
    0x7e,0xe7,0x5e,0xdf,0x5d,0xdf,0x3e,0xdf,0x5d,0xdf,0x3e,0xd7,0x5d,0xdf,0x3d,0xd7,0x5d,0xdf,0x5e,0xdf,0x3d,0xdf,0x3d,0xdf,
    0x1e,0xd7,0x3d,0xd7,0x1d,0xd7,0x3d,0xdf,0x5e,0xdf,0x5d,0xdf,0x7e,0xe7,0x5e,0xe7,0x7e,0xe7,0x5d,0xe7,0x7e,0xe7,0x7e,0xe7,
    0x5e,0xdf,0x5d,0xe7,0x5e,0xdf,0x3d,0xdf,0x5e,0xdf,0x3e,0xd7,0x3d,0xd7,0x1e,0xd7,0x1d,0xcf,0xfd,0xce,0xdc,0xc6,0xbd,0xc6,
    0xbc,0xbe,0xbd,0xbe,0xbd,0xb6,0x9e,0xb6,0x5e,0x9e,0x1e,0x8e,0x1e,0x86,0xdd,0x7d,0xde,0x75,0xde,0x7d,0xde,0x75,0xde,0x75,
    0xde,0x75,0xde,0x75,0xde,0x75,0xde,0x75,0xde,0x75,0xbd,0x75,0xde,0x75,0xbd,0x75,0xde,0x75,0xdd,0x7d,0xbe,0x75,0xbd,0x75,
    0xde,0x75,0xde,0x75,0xde,0x75,0xde,0x75,0xde,0x75,0xde,0x75,0xde,0x75,0xde,0x75,0xdf,0x75,0xde,0x75,0xde,0x75,0xde,0x75,
    0xde,0x75,0xde,0x75,0xdf,0x75,0xde,0x75,0xde,0x75,0xde,0x75,0xde,0x75,0xde,0x75,0xde,0x75,0xff,0x75,0xde,0x75,0xff,0x75,
    0xdc,0xbe,0xbc,0xbe,0xdc,0xbe,0xbd,0xbe,0xdd,0xbe,0xbc,0xbe,0xbd,0xbe,0xbc,0xbe,0xbd,0xb6,0x9c,0xb6,0x9d,0xb6,0x7c,0xae,
    0x5d,0xae,0x5c,0xa6,0x5d,0xa6,0x3d,0xa6,0x5d,0xa6,0x5d,0xa6,0x5d,0xae,0x3d,0xa6,0x5d,0xae,0x7e,0xae,0x7e,0xae,0x7e,0xa6,
    0x5e,0x9e,0x1d,0x96,0xfc,0x85,0xfd,0x85,0x1d,0x7e,0xfd,0x85,0x1e,0x86,0xfd,0x7d,0xfe,0x85,0x1d,0x86,0xfe,0x7d,0xfd,0x85,
    0x1d,0x86,0x3e,0x96,0x9e,0xae,0xbe,0xbe,0xdd,0xc6,0xfd,0xce,0xfd,0xce,0xfd,0xce,0xfd,0xce,0xfd,0xce,0xdc,0xce,0xdd,0xce,
    0xfd,0xce,0xfd,0xce,0xfd,0xce,0xfd,0xce,0xfd,0xd6,0xfd,0xce,0xfd,0xd6,0xfd,0xce,0x1e,0xd7,0x1d,0xd7,0x1d,0xd7,0x3d,0xd7,
    0x1d,0xd7,0x1d,0xd7,0x1d,0xd7,0x1d,0xd7,0x1d,0xd7,0x1d,0xd7,0x1d,0xd7,0x3d,0xd7,0x1d,0xd7,0x3e,0xd7,0x1d,0xd7,0x3e,0xdf,
    0x1d,0xd7,0x1d,0xdf,0x3d,0xdf,0x5e,0xdf,0x5d,0xdf,0x5e,0xe7,0x5d,0xe7,0x5d,0xe7,0x7e,0xe7,0x5d,0xe7,0x5e,0xdf,0x5d,0xe7,
    0x7d,0xe7,0x5e,0xe7,0x5d,0xdf,0x7d,0xe7,0x5d,0xdf,0x5e,0xe7,0x3d,0xdf,0x5d,0xdf,0x3e,0xdf,0x5d,0xdf,0x5e,0xdf,0x3d,0xdf,
    0x5e,0xdf,0x5e,0xdf,0x5d,0xdf,0x3d,0xd7,0x3d,0xdf,0x1e,0xd7,0x3d,0xdf,0x3d,0xd7,0x3d,0xd7,0x5e,0xe7,0x5e,0xdf,0x5d,0xdf,
    0x7e,0xe7,0x7e,0xdf,0x5e,0xe7,0x7d,0xdf,0x5e,0xe7,0x5d,0xdf,0x5e,0xe7,0x3d,0xdf,0x3d,0xdf,0x3e,0xdf,0x3d,0xd7,0x3d,0xd7,
    0xfd,0xd6,0xfd,0xce,0xfd,0xce,0xbc,0xc6,0x9c,0xb6,0x9d,0xb6,0x9d,0xb6,0x7d,0xae,0x7e,0xa6,0x7e,0x9e,0x1e,0x8e,0xde,0x7d,
    0xde,0x75,0xfe,0x75,0xfe,0x7d,0xde,0x75,0xde,0x7d,0xdd,0x7d,0xde,0x75,0xde,0x75,0xde,0x75,0xdd,0x75,0xde,0x75,0xbd,0x75,
    0x1e,0x86,0x3f,0x8e,0x1e,0x86,0xfe,0x85,0xdd,0x7d,0xde,0x75,0xde,0x75,0xdd,0x75,0xde,0x75,0xde,0x75,0xde,0x75,0xde,0x75,
    0xde,0x75,0xde,0x75,0xde,0x75,0xde,0x75,0xdf,0x75,0xde,0x75,0xde,0x75,0xde,0x75,0xdf,0x75,0xde,0x75,0xff,0x75,0xde,0x75,
    0xff,0x75,0xde,0x7d,0xff,0x75,0xde,0x7d,0xdd,0xbe,0xbc,0xbe,0xdd,0xbe,0xbc,0xbe,0xbc,0xbe,0xbd,0xbe,0xbc,0xbe,0xbd,0xbe,
    0xbc,0xbe,0xbd,0xbe,0x9d,0xb6,0x9d,0xb6,0x7d,0xb6,0x7c,0xae,0x5d,0xae,0x5c,0xa6,0x3d,0xa6,0x5d,0xa6,0x5d,0xa6,0x5d,0xa6,
    0x3d,0x9e,0x7d,0xa6,0x7e,0xae,0x9e,0xae,0x7e,0xa6,0x5d,0x9e,0x1d,0x8e,0xfd,0x85,0xfd,0x85,0x1e,0x86,0xfd,0x85,0x1e,0x86,
    0xfd,0x85,0x1e,0x86,0xfe,0x7d,0x1e,0x86,0x1d,0x86,0x1d,0x8e,0x7e,0xa6,0xde,0xc6,0xdd,0xce,0xfd,0xce,0xfd,0xce,0x1d,0xd7,
    0x1d,0xd7,0x1d,0xd7,0xfd,0xce,0x1d,0xd7,0xfd,0xce,0xfd,0xd6,0xfd,0xd6,0xfd,0xce,0xfd,0xd6,0xfd,0xce,0xfd,0xd6,0x1d,0xd7,
    0xfd,0xce,0x1d,0xd7,0x1d,0xd7,0x1d,0xd7,0x1d,0xcf,0x1d,0xd7,0x1d,0xd7,0x1d,0xcf,0x1d,0xd7,0x1d,0xd7,0x1d,0xcf,0x1d,0xd7,
    0x1d,0xd7,0x3d,0xd7,0x1d,0xd7,0x3d,0xd7,0x3d,0xd7,0x3e,0xd7,0x3d,0xdf,0x3d,0xdf,0x5e,0xe7,0x5d,0xdf,0x5e,0xe7,0x7e,0xdf,
    0x5e,0xe7,0x7d,0xe7,0x5d,0xe7,0x7e,0xe7,0x5d,0xdf,0x5e,0xe7,0x7d,0xe7,0x5e,0xdf,0x5d,0xe7,0x5d,0xdf,0x5e,0xdf,0x5d,0xdf,
    0x3d,0xdf,0x5e,0xdf,0x5d,0xdf,0x5e,0xdf,0x5d,0xdf,0x5e,0xdf,0x3d,0xdf,0x3e,0xdf,0x3d,0xd7,0x3d,0xdf,0x3d,0xd7,0x3e,0xdf,
    0x3d,0xdf,0x5d,0xdf,0x5d,0xe7,0x7e,0xe7,0x5e,0xe7,0x7d,0xe7,0x5e,0xe7,0x7e,0xe7,0x5d,0xdf,0x5e,0xe7,0x7d,0xdf,0x5e,0xdf,
    0x5d,0xdf,0x3d,0xdf,0x3e,0xdf,0x1d,0xd7,0x1e,0xd7,0x1d,0xcf,0xfd,0xce,0xdd,0xc6,0x9c,0xbe,0x5c,0xb6,0x7c,0xae,0x7d,0xae,
    0x7e,0xae,0x3e,0x96,0xfd,0x85,0xfe,0x85,0xfe,0x7d,0xde,0x7d,0xfd,0x75,0xdd,0x7d,0xfe,0x7d,0xde,0x7d,0xdd,0x7d,0xdd,0x7d,
    0xde,0x75,0xdd,0x7d,0xdd,0x75,0xdd,0x85,0x3e,0x8e,0x5e,0x9e,0x5e,0x9e,0x1d,0x96,0xfe,0x8d,0xdd,0x7d,0xde,0x7d,0xfe,0x75,
    0xfe,0x75,0xde,0x75,0xde,0x75,0xde,0x75,0xde,0x75,0xde,0x75,0xde,0x75,0xfe,0x75,0xde,0x75,0xde,0x75,0xfe,0x75,0xfe,0x75,
    0xfe,0x75,0xde,0x75,0xfe,0x75,0xfe,0x7d,0xfe,0x75,0xfe,0x7d,0xfe,0x75,0xfe,0x75,0xdc,0xbe,0xbd,0xbe,0xbc,0xbe,0xdc,0xbe,
    0xbc,0xbe,0xbd,0xbe,0xbc,0xbe,0xbc,0xbe,0xbd,0xbe,0xbc,0xbe,0x9d,0xbe,0x9d,0xb6,0x9d,0xb6,0x7d,0xb6,0x7d,0xae,0x5c,0xae,
    0x5d,0xae,0x5c,0xa6,0x5d,0xa6,0x3d,0xa6,0x1c,0x9e,0x3d,0xa6,0x5d,0xa6,0x5d,0xa6,0x7e,0xa6,0x7e,0x9e,0x1d,0x96,0x1d,0x86,
    0xfd,0x85,0xfe,0x7d,0x1d,0x86,0xfe,0x7d,0x1d,0x86,0xfe,0x85,0x1d,0x86,0xfe,0x7d,0xfd,0x85,0x1d,0x8e,0x5e,0xa6,0xde,0xbe,
    0xfd,0xce,0xfd,0xce,0x1d,0xcf,0x1d,0xd7,0x3e,0xd7,0x3d,0xd7,0x3e,0xd7,0x1e,0xd7,0x1d,0xd7,0xfd,0xce,0x1d,0xd7,0x1d,0xd7,
    0x1d,0xd7,0x1d,0xd7,0x1d,0xcf,0x1d,0xd7,0x1d,0xd7,0x1d,0xd7,0x1c,0xcf,0x1d,0xd7,0xfd,0xd6,0x1d,0xd7,0x1d,0xd7,0x1d,0xd7,
    0x1d,0xd7,0x1d,0xd7,0x1d,0xd7,0x3d,0xd7,0x1d,0xd7,0x3d,0xd7,0x1d,0xd7,0x3e,0xd7,0x3d,0xdf,0x3d,0xd7,0x3d,0xdf,0x5e,0xdf,
    0x5d,0xdf,0x5d,0xe7,0x5e,0xdf,0x7d,0xe7,0x5e,0xdf,0x5d,0xe7,0x5e,0xe7,0x5d,0xe7,0x7e,0xe7,0x5d,0xe7,0x5e,0xdf,0x5e,0xe7,
    0x5e,0xdf,0x5d,0xe7,0x5e,0xe7,0x5e,0xdf,0x5e,0xdf,0x5d,0xe7,0x5e,0xdf,0x3d,0xdf,0x5e,0xe7,0x5d,0xdf,0x3e,0xdf,0x3d,0xdf,
    0x3d,0xdf,0x3d,0xd7,0x3d,0xdf,0x3d,0xd7,0x3d,0xdf,0x5e,0xdf,0x5d,0xe7,0x7e,0xdf,0x5e,0xe7,0x7e,0xdf,0x5d,0xe7,0x7e,0xdf,
    0x5d,0xe7,0x7e,0xe7,0x5d,0xe7,0x5d,0xdf,0x3e,0xdf,0x5d,0xdf,0x3d,0xd7,0x3d,0xd7,0x1e,0xd7,0x1d,0xcf,0xdd,0xce,0xfd,0xce,
    0xbd,0xbe,0x7c,0xb6,0x3c,0xa6,0x5c,0xa6,0x3d,0xa6,0xfc,0x95,0xdd,0x85,0xfe,0x85,0xfe,0x85,0xfe,0x7d,0xfe,0x7d,0xfe,0x7d,
    0x1d,0x8e,0x3e,0x8e,0x3e,0x8e,0x1e,0x86,0xfd,0x85,0xbd,0x7d,0xfd,0x85,0x3e,0x8e,0x3d,0x9e,0x3d,0x9e,0x3d,0xa6,0x7e,0xa6,
    0x3e,0x9e,0x3e,0x8e,0xfe,0x7d,0xdd,0x75,0xde,0x75,0xfe,0x75,0xfe,0x75,0xfe,0x75,0xde,0x75,0xfe,0x75,0xfe,0x75,0xde,0x75,
    0xfe,0x75,0xde,0x75,0xfe,0x75,0xfe,0x75,0xfe,0x7d,0xff,0x75,0xfe,0x7d,0xde,0x75,0xfe,0x7d,0xde,0x75,0xfe,0x7d,0xde,0x75,
    0xbc,0xbe,0xdc,0xbe,0xbd,0xbe,0xdc,0xbe,0xbd,0xbe,0xdc,0xc6,0xdd,0xbe,0xbc,0xbe,0xbc,0xbe,0xbd,0xbe,0x9c,0xbe,0x9c,0xb6,
    0x9c,0xb6,0x9d,0xb6,0x7c,0xae,0x7d,0xae,0x5c,0xa6,0x7d,0xae,0x5d,0xa6,0x3d,0xa6,0x3d,0x9e,0x3c,0x9e,0x3d,0x9e,0x3d,0x9e,
    0x5d,0xa6,0x7e,0x9e,0x3e,0x96,0x1d,0x86,0x1d,0x86,0x1e,0x86,0xfe,0x85,0x1d,0x86,0xfe,0x85,0xfd,0x7d,0xfe,0x85,0x1e,0x86,
    0xfd,0x85,0x1d,0x8e,0x5d,0x9e,0xbe,0xbe,0xdd,0xc6,0x1e,0xcf,0x1e,0xd7,0x1d,0xd7,0x3e,0xd7,0x3e,0xdf,0x3d,0xd7,0x3e,0xdf,
    0x3d,0xd7,0x1e,0xd7,0x3d,0xd7,0x1e,0xd7,0x1d,0xd7,0x1d,0xd7,0x1d,0xd7,0xfd,0xce,0x1d,0xd7,0xfd,0xce,0xfd,0xd6,0x1d,0xd7,
    0x1d,0xd7,0x1d,0xcf,0x1c,0xd7,0x1d,0xd7,0x1d,0xd7,0x3d,0xd7,0x1d,0xd7,0x1d,0xd7,0x1d,0xd7,0x3d,0xd7,0x1d,0xd7,0x1d,0xd7,
    0x3d,0xd7,0x3e,0xdf,0x3d,0xdf,0x3d,0xdf,0x3d,0xdf,0x5d,0xdf,0x5d,0xdf,0x5e,0xe7,0x7e,0xe7,0x5d,0xe7,0x5d,0xdf,0x5d,0xe7,
    0x5d,0xdf,0x5d,0xe7,0x5d,0xdf,0x5d,0xe7,0x5d,0xdf,0x5e,0xe7,0x5d,0xdf,0x5d,0xdf,0x5e,0xdf,0x3d,0xdf,0x3d,0xdf,0x5e,0xdf,
    0x3d,0xdf,0x5e,0xdf,0x5d,0xdf,0x5d,0xdf,0x3e,0xdf,0x5d,0xdf,0x3e,0xd7,0x5d,0xdf,0x5e,0xdf,0x5d,0xdf,0x5e,0xdf,0x7d,0xe7,
    0x5e,0xe7,0x7d,0xe7,0x7e,0xe7,0x5e,0xe7,0x5d,0xdf,0x5e,0xe7,0x5d,0xdf,0x5e,0xe7,0x5d,0xdf,0x3e,0xdf,0x3d,0xdf,0x3d,0xd7,
    0x1d,0xd7,0x1d,0xd7,0xfd,0xce,0xfd,0xce,0xdd,0xc6,0x7c,0xbe,0x3c,0xae,0x5c,0xae,0x1c,0x9e,0xfc,0x8d,0xdc,0x8d,0xfd,0x85,
    0xfd,0x85,0x1d,0x8e,0x1e,0x8e,0x5e,0x9e,0x5e,0x96,0x5d,0x9e,0x5e,0x9e,0x5e,0x9e,0x3d,0x96,0xfd,0x8d,0xfd,0x8d,0x3d,0x96,
    0x3d,0x9e,0x5d,0xa6,0x7d,0xa6,0x7d,0xae,0x5e,0xa6,0x3d,0x96,0xdd,0x7d,0xde,0x75,0xfe,0x75,0xde,0x75,0xfe,0x75,0xdf,0x75,
    0xfe,0x75,0xfe,0x75,0xdf,0x75,0xfe,0x75,0xfe,0x7d,0xff,0x75,0xfe,0x7d,0xff,0x75,0xfe,0x75,0xfe,0x7d,0xff,0x75,0xff,0x7d,
    0x1f,0x76,0xdf,0x75,0x1e,0x86,0x3f,0x8e,0xbc,0xbe,0xbc,0xbe,0xbc,0xbe,0xbc,0xbe,0xbc,0xbe,0xbc,0xbe,0xdc,0xbe,0xbc,0xbe,
    0xdc,0xbe,0xbc,0xbe,0xbd,0xbe,0xbc,0xbe,0x9d,0xb6,0x9c,0xb6,0x9d,0xb6,0x7c,0xae,0x7d,0xae,0x7d,0xae,0x5d,0xa6,0x5d,0xa6,
    0x3d,0x9e,0x1d,0x9e,0x3d,0x9e,0x3d,0x9e,0x3d,0x9e,0x3d,0x9e,0x5e,0x96,0x1d,0x8e,0x1e,0x86,0xfd,0x85,0x1e,0x86,0xfe,0x85,
    0x1d,0x86,0x1e,0x86,0xfe,0x7d,0xfe,0x85,0xfd,0x85,0xfd,0x8d,0x3d,0x96,0xbd,0xb6,0xdd,0xc6,0xfe,0xce,0xfd,0xce,0x1d,0xd7,
    0x3d,0xd7,0x3e,0xdf,0x3e,0xd7,0x3d,0xd7,0x1d,0xd7,0x3d,0xd7,0x1d,0xd7,0x1d,0xd7,0x1d,0xd7,0x1d,0xd7,0x1d,0xd7,0x1d,0xd7,
    0xfd,0xce,0x1c,0xd7,0x1d,0xd7,0x1c,0xcf,0x1d,0xd7,0x1d,0xd7,0x1d,0xd7,0x1d,0xd7,0x1d,0xd7,0x1d,0xd7,0x3d,0xd7,0x1d,0xd7,
    0x3d,0xd7,0x1d,0xd7,0x1d,0xd7,0x3d,0xd7,0x3e,0xd7,0x3d,0xdf,0x3d,0xd7,0x3d,0xdf,0x5d,0xdf,0x3e,0xdf,0x5d,0xe7,0x5d,0xdf,
    0x5e,0xdf,0x5d,0xe7,0x5d,0xdf,0x5e,0xe7,0x3d,0xdf,0x5d,0xe7,0x5e,0xdf,0x5d,0xdf,0x5e,0xe7,0x5d,0xdf,0x5d,0xdf,0x5e,0xdf,
    0x3d,0xe7,0x5e,0xdf,0x3d,0xdf,0x5d,0xdf,0x3e,0xdf,0x5d,0xdf,0x3e,0xdf,0x5d,0xdf,0x3e,0xdf,0x5d,0xdf,0x3e,0xdf,0x5d,0xdf,
    0x3d,0xdf,0x5e,0xdf,0x5d,0xe7,0x7e,0xe7,0x5e,0xdf,0x7e,0xe7,0x5d,0xdf,0x7e,0xe7,0x5d,0xdf,0x7e,0xe7,0x5d,0xdf,0x5e,0xe7,
    0x5d,0xdf,0x5e,0xdf,0x3d,0xdf,0x3e,0xd7,0x3d,0xd7,0x1e,0xd7,0x1d,0xcf,0xfd,0xce,0xfd,0xce,0xbd,0xbe,0xbd,0xbe,0x9d,0xb6,
    0x5c,0xa6,0x3d,0x9e,0x1c,0x8e,0x1d,0x8e,0x1d,0x96,0x3d,0x96,0x5d,0xa6,0x7d,0xa6,0x5d,0xae,0x7d,0xb6,0x5d,0xae,0x7d,0xae,
    0x7d,0xae,0x5d,0xa6,0xfc,0x95,0x3c,0x96,0x7d,0xa6,0x9d,0xb6,0x9e,0xb6,0x9d,0xb6,0x5c,0xa6,0x5e,0x9e,0xfd,0x85,0xde,0x7d,
    0xde,0x7d,0xfe,0x75,0xfe,0x7d,0xfe,0x75,0xde,0x7d,0xfe,0x75,0xfe,0x7d,0xde,0x75,0xff,0x75,0xfe,0x75,0xfe,0x75,0xfe,0x7d,
    0xff,0x75,0xfe,0x75,0xfe,0x7d,0xff,0x75,0xde,0x7d,0xfe,0x7d,0x3d,0x9e,0xbe,0xb6,0xbc,0xbe,0xbc,0xbe,0xbc,0xbe,0xbc,0xbe,
    0xbc,0xbe,0xbc,0xbe,0xbc,0xbe,0xbc,0xbe,0xbc,0xbe,0xdc,0xc6,0xbc,0xbe,0xbc,0xbe,0xbc,0xbe,0x9c,0xbe,0x9d,0xb6,0x7c,0xae,
    0x7d,0xae,0x7d,0xae,0x7d,0xa6,0x3d,0x9e,0x3d,0x9e,0x3d,0x96,0x3d,0x9e,0x3d,0x9e,0x5d,0x9e,0x1d,0x96,0x1d,0x8e,0x1d,0x8e,
    0x1e,0x86,0x1d,0x86,0x1d,0x86,0xfd,0x85,0xfe,0x7d,0xfd,0x85,0x1e,0x86,0x1d,0x86,0xfd,0x85,0xfd,0x85,0x1c,0x8e,0x7d,0xa6,
    0xbe,0xbe,0xfd,0xc6,0xfe,0xd6,0x1d,0xd7,0x3e,0xd7,0x3e,0xd7,0x3d,0xd7,0x3e,0xdf,0x3d,0xd7,0x3e,0xd7,0x3d,0xd7,0x1d,0xd7,
    0x1d,0xd7,0x1d,0xd7,0x1d,0xd7,0x1d,0xd7,0x1d,0xd7,0xfd,0xce,0x1d,0xd7,0x1d,0xd7,0x1d,0xd7,0x1d,0xd7,0x1d,0xd7,0x3d,0xd7,
    0x3d,0xd7,0x1d,0xd7,0x1d,0xd7,0x1d,0xd7,0x1d,0xd7,0x3e,0xd7,0x1d,0xd7,0x1d,0xd7,0x1d,0xd7,0x3d,0xd7,0x3d,0xdf,0x3e,0xd7,
    0x3d,0xdf,0x3d,0xdf,0x3d,0xdf,0x5e,0xdf,0x5d,0xdf,0x3d,0xdf,0x3d,0xdf,0x3d,0xdf,0x3d,0xdf,0x3d,0xdf,0x5d,0xdf,0x3d,0xdf,
    0x3d,0xdf,0x3d,0xdf,0x3d,0xdf,0x3d,0xdf,0x5d,0xdf,0x3d,0xdf,0x3e,0xdf,0x3d,0xdf,0x5d,0xdf,0x3d,0xe7,0x3d,0xdf,0x3d,0xdf,
    0x5e,0xdf,0x3d,0xdf,0x5d,0xdf,0x3e,0xd7,0x5d,0xdf,0x3d,0xdf,0x5d,0xe7,0x5d,0xdf,0x5d,0xe7,0x7e,0xe7,0x5d,0xe7,0x7e,0xe7,
    0x5d,0xe7,0x5e,0xe7,0x5d,0xdf,0x5d,0xe7,0x5d,0xdf,0x5d,0xdf,0x3d,0xdf,0x5d,0xdf,0x3d,0xd7,0x1d,0xd7,0x1d,0xd7,0xfd,0xce,
    0xfe,0xce,0xdd,0xc6,0xbd,0xbe,0x9d,0xbe,0x9d,0xb6,0x9d,0xb6,0x5c,0xae,0x7d,0xa6,0x7d,0xae,0x7d,0xae,0x7c,0xb6,0x9d,0xb6,
    0x9d,0xbe,0x7d,0xb6,0x9c,0xbe,0xbd,0xbe,0x9d,0xbe,0x7d,0xb6,0x7c,0xae,0x7d,0xb6,0xbd,0xbe,0xdd,0xbe,0xdd,0xc6,0xbd,0xbe,
    0xbd,0xb6,0x5d,0xa6,0x1d,0x96,0xdd,0x7d,0xfe,0x7d,0xfe,0x75,0xff,0x7d,0xfe,0x75,0xff,0x75,0xfe,0x7d,0xfe,0x75,0xfe,0x75,
    0xfe,0x7d,0xfe,0x75,0xff,0x7d,0xfe,0x75,0xfe,0x7d,0xff,0x7d,0xfe,0x75,0xfe,0x7d,0x1d,0x96,0x9f,0xae,0xbd,0xbe,0xdd,0xc6,
    0xbc,0xbe,0xbc,0xbe,0xbd,0xbe,0xbc,0xbe,0xbc,0xbe,0xbc,0xbe,0xbc,0xbe,0xdc,0xbe,0xbc,0xbe,0xbc,0xbe,0xbc,0xbe,0xbc,0xbe,
    0xbd,0xbe,0x9c,0xb6,0x9c,0xb6,0x9d,0xb6,0x7d,0xae,0x7c,0xa6,0x3c,0xa6,0x3d,0x9e,0x3c,0x9e,0x1c,0x9e,0x3d,0x96,0x3d,0x9e,
    0x3e,0x96,0x1d,0x96,0x1d,0x8e,0x3d,0x8e,0x1d,0x8e,0x1d,0x86,0x1d,0x86,0x1e,0x86,0x1d,0x86,0x1e,0x86,0xfd,0x85,0x1e,0x86,
    0x1d,0x86,0x1e,0x86,0xfd,0x8d,0xfd,0x95,0x3c,0x9e,0x9d,0xb6,0xfd,0xce,0xfd,0xce,0x1d,0xcf,0x1e,0xd7,0x1d,0xd7,0x1e,0xd7,
    0x3d,0xd7,0x3d,0xdf,0x3d,0xd7,0x1d,0xd7,0x3d,0xd7,0x3d,0xd7,0x1d,0xd7,0x1d,0xd7,0x1d,0xd7,0x1d,0xd7,0x1c,0xd7,0x1d,0xd7,
    0x3d,0xd7,0x3d,0xd7,0x1d,0xd7,0x3d,0xd7,0x3e,0xd7,0x1d,0xd7,0x1d,0xd7,0x1d,0xd7,0x1d,0xd7,0x1d,0xd7,0x1d,0xd7,0x1d,0xd7,
    0x1d,0xd7,0x1d,0xd7,0x1d,0xd7,0x3d,0xd7,0x3e,0xdf,0x3d,0xdf,0x3d,0xdf,0x3d,0xdf,0x3e,0xdf,0x3d,0xdf,0x5d,0xdf,0x3d,0xdf,
    0x5d,0xdf,0x3d,0xdf,0x3e,0xdf,0x5d,0xdf,0x3e,0xd7,0x3d,0xdf,0x3d,0xd7,0x3e,0xdf,0x5e,0xdf,0x3d,0xdf,0x5d,0xdf,0x3d,0xdf,
    0x3d,0xdf,0x3d,0xdf,0x3d,0xdf,0x3d,0xdf,0x3d,0xdf,0x3d,0xdf,0x3d,0xdf,0x5e,0xdf,0x5d,0xdf,0x5d,0xe7,0x3d,0xdf,0x5e,0xe7,
    0x5d,0xdf,0x5d,0xe7,0x5d,0xdf,0x5d,0xe7,0x7d,0xdf,0x7d,0xe7,0x5d,0xe7,0x5d,0xe7,0x5e,0xe7,0x5d,0xdf,0x5d,0xdf,0x3d,0xdf,
    0x3e,0xd7,0x1d,0xdf,0x1d,0xd7,0x1d,0xd7,0xdd,0xce,0xdd,0xc6,0xbd,0xc6,0xbd,0xc6,0xbd,0xbe,0xbd,0xbe,0x9d,0xbe,0x9c,0xbe,
    0x9c,0xb6,0x9d,0xbe,0xbd,0xbe,0xbd,0xbe,0xbd,0xbe,0xbd,0xbe,0xbd,0xbe,0xbd,0xbe,0xbd,0xc6,0xbd,0xbe,0xbd,0xc6,0xdd,0xbe,
    0xdd,0xc6,0xdd,0xc6,0xdd,0xc6,0xdd,0xc6,0xbd,0xbe,0x7d,0xae,0x1c,0x9e,0xfd,0x85,0xde,0x7d,0xfd,0x7d,0xfe,0x75,0xfe,0x75,
    0xfe,0x7d,0xfe,0x75,0xff,0x7d,0xfe,0x75,0xff,0x7d,0xfe,0x75,0xfe,0x75,0xfe,0x7d,0xff,0x75,0xfe,0x7d,0xfe,0x7d,0x3e,0x96,
    0xde,0xbe,0xfe,0xc6,0x1d,0xcf,0x1e,0xd7,0x9c,0xbe,0xbc,0xbe,0xbc,0xbe,0xbc,0xbe,0xbc,0xbe,0xbc,0xbe,0xbc,0xbe,0xbc,0xbe,
    0xdc,0xbe,0xbc,0xbe,0xbc,0xbe,0xbc,0xbe,0xbc,0xbe,0x9c,0xbe,0x9d,0xb6,0x9c,0xb6,0x7d,0xb6,0x7c,0xae,0x3c,0xa6,0x3d,0x9e,
    0x3d,0x9e,0x1c,0x96,0x1d,0x96,0x3d,0x9e,0x1d,0x96,0x1d,0x8e,0x1d,0x8e,0x1d,0x8e,0x1d,0x86,0x1d,0x8e,0xfd,0x85,0x1d,0x86,
    0xfe,0x85,0x1d,0x86,0x1d,0x86,0xfe,0x85,0x1d,0x86,0xfd,0x85,0x1d,0x86,0x1d,0x86,0x1c,0x8e,0x1c,0x9e,0xbd,0xae,0xfe,0xc6,
    0xfd,0xce,0xfd,0xce,0xfd,0xd6,0x1d,0xd7,0x3e,0xdf,0x3d,0xd7,0x3e,0xd7,0x1d,0xd7,0x3d,0xd7,0x1e,0xd7,0x3d,0xd7,0x1d,0xd7,
    0x1d,0xcf,0x1d,0xd7,0x1d,0xcf,0x1d,0xd7,0x1d,0xd7,0x3d,0xd7,0x1d,0xd7,0x3d,0xd7,0x3d,0xd7,0x1d,0xd7,0x1d,0xd7,0x1d,0xcf,
    0xfc,0xd6,0x1d,0xcf,0xfc,0xd6,0x1d,0xcf,0x1d,0xd7,0x1d,0xd7,0x1d,0xd7,0x1d,0xd7,0x3d,0xdf,0x1d,0xd7,0x3d,0xdf,0x3d,0xdf,
    0x3d,0xdf,0x3d,0xdf,0x3d,0xdf,0x3d,0xdf,0x3d,0xdf,0x3d,0xdf,0x3d,0xd7,0x3d,0xd7,0x3d,0xdf,0x3d,0xd7,0x3d,0xdf,0x5d,0xdf,
    0x3d,0xdf,0x5e,0xdf,0x3d,0xdf,0x3d,0xdf,0x3d,0xdf,0x3d,0xdf,0x3d,0xdf,0x3d,0xdf,0x3d,0xdf,0x3d,0xdf,0x3d,0xdf,0x5d,0xdf,
    0x3e,0xe7,0x5d,0xdf,0x5d,0xe7,0x3d,0xdf,0x5d,0xe7,0x5d,0xdf,0x7d,0xe7,0x5d,0xe7,0x7d,0xe7,0x5d,0xe7,0x7e,0xe7,0x5d,0xdf,
    0x7e,0xe7,0x7d,0xdf,0x5d,0xdf,0x5d,0xdf,0x3d,0xdf,0x3d,0xd7,0x1e,0xd7,0x1d,0xd7,0xfd,0xce,0xfd,0xce,0xdc,0xce,0xdd,0xc6,
    0xdd,0xc6,0xbd,0xc6,0xdd,0xc6,0xbd,0xc6,0xbd,0xc6,0xbd,0xc6,0xdd,0xbe,0xdd,0xc6,0xdd,0xc6,0xbd,0xbe,0xdd,0xc6,0xdd,0xc6,
    0xdd,0xc6,0xdd,0xc6,0xdd,0xc6,0xdd,0xc6,0xdd,0xc6,0xfe,0xce,0xfe,0xce,0xdd,0xc6,0xde,0xc6,0xbd,0xbe,0x7e,0xa6,0x1d,0x8e,
    0xfd,0x85,0xfe,0x7d,0xfe,0x7d,0xff,0x75,0x1e,0x7e,0xfe,0x7d,0xfe,0x75,0x1e,0x7e,0xfe,0x75,0xfe,0x7d,0x1e,0x7e,0xfe,0x75,
    0xfe,0x7d,0xfe,0x7d,0xfe,0x7d,0x9f,0xa6,0x1e,0xcf,0x1e,0xcf,0x1e,0xd7,0x3e,0xd7,0xbc,0xbe,0xdd,0xbe,0xbc,0xbe,0xbd,0xbe,
    0xbc,0xbe,0xbc,0xbe,0xdc,0xbe,0xbc,0xbe,0xbc,0xbe,0xdc,0xbe,0xbc,0xbe,0xdd,0xbe,0xbc,0xbe,0xbd,0xbe,0x9c,0xbe,0x9c,0xb6,
    0x7d,0xae,0x7d,0xae,0x5c,0xa6,0x5d,0x9e,0x1c,0x9e,0x1d,0x96,0x1c,0x96,0x1d,0x96,0x1d,0x96,0x1d,0x96,0x1d,0x8e,0x1d,0x8e,
    0x1d,0x86,0x1d,0x8e,0x1e,0x86,0x1d,0x86,0x1d,0x86,0xfe,0x85,0x1d,0x86,0x1e,0x86,0xfd,0x85,0x1e,0x86,0x1d,0x86,0x1e,0x86,
    0x1d,0x86,0x1c,0x8e,0x3d,0x9e,0x9d,0xae,0xdd,0xc6,0xdd,0xce,0x1d,0xcf,0x1d,0xd7,0x3d,0xd7,0x3d,0xd7,0x3d,0xdf,0x3e,0xd7,
    0x3d,0xdf,0x1d,0xd7,0x1d,0xd7,0x1d,0xd7,0x1d,0xd7,0x1d,0xd7,0x1d,0xd7,0x1d,0xd7,0x3d,0xd7,0x1d,0xd7,0x3e,0xd7,0x1d,0xd7,
    0x3e,0xdf,0x1d,0xd7,0x1d,0xd7,0x1d,0xd7,0xfd,0xce,0x1c,0xd7,0xfd,0xce,0xfc,0xd6,0x1d,0xd7,0x1d,0xd7,0x1d,0xd7,0x1d,0xd7,
    0x1d,0xd7,0x3d,0xdf,0x1d,0xd7,0x1d,0xd7,0x3d,0xdf,0x3d,0xd7,0x3d,0xdf,0x3d,0xdf,0x3d,0xd7,0x3d,0xdf,0x3d,0xd7,0x3d,0xdf,
    0x3d,0xd7,0x3e,0xdf,0x3d,0xdf,0x3d,0xdf,0x3d,0xdf,0x3d,0xdf,0x3e,0xdf,0x3d,0xdf,0x5d,0xdf,0x5d,0xdf,0x5d,0xe7,0x5e,0xdf,
    0x5d,0xdf,0x5d,0xe7,0x5e,0xe7,0x5e,0xe7,0x7d,0xdf,0x5e,0xe7,0x5e,0xe7,0x5d,0xe7,0x5d,0xe7,0x5e,0xe7,0x5d,0xe7,0x7d,0xe7,
    0x7e,0xe7,0x7d,0xe7,0x5e,0xe7,0x5d,0xe7,0x7d,0xe7,0x5e,0xe7,0x5d,0xdf,0x5d,0xdf,0x3d,0xdf,0x3d,0xd7,0x3d,0xdf,0x1d,0xd7,
    0x1d,0xd7,0xfd,0xce,0xfd,0xce,0xdc,0xc6,0xdd,0xc6,0xdd,0xce,0xdd,0xc6,0xdd,0xc6,0xdd,0xc6,0xbd,0xc6,0xdd,0xce,0xdd,0xc6,
    0xdd,0xce,0xdd,0xce,0xdd,0xce,0xdd,0xc6,0xdd,0xce,0xdd,0xce,0xdd,0xce,0xfd,0xce,0xdd,0xce,0xfd,0xce,0xfd,0xce,0xfd,0xce,
    0xdd,0xc6,0xbd,0xbe,0x9e,0xb6,0x3d,0x96,0x1d,0x8e,0xfe,0x7d,0x1e,0x7e,0xfe,0x7d,0xfe,0x7d,0xfe,0x7d,0x1e,0x7e,0xfe,0x7d,
    0x1e,0x7e,0xfe,0x7d,0x1f,0x7e,0x1e,0x7e,0xfe,0x7d,0xff,0x7d,0xfe,0x7d,0x7d,0xa6,0xfe,0xce,0x3e,0xcf,0x3f,0xd7,0x5f,0xdf,
    0xbc,0xbe,0xbc,0xbe,0xdc,0xbe,0xbc,0xbe,0xdd,0xbe,0xbc,0xbe,0xbc,0xbe,0xdc,0xbe,0xbd,0xbe,0xdc,0xbe,0xbc,0xbe,0xbc,0xbe,
    0xbd,0xbe,0xbc,0xbe,0x9d,0xbe,0x9c,0xb6,0x9c,0xb6,0x7d,0xae,0x7c,0xae,0x5d,0x9e,0x1d,0x9e,0x3c,0x96,0x1d,0x9e,0xfc,0x8d,
    0x1d,0x96,0x1c,0x8e,0x1d,0x8e,0x1d,0x8e,0x1e,0x86,0x1d,0x8e,0x1d,0x86,0xfd,0x85,0x1e,0x86,0x1d,0x86,0xfe,0x85,0x1d,0x86,
    0x1d,0x7e,0x1e,0x86,0xfd,0x85,0x1d,0x8e,0x3e,0x86,0x1d,0x8e,0x1d,0x8e,0x5d,0x9e,0x9d,0xb6,0xdd,0xc6,0xfd,0xc6,0xfd,0xce,
    0xfd,0xd6,0x1d,0xd7,0x3d,0xd7,0x1d,0xd7,0x3d,0xd7,0x1d,0xd7,0x1d,0xd7,0x1d,0xd7,0x1d,0xd7,0x1d,0xd7,0x1d,0xd7,0x1d,0xd7,
    0x3d,0xd7,0x1d,0xd7,0x1d,0xd7,0x1d,0xd7,0x1d,0xd7,0x1d,0xd7,0x1c,0xcf,0xfd,0xd6,0x1c,0xd7,0xfd,0xce,0x1d,0xd7,0xfc,0xce,
    0x1d,0xd7,0x1c,0xcf,0xfd,0xd6,0x1d,0xcf,0x1c,0xd7,0x1d,0xd7,0x1d,0xd7,0x1d,0xdf,0x1d,0xd7,0x1d,0xdf,0x3d,0xd7,0x1d,0xdf,
    0x1d,0xd7,0x1d,0xdf,0x3d,0xd7,0x3d,0xd7,0x3d,0xdf,0x3d,0xd7,0x3d,0xdf,0x3e,0xdf,0x3d,0xdf,0x3d,0xd7,0x3d,0xdf,0x3d,0xdf,
    0x5d,0xdf,0x5e,0xe7,0x5e,0xdf,0x5d,0xe7,0x5e,0xe7,0x7e,0xe7,0x7d,0xe7,0x7e,0xe7,0x7e,0xef,0x7e,0xe7,0x7d,0xe7,0x7e,0xe7,
    0x7e,0xe7,0x5d,0xdf,0x7d,0xe7,0x5d,0xe7,0x7d,0xe7,0x7d,0xe7,0x7e,0xdf,0x5d,0xe7,0x7e,0xdf,0x5d,0xe7,0x5d,0xdf,0x5d,0xdf,
    0x5d,0xdf,0x3d,0xdf,0x3d,0xd7,0x3d,0xd7,0x1d,0xd7,0x1c,0xd7,0xfd,0xce,0x1d,0xcf,0xfc,0xce,0xdd,0xc6,0xdd,0xce,0xdc,0xce,
    0xdd,0xc6,0xdc,0xce,0xdd,0xc6,0xdd,0xce,0xfd,0xce,0xdd,0xc6,0xfd,0xce,0xdd,0xce,0xfc,0xce,0xdd,0xce,0xfd,0xce,0xfd,0xce,
    0xfd,0xce,0xfd,0xce,0xfe,0xce,0xfd,0xce,0xdd,0xc6,0xbd,0xc6,0x9d,0xae,0x5d,0xa6,0x5e,0x96,0xfe,0x7d,0xfe,0x7d,0xfe,0x7d,
    0x1e,0x7e,0xfe,0x7d,0xfe,0x75,0xfe,0x7d,0xfe,0x7d,0xfe,0x7d,0xfe,0x7d,0x1e,0x7e,0xfe,0x7d,0x1e,0x7e,0xde,0x85,0x7e,0xa6,
    0x1e,0xcf,0x1e,0xd7,0x3e,0xd7,0x5e,0xdf,0xbc,0xbe,0xdc,0xc6,0xbd,0xbe,0xbc,0xc6,0xdc,0xbe,0xbc,0xbe,0xbc,0xbe,0xbc,0xc6,
    0xbc,0xbe,0xbc,0xc6,0xdc,0xbe,0xbc,0xbe,0xdc,0xbe,0xbc,0xbe,0xbc,0xbe,0xbd,0xbe,0xbd,0xbe,0x9c,0xb6,0x7c,0xae,0x7d,0xae,
    0x5d,0xa6,0x5d,0xa6,0x1d,0x96,0xfc,0x95,0x1d,0x96,0x3d,0x96,0x1d,0x96,0x1d,0x8e,0x1d,0x8e,0x1d,0x8e,0xfd,0x85,0x1d,0x86,
    0x1d,0x86,0x1e,0x86,0x1d,0x86,0x1e,0x86,0xfe,0x85,0x1d,0x86,0x1d,0x86,0x1d,0x86,0x1d,0x8e,0x3d,0x8e,0x1d,0x8e,0x1c,0x8e,
    0x3d,0x9e,0x7d,0xa6,0xbd,0xbe,0xfd,0xc6,0xfd,0xce,0x1d,0xd7,0x1e,0xd7,0x3e,0xd7,0x3d,0xd7,0x3d,0xd7,0x1d,0xd7,0x3d,0xd7,
    0x1d,0xcf,0x1d,0xd7,0x1d,0xd7,0x1d,0xd7,0x1d,0xd7,0x3d,0xd7,0x1d,0xd7,0x1d,0xd7,0x1d,0xd7,0x1c,0xcf,0xfd,0xd6,0xfc,0xce,
    0x1d,0xd7,0xfc,0xce,0xfc,0xd6,0xfd,0xce,0xfc,0xd6,0xfd,0xce,0x1c,0xd7,0xfd,0xd6,0x1d,0xd7,0x1d,0xd7,0x1d,0xd7,0x1d,0xd7,
    0x1d,0xd7,0x1d,0xd7,0x1d,0xd7,0x1d,0xd7,0x3d,0xdf,0x1d,0xd7,0x3d,0xdf,0x1d,0xd7,0x3d,0xd7,0x3d,0xdf,0x3d,0xd7,0x3d,0xdf,
    0x5e,0xdf,0x3d,0xdf,0x5e,0xdf,0x5e,0xe7,0x5d,0xe7,0x5e,0xe7,0x7d,0xe7,0x5d,0xdf,0x7d,0xe7,0x7e,0xe7,0x7e,0xef,0x9e,0xe7,
    0x7d,0xe7,0x7e,0xef,0x7e,0xe7,0x7d,0xe7,0x5d,0xe7,0x5d,0xe7,0x7e,0xe7,0x5d,0xe7,0x5e,0xe7,0x7d,0xe7,0x5d,0xe7,0x5d,0xe7,
    0x5d,0xe7,0x5d,0xe7,0x5d,0xe7,0x5d,0xdf,0x5d,0xdf,0x5e,0xdf,0x3d,0xdf,0x1d,0xd7,0x3d,0xd7,0x1d,0xd7,0x1d,0xd7,0xfd,0xce,
    0xfd,0xce,0xfc,0xce,0xfd,0xce,0xdc,0xce,0xfd,0xce,0xdc,0xce,0xdd,0xce,0xdc,0xce,0xfd,0xce,0xfd,0xce,0xdd,0xd6,0xfd,0xce,
    0xdd,0xce,0xdc,0xce,0xdd,0xce,0xfd,0xce,0xfd,0xce,0xfd,0xce,0xdd,0xce,0xfd,0xce,0xde,0xce,0xdd,0xbe,0xbd,0xbe,0x9e,0xae,
    0x3e,0x9e,0xfd,0x85,0x1d,0x86,0xfe,0x7d,0xfe,0x7d,0xfd,0x7d,0xfe,0x7d,0x1d,0x7e,0xfe,0x7d,0xfd,0x7d,0x1e,0x7e,0x1e,0x7e,
    0x1e,0x86,0xfe,0x7d,0x1e,0x8e,0xde,0xb6,0x1e,0xcf,0x3e,0xd7,0x5e,0xd7,0x5e,0xdf,0xbc,0xc6,0xbc,0xbe,0xdc,0xc6,0xbc,0xbe,
    0xbc,0xc6,0xbc,0xc6,0xbc,0xbe,0xbc,0xbe,0xbc,0xbe,0xbc,0xbe,0xbc,0xbe,0xdc,0xbe,0xbc,0xbe,0xbc,0xbe,0xbc,0xbe,0xbd,0xbe,
    0xbc,0xbe,0xbd,0xb6,0x7c,0xb6,0x7d,0xae,0x7d,0xae,0x5d,0xa6,0x5d,0x9e,0x3d,0x9e,0x3d,0x9e,0x5e,0x9e,0x5d,0x9e,0x3d,0x9e,
    0x1c,0x96,0x1d,0x8e,0x1d,0x8e,0x1d,0x8e,0x3d,0x86,0x1d,0x86,0x1e,0x8e,0x1d,0x86,0x1e,0x86,0x1d,0x86,0x1e,0x8e,0x1d,0x86,
    0x1d,0x8e,0x1d,0x86,0x1d,0x8e,0x1d,0x8e,0x1c,0x8e,0xfc,0x95,0x3c,0xa6,0x9d,0xbe,0xdd,0xc6,0xfe,0xce,0x1d,0xcf,0x1e,0xd7,
    0x1d,0xd7,0x1d,0xd7,0x3d,0xcf,0x1d,0xd7,0x3d,0xd7,0x1d,0xd7,0x1d,0xd7,0x1d,0xd7,0x1d,0xd7,0x1d,0xd7,0x1d,0xd7,0xfc,0xce,
    0x1d,0xd7,0xfd,0xd6,0x1d,0xcf,0xfc,0xd6,0xfd,0xce,0xfc,0xce,0xfd,0xd6,0xfc,0xce,0xfd,0xce,0xfc,0xd6,0xfd,0xce,0x1c,0xcf,
    0xfd,0xd6,0x1c,0xcf,0x1d,0xd7,0x1d,0xd7,0x1d,0xd7,0x1d,0xd7,0x1d,0xd7,0x1d,0xd7,0x1d,0xd7,0x1d,0xd7,0x3d,0xd7,0x3d,0xd7,
    0x1d,0xdf,0x3d,0xd7,0x3e,0xdf,0x3d,0xdf,0x5d,0xdf,0x5e,0xdf,0x5e,0xe7,0x7d,0xdf,0x5e,0xe7,0x7d,0xe7,0x5e,0xe7,0x7e,0xe7,
    0x5d,0xe7,0x7d,0xef,0x7d,0xe7,0x7e,0xef,0x7d,0xe7,0x7d,0xe7,0x7d,0xef,0x7e,0xe7,0x7d,0xef,0x5d,0xe7,0x5d,0xe7,0x7d,0xe7,
    0x5d,0xe7,0x7e,0xe7,0x5d,0xe7,0x7e,0xe7,0x7d,0xe7,0x5d,0xe7,0x5d,0xe7,0x7e,0xdf,0x5d,0xdf,0x3d,0xdf,0x3d,0xdf,0x3d,0xdf,
    0x3d,0xd7,0x1d,0xd7,0x1d,0xd7,0x1c,0xd7,0xfd,0xd6,0xfd,0xce,0xfc,0xce,0xdc,0xce,0xdc,0xce,0xfd,0xce,0xdc,0xce,0xdd,0xce,
    0xfd,0xce,0xfd,0xd6,0xfd,0xce,0xfc,0xce,0xfd,0xd6,0xdd,0xce,0xdc,0xce,0xdd,0xce,0xfd,0xce,0xfd,0xd6,0xfd,0xce,0xfd,0xce,
    0xfd,0xce,0xbd,0xc6,0x9e,0xb6,0x7e,0xae,0x3d,0x9e,0x1d,0x86,0xfd,0x85,0xfe,0x7d,0x1e,0x7e,0x1e,0x7e,0x1e,0x86,0x1e,0x86,
    0x1e,0x86,0x1d,0x86,0x1e,0x86,0x1e,0x86,0x1e,0x86,0xfe,0x7d,0x3d,0x8e,0xde,0xc6,0x3e,0xd7,0x3e,0xd7,0x5e,0xd7,0x5e,0xdf,
    0xdc,0xc6,0xbc,0xbe,0xbc,0xc6,0xdc,0xc6,0xbc,0xbe,0xdc,0xbe,0xdc,0xc6,0xbc,0xc6,0xbc,0xc6,0xbc,0xbe,0xbc,0xc6,0xbc,0xbe,
    0xbc,0xc6,0xbc,0xbe,0xbc,0xbe,0xbd,0xbe,0xbc,0xbe,0xbd,0xbe,0xbc,0xbe,0x9d,0xb6,0x7c,0xae,0x5d,0xa6,0x3d,0xa6,0x3d,0x9e,
    0x5d,0x9e,0x5e,0xa6,0x7e,0xa6,0x7e,0xa6,0x3d,0x9e,0x1c,0x96,0x1d,0x8e,0x1c,0x8e,0xfd,0x8d,0x1d,0x8e,0x1e,0x86,0x1d,0x8e,
    0x1e,0x86,0x1d,0x8e,0x1d,0x86,0x1d,0x8e,0x1e,0x8e,0x1d,0x8e,0x1d,0x8e,0x1d,0x8e,0x1d,0x8e,0x1c,0x96,0x5d,0x9e,0x7d,0xae,
    0x9d,0xbe,0xdd,0xc6,0xfe,0xce,0xfd,0xce,0x1d,0xcf,0x1d,0xd7,0x1d,0xcf,0x1d,0xd7,0x3d,0xd7,0x1d,0xcf,0x1d,0xd7,0x1d,0xd7,
    0x1d,0xcf,0x1c,0xd7,0xfd,0xce,0x1d,0xd7,0xfc,0xce,0x1d,0xd7,0xfc,0xce,0xfc,0xce,0xfc,0xd6,0xfd,0xce,0xfc,0xce,0xfc,0xd6,
    0xfd,0xce,0xfc,0xce,0xfd,0xd6,0xfc,0xce,0xfd,0xd6,0xfd,0xd6,0x1c,0xcf,0x1d,0xd7,0x1d,0xd7,0xfc,0xd6,0x1d,0xd7,0x1d,0xd7,
    0x1d,0xd7,0x1d,0xd7,0x1d,0xd7,0x1d,0xdf,0x3d,0xd7,0x3d,0xd7,0x5d,0xdf,0x3d,0xdf,0x3e,0xdf,0x5d,0xdf,0x5e,0xdf,0x5d,0xe7,
    0x5e,0xe7,0x7d,0xe7,0x7e,0xe7,0x7d,0xe7,0x5e,0xe7,0x7d,0xe7,0x7e,0xef,0x7d,0xe7,0x7e,0xef,0x7e,0xe7,0x5d,0xe7,0x7e,0xe7,
    0x5d,0xe7,0x7e,0xe7,0x5d,0xe7,0x7e,0xe7,0x5d,0xe7,0x7d,0xe7,0x5d,0xef,0x7e,0xe7,0x5d,0xe7,0x7e,0xe7,0x5d,0xe7,0x5d,0xe7,
    0x5d,0xdf,0x5d,0xdf,0x3d,0xdf,0x3d,0xdf,0x3d,0xd7,0x3d,0xd7,0x1d,0xd7,0x1d,0xd7,0x1d,0xd7,0xfd,0xce,0xfd,0xd6,0xfc,0xce,
    0xfd,0xce,0xdc,0xce,0xdd,0xce,0xdc,0xce,0xfd,0xce,0xfd,0xd6,0xfd,0xd6,0xfd,0xce,0xfd,0xce,0xfd,0xce,0xfd,0xce,0xdd,0xce,
    0xdd,0xd6,0xfd,0xce,0xfd,0xd6,0xfd,0xce,0xde,0xce,0xdd,0xc6,0x9d,0xb6,0x7d,0xae,0x5d,0x9e,0xfd,0x8d,0xfd,0x85,0xfe,0x7d,
    0xfe,0x85,0xfe,0x7d,0x3e,0x8e,0x7f,0x8e,0x5e,0x8e,0x3e,0x8e,0x3e,0x8e,0x1e,0x86,0xfe,0x85,0xfd,0x85,0x5e,0x9e,0xde,0xbe,
    0x1e,0xd7,0x3e,0xd7,0x5e,0xd7,0x5e,0xdf,0xdc,0xc6,0xdc,0xc6,0xdc,0xbe,0xbc,0xc6,0xdc,0xc6,0xbc,0xc6,0xbc,0xc6,0xdc,0xc6,
    0xbc,0xc6,0xdc,0xc6,0xbc,0xbe,0xbc,0xc6,0xbc,0xbe,0xbd,0xc6,0xbc,0xc6,0xbc,0xc6,0xbd,0xbe,0xbc,0xbe,0xbd,0xbe,0x9c,0xb6,
    0x9d,0xb6,0x7c,0xae,0x3c,0xa6,0x3d,0xa6,0x5d,0xa6,0x5d,0xa6,0x7d,0xa6,0x7d,0xa6,0x3d,0x9e,0x3d,0x9e,0x5d,0x9e,0x3d,0x96,
    0x1c,0x8e,0x1d,0x8e,0x1e,0x8e,0x1d,0x8e,0x1e,0x8e,0x1d,0x8e,0x1e,0x8e,0x1d,0x86,0x3d,0x8e,0x1d,0x8e,0x1d,0x8e,0x1d,0x8e,
    0x1c,0x8e,0x1d,0x96,0x3d,0x9e,0x3c,0xa6,0x7d,0xb6,0x9d,0xbe,0xdd,0xc6,0xdd,0xc6,0xfd,0xce,0xfd,0xce,0xfd,0xce,0x1d,0xcf,
    0xfd,0xce,0xfd,0xd6,0xfc,0xce,0xfc,0xce,0xfd,0xd6,0xfc,0xce,0xfc,0xd6,0xfd,0xce,0xfc,0xd6,0xfc,0xce,0xfd,0xd6,0xfd,0xce,
    0xfc,0xce,0xdc,0xce,0xfc,0xce,0xdc,0xce,0xfc,0xce,0xdc,0xce,0xfd,0xd6,0xfc,0xce,0x1d,0xcf,0xfc,0xd6,0xfd,0xd6,0x1c,0xcf,
    0xfd,0xd6,0x1d,0xd7,0xfd,0xd6,0xfd,0xd6,0x1d,0xd7,0xfd,0xd6,0x1d,0xd7,0x3d,0xd7,0x3d,0xdf,0x3e,0xdf,0x3d,0xdf,0x3d,0xdf,
    0x3d,0xdf,0x3d,0xdf,0x5e,0xdf,0x5d,0xdf,0x5d,0xe7,0x7e,0xe7,0x5e,0xe7,0x7e,0xe7,0x7d,0xef,0x7e,0xe7,0x7d,0xe7,0x7e,0xe7,
    0x7d,0xe7,0x7d,0xef,0x7e,0xe7,0x7d,0xef,0x7e,0xe7,0x7d,0xef,0x7e,0xe7,0x7d,0xef,0x7e,0xe7,0x7d,0xef,0x7e,0xe7,0x7d,0xef,
    0x7e,0xe7,0x5d,0xe7,0x5d,0xe7,0x5d,0xdf,0x5d,0xdf,0x5d,0xdf,0x3d,0xdf,0x3e,0xdf,0x3d,0xdf,0x3d,0xd7,0x3d,0xd7,0x1d,0xd7,
    0x1d,0xd7,0xfd,0xd6,0xfd,0xce,0xfc,0xce,0xfd,0xd6,0xdd,0xce,0xfd,0xce,0xdd,0xce,0xfd,0xd6,0xfd,0xce,0xfd,0xce,0xfd,0xd6,
    0xfd,0xd6,0xdd,0xce,0xfc,0xd6,0xfd,0xce,0xfd,0xce,0xdd,0xce,0xfd,0xce,0xdd,0xce,0xdd,0xce,0xdd,0xc6,0x9d,0xb6,0x7d,0xae,
    0x3d,0x9e,0x1d,0x8e,0x1d,0x8e,0x1e,0x86,0x1e,0x86,0x1e,0x86,0x3e,0x8e,0x5f,0x96,0x5e,0x96,0x5f,0x96,0x5e,0x96,0x3e,0x96,
    0x3d,0x96,0x7e,0x9e,0xbe,0xb6,0xfe,0xc6,0x1e,0xcf,0x3e,0xd7,0x5e,0xd7,0x3e,0xdf,0xbc,0xc6,0xdc,0xbe,0xbc,0xc6,0xdc,0xc6,
    0xdc,0xbe,0xbc,0xc6,0xdc,0xc6,0xbc,0xc6,0xdc,0xc6,0xbc,0xc6,0xdc,0xc6,0xbd,0xbe,0xbc,0xc6,0xdc,0xbe,0xbc,0xc6,0xbc,0xc6,
    0xbc,0xbe,0xbc,0xbe,0xbd,0xbe,0xbd,0xbe,0x9d,0xb6,0x7d,0xb6,0x5d,0xa6,0x5c,0xa6,0x3d,0xa6,0x5d,0xa6,0x5d,0xa6,0x5d,0xa6,
    0x7d,0xae,0x5d,0xa6,0x7e,0xa6,0x7e,0xa6,0x1c,0x96,0x1d,0x8e,0x1e,0x8e,0x3d,0x8e,0x1e,0x8e,0x3d,0x8e,0x1e,0x8e,0x3d,0x8e,
    0x1e,0x96,0x1d,0x8e,0x3d,0x96,0x5e,0x9e,0x3d,0x96,0xfc,0x8d,0xfc,0x95,0x3c,0xa6,0x5d,0xa6,0x9d,0xb6,0xbc,0xbe,0xbc,0xc6,
    0xdc,0xce,0xdc,0xce,0xdd,0xce,0xdc,0xce,0xdd,0xce,0xfc,0xce,0xfc,0xce,0xfd,0xd6,0xfc,0xce,0xfc,0xce,0xfc,0xce,0xdc,0xce,
    0xfd,0xce,0xfc,0xce,0xfc,0xd6,0xfd,0xce,0xfc,0xd6,0xfd,0xce,0xdc,0xce,0xfd,0xd6,0xfc,0xce,0xfc,0xce,0xfc,0xce,0xfc,0xce,
    0xfc,0xd6,0xfc,0xce,0xfd,0xce,0xfc,0xd6,0xfd,0xce,0xfc,0xd6,0x1d,0xcf,0xfc,0xd6,0x1d,0xd7,0x1d,0xd7,0x1c,0xd7,0x3d,0xd7,
    0x1d,0xd7,0x3d,0xd7,0x3d,0xd7,0x3d,0xdf,0x3e,0xdf,0x3d,0xdf,0x5e,0xdf,0x5d,0xdf,0x5d,0xe7,0x5d,0xe7,0x7e,0xe7,0x7d,0xe7,
    0x7e,0xe7,0x7d,0xe7,0x5e,0xef,0x7d,0xe7,0x7e,0xef,0x5d,0xe7,0x7e,0xe7,0x7d,0xef,0x5d,0xe7,0x7e,0xe7,0x7d,0xef,0x5d,0xe7,
    0x7e,0xe7,0x7d,0xe7,0x7e,0xe7,0x5d,0xe7,0x7d,0xef,0x7d,0xe7,0x5d,0xe7,0x5d,0xe7,0x5d,0xdf,0x5d,0xdf,0x3d,0xdf,0x5d,0xdf,
    0x3e,0xd7,0x3d,0xdf,0x3d,0xd7,0x1e,0xd7,0x1d,0xd7,0x1d,0xcf,0xfd,0xd6,0xfc,0xce,0xfd,0xce,0xdc,0xce,0xfc,0xd6,0xdd,0xce,
    0xfc,0xce,0xfd,0xd6,0xfd,0xd6,0xfd,0xce,0xfd,0xce,0xdd,0xd6,0xfd,0xce,0xdd,0xce,0xfd,0xd6,0xdd,0xce,0xfd,0xd6,0xfd,0xce,
    0xdc,0xc6,0xdd,0xc6,0xbd,0xbe,0x9d,0xae,0x7d,0xa6,0x5e,0x96,0x1e,0x8e,0x3e,0x86,0x1e,0x86,0x1d,0x86,0x1e,0x8e,0x1d,0x8e,
    0x1d,0x8e,0xfd,0x8d,0x3d,0x96,0x5d,0x9e,0x5d,0x9e,0x7d,0xae,0xbe,0xb6,0xfe,0xc6,0xfe,0xce,0x3e,0xcf,0x3d,0xd7,0x3e,0xd7,
    0xdc,0xc6,0xbc,0xc6,0xdc,0xc6,0xbc,0xc6,0xdc,0xc6,0xbc,0xc6,0xdc,0xc6,0xdc,0xc6,0xdc,0xc6,0xdc,0xc6,0xdc,0xc6,0xdc,0xc6,
    0xbc,0xc6,0xbc,0xc6,0xdc,0xc6,0xdc,0xc6,0xbc,0xbe,0xbc,0xc6,0xbc,0xbe,0xbc,0xbe,0xbd,0xbe,0x9c,0xb6,0x7c,0xb6,0x5c,0xae,
    0x7d,0xae,0x5c,0xae,0x5d,0xa6,0x7d,0xae,0x9e,0xae,0x7d,0xa6,0x9d,0xa6,0x9e,0xa6,0x5d,0x9e,0x3d,0x96,0x3d,0x8e,0x1d,0x8e,
    0x3d,0x8e,0x1e,0x8e,0x3d,0x8e,0x1e,0x96,0x1d,0x8e,0x3d,0x96,0x5e,0x9e,0x7d,0xa6,0x7d,0x9e,0x5d,0x9e,0x3c,0x9e,0x1c,0x9e,
    0x5d,0xae,0x9d,0xb6,0x9d,0xbe,0xbc,0xbe,0xbc,0xbe,0xbc,0xc6,0xbc,0xc6,0xdc,0xc6,0xdc,0xc6,0xdc,0xce,0xdd,0xce,0xdc,0xce,
    0xdd,0xce,0xdc,0xce,0xdd,0xce,0xdc,0xce,0xfc,0xce,0xdd,0xce,0xfc,0xce,0xfc,0xce,0xfd,0xd6,0xfc,0xce,0xdc,0xce,0xfc,0xce,
    0xdc,0xce,0xfd,0xce,0xdc,0xce,0xdc,0xce,0xdd,0xce,0xfc,0xce,0xdc,0xce,0xfc,0xce,0xfc,0xce,0xfd,0xd6,0xfc,0xce,0x1d,0xd7,
    0xfc,0xce,0x1d,0xd7,0x1d,0xd7,0x1d,0xd7,0x1d,0xd7,0x3d,0xd7,0x3d,0xd7,0x3d,0xd7,0x3d,0xd7,0x3d,0xdf,0x5d,0xdf,0x3d,0xdf,
    0x5d,0xdf,0x5e,0xdf,0x5d,0xe7,0x5d,0xe7,0x5e,0xe7,0x7d,0xe7,0x5e,0xe7,0x7d,0xe7,0x5e,0xe7,0x7d,0xe7,0x5d,0xe7,0x7d,0xe7,
    0x7e,0xe7,0x7d,0xe7,0x7d,0xe7,0x7e,0xe7,0x7d,0xe7,0x5d,0xe7,0x7d,0xe7,0x7e,0xe7,0x7d,0xe7,0x5d,0xe7,0x5d,0xe7,0x5d,0xdf,
    0x5d,0xe7,0x5e,0xdf,0x3d,0xdf,0x3d,0xdf,0x3d,0xdf,0x3d,0xd7,0x1d,0xd7,0x1d,0xd7,0xfd,0xce,0xfd,0xd6,0xfd,0xce,0xdd,0xce,
    0xfd,0xd6,0xfd,0xce,0xdc,0xce,0xdd,0xce,0xfd,0xce,0xdd,0xce,0xfd,0xce,0xfd,0xce,0xfd,0xce,0xfd,0xce,0xdd,0xce,0xfc,0xce,
    0xdd,0xce,0xfd,0xce,0xdd,0xce,0xdd,0xce,0xdd,0xc6,0xdd,0xc6,0xbd,0xbe,0x7d,0xae,0x7d,0xa6,0x5d,0x96,0x3d,0x96,0x3e,0x8e,
    0x1d,0x86,0xfe,0x85,0xfe,0x85,0xfd,0x85,0x1d,0x8e,0x3d,0x96,0x5d,0xa6,0x9e,0xae,0x9e,0xb6,0xbd,0xb6,0xdd,0xbe,0xfd,0xc6,
    0x1e,0xcf,0x3e,0xd7,0x3e,0xd7,0x5e,0xdf,0xdc,0xc6,0xbc,0xc6,0xdc,0xc6,0xdc,0xc6,0xbc,0xc6,0xdc,0xce,0xdc,0xc6,0xdc,0xce,
    0xdc,0xc6,0xdc,0xce,0xdd,0xc6,0xdc,0xc6,0xdd,0xc6,0xdc,0xc6,0xdd,0xc6,0xdc,0xc6,0xdc,0xc6,0xbc,0xc6,0xdc,0xc6,0xbd,0xbe,
    0xbd,0xbe,0xbd,0xbe,0x9c,0xb6,0x7c,0xb6,0x7d,0xb6,0x7d,0xae,0x9d,0xb6,0x9d,0xae,0x7d,0xae,0x7d,0xae,0x9d,0xae,0x9e,0xae,
    0xbe,0xae,0x7d,0x9e,0x3d,0x96,0x1d,0x8e,0x3d,0x96,0x1d,0x8e,0x1d,0x96,0x3d,0x8e,0x3d,0x96,0x3d,0x96,0x5d,0x9e,0x7d,0xa6,
    0x9e,0xae,0x9e,0xae,0x9e,0xae,0x3c,0x9e,0x5d,0xae,0x9d,0xb6,0x9d,0xb6,0xbd,0xbe,0xbc,0xbe,0xbc,0xc6,0xbd,0xc6,0xdc,0xc6,
    0xbc,0xc6,0xdc,0xc6,0xbc,0xc6,0xbc,0xce,0xdc,0xce,0xbd,0xce,0xdc,0xce,0xdc,0xce,0xdc,0xce,0xdc,0xce,0xdd,0xce,0xfc,0xce,
    0xdc,0xce,0xdc,0xce,0xfc,0xce,0xdc,0xce,0xdc,0xce,0xdc,0xce,0xdc,0xce,0xfc,0xce,0xfc,0xce,0xdc,0xce,0xfc,0xd6,0xfd,0xce,
    0xfc,0xce,0xfd,0xd6,0xfc,0xce,0xfd,0xce,0xfc,0xd6,0x1d,0xd7,0x1d,0xd7,0x1d,0xd7,0x1d,0xd7,0x1d,0xd7,0x1d,0xd7,0x3d,0xdf,
    0x1d,0xd7,0x3d,0xd7,0x3e,0xdf,0x3d,0xdf,0x5d,0xdf,0x5d,0xe7,0x5d,0xe7,0x5e,0xdf,0x7d,0xe7,0x5e,0xe7,0x5d,0xe7,0x7e,0xe7,
    0x5d,0xe7,0x7d,0xe7,0x7d,0xe7,0x7e,0xe7,0x5d,0xe7,0x7d,0xe7,0x7d,0xe7,0x5d,0xe7,0x7d,0xe7,0x7e,0xe7,0x7d,0xe7,0x7d,0xe7,
    0x7e,0xe7,0x5d,0xe7,0x5d,0xdf,0x5d,0xdf,0x5d,0xe7,0x5d,0xdf,0x3e,0xdf,0x3d,0xdf,0x3e,0xdf,0x3d,0xdf,0x1d,0xd7,0x1d,0xd7,
    0xfd,0xd6,0xfd,0xce,0xfd,0xd6,0xdc,0xce,0xfd,0xce,0xdc,0xd6,0xfd,0xce,0xdc,0xce,0xdd,0xce,0xfd,0xce,0xdd,0xce,0xfd,0xce,
    0xdc,0xce,0xdd,0xc6,0xfc,0xce,0xdd,0xc6,0xfd,0xce,0xdc,0xce,0xfd,0xc6,0xdc,0xce,0xdd,0xc6,0xdd,0xc6,0xbc,0xb6,0x5d,0xae,
    0x5d,0xa6,0x5e,0x9e,0x5d,0x96,0x3e,0x8e,0x1d,0x86,0x1e,0x86,0x1e,0x8e,0x5e,0x96,0x9e,0xae,0x9e,0xae,0x5d,0xae,0xbe,0xb6,
    0xfe,0xbe,0xde,0xc6,0xfd,0xc6,0xfe,0xce,0x1e,0xd7,0x3e,0xd7,0x5e,0xdf,0x5e,0xd7,0xdc,0xc6,0xdc,0xc6,0xbc,0xc6,0xdd,0xce,
    0xdc,0xc6,0xdc,0xce,0xdc,0xce,0xdc,0xc6,0xbc,0xce,0xdc,0xc6,0xdc,0xce,0xdc,0xc6,0xdc,0xce,0xdc,0xce,0xdc,0xc6,0xbd,0xc6,
    0xdc,0xc6,0xdc,0xc6,0xbc,0xc6,0xdc,0xc6,0xdd,0xc6,0xdd,0xbe,0x9c,0xbe,0xbd,0xb6,0xbd,0xb6,0x9d,0xb6,0x9d,0xae,0x7d,0xae,
    0x7c,0xae,0x7d,0xa6,0x7d,0xae,0x7d,0xa6,0x5d,0xa6,0x3c,0x9e,0x3c,0x96,0x3c,0x9e,0x5d,0xa6,0x5d,0xa6,0x7d,0xa6,0x7d,0xae,
    0x7d,0xa6,0x5d,0xa6,0x5c,0xa6,0x7d,0xae,0x7d,0xae,0xbe,0xb6,0xbd,0xb6,0x3c,0xa6,0x5c,0xae,0x7d,0xae,0x9d,0xb6,0xbd,0xbe,
    0xbd,0xbe,0xbc,0xbe,0xdc,0xbe,0xbc,0xc6,0xdc,0xc6,0xbc,0xc6,0xdc,0xc6,0xbc,0xc6,0xbc,0xce,0xbc,0xc6,0xdc,0xce,0xbc,0xc6,
    0xdc,0xce,0xdc,0xce,0xdc,0xce,0xdc,0xce,0xdc,0xce,0xdc,0xce,0xdc,0xce,0xdc,0xce,0xdc,0xce,0xdc,0xce,0xfc,0xce,0xdc,0xce,
    0xdc,0xce,0xfc,0xce,0xdc,0xce,0xfc,0xce,0xdc,0xce,0xfc,0xce,0xfd,0xd6,0xfc,0xce,0xfc,0xce,0xfd,0xce,0xfc,0xce,0xfc,0xd6,
    0x1d,0xcf,0xfd,0xd6,0x1c,0xd7,0x1d,0xd7,0x1d,0xd7,0x1d,0xd7,0x3d,0xd7,0x3d,0xdf,0x5d,0xdf,0x5d,0xdf,0x5d,0xdf,0x5e,0xe7,
    0x5d,0xe7,0x5d,0xdf,0x5d,0xe7,0x5d,0xe7,0x7e,0xe7,0x5d,0xdf,0x5d,0xe7,0x7d,0xe7,0x7d,0xe7,0x7e,0xe7,0x5d,0xe7,0x7e,0xe7,
    0x7d,0xe7,0x7d,0xe7,0x5d,0xe7,0x5d,0xe7,0x7d,0xe7,0x5d,0xe7,0x5d,0xe7,0x5d,0xdf,0x3d,0xdf,0x5d,0xdf,0x3d,0xdf,0x5d,0xdf,
    0x3d,0xdf,0x3d,0xd7,0x1d,0xd7,0x1d,0xd7,0xfd,0xce,0xfd,0xd6,0xfd,0xce,0xdd,0xce,0xdd,0xce,0xfd,0xce,0xfc,0xce,0xdd,0xce,
    0xdc,0xce,0xdd,0xce,0xdc,0xc6,0xdd,0xc6,0xdd,0xc6,0xdc,0xc6,0xdd,0xce,0xdd,0xc6,0xdd,0xc6,0xdd,0xce,0xdd,0xc6,0xdd,0xce,
    0xdd,0xc6,0xbd,0xc6,0xbd,0xb6,0x7d,0xae,0x7e,0xa6,0x5d,0x9e,0x5e,0x96,0x3e,0x96,0x1e,0x8e,0x1d,0x86,0x3e,0x8e,0x9e,0xa6,
    0xdf,0xb6,0xbe,0xb6,0xbe,0xbe,0xdd,0xbe,0xde,0xc6,0xfd,0xc6,0x1e,0xcf,0x1e,0xd7,0x3f,0xd7,0x5e,0xd7,0x5e,0xdf,0x5e,0xdf,
    0xbc,0xce,0xdd,0xc6,0xdc,0xce,0xdc,0xc6,0xdd,0xce,0xdc,0xce,0xdc,0xce,0xdd,0xce,0xdc,0xce,0xdc,0xce,0xdc,0xc6,0xdd,0xce,
    0xdc,0xc6,0xdc,0xce,0xbc,0xc6,0xdc,0xce,0xdd,0xc6,0xbc,0xc6,0xdd,0xc6,0xdc,0xc6,0xdc,0xc6,0xdd,0xbe,0xbc,0xbe,0xbd,0xbe,
    0xbd,0xbe,0x9c,0xb6,0x7c,0xb6,0x7c,0xae,0x7c,0xae,0x5c,0xae,0x7c,0xae,0x5d,0xae,0x3c,0xa6,0x3c,0xa6,0x7d,0xae,0xbe,0xbe,
    0xde,0xbe,0xfe,0xc6,0xde,0xc6,0xfe,0xc6,0xdd,0xbe,0x9d,0xb6,0x5c,0xae,0x7d,0xb6,0xbd,0xb6,0xbd,0xbe,0xbd,0xb6,0x7d,0xae,
    0x5c,0xae,0x5c,0xae,0x7c,0xae,0xbd,0xb6,0xbd,0xbe,0xbd,0xbe,0xbc,0xbe,0xbc,0xc6,0xbd,0xc6,0xdc,0xc6,0xbc,0xc6,0xdc,0xc6,
    0xbc,0xc6,0xbc,0xce,0xbc,0xc6,0xbc,0xce,0xdc,0xce,0xbc,0xc6,0xdc,0xce,0xdc,0xce,0xdc,0xce,0xdc,0xce,0xdc,0xce,0xdc,0xce,
    0xdc,0xce,0xdc,0xce,0xdc,0xce,0xdc,0xce,0xdc,0xce,0xdc,0xce,0xdc,0xce,0xdc,0xce,0xfd,0xce,0xdc,0xce,0xfc,0xce,0xfc,0xd6,
    0xfd,0xce,0xfc,0xd6,0xfd,0xce,0xfc,0xce,0xfd,0xd6,0x1c,0xcf,0xfd,0xd6,0x1c,0xd7,0x1d,0xd7,0x1c,0xd7,0x3d,0xd7,0x3d,0xd7,
    0x1d,0xdf,0x3d,0xdf,0x3e,0xdf,0x5d,0xdf,0x3d,0xe7,0x5d,0xdf,0x3d,0xe7,0x5d,0xdf,0x5d,0xe7,0x5d,0xe7,0x7d,0xe7,0x5d,0xdf,
    0x5d,0xe7,0x5d,0xdf,0x5d,0xe7,0x5d,0xdf,0x5d,0xe7,0x5d,0xe7,0x5d,0xdf,0x5d,0xe7,0x5d,0xdf,0x5d,0xdf,0x5d,0xe7,0x5d,0xdf,
    0x3d,0xdf,0x5d,0xe7,0x3e,0xdf,0x3d,0xdf,0x3d,0xdf,0x1d,0xdf,0x1d,0xd7,0x1d,0xd7,0xfd,0xce,0xfd,0xce,0xdc,0xce,0xdc,0xce,
    0xdc,0xce,0xdd,0xce,0xdc,0xc6,0xdd,0xc6,0xdd,0xc6,0xbd,0xc6,0xbc,0xc6,0x9c,0xbe,0xbc,0xc6,0xbc,0xc6,0xdd,0xc6,0xbd,0xc6,
    0xdc,0xc6,0xbd,0xc6,0xdd,0xc6,0xbd,0xc6,0xbd,0xc6,0xbd,0xbe,0xbd,0xb6,0x7d,0xae,0x5e,0xa6,0x5d,0x9e,0x5e,0x9e,0x3d,0x8e,
    0x3e,0x8e,0x1e,0x8e,0xfd,0x85,0x1d,0x9e,0x9d,0xae,0xde,0xbe,0xdd,0xbe,0xfe,0xc6,0xfe,0xce,0x1e,0xcf,0x1f,0xd7,0x1e,0xcf,
    0x3e,0xd7,0x3e,0xd7,0x5e,0xdf,0x5e,0xd7,0xdc,0xce,0xdc,0xce,0xdd,0xce,0xdc,0xce,0xdc,0xc6,0xdc,0xce,0xdc,0xce,0xdc,0xce,
    0xdc,0xce,0xdd,0xce,0xdc,0xce,0xdc,0xce,0xbc,0xc6,0xdc,0xce,0xdd,0xc6,0xbc,0xc6,0xdc,0xce,0xdd,0xc6,0xbc,0xce,0xdc,0xc6,
    0xbc,0xc6,0xdc,0xc6,0xdd,0xc6,0xdc,0xbe,0xdd,0xbe,0xbc,0xbe,0x7c,0xae,0x7c,0xae,0x7c,0xb6,0x5d,0xae,0x5c,0xae,0x5c,0xae,
    0x7d,0xae,0xbd,0xb6,0xdd,0xbe,0xdd,0xc6,0xde,0xc6,0xfe,0xce,0xfd,0xce,0xde,0xc6,0xdd,0xc6,0xdd,0xbe,0xbd,0xbe,0x9c,0xb6,
    0xbd,0xbe,0xbd,0xbe,0xbd,0xbe,0x9d,0xb6,0x7d,0xae,0x3c,0xae,0x3c,0xa6,0x7d,0xae,0xbd,0xb6,0xbc,0xbe,0x9d,0xbe,0xbc,0xbe,
    0xbc,0xbe,0xdc,0xc6,0xbc,0xc6,0xbc,0xc6,0xdc,0xc6,0xbc,0xc6,0xdc,0xce,0xbc,0xc6,0xdc,0xce,0xbc,0xc6,0xbc,0xce,0xdc,0xc6,
    0xbb,0xce,0xdc,0xc6,0xdc,0xce,0xdc,0xce,0xbb,0xc6,0xdc,0xce,0xbc,0xce,0xdb,0xc6,0xdc,0xce,0xdc,0xce,0xdc,0xce,0xdc,0xce,
    0xfc,0xce,0xdc,0xce,0xdc,0xce,0xfc,0xce,0xdc,0xce,0xfc,0xce,0xfd,0xd6,0xfc,0xce,0xfd,0xd6,0xfc,0xce,0x1d,0xcf,0xfc,0xd6,
    0x1d,0xd7,0x1c,0xd7,0x1d,0xd7,0x1d,0xd7,0x3d,0xdf,0x3d,0xdf,0x3d,0xdf,0x3e,0xdf,0x3d,0xdf,0x3d,0xe7,0x5d,0xdf,0x3d,0xdf,
    0x5d,0xe7,0x5d,0xdf,0x5d,0xdf,0x5d,0xe7,0x5d,0xe7,0x5d,0xdf,0x7d,0xe7,0x5d,0xe7,0x5d,0xdf,0x5d,0xe7,0x5d,0xdf,0x5d,0xe7,
    0x5d,0xdf,0x5d,0xe7,0x3d,0xdf,0x5d,0xdf,0x3d,0xdf,0x5d,0xdf,0x3d,0xdf,0x5e,0xdf,0x3d,0xdf,0x3d,0xd7,0x1d,0xd7,0xfd,0xce,
    0xfd,0xd6,0xdc,0xce,0xdd,0xce,0xbc,0xce,0xdd,0xce,0xdc,0xc6,0xbc,0xce,0xbc,0xc6,0xbd,0xc6,0xbc,0xc6,0xbd,0xc6,0xbc,0xbe,
    0x9d,0xbe,0xbd,0xbe,0xbc,0xc6,0xdd,0xc6,0xbd,0xc6,0xbc,0xc6,0xbd,0xc6,0xdc,0xc6,0xbd,0xc6,0xbd,0xbe,0x9d,0xb6,0x5d,0xa6,
    0x5d,0x9e,0x5d,0x9e,0x5e,0x9e,0x3e,0x96,0x1e,0x8e,0x1d,0x8e,0x1d,0x96,0xbe,0xae,0xfe,0xbe,0xde,0xc6,0xdd,0xbe,0xde,0xbe,
    0xfe,0xc6,0xfe,0xce,0x1e,0xcf,0x3f,0xd7,0x3e,0xd7,0x3e,0xd7,0x5e,0xd7,0x3e,0xdf,0xdc,0xce,0xdc,0xce,0xdc,0xce,0xdc,0xce,
    0xdc,0xce,0xdc,0xce,0xfc,0xce,0xdc,0xce,0xdc,0xce,0xdc,0xce,0xdc,0xc6,0xdc,0xce,0xdc,0xce,0xdc,0xce,0xdc,0xce,0xdc,0xc6,
    0xdc,0xce,0xbc,0xc6,0xdc,0xc6,0xdc,0xc6,0xfd,0xc6,0xdc,0xc6,0xdd,0xc6,0xdd,0xc6,0xdd,0xc6,0xbd,0xbe,0x9c,0xbe,0x7c,0xb6,
    0x7c,0xb6,0x7c,0xae,0x5c,0xae,0x7c,0xb6,0xbd,0xb6,0xbd,0xbe,0xbd,0xc6,0xdd,0xc6,0xfd,0xc6,0xfd,0xce,0xfe,0xc6,0xdd,0xc6,
    0xdd,0xc6,0xde,0xc6,0xbd,0xc6,0xbd,0xbe,0xbd,0xc6,0xbd,0xbe,0xbd,0xbe,0x9c,0xbe,0x7d,0xae,0x5c,0xae,0x1b,0x9e,0x5c,0xa6,
    0x9e,0xb6,0xbd,0xb6,0x9d,0xb6,0x9c,0xb6,0xbc,0xbe,0xbc,0xbe,0xbc,0xbe,0xbc,0xc6,0xbc,0xc6,0xbc,0xc6,0xdc,0xc6,0xbc,0xc6,
    0xbb,0xc6,0xdc,0xce,0xbb,0xc6,0xdc,0xce,0xdc,0xce,0xbb,0xce,0xdc,0xc6,0xbc,0xce,0xdc,0xce,0xdb,0xc6,0xbc,0xce,0xdc,0xce,
    0xbc,0xce,0xdc,0xce,0xdc,0xce,0xdc,0xce,0xdc,0xce,0xdc,0xce,0xdc,0xce,0xdc,0xce,0xfd,0xce,0xfc,0xce,0xfc,0xce,0xfc,0xd6,
    0xfd,0xce,0xfc,0xd6,0xfd,0xce,0xfc,0xd6,0xfd,0xce,0x1d,0xd7,0x1d,0xd7,0x1c,0xd7,0x1d,0xd7,0x3d,0xd7,0x3d,0xdf,0x3d,0xdf,
    0x5d,0xdf,0x3d,0xdf,0x3d,0xdf,0x5d,0xdf,0x3d,0xdf,0x5d,0xdf,0x3d,0xdf,0x5d,0xdf,0x5d,0xdf,0x5d,0xe7,0x5d,0xdf,0x5d,0xe7,
    0x5d,0xdf,0x5d,0xdf,0x5d,0xdf,0x3d,0xdf,0x5d,0xdf,0x3d,0xdf,0x5d,0xdf,0x3d,0xdf,0x5d,0xdf,0x3d,0xdf,0x5d,0xdf,0x3d,0xdf,
    0x3d,0xd7,0x3d,0xd7,0x1d,0xd7,0xfd,0xd6,0xfd,0xce,0xdd,0xce,0xdc,0xce,0xdc,0xc6,0xbc,0xc6,0xbc,0xc6,0xdd,0xc6,0xdd,0xc6,
    0xdd,0xc6,0xbd,0xc6,0xbd,0xbe,0xbd,0xbe,0xbc,0xbe,0xbd,0xbe,0xdd,0xbe,0xbd,0xbe,0xdd,0xc6,0xdd,0xbe,0xbd,0xc6,0xbd,0xbe,
    0xbc,0xbe,0x9d,0xb6,0x9d,0xae,0x5d,0xa6,0x3d,0x9e,0x3e,0x9e,0x5e,0x96,0x5e,0x96,0x3e,0x96,0x3d,0x96,0xbe,0xb6,0xff,0xbe,
    0xfe,0xbe,0xbd,0xbe,0xdd,0xc6,0xfe,0xc6,0xfd,0xc6,0xfe,0xc6,0x1e,0xcf,0x1e,0xcf,0x1d,0xcf,0x3e,0xd7,0x3e,0xd7,0x3d,0xd7,
    0xdc,0xce,0xdc,0xce,0xdc,0xce,0xdc,0xce,0xdc,0xce,0xfc,0xce,0xdc,0xce,0xdc,0xce,0xdc,0xce,0xdc,0xce,0xdc,0xce,0xdc,0xce,
    0xdc,0xce,0xdc,0xc6,0xdc,0xce,0xdc,0xce,0xdc,0xc6,0xbc,0xce,0xdc,0xce,0xdc,0xc6,0xdc,0xc6,0xdd,0xc6,0xdc,0xc6,0xdd,0xce,
    0xdd,0xc6,0xdd,0xc6,0xbd,0xbe,0xbd,0xbe,0x9d,0xb6,0x9c,0xbe,0xbd,0xb6,0xbd,0xbe,0xbd,0xbe,0xdd,0xbe,0xbd,0xbe,0xdd,0xc6,
    0xdd,0xce,0xdd,0xce,0xfd,0xce,0xdd,0xc6,0xdd,0xc6,0xbd,0xc6,0xbd,0xc6,0xdd,0xc6,0xbd,0xbe,0xdd,0xc6,0xbd,0xbe,0xbd,0xbe,
    0x9d,0xbe,0x9d,0xb6,0x3c,0xa6,0x3c,0x9e,0x3c,0xa6,0x7d,0xa6,0x9c,0xb6,0x9d,0xb6,0xbc,0xbe,0xbd,0xbe,0xbc,0xbe,0xbd,0xbe,
    0xbc,0xc6,0xbc,0xc6,0xbc,0xc6,0xdc,0xc6,0xbc,0xc6,0xbb,0xce,0xdc,0xce,0xbb,0xc6,0xdc,0xce,0xbc,0xc6,0xdb,0xce,0xdc,0xce,
    0xbb,0xc6,0xdc,0xce,0xdc,0xce,0xbb,0xc6,0xdc,0xce,0xbb,0xc6,0xdc,0xce,0xdc,0xc6,0xdc,0xce,0xdc,0xce,0xdc,0xce,0xdc,0xce,
    0xdc,0xce,0xdc,0xce,0xdc,0xce,0xdc,0xce,0xfc,0xce,0xfc,0xce,0xfc,0xce,0xfc,0xce,0xfc,0xce,0xfd,0xd6,0xfc,0xce,0x1d,0xd7,
    0x1c,0xd7,0x1d,0xd7,0x1d,0xd7,0x1d,0xd7,0x1d,0xd7,0x3d,0xdf,0x1d,0xdf,0x3d,0xdf,0x3d,0xdf,0x3d,0xdf,0x3d,0xdf,0x5d,0xdf,
    0x3d,0xdf,0x5d,0xdf,0x5d,0xdf,0x5d,0xdf,0x5e,0xe7,0x5d,0xdf,0x5d,0xe7,0x3d,0xdf,0x5d,0xe7,0x3d,0xdf,0x3c,0xdf,0x3d,0xdf,
    0x3d,0xdf,0x3d,0xdf,0x3d,0xdf,0x3d,0xdf,0x3d,0xd7,0x1d,0xd7,0x1d,0xd7,0xfd,0xce,0xfc,0xce,0xdd,0xce,0xdc,0xce,0xbd,0xc6,
    0xdc,0xce,0xbc,0xc6,0xdc,0xc6,0xbd,0xc6,0x9c,0xbe,0x9c,0xbe,0x9c,0xb6,0x7c,0xb6,0x7c,0xb6,0x9d,0xb6,0x9d,0xb6,0xbd,0xbe,
    0xbd,0xbe,0xbd,0xb6,0xbd,0xb6,0x9d,0xb6,0x9c,0xb6,0x9d,0xae,0x9e,0xae,0x5d,0xa6,0x3d,0x96,0x3d,0x96,0x1d,0x96,0x3e,0x96,
    0x3e,0x96,0x3d,0x96,0xde,0xb6,0x1f,0xc7,0xde,0xbe,0xbd,0xbe,0xdd,0xbe,0xdd,0xbe,0xde,0xc6,0xdd,0xc6,0xfe,0xc6,0xfd,0xce,
    0x1e,0xcf,0x1d,0xcf,0x1d,0xcf,0x1e,0xcf,0xdc,0xce,0xdc,0xce,0xdc,0xc6,0xdc,0xce,0xdc,0xce,0xdc,0xce,0xdc,0xce,0xfc,0xce,
    0xdc,0xce,0xfc,0xce,0xdc,0xce,0xfc,0xce,0xbc,0xce,0xdb,0xce,0xbc,0xc6,0xbc,0xc6,0xdc,0xce,0xdc,0xc6,0xbc,0xc6,0xbc,0xc6,
    0xbc,0xc6,0xdc,0xc6,0xdd,0xc6,0xdc,0xc6,0xfd,0xce,0xdd,0xc6,0xdd,0xc6,0xdd,0xc6,0xdd,0xbe,0xdd,0xc6,0xbd,0xbe,0xbd,0xbe,
    0xbd,0xc6,0xbd,0xc6,0xdd,0xc6,0xdd,0xc6,0xdd,0xc6,0xdd,0xc6,0xfd,0xce,0xdc,0xc6,0xdd,0xc6,0xdd,0xc6,0xbd,0xc6,0xdd,0xc6,
    0xbd,0xc6,0xdd,0xc6,0xdd,0xc6,0xbd,0xc6,0xde,0xbe,0xbe,0xbe,0x9d,0xae,0x3c,0xa6,0x3c,0x9e,0xfc,0x9d,0x7c,0xae,0xbd,0xb6,
    0xbc,0xb6,0xbc,0xbe,0xbc,0xc6,0xbc,0xbe,0xbc,0xc6,0xdc,0xc6,0xbc,0xc6,0xbc,0xc6,0xdc,0xc6,0xbb,0xce,0xbc,0xc6,0xdc,0xce,
    0xbb,0xc6,0xdc,0xce,0xbc,0xc6,0xbb,0xce,0xdc,0xce,0xbc,0xc6,0xbb,0xce,0xdc,0xc6,0xbc,0xce,0xbb,0xc6,0xbc,0xce,0xdb,0xce,
    0xbc,0xce,0xdb,0xc6,0xdc,0xce,0xdc,0xce,0xdc,0xce,0xdc,0xce,0xdc,0xce,0xfc,0xce,0xdc,0xce,0xdc,0xce,0xdc,0xce,0xfd,0xce,
    0xdc,0xce,0xfc,0xce,0xfd,0xce,0xfc,0xd6,0xfd,0xce,0x1c,0xd7,0xfc,0xce,0x1d,0xd7,0x1c,0xd7,0x1d,0xd7,0x1c,0xd7,0x1d,0xd7,
    0x1d,0xdf,0x3d,0xd7,0x3d,0xdf,0x3d,0xdf,0x3d,0xdf,0x3d,0xdf,0x3d,0xdf,0x3d,0xdf,0x3d,0xdf,0x3d,0xdf,0x3d,0xdf,0x5d,0xdf,
    0x3d,0xd7,0x3d,0xdf,0x3d,0xdf,0x3d,0xdf,0x3d,0xd7,0x3d,0xdf,0x1d,0xd7,0x1d,0xdf,0x3d,0xd7,0x1d,0xd7,0xfd,0xd6,0x1c,0xd7,
    0xdd,0xce,0xdd,0xce,0xdc,0xce,0xbc,0xc6,0xbc,0xc6,0xdd,0xc6,0xdc,0xc6,0xbc,0xc6,0x9c,0xbe,0x9c,0xbe,0x9c,0xbe,0xbd,0xbe,
    0x9c,0xb6,0x7c,0xae,0x7d,0xae,0x7d,0xae,0x9d,0xae,0x9d,0xb6,0x9d,0xae,0x7d,0xae,0x7d,0xae,0x7d,0xa6,0x9e,0xa6,0x5d,0x9e,
    0x1d,0x96,0x3d,0x96,0x3e,0x8e,0x3e,0x8e,0x3d,0x96,0x3d,0x96,0xde,0xb6,0xfe,0xbe,0xbe,0xbe,0xbd,0xb6,0xdd,0xbe,0xbd,0xbe,
    0xdd,0xc6,0xdd,0xc6,0xdd,0xc6,0xdd,0xc6,0xfe,0xce,0x1d,0xcf,0x1e,0xd7,0xfd,0xce,0xdc,0xce,0xdc,0xce,0xdc,0xce,0xdc,0xce,
    0xdc,0xce,0xdc,0xce,0xdc,0xce,0xdc,0xce,0xfc,0xce,0xdc,0xce,0xdc,0xce,0xfc,0xce,0xdc,0xce,0xdc,0xce,0xdc,0xce,0xdc,0xce,
    0xdc,0xc6,0xbc,0xce,0xdc,0xc6,0xdc,0xce,0xbc,0xc6,0xdc,0xce,0xbd,0xc6,0xdd,0xce,0xdd,0xc6,0xdd,0xc6,0xfd,0xc6,0xde,0xc6,
    0xdd,0xc6,0xdd,0xc6,0xbc,0xc6,0xdd,0xc6,0xdc,0xc6,0xbd,0xc6,0xdd,0xc6,0xdd,0xce,0xdd,0xce,0xfd,0xce,0x1d,0xcf,0xdd,0xce,
    0xdc,0xc6,0xbd,0xce,0xdd,0xc6,0xdd,0xc6,0xbd,0xc6,0xdd,0xc6,0xdd,0xc6,0xbd,0xc6,0xdd,0xc6,0x9d,0xbe,0x7c,0xae,0x5d,0xa6,
    0x3c,0x9e,0x1c,0x9e,0x1c,0x9e,0x3c,0xa6,0x9c,0xb6,0xbd,0xbe,0xbc,0xbe,0xbc,0xbe,0xbc,0xc6,0xbc,0xc6,0xdc,0xc6,0xbc,0xc6,
    0xbc,0xc6,0xdc,0xce,0xbb,0xc6,0xbc,0xce,0xdc,0xce,0xbb,0xc6,0xbc,0xce,0xdc,0xc6,0xbb,0xce,0xbc,0xc6,0xdb,0xce,0xbc,0xc6,
    0xdb,0xce,0xbc,0xc6,0xdc,0xce,0xbc,0xc6,0xdc,0xce,0xbc,0xce,0xdb,0xc6,0xbc,0xce,0xbb,0xc6,0xdc,0xce,0xdc,0xce,0xdc,0xce,
    0xdc,0xce,0xdc,0xce,0xdc,0xce,0xdc,0xce,0xfc,0xce,0xfc,0xd6,0xdc,0xce,0xfc,0xce,0xfc,0xd6,0xfc,0xce,0xfc,0xd6,0x1d,0xd7,
    0xfc,0xd6,0x1d,0xd7,0x1d,0xd7,0x1d,0xd7,0x1c,0xd7,0x3d,0xd7,0x1c,0xd7,0x3d,0xd7,0x3d,0xd7,0x3d,0xd7,0x3d,0xdf,0x3d,0xd7,
    0x3d,0xd7,0x3d,0xd7,0x3d,0xd7,0x3d,0xd7,0x3d,0xdf,0x3d,0xd7,0x1c,0xd7,0x1d,0xd7,0x1d,0xdf,0x1d,0xd7,0x1d,0xdf,0x1d,0xd7,
    0x1c,0xd7,0x1d,0xd7,0xfc,0xce,0xfd,0xce,0xdc,0xce,0xdd,0xce,0xdc,0xce,0xdd,0xc6,0xbc,0xc6,0xdc,0xce,0xbd,0xc6,0xbc,0xc6,
    0xbd,0xbe,0xbd,0xbe,0xbd,0xc6,0xfd,0xc6,0xbd,0xbe,0x5c,0xa6,0x3c,0xa6,0x5c,0x9e,0x5d,0xa6,0x5d,0xa6,0x7d,0xa6,0x5d,0xa6,
    0x7d,0x9e,0x7d,0xa6,0x5e,0x9e,0x3e,0x9e,0x3d,0x96,0x3e,0x8e,0x3e,0x8e,0x3d,0x8e,0x3d,0x96,0x3d,0x9e,0xbe,0xae,0xde,0xbe,
    0xbe,0xb6,0xbd,0xbe,0xbd,0xbe,0xdd,0xbe,0xbd,0xbe,0xdd,0xc6,0xbd,0xbe,0xdd,0xc6,0xfe,0xc6,0xfe,0xce,0xfd,0xce,0x1d,0xcf,
    0xdc,0xce,0xfc,0xce,0xdc,0xce,0xdc,0xce,0xfc,0xce,0xdc,0xce,0xfc,0xce,0xdc,0xce,0xdc,0xce,0xfc,0xce,0xdc,0xce,0xdc,0xce,
    0xdc,0xce,0xdc,0xce,0xdc,0xce,0xdc,0xce,0xdc,0xce,0xdc,0xc6,0xdc,0xce,0xdc,0xc6,0xdc,0xc6,0xdd,0xce,0xbc,0xc6,0xdc,0xc6,
    0xdc,0xce,0xdc,0xc6,0xdd,0xc6,0xdc,0xc6,0xdd,0xc6,0xdd,0xc6,0xdc,0xc6,0xdd,0xc6,0xdc,0xc6,0xdd,0xc6,0xdd,0xce,0xdc,0xc6,
    0xfd,0xce,0xdd,0xce,0x1d,0xd7,0xdd,0xce,0xdc,0xc6,0xbd,0xce,0xdd,0xc6,0xbc,0xce,0xdd,0xc6,0xdc,0xce,0xbc,0xc6,0xdd,0xc6,
    0xbc,0xc6,0xbd,0xbe,0x9d,0xb6,0x5c,0xa6,0x3d,0xa6,0x3c,0x9e,0x3b,0x9e,0x1b,0x9e,0x7c,0xae,0xbd,0xbe,0xbc,0xbe,0x9c,0xc6,
    0xbc,0xbe,0xbc,0xc6,0xdc,0xc6,0xbc,0xc6,0xdb,0xc6,0xbc,0xce,0xbc,0xc6,0xdb,0xc6,0xbb,0xc6,0xbc,0xce,0xdb,0xc6,0xbc,0xce,
    0xbb,0xc6,0xdc,0xc6,0xbc,0xc6,0xbb,0xce,0xbc,0xc6,0xdb,0xce,0xbc,0xc6,0xdb,0xce,0xbc,0xc6,0xdb,0xce,0xbc,0xc6,0xdc,0xce,
    0xdc,0xce,0xbb,0xc6,0xdc,0xce,0xdc,0xce,0xdc,0xce,0xdc,0xce,0xdc,0xce,0xdc,0xce,0xdc,0xce,0xdc,0xce,0xfc,0xce,0xdc,0xce,
    0xfc,0xce,0xfc,0xd6,0xfc,0xce,0xfc,0xd6,0xfc,0xce,0xfc,0xd6,0xfc,0xce,0x1d,0xd7,0x1c,0xd7,0x1d,0xd7,0x1d,0xd7,0x1c,0xd7,
    0x1d,0xd7,0x1d,0xd7,0x3d,0xd7,0x1d,0xd7,0x1d,0xd7,0x3d,0xd7,0x1d,0xdf,0x1d,0xd7,0x1c,0xd7,0x1d,0xd7,0x3d,0xd7,0x1d,0xd7,
    0x1d,0xd7,0x1d,0xd7,0x1c,0xd7,0x1d,0xd7,0x1c,0xd7,0xfd,0xce,0xfc,0xd6,0xfc,0xce,0xdd,0xce,0xdc,0xce,0xdd,0xce,0xbc,0xc6,
    0xbc,0xc6,0xdd,0xc6,0xbc,0xc6,0xbc,0xbe,0xbc,0xc6,0xbc,0xbe,0xdd,0xc6,0x1e,0xc7,0xde,0xbe,0x3c,0xa6,0x1c,0x9e,0x5d,0xa6,
    0x5d,0x9e,0x5d,0x9e,0x5d,0x9e,0x5d,0x9e,0x5d,0x9e,0x5e,0x9e,0x5d,0x9e,0x5e,0x96,0x3e,0x96,0x5e,0x8e,0x3d,0x8e,0x3e,0x96,
    0x3d,0x8e,0x5d,0x9e,0x9e,0xae,0xbe,0xbe,0xbd,0xb6,0xdd,0xbe,0xbd,0xbe,0xbd,0xbe,0xbd,0xbe,0xdd,0xc6,0xdd,0xc6,0xdd,0xc6,
    0xdd,0xc6,0xfd,0xce,0xfe,0xce,0xfe,0xce,0xfc,0xce,0xdc,0xce,0xfc,0xce,0xfc,0xce,0xdc,0xce,0xfc,0xce,0xdc,0xce,0xfd,0xce,
    0xfc,0xce,0xdd,0xce,0xfc,0xce,0xfc,0xce,0xfc,0xce,0xfc,0xce,0xfd,0xce,0xfc,0xce,0xfc,0xce,0xdc,0xce,0xdc,0xce,0xdc,0xce,
    0xbd,0xc6,0xdc,0xce,0xdc,0xce,0xdd,0xc6,0xbc,0xc6,0xdd,0xc6,0xbc,0xc6,0xbc,0xc6,0xdc,0xce,0xdc,0xc6,0xdd,0xce,0xdc,0xce,
    0xdd,0xce,0xdc,0xc6,0xdd,0xce,0xfd,0xce,0xdc,0xce,0xdd,0xc6,0xfc,0xce,0xbd,0xc6,0xdc,0xce,0xdc,0xc6,0xdd,0xce,0xdc,0xc6,
    0xdd,0xce,0xdc,0xc6,0xdd,0xce,0xbc,0xc6,0xbd,0xc6,0xdd,0xc6,0xbd,0xbe,0x9d,0xb6,0xbd,0xb6,0x9d,0xb6,0x3c,0xa6,0x3c,0xa6,
    0x1b,0xa6,0x7c,0xb6,0xbc,0xbe,0xbc,0xc6,0xdc,0xc6,0xbc,0xc6,0xbc,0xc6,0xbc,0xc6,0xbc,0xc6,0xbc,0xc6,0xbb,0xc6,0xbc,0xc6,
    0xbb,0xc6,0xdb,0xc6,0xbc,0xc6,0xdb,0xc6,0xbc,0xc6,0xbc,0xc6,0xbb,0xc6,0xbc,0xc6,0xbc,0xc6,0xbc,0xce,0xbb,0xc6,0xbc,0xce,
    0xbc,0xce,0xbb,0xc6,0xbc,0xce,0xbb,0xc6,0xbc,0xce,0xdc,0xce,0xbc,0xc6,0xbb,0xce,0xdc,0xc6,0xdc,0xce,0xdc,0xce,0xdc,0xce,
    0xdc,0xc6,0xdc,0xce,0xdc,0xce,0xdc,0xce,0xdc,0xce,0xdd,0xce,0xfc,0xce,0xdd,0xce,0xfd,0xce,0xfc,0xce,0xfd,0xd6,0xfc,0xce,
    0xfd,0xce,0xfc,0xd6,0xfd,0xce,0x1d,0xd7,0x1d,0xd7,0xfc,0xd6,0x1d,0xd7,0x1c,0xd7,0x1c,0xd7,0x1d,0xd7,0x1c,0xd7,0x1d,0xd7,
    0x1c,0xd7,0x1d,0xd7,0x1c,0xd7,0x1d,0xd7,0x1d,0xd7,0x1d,0xd7,0x1d,0xd7,0x1d,0xcf,0xfc,0xce,0xfc,0xce,0xfd,0xce,0xfc,0xce,
    0xdc,0xce,0xdd,0xce,0xdc,0xc6,0xdd,0xce,0xdc,0xc6,0xdc,0xc6,0xdc,0xc6,0xbc,0xbe,0xdc,0xbe,0xbc,0xbe,0xdd,0xbe,0x3e,0xcf,
    0x1f,0xcf,0xbe,0xbe,0x5c,0xa6,0x5d,0xa6,0x7e,0xa6,0x5d,0xa6,0x5e,0x9e,0x3e,0x9e,0x5d,0x9e,0x3e,0x96,0x3e,0x96,0x3e,0x96,
    0x5e,0x96,0x3e,0x96,0x3e,0x8e,0x3d,0x8e,0x3e,0x8e,0x5e,0xa6,0xbe,0xae,0xbd,0xb6,0xbd,0xbe,0xde,0xbe,0xdd,0xbe,0xdd,0xbe,
    0xbd,0xbe,0xde,0xbe,0xbd,0xbe,0xdd,0xc6,0xdd,0xc6,0xdd,0xc6,0xfe,0xce,0xfe,0xce,0xfc,0xce,0xfc,0xce,0xfd,0xce,0xfc,0xd6,
    0xfd,0xce,0xfc,0xce,0xfc,0xce,0xdc,0xce,0xfc,0xce,0xfc,0xce,0xdc,0xce,0xfd,0xce,0xdc,0xce,0xfc,0xce,0xfd,0xce,0xfc,0xd6,
    0xdd,0xce,0xdc,0xce,0xdc,0xce,0xdc,0xc6,0xdc,0xce,0xdd,0xc6,0xdc,0xce,0xdc,0xce,0xbd,0xc6,0xdc,0xce,0xbc,0xc6,0xdd,0xc6,
    0xbc,0xc6,0xdd,0xce,0xdc,0xc6,0xdd,0xc6,0xdd,0xce,0xdd,0xce,0xfc,0xc6,0xdd,0xce,0xfd,0xc6,0xdd,0xce,0xdc,0xce,0xdd,0xce,
    0xdd,0xce,0xfd,0xce,0xdc,0xce,0xfd,0xce,0xdd,0xce,0xdd,0xce,0xdc,0xc6,0xdd,0xce,0xdd,0xce,0xdd,0xc6,0xdd,0xc6,0xde,0xc6,
    0xde,0xc6,0xfe,0xc6,0xbd,0xbe,0xbd,0xb6,0x7c,0xb6,0x7b,0xb6,0xbc,0xbe,0xbd,0xbe,0xbc,0xc6,0xbc,0xc6,0xbc,0xc6,0xbc,0xc6,
    0xbc,0xc6,0xbc,0xc6,0xbc,0xc6,0xbb,0xc6,0xbc,0xc6,0xbb,0xc6,0xbb,0xc6,0xbc,0xc6,0xbb,0xc6,0xbb,0xc6,0xbc,0xc6,0xbb,0xc6,
    0xbc,0xc6,0xbc,0xc6,0xbc,0xce,0xbb,0xc6,0xbc,0xc6,0xbb,0xc6,0xdc,0xc6,0xbb,0xce,0xdc,0xc6,0xbb,0xc6,0xbb,0xce,0xbc,0xc6,
    0xdb,0xce,0xbc,0xc6,0xbb,0xce,0xbc,0xc6,0xbb,0xce,0xdc,0xce,0xbc,0xc6,0xdc,0xce,0xdc,0xce,0xdc,0xce,0xdc,0xce,0xfc,0xce,
    0xfc,0xce,0xdc,0xce,0xfc,0xce,0xfd,0xd6,0xfc,0xce,0xfd,0xce,0xfc,0xd6,0xfd,0xce,0xfc,0xd6,0x1d,0xcf,0xfc,0xd6,0x1d,0xd7,
    0xfc,0xd6,0x1c,0xd7,0xfd,0xce,0x1c,0xd7,0xfd,0xce,0x1c,0xd7,0xfd,0xce,0x1c,0xd7,0x1d,0xcf,0xfc,0xd6,0xfd,0xce,0xfc,0xd6,
    0xfd,0xce,0xdc,0xd6,0xdc,0xce,0xdc,0xce,0xdc,0xce,0xdc,0xc6,0xdc,0xce,0xbc,0xc6,0xdc,0xc6,0xdc,0xc6,0xdc,0xc6,0xbc,0xbe,
    0xbc,0xbe,0xbc,0xbe,0xbc,0xbe,0xfd,0xc6,0x1e,0xcf,0x3f,0xc7,0x9d,0xb6,0x7d,0xae,0x7d,0xa6,0x7e,0xa6,0x5d,0x9e,0x5e,0x9e,
    0x3d,0x96,0x5e,0x9e,0x3d,0x96,0x5e,0x96,0x3e,0x96,0x5e,0x8e,0x3e,0x8e,0x3d,0x8e,0x3d,0x96,0x5d,0x96,0x7d,0xae,0xbd,0xae,
    0xbe,0xbe,0xdd,0xbe,0xdd,0xbe,0xbd,0xbe,0xbd,0xbe,0xdd,0xc6,0xde,0xc6,0xdd,0xc6,0xbd,0xbe,0xdd,0xc6,0xdd,0xc6,0xfd,0xce,
    0xfd,0xd6,0xfc,0xce,0xfd,0xd6,0xfc,0xce,0xfd,0xd6,0xfc,0xce,0xfd,0xd6,0xfd,0xd6,0xfd,0xd6,0xfd,0xd6,0xfc,0xce,0xfd,0xd6,
    0xfc,0xce,0xfd,0xd6,0xfc,0xce,0xfd,0xce,0xfc,0xd6,0xfc,0xce,0xdc,0xce,0xdd,0xce,0xdc,0xce,0xdc,0xc6,0xdd,0xce,0xdc,0xc6,
    0xdd,0xce,0xbc,0xc6,0xbc,0xc6,0xbc,0xc6,0xbc,0xc6,0xbc,0xc6,0xbc,0xc6,0xbc,0xc6,0xbc,0xc6,0xdc,0xce,0xdd,0xce,0xfd,0xce,
    0xdc,0xce,0xdd,0xc6,0xfd,0xce,0xfd,0xce,0xfc,0xce,0xdd,0xce,0xfd,0xce,0xdd,0xce,0xfc,0xce,0xdd,0xce,0xdd,0xce,0xfc,0xce,
    0xdd,0xce,0xdd,0xce,0xdd,0xce,0xdd,0xce,0xfd,0xc6,0x1e,0xcf,0xfd,0xc6,0xdd,0xc6,0xbd,0xbe,0xbd,0xc6,0xdd,0xc6,0xdc,0xc6,
    0xbc,0xc6,0xbc,0xc6,0xbc,0xbe,0xbb,0xc6,0xbb,0xbe,0xbc,0xbe,0xbb,0xc6,0xbc,0xc6,0xbb,0xc6,0x9c,0xbe,0xbb,0xc6,0x9c,0xc6,
    0xbb,0xc6,0xbc,0xc6,0xbb,0xc6,0xbc,0xc6,0xbb,0xc6,0xbb,0xc6,0xbc,0xc6,0xbb,0xc6,0xbc,0xc6,0xbb,0xc6,0xbb,0xc6,0xbc,0xc6,
    0xbb,0xc6,0xbb,0xc6,0xbc,0xc6,0xbb,0xce,0xbc,0xc6,0xbb,0xce,0xbc,0xc6,0xdb,0xce,0xbc,0xc6,0xdb,0xce,0xdc,0xce,0xbc,0xce,
    0xdb,0xc6,0xbc,0xce,0xdc,0xce,0xdc,0xce,0xdc,0xce,0xfc,0xce,0xdc,0xce,0xfc,0xce,0xdc,0xce,0xfc,0xd6,0xfc,0xce,0xfd,0xce,
    0xfc,0xd6,0xfd,0xce,0xfc,0xd6,0x1c,0xcf,0xfd,0xd6,0xfc,0xce,0x1c,0xd7,0xfc,0xce,0xfc,0xd6,0x1d,0xcf,0xfc,0xd6,0xfd,0xce,
    0xfc,0xd6,0x1d,0xcf,0xfc,0xd6,0xfd,0xce,0xfc,0xce,0xdc,0xce,0xdc,0xce,0xdc,0xce,0xdc,0xc6,0xbc,0xc6,0xbd,0xc6,0xbc,0xc6,
    0xbc,0xc6,0xbc,0xc6,0xdc,0xbe,0xbc,0xc6,0xbc,0xbe,0xbd,0xbe,0xbc,0xbe,0xbc,0xbe,0xdd,0xc6,0xfe,0xce,0xfe,0xc6,0x7d,0xae,
    0x5d,0xae,0x5d,0xa6,0x5e,0x9e,0x5e,0x96,0x3d,0x96,0x3e,0x96,0x5e,0x96,0x3e,0x96,0x3e,0x96,0x3e,0x8e,0x5e,0x8e,0x5e,0x8e,
    0x3e,0x96,0x7e,0x9e,0x9e,0xae,0x9e,0xae,0xbd,0xb6,0xbe,0xbe,0xdd,0xbe,0xbd,0xbe,0xbd,0xbe,0xbd,0xbe,0xdd,0xbe,0xdd,0xc6,
    0xdd,0xc6,0xdd,0xc6,0xde,0xce,0xdd,0xc6,0xfc,0xce,0xfd,0xd6,0xfc,0xce,0xfd,0xd6,0x1d,0xd7,0xfd,0xce,0x1c,0xd7,0xfd,0xce,
    0x1c,0xcf,0xfd,0xd6,0x1d,0xd7,0x1c,0xd7,0xfd,0xce,0xdc,0xce,0xfc,0xd6,0xfc,0xce,0xfd,0xce,0xfc,0xce,0xfc,0xd6,0xfd,0xce,
    0xdd,0xce,0xdd,0xce,0xdc,0xc6,0xdd,0xce,0xdc,0xc6,0xbc,0xc6,0xbc,0xc6,0xbc,0xc6,0xbc,0xc6,0xbc,0xc6,0xbc,0xc6,0x9c,0xc6,
    0xbc,0xc6,0xdc,0xc6,0xbc,0xc6,0xdd,0xc6,0xfd,0xce,0xdc,0xce,0xfd,0xce,0xdd,0xce,0xfd,0xce,0xdd,0xc6,0xfd,0xce,0xfd,0xce,
    0xfd,0xce,0xfd,0xce,0xfd,0xce,0xfd,0xce,0xfd,0xce,0xfd,0xce,0xfc,0xce,0xdd,0xce,0xfd,0xce,0xfd,0xc6,0xdd,0xc6,0xdd,0xc6,
    0xbc,0xc6,0xdc,0xbe,0xdd,0xc6,0xdd,0xc6,0xbc,0xc6,0xbc,0xbe,0xbb,0xc6,0xbc,0xbe,0x9b,0xbe,0xbb,0xbe,0x9c,0xbe,0x9b,0xbe,
    0x9c,0xbe,0x9b,0xc6,0x9c,0xbe,0x9b,0xbe,0xbc,0xc6,0x9b,0xbe,0xbb,0xc6,0x9b,0xbe,0xbc,0xc6,0x9b,0xbe,0xbb,0xc6,0x9b,0xbe,
    0xbb,0xc6,0xbb,0xc6,0xbb,0xc6,0xbb,0xc6,0xbb,0xc6,0xbb,0xc6,0xbb,0xc6,0xbb,0xc6,0xbb,0xc6,0xbb,0xc6,0xbb,0xc6,0xbc,0xce,
    0xbb,0xc6,0xbc,0xce,0xbb,0xc6,0xbc,0xce,0xdc,0xc6,0xbb,0xce,0xdc,0xce,0xdc,0xce,0xdc,0xce,0xdc,0xce,0xdc,0xce,0xdc,0xce,
    0xfc,0xce,0xdd,0xce,0xfc,0xce,0xfc,0xd6,0xfc,0xce,0xfc,0xd6,0xfc,0xce,0xfc,0xd6,0xfc,0xce,0xfc,0xd6,0xfc,0xce,0xfd,0xd6,
    0xfc,0xce,0xfc,0xd6,0xfc,0xce,0xfc,0xd6,0xfd,0xce,0xfc,0xd6,0xfc,0xce,0xfc,0xce,0xdc,0xce,0xdc,0xce,0xdb,0xce,0xbc,0xc6,
    0xbc,0xce,0xdc,0xce,0xbc,0xc6,0xbc,0xc6,0xdc,0xc6,0xdc,0xc6,0xbc,0xc6,0xbc,0xbe,0xbc,0xbe,0xbc,0xbe,0xbc,0xbe,0xdd,0xc6,
    0xdd,0xce,0xdd,0xc6,0xfe,0xc6,0xde,0xbe,0x7d,0xa6,0x5d,0x9e,0x5e,0x9e,0x3e,0x96,0x5e,0x96,0x3e,0x96,0x3e,0x96,0x5e,0x96,
    0x3e,0x8e,0x5e,0x8e,0x3e,0x8e,0x5d,0x8e,0x3d,0x96,0x5e,0x9e,0x7d,0xa6,0xbe,0xb6,0xbd,0xb6,0xde,0xbe,0xdd,0xbe,0xbd,0xbe,
    0xbd,0xbe,0xdd,0xbe,0xbe,0xc6,0xdd,0xc6,0xdd,0xc6,0xdd,0xc6,0xdd,0xc6,0xde,0xce,0xfc,0xd6,0xfc,0xce,0x1d,0xd7,0xfc,0xce,
    0x1c,0xd7,0x1d,0xd7,0x1c,0xd7,0xfd,0xd6,0x1c,0xcf,0x1d,0xd7,0xfc,0xce,0x1d,0xd7,0xfc,0xce,0xfd,0xd6,0xfc,0xce,0xfd,0xd6,
    0xfc,0xd6,0xfd,0xce,0xfd,0xd6,0x1d,0xcf,0xfc,0xce,0xdc,0xce,0xdc,0xce,0xdc,0xce,0xdc,0xce,0xdd,0xce,0xdc,0xce,0xbc,0xc6,
    0xdc,0xce,0xbc,0xc6,0xbc,0xc6,0xbc,0xc6,0xbc,0xc6,0xbc,0xc6,0xbc,0xc6,0xbc,0xc6,0xdc,0xc6,0xdd,0xc6,0xdd,0xce,0xfc,0xc6,
    0xdd,0xce,0xfc,0xce,0xdd,0xce,0xfd,0xd6,0xfd,0xd6,0xfd,0xd6,0x1e,0xd7,0x1e,0xd7,0x1d,0xd7,0xfd,0xce,0xfd,0xce,0xdc,0xc6,
    0xdd,0xce,0xdd,0xc6,0xdd,0xc6,0xdd,0xc6,0xbc,0xbe,0xbc,0xbe,0x9c,0xbe,0xbc,0xbe,0xbc,0xbe,0x9c,0xbe,0x9b,0xbe,0x9c,0xbe,
    0x9c,0xbe,0x9b,0xbe,0x9c,0xbe,0x9b,0xbe,0x9b,0xbe,0x9c,0xbe,0x9b,0xbe,0x9b,0xbe,0x9b,0xc6,0x9b,0xbe,0x9c,0xbe,0x9b,0xc6,
    0x9b,0xbe,0x9c,0xc6,0x9b,0xbe,0x9c,0xc6,0x9b,0xbe,0x9c,0xc6,0xbb,0xbe,0x9c,0xbe,0x9b,0xc6,0xbc,0xbe,0x9b,0xc6,0xbc,0xc6,
    0xbb,0xc6,0x9c,0xc6,0xbb,0xc6,0xbb,0xc6,0xbc,0xc6,0xbb,0xc6,0xbb,0xc6,0xbb,0xc6,0xbb,0xc6,0xbc,0xc6,0xdb,0xc6,0xbc,0xc6,
    0xdc,0xce,0xdc,0xce,0xbc,0xce,0xdc,0xce,0xdc,0xce,0xdc,0xce,0xdc,0xce,0xdc,0xce,0xdc,0xce,0xfc,0xce,0xdd,0xce,0xfc,0xce,
    0xfc,0xd6,0xfd,0xce,0xfc,0xce,0xfc,0xce,0xfc,0xce,0xdc,0xce,0xfc,0xce,0xfc,0xce,0xfc,0xce,0xfd,0xce,0xdc,0xce,0xfc,0xce,
    0xdc,0xce,0xbc,0xce,0xbc,0xc6,0xdc,0xc6,0xbc,0xc6,0xbc,0xc6,0xdc,0xc6,0xbc,0xc6,0xbc,0xc6,0xbc,0xbe,0xdc,0xc6,0xbc,0xbe,
    0xbc,0xbe,0xbc,0xc6,0xbd,0xc6,0xbc,0xc6,0xdd,0xc6,0xdd,0xce,0xfd,0xce,0x1e,0xcf,0xbd,0xbe,0x5d,0xa6,0x5e,0x96,0x5e,0x96,
    0x3e,0x96,0x5e,0x96,0x3e,0x96,0x5e,0x96,0x3e,0x8e,0x5e,0x96,0x3e,0x8e,0x3d,0x8e,0x1e,0x8e,0x3d,0x96,0x5d,0x9e,0x7d,0xa6,
    0x9d,0xb6,0xbe,0xbe,0xbd,0xbe,0xbd,0xb6,0xbd,0xbe,0xdd,0xc6,0xbd,0xbe,0xdd,0xc6,0xbd,0xbe,0xdd,0xc6,0xdd,0xc6,0xdd,0xc6,
    0x1c,0xd7,0xfc,0xce,0xfc,0xd6,0x1c,0xd7,0xfc,0xce,0x1d,0xd7,0x1d,0xcf,0x1c,0xd7,0x1d,0xd7,0x1c,0xd7,0xfd,0xce,0x1d,0xd7,
    0xfd,0xd6,0xfc,0xce,0xfc,0xce,0xfd,0xce,0x1d,0xd7,0x1c,0xd7,0x1d,0xcf,0xfc,0xd6,0xfd,0xce,0xfc,0xce,0xdc,0xce,0xfc,0xce,
    0xdd,0xce,0xdc,0xce,0xdc,0xce,0xdc,0xce,0xbc,0xc6,0xdc,0xc6,0xbc,0xc6,0xbc,0xc6,0xbc,0xc6,0xbc,0xc6,0xbc,0xbe,0xbc,0xc6,
    0xbc,0xc6,0xdc,0xc6,0xdd,0xce,0xdc,0xce,0xdd,0xce,0xdd,0xce,0xfd,0xce,0xfd,0xce,0x1e,0xd7,0x1e,0xd7,0x3e,0xd7,0x1e,0xd7,
    0x1d,0xcf,0xfd,0xce,0xfd,0xce,0xfd,0xce,0xfd,0xce,0xfd,0xce,0xdc,0xc6,0xbc,0xc6,0xbc,0xbe,0xbc,0xbe,0xbc,0xbe,0x9b,0xbe,
    0x9c,0xbe,0x9b,0xbe,0x9c,0xbe,0x9b,0xbe,0x9b,0xbe,0x9c,0xbe,0x9b,0xbe,0x9b,0xbe,0x9b,0xbe,0x9b,0xbe,0x9b,0xbe,0x9c,0xbe,
    0x9b,0xbe,0x9b,0xbe,0x9b,0xbe,0x9c,0xbe,0x9b,0xc6,0x9b,0xbe,0x9c,0xbe,0x9b,0xbe,0x7b,0xbe,0x9c,0xbe,0x9b,0xc6,0x9b,0xbe,
    0x9c,0xbe,0x9b,0xc6,0xbb,0xc6,0x9b,0xbe,0xbc,0xc6,0xbb,0xc6,0x9c,0xc6,0xbb,0xc6,0xbb,0xc6,0xbb,0xc6,0xbc,0xc6,0xbb,0xc6,
    0xbc,0xc6,0xbb,0xc6,0xbc,0xc6,0xdb,0xc6,0xbb,0xce,0xbc,0xc6,0xdb,0xc6,0xdc,0xce,0xdc,0xce,0xdc,0xce,0xdc,0xce,0xfc,0xce,
    0xdc,0xce,0xdc,0xce,0xfc,0xce,0xfc,0xce,0xfd,0xce,0xfc,0xd6,0xdc,0xce,0xdc,0xce,0xfc,0xce,0xfd,0xce,0xdc,0xce,0xdd,0xce,
    0xdc,0xce,0xdc,0xce,0xdd,0xce,0xdc,0xce,0xdd,0xce,0xbc,0xc6,0xdc,0xce,0xbc,0xc6,0xdc,0xc6,0xbc,0xc6,0xdc,0xc6,0xbc,0xbe,
    0xbc,0xbe,0xbc,0xc6,0xbc,0xbe,0xbc,0xc6,0xbc,0xbe,0xbc,0xbe,0xdc,0xc6,0xdd,0xce,0xfd,0xce,0xfd,0xd6,0xfd,0xce,0x3d,0xdf,
    0x7f,0xdf,0x9e,0xb6,0x3d,0x96,0x5e,0x9e,0x3e,0x96,0x5e,0x96,0x3e,0x96,0x3e,0x8e,0x5e,0x96,0x3e,0x8e,0x3e,0x8e,0x3d,0x96,
    0x3e,0x96,0x5e,0x96,0x5d,0x9e,0x3d,0xa6,0x9d,0xae,0xdd,0xbe,0xbd,0xb6,0xbd,0xbe,0xbd,0xbe,0xdd,0xbe,0xdd,0xbe,0xbd,0xc6,
    0xdd,0xc6,0xdd,0xc6,0xdd,0xc6,0xdd,0xc6,0xfc,0xd6,0x1d,0xd7,0xfc,0xce,0xfd,0xd6,0xfc,0xd6,0x1d,0xd7,0x1c,0xd7,0xfd,0xd6,
    0x1c,0xcf,0x1d,0xd7,0xfd,0xd6,0x1c,0xcf,0xfd,0xd6,0xfc,0xce,0xfd,0xd6,0xfc,0xce,0xfd,0xd6,0x1d,0xcf,0xfc,0xd6,0xfd,0xce,
    0xfc,0xd6,0xfc,0xce,0xdd,0xce,0xfc,0xce,0xdc,0xce,0xdc,0xce,0xdc,0xce,0xdc,0xce,0xdd,0xce,0xbc,0xc6,0xbc,0xc6,0xdc,0xc6,
    0xbc,0xc6,0xbb,0xc6,0xbc,0xc6,0xbc,0xc6,0xbc,0xc6,0xbc,0xc6,0xdc,0xc6,0xdd,0xc6,0xdc,0xce,0xfd,0xce,0xdd,0xce,0xfd,0xd6,
    0x3e,0xd7,0x3e,0xd7,0x3e,0xd7,0x1d,0xd7,0xdd,0xce,0xfd,0xce,0x1e,0xd7,0x1d,0xcf,0xfd,0xce,0xdd,0xc6,0xbc,0xbe,0xbc,0xbe,
    0xbc,0xbe,0x9c,0xc6,0xbc,0xbe,0x9c,0xbe,0x9b,0xbe,0x9c,0xbe,0x9b,0xb6,0x9c,0xbe,0x9c,0xb6,0x9b,0xbe,0x9c,0xb6,0x7b,0xbe,
    0x9c,0xbe,0x7b,0xbe,0x9b,0xbe,0x7b,0xbe,0x9b,0xbe,0x7b,0xbe,0x9b,0xbe,0x7b,0xbe,0x7b,0xbe,0x7b,0xbe,0x7b,0xbe,0x9b,0xbe,
    0x9c,0xc6,0x9b,0xbe,0x9b,0xbe,0x9b,0xbe,0x9b,0xc6,0x9b,0xbe,0x9c,0xbe,0x9b,0xc6,0x9b,0xc6,0x9b,0xbe,0xbb,0xc6,0x9b,0xbe,
    0xbb,0xc6,0x9b,0xbe,0xbb,0xc6,0xbb,0xc6,0xbb,0xc6,0xbb,0xc6,0xdc,0xce,0xbb,0xc6,0xbc,0xc6,0xbb,0xce,0xbc,0xce,0xdc,0xce,
    0xdc,0xc6,0xdc,0xce,0xdc,0xce,0xdc,0xce,0xfc,0xce,0xdc,0xce,0xfd,0xce,0xdc,0xd6,0xfc,0xce,0xfc,0xce,0xfd,0xce,0xdc,0xce,
    0xfc,0xd6,0xdc,0xce,0xfc,0xd6,0xfc,0xce,0xdd,0xce,0xfc,0xce,0xdc,0xce,0xdc,0xce,0xdc,0xce,0xbc,0xc6,0xbc,0xc6,0xdc,0xce,
    0xbc,0xc6,0xdc,0xbe,0xbc,0xc6,0xbc,0xbe,0xbc,0xc6,0xbc,0xbe,0xbc,0xbe,0xbb,0xc6,0xbc,0xbe,0xbc,0xc6,0xdc,0xc6,0x1e,0xcf,
    0x5e,0xdf,0x1d,0xd7,0x5e,0xdf,0x9f,0xe7,0x7e,0xe7,0x9d,0xb6,0x3d,0x96,0x5e,0x96,0x5e,0x96,0x3e,0x96,0x5e,0x96,0x3e,0x8e,
    0x5e,0x96,0x5e,0x8e,0x3e,0x8e,0x5e,0x96,0x3d,0x96,0x5e,0x96,0x7d,0x9e,0x7d,0xa6,0x9d,0xb6,0xbe,0xb6,0x9c,0xb6,0x9d,0xb6,
    0xdd,0xbe,0xbd,0xc6,0xdd,0xbe,0xbd,0xc6,0xdd,0xbe,0xdd,0xc6,0xdd,0xc6,0xdd,0xc6,0xfc,0xce,0xfc,0xd6,0x1c,0xd7,0xfc,0xce,
    0x1c,0xd7,0xfc,0xce,0x1d,0xd7,0xfc,0xce,0xfd,0xd6,0xfc,0xce,0xfc,0xd6,0xfd,0xce,0xfc,0xce,0xfc,0xce,0xfd,0xd6,0x1c,0xcf,
    0x1d,0xd7,0x1d,0xd7,0x1d,0xd7,0xfc,0xce,0xfd,0xd6,0xfc,0xce,0xfc,0xce,0xdc,0xce,0xfd,0xce,0xdc,0xce,0xdd,0xce,0xfc,0xce,
    0xdc,0xce,0xdc,0xc6,0xdc,0xc6,0xbc,0xc6,0xbc,0xc6,0xdc,0xc6,0xbc,0xc6,0xbc,0xbe,0xbb,0xbe,0xbc,0xc6,0xdd,0xc6,0xdc,0xce,
    0xdd,0xc6,0xfd,0xd6,0xfd,0xce,0x1d,0xcf,0x1d,0xd7,0x1d,0xcf,0xfd,0xd6,0xfd,0xc6,0xdc,0xc6,0x1d,0xcf,0x3e,0xd7,0x1e,0xd7,
    0xdd,0xc6,0xbc,0xc6,0xbc,0xc6,0x9c,0xbe,0xbc,0xbe,0xbc,0xbe,0x9b,0xbe,0x9c,0xbe,0x9b,0xbe,0x9c,0xb6,0x7c,0xbe,0x7b,0xb6,
    0x7b,0xb6,0x7c,0xbe,0x7b,0xb6,0x7c,0xbe,0x7b,0xb6,0x7c,0xb6,0x7b,0xbe,0x7c,0xb6,0x7b,0xb6,0x9b,0xbe,0x7b,0xb6,0x9b,0xbe,
    0x7b,0xb6,0x7b,0xbe,0x7b,0xbe,0x7b,0xbe,0x7b,0xbe,0x9b,0xbe,0x7b,0xbe,0x9b,0xbe,0x9c,0xbe,0x7b,0xbe,0x9b,0xbe,0x9b,0xbe,
    0x9b,0xc6,0x9b,0xbe,0x9b,0xc6,0x9b,0xbe,0x9b,0xc6,0xbb,0xc6,0x9b,0xbe,0xbb,0xc6,0xbc,0xc6,0xbb,0xc6,0xbb,0xc6,0xbb,0xc6,
    0xbc,0xc6,0xdb,0xce,0xbc,0xc6,0xbb,0xce,0xdb,0xc6,0xdc,0xce,0xdc,0xce,0xdc,0xce,0xdc,0xce,0xdc,0xce,0xfc,0xce,0xdc,0xce,
    0xfd,0xce,0xfc,0xd6,0xdc,0xce,0xfc,0xce,0xfd,0xce,0xdc,0xce,0xfc,0xce,0xdd,0xce,0xfc,0xce,0xdc,0xce,0xdc,0xce,0xdd,0xce,
    0xbc,0xce,0xdc,0xce,0xdd,0xc6,0xdc,0xc6,0xbc,0xc6,0xbc,0xc6,0xdc,0xbe,0xbc,0xc6,0xbc,0xbe,0xbb,0xc6,0xbc,0xbe,0xbc,0xbe,
    0xbc,0xc6,0xdc,0xc6,0xdc,0xc6,0xfd,0xd6,0x5e,0xdf,0x5e,0xdf,0x7e,0xe7,0x9e,0xe7,0x5e,0xdf,0x7c,0xb6,0x3d,0x96,0x5e,0x96,
    0x3e,0x96,0x5e,0x96,0x3e,0x96,0x5e,0x96,0x3e,0x8e,0x5e,0x96,0x5e,0x8e,0x3e,0x8e,0x3d,0x96,0x5e,0x96,0x5d,0x9e,0x5d,0xa6,
    0x9d,0xae,0xde,0xbe,0xbd,0xbe,0xbd,0xbe,0xbd,0xbe,0xbd,0xbe,0xdd,0xbe,0xbc,0xbe,0xbd,0xc6,0xbd,0xbe,0xbd,0xc6,0xbd,0xbe,
    0x1c,0xd7,0xfd,0xce,0xfc,0xd6,0x1c,0xd7,0xfd,0xce,0x1c,0xd7,0xfd,0xce,0x1c,0xd7,0xfc,0xce,0x1c,0xd7,0xfd,0xce,0xfc,0xd6,
    0xfd,0xce,0xfc,0xd6,0xfc,0xce,0xfd,0xd6,0x1d,0xd7,0x1d,0xd7,0x1d,0xd7,0x1d,0xcf,0xfc,0xd6,0xdc,0xce,0xfd,0xce,0xfc,0xce,
    0xdc,0xce,0xfc,0xce,0xdc,0xce,0xdd,0xce,0xfc,0xce,0xdd,0xc6,0xdc,0xce,0xdc,0xc6,0xdc,0xc6,0xbc,0xc6,0xbc,0xc6,0xbc,0xc6,
    0xbc,0xc6,0xdc,0xc6,0xdc,0xce,0xdd,0xc6,0xdc,0xce,0xdd,0xce,0xfd,0xce,0xfd,0xce,0xdd,0xce,0xdd,0xc6,0xdd,0xce,0xbc,0xc6,
    0xbc,0xc6,0xbc,0xc6,0xfd,0xce,0xdc,0xc6,0xbc,0xc6,0x9c,0xbe,0x9c,0xbe,0xbc,0xbe,0x9c,0xbe,0xbc,0xbe,0x9c,0xbe,0x9b,0xbe,
    0x7b,0xb6,0x9b,0xbe,0x7c,0xb6,0x5b,0xb6,0x5c,0xbe,0x7b,0xb6,0x7c,0xb6,0x7b,0xb6,0x7b,0xbe,0x7b,0xb6,0x7b,0xb6,0x7b,0xbe,
    0x7b,0xb6,0x7b,0xb6,0x7b,0xb6,0x7b,0xb6,0x7b,0xbe,0x7b,0xb6,0x7b,0xb6,0x7b,0xb6,0x7b,0xb6,0x7b,0xbe,0x7b,0xbe,0x7b,0xbe,
    0x7b,0xbe,0x7b,0xbe,0x9b,0xbe,0x7b,0xbe,0x9b,0xbe,0x9b,0xbe,0x9b,0xbe,0x9b,0xc6,0x9b,0xbe,0x9b,0xc6,0xbb,0xbe,0x9b,0xc6,
    0xbb,0xc6,0xbb,0xc6,0xbc,0xc6,0xbb,0xc6,0xbb,0xc6,0xbc,0xc6,0xbb,0xce,0xdc,0xc6,0xbc,0xce,0xdc,0xce,0xdc,0xc6,0xdc,0xce,
    0xdc,0xce,0xfc,0xce,0xdc,0xce,0xfc,0xce,0xfc,0xd6,0xfd,0xce,0xfc,0xd6,0xfd,0xce,0xfc,0xd6,0xfc,0xce,0xdd,0xce,0xfc,0xce,
    0xdd,0xce,0xdc,0xce,0xdc,0xce,0xdc,0xce,0xdd,0xce,0xdc,0xce,0xdc,0xce,0xdc,0xc6,0xdc,0xc6,0xbc,0xc6,0xbc,0xc6,0xbc,0xbe,
    0xbc,0xc6,0xbc,0xbe,0xdc,0xc6,0xbc,0xc6,0xdc,0xc6,0xdc,0xc6,0xfd,0xce,0x1d,0xd7,0x7d,0xdf,0x7e,0xe7,0xbf,0xe7,0x9e,0xef,
    0x5d,0xe7,0xde,0xce,0x7d,0x9e,0x3e,0x96,0x5e,0x96,0x3e,0x96,0x5f,0x96,0x5e,0x8e,0x5e,0x96,0x3e,0x8e,0x5e,0x96,0x5e,0x96,
    0x5e,0x96,0x3d,0x96,0x5d,0x9e,0x5d,0xa6,0x9d,0xb6,0xdd,0xbe,0xde,0xbe,0xbd,0xbe,0xdd,0xbe,0xbd,0xbe,0xbd,0xc6,0xbd,0xbe,
    0xbd,0xc6,0xdd,0xc6,0xbd,0xbe,0xdd,0xc6,0xfc,0xd6,0xfc,0xce,0xfc,0xd6,0x1c,0xd7,0xfc,0xd6,0xfc,0xd6,0x1c,0xd7,0xfc,0xce,
    0xfc,0xd6,0xfc,0xce,0xfc,0xd6,0xfc,0xce,0xfc,0xce,0xfc,0xce,0xfc,0xce,0x1d,0xd7,0x1d,0xd7,0x3d,0xd7,0x1d,0xd7,0x1c,0xd7,
    0xfd,0xce,0xdc,0xce,0xdc,0xce,0xdc,0xce,0xdc,0xce,0xdc,0xce,0xdc,0xce,0xdc,0xce,0xdc,0xce,0xdc,0xce,0xdc,0xc6,0xdc,0xce,
    0xdc,0xc6,0xdc,0xc6,0xbc,0xc6,0xbc,0xc6,0xdc,0xc6,0xbc,0xc6,0xdd,0xce,0xdc,0xc6,0xdd,0xce,0xfd,0xce,0xfd,0xd6,0xfd,0xce,
    0xbc,0xc6,0xbc,0xc6,0x9c,0xbe,0xdc,0xc6,0xbc,0xbe,0x7c,0xbe,0x9c,0xbe,0xbc,0xbe,0x9c,0xbe,0x7b,0xb6,0x9b,0xbe,0x9c,0xb6,
    0x9b,0xbe,0x9c,0xbe,0x9c,0xb6,0x7c,0xb6,0x7b,0xb6,0x7c,0xb6,0x7b,0xb6,0x7b,0xb6,0x5b,0xb6,0x5b,0xb6,0x5b,0xb6,0x5b,0xb6,
    0x5c,0xb6,0x5b,0xb6,0x5b,0xb6,0x5b,0xb6,0x7b,0xb6,0x5b,0xb6,0x7b,0xb6,0x5b,0xb6,0x7b,0xb6,0x7b,0xb6,0x7b,0xb6,0x7b,0xbe,
    0x7b,0xb6,0x7b,0xb6,0x7b,0xb6,0x7b,0xbe,0x9b,0xb6,0x7b,0xbe,0x7b,0xbe,0x9a,0xbe,0x9b,0xbe,0x9b,0xbe,0x9b,0xbe,0x9b,0xbe,
    0x9b,0xbe,0x9b,0xbe,0x9b,0xc6,0xbc,0xc6,0x9b,0xbe,0xbb,0xc6,0xbb,0xc6,0xbb,0xc6,0xbc,0xc6,0xbb,0xc6,0xbb,0xc6,0xbc,0xce,
    0xdb,0xc6,0xbc,0xce,0xdc,0xce,0xdc,0xce,0xdc,0xce,0xdc,0xce,0xdc,0xce,0xfd,0xd6,0xfc,0xce,0xfc,0xce,0xfd,0xce,0xfc,0xce,
    0xfd,0xce,0xdc,0xce,0xfc,0xd6,0xdc,0xce,0xdc,0xce,0xdd,0xce,0xdc,0xce,0xfd,0xc6,0xdd,0xce,0xfd,0xce,0xfe,0xce,0xfd,0xce,
    0xbc,0xc6,0xbc,0xc6,0xbc,0xc6,0xdc,0xc6,0xbc,0xc6,0xbc,0xc6,0xbc,0xbe,0xbc,0xc6,0xdc,0xc6,0xdc,0xc6,0xdc,0xce,0x1d,0xd7,
    0x7e,0xe7,0x7e,0xe7,0x9e,0xef,0x9f,0xef,0x7e,0xe7,0x5e,0xdf,0x9e,0xa6,0x5e,0x96,0x5e,0x96,0x5e,0x96,0x3e,0x96,0x5e,0x96,
    0x3e,0x96,0x5e,0x8e,0x5e,0x96,0x3e,0x96,0x5d,0x96,0x5e,0x9e,0x9e,0xa6,0xde,0xb6,0xde,0xbe,0xdd,0xbe,0xbd,0xbe,0xbc,0xbe,
    0xbd,0xbe,0xdd,0xbe,0xbc,0xbe,0xbd,0xc6,0xbc,0xbe,0xbd,0xbe,0xbc,0xc6,0xbd,0xbe,0xfc,0xce,0xfc,0xd6,0x1c,0xcf,0xfc,0xd6,
    0x1c,0xcf,0xfc,0xce,0xfc,0xd6,0xfc,0xce,0xfc,0xd6,0xfc,0xce,0xfd,0xd6,0xfc,0xce,0xfc,0xd6,0xfd,0xce,0xfc,0xd6,0x1c,0xcf,
    0x1d,0xd7,0x3d,0xd7,0x3d,0xd7,0x1d,0xd7,0xfc,0xd6,0xfc,0xce,0xdc,0xce,0xfc,0xce,0xdc,0xce,0xdc,0xce,0xdc,0xce,0xdc,0xce,
    0xdc,0xce,0xdc,0xce,0xdc,0xce,0xbc,0xc6,0xdd,0xc6,0xbc,0xc6,0xdc,0xc6,0xbc,0xc6,0xdc,0xc6,0xfd,0xce,0xdc,0xc6,0xdd,0xce,
    0xfc,0xce,0xfd,0xce,0xfd,0xce,0xfd,0xce,0x9c,0xc6,0x9b,0xbe,0x9c,0xbe,0x9c,0xbe,0x7c,0xbe,0x7b,0xb6,0x9b,0xbe,0x7c,0xbe,
    0x9b,0xb6,0x9c,0xb6,0x7b,0xb6,0x7b,0xb6,0x9c,0xb6,0x7b,0xb6,0x7b,0xb6,0x7b,0xb6,0x7c,0xb6,0x5b,0xb6,0x5b,0xb6,0x5c,0xb6,
    0x7b,0xae,0x5b,0xb6,0x5c,0xb6,0x5b,0xb6,0x5b,0xb6,0x5b,0xb6,0x5b,0xb6,0x5b,0xb6,0x5b,0xb6,0x7b,0xb6,0x5b,0xb6,0x7b,0xb6,
    0x5b,0xb6,0x5a,0xb6,0x5b,0xb6,0x7b,0xb6,0x7b,0xb6,0x7b,0xbe,0x7b,0xb6,0x7b,0xb6,0x7b,0xbe,0x7b,0xb6,0x9b,0xbe,0x7b,0xb6,
    0x7b,0xbe,0x9b,0xbe,0x9b,0xbe,0x9b,0xbe,0x9c,0xbe,0x9b,0xc6,0x9c,0xbe,0x9b,0xc6,0xbb,0xc6,0x9b,0xbe,0xbc,0xc6,0xbb,0xc6,
    0xbb,0xc6,0xbc,0xc6,0xbb,0xc6,0xbc,0xc6,0xdc,0xce,0xdc,0xce,0xbb,0xce,0xdc,0xce,0xdc,0xce,0xdc,0xce,0xdc,0xce,0xfc,0xce,
    0xfd,0xce,0xdc,0xd6,0xfc,0xce,0xfc,0xd6,0xfc,0xce,0xfc,0xce,0xdc,0xce,0xfd,0xce,0xdc,0xce,0xdc,0xc6,0xdd,0xce,0xdd,0xce,
    0xfd,0xce,0x1d,0xcf,0x1d,0xd7,0xfd,0xce,0xdd,0xc6,0xbc,0xc6,0xdc,0xc6,0xbc,0xc6,0xdc,0xc6,0xbc,0xc6,0xdc,0xc6,0xdc,0xc6,
    0xbc,0xc6,0xdc,0xce,0xfc,0xce,0x1d,0xdf,0x7e,0xe7,0x9e,0xe7,0x9e,0xef,0x9f,0xe7,0x9e,0xef,0x5d,0xe7,0x7d,0xa6,0x3d,0x96,
    0x5e,0x96,0x5e,0x96,0x5e,0x96,0x3e,0x96,0x5e,0x96,0x5f,0x8e,0x3e,0x96,0x5d,0x96,0x5e,0x9e,0x7e,0xa6,0xde,0xb6,0xde,0xbe,
    0xfd,0xbe,0xdd,0xbe,0xbd,0xbe,0xdd,0xbe,0xbc,0xbe,0xbd,0xc6,0xdd,0xbe,0xbd,0xbe,0xbd,0xc6,0xbc,0xbe,0xbd,0xc6,0xbd,0xbe,
    0xfc,0xd6,0xfb,0xce,0xfc,0xd6,0xfc,0xce,0xfc,0xd6,0xfc,0xd6,0x1d,0xd7,0xfc,0xce,0xfc,0xd6,0xfc,0xce,0xfc,0xd6,0x1d,0xcf,
    0x1c,0xd7,0x1c,0xd7,0xfc,0xce,0xfd,0xd6,0x1c,0xd7,0x1d,0xd7,0x1c,0xd7,0x1d,0xd7,0xfd,0xce,0xfc,0xce,0xdc,0xce,0xdc,0xce,
    0xdc,0xce,0xdc,0xce,0xdc,0xc6,0xdc,0xce,0xbc,0xc6,0xdc,0xce,0xdc,0xc6,0xdc,0xc6,0xbc,0xce,0xdc,0xc6,0xbc,0xc6,0xbc,0xc6,
    0xbc,0xc6,0xdc,0xc6,0xdc,0xce,0xdd,0xce,0xdc,0xc6,0xdd,0xce,0xfc,0xce,0xdc,0xc6,0x9c,0xbe,0x7b,0xbe,0x7b,0xb6,0x7b,0xb6,
    0x7b,0xb6,0x7b,0xb6,0x7c,0xbe,0x7b,0xb6,0x7c,0xbe,0x7b,0xb6,0x9c,0xbe,0x7b,0xb6,0x9c,0xb6,0x7c,0xb6,0x7b,0xb6,0x5c,0xb6,
    0x5b,0xb6,0x5b,0xb6,0x7b,0xae,0x5b,0xb6,0x5b,0xae,0x5b,0xb6,0x5b,0xae,0x3b,0xb6,0x5b,0xae,0x3b,0xb6,0x5b,0xb6,0x5b,0xb6,
    0x5b,0xb6,0x5b,0xb6,0x5a,0xb6,0x5b,0xb6,0x5b,0xb6,0x5b,0xb6,0x5a,0xb6,0x5b,0xb6,0x5a,0xb6,0x7b,0xb6,0x7b,0xb6,0x7b,0xb6,
    0x7b,0xb6,0x7b,0xb6,0x7b,0xb6,0x7b,0xbe,0x7b,0xb6,0x7b,0xbe,0x7b,0xb6,0x9b,0xbe,0x9b,0xbe,0x9b,0xbe,0x9b,0xc6,0xbb,0xbe,
    0xbb,0xc6,0xbb,0xc6,0xbb,0xc6,0x9b,0xc6,0xbc,0xc6,0xbb,0xc6,0xbb,0xc6,0xdc,0xce,0xbb,0xc6,0xdc,0xce,0xbc,0xce,0xdc,0xce,
    0xdc,0xce,0xdc,0xce,0xfc,0xce,0xdc,0xce,0xfc,0xce,0xfc,0xce,0xdd,0xce,0xfc,0xce,0xdd,0xce,0xfc,0xd6,0xdc,0xce,0xfc,0xce,
    0xdc,0xc6,0xdd,0xce,0xdc,0xc6,0xdc,0xce,0xfd,0xce,0xdd,0xce,0xdd,0xc6,0xdc,0xce,0xdc,0xc6,0xdc,0xc6,0xdc,0xc6,0xbc,0xc6,
    0xdc,0xc6,0xbc,0xc6,0xdc,0xc6,0xdc,0xce,0xdc,0xce,0x1d,0xd7,0x5e,0xdf,0x7d,0xe7,0x9e,0xe7,0x9e,0xef,0xbe,0xef,0x9e,0xef,
    0x9e,0xe7,0x9e,0xe7,0xbd,0xc6,0x3d,0x9e,0x5e,0x96,0x5e,0x96,0x5e,0x96,0x5e,0x96,0x5e,0x96,0x5e,0x96,0x5d,0x96,0x3e,0x9e,
    0x5d,0x9e,0x9e,0xae,0xde,0xb6,0xde,0xbe,0xdd,0xbe,0xdd,0xbe,0xbd,0xbe,0xbc,0xbe,0xbd,0xbe,0xbc,0xbe,0xbd,0xbe,0xbc,0xc6,
    0xbd,0xbe,0xdd,0xc6,0xbc,0xbe,0xbd,0xc6,0xfc,0xce,0xdb,0xce,0xfc,0xce,0xfc,0xd6,0xfc,0xce,0xfc,0xce,0xfc,0xd6,0xfc,0xce,
    0xfc,0xd6,0xfc,0xce,0x1d,0xd7,0xfc,0xd6,0x1d,0xcf,0x1d,0xd7,0xfc,0xd6,0x1d,0xd7,0x1c,0xcf,0xfc,0xce,0xfc,0xd6,0xfd,0xce,
    0xfc,0xce,0xdc,0xce,0xdc,0xce,0xdc,0xce,0xdc,0xce,0xdc,0xce,0xbb,0xce,0xdc,0xc6,0xbb,0xce,0xbc,0xc6,0xbb,0xce,0xbc,0xc6,
    0xdc,0xc6,0xbc,0xc6,0xbb,0xc6,0xbc,0xbe,0xbc,0xc6,0xdc,0xc6,0xdd,0xc6,0xdc,0xce,0xdd,0xce,0xfc,0xce,0xdd,0xce,0xbc,0xc6,
    0xbc,0xbe,0x7b,0xb6,0x9c,0xb6,0x7b,0xb6,0x7c,0xbe,0x7b,0xb6,0x7b,0xb6,0x9c,0xb6,0xbc,0xbe,0x9c,0xb6,0x9b,0xb6,0x7c,0xb6,
    0x7b,0xb6,0x7b,0xb6,0x7c,0xb6,0x7b,0xb6,0x5b,0xae,0x5b,0xb6,0x5b,0xae,0x5b,0xb6,0x3b,0xae,0x5b,0xae,0x5b,0xb6,0x3b,0xae,
    0x3b,0xb6,0x3b,0xae,0x3b,0xb6,0x3b,0xae,0x5b,0xb6,0x5b,0xb6,0x5b,0xae,0x5b,0xb6,0x5a,0xb6,0x5a,0xb6,0x5b,0xb6,0x5a,0xb6,
    0x5b,0xb6,0x5b,0xb6,0x5a,0xb6,0x5b,0xb6,0x7b,0xb6,0x5b,0xb6,0x7a,0xbe,0x7b,0xb6,0x7b,0xbe,0x7b,0xb6,0x7b,0xbe,0x9b,0xbe,
    0x9b,0xbe,0x9c,0xbe,0x9b,0xbe,0x9b,0xc6,0x9b,0xbe,0x9b,0xc6,0xbc,0xbe,0xbb,0xc6,0xdb,0xc6,0xbc,0xc6,0xdb,0xc6,0xbc,0xce,
    0xdc,0xce,0xdc,0xce,0xdc,0xce,0xdc,0xce,0xdc,0xce,0xdc,0xce,0xdc,0xce,0xdc,0xce,0xdc,0xce,0xdc,0xce,0xfc,0xce,0xdc,0xce,
    0xdc,0xce,0xdc,0xce,0xfc,0xce,0xdc,0xce,0xdc,0xce,0xdc,0xc6,0xdd,0xce,0xdc,0xc6,0xdd,0xc6,0xdc,0xc6,0xdc,0xce,0xdd,0xc6,
    0xdd,0xce,0xdc,0xc6,0xdd,0xc6,0xdc,0xc6,0xdd,0xc6,0xdc,0xc6,0xbc,0xc6,0xdc,0xce,0x1d,0xd7,0x7e,0xdf,0x9e,0xe7,0x9e,0xef,
    0x9f,0xef,0x9e,0xef,0x9e,0xef,0x9e,0xef,0x9f,0xef,0x9e,0xef,0x7e,0xdf,0x7d,0xa6,0x5e,0x9e,0x7e,0x9e,0x5e,0x96,0x5e,0x96,
    0x5e,0x9e,0x3d,0x96,0x5e,0x9e,0x5d,0x9e,0x3c,0x9e,0x9e,0xae,0xde,0xbe,0xde,0xc6,0xdd,0xc6,0xdd,0xbe,0xbd,0xbe,0xbc,0xbe,
    0xbd,0xbe,0xdd,0xc6,0xdd,0xbe,0xbc,0xc6,0xbd,0xbe,0xbd,0xc6,0xbd,0xbe,0xbc,0xc6,0xfc,0xce,0xdb,0xd6,0xfc,0xce,0xfb,0xce,
    0xdc,0xd6,0xfc,0xce,0xfc,0xd6,0xfc,0xce,0xfc,0xd6,0xfc,0xce,0xfc,0xce,0x1d,0xd7,0x1c,0xd7,0x1d,0xd7,0x1d,0xd7,0x1d,0xd7,
    0xfc,0xd6,0xfc,0xce,0xfc,0xce,0xdc,0xce,0xdc,0xce,0xdc,0xce,0xdc,0xce,0xdc,0xce,0xdc,0xce,0xbc,0xc6,0xdc,0xce,0xbc,0xce,
    0xdc,0xce,0xdb,0xc6,0xbc,0xce,0xdc,0xc6,0xbc,0xc6,0xbc,0xc6,0xbc,0xbe,0xbb,0xc6,0xbc,0xc6,0xbc,0xc6,0xdc,0xce,0xdc,0xc6,
    0xfd,0xce,0xdc,0xc6,0xbc,0xc6,0xbc,0xbe,0x7b,0xbe,0x7b,0xb6,0x7b,0xb6,0x9c,0xb6,0x9b,0xb6,0x7c,0xb6,0x9b,0xb6,0x9c,0xbe,
    0xbc,0xbe,0xbc,0xbe,0x9b,0xb6,0x7b,0xbe,0x9c,0xb6,0x7b,0xb6,0x7c,0xb6,0x5b,0xb6,0x5b,0xb6,0x5b,0xae,0x5b,0xb6,0x3b,0xae,
    0x5b,0xb6,0x3b,0xae,0x3a,0xae,0x5b,0xb6,0x5b,0xb6,0x3a,0xae,0x3b,0xb6,0x3a,0xae,0x3b,0xae,0x3a,0xb6,0x3b,0xae,0x3a,0xb6,
    0x3b,0xae,0x3a,0xae,0x5a,0xb6,0x5b,0xae,0x5a,0xb6,0x5b,0xb6,0x5a,0xb6,0x5b,0xb6,0x7b,0xb6,0x7b,0xb6,0x7b,0xb6,0x7b,0xbe,
    0x7b,0xb6,0x7b,0xbe,0x7b,0xb6,0x9b,0xb6,0x7b,0xbe,0x9b,0xc6,0x9b,0xbe,0x9b,0xc6,0x9b,0xbe,0xbb,0xc6,0xbb,0xc6,0xbb,0xc6,
    0xbc,0xc6,0xbb,0xc6,0xdc,0xc6,0xdc,0xc6,0xdc,0xce,0xdc,0xce,0xdc,0xce,0xdc,0xce,0xdc,0xce,0xdc,0xce,0xdc,0xce,0xfc,0xce,
    0xfc,0xce,0xdc,0xce,0xdc,0xce,0xfc,0xce,0xdc,0xce,0xdc,0xce,0xdc,0xce,0xdc,0xc6,0xbc,0xce,0xdd,0xc6,0xdc,0xce,0xdd,0xce,
    0xbc,0xc6,0xdc,0xce,0xdd,0xc6,0xdc,0xce,0xdd,0xc6,0xbc,0xc6,0xdc,0xce,0xdd,0xc6,0xdc,0xc6,0xbc,0xce,0xdc,0xce,0xfd,0xce,
    0x5e,0xdf,0x9e,0xe7,0x7f,0xef,0x9e,0xef,0x9e,0xef,0x9e,0xef,0xbe,0xf7,0xbe,0xef,0xbe,0xef,0x9e,0xef,0x9e,0xef,0xbe,0xb6,
    0x5e,0x96,0x5e,0x96,0x5e,0x96,0x5d,0x9e,0x5e,0x96,0x5e,0x9e,0x9e,0xa6,0x7d,0xa6,0x5d,0x9e,0x9d,0xb6,0xbe,0xbe,0xdd,0xc6,
    0xbd,0xbe,0xbd,0xbe,0xbd,0xbe,0xbd,0xc6,0xbc,0xbe,0xbd,0xbe,0xbc,0xbe,0xbd,0xbe,0xbd,0xc6,0xbc,0xbe,0xbd,0xc6,0xbd,0xbe,
    0xdb,0xce,0xdc,0xce,0xfc,0xd6,0xfc,0xce,0xfc,0xd6,0xfc,0xce,0xfc,0xce,0xfc,0xd6,0xfc,0xce,0x1c,0xd7,0x1d,0xd7,0xfc,0xd6,
    0xfc,0xce,0x1c,0xd7,0x1c,0xd7,0x1c,0xcf,0xfc,0xd6,0xfc,0xce,0xfc,0xd6,0xfc,0xce,0xdc,0xce,0xdc,0xce,0xdb,0xce,0xdc,0xce,
    0xbb,0xc6,0xdb,0xce,0xbc,0xc6,0xdb,0xc6,0xbc,0xce,0xbb,0xc6,0xdc,0xc6,0xbb,0xc6,0xbb,0xc6,0xbb,0xc6,0xbc,0xc6,0xbb,0xc6,
    0xbc,0xc6,0xbc,0xc6,0xdc,0xc6,0xdc,0xce,0xdc,0xc6,0xdc,0xce,0xbc,0xc6,0x9b,0xbe,0x7b,0xbe,0x7c,0xb6,0x9c,0xb6,0x7c,0xbe,
    0x9c,0xb6,0x7b,0xb6,0x7c,0xbe,0xbc,0xbe,0xbd,0xbe,0x9c,0xb6,0x7c,0xbe,0x7c,0xb6,0x7b,0xb6,0x7c,0xb6,0x5b,0xb6,0x7b,0xb6,
    0x5c,0xb6,0x3b,0xae,0x3b,0xae,0x3b,0xae,0x3b,0xae,0x3a,0xae,0x3b,0xae,0x3a,0xae,0x3b,0xae,0x3a,0xae,0x3b,0xae,0x3a,0xae,
    0x3b,0xae,0x3a,0xae,0x3b,0xb6,0x3b,0xae,0x3b,0xb6,0x3b,0xae,0x3b,0xb6,0x5b,0xb6,0x3b,0xae,0x5b,0xb6,0x5b,0xb6,0x5b,0xb6,
    0x5a,0xb6,0x5b,0xb6,0x7a,0xb6,0x5b,0xb6,0x7a,0xb6,0x7b,0xb6,0x7a,0xb6,0x7b,0xbe,0x9b,0xbe,0x9b,0xbe,0x9c,0xbe,0x9c,0xbe,
    0xbb,0xc6,0x9c,0xbe,0xbb,0xc6,0xbc,0xc6,0xbb,0xc6,0xdc,0xc6,0xbb,0xc6,0xbb,0xce,0xbc,0xc6,0xdc,0xce,0xdc,0xce,0xdc,0xce,
    0xdc,0xce,0xdc,0xce,0xdc,0xce,0xdc,0xce,0xdc,0xce,0xdc,0xce,0xdc,0xce,0xdc,0xce,0xdc,0xce,0xdc,0xce,0xdc,0xce,0xdc,0xce,
    0xbd,0xce,0xdc,0xce,0xbc,0xce,0xdc,0xc6,0xbd,0xc6,0xdc,0xc6,0xbc,0xc6,0xbc,0xc6,0xbc,0xc6,0xbc,0xc6,0xdc,0xc6,0xdc,0xce,
    0xdd,0xce,0xdc,0xce,0xfc,0xce,0x1d,0xd7,0x7e,0xe7,0x9e,0xef,0x9e,0xe7,0x9e,0xef,0xbe,0xef,0x9e,0xef,0x9e,0xef,0x9e,0xef,
    0xbf,0xef,0xbf,0xef,0xbf,0xef,0xfd,0xd6,0x9d,0xae,0x7d,0xa6,0x7d,0x9e,0x5e,0x9e,0x7e,0xa6,0x9d,0xa6,0xbe,0xb6,0xbe,0xb6,
    0x9d,0xb6,0xdd,0xbe,0xdd,0xc6,0xbd,0xc6,0xdd,0xc6,0xdd,0xc6,0xdd,0xbe,0xdd,0xbe,0xdd,0xc6,0xbc,0xbe,0xdd,0xbe,0xbd,0xbe,
    0xdc,0xbe,0xbd,0xbe,0xbc,0xbe,0xbd,0xbe,0xdb,0xce,0xfc,0xce,0xfb,0xce,0xfc,0xd6,0xfb,0xce,0xfc,0xd6,0xfb,0xce,0xfc,0xd6,
    0xfc,0xce,0x1c,0xd7,0xfc,0xd6,0x1c,0xd7,0xfd,0xd6,0x1c,0xd7,0x1d,0xd7,0xfc,0xd6,0xfd,0xce,0xfc,0xd6,0xfc,0xce,0xdc,0xce,
    0xfc,0xce,0xdb,0xce,0xdc,0xce,0xdc,0xce,0xbc,0xc6,0xbb,0xce,0xdc,0xce,0xbb,0xc6,0xbc,0xce,0xdb,0xc6,0xbc,0xc6,0xbb,0xc6,
    0xbc,0xc6,0xbb,0xc6,0x9c,0xc6,0xbb,0xc6,0x9b,0xc6,0xdc,0xc6,0xbb,0xc6,0xdb,0xc6,0xbc,0xc6,0x9b,0xbe,0x9c,0xbe,0x7b,0xbe,
    0x9c,0xbe,0x7b,0xb6,0x7b,0xb6,0x7c,0xb6,0x9c,0xbe,0x7c,0xb6,0x9c,0xb6,0x9c,0xbe,0x9c,0xbe,0x9c,0xb6,0x9c,0xb6,0x7b,0xb6,
    0x5b,0xb6,0x5b,0xb6,0x5b,0xae,0x5b,0xae,0x3b,0xae,0x3b,0xae,0x3b,0xb6,0x5b,0xae,0x3b,0xae,0x3b,0xb6,0x5b,0xae,0x3b,0xae,
    0x3a,0xae,0x3b,0xae,0x3a,0xae,0x3b,0xae,0x1a,0xb6,0x3b,0xae,0x3a,0xae,0x3b,0xb6,0x3a,0xae,0x3b,0xb6,0x3a,0xae,0x5b,0xb6,
    0x3b,0xb6,0x5a,0xae,0x5b,0xb6,0x5b,0xb6,0x5b,0xb6,0x5b,0xb6,0x7a,0xb6,0x7b,0xb6,0x7b,0xbe,0x7b,0xb6,0x7b,0xb6,0x9b,0xbe,
    0x7b,0xb6,0x9b,0xbe,0x9c,0xbe,0x9b,0xc6,0x9b,0xc6,0xbb,0xbe,0x9c,0xc6,0xbb,0xc6,0xdc,0xc6,0xbb,0xc6,0xbc,0xc6,0xdc,0xce,
    0xbb,0xce,0xdc,0xce,0xbb,0xc6,0xdc,0xce,0xbb,0xce,0xdc,0xce,0xdc,0xce,0xdc,0xce,0xdc,0xce,0xdc,0xce,0xdc,0xce,0xdc,0xce,
    0xdc,0xce,0xdc,0xce,0xdc,0xce,0xbc,0xce,0xdc,0xc6,0xdd,0xce,0xbc,0xce,0xdd,0xce,0xdc,0xc6,0xbc,0xce,0xdd,0xc6,0xbc,0xc6,
    0xdc,0xce,0xbd,0xce,0xdd,0xce,0xdc,0xce,0xdc,0xc6,0xdc,0xce,0xfc,0xd6,0x5d,0xdf,0x9e,0xe7,0x7e,0xe7,0x9e,0xef,0x9e,0xef,
    0x9e,0xef,0x9f,0xef,0x9e,0xef,0x9e,0xe7,0x9e,0xef,0x9e,0xef,0x9e,0xef,0x7e,0xe7,0x3d,0xdf,0x3d,0xd7,0xfe,0xc6,0x5d,0xa6,
    0x7d,0xa6,0xbe,0xb6,0xde,0xbe,0xde,0xbe,0xdd,0xbe,0xdd,0xc6,0xbd,0xbe,0xdd,0xc6,0xdd,0xbe,0xbd,0xc6,0xdc,0xc6,0xbd,0xbe,
    0xdd,0xbe,0xbd,0xbe,0xdc,0xc6,0xbd,0xbe,0xbd,0xc6,0xbc,0xbe,0xdd,0xbe,0xbc,0xbe,0xdb,0xce,0xdb,0xce,0xdc,0xce,0xfb,0xce,
    0xdc,0xce,0xfc,0xd6,0xfc,0xce,0xfb,0xce,0xfc,0xd6,0xfc,0xd6,0x1c,0xcf,0x1d,0xd7,0x1c,0xcf,0xfc,0xd6,0xfd,0xce,0x1c,0xd7,
    0xfc,0xce,0xfc,0xd6,0xfc,0xce,0xdc,0xce,0xdc,0xce,0xdc,0xce,0xdb,0xce,0xdb,0xce,0xdc,0xce,0xdc,0xc6,0xbc,0xce,0xdc,0xce,
    0xdc,0xc6,0xbb,0xc6,0xdc,0xce,0xbb,0xc6,0xbb,0xc6,0xbc,0xc6,0xbb,0xc6,0xbc,0xc6,0xdc,0xc6,0xbc,0xce,0xdc,0xc6,0xbb,0xc6,
    0xbc,0xc6,0x9b,0xbe,0x9b,0xbe,0x7b,0xbe,0x9b,0xbe,0x9c,0xbe,0x9b,0xbe,0x7b,0xb6,0x9c,0xb6,0x7b,0xb6,0x9c,0xb6,0x9c,0xb6,
    0x9c,0xbe,0x9c,0xb6,0x9c,0xbe,0x7c,0xb6,0x5b,0xb6,0x5b,0xae,0x5b,0xb6,0x5b,0xb6,0x3b,0xae,0x3b,0xae,0x3b,0xae,0x3b,0xae,
    0x3b,0xae,0x3a,0xae,0x3b,0xae,0x3a,0xae,0x3b,0xae,0x3a,0xae,0x1a,0xae,0x3b,0xae,0x1a,0xae,0x1a,0xae,0x3b,0xb6,0x1a,0xae,
    0x3b,0xae,0x3b,0xb6,0x3b,0xae,0x3b,0xae,0x3b,0xb6,0x5a,0xb6,0x5b,0xae,0x5b,0xb6,0x7b,0xb6,0x5b,0xb6,0x7b,0xb6,0x5a,0xb6,
    0x7b,0xb6,0x5a,0xb6,0x7b,0xb6,0x7b,0xbe,0x7b,0xb6,0x9b,0xbe,0x9b,0xbe,0x9b,0xbe,0x9b,0xc6,0x9b,0xbe,0xbb,0xc6,0xbc,0xc6,
    0xbb,0xc6,0xbc,0xc6,0xbb,0xc6,0xbb,0xc6,0xbc,0xc6,0xbb,0xce,0xdc,0xce,0xbc,0xc6,0xdc,0xce,0xdc,0xc6,0xdc,0xce,0xdc,0xce,
    0xdc,0xce,0xdc,0xce,0xdc,0xce,0xdc,0xce,0xdc,0xce,0xdc,0xce,0xdc,0xc6,0xbc,0xce,0xdc,0xce,0xdd,0xce,0xdc,0xce,0xbc,0xc6,
    0xdd,0xce,0xbc,0xc6,0xbc,0xc6,0xdc,0xc6,0xbc,0xc6,0xdc,0xc6,0xdd,0xce,0xfd,0xce,0xdc,0xce,0xfc,0xce,0x3d,0xd7,0x7f,0xe7,
    0x9e,0xe7,0x7e,0xe7,0x9e,0xe7,0x7e,0xef,0x9f,0xe7,0x9e,0xef,0x9e,0xe7,0x7e,0xef,0x9e,0xe7,0x9f,0xef,0x9e,0xe7,0x7d,0xe7,
    0x9e,0xe7,0x7e,0xe7,0x3d,0xd7,0xbd,0xbe,0xbd,0xb6,0xdd,0xc6,0xdd,0xbe,0xdd,0xbe,0xde,0xc6,0xdd,0xbe,0xdd,0xc6,0xdd,0xc6,
    0xbd,0xc6,0xbd,0xbe,0xdd,0xbe,0xbd,0xc6,0xdc,0xbe,0xbd,0xbe,0xbd,0xbe,0xbc,0xbe,0xdd,0xbe,0xbd,0xbe,0xbc,0xbe,0xbd,0xbe,
    0xdb,0xce,0xdc,0xce,0xfb,0xd6,0xdc,0xce,0xfb,0xd6,0xfc,0xce,0xdb,0xd6,0xfc,0xce,0xfc,0xd6,0x1c,0xd7,0x1d,0xd7,0x1c,0xd7,
    0x1d,0xd7,0xfc,0xd6,0xfc,0xce,0xfc,0xd6,0xfc,0xce,0xfc,0xd6,0xfc,0xce,0xdc,0xce,0xdb,0xce,0xdc,0xce,0xdc,0xc6,0xdc,0xce,
    0xbb,0xc6,0xdc,0xce,0xbb,0xc6,0xdc,0xce,0xbb,0xce,0xdc,0xc6,0xdc,0xc6,0xdc,0xce,0xbb,0xc6,0xbb,0xc6,0xdc,0xce,0xdd,0xce,
    0xdc,0xce,0xdc,0xce,0xdc,0xce,0xdc,0xce,0xbc,0xc6,0xbb,0xc6,0x9c,0xbe,0x9b,0xc6,0xbc,0xc6,0xdc,0xc6,0xbc,0xc6,0x7c,0xb6,
    0x7b,0xb6,0x7c,0xbe,0x7b,0xb6,0x7c,0xb6,0x7b,0xb6,0x7c,0xb6,0x7b,0xb6,0x7c,0xb6,0x5b,0xb6,0x5b,0xae,0x5b,0xb6,0x3b,0xae,
    0x3b,0xae,0x3c,0xb6,0x3b,0xae,0x3b,0xae,0x3b,0xb6,0x3b,0xae,0x3a,0xae,0x3b,0xae,0x3a,0xae,0x3b,0xae,0x3a,0xae,0x3a,0xae,
    0x1b,0xae,0x3a,0xae,0x3b,0xae,0x3a,0xae,0x3b,0xb6,0x3a,0xae,0x3a,0xb6,0x3b,0xae,0x3b,0xb6,0x5a,0xae,0x5b,0xb6,0x5b,0xb6,
    0x5b,0xb6,0x7b,0xb6,0x7a,0xb6,0x5b,0xb6,0x7a,0xb6,0x7b,0xb6,0x7b,0xbe,0x7a,0xb6,0x7b,0xbe,0x7b,0xbe,0x7c,0xbe,0x9b,0xbe,
    0x9b,0xbe,0x9b,0xc6,0x9b,0xbe,0x9b,0xc6,0xbb,0xc6,0xbb,0xc6,0xbc,0xc6,0xbb,0xce,0xbc,0xc6,0xdb,0xce,0xbc,0xc6,0xdb,0xce,
    0xbc,0xce,0xdb,0xce,0xbc,0xc6,0xdb,0xce,0xdc,0xce,0xdc,0xc6,0xdc,0xce,0xdc,0xce,0xdc,0xc6,0xdc,0xce,0xdc,0xce,0xbc,0xc6,
    0xdc,0xce,0xdd,0xce,0xdc,0xce,0xbc,0xce,0xdc,0xc6,0xdd,0xc6,0xdc,0xce,0xbd,0xc6,0xdc,0xce,0xdd,0xce,0xfd,0xce,0xfc,0xce,
    0x1d,0xcf,0x3e,0xd7,0x7e,0xdf,0x7e,0xe7,0x9f,0xe7,0x9e,0xef,0x7f,0xe7,0x7e,0xe7,0x9e,0xe7,0xbf,0xef,0x9e,0xef,0x7e,0xe7,
    0x7e,0xe7,0x7e,0xe7,0x9e,0xef,0x9e,0xef,0x9e,0xef,0xbe,0xef,0x9e,0xe7,0x5e,0xe7,0x3d,0xdf,0x1e,0xd7,0xfd,0xce,0xdd,0xc6,
    0xdd,0xc6,0xdd,0xc6,0xdd,0xc6,0xdd,0xc6,0xbd,0xbe,0xdc,0xc6,0xbd,0xbe,0xdd,0xbe,0xdd,0xc6,0xbc,0xbe,0xdd,0xc6,0xbd,0xbe,
    0xbc,0xbe,0xbd,0xbe,0xbc,0xbe,0xbd,0xbe,0xdb,0xce,0xdb,0xce,0xfc,0xce,0xdc,0xce,0xfc,0xce,0xfc,0xce,0xfc,0xd6,0xfc,0xd6,
    0x1c,0xcf,0x1c,0xd7,0x1d,0xd7,0x1c,0xd7,0x1c,0xd7,0xfc,0xce,0x1c,0xd7,0xfc,0xd6,0xfc,0xd6,0xfc,0xce,0xfc,0xd6,0xfc,0xce,
    0xdc,0xce,0xdb,0xce,0xdb,0xce,0xbc,0xce,0xdb,0xce,0xbc,0xce,0xdc,0xce,0xdb,0xc6,0xdc,0xce,0xbb,0xc6,0xdc,0xce,0xbb,0xc6,
    0xbc,0xc6,0xdc,0xce,0xdc,0xce,0xdc,0xce,0xdc,0xce,0xdc,0xc6,0xdc,0xce,0xdc,0xc6,0xbb,0xc6,0xbc,0xc6,0x9b,0xc6,0xdc,0xc6,
    0xfd,0xce,0xfd,0xce,0xdc,0xc6,0x7c,0xbe,0x7b,0xb6,0x7c,0xb6,0x7b,0xb6,0x5b,0xb6,0x7c,0xb6,0x5b,0xb6,0x7b,0xb6,0x7c,0xb6,
    0x7b,0xb6,0x5b,0xae,0x5b,0xb6,0x5b,0xae,0x5b,0xb6,0x3b,0xae,0x3b,0xae,0x3b,0xae,0x3b,0xae,0x5a,0xae,0x3b,0xb6,0x3a,0xae,
    0x1b,0xae,0x3a,0xae,0x1b,0xae,0x3a,0xae,0x1b,0xae,0x1a,0xb6,0x3b,0xae,0x1a,0xb6,0x3b,0xae,0x3b,0xae,0x3b,0xb6,0x3a,0xae,
    0x3b,0xb6,0x5b,0xb6,0x5b,0xb6,0x5a,0xb6,0x7b,0xb6,0x5b,0xb6,0x7b,0xb6,0x7a,0xb6,0x5b,0xb6,0x7a,0xb6,0x7b,0xb6,0x7b,0xb6,
    0x9b,0xb6,0x7b,0xbe,0x9b,0xbe,0x9b,0xbe,0x9b,0xbe,0x9b,0xbe,0x9b,0xbe,0xbc,0xc6,0xbb,0xbe,0xbb,0xc6,0xbb,0xc6,0xbc,0xc6,
    0xbb,0xc6,0xbc,0xce,0xdc,0xc6,0xbc,0xce,0xdc,0xc6,0xdc,0xce,0xbc,0xce,0xdc,0xc6,0xdc,0xce,0xdb,0xce,0xdc,0xce,0xdc,0xce,
    0xdb,0xce,0xdc,0xce,0xdc,0xce,0xbc,0xce,0xdc,0xce,0xdc,0xce,0xbc,0xc6,0xbc,0xce,0xdc,0xc6,0xbc,0xce,0xdd,0xc6,0xdc,0xce,
    0xdd,0xc6,0xdc,0xce,0xbc,0xc6,0xdd,0xce,0x3e,0xd7,0x7e,0xe7,0x7e,0xe7,0x7e,0xe7,0x9e,0xe7,0x7e,0xe7,0x7e,0xe7,0x3d,0xdf,
    0x3d,0xdf,0x7e,0xe7,0x7e,0xdf,0x5e,0xe7,0x5d,0xe7,0x7e,0xe7,0x9e,0xe7,0xbe,0xef,0x9e,0xef,0xbe,0xef,0x9e,0xef,0x7e,0xe7,
    0x5e,0xe7,0x7e,0xdf,0x3e,0xdf,0x1d,0xcf,0xdd,0xc6,0xdd,0xc6,0xbd,0xbe,0xdd,0xc6,0xbd,0xbe,0xbd,0xc6,0xdd,0xbe,0xdd,0xc6,
    0xbd,0xbe,0xdd,0xc6,0xbc,0xbe,0xbd,0xbe,0xbc,0xbe,0xbd,0xbe,0xbc,0xbe,0xbd,0xbe,0xdb,0xce,0xdc,0xce,0xdb,0xce,0xfb,0xd6,
    0xfc,0xce,0xfb,0xd6,0xfc,0xce,0x1c,0xd7,0xfc,0xd6,0x1c,0xd7,0x1d,0xd7,0x1d,0xd7,0x1c,0xd7,0xfc,0xd6,0x1c,0xd7,0x1c,0xcf,
    0x1c,0xd7,0xfc,0xd6,0xfc,0xce,0xfc,0xd6,0xfc,0xce,0xdc,0xce,0xdb,0xce,0xdc,0xce,0xbb,0xc6,0xdb,0xce,0xbb,0xce,0xdc,0xce,
    0xbb,0xce,0xdc,0xce,0xbb,0xce,0xdb,0xc6,0xdc,0xce,0xdb,0xce,0xdc,0xce,0xfc,0xce,0xfc,0xce,0xdc,0xce,0xdc,0xce,0xdc,0xce,
    0x9b,0xc6,0xbc,0xc6,0xbc,0xce,0xfc,0xce,0xfd,0xd6,0xdd,0xc6,0xbc,0xc6,0x9b,0xb6,0x7c,0xb6,0x7b,0xae,0x5b,0xb6,0x7b,0xae,
    0x5b,0xb6,0x7b,0xb6,0x5b,0xb6,0x7c,0xb6,0x5b,0xb6,0x5b,0xae,0x5b,0xb6,0x5b,0xae,0x5b,0xb6,0x5b,0xae,0x3b,0xae,0x3a,0xae,
    0x3a,0xae,0x3b,0xae,0x3a,0xae,0x1b,0xae,0x3a,0xae,0x1b,0xb6,0x3a,0xae,0x1b,0xae,0x3a,0xb6,0x3b,0xae,0x3a,0xae,0x3b,0xb6,
    0x3b,0xae,0x3b,0xb6,0x5b,0xb6,0x3b,0xae,0x5b,0xb6,0x5a,0xae,0x5b,0xb6,0x5b,0xb6,0x5b,0xb6,0x7a,0xb6,0x7b,0xb6,0x7b,0xbe,
    0x7b,0xb6,0x7b,0xbe,0x7b,0xb6,0x7b,0xbe,0x7b,0xb6,0x7b,0xb6,0x9b,0xbe,0x7b,0xbe,0x9c,0xbe,0x9b,0xbe,0x9b,0xc6,0x9b,0xbe,
    0x9b,0xc6,0xbb,0xc6,0xbc,0xc6,0xbb,0xc6,0xbb,0xc6,0xbc,0xce,0xdb,0xce,0xdc,0xc6,0xbb,0xce,0xdc,0xce,0xdb,0xc6,0xbc,0xce,
    0xdb,0xce,0xbc,0xc6,0xbc,0xce,0xdb,0xc6,0xbc,0xce,0xbc,0xc6,0xdb,0xce,0xbc,0xc6,0xdc,0xce,0xdd,0xce,0xdc,0xce,0xdd,0xce,
    0xdc,0xce,0xdc,0xce,0xdc,0xce,0xfc,0xce,0xdd,0xce,0xbc,0xce,0xdc,0xce,0xfc,0xce,0x3d,0xd7,0x5e,0xdf,0x5e,0xdf,0x7e,0xe7,
    0x7e,0xe7,0x7f,0xe7,0x1d,0xd7,0xdc,0xce,0xfc,0xd6,0x1d,0xd7,0xfc,0xde,0x3d,0xdf,0x3d,0xdf,0x3d,0xdf,0x5d,0xe7,0x9e,0xe7,
    0xbe,0xf7,0x9e,0xef,0x9e,0xef,0x7e,0xef,0x7e,0xe7,0x7e,0xe7,0x3e,0xdf,0x3e,0xd7,0xfd,0xce,0xdd,0xc6,0xdd,0xc6,0xdd,0xc6,
    0xdd,0xbe,0xdd,0xbe,0xbd,0xc6,0xbc,0xc6,0xbd,0xbe,0xbd,0xc6,0xdd,0xbe,0xbc,0xbe,0xbd,0xbe,0xbc,0xbe,0xdd,0xbe,0xbc,0xbe,
    0xdb,0xce,0xdb,0xce,0xdc,0xce,0xfc,0xce,0xdc,0xd6,0xfc,0xce,0xfc,0xd6,0x1c,0xd7,0x1c,0xd7,0x1c,0xd7,0x1c,0xd7,0x3d,0xd7,
    0x1c,0xd7,0xfc,0xce,0x1c,0xd7,0xfc,0xd6,0x1c,0xd7,0xfc,0xce,0xfc,0xce,0xfc,0xd6,0xdb,0xce,0xfc,0xce,0xdc,0xce,0xdb,0xce,
    0xdc,0xce,0xdc,0xce,0xdc,0xce,0xdb,0xce,0xdc,0xce,0xdc,0xce,0xdc,0xce,0xdc,0xce,0xfc,0xce,0xfc,0xce,0xfc,0xd6,0x1d,0xd7,
    0xfc,0xce,0xdc,0xce,0xdc,0xce,0xbc,0xc6,0xbb,0xc6,0xbc,0xce,0xdc,0xce,0xfd,0xce,0xdc,0xce,0xdc,0xc6,0x9b,0xbe,0x7b,0xb6,
    0x7b,0xb6,0x7b,0xb6,0x5b,0xae,0x5b,0xb6,0x7c,0xae,0x5b,0xb6,0x5b,0xae,0x5b,0xb6,0x5b,0xae,0x5b,0xb6,0x5b,0xae,0x5b,0xb6,
    0x5b,0xb6,0x5b,0xae,0x3a,0xb6,0x3b,0xae,0x3a,0xae,0x3b,0xae,0x3a,0xae,0x3b,0xb6,0x3a,0xae,0x3b,0xae,0x3a,0xb6,0x3b,0xae,
    0x3a,0xb6,0x3b,0xae,0x3b,0xb6,0x5b,0xb6,0x5b,0xb6,0x5b,0xb6,0x5b,0xb6,0x5b,0xb6,0x5b,0xb6,0x5a,0xb6,0x5b,0xb6,0x7b,0xb6,
    0x7b,0xb6,0x7b,0xb6,0x7b,0xb6,0x7a,0xb6,0x7b,0xbe,0x7b,0xb6,0x7b,0xbe,0x7b,0xb6,0x7b,0xbe,0x9b,0xb6,0x7b,0xb6,0x9b,0xbe,
    0x9b,0xbe,0x7b,0xbe,0x9b,0xbe,0x9c,0xc6,0xbb,0xc6,0x9b,0xc6,0xbb,0xc6,0xbc,0xc6,0xdb,0xc6,0xbc,0xc6,0xdb,0xce,0xbc,0xce,
    0xdc,0xc6,0xbb,0xce,0xdc,0xce,0xbc,0xc6,0xdc,0xce,0xdc,0xce,0xbb,0xce,0xdc,0xc6,0xdc,0xce,0xdc,0xce,0xbc,0xc6,0xdc,0xce,
    0xdc,0xc6,0xdc,0xce,0xfc,0xce,0xfd,0xce,0xfc,0xce,0xfd,0xce,0xfd,0xce,0xdc,0xce,0xdc,0xce,0xbc,0xc6,0xdd,0xce,0xfd,0xce,
    0x1d,0xd7,0x3e,0xdf,0x5e,0xdf,0x1d,0xd7,0xfd,0xd6,0x1d,0xd7,0x1c,0xd7,0xfd,0xd6,0xfc,0xd6,0x1d,0xd7,0x1d,0xdf,0x7e,0xe7,
    0x7e,0xe7,0x3d,0xdf,0x5d,0xe7,0x7d,0xe7,0x7e,0xef,0x9e,0xef,0x9e,0xe7,0x5d,0xe7,0x5d,0xe7,0x5e,0xe7,0x3d,0xd7,0x3e,0xd7,
    0xfd,0xce,0xdd,0xce,0xdd,0xc6,0xbd,0xc6,0xbd,0xc6,0xbd,0xbe,0xdd,0xc6,0xbd,0xbe,0xdd,0xc6,0xbc,0xbe,0xbd,0xbe,0xbc,0xbe,
    0xbd,0xbe,0xbc,0xbe,0xbd,0xbe,0xbc,0xbe,0xdb,0xce,0xdc,0xce,0xfb,0xce,0xfc,0xd6,0xfb,0xce,0xfc,0xd6,0x1c,0xd7,0x1c,0xcf,
    0xfc,0xd6,0x1d,0xd7,0x1c,0xd7,0x1c,0xd7,0x1c,0xd7,0x1d,0xd7,0x1c,0xd7,0x1d,0xd7,0xfc,0xce,0xfc,0xd6,0xfc,0xd6,0xfc,0xce,
    0xfc,0xd6,0xfc,0xce,0xdc,0xd6,0xfc,0xce,0xdb,0xce,0xfc,0xce,0xfc,0xce,0xdc,0xce,0xdb,0xce,0xfc,0xce,0xdc,0xce,0xfc,0xce,
    0xdc,0xce,0xfc,0xd6,0xfc,0xce,0xfc,0xce,0x1d,0xd7,0xfc,0xce,0xbb,0xce,0xdb,0xce,0xbb,0xc6,0xbb,0xc6,0xdc,0xce,0xfd,0xd6,
    0xdc,0xce,0xbc,0xc6,0x9b,0xbe,0x7b,0xb6,0x7c,0xb6,0x7b,0xae,0x7c,0xb6,0x7b,0xb6,0x5b,0xae,0x5b,0xb6,0x5b,0xb6,0x5b,0xae,
    0x7c,0xb6,0x5b,0xb6,0x5b,0xb6,0x5b,0xae,0x5b,0xb6,0x5b,0xae,0x3b,0xae,0x3a,0xae,0x3b,0xae,0x3b,0xae,0x3a,0xae,0x3b,0xb6,
    0x5a,0xb6,0x3b,0xb6,0x5b,0xb6,0x5a,0xb6,0x5b,0xb6,0x5a,0xb6,0x5b,0xb6,0x7b,0xb6,0x7b,0xb6,0x7b,0xb6,0x7b,0xb6,0x5b,0xb6,
    0x5b,0xb6,0x5b,0xb6,0x5a,0xb6,0x7b,0xb6,0x7b,0xb6,0x7b,0xbe,0x7b,0xbe,0x7b,0xb6,0x7b,0xb6,0x9b,0xbe,0x9b,0xbe,0x9b,0xb6,
    0x7b,0xbe,0x9b,0xbe,0x7b,0xbe,0x9b,0xb6,0x9b,0xbe,0x9b,0xbe,0x9b,0xbe,0x9b,0xc6,0xbb,0xc6,0xbc,0xc6,0xbb,0xc6,0xbb,0xc6,
    0xbc,0xc6,0xbb,0xce,0xdc,0xc6,0xdc,0xce,0xdc,0xce,0xdc,0xce,0xdc,0xce,0xdb,0xce,0xbc,0xc6,0xdc,0xce,0xdc,0xc6,0xdc,0xce,
    0xdc,0xce,0xdb,0xce,0xdc,0xce,0xfc,0xce,0xfc,0xd6,0xfd,0xd6,0x1d,0xd7,0xfc,0xd6,0xfd,0xd6,0xfc,0xce,0xdd,0xce,0xfc,0xd6,
    0xdd,0xce,0xbc,0xce,0xdc,0xce,0xfd,0xd6,0x1d,0xd7,0x1c,0xd7,0x1d,0xd7,0xfc,0xce,0xdc,0xce,0xdc,0xce,0xfd,0xce,0xfc,0xd6,
    0xfd,0xd6,0x1c,0xd7,0x3d,0xdf,0x7e,0xe7,0x5d,0xe7,0x5d,0xe7,0x5d,0xe7,0x9e,0xe7,0x9e,0xef,0x9e,0xef,0x9e,0xef,0x7e,0xe7,
    0x5d,0xe7,0x5d,0xdf,0x3d,0xdf,0x1d,0xd7,0x3e,0xcf,0xfd,0xce,0xdc,0xc6,0xdd,0xc6,0xdc,0xc6,0xdd,0xc6,0xbd,0xbe,0xbc,0xc6,
    0xbd,0xbe,0xbc,0xc6,0x9d,0xbe,0xbc,0xbe,0xbc,0xbe,0xbc,0xb6,0xbc,0xbe,0xbd,0xbe,0xdb,0xce,0xdb,0xce,0xdc,0xce,0xfc,0xd6,
    0xfc,0xce,0xfc,0xd6,0xfc,0xd6,0x1c,0xd7,0x1c,0xd7,0x1c,0xd7,0x1d,0xd7,0x1c,0xd7,0x1d,0xd7,0x1c,0xd7,0x1d,0xd7,0x1c,0xd7,
    0x1c,0xd7,0xfc,0xce,0xfb,0xd6,0xfc,0xce,0xfc,0xd6,0xfc,0xce,0xfc,0xce,0xdc,0xce,0xdb,0xce,0xfc,0xd6,0xfc,0xce,0xfc,0xd6,
    0xdc,0xce,0xdc,0xce,0xfb,0xce,0xdc,0xce,0xfc,0xce,0xfc,0xce,0xfd,0xd6,0xfc,0xce,0x1c,0xd7,0xdc,0xce,0xdc,0xce,0xbc,0xc6,
    0xbb,0xce,0xdc,0xce,0xdc,0xce,0x1d,0xd7,0xfc,0xce,0x9c,0xbe,0x9b,0xbe,0x9b,0xb6,0x7c,0xb6,0x7c,0xb6,0x5b,0xae,0x7b,0xb6,
    0x5b,0xb6,0x5b,0xae,0x5b,0xb6,0x7c,0xb6,0x7b,0xb6,0x7b,0xb6,0x5c,0xb6,0x7b,0xb6,0x5b,0xae,0x3b,0xb6,0x3b,0xae,0x5b,0xae,
    0x3a,0xae,0x3b,0xb6,0x5b,0xae,0x5a,0xb6,0x5b,0xb6,0x7b,0xb6,0x9b,0xb6,0x7b,0xbe,0x7b,0xbe,0x7b,0xbe,0x7b,0xbe,0x7b,0xbe,
    0x7b,0xbe,0x9c,0xbe,0x7b,0xb6,0x7b,0xb6,0x5a,0xb6,0x7b,0xb6,0x7b,0xb6,0x7b,0xb6,0x7b,0xbe,0x7b,0xb6,0x7b,0xb6,0x7b,0xbe,
    0x7b,0xb6,0x9b,0xbe,0x9b,0xbe,0x9b,0xbe,0x9b,0xb6,0x7b,0xbe,0x9b,0xb6,0x9b,0xbe,0x9c,0xbe,0x9b,0xbe,0x9c,0xc6,0xbb,0xbe,
    0xbc,0xc6,0xbb,0xc6,0xdc,0xc6,0xbb,0xc6,0xdc,0xc6,0xbb,0xce,0xdc,0xce,0xdc,0xce,0xdc,0xce,0xdc,0xce,0xdc,0xce,0xdc,0xc6,
    0xbb,0xce,0xdc,0xce,0xbb,0xce,0xdc,0xce,0xdc,0xce,0xfc,0xce,0xfc,0xce,0xfd,0xd6,0x1c,0xcf,0x1c,0xd7,0x1d,0xcf,0x1d,0xd7,
    0x1d,0xcf,0xfd,0xd6,0xfc,0xce,0xdc,0xce,0xdc,0xce,0xdd,0xce,0xfd,0xce,0x1d,0xd7,0x1d,0xd7,0xfd,0xce,0xfc,0xce,0xdc,0xce,
    0xbc,0xce,0xdc,0xce,0xdc,0xce,0xdc,0xce,0x1d,0xd7,0x1d,0xdf,0x3d,0xdf,0x5e,0xe7,0x5e,0xe7,0x5d,0xdf,0x5d,0xe7,0x9e,0xe7,
    0x9e,0xef,0x9e,0xef,0x9e,0xef,0x7e,0xef,0x5e,0xe7,0x5d,0xdf,0x3d,0xd7,0x5e,0xd7,0x5e,0xd7,0xfd,0xce,0xdc,0xce,0xdd,0xc6,
    0xdc,0xc6,0xbd,0xc6,0xdd,0xc6,0xbd,0xbe,0xdd,0xc6,0xbd,0xbe,0xbc,0xbe,0xbc,0xbe,0xbd,0xb6,0xbc,0xbe,0xbd,0xbe,0xbc,0xb6,
    0xdb,0xce,0xdc,0xce,0xfb,0xce,0xfc,0xd6,0xfc,0xce,0xfc,0xce,0x1c,0xd7,0xfc,0xce,0x1c,0xd7,0x1c,0xd7,0x1c,0xd7,0x1c,0xd7,
    0x1c,0xd7,0x1c,0xd7,0x3c,0xd7,0x3c,0xd7,0x1c,0xd7,0x1c,0xd7,0xfc,0xd6,0xfc,0xce,0x1c,0xd7,0xfc,0xd6,0xfc,0xce,0xdb,0xd6,
    0xfc,0xce,0xdc,0xce,0xfc,0xd6,0xfc,0xce,0xfb,0xce,0xdc,0xce,0xdc,0xce,0xfb,0xce,0xdc,0xd6,0xfc,0xce,0xfc,0xd6,0xfc,0xce,
    0xdc,0xce,0xdc,0xce,0xdb,0xce,0xdc,0xce,0xdb,0xce,0xdc,0xce,0xfc,0xce,0x1d,0xd7,0xbc,0xc6,0x9b,0xbe,0x9b,0xbe,0x9c,0xbe,
    0x7b,0xb6,0x7b,0xb6,0x7b,0xb6,0x7c,0xae,0x5b,0xb6,0x7c,0xb6,0x5b,0xb6,0x7b,0xb6,0x7c,0xb6,0x7b,0xb6,0x7b,0xb6,0x7b,0xb6,
    0x5b,0xb6,0x5b,0xae,0x5a,0xb6,0x5b,0xae,0x5b,0xb6,0x5b,0xae,0x5b,0xb6,0x5a,0xb6,0x5b,0xb6,0x9b,0xbe,0xbc,0xc6,0x9c,0xbe,
    0x9b,0xbe,0x9c,0xbe,0x7b,0xbe,0x7b,0xbe,0x9b,0xbe,0x9c,0xbe,0x7b,0xbe,0x7b,0xb6,0x5b,0xb6,0x7b,0xbe,0x7b,0xb6,0x9b,0xbe,
    0x7b,0xb6,0x9b,0xb6,0x9b,0xb6,0x9b,0xbe,0x9b,0xbe,0xbc,0xbe,0xbc,0xbe,0x9b,0xbe,0x9c,0xbe,0x9b,0xbe,0x9b,0xbe,0x9b,0xbe,
    0x9b,0xbe,0x9b,0xbe,0x9b,0xc6,0xbc,0xc6,0xbb,0xc6,0xdc,0xce,0xbb,0xc6,0xbc,0xce,0xdc,0xc6,0xdc,0xce,0xdc,0xce,0xdc,0xce,
    0xdc,0xce,0xfc,0xce,0xdc,0xce,0xdc,0xce,0xdc,0xce,0xbc,0xc6,0xdc,0xce,0xdc,0xce,0xfc,0xce,0xfd,0xce,0xfd,0xd6,0x1c,0xd7,
    0x1d,0xd7,0x1d,0xd7,0x1c,0xd7,0x1d,0xd7,0x1d,0xd7,0xfc,0xd6,0xfc,0xce,0xdc,0xce,0xdc,0xce,0xdc,0xce,0xfc,0xce,0xfd,0xce,
    0x1c,0xd7,0xdc,0xce,0xdd,0xce,0xdc,0xce,0xbc,0xc6,0xdc,0xce,0xdc,0xce,0xdc,0xce,0x1d,0xd7,0x3d,0xdf,0x7e,0xe7,0x7e,0xdf,
    0x5d,0xe7,0x5d,0xdf,0x5e,0xe7,0x7d,0xe7,0x9e,0xef,0x9e,0xef,0xbe,0xef,0x9e,0xe7,0x5d,0xe7,0x5e,0xdf,0x5d,0xdf,0x5e,0xdf,
    0x3d,0xd7,0xfd,0xce,0xdd,0xce,0xdc,0xc6,0xdd,0xc6,0xbc,0xc6,0xdd,0xc6,0xbc,0xc6,0xbd,0xbe,0xbc,0xc6,0x9d,0xbe,0xbc,0xbe,
    0xbc,0xbe,0xbc,0xbe,0xbc,0xbe,0xbc,0xbe,0xdb,0xce,0xdb,0xce,0xdc,0xce,0xfb,0xd6,0xfc,0xce,0xfc,0xd6,0xfc,0xce,0x1c,0xd7,
    0xfc,0xd6,0x1c,0xcf,0x1c,0xd7,0x1c,0xd7,0x1c,0xd7,0x1c,0xd7,0x1c,0xd7,0x1c,0xd7,0x1c,0xd7,0x1c,0xd7,0x1c,0xd7,0xfc,0xce,
    0xfc,0xd6,0xfc,0xce,0xfc,0xd6,0xfb,0xce,0xdc,0xd6,0xfb,0xd6,0xdc,0xce,0xfb,0xd6,0xdc,0xce,0xfb,0xd6,0xdc,0xce,0xfc,0xce,
    0xfb,0xce,0xfc,0xd6,0xfc,0xce,0xfc,0xd6,0xdb,0xce,0xdc,0xce,0xfb,0xce,0xdc,0xce,0xdb,0xce,0xdc,0xce,0xdc,0xce,0x1c,0xcf,
    0xdc,0xce,0x9b,0xbe,0x7b,0xbe,0x9b,0xbe,0x7b,0xb6,0x7b,0xb6,0x5b,0xb6,0x7b,0xb6,0x5c,0xae,0x5b,0xb6,0x7b,0xb6,0x7b,0xb6,
    0x9b,0xbe,0x9c,0xbe,0x9c,0xbe,0x9b,0xb6,0x7b,0xb6,0x7b,0xb6,0x5b,0xb6,0x5a,0xb6,0x7b,0xb6,0x7b,0xb6,0x7b,0xb6,0x5b,0xb6,
    0x7b,0xbe,0xbb,0xc6,0xbc,0xc6,0xbb,0xc6,0xbc,0xc6,0xbc,0xc6,0xbc,0xc6,0x9b,0xc6,0xbc,0xc6,0xbb,0xc6,0x9b,0xbe,0x7b,0xc6,
    0x7a,0xbe,0x7b,0xbe,0x9b,0xbe,0x9b,0xb6,0x9b,0xbe,0x9b,0xb6,0x9b,0xb6,0x9b,0xb6,0xbb,0xbe,0xbc,0xbe,0x9b,0xbe,0xbc,0xbe,
    0x9b,0xbe,0x9c,0xbe,0x9b,0xbe,0x9c,0xbe,0x9b,0xc6,0xbc,0xc6,0xbc,0xc6,0xbc,0xce,0xdc,0xce,0xdc,0xce,0xdc,0xce,0xdb,0xc6,
    0xdc,0xce,0xdc,0xce,0xdc,0xce,0xfc,0xce,0xdc,0xce,0xdc,0xce,0xdc,0xce,0xdc,0xce,0xdc,0xce,0xdc,0xce,0xdc,0xce,0xfc,0xce,
    0xdc,0xce,0xfc,0xd6,0x1d,0xcf,0x1d,0xd7,0x1c,0xd7,0x1d,0xd7,0x1c,0xd7,0x1d,0xd7,0x1c,0xd7,0xfd,0xce,0xfc,0xce,0xdc,0xce,
    0xdc,0xce,0xfc,0xce,0xdc,0xce,0xfc,0xce,0xfd,0xd6,0xfc,0xce,0xdc,0xce,0xdc,0xce,0xdc,0xce,0xdc,0xce,0xfd,0xce,0x1c,0xd7,
    0x3d,0xd7,0x5e,0xdf,0x7e,0xe7,0x9f,0xe7,0x9e,0xe7,0x5e,0xe7,0x7d,0xe7,0x7e,0xe7,0x7d,0xef,0xbe,0xef,0xbe,0xef,0x7d,0xe7,
    0x5d,0xdf,0x5e,0xdf,0x5e,0xdf,0x3e,0xd7,0x3e,0xd7,0x1d,0xcf,0xfd,0xce,0xdc,0xce,0xdd,0xc6,0xbc,0xc6,0xdc,0xc6,0xdd,0xc6,
    0xdd,0xc6,0xbc,0xbe,0xbc,0xbe,0xbc,0xbe,0xbc,0xbe,0xbc,0xbe,0xbc,0xbe,0xbc,0xbe,0xdb,0xce,0xdc,0xce,0xfc,0xce,0xfc,0xd6,
    0xfc,0xce,0xfb,0xd6,0xfc,0xd6,0x1c,0xd7,0xfc,0xd6,0x1c,0xd7,0xfc,0xce,0x1c,0xd7,0x1c,0xd7,0x1c,0xd7,0x1c,0xd7,0x1c,0xd7,
    0x1c,0xd7,0x1c,0xd7,0x1c,0xcf,0xfc,0xd6,0xfc,0xce,0xfb,0xd6,0xfc,0xce,0xdc,0xce,0xfb,0xce,0xfc,0xd6,0xdb,0xce,0xfc,0xd6,
    0xfb,0xce,0xdc,0xce,0xdb,0xce,0xfc,0xd6,0xdc,0xce,0xfc,0xd6,0xfc,0xce,0xfc,0xce,0xdc,0xce,0xdc,0xce,0xdb,0xce,0xdc,0xce,
    0xdc,0xce,0xdb,0xce,0xdc,0xce,0xfc,0xce,0xfc,0xce,0xbc,0xc6,0x9b,0xbe,0x7b,0xbe,0x7b,0xb6,0x7b,0xb6,0x7b,0xb6,0x5b,0xae,
    0x5b,0xb6,0x5b,0xb6,0x7b,0xb6,0x7c,0xbe,0x9b,0xbe,0x9c,0xbe,0x9b,0xbe,0x9b,0xbe,0x7b,0xbe,0x7b,0xb6,0x7b,0xbe,0x7b,0xb6,
    0x7b,0xbe,0x7b,0xbe,0x9b,0xbe,0x7b,0xbe,0x9b,0xbe,0xbc,0xc6,0xdc,0xce,0xbc,0xce,0xdc,0xce,0xdc,0xce,0xfc,0xce,0xdc,0xce,
    0xbc,0xc6,0xbc,0xc6,0x9b,0xc6,0x9c,0xbe,0x9b,0xbe,0x9b,0xbe,0x9b,0xbe,0x9b,0xbe,0x9b,0xbe,0x9b,0xbe,0x9b,0xb6,0x9b,0xbe,
    0xbc,0xbe,0xbc,0xc6,0xbb,0xc6,0x9c,0xbe,0x9b,0xbe,0x9b,0xbe,0x9c,0xbe,0xbb,0xc6,0xbc,0xc6,0xbc,0xc6,0xdc,0xce,0xdc,0xce,
    0xdc,0xce,0xdc,0xce,0xdc,0xce,0xdc,0xce,0xdc,0xce,0xdc,0xce,0xdc,0xce,0xfc,0xce,0xdc,0xce,0xfc,0xce,0xdc,0xce,0xdc,0xce,
    0xdc,0xce,0xfc,0xce,0xdc,0xce,0xfc,0xce,0xfd,0xce,0xfc,0xd6,0x1d,0xd7,0x1c,0xd7,0x1d,0xd7,0x1c,0xd7,0x1d,0xd7,0x1c,0xd7,
    0xfc,0xce,0xfc,0xd6,0xfc,0xce,0xdc,0xce,0xdc,0xce,0xdc,0xce,0xfc,0xce,0xdc,0xce,0xfc,0xce,0xdc,0xce,0xdd,0xce,0xdc,0xce,
    0xdc,0xce,0xdd,0xce,0x1c,0xd7,0x3e,0xd7,0x5e,0xdf,0x5d,0xdf,0x7e,0xe7,0x5e,0xe7,0x5e,0xdf,0x3d,0xdf,0x5d,0xe7,0x7e,0xe7,
    0x7e,0xe7,0x9e,0xef,0x9e,0xe7,0x7d,0xe7,0x7e,0xdf,0x5d,0xdf,0x1d,0xd7,0x3d,0xd7,0x3d,0xd7,0x1d,0xd7,0xfd,0xce,0xdd,0xce,
    0xdc,0xc6,0xbc,0xce,0xdd,0xc6,0xdd,0xc6,0xdc,0xc6,0xbd,0xc6,0xbc,0xc6,0xbc,0xbe,0xbc,0xbe,0xbc,0xbe,0xbc,0xbe,0x9c,0xbe,
    0xdb,0xce,0xdb,0xce,0xdb,0xce,0xdb,0xce,0xfc,0xce,0xdb,0xce,0xfc,0xce,0xfc,0xce,0xfc,0xce,0xfc,0xce,0xfb,0xd6,0xfc,0xce,
    0xfb,0xce,0x1c,0xd7,0x1c,0xcf,0x1c,0xd7,0x1c,0xcf,0xfb,0xd6,0xfc,0xce,0xfb,0xd6,0xfc,0xce,0xfc,0xce,0xfc,0xd6,0xfb,0xce,
    0xdc,0xd6,0xdb,0xce,0xfc,0xd6,0xdc,0xce,0xdb,0xd6,0xdb,0xce,0xdb,0xce,0xfb,0xce,0xdb,0xce,0xfc,0xce,0xfc,0xd6,0xdc,0xce,
    0xfb,0xce,0xdc,0xce,0xfc,0xce,0xdc,0xce,0xdb,0xce,0xfc,0xce,0xdc,0xce,0xfc,0xd6,0xfc,0xd6,0xdc,0xce,0xbb,0xc6,0x7b,0xbe,
    0x7b,0xbe,0x7a,0xb6,0x5b,0xb6,0x7b,0xb6,0x5b,0xb6,0x7b,0xb6,0x7b,0xb6,0x7b,0xb6,0x9b,0xbe,0x9b,0xbe,0x9b,0xbe,0x9c,0xbe,
    0x9b,0xbe,0x7b,0xbe,0x7b,0xbe,0x7b,0xbe,0x9b,0xbe,0x7b,0xbe,0x7b,0xbe,0x9b,0xc6,0xbb,0xc6,0xbc,0xc6,0xdb,0xce,0xdc,0xce,
    0xfc,0xce,0xfc,0xd6,0xdc,0xce,0xdc,0xce,0xbb,0xc6,0xbc,0xc6,0xbb,0xc6,0xbb,0xce,0xbc,0xc6,0xdc,0xc6,0x9c,0xc6,0x9b,0xbe,
    0x9b,0xbe,0x9b,0xbe,0x9b,0xbe,0x9b,0xbe,0x9b,0xc6,0xbc,0xc6,0xbc,0xc6,0xbb,0xc6,0x9c,0xc6,0xbb,0xc6,0x9b,0xc6,0xbc,0xc6,
    0xdc,0xc6,0xdc,0xc6,0xfc,0xce,0xfd,0xce,0xfc,0xce,0xfc,0xce,0xdc,0xce,0xfc,0xce,0xfc,0xce,0xfc,0xce,0xdc,0xce,0xfc,0xce,
    0xdc,0xce,0xfc,0xce,0xdc,0xce,0xfc,0xce,0xfc,0xce,0xfc,0xce,0xfc,0xce,0xfd,0xd6,0xfc,0xce,0xfd,0xce,0xfc,0xce,0x1c,0xd7,
    0xfd,0xd6,0x1c,0xd7,0x1c,0xd7,0x1d,0xd7,0xfc,0xce,0xfd,0xce,0xfc,0xce,0xfc,0xce,0xfc,0xce,0xfc,0xce,0xdd,0xce,0xfc,0xce,
    0xdd,0xce,0xfc,0xce,0xdc,0xce,0xdc,0xce,0xfc,0xce,0xfd,0xce,0xfd,0xd6,0x5d,0xdf,0x5e,0xdf,0x5e,0xdf,0x5e,0xdf,0x1c,0xd7,
    0xfc,0xd6,0x1c,0xd7,0x3d,0xdf,0x7e,0xe7,0x7d,0xef,0x9e,0xef,0x9e,0xef,0x9e,0xe7,0x5d,0xdf,0x3d,0xdf,0x1d,0xd7,0xfd,0xd6,
    0xfd,0xce,0xfd,0xce,0xdd,0xce,0xfc,0xc6,0xdd,0xce,0xdc,0xc6,0xdd,0xc6,0xdc,0xc6,0xdd,0xc6,0xdc,0xc6,0xdc,0xc6,0xbc,0xc6,
    0xbc,0xbe,0x9c,0xbe,0xbc,0xbe,0xbc,0xbe,0xdb,0xce,0xdc,0xce,0xdb,0xce,0xdc,0xce,0xdb,0xce,0xdc,0xce,0xdb,0xce,0xdb,0xce,
    0xdb,0xd6,0xfc,0xce,0xfb,0xce,0xfb,0xd6,0xfc,0xce,0xfb,0xce,0xdb,0xce,0xfb,0xce,0xfb,0xd6,0xfc,0xce,0xfb,0xce,0xdc,0xce,
    0xdb,0xce,0xdb,0xce,0xdc,0xce,0xdb,0xce,0xfc,0xd6,0xdb,0xce,0xdb,0xce,0xdb,0xce,0xfc,0xce,0xdb,0xce,0xdc,0xce,0xdb,0xce,
    0xdc,0xce,0xdb,0xce,0xdc,0xce,0xdb,0xce,0xdc,0xce,0xfc,0xd6,0xfc,0xce,0xfc,0xd6,0xfc,0xd6,0xfc,0xce,0xfc,0xd6,0xfc,0xce,
    0x1c,0xd7,0xdc,0xce,0xbb,0xc6,0xbb,0xc6,0x9b,0xbe,0x7b,0xbe,0x7b,0xb6,0x5a,0xb6,0x7b,0xb6,0x7b,0xb6,0x7b,0xb6,0x9b,0xbe,
    0x9b,0xb6,0xbb,0xbe,0x9c,0xc6,0x9b,0xbe,0x7b,0xbe,0x9b,0xbe,0x9c,0xc6,0x9b,0xc6,0x9c,0xc6,0xbc,0xc6,0x9b,0xc6,0xbc,0xc6,
    0xdc,0xce,0xdc,0xce,0xdc,0xce,0xfc,0xd6,0xfc,0xd6,0xfc,0xce,0xdc,0xce,0xdc,0xce,0xdc,0xce,0xdc,0xce,0xdc,0xce,0xdc,0xce,
    0xdc,0xce,0xdc,0xce,0xbc,0xc6,0x9b,0xbe,0x9c,0xbe,0x9b,0xbe,0x9b,0xbe,0x9b,0xbe,0x9c,0xbe,0xbb,0xc6,0xbc,0xc6,0xbc,0xc6,
    0xbb,0xc6,0xbc,0xbe,0xbb,0xc6,0xbc,0xc6,0xbb,0xc6,0xdc,0xce,0xfd,0xce,0xfd,0xd6,0xfc,0xce,0xfd,0xd6,0xfc,0xce,0x1d,0xd7,
    0x1d,0xd7,0xfd,0xd6,0xfc,0xce,0xfd,0xd6,0xfd,0xce,0xfd,0xd6,0x1d,0xcf,0xdc,0xce,0xfd,0xd6,0xfc,0xce,0xfd,0xce,0xfc,0xce,
    0xfc,0xd6,0xfc,0xce,0xfd,0xd6,0xfc,0xce,0x1c,0xd7,0xfd,0xce,0x1c,0xd7,0xfc,0xd6,0x1d,0xd7,0xfc,0xce,0xfc,0xd6,0xfc,0xce,
    0xfc,0xd6,0xfd,0xce,0xfc,0xd6,0xfc,0xce,0xfc,0xce,0xdc,0xce,0xfd,0xce,0xfd,0xce,0xfd,0xd6,0xfc,0xce,0xfd,0xce,0x1d,0xd7,
    0x3d,0xd7,0x1d,0xdf,0xfc,0xd6,0xdc,0xd6,0xfc,0xd6,0x1d,0xdf,0x5d,0xe7,0x7e,0xe7,0x7d,0xe7,0x7e,0xe7,0x7d,0xe7,0x7d,0xe7,
    0x3d,0xdf,0xfc,0xd6,0xfd,0xce,0xfc,0xce,0xfc,0xce,0xdd,0xce,0xfd,0xce,0xdd,0xce,0xdd,0xc6,0xdd,0xce,0xdc,0xce,0xdd,0xce,
    0xdc,0xce,0xdd,0xc6,0xdd,0xce,0xbc,0xbe,0xbc,0xc6,0x9c,0xbe,0xbc,0xc6,0xbc,0xbe,0xbb,0xce,0xdb,0xc6,0xdb,0xce,0xdc,0xce,
    0xdb,0xce,0xdb,0xce,0xdc,0xce,0xfb,0xce,0xdc,0xce,0xdb,0xce,0xfb,0xce,0xdc,0xce,0xfb,0xce,0xdb,0xce,0xdc,0xce,0xdb,0xce,
    0xdb,0xce,0xdb,0xce,0xdb,0xce,0xdb,0xce,0xdc,0xce,0xfb,0xce,0xdb,0xce,0xfc,0xce,0xdb,0xce,0xdc,0xce,0xdb,0xce,0xdc,0xce,
    0xdb,0xce,0xdc,0xce,0xdb,0xce,0xdb,0xce,0xdb,0xce,0xdb,0xce,0xdc,0xce,0xdb,0xce,0xdc,0xd6,0xdb,0xce,0xfc,0xd6,0xdb,0xce,
    0xfc,0xce,0xdb,0xd6,0xfc,0xce,0xfc,0xd6,0xfc,0xd6,0xfc,0xce,0xdb,0xce,0xdc,0xce,0xbb,0xc6,0x9b,0xbe,0x7b,0xbe,0x7b,0xb6,
    0x7b,0xb6,0x7b,0xbe,0x7b,0xbe,0x9b,0xbe,0x9b,0xbe,0x9b,0xc6,0xbb,0xbe,0x9b,0xbe,0x9b,0xc6,0xbb,0xc6,0xdc,0xce,0xdc,0xce,
    0xdc,0xce,0xdc,0xce,0xdc,0xce,0xdc,0xce,0xdc,0xce,0xfc,0xd6,0xfc,0xd6,0xfc,0xd6,0xdc,0xce,0xdc,0xce,0xdb,0xd6,0xdb,0xce,
    0xbc,0xce,0xdb,0xce,0xbb,0xce,0xdc,0xce,0xdc,0xce,0xbc,0xc6,0x9b,0xbe,0x9b,0xbe,0x9b,0xbe,0x9b,0xbe,0x7b,0xbe,0x9b,0xbe,
    0x9b,0xbe,0xbc,0xc6,0xbc,0xc6,0xbb,0xc6,0xbc,0xc6,0xbb,0xc6,0xbc,0xc6,0xbb,0xc6,0xbc,0xc6,0xdc,0xce,0xdc,0xce,0xfc,0xce,
    0xfc,0xce,0xfc,0xd6,0x1d,0xd7,0x3d,0xdf,0x1d,0xd7,0xfc,0xd6,0xfc,0xce,0xfc,0xd6,0xfc,0xd6,0x1c,0xd7,0x1d,0xd7,0xfc,0xce,
    0xfc,0xce,0xfc,0xd6,0xdc,0xce,0xdc,0xce,0xfd,0xce,0xdc,0xce,0xfc,0xce,0xfc,0xd6,0xfc,0xce,0xfc,0xd6,0xfd,0xce,0xfc,0xce,
    0xfc,0xce,0xfc,0xd6,0xfc,0xce,0xfc,0xd6,0xfc,0xce,0xfc,0xd6,0xfd,0xce,0xdc,0xce,0xfc,0xd6,0xdc,0xce,0xfc,0xd6,0xfd,0xce,
    0x1d,0xd7,0xfc,0xce,0xfd,0xd6,0x1c,0xd7,0xfd,0xce,0xfc,0xd6,0xfc,0xce,0x1d,0xd7,0x1d,0xd7,0x3d,0xdf,0x7e,0xe7,0x9e,0xe7,
    0x7e,0xef,0x5e,0xe7,0x7e,0xe7,0x3d,0xdf,0x1d,0xd7,0x1d,0xd7,0xfd,0xce,0xfc,0xd6,0xfd,0xce,0xfd,0xce,0xfc,0xce,0xdd,0xce,
    0xfc,0xce,0xfd,0xce,0xdd,0xce,0xdc,0xc6,0xdd,0xce,0xdc,0xce,0xbc,0xc6,0xbc,0xc6,0xbc,0xc6,0xbc,0xbe,0xbc,0xc6,0xbc,0xc6,
    0xbb,0xc6,0xbb,0xce,0xdb,0xce,0xdc,0xce,0xdb,0xce,0xdb,0xc6,0xbb,0xce,0xdb,0xc6,0xdb,0xce,0xdb,0xc6,0xdb,0xce,0xdb,0xce,
    0xdb,0xce,0xdb,0xce,0xdb,0xce,0xbb,0xce,0xdb,0xce,0xbb,0xce,0xdc,0xce,0xdb,0xce,0xdb,0xce,0xdb,0xce,0xdb,0xce,0xdb,0xce,
    0xdb,0xce,0xdb,0xce,0xdc,0xce,0xdb,0xce,0xdb,0xce,0xdb,0xce,0xdc,0xce,0xdb,0xce,0xdc,0xce,0xdb,0xce,0xdb,0xce,0xdb,0xce,
    0xdc,0xd6,0xfb,0xce,0xdc,0xd6,0xfc,0xd6,0xdb,0xce,0xfc,0xd6,0xfc,0xd6,0x1c,0xd7,0x1c,0xd7,0xfc,0xd6,0xfc,0xd6,0xfc,0xce,
    0xdc,0xc6,0x9b,0xc6,0x9b,0xbe,0x7b,0xbe,0x7a,0xbe,0x7b,0xb6,0x7a,0xbe,0x7b,0xbe,0x9b,0xbe,0x9b,0xc6,0x9c,0xc6,0xdb,0xc6,
    0xdc,0xce,0xdc,0xce,0xdc,0xce,0xdb,0xce,0xdc,0xce,0xdc,0xce,0xfc,0xce,0xfc,0xd6,0xfc,0xd6,0xfc,0xd6,0xfc,0xce,0xfc,0xd6,
    0xdc,0xd6,0xdc,0xce,0xdc,0xd6,0xbb,0xce,0xdc,0xce,0xbb,0xce,0xdc,0xce,0xdc,0xce,0xdb,0xce,0xdc,0xce,0x9b,0xc6,0x9b,0xbe,
    0x9b,0xbe,0x9b,0xbe,0x9b,0xbe,0xbc,0xc6,0xbb,0xc6,0xdc,0xc6,0xdc,0xce,0xdc,0xce,0xdb,0xce,0xbc,0xce,0xbb,0xc6,0xbb,0xce,
    0xbc,0xc6,0xdc,0xce,0xdc,0xce,0xbc,0xce,0xdb,0xce,0xfc,0xce,0x1d,0xdf,0x3d,0xdf,0x3d,0xdf,0x1d,0xd7,0x1d,0xdf,0x1d,0xd7,
    0x1d,0xd7,0xfc,0xd6,0x1d,0xd7,0xfc,0xce,0xfc,0xd6,0xdc,0xce,0xfc,0xd6,0xfc,0xce,0xdc,0xce,0xfc,0xce,0xdd,0xce,0xfc,0xce,
    0xfc,0xd6,0xfc,0xce,0xfc,0xd6,0xfc,0xce,0xfc,0xd6,0xfc,0xce,0xfd,0xd6,0xfc,0xce,0xfd,0xce,0xfc,0xce,0xdc,0xce,0xfc,0xce,
    0xdd,0xce,0xfc,0xce,0xfd,0xce,0xfc,0xd6,0xfd,0xce,0xfc,0xd6,0xfc,0xce,0xfd,0xd6,0xfc,0xce,0xdc,0xce,0xfd,0xd6,0x1c,0xd7,
    0x1d,0xd7,0x1d,0xdf,0x7d,0xdf,0x7e,0xe7,0x7e,0xe7,0x5d,0xdf,0x3d,0xdf,0x1d,0xd7,0x1d,0xd7,0xfd,0xce,0xfc,0xd6,0xfd,0xce,
    0xfc,0xce,0xfd,0xd6,0xdd,0xce,0xdd,0xce,0xfd,0xce,0xfd,0xd6,0xfd,0xce,0xfd,0xce,0xdc,0xce,0xdd,0xce,0xdc,0xc6,0xdc,0xc6,
    0xbc,0xc6,0xbc,0xc6,0xbc,0xc6,0xbc,0xbe,0xbb,0xc6,0xbb,0xc6,0xbb,0xc6,0xbb,0xc6,0xbb,0xc6,0xdb,0xc6,0xbc,0xc6,0xbb,0xc6,
    0xbb,0xc6,0xbb,0xc6,0xbb,0xc6,0xbb,0xc6,0xbb,0xc6,0xbb,0xc6,0xbb,0xc6,0xbb,0xc6,0xdb,0xc6,0xbb,0xc6,0xbb,0xc6,0xdb,0xce,
    0xbb,0xc6,0xdb,0xce,0xdb,0xc6,0xbb,0xce,0xdc,0xce,0xdb,0xce,0xdb,0xce,0xdc,0xce,0xdb,0xce,0xfc,0xce,0xdb,0xce,0xdb,0xce,
    0xdb,0xce,0xbb,0xce,0xdc,0xce,0xdb,0xce,0xdb,0xd6,0xfc,0xce,0xdb,0xce,0xfc,0xd6,0xfb,0xce,0xfc,0xd6,0xfc,0xd6,0x1c,0xd7,
    0x1c,0xd7,0x1c,0xd7,0xfc,0xd6,0xfb,0xd6,0xfc,0xce,0xdc,0xce,0x9b,0xc6,0x7b,0xbe,0x7b,0xbe,0x7b,0xbe,0x7a,0xb6,0x7a,0xbe,
    0x7b,0xbe,0x9b,0xbe,0xbb,0xc6,0xbc,0xce,0xdb,0xc6,0xdb,0xce,0xdc,0xd6,0xfc,0xce,0xfc,0xd6,0xdc,0xd6,0xfc,0xd6,0xfc,0xd6,
    0xdc,0xd6,0xfc,0xd6,0xfc,0xd6,0xfc,0xd6,0xdc,0xce,0xdb,0xd6,0xdc,0xce,0xbb,0xce,0xdb,0xce,0xdc,0xce,0xdb,0xc6,0xdc,0xce,
    0xdc,0xce,0xdb,0xce,0xbb,0xc6,0x9b,0xc6,0x9c,0xc6,0xbb,0xc6,0xbc,0xc6,0xdc,0xc6,0xdc,0xce,0xfc,0xce,0xfc,0xce,0xdc,0xce,
    0xdc,0xce,0xdc,0xce,0xbc,0xc6,0xbc,0xce,0xdb,0xce,0xdc,0xce,0xdc,0xc6,0xdc,0xce,0xfc,0xce,0x1d,0xd7,0x1d,0xd7,0x3d,0xdf,
    0x5d,0xdf,0x5d,0xdf,0x3d,0xdf,0x3d,0xdf,0x3c,0xdf,0x1d,0xd7,0xfc,0xd6,0xfc,0xd6,0xfc,0xce,0xfc,0xce,0xdd,0xce,0xfc,0xce,
    0xfc,0xd6,0xdc,0xce,0xfc,0xd6,0xfc,0xce,0xdc,0xce,0xfc,0xce,0xfc,0xce,0xfc,0xce,0xfc,0xce,0xfc,0xce,0xfc,0xd6,0xfc,0xce,
    0xfc,0xd6,0xfc,0xce,0xdc,0xce,0xfc,0xd6,0xfc,0xce,0xdc,0xce,0xfd,0xd6,0x1d,0xd7,0xfc,0xce,0xfd,0xce,0xfc,0xce,0xdc,0xce,
    0xfd,0xd6,0xdc,0xce,0xfc,0xd6,0xfd,0xd6,0xfc,0xd6,0x1d,0xd7,0x3c,0xdf,0x1d,0xd7,0x1c,0xdf,0x3d,0xdf,0x1d,0xdf,0x1d,0xd7,
    0x1c,0xd7,0x1d,0xd7,0xfd,0xce,0xfd,0xce,0xfd,0xd6,0xfd,0xce,0xfc,0xd6,0xfd,0xce,0xfc,0xd6,0x1d,0xd7,0x1d,0xcf,0xfd,0xce,
    0xfd,0xce,0xfc,0xce,0xdd,0xce,0xdc,0xc6,0xdc,0xc6,0xbc,0xc6,0xdc,0xc6,0xbc,0xc6,0xbb,0xc6,0x9b,0xc6,0xbb,0xbe,0xbb,0xc6,
    0xbb,0xc6,0xbb,0xc6,0xba,0xc6,0x9b,0xc6,0xbb,0xbe,0x9b,0xc6,0xbb,0xc6,0xbb,0xc6,0xbb,0xc6,0xbb,0xc6,0xbb,0xc6,0xbb,0xc6,
    0x9b,0xc6,0xbb,0xc6,0xbb,0xc6,0xbb,0xce,0xbb,0xc6,0xbb,0xc6,0xbb,0xce,0xdb,0xc6,0xbb,0xce,0xdb,0xce,0xdb,0xce,0xdb,0xce,
    0xdb,0xce,0xdb,0xce,0xdc,0xce,0xdb,0xce,0xdb,0xce,0xdc,0xce,0xdb,0xd6,0xdb,0xce,0xdc,0xce,0xfc,0xd6,0xfc,0xd6,0xfc,0xd6,
    0xfc,0xd6,0xfc,0xd6,0xfc,0xd6,0x1b,0xd7,0x1c,0xd7,0x1c,0xd7,0x1c,0xd7,0xfc,0xd6,0xfc,0xce,0xbb,0xce,0x9b,0xbe,0x7a,0xbe,
    0x7b,0xbe,0x7b,0xbe,0x7b,0xbe,0x7a,0xbe,0x9b,0xc6,0xdb,0xce,0xbb,0xc6,0xdb,0xce,0xdc,0xce,0xdb,0xce,0xfc,0xd6,0xfc,0xd6,
    0xfc,0xd6,0xfc,0xd6,0xfc,0xd6,0xfc,0xce,0xdc,0xce,0xdc,0xce,0xdc,0xd6,0xdc,0xce,0xfc,0xd6,0xdc,0xd6,0xdb,0xce,0xdc,0xce,
    0xbc,0xce,0xdb,0xce,0xdc,0xce,0xdc,0xce,0xdb,0xce,0xfc,0xce,0xdc,0xce,0xbb,0xc6,0xdc,0xc6,0xdc,0xce,0xfc,0xce,0xfc,0xd6,
    0xfc,0xce,0xfc,0xce,0xfd,0xce,0xfc,0xce,0xfc,0xce,0xdc,0xce,0xdc,0xce,0xdc,0xce,0xdc,0xce,0xdc,0xce,0xfc,0xce,0xfc,0xd6,
    0x1d,0xd7,0x3d,0xdf,0x5d,0xdf,0x7e,0xe7,0x5e,0xe7,0x5d,0xe7,0x5d,0xdf,0x3d,0xdf,0x1d,0xdf,0x3d,0xdf,0x1d,0xd7,0xfc,0xd6,
    0xfc,0xce,0xdc,0xce,0xfc,0xd6,0xdc,0xce,0xfd,0xce,0xfc,0xce,0xdd,0xce,0xfc,0xce,0xfc,0xce,0xfc,0xce,0xdc,0xd6,0xfc,0xce,
    0xdc,0xd6,0xfc,0xce,0xfc,0xce,0xfc,0xce,0xfc,0xce,0xdd,0xce,0xfc,0xce,0xdd,0xce,0xfc,0xce,0xfc,0xd6,0xfc,0xce,0x1d,0xd7,
    0xfc,0xce,0xfc,0xd6,0xdc,0xce,0xdc,0xd6,0xdc,0xce,0xdc,0xce,0xdc,0xce,0xfc,0xd6,0x1d,0xdf,0x1d,0xd7,0x1c,0xd7,0x1c,0xdf,
    0x1d,0xd7,0x3d,0xdf,0x3d,0xd7,0x1d,0xd7,0x1d,0xd7,0xfd,0xce,0xfd,0xd6,0xfc,0xce,0x1d,0xd7,0xfc,0xce,0x1d,0xd7,0x1d,0xd7,
    0xfd,0xce,0xfd,0xd6,0x1c,0xcf,0xfd,0xd6,0x1c,0xcf,0xfd,0xce,0xfc,0xce,0xfd,0xce,0xdc,0xce,0xdc,0xc6,0xbc,0xc6,0xdc,0xce,
    0x9a,0xbe,0xba,0xc6,0x9a,0xbe,0x9a,0xbe,0x9a,0xbe,0x9b,0xbe,0x9a,0xbe,0x9a,0xbe,0x9a,0xbe,0x9a,0xbe,0x9b,0xbe,0x9a,0xbe,
    0xbb,0xbe,0x9b,0xc6,0x9b,0xbe,0x9b,0xc6,0xbb,0xc6,0xbb,0xc6,0x9b,0xc6,0xbb,0xc6,0xba,0xc6,0xbb,0xce,0xdb,0xc6,0xbb,0xc6,
    0xbb,0xce,0xdb,0xce,0xdc,0xce,0xdb,0xce,0xdc,0xce,0xdb,0xce,0xbb,0xce,0xdb,0xce,0xdb,0xce,0xdb,0xce,0xdc,0xce,0xdb,0xd6,
    0xfb,0xce,0xfc,0xd6,0xfb,0xce,0xfc,0xd6,0xdb,0xce,0xfc,0xd6,0x1c,0xd7,0x1c,0xd7,0xfb,0xd6,0x1c,0xd7,0x3c,0xdf,0xfb,0xd6,
    0xdc,0xce,0xbb,0xce,0x9b,0xc6,0x9a,0xbe,0x7b,0xbe,0x9b,0xbe,0xbb,0xc6,0xbb,0xce,0xdc,0xce,0xdc,0xce,0xdc,0xce,0xdc,0xce,
    0xdb,0xd6,0xdc,0xd6,0xfc,0xd6,0xfc,0xd6,0xfc,0xd6,0xfc,0xd6,0xfc,0xd6,0xfc,0xd6,0xdb,0xd6,0xdc,0xce,0xdc,0xce,0xdb,0xd6,
    0xdc,0xce,0xdb,0xce,0xdc,0xd6,0xbb,0xce,0xdc,0xce,0xdc,0xce,0xdb,0xce,0xbc,0xce,0xdb,0xce,0xdc,0xce,0xdb,0xce,0xdc,0xce,
    0xdb,0xce,0xfc,0xce,0xfc,0xce,0xfc,0xce,0xfc,0xd6,0xfc,0xce,0x1d,0xd7,0xfc,0xd6,0xfd,0xce,0xfc,0xce,0xdc,0xce,0xdc,0xce,
    0xdc,0xce,0xdc,0xce,0xdc,0xce,0xfc,0xce,0xfc,0xce,0x1d,0xd7,0x3d,0xdf,0x7e,0xe7,0x7e,0xe7,0x7e,0xe7,0x3d,0xe7,0x3d,0xdf,
    0x3c,0xdf,0x1d,0xdf,0x3d,0xd7,0x1d,0xd7,0xfc,0xd6,0xdc,0xce,0xdc,0xce,0xfc,0xce,0xdc,0xce,0xfd,0xd6,0xfc,0xce,0xfc,0xce,
    0xdc,0xd6,0xfc,0xce,0xdc,0xce,0xfc,0xce,0xfc,0xce,0xdc,0xce,0xfc,0xd6,0xfc,0xce,0xfc,0xd6,0xfc,0xce,0xdc,0xd6,0xfc,0xce,
    0xdc,0xce,0xfd,0xce,0xfc,0xce,0xfd,0xce,0xfc,0xd6,0xdc,0xce,0xfd,0xce,0xdc,0xce,0xfd,0xce,0xdc,0xd6,0xfc,0xce,0x1d,0xd7,
    0x3d,0xdf,0x5d,0xdf,0x3d,0xdf,0x5d,0xdf,0x3d,0xdf,0x3d,0xd7,0x3d,0xdf,0x3d,0xd7,0x3d,0xd7,0xfd,0xce,0xfd,0xd6,0x1d,0xcf,
    0xfd,0xd6,0x1d,0xd7,0x1d,0xcf,0x1c,0xd7,0x1d,0xd7,0x1d,0xd7,0x1c,0xcf,0xfd,0xce,0x1d,0xd7,0x1c,0xcf,0xfc,0xce,0xfd,0xce,
    0xdc,0xce,0xdc,0xce,0xdc,0xce,0xdc,0xc6,0x9b,0xbe,0x9b,0xbe,0x9b,0xbe,0x9b,0xbe,0x9a,0xbe,0x9b,0xbe,0x9a,0xbe,0x9b,0xbe,
    0x9a,0xbe,0x9b,0xbe,0x9a,0xbe,0x9b,0xbe,0x9b,0xbe,0x9a,0xbe,0x9b,0xc6,0x9b,0xbe,0x9b,0xbe,0x9b,0xc6,0xbb,0xbe,0xbb,0xc6,
    0xbb,0xc6,0xbb,0xc6,0xbb,0xc6,0xbb,0xc6,0xdb,0xc6,0xbb,0xc6,0xdb,0xce,0xbb,0xc6,0xdb,0xce,0xbb,0xce,0xbb,0xc6,0xdc,0xce,
    0xdb,0xce,0xdc,0xce,0xdb,0xce,0xdb,0xce,0xdc,0xce,0xdb,0xd6,0xdc,0xce,0xdb,0xd6,0xfc,0xd6,0xdc,0xce,0xfc,0xd6,0xfb,0xd6,
    0x1c,0xd7,0x1c,0xd7,0x1b,0xd7,0x1c,0xd7,0xfb,0xd6,0xdb,0xce,0xbb,0xce,0x9b,0xc6,0x9a,0xce,0xbb,0xc6,0xbb,0xce,0xdc,0xce,
    0xdb,0xce,0xfc,0xce,0xfb,0xd6,0xfc,0xd6,0xfc,0xd6,0xfb,0xd6,0xfc,0xd6,0xfb,0xd6,0xfc,0xd6,0xfc,0xd6,0xfb,0xd6,0xdb,0xce,
    0xdb,0xce,0xdb,0xd6,0xdb,0xd6,0xdb,0xce,0xdc,0xd6,0xdb,0xce,0xdc,0xd6,0xdb,0xce,0xdb,0xd6,0xdb,0xce,0xbb,0xce,0xdb,0xce,
    0xdb,0xce,0xbc,0xce,0xdb,0xce,0xdc,0xce,0xdc,0xce,0xdc,0xce,0xfc,0xd6,0xfc,0xce,0xfd,0xd6,0x1c,0xd7,0xfc,0xce,0xfc,0xce,
    0xdc,0xce,0xdc,0xce,0xdc,0xce,0xdc,0xce,0xdc,0xc6,0xdc,0xce,0xdc,0xce,0xdc,0xce,0xdc,0xce,0xdc,0xce,0xfc,0xd6,0x1d,0xd7,
    0x7e,0xe7,0x5d,0xe7,0x7d,0xdf,0x5d,0xe7,0x3d,0xdf,0x3d,0xdf,0x3d,0xdf,0x1d,0xd7,0xfc,0xd6,0xfc,0xd6,0xfc,0xce,0xfc,0xd6,
    0xfc,0xce,0xfc,0xce,0xfc,0xd6,0xdc,0xce,0xdc,0xce,0xdc,0xce,0xdc,0xce,0xdc,0xce,0xdc,0xce,0xfc,0xce,0xdc,0xce,0xdc,0xce,
    0xdc,0xce,0xdc,0xce,0xdc,0xce,0xdc,0xce,0xdc,0xce,0xdc,0xce,0xdc,0xce,0xfc,0xce,0xdc,0xce,0xfc,0xce,0xdd,0xce,0xfc,0xd6,
    0xfc,0xd6,0xfd,0xd6,0xfc,0xd6,0x3d,0xdf,0x5d,0xdf,0x5d,0xe7,0x5d,0xdf,0x3d,0xdf,0x3d,0xdf,0x3d,0xdf,0x3d,0xd7,0x5e,0xdf,
    0x1d,0xd7,0x1c,0xcf,0xfc,0xd6,0xfc,0xce,0xfd,0xce,0xfc,0xd6,0x1d,0xd7,0x1d,0xd7,0x1c,0xd7,0x1d,0xd7,0x1c,0xd7,0x1c,0xcf,
    0xfc,0xce,0xdc,0xce,0xfc,0xce,0xdc,0xce,0xfc,0xce,0xdc,0xce,0xdc,0xce,0xdc,0xce,0x9a,0xbe,0x7b,0xbe,0x9a,0xbe,0x7a,0xbe,
    0x9b,0xbe,0x7a,0xbe,0x9a,0xb6,0x7b,0xbe,0x9a,0xb6,0x7b,0xbe,0x9a,0xbe,0x7b,0xbe,0x9a,0xbe,0x7b,0xbe,0x9a,0xbe,0x9b,0xbe,
    0x9a,0xc6,0x9b,0xbe,0xbb,0xc6,0xbb,0xc6,0xbb,0xc6,0xbb,0xc6,0xbb,0xc6,0xbb,0xc6,0xbb,0xce,0xdb,0xc6,0xbb,0xce,0xdc,0xc6,
    0xbb,0xce,0xdb,0xc6,0xbb,0xce,0xdb,0xce,0xdb,0xce,0xdb,0xce,0xdb,0xce,0xdb,0xd6,0xdb,0xce,0xdb,0xce,0xbb,0xce,0xdc,0xd6,
    0xfb,0xce,0xdc,0xd6,0xfc,0xd6,0x1c,0xd7,0xfb,0xd6,0x1c,0xdf,0x1c,0xd7,0xfc,0xd6,0xfb,0xd6,0xfc,0xd6,0xfc,0xce,0xbb,0xce,
    0xbb,0xce,0xdb,0xce,0xdc,0xce,0xdb,0xce,0xfc,0xce,0xdb,0xd6,0xfc,0xd6,0xfb,0xd6,0xfc,0xd6,0xfc,0xd6,0xfc,0xd6,0xfc,0xd6,
    0xfc,0xd6,0xfb,0xd6,0xdc,0xce,0xdb,0xd6,0xdc,0xd6,0xdb,0xce,0xdb,0xd6,0xfc,0xce,0xdb,0xd6,0xdc,0xce,0xdb,0xd6,0xdb,0xce,
    0xdc,0xce,0xdb,0xd6,0xdc,0xce,0xdb,0xd6,0xdc,0xd6,0xdc,0xce,0xdc,0xd6,0xdb,0xce,0xdc,0xd6,0xdb,0xce,0xfc,0xce,0xfc,0xd6,
    0xfc,0xce,0xdc,0xce,0xfc,0xce,0xdc,0xce,0xdb,0xce,0xdc,0xce,0xdb,0xce,0xdc,0xce,0xdb,0xce,0xdc,0xc6,0xdc,0xce,0xdc,0xce,
    0xdc,0xce,0xdc,0xce,0xdc,0xce,0xfc,0xd6,0x3d,0xdf,0x5d,0xdf,0x5e,0xe7,0x5d,0xe7,0x5d,0xdf,0x5d,0xdf,0x1d,0xdf,0x1c,0xd7,
    0xfc,0xd6,0xfc,0xd6,0xfc,0xce,0xdc,0xce,0xfc,0xce,0xfc,0xd6,0xfc,0xce,0xdc,0xce,0xdc,0xce,0xdc,0xce,0xdc,0xce,0xdc,0xce,
    0xdc,0xce,0xdb,0xce,0xdc,0xce,0xfc,0xce,0xdc,0xce,0xdc,0xce,0xdb,0xce,0xdc,0xce,0xdb,0xce,0xdc,0xce,0xfc,0xce,0xdc,0xce,
    0xfc,0xce,0xfd,0xce,0xfc,0xd6,0xfd,0xce,0x1d,0xd7,0x3d,0xdf,0x3d,0xdf,0x5d,0xdf,0x7e,0xe7,0x5d,0xe7,0x5d,0xdf,0x5d,0xdf,
    0x3d,0xdf,0x3d,0xdf,0x3d,0xd7,0x1d,0xd7,0x1d,0xd7,0xfc,0xce,0xdd,0xce,0xfc,0xce,0xfd,0xd6,0x1c,0xd7,0x1d,0xd7,0x1d,0xd7,
    0x1d,0xd7,0x1d,0xd7,0x1d,0xd7,0xfc,0xce,0xdc,0xce,0xdb,0xce,0xdc,0xce,0xbc,0xce,0xdc,0xce,0xdc,0xce,0xdc,0xce,0xbc,0xc6,
    0x9a,0xbe,0x7a,0xb6,0x9b,0xbe,0x9a,0xbe,0x9b,0xb6,0x7a,0xbe,0x9b,0xb6,0x9a,0xbe,0x7a,0xb6,0x9a,0xbe,0x7b,0xb6,0x9a,0xbe,
    0x9a,0xb6,0x9b,0xbe,0x9a,0xbe,0x9b,0xbe,0x9b,0xbe,0x9b,0xbe,0xbb,0xc6,0xbb,0xc6,0xba,0xc6,0xbb,0xc6,0xbb,0xc6,0xbb,0xc6,
    0xbb,0xc6,0xbb,0xce,0xbb,0xc6,0xdb,0xce,0xbb,0xc6,0xbb,0xce,0xbb,0xc6,0xdb,0xce,0xbb,0xce,0xdb,0xce,0xbc,0xce,0xdb,0xce,
    0xbb,0xce,0xbb,0xce,0xdb,0xce,0xbb,0xce,0xdc,0xd6,0xfb,0xd6,0xfc,0xd6,0xfb,0xd6,0x1c,0xd7,0xfb,0xd6,0x1c,0xd7,0xfb,0xd6,
    0xfc,0xd6,0x1b,0xd7,0xfc,0xd6,0xdb,0xce,0xbb,0xce,0xdb,0xce,0xdb,0xce,0xdc,0xd6,0xfc,0xd6,0xfb,0xd6,0xdc,0xce,0xfc,0xd6,
    0xfb,0xd6,0xfc,0xd6,0xfb,0xd6,0xfb,0xd6,0xfc,0xce,0xfb,0xd6,0xdb,0xd6,0xfb,0xce,0xdb,0xd6,0xfc,0xd6,0xdb,0xce,0xdc,0xd6,
    0xfb,0xd6,0xdc,0xd6,0xdb,0xce,0xdc,0xd6,0xdb,0xce,0xdc,0xd6,0xbb,0xce,0xdb,0xce,0xdc,0xd6,0xfc,0xce,0xdc,0xd6,0xdc,0xce,
    0xdc,0xce,0xdc,0xd6,0xfc,0xce,0xdc,0xce,0xdc,0xce,0xdb,0xce,0xdc,0xce,0xdc,0xce,0xdb,0xce,0xdc,0xce,0xdb,0xc6,0xbc,0xce,
    0xbb,0xc6,0xbc,0xce,0xdb,0xc6,0xdc,0xce,0xdc,0xce,0xdc,0xce,0xdb,0xce,0xdc,0xce,0xfc,0xd6,0x1c,0xd7,0x3c,0xdf,0x5d,0xdf,
    0x5d,0xe7,0x5d,0xdf,0x1d,0xdf,0x1d,0xd7,0x1d,0xd7,0xfc,0xd6,0xfc,0xd6,0xfc,0xce,0xdc,0xce,0xfc,0xce,0xfc,0xce,0xfc,0xce,
    0xdc,0xce,0xdc,0xce,0xdc,0xce,0xdc,0xce,0xdc,0xce,0xdc,0xce,0xdc,0xce,0xdb,0xce,0xdc,0xce,0xdc,0xce,0xfc,0xce,0xdc,0xce,
    0xdc,0xce,0xdc,0xce,0xdc,0xce,0xfc,0xce,0xdc,0xce,0xdc,0xce,0x1d,0xd7,0x1d,0xd7,0x3d,0xdf,0x3d,0xdf,0x5d,0xe7,0x5d,0xdf,
    0x7e,0xe7,0x7e,0xe7,0x7e,0xe7,0x5e,0xe7,0x5d,0xdf,0x3e,0xdf,0x1d,0xd7,0x1c,0xcf,0xfd,0xd6,0xfc,0xce,0xfc,0xce,0xfc,0xd6,
    0xfd,0xce,0x1c,0xd7,0x1d,0xd7,0x1c,0xd7,0x1d,0xd7,0x1c,0xd7,0x1d,0xd7,0xdc,0xce,0xbb,0xce,0xbc,0xc6,0xbb,0xce,0xbb,0xc6,
    0xbc,0xc6,0xdb,0xce,0xbc,0xc6,0xbb,0xce,0x9b,0xb6,0x9a,0xbe,0x9b,0xb6,0x9a,0xb6,0x9a,0xbe,0x9b,0xbe,0x7a,0xb6,0x9b,0xbe,
    0x7a,0xbe,0x9b,0xb6,0x9a,0xbe,0x9b,0xb6,0x9a,0xbe,0x7a,0xb6,0x9b,0xbe,0x9a,0xbe,0x9a,0xbe,0x9b,0xbe,0xba,0xbe,0x9b,0xc6,
    0xbb,0xc6,0xbb,0xc6,0xbb,0xc6,0xbb,0xc6,0xbb,0xc6,0xbb,0xc6,0xbb,0xc6,0xbb,0xc6,0xbb,0xce,0xbb,0xc6,0xbb,0xce,0xbb,0xce,
    0xdb,0xc6,0xbb,0xce,0xbb,0xce,0xbb,0xce,0xdb,0xce,0xbb,0xce,0xbb,0xce,0xdb,0xce,0xdc,0xce,0xdb,0xd6,0xdc,0xce,0xfb,0xd6,
    0xfb,0xd6,0xfb,0xd6,0xfb,0xd6,0xfc,0xd6,0x1b,0xd7,0xfb,0xd6,0xfb,0xce,0xdc,0xce,0xdb,0xce,0xbb,0xce,0xdb,0xce,0xdb,0xd6,
    0xfb,0xce,0xdc,0xd6,0xfb,0xd6,0xfb,0xd6,0xfc,0xd6,0xfb,0xd6,0xfc,0xd6,0xdb,0xce,0xdb,0xd6,0xdc,0xd6,0xdb,0xce,0xfc,0xd6,
    0xdc,0xd6,0xfb,0xce,0xdb,0xd6,0xfc,0xce,0xdb,0xd6,0xdc,0xce,0xfc,0xd6,0xdb,0xd6,0xfc,0xd6,0xdc,0xce,0xdb,0xd6,0xdb,0xce,
    0xdc,0xd6,0xdb,0xce,0xdc,0xd6,0xdb,0xce,0xdc,0xd6,0xdb,0xce,0xfc,0xce,0xfc,0xd6,0xdb,0xce,0xdc,0xce,0xdb,0xce,0xdc,0xce,
    0xbb,0xc6,0xbb,0xce,0xbc,0xc6,0xdb,0xce,0xbc,0xc6,0xdb,0xce,0xbc,0xce,0xbb,0xc6,0xdc,0xc6,0xdc,0xc6,0xdc,0xce,0xdb,0xce,
    0xdc,0xce,0xdb,0xd6,0xfc,0xd6,0x1d,0xdf,0x3c,0xd7,0x3d,0xdf,0x3d,0xdf,0x1d,0xd7,0x1d,0xdf,0xfc,0xd6,0xfc,0xce,0xfd,0xd6,
    0x1c,0xcf,0xfd,0xd6,0xfc,0xce,0xdc,0xce,0xfc,0xce,0xdc,0xce,0xdc,0xce,0xfc,0xce,0xdb,0xce,0xdc,0xce,0xfc,0xce,0xdc,0xce,
    0xfc,0xce,0xdb,0xce,0xdc,0xce,0xfc,0xce,0xdb,0xce,0xfc,0xce,0xdc,0xce,0xdc,0xce,0xfc,0xce,0xdc,0xce,0xfc,0xd6,0x1c,0xd7,
    0x3d,0xdf,0x5d,0xdf,0x5d,0xdf,0x3d,0xdf,0x5d,0xe7,0x5d,0xdf,0x7d,0xe7,0x3d,0xdf,0x3d,0xdf,0x3d,0xdf,0x1c,0xd7,0xfd,0xce,
    0xfc,0xce,0xdc,0xce,0xdc,0xce,0xfd,0xce,0xfc,0xce,0xfd,0xd6,0x1c,0xd7,0x1d,0xd7,0x1c,0xd7,0x1d,0xd7,0xfc,0xce,0xdc,0xce,
    0xdb,0xce,0xfc,0xce,0xfc,0xce,0xdc,0xce,0xbb,0xce,0xbc,0xc6,0xdb,0xce,0xbc,0xc6,0x9a,0xbe,0x7a,0xb6,0x9a,0xbe,0x9b,0xbe,
    0x7a,0xb6,0x9a,0xbe,0x9a,0xbe,0x7b,0xb6,0x9a,0xbe,0x9a,0xbe,0x9b,0xb6,0x9a,0xbe,0x9b,0xb6,0x9a,0xbe,0x9a,0xb6,0x7b,0xbe,
    0x9a,0xb6,0x9b,0xbe,0x9b,0xbe,0x9a,0xbe,0x9b,0xc6,0xba,0xbe,0x9b,0xc6,0xbb,0xc6,0xba,0xc6,0x9b,0xc6,0xbb,0xc6,0xbb,0xc6,
    0xbb,0xce,0xdb,0xc6,0xbb,0xc6,0xbb,0xce,0xbb,0xce,0xdb,0xce,0xbb,0xce,0xdb,0xce,0xbb,0xce,0xdb,0xce,0xbb,0xce,0xdb,0xce,
    0xbb,0xd6,0xdb,0xce,0xdb,0xd6,0xfb,0xce,0xdb,0xd6,0xfc,0xd6,0xfb,0xd6,0xdb,0xd6,0xfb,0xce,0xfb,0xd6,0xdb,0xce,0xfb,0xd6,
    0xdb,0xd6,0xdb,0xce,0xdb,0xd6,0xdc,0xce,0xdb,0xd6,0xfc,0xd6,0xdb,0xce,0xfc,0xd6,0xdb,0xce,0xfc,0xd6,0xdb,0xd6,0xdc,0xce,
    0xdb,0xd6,0xfb,0xce,0xdb,0xd6,0xfc,0xd6,0xdb,0xd6,0xfc,0xd6,0xdb,0xd6,0xdc,0xd6,0xfb,0xce,0xdc,0xd6,0xdb,0xce,0xdc,0xd6,
    0xfc,0xd6,0xfb,0xd6,0xdc,0xce,0xbb,0xce,0xdb,0xd6,0xdc,0xce,0xdb,0xce,0xdc,0xd6,0xdb,0xce,0xdc,0xd6,0xdc,0xce,0xfc,0xce,
    0xdb,0xce,0xbb,0xce,0xdc,0xce,0xbb,0xce,0xbb,0xc6,0xdc,0xce,0xbb,0xc6,0xbc,0xce,0xdb,0xc6,0xbc,0xc6,0xbb,0xce,0xbc,0xc6,
    0xdb,0xce,0xbc,0xc6,0xdb,0xce,0xdc,0xce,0xdb,0xce,0xdc,0xd6,0xfc,0xd6,0x1c,0xd7,0x1c,0xdf,0x1c,0xd7,0x3d,0xdf,0x3d,0xdf,
    0x3d,0xd7,0x1d,0xd7,0x1c,0xd7,0x1d,0xd7,0x1c,0xd7,0xfd,0xd6,0xfc,0xd6,0xfc,0xce,0xdc,0xce,0xdc,0xce,0xdc,0xce,0xdc,0xce,
    0xdc,0xce,0xfc,0xce,0xdc,0xce,0xfc,0xce,0xdc,0xce,0xfc,0xce,0xfc,0xce,0xdc,0xce,0xfc,0xce,0xfc,0xce,0xdc,0xce,0xfc,0xce,
    0xdc,0xce,0xfd,0xce,0xfc,0xd6,0x1c,0xd7,0x1d,0xd7,0x3d,0xdf,0x3d,0xdf,0x5d,0xdf,0x3c,0xdf,0x3d,0xdf,0x3d,0xdf,0x1c,0xd7,
    0x1d,0xd7,0x1d,0xd7,0xfc,0xce,0xdc,0xce,0xdc,0xce,0xfc,0xd6,0xfc,0xce,0xfc,0xd6,0xfd,0xce,0x1c,0xd7,0x1d,0xd7,0x1d,0xd7,
    0x1c,0xcf,0xfd,0xd6,0xfc,0xd6,0xfc,0xce,0xfc,0xce,0x1d,0xd7,0xfc,0xd6,0xfc,0xce,0xdc,0xce,0xbc,0xc6,0xbb,0xce,0xdc,0xc6,
    0x7b,0xb6,0x7b,0xbe,0x7b,0xb6,0x9a,0xbe,0x7b,0xb6,0x9b,0xbe,0x7a,0xb6,0x9b,0xbe,0x9a,0xbe,0x9b,0xb6,0x7a,0xbe,0x9b,0xbe,
    0x7a,0xbe,0x9b,0xb6,0x7a,0xbe,0x9a,0xb6,0x7a,0xbe,0x7a,0xb6,0x9b,0xbe,0x9b,0xbe,0x9b,0xbe,0x9b,0xc6,0xbb,0xbe,0xbb,0xc6,
    0x9b,0xbe,0xbb,0xc6,0xbb,0xc6,0xbb,0xc6,0xbb,0xc6,0xbb,0xc6,0xba,0xc6,0xdb,0xce,0xbb,0xc6,0xbb,0xc6,0xbb,0xc6,0xbb,0xc6,
    0xbb,0xc6,0xbb,0xce,0xbb,0xce,0xdb,0xce,0xdb,0xce,0xbc,0xce,0xdb,0xce,0xdc,0xd6,0xdb,0xce,0xdb,0xce,0xdb,0xce,0xdb,0xd6,
    0xdc,0xce,0xdb,0xd6,0xdb,0xce,0xdb,0xce,0xdb,0xd6,0xdc,0xce,0xdb,0xce,0xdb,0xd6,0xdb,0xce,0xdb,0xd6,0xfb,0xce,0xdb,0xd6,
    0xfb,0xd6,0xfb,0xd6,0xfb,0xce,0xdb,0xd6,0xdb,0xce,0xdb,0xd6,0xdb,0xce,0xdb,0xce,0xfb,0xd6,0xdb,0xce,0xdb,0xce,0xdb,0xd6,
    0xdb,0xce,0xdb,0xd6,0xfc,0xd6,0xdb,0xce,0xfb,0xd6,0xdc,0xd6,0xfb,0xd6,0xdb,0xce,0xdc,0xd6,0xdb,0xce,0xdc,0xd6,0xdb,0xce,
    0xdc,0xce,0xdb,0xd6,0xdc,0xd6,0xdc,0xd6,0xdc,0xce,0xdb,0xce,0xbb,0xc6,0xdb,0xce,0xbc,0xc6,0xbb,0xce,0xbb,0xc6,0xbc,0xc6,
    0xbb,0xc6,0xbc,0xc6,0xdb,0xc6,0xbc,0xc6,0xbb,0xce,0xbb,0xce,0xbb,0xce,0xdc,0xce,0xfc,0xce,0xdb,0xce,0x1c,0xd7,0x3d,0xdf,
    0x3c,0xdf,0x3d,0xdf,0x3c,0xdf,0x3c,0xdf,0x1d,0xdf,0x1c,0xdf,0x1d,0xd7,0xfc,0xd6,0xfd,0xd6,0x1c,0xd7,0xfc,0xce,0xfc,0xd6,
    0xfc,0xce,0xfc,0xce,0xfc,0xce,0xfc,0xce,0xfc,0xce,0xfc,0xce,0xfc,0xd6,0xfc,0xce,0xfc,0xd6,0xfc,0xce,0xfc,0xd6,0xfc,0xce,
    0xfc,0xd6,0xfc,0xce,0xdc,0xd6,0xfc,0xce,0xdc,0xce,0xfc,0xd6,0xfc,0xce,0x1c,0xd7,0x3d,0xdf,0x3d,0xdf,0x3c,0xe7,0x5d,0xe7,
    0x3d,0xdf,0x1c,0xdf,0x1c,0xd7,0x1c,0xd7,0xfc,0xd6,0x1c,0xd7,0xfc,0xce,0xfc,0xd6,0xdc,0xce,0xdc,0xce,0xdc,0xce,0xfc,0xce,
    0xfc,0xd6,0xfd,0xce,0x1c,0xd7,0xfc,0xd6,0x1d,0xd7,0x1c,0xd7,0x1d,0xd7,0xfc,0xd6,0xfc,0xd6,0x1c,0xcf,0x1d,0xd7,0xfc,0xce,
    0xdc,0xce,0xbc,0xc6,0xdc,0xce,0xdc,0xce,0x7a,0xbe,0x7a,0xb6,0x9b,0xbe,0x7b,0xb6,0x7a,0xbe,0x9a,0xb6,0x9b,0xbe,0x9a,0xbe,
    0x9b,0xb6,0x9a,0xbe,0x9b,0xbe,0x9a,0xb6,0x9a,0xbe,0x7a,0xbe,0x7b,0xb6,0x7a,0xbe,0x9b,0xb6,0x7a,0xbe,0x9a,0xbe,0x9a,0xbe,
    0x9a,0xbe,0x9b,0xbe,0x9a,0xbe,0x9b,0xbe,0x9a,0xc6,0x9a,0xbe,0xbb,0xbe,0x9a,0xc6,0x9a,0xbe,0x9b,0xc6,0x9b,0xc6,0xbb,0xc6,
    0xbb,0xc6,0xbb,0xce,0xba,0xc6,0xbb,0xce,0xbb,0xce,0xbb,0xc6,0xbb,0xc6,0xbb,0xce,0xbb,0xce,0xbb,0xce,0xbb,0xce,0xdb,0xce,
    0xdb,0xd6,0xbb,0xce,0xdb,0xd6,0xdb,0xce,0xdb,0xce,0xbb,0xce,0xbb,0xd6,0xbb,0xce,0xbb,0xce,0xbb,0xce,0xbb,0xce,0xdb,0xce,
    0xbb,0xce,0xdb,0xce,0xdb,0xd6,0xdb,0xce,0xdb,0xce,0xdb,0xd6,0xfb,0xd6,0xdb,0xce,0xdb,0xce,0xdb,0xd6,0xdb,0xce,0xbb,0xce,
    0xdb,0xce,0xbb,0xd6,0xdb,0xce,0xdb,0xce,0xdb,0xce,0xbb,0xce,0xdb,0xd6,0xdb,0xce,0xdb,0xd6,0xdb,0xce,0xdc,0xd6,0xfb,0xd6,
    0xfc,0xd6,0xdb,0xce,0xdc,0xd6,0xdb,0xce,0xdb,0xd6,0xdc,0xce,0xdb,0xce,0xbb,0xce,0xdb,0xce,0xbc,0xce,0xdb,0xce,0xbb,0xc6,
    0xdb,0xce,0xbc,0xc6,0xbb,0xce,0xbb,0xc6,0xbb,0xc6,0xbc,0xc6,0xbb,0xce,0xdc,0xc6,0xbb,0xc6,0xbb,0xce,0xdc,0xc6,0xdc,0xce,
    0xdc,0xce,0x1c,0xdf,0x1d,0xdf,0x3d,0xdf,0x5c,0xdf,0x5d,0xdf,0x3c,0xdf,0x3d,0xdf,0x3c,0xdf,0x1d,0xd7,0x1c,0xdf,0x1d,0xd7,
    0xfc,0xd6,0xfc,0xd6,0xfc,0xd6,0xfd,0xce,0xfc,0xd6,0xfc,0xd6,0xfc,0xd6,0xfc,0xd6,0xfc,0xce,0xdc,0xd6,0xfc,0xce,0xfc,0xce,
    0xdc,0xd6,0xfc,0xce,0xfc,0xce,0xfc,0xd6,0xdc,0xce,0xfc,0xce,0xfc,0xce,0xdc,0xd6,0xfb,0xce,0xfc,0xce,0xfc,0xd6,0x1d,0xd7,
    0x3d,0xdf,0x5d,0xdf,0x5d,0xe7,0x5d,0xdf,0x5d,0xe7,0x1c,0xd7,0x1c,0xd7,0x1c,0xd7,0xfc,0xce,0x1c,0xcf,0xfc,0xd6,0xdd,0xce,
    0xdc,0xce,0xdc,0xce,0xfc,0xce,0xfc,0xce,0xfd,0xd6,0xfc,0xce,0xfc,0xd6,0xfc,0xce,0xfc,0xd6,0xfc,0xce,0xfc,0xd6,0xfc,0xce,
    0xdc,0xce,0xfc,0xd6,0x1c,0xcf,0xdc,0xce,0xdc,0xce,0xbb,0xce,0xdc,0xc6,0xdc,0xce,0x9b,0xbe,0x7b,0xb6,0x7a,0xbe,0x9b,0xbe,
    0x7b,0xbe,0x9a,0xbe,0x7a,0xb6,0x9b,0xbe,0x9a,0xbe,0x7b,0xb6,0x7a,0xbe,0x7a,0xb6,0x9b,0xbe,0x7a,0xb6,0x9a,0xbe,0x7a,0xb6,
    0x9a,0xbe,0x7a,0xb6,0x9b,0xb6,0x7a,0xbe,0x7b,0xbe,0x9a,0xbe,0x9b,0xbe,0x7a,0xbe,0x9b,0xbe,0x9a,0xbe,0x9b,0xc6,0x9a,0xbe,
    0x9b,0xc6,0xba,0xc6,0x9b,0xc6,0xba,0xc6,0xbb,0xc6,0x9a,0xc6,0xbb,0xc6,0x9a,0xc6,0xbb,0xc6,0xbb,0xce,0xbb,0xce,0xdb,0xc6,
    0xbb,0xce,0xbb,0xce,0xbb,0xce,0xbb,0xce,0xbb,0xce,0xdb,0xce,0xbb,0xce,0xbb,0xce,0xbb,0xce,0xdb,0xce,0xbb,0xce,0xbb,0xce,
    0xdb,0xce,0xba,0xce,0xbb,0xce,0xbb,0xce,0xba,0xce,0xdb,0xce,0xba,0xce,0xdb,0xce,0xdb,0xd6,0xfb,0xce,0xdb,0xce,0xdb,0xd6,
    0xdb,0xce,0xda,0xce,0xdb,0xce,0xbb,0xce,0xbb,0xce,0xdb,0xce,0xbb,0xce,0xbb,0xce,0xbb,0xd6,0xdb,0xce,0xbb,0xce,0xdb,0xce,
    0xdb,0xce,0xdb,0xd6,0xdb,0xce,0xdb,0xce,0xdb,0xd6,0xdc,0xce,0xdb,0xd6,0xdb,0xce,0xbb,0xce,0xbb,0xce,0xbb,0xce,0xdc,0xce,
    0xbb,0xce,0xdb,0xce,0xdc,0xce,0xdc,0xce,0xbb,0xc6,0xbb,0xce,0xbc,0xc6,0xbb,0xc6,0xbb,0xc6,0xbb,0xc6,0xbb,0xc6,0xbb,0xc6,
    0xbc,0xce,0xbb,0xc6,0xdc,0xce,0xdb,0xce,0xfc,0xd6,0xfc,0xd6,0x3d,0xdf,0x3c,0xdf,0x3d,0xdf,0x3c,0xdf,0x3c,0xdf,0x3d,0xd7,
    0x3c,0xdf,0x1d,0xdf,0x1c,0xd7,0x1d,0xdf,0x1c,0xd7,0x1d,0xd7,0xfc,0xd6,0xfc,0xd6,0xfd,0xce,0xfc,0xd6,0xfd,0xce,0xfc,0xce,
    0xfc,0xd6,0xfc,0xce,0xfc,0xd6,0xfc,0xd6,0x1d,0xcf,0xfc,0xd6,0xfc,0xd6,0xfc,0xce,0xfc,0xd6,0xfc,0xd6,0xfc,0xce,0xfc,0xd6,
    0xfc,0xce,0xfc,0xd6,0xfc,0xd6,0x1d,0xdf,0x3d,0xdf,0x3d,0xdf,0x3d,0xe7,0x7d,0xe7,0x3d,0xdf,0x3c,0xdf,0x1d,0xd7,0xfc,0xd6,
    0xfc,0xd6,0xfc,0xce,0xdc,0xce,0xfc,0xce,0xfc,0xce,0xdc,0xce,0xfc,0xce,0xdc,0xce,0xfc,0xce,0xfc,0xce,0xfc,0xce,0xfc,0xce,
    0xfc,0xd6,0xfc,0xce,0xdc,0xd6,0xfc,0xd6,0xfc,0xce,0xfc,0xd6,0xfc,0xce,0xdc,0xce,0xdc,0xce,0xbc,0xc6,0xbb,0xce,0xbb,0xc6,
    0x9b,0xbe,0x9b,0xbe,0x7a,0xb6,0x9b,0xbe,0x7a,0xb6,0x9b,0xbe,0x9a,0xb6,0x7b,0xbe,0x9a,0xbe,0x9a,0xb6,0x7a,0xbe,0x9b,0xb6,
    0x7a,0xbe,0x9a,0xb6,0x7b,0xbe,0x9a,0xb6,0x7b,0xbe,0x7a,0xb6,0x7a,0xbe,0x7a,0xbe,0x7a,0xb6,0x7b,0xbe,0x9a,0xbe,0x7b,0xbe,
    0x9a,0xbe,0x9a,0xbe,0x9a,0xbe,0x9b,0xbe,0x9a,0xc6,0x9b,0xc6,0x9a,0xc6,0xbb,0xc6,0x9b,0xc6,0xbb,0xc6,0xbb,0xce,0xbb,0xc6,
    0xba,0xce,0xbb,0xc6,0xbb,0xce,0xbb,0xc6,0xbb,0xce,0xbb,0xce,0xbb,0xce,0xdb,0xce,0xbb,0xce,0xbb,0xce,0xdb,0xce,0xbb,0xd6,
    0xdb,0xce,0xbb,0xce,0xba,0xce,0xbb,0xce,0xbb,0xce,0xbb,0xce,0xba,0xce,0xbb,0xce,0xbb,0xce,0xda,0xd6,0xdb,0xce,0xda,0xce,
    0xbb,0xce,0xdb,0xd6,0xdb,0xce,0xda,0xce,0xdb,0xce,0xdb,0xd6,0xba,0xce,0xbb,0xce,0xba,0xce,0xbb,0xce,0xbb,0xce,0xbb,0xce,
    0xbb,0xce,0xbb,0xce,0xdb,0xce,0xbb,0xd6,0xdb,0xce,0xdb,0xce,0xdc,0xd6,0xdb,0xce,0xdb,0xd6,0xbb,0xce,0xdb,0xce,0xbb,0xce,
    0xdb,0xce,0xbb,0xd6,0xdc,0xce,0xbb,0xce,0xbc,0xce,0xbb,0xce,0xdb,0xc6,0xdb,0xce,0xbb,0xc6,0xbb,0xc6,0xbb,0xce,0xbc,0xc6,
    0xbb,0xc6,0xbc,0xc6,0xbb,0xc6,0xbc,0xc6,0xdb,0xce,0xdc,0xce,0xdb,0xce,0xdc,0xce,0xfc,0xce,0xdc,0xd6,0x1c,0xd7,0x3d,0xdf,
    0x3c,0xdf,0x3c,0xdf,0x3c,0xdf,0x3c,0xdf,0x1d,0xdf,0x3d,0xd7,0x1c,0xd7,0xfd,0xd6,0xfc,0xd6,0x1c,0xd7,0x1d,0xd7,0xfc,0xce,
    0x1c,0xd7,0xfc,0xce,0xfc,0xd6,0xfc,0xd6,0xfc,0xce,0xfc,0xce,0xfd,0xd6,0xfc,0xce,0xfc,0xd6,0x1c,0xd7,0xfc,0xce,0xfc,0xd6,
    0x1c,0xd7,0xfc,0xce,0x1c,0xd7,0xfc,0xd6,0xfc,0xce,0xfc,0xd6,0xfc,0xce,0x1d,0xd7,0x1c,0xdf,0x1d,0xdf,0x3d,0xdf,0x5d,0xdf,
    0x5d,0xe7,0x1c,0xdf,0x1c,0xd7,0xfc,0xd6,0xfc,0xce,0xfc,0xce,0xfc,0xce,0xfc,0xce,0xdc,0xce,0xfc,0xce,0xdc,0xce,0xfc,0xce,
    0xdc,0xce,0xdb,0xd6,0xdc,0xce,0xdc,0xce,0xfc,0xce,0xdc,0xce,0xdc,0xce,0xdb,0xce,0xdc,0xce,0xfc,0xce,0xdc,0xce,0xfc,0xce,
    0xdc,0xce,0xbb,0xce,0xbc,0xc6,0xbb,0xce,0x9b,0xbe,0x9a,0xbe,0x7b,0xbe,0x7b,0xbe,0x9b,0xbe,0x7a,0xbe,0x7a,0xb6,0x7a,0xbe,
    0x7a,0xb6,0x7b,0xbe,0x7a,0xb6,0x7a,0xbe,0x7a,0xb6,0x7a,0xbe,0x7a,0xb6,0x7a,0xbe,0x9a,0xb6,0x7a,0xb6,0x9a,0xb6,0x7a,0xbe,
    0x7a,0xb6,0x7a,0xbe,0x7a,0xb6,0x7a,0xbe,0x7a,0xbe,0x7a,0xbe,0x7a,0xbe,0x7a,0xbe,0x9a,0xbe,0x9b,0xc6,0x9a,0xc6,0x9b,0xc6,
    0xba,0xc6,0xbb,0xce,0x9a,0xc6,0xbb,0xce,0xbb,0xce,0xba,0xc6,0xbb,0xce,0xba,0xce,0xdb,0xce,0xbb,0xce,0xdb,0xce,0xbb,0xce,
    0xdb,0xd6,0xbb,0xce,0xba,0xce,0xdb,0xce,0xbb,0xce,0xdb,0xce,0xbb,0xce,0xdb,0xce,0xba,0xce,0xdb,0xce,0xbb,0xce,0xdb,0xce,
    0xbb,0xce,0xbb,0xce,0xbb,0xce,0xba,0xce,0xdb,0xce,0xda,0xce,0xbb,0xce,0xdb,0xce,0xbb,0xce,0xdb,0xce,0xdb,0xce,0xbb,0xce,
    0xbb,0xce,0xba,0xce,0xbb,0xce,0xba,0xce,0xba,0xce,0xba,0xce,0xbb,0xce,0xba,0xce,0xbb,0xce,0xdb,0xce,0xbb,0xce,0xdb,0xce,
    0xbb,0xce,0xbb,0xce,0xbb,0xce,0xbb,0xce,0xbb,0xce,0xdb,0xce,0xbb,0xce,0xbb,0xce,0xbb,0xce,0xbb,0xc6,0xbb,0xce,0xbb,0xc6,
    0xbb,0xce,0xbc,0xc6,0xbb,0xc6,0xbb,0xc6,0x9b,0xc6,0xbb,0xc6,0xbb,0xc6,0xdb,0xc6,0xbc,0xce,0xdb,0xce,0xdc,0xce,0xfc,0xd6,
    0xfc,0xce,0xfc,0xd6,0xfc,0xd6,0x1c,0xd7,0x1c,0xdf,0x3c,0xd7,0x3d,0xdf,0x1c,0xd7,0x3d,0xdf,0x1c,0xdf,0x1c,0xd7,0x1d,0xdf,
    0x1c,0xd7,0xfc,0xd6,0x1c,0xd7,0xfc,0xd6,0xfd,0xd6,0x1c,0xd7,0xfc,0xce,0xfc,0xd6,0xfc,0xce,0xfc,0xd6,0xfc,0xce,0xfc,0xd6,
    0x1c,0xd7,0xfc,0xce,0xfc,0xd6,0x1d,0xd7,0xfc,0xce,0x1d,0xd7,0xfc,0xd6,0x1d,0xd7,0x1c,0xd7,0xfc,0xd6,0x1d,0xd7,0xfc,0xd6,
    0x1c,0xd7,0x1c,0xdf,0x3d,0xdf,0x3c,0xdf,0x5d,0xdf,0x3d,0xdf,0x1c,0xd7,0xfc,0xd6,0xfc,0xce,0xfc,0xce,0xdc,0xd6,0xfc,0xce,
    0xdc,0xce,0xdc,0xce,0xdc,0xce,0xdb,0xce,0xdc,0xce,0xdc,0xce,0xdb,0xce,0xdb,0xce,0xdc,0xd6,0xdb,0xce,0xdc,0xd6,0xdb,0xce,
    0xdc,0xce,0xdb,0xce,0xbb,0xc6,0xbb,0xce,0xbc,0xc6,0xbb,0xc6,0xdc,0xc6,0xbb,0xc6,0x7b,0xbe,0x9b,0xbe,0x7a,0xbe,0x9a,0xbe,
    0x7b,0xbe,0x9a,0xbe,0x7a,0xbe,0x7a,0xb6,0x7a,0xbe,0x7a,0xb6,0x7a,0xbe,0x7a,0xbe,0x7b,0xb6,0x7a,0xbe,0x7a,0xb6,0x7b,0xb6,
    0x7a,0xbe,0x7a,0xb6,0x7a,0xbe,0x7a,0xb6,0x7a,0xb6,0x7a,0xbe,0x7a,0xb6,0x7a,0xb6,0x7a,0xbe,0x7a,0xb6,0x7a,0xbe,0x7a,0xbe,
    0x9b,0xc6,0x9a,0xbe,0x9b,0xc6,0xba,0xc6,0xbb,0xce,0xba,0xce,0xdb,0xce,0xbb,0xce,0xdb,0xce,0xbb,0xce,0xdb,0xce,0xbb,0xce,
    0xdb,0xd6,0xdb,0xce,0xbb,0xd6,0xdb,0xce,0xbb,0xce,0xdb,0xce,0xbb,0xce,0xbb,0xce,0xbb,0xce,0xbb,0xce,0xbb,0xce,0xdb,0xce,
    0xbb,0xce,0xbb,0xce,0xdb,0xce,0xbb,0xce,0xbb,0xce,0xba,0xce,0xba,0xce,0xbb,0xce,0xbb,0xce,0xbb,0xce,0xba,0xce,0xdb,0xce,
    0xba,0xce,0xbb,0xce,0xba,0xce,0xbb,0xce,0xbb,0xce,0xba,0xce,0xbb,0xce,0xbb,0xce,0xdb,0xce,0xba,0xce,0xdb,0xce,0xdb,0xce,
    0xdb,0xce,0xba,0xd6,0xdb,0xce,0xda,0xce,0xdb,0xce,0xbb,0xce,0xbb,0xce,0xdb,0xce,0xbb,0xce,0xbb,0xce,0xbb,0xce,0xbb,0xce,
    0xbb,0xce,0xba,0xc6,0x9b,0xc6,0xbb,0xc6,0xdb,0xc6,0xbb,0xc6,0xbb,0xc6,0x9b,0xbe,0x9b,0xc6,0xbb,0xc6,0xbb,0xc6,0xdb,0xce,
    0xdb,0xce,0xfc,0xd6,0xfc,0xce,0xfb,0xd6,0xfc,0xd6,0xfb,0xd6,0xfc,0xd6,0xfc,0xd6,0x1c,0xd7,0x3c,0xdf,0x3c,0xdf,0x1c,0xdf,
    0x1c,0xd7,0x1d,0xd7,0x1c,0xdf,0xfc,0xd6,0xfc,0xd6,0xfc,0xd6,0xfc,0xd6,0xfc,0xd6,0xfc,0xce,0xfc,0xce,0xfc,0xd6,0xfc,0xce,
    0xfc,0xd6,0xfc,0xce,0xfc,0xd6,0xfc,0xce,0xfc,0xd6,0xfc,0xce,0xfc,0xd6,0xfc,0xce,0x1c,0xd7,0x1c,0xd7,0x1c,0xd7,0x1c,0xd7,
    0x1c,0xd7,0x1c,0xd7,0xfc,0xd6,0x1c,0xdf,0x1c,0xd7,0x1d,0xd7,0x1c,0xdf,0x3d,0xdf,0x3d,0xdf,0x1d,0xd7,0x1c,0xd7,0xfc,0xce,
    0xfc,0xd6,0xfc,0xce,0xdc,0xce,0xfc,0xce,0xdc,0xce,0xfc,0xd6,0xdc,0xce,0xdb,0xce,0xdc,0xce,0xdb,0xce,0xbc,0xce,0xdc,0xce,
    0xdb,0xd6,0xdc,0xce,0xdb,0xce,0xbc,0xce,0xbb,0xce,0xbb,0xc6,0xbb,0xc6,0xbb,0xc6,0xdc,0xc6,0xbb,0xc6,0xbb,0xc6,0xbc,0xc6,
    0x9a,0xbe,0x9b,0xc6,0x7a,0xbe,0x7b,0xbe,0x9a,0xbe,0x7b,0xbe,0x7a,0xb6,0x7a,0xbe,0x7b,0xbe,0x7a,0xbe,0x7a,0xb6,0x7a,0xbe,
    0x7a,0xb6,0x7a,0xbe,0x7a,0xbe,0x7a,0xb6,0x7a,0xb6,0x7a,0xb6,0x7a,0xb6,0x7a,0xb6,0x7a,0xb6,0x7b,0xbe,0x7a,0xb6,0x7a,0xbe,
    0x7a,0xb6,0x7a,0xbe,0x9a,0xbe,0x9b,0xbe,0x9a,0xc6,0xbb,0xc6,0xbb,0xce,0xba,0xce,0xbb,0xce,0xdb,0xce,0xbb,0xce,0xda,0xce,
    0xdb,0xce,0xdb,0xce,0xdb,0xce,0xdb,0xd6,0xdb,0xce,0xbb,0xce,0xdb,0xce,0xdb,0xce,0xdb,0xce,0xbb,0xce,0xdb,0xce,0xbb,0xce,
    0xbb,0xce,0xba,0xce,0xbb,0xce,0xbb,0xc6,0xbb,0xce,0xbb,0xce,0xba,0xce,0x9b,0xc6,0xba,0xc6,0x9b,0xce,0xba,0xc6,0x9a,0xc6,
    0xbb,0xce,0xba,0xc6,0xbb,0xce,0xbb,0xce,0xdb,0xce,0xbb,0xce,0xdb,0xce,0xba,0xce,0xbb,0xce,0xbb,0xce,0xba,0xce,0xbb,0xce,
    0xba,0xce,0xdb,0xce,0xba,0xce,0xdb,0xd6,0xba,0xce,0xdb,0xce,0xbb,0xce,0xda,0xd6,0xbb,0xce,0xba,0xce,0xbb,0xce,0xbb,0xce,
    0xba,0xd6,0xbb,0xce,0xbb,0xce,0xbb,0xce,0xba,0xc6,0x9b,0xce,0xbb,0xc6,0x9b,0xc6,0xbb,0xc6,0x9b,0xc6,0x9b,0xbe,0x9a,0xc6,
    0xbb,0xbe,0x9b,0xc6,0xbb,0xc6,0xdc,0xce,0xdb,0xce,0xdb,0xd6,0xdc,0xce,0xfc,0xd6,0xfc,0xd6,0xfc,0xd6,0xfb,0xd6,0xfc,0xd6,
    0x1c,0xdf,0x1d,0xdf,0x3c,0xd7,0x3d,0xdf,0x1c,0xd7,0xfc,0xde,0x1d,0xd7,0x1c,0xd7,0xfc,0xd6,0xfc,0xd6,0xfc,0xd6,0xfc,0xd6,
    0xfc,0xce,0xfc,0xd6,0xfb,0xce,0xfc,0xce,0xfc,0xd6,0xfc,0xce,0xfc,0xd6,0xfc,0xce,0xfc,0xd6,0xfc,0xce,0xfc,0xd6,0xfc,0xce,
    0xfc,0xd6,0x1c,0xd7,0x1c,0xd7,0xfd,0xd6,0x1c,0xd7,0x1d,0xd7,0x1c,0xd7,0xfc,0xd6,0x1d,0xd7,0xfc,0xde,0x3d,0xd7,0x1c,0xd7,
    0x1d,0xdf,0x1c,0xd7,0xfc,0xd6,0xfc,0xce,0xdc,0xce,0xfc,0xd6,0xdc,0xce,0xdc,0xce,0xfc,0xce,0xdb,0xce,0xfc,0xce,0xdc,0xce,
    0xdb,0xce,0xbc,0xce,0xdb,0xce,0xdc,0xd6,0xdc,0xce,0xfc,0xd6,0xdc,0xce,0xdb,0xce,0xdb,0xce,0xbb,0xc6,0xbb,0xce,0xbb,0xc6,
    0xbb,0xc6,0xbb,0xc6,0xbc,0xc6,0xbb,0xc6,0x7b,0xbe,0x9a,0xbe,0x7b,0xbe,0x7a,0xbe,0x7a,0xbe,0x7a,0xb6,0x7a,0xbe,0x5a,0xb6,
    0x7a,0xb6,0x5a,0xbe,0x7a,0xb6,0x7a,0xbe,0x7b,0xbe,0x7a,0xbe,0x7a,0xb6,0x9a,0xbe,0x7b,0xb6,0x7a,0xbe,0x7a,0xb6,0x7a,0xbe,
    0x7a,0xb6,0x7a,0xb6,0x7a,0xb6,0x7a,0xb6,0x7a,0xbe,0x7a,0xbe,0x7a,0xbe,0x9b,0xc6,0x9b,0xc6,0xba,0xc6,0xbb,0xc6,0xda,0xce,
    0xba,0xce,0xdb,0xce,0xbb,0xce,0xdb,0xce,0xdb,0xce,0xbb,0xce,0xdb,0xd6,0xdb,0xce,0xdb,0xd6,0xdb,0xd6,0xdb,0xce,0xbb,0xce,
    0xbb,0xce,0xbb,0xce,0xbb,0xc6,0xba,0xce,0xbb,0xc6,0xbb,0xce,0xbb,0xc6,0xba,0xce,0xbb,0xce,0xba,0xc6,0xbb,0xce,0x9b,0xce,
    0x9a,0xc6,0xba,0xc6,0x9b,0xce,0xba,0xc6,0x9a,0xce,0xbb,0xce,0xba,0xce,0xba,0xce,0xbb,0xce,0xba,0xce,0xba,0xce,0xbb,0xce,
    0xba,0xce,0xbb,0xce,0xbb,0xce,0xdb,0xce,0xda,0xce,0xbb,0xce,0xdb,0xce,0xda,0xce,0xdb,0xce,0xba,0xce,0xdb,0xce,0xdb,0xce,
    0xda,0xce,0xbb,0xce,0xbb,0xce,0xba,0xce,0xbb,0xce,0xbb,0xce,0xbb,0xce,0xbb,0xce,0xbb,0xce,0xba,0xc6,0x9b,0xc6,0xba,0xbe,
    0x9b,0xc6,0x9a,0xbe,0x9b,0xc6,0xbb,0xc6,0x9b,0xbe,0xbb,0xc6,0xbb,0xc6,0xbb,0xc6,0xdb,0xce,0xdc,0xce,0xfb,0xd6,0xfc,0xce,
    0xfc,0xd6,0xfc,0xd6,0x1c,0xd7,0xfc,0xd6,0x1c,0xd7,0x1c,0xdf,0x1c,0xd7,0x1c,0xdf,0x1c,0xd7,0x1d,0xd7,0xfc,0xd6,0xfc,0xd6,
    0xfc,0xd6,0xfc,0xd6,0xfc,0xd6,0xfb,0xce,0xfc,0xd6,0xfb,0xce,0xfc,0xd6,0xdb,0xce,0xfc,0xce,0xfb,0xce,0xfc,0xd6,0xfb,0xce,
    0xfc,0xd6,0xfc,0xce,0xfb,0xd6,0x1c,0xd7,0xfc,0xce,0xfc,0xd6,0xfc,0xd6,0x1c,0xd7,0x1c,0xd7,0xfc,0xd6,0x1c,0xdf,0xfc,0xd6,
    0x1c,0xd7,0x1c,0xdf,0x1c,0xd7,0xfd,0xde,0x1c,0xd7,0xfc,0xd6,0xfb,0xce,0xdc,0xce,0xdb,0xce,0xdc,0xce,0xfc,0xce,0xdc,0xce,
    0xdc,0xd6,0xdc,0xce,0xdc,0xce,0xdb,0xce,0xdc,0xce,0xdb,0xce,0xbc,0xce,0xdb,0xce,0xdc,0xd6,0x1c,0xd7,0xfd,0xd6,0xdc,0xd6,
    0xbb,0xce,0xbb,0xc6,0xbb,0xc6,0xbb,0xc6,0x9b,0xc6,0xbb,0xc6,0xbb,0xc6,0xbb,0xc6,0x9b,0xbe,0x9b,0xbe,0x7a,0xbe,0x7b,0xbe,
    0x7a,0xbe,0x7a,0xbe,0x7b,0xbe,0x7a,0xb6,0x7a,0xbe,0x7a,0xb6,0x7a,0xbe,0x7a,0xb6,0x7a,0xbe,0x7b,0xb6,0x7a,0xbe,0x7a,0xb6,
    0x7a,0xb6,0x7a,0xb6,0x7a,0xb6,0x7a,0xb6,0x7a,0xb6,0x7a,0xbe,0x7a,0xb6,0x7a,0xb6,0x7a,0xbe,0x9a,0xbe,0x9b,0xbe,0x9a,0xc6,
    0xbb,0xc6,0xba,0xc6,0xbb,0xce,0xda,0xc6,0xbb,0xce,0xda,0xce,0xdb,0xce,0xbb,0xce,0xdb,0xce,0xdb,0xce,0xdb,0xd6,0xdb,0xce,
    0xdb,0xce,0xdc,0xd6,0xbb,0xce,0xdb,0xce,0xbb,0xce,0xbb,0xce,0xba,0xce,0xbb,0xce,0xbb,0xce,0xba,0xc6,0xbb,0xce,0xbb,0xce,
    0xbb,0xc6,0x9b,0xce,0xbb,0xc6,0xba,0xce,0x9b,0xc6,0x9a,0xc6,0x9a,0xc6,0x9a,0xce,0x9a,0xc6,0x9a,0xc6,0x9b,0xc6,0xba,0xc6,
    0x9a,0xc6,0x9a,0xc6,0x9b,0xce,0xba,0xc6,0x9b,0xce,0xba,0xce,0xbb,0xce,0xba,0xce,0xdb,0xd6,0xda,0xce,0xbb,0xce,0xbb,0xd6,
    0xda,0xce,0xdb,0xce,0xba,0xd6,0xdb,0xce,0xbb,0xce,0xbb,0xce,0xbb,0xce,0xbb,0xce,0xba,0xce,0xbb,0xce,0xba,0xce,0x9b,0xce,
    0xbb,0xce,0xbb,0xc6,0xbb,0xc6,0x9b,0xc6,0x9b,0xc6,0x9b,0xc6,0xba,0xc6,0x9b,0xbe,0x9b,0xc6,0x9b,0xc6,0x9b,0xc6,0xbb,0xc6,
    0xbb,0xce,0xfb,0xd6,0xdc,0xce,0xfc,0xd6,0xfb,0xd6,0xfc,0xd6,0xfb,0xd6,0xfc,0xd6,0x1c,0xd7,0x1c,0xdf,0x1c,0xd7,0x1c,0xd7,
    0x1c,0xdf,0xfc,0xd6,0xfc,0xd6,0xfc,0xd6,0xfc,0xd6,0xdb,0xd6,0xdc,0xd6,0xdb,0xce,0xfc,0xce,0xdb,0xce,0xfc,0xce,0xdc,0xce,
    0xfb,0xd6,0xdc,0xce,0xfc,0xd6,0xfc,0xce,0xfb,0xce,0xfc,0xd6,0xfc,0xce,0xfc,0xd6,0x1c,0xd7,0xfc,0xd6,0x1c,0xd7,0xfc,0xd6,
    0xfc,0xd6,0x1c,0xd7,0xfc,0xd6,0xfc,0xd6,0xfc,0xd6,0xfd,0xd6,0x1c,0xd7,0x1c,0xd7,0x1c,0xdf,0xfc,0xd6,0xfc,0xce,0xdb,0xce,
    0xdc,0xce,0xdc,0xce,0xdb,0xce,0xdc,0xce,0xdb,0xce,0xdc,0xce,0xbb,0xce,0xdc,0xce,0xdb,0xce,0xbc,0xce,0xdb,0xce,0xdc,0xce,
    0xdc,0xce,0xfc,0xd6,0xfc,0xd6,0xfc,0xd6,0xfc,0xce,0xdb,0xce,0xbb,0xc6,0x9b,0xc6,0xbb,0xc6,0x9b,0xc6,0x9b,0xc6,0xbb,0xc6,
    0x7a,0xbe,0x9a,0xbe,0x7a,0xbe,0x9a,0xbe,0x7a,0xbe,0x7b,0xb6,0x7a,0xbe,0x7a,0xbe,0x5a,0xb6,0x5a,0xbe,0x7a,0xbe,0x5a,0xbe,
    0x7a,0xb6,0x7a,0xbe,0x7a,0xbe,0x7a,0xb6,0x7a,0xbe,0x5a,0xbe,0x7a,0xbe,0x5a,0xbe,0x7a,0xb6,0x5a,0xbe,0x7a,0xbe,0x7a,0xbe,
    0x7a,0xb6,0x7a,0xbe,0x9a,0xbe,0x9b,0xc6,0xbb,0xc6,0xba,0xc6,0xbb,0xce,0xba,0xce,0xda,0xce,0xbb,0xce,0xdb,0xce,0xba,0xce,
    0xdb,0xce,0xba,0xce,0xdb,0xce,0xbb,0xd6,0xdb,0xce,0xbb,0xce,0xdb,0xce,0xbb,0xce,0xbb,0xc6,0xba,0xc6,0x9b,0xc6,0xbb,0xc6,
    0x9b,0xce,0x9b,0xc6,0xba,0xc6,0x9b,0xc6,0xba,0xce,0xbb,0xce,0x9a,0xc6,0xbb,0xce,0x9a,0xc6,0x9b,0xc6,0x9a,0xc6,0x9a,0xc6,
    0x9a,0xc6,0xba,0xc6,0xba,0xc6,0x9b,0xce,0xba,0xc6,0x9b,0xc6,0xba,0xc6,0xbb,0xce,0x9a,0xce,0xbb,0xce,0xda,0xce,0xbb,0xce,
    0xbb,0xce,0xba,0xce,0xdb,0xce,0xba,0xce,0xbb,0xce,0xba,0xce,0xdb,0xce,0xdb,0xce,0xda,0xd6,0xbb,0xce,0xda,0xd6,0xbb,0xce,
    0xba,0xce,0x9a,0xce,0xbb,0xce,0xbb,0xc6,0xba,0xce,0xbb,0xce,0xba,0xc6,0xbb,0xc6,0xba,0xc6,0xbb,0xc6,0xbb,0xc6,0xbb,0xc6,
    0xbb,0xc6,0xbb,0xc6,0xba,0xc6,0xbb,0xc6,0xbb,0xce,0xdb,0xce,0xfb,0xd6,0xfc,0xd6,0xfb,0xd6,0xfc,0xd6,0xfb,0xd6,0xfc,0xd6,
    0x1c,0xdf,0x1c,0xd7,0xfb,0xd6,0x1c,0xd7,0xfc,0xd6,0xfc,0xd6,0xfb,0xd6,0xdc,0xd6,0xdb,0xce,0xdc,0xd6,0xdb,0xce,0xdc,0xd6,
    0xdb,0xce,0xdc,0xce,0xdb,0xd6,0xfb,0xce,0xdc,0xd6,0xdb,0xce,0xfb,0xd6,0xfc,0xce,0xfc,0xd6,0xfc,0xd6,0xfc,0xd6,0x1c,0xcf,
    0xfc,0xd6,0xfc,0xd6,0xfc,0xce,0xfc,0xd6,0xfc,0xd6,0xfc,0xd6,0xfc,0xd6,0xfc,0xd6,0xfc,0xd6,0xfc,0xd6,0xfc,0xd6,0xfc,0xd6,
    0x1c,0xd7,0xfc,0xd6,0xdc,0xce,0xdb,0xd6,0xfc,0xce,0xdb,0xd6,0xdb,0xce,0xdc,0xce,0xbb,0xce,0xdb,0xce,0xdb,0xce,0xbc,0xce,
    0xdb,0xce,0xdb,0xce,0xdc,0xd6,0xdb,0xce,0xdb,0xd6,0xdc,0xd6,0xfc,0xd6,0xfc,0xd6,0xdb,0xce,0xbb,0xce,0xbb,0xce,0xbb,0xc6,
    0xbb,0xc6,0x9b,0xc6,0x9b,0xbe,0x9b,0xc6,0x9a,0xbe,0x7a,0xbe,0x7a,0xbe,0x9b,0xbe,0x7a,0xbe,0x7a,0xbe,0x7a,0xbe,0x7a,0xbe,
    0x7a,0xbe,0x5a,0xb6,0x5a,0xbe,0x7a,0xb6,0x5a,0xbe,0x5a,0xb6,0x5a,0xbe,0x5a,0xbe,0x5a,0xb6,0x7a,0xbe,0x5a,0xb6,0x5a,0xbe,
    0x5a,0xbe,0x7a,0xb6,0x5b,0xbe,0x7a,0xbe,0x7a,0xbe,0x7a,0xbe,0x9a,0xc6,0x9a,0xc6,0x9b,0xc6,0xbb,0xc6,0xbb,0xce,0xdb,0xce,
    0xbb,0xce,0xda,0xce,0xbb,0xce,0xdb,0xd6,0xba,0xce,0xdb,0xce,0xba,0xce,0xbb,0xce,0xda,0xce,0xba,0xce,0xba,0xce,0xdb,0xce,
    0xbb,0xce,0x9b,0xc6,0xba,0xce,0x9b,0xc6,0xba,0xc6,0xbb,0xc6,0x9a,0xc6,0xbb,0xc6,0x9a,0xc6,0xbb,0xc6,0xba,0xc6,0xbb,0xce,
    0xdb,0xce,0xdb,0xc6,0xbb,0xc6,0x9b,0xc6,0xba,0xce,0x9a,0xce,0xbb,0xc6,0x9a,0xc6,0xbb,0xc6,0xba,0xc6,0x9b,0xc6,0x9a,0xc6,
    0xbb,0xc6,0xba,0xce,0xbb,0xce,0xda,0xce,0xba,0xce,0xbb,0xce,0xba,0xce,0xba,0xce,0xba,0xce,0xbb,0xce,0xda,0xce,0xdb,0xd6,
    0xdb,0xce,0xdb,0xd6,0xbb,0xce,0xdb,0xd6,0xba,0xce,0xbb,0xce,0xba,0xce,0xbb,0xce,0xbb,0xce,0xba,0xc6,0x9b,0xc6,0x9a,0xc6,
    0x9b,0xc6,0xbb,0xc6,0xdb,0xce,0xbb,0xc6,0xbb,0xce,0xbb,0xce,0xbb,0xc6,0xbb,0xce,0xda,0xce,0xdb,0xd6,0xfb,0xd6,0xfb,0xd6,
    0xfc,0xce,0xfb,0xd6,0xfc,0xd6,0x1b,0xd7,0xfc,0xd6,0xfb,0xd6,0x1c,0xd7,0xfb,0xd6,0xfc,0xd6,0xfc,0xd6,0xfc,0xd6,0xdb,0xd6,
    0xfc,0xd6,0xdb,0xce,0xdc,0xd6,0xdb,0xce,0xdb,0xce,0xdb,0xd6,0xfc,0xce,0xdb,0xd6,0xdc,0xce,0xfb,0xce,0xdc,0xd6,0xfc,0xd6,
    0xfc,0xd6,0xfc,0xd6,0x1c,0xd7,0xfc,0xd6,0xfc,0xd6,0x1c,0xd7,0xfc,0xd6,0xfb,0xd6,0xfc,0xce,0xfc,0xd6,0xfc,0xd6,0xfc,0xd6,
    0xfc,0xd6,0xfc,0xd6,0xdb,0xd6,0xfc,0xce,0xdc,0xd6,0xfb,0xce,0xdb,0xce,0xdb,0xce,0xdb,0xd6,0xdc,0xce,0xbb,0xce,0xdb,0xd6,
    0xdb,0xce,0xbb,0xce,0xbb,0xce,0xdb,0xce,0xbb,0xd6,0xdc,0xce,0xdb,0xd6,0xdb,0xce,0xbb,0xce,0xdb,0xce,0xfc,0xd6,0xdc,0xce,
    0xdb,0xd6,0xdc,0xce,0xbb,0xce,0xbb,0xc6,0x9b,0xc6,0x9b,0xc6,0x9b,0xbe,0x9b,0xc6,0x9a,0xbe,0x7a,0xbe,0x7a,0xbe,0x7a,0xbe,
    0x9a,0xbe,0x7a,0xbe,0x7b,0xbe,0x5a,0xbe,0x7b,0xbe,0x5a,0xb6,0x7a,0xbe,0x5a,0xbe,0x7a,0xb6,0x5a,0xbe,0x7a,0xb6,0x5a,0xbe,
    0x5a,0xb6,0x5a,0xbe,0x7a,0xb6,0x5a,0xbe,0x7a,0xb6,0x7a,0xbe,0x7a,0xbe,0x5a,0xb6,0x7a,0xbe,0x7a,0xbe,0x7b,0xbe,0x9a,0xc6,
    0x9a,0xc6,0xbb,0xce,0xba,0xc6,0xbb,0xce,0xba,0xce,0xdb,0xce,0xda,0xce,0xbb,0xce,0xda,0xce,0xbb,0xce,0xba,0xce,0xba,0xce,
    0xbb,0xce,0xba,0xce,0xbb,0xce,0xbb,0xc6,0xba,0xce,0xbb,0xc6,0x9a,0xc6,0xba,0xc6,0xba,0xc6,0x9a,0xc6,0xbb,0xc6,0x9a,0xce,
    0xbb,0xc6,0xdb,0xce,0xbb,0xc6,0x9b,0xbe,0x39,0xb6,0x5a,0xbe,0x9b,0xc6,0xbb,0xce,0xbb,0xc6,0x9b,0xc6,0xba,0xc6,0xbb,0xc6,
    0x9a,0xc6,0xbb,0xc6,0xba,0xc6,0x9a,0xc6,0x9a,0xc6,0xba,0xce,0xba,0xc6,0xbb,0xce,0xba,0xce,0xba,0xce,0xbb,0xce,0xba,0xce,
    0xbb,0xce,0xba,0xce,0xbb,0xce,0xdb,0xce,0xda,0xce,0xbb,0xce,0xda,0xd6,0xdb,0xce,0xbb,0xce,0xba,0xce,0xbb,0xce,0xbb,0xce,
    0xba,0xce,0xbb,0xc6,0xba,0xce,0x9b,0xc6,0x9a,0xc6,0xbb,0xc6,0xbb,0xc6,0xbb,0xce,0xdb,0xce,0xdb,0xce,0xdb,0xce,0xdb,0xce,
    0xdb,0xd6,0xfb,0xce,0xfc,0xd6,0xfb,0xd6,0xfb,0xd6,0xfc,0xd6,0xfb,0xd6,0xfc,0xde,0x1b,0xd7,0xfc,0xd6,0xfb,0xd6,0xdb,0xd6,
    0xdc,0xd6,0xdb,0xce,0xdc,0xd6,0xdb,0xce,0xdc,0xce,0xdb,0xd6,0xdc,0xce,0xdb,0xd6,0xdc,0xce,0xdb,0xce,0xdc,0xd6,0xfb,0xce,
    0xdc,0xd6,0xdb,0xce,0xfc,0xd6,0xdb,0xce,0xfc,0xd6,0x1c,0xd7,0xfc,0xd6,0x1c,0xd7,0xfc,0xd6,0xfc,0xd6,0xfc,0xce,0xfc,0xd6,
    0xfc,0xd6,0xfb,0xce,0xfc,0xd6,0xfb,0xd6,0xdc,0xd6,0xfc,0xd6,0xdb,0xce,0xdb,0xce,0xdb,0xce,0xdc,0xd6,0xdb,0xce,0xdb,0xce,
    0xdc,0xce,0xdb,0xd6,0xdb,0xce,0xbc,0xce,0xdb,0xce,0xbb,0xd6,0xbb,0xce,0xdc,0xce,0xdb,0xce,0xdb,0xd6,0xbc,0xce,0xdb,0xd6,
    0xdc,0xce,0xbb,0xce,0xdb,0xd6,0xdb,0xce,0xdc,0xd6,0xdb,0xce,0xbb,0xce,0xbb,0xce,0x9b,0xc6,0x9b,0xc6,0x9b,0xc6,0x9a,0xbe,
    0x7a,0xbe,0x9b,0xbe,0x7a,0xbe,0x9a,0xbe,0x7a,0xbe,0x7b,0xbe,0x7a,0xbe,0x7a,0xbe,0x7a,0xbe,0x5a,0xb6,0x5a,0xbe,0x5a,0xb6,
    0x5a,0xbe,0x5a,0xb6,0x5a,0xbe,0x5a,0xb6,0x5a,0xbe,0x5a,0xb6,0x5a,0xbe,0x7a,0xb6,0x5a,0xbe,0x5a,0xb6,0x5a,0xbe,0x7a,0xbe,
    0x7a,0xbe,0x7a,0xbe,0x7a,0xbe,0x9a,0xbe,0x9a,0xc6,0xbb,0xc6,0xbb,0xce,0xba,0xce,0xdb,0xce,0xba,0xce,0xbb,0xce,0xda,0xce,
    0xbb,0xce,0xba,0xce,0xbb,0xce,0xba,0xce,0xbb,0xce,0xba,0xce,0xba,0xce,0xbb,0xc6,0x9b,0xc6,0x9a,0xc6,0x9b,0xc6,0x9a,0xc6,
    0x9a,0xc6,0x9b,0xc6,0xbb,0xc6,0xbb,0xc6,0x5a,0xb6,0xf9,0xa5,0xb7,0x95,0xb7,0x9d,0x76,0x95,0x77,0x9d,0xd8,0xa5,0xf8,0xad,
    0x5a,0xbe,0x9a,0xc6,0xbb,0xc6,0xbb,0xc6,0x9a,0xc6,0x9a,0xc6,0x9b,0xc6,0xbb,0xc6,0x9a,0xce,0xbb,0xc6,0xba,0xce,0xba,0xce,
    0xbb,0xce,0xba,0xce,0xdb,0xce,0xba,0xce,0xdb,0xce,0xba,0xce,0xdb,0xce,0xda,0xce,0xdb,0xd6,0xdb,0xce,0xdb,0xd6,0xdb,0xd6,
    0xdb,0xd6,0xdb,0xce,0xbb,0xce,0xdb,0xce,0xbb,0xce,0xba,0xc6,0xbb,0xc6,0xba,0xc6,0x9a,0xce,0x9a,0xc6,0x9a,0xce,0xba,0xce,
    0xdb,0xce,0xbb,0xce,0xdb,0xd6,0xdb,0xce,0xdb,0xd6,0xdb,0xce,0xfb,0xd6,0xfc,0xd6,0xfb,0xd6,0xfc,0xd6,0xfb,0xd6,0xfc,0xd6,
    0xfb,0xd6,0xfb,0xd6,0xfb,0xd6,0xdb,0xd6,0xfb,0xce,0xdc,0xd6,0xdb,0xce,0xdb,0xd6,0xdc,0xce,0xdb,0xd6,0xdb,0xce,0xdb,0xce,
    0xdb,0xce,0xdb,0xce,0xdb,0xce,0xdc,0xce,0xdb,0xce,0xdb,0xce,0xfc,0xce,0xdb,0xd6,0xdb,0xce,0xfc,0xce,0xfc,0xd6,0xfc,0xce,
    0xfb,0xd6,0xfc,0xd6,0xfc,0xd6,0x1b,0xd7,0xfc,0xce,0xdc,0xd6,0xdb,0xd6,0xdc,0xce,0xfb,0xd6,0xdb,0xce,0xdc,0xd6,0xdb,0xce,
    0xdb,0xce,0xbb,0xce,0xdb,0xce,0xbb,0xce,0xbb,0xce,0xdb,0xce,0xbb,0xd6,0xdb,0xce,0xbb,0xce,0xdc,0xce,0xdb,0xd6,0xdb,0xce,
    0xbc,0xd6,0xdb,0xce,0xdb,0xce,0xdc,0xd6,0xdb,0xce,0xdb,0xd6,0xdc,0xce,0xbb,0xce,0xbb,0xce,0xbb,0xce,0xdb,0xce,0xbb,0xce,
    0xbb,0xc6,0xbb,0xc6,0x9b,0xbe,0x7a,0xbe,0x7a,0xbe,0x7a,0xbe,0x9a,0xbe,0x7a,0xbe,0x7a,0xbe,0x7a,0xbe,0x7a,0xb6,0x7b,0xbe,
    0x7a,0xbe,0x7a,0xbe,0x5a,0xb6,0x5a,0xbe,0x5a,0xb6,0x7a,0xbe,0x5a,0xb6,0x5a,0xb6,0x5a,0xb6,0x5a,0xbe,0x5a,0xb6,0x5a,0xbe,
    0x7a,0xbe,0x5a,0xbe,0x7a,0xb6,0x5a,0xb6,0x7a,0xbe,0x7a,0xb6,0x7a,0xbe,0x9a,0xc6,0x9a,0xc6,0x9a,0xc6,0x9a,0xc6,0xba,0xce,
    0xba,0xce,0xbb,0xce,0xda,0xce,0xbb,0xce,0xda,0xce,0xbb,0xce,0xda,0xce,0xba,0xce,0xba,0xce,0xba,0xce,0xba,0xce,0xbb,0xc6,
    0xba,0xce,0x9b,0xc6,0x9a,0xc6,0xbb,0xce,0xbb,0xc6,0x9a,0xbe,0xf8,0xa5,0x97,0x95,0x56,0x85,0x36,0x85,0x36,0x85,0x56,0x8d,
    0xb8,0x8d,0x97,0x95,0x56,0x95,0x77,0x95,0x76,0x95,0x97,0x9d,0xf8,0xad,0x79,0xc6,0xbb,0xc6,0x9a,0xc6,0xba,0xc6,0x9b,0xc6,
    0x9a,0xc6,0xbb,0xce,0xba,0xce,0xba,0xce,0xba,0xce,0xbb,0xce,0xba,0xce,0xdb,0xce,0xba,0xce,0xbb,0xce,0xba,0xce,0xbb,0xce,
    0xba,0xce,0xdb,0xd6,0xdb,0xce,0xdb,0xd6,0xdb,0xce,0xdb,0xd6,0xbb,0xce,0xba,0xce,0xbb,0xce,0xba,0xce,0xbb,0xce,0xba,0xce,
    0xbb,0xc6,0xbb,0xce,0xbb,0xc6,0xba,0xce,0xdb,0xce,0xda,0xce,0xdb,0xce,0xdb,0xd6,0xfb,0xce,0xdb,0xd6,0xfb,0xce,0xfb,0xd6,
    0x1c,0xd7,0xfb,0xd6,0xfc,0xd6,0xfb,0xd6,0xfc,0xd6,0xdb,0xd6,0xfb,0xd6,0xdc,0xce,0xdb,0xd6,0xdc,0xce,0xdb,0xd6,0xdc,0xce,
    0xdb,0xce,0xbb,0xce,0xbb,0xce,0xdb,0xce,0xbb,0xce,0xdb,0xce,0xdb,0xce,0xbb,0xce,0xdb,0xce,0xdb,0xce,0xdb,0xce,0xdc,0xce,
    0xdb,0xce,0xdb,0xce,0xdb,0xd6,0xfc,0xce,0xfc,0xd6,0xfb,0xce,0xfc,0xce,0xdc,0xd6,0xfb,0xce,0xfc,0xd6,0xdb,0xce,0xdc,0xce,
    0xdb,0xd6,0xbc,0xce,0xdb,0xce,0xbb,0xce,0xbb,0xce,0xdb,0xce,0xbb,0xce,0xdb,0xce,0xdc,0xd6,0xbb,0xce,0xdc,0xd6,0xdc,0xd6,
    0xdb,0xd6,0xdc,0xce,0xdb,0xd6,0xdc,0xce,0xdb,0xd6,0xdc,0xce,0xdb,0xd6,0xdb,0xce,0xdc,0xd6,0xdb,0xce,0xdb,0xd6,0xdb,0xce,
    0xbb,0xce,0xdb,0xd6,0xbb,0xce,0xdc,0xce,0xbb,0xce,0xbb,0xc6,0x9b,0xc6,0x9b,0xbe,0x7a,0xc6,0x7a,0xbe,0x9a,0xc6,0x7a,0xbe,
    0x7b,0xbe,0x7b,0xc6,0x5a,0xbe,0x7a,0xbe,0x5a,0xbe,0x7a,0xb6,0x7a,0xbe,0x7a,0xb6,0x5a,0xbe,0x5a,0xbe,0x7a,0xb6,0x5a,0xbe,
    0x5a,0xb6,0x5a,0xb6,0x5a,0xbe,0x5a,0xb6,0x5a,0xb6,0x7a,0xb6,0x5a,0xbe,0x7a,0xbe,0x7a,0xb6,0x7a,0xbe,0x7a,0xbe,0x7a,0xbe,
    0x7a,0xbe,0x9b,0xc6,0x9b,0xc6,0x9a,0xc6,0xbb,0xce,0xba,0xce,0xba,0xce,0xbb,0xce,0xba,0xce,0xdb,0xce,0x9a,0xce,0xbb,0xce,
    0xbb,0xce,0xba,0xc6,0xba,0xc6,0xbb,0xce,0xbb,0xc6,0xbb,0xc6,0xbb,0xc6,0x5a,0xb6,0xd8,0x9d,0x76,0x8d,0x57,0x85,0x57,0x85,
    0x77,0x85,0x77,0x7d,0x36,0x7d,0x16,0x7d,0x77,0x8d,0x98,0x95,0x56,0x8d,0x56,0x8d,0x97,0x9d,0x77,0x9d,0x56,0x95,0x76,0x95,
    0x5a,0xbe,0xbb,0xc6,0x9b,0xc6,0x9a,0xce,0x9b,0xc6,0xba,0xc6,0xba,0xc6,0x9b,0xce,0xba,0xc6,0xba,0xce,0xbb,0xce,0xba,0xce,
    0xbb,0xce,0xba,0xce,0xdb,0xce,0xba,0xce,0xbb,0xd6,0xbb,0xce,0xda,0xce,0xbb,0xd6,0xda,0xce,0xba,0xce,0xbb,0xce,0xda,0xce,
    0xbb,0xce,0xba,0xce,0xba,0xce,0xbb,0xce,0xba,0xce,0xba,0xce,0xba,0xce,0xbb,0xce,0xba,0xce,0xdb,0xce,0xdb,0xd6,0xdb,0xce,
    0xdb,0xd6,0xdb,0xd6,0xdb,0xd6,0xdb,0xd6,0xdb,0xd6,0xfb,0xde,0xfb,0xd6,0xfb,0xde,0xfb,0xd6,0xdb,0xd6,0xdb,0xce,0xfb,0xd6,
    0xdb,0xce,0xdb,0xd6,0xbb,0xce,0xbb,0xce,0xbc,0xd6,0xbb,0xce,0xdc,0xce,0xbb,0xce,0xbb,0xce,0xbc,0xce,0xbb,0xce,0xbb,0xce,
    0xbc,0xce,0xbb,0xce,0xbb,0xce,0xbb,0xce,0xdb,0xce,0xbb,0xce,0xdb,0xce,0xbb,0xce,0xdb,0xce,0xdb,0xce,0xdb,0xce,0xdb,0xce,
    0xdb,0xce,0xdb,0xce,0xdb,0xce,0xdb,0xce,0xdb,0xce,0xdb,0xce,0xbb,0xce,0xdb,0xce,0xbb,0xce,0xdb,0xce,0xbb,0xce,0xbb,0xce,
    0xbb,0xce,0xdb,0xce,0xdc,0xce,0xdb,0xce,0xdc,0xd6,0xfb,0xd6,0xdb,0xce,0xdb,0xd6,0xdb,0xce,0xdb,0xd6,0xdc,0xce,0xdb,0xd6,
    0xbb,0xce,0xbb,0xce,0xbb,0xce,0xbb,0xce,0xbb,0xce,0xbb,0xce,0xbb,0xce,0xdb,0xce,0xbb,0xce,0xbb,0xce,0x9b,0xc6,0x9b,0xc6,
    0x9a,0xbe,0x7a,0xbe,0x7a,0xbe,0x9a,0xbe,0x7a,0xc6,0x9a,0xbe,0x7a,0xbe,0x79,0xbe,0x5a,0xbe,0x7a,0xbe,0x7a,0xb6,0x7a,0xbe,
    0x7a,0xb6,0x7a,0xbe,0x7a,0xbe,0x79,0xb6,0x5a,0xb6,0x5a,0xb6,0x5a,0xb6,0x5a,0xbe,0x59,0xb6,0x5a,0xbe,0x5a,0xb6,0x5a,0xb6,
    0x7a,0xbe,0x7a,0xbe,0x5a,0xbe,0x79,0xbe,0x9a,0xc6,0x7a,0xbe,0x9a,0xc6,0x9a,0xc6,0xba,0xc6,0xbb,0xce,0xdb,0xce,0xdb,0xd6,
    0xdb,0xce,0xdb,0xd6,0xdb,0xd6,0xdb,0xce,0xda,0xce,0xdb,0xce,0x79,0xbe,0x7a,0xb6,0x9a,0xbe,0xf9,0xad,0x97,0x9d,0x36,0x8d,
    0x56,0x85,0x56,0x85,0x36,0x85,0x36,0x7d,0x16,0x75,0x15,0x7d,0x36,0x7d,0x36,0x7d,0x16,0x7d,0x36,0x85,0x36,0x85,0x36,0x8d,
    0x56,0x8d,0x56,0x95,0x97,0x95,0x56,0x95,0x76,0x9d,0x19,0xb6,0x9b,0xc6,0x9a,0xc6,0x9a,0xc6,0x9b,0xc6,0x9a,0xc6,0x9a,0xce,
    0x9a,0xce,0xba,0xce,0xbb,0xce,0xba,0xce,0xbb,0xce,0xba,0xce,0xbb,0xc6,0xba,0xce,0xbb,0xce,0xdb,0xd6,0xbb,0xce,0xdb,0xce,
    0xbb,0xce,0xba,0xce,0xbb,0xce,0xda,0xce,0xba,0xce,0xbb,0xce,0xba,0xce,0xba,0xc6,0xba,0xce,0xba,0xce,0xba,0xc6,0xba,0xce,
    0xdb,0xce,0xdb,0xce,0xdb,0xd6,0xda,0xce,0xdb,0xd6,0xbb,0xce,0xdb,0xd6,0xdb,0xd6,0xdb,0xd6,0xfc,0xd6,0xfb,0xde,0xfc,0xd6,
    0xdb,0xd6,0xfb,0xd6,0xdb,0xd6,0xdb,0xce,0xdc,0xd6,0xbb,0xce,0xbb,0xce,0xdc,0xce,0xbb,0xce,0xbb,0xc6,0xbb,0xce,0xbb,0xc6,
    0xbb,0xc6,0xbb,0xc6,0xbb,0xc6,0xbb,0xc6,0xbb,0xce,0xbb,0xc6,0xdb,0xce,0xbc,0xc6,0xbb,0xce,0xbb,0xc6,0xdb,0xce,0xbb,0xc6,
    0xbb,0xce,0xbb,0xc6,0xbb,0xce,0xdc,0xce,0xbb,0xce,0xdb,0xce,0xbc,0xce,0xdb,0xce,0xbb,0xce,0xdb,0xce,0xbb,0xce,0xdb,0xce,
    0xbb,0xce,0xbb,0xce,0xdb,0xce,0xbb,0xce,0xbb,0xce,0xdb,0xd6,0xdc,0xd6,0xdb,0xce,0xdb,0xd6,0xdc,0xce,0xdb,0xd6,0xdb,0xce,
    0xdb,0xd6,0xdc,0xce,0xdb,0xd6,0xdb,0xce,0xdb,0xce,0xbb,0xce,0xbb,0xce,0xbb,0xce,0xbb,0xce,0xdb,0xce,0xbc,0xce,0xdb,0xce,
    0xbb,0xce,0xbb,0xc6,0xbb,0xc6,0x7b,0xc6,0xbb,0xc6,0xbb,0xc6,0x9a,0xc6,0x9a,0xc6,0x9a,0xc6,0x9a,0xbe,0x7a,0xbe,0x7a,0xbe,
    0x9a,0xbe,0x7a,0xbe,0x7a,0xbe,0x7a,0xbe,0x7a,0xbe,0x7a,0xb6,0x59,0xbe,0x5a,0xbe,0x5a,0xbe,0x7a,0xb6,0x5a,0xb6,0x5a,0xbe,
    0x7a,0xbe,0x5a,0xbe,0x7a,0xbe,0x5a,0xbe,0x7a,0xb6,0x7a,0xbe,0x9a,0xbe,0x9a,0xc6,0x9a,0xbe,0x9a,0xc6,0x9a,0xc6,0x9b,0xc6,
    0xba,0xce,0x7a,0xbe,0x19,0xb6,0x39,0xae,0xd7,0xad,0x97,0x9d,0xd8,0xad,0xf8,0xad,0xf8,0xa5,0xd8,0xa5,0x56,0x8d,0x36,0x8d,
    0x56,0x8d,0xf5,0x7c,0x56,0x85,0x56,0x85,0x15,0x7d,0xf4,0x74,0xd5,0x74,0xf5,0x6c,0xd5,0x74,0xf5,0x74,0xf5,0x74,0xf5,0x74,
    0xf5,0x74,0xd5,0x74,0x16,0x75,0x36,0x85,0x57,0x8d,0x56,0x8d,0x56,0x8d,0x56,0x8d,0x56,0x8d,0x56,0x95,0xf8,0xa5,0xbb,0xc6,
    0x9a,0xc6,0x9b,0xce,0xbb,0xce,0xdb,0xce,0xbb,0xc6,0xba,0xce,0xbb,0xc6,0xdb,0xce,0xdb,0xce,0xba,0xce,0xba,0xce,0xba,0xce,
    0xbb,0xd6,0xba,0xce,0xdb,0xd6,0xba,0xce,0xbb,0xce,0xba,0xce,0xbb,0xce,0xba,0xce,0xbb,0xce,0xba,0xce,0xbb,0xce,0xba,0xce,
    0xbb,0xce,0xba,0xce,0xbb,0xce,0xba,0xce,0xbb,0xce,0xda,0xce,0xdb,0xce,0xdb,0xce,0xbb,0xd6,0xba,0xd6,0xdb,0xce,0xdb,0xd6,
    0xfb,0xd6,0xfb,0xd6,0xdc,0xd6,0xfb,0xde,0xfb,0xd6,0xdc,0xd6,0xfb,0xd6,0xdb,0xce,0xdb,0xce,0xbb,0xce,0xbb,0xce,0xbb,0xce,
    0xbb,0xc6,0xbb,0xce,0xbb,0xc6,0x9b,0xc6,0xbb,0xc6,0x9b,0xc6,0xbb,0xc6,0xbb,0xc6,0xbb,0xc6,0xbb,0xce,0xbb,0xc6,0xbb,0xce,
    0xbb,0xc6,0xbb,0xce,0xbb,0xc6,0xbb,0xce,0xbb,0xc6,0xbb,0xce,0xba,0xc6,0xbb,0xc6,0xbb,0xce,0xbb,0xc6,0xbb,0xce,0xbb,0xce,
    0xdb,0xce,0xbb,0xce,0xdb,0xce,0xbb,0xce,0xdb,0xce,0xbb,0xce,0xbb,0xce,0xdb,0xce,0xbb,0xce,0xdb,0xce,0xdc,0xce,0xdb,0xd6,
    0xdc,0xce,0xdb,0xce,0xdb,0xce,0xbb,0xce,0xdb,0xce,0xdb,0xd6,0xdb,0xce,0xdb,0xd6,0xbb,0xce,0xbb,0xce,0xbb,0xce,0xbb,0xce,
    0xbb,0xce,0xbb,0xce,0xbb,0xce,0xbb,0xce,0xbb,0xce,0xbb,0xc6,0x9b,0xc6,0x9a,0xc6,0x36,0x85,0xd8,0x95,0x3a,0xae,0x9b,0xb6,
    0x7a,0xb6,0x7a,0xbe,0x7b,0xbe,0xbb,0xc6,0xbb,0xc6,0xbb,0xc6,0xbb,0xce,0xbb,0xc6,0x9b,0xbe,0xdb,0xc6,0x9b,0xbe,0x7a,0xbe,
    0x5a,0xb6,0x5a,0xb6,0x39,0xae,0x5a,0xae,0x39,0xae,0xf9,0xa5,0xf9,0xa5,0x76,0x95,0x36,0x85,0x56,0x8d,0x97,0x95,0xd8,0x9d,
    0xb8,0x9d,0x76,0x8d,0x56,0x8d,0x56,0x8d,0x36,0x85,0xf6,0x74,0xb5,0x6c,0xb5,0x6c,0xd6,0x6c,0xd5,0x6c,0xd5,0x6c,0xd5,0x74,
    0xd5,0x74,0xf6,0x74,0xf6,0x74,0xd5,0x74,0xd5,0x74,0x16,0x7d,0x15,0x75,0x15,0x7d,0x15,0x75,0xf6,0x74,0xf5,0x74,0xd4,0x6c,
    0xd5,0x6c,0xd5,0x6c,0xb5,0x6c,0xb5,0x6c,0xd5,0x6c,0xd5,0x6c,0xf5,0x74,0x16,0x7d,0x16,0x7d,0x36,0x85,0x56,0x85,0x36,0x85,
    0x77,0x8d,0x56,0x8d,0x56,0x95,0x39,0xb6,0x19,0xae,0x19,0xa6,0x19,0xa6,0xf9,0xa5,0xf9,0x9d,0x97,0x95,0x77,0x95,0xb8,0x95,
    0x7b,0xbe,0xdb,0xd6,0xba,0xce,0xbb,0xd6,0xdb,0xd6,0xdb,0xce,0xba,0xce,0xbb,0xce,0xba,0xce,0xba,0xce,0xba,0xce,0xba,0xce,
    0xba,0xce,0xba,0xc6,0xba,0xce,0xba,0xc6,0xba,0xce,0x9a,0xc6,0xba,0xce,0xbb,0xce,0xba,0xce,0xdb,0xce,0xba,0xd6,0xdb,0xce,
    0xba,0xce,0xbb,0xd6,0xbb,0xd6,0xdb,0xd6,0xdc,0xde,0xfb,0xd6,0xdb,0xd6,0xfb,0xd6,0xdb,0xd6,0xdb,0xd6,0xfb,0xd6,0xdb,0xce,
    0xbb,0xce,0xbb,0xce,0x9b,0xce,0xbb,0xc6,0xbb,0xc6,0x9a,0xc6,0xbb,0xc6,0xba,0xc6,0x9b,0xc6,0xba,0xc6,0x9b,0xc6,0x9a,0xc6,
    0x9b,0xc6,0x9b,0xc6,0x9b,0xc6,0x9a,0xc6,0x9b,0xc6,0xbb,0xc6,0x9a,0xc6,0xbb,0xc6,0x9a,0xc6,0xbb,0xc6,0x9b,0xce,0xba,0xc6,
    0xbb,0xc6,0xba,0xce,0xbb,0xc6,0xbb,0xce,0xbb,0xce,0xbb,0xce,0xbb,0xce,0xbb,0xce,0xbb,0xce,0xbb,0xc6,0xbb,0xce,0xbb,0xce,
    0xbb,0xce,0xbb,0xce,0xdb,0xce,0xdb,0xce,0xdb,0xd6,0xbb,0xce,0xbb,0xd6,0xdb,0xce,0xbb,0xce,0xbb,0xce,0xbb,0xce,0xbb,0xce,
    0xbb,0xce,0xba,0xce,0xbb,0xce,0xbb,0xce,0xbb,0xce,0xbb,0xce,0xbb,0xce,0xbb,0xce,0xba,0xc6,0x9b,0xc6,0x9b,0xc6,0x9b,0xc6,
    0x75,0x54,0x75,0x54,0x95,0x5c,0xd6,0x64,0xd6,0x6c,0xf6,0x6c,0xf5,0x6c,0xf9,0x9d,0x19,0xa6,0x7b,0xb6,0x3a,0xae,0x97,0x95,
    0xb8,0x95,0xd8,0x95,0x98,0x8d,0x16,0x7d,0xf6,0x74,0xf5,0x74,0xd6,0x6c,0xd5,0x6c,0xb5,0x6c,0xb4,0x6c,0xb4,0x6c,0xb5,0x6c,
    0xf5,0x74,0xf5,0x74,0xd5,0x74,0xb4,0x74,0xd5,0x74,0xb5,0x74,0xb5,0x6c,0x95,0x64,0xb6,0x6c,0xb5,0x64,0xd6,0x5c,0xb5,0x5c,
    0xb5,0x5c,0xd6,0x64,0xb5,0x64,0xb6,0x64,0xd5,0x6c,0xd5,0x6c,0xd6,0x74,0xd5,0x6c,0xd6,0x6c,0xb4,0x6c,0xd5,0x64,0xd5,0x6c,
    0xd5,0x6c,0x15,0x6d,0x16,0x75,0x36,0x75,0x36,0x7d,0x37,0x7d,0x36,0x75,0xf5,0x6c,0xd5,0x6c,0xd5,0x6c,0xd5,0x64,0xd5,0x74,
    0xf6,0x74,0x16,0x7d,0x16,0x7d,0xd4,0x74,0xf5,0x7c,0x56,0x8d,0x56,0x8d,0x37,0x85,0x16,0x7d,0xf6,0x74,0x16,0x75,0x16,0x75,
    0x16,0x75,0x37,0x7d,0x37,0x7d,0x37,0x7d,0x77,0x8d,0x5a,0xb6,0x7a,0xbe,0x39,0xb6,0x1a,0xae,0x7a,0xc6,0xdb,0xce,0xbb,0xd6,
    0xbb,0xce,0xbb,0xd6,0xba,0xce,0xbb,0xce,0xdb,0xce,0x9a,0xce,0xba,0xce,0x9b,0xce,0xba,0xce,0xbb,0xce,0xba,0xce,0xba,0xce,
    0xbb,0xce,0xda,0xce,0xbb,0xce,0xbb,0xce,0xba,0xd6,0xbb,0xce,0xda,0xce,0xdb,0xd6,0xdb,0xd6,0xfb,0xd6,0xfb,0xde,0xdc,0xd6,
    0xdb,0xd6,0xdb,0xd6,0xdb,0xce,0xbb,0xce,0xbb,0xce,0xba,0xce,0x9b,0xc6,0x9a,0xc6,0xbb,0xc6,0x9b,0xc6,0x9b,0xbe,0x9a,0xc6,
    0x9b,0xbe,0x9a,0xc6,0x9b,0xbe,0x9a,0xc6,0x9b,0xc6,0xba,0xc6,0x9b,0xc6,0x9b,0xc6,0xba,0xc6,0x9b,0xce,0xba,0xc6,0xbb,0xce,
    0xbb,0xc6,0x9a,0xce,0xbb,0xc6,0x9a,0xc6,0x9b,0xc6,0x9a,0xc6,0x9b,0xc6,0xba,0xc6,0xbb,0xce,0xbb,0xc6,0xbb,0xce,0x9a,0xc6,
    0xbb,0xc6,0x9a,0xce,0xbb,0xc6,0x9a,0xc6,0xbb,0xce,0xbb,0xce,0xbb,0xce,0xbb,0xce,0xbb,0xce,0xbb,0xce,0xbb,0xce,0xbb,0xce,
    0xbb,0xce,0xbb,0xce,0xba,0xce,0xdb,0xce,0xba,0xce,0xbb,0xce,0x9b,0xce,0xbb,0xce,0xbb,0xce,0x9a,0xc6,0x9b,0xce,0x9a,0xc6,
    0x9b,0xc6,0x9b,0xc6,0x9a,0xc6,0x9a,0xc6,0x96,0x5c,0xb6,0x5c,0x95,0x5c,0x96,0x5c,0x95,0x54,0x96,0x54,0x95,0x5c,0x75,0x5c,
    0x95,0x5c,0xd6,0x64,0x95,0x5c,0x95,0x5c,0x94,0x5c,0x94,0x64,0x94,0x64,0x95,0x64,0x94,0x64,0xb5,0x64,0xb5,0x64,0x94,0x64,
    0x94,0x64,0xb5,0x6c,0xd5,0x6c,0xf5,0x74,0xd5,0x6c,0xd5,0x74,0xd5,0x74,0xd5,0x6c,0xd5,0x74,0xd5,0x6c,0xd5,0x6c,0xb5,0x6c,
    0xd6,0x6c,0x95,0x5c,0x75,0x5c,0x75,0x5c,0x75,0x5c,0xb6,0x64,0x95,0x64,0x95,0x64,0xb5,0x64,0x95,0x64,0x95,0x64,0xb5,0x64,
    0x95,0x64,0xb5,0x64,0xb4,0x5c,0xb5,0x5c,0x94,0x64,0xb5,0x64,0xb5,0x6c,0xf6,0x74,0x16,0x75,0xf5,0x74,0xf6,0x74,0xd6,0x6c,
    0xd5,0x6c,0xd6,0x6c,0xb5,0x6c,0xb5,0x6c,0xb5,0x6c,0xb4,0x6c,0xb5,0x6c,0xb5,0x6c,0xb5,0x6c,0xf5,0x74,0x37,0x85,0x57,0x8d,
    0x37,0x85,0xf6,0x74,0x36,0x75,0x17,0x75,0x16,0x75,0x37,0x7d,0x57,0x7d,0x78,0x7d,0x98,0x8d,0x57,0x85,0x57,0x85,0x36,0x7d,
    0x16,0x7d,0x57,0x85,0x98,0x95,0xd8,0x9d,0x39,0xae,0x59,0xb6,0x7a,0xb6,0x39,0xb6,0x39,0xb6,0xbb,0xce,0xdb,0xce,0x9a,0xc6,
    0x9a,0xc6,0xba,0xce,0x9a,0xc6,0xbb,0xce,0xda,0xce,0xbb,0xce,0xba,0xce,0xbb,0xce,0xba,0xce,0xbb,0xce,0xba,0xd6,0xdb,0xce,
    0xdb,0xd6,0xdb,0xd6,0xdb,0xd6,0xdb,0xd6,0xdb,0xd6,0xdb,0xd6,0xda,0xce,0xbb,0xce,0xba,0xce,0x9b,0xc6,0x9a,0xc6,0x9b,0xc6,
    0x9a,0xbe,0x9a,0xc6,0x9a,0xbe,0x9b,0xbe,0x9a,0xbe,0x9b,0xbe,0x9a,0xbe,0x9b,0xbe,0x9a,0xc6,0x9b,0xbe,0x9a,0xc6,0xbb,0xc6,
    0xbb,0xc6,0xbb,0xc6,0x9b,0xce,0xbb,0xc6,0x9b,0xc6,0xbb,0xc6,0x9a,0xc6,0x9b,0xc6,0x9a,0xc6,0x9b,0xc6,0x9a,0xc6,0xbb,0xc6,
    0xbb,0xc6,0x9a,0xc6,0xbb,0xc6,0x9b,0xc6,0x9a,0xc6,0x9b,0xc6,0x9a,0xc6,0xbb,0xc6,0x9b,0xce,0xbb,0xc6,0xbb,0xce,0xbb,0xce,
    0xbb,0xce,0xdb,0xce,0xbb,0xce,0xdb,0xce,0xba,0xce,0xbb,0xce,0xbb,0xce,0xbb,0xce,0x9b,0xc6,0xba,0xce,0xbb,0xc6,0x9b,0xc6,
    0xbb,0xc6,0x9b,0xc6,0x9b,0xc6,0x9b,0xc6,0x9a,0xc6,0x9b,0xc6,0x7a,0xc6,0x7b,0xbe,0x75,0x54,0x75,0x54,0x75,0x54,0x75,0x54,
    0x75,0x5c,0x95,0x54,0x96,0x5c,0x95,0x5c,0x96,0x5c,0x74,0x54,0x95,0x5c,0x74,0x5c,0x95,0x5c,0x95,0x64,0xb5,0x64,0xb5,0x64,
    0xb5,0x6c,0xb5,0x64,0xb5,0x6c,0xb5,0x6c,0xf5,0x6c,0xd5,0x6c,0xd5,0x74,0xb4,0x6c,0xb5,0x6c,0xb4,0x6c,0xb4,0x6c,0xb5,0x6c,
    0xd4,0x6c,0x94,0x64,0x74,0x64,0x95,0x64,0xb5,0x64,0x75,0x5c,0x55,0x54,0x54,0x54,0x75,0x54,0x75,0x54,0x74,0x5c,0x75,0x5c,
    0x95,0x5c,0x95,0x64,0x94,0x5c,0x94,0x5c,0x94,0x64,0x95,0x5c,0x94,0x5c,0x74,0x5c,0x74,0x5c,0x95,0x64,0x94,0x64,0xb4,0x64,
    0x95,0x64,0xb4,0x64,0xb5,0x64,0xd5,0x6c,0xb6,0x64,0xd5,0x64,0xd6,0x6c,0xd5,0x64,0xd5,0x6c,0xb5,0x64,0xd5,0x6c,0xd5,0x64,
    0xb5,0x6c,0xb4,0x6c,0x94,0x64,0xb5,0x6c,0xd5,0x6c,0x95,0x6c,0xd5,0x6c,0x16,0x75,0xf6,0x74,0x16,0x75,0x16,0x75,0x37,0x7d,
    0x57,0x85,0x57,0x85,0x57,0x85,0x37,0x7d,0x57,0x7d,0x37,0x75,0x16,0x75,0x37,0x75,0x16,0x75,0x16,0x75,0x36,0x7d,0x16,0x7d,
    0x16,0x7d,0x77,0x8d,0x7b,0xb6,0xdb,0xce,0x9a,0xce,0x9a,0xce,0xbb,0xc6,0x9a,0xce,0x9b,0xce,0xba,0xce,0xba,0xce,0xba,0xce,
    0xbb,0xce,0xba,0xce,0xdb,0xce,0xdb,0xd6,0xdb,0xd6,0xdb,0xd6,0xdb,0xd6,0xdb,0xd6,0xdb,0xd6,0xbb,0xce,0xda,0xd6,0xbb,0xce,
    0xbb,0xce,0xba,0xc6,0x9a,0xc6,0x7a,0xbe,0x7b,0xbe,0x7a,0xbe,0x7a,0xbe,0x7b,0xbe,0x7a,0xbe,0x7b,0xbe,0x7a,0xbe,0x7b,0xbe,
    0x7a,0xbe,0x7a,0xbe,0x9b,0xbe,0x9a,0xc6,0x9b,0xc6,0x9b,0xc6,0xba,0xc6,0x9b,0xc6,0x9a,0xc6,0x9b,0xc6,0x9b,0xc6,0x9b,0xc6,
    0x9a,0xc6,0x9b,0xc6,0x9a,0xc6,0x9b,0xc6,0x9b,0xc6,0xbb,0xc6,0x9a,0xc6,0x9a,0xbe,0x9b,0xc6,0x7a,0xbe,0x9a,0xbe,0x9a,0xc6,
    0x9a,0xc6,0x9a,0xc6,0xbb,0xc6,0xba,0xc6,0xbb,0xc6,0xbb,0xce,0xbb,0xc6,0xba,0xce,0x9b,0xc6,0x9a,0xc6,0x9a,0xc6,0x9a,0xc6,
    0x9b,0xc6,0x9a,0xc6,0x9b,0xc6,0x7a,0xc6,0x9b,0xc6,0x9a,0xc6,0x9a,0xc6,0x9a,0xc6,0x7b,0xc6,0x9a,0xc6,0x7a,0xbe,0x7a,0xbe,
    0x75,0x54,0x75,0x5c,0x75,0x54,0x54,0x54,0x55,0x54,0x55,0x54,0x75,0x54,0x75,0x54,0x75,0x5c,0x75,0x5c,0x95,0x5c,0x95,0x5c,
    0xb5,0x64,0xb5,0x64,0xb5,0x6c,0xd6,0x6c,0xb5,0x6c,0xb5,0x64,0x95,0x64,0xb5,0x6c,0xb5,0x64,0xb5,0x6c,0xb4,0x6c,0xb4,0x6c,
    0xb4,0x64,0x95,0x64,0xb4,0x6c,0xb4,0x64,0x95,0x6c,0x94,0x64,0x74,0x5c,0x95,0x64,0x95,0x64,0x55,0x54,0x54,0x54,0x54,0x54,
    0x34,0x54,0x55,0x54,0x74,0x5c,0x94,0x64,0x74,0x5c,0x74,0x5c,0x95,0x64,0x75,0x5c,0x74,0x5c,0x95,0x5c,0x95,0x5c,0x95,0x5c,
    0x95,0x64,0x94,0x5c,0x95,0x64,0x94,0x64,0x94,0x64,0xb5,0x64,0x95,0x64,0xb5,0x64,0xb5,0x64,0xb5,0x64,0x95,0x64,0xb5,0x64,
    0x95,0x64,0xb5,0x6c,0xb5,0x64,0xb5,0x64,0xb4,0x64,0xb5,0x6c,0xb4,0x64,0x94,0x64,0x74,0x64,0xb4,0x64,0xf6,0x6c,0xf6,0x74,
    0xf5,0x6c,0x16,0x75,0xf6,0x74,0x16,0x6d,0xf6,0x74,0x36,0x7d,0x57,0x85,0x57,0x7d,0x36,0x75,0x17,0x7d,0x37,0x75,0x37,0x75,
    0x37,0x75,0x37,0x75,0x37,0x7d,0x57,0x7d,0x37,0x7d,0x16,0x75,0x36,0x85,0xf8,0xa5,0xbb,0xc6,0xba,0xce,0xba,0xce,0x9a,0xce,
    0x9a,0xce,0x9a,0xce,0x9a,0xce,0xba,0xce,0xba,0xce,0xba,0xce,0xba,0xce,0xdb,0xce,0xba,0xce,0xdb,0xd6,0xba,0xd6,0xbb,0xce,
    0xda,0xd6,0xbb,0xce,0xda,0xce,0xbb,0xce,0xba,0xc6,0x9b,0xc6,0x7a,0xbe,0x7a,0xbe,0x7a,0xbe,0x7a,0xbe,0x7a,0xbe,0x7a,0xbe,
    0x5a,0xbe,0x7a,0xbe,0x7a,0xbe,0x7a,0xbe,0x7a,0xbe,0x7a,0xbe,0x7a,0xc6,0x9b,0xbe,0x9a,0xc6,0x9b,0xbe,0x9a,0xc6,0x9b,0xc6,
    0x9a,0xc6,0xba,0xc6,0x9b,0xc6,0x9a,0xc6,0x9b,0xc6,0x9a,0xc6,0x7b,0xbe,0x7a,0xbe,0x9a,0xbe,0x9a,0xbe,0x7b,0xbe,0x7a,0xbe,
    0x9a,0xbe,0x7a,0xbe,0x7b,0xbe,0x7a,0xbe,0x9b,0xc6,0x7a,0xbe,0x9b,0xc6,0x9a,0xc6,0x9b,0xc6,0x9a,0xc6,0x9b,0xc6,0x9a,0xc6,
    0x7b,0xbe,0x7a,0xc6,0x7b,0xc6,0x7a,0xc6,0x9b,0xc6,0x9a,0xc6,0x9b,0xc6,0x7a,0xc6,0x9a,0xbe,0x7b,0xc6,0x7b,0xbe,0x7a,0xc6,
    0x7a,0xbe,0x7a,0xbe,0x5a,0xbe,0x5a,0xbe,0x75,0x54,0x75,0x54,0x75,0x5c,0x75,0x54,0x75,0x54,0x75,0x54,0x75,0x54,0x55,0x54,
    0x74,0x54,0x54,0x54,0x75,0x5c,0xd6,0x6c,0xb5,0x6c,0xf6,0x6c,0x94,0x64,0x75,0x64,0x74,0x64,0x75,0x64,0xb5,0x6c,0xb4,0x64,
    0xb4,0x6c,0x94,0x64,0xb4,0x6c,0xb5,0x6c,0xb4,0x64,0x94,0x64,0x94,0x64,0x74,0x64,0x94,0x64,0x94,0x64,0x94,0x5c,0x75,0x5c,
    0x75,0x5c,0x54,0x54,0x54,0x54,0x34,0x54,0x34,0x54,0x75,0x54,0x74,0x5c,0x95,0x5c,0x74,0x5c,0x75,0x5c,0x74,0x5c,0x74,0x5c,
    0x75,0x5c,0x74,0x64,0x95,0x5c,0x74,0x5c,0x75,0x5c,0x74,0x5c,0x74,0x5c,0x74,0x5c,0x94,0x5c,0x95,0x5c,0x94,0x5c,0x75,0x5c,
    0x75,0x5c,0x95,0x5c,0x95,0x5c,0x74,0x64,0x95,0x64,0x94,0x5c,0x74,0x5c,0x95,0x64,0xb4,0x64,0xb5,0x64,0xd5,0x6c,0xb5,0x6c,
    0xd5,0x6c,0xb5,0x64,0xb5,0x6c,0x16,0x75,0xf6,0x74,0xd5,0x6c,0xf6,0x6c,0xf6,0x74,0x16,0x75,0x16,0x75,0x16,0x75,0x16,0x75,
    0xf6,0x74,0x16,0x75,0x36,0x75,0x16,0x75,0x16,0x75,0x16,0x75,0x37,0x75,0x37,0x7d,0x36,0x75,0x36,0x75,0x16,0x75,0xd5,0x74,
    0xb8,0x95,0x39,0xae,0x38,0xae,0x9a,0xbe,0xdb,0xc6,0x9a,0xc6,0x9a,0xc6,0x9a,0xce,0xba,0xce,0xba,0xce,0xba,0xce,0xbb,0xd6,
    0xba,0xce,0xbb,0xce,0xba,0xd6,0xba,0xce,0xbb,0xce,0xba,0xd6,0xbb,0xce,0xba,0xc6,0x9a,0xc6,0x7a,0xc6,0x7a,0xbe,0x7a,0xbe,
    0x7a,0xbe,0x5a,0xbe,0x5a,0xbe,0x5a,0xb6,0x5a,0xbe,0x5a,0xb6,0x5a,0xbe,0x5a,0xb6,0x7a,0xbe,0x7a,0xbe,0x7a,0xbe,0x7a,0xbe,
    0x9a,0xbe,0x9a,0xc6,0x9a,0xbe,0x7a,0xbe,0x9a,0xbe,0x7b,0xbe,0x7a,0xbe,0x9b,0xbe,0x7a,0xc6,0x7a,0xbe,0x7a,0xbe,0x7a,0xbe,
    0x5a,0xbe,0x7a,0xbe,0x7a,0xbe,0x7a,0xbe,0x5a,0xbe,0x7a,0xbe,0x7a,0xbe,0x5a,0xbe,0x7a,0xbe,0x7a,0xbe,0x7a,0xbe,0x7a,0xbe,
    0x7a,0xbe,0x9b,0xc6,0x7a,0xbe,0x7a,0xc6,0x7a,0xbe,0x7a,0xc6,0x9a,0xbe,0x7a,0xbe,0x7a,0xc6,0x7a,0xbe,0x7a,0xbe,0x7a,0xbe,
    0x7a,0xbe,0x7a,0xbe,0x7a,0xbe,0x7a,0xbe,0x7a,0xbe,0x5a,0xbe,0x7a,0xbe,0x5a,0xbe,0x34,0x54,0x54,0x54,0x54,0x54,0x54,0x54,
    0x55,0x54,0x55,0x54,0x54,0x54,0x34,0x54,0x34,0x54,0x54,0x54,0x95,0x64,0x74,0x5c,0xd6,0x6c,0xb5,0x64,0x74,0x64,0x74,0x64,
    0x74,0x64,0x94,0x64,0x95,0x64,0x95,0x64,0x94,0x64,0x94,0x64,0x94,0x64,0x94,0x64,0x94,0x6c,0xb5,0x64,0x94,0x64,0x94,0x64,
    0x95,0x5c,0x74,0x5c,0x75,0x5c,0x33,0x5c,0x34,0x54,0x34,0x54,0x34,0x4c,0x34,0x4c,0x54,0x54,0x55,0x5c,0x74,0x5c,0x54,0x5c,
    0x74,0x5c,0x74,0x5c,0x75,0x5c,0x74,0x5c,0x54,0x5c,0x74,0x5c,0x54,0x5c,0x75,0x54,0x74,0x5c,0x74,0x54,0x75,0x5c,0x74,0x5c,
    0x74,0x5c,0x94,0x64,0x95,0x5c,0x74,0x5c,0x75,0x5c,0x75,0x5c,0x75,0x5c,0x94,0x5c,0x95,0x64,0x94,0x64,0x95,0x64,0xb5,0x6c,
    0x94,0x64,0x95,0x64,0xb4,0x6c,0xb5,0x64,0x94,0x64,0x94,0x64,0xb5,0x6c,0x94,0x64,0xb5,0x64,0xb4,0x64,0xb5,0x64,0xd5,0x6c,
    0xd5,0x6c,0xd5,0x74,0xf6,0x74,0xd5,0x6c,0xf5,0x6c,0xf6,0x6c,0xf6,0x74,0x16,0x75,0xf6,0x74,0xf6,0x74,0x36,0x75,0x37,0x7d,
    0x36,0x75,0x36,0x7d,0x36,0x75,0x16,0x75,0x15,0x75,0x15,0x75,0x16,0x75,0x36,0x85,0xb7,0x9d,0x9a,0xbe,0xba,0xce,0xb9,0xce,
    0x9a,0xce,0x9a,0xce,0xba,0xce,0xba,0xce,0xba,0xce,0xba,0xce,0xba,0xce,0x9a,0xce,0x9a,0xce,0xba,0xce,0x9a,0xce,0x9a,0xc6,
    0x7a,0xc6,0x79,0xbe,0x5a,0xbe,0x5a,0xbe,0x59,0xb6,0x5a,0xb6,0x59,0xbe,0x5a,0xb6,0x5a,0xb6,0x5a,0xb6,0x5a,0xb6,0x5a,0xbe,
    0x5a,0xb6,0x5a,0xbe,0x7a,0xbe,0x7a,0xbe,0x7a,0xbe,0x7b,0xbe,0x7a,0xbe,0x7a,0xbe,0x7a,0xbe,0x7a,0xbe,0x7a,0xbe,0x5a,0xbe,
    0x7a,0xb6,0x5a,0xbe,0x5a,0xb6,0x5a,0xb6,0x5a,0xb6,0x5a,0xb6,0x5a,0xb6,0x5a,0xb6,0x5a,0xb6,0x5a,0xb6,0x5a,0xb6,0x5a,0xb6,
    0x5a,0xbe,0x5a,0xb6,0x7a,0xbe,0x5a,0xbe,0x7a,0xb6,0x5a,0xbe,0x7a,0xbe,0x7a,0xbe,0x7b,0xbe,0x7a,0xbe,0x7a,0xbe,0x7b,0xbe,
    0x5a,0xbe,0x7a,0xbe,0x5a,0xbe,0x5a,0xbe,0x5a,0xb6,0x59,0xbe,0x5a,0xb6,0x59,0xbe,0x5a,0xb6,0x59,0xb6,0x5a,0xbe,0x59,0xb6,
    0x34,0x4c,0x34,0x4c,0x34,0x54,0x54,0x54,0x34,0x54,0x34,0x4c,0x34,0x54,0x34,0x4c,0x34,0x54,0x95,0x64,0x34,0x5c,0x53,0x54,
    0xb5,0x6c,0x75,0x64,0x74,0x5c,0x95,0x64,0x95,0x64,0x74,0x64,0x74,0x64,0x74,0x64,0x54,0x5c,0x33,0x5c,0x53,0x5c,0x94,0x64,
    0x53,0x5c,0x74,0x5c,0x53,0x5c,0x33,0x54,0x74,0x5c,0x54,0x5c,0x34,0x54,0x33,0x54,0x13,0x4c,0x14,0x4c,0x34,0x54,0x34,0x54,
    0x54,0x54,0x75,0x5c,0x74,0x5c,0x55,0x5c,0x54,0x5c,0x75,0x5c,0x54,0x5c,0x54,0x5c,0x75,0x5c,0x54,0x54,0x74,0x5c,0x54,0x54,
    0x54,0x5c,0x74,0x5c,0x94,0x5c,0x75,0x5c,0x94,0x5c,0x75,0x5c,0x75,0x5c,0x74,0x5c,0x74,0x5c,0x74,0x5c,0x74,0x5c,0x74,0x5c,
    0x74,0x64,0x94,0x64,0xb5,0x64,0xb4,0x64,0xb5,0x6c,0xb5,0x64,0x94,0x6c,0x95,0x64,0x74,0x64,0x95,0x64,0x94,0x64,0x95,0x64,
    0x94,0x64,0x95,0x64,0x94,0x64,0x94,0x64,0x95,0x64,0xb5,0x6c,0xf5,0x74,0x16,0x75,0xf5,0x74,0xd5,0x6c,0xd5,0x6c,0xd6,0x6c,
    0xf5,0x6c,0x16,0x75,0x16,0x75,0x37,0x7d,0x16,0x75,0x16,0x75,0x16,0x75,0x16,0x75,0x16,0x75,0x56,0x7d,0x36,0x7d,0xf6,0x6c,
    0x15,0x75,0x57,0x85,0xd8,0xa5,0x59,0xae,0x7a,0xbe,0x59,0xbe,0x9a,0xc6,0x9b,0xce,0x9a,0xce,0xba,0xce,0x9a,0xd6,0x9a,0xce,
    0xba,0xce,0xbb,0xce,0x9a,0xce,0x9a,0xc6,0x7a,0xbe,0x7a,0xbe,0x79,0xb6,0x7a,0xbe,0x5a,0xb6,0x5a,0xb6,0x5a,0xb6,0x59,0xb6,
    0x39,0xb6,0x59,0xb6,0x5a,0xb6,0x39,0xb6,0x5a,0xb6,0x5a,0xb6,0x3a,0xb6,0x5a,0xb6,0x7a,0xbe,0x7a,0xb6,0x7a,0xbe,0x5a,0xbe,
    0x5a,0xbe,0x5a,0xbe,0x5a,0xb6,0x5a,0xb6,0x5a,0xb6,0x5a,0xb6,0x5a,0xb6,0x5a,0xb6,0x5a,0xb6,0x3a,0xb6,0x3a,0xb6,0x3a,0xb6,
    0x5a,0xb6,0x3a,0xb6,0x5a,0xb6,0x5a,0xb6,0x59,0xb6,0x5a,0xb6,0x59,0xb6,0x3a,0xb6,0x59,0xbe,0x5a,0xb6,0x5a,0xbe,0x5a,0xbe,
    0x5a,0xbe,0x5a,0xbe,0x5a,0xbe,0x5a,0xbe,0x7a,0xbe,0x5a,0xbe,0x5a,0xb6,0x59,0xb6,0x5a,0xbe,0x3a,0xb6,0x59,0xb6,0x5a,0xb6,
    0x5a,0xbe,0x3a,0xb6,0x59,0xb6,0x3a,0xb6,0x95,0x5c,0xb6,0x64,0x13,0x4c,0x34,0x4c,0x34,0x54,0x34,0x4c,0x34,0x54,0x34,0x54,
    0x95,0x5c,0xb5,0x64,0x54,0x5c,0x75,0x64,0x54,0x5c,0x54,0x5c,0x74,0x64,0x74,0x5c,0x33,0x5c,0x54,0x5c,0x54,0x5c,0x33,0x5c,
    0x13,0x54,0x13,0x54,0x74,0x64,0x33,0x5c,0x32,0x54,0x53,0x5c,0x33,0x54,0x33,0x54,0x13,0x4c,0x54,0x54,0x54,0x54,0x13,0x54,
    0x13,0x54,0x13,0x4c,0x13,0x4c,0x55,0x54,0x54,0x5c,0x54,0x5c,0x54,0x5c,0x54,0x5c,0x54,0x54,0x54,0x5c,0x74,0x5c,0x54,0x5c,
    0x54,0x5c,0x54,0x5c,0x55,0x5c,0x74,0x5c,0x74,0x5c,0x54,0x54,0x74,0x5c,0x74,0x5c,0x74,0x5c,0x54,0x5c,0x74,0x5c,0x74,0x5c,
    0x54,0x5c,0x54,0x5c,0x74,0x5c,0x74,0x5c,0x94,0x64,0x94,0x5c,0x74,0x64,0x94,0x64,0x94,0x64,0x94,0x64,0x94,0x64,0xb5,0x64,
    0x94,0x64,0x94,0x64,0x74,0x64,0x74,0x5c,0x74,0x5c,0x53,0x5c,0x74,0x5c,0x74,0x64,0x74,0x64,0x94,0x64,0x94,0x64,0xd5,0x6c,
    0xd4,0x6c,0xb5,0x64,0xd5,0x6c,0xd5,0x6c,0xd5,0x6c,0xf6,0x6c,0xf5,0x74,0xf5,0x74,0xf5,0x74,0xf6,0x74,0x16,0x75,0x15,0x75,
    0x36,0x7d,0xf6,0x74,0x15,0x75,0x36,0x7d,0x16,0x75,0x17,0x75,0x17,0x75,0x37,0x7d,0x76,0x8d,0x15,0x85,0x35,0x95,0x18,0xae,
    0x7a,0xc6,0x39,0xbe,0x59,0xb6,0x7a,0xbe,0x19,0xb6,0x19,0xae,0xd8,0xa5,0xd8,0xa5,0xd8,0x9d,0xf9,0xa5,0xf9,0xa5,0xf9,0xa5,
    0x19,0xa6,0x39,0xae,0x5a,0xb6,0x3a,0xae,0x39,0xb6,0x3a,0xb6,0x39,0xb6,0x39,0xb6,0x5a,0xb6,0x3a,0xae,0x5a,0xb6,0x3a,0xb6,
    0x3a,0xae,0x5a,0xb6,0x5a,0xb6,0x39,0xb6,0x3a,0xb6,0x39,0xb6,0x3a,0xae,0x3a,0xb6,0x39,0xb6,0x3a,0xb6,0x39,0xae,0x3a,0xae,
    0x39,0xae,0x39,0xae,0x39,0xae,0x39,0xae,0x19,0xb6,0x39,0xb6,0x3a,0xae,0x39,0xb6,0x39,0xb6,0x3a,0xb6,0x39,0xb6,0x5a,0xb6,
    0x3a,0xb6,0x39,0xb6,0x3a,0xb6,0x59,0xb6,0x3a,0xb6,0x59,0xb6,0x3a,0xb6,0x59,0xb6,0x5a,0xb6,0x5a,0xb6,0x3a,0xbe,0x3a,0xb6,
    0x59,0xb6,0x3a,0xb6,0x39,0xb6,0x3a,0xb6,0x39,0xb6,0x39,0xb6,0x3a,0xb6,0x39,0xb6,0x74,0x5c,0x54,0x54,0x54,0x5c,0x33,0x54,
    0x13,0x4c,0x13,0x4c,0x54,0x54,0x95,0x64,0x54,0x5c,0x75,0x64,0x74,0x5c,0x54,0x5c,0x33,0x5c,0x34,0x54,0x54,0x5c,0x34,0x5c,
    0x33,0x54,0x34,0x5c,0x34,0x5c,0x54,0x54,0x13,0x54,0x53,0x5c,0x94,0x5c,0x33,0x54,0x13,0x54,0x33,0x54,0x33,0x54,0x33,0x54,
    0x13,0x54,0x13,0x54,0x34,0x54,0x54,0x54,0x13,0x54,0x34,0x54,0x54,0x54,0x75,0x5c,0x74,0x5c,0x75,0x5c,0x54,0x5c,0x54,0x54,
    0x54,0x5c,0x74,0x5c,0x54,0x5c,0x54,0x54,0x54,0x54,0x54,0x54,0x54,0x5c,0x54,0x54,0x54,0x54,0x53,0x5c,0x74,0x5c,0x54,0x5c,
    0x54,0x54,0x53,0x54,0x54,0x5c,0x74,0x54,0x74,0x5c,0x53,0x54,0x73,0x5c,0x73,0x5c,0x73,0x5c,0x73,0x5c,0x73,0x64,0x73,0x64,
    0x74,0x64,0x73,0x5c,0x94,0x64,0x74,0x64,0x74,0x64,0x73,0x5c,0x74,0x64,0x73,0x5c,0x54,0x5c,0x74,0x5c,0x33,0x5c,0x74,0x5c,
    0x74,0x64,0x73,0x64,0x94,0x6c,0x94,0x6c,0x94,0x6c,0xb4,0x6c,0xb4,0x6c,0xb4,0x6c,0xb4,0x6c,0xd4,0x6c,0xd5,0x74,0xd4,0x6c,
    0xd5,0x74,0xf4,0x74,0xd5,0x74,0xd5,0x74,0x15,0x75,0x15,0x7d,0xf5,0x74,0x16,0x75,0x58,0x85,0xd5,0x74,0x73,0x74,0x52,0x74,
    0xd0,0x6b,0x8f,0x63,0x8e,0x63,0x8e,0x63,0x10,0x74,0xf4,0x84,0x55,0x8d,0xf3,0x7c,0x56,0x8d,0x36,0x85,0x36,0x7d,0x36,0x7d,
    0x16,0x85,0x57,0x85,0x57,0x8d,0x77,0x8d,0x36,0x85,0x37,0x8d,0xd8,0x95,0x1a,0xae,0x5a,0xae,0x39,0xae,0x39,0xae,0x39,0xae,
    0x19,0xae,0x39,0xae,0x3a,0xae,0xd8,0x9d,0x77,0x95,0x19,0xae,0x5a,0xae,0x3a,0xae,0x1a,0xae,0x19,0xae,0x19,0xae,0x1a,0xae,
    0x19,0xae,0x1a,0xae,0x19,0xae,0x19,0xae,0x1a,0xae,0x19,0xae,0x1a,0xae,0x19,0xae,0x1a,0xae,0x19,0xae,0x19,0xae,0x1a,0xae,
    0x19,0xae,0x19,0xae,0x3a,0xb6,0x39,0xb6,0x3a,0xb6,0x39,0xb6,0x3a,0xb6,0x19,0xb6,0x3a,0xb6,0x3a,0xb6,0x3a,0xb6,0x3a,0xb6,
    0x3a,0xb6,0x3a,0xb6,0x39,0xb6,0x3a,0xb6,0x3a,0xb6,0x39,0xb6,0x3a,0xb6,0x19,0xae,0x3a,0xae,0x39,0xb6,0x3a,0xae,0x19,0xae,
    0x34,0x54,0x13,0x4c,0x33,0x54,0x13,0x4c,0xf3,0x4b,0x14,0x54,0x95,0x64,0x75,0x5c,0x95,0x64,0x13,0x54,0x13,0x54,0x54,0x5c,
    0x13,0x54,0x33,0x54,0x74,0x64,0x34,0x5c,0x54,0x5c,0x54,0x5c,0xf3,0x53,0x13,0x54,0xf3,0x4b,0x33,0x54,0x33,0x54,0x33,0x5c,
    0x33,0x54,0x33,0x54,0x13,0x54,0xf3,0x4b,0xf3,0x4b,0x13,0x4c,0x13,0x54,0x74,0x5c,0x54,0x5c,0x54,0x54,0x54,0x5c,0x54,0x54,
    0x34,0x5c,0x33,0x5c,0x54,0x54,0x54,0x5c,0x54,0x54,0x54,0x5c,0x34,0x54,0x54,0x54,0x34,0x5c,0x54,0x54,0x54,0x54,0x54,0x5c,
    0x53,0x54,0x54,0x54,0x54,0x54,0x54,0x5c,0x53,0x54,0x53,0x54,0x33,0x54,0x54,0x5c,0x53,0x54,0x73,0x5c,0x74,0x5c,0x93,0x5c,
    0x73,0x5c,0x73,0x64,0x53,0x5c,0x53,0x5c,0x52,0x5c,0x53,0x5c,0x73,0x5c,0x53,0x5c,0x73,0x64,0x74,0x5c,0x73,0x64,0x74,0x5c,
    0x53,0x64,0x54,0x5c,0x53,0x5c,0x33,0x5c,0x53,0x5c,0x53,0x64,0x73,0x64,0x73,0x64,0x73,0x64,0x93,0x64,0x93,0x6c,0x73,0x64,
    0x93,0x6c,0x93,0x64,0x93,0x6c,0xb4,0x6c,0xb3,0x6c,0xb4,0x6c,0xf4,0x74,0xd4,0x74,0xf5,0x74,0x16,0x75,0x16,0x7d,0x36,0x7d,
    0x73,0x74,0x6e,0x63,0x2d,0x63,0x0c,0x53,0x8b,0x52,0xec,0x62,0x0c,0x5b,0x0c,0x63,0xaa,0x4a,0x2d,0x53,0x8d,0x5b,0x4b,0x53,
    0xcf,0x5b,0xf4,0x84,0x97,0x8d,0x57,0x85,0x16,0x7d,0x57,0x85,0x57,0x85,0x98,0x8d,0x77,0x8d,0x57,0x85,0x57,0x85,0x57,0x85,
    0xd9,0x9d,0x3a,0xae,0x1a,0xae,0x19,0xae,0xf9,0xad,0x3a,0xae,0xf9,0xa5,0x57,0x8d,0x78,0x8d,0x98,0x95,0x19,0xa6,0x3a,0xae,
    0x19,0xae,0x1a,0xae,0x19,0xae,0x19,0xa6,0xf9,0xad,0x19,0xa6,0x19,0xae,0x19,0xa6,0x19,0xa6,0xf9,0xa5,0x19,0xa6,0xf9,0xa5,
    0xf9,0xa5,0x19,0xae,0xf9,0xa5,0x19,0xae,0x19,0xae,0x19,0xae,0x19,0xae,0x19,0xae,0x19,0xae,0x19,0xae,0x19,0xae,0x1a,0xae,
    0x19,0xae,0x19,0xae,0x19,0xae,0x19,0xae,0x19,0xb6,0x19,0xae,0x1a,0xae,0x19,0xae,0x19,0xb6,0x1a,0xae,0x19,0xb6,0x3a,0xae,
    0x19,0xae,0x3a,0xae,0x19,0xae,0x19,0xae,0x13,0x54,0xf2,0x4b,0xf2,0x4b,0xd3,0x4b,0x33,0x54,0x95,0x64,0x94,0x64,0x54,0x5c,
    0x74,0x64,0x53,0x5c,0x74,0x5c,0x33,0x54,0x33,0x54,0x13,0x54,0x54,0x5c,0x13,0x54,0x13,0x54,0x13,0x54,0x34,0x5c,0x33,0x54,
    0x13,0x54,0x13,0x54,0x33,0x54,0x13,0x54,0x12,0x4c,0x13,0x54,0x33,0x54,0x12,0x4c,0x13,0x54,0x13,0x4c,0x13,0x54,0x54,0x54,
    0x54,0x54,0x54,0x5c,0x13,0x54,0x13,0x54,0x33,0x54,0x33,0x5c,0x33,0x54,0x33,0x54,0x33,0x54,0x13,0x54,0x33,0x54,0x34,0x54,
    0x53,0x54,0x34,0x54,0x33,0x54,0x54,0x54,0x33,0x5c,0x54,0x54,0x53,0x5c,0x53,0x54,0x33,0x54,0x33,0x54,0x33,0x54,0x53,0x54,
    0x33,0x5c,0x53,0x54,0x73,0x5c,0x93,0x5c,0x93,0x64,0x93,0x64,0x93,0x64,0x73,0x5c,0x72,0x5c,0x32,0x5c,0x53,0x5c,0x73,0x64,
    0x93,0x5c,0x73,0x64,0x73,0x5c,0x73,0x64,0x74,0x5c,0x73,0x5c,0x74,0x5c,0x53,0x5c,0x73,0x64,0x73,0x64,0x73,0x64,0x72,0x64,
    0x52,0x64,0x52,0x64,0x73,0x6c,0x52,0x64,0x73,0x6c,0x53,0x64,0x72,0x6c,0x93,0x6c,0x93,0x6c,0x93,0x6c,0x93,0x6c,0xf5,0x74,
    0x73,0x6c,0xb0,0x53,0xd0,0x5b,0x2e,0x4b,0xac,0x4a,0x4e,0x63,0x2c,0x63,0xcc,0x5a,0x0c,0x5b,0xcb,0x52,0x0c,0x63,0x2d,0x63,
    0x0c,0x5b,0xeb,0x52,0xea,0x4a,0xaa,0x4a,0x6c,0x5b,0x2c,0x5b,0x6e,0x5b,0x56,0x95,0x57,0x85,0x36,0x85,0x36,0x7d,0x16,0x7d,
    0x57,0x85,0x37,0x7d,0x57,0x85,0x37,0x7d,0x57,0x85,0x99,0x8d,0x19,0xa6,0x19,0xa6,0x1a,0xa6,0xd9,0x9d,0x37,0x85,0x57,0x85,
    0x98,0x95,0x77,0x8d,0x37,0x85,0x77,0x8d,0x99,0x95,0xd9,0x9d,0xf9,0xa5,0xf9,0xa5,0xf9,0xa5,0xf9,0xa5,0xf9,0xa5,0xf9,0xa5,
    0xf9,0xa5,0xf9,0xa5,0xf9,0xa5,0xf9,0xa5,0xf9,0xa5,0xf9,0xa5,0xf9,0xa5,0xf9,0xa5,0xf9,0xa5,0x19,0xae,0xf9,0xa5,0x19,0xa6,
    0xf9,0xad,0x1a,0xa6,0xf9,0xad,0x19,0xae,0xf9,0xad,0x19,0xae,0x1a,0xae,0x19,0xae,0x1a,0xae,0x19,0xae,0x19,0xae,0x19,0xae,
    0x19,0xae,0x19,0xae,0x19,0xae,0x19,0xae,0x19,0xae,0x19,0xae,0x19,0xae,0x19,0xae,0x12,0x54,0xd1,0x4b,0xd2,0x4b,0xd2,0x53,
    0x33,0x54,0x53,0x5c,0x33,0x5c,0x33,0x54,0x12,0x54,0x13,0x54,0x33,0x54,0x33,0x54,0x13,0x54,0xf3,0x4b,0xf3,0x4b,0xf3,0x4b,
    0xf2,0x4b,0x13,0x54,0x34,0x54,0x13,0x54,0x13,0x54,0x13,0x4c,0xf2,0x4b,0x13,0x54,0x13,0x54,0x33,0x54,0x33,0x54,0xf2,0x4b,
    0xf2,0x4b,0xf2,0x4b,0x13,0x54,0x33,0x54,0x33,0x54,0x13,0x54,0xd2,0x4b,0xd2,0x4b,0x33,0x54,0x53,0x5c,0x54,0x5c,0x33,0x54,
    0x13,0x5c,0x33,0x54,0x33,0x5c,0x33,0x54,0x33,0x54,0x33,0x5c,0x33,0x54,0x33,0x54,0x53,0x5c,0x53,0x54,0x53,0x5c,0x32,0x54,
    0x53,0x5c,0x53,0x54,0x52,0x5c,0x52,0x5c,0x73,0x5c,0x93,0x64,0x93,0x64,0x93,0x64,0xb3,0x6c,0x92,0x5c,0x72,0x6c,0x72,0x5c,
    0x73,0x64,0x73,0x5c,0x52,0x5c,0x53,0x5c,0x73,0x64,0x74,0x5c,0x73,0x64,0x73,0x5c,0x73,0x5c,0x73,0x64,0x73,0x64,0x73,0x64,
    0x73,0x64,0x72,0x64,0x73,0x64,0x72,0x6c,0x72,0x64,0x52,0x6c,0x72,0x6c,0x52,0x64,0x52,0x6c,0x52,0x64,0x52,0x6c,0x72,0x6c,
    0x93,0x6c,0x72,0x6c,0x93,0x6c,0xb0,0x53,0xec,0x3a,0x6c,0x32,0x4b,0x32,0x4c,0x32,0xac,0x42,0xab,0x4a,0x6e,0x63,0x0d,0x5b,
    0x4e,0x63,0x4e,0x6b,0x0c,0x63,0x2d,0x63,0x0d,0x5b,0x6a,0x3a,0xcb,0x42,0x0c,0x53,0x2c,0x5b,0x4c,0x63,0x0c,0x5b,0x11,0x74,
    0x36,0x8d,0x36,0x85,0x16,0x7d,0xf6,0x7c,0x16,0x75,0x17,0x7d,0x37,0x7d,0x37,0x7d,0x37,0x7d,0x17,0x7d,0x37,0x7d,0xd9,0x95,
    0xd8,0x95,0x57,0x85,0x16,0x7d,0x37,0x85,0x78,0x85,0x78,0x85,0x58,0x85,0x37,0x7d,0x17,0x75,0x37,0x85,0x58,0x85,0xb8,0x95,
    0xfa,0x9d,0xf9,0x9d,0xf9,0x9d,0xf9,0x9d,0xf9,0x9d,0xf9,0x9d,0xf8,0x9d,0xd9,0xa5,0xf9,0x9d,0xf9,0xa5,0xf9,0x9d,0xf9,0xa5,
    0xf9,0xa5,0xf9,0x9d,0xf9,0xa5,0xf9,0xa5,0xf9,0xa5,0xf9,0xa5,0xf9,0xa5,0x19,0xa6,0xf9,0xa5,0x1a,0xa6,0xf9,0xad,0xf9,0xa5,
    0xf9,0xad,0xfa,0xa5,0xf9,0xa5,0xf9,0xa5,0xf9,0xa5,0xf9,0xa5,0xf9,0xa5,0xf9,0xa5,0xf9,0xa5,0xf9,0xa5,0xf9,0xa5,0xf9,0xa5,
    0x32,0x5c,0x12,0x54,0x12,0x54,0x33,0x54,0x12,0x54,0x13,0x54,0x12,0x54,0x13,0x54,0x12,0x54,0xf2,0x53,0x12,0x54,0xf3,0x4b,
    0xd2,0x4b,0xd2,0x4b,0xf2,0x4b,0xd2,0x4b,0xf3,0x4b,0xf3,0x4b,0xf2,0x4b,0x13,0x4c,0xf2,0x4b,0x13,0x54,0xf2,0x4b,0x13,0x54,
    0x33,0x54,0xf2,0x4b,0x12,0x4c,0x13,0x54,0xf2,0x4b,0xd2,0x4b,0xf2,0x4b,0xf3,0x53,0xf2,0x4b,0xf2,0x53,0xd2,0x4b,0xf2,0x53,
    0x33,0x54,0x33,0x54,0x33,0x5c,0x13,0x54,0x33,0x5c,0x33,0x54,0x33,0x5c,0x13,0x54,0x33,0x54,0x13,0x54,0x33,0x54,0x33,0x5c,
    0x33,0x54,0x53,0x5c,0x53,0x5c,0x52,0x54,0x52,0x5c,0x52,0x5c,0x73,0x5c,0x93,0x64,0x93,0x6c,0xb3,0x64,0x92,0x64,0x92,0x64,
    0x71,0x64,0x72,0x64,0x72,0x64,0x72,0x6c,0x72,0x64,0x72,0x64,0x92,0x64,0x32,0x5c,0x11,0x54,0x32,0x5c,0x73,0x5c,0x73,0x64,
    0x73,0x64,0x73,0x64,0x52,0x5c,0x52,0x5c,0x52,0x64,0x52,0x64,0x52,0x64,0x72,0x64,0x72,0x6c,0x73,0x6c,0x72,0x6c,0x72,0x6c,
    0x72,0x74,0x72,0x6c,0x72,0x6c,0x72,0x6c,0x72,0x6c,0x31,0x6c,0x31,0x64,0xed,0x3a,0x8c,0x32,0x4b,0x2a,0x0f,0x4b,0xee,0x42,
    0xac,0x42,0x2e,0x5b,0xed,0x5a,0xec,0x52,0xcc,0x52,0xec,0x5a,0x2d,0x63,0x2d,0x63,0xcc,0x52,0x2a,0x32,0xcc,0x4a,0x2d,0x53,
    0xcb,0x4a,0x0c,0x5b,0xce,0x7b,0x6d,0x6b,0x6e,0x6b,0x93,0x84,0xf5,0x84,0x16,0x7d,0x16,0x75,0x17,0x75,0x16,0x7d,0x17,0x75,
    0x17,0x75,0x17,0x75,0xf6,0x7c,0x16,0x7d,0x37,0x7d,0x37,0x7d,0x37,0x7d,0x37,0x75,0x58,0x85,0x57,0x85,0x57,0x7d,0x17,0x7d,
    0x37,0x7d,0x37,0x7d,0x37,0x7d,0x37,0x7d,0x78,0x85,0xd9,0x95,0xd9,0x95,0xd9,0x9d,0xd9,0x9d,0xd9,0x9d,0xd9,0x95,0xd8,0x9d,
    0xd9,0x9d,0xd9,0x9d,0xd9,0x9d,0xd9,0x9d,0xd8,0x9d,0xd9,0x9d,0xd9,0x9d,0xd8,0x9d,0xd9,0x9d,0xd9,0x9d,0xd9,0xa5,0xf9,0x9d,
    0xd9,0xa5,0xf9,0x9d,0xd9,0xa5,0xf9,0xa5,0xf9,0xa5,0xf9,0xa5,0xf9,0xa5,0xf9,0xa5,0xf8,0x9d,0xf9,0xa5,0xf9,0x9d,0xf8,0xa5,
    0xd9,0x9d,0xf9,0xa5,0xf9,0xa5,0xf9,0x9d,0x12,0x54,0x52,0x5c,0x73,0x5c,0x32,0x5c,0xf2,0x53,0x32,0x5c,0x12,0x54,0xf2,0x53,
    0xf1,0x4b,0xd2,0x4b,0xd2,0x4b,0xf2,0x4b,0xd2,0x4b,0xf2,0x4b,0xd2,0x4b,0xd2,0x43,0xd2,0x4b,0xf2,0x4b,0xf3,0x53,0xf2,0x4b,
    0xd2,0x4b,0xf2,0x4b,0xf2,0x4b,0xd2,0x4b,0xf2,0x4b,0xf2,0x53,0x13,0x54,0x12,0x4c,0xf2,0x4b,0xf2,0x4b,0xf2,0x4b,0xf2,0x4b,
    0xf2,0x4b,0xf2,0x4b,0xd2,0x4b,0x13,0x54,0x33,0x5c,0x33,0x54,0x32,0x5c,0x13,0x54,0x12,0x54,0x12,0x54,0x13,0x5c,0x13,0x54,
    0x33,0x5c,0x13,0x54,0x13,0x54,0x32,0x54,0x32,0x54,0x12,0x54,0x31,0x54,0x32,0x54,0x52,0x5c,0x72,0x5c,0x73,0x64,0x72,0x64,
    0x72,0x64,0x51,0x64,0x71,0x64,0x71,0x64,0x71,0x6c,0x51,0x64,0xb2,0x7c,0x92,0x74,0x92,0x74,0x71,0x74,0x92,0x7c,0xd2,0x7c,
    0x72,0x74,0x31,0x64,0x11,0x5c,0x11,0x5c,0xf0,0x53,0x31,0x5c,0x52,0x5c,0x51,0x5c,0x32,0x5c,0x11,0x5c,0x52,0x64,0x72,0x6c,
    0x93,0x6c,0x92,0x74,0x72,0x6c,0x72,0x74,0x72,0x6c,0x51,0x6c,0x72,0x74,0x72,0x74,0x71,0x74,0x72,0x6c,0xb3,0x7c,0x6e,0x4b,
    0x4b,0x2a,0x8c,0x32,0xad,0x3a,0x8d,0x32,0x8c,0x3a,0xcd,0x4a,0xcc,0x4a,0xed,0x52,0xab,0x52,0xcc,0x5a,0x0c,0x63,0x6d,0x6b,
    0xed,0x52,0x6b,0x3a,0xac,0x42,0xcc,0x4a,0xab,0x4a,0xec,0x52,0x8d,0x73,0x8e,0x7b,0x2c,0x6b,0x2d,0x63,0xf0,0x73,0xf5,0x84,
    0x16,0x7d,0x16,0x75,0x16,0x75,0xf6,0x74,0x17,0x75,0xf7,0x74,0x17,0x75,0x16,0x75,0x17,0x75,0x16,0x75,0x17,0x75,0x17,0x75,
    0x37,0x7d,0x37,0x7d,0x37,0x7d,0x17,0x7d,0x38,0x7d,0x38,0x75,0x38,0x7d,0x37,0x7d,0x37,0x7d,0x58,0x7d,0x57,0x85,0x77,0x85,
    0x78,0x8d,0xb8,0x8d,0xd9,0x95,0xd9,0x95,0xd8,0x95,0xd9,0x95,0xd9,0x95,0xd9,0x95,0xd9,0x9d,0xd9,0x95,0xd9,0x9d,0xd9,0x95,
    0xd9,0x9d,0xd8,0x9d,0xd9,0x9d,0xd8,0x9d,0xd9,0x9d,0xd9,0x9d,0xd9,0x9d,0xd9,0x9d,0xd9,0x9d,0xd8,0x9d,0xd9,0x9d,0xd9,0x9d,
    0xd9,0x9d,0xd9,0x9d,0xd9,0x9d,0xd9,0x9d,0xd9,0x9d,0xd9,0x9d,0xd9,0x95,0xd9,0x9d,0xf0,0x4b,0xf1,0x53,0x12,0x54,0x11,0x54,
    0xd1,0x4b,0xd1,0x4b,0xf2,0x53,0xf1,0x4b,0xf2,0x53,0xf1,0x4b,0xd1,0x4b,0xb1,0x43,0xd2,0x4b,0xd2,0x4b,0xd2,0x43,0xb2,0x4b,
    0xd2,0x4b,0xd2,0x4b,0xf3,0x4b,0xf2,0x4b,0xf2,0x4b,0xd2,0x4b,0xf2,0x4b,0xd2,0x4b,0xf2,0x4b,0x33,0x54,0xf2,0x53,0xd2,0x4b,
    0xd2,0x4b,0xf2,0x4b,0xf3,0x53,0x12,0x4c,0xd3,0x4b,0xf2,0x4b,0xf2,0x53,0xf2,0x4b,0x12,0x54,0x12,0x54,0xf2,0x53,0x32,0x5c,
    0x13,0x5c,0x33,0x54,0x12,0x5c,0x33,0x54,0x12,0x54,0x12,0x54,0xf2,0x53,0xf2,0x53,0x11,0x54,0x11,0x54,0x32,0x5c,0x72,0x5c,
    0x52,0x5c,0x51,0x64,0x51,0x5c,0x51,0x64,0x51,0x64,0x10,0x5c,0x71,0x6c,0xb3,0x7c,0x92,0x74,0x50,0x6c,0xf3,0x8c,0xd3,0x8c,
    0xf3,0x8c,0xb2,0x8c,0x91,0x84,0xd1,0x84,0x91,0x84,0xd2,0x84,0x51,0x74,0x10,0x64,0x11,0x64,0x32,0x6c,0x11,0x64,0xf0,0x5b,
    0xd0,0x53,0xd0,0x53,0x51,0x64,0x11,0x64,0xcf,0x5b,0x31,0x6c,0x51,0x6c,0x51,0x6c,0x71,0x6c,0x51,0x6c,0x92,0x74,0x92,0x74,
    0x72,0x74,0xb2,0x84,0xf0,0x5b,0xac,0x3a,0x6c,0x32,0xcd,0x3a,0x8e,0x32,0x8d,0x32,0x4b,0x32,0xac,0x42,0x8b,0x4a,0x8b,0x42,
    0x0d,0x5b,0xec,0x5a,0x0c,0x5b,0x6d,0x6b,0x2e,0x63,0x6c,0x32,0x4b,0x3a,0xac,0x42,0xec,0x4a,0xcb,0x4a,0x8d,0x73,0x8e,0x73,
    0x2c,0x6b,0x4d,0x73,0xaa,0x52,0x0d,0x5b,0xb4,0x74,0x17,0x75,0x16,0x75,0xf6,0x74,0xf6,0x74,0xf7,0x74,0xf6,0x74,0xf6,0x74,
    0x16,0x75,0x16,0x75,0xf6,0x74,0xf6,0x74,0x16,0x75,0x17,0x75,0x17,0x75,0x38,0x75,0x17,0x75,0xf7,0x74,0x17,0x75,0x37,0x75,
    0x57,0x7d,0x37,0x7d,0x37,0x7d,0x37,0x85,0x37,0x7d,0x37,0x85,0x57,0x85,0x57,0x85,0x77,0x85,0x98,0x8d,0xb8,0x95,0xb8,0x8d,
    0xb8,0x95,0xb9,0x95,0xd9,0x95,0xd9,0x95,0xb9,0x9d,0xd9,0x9d,0xb9,0x9d,0xd9,0x9d,0xd9,0xa5,0xd9,0x9d,0xd8,0x9d,0xd9,0x9d,
    0xb8,0x95,0xb8,0x95,0x98,0x95,0xb8,0x8d,0x98,0x95,0x98,0x8d,0x98,0x8d,0xb8,0x95,0xb8,0x95,0xb8,0x95,0xb8,0x95,0xb8,0x95,
    0xf1,0x53,0xf1,0x53,0xd1,0x4b,0xf1,0x53,0xf1,0x53,0xf1,0x4b,0xf1,0x53,0x32,0x5c,0xf1,0x53,0xd2,0x4b,0xf2,0x4b,0xd2,0x43,
    0xd2,0x4b,0xd2,0x43,0xd2,0x4b,0xd2,0x4b,0xd2,0x4b,0xd2,0x4b,0xd2,0x43,0xd1,0x4b,0xd2,0x4b,0xd2,0x4b,0xd2,0x4b,0xb1,0x4b,
    0xf2,0x53,0xf2,0x4b,0xf2,0x4b,0xd1,0x4b,0xd2,0x53,0xf2,0x4b,0xd2,0x4b,0xf2,0x4b,0xd2,0x4b,0xd2,0x4b,0xd2,0x4b,0xb1,0x4b,
    0xd2,0x4b,0xf2,0x4b,0xf2,0x53,0x12,0x54,0xf1,0x53,0xf1,0x53,0xf1,0x53,0xf2,0x53,0xd1,0x53,0xf2,0x53,0xf2,0x53,0xd1,0x53,
    0x12,0x5c,0x52,0x5c,0x51,0x5c,0x52,0x64,0x51,0x64,0x31,0x5c,0x32,0x64,0x93,0x6c,0x92,0x6c,0x31,0x6c,0x11,0x6c,0x51,0x74,
    0x72,0x7c,0xd3,0x8c,0x91,0x84,0x91,0x84,0xb2,0x94,0xf2,0x9c,0xb2,0x9c,0x90,0x8c,0x70,0x84,0xb2,0x8c,0xb2,0x84,0xb2,0x84,
    0xb3,0x84,0x72,0x7c,0x92,0x7c,0x92,0x84,0x51,0x74,0x31,0x74,0x51,0x74,0x30,0x6c,0x10,0x6c,0x31,0x6c,0x30,0x6c,0x71,0x74,
    0x72,0x74,0x51,0x6c,0x51,0x74,0x71,0x7c,0x91,0x74,0x71,0x74,0x8b,0x3a,0x8c,0x32,0x4b,0x2a,0x8d,0x32,0x8d,0x32,0x4c,0x2a,
    0x8d,0x3a,0xee,0x52,0xcd,0x4a,0x6c,0x42,0x6f,0x63,0x0d,0x63,0x0c,0x63,0xcb,0x5a,0x6b,0x42,0x4c,0x3a,0x4b,0x32,0x8c,0x3a,
    0x0c,0x53,0xcb,0x4a,0x2b,0x63,0x0b,0x63,0x4c,0x73,0x8e,0x73,0x2c,0x63,0x0c,0x63,0x0d,0x53,0x73,0x74,0xf5,0x7c,0xd5,0x6c,
    0x16,0x75,0x16,0x7d,0xd6,0x6c,0xd5,0x6c,0xd5,0x6c,0xf6,0x6c,0xf6,0x74,0x16,0x6d,0xf7,0x74,0xf6,0x6c,0x17,0x75,0x17,0x75,
    0xf7,0x74,0x17,0x75,0x16,0x75,0x17,0x75,0x37,0x7d,0x17,0x75,0x17,0x7d,0x37,0x75,0x17,0x7d,0x37,0x7d,0x37,0x7d,0x17,0x7d,
    0x37,0x7d,0x57,0x7d,0x57,0x85,0x37,0x7d,0x37,0x7d,0x37,0x7d,0x38,0x7d,0x57,0x85,0x78,0x85,0xb8,0x95,0xb8,0x8d,0x78,0x8d,
    0x57,0x85,0x57,0x7d,0x58,0x7d,0x58,0x7d,0x58,0x85,0x58,0x7d,0x58,0x85,0x58,0x85,0x78,0x85,0x78,0x85,0x58,0x85,0x78,0x8d,
    0x78,0x85,0x79,0x8d,0x78,0x8d,0x78,0x8d,0xb0,0x4b,0xd0,0x4b,0x11,0x54,0xf1,0x53,0xb0,0x4b,0xd1,0x4b,0xd1,0x4b,0x12,0x54,
    0xf1,0x4b,0xd1,0x4b,0xd2,0x4b,0xd1,0x4b,0xd1,0x43,0xb1,0x4b,0xd1,0x43,0xb1,0x4b,0xd1,0x43,0xd1,0x4b,0xd2,0x4b,0xb1,0x4b,
    0xb1,0x4b,0xd1,0x4b,0xd2,0x4b,0xd2,0x4b,0xd1,0x4b,0xd2,0x53,0xd1,0x4b,0xd2,0x4b,0xb1,0x4b,0xd1,0x4b,0xb1,0x4b,0x91,0x43,
    0xb1,0x4b,0xd1,0x4b,0xb1,0x43,0xb1,0x43,0xd1,0x4b,0x11,0x5c,0x12,0x5c,0x11,0x54,0xd1,0x53,0x11,0x54,0x12,0x54,0xd1,0x4b,
    0xd1,0x4b,0xd1,0x53,0xd1,0x4b,0x52,0x5c,0x52,0x64,0x72,0x64,0x31,0x64,0x51,0x5c,0xf0,0x5b,0xd0,0x53,0xf0,0x5b,0x11,0x64,
    0x11,0x64,0x52,0x74,0x11,0x6c,0x52,0x7c,0x14,0x95,0xf4,0x8c,0x92,0x84,0x50,0x84,0x10,0x7c,0x51,0x8c,0x91,0x94,0x91,0x8c,
    0xb2,0x94,0x91,0x84,0x10,0x74,0x51,0x7c,0x72,0x84,0x92,0x84,0x92,0x8c,0xd3,0x8c,0xb3,0x94,0xb2,0x8c,0xb3,0x8c,0x92,0x84,
    0x92,0x84,0x71,0x7c,0x92,0x7c,0x92,0x7c,0x0f,0x64,0x50,0x6c,0xb2,0x7c,0x51,0x74,0xd2,0x8c,0x2c,0x53,0xac,0x3a,0x8c,0x3a,
    0x6c,0x2a,0x6d,0x32,0x6d,0x2a,0x6d,0x2a,0x6c,0x32,0xad,0x42,0xcd,0x42,0x4b,0x42,0x2d,0x5b,0xec,0x5a,0xcb,0x52,0x2c,0x6b,
    0x6b,0x52,0xc9,0x31,0x0b,0x32,0x6b,0x3a,0xcc,0x3a,0x49,0x3a,0x89,0x4a,0x4c,0x6b,0x6d,0x73,0x8d,0x73,0xeb,0x62,0x0b,0x5b,
    0xec,0x5a,0xec,0x5a,0xf0,0x6b,0x11,0x74,0x92,0x7c,0xb3,0x7c,0x15,0x85,0xd5,0x74,0xf5,0x6c,0xd5,0x74,0xd6,0x6c,0xd5,0x6c,
    0xf6,0x6c,0xf6,0x6c,0xf6,0x74,0xf6,0x6c,0xf7,0x74,0x16,0x75,0xf7,0x74,0x16,0x75,0xf6,0x6c,0x16,0x75,0x16,0x75,0x17,0x75,
    0x16,0x75,0x17,0x75,0x16,0x75,0x17,0x75,0x17,0x75,0x37,0x7d,0x37,0x75,0x37,0x7d,0x17,0x75,0x17,0x75,0x16,0x75,0x17,0x75,
    0x17,0x75,0x17,0x75,0x17,0x75,0x17,0x6d,0x17,0x6d,0x17,0x6d,0x18,0x75,0x17,0x75,0x17,0x75,0x37,0x75,0x37,0x7d,0x38,0x7d,
    0x38,0x7d,0x58,0x7d,0x58,0x7d,0x58,0x85,0x58,0x85,0x78,0x8d,0x58,0x85,0x58,0x85,0x90,0x43,0xb0,0x4b,0x12,0x54,0x12,0x54,
    0xd1,0x4b,0x11,0x54,0xf1,0x53,0xb0,0x4b,0x90,0x43,0xb0,0x4b,0x90,0x43,0xb1,0x4b,0xb1,0x43,0xb1,0x4b,0xd1,0x4b,0xd2,0x4b,
    0xb1,0x4b,0x91,0x43,0xb1,0x4b,0xb0,0x43,0xb1,0x4b,0xd1,0x4b,0xd1,0x53,0xb1,0x4b,0xb1,0x4b,0xb1,0x43,0xb1,0x4b,0xb1,0x4b,
    0xb1,0x4b,0xb1,0x43,0xd1,0x4b,0xb1,0x4b,0xd1,0x4b,0xb1,0x43,0xd1,0x53,0x12,0x54,0xf1,0x53,0xb1,0x4b,0xf0,0x53,0x11,0x5c,
    0xf1,0x53,0xd1,0x5b,0xd1,0x53,0xd0,0x53,0xf1,0x5b,0xaf,0x53,0xb0,0x53,0x31,0x5c,0xf0,0x5b,0x51,0x6c,0x71,0x6c,0x30,0x64,
    0x31,0x64,0xd0,0x63,0xef,0x63,0xf0,0x63,0xd0,0x5b,0x11,0x6c,0x53,0x74,0x52,0x74,0x72,0x84,0x72,0x7c,0x71,0x84,0x51,0x84,
    0x71,0x8c,0x0f,0x7c,0x10,0x84,0x30,0x84,0x51,0x84,0x92,0x8c,0x10,0x74,0x10,0x74,0xcf,0x6b,0x10,0x74,0x31,0x74,0x52,0x84,
    0x51,0x84,0x92,0x8c,0x51,0x8c,0x92,0x84,0xb2,0x8c,0xb2,0x84,0xb2,0x84,0x71,0x7c,0x6d,0x53,0x2c,0x53,0x50,0x74,0x91,0x84,
    0x2f,0x7c,0xca,0x4a,0xac,0x3a,0x4b,0x2a,0xad,0x32,0x4c,0x22,0x2c,0x22,0x6d,0x2a,0x8d,0x32,0x8c,0x42,0x6c,0x3a,0x6b,0x3a,
    0x8b,0x4a,0x8b,0x52,0xcb,0x5a,0x2c,0x6b,0xae,0x83,0xad,0x83,0x6c,0x73,0xab,0x52,0x4a,0x3a,0x49,0x3a,0xae,0x73,0x6c,0x6b,
    0x2b,0x6b,0x6d,0x73,0x0b,0x63,0x0c,0x63,0x0c,0x63,0xec,0x5a,0xeb,0x5a,0x8d,0x73,0x4c,0x6b,0x8d,0x6b,0xb2,0x7c,0xf4,0x7c,
    0xd5,0x74,0xb4,0x6c,0xb5,0x6c,0xb5,0x6c,0xd5,0x6c,0xd5,0x6c,0xd6,0x6c,0xf6,0x74,0xf6,0x6c,0xf6,0x6c,0xf6,0x74,0xf6,0x74,
    0xf7,0x74,0xf6,0x74,0x17,0x75,0x17,0x75,0xf6,0x74,0xf6,0x74,0xf6,0x74,0x16,0x75,0x16,0x75,0x17,0x75,0x17,0x75,0x37,0x7d,
    0x17,0x75,0x37,0x7d,0xf7,0x74,0x17,0x75,0xf6,0x74,0xf7,0x6c,0x17,0x6d,0x17,0x6d,0x17,0x6d,0x17,0x6d,0xf7,0x6c,0xf7,0x6c,
    0x17,0x75,0x17,0x75,0x17,0x75,0x17,0x75,0x17,0x75,0x17,0x75,0x17,0x75,0x37,0x7d,0x38,0x7d,0x37,0x7d,0x38,0x7d,0x37,0x7d,
    0x90,0x43,0x8f,0x43,0x8f,0x43,0x90,0x43,0xd0,0x4b,0xf1,0x4b,0xf1,0x53,0x11,0x54,0xf1,0x4b,0xd0,0x4b,0xd1,0x4b,0xb0,0x43,
    0xb0,0x4b,0xd1,0x43,0xb0,0x4b,0xd1,0x4b,0xd1,0x4b,0xd0,0x4b,0xd1,0x4b,0xd1,0x4b,0xd1,0x53,0xf1,0x53,0xd0,0x4b,0xb0,0x4b,
    0xb1,0x4b,0xb0,0x4b,0xd1,0x53,0xb1,0x4b,0xd1,0x4b,0xb0,0x4b,0xd1,0x4b,0xf1,0x53,0xd1,0x4b,0xd1,0x4b,0xf1,0x53,0xd1,0x53,
    0xb0,0x53,0xd0,0x53,0xb0,0x53,0xd0,0x53,0xd0,0x5b,0x11,0x64,0x52,0x74,0x51,0x6c,0x11,0x64,0xf0,0x5b,0x11,0x64,0xd0,0x5b,
    0x30,0x6c,0x50,0x6c,0x0f,0x64,0xcf,0x5b,0x30,0x6c,0xb2,0x8c,0xb2,0x8c,0xb3,0x8c,0x31,0x74,0xf1,0x6b,0xf1,0x6b,0x32,0x74,
    0x31,0x74,0x72,0x84,0x52,0x84,0xb3,0x94,0xb2,0x8c,0x72,0x8c,0x51,0x8c,0x51,0x8c,0x51,0x84,0xf0,0x73,0xf0,0x6b,0x93,0x84,
    0x72,0x7c,0xf1,0x73,0xcf,0x6b,0xd0,0x73,0xf0,0x73,0x51,0x84,0x52,0x8c,0x51,0x7c,0x51,0x74,0x51,0x7c,0xb2,0x84,0xcf,0x63,
    0xca,0x3a,0x8a,0x32,0xeb,0x42,0xee,0x73,0x0a,0x53,0x0b,0x4b,0x8c,0x3a,0x6c,0x2a,0x8c,0x32,0x6d,0x2a,0x2c,0x1a,0x2c,0x22,
    0xad,0x3a,0x6c,0x3a,0x2a,0x32,0x4b,0x3a,0xac,0x52,0x6a,0x4a,0x0c,0x63,0x4c,0x6b,0x89,0x52,0xeb,0x6a,0xac,0x7b,0x4c,0x6b,
    0x0b,0x5b,0x0b,0x53,0x4b,0x63,0xca,0x62,0xcd,0x7b,0x6c,0x73,0x0c,0x63,0x0c,0x5b,0x0c,0x5b,0x0c,0x63,0xec,0x5a,0xcb,0x5a,
    0x6c,0x6b,0xad,0x73,0x10,0x74,0xb3,0x7c,0x73,0x64,0x94,0x6c,0xb4,0x6c,0x94,0x6c,0xb5,0x6c,0xb5,0x6c,0xb5,0x6c,0xb5,0x6c,
    0xd6,0x6c,0xd6,0x74,0xf6,0x6c,0xf6,0x74,0x16,0x6d,0xf6,0x74,0xf6,0x6c,0x16,0x75,0x17,0x75,0xf6,0x6c,0x16,0x75,0xf7,0x6c,
    0xf7,0x74,0x16,0x75,0xf6,0x74,0xf7,0x6c,0x17,0x75,0x17,0x75,0x17,0x75,0x16,0x75,0xf7,0x6c,0xf6,0x74,0xf7,0x6c,0xf7,0x6c,
    0xf7,0x6c,0xf8,0x6c,0xf7,0x6c,0xf7,0x6c,0x17,0x75,0x17,0x75,0x17,0x75,0x17,0x75,0x17,0x75,0x17,0x75,0xf7,0x74,0x18,0x75,
    0x17,0x7d,0x38,0x7d,0x38,0x7d,0x38,0x7d,0x6f,0x43,0x90,0x43,0x8f,0x43,0x90,0x43,0x90,0x4b,0xb0,0x4b,0xd0,0x4b,0x11,0x54,
    0xd1,0x53,0xd1,0x4b,0xd1,0x4b,0xd0,0x4b,0xb0,0x4b,0xd1,0x4b,0xd0,0x4b,0xd1,0x4b,0x11,0x54,0xf1,0x53,0xf1,0x53,0xb0,0x4b,
    0xd0,0x53,0xd1,0x4b,0xf1,0x53,0xd1,0x53,0xb0,0x4b,0x91,0x4b,0xd1,0x4b,0x90,0x4b,0x90,0x43,0xf1,0x53,0x12,0x54,0xf1,0x4b,
    0xd0,0x4b,0xd1,0x53,0xd0,0x53,0xd1,0x53,0xd0,0x5b,0xf0,0x5b,0xf0,0x5b,0xef,0x63,0x10,0x6c,0x11,0x74,0xd0,0x6b,0x51,0x74,
    0x31,0x6c,0xef,0x6b,0xcf,0x63,0xaf,0x63,0x72,0x7c,0x71,0x7c,0x50,0x74,0x10,0x74,0xae,0x63,0xf0,0x73,0x50,0x7c,0xcf,0x6b,
    0xaf,0x63,0xd1,0x5b,0xd0,0x63,0xf1,0x6b,0xd0,0x6b,0x11,0x74,0xf1,0x73,0xb0,0x6b,0xb0,0x6b,0x11,0x74,0xaf,0x73,0xf0,0x73,
    0xf0,0x73,0x31,0x74,0x10,0x6c,0x52,0x74,0x31,0x7c,0x93,0x84,0x52,0x7c,0xd0,0x73,0xcf,0x6b,0x92,0x8c,0x92,0x8c,0x8e,0x6b,
    0xcf,0x63,0x10,0x6c,0x6d,0x53,0x6a,0x32,0x69,0x32,0x49,0x2a,0x69,0x32,0x0b,0x53,0x8d,0x6b,0x0b,0x4b,0x4a,0x2a,0x8d,0x32,
    0xad,0x32,0x0b,0x1a,0xab,0x11,0xea,0x19,0x4c,0x32,0x8c,0x42,0x6c,0x42,0x6b,0x42,0x8b,0x42,0x8a,0x4a,0x8d,0x73,0x8a,0x4a,
    0xc8,0x39,0x8a,0x52,0x2b,0x6b,0x4b,0x6b,0xe9,0x52,0x0a,0x5b,0x8c,0x6b,0x0e,0x84,0x4f,0x8c,0x50,0x8c,0x0b,0x63,0xca,0x5a,
    0x0b,0x53,0x0c,0x5b,0xeb,0x5a,0x49,0x42,0x8d,0x73,0xad,0x73,0x6d,0x6b,0x10,0x74,0x73,0x6c,0x52,0x6c,0x74,0x6c,0x93,0x6c,
    0x94,0x64,0x73,0x64,0x94,0x64,0x95,0x64,0x95,0x64,0xb5,0x6c,0xd6,0x6c,0xf6,0x6c,0xd6,0x74,0xf6,0x6c,0xf6,0x6c,0xd6,0x6c,
    0xf6,0x6c,0xf6,0x74,0xf6,0x6c,0xf6,0x6c,0xf6,0x74,0xf7,0x6c,0xf6,0x74,0xf6,0x6c,0xf6,0x74,0xf7,0x6c,0x17,0x75,0xf7,0x74,
    0xf7,0x6c,0xf6,0x6c,0xf7,0x6c,0xf7,0x6c,0xf7,0x64,0xf7,0x6c,0xf7,0x6c,0xf7,0x6c,0xf7,0x6c,0xf7,0x6c,0xf7,0x6c,0xd7,0x6c,
    0xf7,0x6c,0xf7,0x74,0xf7,0x6c,0xf7,0x74,0xf7,0x6c,0x17,0x75,0x18,0x75,0x17,0x75,0x70,0x43,0x90,0x43,0x6f,0x43,0x90,0x4b,
    0xaf,0x4b,0x90,0x4b,0xb0,0x4b,0xd1,0x4b,0xb0,0x4b,0xd0,0x53,0xd0,0x4b,0xf1,0x53,0x11,0x54,0x12,0x54,0x11,0x54,0xb0,0x4b,
    0xb0,0x53,0xf1,0x53,0x11,0x54,0xf1,0x53,0xf1,0x5b,0x10,0x54,0xd0,0x53,0xd0,0x53,0xd1,0x4b,0xd0,0x53,0xd0,0x53,0xf1,0x53,
    0x11,0x5c,0xd0,0x4b,0xb0,0x4b,0xb0,0x4b,0xb0,0x4b,0xd0,0x53,0xb0,0x4b,0xaf,0x5b,0xd0,0x5b,0x31,0x74,0x31,0x74,0x51,0x7c,
    0x10,0x6c,0xf0,0x6b,0x10,0x74,0x10,0x74,0x50,0x74,0xef,0x6b,0xef,0x6b,0x92,0x84,0xb2,0x8c,0x92,0x8c,0x71,0x84,0x50,0x7c,
    0xcf,0x6b,0x0f,0x74,0x51,0x84,0x10,0x7c,0xf0,0x6b,0xd0,0x63,0xb0,0x63,0xd0,0x63,0xd0,0x6b,0xd0,0x6b,0xf1,0x6b,0x70,0x5b,
    0xb1,0x63,0x12,0x6c,0xb0,0x63,0xd0,0x6b,0xd0,0x6b,0x4e,0x5b,0xb0,0x63,0x8f,0x63,0xb0,0x6b,0xf0,0x73,0x31,0x7c,0xd0,0x6b,
    0x8f,0x6b,0x92,0x8c,0x11,0x84,0x6f,0x5b,0x11,0x74,0x6f,0x53,0xe8,0x19,0x6a,0x2a,0x0b,0x4b,0xeb,0x42,0xaa,0x3a,0x8a,0x42,
    0xad,0x6b,0xac,0x42,0x0a,0x22,0x6c,0x32,0x4b,0x32,0xcc,0x42,0x2d,0x53,0x6e,0x63,0xec,0x52,0x2d,0x63,0x2d,0x5b,0xac,0x52,
    0xab,0x52,0xeb,0x62,0x4a,0x6b,0xea,0x62,0x2b,0x73,0x49,0x73,0x2a,0x6b,0xcc,0x7b,0x2a,0x63,0xa8,0x4a,0x4a,0x5b,0x4f,0x84,
    0x8d,0x7b,0x2e,0x8c,0xad,0x73,0xca,0x5a,0x0c,0x5b,0x0b,0x5b,0xec,0x62,0xec,0x5a,0xeb,0x5a,0x4c,0x6b,0x4c,0x6b,0x6d,0x73,
    0xae,0x6b,0x72,0x6c,0x73,0x6c,0x53,0x64,0x72,0x64,0x73,0x64,0x94,0x6c,0x73,0x64,0x54,0x64,0x74,0x64,0x74,0x64,0x74,0x6c,
    0xb6,0x6c,0xd6,0x6c,0xd6,0x74,0xd6,0x74,0xf6,0x6c,0xd6,0x6c,0xf6,0x6c,0xd6,0x6c,0xd6,0x6c,0xf6,0x6c,0xf6,0x6c,0xf6,0x6c,
    0xd6,0x6c,0xd6,0x6c,0xf6,0x6c,0xf7,0x6c,0xf6,0x6c,0xf7,0x6c,0xd6,0x64,0xd7,0x64,0xd6,0x64,0xd7,0x64,0xd7,0x64,0xd6,0x64,
    0xf7,0x64,0xf7,0x6c,0xd7,0x6c,0xf7,0x6c,0xf7,0x6c,0xf7,0x6c,0xf7,0x6c,0xf7,0x6c,0xf7,0x6c,0xf7,0x6c,0xf7,0x6c,0xf7,0x6c,
    0x90,0x43,0x6f,0x43,0x70,0x43,0x90,0x4b,0x6f,0x43,0x6f,0x43,0x6f,0x43,0x8f,0x4b,0x4f,0x43,0x6f,0x43,0x8f,0x4b,0xb0,0x4b,
    0x31,0x5c,0x11,0x54,0xb0,0x4b,0xb0,0x4b,0xb0,0x4b,0xb0,0x4b,0xb0,0x53,0xaf,0x4b,0xd0,0x53,0xd0,0x53,0xd0,0x53,0xd0,0x53,
    0xd0,0x53,0xf0,0x53,0x11,0x54,0xd0,0x53,0xb0,0x4b,0xb0,0x4b,0xaf,0x4b,0xd0,0x53,0xb0,0x4b,0xb0,0x53,0xb0,0x53,0xaf,0x5b,
    0x51,0x74,0x31,0x74,0xef,0x73,0xf0,0x73,0x10,0x7c,0x50,0x7c,0x30,0x7c,0x71,0x7c,0x51,0x74,0x51,0x7c,0x71,0x7c,0x71,0x84,
    0x10,0x84,0x10,0x7c,0x10,0x7c,0x91,0x84,0xd2,0x94,0xb1,0x94,0x71,0x8c,0xd2,0x9c,0xb3,0x8c,0x93,0x84,0xf1,0x6b,0xaf,0x6b,
    0x11,0x74,0x52,0x7c,0xb0,0x6b,0x90,0x63,0x2f,0x53,0xf1,0x6b,0xd0,0x6b,0xb0,0x6b,0xd0,0x6b,0xd0,0x6b,0xb0,0x6b,0x6e,0x63,
    0x92,0x8c,0xd0,0x7b,0xb0,0x73,0xaf,0x6b,0xd0,0x73,0xd3,0x9c,0x51,0x84,0xaf,0x6b,0xd1,0x6b,0x2e,0x53,0x49,0x2a,0x50,0x74,
    0x8e,0x6b,0x2c,0x53,0x6a,0x32,0xcb,0x42,0x2d,0x5b,0x0a,0x22,0x4c,0x2a,0x0d,0x4b,0x4d,0x63,0xce,0x73,0x2c,0x63,0x2c,0x63,
    0xcb,0x5a,0xab,0x52,0xaa,0x52,0xcb,0x5a,0x0a,0x6b,0xaa,0x83,0xaa,0x83,0xab,0x83,0xab,0x8b,0xab,0x8b,0x2a,0x6b,0xc8,0x5a,
    0xe8,0x52,0xe8,0x4a,0x88,0x42,0x09,0x53,0xac,0x73,0xac,0x6b,0x6b,0x6b,0xca,0x52,0x2c,0x63,0x0b,0x5b,0xcb,0x52,0x8a,0x52,
    0x0b,0x63,0x2f,0x84,0x6c,0x6b,0x0b,0x63,0x6d,0x6b,0x31,0x74,0x93,0x74,0x52,0x64,0x51,0x64,0x53,0x64,0x52,0x64,0x74,0x64,
    0x74,0x64,0x74,0x64,0x53,0x64,0x53,0x5c,0x74,0x64,0x94,0x64,0xb5,0x6c,0xd6,0x6c,0xd5,0x6c,0xd6,0x6c,0xd5,0x6c,0xd6,0x6c,
    0xd5,0x64,0xd6,0x6c,0xd6,0x64,0xd6,0x6c,0xd6,0x64,0xd6,0x6c,0xd6,0x64,0xd6,0x6c,0xd6,0x6c,0xf7,0x6c,0xf7,0x6c,0xd6,0x64,
    0xd7,0x64,0xd6,0x64,0xd6,0x64,0xd7,0x64,0xf7,0x64,0xd7,0x64,0xf6,0x64,0xd7,0x6c,0xd6,0x64,0xd7,0x64,0xf7,0x6c,0xd7,0x6c,
    0xf7,0x6c,0xd7,0x6c,0xd7,0x6c,0xd7,0x6c,0x90,0x43,0x70,0x4b,0x8f,0x4b,0xb0,0x4b,0xb0,0x53,0xaf,0x4b,0x4e,0x43,0x4e,0x43,
    0x6e,0x4b,0xaf,0x4b,0xcf,0x53,0x6e,0x43,0xaf,0x4b,0xaf,0x53,0x8f,0x4b,0xb0,0x53,0xb0,0x4b,0xb0,0x53,0xb0,0x4b,0xb0,0x53,
    0xf0,0x5b,0xf0,0x5b,0xf0,0x53,0xf0,0x5b,0xd0,0x53,0xd0,0x53,0xaf,0x4b,0xaf,0x53,0xaf,0x4b,0xd0,0x5b,0xd0,0x53,0xaf,0x53,
    0xcf,0x53,0xaf,0x53,0xf0,0x5b,0xaf,0x5b,0xf0,0x6b,0x10,0x74,0x51,0x7c,0x30,0x7c,0x51,0x84,0x51,0x84,0x10,0x74,0xef,0x73,
    0xef,0x6b,0x71,0x7c,0xcf,0x6b,0xae,0x73,0x10,0x7c,0xef,0x73,0x30,0x84,0x51,0x84,0x50,0x84,0x71,0x8c,0x0f,0x84,0x10,0x7c,
    0xaf,0x6b,0x51,0x84,0x72,0x84,0x52,0x84,0x51,0x84,0x72,0x8c,0x11,0x74,0xd1,0x6b,0x4f,0x5b,0xb0,0x63,0x90,0x6b,0x10,0x74,
    0xf0,0x73,0x10,0x7c,0xf0,0x73,0x71,0x94,0xb2,0x9c,0x10,0x7c,0xf0,0x7b,0xaf,0x73,0xef,0x73,0x70,0x94,0x10,0x84,0xf1,0x73,
    0x6f,0x63,0x2d,0x63,0x4c,0x5b,0xcb,0x52,0x0b,0x53,0x4c,0x5b,0x6a,0x32,0xca,0x4a,0xab,0x42,0x2b,0x22,0x6d,0x32,0xcc,0x42,
    0xec,0x52,0xea,0x52,0x8a,0x4a,0x28,0x42,0xcb,0x52,0xa9,0x52,0x0a,0x6b,0xab,0x83,0xaa,0x8b,0xca,0x93,0xab,0x8b,0xe8,0x72,
    0x8a,0x8b,0x49,0x83,0xa7,0x5a,0xc7,0x52,0x49,0x5b,0x8a,0x5b,0x66,0x32,0x09,0x4b,0xa7,0x42,0x6a,0x63,0xac,0x6b,0x88,0x4a,
    0xca,0x4a,0x0b,0x53,0xeb,0x5a,0x6d,0x6b,0x8d,0x73,0x91,0x94,0xee,0x7b,0xca,0x62,0x4d,0x6b,0x8d,0x6b,0x72,0x74,0x72,0x6c,
    0x92,0x6c,0x52,0x6c,0x32,0x64,0x12,0x5c,0x12,0x64,0x33,0x64,0x33,0x64,0x53,0x64,0x54,0x64,0x74,0x64,0x95,0x64,0x74,0x64,
    0x74,0x64,0xb5,0x6c,0xd5,0x6c,0xd6,0x64,0xd6,0x6c,0xb5,0x64,0xb6,0x64,0xd5,0x6c,0xd6,0x64,0xd6,0x6c,0xd6,0x6c,0xd6,0x64,
    0xd6,0x64,0xd6,0x6c,0xd6,0x64,0xb6,0x64,0xd6,0x64,0xb6,0x64,0xd7,0x64,0xb6,0x64,0xd6,0x64,0xd6,0x64,0xd7,0x64,0xd6,0x64,
    0xb6,0x64,0xd6,0x64,0xd7,0x64,0xd6,0x6c,0xd6,0x64,0xd7,0x6c,0xd6,0x64,0xd6,0x6c,0x6f,0x43,0x8f,0x43,0xaf,0x4b,0xb0,0x53,
    0xaf,0x53,0xd0,0x53,0xd0,0x53,0xcf,0x53,0xaf,0x4b,0xb0,0x53,0xd0,0x53,0x8e,0x4b,0x6f,0x4b,0x8f,0x4b,0x8f,0x4b,0x8f,0x4b,
    0x8f,0x4b,0xaf,0x53,0x8f,0x4b,0xaf,0x53,0xd0,0x53,0x8f,0x4b,0xaf,0x53,0xd0,0x53,0xd0,0x53,0xcf,0x53,0xd0,0x53,0xaf,0x53,
    0xf0,0x53,0x11,0x64,0xd0,0x53,0xcf,0x53,0xd0,0x5b,0xd0,0x5b,0xaf,0x53,0x8f,0x5b,0x10,0x74,0x71,0x84,0x91,0x84,0x31,0x84,
    0xef,0x73,0xf0,0x73,0x31,0x7c,0xef,0x73,0x51,0x7c,0x51,0x7c,0xcf,0x73,0x10,0x7c,0x51,0x84,0x30,0x84,0x72,0x8c,0x30,0x84,
    0xf0,0x7b,0x10,0x7c,0x30,0x7c,0xae,0x73,0xaf,0x6b,0xf0,0x7b,0xd0,0x73,0x51,0x84,0xef,0x73,0xf0,0x7b,0x31,0x74,0xb0,0x63,
    0x90,0x63,0xd1,0x6b,0x10,0x74,0xf0,0x7b,0x11,0x7c,0xef,0x7b,0xef,0x7b,0x51,0x8c,0x0f,0x84,0x50,0x8c,0x30,0x84,0xd3,0x9c,
    0x71,0x8c,0xef,0x7b,0x0f,0x84,0x51,0x7c,0xcf,0x6b,0x6d,0x6b,0xce,0x7b,0xa9,0x52,0x2c,0x53,0xaa,0x42,0x89,0x42,0x6d,0x6b,
    0xac,0x42,0x2c,0x22,0x6c,0x32,0xac,0x42,0x2c,0x5b,0xca,0x4a,0xc9,0x52,0xaa,0x52,0x4b,0x6b,0x4a,0x73,0x0b,0x94,0xea,0x9b,
    0xea,0x93,0xca,0x93,0x49,0x73,0x69,0x7b,0xca,0x8b,0x2c,0x9c,0x69,0x6b,0xe7,0x4a,0xc7,0x4a,0x86,0x42,0xe8,0x42,0x08,0x4b,
    0xe8,0x42,0x87,0x3a,0xeb,0x73,0x4a,0x5b,0xa9,0x4a,0xea,0x52,0x4d,0x63,0xaf,0x73,0xea,0x5a,0x8d,0x73,0x91,0x94,0xca,0x5a,
    0xeb,0x62,0x2c,0x6b,0xcf,0x6b,0x71,0x74,0x73,0x74,0x93,0x7c,0x52,0x6c,0x11,0x64,0x32,0x64,0x12,0x64,0x12,0x5c,0x13,0x5c,
    0x53,0x64,0x53,0x64,0x34,0x5c,0x54,0x5c,0x74,0x5c,0x74,0x5c,0x74,0x5c,0x94,0x64,0x95,0x5c,0xb5,0x64,0xb5,0x64,0xb6,0x64,
    0xb5,0x64,0xd6,0x64,0xd6,0x6c,0xb6,0x64,0xb6,0x64,0xd6,0x6c,0xd6,0x64,0xd7,0x64,0xb6,0x64,0xb6,0x5c,0xb6,0x64,0xb6,0x5c,
    0xb6,0x64,0xb6,0x64,0xb7,0x64,0xb6,0x64,0xb7,0x64,0xd7,0x64,0xb6,0x64,0xd6,0x64,0xb6,0x64,0xd6,0x64,0xd7,0x64,0xd7,0x6c,
    0x8e,0x4b,0x8f,0x4b,0xaf,0x53,0x8e,0x4b,0x8e,0x4b,0xaf,0x4b,0x8e,0x53,0xcf,0x53,0xf0,0x5b,0xcf,0x53,0xaf,0x5b,0xcf,0x53,
    0xcf,0x5b,0xae,0x53,0x8f,0x53,0xaf,0x53,0xaf,0x4b,0xb0,0x53,0xaf,0x53,0xb0,0x53,0x8f,0x4b,0x8f,0x53,0x8f,0x53,0xaf,0x53,
    0xcf,0x53,0xcf,0x53,0xcf,0x53,0xcf,0x53,0x31,0x64,0xcf,0x5b,0xcf,0x5b,0xcf,0x5b,0x8f,0x53,0x8e,0x53,0x6e,0x53,0x51,0x74,
    0x91,0x84,0xae,0x63,0xd0,0x6b,0xf0,0x73,0xf0,0x6b,0xef,0x73,0x10,0x74,0xef,0x6b,0x10,0x74,0xce,0x6b,0xae,0x6b,0xcf,0x73,
    0xcf,0x73,0xef,0x73,0x10,0x7c,0xcf,0x7b,0x0f,0x7c,0xef,0x7b,0xce,0x7b,0xaf,0x73,0xaf,0x73,0x51,0x84,0xef,0x73,0xcf,0x73,
    0x30,0x84,0xef,0x7b,0xef,0x73,0x8f,0x63,0xaf,0x6b,0xd0,0x6b,0x30,0x7c,0x10,0x7c,0x51,0x84,0x51,0x8c,0xef,0x83,0x50,0x8c,
    0x71,0x94,0xee,0x7b,0xad,0x73,0x0f,0x84,0x30,0x8c,0xce,0x7b,0x71,0x8c,0x72,0x84,0xeb,0x52,0x2c,0x5b,0xeb,0x52,0x2b,0x63,
    0xca,0x4a,0x8a,0x42,0xca,0x4a,0xce,0x73,0x6b,0x32,0xeb,0x11,0x6c,0x32,0x09,0x2a,0x0a,0x4b,0x2a,0x53,0xe9,0x52,0x6a,0x6b,
    0x29,0x6b,0xcb,0x83,0xea,0x93,0x0b,0x94,0x2b,0x9c,0x69,0x73,0xa7,0x5a,0x09,0x5b,0x69,0x73,0x8a,0x7b,0x08,0x5b,0x08,0x53,
    0x69,0x6b,0x49,0x5b,0x29,0x4b,0x49,0x4b,0x28,0x4b,0xa7,0x42,0x29,0x53,0xab,0x6b,0xc9,0x4a,0x2b,0x5b,0x89,0x4a,0xcb,0x5a,
    0xeb,0x5a,0x0b,0x63,0x8d,0x73,0x50,0x8c,0x6d,0x73,0x2c,0x73,0x4d,0x63,0x51,0x74,0x72,0x74,0x93,0x7c,0x93,0x7c,0x73,0x74,
    0x74,0x74,0x73,0x74,0x53,0x6c,0xf1,0x5b,0xf2,0x5b,0xf2,0x53,0x12,0x5c,0x12,0x5c,0x33,0x5c,0x54,0x5c,0x54,0x5c,0x54,0x5c,
    0x13,0x54,0x54,0x5c,0x54,0x5c,0x74,0x5c,0x95,0x64,0x95,0x64,0xb5,0x64,0x95,0x64,0xb6,0x64,0xb6,0x64,0xb6,0x64,0xb6,0x64,
    0xb6,0x64,0xb6,0x64,0xb6,0x5c,0xb6,0x64,0x96,0x5c,0xb6,0x5c,0xb6,0x5c,0x96,0x5c,0xb6,0x64,0xd7,0x64,0xb6,0x64,0xb7,0x64,
    0xb6,0x64,0xd6,0x64,0xd6,0x64,0xd7,0x64,0xae,0x53,0xae,0x5b,0xcf,0x5b,0x8e,0x53,0x8e,0x53,0xaf,0x53,0x8e,0x4b,0x8d,0x4b,
    0xae,0x5b,0xce,0x5b,0xce,0x5b,0xae,0x5b,0xcf,0x53,0x8e,0x53,0x8e,0x4b,0xaf,0x53,0x6e,0x4b,0xaf,0x53,0xaf,0x53,0xaf,0x53,
    0xaf,0x53,0xae,0x53,0x6e,0x4b,0x8e,0x4b,0x8e,0x53,0x8e,0x4b,0xaf,0x53,0xaf,0x53,0x8e,0x53,0x6e,0x53,0xcf,0x5b,0x8e,0x53,
    0x8e,0x53,0xce,0x5b,0x0f,0x74,0x92,0x8c,0xf0,0x6b,0x8f,0x5b,0xf0,0x6b,0xcf,0x63,0xaf,0x63,0xf0,0x6b,0x10,0x74,0xcf,0x6b,
    0xae,0x6b,0xef,0x73,0x70,0x84,0x70,0x84,0x71,0x84,0xef,0x7b,0xce,0x7b,0x0f,0x7c,0x2f,0x84,0x0f,0x84,0x50,0x94,0x91,0x9c,
    0x71,0x94,0x50,0x8c,0x51,0x8c,0x70,0x8c,0x50,0x84,0x2f,0x7c,0x31,0x7c,0x10,0x7c,0x10,0x7c,0x71,0x84,0x50,0x84,0x51,0x84,
    0x91,0x8c,0x70,0x8c,0x51,0x8c,0x91,0x94,0x70,0x8c,0x0f,0x84,0x8d,0x73,0x8d,0x6b,0xef,0x7b,0x6c,0x6b,0x8d,0x63,0x8b,0x3a,
    0x28,0x32,0x4c,0x53,0x0a,0x5b,0x8c,0x6b,0x0b,0x53,0xcb,0x42,0x2c,0x53,0xaa,0x4a,0xca,0x11,0x2b,0x1a,0xcc,0x3a,0x8c,0x5b,
    0x4a,0x53,0xc8,0x4a,0xe8,0x5a,0x49,0x63,0xe8,0x62,0x28,0x6b,0x28,0x73,0x4c,0x9c,0xaa,0x8b,0x08,0x6b,0xe7,0x52,0xe8,0x5a,
    0xe9,0x5a,0x07,0x5b,0xa7,0x52,0xe8,0x5a,0x29,0x63,0x8b,0x73,0xc8,0x4a,0x09,0x43,0xc8,0x3a,0x69,0x53,0x08,0x4b,0xab,0x63,
    0xe8,0x52,0x8c,0x63,0x4c,0x63,0xaa,0x52,0xeb,0x52,0x0b,0x63,0x4c,0x73,0x30,0x8c,0x8d,0x7b,0x6d,0x73,0x2c,0x6b,0x8e,0x63,
    0xef,0x6b,0x11,0x64,0x52,0x6c,0x52,0x74,0x32,0x74,0x73,0x7c,0x32,0x74,0x52,0x6c,0x32,0x6c,0x11,0x5c,0x12,0x5c,0xf1,0x5b,
    0xf2,0x5b,0x13,0x5c,0x33,0x54,0x32,0x5c,0x33,0x5c,0x34,0x54,0x34,0x5c,0x14,0x54,0x54,0x5c,0x55,0x5c,0x55,0x5c,0x34,0x54,
    0x54,0x5c,0x75,0x5c,0x95,0x5c,0x96,0x64,0x96,0x64,0xb6,0x64,0xb6,0x5c,0xb6,0x5c,0x95,0x5c,0x96,0x5c,0x96,0x5c,0x96,0x5c,
    0x96,0x5c,0xb6,0x5c,0xb6,0x64,0xb6,0x5c,0xb6,0x64,0xb6,0x64,0xb6,0x64,0xb6,0x64,0xae,0x53,0xae,0x5b,0x8d,0x53,0xae,0x53,
    0xae,0x5b,0xce,0x53,0xae,0x53,0xae,0x5b,0xae,0x53,0xce,0x5b,0xce,0x5b,0xcf,0x5b,0xae,0x53,0x8e,0x53,0xaf,0x53,0x8e,0x53,
    0x8e,0x53,0xaf,0x53,0xcf,0x53,0xae,0x5b,0xcf,0x5b,0xaf,0x53,0x30,0x64,0x10,0x64,0x8e,0x53,0xcf,0x53,0xcf,0x5b,0x8e,0x53,
    0xae,0x53,0xcf,0x5b,0xae,0x53,0xaf,0x5b,0x10,0x64,0x30,0x74,0xd3,0x8c,0x51,0x7c,0x8f,0x63,0xaf,0x5b,0x6e,0x5b,0x6e,0x5b,
    0xcf,0x63,0xae,0x63,0xcf,0x6b,0xae,0x63,0x8e,0x63,0x70,0x84,0x71,0x8c,0xad,0x73,0xad,0x73,0x50,0x8c,0x70,0x94,0x70,0x94,
    0x90,0x94,0x4f,0x94,0x90,0x94,0x91,0x9c,0x2f,0x84,0x50,0x84,0x0f,0x84,0xce,0x7b,0xce,0x73,0x2f,0x7c,0x30,0x7c,0x8d,0x6b,
    0x50,0x7c,0x2c,0x5b,0x2c,0x5b,0xce,0x63,0xee,0x6b,0x8d,0x63,0x8c,0x6b,0xad,0x6b,0xae,0x73,0x2f,0x84,0x91,0x94,0xb2,0x94,
    0x70,0x84,0x0a,0x5b,0xa9,0x42,0x49,0x2a,0xeb,0x4a,0x0a,0x53,0x2b,0x5b,0x4b,0x5b,0x89,0x3a,0x49,0x2a,0x2b,0x4b,0xca,0x4a,
    0x2a,0x2a,0x8b,0x32,0xa9,0x3a,0x09,0x4b,0x08,0x4b,0xc8,0x4a,0xe8,0x52,0x6a,0x6b,0xab,0x7b,0x8a,0x7b,0xab,0x83,0x8a,0x83,
    0x69,0x7b,0x08,0x63,0x25,0x3a,0x66,0x42,0xa7,0x52,0xa7,0x4a,0x86,0x4a,0xe8,0x5a,0x6b,0x6b,0xab,0x73,0x88,0x42,0x87,0x42,
    0xa9,0x3a,0x68,0x2a,0x09,0x4b,0xc7,0x4a,0x29,0x53,0x8b,0x5b,0x0e,0x74,0xa9,0x4a,0xca,0x52,0xcb,0x5a,0x6d,0x6b,0x4c,0x73,
    0x4c,0x73,0x8d,0x73,0xea,0x5a,0x4c,0x63,0xaf,0x63,0xaf,0x63,0xaf,0x5b,0x11,0x6c,0x32,0x74,0x93,0x84,0xb3,0x8c,0xd3,0x84,
    0x93,0x7c,0x73,0x7c,0x32,0x64,0x32,0x64,0x32,0x64,0xf1,0x53,0xd1,0x53,0xb1,0x4b,0xf2,0x53,0xf2,0x53,0xf3,0x53,0xf3,0x4b,
    0x13,0x54,0x13,0x54,0x34,0x54,0x13,0x54,0x13,0x4c,0x14,0x5c,0x34,0x54,0x55,0x5c,0x55,0x5c,0x75,0x5c,0x96,0x5c,0x95,0x64,
    0x96,0x5c,0x75,0x64,0x95,0x5c,0x76,0x5c,0x95,0x5c,0x96,0x5c,0x96,0x5c,0x96,0x64,0x96,0x5c,0xb6,0x5c,0x96,0x64,0xb6,0x5c,
    0x8d,0x53,0x6d,0x53,0x8d,0x53,0x8d,0x53,0x8d,0x53,0x6d,0x4b,0x8d,0x53,0x8d,0x53,0x8d,0x53,0x6c,0x53,0x4c,0x4b,0x6c,0x53,
    0x6d,0x53,0x6d,0x4b,0x4c,0x4b,0x6e,0x4b,0xae,0x53,0x8d,0x53,0xae,0x53,0x8e,0x53,0x8d,0x53,0x8e,0x53,0xcf,0x5b,0xef,0x5b,
    0xce,0x5b,0xce,0x5b,0xcf,0x53,0xef,0x5b,0xce,0x53,0xce,0x5b,0xcf,0x5b,0xce,0x5b,0xef,0x63,0xef,0x63,0x50,0x7c,0xae,0x63,
    0x8e,0x5b,0xae,0x5b,0x8f,0x5b,0xce,0x63,0xef,0x6b,0x6e,0x5b,0xce,0x63,0xce,0x73,0x8d,0x63,0xcd,0x73,0x0f,0x7c,0xad,0x73,
    0xcd,0x73,0x91,0x9c,0xd1,0x9c,0x4f,0x8c,0x2e,0x8c,0x4f,0x8c,0xee,0x8b,0xcd,0x7b,0xad,0x73,0xee,0x7b,0x4f,0x8c,0x91,0x94,
    0x4f,0x84,0x8c,0x63,0x8d,0x6b,0xad,0x63,0x2f,0x7c,0x69,0x3a,0x2b,0x53,0x6c,0x5b,0x2b,0x53,0x88,0x3a,0x88,0x42,0xc9,0x42,
    0xa8,0x42,0xc9,0x42,0xad,0x63,0x4b,0x5b,0x0a,0x53,0x4a,0x53,0x89,0x3a,0x69,0x2a,0xea,0x42,0xe9,0x42,0xc9,0x42,0x0a,0x4b,
    0x88,0x32,0xe7,0x19,0x2a,0x4b,0x09,0x53,0x4b,0x4b,0x4a,0x5b,0x68,0x3a,0x47,0x32,0x29,0x4b,0x09,0x53,0xa7,0x4a,0x08,0x5b,
    0x49,0x6b,0xa6,0x5a,0x28,0x6b,0x69,0x73,0x08,0x63,0x08,0x63,0x09,0x5b,0x08,0x53,0xc8,0x52,0x29,0x63,0xa8,0x52,0x8b,0x6b,
    0x6b,0x6b,0x2a,0x63,0x8c,0x6b,0xe9,0x4a,0xaa,0x3a,0x08,0x1a,0x2b,0x53,0x4a,0x5b,0xa8,0x42,0xe8,0x42,0x4a,0x53,0xca,0x4a,
    0xea,0x4a,0xeb,0x5a,0x0c,0x63,0xaa,0x52,0x0b,0x63,0x8d,0x73,0x0b,0x63,0x2b,0x63,0x6d,0x63,0x4d,0x5b,0x6d,0x5b,0x6e,0x5b,
    0x6e,0x5b,0xaf,0x63,0xcf,0x6b,0x10,0x74,0x10,0x6c,0x10,0x6c,0x92,0x7c,0x52,0x6c,0x73,0x74,0x32,0x64,0xf2,0x5b,0xf2,0x53,
    0xd2,0x53,0xd2,0x4b,0xd2,0x53,0xf3,0x53,0xf3,0x4b,0x13,0x54,0xf3,0x53,0xf3,0x4b,0xf3,0x53,0x14,0x54,0x14,0x54,0x34,0x5c,
    0x55,0x5c,0x54,0x5c,0x55,0x5c,0x55,0x5c,0x75,0x64,0x75,0x5c,0x96,0x5c,0x76,0x5c,0x75,0x5c,0x76,0x5c,0x75,0x5c,0x96,0x5c,
    0x95,0x5c,0x96,0x64,0x96,0x5c,0x95,0x5c,0x8c,0x53,0x6d,0x53,0x8c,0x53,0x6d,0x53,0x8d,0x53,0x6c,0x4b,0x6c,0x4b,0x6c,0x53,
    0x8d,0x53,0x8c,0x53,0x8d,0x5b,0x8d,0x53,0x6c,0x4b,0x8d,0x53,0x6d,0x4b,0x2c,0x4b,0x2c,0x43,0x4d,0x4b,0x6d,0x4b,0x6c,0x4b,
    0x4c,0x4b,0x6d,0x53,0x4c,0x4b,0x4c,0x4b,0x8d,0x53,0x8d,0x53,0x6d,0x4b,0xce,0x5b,0x6d,0x53,0xad,0x53,0xce,0x5b,0xce,0x5b,
    0xad,0x5b,0xae,0x5b,0x4d,0x53,0x6d,0x53,0xaf,0x53,0x8e,0x5b,0x6d,0x53,0x6e,0x5b,0x6d,0x5b,0x4c,0x53,0xae,0x63,0xce,0x6b,
    0x2b,0x5b,0x2c,0x63,0xed,0x7b,0x8c,0x6b,0x6c,0x6b,0xed,0x7b,0xee,0x7b,0x6f,0x8c,0x0e,0x84,0x2f,0x8c,0xb0,0x94,0xad,0x73,
    0x8c,0x6b,0x0e,0x7c,0x2f,0x84,0x90,0x8c,0xac,0x6b,0xe9,0x52,0x2a,0x5b,0x6b,0x5b,0x2b,0x53,0x0b,0x4b,0x0a,0x4b,0x0a,0x4b,
    0xe9,0x42,0x2a,0x4b,0x2a,0x4b,0x2a,0x4b,0x2a,0x4b,0x6b,0x5b,0xc8,0x42,0x87,0x32,0xc9,0x42,0x6a,0x53,0xe9,0x42,0x49,0x2a,
    0x68,0x32,0x88,0x3a,0xc8,0x42,0x09,0x53,0xa9,0x3a,0x48,0x2a,0x4a,0x5b,0x87,0x42,0x67,0x3a,0xa8,0x42,0xa9,0x42,0xe9,0x52,
    0xc8,0x4a,0x87,0x42,0xc7,0x4a,0x49,0x6b,0x08,0x63,0xe8,0x62,0x29,0x6b,0x29,0x6b,0xe7,0x5a,0x08,0x5b,0xc8,0x52,0x49,0x63,
    0x29,0x5b,0x29,0x63,0x4a,0x63,0xab,0x73,0x4a,0x6b,0x0a,0x63,0x4c,0x6b,0x4b,0x6b,0x09,0x22,0x89,0x09,0x0c,0x4b,0xac,0x6b,
    0x0a,0x53,0xa7,0x32,0x29,0x4b,0x2a,0x53,0x0a,0x53,0xca,0x4a,0xeb,0x5a,0xaa,0x52,0xea,0x62,0x8c,0x73,0x0a,0x63,0xea,0x5a,
    0x0b,0x5b,0x0c,0x53,0x6d,0x5b,0x8e,0x63,0xae,0x63,0x8e,0x63,0x8e,0x5b,0xae,0x63,0x6e,0x5b,0x6e,0x5b,0x8e,0x5b,0xaf,0x5b,
    0x11,0x64,0x52,0x6c,0x11,0x64,0x33,0x64,0x32,0x5c,0xd2,0x53,0xf2,0x4b,0xd2,0x53,0xd3,0x4b,0x14,0x54,0x14,0x5c,0x13,0x54,
    0xd3,0x4b,0x14,0x54,0xf3,0x53,0x34,0x5c,0x55,0x5c,0x14,0x5c,0x34,0x5c,0x34,0x5c,0x54,0x5c,0x14,0x5c,0x34,0x54,0x75,0x5c,
    0x96,0x64,0x76,0x5c,0x75,0x5c,0x95,0x5c,0x76,0x5c,0x95,0x5c,0x96,0x5c,0x95,0x5c,0x8c,0x53,0x6c,0x53,0x6c,0x53,0x6c,0x4b,
    0x8c,0x53,0x8d,0x53,0x6c,0x4b,0x6c,0x53,0x6c,0x53,0x6c,0x53,0x6c,0x53,0x6c,0x53,0xad,0x5b,0x8c,0x53,0x8d,0x53,0x4c,0x4b,
    0x6c,0x4b,0x8d,0x53,0x8d,0x53,0x8d,0x5b,0x6c,0x4b,0xad,0x53,0x6c,0x53,0x6c,0x4b,0x8d,0x53,0x6c,0x4b,0x6c,0x53,0x6c,0x4b,
    0x2b,0x43,0x6c,0x4b,0x8d,0x53,0x8c,0x53,0x8d,0x53,0xad,0x5b,0x8d,0x53,0x8d,0x53,0xae,0x5b,0x8e,0x53,0x6e,0x5b,0x6d,0x5b,
    0x4c,0x53,0x6d,0x63,0x4c,0x5b,0x8d,0x6b,0xed,0x73,0xad,0x73,0xad,0x73,0x6b,0x6b,0x4b,0x5b,0x4a,0x5b,0x6b,0x6b,0x2a,0x5b,
    0x0a,0x5b,0x90,0x8c,0xac,0x73,0xea,0x52,0x2a,0x53,0x2a,0x5b,0x2a,0x53,0x09,0x53,0x2a,0x53,0x2a,0x4b,0x2a,0x53,0x0a,0x53,
    0xa9,0x42,0x0a,0x4b,0x0b,0x4b,0xc9,0x42,0xea,0x42,0x09,0x4b,0x2a,0x4b,0x29,0x4b,0xe9,0x4a,0xe9,0x42,0xca,0x42,0xe9,0x42,
    0x2a,0x4b,0x2a,0x4b,0xc9,0x3a,0x68,0x32,0xc9,0x3a,0xc9,0x4a,0x29,0x5b,0x29,0x5b,0x4a,0x5b,0x4a,0x5b,0x69,0x5b,0xc8,0x4a,
    0x87,0x3a,0xa8,0x4a,0x49,0x63,0x4a,0x63,0xe7,0x52,0xe8,0x5a,0x4a,0x6b,0xe8,0x62,0x08,0x63,0xc7,0x5a,0x28,0x6b,0x8a,0x73,
    0x09,0x63,0xa7,0x52,0xc8,0x52,0x09,0x5b,0x87,0x4a,0xa7,0x4a,0xe8,0x52,0x4a,0x63,0x2a,0x63,0xa8,0x52,0x0a,0x63,0x6c,0x6b,
    0x8b,0x3a,0x48,0x01,0x4e,0x53,0xcd,0x7b,0x2a,0x53,0xc7,0x42,0x29,0x4b,0x09,0x4b,0x8b,0x63,0x6b,0x5b,0xc9,0x52,0xc9,0x52,
    0x4b,0x6b,0xad,0x7b,0x6c,0x73,0xea,0x62,0x2c,0x63,0x2b,0x63,0xae,0x63,0xcf,0x6b,0x8e,0x63,0x8e,0x63,0x8f,0x63,0xae,0x63,
    0xcf,0x6b,0xcf,0x63,0xcf,0x63,0x8f,0x63,0x6e,0x53,0xaf,0x5b,0x31,0x6c,0x32,0x5c,0xd1,0x5b,0xf2,0x53,0x13,0x5c,0xd2,0x53,
    0xf3,0x53,0x13,0x54,0x13,0x5c,0xf3,0x53,0xd3,0x53,0xf3,0x53,0xd3,0x4b,0xf4,0x53,0xf3,0x53,0xd3,0x53,0xf3,0x53,0x14,0x5c,
    0x55,0x64,0x54,0x5c,0x34,0x5c,0xf4,0x53,0x34,0x5c,0x54,0x5c,0x76,0x64,0x75,0x5c,0x95,0x5c,0x75,0x5c,0x75,0x5c,0x76,0x5c,
    0x8c,0x53,0x8d,0x53,0x6c,0x53,0x6c,0x53,0x8c,0x53,0x8c,0x53,0x6b,0x53,0x6c,0x53,0x6b,0x53,0x4b,0x53,0x6b,0x53,0x4b,0x53,
    0x8c,0x53,0x4b,0x4b,0x6c,0x53,0x6c,0x4b,0x6d,0x4b,0x2c,0x4b,0x6c,0x53,0xcd,0x5b,0x4c,0x53,0x4b,0x4b,0x6c,0x4b,0x8c,0x53,
    0x4c,0x53,0x6d,0x53,0xad,0x53,0x8d,0x53,0x8d,0x53,0x8c,0x53,0x6c,0x4b,0x6c,0x53,0x8d,0x53,0x8d,0x53,0x8d,0x53,0xad,0x5b,
    0x8e,0x5b,0x8e,0x5b,0x8e,0x5b,0xae,0x63,0x6d,0x63,0xce,0x6b,0xe9,0x52,0x4b,0x5b,0x6b,0x6b,0x6c,0x6b,0xcd,0x73,0xac,0x6b,
    0xac,0x6b,0xcc,0x6b,0x8c,0x63,0xe9,0x52,0x4a,0x5b,0x2b,0x5b,0xcc,0x6b,0x2a,0x53,0x09,0x53,0x29,0x4b,0x09,0x4b,0x09,0x4b,
    0x09,0x4b,0x2a,0x53,0x49,0x53,0x2a,0x53,0x4b,0x53,0xea,0x4a,0xea,0x42,0x0a,0x4b,0x2a,0x4b,0xa7,0x3a,0xa8,0x3a,0xe8,0x4a,
    0xc8,0x4a,0xe9,0x4a,0x27,0x22,0xc9,0x3a,0x87,0x32,0xc8,0x3a,0xe8,0x42,0x09,0x4b,0x09,0x53,0x09,0x53,0x29,0x5b,0x2a,0x5b,
    0xc7,0x4a,0xe8,0x52,0x08,0x53,0x08,0x53,0x66,0x42,0xeb,0x7b,0x8a,0x7b,0xe9,0x62,0x8b,0x7b,0xeb,0x83,0xe8,0x62,0xe8,0x62,
    0x28,0x73,0x08,0x6b,0x08,0x6b,0xe9,0x62,0xc8,0x52,0x87,0x52,0xa7,0x52,0xc8,0x52,0xa7,0x52,0xe8,0x5a,0xc7,0x52,0x88,0x4a,
    0x89,0x42,0xa9,0x4a,0x0a,0x5b,0xea,0x5a,0x0c,0x5b,0xc8,0x19,0xeb,0x4a,0xcd,0x73,0x8c,0x6b,0x4a,0x53,0x86,0x3a,0x08,0x43,
    0x2e,0x74,0xab,0x6b,0xac,0x6b,0x6b,0x63,0x8c,0x73,0xad,0x7b,0x8c,0x73,0x2b,0x63,0x2b,0x6b,0x2a,0x5b,0x0c,0x5b,0xce,0x6b,
    0x8e,0x63,0xae,0x63,0x6d,0x5b,0x4d,0x5b,0x6d,0x5b,0xef,0x6b,0xef,0x6b,0xaf,0x63,0x8e,0x5b,0x6e,0x5b,0x8e,0x53,0x8f,0x53,
    0xd0,0x5b,0x32,0x64,0xf1,0x5b,0xd2,0x5b,0xd2,0x53,0xf2,0x5b,0x13,0x5c,0xf2,0x53,0xd2,0x53,0xd2,0x53,0xb2,0x53,0xb2,0x4b,
    0xf4,0x53,0xf3,0x53,0x14,0x5c,0xf3,0x53,0xf3,0x5b,0x34,0x5c,0x55,0x64,0x14,0x54,0xf3,0x53,0x14,0x54,0x34,0x5c,0x75,0x64,
    0x55,0x5c,0x75,0x64,0x75,0x5c,0x75,0x5c,0x4c,0x53,0x6b,0x53,0x6c,0x53,0x8c,0x5b,0x8c,0x53,0x6c,0x53,0x8c,0x53,0x6c,0x53,
    0x8c,0x5b,0x6c,0x53,0x6c,0x5b,0x4b,0x53,0x6c,0x53,0x0a,0x4b,0x0b,0x4b,0x2c,0x53,0x2b,0x4b,0x4c,0x4b,0x2b,0x53,0x6c,0x5b,
    0x8d,0x53,0x4c,0x4b,0x6c,0x53,0x6c,0x53,0x6c,0x53,0x2b,0x53,0x4b,0x4b,0x2b,0x4b,0x6c,0x53,0x6c,0x53,0x6c,0x53,0x8c,0x53,
    0x8c,0x53,0x6c,0x53,0x2b,0x4b,0x8d,0x53,0x8d,0x5b,0x4c,0x53,0x4d,0x53,0x0c,0x53,0x4c,0x63,0x4c,0x63,0x0a,0x53,0x6c,0x6b,
    0xed,0x7b,0x8c,0x6b,0x4b,0x63,0x2a,0x5b,0x2a,0x53,0x09,0x53,0x8b,0x63,0xed,0x73,0x6b,0x5b,0xa8,0x42,0x4b,0x5b,0x4a,0x5b,
    0xe9,0x4a,0xa8,0x42,0x4a,0x53,0x4a,0x53,0xe9,0x4a,0x6a,0x53,0x2a,0x53,0x4a,0x5b,0xe9,0x4a,0xc8,0x42,0x2a,0x53,0xe9,0x42,
    0x09,0x43,0x09,0x4b,0xc8,0x42,0xc8,0x52,0xab,0x73,0x8b,0x5b,0x47,0x2a,0xc9,0x3a,0x06,0x22,0xa8,0x42,0xe8,0x4a,0x08,0x53,
    0xa7,0x4a,0xe9,0x5a,0x29,0x5b,0xe8,0x52,0xa6,0x4a,0x86,0x42,0xc7,0x4a,0x6a,0x73,0x89,0x7b,0xaa,0x7b,0x08,0x6b,0x08,0x63,
    0x29,0x63,0xe8,0x62,0xc7,0x5a,0xe8,0x6a,0xec,0x93,0x6a,0x7b,0xe8,0x62,0x29,0x63,0x08,0x63,0xc8,0x52,0x67,0x4a,0x46,0x4a,
    0xa7,0x52,0x88,0x52,0x09,0x63,0x27,0x32,0xa6,0x19,0x89,0x42,0xea,0x5a,0xa9,0x5a,0x2a,0x6b,0x4b,0x63,0x4b,0x63,0x0a,0x5b,
    0x29,0x5b,0x6a,0x5b,0x09,0x4b,0x09,0x4b,0x08,0x4b,0xe8,0x4a,0x6a,0x5b,0xab,0x6b,0x8b,0x6b,0x8c,0x6b,0x8c,0x6b,0x2a,0x63,
    0x4b,0x63,0xea,0x5a,0x4b,0x63,0xae,0x6b,0x8d,0x63,0xef,0x6b,0x0f,0x7c,0xce,0x73,0xad,0x63,0x6d,0x5b,0x2d,0x53,0xae,0x63,
    0xcf,0x63,0xaf,0x63,0xaf,0x63,0x8e,0x5b,0x8e,0x5b,0xd0,0x6b,0x52,0x74,0x31,0x6c,0xd1,0x5b,0xb1,0x5b,0x90,0x4b,0xf3,0x5b,
    0xf2,0x53,0xd3,0x53,0x13,0x5c,0xb2,0x53,0xb2,0x53,0xf3,0x53,0x13,0x5c,0x14,0x5c,0x14,0x5c,0xf3,0x5b,0x13,0x54,0x34,0x64,
    0x13,0x54,0xf3,0x5b,0x34,0x5c,0x13,0x5c,0x54,0x5c,0x55,0x5c,0x55,0x5c,0x75,0x5c,0x6b,0x53,0x6c,0x53,0x8c,0x5b,0x6c,0x53,
    0x6b,0x53,0x6b,0x53,0x6c,0x53,0x8c,0x5b,0x4b,0x53,0x8c,0x5b,0x8d,0x63,0xad,0x63,0xce,0x6b,0x8c,0x63,0xad,0x6b,0x8d,0x63,
    0x0b,0x4b,0x4c,0x53,0x8d,0x5b,0xad,0x5b,0x4b,0x53,0x8c,0x53,0x8c,0x53,0x8c,0x5b,0x8c,0x5b,0x8c,0x5b,0x8c,0x5b,0x0a,0x43,
    0x4a,0x53,0x6c,0x53,0x4b,0x4b,0x8c,0x53,0x4a,0x43,0x2a,0x43,0x2b,0x4b,0x4b,0x53,0x0b,0x4b,0xeb,0x4a,0x6d,0x5b,0xca,0x4a,
    0x0a,0x5b,0x8c,0x6b,0xcc,0x73,0x0e,0x7c,0xcd,0x73,0x8c,0x6b,0x09,0x4b,0xc8,0x42,0x87,0x42,0x09,0x4b,0x6b,0x5b,0x4a,0x53,
    0xc8,0x42,0xc8,0x42,0x2a,0x53,0x6a,0x53,0x6b,0x5b,0x09,0x4b,0x4a,0x53,0x4a,0x53,0x6a,0x5b,0x2a,0x53,0xc8,0x42,0x2a,0x5b,
    0x09,0x53,0xa8,0x42,0xc8,0x42,0xa8,0x3a,0x66,0x32,0x09,0x4b,0x08,0x53,0x8a,0x63,0xcc,0x7b,0x66,0x42,0x46,0x32,0x8b,0x63,
    0x4a,0x5b,0xe8,0x4a,0x49,0x63,0x09,0x5b,0xc8,0x5a,0xe8,0x52,0xa7,0x52,0xc7,0x52,0xe8,0x5a,0xa6,0x52,0xa7,0x52,0xca,0x8b,
    0xaa,0x83,0xc7,0x62,0xc8,0x5a,0xc8,0x5a,0x09,0x63,0xc8,0x62,0x86,0x52,0x09,0x73,0xcc,0x93,0x8a,0x83,0x86,0x52,0x86,0x52,
    0xc8,0x52,0xc8,0x5a,0x86,0x52,0xa8,0x52,0xe8,0x5a,0x46,0x4a,0x69,0x7b,0xcb,0x83,0x47,0x42,0x68,0x42,0xe9,0x5a,0x2a,0x6b,
    0xc8,0x5a,0xc8,0x5a,0xe8,0x5a,0x2a,0x5b,0x29,0x5b,0xe9,0x4a,0x09,0x53,0x09,0x53,0xa7,0x42,0xc8,0x42,0xe8,0x4a,0xe8,0x42,
    0x08,0x4b,0xe8,0x4a,0x6b,0x63,0x4b,0x5b,0xe9,0x52,0x2a,0x63,0x09,0x53,0xc9,0x52,0x0b,0x53,0x0b,0x5b,0xee,0x73,0x91,0x8c,
    0xb1,0x8c,0xef,0x73,0xae,0x63,0xd0,0x63,0x8e,0x63,0xaf,0x63,0xcf,0x6b,0x71,0x7c,0x51,0x7c,0xae,0x63,0xf0,0x6b,0x52,0x74,
    0x53,0x74,0x52,0x6c,0xf2,0x63,0xd1,0x53,0xb1,0x53,0xd2,0x53,0xf2,0x53,0xd2,0x53,0xd3,0x53,0xd2,0x53,0xb2,0x53,0xf3,0x53,
    0x13,0x5c,0x14,0x5c,0xf3,0x5b,0x13,0x54,0x14,0x5c,0x34,0x5c,0x13,0x5c,0x14,0x5c,0x33,0x5c,0x34,0x5c,0x34,0x5c,0x34,0x5c,
    0x6c,0x5b,0x6b,0x53,0x8c,0x5b,0x6c,0x5b,0x6c,0x53,0x6c,0x53,0xea,0x4a,0x0a,0x4b,0x4b,0x53,0x6c,0x5b,0xee,0x6b,0xad,0x6b,
    0x4c,0x5b,0xae,0x6b,0x70,0x84,0x0f,0x74,0xee,0x6b,0xad,0x63,0xad,0x63,0x0e,0x6c,0xcd,0x63,0x4b,0x4b,0x2b,0x4b,0x4b,0x4b,
    0x2a,0x4b,0x4b,0x53,0x8c,0x63,0x8c,0x63,0x2b,0x5b,0xac,0x63,0x8c,0x5b,0x6b,0x53,0x6b,0x53,0x4b,0x53,0x2a,0x4b,0x6c,0x53,
    0x2b,0x53,0x0a,0x4b,0x2b,0x53,0x4c,0x5b,0xad,0x6b,0x8c,0x6b,0x6b,0x63,0xe9,0x4a,0xc9,0x4a,0xe9,0x4a,0x8b,0x5b,0x4a,0x53,
    0xe9,0x42,0x4a,0x53,0x6b,0x5b,0x09,0x4b,0x09,0x4b,0x09,0x43,0xc8,0x42,0x0a,0x4b,0x2a,0x53,0x09,0x4b,0xe9,0x4a,0xa8,0x42,
    0xa7,0x3a,0xa8,0x42,0xa7,0x42,0x4a,0x5b,0xab,0x63,0x29,0x53,0xc8,0x42,0xa7,0x3a,0x86,0x32,0x29,0x53,0x29,0x5b,0x28,0x53,
    0x49,0x63,0x6a,0x6b,0xcc,0x73,0xcb,0x7b,0xe8,0x62,0xe8,0x5a,0x49,0x63,0x29,0x63,0xe8,0x5a,0x49,0x63,0x69,0x6b,0xe8,0x62,
    0x49,0x6b,0x6a,0x7b,0x89,0x7b,0x49,0x73,0x45,0x4a,0x87,0x4a,0x46,0x4a,0x87,0x52,0x08,0x63,0x08,0x63,0xa7,0x5a,0xe8,0x62,
    0xe7,0x6a,0x08,0x73,0x29,0x63,0x66,0x4a,0x46,0x4a,0xa7,0x52,0x09,0x63,0x29,0x63,0x0a,0x63,0x29,0x6b,0x08,0x6b,0x2c,0xa4,
    0x2c,0xa4,0x6a,0x83,0x8a,0x83,0x4a,0x7b,0x4a,0x6b,0x87,0x4a,0xa7,0x52,0xe8,0x52,0xe8,0x52,0x87,0x4a,0x29,0x53,0x09,0x53,
    0x2a,0x53,0x29,0x4b,0xe8,0x42,0xe8,0x3a,0x69,0x4b,0x08,0x43,0x49,0x4b,0x29,0x4b,0x2a,0x53,0x09,0x63,0x2a,0x5b,0xc8,0x52,
    0x89,0x42,0xea,0x52,0xea,0x4a,0x6b,0x63,0xee,0x6b,0xae,0x63,0x8e,0x5b,0x4d,0x53,0x6e,0x53,0x6e,0x5b,0x6d,0x5b,0x8d,0x5b,
    0xae,0x63,0xaf,0x63,0xcf,0x63,0x11,0x6c,0xf0,0x6b,0x11,0x6c,0x12,0x6c,0x13,0x64,0x33,0x64,0x12,0x5c,0xf3,0x5b,0x91,0x4b,
    0x91,0x53,0xd2,0x53,0xb2,0x53,0xb2,0x53,0xf3,0x53,0xf2,0x5b,0x13,0x5c,0xd2,0x53,0xf3,0x5b,0x33,0x5c,0x34,0x64,0x34,0x5c,
    0x13,0x5c,0x14,0x5c,0x14,0x54,0xf3,0x53,0xad,0x5b,0x2b,0x53,0x6b,0x53,0x4b,0x53,0x4b,0x53,0x4b,0x53,0x2b,0x53,0xad,0x5b,
    0x6c,0x63,0xea,0x4a,0x2c,0x5b,0xeb,0x52,0x0b,0x53,0x4c,0x63,0x4c,0x5b,0xeb,0x4a,0x4c,0x5b,0x2c,0x53,0x0b,0x53,0x0a,0x4b,
    0x2b,0x4b,0xa9,0x3a,0x4b,0x4b,0x6b,0x5b,0x6b,0x63,0xed,0x73,0xee,0x7b,0xed,0x83,0x90,0x94,0x2e,0x7c,0x8c,0x63,0x6b,0x5b,
    0x6b,0x53,0x6b,0x53,0x6b,0x5b,0x6b,0x5b,0x4b,0x53,0x4c,0x5b,0x6c,0x63,0x4b,0x5b,0x6b,0x5b,0x2a,0x53,0x29,0x53,0xc8,0x4a,
    0xe9,0x4a,0xc8,0x42,0xe8,0x42,0xe9,0x4a,0x08,0x4b,0x6a,0x53,0xc8,0x42,0xc7,0x42,0xe8,0x42,0x09,0x43,0x29,0x4b,0xc8,0x42,
    0xe8,0x4a,0x6b,0x5b,0x29,0x53,0x8b,0x5b,0xc8,0x4a,0xa7,0x42,0x08,0x53,0x29,0x5b,0x4a,0x5b,0x29,0x53,0x29,0x53,0x28,0x53,
    0x08,0x53,0xe8,0x52,0x08,0x53,0x28,0x5b,0x29,0x63,0x49,0x63,0x29,0x6b,0x28,0x63,0xa7,0x5a,0x08,0x5b,0x08,0x63,0xe7,0x5a,
    0x08,0x5b,0xe8,0x5a,0x29,0x63,0x69,0x73,0x66,0x5a,0x69,0x83,0xa9,0x93,0x28,0x7b,0x45,0x4a,0x46,0x42,0x87,0x4a,0x29,0x63,
    0x09,0x6b,0x29,0x6b,0xa7,0x5a,0x86,0x5a,0xc7,0x62,0x08,0x6b,0xaa,0x7b,0x49,0x6b,0x4a,0x6b,0xa8,0x52,0x87,0x52,0xe8,0x5a,
    0xa7,0x5a,0xa7,0x5a,0xc8,0x5a,0xaa,0x8b,0x8a,0x8b,0xaa,0x93,0xca,0x8b,0x69,0x7b,0x49,0x73,0xc7,0x52,0xc7,0x4a,0x09,0x5b,
    0xe8,0x4a,0x46,0x3a,0xe9,0x52,0xa7,0x42,0x66,0x3a,0xc8,0x42,0x87,0x32,0xa8,0x32,0xc8,0x32,0x09,0x33,0x87,0x32,0xc8,0x3a,
    0x28,0x53,0x8a,0x73,0x0c,0x8c,0x0c,0x8c,0x8a,0x7b,0x08,0x5b,0xa8,0x4a,0xa9,0x42,0x6d,0x5b,0x2d,0x53,0x4d,0x4b,0x4d,0x53,
    0xcf,0x63,0xae,0x5b,0x4e,0x5b,0x2c,0x53,0x4d,0x53,0x6d,0x53,0x8e,0x5b,0x6e,0x53,0xb0,0x63,0x6e,0x53,0x8f,0x53,0xd1,0x5b,
    0xf1,0x5b,0xd2,0x5b,0xb1,0x53,0xf2,0x5b,0xd2,0x53,0x91,0x4b,0xb2,0x53,0x91,0x4b,0x91,0x4b,0xb2,0x53,0xf3,0x5b,0xf3,0x53,
    0xf3,0x5b,0x13,0x5c,0xf3,0x5b,0x13,0x5c,0x13,0x5c,0x33,0x64,0x14,0x5c,0x34,0x5c,0x0a,0x53,0x2b,0x5b,0x6b,0x5b,0x4b,0x53,
    0x6c,0x5b,0x6c,0x5b,0x6b,0x5b,0x6c,0x5b,0x0e,0x74,0x4c,0x5b,0x4d,0x5b,0x2c,0x5b,0x4c,0x5b,0x4c,0x5b,0x4c,0x5b,0x0b,0x53,
    0x2b,0x53,0x4c,0x53,0x2a,0x53,0xea,0x4a,0x4c,0x53,0x6c,0x53,0x2b,0x4b,0x6b,0x5b,0x8b,0x63,0x6b,0x63,0x4b,0x63,0x8c,0x6b,
    0xac,0x6b,0x0a,0x53,0x2a,0x53,0x09,0x4b,0x6b,0x5b,0x4a,0x5b,0x8c,0x5b,0x6b,0x5b,0x0a,0x53,0x2b,0x53,0x2b,0x5b,0x0a,0x53,
    0xe9,0x4a,0x09,0x53,0x09,0x4b,0xec,0x6b,0x6a,0x5b,0x29,0x53,0x09,0x4b,0x6a,0x53,0x29,0x4b,0x69,0x53,0x08,0x4b,0x09,0x4b,
    0x29,0x4b,0x08,0x43,0x29,0x4b,0x49,0x53,0x09,0x53,0x4a,0x5b,0x6b,0x63,0x6a,0x5b,0xe8,0x52,0x29,0x53,0x6a,0x63,0x28,0x53,
    0x08,0x53,0x08,0x53,0xa6,0x4a,0xe8,0x52,0x28,0x5b,0x07,0x53,0x49,0x63,0x07,0x53,0xc7,0x52,0xe7,0x52,0x08,0x5b,0xe7,0x5a,
    0xc7,0x52,0xe8,0x5a,0x86,0x52,0xe8,0x5a,0x69,0x6b,0xe7,0x5a,0xe7,0x5a,0x29,0x6b,0xc6,0x6a,0x48,0x83,0xea,0x9b,0x0c,0x9c,
    0xc7,0x62,0x04,0x42,0x05,0x3a,0x87,0x52,0x66,0x52,0xa7,0x5a,0x48,0x73,0xa6,0x5a,0x07,0x73,0xaa,0x83,0xe7,0x62,0x65,0x52,
    0x46,0x4a,0x87,0x52,0xa7,0x52,0x86,0x52,0x66,0x52,0x46,0x4a,0x86,0x5a,0x08,0x63,0x48,0x73,0x08,0x73,0x49,0x7b,0x48,0x73,
    0x49,0x63,0x69,0x6b,0x8a,0x6b,0x09,0x5b,0xe8,0x5a,0x29,0x5b,0x29,0x5b,0xe7,0x4a,0x08,0x53,0x29,0x53,0x08,0x43,0x87,0x3a,
    0x07,0x1a,0x08,0x1a,0x49,0x1a,0x4a,0x43,0x08,0x43,0xaa,0x6b,0x69,0x73,0xcb,0x8b,0x0b,0x94,0x2c,0x94,0xab,0x83,0xe9,0x52,
    0x6c,0x5b,0x2c,0x53,0x2c,0x4b,0x4d,0x4b,0x4d,0x53,0x4d,0x53,0x6e,0x53,0x4d,0x53,0xce,0x63,0x4d,0x4b,0x0d,0x4b,0x6e,0x53,
    0x4e,0x53,0x4e,0x4b,0x6e,0x53,0x2e,0x4b,0x6f,0x4b,0x8f,0x53,0xb1,0x53,0x91,0x53,0x91,0x53,0xd2,0x53,0xd3,0x5b,0xd2,0x53,
    0x91,0x4b,0x91,0x4b,0x92,0x4b,0xb1,0x53,0xd2,0x53,0x13,0x5c,0xf3,0x5b,0xf2,0x5b,0xf3,0x5b,0x13,0x5c,0x13,0x5c,0x13,0x5c,
    0x6b,0x63,0x4b,0x5b,0x2b,0x53,0x2b,0x5b,0x6b,0x53,0x6c,0x5b,0x6c,0x5b,0x2b,0x53,0x8c,0x63,0x6c,0x5b,0x6d,0x63,0x6c,0x63,
    0x0b,0x53,0x4c,0x5b,0x6c,0x5b,0x0b,0x4b,0xea,0x4a,0x2b,0x53,0x4b,0x53,0x4b,0x53,0x2b,0x53,0x2b,0x53,0x88,0x42,0xe9,0x4a,
    0x6b,0x5b,0xcc,0x73,0xcc,0x73,0x4a,0x63,0x09,0x53,0x2a,0x53,0x2a,0x53,0x4a,0x53,0x6b,0x53,0x6a,0x53,0x0a,0x4b,0x2a,0x53,
    0x0a,0x53,0xea,0x4a,0xc8,0x4a,0xa8,0x42,0x09,0x53,0x29,0x4b,0x29,0x53,0x6a,0x5b,0x4a,0x53,0x29,0x53,0x09,0x53,0xc7,0x42,
    0xc7,0x42,0xe8,0x4a,0x49,0x53,0x49,0x53,0x08,0x43,0x29,0x53,0x29,0x4b,0xa7,0x3a,0x08,0x4b,0xe8,0x52,0xc7,0x4a,0x66,0x42,
    0xe8,0x4a,0xe8,0x52,0xe7,0x52,0xe7,0x52,0xc7,0x52,0xe8,0x5a,0x49,0x5b,0x48,0x63,0x49,0x63,0x28,0x5b,0xc7,0x52,0xe7,0x52,
    0xa6,0x4a,0xc6,0x52,0xe7,0x5a,0xa6,0x52,0xa7,0x52,0x07,0x5b,0x28,0x5b,0x08,0x5b,0x28,0x63,0x48,0x63,0xc8,0x62,0xe7,0x6a,
    0xe7,0x6a,0x49,0x83,0x69,0x83,0xe7,0x7a,0xc7,0x6a,0x08,0x6b,0x09,0x73,0xc7,0x62,0xa7,0x5a,0x65,0x52,0x08,0x73,0xab,0x93,
    0xaa,0x9b,0xa9,0x93,0xa6,0x6a,0x65,0x62,0xa7,0x62,0xc7,0x6a,0xa7,0x62,0xe8,0x72,0x08,0x73,0x09,0x73,0xe7,0x62,0x66,0x4a,
    0x86,0x5a,0x65,0x4a,0xe7,0x5a,0x49,0x6b,0x28,0x63,0x29,0x63,0x29,0x6b,0x49,0x6b,0xa7,0x52,0x08,0x63,0x6a,0x6b,0x49,0x63,
    0x28,0x5b,0xab,0x6b,0x8b,0x6b,0x6a,0x63,0x4a,0x53,0xc6,0x11,0xa7,0x09,0x27,0x2a,0x08,0x4b,0x49,0x53,0x07,0x53,0x29,0x6b,
    0x8a,0x7b,0xea,0x8b,0x2b,0x9c,0xe9,0x5a,0x27,0x32,0x4c,0x53,0x0b,0x4b,0x2d,0x4b,0x4d,0x53,0xcf,0x63,0x2d,0x4b,0x0c,0x4b,
    0x2c,0x4b,0x0c,0x43,0xcc,0x42,0x2e,0x43,0x2d,0x4b,0x2d,0x4b,0x6d,0x53,0x8f,0x53,0x8f,0x53,0x8f,0x53,0xd0,0x5b,0xb1,0x53,
    0x50,0x4b,0x70,0x4b,0x91,0x53,0x70,0x43,0x71,0x4b,0x91,0x4b,0x90,0x4b,0x91,0x4b,0x70,0x4b,0x90,0x4b,0xd1,0x53,0xd1,0x53,
    0xf2,0x5b,0xd2,0x53,0xf2,0x5b,0xf3,0x5b,0x2e,0x84,0x0e,0x74,0x6b,0x63,0xc9,0x4a,0xa9,0x42,0x4b,0x53,0x0a,0x4b,0x2b,0x4b,
    0x4b,0x53,0x0b,0x53,0x2b,0x5b,0xce,0x6b,0x2b,0x53,0x4c,0x5b,0x6c,0x5b,0x2a,0x53,0xe9,0x42,0x6b,0x5b,0xed,0x6b,0xac,0x63,
    0x2b,0x53,0x0a,0x53,0x4a,0x5b,0xcc,0x73,0x2e,0x84,0xcc,0x73,0xac,0x73,0xab,0x6b,0x2a,0x53,0x8b,0x5b,0xab,0x5b,0x4a,0x53,
    0x4a,0x53,0x29,0x53,0x29,0x53,0x0a,0x4b,0xe9,0x4a,0xc8,0x4a,0x0a,0x4b,0x2a,0x53,0x6a,0x53,0xc8,0x42,0xe7,0x42,0xc7,0x42,
    0xc6,0x42,0x28,0x53,0x69,0x5b,0xc7,0x4a,0xc7,0x42,0xe7,0x4a,0xe7,0x4a,0x07,0x4b,0x28,0x53,0x28,0x53,0xe7,0x42,0x28,0x53,
    0x08,0x4b,0xe8,0x52,0x29,0x5b,0x08,0x5b,0xa7,0x4a,0x07,0x53,0x28,0x5b,0x28,0x63,0x08,0x5b,0x07,0x5b,0x28,0x5b,0x28,0x63,
    0x69,0x63,0xaa,0x6b,0xa6,0x4a,0x44,0x42,0xe7,0x52,0x08,0x5b,0xa6,0x4a,0x65,0x42,0xc6,0x52,0x29,0x63,0x48,0x63,0xe7,0x5a,
    0x86,0x42,0xc6,0x52,0xc7,0x62,0x08,0x6b,0x69,0x7b,0x48,0x83,0xa6,0x6a,0x07,0x7b,0xaa,0x8b,0xaa,0x8b,0xab,0x8b,0xcb,0x8b,
    0xe7,0x62,0x08,0x6b,0x49,0x73,0xca,0x93,0x68,0x8b,0x69,0x93,0xca,0x9b,0xeb,0x9b,0x0c,0xa4,0x48,0x8b,0x49,0x93,0x89,0x93,
    0x89,0x93,0x29,0x7b,0xe8,0x6a,0xe7,0x62,0xa7,0x5a,0x86,0x52,0x86,0x52,0x86,0x52,0xc7,0x5a,0xe7,0x62,0xe8,0x5a,0x08,0x6b,
    0x49,0x6b,0x29,0x63,0x08,0x63,0x28,0x63,0xa6,0x52,0xc7,0x52,0x28,0x63,0x49,0x63,0x88,0x63,0x49,0x53,0xc9,0x42,0x09,0x4b,
    0x29,0x53,0xc7,0x4a,0x09,0x4b,0xc8,0x3a,0x86,0x3a,0x69,0x63,0x0b,0x84,0xc9,0x52,0x88,0x3a,0xe9,0x4a,0x68,0x3a,0xc9,0x42,
    0x6c,0x5b,0xee,0x63,0xad,0x5b,0xce,0x63,0x8d,0x5b,0x4d,0x4b,0xac,0x3a,0x6f,0x53,0x4d,0x4b,0x6e,0x53,0xae,0x63,0x4d,0x53,
    0x6d,0x53,0x8e,0x5b,0xaf,0x5b,0x6e,0x53,0x6f,0x4b,0xb0,0x53,0x8f,0x4b,0x70,0x4b,0x90,0x4b,0x90,0x4b,0x90,0x4b,0xb0,0x53,
    0xd1,0x53,0xb0,0x4b,0x90,0x4b,0x90,0x4b,0xd1,0x53,0xd1,0x53,0xd2,0x53,0xf2,0x5b,0x6b,0x63,0xcc,0x73,0x6b,0x5b,0x6c,0x5b,
    0x8c,0x53,0xe9,0x42,0xc9,0x42,0xa9,0x42,0x2b,0x53,0x6c,0x5b,0x6c,0x5b,0x6c,0x5b,0x2b,0x53,0x2b,0x5b,0x4b,0x53,0x8c,0x5b,
    0x8c,0x63,0x8b,0x5b,0x2a,0x53,0x4a,0x5b,0x09,0x53,0x6b,0x63,0x0d,0x7c,0x4e,0x84,0x8b,0x6b,0xe8,0x52,0xe9,0x52,0x49,0x53,
    0x6a,0x53,0x09,0x4b,0x29,0x4b,0x2a,0x4b,0x4a,0x53,0xe9,0x4a,0x09,0x4b,0x09,0x53,0xe9,0x4a,0xc9,0x4a,0xc8,0x4a,0xe9,0x4a,
    0xc8,0x42,0xc7,0x42,0x08,0x4b,0x28,0x4b,0x08,0x4b,0x28,0x53,0x49,0x53,0x08,0x53,0x48,0x5b,0x49,0x5b,0x69,0x5b,0x28,0x5b,
    0x6a,0x5b,0x07,0x4b,0x45,0x32,0x86,0x3a,0x65,0x3a,0x87,0x42,0x08,0x5b,0x08,0x5b,0xe7,0x52,0xc7,0x52,0x28,0x63,0x69,0x63,
    0x48,0x63,0x48,0x63,0x08,0x5b,0x07,0x5b,0x48,0x63,0x48,0x63,0x48,0x63,0xe7,0x52,0x68,0x5b,0x28,0x5b,0x48,0x63,0x69,0x63,
    0x48,0x63,0xe7,0x52,0xc6,0x52,0xc6,0x52,0x07,0x5b,0xc6,0x52,0x49,0x73,0x48,0x73,0x8a,0x83,0x48,0x83,0xca,0x93,0x49,0x83,
    0x28,0x73,0x28,0x7b,0x49,0x7b,0x48,0x73,0x69,0x73,0x48,0x63,0x44,0x42,0xa6,0x5a,0x69,0x7b,0x49,0x83,0xe7,0x6a,0x08,0x73,
    0x28,0x83,0x28,0x83,0xc6,0x82,0x89,0x9b,0xea,0x9b,0xaa,0x93,0xc7,0x72,0x86,0x5a,0xc8,0x62,0xa7,0x5a,0xe8,0x5a,0x86,0x52,
    0x65,0x4a,0x86,0x52,0xc7,0x5a,0x08,0x6b,0x8a,0x73,0x29,0x6b,0xa6,0x52,0x08,0x5b,0x28,0x5b,0xa6,0x52,0x08,0x5b,0x89,0x6b,
    0x4a,0x63,0x49,0x6b,0x48,0x5b,0x28,0x53,0x08,0x4b,0xa6,0x3a,0x88,0x2a,0x67,0x22,0x68,0x22,0xc8,0x32,0xe8,0x4a,0xa8,0x4a,
    0xa8,0x4a,0xc8,0x4a,0x08,0x53,0xe8,0x4a,0xa8,0x42,0xe9,0x4a,0x0a,0x53,0x4c,0x53,0xcd,0x63,0x2f,0x6c,0xcb,0x42,0x2d,0x4b,
    0xaf,0x5b,0x10,0x74,0xef,0x73,0x0c,0x53,0x0f,0x6c,0x8d,0x5b,0xee,0x63,0x0f,0x6c,0xce,0x63,0x6e,0x53,0x8e,0x53,0x8f,0x53,
    0xd0,0x5b,0xb0,0x53,0xb0,0x4b,0xd0,0x53,0xb0,0x53,0xb0,0x53,0xb0,0x53,0xd1,0x53,0x90,0x4b,0xb0,0x53,0xb1,0x53,0xb0,0x4b,
    0x4a,0x5b,0x4a,0x5b,0x4a,0x53,0x8b,0x5b,0x8b,0x53,0x6b,0x53,0x6b,0x53,0x4b,0x53,0x0a,0x4b,0xc9,0x42,0xea,0x42,0x0a,0x4b,
    0x4b,0x53,0x2b,0x53,0x2a,0x53,0x6b,0x5b,0xac,0x63,0x6b,0x5b,0x4a,0x53,0x4a,0x5b,0x8a,0x63,0xec,0x6b,0x6b,0x63,0x6a,0x5b,
    0x29,0x53,0x4a,0x53,0x29,0x53,0x4a,0x53,0x6a,0x5b,0xe8,0x4a,0xe8,0x42,0xe7,0x42,0xc7,0x42,0x09,0x4b,0xe8,0x4a,0x09,0x4b,
    0x29,0x53,0xe8,0x4a,0x87,0x42,0xe8,0x4a,0xe8,0x4a,0x48,0x53,0x69,0x5b,0x88,0x5b,0x48,0x53,0x06,0x4b,0x06,0x4b,0xe7,0x52,
    0x07,0x53,0xc7,0x52,0xa6,0x52,0xe7,0x5a,0xa6,0x4a,0x45,0x3a,0xe4,0x19,0x44,0x2a,0xe6,0x42,0xe7,0x52,0x69,0x7b,0x27,0x6b,
    0x49,0x63,0x48,0x63,0xa5,0x52,0x65,0x4a,0xa6,0x5a,0xc6,0x5a,0xa6,0x52,0xe7,0x5a,0xe7,0x5a,0xe7,0x52,0x47,0x63,0x89,0x6b,
    0xe6,0x52,0xe6,0x52,0x48,0x5b,0x47,0x5b,0xc6,0x4a,0xa5,0x4a,0xa6,0x4a,0xa6,0x4a,0x07,0x5b,0x48,0x63,0x48,0x6b,0x69,0x73,
    0x08,0x73,0x8a,0x8b,0xec,0x93,0xe7,0x6a,0x86,0x5a,0x48,0x73,0x49,0x73,0x86,0x5a,0xe7,0x62,0x48,0x63,0x24,0x3a,0x07,0x5b,
    0x07,0x63,0xe7,0x62,0xa7,0x5a,0x86,0x5a,0x29,0x7b,0xca,0x93,0xaa,0x9b,0x69,0x8b,0xeb,0xa3,0xcb,0x9b,0x49,0x83,0xa7,0x62,
    0xc7,0x62,0x66,0x5a,0x86,0x5a,0xa7,0x62,0xa6,0x5a,0xe7,0x6a,0x86,0x5a,0x86,0x52,0xa7,0x5a,0x28,0x6b,0x08,0x63,0x08,0x63,
    0x29,0x63,0x08,0x5b,0x07,0x5b,0x08,0x5b,0x6a,0x6b,0xe7,0x5a,0x08,0x5b,0x07,0x53,0xe7,0x4a,0xa7,0x32,0x06,0x1a,0x07,0x12,
    0x47,0x1a,0xc8,0x32,0xaa,0x63,0x8b,0x73,0x09,0x63,0x29,0x63,0x8a,0x6b,0x4a,0x63,0x49,0x5b,0xc8,0x4a,0xe9,0x52,0x09,0x4b,
    0x2a,0x53,0xec,0x6b,0xee,0x63,0xee,0x6b,0xad,0x5b,0x2c,0x4b,0x6d,0x5b,0xef,0x63,0xef,0x6b,0xcd,0x63,0x8d,0x5b,0xcd,0x63,
    0x0e,0x6c,0x8d,0x5b,0x8e,0x53,0xce,0x5b,0xaf,0x53,0x8e,0x53,0x8e,0x53,0xaf,0x53,0xef,0x5b,0xf0,0x53,0xaf,0x53,0xb0,0x53,
    0xb0,0x53,0xf0,0x53,0xb0,0x53,0x8f,0x4b,0x4a,0x5b,0x09,0x4b,0x2a,0x4b,0x4a,0x53,0x4a,0x4b,0x2a,0x53,0x6b,0x53,0xac,0x5b,
    0x4a,0x53,0xc9,0x42,0xa9,0x3a,0xea,0x4a,0x6b,0x5b,0x2b,0x53,0x09,0x4b,0x4b,0x5b,0x4a,0x53,0x4a,0x5b,0x6a,0x5b,0x6a,0x5b,
    0xcc,0x6b,0x4a,0x53,0x09,0x53,0x09,0x4b,0x09,0x4b,0xe8,0x4a,0x09,0x4b,0xa7,0x42,0xe8,0x42,0xe8,0x4a,0x49,0x53,0x29,0x53,
    0xe8,0x4a,0x29,0x4b,0x29,0x53,0x09,0x53,0x6a,0x5b,0x29,0x5b,0x09,0x53,0x49,0x5b,0x89,0x63,0x49,0x5b,0x48,0x5b,0xa6,0x42,
    0x23,0x2a,0xc5,0x42,0xe6,0x4a,0x85,0x42,0x85,0x4a,0xa5,0x52,0x48,0x6b,0x0b,0x8c,0x89,0x6b,0xe3,0x29,0x44,0x2a,0x86,0x3a,
    0xe6,0x4a,0xa9,0x6b,0x8c,0x9c,0x28,0x6b,0xa5,0x4a,0x07,0x5b,0x28,0x6b,0xe6,0x62,0xcb,0x83,0x48,0x6b,0x44,0x4a,0x85,0x52,
    0xc6,0x52,0xe6,0x5a,0xe6,0x52,0xc6,0x52,0xe5,0x52,0x06,0x53,0x85,0x42,0xc5,0x4a,0xe7,0x52,0xe6,0x52,0x07,0x53,0xe7,0x52,
    0xe6,0x5a,0x07,0x5b,0x07,0x63,0x07,0x63,0x27,0x63,0x08,0x6b,0xc7,0x6a,0xe7,0x62,0x07,0x6b,0x66,0x52,0xe7,0x6a,0xc7,0x5a,
    0xa7,0x52,0x85,0x42,0xe7,0x4a,0x66,0x42,0x86,0x4a,0xc7,0x5a,0x86,0x52,0x87,0x5a,0x24,0x52,0x08,0x7b,0xaa,0x93,0x44,0x6a,
    0xc6,0x7a,0x69,0x8b,0x08,0x73,0xe8,0x72,0xe8,0x6a,0x86,0x62,0x48,0x83,0x69,0x8b,0xca,0x9b,0xa9,0x9b,0x89,0x93,0x08,0x73,
    0xc6,0x62,0xc7,0x5a,0x86,0x5a,0xa7,0x5a,0xe7,0x5a,0x08,0x5b,0xe8,0x5a,0x29,0x5b,0x49,0x5b,0x28,0x5b,0xe7,0x52,0x08,0x53,
    0xa6,0x42,0xe7,0x42,0x09,0x43,0x87,0x32,0x87,0x2a,0xa7,0x32,0x08,0x4b,0x4a,0x63,0xc8,0x5a,0x09,0x5b,0x4a,0x6b,0xcb,0x73,
    0x6a,0x6b,0x09,0x5b,0x09,0x5b,0x09,0x53,0xc8,0x42,0x08,0x4b,0xe9,0x42,0xa8,0x3a,0xa8,0x3a,0x0a,0x43,0x4c,0x53,0xad,0x63,
    0x6b,0x53,0x6b,0x53,0xac,0x5b,0x8c,0x63,0x4c,0x5b,0xcd,0x63,0xcd,0x5b,0xee,0x63,0xef,0x63,0x0f,0x64,0x0f,0x64,0xce,0x5b,
    0xaf,0x53,0xcf,0x5b,0xaf,0x53,0xaf,0x53,0xaf,0x4b,0x8f,0x4b,0x6f,0x4b,0xcf,0x53,0x6a,0x5b,0x49,0x5b,0x09,0x4b,0x09,0x4b,
    0x09,0x4b,0x4a,0x4b,0x29,0x53,0x6b,0x53,0x8c,0x5b,0x2a,0x4b,0x4b,0x53,0x2a,0x53,0xa8,0x3a,0xe9,0x4a,0x09,0x53,0x4a,0x53,
    0x29,0x53,0x09,0x4b,0x29,0x53,0x29,0x53,0x49,0x5b,0x0a,0x53,0xe9,0x4a,0x0a,0x4b,0x29,0x4b,0xe8,0x42,0x49,0x4b,0xc8,0x42,
    0x28,0x53,0x29,0x4b,0x08,0x53,0x29,0x53,0x69,0x5b,0x29,0x5b,0x4a,0x5b,0x08,0x53,0xe8,0x4a,0xc7,0x52,0xe7,0x4a,0xe7,0x52,
    0xe7,0x4a,0xc6,0x4a,0xc6,0x4a,0x24,0x32,0x64,0x3a,0x48,0x53,0x27,0x53,0x27,0x53,0xa5,0x4a,0xa6,0x52,0x89,0x73,0xa9,0x7b,
    0x89,0x6b,0x27,0x4b,0xe6,0x42,0x27,0x43,0x47,0x53,0xe7,0x4a,0xe7,0x52,0xc3,0x31,0x25,0x3a,0xa7,0x52,0x89,0x7b,0x28,0x73,
    0x08,0x73,0x28,0x73,0xe7,0x62,0x07,0x63,0xe7,0x5a,0xa5,0x52,0xe6,0x5a,0x47,0x5b,0x06,0x5b,0x07,0x5b,0x06,0x53,0x65,0x42,
    0x64,0x42,0xe7,0x52,0x07,0x53,0xe6,0x52,0x28,0x63,0x28,0x63,0xc7,0x52,0xa6,0x4a,0xc6,0x52,0x86,0x4a,0xe7,0x5a,0xe7,0x62,
    0xe7,0x62,0xe7,0x62,0x08,0x63,0xc6,0x52,0xc7,0x52,0xe6,0x4a,0x66,0x3a,0x06,0x2a,0xa7,0x42,0x66,0x42,0x86,0x4a,0x66,0x42,
    0x86,0x52,0xa6,0x6a,0x28,0x83,0xc6,0x72,0x28,0x7b,0xa9,0x8b,0x86,0x6a,0x65,0x62,0xe8,0x6a,0x89,0x8b,0xa9,0x93,0x0b,0xac,
    0xa9,0x93,0x27,0x8b,0xea,0xa3,0x8a,0x9b,0x28,0x7b,0x07,0x73,0xc7,0x6a,0x86,0x6a,0x08,0x6b,0xe8,0x5a,0xc8,0x52,0x87,0x4a,
    0xc7,0x4a,0x28,0x5b,0x48,0x63,0xe7,0x52,0xe7,0x52,0xa6,0x42,0x48,0x53,0x28,0x4b,0xe7,0x42,0x29,0x4b,0xe8,0x52,0xc8,0x52,
    0x08,0x5b,0xe9,0x5a,0x08,0x5b,0xe8,0x5a,0x09,0x5b,0x09,0x5b,0xc8,0x52,0xe8,0x52,0xc7,0x4a,0xe8,0x42,0x29,0x4b,0x29,0x43,
    0x09,0x43,0x29,0x4b,0x4b,0x4b,0x4a,0x4b,0x0a,0x4b,0x8c,0x53,0xcd,0x63,0xcd,0x63,0xcc,0x63,0x6b,0x53,0x4b,0x53,0x4b,0x4b,
    0x4b,0x4b,0x0f,0x6c,0xee,0x63,0xef,0x63,0xcf,0x5b,0x8e,0x53,0x8e,0x4b,0x6e,0x4b,0x8e,0x4b,0xaf,0x53,0xae,0x4b,0xaf,0x53,
    0x6a,0x5b,0x8a,0x5b,0x4a,0x53,0x6a,0x53,0x6a,0x53,0x6a,0x53,0x8b,0x53,0x6b,0x5b,0xe9,0x42,0x29,0x4b,0x4a,0x53,0x2a,0x53,
    0x8b,0x5b,0x8b,0x63,0x09,0x4b,0x6a,0x5b,0x6a,0x5b,0x29,0x53,0x49,0x53,0x4a,0x5b,0x29,0x53,0xc8,0x42,0xc8,0x3a,0x88,0x32,
    0xa8,0x3a,0x29,0x4b,0x09,0x4b,0x08,0x53,0xe8,0x4a,0xc7,0x4a,0x28,0x53,0x29,0x5b,0x28,0x53,0x49,0x5b,0x29,0x5b,0xe7,0x52,
    0xc7,0x52,0xe7,0x52,0x86,0x4a,0x86,0x42,0xa6,0x4a,0xc7,0x52,0xa7,0x4a,0x07,0x53,0x07,0x4b,0xc6,0x4a,0xe6,0x52,0x06,0x5b,
    0x85,0x52,0x08,0x6b,0x07,0x6b,0x65,0x4a,0xc5,0x4a,0xc5,0x42,0xc6,0x3a,0xe7,0x3a,0x27,0x4b,0xc6,0x42,0x85,0x42,0x05,0x32,
    0x05,0x3a,0x29,0x6b,0x49,0x83,0x28,0x7b,0x69,0x7b,0xe7,0x6a,0xc6,0x62,0xe7,0x5a,0xc6,0x5a,0x85,0x4a,0xc5,0x52,0xe6,0x5a,
    0xe6,0x52,0x07,0x5b,0x27,0x5b,0x68,0x63,0xc6,0x4a,0x27,0x5b,0x48,0x5b,0x48,0x63,0x28,0x5b,0xc6,0x52,0x65,0x42,0xc7,0x4a,
    0x65,0x42,0xa6,0x4a,0x86,0x52,0x08,0x63,0xe7,0x62,0xc7,0x5a,0xe7,0x5a,0xe7,0x5a,0xc6,0x4a,0xe7,0x4a,0x26,0x2a,0x86,0x19,
    0xa5,0x21,0x66,0x32,0xe5,0x31,0x83,0x29,0xc7,0x62,0xe7,0x7a,0x07,0x7b,0x89,0x93,0x07,0x83,0xc7,0x72,0x65,0x62,0x28,0x73,
    0x8a,0x83,0xa9,0x83,0x88,0x7b,0x07,0x7b,0xe5,0x6a,0x06,0x6b,0x89,0x8b,0x68,0x8b,0x68,0x93,0x48,0x8b,0x89,0x8b,0xaa,0x93,
    0x49,0x73,0xa8,0x52,0x05,0x3a,0xe8,0x4a,0xc7,0x4a,0xa7,0x4a,0x28,0x5b,0x28,0x63,0x69,0x63,0x48,0x5b,0xc6,0x4a,0xc6,0x4a,
    0x08,0x53,0xc7,0x4a,0x66,0x42,0xa7,0x52,0x87,0x4a,0x87,0x52,0xa7,0x52,0xc7,0x52,0x67,0x4a,0xa8,0x52,0xa7,0x52,0x69,0x6b,
    0x89,0x6b,0x08,0x4b,0x28,0x43,0x29,0x43,0x6a,0x4b,0x09,0x3b,0x29,0x4b,0x2a,0x4b,0x8b,0x53,0xec,0x63,0x8a,0x53,0x6a,0x53,
    0xcc,0x63,0x6b,0x53,0x8b,0x53,0x8c,0x5b,0x6b,0x53,0x4c,0x53,0x6c,0x5b,0x6c,0x53,0xce,0x5b,0xef,0x63,0x8d,0x53,0xaf,0x53,
    0xce,0x5b,0xae,0x53,0x8e,0x53,0xae,0x53,0x49,0x5b,0x49,0x5b,0x08,0x4b,0x49,0x4b,0x8a,0x5b,0x4a,0x53,0x29,0x4b,0x29,0x4b,
    0x2a,0x53,0x4a,0x53,0x4a,0x53,0x69,0x5b,0x8a,0x63,0x29,0x53,0x29,0x53,0x09,0x53,0x6a,0x5b,0x6a,0x5b,0xc7,0x42,0x29,0x53,
    0x8a,0x5b,0x2a,0x4b,0x68,0x32,0x47,0x2a,0xa8,0x3a,0x4a,0x53,0xe8,0x4a,0xc8,0x4a,0xc7,0x4a,0x08,0x4b,0x28,0x53,0x29,0x5b,
    0x29,0x63,0xc8,0x52,0xc7,0x4a,0x08,0x5b,0xe7,0x52,0xc7,0x52,0xa6,0x52,0x45,0x42,0x86,0x4a,0xe8,0x5a,0x86,0x4a,0x07,0x53,
    0x85,0x42,0x84,0x3a,0xa5,0x42,0xc6,0x5a,0x89,0x8b,0x89,0x83,0xe7,0x62,0x86,0x42,0x06,0x43,0x06,0x43,0x85,0x2a,0xc2,0x19,
    0x84,0x32,0x85,0x42,0x45,0x42,0xa8,0x4a,0x05,0x42,0xe8,0x62,0x89,0x83,0x8a,0x8b,0x89,0x83,0x28,0x73,0x64,0x52,0xa6,0x5a,
    0x06,0x6b,0xc5,0x5a,0x64,0x52,0xc5,0x52,0x27,0x63,0xe6,0x52,0x85,0x4a,0xa5,0x4a,0xe6,0x52,0xa6,0x4a,0xe7,0x52,0xe7,0x5a,
    0x07,0x5b,0x04,0x32,0xe3,0x31,0xa6,0x42,0xc7,0x52,0x65,0x4a,0x24,0x42,0x86,0x5a,0x86,0x52,0x86,0x5a,0xc7,0x52,0x28,0x5b,
    0xa6,0x42,0x85,0x3a,0xa4,0x21,0x03,0x09,0xa5,0x21,0xc5,0x29,0xa7,0x4a,0x46,0x4a,0xc8,0x6a,0x89,0x93,0x08,0x8b,0x07,0x83,
    0xa6,0x7a,0x45,0x6a,0xa7,0x72,0xaa,0x8b,0xe6,0x62,0xa5,0x52,0xe5,0x5a,0xe5,0x5a,0x06,0x5b,0xc5,0x5a,0x63,0x52,0xa9,0x93,
    0xca,0x9b,0x48,0x93,0x68,0x93,0x89,0x93,0xa7,0x6a,0x67,0x4a,0x27,0x3a,0x26,0x32,0xc8,0x4a,0xc7,0x42,0xc6,0x52,0xe7,0x52,
    0xc6,0x52,0x08,0x5b,0x08,0x53,0x28,0x53,0x07,0x53,0x08,0x53,0x86,0x42,0x08,0x5b,0x4a,0x63,0x28,0x5b,0xe7,0x52,0x87,0x4a,
    0xc8,0x52,0xa7,0x52,0x89,0x6b,0xc9,0x73,0x2a,0x7c,0x88,0x63,0xe7,0x42,0xe8,0x3a,0xc6,0x32,0xc8,0x3a,0xe8,0x3a,0x2a,0x4b,
    0x29,0x43,0x4a,0x4b,0x2a,0x4b,0x4a,0x4b,0x09,0x43,0x6a,0x53,0xcc,0x5b,0xcc,0x5b,0x6c,0x53,0x4c,0x53,0x8c,0x5b,0x4b,0x53,
    0x6c,0x53,0x6d,0x53,0x4c,0x53,0x30,0x6c,0x8d,0x53,0x8e,0x53,0xae,0x5b,0xae,0x5b,0xe6,0x5a,0xc6,0x4a,0x27,0x53,0x28,0x4b,
    0x49,0x4b,0x29,0x4b,0xe8,0x42,0x29,0x4b,0x6a,0x53,0xa8,0x42,0xc8,0x4a,0x6a,0x5b,0xaa,0x6b,0x49,0x5b,0x49,0x5b,0x08,0x4b,
    0x29,0x53,0xc7,0x42,0xc7,0x42,0x69,0x63,0xc8,0x4a,0xa7,0x3a,0x27,0x2a,0x68,0x32,0x09,0x4b,0x09,0x53,0xe8,0x52,0xc7,0x52,
    0xe7,0x52,0x49,0x63,0x48,0x63,0x08,0x5b,0xe7,0x5a,0xc7,0x5a,0x86,0x4a,0x65,0x3a,0x65,0x4a,0xc6,0x52,0xc7,0x52,0x45,0x4a,
    0x46,0x4a,0x66,0x4a,0x04,0x3a,0x86,0x4a,0xe3,0x31,0x44,0x3a,0xc6,0x4a,0x68,0x7b,0x48,0x8b,0xa7,0x6a,0x45,0x4a,0x82,0x21,
    0xc3,0x19,0xe3,0x21,0xc7,0x3a,0x24,0x2a,0x44,0x32,0x45,0x3a,0x67,0x4a,0x2a,0x6b,0xa8,0x52,0xe8,0x62,0x29,0x73,0x07,0x6b,
    0xa7,0x62,0x07,0x73,0xc6,0x6a,0x68,0x7b,0x2b,0x94,0x67,0x7b,0x88,0x7b,0x06,0x63,0x28,0x6b,0x48,0x6b,0xe6,0x5a,0xe3,0x39,
    0x03,0x3a,0x24,0x42,0xc7,0x52,0xe7,0x52,0xe7,0x52,0x66,0x42,0x65,0x3a,0x86,0x42,0x45,0x42,0xa6,0x4a,0x86,0x52,0xc7,0x5a,
    0x08,0x6b,0xa7,0x5a,0x86,0x4a,0xa6,0x52,0xc6,0x52,0x48,0x5b,0xc7,0x4a,0x25,0x42,0xc8,0x62,0x86,0x62,0x86,0x5a,0xa6,0x62,
    0x48,0x83,0x69,0x93,0x68,0x93,0x89,0x9b,0x89,0x9b,0x68,0x93,0xcb,0x9b,0x48,0x73,0x43,0x4a,0xc5,0x52,0x06,0x53,0xc5,0x5a,
    0xc6,0x5a,0xe5,0x5a,0xc5,0x62,0xa9,0x8b,0xa9,0xa3,0x89,0x9b,0x89,0x9b,0x48,0x8b,0xc7,0x72,0x87,0x5a,0x47,0x42,0xa6,0x29,
    0x87,0x3a,0xc7,0x4a,0x07,0x4b,0xc7,0x52,0xa6,0x4a,0x07,0x5b,0xe7,0x52,0x07,0x5b,0x08,0x53,0xc6,0x4a,0x28,0x5b,0xc7,0x52,
    0x49,0x63,0x69,0x63,0x49,0x63,0xe7,0x52,0xe7,0x52,0x69,0x63,0x28,0x5b,0x07,0x4b,0x48,0x53,0x47,0x4b,0x07,0x43,0x08,0x43,
    0x29,0x43,0x09,0x43,0xe8,0x3a,0xa7,0x32,0x47,0x2a,0xe9,0x42,0x29,0x4b,0xc8,0x3a,0x29,0x4b,0x6a,0x53,0x8b,0x53,0x4b,0x4b,
    0x4a,0x53,0x4b,0x53,0xcd,0x63,0xed,0x63,0x4b,0x53,0x0b,0x4b,0x6c,0x53,0x8d,0x5b,0x8c,0x5b,0xad,0x5b,0xce,0x63,0x0f,0x74,
    0x83,0x4a,0xa4,0x4a,0x48,0x5b,0x48,0x53,0x48,0x53,0x09,0x4b,0xe7,0x42,0x29,0x4b,0x49,0x5b,0x29,0x53,0x28,0x63,0x8a,0x63,
    0x48,0x5b,0x28,0x5b,0x29,0x5b,0xa7,0x42,0x86,0x3a,0xc8,0x42,0x08,0x4b,0x28,0x53,0x48,0x53,0x08,0x53,0x28,0x53,0x28,0x53,
    0xc7,0x4a,0xe7,0x52,0x08,0x5b,0x08,0x5b,0x07,0x5b,0x28,0x5b,0xe7,0x5a,0x08,0x63,0xe7,0x62,0x66,0x4a,0x24,0x42,0x25,0x42,
    0x44,0x42,0xc6,0x52,0x28,0x63,0x86,0x52,0x25,0x42,0xa7,0x5a,0xe7,0x5a,0x07,0x63,0xe4,0x31,0xc3,0x29,0x03,0x42,0x07,0x7b,
    0x49,0x93,0x86,0x6a,0x67,0x5a,0x05,0x42,0xa4,0x31,0x26,0x4a,0xe8,0x62,0x66,0x52,0x86,0x5a,0x05,0x42,0x27,0x4a,0x27,0x52,
    0xa8,0x5a,0x87,0x5a,0x65,0x5a,0x86,0x62,0xe7,0x6a,0xa6,0x5a,0xc6,0x62,0xa5,0x62,0x68,0x83,0x88,0x83,0x67,0x7b,0x47,0x73,
    0x07,0x63,0x27,0x6b,0x89,0x7b,0x28,0x73,0xe6,0x62,0xc7,0x5a,0x45,0x42,0x65,0x4a,0x65,0x3a,0x25,0x3a,0x24,0x3a,0x86,0x42,
    0xa6,0x4a,0x86,0x52,0x66,0x52,0x66,0x4a,0xc7,0x5a,0xe4,0x39,0x24,0x3a,0xc6,0x4a,0x06,0x53,0xc5,0x4a,0xc5,0x5a,0xaa,0x8b,
    0x49,0x8b,0x89,0x8b,0xe7,0x72,0xc2,0x49,0xe7,0x7a,0x89,0x9b,0x48,0x93,0xca,0x9b,0x8a,0x9b,0x89,0x9b,0xaa,0x93,0x65,0x5a,
    0x85,0x42,0x64,0x42,0xe6,0x52,0x85,0x52,0x43,0x4a,0xc5,0x52,0x67,0x73,0xea,0x9b,0xca,0xa3,0xaa,0x9b,0xa9,0x9b,0xaa,0x9b,
    0x89,0x8b,0xc8,0x6a,0xa8,0x5a,0x67,0x4a,0x25,0x32,0xe8,0x4a,0x07,0x53,0xe7,0x52,0xe8,0x52,0xe7,0x52,0xc6,0x4a,0xc7,0x52,
    0x07,0x53,0xc7,0x4a,0xc7,0x52,0xc7,0x52,0xe7,0x5a,0x49,0x5b,0x28,0x63,0x28,0x5b,0xc6,0x52,0xc7,0x52,0x48,0x5b,0x06,0x4b,
    0x06,0x43,0xa5,0x32,0xa6,0x2a,0x08,0x3b,0xa6,0x2a,0x66,0x2a,0x09,0x3b,0xc8,0x3a,0xe8,0x3a,0xc8,0x3a,0xc8,0x32,0x66,0x2a,
    0x86,0x32,0x29,0x43,0x69,0x4b,0xab,0x53,0x4d,0x6c,0x4e,0x6c,0xec,0x63,0xac,0x5b,0x6b,0x53,0x2b,0x4b,0x4b,0x53,0x6c,0x5b,
    0x6b,0x5b,0x4b,0x53,0x4b,0x53,0x4c,0x53,0xa4,0x52,0xe4,0x52,0x26,0x63,0x47,0x5b,0x47,0x63,0x07,0x53,0x87,0x5b,0xa8,0x63,
    0xc8,0x6b,0xc9,0x6b,0x4b,0x84,0x06,0x5b,0xe6,0x52,0xe6,0x4a,0x07,0x53,0xe7,0x4a,0x86,0x3a,0x08,0x4b,0x29,0x53,0xc6,0x42,
    0xc5,0x42,0xc6,0x4a,0x26,0x53,0x68,0x63,0x27,0x5b,0x07,0x5b,0x48,0x63,0x48,0x63,0x28,0x5b,0x08,0x5b,0x07,0x63,0x08,0x63,
    0x08,0x63,0xa7,0x5a,0xa7,0x5a,0xe7,0x5a,0xc7,0x5a,0x48,0x6b,0x69,0x6b,0x08,0x63,0xe7,0x5a,0x08,0x63,0x28,0x6b,0xe7,0x62,
    0x24,0x42,0x04,0x4a,0x8a,0x83,0x89,0x93,0x8a,0x93,0xc8,0x7a,0x45,0x62,0xa8,0x6a,0x06,0x52,0x47,0x62,0x46,0x62,0xe8,0x7a,
    0x49,0x8b,0xe4,0x49,0xe8,0x72,0x09,0x7b,0x08,0x73,0xa7,0x6a,0xa6,0x5a,0xc6,0x5a,0x44,0x52,0x03,0x42,0x64,0x52,0x23,0x4a,
    0x47,0x7b,0xa8,0x8b,0x47,0x7b,0x88,0x7b,0xc5,0x62,0x27,0x6b,0x68,0x7b,0xa9,0x93,0xa6,0x62,0xe3,0x39,0x45,0x4a,0xa6,0x52,
    0x45,0x42,0xe3,0x31,0x03,0x32,0x85,0x42,0xc6,0x52,0x45,0x4a,0x25,0x42,0x03,0x42,0xc6,0x52,0x03,0x3a,0x44,0x42,0xc6,0x4a,
    0x43,0x3a,0xa5,0x42,0xa5,0x5a,0x47,0x7b,0x28,0x83,0xe6,0x72,0x44,0x5a,0x44,0x52,0x07,0x83,0x68,0x9b,0x27,0x93,0x48,0x93,
    0x48,0x93,0x69,0x93,0x28,0x83,0xe4,0x41,0x24,0x3a,0x23,0x32,0x85,0x4a,0xc6,0x5a,0xa5,0x52,0xc4,0x5a,0xa5,0x6a,0xa9,0x9b,
    0xc9,0xa3,0xa9,0x9b,0x2b,0xac,0xc9,0xa3,0x88,0x93,0xe7,0x7a,0x89,0x83,0x49,0x73,0x04,0x32,0x04,0x2a,0x86,0x32,0x04,0x2a,
    0x45,0x3a,0xc7,0x52,0xa6,0x4a,0x66,0x42,0xe7,0x52,0x08,0x5b,0xe7,0x52,0xc7,0x52,0xe7,0x52,0x28,0x5b,0x28,0x5b,0x49,0x63,
    0xe7,0x4a,0xe7,0x4a,0x07,0x53,0x68,0x53,0x68,0x53,0x27,0x4b,0x86,0x2a,0xe7,0x32,0xc7,0x32,0x86,0x2a,0x87,0x32,0x09,0x43,
    0xe8,0x42,0x66,0x2a,0xc8,0x3a,0x86,0x32,0xe8,0x32,0x48,0x43,0x49,0x43,0x28,0x43,0x49,0x4b,0x48,0x4b,0xe8,0x42,0x8b,0x53,
    0x8b,0x5b,0x6b,0x53,0x8c,0x5b,0x8f,0x7c,0x2d,0x84,0xac,0x6b,0xcc,0x73,0x6c,0x63,0xa3,0x4a,0xa4,0x4a,0x05,0x5b,0x27,0x63,
    0x26,0x63,0x45,0x5b,0xc7,0x6b,0x24,0x53,0x03,0x4b,0x44,0x63,0xa6,0x6b,0x25,0x53,0xe5,0x52,0x26,0x53,0x26,0x5b,0x88,0x63,
    0x27,0x53,0x48,0x5b,0x27,0x53,0xe6,0x4a,0xc5,0x4a,0x06,0x53,0x47,0x5b,0x47,0x63,0x68,0x63,0x27,0x63,0x07,0x5b,0xc6,0x52,
    0x45,0x42,0x65,0x42,0xe6,0x52,0x07,0x63,0xa6,0x52,0x65,0x52,0x86,0x4a,0x85,0x4a,0x85,0x4a,0x48,0x6b,0xc6,0x5a,0x85,0x52,
    0xa6,0x52,0xc6,0x52,0xe6,0x5a,0x28,0x6b,0x68,0x73,0x48,0x7b,0xea,0xa3,0x85,0x72,0x86,0x7a,0xc6,0x7a,0x6a,0x8b,0x49,0x8b,
    0xc4,0x51,0x24,0x62,0xaa,0x9b,0x28,0x93,0xa7,0x7a,0x68,0x8b,0x89,0x9b,0xcb,0xa3,0xa7,0x72,0xc7,0x62,0x86,0x62,0x45,0x52,
    0x65,0x4a,0x85,0x52,0xa5,0x52,0x64,0x4a,0x06,0x6b,0xa8,0x83,0x47,0x7b,0x27,0x6b,0x27,0x6b,0xe6,0x62,0x06,0x73,0xe9,0x93,
    0x47,0x83,0x44,0x52,0x44,0x52,0x28,0x73,0x89,0x83,0x28,0x73,0x48,0x6b,0xe6,0x62,0x07,0x63,0xc5,0x62,0x44,0x52,0xe5,0x5a,
    0x46,0x6b,0x05,0x6b,0x06,0x73,0xe7,0x72,0x65,0x62,0x27,0x73,0x68,0x83,0x27,0x7b,0x68,0x8b,0x49,0x8b,0x28,0x83,0xc7,0x7a,
    0x07,0x83,0x48,0x93,0x68,0x9b,0x88,0x9b,0x28,0x93,0x28,0x8b,0xa6,0x6a,0x04,0x3a,0x24,0x3a,0x04,0x32,0x25,0x42,0x28,0x63,
    0x06,0x6b,0x27,0x7b,0xc9,0x9b,0xca,0xa3,0x89,0x9b,0x26,0x8b,0x68,0x8b,0xc9,0x9b,0x0a,0xa4,0xe9,0xa3,0x48,0x8b,0xe5,0x72,
    0x48,0x73,0x85,0x42,0x04,0x2a,0xe4,0x19,0x04,0x2a,0x04,0x32,0x08,0x53,0x45,0x42,0xa7,0x4a,0xe7,0x52,0xe7,0x5a,0xe8,0x5a,
    0x08,0x63,0x08,0x5b,0xe7,0x52,0x08,0x53,0xc6,0x52,0x08,0x53,0xc6,0x4a,0xc6,0x42,0x07,0x43,0x68,0x53,0x68,0x53,0xc7,0x3a,
    0x49,0x43,0x49,0x4b,0x09,0x4b,0xe8,0x4a,0x09,0x4b,0x46,0x32,0xe8,0x3a,0x08,0x43,0x49,0x43,0xe7,0x3a,0x28,0x43,0x27,0x43,
    0x69,0x4b,0x48,0x4b,0xe7,0x3a,0x48,0x4b,0x4a,0x4b,0x08,0x43,0xe9,0x42,0x49,0x53,0x8a,0x63,0x4e,0x8c,0x8f,0x8c,0xac,0x6b,
    0xa6,0x6b,0x46,0x63,0x04,0x5b,0x05,0x5b,0xe5,0x5a,0x04,0x63,0x04,0x5b,0x23,0x5b,0x44,0x5b,0xe5,0x6b,0xa5,0x63,0x45,0x5b,
    0x65,0x5b,0x45,0x53,0x25,0x5b,0x26,0x5b,0x47,0x5b,0xc5,0x52,0x05,0x53,0x46,0x5b,0x26,0x5b,0x26,0x5b,0xc5,0x52,0x06,0x5b,
    0x27,0x5b,0x65,0x4a,0xc6,0x52,0x86,0x4a,0x23,0x3a,0x24,0x3a,0x84,0x42,0x85,0x4a,0x45,0x4a,0x65,0x4a,0x85,0x52,0x65,0x4a,
    0x85,0x4a,0xc5,0x52,0x23,0x3a,0xc6,0x52,0xe7,0x5a,0xc6,0x52,0xc6,0x5a,0x06,0x5b,0x26,0x63,0xe5,0x6a,0x26,0x7b,0x48,0x83,
    0xc6,0x72,0x08,0x83,0x86,0x7a,0xe8,0x7a,0xe7,0x82,0xaa,0x9b,0x6c,0xbc,0x27,0x93,0xe7,0x82,0x89,0x9b,0xa9,0xa3,0x07,0x8b,
    0x87,0x6a,0xa7,0x5a,0x45,0x52,0xc6,0x5a,0x07,0x63,0x06,0x5b,0xc5,0x52,0x05,0x53,0xc5,0x62,0x26,0x73,0xe6,0x6a,0xe3,0x49,
    0xc6,0x5a,0xe5,0x5a,0xc4,0x62,0xa8,0x8b,0x0a,0xa4,0xa9,0x93,0x68,0x83,0xa9,0x93,0x68,0x8b,0x68,0x83,0x88,0x83,0x67,0x7b,
    0xa8,0x7b,0xc9,0x8b,0x47,0x7b,0xc5,0x72,0x66,0x83,0xa8,0x93,0xc8,0x9b,0xa9,0x93,0x68,0x8b,0xea,0x9b,0xea,0x93,0x67,0x83,
    0xa9,0x93,0x47,0x83,0x89,0x93,0x27,0x8b,0x88,0x9b,0x89,0x9b,0x88,0x9b,0x89,0x9b,0x69,0x9b,0x66,0x6a,0x04,0x52,0x25,0x42,
    0x26,0x42,0xa4,0x31,0xa3,0x39,0xc6,0x62,0x85,0x5a,0x47,0x8b,0x2b,0xac,0xe9,0xab,0xea,0xa3,0x0a,0xa4,0x88,0x93,0x88,0x93,
    0xea,0xa3,0xca,0x9b,0x68,0x8b,0x88,0x93,0xe9,0x9b,0xa9,0x8b,0x48,0x6b,0xa6,0x52,0x65,0x42,0x85,0x42,0x45,0x42,0x45,0x3a,
    0x86,0x4a,0x29,0x63,0xc7,0x52,0x08,0x63,0x08,0x5b,0x28,0x5b,0x28,0x5b,0x07,0x53,0x28,0x5b,0x89,0x63,0xc7,0x4a,0xe3,0x21,
    0x44,0x2a,0xc6,0x3a,0x48,0x53,0x07,0x4b,0xc6,0x3a,0xa7,0x3a,0xa6,0x3a,0xc9,0x52,0x09,0x53,0xe8,0x4a,0x29,0x4b,0xc7,0x3a,
    0x86,0x32,0xc7,0x32,0xa6,0x32,0x48,0x43,0x28,0x43,0xe6,0x3a,0x69,0x4b,0x28,0x43,0x08,0x43,0x49,0x4b,0xa7,0x3a,0xa7,0x3a,
    0x09,0x4b,0xab,0x6b,0x6b,0x63,0x2a,0x53,0x66,0x63,0x86,0x6b,0x05,0x5b,0x25,0x6b,0x05,0x63,0x05,0x63,0x25,0x63,0x45,0x63,
    0xe4,0x5a,0x44,0x5b,0x44,0x5b,0x24,0x5b,0x04,0x5b,0x04,0x53,0xe5,0x5a,0x05,0x5b,0x05,0x5b,0xc5,0x52,0x26,0x5b,0x46,0x5b,
    0x46,0x5b,0xe5,0x4a,0x05,0x53,0xc5,0x4a,0xc5,0x4a,0xa5,0x4a,0x43,0x3a,0x24,0x3a,0x04,0x32,0x86,0x42,0xc6,0x52,0xe6,0x52,
    0xc5,0x5a,0x85,0x4a,0x64,0x4a,0x06,0x5b,0x27,0x5b,0x26,0x53,0xe6,0x52,0xc6,0x52,0xe6,0x52,0x85,0x4a,0x84,0x4a,0x63,0x42,
    0xe4,0x52,0x25,0x5b,0xa4,0x4a,0xe5,0x62,0x64,0x6a,0xa9,0x9b,0x89,0x9b,0x89,0x9b,0x27,0x8b,0x88,0x9b,0xa9,0x9b,0xc6,0x82,
    0xc6,0x7a,0x07,0x7b,0x8a,0x9b,0xe8,0x7a,0x86,0x62,0x04,0x52,0xa3,0x39,0x24,0x4a,0xc5,0x52,0x04,0x53,0x04,0x53,0xa3,0x4a,
    0xa4,0x62,0xa5,0x62,0xe5,0x6a,0xe3,0x41,0xc6,0x52,0xe5,0x5a,0xe5,0x5a,0xe5,0x62,0x87,0x83,0xc8,0x93,0xa8,0x8b,0xc5,0x62,
    0xe7,0x6a,0x85,0x5a,0xe5,0x62,0x05,0x63,0x26,0x6b,0x67,0x8b,0xc9,0x93,0xc9,0x93,0x68,0x8b,0x47,0x8b,0x88,0x93,0xa8,0x93,
    0x88,0x93,0xa8,0x8b,0xea,0x9b,0xa9,0x8b,0x89,0x8b,0xc6,0x7a,0x88,0x93,0x68,0x93,0x68,0x9b,0xa9,0xa3,0xa9,0xa3,0xa9,0x9b,
    0x68,0x9b,0xa6,0x7a,0x86,0x6a,0xc7,0x6a,0x86,0x6a,0xe7,0x72,0x69,0x8b,0x68,0x93,0x27,0x8b,0x88,0x9b,0xa8,0xab,0xea,0xab,
    0x0a,0xac,0xc9,0x9b,0x68,0x8b,0x68,0x8b,0x88,0x93,0x88,0x93,0x47,0x8b,0xc9,0x9b,0xea,0x9b,0x88,0x8b,0xe9,0x93,0x4b,0x9c,
    0x89,0x7b,0xc7,0x52,0xa6,0x52,0x44,0x42,0x25,0x42,0xc7,0x52,0xa7,0x52,0xe8,0x5a,0xc8,0x5a,0x87,0x52,0x07,0x53,0xe7,0x52,
    0x08,0x53,0x07,0x53,0x48,0x5b,0x07,0x4b,0x06,0x43,0x07,0x4b,0xe6,0x42,0xc6,0x42,0x08,0x4b,0x07,0x4b,0x08,0x53,0xe8,0x4a,
    0x29,0x5b,0x6a,0x5b,0x49,0x53,0x08,0x4b,0x85,0x32,0x08,0x43,0xc6,0x3a,0x85,0x2a,0xe6,0x3a,0xe7,0x3a,0xa6,0x32,0x28,0x43,
    0x07,0x43,0xc7,0x3a,0x08,0x43,0xa7,0x3a,0xc7,0x3a,0x29,0x53,0xa9,0x42,0xa9,0x42,0xe1,0x39,0xc4,0x52,0xc4,0x5a,0xc5,0x5a,
    0x83,0x52,0xc3,0x5a,0xa3,0x52,0xe4,0x62,0x04,0x63,0x81,0x4a,0xe3,0x52,0x24,0x5b,0x24,0x5b,0x25,0x5b,0x25,0x5b,0xe5,0x52,
    0x05,0x5b,0xc5,0x52,0x05,0x5b,0xe5,0x5a,0xe5,0x4a,0xc4,0x42,0xa4,0x3a,0x42,0x3a,0xe5,0x52,0x26,0x53,0x67,0x5b,0x47,0x5b,
    0x03,0x32,0x64,0x3a,0x06,0x5b,0xe6,0x52,0x27,0x63,0xc5,0x52,0x84,0x4a,0x05,0x53,0xa4,0x42,0xc4,0x4a,0xc5,0x4a,0xa4,0x42,
    0x85,0x42,0xe6,0x52,0xa5,0x4a,0x63,0x42,0xe4,0x42,0xe4,0x4a,0xe4,0x52,0x02,0x3a,0xc5,0x62,0x6b,0xb4,0x0a,0xb4,0xe9,0xab,
    0xc9,0xa3,0x47,0x93,0x26,0x8b,0x06,0x7b,0x64,0x6a,0x65,0x6a,0xaa,0x9b,0xc6,0x72,0x25,0x5a,0xa3,0x41,0xc6,0x62,0x07,0x6b,
    0xa4,0x42,0xc3,0x42,0xe3,0x42,0xa3,0x52,0x46,0x73,0xe5,0x6a,0x26,0x73,0xa4,0x5a,0xe2,0x39,0xe2,0x31,0x44,0x3a,0x83,0x4a,
    0xa4,0x5a,0x45,0x73,0x88,0x7b,0x85,0x52,0xc5,0x5a,0x84,0x5a,0xc5,0x62,0xc4,0x5a,0xe4,0x62,0xe5,0x6a,0x26,0x7b,0x26,0x7b,
    0x87,0x8b,0x05,0x7b,0x46,0x83,0x68,0x8b,0xc5,0x72,0xa5,0x6a,0xe6,0x72,0xc5,0x6a,0x27,0x7b,0x89,0x93,0xa9,0x9b,0xea,0xa3,
    0xea,0xa3,0x0a,0xac,0x89,0x9b,0xeb,0xab,0xa9,0xa3,0x69,0x9b,0xa9,0x9b,0xa8,0x93,0x88,0x9b,0x89,0x9b,0x68,0xa3,0x88,0xa3,
    0x88,0x9b,0x48,0x9b,0x68,0x9b,0xe9,0xa3,0xea,0xa3,0xe6,0x7a,0xc6,0x72,0xc9,0x9b,0x2b,0xa4,0x0a,0xa4,0xea,0x9b,0xea,0x9b,
    0x88,0x93,0xa4,0x72,0x47,0x83,0x68,0x83,0x27,0x6b,0x48,0x6b,0x68,0x6b,0x28,0x63,0x85,0x52,0x85,0x52,0x44,0x42,0xe8,0x5a,
    0x06,0x42,0xe5,0x39,0xa6,0x4a,0x07,0x53,0xa6,0x4a,0xe7,0x4a,0x07,0x53,0x68,0x5b,0x68,0x5b,0x88,0x5b,0x48,0x5b,0x47,0x5b,
    0xc6,0x4a,0xc7,0x4a,0x29,0x5b,0xc7,0x4a,0xa7,0x4a,0x28,0x53,0x29,0x53,0x07,0x4b,0xc7,0x3a,0x07,0x43,0xa9,0x5b,0x88,0x53,
    0xe6,0x3a,0x48,0x43,0x48,0x43,0x07,0x3b,0xa7,0x3a,0x08,0x43,0x08,0x43,0x45,0x22,0x46,0x2a,0xc8,0x42,0xea,0x4a,0x29,0x32,
    0xa4,0x4a,0xc4,0x52,0xa3,0x5a,0x05,0x63,0x04,0x63,0x83,0x5a,0x83,0x5a,0xe4,0x62,0x04,0x63,0xc3,0x52,0xe3,0x52,0xe3,0x5a,
    0x04,0x5b,0x04,0x5b,0xe3,0x5a,0xe4,0x5a,0x25,0x63,0x05,0x5b,0x84,0x52,0xa4,0x4a,0xe4,0x52,0xe2,0x29,0x42,0x3a,0xe5,0x42,
    0x46,0x5b,0x05,0x53,0x05,0x53,0x05,0x4b,0x46,0x5b,0x07,0x5b,0x63,0x42,0xa4,0x4a,0x05,0x5b,0x46,0x5b,0x25,0x53,0x25,0x53,
    0x66,0x5b,0x25,0x4b,0xc5,0x42,0xe5,0x42,0xa5,0x42,0xa5,0x42,0xe5,0x4a,0x05,0x53,0x25,0x53,0x65,0x53,0x66,0x5b,0x66,0x63,
    0xc4,0x62,0xc9,0x9b,0x4a,0xb4,0xe9,0xa3,0x2a,0xb4,0x09,0xa4,0x26,0x83,0x68,0x8b,0x27,0x7b,0xe7,0x7a,0x28,0x8b,0xc6,0x72,
    0xa5,0x62,0x07,0x6b,0xaa,0x83,0x07,0x63,0x22,0x3a,0x62,0x32,0x42,0x3a,0xc3,0x52,0xa7,0x83,0x67,0x83,0xc7,0x83,0x66,0x73,
    0x86,0x73,0x26,0x63,0x02,0x3a,0x43,0x42,0x25,0x6b,0x8a,0x9c,0xe4,0x62,0x85,0x52,0x85,0x52,0xe6,0x5a,0x06,0x6b,0xa4,0x5a,
    0xe4,0x62,0x26,0x6b,0x26,0x73,0x05,0x73,0xc8,0x8b,0xc8,0x8b,0x46,0x7b,0x06,0x7b,0x22,0x5a,0x84,0x62,0x26,0x73,0xe5,0x6a,
    0x06,0x73,0x47,0x83,0x27,0x83,0xa9,0x93,0xe9,0x9b,0x68,0x93,0x68,0x93,0x68,0x9b,0x89,0x9b,0x89,0x9b,0xca,0xa3,0xc9,0xa3,
    0xea,0xab,0x47,0x9b,0x27,0x93,0x68,0x9b,0x47,0x93,0x27,0x8b,0xa9,0xa3,0x48,0x9b,0xc9,0x9b,0xe6,0x82,0xc6,0x72,0xa9,0x93,
    0x88,0x93,0xa8,0x93,0x88,0x93,0x0a,0xa4,0x2a,0xa4,0xa9,0x93,0x47,0x83,0x07,0x6b,0xe7,0x62,0xe7,0x62,0xe7,0x5a,0x27,0x6b,
    0x2b,0x8c,0xc9,0x83,0x27,0x73,0xe8,0x6a,0xe4,0x39,0xc3,0x29,0xa6,0x42,0xc6,0x4a,0x24,0x32,0x04,0x32,0xe7,0x4a,0x27,0x53,
    0x27,0x53,0xe5,0x52,0x07,0x53,0x48,0x63,0x28,0x5b,0xe7,0x52,0x29,0x63,0x29,0x5b,0x86,0x4a,0x08,0x53,0x28,0x53,0x28,0x53,
    0x86,0x3a,0xa5,0x3a,0x88,0x53,0x89,0x53,0x68,0x4b,0x27,0x43,0x28,0x43,0x49,0x4b,0x69,0x4b,0x49,0x4b,0x49,0x4b,0x09,0x43,
    0x29,0x4b,0xcc,0x63,0xaa,0x42,0xa6,0x21,0x23,0x63,0x24,0x63,0xe3,0x5a,0x04,0x63,0x45,0x73,0xe5,0x62,0xc4,0x62,0xe3,0x62,
    0x05,0x63,0x04,0x63,0x04,0x63,0xe4,0x5a,0xe3,0x52,0xe3,0x5a,0xc4,0x5a,0xc4,0x5a,0xe4,0x5a,0x05,0x63,0x05,0x63,0x86,0x63,
    0x46,0x63,0x25,0x53,0x66,0x63,0x26,0x5b,0x05,0x53,0xe4,0x52,0xa3,0x4a,0xc4,0x42,0xa4,0x4a,0x05,0x5b,0x64,0x42,0x63,0x42,
    0x04,0x53,0x04,0x53,0x46,0x53,0x25,0x4b,0xe4,0x42,0xc4,0x3a,0x63,0x32,0xa4,0x3a,0x03,0x2a,0x84,0x3a,0x43,0x32,0x25,0x53,
    0x65,0x53,0x45,0x53,0xa2,0x42,0xc3,0x4a,0x86,0x6b,0x86,0x83,0xa7,0x8b,0xc8,0x9b,0xe8,0x93,0xc8,0x93,0x66,0x7b,0x87,0x7b,
    0x44,0x62,0x68,0x83,0xa9,0x8b,0xa5,0x62,0xe5,0x5a,0xe6,0x62,0x26,0x6b,0x44,0x4a,0x82,0x29,0x61,0x21,0x22,0x3a,0xa6,0x7b,
    0x26,0x73,0xe7,0x8b,0xc7,0x83,0x65,0x7b,0x85,0x7b,0x06,0x84,0x44,0x63,0xe4,0x5a,0xa6,0x73,0x85,0x73,0xe4,0x6a,0x06,0x63,
    0xe6,0x62,0x06,0x63,0xe5,0x62,0xa4,0x5a,0x83,0x52,0x26,0x6b,0x05,0x6b,0x25,0x73,0x45,0x73,0x86,0x83,0x25,0x73,0x87,0x83,
    0x66,0x7b,0x66,0x7b,0x87,0x73,0x26,0x73,0x06,0x6b,0x68,0x7b,0xc9,0x93,0x06,0x7b,0xe5,0x7a,0xe5,0x7a,0xa9,0x93,0x47,0x93,
    0x68,0x93,0xa9,0x9b,0x27,0x93,0x27,0x8b,0x67,0x93,0x68,0x8b,0x68,0x93,0xca,0xa3,0xa9,0x9b,0x06,0x8b,0x47,0x93,0xa9,0x9b,
    0x89,0x9b,0x07,0x7b,0x85,0x6a,0xc5,0x7a,0x27,0x8b,0x47,0x8b,0x27,0x8b,0x68,0x8b,0xa8,0x93,0x0a,0x9c,0xc9,0x93,0xe7,0x72,
    0x66,0x52,0x65,0x4a,0x28,0x63,0x48,0x6b,0x47,0x73,0x47,0x73,0x2a,0x94,0x6b,0xb4,0xea,0x93,0x06,0x5b,0xa6,0x42,0xe7,0x4a,
    0x24,0x32,0x85,0x42,0x27,0x53,0xe7,0x4a,0x27,0x53,0x06,0x53,0xc5,0x4a,0xe7,0x52,0x49,0x6b,0x28,0x63,0xc7,0x52,0x08,0x5b,
    0xa6,0x4a,0xa7,0x4a,0xc7,0x4a,0xe7,0x4a,0x89,0x53,0x28,0x4b,0xe5,0x3a,0xe6,0x42,0x07,0x43,0x86,0x32,0x65,0x2a,0x86,0x2a,
    0xe7,0x3a,0x66,0x32,0xc7,0x3a,0x28,0x4b,0x69,0x53,0x49,0x4b,0xe9,0x42,0xc8,0x32,0x44,0x63,0x23,0x63,0xc2,0x5a,0x04,0x63,
    0xe4,0x6a,0xe5,0x6a,0xc4,0x62,0xa3,0x62,0xc3,0x5a,0xc3,0x5a,0xa3,0x52,0xe3,0x5a,0xc3,0x5a,0xc3,0x52,0x24,0x5b,0xc3,0x5a,
    0xa3,0x52,0xe4,0x5a,0x25,0x63,0x86,0x6b,0x45,0x5b,0x45,0x5b,0x46,0x63,0x05,0x5b,0x83,0x4a,0x05,0x5b,0x86,0x63,0x66,0x63,
    0x04,0x5b,0x67,0x63,0x26,0x63,0xe4,0x52,0x25,0x5b,0x25,0x53,0xe4,0x4a,0x82,0x3a,0x63,0x32,0x62,0x2a,0xa3,0x32,0x63,0x2a,
    0x04,0x43,0xa7,0x53,0x67,0x53,0x83,0x3a,0xc3,0x42,0xc4,0x42,0xc3,0x42,0x82,0x32,0xe3,0x4a,0x23,0x5b,0x85,0x6b,0x66,0x6b,
    0x44,0x6b,0x85,0x6b,0x65,0x6b,0x26,0x6b,0xe5,0x6a,0x46,0x73,0x87,0x73,0xe4,0x5a,0xc4,0x52,0xc3,0x52,0xe4,0x5a,0x25,0x63,
    0x46,0x63,0x66,0x63,0x45,0x63,0xa6,0x73,0x65,0x73,0x45,0x73,0x04,0x6b,0x85,0x73,0x65,0x6b,0x84,0x6b,0xa5,0x73,0x23,0x63,
    0xc5,0x7b,0xc5,0x7b,0x24,0x63,0xc4,0x5a,0xe5,0x62,0x06,0x6b,0x87,0x7b,0x05,0x6b,0x63,0x5a,0xe4,0x6a,0xe4,0x6a,0x25,0x6b,
    0x25,0x73,0x25,0x73,0x86,0x83,0x66,0x7b,0x05,0x6b,0x05,0x6b,0xc4,0x5a,0x05,0x6b,0x06,0x63,0xe5,0x62,0x26,0x73,0x05,0x6b,
    0x46,0x7b,0x88,0x8b,0x06,0x83,0x27,0x83,0x06,0x83,0x48,0x93,0x47,0x8b,0xc6,0x7a,0xc6,0x7a,0x47,0x8b,0xc9,0x9b,0x88,0x93,
    0xa8,0x93,0x47,0x8b,0xc6,0x82,0xa9,0x9b,0xc5,0x7a,0x85,0x72,0xc2,0x51,0xc6,0x72,0xc9,0x9b,0x88,0x8b,0x89,0x93,0x47,0x8b,
    0xc5,0x7a,0xe6,0x7a,0x66,0x62,0xe4,0x49,0x05,0x4a,0x45,0x4a,0x65,0x52,0x47,0x6b,0x06,0x63,0xc4,0x5a,0x05,0x6b,0x87,0x7b,
    0x46,0x73,0xc5,0x52,0x85,0x42,0xe7,0x4a,0xe7,0x52,0xc6,0x42,0x85,0x42,0xa6,0x42,0x06,0x53,0x07,0x53,0x44,0x3a,0xa6,0x4a,
    0x49,0x63,0x49,0x63,0x29,0x63,0xe8,0x5a,0x08,0x5b,0x07,0x53,0xe8,0x52,0x07,0x4b,0x08,0x4b,0x68,0x5b,0x48,0x53,0xe6,0x42,
    0xa6,0x3a,0x27,0x4b,0xc6,0x3a,0xc7,0x3a,0x07,0x3b,0x66,0x2a,0xa7,0x3a,0x66,0x32,0x45,0x32,0xe7,0x3a,0xe7,0x3a,0x66,0x2a,
    0xe2,0x5a,0xc2,0x5a,0xa3,0x62,0xc4,0x62,0xc4,0x6a,0xa4,0x62,0x83,0x62,0xa4,0x62,0x82,0x5a,0x63,0x52,0x83,0x52,0x83,0x52,
    0x62,0x4a,0xc3,0x5a,0xc3,0x52,0xc3,0x52,0xa3,0x52,0xe3,0x5a,0x45,0x6b,0xe4,0x5a,0xe4,0x52,0xc4,0x5a,0x46,0x63,0x66,0x63,
    0x25,0x63,0x04,0x5b,0x04,0x5b,0x04,0x5b,0x25,0x63,0x05,0x5b,0x25,0x63,0xa4,0x4a,0x24,0x5b,0x45,0x5b,0xa3,0x42,0x83,0x32,
    0x86,0x53,0x24,0x4b,0x85,0x4b,0x65,0x43,0x65,0x4b,0x03,0x3b,0x63,0x32,0x04,0x4b,0x45,0x53,0x83,0x32,0x62,0x32,0x45,0x53,
    0xe4,0x4a,0xe4,0x4a,0x62,0x42,0xe2,0x4a,0x23,0x5b,0x24,0x5b,0x24,0x5b,0x25,0x63,0x46,0x6b,0x66,0x6b,0x45,0x63,0x24,0x63,
    0x24,0x5b,0x65,0x63,0x45,0x63,0x05,0x5b,0x86,0x6b,0x45,0x63,0x65,0x6b,0xc7,0x73,0x45,0x63,0x45,0x63,0x45,0x6b,0x64,0x6b,
    0x43,0x63,0x64,0x6b,0x23,0x63,0x23,0x63,0xa5,0x73,0xa5,0x7b,0xa6,0x73,0x45,0x6b,0x25,0x73,0x66,0x7b,0x67,0x83,0x86,0x83,
    0xc8,0x8b,0x66,0x7b,0x04,0x6b,0xc3,0x62,0xe4,0x62,0x25,0x73,0x87,0x83,0x46,0x73,0xa4,0x62,0x05,0x63,0xa3,0x52,0xe5,0x62,
    0x63,0x52,0x85,0x52,0x84,0x5a,0x25,0x6b,0x46,0x7b,0x05,0x73,0xe5,0x7a,0x47,0x83,0xa5,0x72,0x88,0x93,0xa9,0x9b,0x27,0x83,
    0x48,0x8b,0x27,0x83,0x47,0x83,0x07,0x83,0x48,0x8b,0xa9,0x9b,0xa9,0x9b,0x88,0x9b,0x89,0x93,0x68,0x8b,0x48,0x8b,0xa9,0x93,
    0x89,0x93,0xea,0x9b,0xc9,0x9b,0x47,0x8b,0x27,0x8b,0x07,0x7b,0x65,0x62,0x05,0x52,0xe4,0x41,0xe4,0x41,0x24,0x4a,0xc6,0x5a,
    0x05,0x5b,0x83,0x52,0xc3,0x5a,0x86,0x6b,0xe5,0x5a,0xc6,0x52,0x27,0x5b,0x27,0x53,0x48,0x5b,0x07,0x53,0xc6,0x42,0x07,0x53,
    0xc5,0x42,0x85,0x42,0x07,0x5b,0x27,0x5b,0xe7,0x5a,0x08,0x5b,0x08,0x63,0x08,0x63,0x08,0x5b,0xc7,0x52,0x86,0x42,0xa6,0x4a,
    0x85,0x42,0x85,0x3a,0x07,0x4b,0x27,0x4b,0x27,0x4b,0x48,0x4b,0x27,0x43,0x48,0x4b,0x69,0x4b,0xc6,0x3a,0xe8,0x42,0x65,0x32,
    0x28,0x4b,0xc6,0x3a,0xc6,0x32,0x28,0x43,0x63,0x5a,0xa4,0x62,0x84,0x62,0x43,0x5a,0x23,0x5a,0x63,0x62,0xa4,0x6a,0xc4,0x62,
    0x83,0x5a,0x21,0x4a,0x63,0x52,0x62,0x52,0x22,0x4a,0xa3,0x52,0xc3,0x5a,0xe3,0x5a,0x04,0x5b,0xe4,0x62,0x25,0x63,0x25,0x63,
    0xe4,0x62,0x04,0x5b,0x25,0x6b,0x25,0x63,0x26,0x63,0x83,0x52,0x82,0x52,0xe4,0x5a,0x04,0x63,0x26,0x63,0x25,0x63,0x25,0x5b,
    0x46,0x63,0x03,0x53,0x65,0x53,0xa5,0x53,0x85,0x53,0x64,0x43,0x43,0x43,0x44,0x43,0x44,0x3b,0x65,0x4b,0x24,0x43,0x66,0x53,
    0x25,0x4b,0x45,0x53,0x65,0x53,0x46,0x53,0xe2,0x31,0x21,0x19,0xc5,0x4a,0x25,0x5b,0x03,0x53,0xe2,0x4a,0x65,0x5b,0x03,0x5b,
    0x04,0x53,0x86,0x6b,0x24,0x5b,0x25,0x63,0x65,0x63,0x45,0x63,0x04,0x5b,0x04,0x5b,0x05,0x63,0xe3,0x5a,0x45,0x63,0x65,0x63,
    0x24,0x63,0x44,0x63,0x04,0x5b,0x24,0x63,0x44,0x63,0x24,0x63,0x23,0x5b,0x44,0x63,0x43,0x63,0x43,0x63,0x64,0x6b,0xa5,0x73,
    0xc5,0x7b,0xe8,0x93,0xc7,0x93,0xe8,0x9b,0xa7,0x8b,0x45,0x7b,0x25,0x73,0x65,0x7b,0xc7,0x83,0xa7,0x7b,0x05,0x73,0x26,0x73,
    0xe4,0x62,0x05,0x63,0xa4,0x5a,0x06,0x63,0xe6,0x62,0xa4,0x52,0xc5,0x5a,0x65,0x73,0x66,0x73,0x46,0x7b,0x06,0x7b,0x87,0x83,
    0x47,0x83,0x47,0x83,0x06,0x7b,0x27,0x7b,0x68,0x8b,0x47,0x7b,0x47,0x83,0xe6,0x7a,0x26,0x83,0x27,0x83,0x88,0x93,0x0a,0xa4,
    0x27,0x8b,0xc6,0x7a,0x89,0x8b,0xc6,0x7a,0x68,0x8b,0x67,0x83,0xc9,0x9b,0x89,0x93,0x68,0x93,0x27,0x83,0x48,0x8b,0xa6,0x6a,
    0x66,0x62,0x45,0x52,0xa6,0x5a,0x64,0x4a,0x83,0x52,0x66,0x73,0x28,0x94,0x08,0x8c,0x25,0x63,0x64,0x42,0x27,0x5b,0xc6,0x4a,
    0xc6,0x4a,0xe7,0x4a,0x07,0x53,0xc6,0x4a,0x27,0x53,0x28,0x5b,0x27,0x5b,0xe7,0x52,0x65,0x4a,0x86,0x4a,0xc7,0x5a,0x08,0x5b,
    0xe8,0x5a,0x28,0x5b,0x07,0x5b,0x08,0x53,0xe7,0x4a,0xc6,0x42,0xa6,0x42,0x27,0x4b,0x07,0x4b,0xc6,0x42,0x07,0x4b,0x28,0x4b,
    0x48,0x4b,0x28,0x4b,0xe7,0x42,0x48,0x4b,0x08,0x4b,0xe7,0x3a,0x08,0x43,0x28,0x43,0x44,0x5a,0x85,0x62,0x85,0x6a,0x85,0x6a,
    0xa6,0x72,0xa5,0x6a,0xc5,0x72,0xe6,0x72,0xe4,0x6a,0x84,0x62,0x05,0x63,0xc4,0x62,0xa3,0x52,0xe4,0x62,0x25,0x63,0xe4,0x5a,
    0x04,0x5b,0x25,0x63,0x25,0x6b,0x25,0x6b,0x46,0x6b,0x26,0x6b,0xc5,0x62,0xc4,0x62,0xc4,0x62,0xc4,0x5a,0xc4,0x5a,0x82,0x52,
    0xa3,0x5a,0xc4,0x5a,0x04,0x63,0x05,0x63,0x05,0x5b,0x24,0x5b,0x04,0x43,0x83,0x32,0x04,0x43,0xe3,0x3a,0xe4,0x3a,0x42,0x22,
    0x45,0x43,0x44,0x43,0xa3,0x32,0x05,0x4b,0xe4,0x42,0xa4,0x42,0xa4,0x4a,0x46,0x5b,0xc5,0x4a,0x44,0x3a,0x46,0x5b,0x65,0x63,
    0x24,0x4b,0x03,0x4b,0x44,0x53,0x44,0x53,0x44,0x5b,0x44,0x63,0x44,0x5b,0x85,0x63,0x85,0x6b,0x65,0x63,0xa2,0x52,0x42,0x4a,
    0xc4,0x52,0x42,0x42,0x62,0x4a,0xe3,0x5a,0x04,0x5b,0x24,0x63,0xe3,0x52,0x24,0x5b,0x64,0x63,0xa2,0x4a,0xe3,0x52,0x24,0x5b,
    0x44,0x5b,0x65,0x63,0x24,0x5b,0xe3,0x5a,0x65,0x6b,0xe7,0x83,0x49,0xa4,0xc8,0x93,0xa7,0x8b,0x04,0x73,0x45,0x73,0x66,0x73,
    0x04,0x63,0x04,0x63,0xc3,0x5a,0xc4,0x62,0xc4,0x62,0xc5,0x5a,0x84,0x52,0x64,0x52,0x64,0x4a,0x85,0x52,0xc4,0x52,0x25,0x63,
    0xa6,0x7b,0x87,0x83,0x87,0x8b,0x87,0x83,0x25,0x73,0xe5,0x62,0x26,0x7b,0x47,0x83,0x85,0x62,0x06,0x73,0xc5,0x72,0x84,0x62,
    0xe5,0x72,0xe5,0x72,0x06,0x7b,0x48,0x8b,0xa5,0x7a,0x27,0x83,0x89,0x93,0x88,0x8b,0x27,0x83,0x84,0x6a,0x47,0x83,0x68,0x93,
    0x88,0x93,0xe9,0x9b,0xa9,0x93,0x27,0x83,0x48,0x83,0x07,0x73,0x44,0x5a,0x26,0x6b,0xe5,0x62,0x65,0x7b,0xa6,0x8b,0x84,0x83,
    0xc6,0x83,0x86,0x7b,0xc4,0x52,0xc4,0x4a,0x84,0x42,0xe6,0x52,0x85,0x42,0x64,0x3a,0x27,0x53,0x28,0x5b,0xc6,0x4a,0x27,0x5b,
    0x07,0x5b,0xe7,0x5a,0xc7,0x52,0x86,0x4a,0xc7,0x5a,0x28,0x5b,0x28,0x5b,0x48,0x5b,0x07,0x53,0xa5,0x4a,0xc6,0x42,0xa5,0x42,
    0xe6,0x42,0xc5,0x42,0x44,0x32,0x86,0x3a,0x86,0x32,0x28,0x4b,0x47,0x53,0x08,0x4b,0x86,0x3a,0xe7,0x42,0xc6,0x3a,0xa5,0x32,
    0xe6,0x6a,0xe7,0x72,0xc6,0x72,0x28,0x83,0xe6,0x7a,0x64,0x62,0x63,0x62,0xa4,0x62,0xe5,0x62,0xa3,0x5a,0x83,0x5a,0xe4,0x62,
    0x25,0x6b,0x04,0x63,0xa3,0x52,0x61,0x4a,0xc3,0x5a,0xe4,0x5a,0xe3,0x5a,0xc4,0x62,0xc4,0x62,0xc4,0x62,0xe5,0x62,0xe5,0x62,
    0xc4,0x62,0x05,0x6b,0x46,0x73,0x66,0x73,0xa3,0x5a,0x82,0x5a,0xa4,0x5a,0x05,0x63,0xc3,0x52,0xc4,0x52,0x05,0x53,0xa3,0x42,
    0x62,0x3a,0xe4,0x42,0x44,0x43,0x84,0x32,0x22,0x22,0x43,0x2a,0x83,0x3a,0x23,0x32,0x22,0x32,0x64,0x4a,0xe5,0x52,0x06,0x5b,
    0x26,0x5b,0x05,0x5b,0x25,0x53,0xe3,0x52,0x24,0x53,0x64,0x5b,0x43,0x53,0xe2,0x4a,0x64,0x5b,0x64,0x5b,0xa4,0x63,0x44,0x5b,
    0x43,0x63,0x64,0x63,0x62,0x4a,0x62,0x4a,0x25,0x63,0x22,0x4a,0xc4,0x5a,0x04,0x5b,0x03,0x5b,0x85,0x63,0x24,0x5b,0x04,0x5b,
    0x24,0x5b,0x24,0x53,0x03,0x53,0x03,0x53,0x04,0x5b,0x04,0x53,0xe4,0x4a,0x04,0x4b,0x04,0x53,0xc3,0x5a,0x08,0x8c,0x87,0x8b,
    0x46,0x83,0x04,0x73,0x45,0x73,0x82,0x5a,0x82,0x4a,0x03,0x5b,0x45,0x63,0x25,0x63,0x25,0x6b,0x27,0x6b,0xe6,0x5a,0x07,0x63,
    0xa6,0x5a,0xe6,0x5a,0xe5,0x52,0x44,0x63,0x24,0x63,0x65,0x6b,0xe8,0x8b,0x04,0x63,0xc3,0x52,0x26,0x6b,0x67,0x7b,0x43,0x62,
    0x43,0x5a,0xa5,0x62,0xc4,0x62,0xe5,0x72,0xe6,0x72,0xc5,0x6a,0xc5,0x72,0x28,0x8b,0xc9,0x9b,0x07,0x83,0x27,0x8b,0x48,0x8b,
    0x06,0x7b,0xc5,0x6a,0x47,0x83,0xa8,0x93,0xa9,0x9b,0x89,0x93,0x89,0x9b,0xa9,0x93,0x89,0x9b,0x85,0x6a,0x44,0x62,0x48,0x73,
    0x87,0x83,0x26,0x73,0xa4,0x62,0x04,0x6b,0x65,0x73,0x85,0x73,0xa7,0x6b,0x26,0x5b,0xe5,0x52,0xa5,0x42,0xa6,0x42,0x27,0x5b,
    0x27,0x53,0xc6,0x4a,0x07,0x53,0x48,0x5b,0x28,0x63,0x48,0x63,0x69,0x6b,0xe7,0x5a,0x65,0x4a,0xa6,0x52,0xc6,0x52,0xe7,0x52,
    0x07,0x53,0x68,0x5b,0x07,0x53,0x07,0x53,0x07,0x4b,0xc5,0x42,0x86,0x3a,0x45,0x2a,0xe4,0x19,0xc6,0x3a,0xe6,0x42,0x07,0x4b,
    0x27,0x4b,0x28,0x4b,0xe6,0x3a,0x65,0x2a,0x85,0x62,0xa6,0x6a,0xa5,0x62,0xa6,0x6a,0xe7,0x72,0xe6,0x6a,0x23,0x52,0x64,0x5a,
    0x83,0x52,0x22,0x4a,0x43,0x52,0xa3,0x5a,0xc4,0x62,0xe4,0x62,0x63,0x52,0x42,0x42,0xc3,0x5a,0x04,0x63,0x25,0x63,0x25,0x6b,
    0xe5,0x62,0xe4,0x62,0xe5,0x62,0xe5,0x62,0x05,0x63,0xa3,0x5a,0xe4,0x6a,0x66,0x7b,0x86,0x7b,0xa6,0x7b,0xe2,0x5a,0x82,0x4a,
    0x83,0x52,0x83,0x5a,0xa4,0x5a,0x05,0x5b,0xc3,0x4a,0xe3,0x42,0xc3,0x42,0x04,0x43,0xc3,0x42,0x62,0x32,0x23,0x32,0xc6,0x42,
    0x23,0x3a,0x24,0x42,0x48,0x6b,0xa5,0x52,0x23,0x42,0xc4,0x52,0x46,0x63,0x25,0x5b,0x24,0x53,0x63,0x53,0x84,0x5b,0x43,0x53,
    0x23,0x4b,0x43,0x5b,0x64,0x5b,0x63,0x5b,0xc5,0x6b,0x84,0x63,0x65,0x6b,0x25,0x63,0xa7,0x7b,0x46,0x6b,0xe3,0x5a,0x24,0x63,
    0x65,0x6b,0x04,0x5b,0xe3,0x4a,0x82,0x4a,0xa2,0x42,0xe4,0x52,0x45,0x5b,0xe3,0x52,0x83,0x42,0x41,0x32,0xa4,0x42,0x02,0x2a,
    0x22,0x2a,0xa2,0x3a,0x25,0x63,0xe8,0x93,0xe8,0x93,0x67,0x83,0x46,0x7b,0xa3,0x5a,0xe4,0x5a,0xe4,0x52,0xe4,0x52,0xc4,0x5a,
    0xe5,0x5a,0x05,0x63,0xe6,0x62,0x27,0x6b,0xaa,0x7b,0xe5,0x5a,0xc5,0x52,0x05,0x53,0x65,0x63,0x25,0x63,0x45,0x6b,0xe3,0x52,
    0xe3,0x5a,0xc4,0x5a,0x26,0x73,0x48,0x7b,0xe6,0x6a,0xe2,0x49,0x02,0x4a,0x83,0x5a,0xc5,0x62,0x63,0x5a,0xe6,0x7a,0xca,0x9b,
    0xea,0xab,0xa9,0x9b,0x68,0x8b,0x26,0x83,0x68,0x8b,0x67,0x8b,0xc9,0x9b,0xa9,0x93,0xc9,0xa3,0x06,0x83,0x27,0x8b,0xc9,0x9b,
    0xca,0x9b,0x48,0x8b,0x65,0x62,0xa3,0x41,0x65,0x5a,0x25,0x4a,0x21,0x29,0x44,0x4a,0xc4,0x52,0x05,0x5b,0x83,0x4a,0x83,0x42,
    0x26,0x53,0x85,0x42,0x65,0x42,0x65,0x3a,0xa5,0x42,0x65,0x42,0xc6,0x52,0xa5,0x52,0xa5,0x4a,0xc7,0x5a,0xc6,0x5a,0xe8,0x62,
    0xc7,0x52,0xe7,0x52,0x07,0x5b,0xe6,0x52,0x07,0x53,0xe6,0x52,0x68,0x5b,0x2a,0x74,0xc9,0x6b,0x47,0x5b,0x27,0x53,0xc5,0x3a,
    0x64,0x32,0xa6,0x42,0x85,0x3a,0xc7,0x4a,0xc6,0x4a,0x45,0x3a,0xe7,0x4a,0xe6,0x42,0x85,0x62,0x64,0x62,0x03,0x52,0x24,0x5a,
    0xa5,0x62,0x64,0x62,0x02,0x52,0x43,0x52,0xe2,0x41,0x63,0x52,0x63,0x52,0x42,0x52,0x63,0x5a,0xa3,0x5a,0x02,0x4a,0x42,0x4a,
    0x83,0x52,0x04,0x63,0x25,0x63,0x04,0x63,0xe5,0x62,0xc5,0x5a,0xc4,0x62,0xe5,0x62,0x05,0x6b,0xa3,0x5a,0x05,0x6b,0xc7,0x83,
    0x04,0x6b,0xc5,0x7b,0x06,0x7c,0x25,0x63,0xa4,0x52,0xc4,0x5a,0xa4,0x5a,0x05,0x63,0x46,0x6b,0xe4,0x52,0x02,0x32,0x24,0x4b,
    0x03,0x4b,0x83,0x3a,0xc2,0x29,0x24,0x32,0x44,0x42,0x64,0x4a,0x47,0x63,0xe6,0x62,0x26,0x5b,0x87,0x6b,0x05,0x5b,0xc3,0x4a,
    0x24,0x53,0x24,0x4b,0x02,0x4b,0x64,0x53,0x42,0x53,0x63,0x53,0x84,0x63,0x84,0x63,0x63,0x5b,0x43,0x5b,0xc3,0x52,0x25,0x63,
    0x66,0x6b,0xe4,0x62,0xa2,0x52,0x45,0x63,0x85,0x6b,0x44,0x63,0xc3,0x52,0x04,0x53,0x44,0x63,0x04,0x53,0xa2,0x42,0x04,0x53,
    0x23,0x53,0xe3,0x42,0xe3,0x4a,0xc1,0x21,0x84,0x32,0xe4,0x42,0x04,0x53,0x46,0x6b,0x25,0x73,0x67,0x83,0x87,0x8b,0x83,0x5a,
    0xa4,0x52,0x63,0x3a,0x63,0x42,0x83,0x4a,0xa5,0x52,0xc5,0x52,0xa5,0x5a,0xa5,0x52,0xe6,0x5a,0xe7,0x62,0x42,0x19,0x62,0x21,
    0xa4,0x4a,0x05,0x53,0x21,0x3a,0x63,0x42,0x04,0x63,0x05,0x63,0x88,0x83,0x06,0x73,0x64,0x5a,0x05,0x6b,0x25,0x6b,0xe4,0x62,
    0x66,0x73,0x64,0x5a,0xc5,0x72,0x27,0x8b,0x07,0x83,0x68,0x8b,0xca,0x93,0xe8,0x93,0xe8,0x9b,0x0a,0xa4,0x0a,0xa4,0xe9,0xa3,
    0xa9,0x9b,0xa8,0x9b,0x26,0x8b,0xc6,0x82,0x89,0x9b,0x8a,0x8b,0x69,0x83,0x86,0x62,0x04,0x4a,0x45,0x4a,0xc6,0x52,0xc6,0x5a,
    0xc5,0x52,0x26,0x63,0x25,0x53,0x22,0x3a,0xe4,0x4a,0x06,0x53,0x03,0x32,0x64,0x3a,0xa5,0x4a,0x64,0x42,0x44,0x42,0xe7,0x52,
    0xe7,0x5a,0xc6,0x52,0x86,0x52,0xa6,0x5a,0x08,0x5b,0xc5,0x4a,0x07,0x5b,0x07,0x53,0xc5,0x4a,0xe5,0x4a,0xe5,0x4a,0xa5,0x4a,
    0xe6,0x52,0x88,0x63,0x88,0x63,0x27,0x53,0xe6,0x42,0xe6,0x4a,0xc6,0x4a,0xe7,0x52,0x69,0x5b,0xc6,0x4a,0x07,0x4b,0x68,0x53,
    0xa5,0x6a,0xe6,0x6a,0x85,0x62,0x23,0x52,0x64,0x62,0x64,0x5a,0x64,0x5a,0xc2,0x39,0xe2,0x41,0x84,0x52,0xc5,0x5a,0x22,0x52,
    0x22,0x52,0x83,0x62,0x26,0x6b,0xc4,0x5a,0x04,0x5b,0xc3,0x52,0xa3,0x5a,0xc4,0x5a,0x84,0x52,0x23,0x4a,0x64,0x4a,0x63,0x52,
    0x83,0x52,0xa4,0x5a,0x63,0x52,0x04,0x5b,0x24,0x63,0x85,0x6b,0x85,0x6b,0xe4,0x5a,0x63,0x4a,0xc4,0x5a,0xa3,0x52,0x83,0x5a,
    0x05,0x63,0x86,0x6b,0x25,0x5b,0xc3,0x4a,0x64,0x5b,0x66,0x63,0x81,0x21,0xa2,0x29,0x64,0x42,0x27,0x5b,0x87,0x6b,0x47,0x5b,
    0x46,0x5b,0x05,0x53,0xc3,0x4a,0xc3,0x4a,0x82,0x42,0x43,0x53,0x64,0x53,0x63,0x53,0x63,0x53,0x63,0x5b,0xa4,0x63,0x22,0x53,
    0x02,0x53,0x23,0x53,0x01,0x32,0x81,0x29,0x83,0x52,0x25,0x63,0x85,0x6b,0x65,0x6b,0x85,0x73,0xa5,0x6b,0x64,0x63,0xa6,0x6b,
    0x65,0x5b,0xe3,0x52,0x03,0x53,0x85,0x63,0x23,0x53,0x44,0x53,0x24,0x53,0x05,0x4b,0x43,0x32,0xc5,0x42,0x24,0x4b,0x62,0x42,
    0xc3,0x62,0xa8,0x8b,0x47,0x83,0x23,0x52,0x61,0x31,0x61,0x21,0x23,0x3a,0x44,0x42,0x44,0x42,0x84,0x4a,0x64,0x52,0x85,0x4a,
    0x64,0x52,0xe7,0x5a,0x62,0x21,0x82,0x29,0x84,0x42,0xa3,0x42,0x41,0x19,0xc2,0x29,0x86,0x73,0x25,0x6b,0x46,0x73,0x67,0x7b,
    0x26,0x6b,0x46,0x73,0xc7,0x83,0x86,0x7b,0xc7,0x7b,0xa7,0x7b,0x67,0x83,0x89,0x93,0xe6,0x82,0xe6,0x72,0x28,0x83,0x05,0x6b,
    0x25,0x73,0x87,0x83,0x88,0x93,0xa9,0x9b,0x6b,0xbc,0x4a,0xbc,0x2b,0xac,0x48,0x93,0x28,0x83,0x86,0x6a,0xe7,0x6a,0xe7,0x62,
    0x07,0x6b,0xc7,0x62,0x28,0x63,0xe6,0x62,0x06,0x5b,0x26,0x63,0x25,0x5b,0x25,0x5b,0xc3,0x42,0x45,0x5b,0x87,0x5b,0x06,0x4b,
    0xa5,0x42,0xe6,0x52,0x85,0x42,0x64,0x4a,0xa7,0x52,0xa6,0x52,0xc7,0x52,0xc6,0x52,0xe6,0x52,0xa5,0x4a,0xa5,0x42,0xa4,0x42,
    0x47,0x5b,0x67,0x5b,0x27,0x53,0xa4,0x3a,0x43,0x32,0x47,0x5b,0xc9,0x6b,0x47,0x53,0x26,0x53,0x84,0x3a,0x27,0x5b,0xe7,0x4a,
    0xe7,0x52,0x27,0x53,0xa6,0x42,0xe7,0x42,0x43,0x52,0x64,0x5a,0xc4,0x6a,0x84,0x62,0x84,0x5a,0xe5,0x6a,0x26,0x73,0x64,0x52,
    0xc2,0x39,0xc2,0x39,0x43,0x4a,0x23,0x52,0x43,0x5a,0x05,0x6b,0xc4,0x62,0xc3,0x5a,0x63,0x4a,0xc1,0x39,0x02,0x42,0x43,0x42,
    0x23,0x42,0xa3,0x31,0xa3,0x31,0xe2,0x39,0x84,0x5a,0xa5,0x5a,0xa4,0x52,0x23,0x3a,0xa4,0x4a,0x04,0x53,0xe3,0x52,0xa3,0x5a,
    0x83,0x52,0xc4,0x5a,0xa4,0x52,0x62,0x52,0x25,0x63,0xe4,0x5a,0x25,0x5b,0x03,0x5b,0x64,0x63,0x45,0x63,0xc4,0x52,0xe5,0x4a,
    0xe5,0x52,0xe5,0x52,0x02,0x32,0x62,0x19,0x01,0x11,0x82,0x29,0x05,0x53,0x44,0x5b,0xa6,0x5b,0x24,0x4b,0xa2,0x32,0x01,0x22,
    0x62,0x32,0x61,0x32,0x61,0x32,0xc2,0x42,0x43,0x53,0x43,0x53,0x04,0x53,0x46,0x63,0xa7,0x73,0x24,0x63,0x45,0x6b,0x04,0x63,
    0x45,0x63,0xa6,0x73,0x44,0x5b,0x23,0x5b,0x65,0x63,0x85,0x63,0xa6,0x63,0x85,0x5b,0x03,0x53,0x03,0x53,0xe4,0x4a,0xc4,0x42,
    0xc4,0x3a,0xc5,0x4a,0xa3,0x4a,0x04,0x53,0x4a,0x9c,0x6b,0xac,0xe9,0xa3,0x27,0x8b,0x27,0x7b,0x47,0x6b,0x84,0x4a,0x43,0x3a,
    0x23,0x42,0x43,0x42,0x23,0x42,0x64,0x4a,0xa5,0x5a,0x64,0x52,0xe6,0x5a,0x06,0x63,0xe5,0x62,0xc3,0x52,0x83,0x4a,0xc4,0x52,
    0x04,0x5b,0xc4,0x5a,0xe5,0x62,0x06,0x6b,0x87,0x7b,0x66,0x73,0x46,0x6b,0x46,0x6b,0x87,0x6b,0x46,0x6b,0x47,0x73,0x0a,0x9c,
    0x89,0x93,0x27,0x7b,0xe6,0x6a,0xa4,0x5a,0xe5,0x62,0x88,0x7b,0x27,0x73,0x47,0x83,0xe9,0xa3,0x2a,0xac,0x4b,0xb4,0xa9,0x9b,
    0x07,0x7b,0x86,0x62,0xe7,0x6a,0xe7,0x62,0xa5,0x5a,0x65,0x52,0x85,0x5a,0x64,0x4a,0x64,0x4a,0xa4,0x52,0xa3,0x42,0x04,0x53,
    0x45,0x53,0x24,0x53,0x04,0x4b,0xa3,0x42,0xc4,0x4a,0xa4,0x4a,0xa5,0x4a,0x44,0x42,0x44,0x42,0xa6,0x42,0xc5,0x4a,0xc6,0x4a,
    0x06,0x53,0x47,0x5b,0x47,0x5b,0x05,0x4b,0x26,0x53,0x47,0x53,0xc4,0x42,0xe5,0x42,0xc4,0x42,0x05,0x4b,0x67,0x5b,0xe5,0x4a,
    0x46,0x53,0x05,0x4b,0x68,0x63,0xea,0x73,0xc9,0x6b,0xaa,0x6b,0x44,0x3a,0x24,0x2a,0xa4,0x62,0x64,0x5a,0x84,0x5a,0x63,0x5a,
    0x01,0x4a,0x43,0x52,0xa4,0x5a,0x43,0x4a,0x02,0x42,0xe2,0x39,0xe2,0x39,0x43,0x52,0x63,0x5a,0xa3,0x6a,0x82,0x5a,0xc4,0x62,
    0xe5,0x5a,0xc3,0x39,0x62,0x31,0x23,0x3a,0x61,0x29,0x42,0x21,0x42,0x29,0xa3,0x31,0x24,0x4a,0x82,0x31,0x24,0x42,0xa5,0x4a,
    0x83,0x42,0xc3,0x4a,0xe4,0x5a,0x04,0x63,0x24,0x6b,0x04,0x63,0x05,0x63,0x04,0x63,0x25,0x63,0xc2,0x52,0xe3,0x52,0x03,0x53,
    0xc2,0x4a,0x24,0x5b,0x24,0x5b,0x65,0x5b,0xe4,0x52,0x63,0x3a,0x61,0x19,0x63,0x19,0xa2,0x21,0x81,0x21,0x64,0x3a,0x22,0x3a,
    0xe2,0x29,0x20,0x11,0x84,0x3a,0x84,0x3a,0xe5,0x4a,0x25,0x53,0x04,0x53,0x82,0x42,0x03,0x53,0x43,0x5b,0x24,0x53,0x04,0x53,
    0xc4,0x5a,0x25,0x63,0xa3,0x5a,0xc4,0x5a,0xe4,0x62,0xe3,0x5a,0xa2,0x52,0x45,0x5b,0x24,0x5b,0x04,0x53,0xe3,0x4a,0x03,0x53,
    0x44,0x5b,0x85,0x5b,0x04,0x4b,0xc2,0x29,0x41,0x19,0xe1,0x29,0x06,0x53,0x05,0x5b,0x66,0x7b,0xa8,0x93,0xa8,0xa3,0x68,0x9b,
    0x06,0x83,0xe6,0x7a,0x84,0x5a,0xa1,0x29,0x03,0x3a,0x67,0x6b,0x47,0x6b,0x43,0x4a,0x64,0x52,0x27,0x73,0x68,0x7b,0x25,0x73,
    0x65,0x73,0x66,0x7b,0x86,0x7b,0x43,0x63,0x85,0x73,0xe4,0x5a,0x05,0x6b,0x05,0x6b,0x46,0x73,0x66,0x6b,0x05,0x63,0xe4,0x52,
    0x05,0x5b,0xa4,0x4a,0x83,0x4a,0x67,0x7b,0xca,0x93,0x28,0x7b,0xa5,0x52,0xc6,0x4a,0xa6,0x52,0x47,0x63,0x06,0x6b,0x26,0x6b,
    0xa4,0x52,0x05,0x73,0x68,0x8b,0x88,0x93,0x69,0x83,0xa6,0x62,0x85,0x52,0x85,0x5a,0xa6,0x5a,0x65,0x52,0x07,0x6b,0x64,0x52,
    0x64,0x4a,0xa4,0x52,0xe5,0x52,0x05,0x53,0x45,0x53,0x65,0x5b,0x65,0x5b,0x85,0x5b,0x45,0x53,0x66,0x5b,0xa8,0x6b,0x06,0x5b,
    0x44,0x42,0x64,0x3a,0x83,0x32,0xe5,0x4a,0xc4,0x42,0xc4,0x4a,0x84,0x42,0xa3,0x42,0xe4,0x42,0x25,0x53,0x25,0x4b,0x46,0x4b,
    0x05,0x43,0x05,0x4b,0x66,0x5b,0x05,0x4b,0xe4,0x42,0x06,0x53,0x87,0x63,0x47,0x5b,0x27,0x5b,0x48,0x5b,0x69,0x5b,0xa6,0x42,
    0xe5,0x6a,0xe5,0x6a,0xc4,0x62,0x05,0x73,0x25,0x73,0x22,0x52,0x43,0x52,0x64,0x52,0xe3,0x41,0x43,0x4a,0x22,0x4a,0x83,0x52,
    0xc4,0x62,0xa4,0x62,0xa4,0x62,0x83,0x5a,0x02,0x42,0x45,0x52,0x42,0x21,0x82,0x31,0xe3,0x31,0x64,0x29,0xc2,0x10,0x63,0x29,
    0xa3,0x31,0x42,0x21,0x42,0x21,0xa5,0x42,0x84,0x42,0x43,0x3a,0x82,0x52,0xe4,0x5a,0xc3,0x62,0xe4,0x5a,0xe3,0x62,0x04,0x63,
    0x24,0x63,0x24,0x63,0xe4,0x5a,0xe3,0x5a,0x04,0x63,0x45,0x63,0xc3,0x4a,0xc2,0x4a,0x04,0x5b,0x65,0x5b,0xc2,0x29,0xc3,0x21,
    0xa5,0x42,0x24,0x3a,0xe3,0x31,0xc2,0x29,0x41,0x21,0xa2,0x29,0x66,0x63,0x25,0x63,0x05,0x5b,0x25,0x6b,0x26,0x63,0x25,0x5b,
    0x62,0x42,0x82,0x3a,0xc3,0x4a,0x22,0x3a,0xc2,0x31,0xc5,0x5a,0x63,0x52,0x63,0x52,0x26,0x6b,0x62,0x4a,0xa4,0x52,0xc4,0x52,
    0x83,0x42,0xc3,0x4a,0x82,0x42,0x03,0x4b,0x44,0x5b,0x24,0x53,0x44,0x5b,0x47,0x5b,0x82,0x29,0x24,0x3a,0x03,0x32,0x20,0x11,
    0xc2,0x31,0xe5,0x72,0xe9,0xa3,0xe9,0xab,0x48,0x93,0x06,0x83,0xa6,0x6a,0xa3,0x39,0xe3,0x49,0x67,0x73,0x45,0x73,0xc4,0x6a,
    0xc5,0x6a,0xc5,0x6a,0xc4,0x62,0xe4,0x62,0x66,0x73,0x64,0x73,0xa5,0x7b,0xa5,0x73,0x44,0x6b,0xe3,0x5a,0x25,0x63,0x05,0x63,
    0x46,0x6b,0x06,0x63,0xa3,0x4a,0x63,0x42,0xc4,0x42,0x84,0x42,0xa4,0x3a,0x63,0x3a,0x27,0x63,0x07,0x63,0xc5,0x4a,0x07,0x5b,
    0x27,0x5b,0x27,0x5b,0x47,0x63,0xe5,0x52,0x62,0x42,0xe5,0x5a,0xa8,0x7b,0x26,0x73,0xc6,0x62,0xe3,0x31,0x04,0x3a,0xc7,0x62,
    0x28,0x73,0xe5,0x62,0x68,0x6b,0x88,0x7b,0x26,0x6b,0x06,0x5b,0x46,0x5b,0x24,0x53,0xe3,0x4a,0x03,0x4b,0x03,0x4b,0x85,0x53,
    0x24,0x53,0xe3,0x4a,0xc8,0x6b,0x87,0x63,0xc5,0x4a,0x62,0x3a,0xa3,0x3a,0x66,0x4b,0xa3,0x3a,0x25,0x4b,0xe4,0x4a,0xc4,0x42,
    0x83,0x3a,0x26,0x4b,0xe5,0x42,0x63,0x32,0x22,0x2a,0x04,0x4b,0x45,0x53,0xe4,0x42,0xa3,0x3a,0xa4,0x3a,0x63,0x32,0x63,0x3a,
    0xc6,0x4a,0xe6,0x4a,0x27,0x53,0x88,0x5b,0x43,0x5a,0xa5,0x6a,0x62,0x5a,0x83,0x5a,0xe4,0x62,0x25,0x73,0x05,0x6b,0x44,0x52,
    0x41,0x29,0xc3,0x41,0x81,0x39,0x22,0x4a,0x43,0x5a,0xc4,0x6a,0x05,0x73,0xe5,0x62,0x84,0x5a,0x81,0x39,0xc4,0x41,0x65,0x52,
    0xe3,0x39,0xe5,0x39,0x43,0x29,0x42,0x21,0xa6,0x52,0x44,0x3a,0x82,0x21,0x04,0x32,0x03,0x32,0x42,0x42,0xc3,0x5a,0xe3,0x5a,
    0xc3,0x5a,0xa3,0x5a,0xc3,0x5a,0xc3,0x5a,0xe4,0x62,0x04,0x63,0x24,0x63,0xc3,0x5a,0x04,0x63,0xe3,0x5a,0xc3,0x5a,0xe3,0x52,
    0xe4,0x52,0x03,0x5b,0x45,0x5b,0xa2,0x31,0x21,0x19,0xa3,0x31,0xa2,0x29,0x44,0x42,0x84,0x42,0xa4,0x4a,0x25,0x63,0x84,0x4a,
    0x23,0x4a,0x65,0x5a,0xa4,0x62,0xe5,0x72,0x22,0x42,0x03,0x4b,0x04,0x53,0xe4,0x52,0xe4,0x52,0x46,0x6b,0xc5,0x6a,0x63,0x52,
    0x05,0x63,0xa3,0x5a,0x05,0x5b,0xc3,0x52,0x63,0x42,0x22,0x32,0xa4,0x42,0x82,0x42,0x04,0x4b,0x65,0x5b,0x86,0x5b,0xe5,0x52,
    0xc6,0x52,0x24,0x32,0x41,0x19,0x41,0x11,0x23,0x3a,0x46,0x73,0xc9,0xa3,0x2a,0xb4,0x2b,0xb4,0x89,0x9b,0x89,0x93,0x8a,0x8b,
    0x27,0x7b,0x46,0x7b,0x05,0x73,0x27,0x7b,0x68,0x7b,0xe5,0x6a,0x84,0x5a,0x21,0x4a,0xa2,0x52,0x43,0x6b,0x83,0x6b,0x84,0x6b,
    0xe2,0x52,0xa2,0x52,0xe4,0x5a,0x05,0x5b,0xc4,0x5a,0xc5,0x52,0xa4,0x42,0xa4,0x3a,0x26,0x4b,0xc4,0x3a,0xc4,0x42,0xe5,0x42,
    0xa4,0x3a,0xc5,0x42,0xe6,0x52,0xe6,0x52,0xc6,0x52,0xc5,0x52,0xe5,0x52,0x46,0x5b,0xe4,0x52,0x82,0x42,0x04,0x53,0x47,0x6b,
    0x85,0x5a,0x62,0x21,0x62,0x29,0x66,0x52,0x27,0x6b,0x68,0x73,0xe5,0x62,0xe6,0x6a,0x27,0x6b,0x44,0x42,0x83,0x42,0xe3,0x4a,
    0xe3,0x4a,0x23,0x4b,0x43,0x53,0x23,0x4b,0x44,0x53,0x65,0x5b,0x24,0x5b,0x65,0x5b,0x66,0x5b,0x45,0x53,0x04,0x43,0xe3,0x3a,
    0xe4,0x42,0xe4,0x4a,0xe5,0x4a,0xe4,0x4a,0x05,0x4b,0x25,0x4b,0x87,0x5b,0x25,0x4b,0xa3,0x3a,0x45,0x4b,0x85,0x5b,0x45,0x53,
    0x65,0x53,0x46,0x53,0xc4,0x42,0x63,0x32,0xa4,0x3a,0x06,0x4b,0xc5,0x4a,0x85,0x3a,0x03,0x52,0xe2,0x49,0x84,0x5a,0x63,0x5a,
    0x63,0x5a,0x83,0x5a,0xa5,0x5a,0x61,0x31,0x01,0x29,0x62,0x31,0xa2,0x41,0x43,0x52,0x22,0x52,0xc5,0x6a,0x05,0x73,0xc4,0x62,
    0x63,0x5a,0xc5,0x6a,0x85,0x62,0x44,0x4a,0xe5,0x39,0xc1,0x18,0x03,0x19,0x63,0x29,0x83,0x29,0x85,0x4a,0xe5,0x52,0xa2,0x29,
    0x83,0x42,0x05,0x63,0x04,0x63,0xa2,0x5a,0x25,0x6b,0x04,0x6b,0xa2,0x5a,0xc3,0x5a,0xe3,0x5a,0xe3,0x5a,0x04,0x63,0xc4,0x62,
    0xa3,0x5a,0xc3,0x5a,0x04,0x5b,0xe3,0x52,0xe3,0x52,0x03,0x5b,0xa5,0x73,0xa7,0x7b,0x86,0x6a,0x47,0x83,0x06,0x83,0x46,0x7b,
    0x67,0x7b,0xa4,0x62,0x83,0x52,0x43,0x52,0x03,0x4a,0x44,0x5a,0xe3,0x51,0xa9,0x93,0x87,0x83,0x24,0x6b,0xa4,0x52,0xe4,0x5a,
    0x04,0x63,0x66,0x7b,0x67,0x7b,0xc5,0x6a,0x26,0x73,0x83,0x5a,0x84,0x5a,0x05,0x5b,0xa4,0x4a,0xa3,0x42,0x25,0x53,0xc3,0x4a,
    0x04,0x53,0xa3,0x4a,0xc4,0x4a,0x83,0x42,0x43,0x42,0x82,0x21,0xe3,0x29,0x03,0x2a,0x64,0x3a,0xa4,0x52,0xc8,0x8b,0xa5,0x72,
    0xc6,0x82,0x48,0x8b,0x28,0x8b,0x07,0x83,0x07,0x7b,0x68,0x83,0x89,0x83,0x27,0x7b,0xe6,0x72,0x06,0x6b,0xc4,0x62,0xe4,0x62,
    0x23,0x63,0x64,0x63,0x42,0x63,0x63,0x63,0x23,0x5b,0x04,0x53,0xc3,0x4a,0xe4,0x52,0xa3,0x42,0x64,0x3a,0xa5,0x3a,0xc5,0x3a,
    0x05,0x43,0x64,0x2a,0xa4,0x32,0xc4,0x3a,0xc4,0x3a,0xe6,0x42,0xa5,0x4a,0x85,0x42,0x07,0x53,0xa5,0x42,0xe5,0x4a,0x65,0x5b,
    0xe4,0x4a,0xe4,0x4a,0x04,0x53,0x87,0x6b,0x68,0x6b,0x28,0x6b,0xe7,0x62,0x68,0x7b,0x27,0x73,0x06,0x63,0x05,0x63,0x46,0x6b,
    0x46,0x63,0x63,0x42,0xa2,0x42,0x04,0x4b,0x24,0x53,0x03,0x4b,0xe2,0x42,0x64,0x5b,0x23,0x4b,0x44,0x53,0x85,0x5b,0x45,0x5b,
    0x65,0x5b,0x45,0x53,0x21,0x22,0x42,0x22,0x04,0x43,0x63,0x3a,0x42,0x3a,0xe4,0x52,0xe4,0x4a,0x83,0x3a,0xa3,0x3a,0x24,0x43,
    0xe3,0x3a,0xa3,0x3a,0x03,0x43,0x24,0x53,0xe3,0x42,0x65,0x53,0x66,0x5b,0x04,0x43,0xa4,0x42,0xc4,0x42,0xc5,0x42,0x84,0x32,
    0x03,0x52,0x44,0x5a,0x43,0x52,0x43,0x5a,0x22,0x4a,0x22,0x52,0xa4,0x62,0xa5,0x62,0x23,0x52,0xe2,0x49,0xe2,0x41,0x23,0x52,
    0xa4,0x62,0x64,0x5a,0xa5,0x6a,0x63,0x5a,0xc4,0x6a,0x6b,0xac,0x68,0x83,0xc3,0x49,0x83,0x31,0xa3,0x31,0x82,0x31,0x02,0x19,
    0xa3,0x31,0x65,0x63,0x45,0x5b,0xe4,0x52,0x24,0x63,0xa3,0x5a,0xe3,0x62,0x04,0x6b,0x03,0x6b,0x04,0x63,0xe4,0x62,0xa2,0x52,
    0xc3,0x5a,0xe3,0x5a,0x04,0x63,0xc3,0x5a,0xe3,0x62,0xa3,0x52,0xe3,0x5a,0xa2,0x52,0x82,0x4a,0xe3,0x4a,0xe2,0x52,0xa6,0x7b,
    0xa7,0x8b,0xc8,0x9b,0xc8,0xa3,0x87,0x93,0xc8,0x83,0x65,0x7b,0x26,0x7b,0x27,0x83,0x85,0x6a,0xe6,0x7a,0x84,0x72,0x88,0x93,
    0x87,0x93,0x26,0x7b,0x46,0x7b,0x05,0x73,0xc3,0x62,0x45,0x73,0xc5,0x6a,0xe5,0x7a,0xa8,0x8b,0xe6,0x72,0x05,0x73,0x46,0x6b,
    0x82,0x42,0x83,0x42,0xa3,0x42,0xc4,0x4a,0xa3,0x42,0x42,0x3a,0x83,0x4a,0x05,0x5b,0x05,0x5b,0x67,0x63,0x26,0x5b,0xe2,0x29,
    0x64,0x3a,0xa3,0x4a,0xc5,0x62,0xe6,0x72,0xa6,0x72,0x08,0x83,0x07,0x83,0xe7,0x7a,0xc7,0x72,0x28,0x7b,0x48,0x83,0x48,0x7b,
    0x06,0x73,0x06,0x73,0x45,0x73,0xc6,0x73,0xa4,0x6b,0x42,0x5b,0x63,0x5b,0x43,0x5b,0x22,0x53,0xc3,0x4a,0x03,0x53,0x24,0x4b,
    0xc4,0x42,0xe3,0x29,0xe3,0x19,0x03,0x1a,0xe5,0x3a,0xe5,0x3a,0xa3,0x32,0x63,0x22,0x21,0x1a,0x43,0x32,0xa4,0x3a,0x85,0x3a,
    0x44,0x3a,0x43,0x32,0x46,0x53,0x24,0x53,0xc3,0x42,0x24,0x4b,0x04,0x4b,0xa4,0x4a,0xe5,0x52,0x66,0x63,0x86,0x6b,0x66,0x6b,
    0xc5,0x52,0xc4,0x42,0x05,0x53,0xe4,0x52,0x03,0x53,0xe3,0x4a,0x03,0x53,0x23,0x53,0x85,0x5b,0x23,0x4b,0x81,0x3a,0x44,0x53,
    0x64,0x53,0x04,0x4b,0xe3,0x4a,0xa3,0x3a,0x83,0x42,0x83,0x3a,0x82,0x32,0xe3,0x3a,0xe4,0x42,0x45,0x53,0xe4,0x4a,0x25,0x53,
    0x46,0x53,0x42,0x32,0x82,0x32,0xc3,0x3a,0x45,0x53,0xc3,0x42,0xe4,0x4a,0x65,0x5b,0x85,0x5b,0x45,0x53,0x24,0x4b,0x66,0x5b,
    0x05,0x4b,0x05,0x4b,0x26,0x53,0x46,0x53,0x44,0x5a,0xe3,0x51,0x44,0x52,0x43,0x52,0x63,0x5a,0xa5,0x62,0xc4,0x6a,0xa4,0x6a,
    0x06,0x7b,0x06,0x7b,0xc6,0x6a,0xa5,0x6a,0xe5,0x6a,0x07,0x7b,0x06,0x73,0x67,0x83,0x67,0x83,0x26,0x83,0xc8,0x93,0xe5,0x72,
    0xe5,0x6a,0x25,0x6b,0x24,0x63,0xa4,0x52,0x84,0x52,0x23,0x63,0x24,0x5b,0x24,0x63,0xe2,0x5a,0xe3,0x5a,0xe3,0x62,0xc2,0x5a,
    0xe3,0x62,0xa2,0x52,0xe4,0x62,0xa2,0x52,0xc3,0x5a,0x04,0x5b,0xe3,0x62,0x83,0x52,0x62,0x52,0xc3,0x5a,0x25,0x63,0x04,0x53,
    0x45,0x5b,0x23,0x53,0xe2,0x52,0x80,0x42,0x81,0x42,0xc3,0x52,0x86,0x73,0x05,0x5b,0x01,0x3a,0xa3,0x52,0xa7,0x9b,0x2a,0xb4,
    0xa8,0xa3,0xa8,0xa3,0x88,0x9b,0x47,0x93,0x05,0x83,0x46,0x83,0xc4,0x72,0xa4,0x6a,0xe5,0x72,0xc4,0x6a,0x23,0x5a,0x07,0x83,
    0x07,0x83,0x27,0x83,0x68,0x8b,0x05,0x6b,0x63,0x42,0xe2,0x29,0x22,0x3a,0x63,0x3a,0xa3,0x4a,0xa3,0x4a,0xa4,0x4a,0x83,0x42,
    0x83,0x4a,0x41,0x42,0x46,0x5b,0x43,0x32,0x23,0x32,0x63,0x42,0xc2,0x39,0x85,0x5a,0xe7,0x82,0x09,0x83,0x28,0x83,0x66,0x72,
    0x45,0x62,0x65,0x6a,0x07,0x7b,0xe7,0x7a,0x27,0x7b,0xa4,0x62,0xc3,0x62,0xc2,0x52,0xe2,0x52,0x22,0x5b,0xc4,0x6b,0x02,0x53,
    0x02,0x53,0x44,0x53,0xc3,0x42,0x04,0x43,0xa4,0x32,0x65,0x32,0x65,0x2a,0xc2,0x19,0xa1,0x11,0x43,0x22,0xc3,0x32,0xe4,0x3a,
    0x22,0x22,0x22,0x22,0x44,0x32,0x85,0x3a,0x24,0x2a,0xc1,0x21,0x62,0x32,0x65,0x4b,0xa2,0x32,0xc3,0x42,0xe3,0x42,0xa3,0x3a,
    0x82,0x32,0x62,0x32,0xe4,0x42,0xc5,0x4a,0x20,0x09,0x82,0x11,0x22,0x2a,0xe4,0x42,0xe3,0x4a,0x23,0x53,0x64,0x53,0x23,0x4b,
    0x03,0x4b,0xc2,0x4a,0x03,0x4b,0xe2,0x42,0x24,0x53,0xa3,0x42,0x04,0x4b,0xc3,0x42,0x25,0x53,0x24,0x53,0x65,0x53,0x64,0x53,
    0x44,0x53,0x24,0x4b,0x24,0x4b,0x04,0x4b,0x65,0x53,0x86,0x53,0x45,0x53,0x23,0x43,0x64,0x53,0x85,0x53,0x45,0x53,0x65,0x53,
    0xa6,0x63,0xa6,0x5b,0x65,0x5b,0x46,0x53,0x66,0x5b,0xe4,0x42,0x25,0x53,0x46,0x53,0xe3,0x51,0xe1,0x30,0x02,0x31,0xa5,0x5a,
    0xe4,0x6a,0xc5,0x6a,0x27,0x7b,0xe5,0x7a,0x88,0x9b,0x26,0x83,0x64,0x62,0xe7,0x72,0xe6,0x72,0x27,0x7b,0x68,0x7b,0x67,0x83,
    0xa4,0x6a,0x64,0x62,0x63,0x62,0x83,0x62,0xa4,0x62,0xc4,0x62,0xc3,0x62,0x04,0x63,0xe3,0x5a,0xe3,0x5a,0xe3,0x52,0xc2,0x52,
    0xe3,0x5a,0x04,0x63,0x04,0x63,0xe3,0x62,0x62,0x4a,0xc1,0x39,0x83,0x52,0x05,0x63,0xe4,0x5a,0x41,0x4a,0xe3,0x5a,0x62,0x4a,
    0x43,0x4a,0x05,0x63,0x04,0x5b,0xa3,0x4a,0xe3,0x4a,0xe3,0x52,0x03,0x4b,0x24,0x5b,0xe2,0x4a,0xc3,0x4a,0x02,0x32,0xa1,0x29,
    0xe2,0x29,0xa1,0x29,0xe6,0x72,0x68,0x9b,0xc6,0x82,0x06,0x8b,0x68,0x9b,0x47,0x93,0x06,0x8b,0x26,0x83,0x26,0x8b,0x87,0x8b,
    0x87,0x8b,0xc5,0x72,0xc6,0x72,0xe6,0x7a,0xc6,0x7a,0xe6,0x7a,0xa9,0x93,0xa4,0x5a,0xc2,0x29,0x23,0x3a,0xc4,0x4a,0x42,0x3a,
    0x83,0x42,0xe4,0x52,0x25,0x5b,0x24,0x5b,0xe4,0x52,0x83,0x4a,0xa4,0x52,0xc9,0x7b,0x84,0x5a,0xc5,0x5a,0xc5,0x62,0xc7,0x72,
    0xe8,0x7a,0xa7,0x7a,0xe7,0x72,0x86,0x6a,0xe3,0x51,0xa5,0x6a,0xc6,0x72,0xa5,0x6a,0x05,0x73,0xe5,0x72,0xe4,0x62,0xc3,0x52,
    0x81,0x4a,0x43,0x5b,0xc4,0x6b,0x22,0x53,0x03,0x4b,0xa4,0x63,0xc3,0x42,0x23,0x2a,0x43,0x2a,0x61,0x11,0x22,0x09,0xa2,0x19,
    0x24,0x22,0xa4,0x32,0xa4,0x32,0xc4,0x32,0x43,0x22,0x84,0x2a,0xa2,0x19,0xa2,0x19,0x23,0x2a,0x24,0x2a,0xa3,0x3a,0x83,0x3a,
    0x62,0x32,0x43,0x2a,0x82,0x3a,0x42,0x2a,0x62,0x32,0xc4,0x3a,0x45,0x53,0xc4,0x3a,0x42,0x11,0x21,0x09,0xa2,0x19,0x66,0x5b,
    0x03,0x43,0x03,0x4b,0x85,0x5b,0x24,0x53,0x03,0x4b,0x65,0x5b,0xa6,0x63,0x64,0x53,0x24,0x53,0x04,0x4b,0x25,0x5b,0x25,0x53,
    0x44,0x5b,0x45,0x53,0x03,0x4b,0x64,0x53,0x84,0x53,0x82,0x3a,0x83,0x42,0x84,0x3a,0x62,0x32,0x83,0x3a,0x45,0x53,0xe3,0x42,
    0xc4,0x42,0xe4,0x42,0x45,0x53,0x24,0x53,0x45,0x53,0x65,0x5b,0x65,0x5b,0x86,0x63,0x87,0x5b,0x45,0x53,0x67,0x5b,0x46,0x53,
    0x66,0x83,0x44,0x5a,0xc2,0x41,0x83,0x5a,0x06,0x6b,0x26,0x7b,0x67,0x8b,0x05,0x7b,0x09,0xa4,0xa9,0x9b,0x65,0x62,0x04,0x52,
    0xa3,0x49,0xa5,0x62,0x27,0x83,0xe6,0x72,0x64,0x62,0x63,0x62,0xa4,0x6a,0x84,0x62,0x43,0x62,0xa3,0x62,0xa3,0x62,0xa3,0x5a,
    0xa3,0x5a,0xc3,0x5a,0x04,0x5b,0xa3,0x4a,0xc2,0x4a,0xc2,0x52,0xc3,0x5a,0x04,0x63,0x42,0x4a,0x02,0x3a,0x43,0x4a,0x63,0x4a,
    0x62,0x4a,0x41,0x4a,0xe4,0x5a,0x05,0x63,0xa3,0x52,0xc4,0x52,0xe4,0x52,0x83,0x42,0xa2,0x42,0xe3,0x52,0xc3,0x4a,0x03,0x53,
    0x25,0x53,0x65,0x63,0x44,0x53,0xe3,0x52,0x83,0x3a,0x23,0x42,0x47,0x7b,0xe7,0x82,0xa5,0x82,0x23,0x6a,0x84,0x7a,0xe6,0x8a,
    0x26,0x93,0x06,0x8b,0x05,0x83,0xe4,0x82,0xe9,0x9b,0x06,0x83,0x65,0x6a,0xc6,0x7a,0xa6,0x7a,0xe7,0x82,0x47,0x83,0x47,0x73,
    0x63,0x4a,0x02,0x3a,0x43,0x3a,0x23,0x32,0x83,0x42,0x83,0x42,0x83,0x42,0xa3,0x4a,0xc4,0x52,0xe3,0x52,0x46,0x73,0x2a,0xa4,
    0x0a,0xac,0x0a,0xb4,0x68,0x93,0xa6,0x7a,0x07,0x7b,0x86,0x62,0x49,0x83,0xe6,0x72,0x44,0x62,0xe7,0x72,0xc5,0x72,0xc5,0x72,
    0xe6,0x72,0x05,0x73,0x45,0x6b,0x45,0x6b,0xe2,0x52,0x02,0x53,0x43,0x5b,0xc2,0x42,0x61,0x3a,0x43,0x53,0xe3,0x42,0x82,0x19,
    0xe0,0x00,0xa4,0x19,0x24,0x2a,0x64,0x2a,0x26,0x43,0x24,0x3b,0x03,0x3b,0xe3,0x32,0x04,0x3b,0xe5,0x3a,0x63,0x32,0x05,0x4b,
    0x84,0x3a,0xe2,0x21,0xe4,0x4a,0xc4,0x42,0x42,0x32,0x42,0x32,0xa1,0x19,0x84,0x3a,0x84,0x3a,0xa1,0x19,0xa3,0x3a,0x45,0x53,
    0xa2,0x19,0x04,0x22,0xe2,0x19,0xc3,0x42,0xa2,0x3a,0xa2,0x3a,0x24,0x53,0x85,0x5b,0x45,0x5b,0x24,0x53,0xa5,0x63,0xa6,0x63,
    0x46,0x5b,0x26,0x53,0x06,0x53,0x66,0x63,0x25,0x53,0xe3,0x52,0x82,0x3a,0xc2,0x4a,0xc6,0x63,0x04,0x4b,0xc1,0x00,0xe2,0x08,
    0x41,0x11,0x42,0x2a,0x25,0x4b,0x42,0x32,0x42,0x32,0x80,0x19,0x42,0x32,0x04,0x4b,0xe3,0x4a,0xc3,0x4a,0x42,0x3a,0xe4,0x4a,
    0x05,0x53,0x63,0x3a,0x64,0x3a,0x44,0x3a,0xc6,0x7b,0xa6,0x7b,0x45,0x6b,0xc3,0x5a,0xe4,0x6a,0x05,0x6b,0xe4,0x6a,0x46,0x83,
    0x46,0x83,0x25,0x7b,0xa5,0x6a,0xc3,0x51,0x01,0x31,0x45,0x5a,0x64,0x62,0x64,0x62,0x85,0x6a,0x43,0x62,0xe6,0x72,0x47,0x83,
    0xa4,0x6a,0x63,0x62,0xa4,0x6a,0x83,0x62,0xa3,0x62,0xc3,0x5a,0x62,0x4a,0x81,0x4a,0xe3,0x52,0x04,0x5b,0xa2,0x52,0x24,0x5b,
    0x25,0x63,0x23,0x42,0xc2,0x39,0xe2,0x41,0x83,0x4a,0xa3,0x5a,0xc3,0x5a,0xe4,0x5a,0xa4,0x52,0xa3,0x4a,0x25,0x53,0xe4,0x52,
    0x04,0x53,0x25,0x53,0x65,0x5b,0x23,0x53,0x03,0x53,0xe2,0x4a,0x43,0x53,0xa4,0x63,0xa4,0x63,0x62,0x42,0x25,0x52,0x86,0x72,
    0xe6,0x8a,0x47,0x93,0x87,0x9b,0x47,0x9b,0x88,0xa3,0x47,0x9b,0x47,0x93,0x27,0x93,0x47,0x93,0x85,0x7a,0x24,0x6a,0x86,0x7a,
    0xa6,0x7a,0xe7,0x82,0x85,0x62,0xc4,0x62,0x45,0x63,0x25,0x5b,0xc4,0x4a,0xe2,0x31,0x43,0x32,0xc4,0x4a,0x83,0x42,0x05,0x53,
    0xe3,0x52,0xe4,0x52,0xc3,0x52,0x62,0x52,0xc9,0xa3,0x0a,0xbc,0x0a,0xbc,0xa9,0x9b,0x85,0x6a,0x04,0x5a,0x85,0x62,0xa5,0x6a,
    0xc5,0x72,0x88,0x8b,0xe6,0x7a,0xa5,0x72,0x06,0x83,0xa4,0x6a,0x83,0x5a,0x04,0x5b,0x64,0x63,0x43,0x5b,0x02,0x53,0x81,0x42,
    0xa2,0x42,0xa2,0x42,0x24,0x53,0x61,0x11,0xa0,0x00,0xe1,0x08,0xa3,0x19,0x63,0x2a,0x42,0x22,0xc2,0x32,0xe3,0x3a,0x45,0x4b,
    0xc2,0x32,0xc3,0x3a,0x04,0x4b,0xc6,0x6b,0x86,0x5b,0xc4,0x4a,0xe3,0x4a,0x66,0x5b,0x24,0x53,0x44,0x53,0xa3,0x42,0xc3,0x42,
    0xa3,0x3a,0x22,0x32,0xa3,0x42,0x85,0x5b,0xc5,0x42,0x23,0x2a,0xe4,0x4a,0x25,0x53,0x62,0x3a,0xc3,0x42,0xe3,0x4a,0x04,0x5b,
    0x04,0x53,0x04,0x53,0x24,0x5b,0x83,0x42,0x02,0x32,0x84,0x4a,0xe5,0x52,0xc4,0x4a,0x25,0x5b,0x05,0x5b,0x25,0x5b,0x24,0x5b,
    0x64,0x5b,0xc7,0x6b,0x83,0x29,0xe2,0x10,0x85,0x3a,0x86,0x53,0xc6,0x5b,0xa5,0x5b,0x24,0x4b,0xc4,0x42,0xa4,0x42,0x24,0x53,
    0x25,0x53,0xc3,0x4a,0xa4,0x42,0x04,0x53,0x83,0x42,0x02,0x2a,0x80,0x21,0xc2,0x29,0xe3,0x5a,0xc2,0x4a,0xe2,0x52,0x44,0x63,
    0x04,0x5b,0x03,0x5b,0x03,0x5b,0xe3,0x5a,0xc2,0x5a,0x24,0x6b,0x46,0x7b,0x64,0x5a,0xa2,0x49,0x04,0x62,0xc2,0x51,0x04,0x62,
    0x84,0x6a,0x03,0x62,0xa5,0x72,0xe6,0x7a,0x67,0x83,0xc5,0x72,0x26,0x7b,0x26,0x83,0xe5,0x6a,0xe3,0x5a,0x82,0x4a,0xc3,0x52,
    0xc3,0x52,0xc4,0x4a,0x83,0x52,0xe4,0x52,0xc3,0x52,0xe5,0x5a,0x84,0x52,0xa1,0x39,0x44,0x4a,0x42,0x42,0x01,0x42,0x84,0x4a,
    0xc3,0x52,0x43,0x3a,0x42,0x3a,0x43,0x3a,0x63,0x3a,0x42,0x3a,0x21,0x32,0x62,0x3a,0xc3,0x42,0x44,0x53,0x23,0x53,0x63,0x53,
    0x64,0x5b,0xe4,0x52,0x64,0x5a,0x45,0x62,0xe6,0x82,0x47,0x9b,0xea,0xb3,0x88,0xa3,0xa5,0x8a,0xc5,0x82,0xc4,0x82,0x47,0x93,
    0xa5,0x7a,0xa5,0x7a,0x86,0x7a,0xe7,0x82,0x28,0x83,0xa2,0x51,0x81,0x41,0xa3,0x5a,0xc4,0x52,0x45,0x5b,0x05,0x5b,0x83,0x42,
    0x05,0x53,0x26,0x53,0xe4,0x4a,0x65,0x63,0x65,0x5b,0x25,0x5b,0xc3,0x52,0x83,0x52,0xe4,0x6a,0xa8,0x9b,0x46,0x8b,0x68,0x83,
    0x68,0x83,0xa5,0x6a,0x06,0x73,0x26,0x73,0x67,0x83,0xa9,0x93,0x88,0x93,0x88,0x9b,0xa9,0xa3,0xa8,0x93,0xc3,0x6a,0xe2,0x62,
    0xc2,0x52,0x23,0x5b,0x24,0x5b,0x03,0x53,0x64,0x5b,0xa5,0x63,0xa6,0x5b,0x46,0x53,0x85,0x3a,0x21,0x11,0x81,0x19,0x84,0x2a,
    0x22,0x22,0xe4,0x3a,0x44,0x43,0xe3,0x3a,0xe3,0x3a,0xc6,0x5b,0x44,0x53,0xe2,0x52,0xe3,0x5a,0xc4,0x4a,0xe4,0x4a,0x04,0x5b,
    0x24,0x53,0x04,0x53,0x44,0x5b,0x04,0x53,0x61,0x42,0xc3,0x4a,0xc3,0x4a,0xc3,0x4a,0xc3,0x4a,0x62,0x32,0x44,0x63,0x65,0x6b,
    0x45,0x5b,0xe3,0x52,0x03,0x53,0x82,0x42,0xc2,0x52,0x04,0x5b,0xa6,0x6b,0x62,0x3a,0xe1,0x31,0xa5,0x4a,0x46,0x5b,0xe5,0x52,
    0xe5,0x5a,0x26,0x63,0x25,0x63,0xe4,0x5a,0xc3,0x5a,0xe4,0x5a,0x47,0x63,0x47,0x5b,0x45,0x53,0xa6,0x63,0x86,0x63,0x24,0x4b,
    0x24,0x53,0x85,0x5b,0x66,0x5b,0x24,0x53,0x24,0x53,0x25,0x5b,0x04,0x53,0xa3,0x42,0x05,0x53,0x25,0x53,0x26,0x53,0x05,0x4b,
    0x42,0x3a,0x42,0x3a,0xa3,0x42,0x01,0x32,0x41,0x42,0xa2,0x42,0x62,0x42,0x61,0x42,0xa2,0x52,0xe3,0x5a,0xe3,0x62,0x65,0x7b,
    0xc8,0x93,0xc6,0x7a,0x24,0x6a,0x65,0x6a,0x64,0x62,0x02,0x5a,0x63,0x62,0xa5,0x6a,0x84,0x6a,0x43,0x62,0x63,0x6a,0x87,0x8b,
    0xa8,0x83,0x83,0x5a,0x25,0x5b,0x04,0x53,0xc2,0x31,0x81,0x29,0x62,0x42,0xa3,0x52,0x43,0x3a,0xa3,0x4a,0x25,0x63,0xe5,0x5a,
    0xe4,0x5a,0xc3,0x52,0x62,0x4a,0x02,0x3a,0x83,0x42,0xc4,0x4a,0xc1,0x21,0x82,0x21,0x23,0x32,0x83,0x42,0x83,0x42,0x04,0x53,
    0xc3,0x42,0x41,0x3a,0x21,0x32,0xc3,0x42,0xc2,0x4a,0x64,0x63,0x04,0x5b,0xe5,0x6a,0x68,0x93,0x06,0x93,0x88,0xa3,0x88,0xab,
    0x84,0x82,0xa4,0x7a,0x06,0x8b,0x06,0x8b,0xc6,0x82,0x85,0x7a,0x24,0x6a,0x85,0x7a,0x48,0x93,0x65,0x6a,0x43,0x4a,0xa4,0x52,
    0xe1,0x31,0x63,0x42,0xe0,0x31,0xa4,0x4a,0x63,0x3a,0x01,0x32,0xc4,0x42,0xc3,0x4a,0xc2,0x4a,0xa3,0x4a,0x45,0x5b,0xa4,0x5a,
    0x05,0x63,0xa4,0x52,0x82,0x4a,0x83,0x4a,0xc3,0x52,0x24,0x63,0x45,0x63,0x05,0x63,0xc4,0x62,0x45,0x7b,0x46,0x83,0xa8,0x9b,
    0xe9,0x9b,0x83,0x6a,0x83,0x62,0xe3,0x5a,0x61,0x4a,0xe3,0x52,0x03,0x53,0x64,0x53,0x44,0x53,0x64,0x5b,0xe3,0x4a,0x04,0x4b,
    0x44,0x4b,0xc4,0x42,0xa4,0x3a,0x45,0x4b,0x44,0x43,0x03,0x43,0xa2,0x32,0x21,0x22,0xa2,0x32,0xc3,0x42,0x45,0x5b,0xc3,0x52,
    0xe4,0x5a,0x83,0x4a,0x01,0x3a,0x63,0x42,0xa3,0x4a,0x83,0x42,0xc3,0x52,0x24,0x5b,0x44,0x5b,0x45,0x5b,0x04,0x5b,0x66,0x63,
    0x65,0x63,0x45,0x5b,0x64,0x6b,0xc2,0x52,0xe2,0x52,0x03,0x5b,0x24,0x63,0xe3,0x52,0x03,0x53,0x64,0x63,0xc6,0x6b,0x25,0x5b,
    0xa4,0x4a,0x43,0x3a,0xc5,0x52,0x05,0x5b,0xa4,0x52,0x83,0x52,0xc5,0x62,0xc5,0x62,0xa4,0x5a,0x84,0x5a,0xc5,0x5a,0x84,0x4a,
    0xc5,0x4a,0x05,0x53,0x04,0x4b,0xc3,0x4a,0x22,0x32,0x42,0x3a,0x62,0x3a,0x82,0x42,0x62,0x3a,0x04,0x53,0x25,0x5b,0x65,0x5b,
    0x04,0x53,0xc4,0x42,0x04,0x4b,0x04,0x4b,0x02,0x32,0x42,0x3a,0x21,0x3a,0xc1,0x29,0x82,0x42,0xa1,0x4a,0xc2,0x4a,0xc2,0x52,
    0x03,0x5b,0xc2,0x5a,0x23,0x63,0xa3,0x62,0xa6,0x8b,0x2a,0xa4,0x44,0x6a,0x07,0x83,0xa5,0x72,0xc5,0x72,0xc4,0x6a,0x63,0x62,
    0x43,0x62,0x03,0x5a,0x22,0x5a,0x26,0x7b,0x84,0x62,0xc2,0x39,0xa2,0x39,0xa2,0x31,0x03,0x42,0x22,0x3a,0x43,0x3a,0xe1,0x31,
    0x83,0x4a,0x02,0x3a,0x83,0x42,0x82,0x42,0x04,0x5b,0xa5,0x63,0x04,0x53,0xc1,0x31,0xc1,0x29,0xe3,0x29,0xa3,0x29,0x81,0x19,
    0x84,0x3a,0xc4,0x42,0xe3,0x4a,0xa3,0x42,0xa2,0x42,0xc3,0x42,0x42,0x32,0x62,0x3a,0xa1,0x3a,0x03,0x4b,0x03,0x53,0xc7,0x83,
    0x48,0x93,0x03,0x72,0xe6,0x92,0x88,0xa3,0x46,0xa3,0x88,0xab,0x26,0x93,0x06,0x8b,0x44,0x72,0xa1,0x59,0x04,0x62,0x04,0x62,
    0x28,0x93,0xa6,0x72,0xe1,0x41,0x62,0x42,0xe3,0x52,0x85,0x63,0x23,0x53,0xc3,0x4a,0x02,0x32,0x81,0x19,0xa2,0x21,0xc2,0x21,
    0xc4,0x4a,0x62,0x3a,0xc4,0x52,0xa4,0x52,0xc4,0x5a,0xe5,0x5a,0xa4,0x52,0xe4,0x52,0x25,0x5b,0x45,0x63,0xe3,0x5a,0xc4,0x5a,
    0x25,0x6b,0x04,0x63,0xe4,0x62,0x66,0x7b,0xa4,0x62,0x42,0x52,0xc4,0x5a,0xe4,0x5a,0x03,0x53,0x04,0x53,0x62,0x3a,0xa2,0x42,
    0xe3,0x4a,0xa2,0x3a,0x03,0x4b,0x45,0x53,0xc3,0x3a,0x82,0x32,0x62,0x32,0xa2,0x32,0xc2,0x3a,0xc2,0x3a,0x24,0x43,0xc3,0x32,
    0xe4,0x3a,0x04,0x4b,0x61,0x3a,0xa2,0x4a,0x62,0x4a,0xc4,0x5a,0x83,0x52,0xa3,0x52,0x25,0x63,0xc3,0x52,0x41,0x3a,0xc3,0x4a,
    0xa2,0x4a,0x81,0x42,0xc2,0x4a,0x65,0x63,0x45,0x63,0x03,0x5b,0x44,0x6b,0xe3,0x5a,0xc3,0x52,0x65,0x6b,0x03,0x53,0xa2,0x4a,
    0x03,0x5b,0x86,0x63,0x85,0x63,0x45,0x63,0x87,0x63,0x02,0x3a,0x23,0x3a,0xc5,0x5a,0xa4,0x5a,0xa5,0x5a,0x84,0x5a,0xc4,0x62,
    0xc5,0x62,0xa5,0x5a,0x06,0x63,0x64,0x4a,0x81,0x21,0x21,0x19,0xa2,0x21,0x23,0x3a,0xc4,0x4a,0xe4,0x52,0x05,0x53,0x25,0x5b,
    0xe4,0x52,0x04,0x53,0x04,0x53,0x04,0x53,0x43,0x3a,0x84,0x3a,0xa3,0x42,0xc3,0x42,0x61,0x21,0x82,0x42,0x82,0x42,0x05,0x53,
    0xe3,0x4a,0x82,0x42,0xc4,0x4a,0x82,0x4a,0x41,0x42,0xe3,0x52,0xc3,0x52,0xe3,0x62,0x44,0x73,0x25,0x83,0x87,0x9b,0x68,0x93,
    0x46,0x83,0xc4,0x6a,0xe5,0x6a,0xa4,0x62,0x43,0x5a,0x42,0x52,0xa4,0x62,0x82,0x5a,0x83,0x52,0x82,0x31,0xe2,0x31,0x04,0x42,
    0x01,0x21,0xe1,0x18,0x02,0x3a,0x22,0x3a,0x42,0x42,0xa3,0x4a,0xc2,0x31,0x01,0x32,0x03,0x5b,0x43,0x5b,0x02,0x53,0xc3,0x42,
    0x62,0x32,0x02,0x2a,0x61,0x19,0xc1,0x08,0xa2,0x21,0xa3,0x21,0xa1,0x21,0x63,0x32,0x42,0x32,0xc3,0x42,0xa2,0x3a,0x03,0x4b,
    0x23,0x4b,0x21,0x32,0x81,0x3a,0x44,0x63,0xa9,0x9b,0x67,0x9b,0x47,0x9b,0x67,0x9b,0x87,0xa3,0x67,0x9b,0x46,0x9b,0x68,0xa3,
    0x06,0x8b,0x23,0x72,0x44,0x6a,0x65,0x7a,0x07,0x8b,0x23,0x5a,0xa3,0x5a,0x62,0x42,0xe3,0x52,0x22,0x5b,0x84,0x63,0x02,0x3a,
    0x20,0x11,0x01,0x11,0xa0,0x00,0x21,0x19,0xe2,0x29,0x05,0x5b,0xa3,0x4a,0x63,0x4a,0xa4,0x52,0x83,0x4a,0x63,0x4a,0x83,0x4a,
    0x83,0x4a,0x24,0x5b,0xe4,0x52,0xc3,0x52,0x05,0x5b,0x62,0x52,0xc3,0x5a,0xe4,0x5a,0x61,0x21,0xa2,0x29,0x82,0x4a,0xa3,0x4a,
    0x83,0x42,0x62,0x3a,0xc2,0x3a,0x04,0x4b,0xa2,0x3a,0x03,0x4b,0xa2,0x3a,0xc3,0x42,0x24,0x4b,0x24,0x4b,0x85,0x4b,0x44,0x4b,
    0xe2,0x3a,0xc3,0x3a,0xa2,0x32,0xe3,0x3a,0xa2,0x32,0xc3,0x3a,0x04,0x4b,0x24,0x53,0x45,0x63,0xc3,0x62,0xc3,0x62,0xa4,0x62,
    0x24,0x6b,0x25,0x63,0x04,0x5b,0xc2,0x4a,0xc2,0x4a,0x04,0x53,0x03,0x53,0x24,0x5b,0x44,0x5b,0x24,0x5b,0x85,0x6b,0x44,0x63,
    0x44,0x5b,0x45,0x63,0x23,0x53,0x23,0x53,0x44,0x5b,0x45,0x63,0x44,0x5b,0x24,0x5b,0x25,0x5b,0x84,0x4a,0xc5,0x52,0xa4,0x52,
    0x63,0x52,0x43,0x52,0x64,0x5a,0xa5,0x62,0xe5,0x62,0xe5,0x5a,0x26,0x63,0x06,0x5b,0x03,0x32,0xc5,0x4a,0xc6,0x4a,0xa4,0x4a,
    0xa4,0x4a,0xe5,0x52,0x46,0x5b,0x26,0x5b,0x25,0x5b,0x04,0x53,0x04,0x53,0x25,0x5b,0x42,0x3a,0x42,0x3a,0xe4,0x4a,0x04,0x53,
    0xe1,0x21,0xc2,0x42,0xc3,0x42,0x21,0x2a,0x82,0x3a,0xc3,0x42,0xa4,0x42,0xc1,0x29,0x62,0x42,0xc3,0x52,0x21,0x3a,0x21,0x42,
    0x82,0x5a,0x25,0x7b,0xc7,0x93,0x66,0x83,0xc7,0x93,0x45,0x73,0x04,0x6b,0x03,0x6b,0xc3,0x62,0x62,0x52,0xa2,0x52,0x61,0x4a,
    0xc2,0x4a,0xc2,0x4a,0xe4,0x4a,0x04,0x53,0x64,0x42,0xc4,0x52,0xe6,0x73,0x02,0x3a,0xa3,0x4a,0x22,0x53,0x24,0x5b,0x03,0x53,
    0xe3,0x4a,0x23,0x53,0x81,0x42,0xa2,0x3a,0x82,0x3a,0x64,0x53,0xe4,0x4a,0xa2,0x3a,0x22,0x32,0xc3,0x21,0x41,0x19,0x02,0x2a,
    0x84,0x3a,0x23,0x32,0x02,0x2a,0xa3,0x3a,0x04,0x4b,0x04,0x4b,0x82,0x3a,0x02,0x5b,0xa6,0x83,0x87,0x8b,0x46,0x8b,0xa2,0x6a,
    0xa2,0x6a,0xc3,0x72,0x45,0x8b,0x67,0x9b,0x68,0x9b,0x27,0x8b,0x27,0x8b,0x06,0x83,0x26,0x83,0x04,0x6b,0x65,0x6b,0x25,0x63,
    0x02,0x53,0x22,0x5b,0x63,0x5b,0x04,0x53,0xa4,0x4a,0xa5,0x4a,0x64,0x3a,0xe5,0x4a,0xe4,0x4a,0xc7,0x6b,0x25,0x63,0x42,0x4a,
    0xa4,0x5a,0xa4,0x52,0xa5,0x52,0xc4,0x52,0xc3,0x52,0x25,0x5b,0xe4,0x4a,0xa3,0x4a,0xe4,0x52,0x62,0x4a,0xe4,0x5a,0xe4,0x52,
    0xa1,0x21,0x44,0x3a,0xa4,0x4a,0xc4,0x4a,0xa4,0x42,0xe1,0x29,0x04,0x4b,0x45,0x4b,0x04,0x4b,0xe4,0x4a,0xe3,0x42,0x03,0x4b,
    0x44,0x53,0x44,0x4b,0x42,0x4b,0x83,0x53,0xa4,0x53,0x63,0x4b,0xe2,0x3a,0xc3,0x3a,0x62,0x2a,0x42,0x2a,0xc4,0x42,0x83,0x3a,
    0x82,0x42,0xc4,0x5a,0xc3,0x62,0x04,0x6b,0x25,0x6b,0x65,0x6b,0x44,0x63,0x24,0x5b,0x24,0x53,0x24,0x5b,0x45,0x63,0xe3,0x52,
    0xa3,0x52,0xe3,0x52,0xc1,0x4a,0x23,0x53,0x02,0x4b,0x82,0x32,0x82,0x3a,0x03,0x4b,0xa2,0x3a,0xa2,0x42,0x62,0x3a,0xc4,0x4a,
    0x05,0x53,0xe5,0x5a,0x83,0x52,0x43,0x4a,0x64,0x5a,0x23,0x52,0x84,0x5a,0x84,0x52,0xc5,0x5a,0xc5,0x5a,0xe5,0x52,0x05,0x5b,
    0xe4,0x4a,0x83,0x42,0xe4,0x52,0x42,0x3a,0xe2,0x39,0x84,0x4a,0xe6,0x52,0xc5,0x52,0xc4,0x4a,0xc4,0x52,0xe4,0x52,0x24,0x5b,
    0x04,0x53,0x03,0x53,0x04,0x53,0xc2,0x42,0xa3,0x3a,0x22,0x32,0x82,0x32,0xc2,0x42,0x62,0x32,0x21,0x2a,0x81,0x3a,0xe1,0x4a,
    0x03,0x4b,0xe2,0x4a,0x03,0x4b,0x82,0x42,0xe3,0x62,0x66,0x7b,0x03,0x63,0xc2,0x4a,0xc2,0x52,0xe2,0x52,0x02,0x63,0x23,0x63,
    0x03,0x63,0xe2,0x52,0x82,0x4a,0x03,0x5b,0x02,0x53,0x23,0x53,0x02,0x43,0x22,0x4b,0x23,0x5b,0xa2,0x4a,0x03,0x53,0x24,0x63,
    0x03,0x53,0x22,0x5b,0x22,0x53,0x02,0x53,0xa1,0x4a,0x02,0x53,0x02,0x4b,0xe2,0x42,0x02,0x4b,0x83,0x53,0x63,0x5b,0x63,0x5b,
    0x84,0x5b,0x23,0x53,0x65,0x53,0x02,0x2a,0xc2,0x21,0x41,0x11,0x21,0x11,0x81,0x19,0x81,0x19,0x22,0x32,0x62,0x3a,0xc2,0x42,
    0xa2,0x42,0xc2,0x52,0xe2,0x52,0x43,0x63,0x64,0x73,0x65,0x7b,0x03,0x73,0x25,0x83,0xe5,0x82,0x43,0x6a,0x05,0x7b,0x46,0x7b,
    0xc3,0x62,0x82,0x52,0xc2,0x52,0xe3,0x52,0x23,0x5b,0x42,0x5b,0x22,0x53,0x43,0x53,0x45,0x63,0x03,0x4b,0x64,0x5b,0xc2,0x42,
    0xc2,0x42,0xe4,0x52,0x25,0x5b,0xc4,0x52,0x43,0x4a,0xa5,0x52,0xc4,0x5a,0xa5,0x52,0xc4,0x52,0xc3,0x4a,0xc3,0x4a,0x83,0x4a,
    0xe4,0x52,0x04,0x5b,0x86,0x6b,0x25,0x63,0x63,0x4a,0x23,0x3a,0xc3,0x31,0xc1,0x29,0x22,0x2a,0x22,0x2a,0xa3,0x3a,0xa3,0x3a,
    0x24,0x4b,0xc3,0x4a,0xe3,0x42,0x24,0x4b,0x03,0x43,0xe3,0x42,0x41,0x2a,0x82,0x3a,0x44,0x4b,0x23,0x4b,0x04,0x4b,0x04,0x43,
    0x62,0x2a,0x63,0x32,0xe2,0x19,0xe2,0x21,0x63,0x3a,0x22,0x3a,0xa3,0x5a,0xc3,0x52,0xc3,0x52,0xc3,0x52,0xc3,0x4a,0x83,0x42,
    0x62,0x42,0xc2,0x4a,0xc3,0x4a,0xe3,0x52,0xc3,0x52,0x03,0x53,0x03,0x4b,0x01,0x2a,0xa1,0x11,0x62,0x2a,0xa0,0x11,0x21,0x22,
    0xc2,0x3a,0x61,0x32,0x83,0x3a,0x83,0x42,0xa3,0x4a,0xe5,0x5a,0x44,0x52,0xc2,0x39,0x64,0x52,0x64,0x52,0x23,0x4a,0x02,0x42,
    0x42,0x42,0x62,0x42,0xa3,0x4a,0x04,0x53,0x24,0x5b,0xc4,0x4a,0x25,0x5b,0x45,0x5b,0xa4,0x4a,0x85,0x4a,0x84,0x4a,0xa4,0x4a,
    0xe5,0x52,0xe4,0x52,0xc3,0x52,0x82,0x42,0xa2,0x4a,0xc3,0x4a,0x44,0x53,0x04,0x53,0x01,0x2a,0x22,0x22,0xa2,0x3a,0xa3,0x4b,
    0xc3,0x53,0x43,0x5c,0x02,0x54,0x22,0x64,0x03,0x5c,0x82,0x53,0x22,0x4b,0xe2,0x4a,0x23,0x5b,0xa4,0x6b,0xc2,0x42,0x61,0x32,
    0x40,0x3a,0xc1,0x52,0x01,0x5b,0xe2,0x62,0xe2,0x5a,0x43,0x6b,0x23,0x5b,0xe1,0x4a,0xa1,0x4a,0x03,0x4b,0x81,0x3a,0x03,0x4b,
    0x44,0x5b,0xa3,0x52,0xa2,0x52,0x03,0x63,0x22,0x53,0x23,0x5b,0xe2,0x4a,0xe2,0x52,0x42,0x53,0x21,0x53,0x42,0x53,0xa3,0x63,
    0xa3,0x5b,0xa2,0x42,0xa1,0x42,0xc2,0x4a,0x01,0x4b,0x22,0x4b,0x43,0x53,0x43,0x53,0x04,0x4b,0x84,0x3a,0xa3,0x3a,0xa3,0x4a,
    0x82,0x3a,0x61,0x32,0xe2,0x42,0xe2,0x4a,0xa2,0x42,0xe2,0x4a,0x02,0x4b,0xa1,0x4a,0xa2,0x4a,0xa1,0x52,0xe3,0x5a,0x24,0x63,
    0x04,0x63,0xe3,0x62,0xc3,0x5a,0x22,0x4a,0x62,0x42,0x21,0x3a,0x62,0x42,0xa2,0x4a,0xa1,0x42,0xe2,0x52,0xc1,0x4a,0xc2,0x52,
    0xa2,0x4a,0xe1,0x29,0xa2,0x3a,0x81,0x3a,0x42,0x32,0x01,0x32,0x83,0x4a,0x26,0x63,0x43,0x4a,0x23,0x4a,0x02,0x42,0xc4,0x5a,
    0xc4,0x52,0xe4,0x52,0x04,0x53,0x83,0x42,0xa3,0x4a,0xe4,0x5a,0x45,0x63,0x05,0x5b,0xc4,0x52,0x03,0x3a,0x21,0x19,0x04,0x2a,
    0x23,0x32,0xc1,0x21,0xa1,0x19,0xa2,0x21,0xa3,0x42,0x24,0x4b,0xe4,0x4a,0xe3,0x42,0x62,0x3a,0xe3,0x42,0xe3,0x42,0x22,0x2a,
    0x62,0x32,0x62,0x32,0x03,0x43,0x04,0x43,0xa1,0x19,0x81,0x11,0x20,0x09,0xa1,0x11,0x42,0x2a,0xa4,0x42,0x22,0x3a,0x62,0x42,
    0xc3,0x4a,0xc3,0x4a,0xc3,0x52,0xc3,0x4a,0x42,0x3a,0x82,0x42,0x24,0x5b,0x03,0x53,0x23,0x5b,0x24,0x53,0x23,0x53,0xe4,0x4a,
    0xa3,0x3a,0x23,0x4b,0xc2,0x42,0x81,0x32,0x23,0x4b,0x03,0x4b,0xc3,0x42,0x82,0x3a,0x42,0x42,0xa5,0x52,0xc5,0x5a,0xc5,0x5a,
    0xc4,0x5a,0x43,0x42,0x60,0x29,0xc2,0x31,0x43,0x42,0xc3,0x4a,0xe3,0x52,0x03,0x53,0x24,0x53,0x64,0x5b,0x64,0x5b,0x04,0x5b,
    0x05,0x5b,0xe6,0x5a,0x26,0x5b,0x06,0x5b,0x04,0x5b,0xe4,0x52,0x44,0x5b,0x24,0x5b,0x44,0x5b,0xe3,0x52,0xe3,0x52,0x04,0x53,
    0x83,0x32,0x85,0x53,0x23,0x43,0x42,0x43,0xa3,0x4b,0x42,0x43,0xc3,0x53,0xa3,0x4b,0x62,0x43,0x62,0x43,0xc3,0x53,0x82,0x4b,
    0x61,0x4b,0x61,0x43,0x02,0x3b,0xc3,0x3a,0x03,0x53,0x22,0x63,0x02,0x63,0xa1,0x5a,0xe1,0x62,0x81,0x52,0xe3,0x4a,0xc2,0x4a,
    0xa1,0x42,0x44,0x53,0x44,0x53,0x81,0x3a,0x81,0x4a,0x82,0x52,0xc3,0x62,0xa3,0x62,0xc2,0x52,0xc2,0x4a,0x82,0x4a,0x62,0x42,
    0xa2,0x4a,0x82,0x42,0x83,0x42,0x82,0x42,0x02,0x3a,0x61,0x19,0xc2,0x29,0x22,0x32,0x83,0x42,0x03,0x53,0xa1,0x42,0x42,0x4b,
    0x44,0x53,0x85,0x5b,0x84,0x5b,0xe3,0x52,0xc2,0x4a,0xe2,0x4a,0x02,0x53,0xe1,0x42,0xe1,0x42,0xe2,0x42,0xa2,0x4a,0xc2,0x4a,
    0x82,0x4a,0x41,0x3a,0xa2,0x42,0x21,0x3a,0x01,0x32,0xc4,0x52,0xc3,0x4a,0xa2,0x4a,0x42,0x3a,0x83,0x42,0xa3,0x4a,0x22,0x3a,
    0xe0,0x29,0x62,0x3a,0x82,0x42,0x82,0x42,0xa2,0x4a,0x62,0x3a,0x23,0x43,0x63,0x4b,0x20,0x2a,0x02,0x2a,0x63,0x4a,0x64,0x52,
    0x43,0x4a,0x43,0x52,0x22,0x42,0x63,0x4a,0xa4,0x52,0xa4,0x4a,0xc4,0x52,0x83,0x42,0xc3,0x4a,0xc3,0x4a,0xc2,0x4a,0xc3,0x4a,
    0x04,0x53,0x25,0x53,0xc2,0x29,0xc2,0x29,0x43,0x32,0xa4,0x3a,0x44,0x32,0xa2,0x19,0xe2,0x21,0xa2,0x32,0xc2,0x3a,0xe3,0x42,
    0x61,0x2a,0xc2,0x3a,0x02,0x43,0x02,0x43,0x03,0x43,0xe2,0x42,0x02,0x43,0x44,0x53,0x83,0x3a,0x23,0x2a,0xa4,0x42,0xc4,0x42,
    0x24,0x4b,0xa3,0x42,0x02,0x32,0x62,0x3a,0x61,0x42,0x82,0x42,0xa3,0x42,0x24,0x53,0x45,0x5b,0xe3,0x52,0xc3,0x4a,0xc2,0x4a,
    0xc3,0x52,0xe3,0x52,0xe3,0x4a,0x23,0x53,0x44,0x53,0x23,0x53,0x44,0x53,0x23,0x4b,0x23,0x53,0x23,0x53,0x62,0x3a,0x21,0x3a,
    0x63,0x4a,0x43,0x4a,0xc5,0x5a,0x26,0x6b,0xe4,0x5a,0xa4,0x52,0xc4,0x52,0x63,0x42,0x42,0x3a,0x44,0x5b,0x23,0x53,0xe3,0x4a,
    0x02,0x4b,0x43,0x53,0x24,0x5b,0x04,0x53,0xe4,0x52,0x25,0x5b,0xe4,0x52,0x62,0x42,0xa3,0x4a,0xe4,0x52,0xc3,0x52,0x82,0x4a,
    0x03,0x5b,0x84,0x63,0x44,0x63,0x23,0x53,0xc1,0x19,0x41,0x2a,0x02,0x2a,0x61,0x11,0x21,0x09,0x01,0x09,0x41,0x11,0x02,0x22,
    0xe3,0x32,0xc1,0x2a,0x02,0x3b,0x22,0x3b,0x82,0x43,0x62,0x43,0xa3,0x4b,0x22,0x3b,0xa2,0x42,0x02,0x63,0xc2,0x62,0xa1,0x62,
    0x23,0x6b,0xc2,0x5a,0x81,0x3a,0xc2,0x42,0x02,0x53,0x02,0x53,0xe3,0x52,0xa2,0x4a,0xa2,0x5a,0x63,0x5a,0x83,0x6a,0x83,0x6a,
    0x01,0x52,0xa2,0x52,0xa3,0x42,0xa1,0x29,0x21,0x19,0x41,0x21,0x21,0x19,0x61,0x21,0x80,0x08,0x02,0x19,0x63,0x21,0x63,0x21,
    0x41,0x19,0x42,0x3a,0x02,0x4b,0x82,0x3a,0x82,0x32,0xe3,0x42,0x43,0x5b,0x23,0x63,0xc2,0x5a,0xe3,0x5a,0x03,0x53,0x02,0x4b,
    0xc2,0x42,0xc1,0x42,0x24,0x53,0x24,0x53,0xc2,0x4a,0xa3,0x4a,0xe2,0x52,0x62,0x42,0x82,0x42,0x42,0x3a,0xc3,0x4a,0xc5,0x63,
    0x24,0x53,0x85,0x5b,0x44,0x53,0xa2,0x42,0xe3,0x4a,0xc2,0x42,0xa1,0x42,0x61,0x3a,0x03,0x4b,0xc2,0x42,0xe2,0x3a,0x42,0x43,
    0xe3,0x3a,0x62,0x3a,0x84,0x52,0x27,0x6b,0xc5,0x5a,0xa5,0x5a,0x23,0x42,0xa4,0x52,0xe4,0x52,0x25,0x63,0xe4,0x52,0x02,0x32,
    0x62,0x3a,0xa2,0x3a,0x03,0x4b,0xe3,0x4a,0xc3,0x52,0x04,0x53,0xc4,0x4a,0xa3,0x42,0xe4,0x42,0xe3,0x3a,0x44,0x4b,0x22,0x3b,
    0x82,0x2a,0x23,0x3b,0xe3,0x3a,0x85,0x4b,0x23,0x43,0xa2,0x32,0x62,0x2a,0xe2,0x3a,0x02,0x43,0x03,0x4b,0xe2,0x42,0x03,0x4b,
    0x64,0x5b,0x86,0x63,0x45,0x63,0x44,0x5b,0x24,0x53,0x62,0x42,0x22,0x32,0xa2,0x42,0x82,0x42,0x44,0x5b,0x04,0x53,0xa3,0x4a,
    0x04,0x53,0x24,0x5b,0x24,0x5b,0x24,0x5b,0xe4,0x52,0x03,0x5b,0xe3,0x52,0x03,0x53,0xe3,0x4a,0x03,0x4b,0x24,0x53,0xe3,0x4a,
    0xc2,0x4a,0x04,0x53,0xc2,0x4a,0x83,0x4a,0xc4,0x5a,0xc5,0x5a,0x63,0x5a,0xc4,0x5a,0xc4,0x5a,0x04,0x5b,0x44,0x5b,0x24,0x53,
    0xe3,0x42,0x44,0x53,0x03,0x43,0x82,0x3a,0x23,0x4b,0x22,0x4b,0x23,0x53,0x64,0x5b,0x02,0x53,0x23,0x53,0xc3,0x52,0xa2,0x4a,
    0xc3,0x52,0xc4,0x52,0x21,0x3a,0xc0,0x31,0x62,0x42,0xc3,0x52,0xe3,0x52,0xc2,0x42,0x22,0x2a,0x42,0x32,0x00,0x09,0xe1,0x08,
    0x60,0x00,0x61,0x08,0x21,0x00,0x80,0x08,0x43,0x2a,0x43,0x43,0x03,0x3b,0x82,0x22,0x83,0x43,0xa2,0x43,0xa2,0x43,0x62,0x43,
    0x42,0x4b,0x01,0x53,0xc2,0x5a,0x81,0x5a,0xc2,0x62,0xc3,0x5a,0x61,0x3a,0x61,0x3a,0xa2,0x4a,0x23,0x63,0x24,0x6b,0x45,0x73,
    0x04,0x73,0xc4,0x6a,0x42,0x6a,0x84,0x72,0x83,0x6a,0xa3,0x5a,0xa2,0x4a,0x23,0x3a,0xa1,0x10,0xe1,0x10,0x62,0x21,0x45,0x42,
    0x24,0x3a,0xa5,0x42,0x62,0x21,0xc1,0x10,0xc0,0x08,0xa1,0x21,0x22,0x2a,0xc3,0x42,0x63,0x32,0x82,0x3a,0x02,0x53,0xe2,0x52,
    0xe3,0x62,0xe2,0x5a,0x44,0x63,0x83,0x63,0xc5,0x63,0x64,0x53,0xa2,0x42,0x23,0x53,0x24,0x5b,0x45,0x63,0x23,0x5b,0x23,0x5b,
    0x64,0x63,0xa2,0x4a,0x44,0x5b,0x83,0x5b,0x22,0x4b,0x23,0x43,0xa1,0x3a,0x63,0x53,0x22,0x4b,0xc4,0x5b,0x43,0x53,0xa1,0x3a,
    0xe2,0x4a,0x23,0x4b,0xc1,0x32,0x22,0x33,0x22,0x3b,0xc2,0x42,0x83,0x4a,0x07,0x63,0xe6,0x62,0x47,0x6b,0xa3,0x31,0x61,0x29,
    0x63,0x4a,0xc4,0x52,0x46,0x63,0x62,0x3a,0xc1,0x21,0x83,0x32,0x42,0x3a,0xe4,0x4a,0xc3,0x52,0xc3,0x4a,0x81,0x42,0x22,0x4b,
    0x62,0x4b,0x62,0x4b,0x83,0x4b,0x01,0x33,0x81,0x22,0x03,0x3b,0xc2,0x2a,0x20,0x1a,0x62,0x22,0x82,0x22,0x01,0x1a,0x24,0x43,
    0x23,0x43,0xc1,0x3a,0xc2,0x42,0xe3,0x4a,0xc3,0x4a,0x83,0x4a,0xc3,0x4a,0x04,0x53,0x65,0x5b,0x04,0x53,0xe4,0x52,0x04,0x53,
    0x03,0x4b,0xe3,0x4a,0x41,0x3a,0x62,0x3a,0xa3,0x4a,0xc4,0x4a,0x83,0x4a,0x83,0x4a,0xa2,0x52,0xc3,0x4a,0xa3,0x4a,0xa2,0x4a,
    0xc3,0x4a,0x23,0x3a,0xe2,0x31,0x22,0x3a,0xc3,0x4a,0xa2,0x52,0xa3,0x52,0xe4,0x5a,0x83,0x5a,0x02,0x4a,0xe1,0x41,0x63,0x52,
    0x22,0x4a,0x42,0x42,0x03,0x5b,0xa3,0x42,0x41,0x2a,0x03,0x43,0x42,0x4b,0x43,0x4b,0x23,0x4b,0x02,0x4b,0xe2,0x4a,0x22,0x53,
    0x02,0x53,0x02,0x53,0xe2,0x4a,0x22,0x5b,0x84,0x6b,0xe5,0x73,0x64,0x6b,0x23,0x63,0xa2,0x52,0x41,0x3a,0x82,0x42,0x41,0x32,
    0xc2,0x3a,0x81,0x19,0xa0,0x00,0x41,0x11,0x03,0x32,0xc2,0x21,0x01,0x11,0xc1,0x10,0xe1,0x10,0xc0,0x00,0x22,0x22,0x63,0x3b,
    0x02,0x33,0x22,0x33,0xc2,0x4b,0xc3,0x43,0x62,0x3b,0x02,0x4b,0x02,0x63,0x62,0x52,0xe1,0x41,0x63,0x52,0x22,0x3a,0x62,0x42,
    0xa3,0x52,0xe3,0x6a,0xa3,0x62,0x01,0x52,0x42,0x5a,0x82,0x62,0xc4,0x72,0x84,0x72,0xa4,0x6a,0x62,0x5a,0xc3,0x6a,0x05,0x6b,
    0xe1,0x18,0xe1,0x10,0x62,0x21,0x81,0x29,0xc4,0x4a,0x64,0x5b,0x63,0x3a,0x22,0x32,0x04,0x4b,0xa3,0x42,0xe2,0x42,0x23,0x4b,
    0xc3,0x3a,0x83,0x32,0x44,0x53,0x82,0x4a,0xc3,0x52,0xe1,0x39,0xa2,0x4a,0x02,0x4b,0x42,0x32,0xc3,0x4a,0x85,0x63,0xe3,0x52,
    0xc4,0x52,0x04,0x5b,0xc3,0x52,0xe3,0x52,0x04,0x5b,0x63,0x42,0x63,0x42,0xe3,0x52,0xa3,0x42,0x82,0x3a,0x02,0x3b,0x02,0x43,
    0x62,0x43,0x22,0x43,0x83,0x53,0xe2,0x42,0xa1,0x3a,0x43,0x4b,0x63,0x3b,0x23,0x3b,0xe1,0x2a,0x43,0x4b,0x04,0x53,0x26,0x63,
    0xe5,0x52,0x05,0x5b,0xc4,0x52,0xe4,0x52,0xc3,0x52,0x83,0x52,0xe4,0x5a,0x04,0x53,0x82,0x3a,0xa3,0x3a,0x82,0x3a,0x24,0x53,
    0x44,0x5b,0x03,0x53,0xe3,0x4a,0xe2,0x4a,0x61,0x2a,0xe2,0x32,0xa2,0x2a,0x62,0x22,0x82,0x1a,0xc2,0x2a,0x62,0x22,0x83,0x2a,
    0x01,0x1a,0x62,0x22,0xa2,0x2a,0x82,0x32,0xa2,0x32,0x43,0x53,0x43,0x53,0x03,0x4b,0xc3,0x4a,0xa3,0x42,0x04,0x53,0x04,0x53,
    0xa2,0x42,0xe4,0x4a,0xc4,0x4a,0x24,0x53,0xe3,0x4a,0xe3,0x4a,0xc3,0x42,0xa3,0x42,0x22,0x3a,0x41,0x21,0x41,0x21,0x02,0x3a,
    0x63,0x4a,0x82,0x4a,0xc3,0x52,0xe3,0x5a,0xc3,0x52,0x64,0x4a,0xc2,0x29,0x62,0x42,0xc4,0x52,0xa2,0x52,0x82,0x52,0x21,0x4a,
    0x83,0x52,0x22,0x4a,0xa4,0x5a,0xe4,0x62,0x04,0x5b,0xc3,0x52,0x44,0x63,0x21,0x32,0xa1,0x11,0x62,0x2a,0xc2,0x32,0xe2,0x3a,
    0x82,0x32,0xc2,0x42,0x23,0x53,0x23,0x53,0x23,0x53,0x22,0x53,0x63,0x5b,0x42,0x5b,0x42,0x5b,0x22,0x63,0x62,0x63,0xc2,0x73,
    0xc4,0x6b,0x43,0x5b,0x83,0x42,0x42,0x32,0x22,0x4b,0xc2,0x3a,0x23,0x32,0x02,0x2a,0x23,0x4b,0xa1,0x3a,0x23,0x43,0x42,0x32,
    0xe2,0x21,0x03,0x22,0xe2,0x32,0x03,0x3b,0x03,0x22,0x01,0x1a,0x02,0x22,0xe3,0x21,0x02,0x22,0x42,0x32,0xc2,0x52,0xc3,0x5a,
    0x21,0x4a,0x21,0x42,0x61,0x4a,0x62,0x52,0xe3,0x62,0x83,0x62,0x62,0x62,0xe2,0x51,0xa1,0x41,0x62,0x5a,0xe2,0x51,0x43,0x62,
    0x83,0x62,0x22,0x5a,0x42,0x62,0xa4,0x62,0xa1,0x18,0xa2,0x31,0x22,0x3a,0x03,0x32,0xc3,0x42,0x43,0x53,0xc4,0x63,0xe4,0x63,
    0x42,0x4b,0x82,0x5b,0xe2,0x42,0x61,0x3a,0x65,0x53,0x82,0x32,0x83,0x3a,0xe3,0x4a,0xe3,0x4a,0x22,0x32,0xe2,0x31,0xa2,0x42,
    0x83,0x3a,0x61,0x3a,0xc3,0x4a,0x61,0x3a,0xc3,0x52,0xc3,0x4a,0x04,0x5b,0x63,0x4a,0x23,0x3a,0xe2,0x39,0x03,0x3a,0x43,0x42,
    0xe5,0x52,0xe4,0x4a,0xe3,0x42,0x43,0x43,0x22,0x43,0xe1,0x3a,0x43,0x4b,0x64,0x53,0xe2,0x42,0x23,0x43,0x63,0x43,0x62,0x3b,
    0x02,0x33,0x63,0x43,0xe5,0x5b,0x43,0x53,0x84,0x5b,0x63,0x5b,0x22,0x4b,0xe3,0x63,0xe4,0x6b,0x22,0x5b,0x03,0x53,0xa4,0x63,
    0xc5,0x63,0x64,0x5b,0x84,0x63,0x44,0x5b,0x45,0x63,0x65,0x63,0xa5,0x6b,0xc3,0x3a,0x61,0x11,0x82,0x19,0x81,0x19,0xe1,0x00,
    0xc2,0x21,0xe2,0x19,0x02,0x1a,0x23,0x22,0x41,0x11,0x22,0x22,0x23,0x3b,0x22,0x3b,0x02,0x43,0x22,0x4b,0xc1,0x42,0xe2,0x4a,
    0xe4,0x4a,0xe1,0x31,0xe2,0x39,0xa2,0x21,0x23,0x32,0xe2,0x29,0x82,0x21,0x21,0x19,0xc1,0x21,0xc3,0x42,0xc3,0x42,0x42,0x3a,
    0x84,0x4a,0x04,0x3a,0xc3,0x39,0x01,0x21,0x41,0x29,0x22,0x42,0x82,0x4a,0x04,0x53,0x24,0x5b,0x65,0x63,0x65,0x63,0x04,0x53,
    0xe4,0x52,0xe3,0x5a,0xc3,0x52,0x22,0x42,0xa3,0x52,0x62,0x52,0x42,0x4a,0x82,0x52,0xe5,0x5a,0xe5,0x62,0x82,0x42,0xa3,0x42,
    0x02,0x2a,0x61,0x11,0x01,0x22,0xa2,0x32,0xe3,0x42,0xc3,0x3a,0xe2,0x42,0xc2,0x42,0xe1,0x4a,0x01,0x4b,0x00,0x4b,0xc1,0x4a,
    0x81,0x42,0x80,0x4a,0x01,0x53,0x41,0x63,0x62,0x63,0x02,0x53,0xc1,0x29,0x63,0x3a,0x22,0x4b,0x41,0x4b,0x63,0x53,0x02,0x43,
    0xc1,0x3a,0x41,0x2a,0x40,0x2a,0x42,0x43,0x62,0x4b,0xe2,0x32,0x02,0x33,0x42,0x22,0x60,0x00,0xe1,0x10,0xc2,0x10,0x20,0x00,
    0x23,0x19,0x21,0x19,0x62,0x4a,0x82,0x52,0xa2,0x52,0xc3,0x5a,0xa2,0x5a,0xc3,0x52,0xc3,0x5a,0x83,0x62,0x01,0x52,0x42,0x5a,
    0x22,0x5a,0x83,0x62,0x43,0x5a,0x02,0x52,0x63,0x62,0x63,0x62,0xe1,0x51,0xa3,0x5a,0x84,0x4a,0xe3,0x4a,0xc1,0x4a,0xe2,0x4a,
    0x63,0x5b,0xe2,0x42,0x61,0x3a,0x41,0x2a,0x02,0x4b,0x01,0x4b,0xa2,0x42,0x02,0x4b,0x22,0x4b,0x03,0x4b,0xc2,0x42,0x03,0x4b,
    0xc2,0x4a,0xc3,0x4a,0xa2,0x4a,0xc1,0x42,0x63,0x5b,0xe2,0x4a,0xe2,0x42,0xc2,0x42,0xe3,0x42,0xc2,0x4a,0x62,0x42,0xe2,0x39,
    0x02,0x42,0x41,0x29,0x84,0x4a,0x85,0x52,0xc5,0x4a,0x46,0x5b,0x05,0x43,0xa2,0x32,0xe2,0x32,0x65,0x4b,0x84,0x4b,0xa2,0x3a,
    0xe3,0x42,0xe2,0x3a,0x02,0x3b,0xe2,0x2a,0x22,0x3b,0xc2,0x32,0xc2,0x42,0x83,0x53,0x02,0x4b,0x83,0x53,0x42,0x53,0xa2,0x5b,
    0xc2,0x63,0x01,0x53,0x02,0x53,0x42,0x5b,0x63,0x5b,0xe1,0x4a,0xe2,0x4a,0xc1,0x52,0xe2,0x52,0x23,0x5b,0x63,0x5b,0x82,0x3a,
    0xe2,0x21,0xc1,0x08,0x01,0x09,0xe3,0x29,0x03,0x22,0x82,0x11,0x23,0x22,0xe3,0x19,0xe3,0x21,0xa3,0x2a,0x03,0x3b,0x83,0x43,
    0x63,0x43,0x43,0x4b,0x24,0x53,0xa2,0x42,0x42,0x3a,0x24,0x3a,0x01,0x19,0x61,0x00,0xe1,0x10,0xa2,0x21,0x64,0x3a,0xc5,0x42,
    0xc4,0x42,0x66,0x5b,0x22,0x32,0xc3,0x31,0xc3,0x39,0x65,0x52,0x66,0x52,0x05,0x42,0xc4,0x39,0x83,0x4a,0x65,0x63,0x65,0x63,
    0x86,0x6b,0x65,0x63,0x45,0x63,0x45,0x5b,0x04,0x5b,0x04,0x5b,0x23,0x5b,0xe4,0x5a,0x04,0x5b,0x24,0x63,0xa3,0x52,0x83,0x52,
    0x01,0x3a,0x22,0x42,0x60,0x29,0x23,0x32,0xe4,0x5a,0x24,0x6b,0x45,0x6b,0x21,0x32,0x22,0x22,0xe3,0x3a,0xe1,0x42,0xe1,0x42,
    0x42,0x53,0x42,0x53,0x02,0x4b,0xe1,0x4a,0xc1,0x4a,0x01,0x53,0x02,0x5b,0xa1,0x4a,0x80,0x42,0xc2,0x4a,0xc3,0x4a,0x03,0x53,
    0xe2,0x42,0xa1,0x3a,0xa3,0x53,0xc3,0x5b,0xe1,0x42,0xa1,0x32,0xc3,0x53,0xe2,0x42,0x22,0x43,0x02,0x43,0x81,0x22,0x42,0x22,
    0x02,0x2a,0xc3,0x3a,0x43,0x2a,0xa2,0x19,0xc3,0x29,0xc1,0x08,0x02,0x3a,0x21,0x3a,0x81,0x4a,0xe3,0x52,0xe2,0x5a,0xa1,0x52,
    0x01,0x4a,0x42,0x52,0x63,0x5a,0x43,0x5a,0x83,0x5a,0xc4,0x62,0x83,0x62,0x42,0x5a,0x62,0x5a,0x21,0x52,0x82,0x5a,0xe2,0x5a,
    0x22,0x53,0x41,0x53,0x82,0x53,0xe1,0x4a,0xe2,0x42,0xa1,0x3a,0x42,0x32,0x23,0x2a,0xe2,0x42,0xc1,0x3a,0x23,0x4b,0x21,0x4b,
    0xc1,0x42,0x01,0x43,0x22,0x4b,0xe1,0x4a,0xe1,0x4a,0x22,0x53,0x82,0x4a,0x21,0x3a,0x02,0x53,0x02,0x4b,0x61,0x32,0x82,0x3a,
    0x41,0x32,0xe2,0x4a,0xa3,0x52,0x84,0x52,0x23,0x4a,0xe1,0x39,0x42,0x42,0xa3,0x4a,0x63,0x42,0xa3,0x42,0x62,0x2a,0x61,0x2a,
    0x43,0x43,0x03,0x3b,0x62,0x2a,0x81,0x32,0xc2,0x3a,0xc1,0x3a,0x02,0x33,0x22,0x3b,0x22,0x3b,0x63,0x43,0xe1,0x42,0x03,0x43,
    0xc1,0x32,0x42,0x4b,0x62,0x53,0x61,0x53,0x82,0x5b,0x42,0x53,0x41,0x53,0x41,0x53,0x83,0x5b,0x42,0x5b,0x01,0x4b,0x01,0x53,
    0xe2,0x4a,0xc1,0x4a,0x03,0x5b,0xa2,0x3a,0x03,0x22,0xe2,0x21,0xe4,0x32,0x61,0x2a,0xa3,0x32,0x62,0x19,0x81,0x11,0x23,0x2a,
    0x23,0x22,0x03,0x1a,0x81,0x11,0x83,0x2a,0xe2,0x3a,0xa1,0x32,0xe1,0x3a,0x44,0x53,0xe3,0x4a,0x03,0x32,0xe2,0x10,0xc1,0x10,
    0x44,0x3a,0xc4,0x4a,0x62,0x3a,0xa2,0x42,0x24,0x53,0x66,0x63,0x44,0x42,0x45,0x4a,0xe4,0x41,0x26,0x52,0x87,0x5a,0xc4,0x41,
    0x04,0x4a,0xa6,0x62,0x47,0x63,0x46,0x63,0x25,0x63,0x03,0x5b,0x03,0x53,0xe3,0x5a,0xc3,0x4a,0xc3,0x52,0x44,0x5b,0xc3,0x52,
    0x82,0x42,0xc3,0x52,0x62,0x4a,0x02,0x42,0x43,0x4a,0x63,0x52,0x84,0x52,0xc2,0x39,0x24,0x6b,0x42,0x7b,0x43,0x83,0x23,0x63,
    0xe3,0x42,0x43,0x4b,0x22,0x43,0x23,0x53,0xa1,0x3a,0x61,0x3a,0x61,0x3a,0x81,0x3a,0xe1,0x4a,0x43,0x5b,0xe1,0x4a,0xc1,0x52,
    0x22,0x5b,0x02,0x53,0xa2,0x4a,0xc1,0x4a,0xe1,0x21,0xe1,0x29,0xe2,0x4a,0x41,0x4b,0xa1,0x3a,0xc1,0x3a,0x40,0x4b,0x42,0x4b,
    0x02,0x43,0x83,0x4b,0x64,0x43,0xa4,0x4b,0xa1,0x2a,0x43,0x33,0x24,0x54,0x63,0x43,0x83,0x43,0xe4,0x3a,0xc2,0x3a,0x02,0x43,
    0x42,0x4b,0x23,0x53,0x82,0x3a,0xe1,0x31,0x22,0x4a,0xc3,0x62,0x43,0x52,0xe2,0x49,0xe2,0x51,0x22,0x4a,0x42,0x52,0x62,0x5a,
    0x82,0x5a,0xc3,0x62,0x04,0x63,0x22,0x5b,0x02,0x4b,0x21,0x53,0xe2,0x4a,0xa1,0x42,0x22,0x4b,0xc2,0x42,0x82,0x3a,0x02,0x2a,
    0x21,0x2a,0x62,0x32,0xc1,0x21,0xe2,0x4a,0x22,0x53,0x42,0x53,0x62,0x53,0x83,0x63,0x42,0x5b,0x83,0x5b,0x22,0x53,0x61,0x42,
    0xc1,0x52,0x23,0x53,0x01,0x2a,0xe1,0x21,0xc1,0x21,0xa2,0x42,0xe3,0x5a,0xc3,0x52,0xc3,0x5a,0x81,0x4a,0x64,0x63,0xa5,0x63,
    0x23,0x53,0x81,0x32,0xe3,0x42,0xe3,0x32,0x81,0x2a,0xe3,0x32,0x62,0x2a,0xa2,0x32,0xe2,0x42,0xe2,0x3a,0xc2,0x32,0x02,0x33,
    0x21,0x33,0x42,0x43,0xc4,0x4b,0xe2,0x3a,0xa1,0x32,0x42,0x53,0x41,0x53,0x01,0x4b,0x21,0x4b,0x82,0x5b,0xc2,0x5b,0x82,0x5b,
    0xa2,0x5b,0xa2,0x63,0xa3,0x5b,0xa2,0x63,0xa2,0x63,0x62,0x5b,0x21,0x53,0x87,0x7c,0xe4,0x42,0x62,0x32,0x42,0x2a,0x24,0x4b,
    0x45,0x53,0xa1,0x08,0x04,0x2a,0x83,0x21,0xc1,0x08,0x01,0x11,0xe1,0x08,0x82,0x11,0x22,0x22,0xc3,0x32,0xe3,0x42,0x61,0x3a,
    0x83,0x3a,0xe3,0x29,0x80,0x08,0x04,0x32,0x66,0x5b,0x04,0x4b,0x04,0x53,0x05,0x53,0x65,0x5b,0x85,0x4a,0xc3,0x39,0xa3,0x41,
    0xa3,0x41,0x84,0x41,0xe4,0x49,0xc4,0x49,0x83,0x41,0xc4,0x41,0xe3,0x49,0xe6,0x62,0x46,0x6b,0xe4,0x52,0x04,0x5b,0x04,0x53,
    0x63,0x42,0x01,0x32,0xa3,0x4a,0xc3,0x4a,0x04,0x53,0xe3,0x52,0xc3,0x4a,0x42,0x42,0xe2,0x41,0x01,0x4a,0x62,0x52,0x81,0x31,
    0x20,0x42,0xe1,0x62,0xa0,0x62,0x03,0x5b,0xe3,0x4a,0x62,0x2a,0x41,0x2a,0x03,0x4b,0x64,0x53,0x21,0x2a,0x82,0x3a,0xc2,0x42,
    0x62,0x42,0xc2,0x4a,0x03,0x5b,0xc1,0x4a,0x62,0x63,0x62,0x5b,0x02,0x5b,0x22,0x5b,0xc1,0x10,0x43,0x19,0x21,0x2a,0xe1,0x42,
    0x20,0x2a,0x21,0x22,0xe1,0x3a,0x41,0x43,0x42,0x43,0x02,0x43,0x42,0x3b,0xa3,0x4b,0xe4,0x4b,0x22,0x3b,0x42,0x33,0x22,0x33,
    0x82,0x43,0xe4,0x43,0x82,0x43,0x03,0x3b,0xc3,0x4b,0x83,0x4b,0xe2,0x42,0x03,0x43,0x02,0x4b,0x02,0x4b,0xe3,0x4a,0x63,0x3a,
    0xc1,0x39,0xc2,0x41,0xa3,0x5a,0x82,0x5a,0x83,0x5a,0x62,0x52,0x81,0x52,0xe1,0x52,0xa1,0x42,0xa1,0x3a,0x41,0x32,0x61,0x32,
    0xe2,0x42,0x22,0x4b,0xa2,0x3a,0x01,0x2a,0x42,0x32,0x41,0x32,0x43,0x32,0xe3,0x42,0x03,0x4b,0xc1,0x42,0x42,0x53,0xa1,0x42,
    0x81,0x42,0x62,0x5b,0xe4,0x6b,0x42,0x5b,0x43,0x5b,0x42,0x53,0x44,0x53,0x62,0x32,0x82,0x3a,0x44,0x5b,0x24,0x5b,0x23,0x5b,
    0x84,0x63,0x02,0x53,0x63,0x5b,0x63,0x4b,0x25,0x64,0xe4,0x5b,0xc1,0x32,0x23,0x3b,0xe2,0x32,0xe3,0x32,0x65,0x4b,0xa2,0x3a,
    0x03,0x43,0xe2,0x3a,0x02,0x3b,0x02,0x33,0x23,0x3b,0xe2,0x32,0x03,0x3b,0xa2,0x2a,0xc2,0x32,0xe4,0x63,0x04,0x64,0x21,0x4b,
    0x22,0x53,0xa2,0x5b,0x81,0x5b,0xa2,0x5b,0xa1,0x5b,0x41,0x53,0x61,0x53,0x61,0x53,0x61,0x5b,0xa2,0x63,0x22,0x5b,0x81,0x53,
    0x05,0x6c,0x63,0x32,0x81,0x11,0x44,0x43,0x65,0x5b,0xc3,0x21,0x21,0x11,0x23,0x11,0xe2,0x10,0x22,0x19,0x83,0x21,0x21,0x09,
    0x03,0x22,0x41,0x22,0x23,0x43,0x43,0x53,0xe3,0x4a,0x24,0x53,0x05,0x53,0x45,0x5b,0x03,0x4b,0x03,0x53,0x44,0x53,0x04,0x4b,
    0x64,0x42,0xc1,0x18,0x84,0x41,0x62,0x41,0xa5,0x49,0x83,0x41,0x83,0x41,0xa4,0x41,0x83,0x39,0xa4,0x41,0x83,0x41,0x04,0x4a,
    0x26,0x6b,0x46,0x63,0xa6,0x6b,0x65,0x63,0x86,0x6b,0x24,0x53,0x62,0x42,0xc3,0x4a,0x44,0x5b,0x43,0x5b,0x84,0x63,0x64,0x6b,
    0x23,0x5b,0x82,0x52,0xe2,0x52,0x02,0x53,0x02,0x5b,0x02,0x5b,0xe2,0x5a,0xe3,0x52,0x82,0x3a,0x23,0x32,0xe1,0x21,0xa3,0x3a,
    0x43,0x53,0xa1,0x42,0xe1,0x42,0x81,0x3a,0x21,0x32,0x82,0x42,0x02,0x53,0xa2,0x4a,0x80,0x4a,0xe2,0x52,0xc1,0x4a,0x01,0x5b,
    0x22,0x19,0x62,0x19,0x01,0x11,0x62,0x2a,0x02,0x43,0x02,0x43,0xa1,0x32,0xa1,0x32,0x81,0x32,0x01,0x3b,0x62,0x43,0x22,0x3b,
    0x63,0x43,0x41,0x22,0xc1,0x11,0x03,0x33,0x23,0x2b,0xa2,0x22,0x42,0x33,0x01,0x2b,0x62,0x3b,0x82,0x43,0x82,0x43,0xc3,0x4b,
    0x04,0x54,0x83,0x4b,0xa4,0x53,0xa3,0x53,0x22,0x32,0x41,0x21,0x62,0x4a,0xc3,0x52,0xa3,0x5a,0x42,0x42,0xa2,0x4a,0xa1,0x4a,
    0xa1,0x42,0xa2,0x3a,0x82,0x32,0x80,0x19,0x01,0x2a,0xa1,0x42,0x02,0x4b,0xe3,0x42,0xc3,0x42,0x64,0x5b,0xc2,0x4a,0x62,0x3a,
    0xe2,0x4a,0x42,0x53,0x03,0x64,0x61,0x53,0x02,0x4b,0x82,0x5b,0xe4,0x6b,0x62,0x5b,0x63,0x5b,0xa3,0x63,0xa3,0x5b,0x44,0x53,
    0x03,0x4b,0x23,0x3a,0x82,0x21,0x22,0x3a,0x24,0x5b,0x84,0x5b,0xc2,0x42,0xc2,0x3a,0xc2,0x3a,0x44,0x43,0x63,0x4b,0xa3,0x4b,
    0x83,0x43,0xe3,0x3a,0xc3,0x32,0xe3,0x3a,0xe2,0x3a,0x43,0x43,0xa5,0x53,0x22,0x3b,0x62,0x22,0xc1,0x11,0x62,0x22,0xc3,0x2a,
    0xa2,0x3a,0xa4,0x63,0x04,0x6c,0xc3,0x5b,0x62,0x53,0x41,0x4b,0x01,0x3b,0x01,0x43,0x62,0x4b,0x02,0x64,0xa1,0x53,0x21,0x4b,
    0x41,0x53,0x41,0x53,0x21,0x4b,0xa1,0x4a,0x43,0x5b,0x04,0x53,0x03,0x4b,0x62,0x2a,0x42,0x2a,0xe2,0x21,0x03,0x2a,0xc1,0x08,
    0x81,0x08,0x40,0x00,0xe2,0x10,0x03,0x22,0x43,0x2a,0xa1,0x11,0xa3,0x32,0x83,0x32,0x82,0x3a,0xc3,0x3a,0x62,0x3a,0xa2,0x4a,
    0x03,0x53,0x23,0x53,0x23,0x53,0xc3,0x42,0x61,0x19,0x22,0x21,0xc4,0x41,0x83,0x39,0x04,0x4a,0x04,0x42,0x63,0x39,0x83,0x41,
    0x83,0x41,0x63,0x39,0x05,0x52,0x04,0x4a,0x65,0x5a,0x63,0x4a,0xe3,0x52,0x02,0x32,0x82,0x3a,0x84,0x63,0x82,0x4a,0xe3,0x52,
    0xc2,0x4a,0xa2,0x42,0xe2,0x52,0xa2,0x52,0x03,0x5b,0x43,0x63,0x23,0x5b,0xe2,0x52,0x83,0x63,0x22,0x53,0x23,0x5b,0xa4,0x6b,
    0x44,0x6b,0xe3,0x52,0x23,0x5b,0x43,0x63,0x83,0x63,0x22,0x5b,0xa2,0x4a,0x81,0x42,0xc1,0x4a,0xa4,0x6b,0xe2,0x52,0x23,0x63,
    0xc2,0x52,0x03,0x63,0x03,0x5b,0xc1,0x5a,0x40,0x00,0x62,0x21,0x61,0x19,0x21,0x2a,0xe1,0x3a,0x82,0x53,0x21,0x43,0xe1,0x3a,
    0x01,0x22,0x63,0x32,0x21,0x22,0x62,0x2a,0xc1,0x19,0x41,0x09,0x60,0x09,0xa4,0x2a,0xa1,0x11,0xc0,0x11,0x44,0x3b,0x22,0x33,
    0xe2,0x2a,0x01,0x2b,0xc4,0x4b,0x63,0x3b,0xa2,0x43,0xc2,0x4b,0x04,0x5c,0x03,0x5c,0xc3,0x53,0x42,0x43,0x23,0x43,0x03,0x43,
    0xa2,0x3a,0xe3,0x4a,0x41,0x3a,0x62,0x42,0xa2,0x42,0xc1,0x21,0xc1,0x19,0xa0,0x19,0x81,0x19,0x41,0x11,0xe1,0x29,0xe3,0x4a,
    0x84,0x42,0x22,0x32,0x63,0x3a,0x22,0x3a,0x63,0x3a,0x22,0x32,0xc1,0x42,0xa3,0x5b,0xa2,0x42,0x82,0x3a,0xa4,0x42,0x62,0x42,
    0xe3,0x4a,0x23,0x53,0xa2,0x42,0xa3,0x42,0x22,0x32,0x61,0x19,0x02,0x19,0x01,0x19,0x22,0x32,0x62,0x3a,0x61,0x32,0xa2,0x3a,
    0xe2,0x3a,0x02,0x43,0x43,0x43,0x84,0x4b,0xe2,0x32,0x41,0x1a,0xc2,0x32,0xc6,0x53,0x85,0x53,0x23,0x43,0x82,0x2a,0x01,0x22,
    0x81,0x11,0xe1,0x08,0xe2,0x19,0xa2,0x32,0x43,0x43,0xe4,0x5b,0xc4,0x5b,0x01,0x3b,0x63,0x4b,0xe1,0x3a,0xa1,0x32,0x02,0x33,
    0x42,0x43,0xa2,0x4b,0x81,0x4b,0xa2,0x53,0x20,0x43,0xc2,0x5b,0x83,0x74,0xc1,0x3a,0x83,0x3a,0x63,0x3a,0x06,0x74,0x65,0x5b,
    0xa5,0x6b,0x25,0x53,0xc3,0x31,0x07,0x53,0xa7,0x4a,0x40,0x00,0xa0,0x00,0xa3,0x21,0x22,0x11,0x21,0x11,0xa2,0x19,0xc0,0x08,
    0x81,0x19,0x63,0x32,0xe2,0x29,0x83,0x4a,0xc3,0x4a,0xa2,0x42,0x83,0x3a,0x23,0x43,0x82,0x32,0xc4,0x3a,0xc4,0x42,0xa4,0x3a,
    0xc4,0x42,0xc4,0x42,0xc4,0x4a,0xa5,0x52,0xc3,0x49,0x42,0x39,0xe5,0x49,0x44,0x52,0x86,0x5a,0xc2,0x39,0xe1,0x31,0xa1,0x21,
    0x21,0x32,0x62,0x3a,0x81,0x42,0x24,0x5b,0xc2,0x4a,0x62,0x42,0x21,0x3a,0x42,0x42,0x03,0x63,0x63,0x63,0x64,0x63,0xe2,0x52,
    0xe2,0x5a,0x22,0x5b,0x23,0x63,0xe5,0x7b,0xc4,0x7b,0x84,0x73,0x63,0x73,0x83,0x73,0x83,0x73,0xc3,0x73,0x63,0x6b,0x83,0x6b,
    0x43,0x6b,0x42,0x63,0x83,0x73,0x42,0x6b,0xc1,0x62,0x64,0x73,0x43,0x6b,0xe1,0x62,0xe2,0x31,0x82,0x3a,0x41,0x4b,0x22,0x4b,
    0x41,0x2a,0x82,0x32,0x41,0x4b,0x82,0x4b,0xc2,0x3a,0x21,0x11,0x80,0x00,0xe1,0x08,0xa2,0x19,0x02,0x22,0xa4,0x32,0x23,0x22,
    0x61,0x11,0x41,0x09,0xe2,0x19,0xc1,0x11,0x81,0x11,0x82,0x22,0x63,0x3b,0x42,0x33,0xc1,0x2a,0x82,0x3b,0x63,0x3b,0x42,0x3b,
    0xe3,0x53,0xe4,0x53,0xc1,0x32,0x41,0x2a,0xe0,0x21,0xe1,0x29,0xe1,0x29,0xe3,0x4a,0x43,0x53,0x44,0x4b,0x62,0x32,0x22,0x2a,
    0x81,0x19,0x22,0x11,0xe4,0x29,0xc2,0x29,0x22,0x32,0x83,0x4a,0xe2,0x31,0xa2,0x29,0xe3,0x4a,0x81,0x3a,0x03,0x2a,0xa3,0x3a,
    0xa2,0x3a,0x82,0x21,0xc1,0x08,0x41,0x19,0xe3,0x4a,0x24,0x4b,0xc3,0x4a,0xe4,0x4a,0x04,0x53,0x24,0x53,0x05,0x53,0xc2,0x29,
    0x64,0x3a,0x04,0x4b,0xa2,0x32,0x03,0x43,0x64,0x4b,0x43,0x43,0xe2,0x3a,0xa1,0x2a,0x82,0x22,0x62,0x22,0x64,0x43,0x04,0x3b,
    0x83,0x32,0x42,0x2a,0x81,0x11,0x63,0x32,0xe2,0x21,0x21,0x11,0xc2,0x21,0xc3,0x32,0x02,0x43,0xa4,0x53,0x02,0x3b,0xe2,0x3a,
    0x43,0x43,0x82,0x2a,0xa1,0x2a,0xe2,0x32,0x21,0x33,0xa2,0x43,0xa1,0x43,0x41,0x43,0x21,0x3b,0x43,0x43,0x61,0x4b,0x42,0x43,
    0x82,0x4b,0x43,0x53,0xe3,0x52,0x63,0x63,0xe3,0x6b,0xe6,0x73,0xc3,0x31,0xa3,0x29,0x63,0x21,0x23,0x19,0x63,0x19,0xe1,0x08,
    0x40,0x00,0xa1,0x08,0x02,0x11,0x61,0x00,0xc2,0x08,0xc2,0x29,0xc6,0x6b,0x86,0x6b,0xa2,0x29,0x04,0x53,0x04,0x43,0xa1,0x2a,
    0xe2,0x3a,0x61,0x2a,0xa2,0x2a,0x81,0x2a,0x82,0x2a,0xe3,0x42,0xa3,0x3a,0x43,0x3a,0x23,0x42,0xc2,0x39,0xa2,0x41,0xa5,0x5a,
    0xe5,0x6a,0xc4,0x5a,0x45,0x63,0xe4,0x52,0x22,0x3a,0x21,0x3a,0x62,0x4a,0x24,0x63,0x65,0x73,0x65,0x73,0xe3,0x6a,0x23,0x6b,
    0x44,0x6b,0x02,0x6b,0x03,0x63,0x23,0x6b,0x02,0x5b,0x82,0x4a,0xa2,0x52,0x64,0x73,0xc5,0x83,0x84,0x73,0x43,0x6b,0xc4,0x7b,
    0x22,0x6b,0x02,0x6b,0x42,0x6b,0x22,0x6b,0x22,0x6b,0x01,0x6b,0x43,0x73,0x23,0x73,0x03,0x73,0x44,0x7b,0x04,0x73,0x81,0x62,
    0x02,0x4b,0x02,0x4b,0xe1,0x42,0x62,0x3a,0xe2,0x21,0x20,0x11,0xe1,0x21,0xc2,0x3a,0xa2,0x3a,0x02,0x22,0xe2,0x29,0x02,0x2a,
    0x01,0x2a,0xc2,0x21,0x82,0x19,0x42,0x11,0x01,0x09,0x22,0x11,0xc1,0x08,0xa1,0x00,0xe1,0x08,0xc2,0x19,0xe2,0x2a,0x63,0x3b,
    0xc3,0x22,0xe3,0x2a,0x43,0x3b,0xa1,0x22,0xc1,0x2a,0x61,0x43,0x63,0x4b,0x22,0x43,0x02,0x43,0x82,0x3a,0x62,0x32,0xc2,0x42,
    0xe1,0x4a,0x23,0x53,0xe2,0x4a,0x83,0x5b,0x03,0x4b,0x61,0x19,0x81,0x21,0x44,0x53,0x63,0x5b,0x02,0x53,0xe4,0x52,0xe3,0x52,
    0xa3,0x63,0x85,0x5b,0x22,0x2a,0x42,0x32,0x23,0x32,0xc0,0x08,0x41,0x08,0xe1,0x10,0xe4,0x4a,0x84,0x42,0x22,0x19,0xc3,0x29,
    0x61,0x21,0xa2,0x29,0x84,0x42,0x65,0x42,0xe2,0x29,0xa3,0x32,0xa2,0x32,0xc1,0x32,0x21,0x2a,0xc3,0x32,0x62,0x2a,0x03,0x33,
    0x23,0x33,0x62,0x1a,0x02,0x33,0x42,0x22,0x02,0x22,0xc3,0x3a,0x02,0x22,0x23,0x3b,0x83,0x43,0x43,0x2a,0xa2,0x3a,0x03,0x3b,
    0x24,0x4b,0xa2,0x3a,0xa3,0x32,0xc3,0x32,0x81,0x2a,0xa1,0x2a,0xc1,0x2a,0xa1,0x22,0xc1,0x2a,0xa2,0x43,0x21,0x3b,0x41,0x33,
    0x23,0x3b,0xa1,0x11,0xc4,0x4b,0x42,0x3b,0xc0,0x2a,0x24,0x64,0x04,0x6c,0x23,0x53,0x63,0x63,0x82,0x42,0x88,0x6b,0x43,0x21,
    0x81,0x08,0xc1,0x10,0x82,0x19,0xc3,0x29,0x02,0x19,0xc2,0x21,0x03,0x2a,0xa2,0x29,0xa2,0x21,0x82,0x3a,0xe5,0x6b,0x03,0x5b,
    0xa3,0x52,0xc2,0x4a,0x63,0x53,0xa1,0x32,0xc2,0x3a,0xe3,0x3a,0xe3,0x32,0xc3,0x32,0x62,0x2a,0x22,0x2a,0x62,0x32,0xc4,0x4a,
    0x83,0x52,0x84,0x52,0x23,0x4a,0x44,0x52,0xe5,0x62,0x22,0x4a,0x64,0x52,0xc4,0x5a,0xe4,0x5a,0x04,0x63,0xe4,0x62,0x65,0x7b,
    0x85,0x83,0x44,0x83,0x84,0x83,0x84,0x83,0x03,0x73,0x23,0x73,0xa1,0x62,0xe2,0x62,0x23,0x6b,0xe3,0x6a,0x44,0x73,0x64,0x73,
    0x83,0x73,0x64,0x73,0x22,0x6b,0x22,0x6b,0x62,0x73,0x22,0x6b,0xe1,0x62,0x63,0x7b,0x43,0x73,0x83,0x7b,0x22,0x73,0xe2,0x72,
    0x03,0x73,0xe3,0x72,0xe3,0x6a,0x62,0x62,0x01,0x53,0xe1,0x52,0x02,0x53,0xc1,0x42,0x82,0x3a,0xc2,0x21,0xc1,0x21,0x21,0x22,
    0x61,0x32,0xe3,0x42,0xc2,0x42,0x81,0x3a,0x03,0x43,0xe2,0x21,0x80,0x08,0xe2,0x10,0x81,0x08,0x22,0x19,0x61,0x08,0x81,0x08,
    0xc0,0x08,0xc1,0x00,0xe1,0x08,0xc3,0x32,0xc2,0x22,0xa3,0x1a,0xe2,0x22,0x01,0x33,0xe1,0x32,0x21,0x43,0xc3,0x53,0xe2,0x5b,
    0xc3,0x5b,0x62,0x53,0xa2,0x3a,0x21,0x3a,0xc2,0x42,0x81,0x42,0x82,0x42,0x82,0x42,0x03,0x4b,0xe2,0x4a,0xe2,0x4a,0x84,0x5b,
    0xe3,0x4a,0xc3,0x4a,0xa3,0x4a,0xc3,0x4a,0x42,0x3a,0xe2,0x31,0x81,0x21,0xc1,0x10,0xc2,0x08,0xa1,0x08,0xc2,0x10,0x24,0x3a,
    0x22,0x32,0xc2,0x31,0xe2,0x18,0x82,0x08,0x82,0x08,0x21,0x00,0x81,0x08,0x22,0x19,0xc2,0x21,0xc3,0x3a,0x21,0x43,0xe4,0x4b,
    0xa2,0x2a,0xe2,0x19,0x43,0x22,0xe3,0x32,0x03,0x2b,0xa1,0x1a,0x82,0x22,0xa1,0x09,0x22,0x22,0xc3,0x32,0xa1,0x11,0x61,0x22,
    0x42,0x3b,0x23,0x3b,0xa2,0x3a,0xe3,0x3a,0x42,0x32,0xe5,0x42,0x22,0x22,0xe3,0x32,0xe3,0x3a,0xe2,0x32,0x63,0x3b,0x42,0x33,
    0x80,0x1a,0x01,0x2b,0x22,0x3b,0xc3,0x32,0x23,0x3b,0xe2,0x32,0x83,0x43,0x85,0x64,0xc1,0x32,0xa1,0x32,0x01,0x43,0x63,0x53,
    0x21,0x53,0x82,0x5b,0x25,0x74,0x83,0x3a,0xe2,0x31,0xc6,0x6b,0xc3,0x42,0x03,0x53,0xc4,0x63,0xc3,0x5b,0xc3,0x5b,0xa3,0x5b,
    0x61,0x53,0x82,0x53,0x23,0x53,0x64,0x63,0xc5,0x6b,0x85,0x63,0xe1,0x4a,0x22,0x4b,0x23,0x4b,0xa2,0x2a,0x21,0x22,0xe3,0x3a,
    0x04,0x3b,0x82,0x32,0x83,0x4a,0x25,0x6b,0xc3,0x62,0xc3,0x62,0xc2,0x39,0xe3,0x49,0x03,0x42,0x62,0x31,0x62,0x39,0xc2,0x41,
    0xe4,0x6a,0xe4,0x62,0xc2,0x62,0x85,0x83,0xa6,0x93,0x44,0x83,0x44,0x8b,0x84,0x8b,0x64,0x83,0x43,0x7b,0x64,0x83,0xa2,0x6a,
    0x24,0x7b,0x65,0x7b,0xc3,0x62,0x02,0x6b,0x44,0x6b,0x84,0x7b,0x84,0x7b,0xa4,0x83,0x23,0x6b,0xe2,0x6a,0x83,0x73,0x22,0x73,
    0x02,0x6b,0xe1,0x6a,0x42,0x73,0x03,0x73,0xa2,0x72,0x45,0x83,0xc3,0x72,0x42,0x6a,0xa2,0x6b,0x62,0x63,0x61,0x5b,0xa2,0x63,
    0xe2,0x52,0x41,0x3a,0xc2,0x42,0xa1,0x42,0xc1,0x19,0x21,0x32,0xc2,0x4a,0x01,0x2a,0x41,0x32,0x61,0x11,0x02,0x11,0x02,0x11,
    0x20,0x00,0x61,0x08,0x20,0x00,0x40,0x00,0x60,0x00,0xe2,0x10,0xc1,0x08,0x62,0x11,0xe3,0x32,0x41,0x1a,0x82,0x22,0x02,0x33,
    0x84,0x43,0x04,0x54,0x82,0x4b,0x41,0x43,0x42,0x4b,0xa3,0x63,0x82,0x3a,0xa2,0x29,0xe2,0x52,0x43,0x5b,0x62,0x42,0xe1,0x39,
    0xe1,0x31,0xe3,0x4a,0x63,0x3a,0x42,0x21,0xa1,0x29,0x42,0x3a,0x63,0x42,0x21,0x21,0xc3,0x29,0xc3,0x29,0x02,0x11,0x81,0x08,
    0x20,0x00,0x61,0x08,0xa2,0x08,0x03,0x19,0xa3,0x29,0xc5,0x4a,0x22,0x19,0x60,0x08,0xc2,0x10,0x22,0x21,0x44,0x21,0xe2,0x10,
    0x42,0x19,0x22,0x2a,0xe1,0x19,0xe1,0x19,0x22,0x1a,0xe2,0x19,0x41,0x11,0x81,0x09,0x22,0x1a,0x62,0x22,0x83,0x2a,0x41,0x09,
    0x41,0x11,0x42,0x11,0x42,0x11,0xe1,0x19,0xc2,0x2a,0xa2,0x2a,0x24,0x43,0x81,0x19,0xc2,0x21,0x61,0x19,0xc1,0x19,0x03,0x3b,
    0x81,0x2a,0xe2,0x32,0x81,0x2a,0xc2,0x32,0x43,0x3b,0x22,0x33,0x62,0x22,0x81,0x11,0x02,0x22,0x81,0x22,0x22,0x43,0x82,0x4b,
    0x03,0x5c,0x22,0x4b,0xc2,0x3a,0x81,0x2a,0xe2,0x42,0xe4,0x63,0x41,0x5b,0xa3,0x63,0x43,0x63,0x83,0x63,0xc3,0x6b,0x21,0x53,
    0xe4,0x6b,0xc1,0x42,0x81,0x3a,0xa1,0x3a,0xc2,0x3a,0xa1,0x42,0x43,0x53,0x43,0x5b,0x42,0x42,0xa2,0x4a,0xc2,0x4a,0x03,0x53,
    0xa2,0x3a,0xc2,0x3a,0x42,0x22,0x43,0x2a,0xc3,0x3a,0xa3,0x42,0x42,0x4a,0x83,0x62,0x62,0x5a,0x42,0x4a,0xa3,0x5a,0xc4,0x5a,
    0x43,0x52,0xa2,0x41,0x24,0x52,0x84,0x62,0xa3,0x62,0x04,0x73,0x66,0x83,0x44,0x7b,0x25,0x83,0x44,0x8b,0x65,0x8b,0x24,0x8b,
    0x63,0x83,0x64,0x8b,0x85,0x93,0xe4,0x7a,0x04,0x7b,0x64,0x83,0xa3,0x62,0x23,0x73,0x43,0x73,0xc2,0x62,0x02,0x6b,0x43,0x73,
    0x43,0x73,0x03,0x73,0x22,0x73,0xe2,0x6a,0x02,0x73,0x22,0x73,0x02,0x73,0x03,0x73,0xe4,0x7a,0x24,0x83,0x46,0x8b,0xc4,0x7a,
    0xe1,0x5a,0xa1,0x4a,0x81,0x4a,0xa1,0x4a,0x01,0x53,0xa3,0x6b,0xa3,0x63,0xa3,0x63,0xc2,0x42,0x81,0x42,0x22,0x53,0x22,0x53,
    0xc2,0x42,0x62,0x3a,0x42,0x32,0x22,0x32,0x43,0x3a,0x41,0x19,0xc3,0x29,0x40,0x11,0x61,0x19,0x22,0x2a,0xa2,0x32,0xa3,0x32,
    0x02,0x33,0x44,0x3b,0x03,0x33,0x02,0x33,0xc2,0x32,0xc2,0x2a,0x62,0x43,0x62,0x53,0x21,0x53,0x83,0x63,0xc5,0x73,0x44,0x63,
    0x62,0x63,0x64,0x6b,0x63,0x6b,0x65,0x63,0xa3,0x4a,0xa4,0x4a,0x23,0x3a,0xa2,0x29,0x82,0x29,0x03,0x32,0xc4,0x52,0x04,0x3a,
    0xa3,0x29,0x44,0x3a,0x44,0x3a,0xa6,0x42,0xa3,0x29,0xe2,0x18,0x02,0x19,0xe2,0x18,0xc1,0x10,0x01,0x19,0xc5,0x31,0xe2,0x18,
    0x40,0x08,0x03,0x19,0x83,0x29,0x02,0x11,0x82,0x21,0xe1,0x08,0xa1,0x00,0x82,0x19,0x82,0x19,0x82,0x19,0xc3,0x19,0xa1,0x11,
    0x61,0x11,0xa3,0x19,0x21,0x11,0x80,0x08,0x60,0x00,0x80,0x08,0xa1,0x08,0x62,0x19,0xe4,0x32,0xa2,0x32,0x82,0x32,0x63,0x32,
    0x02,0x2a,0xe2,0x29,0x83,0x3a,0xc2,0x3a,0xc2,0x3a,0x02,0x43,0x03,0x3b,0xc3,0x32,0x42,0x3b,0xe2,0x32,0xc1,0x11,0xc3,0x32,
    0x63,0x3b,0xe2,0x2a,0xa1,0x2a,0xc1,0x3a,0x25,0x6c,0xe3,0x63,0x22,0x53,0xa1,0x3a,0x05,0x64,0x04,0x74,0x21,0x5b,0xe1,0x52,
    0xc4,0x73,0xe1,0x52,0xa3,0x6b,0x05,0x74,0xa2,0x42,0x63,0x3a,0xa2,0x3a,0xa2,0x3a,0x02,0x4b,0x02,0x43,0x82,0x42,0xa2,0x52,
    0xc3,0x52,0x00,0x3a,0xa2,0x42,0xc3,0x4a,0x04,0x4b,0x82,0x2a,0xe1,0x19,0xc1,0x19,0xe1,0x21,0x21,0x3a,0xe4,0x5a,0xa3,0x62,
    0xc3,0x62,0xc3,0x62,0x45,0x7b,0x65,0x7b,0x45,0x7b,0x83,0x5a,0x23,0x52,0xc4,0x62,0xa3,0x6a,0x04,0x73,0x24,0x83,0xe4,0x7a,
    0x44,0x8b,0x04,0x8b,0x24,0x8b,0x44,0x8b,0x65,0x93,0x44,0x83,0x02,0x8b,0x45,0x8b,0x05,0x7b,0x83,0x6a,0x04,0x73,0x63,0x73,
    0x03,0x6b,0x02,0x6b,0x63,0x73,0x64,0x73,0x43,0x73,0x23,0x73,0xe2,0x6a,0xc2,0x72,0x03,0x7b,0x03,0x7b,0xa1,0x6a,0xc2,0x72,
    0xc3,0x7a,0x26,0x8b,0x25,0x8b,0xe5,0x82,0xc2,0x5a,0x41,0x4a,0x42,0x4a,0x61,0x4a,0xc1,0x52,0x43,0x6b,0xc1,0x52,0x62,0x63,
    0x63,0x63,0x62,0x5b,0x61,0x5b,0xa2,0x5b,0x21,0x53,0xa3,0x63,0x64,0x7c,0x44,0x74,0x03,0x6c,0xc3,0x63,0xc3,0x5b,0xc3,0x53,
    0x22,0x43,0xa2,0x32,0x81,0x32,0x81,0x32,0x23,0x4b,0x22,0x32,0x24,0x4b,0x44,0x53,0x02,0x22,0x82,0x11,0xc2,0x3a,0x42,0x4b,
    0x61,0x5b,0x83,0x6b,0xc2,0x5a,0xa1,0x5a,0x23,0x63,0x02,0x63,0xc3,0x5a,0x43,0x4a,0xa2,0x39,0x43,0x42,0x83,0x29,0xe2,0x18,
    0x84,0x29,0x42,0x21,0x44,0x42,0xc1,0x18,0x62,0x21,0x85,0x53,0x65,0x53,0xc2,0x29,0x25,0x53,0xa3,0x29,0x02,0x19,0x83,0x29,
    0x63,0x21,0x81,0x08,0xc2,0x10,0x02,0x19,0x40,0x00,0xc2,0x10,0xc3,0x21,0xa5,0x3a,0x24,0x2a,0xe1,0x08,0xe2,0x10,0xe1,0x08,
    0x62,0x11,0x42,0x19,0xa2,0x2a,0x65,0x64,0x84,0x32,0x22,0x11,0xc2,0x10,0x21,0x08,0x41,0x08,0x61,0x00,0x81,0x08,0x01,0x09,
    0x22,0x22,0x24,0x43,0x23,0x43,0x23,0x4b,0x04,0x4b,0xa3,0x42,0xe4,0x4a,0x84,0x5b,0xc2,0x42,0xc1,0x42,0xe3,0x42,0xa3,0x32,
    0x22,0x43,0xc2,0x32,0x61,0x2a,0x62,0x22,0x03,0x33,0x63,0x3b,0x43,0x43,0x82,0x32,0x21,0x2a,0x82,0x3a,0x22,0x4b,0x62,0x53,
    0x83,0x63,0x63,0x63,0x84,0x6b,0x82,0x6b,0x22,0x63,0x42,0x63,0xc1,0x52,0x04,0x7c,0x82,0x4a,0xc4,0x4a,0x21,0x3a,0xe3,0x52,
    0xc4,0x6b,0xe6,0x8c,0xe4,0x73,0x23,0x63,0xc2,0x52,0x82,0x4a,0xc3,0x52,0xe4,0x52,0x41,0x3a,0xa3,0x4a,0x04,0x53,0x03,0x53,
    0x85,0x6b,0xe4,0x6a,0x61,0x52,0x04,0x73,0x44,0x7b,0x45,0x83,0x25,0x93,0x03,0x83,0x24,0x83,0x04,0x73,0x43,0x5a,0xc3,0x62,
    0x65,0x83,0x85,0x8b,0xe4,0x7a,0x45,0x8b,0x24,0x93,0xc3,0x82,0x45,0x93,0x04,0x8b,0xe3,0x82,0x04,0x83,0x23,0x8b,0x65,0x93,
    0x05,0x83,0x22,0x5a,0x65,0x7b,0x44,0x73,0x24,0x6b,0x24,0x73,0x23,0x6b,0x03,0x6b,0xe2,0x6a,0x03,0x73,0xc2,0x6a,0x01,0x5a,
    0x03,0x7b,0xe3,0x7a,0x24,0x83,0xc3,0x72,0x26,0x83,0xc5,0x82,0x05,0x8b,0x06,0x8b,0xc2,0x62,0xa1,0x5a,0x62,0x52,0xa1,0x5a,
    0x01,0x5b,0x02,0x5b,0x01,0x5b,0xa3,0x6b,0xa4,0x6b,0x83,0x63,0x41,0x5b,0x04,0x74,0xe4,0x73,0x61,0x63,0xc2,0x73,0xc1,0x73,
    0xa1,0x63,0x02,0x6c,0xe3,0x63,0xa2,0x53,0x61,0x53,0xc1,0x42,0xa2,0x3a,0xe1,0x42,0x43,0x63,0xa3,0x73,0x84,0x73,0x04,0x84,
    0x45,0x63,0xc3,0x4a,0x23,0x53,0x62,0x63,0xc4,0x73,0x84,0x7b,0x24,0x6b,0xc3,0x62,0xe3,0x6a,0x43,0x6b,0x82,0x52,0x03,0x42,
    0xe4,0x39,0x63,0x29,0xe2,0x20,0x22,0x19,0xe1,0x18,0xa3,0x31,0x24,0x42,0xe4,0x39,0xa4,0x4a,0xa3,0x5b,0x84,0x53,0x04,0x4b,
    0x64,0x53,0x83,0x3a,0x23,0x32,0xa2,0x21,0xc4,0x29,0x22,0x19,0x44,0x21,0xe4,0x29,0x84,0x42,0x23,0x32,0x03,0x2a,0x22,0x2a,
    0xa1,0x11,0x22,0x11,0xc1,0x10,0x22,0x11,0xc1,0x08,0x81,0x08,0xa3,0x21,0xc2,0x2a,0x24,0x3b,0xc3,0x21,0xa1,0x10,0x00,0x00,
    0xa2,0x10,0xc4,0x39,0x01,0x11,0xe2,0x29,0x62,0x2a,0xa2,0x19,0x83,0x3a,0xa3,0x42,0xc4,0x52,0x83,0x42,0xe3,0x52,0x84,0x63,
    0x43,0x53,0x43,0x53,0xa2,0x42,0x81,0x3a,0xe2,0x42,0x41,0x32,0xa2,0x32,0xa2,0x2a,0xe4,0x3a,0x41,0x2a,0x05,0x53,0x42,0x42,
    0xa1,0x29,0x83,0x4a,0x23,0x5b,0x81,0x42,0xe3,0x52,0x03,0x5b,0xa1,0x52,0xe5,0x73,0x01,0x5b,0xc3,0x73,0xa2,0x73,0xa3,0x73,
    0x02,0x63,0x62,0x52,0xa2,0x52,0x63,0x6b,0x04,0x7c,0x43,0x63,0x23,0x6b,0xa5,0x7b,0x23,0x63,0x43,0x6b,0x22,0x63,0xe4,0x52,
    0xa2,0x4a,0x84,0x6b,0xc2,0x62,0xa6,0x7b,0x28,0x94,0x65,0x83,0xc3,0x6a,0x03,0x73,0xe3,0x72,0xa2,0x7a,0xc4,0x8a,0xe4,0x92,
    0xa3,0x82,0x25,0x8b,0x42,0x6a,0xe4,0x7a,0x65,0x8b,0x44,0x83,0xe4,0x82,0xa3,0x82,0x05,0x93,0x04,0x93,0x04,0x93,0xe3,0x82,
    0x22,0x6a,0x82,0x7a,0xc3,0x82,0x24,0x8b,0x62,0x6a,0xe1,0x49,0x05,0x6b,0x64,0x52,0xe4,0x6a,0x44,0x6b,0x61,0x5a,0x62,0x5a,
    0xc2,0x62,0xe3,0x6a,0x24,0x7b,0x82,0x6a,0x03,0x7b,0xc3,0x72,0xc2,0x72,0xa2,0x72,0xc2,0x61,0xc3,0x61,0x44,0x72,0x84,0x7a,
    0xc3,0x62,0xc2,0x62,0x64,0x73,0x02,0x63,0x84,0x7b,0xa4,0x7b,0xa4,0x73,0x43,0x63,0x63,0x63,0x62,0x5b,0xc3,0x6b,0xc3,0x73,
    0xe3,0x73,0xe3,0x73,0xe3,0x7b,0xc3,0x73,0x24,0x7c,0x24,0x7c,0x41,0x5b,0x62,0x5b,0x65,0x7c,0xe3,0x6b,0x04,0x74,0x61,0x63,
    0xa3,0x6b,0x04,0x84,0xc3,0x7b,0x24,0x8c,0x65,0x94,0x04,0x8c,0x24,0x8c,0xe4,0x8b,0x24,0x8c,0x26,0x8c,0x26,0x8c,0x64,0x73,
    0xe5,0x83,0x65,0x94,0x84,0x73,0x64,0x52,0x03,0x42,0xe3,0x39,0x43,0x29,0x22,0x29,0x04,0x21,0x23,0x21,0x05,0x42,0x04,0x3a,
    0xc4,0x31,0x22,0x32,0x44,0x3a,0x83,0x32,0x61,0x2a,0x24,0x43,0xe3,0x3a,0x63,0x32,0xe4,0x31,0x84,0x29,0xe1,0x10,0x83,0x32,
    0x64,0x4b,0xe3,0x42,0x43,0x2a,0x82,0x19,0x41,0x11,0xc1,0x08,0x02,0x11,0x22,0x19,0x41,0x08,0x41,0x08,0xa1,0x08,0xc1,0x08,
    0x62,0x11,0x46,0x43,0xc2,0x21,0xa1,0x08,0xa4,0x31,0x25,0x5b,0x25,0x5b,0x23,0x4b,0x84,0x4b,0x22,0x32,0x83,0x3a,0xe4,0x52,
    0x66,0x63,0x85,0x63,0xe4,0x4a,0x02,0x53,0x42,0x5b,0x63,0x5b,0x42,0x5b,0x63,0x5b,0x83,0x63,0x64,0x5b,0x23,0x53,0x85,0x63,
    0x23,0x3a,0x00,0x11,0xa4,0x52,0xc3,0x6a,0x03,0x6b,0x04,0x6b,0x00,0x52,0x23,0x6b,0x24,0x6b,0xe1,0x52,0x02,0x5b,0x85,0x8c,
    0x03,0x74,0xc3,0x73,0x42,0x63,0x82,0x73,0x83,0x73,0x43,0x73,0x43,0x6b,0x01,0x63,0xa4,0x7b,0x84,0x73,0x42,0x73,0xe5,0x8b,
    0x02,0x73,0xc5,0x7b,0xc4,0x83,0x64,0x73,0x64,0x73,0x03,0x6b,0x8b,0xa4,0xed,0xbc,0x0e,0xc5,0x0e,0xc5,0xec,0xbc,0x65,0x83,
    0x04,0x83,0xa2,0x7a,0xa3,0x8a,0xe4,0x9a,0xa3,0x92,0x82,0x92,0xc4,0x8a,0xc3,0x8a,0xe4,0x8a,0x04,0x93,0xc3,0x8a,0xa3,0x82,
    0xc3,0x8a,0xe4,0x92,0x04,0x93,0xa2,0x82,0x63,0x72,0xa3,0x82,0xe3,0x8a,0x24,0x8b,0x04,0x83,0xa4,0x62,0x62,0x4a,0xa1,0x39,
    0xa4,0x5a,0x45,0x73,0x04,0x6b,0x64,0x73,0x03,0x73,0xe3,0x6a,0x24,0x7b,0x03,0x73,0x62,0x6a,0xa2,0x72,0x24,0x83,0x43,0x72,
    0x83,0x59,0xc3,0x69,0xc2,0x61,0x64,0x7a,0xa4,0x83,0x84,0x7b,0xc5,0x83,0x22,0x73,0xc5,0x83,0x64,0x73,0xa4,0x7b,0x42,0x6b,
    0x25,0x7c,0xe4,0x73,0x86,0x94,0x44,0x84,0x65,0x94,0x65,0x94,0x65,0x94,0x85,0x94,0x85,0x94,0x24,0x84,0xa2,0x73,0x24,0x84,
    0x65,0x94,0x65,0x8c,0x24,0x8c,0x24,0x8c,0x85,0x8c,0x65,0x8c,0x44,0x8c,0xa6,0x9c,0x85,0x9c,0x85,0x9c,0x65,0x9c,0x65,0x9c,
    0xa6,0xa4,0xa6,0x9c,0x67,0x9c,0x46,0x94,0xa4,0x83,0x65,0x7b,0x24,0x73,0x43,0x4a,0x60,0x18,0x44,0x31,0x02,0x29,0x81,0x18,
    0x81,0x18,0x40,0x08,0xc3,0x18,0xe2,0x18,0xa1,0x10,0x85,0x31,0x84,0x21,0x62,0x19,0x43,0x2a,0x42,0x22,0xa4,0x3a,0x83,0x32,
    0xc3,0x29,0xa2,0x10,0x02,0x11,0x24,0x3b,0x02,0x33,0xa2,0x2a,0x02,0x22,0x62,0x11,0xa3,0x19,0xe4,0x29,0xa2,0x21,0xe2,0x10,
    0x81,0x08,0x61,0x08,0x42,0x19,0x64,0x32,0x84,0x32,0x83,0x2a,0x63,0x2a,0x23,0x19,0xc3,0x31,0x45,0x63,0xa5,0x73,0xa6,0x6b,
    0xa5,0x63,0x48,0x7c,0x65,0x63,0x85,0x6b,0x24,0x5b,0xc3,0x52,0x01,0x32,0x44,0x5b,0xa3,0x63,0xc4,0x6b,0x22,0x5b,0x62,0x5b,
    0xa3,0x63,0xc1,0x4a,0x43,0x63,0x82,0x42,0x82,0x3a,0x06,0x53,0x21,0x42,0xe3,0x62,0x43,0x73,0xa2,0x6a,0xa3,0x6a,0xc1,0x6a,
    0xe2,0x62,0x24,0x84,0x42,0x6b,0xc3,0x7b,0xc4,0x7b,0xe3,0x6a,0x60,0x5a,0x64,0x7b,0x62,0x73,0x64,0x7b,0x64,0x7b,0x43,0x6b,
    0x64,0x7b,0x84,0x83,0xe2,0x72,0x44,0x7b,0xc7,0x8b,0x43,0x7b,0xa5,0x8b,0xe2,0x72,0x45,0x83,0x6b,0xa4,0x0f,0xc5,0x8d,0xb4,
    0x2b,0xac,0x88,0x9b,0x6b,0xb4,0xa7,0x9b,0x46,0x93,0x62,0x82,0x82,0x8a,0xa2,0x92,0x82,0x92,0xa3,0x9a,0x04,0x9b,0xa4,0x92,
    0xe4,0x9a,0xa3,0x8a,0xc3,0x92,0xa3,0x8a,0x83,0x8a,0xa3,0x8a,0xc2,0x8a,0x42,0x7a,0xc3,0x8a,0xe3,0x8a,0xe4,0x8a,0x43,0x72,
    0x22,0x62,0x43,0x5a,0xe4,0x62,0x02,0x4a,0xc3,0x5a,0x62,0x52,0xe4,0x62,0x44,0x73,0x44,0x73,0xc2,0x6a,0xc3,0x6a,0xe3,0x72,
    0xe3,0x72,0x44,0x83,0x45,0x83,0xe3,0x69,0xc2,0x61,0x03,0x6a,0xc2,0x61,0x23,0x6a,0x62,0x73,0xa3,0x7b,0x26,0x94,0xe5,0x83,
    0x84,0x83,0x06,0x84,0x46,0x94,0xa4,0x7b,0xe4,0x83,0x65,0x94,0x65,0x94,0x45,0x8c,0x65,0x94,0x04,0x8c,0x64,0x94,0x65,0x94,
    0x24,0x94,0x24,0x8c,0x65,0x94,0x03,0x84,0x03,0x84,0x04,0x8c,0xc3,0x83,0x45,0x94,0x24,0x8c,0x65,0x94,0x44,0x94,0x03,0x8c,
    0xa6,0x9c,0x04,0x94,0x04,0x94,0x25,0x94,0x85,0x9c,0x66,0x9c,0x66,0x94,0x45,0x94,0x06,0x8c,0xc2,0x62,0x03,0x73,0x63,0x5a,
    0xa3,0x39,0xa3,0x39,0xc4,0x41,0x45,0x4a,0xa3,0x31,0x84,0x31,0xa1,0x18,0xc2,0x18,0x61,0x08,0x60,0x08,0x60,0x00,0x63,0x21,
    0xa2,0x21,0xc2,0x21,0x23,0x2a,0x03,0x2a,0xa4,0x29,0x23,0x32,0x03,0x2a,0x22,0x22,0x41,0x22,0xe1,0x19,0x23,0x2a,0x22,0x11,
    0xe2,0x10,0xe1,0x10,0x80,0x00,0xa2,0x10,0xa2,0x08,0xa1,0x08,0xa3,0x29,0xc2,0x32,0x03,0x3b,0xa3,0x32,0xc2,0x19,0x41,0x08,
    0x02,0x19,0x62,0x29,0x02,0x21,0x63,0x29,0x42,0x21,0xa3,0x29,0x84,0x4a,0x44,0x63,0x82,0x52,0x24,0x63,0x44,0x5b,0x22,0x5b,
    0x03,0x53,0x22,0x5b,0x02,0x53,0xe2,0x52,0xc2,0x52,0xc1,0x52,0x43,0x63,0x03,0x53,0xe2,0x42,0xe2,0x4a,0x85,0x6b,0x03,0x6b,
    0xe2,0x62,0x22,0x73,0x03,0x7b,0xa1,0x6a,0xc2,0x6a,0x63,0x7b,0x23,0x73,0x23,0x73,0x02,0x6b,0x05,0x73,0x04,0x83,0x03,0x73,
    0x63,0x7b,0xa4,0x83,0xc2,0x6a,0x03,0x7b,0x85,0x8b,0x24,0x7b,0x45,0x83,0xa3,0x72,0xc8,0x93,0x8a,0xac,0x24,0x7b,0x86,0x8b,
    0x6a,0xac,0xac,0xb4,0x2b,0xac,0x0a,0xac,0x2a,0xb4,0xc8,0xa3,0x87,0x9b,0x66,0x93,0x65,0x9b,0xc3,0x8a,0x82,0x8a,0xe4,0x9a,
    0xc3,0x9a,0xc4,0x9a,0xe4,0x9a,0xc3,0x92,0xa3,0x92,0x62,0x8a,0x05,0x9b,0x04,0x93,0x05,0x9b,0x25,0xa3,0x25,0x9b,0xa3,0x82,
    0x65,0x9b,0xa7,0xa3,0x62,0x7a,0xe2,0x61,0x23,0x6a,0x03,0x52,0xa3,0x5a,0x25,0x6b,0x65,0x73,0xc4,0x62,0xa3,0x62,0x24,0x6b,
    0x44,0x7b,0xc3,0x6a,0x62,0x5a,0xc2,0x6a,0x65,0x83,0x03,0x73,0xa2,0x72,0xe2,0x61,0x23,0x72,0x23,0x72,0x63,0x72,0x26,0x93,
    0xc4,0x7b,0xc4,0x83,0x26,0x8c,0xa4,0x83,0x43,0x73,0x43,0x73,0x63,0x73,0xe4,0x8b,0xa3,0x83,0x62,0x7b,0x24,0x8c,0x82,0x7b,
    0x24,0x94,0x03,0x8c,0x44,0x94,0x24,0x94,0x03,0x84,0x24,0x8c,0x04,0x8c,0xc3,0x83,0xc3,0x83,0xc3,0x83,0xa3,0x83,0xc3,0x83,
    0xe3,0x8b,0xe3,0x8b,0x25,0x94,0xc3,0x8b,0xa3,0x83,0x04,0x94,0xc4,0x8b,0xe4,0x93,0x25,0x9c,0xc4,0x8b,0x26,0x9c,0xe5,0x8b,
    0xe4,0x8b,0xa4,0x8b,0xa4,0x83,0x84,0x6a,0xa5,0x62,0x02,0x4a,0x22,0x29,0xc3,0x39,0x83,0x39,0xc5,0x41,0x01,0x21,0x22,0x29,
    0x83,0x29,0x84,0x29,0x45,0x42,0xa3,0x42,0x67,0x5b,0x03,0x2a,0xa2,0x19,0x03,0x2a,0x82,0x21,0x06,0x53,0xc3,0x29,0x42,0x19,
    0x22,0x09,0x80,0x00,0x81,0x08,0x61,0x08,0x60,0x00,0x41,0x08,0x21,0x08,0x20,0x00,0x40,0x00,0x61,0x08,0x81,0x08,0x21,0x11,
    0x62,0x11,0x82,0x19,0x23,0x32,0xe3,0x31,0x45,0x3a,0x65,0x42,0xc4,0x31,0x63,0x21,0xa1,0x10,0xc3,0x29,0x42,0x42,0x05,0x63,
    0xa3,0x52,0x84,0x63,0xc5,0x6b,0x83,0x63,0x02,0x5b,0x02,0x5b,0x64,0x63,0x83,0x63,0xc3,0x52,0x02,0x5b,0x84,0x6b,0x22,0x5b,
    0x85,0x63,0x03,0x5b,0xe1,0x5a,0x62,0x52,0xa2,0x5a,0x02,0x73,0x43,0x7b,0xa2,0x6a,0xa3,0x6a,0x44,0x7b,0xe3,0x6a,0x42,0x5a,
    0x85,0x83,0xe3,0x72,0xe3,0x72,0xa5,0x8b,0x22,0x73,0x84,0x83,0xc3,0x7a,0x25,0x83,0x25,0x8b,0x67,0x93,0xe9,0xa3,0xa4,0x7a,
    0x23,0x62,0xc7,0x93,0xe7,0x9b,0xe8,0x9b,0xe8,0x9b,0xa8,0x9b,0x46,0x8b,0xa7,0x9b,0xc7,0x9b,0xa6,0x93,0x45,0x93,0x86,0x9b,
    0x49,0xbc,0x66,0xa3,0xc4,0x92,0x04,0x9b,0x05,0x9b,0xe4,0x92,0x42,0x82,0xa4,0x8a,0xc5,0x92,0x83,0x8a,0x83,0x8a,0x05,0x9b,
    0xc5,0x92,0xa3,0x8a,0xc4,0x92,0x05,0x93,0x26,0x93,0x63,0x7a,0x02,0x72,0x43,0x72,0x02,0x5a,0xa1,0x49,0x62,0x62,0xe4,0x6a,
    0x62,0x5a,0x02,0x4a,0xe1,0x41,0xa2,0x62,0x03,0x73,0x25,0x7b,0xc3,0x6a,0xe3,0x6a,0x25,0x7b,0xe3,0x72,0x82,0x6a,0x05,0x8b,
    0x25,0x8b,0xc4,0x7a,0x88,0x9b,0x0a,0xac,0xe2,0x5a,0xe2,0x5a,0x43,0x6b,0x23,0x73,0x23,0x6b,0xa1,0x62,0xc5,0x83,0x43,0x83,
    0x01,0x7b,0x84,0x8b,0xa3,0x83,0x83,0x7b,0xa3,0x83,0xe4,0x8b,0x45,0x94,0xc3,0x8b,0xc4,0x83,0x24,0x94,0xe4,0x83,0xe4,0x8b,
    0xa3,0x83,0xa3,0x83,0xa3,0x8b,0xc3,0x8b,0xe4,0x8b,0xc3,0x8b,0xe4,0x93,0xc4,0x8b,0x63,0x7b,0x43,0x83,0x83,0x8b,0x84,0x8b,
    0xc4,0x8b,0x84,0x83,0x84,0x83,0x84,0x83,0xc5,0x93,0xa4,0x8b,0x85,0x83,0x26,0x7b,0x24,0x62,0x03,0x52,0x44,0x52,0xe3,0x41,
    0xe2,0x20,0xe2,0x20,0x82,0x18,0x65,0x4a,0x25,0x74,0x44,0x42,0x83,0x21,0xa2,0x29,0x65,0x42,0x82,0x11,0x21,0x11,0xc3,0x21,
    0xc2,0x29,0xa2,0x21,0x04,0x3a,0x63,0x3a,0xa4,0x3a,0x44,0x3a,0x04,0x32,0xc1,0x08,0x20,0x00,0x00,0x00,0x81,0x08,0x03,0x32,
    0x63,0x19,0xa1,0x10,0x81,0x10,0xc1,0x10,0xc3,0x21,0x61,0x11,0x63,0x19,0xa3,0x29,0x22,0x21,0x82,0x29,0x04,0x3a,0x84,0x42,
    0xa3,0x31,0xa4,0x42,0xe4,0x5a,0x66,0x73,0x04,0x5b,0xe2,0x52,0x02,0x53,0x63,0x63,0x03,0x53,0xa2,0x52,0xc2,0x52,0xa3,0x52,
    0x82,0x52,0x42,0x4a,0x03,0x63,0x44,0x73,0xa4,0x7b,0xc6,0x83,0xe4,0x6a,0xe3,0x62,0x03,0x6b,0x63,0x73,0xe5,0x83,0xe3,0x72,
    0x63,0x62,0x83,0x62,0x22,0x52,0x85,0x62,0xc4,0x6a,0xe4,0x6a,0x65,0x83,0xe2,0x72,0xa5,0x8b,0xc2,0x72,0x25,0x83,0x25,0x8b,
    0xe5,0x82,0x06,0x83,0xa8,0x9b,0x43,0x6a,0x84,0x72,0x83,0x6a,0x44,0x83,0xe8,0x9b,0xc7,0x9b,0xa8,0x9b,0x87,0x93,0x45,0x8b,
    0x04,0x83,0xe3,0x7a,0xe4,0x7a,0x65,0x8b,0x25,0x93,0x82,0x7a,0xe5,0x92,0xc4,0x8a,0x63,0x82,0x84,0x8a,0x22,0x72,0x63,0x7a,
    0x84,0x82,0x42,0x7a,0x23,0x7a,0x62,0x82,0x22,0x7a,0x22,0x7a,0xe4,0x92,0x62,0x7a,0x02,0x6a,0xa4,0x7a,0xe2,0x69,0xe2,0x59,
    0x81,0x51,0xc2,0x49,0xc3,0x6a,0x83,0x62,0x83,0x62,0xa2,0x41,0xa3,0x62,0xe4,0x72,0xe3,0x6a,0x62,0x62,0xa3,0x6a,0x82,0x6a,
    0xa2,0x6a,0x82,0x72,0xe3,0x7a,0xc4,0x82,0x45,0x93,0x25,0x8b,0xe4,0x82,0xc5,0x82,0xc2,0x5a,0x02,0x63,0xe1,0x5a,0x63,0x63,
    0x23,0x6b,0x02,0x6b,0xe6,0x8b,0x22,0x7b,0x01,0x7b,0x82,0x83,0x62,0x83,0xa3,0x83,0xa3,0x83,0xc3,0x8b,0xe4,0x8b,0x83,0x83,
    0xa3,0x8b,0xe5,0x8b,0xc4,0x8b,0xa3,0x83,0x63,0x7b,0xa3,0x8b,0x63,0x83,0x42,0x83,0x64,0x8b,0x43,0x83,0x64,0x83,0x43,0x83,
    0x64,0x8b,0x84,0x8b,0x85,0x8b,0xc6,0x9b,0x64,0x8b,0x83,0x83,0x85,0x8b,0xe2,0x7a,0x43,0x83,0xc3,0x72,0x04,0x5a,0x22,0x41,
    0x42,0x39,0xa4,0x41,0xa4,0x5a,0x84,0x62,0x62,0x41,0xe2,0x28,0x02,0x29,0x43,0x31,0x24,0x5b,0xe4,0x63,0xc1,0x29,0x43,0x21,
    0xa5,0x4a,0xa5,0x42,0xc3,0x29,0x42,0x19,0xe2,0x10,0xa3,0x29,0xa4,0x4a,0xc4,0x63,0x44,0x53,0x23,0x32,0xa4,0x42,0x85,0x42,
    0x85,0x42,0xa2,0x29,0xc2,0x29,0x23,0x43,0xc2,0x32,0x81,0x19,0x84,0x29,0xe2,0x10,0xa3,0x21,0x03,0x32,0xc3,0x29,0x24,0x32,
    0xa4,0x31,0x24,0x42,0x44,0x42,0xe5,0x52,0xc3,0x31,0xa2,0x31,0x23,0x4a,0x84,0x5a,0x25,0x63,0x81,0x4a,0x82,0x4a,0xc2,0x52,
    0xa3,0x52,0xe2,0x39,0x42,0x42,0x63,0x52,0xc3,0x5a,0x82,0x5a,0xe4,0x6a,0x04,0x6b,0xc3,0x6a,0x24,0x7b,0x24,0x7b,0x45,0x7b,
    0xa2,0x62,0x22,0x6b,0x24,0x7b,0xa4,0x6a,0x44,0x62,0x44,0x5a,0x64,0x62,0x06,0x73,0xa5,0x62,0xe5,0x72,0xc4,0x72,0xa2,0x6a,
    0xc3,0x7a,0x82,0x72,0xe4,0x82,0xe5,0x82,0xc4,0x82,0x43,0x72,0x25,0x83,0xe4,0x72,0xe4,0x72,0xa3,0x72,0xa4,0x7a,0x83,0x72,
    0x46,0x93,0x25,0x8b,0x46,0x8b,0x04,0x83,0x04,0x83,0xa2,0x72,0x81,0x6a,0x44,0x83,0xe2,0x7a,0xc3,0x7a,0x66,0x9b,0xc4,0x8a,
    0xc5,0x82,0xa4,0x8a,0x64,0x7a,0xc2,0x69,0x44,0x7a,0x63,0x82,0xa3,0x82,0x63,0x82,0xc4,0x82,0x05,0x93,0xe4,0x8a,0x43,0x72,
    0x42,0x72,0xe2,0x61,0x23,0x6a,0x24,0x72,0x61,0x51,0x23,0x62,0xa3,0x6a,0xa4,0x72,0xa4,0x6a,0x02,0x52,0xc3,0x6a,0x44,0x7b,
    0x44,0x7b,0xe3,0x72,0xe4,0x72,0xc3,0x6a,0xa2,0x6a,0xe3,0x7a,0x82,0x72,0x42,0x72,0x45,0x8b,0xc3,0x82,0xc3,0x82,0xa3,0x7a,
    0xa3,0x6b,0x42,0x63,0xc2,0x52,0xc2,0x52,0x01,0x63,0x83,0x7b,0xa4,0x83,0x42,0x83,0x83,0x83,0x63,0x7b,0x63,0x73,0x21,0x6b,
    0x41,0x73,0x42,0x7b,0xa3,0x83,0x84,0x8b,0x43,0x83,0xa3,0x8b,0x42,0x7b,0x42,0x7b,0x02,0x73,0xa4,0x8b,0x43,0x83,0x22,0x83,
    0x43,0x83,0x23,0x83,0x24,0x83,0x24,0x83,0x44,0x83,0xa5,0x93,0x65,0x93,0x65,0x8b,0xe3,0x82,0xa1,0x72,0x24,0x83,0x45,0x8b,
    0xc6,0x93,0x84,0x6a,0xc4,0x59,0xa3,0x49,0x24,0x52,0x62,0x39,0x03,0x4a,0x83,0x62,0xa3,0x6a,0xc4,0x6a,0x63,0x62,0x23,0x52,
    0x23,0x42,0x83,0x5b,0xe4,0x6b,0x64,0x4a,0x83,0x31,0xe4,0x39,0x04,0x3a,0x43,0x21,0x83,0x29,0x06,0x63,0x83,0x4a,0x63,0x42,
    0x64,0x5b,0x23,0x53,0xa3,0x42,0x03,0x32,0x84,0x42,0x03,0x53,0x26,0x6c,0xe5,0x5b,0x64,0x64,0xa3,0x4b,0x43,0x32,0x22,0x19,
    0x63,0x21,0xa4,0x29,0x43,0x3a,0xa3,0x42,0x85,0x4a,0xe5,0x5a,0xc6,0x52,0x61,0x21,0x83,0x29,0xa2,0x31,0xc5,0x5a,0xc2,0x41,
    0x82,0x31,0xc2,0x39,0x23,0x42,0x64,0x52,0xa3,0x5a,0xc1,0x41,0x02,0x3a,0x04,0x63,0xe5,0x62,0x24,0x73,0xc3,0x6a,0x42,0x52,
    0xa4,0x6a,0x01,0x5a,0x62,0x62,0x63,0x62,0x02,0x52,0x02,0x6b,0x84,0x7b,0x65,0x83,0xc4,0x62,0xc5,0x62,0xe6,0x6a,0xc5,0x6a,
    0x65,0x5a,0x64,0x62,0xa4,0x6a,0xc3,0x72,0xe4,0x82,0x83,0x72,0x83,0x72,0x64,0x7a,0xc5,0x82,0x84,0x72,0xc5,0x7a,0x25,0x7b,
    0xe3,0x72,0xe4,0x7a,0xc5,0x7a,0xe3,0x61,0xc1,0x61,0x63,0x72,0xc5,0x7a,0xa4,0x7a,0x25,0x83,0xe7,0x9b,0x04,0x7b,0xc3,0x72,
    0xc2,0x6a,0xe3,0x7a,0xa7,0x9b,0x06,0x93,0xe6,0x8a,0xc5,0x82,0x27,0x9b,0x23,0x72,0x64,0x7a,0xc5,0x8a,0x63,0x7a,0x83,0x7a,
    0xc4,0x82,0x43,0x7a,0x83,0x7a,0x83,0x7a,0x23,0x6a,0x43,0x72,0x03,0x6a,0xc1,0x61,0x82,0x51,0xc2,0x59,0xe4,0x7a,0x42,0x62,
    0x03,0x62,0xa2,0x51,0x43,0x62,0xc2,0x6a,0xc3,0x6a,0x65,0x7b,0x45,0x7b,0xc3,0x72,0xa3,0x72,0xe3,0x7a,0xa2,0x72,0xe3,0x82,
    0xc4,0x82,0xc3,0x7a,0xe4,0x82,0x66,0x9b,0x23,0x5b,0xa2,0x52,0x01,0x32,0xc1,0x4a,0x62,0x63,0x42,0x63,0x42,0x6b,0x02,0x6b,
    0xe2,0x6a,0x81,0x52,0x61,0x4a,0x42,0x63,0x62,0x73,0x22,0x73,0x42,0x83,0x63,0x83,0x43,0x83,0x43,0x83,0x22,0x7b,0xe2,0x72,
    0x22,0x83,0x03,0x83,0x02,0x83,0x23,0x83,0x44,0x8b,0x64,0x8b,0x44,0x8b,0x44,0x8b,0xe3,0x82,0xe4,0x82,0x45,0x8b,0xe3,0x82,
    0x24,0x8b,0xa6,0x9b,0x85,0x9b,0xa5,0x9b,0x07,0x9c,0x86,0x8b,0x64,0x62,0x04,0x6b,0xa5,0x7b,0xc5,0x5a,0x85,0x52,0x65,0x6b,
    0xe4,0x83,0x24,0x73,0x84,0x6a,0x63,0x6a,0xc4,0x62,0xa3,0x52,0x83,0x4a,0xa4,0x6b,0x23,0x42,0xc0,0x18,0x02,0x19,0xc6,0x39,
    0x64,0x31,0xa2,0x31,0xc4,0x4a,0x63,0x42,0xa3,0x42,0xe3,0x4a,0x26,0x74,0x67,0x5b,0xe2,0x18,0x40,0x00,0x01,0x21,0xc2,0x31,
    0x64,0x53,0x23,0x64,0x45,0x64,0x25,0x6c,0xa7,0x63,0x82,0x21,0xa5,0x42,0xe5,0x52,0xe2,0x31,0xe8,0x7b,0x64,0x4a,0xc1,0x18,
    0x22,0x29,0x05,0x5b,0xe5,0x6a,0xe2,0x41,0x82,0x39,0xe3,0x41,0xc2,0x39,0x83,0x52,0xe3,0x5a,0xa4,0x7b,0x04,0x63,0x01,0x42,
    0x42,0x52,0xe3,0x6a,0x45,0x73,0x83,0x5a,0x63,0x5a,0xe5,0x72,0xc5,0x6a,0x02,0x52,0xc5,0x6a,0x03,0x73,0x83,0x62,0x84,0x62,
    0x45,0x73,0x05,0x6b,0xc3,0x62,0xc5,0x62,0x85,0x62,0x43,0x5a,0x63,0x62,0xa3,0x72,0x63,0x72,0xa4,0x7a,0x63,0x72,0x84,0x72,
    0x03,0x6a,0x82,0x59,0x43,0x6a,0xa4,0x6a,0x83,0x62,0xe3,0x59,0x03,0x62,0x03,0x6a,0x43,0x6a,0xa4,0x7a,0xa4,0x7a,0x63,0x72,
    0x29,0xa4,0x29,0xa4,0x25,0x83,0x04,0x7b,0xe3,0x7a,0xc3,0x72,0x26,0x93,0x44,0x72,0x03,0x6a,0x44,0x72,0x07,0x93,0xc6,0x8a,
    0x64,0x7a,0xa4,0x7a,0xc3,0x7a,0xa3,0x7a,0x63,0x72,0xe2,0x69,0x83,0x7a,0x63,0x7a,0x23,0x6a,0x02,0x6a,0x44,0x72,0x43,0x72,
    0x23,0x6a,0xa2,0x51,0x26,0x8b,0x44,0x6a,0x43,0x6a,0x43,0x62,0x43,0x5a,0xc3,0x72,0xe3,0x72,0xe3,0x72,0xa2,0x6a,0x82,0x6a,
    0xa3,0x72,0x04,0x83,0xa3,0x7a,0xc3,0x7a,0x83,0x7a,0xe4,0x82,0xe4,0x82,0xc3,0x82,0x41,0x42,0xe3,0x52,0xc2,0x52,0xc2,0x4a,
    0x21,0x5b,0x02,0x53,0x01,0x5b,0x22,0x63,0x43,0x6b,0xc2,0x5a,0xe1,0x52,0xc1,0x52,0x41,0x6b,0x62,0x73,0xe5,0x93,0x84,0x8b,
    0x84,0x93,0x84,0x8b,0x43,0x83,0x03,0x83,0x44,0x8b,0x44,0x8b,0x24,0x8b,0x85,0x93,0x65,0x93,0x04,0x8b,0x25,0x8b,0x04,0x8b,
    0xe4,0x82,0x25,0x93,0x87,0x9b,0xc8,0xa3,0x66,0x93,0x25,0x8b,0xa6,0xa3,0xe7,0xa3,0x66,0x8b,0x42,0x62,0xc2,0x51,0x03,0x52,
    0xc2,0x41,0x41,0x29,0x83,0x52,0x84,0x73,0x23,0x73,0xe2,0x6a,0xa3,0x6a,0xa1,0x51,0xe2,0x51,0xa2,0x52,0xe4,0x52,0x02,0x5b,
    0x66,0x7c,0x04,0x74,0xc5,0x6b,0xa3,0x42,0x22,0x3a,0x43,0x5b,0xa4,0x63,0x05,0x6c,0x45,0x5b,0x63,0x21,0x02,0x19,0x44,0x42,
    0xa6,0x4a,0xe2,0x20,0x82,0x10,0x62,0x18,0x43,0x29,0x43,0x3a,0xa2,0x42,0x02,0x4b,0xc2,0x29,0x84,0x29,0xe3,0x31,0xe5,0x52,
    0xa3,0x31,0x23,0x42,0x24,0x4a,0xe5,0x5a,0xc4,0x5a,0x84,0x52,0xc4,0x62,0x03,0x4a,0x24,0x4a,0xc0,0x18,0x22,0x42,0x86,0x73,
    0xe4,0x62,0xc2,0x5a,0x24,0x63,0x04,0x6b,0x24,0x6b,0x44,0x73,0x04,0x6b,0x25,0x73,0x83,0x62,0x22,0x5a,0x05,0x73,0xa5,0x6a,
    0x44,0x62,0x23,0x5a,0x22,0x41,0x82,0x41,0xe2,0x41,0x63,0x52,0x43,0x52,0x45,0x52,0x24,0x52,0xe3,0x49,0x03,0x5a,0xa2,0x49,
    0x41,0x49,0xe2,0x61,0xa4,0x72,0x06,0x83,0x84,0x72,0x24,0x6a,0x03,0x62,0x84,0x6a,0x43,0x62,0x85,0x6a,0xc5,0x7a,0x25,0x8b,
    0xa3,0x7a,0xa4,0x82,0xe4,0x7a,0x05,0x83,0x26,0x83,0x87,0x93,0x66,0x8b,0x04,0x7b,0x23,0x7b,0xe3,0x7a,0x02,0x62,0x43,0x72,
    0xa4,0x7a,0x03,0x6a,0xc2,0x61,0x44,0x7a,0x06,0x8b,0x42,0x6a,0xa3,0x7a,0xc3,0x72,0x62,0x72,0x83,0x7a,0xa5,0x82,0x22,0x72,
    0xe3,0x61,0x61,0x59,0xa2,0x59,0xc3,0x61,0x44,0x72,0x04,0x62,0xc2,0x59,0xc3,0x59,0x64,0x72,0xa4,0x72,0xa3,0x6a,0xc2,0x6a,
    0x44,0x7b,0x85,0x83,0xe3,0x7a,0xc3,0x72,0xc4,0x7a,0xe4,0x7a,0xa3,0x7a,0xe4,0x82,0xe3,0x82,0xe4,0x82,0xe3,0x82,0xc3,0x82,
    0x03,0x5b,0xe2,0x5a,0x02,0x5b,0xc1,0x52,0xc2,0x52,0xc1,0x52,0xc0,0x4a,0x43,0x6b,0x22,0x63,0x40,0x4a,0x81,0x4a,0xe2,0x52,
    0x02,0x63,0x22,0x6b,0x43,0x7b,0xc5,0x93,0xc5,0x9b,0x43,0x83,0xe2,0x7a,0x44,0x8b,0xa6,0x9b,0x86,0x9b,0x65,0x93,0x44,0x8b,
    0x86,0x9b,0x45,0x93,0x86,0x9b,0x46,0x93,0x25,0x8b,0xe9,0xab,0x09,0xac,0x26,0x93,0x25,0x93,0x86,0x9b,0xa7,0xa3,0x86,0x9b,
    0x03,0x6a,0x62,0x51,0x64,0x6a,0x03,0x52,0xe4,0x62,0x24,0x63,0x05,0x7c,0x61,0x52,0xc3,0x62,0xe3,0x72,0x04,0x7b,0x63,0x62,
    0x42,0x52,0x82,0x4a,0x04,0x63,0x62,0x52,0xc3,0x52,0x23,0x6c,0x41,0x6c,0xa4,0x74,0xc4,0x7c,0x84,0x5b,0xa3,0x31,0xa5,0x4a,
    0x45,0x63,0xe5,0x52,0x63,0x29,0x00,0x00,0x21,0x08,0xe2,0x18,0x61,0x10,0xe3,0x20,0x63,0x31,0x26,0x63,0x02,0x2a,0xa4,0x42,
    0x63,0x21,0xa1,0x08,0x24,0x3a,0xe4,0x52,0x44,0x4a,0xc3,0x39,0xe6,0x5a,0x05,0x63,0x04,0x63,0x83,0x52,0x05,0x6b,0xa3,0x41,
    0x63,0x31,0x22,0x31,0xc4,0x5a,0xe3,0x5a,0xc2,0x41,0xc3,0x5a,0x61,0x52,0xe1,0x41,0xa3,0x62,0x04,0x63,0xc4,0x5a,0xe4,0x6a,
    0x63,0x52,0xc5,0x6a,0x64,0x62,0xe3,0x51,0x22,0x41,0xc4,0x51,0x62,0x41,0x85,0x62,0x64,0x52,0xc4,0x5a,0x43,0x4a,0x04,0x4a,
    0x44,0x52,0x64,0x5a,0xe2,0x49,0x23,0x62,0x24,0x62,0xa4,0x72,0xa4,0x72,0x43,0x6a,0xc2,0x61,0x03,0x62,0xe3,0x59,0x85,0x6a,
    0x23,0x5a,0xe6,0x7a,0x63,0x6a,0xa3,0x7a,0x06,0x8b,0x46,0x8b,0x05,0x83,0x29,0xa4,0xa7,0x93,0x66,0x8b,0xe4,0x7a,0xe3,0x72,
    0xe3,0x72,0x24,0x7b,0x83,0x72,0xa4,0x72,0x64,0x72,0x84,0x72,0x23,0x72,0x23,0x6a,0x23,0x6a,0x62,0x6a,0xc3,0x72,0xc3,0x7a,
    0x83,0x72,0x83,0x7a,0x23,0x7a,0xc2,0x61,0x84,0x7a,0x64,0x72,0x44,0x72,0xc2,0x61,0x82,0x59,0x44,0x6a,0xa4,0x72,0x43,0x6a,
    0x02,0x62,0x03,0x62,0x42,0x62,0xc3,0x72,0x62,0x6a,0x04,0x7b,0x25,0x83,0x04,0x7b,0xa3,0x7a,0x05,0x83,0x05,0x8b,0x45,0x8b,
    0xe4,0x8a,0xe4,0x82,0x05,0x8b,0x04,0x8b,0x81,0x4a,0x83,0x5a,0xa2,0x52,0x81,0x4a,0x21,0x42,0x02,0x53,0x23,0x63,0xa2,0x52,
    0x41,0x4a,0x82,0x52,0xc1,0x5a,0xc2,0x5a,0xc1,0x5a,0x22,0x6b,0xa2,0x62,0xc3,0x72,0xa5,0x93,0x24,0x83,0xe2,0x72,0x85,0x9b,
    0x85,0x9b,0xa6,0x9b,0x65,0x93,0xe3,0x7a,0x65,0x93,0x87,0x9b,0xa8,0xa3,0xa7,0xab,0x43,0x7a,0xe5,0x8a,0xc9,0xab,0xc5,0x8a,
    0xe5,0x92,0x46,0x9b,0xc4,0x8a,0xa4,0x82,0x02,0x62,0xa4,0x72,0x25,0x7b,0xa3,0x5a,0xc5,0x73,0x84,0x73,0xa2,0x72,0x03,0x7b,
    0xe3,0x83,0x42,0x63,0x04,0x73,0x22,0x5a,0x85,0x7b,0xc4,0x62,0x43,0x4a,0x43,0x4a,0xa5,0x5a,0x02,0x53,0x23,0x53,0x83,0x53,
    0x03,0x5c,0x46,0x6c,0xe5,0x4a,0xa3,0x31,0x43,0x29,0xe5,0x52,0xe6,0x63,0xc5,0x4a,0x44,0x3a,0x65,0x4a,0x02,0x19,0x40,0x08,
    0x61,0x08,0x26,0x5b,0x62,0x3a,0x44,0x3a,0x42,0x21,0xc2,0x10,0x25,0x5b,0x64,0x63,0x64,0x4a,0x04,0x3a,0x25,0x63,0x65,0x6b,
    0x83,0x5a,0x83,0x52,0xa4,0x5a,0x82,0x31,0x24,0x4a,0x44,0x52,0x23,0x42,0xa2,0x39,0xc1,0x41,0x02,0x42,0x83,0x52,0x84,0x5a,
    0xc4,0x5a,0x63,0x52,0xe3,0x41,0x65,0x6b,0x44,0x6b,0x43,0x5a,0x06,0x6b,0x63,0x39,0x41,0x18,0x81,0x20,0x62,0x41,0x62,0x41,
    0xa3,0x39,0x83,0x4a,0x62,0x31,0x04,0x4a,0x64,0x5a,0xe6,0x6a,0xa3,0x62,0x64,0x7b,0x02,0x5a,0x03,0x62,0x04,0x5a,0x22,0x49,
    0x42,0x41,0x63,0x49,0xc3,0x51,0xe4,0x59,0x63,0x49,0x24,0x62,0x63,0x6a,0x25,0x7b,0xe5,0x82,0x05,0x8b,0xa4,0x72,0xa7,0x93,
    0x86,0x8b,0xa3,0x6a,0x44,0x83,0x44,0x7b,0x41,0x62,0x42,0x62,0x24,0x83,0x62,0x62,0x42,0x6a,0xe4,0x7a,0xc4,0x7a,0x43,0x72,
    0x22,0x6a,0x42,0x6a,0x62,0x6a,0x63,0x6a,0x63,0x7a,0x02,0x6a,0xe2,0x71,0x02,0x72,0x23,0x72,0x64,0x7a,0xc5,0x82,0x84,0x7a,
    0x02,0x6a,0xe4,0x59,0xe5,0x7a,0xa4,0x72,0x23,0x6a,0x63,0x6a,0xa4,0x72,0x42,0x5a,0xc2,0x6a,0x25,0x83,0xe4,0x7a,0x83,0x72,
    0xc4,0x7a,0xc3,0x82,0xc4,0x7a,0xa3,0x82,0x04,0x8b,0x25,0x8b,0xc3,0x7a,0xc3,0x82,0x01,0x42,0xe2,0x49,0x83,0x52,0x82,0x5a,
    0xc3,0x5a,0x02,0x63,0x81,0x52,0x61,0x4a,0xc3,0x62,0xc2,0x6a,0x62,0x5a,0x21,0x4a,0x43,0x6b,0xc2,0x5a,0x81,0x62,0x85,0x8b,
    0x64,0x83,0x02,0x7b,0x64,0x8b,0x85,0x93,0xc6,0xa3,0xa6,0x9b,0x44,0x8b,0xe3,0x82,0xa7,0x9b,0x66,0xa3,0xa7,0xa3,0xa8,0xab,
    0xc5,0x8a,0x68,0xa3,0x87,0xa3,0x05,0x93,0x67,0x9b,0x43,0x82,0x43,0x72,0x63,0x7a,0xe4,0x7a,0x62,0x6a,0x62,0x62,0x84,0x7b,
    0x04,0x6b,0x82,0x51,0x43,0x72,0x41,0x72,0xa2,0x62,0x25,0x7c,0x02,0x6b,0x42,0x5a,0x43,0x6b,0xc3,0x5a,0xa2,0x41,0x04,0x4a,
    0xe2,0x49,0xe4,0x5a,0x83,0x4a,0x64,0x53,0x63,0x4b,0xa3,0x53,0x85,0x6c,0xe7,0x63,0xa3,0x29,0xe4,0x52,0xc6,0x84,0x65,0x74,
    0x43,0x53,0xc5,0x4a,0x66,0x5b,0xa3,0x21,0xc1,0x10,0xa4,0x4a,0xc6,0x63,0xa2,0x29,0x61,0x00,0x24,0x3a,0x46,0x63,0xa3,0x4a,
    0x03,0x5b,0xa5,0x5a,0x05,0x63,0x03,0x5b,0xc5,0x5a,0x42,0x29,0xe3,0x49,0xa4,0x5a,0x44,0x63,0xe4,0x62,0xa3,0x39,0xa1,0x39,
    0xa4,0x52,0xe3,0x62,0xc4,0x5a,0xc3,0x5a,0x44,0x52,0x41,0x29,0x44,0x4a,0x02,0x42,0x65,0x73,0x22,0x4a,0x24,0x52,0xa3,0x39,
    0xc1,0x20,0x43,0x31,0xa2,0x41,0xc3,0x41,0xe2,0x39,0xe2,0x39,0xc3,0x39,0x04,0x4a,0x44,0x5a,0x85,0x62,0x04,0x52,0x25,0x94,
    0x24,0x7b,0x42,0x41,0xa4,0x51,0xe2,0x38,0xa1,0x30,0x43,0x49,0xe1,0x38,0xa1,0x30,0x84,0x49,0xa3,0x51,0x63,0x62,0xe4,0x7a,
    0x22,0x6a,0x02,0x6a,0x63,0x72,0x63,0x6a,0x05,0x83,0xa3,0x6a,0x81,0x62,0x03,0x7b,0x83,0x6a,0x61,0x62,0x04,0x7b,0x83,0x6a,
    0x62,0x6a,0x25,0x83,0x83,0x72,0x63,0x72,0xa3,0x72,0xc4,0x7a,0xc4,0x7a,0x02,0x6a,0x43,0x72,0x01,0x72,0x44,0x7a,0xa2,0x61,
    0xc2,0x61,0xc2,0x69,0x23,0x6a,0x84,0x82,0x64,0x72,0xc3,0x59,0x84,0x72,0x83,0x6a,0x22,0x62,0x83,0x6a,0x82,0x62,0xa3,0x72,
    0xc3,0x72,0xa3,0x72,0x83,0x72,0xc3,0x7a,0xe4,0x82,0x62,0x72,0x42,0x6a,0xe4,0x82,0x66,0x93,0xe3,0x82,0xc3,0x82,0x24,0x8b,
    0x44,0x6b,0x01,0x42,0xc2,0x41,0x83,0x62,0x83,0x62,0xe2,0x62,0x62,0x52,0x82,0x62,0xc3,0x6a,0x62,0x62,0xa3,0x72,0xe1,0x51,
    0x24,0x73,0xc2,0x6a,0x64,0x7b,0x83,0x8b,0x02,0x7b,0x23,0x83,0x03,0x7b,0x44,0x83,0x86,0x9b,0x85,0x93,0xe3,0x82,0x24,0x8b,
    0x28,0xb4,0xa7,0xa3,0xe8,0xb3,0xe9,0xb3,0xe9,0xbb,0x67,0xa3,0xe4,0x9a,0x46,0xa3,0xe5,0x92,0x84,0x82,0x04,0x8b,0x65,0x8b,
    0x64,0x83,0xe3,0x72,0xa4,0x7b,0x44,0x73,0xa3,0x62,0xa2,0x59,0x82,0x59,0x22,0x6a,0x21,0x62,0x21,0x52,0x82,0x5a,0x64,0x73,
    0x83,0x73,0x03,0x63,0xe2,0x41,0xa2,0x39,0x03,0x52,0xc4,0x62,0x64,0x63,0x22,0x4b,0x62,0x4b,0x02,0x4b,0xe3,0x42,0xa4,0x42,
    0x87,0x52,0xe4,0x41,0xc2,0x31,0x06,0x6c,0xe3,0x4a,0x22,0x21,0x85,0x5b,0x85,0x5b,0xc3,0x4a,0xa4,0x42,0x84,0x42,0x84,0x42,
    0xe3,0x39,0x43,0x5b,0x64,0x63,0xc4,0x52,0xe4,0x5a,0x04,0x42,0xc2,0x31,0x04,0x63,0xe5,0x5a,0x05,0x5b,0xc4,0x5a,0x66,0x6b,
    0x43,0x4a,0x23,0x4a,0x64,0x4a,0x43,0x4a,0x83,0x5a,0x83,0x52,0xa1,0x41,0x65,0x6b,0x84,0x52,0x22,0x29,0x04,0x42,0xc3,0x39,
    0xc4,0x52,0x22,0x4a,0xe3,0x41,0xe3,0x39,0xa3,0x39,0x05,0x4a,0x25,0x4a,0xe1,0x20,0x03,0x42,0x83,0x52,0xe4,0x41,0xa2,0x41,
    0x25,0x52,0xe2,0x30,0xe3,0x38,0x82,0x41,0xe2,0x51,0xc2,0x38,0x06,0x62,0xe2,0x30,0x43,0x41,0x63,0x41,0xc5,0x51,0x43,0x41,
    0xe1,0x30,0xe4,0x59,0x46,0x83,0x83,0x6a,0x02,0x6a,0x44,0x72,0x23,0x62,0x22,0x62,0x63,0x6a,0x21,0x5a,0xa3,0x72,0xa2,0x6a,
    0xc3,0x72,0xe2,0x72,0xe3,0x72,0x82,0x6a,0xc3,0x72,0xa3,0x72,0x83,0x72,0xa4,0x7a,0x83,0x72,0x62,0x72,0x23,0x6a,0xe2,0x69,
    0x43,0x7a,0xe2,0x69,0x61,0x61,0x61,0x61,0x03,0x6a,0x23,0x72,0xa2,0x61,0xc2,0x61,0x24,0x72,0xe3,0x59,0x66,0x8b,0x44,0x83,
    0x62,0x62,0x62,0x6a,0xe2,0x51,0x62,0x62,0xa3,0x6a,0xa3,0x72,0x83,0x72,0xe4,0x7a,0xc4,0x7a,0xe4,0x82,0xa3,0x82,0xe4,0x82,
    0xe3,0x82,0x05,0x8b,0x82,0x72,0x24,0x8b,0x43,0x52,0x43,0x52,0xe2,0x49,0x81,0x39,0x63,0x62,0x63,0x62,0x42,0x5a,0x62,0x62,
    0xc0,0x51,0xc3,0x7a,0x04,0x83,0x83,0x72,0x85,0x8b,0x62,0x62,0x03,0x7b,0x42,0x7b,0x43,0x83,0x62,0x6a,0xe1,0x59,0x24,0x83,
    0x03,0x83,0x04,0x83,0xc2,0x7a,0xe7,0xa3,0x45,0x93,0x46,0x9b,0xc7,0xb3,0xe8,0xb3,0x09,0xbc,0xa7,0xab,0x67,0xa3,0x67,0x9b,
    0x05,0x8b,0x45,0x8b,0x24,0x8b,0x02,0x7b,0xe2,0x72,0x03,0x73,0xa5,0x83,0xe2,0x6a,0xc3,0x72,0x42,0x6a,0xa4,0x7a,0xe1,0x59,
    0x22,0x62,0x83,0x7b,0x84,0x6b,0x22,0x6b,0x01,0x63,0x83,0x52,0xa3,0x52,0x24,0x63,0xc5,0x62,0xa2,0x39,0x42,0x4a,0x23,0x53,
    0xa4,0x5b,0x65,0x5b,0x62,0x29,0x61,0x18,0x40,0x10,0x62,0x10,0x07,0x4a,0xc5,0x52,0x65,0x4a,0xc1,0x18,0xe6,0x52,0xc5,0x63,
    0x85,0x63,0x66,0x63,0x24,0x5b,0xc3,0x4a,0x65,0x5b,0x44,0x5b,0x44,0x63,0xa3,0x52,0x26,0x63,0x65,0x52,0xa2,0x31,0x84,0x4a,
    0xa3,0x4a,0x25,0x63,0xc3,0x5a,0xc3,0x52,0x45,0x63,0x63,0x4a,0xe1,0x41,0x02,0x42,0x42,0x4a,0xa4,0x5a,0xa2,0x52,0x64,0x6b,
    0x64,0x6b,0xe4,0x41,0x25,0x42,0xc3,0x39,0x02,0x3a,0x45,0x6b,0xe4,0x5a,0xc3,0x5a,0xe5,0x5a,0x44,0x4a,0x87,0x73,0xc1,0x18,
    0xc5,0x5a,0x84,0x4a,0xa1,0x39,0xa3,0x39,0x83,0x41,0xa2,0x28,0x43,0x39,0x66,0x62,0x87,0x6a,0x23,0x49,0x42,0x41,0x63,0x39,
    0x84,0x41,0x84,0x41,0xa4,0x49,0x65,0x62,0xa3,0x49,0x65,0x62,0x84,0x72,0x63,0x72,0x82,0x59,0xa2,0x59,0x01,0x62,0xa3,0x72,
    0x61,0x6a,0x83,0x6a,0x03,0x73,0x21,0x5a,0xc3,0x72,0x23,0x7b,0xe3,0x72,0x21,0x62,0xc4,0x7a,0x22,0x62,0x63,0x72,0x42,0x6a,
    0x22,0x6a,0x22,0x72,0xc3,0x61,0x44,0x72,0x24,0x72,0x62,0x61,0xa2,0x61,0xe3,0x69,0xe2,0x69,0x03,0x6a,0xc2,0x69,0x41,0x59,
    0x23,0x6a,0x03,0x6a,0x64,0x6a,0x05,0x7b,0xa2,0x6a,0xe3,0x7a,0xe2,0x51,0x43,0x62,0x22,0x62,0xe4,0x7a,0xc4,0x7a,0xe4,0x82,
    0xe4,0x82,0x66,0x93,0x46,0x8b,0xc4,0x82,0x04,0x8b,0xc3,0x82,0xe4,0x82,0x45,0x93,0x82,0x41,0x03,0x52,0x03,0x4a,0xc2,0x49,
    0x02,0x5a,0xe1,0x59,0x22,0x5a,0x42,0x6a,0x02,0x62,0x83,0x7a,0x42,0x72,0x63,0x72,0xa3,0x72,0x01,0x62,0x44,0x7b,0x02,0x7b,
    0xc2,0x72,0x41,0x6a,0xc3,0x7a,0xa1,0x6a,0xa2,0x72,0x64,0x93,0x24,0x8b,0x85,0x93,0x45,0x93,0xa7,0xa3,0xe8,0xab,0x29,0xb4,
    0x4a,0xb4,0xa8,0x9b,0xe5,0x7a,0x63,0x6a,0x26,0x83,0x84,0x72,0xa3,0x72,0x03,0x7b,0x63,0x7b,0xe3,0x6a,0xa2,0x6a,0x82,0x72,
    0xa3,0x82,0x62,0x7a,0x41,0x72,0x21,0x6a,0x63,0x6a,0x41,0x6b,0x83,0x73,0x23,0x7b,0xe2,0x72,0xc2,0x51,0x41,0x5a,0x04,0x6b,
    0xe5,0x6a,0x23,0x4a,0xa2,0x31,0x23,0x3a,0x63,0x42,0x04,0x5b,0x84,0x52,0xe3,0x28,0x44,0x31,0xa1,0x18,0x26,0x4a,0x05,0x4a,
    0x22,0x29,0x44,0x52,0x66,0x63,0x25,0x5b,0xc4,0x4a,0x85,0x63,0x07,0x74,0x23,0x3a,0x44,0x63,0x05,0x5b,0xa3,0x52,0x45,0x6b,
    0x46,0x63,0xe4,0x5a,0x03,0x3a,0x04,0x42,0xa4,0x4a,0xc4,0x52,0xa3,0x5a,0x43,0x4a,0xc1,0x39,0xe1,0x39,0xe2,0x41,0xc2,0x41,
    0xc1,0x39,0x62,0x52,0xa2,0x5a,0xc2,0x5a,0xa5,0x73,0xe4,0x5a,0x03,0x3a,0x62,0x29,0xc2,0x39,0xc2,0x41,0x63,0x4a,0xc1,0x39,
    0xc2,0x39,0x04,0x42,0x44,0x4a,0x80,0x18,0xe2,0x41,0x03,0x42,0x82,0x31,0xc3,0x41,0x63,0x39,0xa2,0x28,0x44,0x41,0x44,0x41,
    0x43,0x41,0x86,0x6a,0x25,0x5a,0xc2,0x28,0x84,0x41,0xa4,0x41,0x43,0x39,0xe7,0x6a,0xa5,0x6a,0xa6,0x72,0xc5,0x7a,0xc4,0x7a,
    0xc3,0x61,0x24,0x6a,0xa4,0x7a,0x44,0x83,0x44,0x83,0x82,0x6a,0x83,0x6a,0x62,0x6a,0xa2,0x6a,0xe2,0x72,0x62,0x6a,0x82,0x6a,
    0xc4,0x72,0xa4,0x72,0x42,0x6a,0x02,0x6a,0x42,0x72,0xe2,0x69,0x62,0x59,0xe2,0x69,0xe3,0x69,0x01,0x51,0xc2,0x61,0x23,0x6a,
    0x22,0x6a,0xe2,0x69,0xe2,0x61,0x03,0x6a,0x82,0x59,0x82,0x61,0x03,0x62,0x43,0x6a,0xa3,0x72,0x45,0x83,0xe3,0x72,0xa3,0x6a,
    0x64,0x6a,0x43,0x6a,0x63,0x72,0xa3,0x72,0xc4,0x82,0x44,0x8b,0xe3,0x82,0x04,0x83,0x85,0x8b,0x83,0x7a,0x05,0x8b,0x44,0x8b,
    0x03,0x52,0x03,0x5a,0xe2,0x51,0x22,0x5a,0x03,0x62,0x84,0x72,0x42,0x6a,0x83,0x7a,0x22,0x6a,0xe2,0x69,0xc2,0x61,0xe2,0x69,
    0x42,0x6a,0xa3,0x72,0xe2,0x72,0x43,0x7b,0x23,0x7b,0xc3,0x7a,0x81,0x72,0x61,0x6a,0x03,0x83,0x24,0x8b,0x81,0x72,0xa1,0x72,
    0x04,0x7b,0xe5,0x82,0x63,0x6a,0x06,0x8b,0x27,0x8b,0x48,0x8b,0x47,0x83,0xc6,0x6a,0x82,0x49,0x63,0x49,0xe2,0x51,0xe4,0x6a,
    0x84,0x73,0x02,0x6b,0xa3,0x6a,0x62,0x6a,0xa2,0x82,0x82,0x7a,0x83,0x7a,0x02,0x72,0xe2,0x59,0x22,0x5a,0xe2,0x62,0x22,0x73,
    0xc2,0x72,0x23,0x6a,0xe2,0x59,0x43,0x5a,0x61,0x49,0x44,0x52,0x84,0x5a,0xa3,0x39,0xa6,0x52,0x64,0x52,0xa5,0x5a,0xc4,0x39,
    0x84,0x39,0xc5,0x39,0xe2,0x20,0x65,0x4a,0x27,0x63,0xc5,0x5a,0x82,0x31,0x06,0x53,0xa4,0x52,0x44,0x5b,0x84,0x6b,0xe5,0x52,
    0x04,0x5b,0x85,0x6b,0x04,0x5b,0x44,0x6b,0x03,0x42,0x64,0x4a,0x84,0x52,0x85,0x52,0xa5,0x52,0xe4,0x62,0xa5,0x5a,0xc3,0x39,
    0x41,0x29,0xe3,0x41,0xc4,0x5a,0x22,0x52,0x22,0x52,0x82,0x52,0xa3,0x5a,0xa2,0x52,0xc3,0x62,0x22,0x4a,0xe4,0x39,0x64,0x4a,
    0x46,0x6b,0x62,0x31,0x01,0x29,0xa2,0x39,0x04,0x42,0x62,0x31,0xc3,0x39,0xa2,0x20,0xa4,0x5a,0x02,0x4a,0xc3,0x41,0xe5,0x62,
    0x82,0x49,0xc5,0x51,0xa5,0x49,0xa2,0x20,0x40,0x18,0x63,0x49,0x66,0x62,0x43,0x39,0x86,0x62,0x24,0x4a,0x41,0x18,0x23,0x39,
    0x24,0x5a,0xc3,0x51,0x24,0x6a,0xc4,0x72,0x23,0x6a,0x06,0x8b,0x43,0x6a,0x86,0x93,0x24,0x83,0x61,0x6a,0x42,0x6a,0xc3,0x72,
    0x82,0x6a,0xa2,0x6a,0x04,0x7b,0xe3,0x7a,0xc4,0x72,0x42,0x6a,0xc4,0x7a,0x02,0x6a,0x23,0x72,0x23,0x72,0x22,0x59,0x62,0x59,
    0x04,0x6a,0x81,0x59,0x42,0x72,0x83,0x72,0x63,0x6a,0x43,0x6a,0x22,0x6a,0xc5,0x7a,0xa2,0x61,0xc3,0x61,0x23,0x6a,0x03,0x6a,
    0x02,0x5a,0x45,0x7b,0x03,0x73,0xc4,0x72,0x63,0x6a,0xe2,0x61,0xa4,0x72,0x05,0x83,0xc3,0x7a,0xa2,0x7a,0xc2,0x72,0x03,0x73,
    0x23,0x7b,0xe4,0x7a,0x25,0x93,0xc3,0x7a,0x03,0x5a,0x21,0x41,0x22,0x5a,0x02,0x5a,0x23,0x62,0xa3,0x7a,0xe2,0x61,0x02,0x72,
    0xe1,0x69,0x22,0x72,0xe1,0x69,0x02,0x6a,0x63,0x72,0x83,0x72,0x24,0x83,0x84,0x8b,0x03,0x7b,0xa2,0x72,0x61,0x6a,0xa2,0x72,
    0xa2,0x72,0xc2,0x72,0x41,0x62,0x83,0x6a,0x26,0x83,0x06,0x83,0x84,0x7a,0x65,0x7a,0xe3,0x71,0xa5,0x72,0xc4,0x51,0x23,0x39,
    0x63,0x41,0xc5,0x6a,0x24,0x6b,0x04,0x6b,0x03,0x6b,0x43,0x7b,0x03,0x7b,0xe3,0x82,0xa2,0x7a,0xa3,0x7a,0xa4,0x7a,0xa1,0x61,
    0x44,0x72,0x82,0x62,0x42,0x6b,0x05,0x8c,0x23,0x73,0x62,0x62,0x41,0x62,0xc3,0x6a,0xa3,0x72,0x64,0x6a,0xa2,0x59,0xc4,0x51,
    0x63,0x4a,0xc5,0x52,0x45,0x4a,0xe4,0x39,0xc2,0x20,0xe1,0x28,0xa5,0x5a,0xa6,0x6b,0x65,0x6b,0x85,0x6b,0xc5,0x52,0x05,0x5b,
    0x44,0x63,0x66,0x63,0x44,0x63,0x25,0x63,0x84,0x52,0x45,0x63,0x04,0x63,0xe4,0x5a,0x03,0x42,0xa4,0x39,0xc3,0x39,0xa2,0x39,
    0x84,0x5a,0xe4,0x62,0x62,0x52,0x84,0x52,0x04,0x4a,0x61,0x31,0x82,0x5a,0xc2,0x62,0xa3,0x62,0x83,0x5a,0x03,0x63,0xc2,0x62,
    0xc3,0x5a,0xc2,0x41,0x03,0x4a,0xe4,0x5a,0x04,0x6b,0xc2,0x41,0x84,0x5a,0x23,0x4a,0xe2,0x41,0xc6,0x5a,0xa4,0x5a,0x63,0x5a,
    0xa5,0x7b,0x03,0x6b,0x66,0x73,0x04,0x73,0x06,0x73,0x05,0x5a,0x62,0x39,0xa2,0x20,0xa2,0x28,0x83,0x41,0x25,0x5a,0x82,0x41,
    0xc5,0x62,0x84,0x52,0x21,0x18,0x21,0x10,0x84,0x41,0x24,0x5a,0x26,0x83,0x05,0x83,0xe5,0x82,0xc5,0x7a,0x46,0x8b,0x24,0x83,
    0x62,0x6a,0x62,0x72,0x83,0x72,0x43,0x62,0xa3,0x6a,0xc0,0x51,0xe4,0x7a,0x83,0x6a,0x01,0x62,0x23,0x6a,0x24,0x83,0xa4,0x82,
    0xc2,0x61,0xc2,0x61,0x83,0x61,0xa2,0x38,0x21,0x49,0xa2,0x59,0x84,0x6a,0xc4,0x7a,0x22,0x62,0xa4,0x72,0x44,0x72,0x23,0x6a,
    0x22,0x62,0x23,0x6a,0x02,0x6a,0x43,0x6a,0x42,0x62,0xc3,0x6a,0x83,0x62,0x04,0x73,0x83,0x6a,0x63,0x72,0x23,0x6a,0x26,0x8b,
    0xe5,0x82,0x82,0x7a,0x03,0x7b,0xc2,0x62,0x23,0x7b,0x04,0x83,0x87,0x9b,0xa3,0x7a,0x22,0x62,0x23,0x62,0x83,0x6a,0x42,0x62,
    0x43,0x6a,0x63,0x72,0xa1,0x61,0xe2,0x69,0x23,0x72,0x22,0x72,0xc1,0x69,0x22,0x72,0x81,0x61,0xc2,0x61,0x42,0x6a,0x62,0x6a,
    0xc2,0x72,0x83,0x72,0x82,0x72,0xa2,0x6a,0xc3,0x7a,0x04,0x7b,0xa3,0x72,0xc3,0x6a,0xa3,0x6a,0xa5,0x72,0x84,0x7a,0x26,0x93,
    0xa5,0x82,0xc7,0x7a,0x66,0x62,0x43,0x41,0x44,0x5a,0xe7,0x8b,0x43,0x7b,0xa2,0x6a,0x02,0x73,0x43,0x83,0xc2,0x72,0x24,0x83,
    0x62,0x7a,0x82,0x7a,0x62,0x72,0xe2,0x69,0x62,0x72,0x81,0x62,0xe4,0x83,0xc4,0x7b,0x43,0x73,0x81,0x5a,0x22,0x73,0x02,0x7b,
    0x82,0x72,0x03,0x6a,0x82,0x61,0x02,0x49,0x85,0x5a,0x24,0x3a,0x42,0x21,0x23,0x29,0xe2,0x20,0xe2,0x20,0x63,0x31,0x86,0x6b,
    0x44,0x63,0xc6,0x73,0x44,0x63,0x63,0x42,0x04,0x5b,0xc3,0x5a,0xc6,0x73,0xe4,0x5a,0x04,0x63,0x85,0x6b,0x23,0x63,0xc5,0x73,
    0x43,0x4a,0x61,0x18,0x22,0x31,0x62,0x39,0x22,0x52,0x63,0x52,0x82,0x5a,0xe4,0x62,0xe4,0x6a,0x04,0x6b,0xc2,0x5a,0xa2,0x5a,
    0x22,0x52,0x42,0x52,0xc4,0x62,0xe3,0x6a,0x43,0x7b,0x01,0x4a,0xc2,0x41,0x83,0x52,0xe2,0x49,0x44,0x52,0xc5,0x83,0x63,0x5a,
    0xc3,0x49,0x04,0x6b,0x84,0x7b,0x03,0x73,0x43,0x7b,0xa3,0x6a,0xa4,0x62,0x65,0x7b,0x25,0x83,0x84,0x6a,0x23,0x39,0x61,0x10,
    0x41,0x18,0xa2,0x28,0xa3,0x49,0xe4,0x62,0x82,0x52,0x85,0x6b,0x03,0x4a,0x43,0x39,0xa4,0x49,0xa5,0x72,0x83,0x6a,0x82,0x6a,
    0xe4,0x82,0x25,0x8b,0x83,0x7a,0x83,0x72,0x83,0x7a,0x63,0x72,0x82,0x72,0x22,0x62,0xc4,0x72,0xa2,0x72,0x03,0x7b,0xc3,0x7a,
    0x21,0x62,0x83,0x72,0xc2,0x7a,0x82,0x72,0x23,0x72,0x62,0x59,0x02,0x49,0xa3,0x59,0xc3,0x59,0x03,0x62,0xe2,0x61,0x23,0x62,
    0x63,0x6a,0x22,0x62,0xc2,0x59,0x63,0x6a,0xc4,0x7a,0x43,0x72,0x43,0x72,0x83,0x72,0x62,0x6a,0x42,0x62,0x83,0x62,0x01,0x5a,
    0xa4,0x72,0xa5,0x7a,0xc2,0x61,0xe5,0x82,0x83,0x7a,0x83,0x72,0xa3,0x72,0x23,0x6b,0x83,0x7b,0x03,0x7b,0xe4,0x8a,0x82,0x72,
    0x63,0x72,0x82,0x72,0xa2,0x6a,0x81,0x6a,0x82,0x72,0x42,0x6a,0x62,0x72,0x63,0x7a,0x22,0x72,0xe1,0x69,0x22,0x7a,0x22,0x7a,
    0x62,0x59,0x43,0x72,0x01,0x62,0x83,0x6a,0x44,0x83,0xa2,0x72,0x62,0x6a,0x82,0x72,0xe3,0x7a,0xe4,0x7a,0x04,0x7b,0xe4,0x72,
    0xe6,0x7a,0x24,0x6a,0x44,0x72,0xe5,0x8a,0x26,0x93,0xa6,0x7a,0xc4,0x59,0x45,0x62,0x05,0x7b,0x83,0x6a,0xc4,0x7a,0x84,0x7a,
    0x62,0x7a,0x41,0x6a,0xa3,0x7a,0x01,0x6a,0x02,0x6a,0xe1,0x61,0x63,0x72,0x62,0x6a,0x61,0x6a,0xe2,0x6a,0x63,0x73,0x21,0x52,
    0x01,0x52,0x83,0x6a,0xe2,0x6a,0xa1,0x72,0x42,0x72,0x81,0x61,0x23,0x7a,0x22,0x49,0xc2,0x18,0x84,0x31,0xc5,0x39,0x61,0x18,
    0x20,0x08,0xa1,0x20,0x81,0x20,0x44,0x4a,0xc6,0x5a,0x46,0x63,0xa6,0x6b,0x84,0x52,0xc2,0x31,0xa4,0x52,0xa5,0x73,0x86,0x73,
    0x45,0x6b,0x64,0x6b,0xa5,0x73,0x25,0x7c,0xc6,0x7b,0xe4,0x41,0xa5,0x41,0x25,0x52,0x84,0x5a,0x43,0x52,0xe4,0x6a,0x65,0x73,
    0x82,0x5a,0x03,0x6b,0xc3,0x6a,0x63,0x62,0x01,0x5a,0x02,0x52,0x42,0x5a,0xc3,0x6a,0xe3,0x6a,0xe3,0x6a,0x41,0x52,0xc3,0x5a,
    0x66,0x7b,0xe4,0x6a,0x82,0x62,0x83,0x6a,0x03,0x4a,0xc3,0x6a,0x03,0x73,0x64,0x83,0x03,0x73,0x24,0x7b,0xe4,0x6a,0x64,0x62,
    0xc4,0x72,0x26,0x83,0xc1,0x28,0x82,0x20,0xa2,0x28,0xc2,0x30,0x83,0x41,0x43,0x73,0x43,0x42,0x22,0x5b,0x23,0x6b,0x24,0x5a,
    0x63,0x49,0xc3,0x51,0x25,0x83,0xe4,0x72,0xc2,0x72,0xc3,0x72,0xe4,0x7a,0xc5,0x82,0x63,0x72,0xa3,0x72,0xa2,0x72,0x41,0x6a,
    0x44,0x7b,0x02,0x7b,0x81,0x6a,0xe3,0x7a,0xc3,0x72,0xa3,0x72,0xe3,0x7a,0x82,0x72,0x62,0x72,0x43,0x72,0xc3,0x61,0x03,0x6a,
    0x43,0x72,0x63,0x6a,0x83,0x72,0x63,0x6a,0x43,0x62,0xe2,0x59,0x03,0x62,0xc4,0x7a,0x43,0x72,0x61,0x51,0x43,0x72,0x84,0x72,
    0xc3,0x59,0xe2,0x59,0x22,0x5a,0x62,0x62,0x63,0x6a,0xa2,0x59,0x24,0x72,0x85,0x7a,0x23,0x6a,0x22,0x6a,0x42,0x5a,0x62,0x52,
    0xa1,0x5a,0x44,0x83,0x82,0x7a,0x83,0x7a,0x62,0x72,0x01,0x6a,0x41,0x6a,0x61,0x6a,0x42,0x6a,0x62,0x72,0x61,0x72,0x21,0x6a,
    0x22,0x72,0x42,0x7a,0x03,0x7a,0x43,0x82,0x22,0x7a,0xa2,0x69,0x22,0x6a,0x41,0x6a,0x04,0x7b,0x04,0x83,0x82,0x6a,0xe3,0x7a,
    0xa2,0x72,0x04,0x7b,0x24,0x7b,0x04,0x7b,0x06,0x83,0x84,0x72,0xa4,0x7a,0x83,0x72,0x26,0x93,0x47,0x93,0x65,0x72,0xa4,0x72,
    0xa4,0x7a,0xe3,0x69,0xa1,0x69,0xe2,0x71,0x42,0x7a,0x82,0x7a,0x82,0x72,0x41,0x6a,0x62,0x72,0xe3,0x7a,0xc2,0x72,0x22,0x5a,
    0xa2,0x6a,0xc2,0x6a,0x42,0x5a,0x41,0x5a,0x83,0x72,0xc3,0x7a,0x61,0x6a,0xc3,0x7a,0x83,0x82,0x42,0x7a,0x65,0x7a,0x60,0x20,
    0x00,0x08,0x20,0x10,0x41,0x10,0x41,0x18,0x24,0x31,0xc4,0x41,0x61,0x18,0x25,0x4a,0xa3,0x39,0x24,0x52,0x04,0x5b,0xc5,0x52,
    0xa5,0x52,0xa3,0x52,0x85,0x73,0x83,0x52,0x65,0x6b,0xe4,0x5a,0xe3,0x5a,0x24,0x6b,0x25,0x6b,0xc3,0x49,0x04,0x52,0xa5,0x62,
    0xe4,0x62,0x25,0x73,0xa4,0x7b,0x64,0x7b,0x03,0x73,0x43,0x6a,0xa2,0x59,0x82,0x59,0x22,0x62,0x04,0x83,0xa2,0x6a,0x61,0x62,
    0xa2,0x72,0x64,0x83,0x24,0x73,0x45,0x7b,0x66,0x7b,0x82,0x62,0x21,0x5a,0x65,0x7b,0xe4,0x72,0x83,0x6a,0xa3,0x6a,0x44,0x7b,
    0xc2,0x6a,0x64,0x7b,0x63,0x62,0xe2,0x51,0xa4,0x72,0x67,0x8b,0xe4,0x59,0xc2,0x30,0x05,0x5a,0x02,0x41,0xe4,0x51,0x46,0x73,
    0x22,0x4a,0x64,0x6b,0xa4,0x73,0xc3,0x6a,0xc4,0x72,0xe6,0x7a,0xa3,0x6a,0xa2,0x6a,0x23,0x7b,0xc2,0x72,0xe4,0x7a,0x85,0x8b,
    0xa3,0x72,0x41,0x6a,0xa1,0x72,0x61,0x62,0x84,0x83,0x83,0x83,0x81,0x62,0xc3,0x72,0x04,0x7b,0xa3,0x7a,0xe3,0x82,0xa2,0x72,
    0xe3,0x82,0x63,0x72,0x03,0x72,0x04,0x6a,0x23,0x6a,0x03,0x62,0x43,0x6a,0xe1,0x61,0x43,0x6a,0x23,0x62,0x65,0x72,0xc1,0x59,
    0xc3,0x59,0x21,0x49,0xe3,0x69,0xa2,0x59,0xc3,0x51,0x62,0x41,0x42,0x62,0xe1,0x51,0xa5,0x7a,0xc3,0x59,0x03,0x6a,0xc3,0x61,
    0x44,0x72,0x83,0x7a,0xe2,0x59,0x63,0x52,0x03,0x73,0xe3,0x7a,0x62,0x72,0x62,0x7a,0x41,0x72,0x41,0x6a,0x01,0x6a,0x21,0x62,
    0x82,0x6a,0x63,0x72,0x22,0x6a,0x22,0x72,0x22,0x6a,0x63,0x82,0xc2,0x79,0xc2,0x79,0x22,0x7a,0xa1,0x69,0x42,0x6a,0xe3,0x7a,
    0xc2,0x7a,0x82,0x6a,0x81,0x6a,0xc3,0x72,0xe3,0x72,0x64,0x83,0x24,0x7b,0xe4,0x72,0x05,0x83,0x48,0x8b,0x47,0x8b,0xe5,0x82,
    0xc5,0x82,0xa4,0x7a,0x25,0x83,0x45,0x83,0x03,0x6a,0x21,0x51,0xa3,0x61,0xc2,0x69,0xe2,0x71,0xa1,0x61,0xe3,0x7a,0xa2,0x72,
    0x02,0x83,0xe3,0x7a,0x82,0x6a,0x42,0x6a,0x01,0x5a,0xc2,0x6a,0xe1,0x59,0x22,0x62,0x62,0x72,0x62,0x72,0x22,0x6a,0x82,0x72,
    0x61,0x72,0x42,0x72,0xe2,0x61,0xa2,0x28,0x82,0x20,0xa2,0x20,0xc2,0x20,0x43,0x39,0xc4,0x41,0xc5,0x5a,0x43,0x52,0x44,0x52,
    0x24,0x4a,0xc5,0x62,0xe4,0x62,0x45,0x63,0x86,0x73,0xe6,0x7b,0x84,0x73,0x04,0x63,0x45,0x73,0x63,0x5a,0xa3,0x5a,0x45,0x73,
    0xc2,0x49,0x43,0x62,0x84,0x62,0x46,0x7b,0xa4,0x62,0x63,0x5a,0x43,0x73,0x64,0x7b,0x85,0x83,0xe2,0x69,0xe2,0x69,0xa4,0x82,
    0x82,0x7a,0xc3,0x7a,0x44,0x8b,0x61,0x6a,0x24,0x83,0xe3,0x72,0xc3,0x6a,0x02,0x5a,0xc2,0x6a,0x44,0x7b,0xe3,0x72,0xc4,0x72,
    0x24,0x7b,0x83,0x6a,0x62,0x62,0x45,0x7b,0xe3,0x72,0x44,0x7b,0xa2,0x62,0xc3,0x72,0xc3,0x72,0xe3,0x7a,0xa5,0x72,0x42,0x51,
    0xe6,0x82,0x24,0x62,0x82,0x49,0x85,0x62,0x83,0x5a,0xc3,0x7b,0x24,0x84,0x64,0x7b,0xc5,0x8b,0x24,0x7b,0x41,0x62,0x81,0x62,
    0x85,0x83,0xa2,0x6a,0x61,0x62,0x43,0x7b,0xe3,0x7a,0x01,0x62,0xc3,0x72,0xc2,0x6a,0x63,0x7b,0xe3,0x72,0x01,0x52,0xa4,0x72,
    0x81,0x6a,0x03,0x83,0xe3,0x82,0xa1,0x72,0xc3,0x7a,0x02,0x6a,0xc2,0x61,0xa2,0x59,0x25,0x6a,0xc2,0x59,0x02,0x62,0x22,0x62,
    0x23,0x62,0xe3,0x61,0x21,0x49,0x62,0x49,0xa2,0x59,0xe2,0x59,0x82,0x59,0xc3,0x51,0x85,0x6a,0x42,0x41,0xe4,0x59,0x62,0x49,
    0x62,0x51,0xa3,0x59,0xc3,0x61,0x42,0x51,0x85,0x72,0xc4,0x7a,0x43,0x6a,0xc2,0x49,0x03,0x73,0x23,0x7b,0xa3,0x7a,0x04,0x8b,
    0x61,0x72,0xc2,0x7a,0xe3,0x7a,0xa2,0x72,0x21,0x6a,0xa1,0x59,0x02,0x6a,0x22,0x72,0xe2,0x61,0x42,0x7a,0xc2,0x71,0x02,0x7a,
    0xe2,0x79,0xe2,0x71,0x22,0x6a,0xc2,0x72,0x23,0x83,0xe3,0x72,0x03,0x6b,0xc2,0x6a,0xc1,0x6a,0x23,0x7b,0x24,0x7b,0xe3,0x7a,
    0x25,0x7b,0x67,0x8b,0x06,0x83,0xe5,0x82,0x43,0x6a,0x44,0x7b,0xa6,0x8b,0xc3,0x72,0xe2,0x61,0xc5,0x82,0xe5,0x82,0x21,0x6a,
    0x42,0x72,0x80,0x61,0x82,0x7a,0x83,0x7a,0x62,0x72,0x82,0x7a,0x83,0x72,0x84,0x72,0xc1,0x59,0x43,0x6a,0xc1,0x51,0xe2,0x61,
    0x42,0x6a,0x62,0x72,0x41,0x6a,0xe3,0x7a,0xa2,0x7a,0x62,0x7a,0x02,0x62,0xa2,0x30,0x41,0x18,0x81,0x20,0xe5,0x51,0xc4,0x51,
    0xa3,0x51,0x66,0x7b,0xe4,0x62,0xe4,0x62,0x25,0x6b,0xa3,0x5a,0x45,0x6b,0x24,0x6b,0xc2,0x5a,0xa5,0x73,0x44,0x6b,0x83,0x5a,
    0xe3,0x6a,0x82,0x5a,0xa4,0x62,0x04,0x73,0x43,0x62,0xc1,0x51,0xa6,0x83,0x44,0x7b,0x82,0x41,0x02,0x4a,0x84,0x83,0x23,0x73,
    0xc2,0x6a,0xa3,0x7a,0xa3,0x82,0x24,0x93,0xe4,0x82,0xe3,0x7a,0x64,0x8b,0xc3,0x7a,0x62,0x6a,0xe3,0x7a,0xe4,0x72,0x45,0x83,
    0xa6,0x8b,0xc3,0x72,0xe3,0x72,0xa2,0x6a,0x04,0x7b,0xe1,0x59,0x43,0x62,0x45,0x7b,0xe3,0x72,0x44,0x7b,0x64,0x83,0x43,0x7b,
    0x23,0x83,0xe3,0x7a,0x05,0x83,0x84,0x72,0xa4,0x7a,0x84,0x72,0x24,0x62,0x24,0x5a,0xc1,0x49,0x62,0x73,0x82,0x7b,0xe1,0x62,
    0x44,0x7b,0x41,0x62,0x83,0x62,0x04,0x73,0x03,0x73,0xa2,0x6a,0x03,0x73,0x43,0x73,0xc3,0x72,0x42,0x72,0x83,0x72,0x63,0x83,
    0xe2,0x6a,0xa2,0x62,0x42,0x62,0x63,0x6a,0xc3,0x72,0x03,0x7b,0xe3,0x82,0xe3,0x82,0xc3,0x82,0x82,0x72,0xa3,0x72,0x42,0x62,
    0x23,0x62,0x23,0x62,0xc4,0x7a,0x05,0x7b,0x43,0x6a,0x64,0x6a,0xa3,0x51,0xa2,0x51,0x84,0x6a,0xe5,0x72,0xa3,0x51,0xc3,0x49,
    0xe3,0x51,0x63,0x49,0x23,0x41,0xe4,0x59,0x24,0x6a,0x04,0x62,0xc3,0x61,0x83,0x59,0x44,0x72,0x84,0x7a,0xe4,0x82,0x02,0x62,
    0x24,0x7b,0xe3,0x72,0x02,0x62,0x22,0x72,0xa2,0x7a,0xc2,0x7a,0x02,0x7b,0xc2,0x7a,0x02,0x6a,0x23,0x72,0x42,0x72,0x23,0x6a,
    0x22,0x6a,0x02,0x72,0x64,0x82,0x23,0x82,0xc2,0x79,0x02,0x72,0x42,0x72,0xc2,0x7a,0xa2,0x6a,0x62,0x5a,0x23,0x73,0xa3,0x83,
    0x84,0x83,0xc4,0x83,0xc5,0x8b,0xe5,0x8b,0x85,0x83,0x25,0x7b,0xc4,0x72,0x43,0x6a,0x62,0x62,0x84,0x7b,0x03,0x6b,0x02,0x73,
    0x03,0x7b,0xc6,0x93,0x23,0x7b,0xa2,0x72,0xc3,0x7a,0xa3,0x7a,0xc3,0x7a,0x01,0x62,0xa1,0x61,0x42,0x72,0x21,0x6a,0x01,0x6a,
    0x22,0x62,0xc2,0x59,0x81,0x51,0xc2,0x61,0x02,0x62,0x62,0x72,0x21,0x6a,0x61,0x6a,0xe3,0x82,0x01,0x62,0xa4,0x7a,0x62,0x41,
    0x81,0x20,0x21,0x18,0x84,0x49,0x63,0x49,0xc6,0x72,0x83,0x6a,0x63,0x5a,0xc5,0x62,0x86,0x7b,0xe3,0x6a,0x63,0x73,0xa5,0x7b,
    0x44,0x6b,0x44,0x73,0x44,0x73,0xe3,0x6a,0x25,0x73,0x44,0x73,0xc3,0x62,0xc4,0x6a,0x84,0x6a,0xa3,0x6a,0x05,0x94,0x64,0x7b,
    0xc4,0x62,0xe4,0x6a,0x23,0x73,0x23,0x73,0xc3,0x72,0xe4,0x8a,0xa3,0x82,0xa3,0x82,0xe3,0x82,0x04,0x8b,0x23,0x8b,0x03,0x83,
    0xa3,0x7a,0x62,0x72,0x63,0x6a,0x04,0x7b,0x84,0x8b,0x63,0x62,0x01,0x5a,0xe3,0x72,0x64,0x83,0x83,0x6a,0x84,0x6a,0x65,0x83,
    0xe4,0x72,0x83,0x6a,0x03,0x73,0x43,0x7b,0x44,0x8b,0x03,0x83,0xe4,0x82,0xc4,0x7a,0xc4,0x82,0xc4,0x7a,0x64,0x62,0xa2,0x51,
    0x43,0x62,0xc3,0x6a,0xc4,0x7b,0x43,0x73,0xe2,0x72,0x62,0x62,0xe3,0x6a,0x82,0x62,0xe3,0x72,0xa2,0x6a,0x23,0x6b,0x43,0x73,
    0x61,0x62,0x64,0x7a,0x62,0x6a,0xa2,0x6a,0x04,0x84,0xc3,0x6a,0x01,0x52,0x02,0x62,0xa2,0x72,0x04,0x7b,0xc3,0x82,0x25,0x93,
    0xa3,0x7a,0xa2,0x72,0xc2,0x6a,0x42,0x6b,0x03,0x73,0x23,0x62,0x22,0x62,0xc5,0x7a,0x42,0x62,0x84,0x6a,0xc5,0x72,0x05,0x73,
    0x45,0x7b,0x25,0x73,0x84,0x62,0x23,0x52,0xc3,0x49,0x62,0x41,0x65,0x6a,0x86,0x72,0x44,0x6a,0xc3,0x61,0x25,0x6a,0xc3,0x61,
    0x08,0x8b,0xc5,0x7a,0x84,0x72,0x02,0x6a,0x22,0x62,0x83,0x72,0xc2,0x59,0xa1,0x61,0xa2,0x7a,0xc2,0x7a,0xe2,0x72,0xe3,0x82,
    0x82,0x7a,0x63,0x82,0x62,0x7a,0x22,0x72,0x83,0x7a,0xa4,0x82,0x43,0x82,0xe2,0x79,0x61,0x69,0x02,0x7a,0x45,0x93,0xe2,0x7a,
    0x44,0x83,0x64,0x83,0xe2,0x6a,0x01,0x63,0xa3,0x83,0x83,0x7b,0xa4,0x8b,0x84,0x83,0x43,0x73,0xe3,0x6a,0xe4,0x72,0x63,0x62,
    0x25,0x7b,0xe3,0x6a,0xc1,0x5a,0xa4,0x7b,0x23,0x7b,0x85,0x8b,0x23,0x7b,0x63,0x7b,0xe2,0x6a,0xc2,0x72,0xe2,0x72,0x63,0x72,
    0x81,0x59,0x63,0x72,0x82,0x7a,0xa2,0x7a,0xa4,0x7a,0x43,0x6a,0xe2,0x59,0x22,0x6a,0x83,0x72,0x41,0x6a,0x62,0x72,0xa3,0x72,
    0x04,0x83,0x02,0x6a,0x83,0x72,0x62,0x49,0x43,0x39,0xc2,0x28,0x03,0x39,0x22,0x49,0xc5,0x72,0x44,0x62,0xa4,0x62,0x42,0x52,
    0x24,0x6b,0x86,0x7b,0x84,0x7b,0xc6,0x83,0x44,0x73,0xe5,0x8b,0xa4,0x83,0x23,0x73,0x65,0x83,0xc4,0x83,0x84,0x83,0x64,0x83,
    0x23,0x83,0x44,0x83,0x84,0x83,0x02,0x6b,0xe4,0x6a,0xe3,0x6a,0xa2,0x6a,0x44,0x7b,0xc3,0x72,0x83,0x82,0xc4,0x8a,0x85,0x9b,
    0xa2,0x7a,0x23,0x8b,0x23,0x8b,0x23,0x8b,0xe4,0x82,0xc3,0x7a,0xa2,0x72,0xe3,0x72,0x85,0x83,0xa3,0x72,0x84,0x6a,0x82,0x6a,
    0xe3,0x7a,0x44,0x83,0x04,0x7b,0x45,0x83,0x24,0x7b,0x42,0x62,0xe4,0x72,0x65,0x83,0x43,0x83,0x65,0x8b,0xc3,0x7a,0x04,0x83,
    0x85,0x93,0xc3,0x72,0xc3,0x7a,0x05,0x83,0xa4,0x7a,0x63,0x6a,0x84,0x8b,0xe2,0x72,0xe3,0x72,0x24,0x7b,0xc3,0x72,0xc2,0x6a,
    0xe3,0x72,0x82,0x62,0xe2,0x62,0xe4,0x7b,0xa3,0x72,0x83,0x7a,0x65,0x8b,0x21,0x52,0xe3,0x73,0xe3,0x62,0xc1,0x51,0xc4,0x6a,
    0x04,0x83,0x44,0x8b,0x82,0x7a,0xa4,0x82,0xa3,0x82,0xc3,0x72,0x63,0x73,0x42,0x63,0x03,0x6b,0x64,0x6a,0xa5,0x72,0xa4,0x72,
    0xc4,0x72,0x84,0x6a,0xe5,0x72,0xa4,0x62,0x45,0x7b,0xc4,0x6a,0xe1,0x49,0x83,0x5a,0xe4,0x51,0xa3,0x51,0x64,0x6a,0x85,0x6a,
    0xa4,0x72,0x03,0x62,0x24,0x6a,0xc3,0x61,0x04,0x6a,0x03,0x62,0xc2,0x61,0xc2,0x59,0x23,0x6a,0x03,0x6a,0x64,0x72,0xe3,0x69,
    0x43,0x8b,0x03,0x7b,0xc2,0x72,0xc3,0x7a,0xa2,0x82,0x83,0x82,0x42,0x7a,0x22,0x7a,0xa3,0x82,0x43,0x7a,0x02,0x7a,0x63,0x8a,
    0xe3,0x71,0x42,0x82,0xc2,0x7a,0x05,0x9c,0x84,0x8b,0x03,0x73,0x02,0x73,0xe1,0x62,0x42,0x73,0xc4,0x8b,0x83,0x7b,0xa4,0x83,
    0x62,0x6b,0x43,0x6b,0xe2,0x62,0xe4,0x6a,0xe7,0x8b,0x03,0x6b,0x03,0x6b,0xa4,0x83,0x03,0x73,0x43,0x7b,0x43,0x73,0x42,0x73,
    0x22,0x6b,0x02,0x6b,0x41,0x62,0xe3,0x82,0xe1,0x69,0x02,0x62,0x83,0x72,0x44,0x83,0xc5,0x93,0x43,0x62,0x63,0x72,0x24,0x83,
    0xa2,0x72,0xa3,0x7a,0x63,0x72,0x42,0x72,0xa2,0x7a,0x42,0x72,0x42,0x6a,0x63,0x49,0x02,0x39,0x27,0x83,0xa3,0x51,0x42,0x49,
    0x43,0x62,0xc4,0x72,0xe3,0x72,0xe3,0x72,0x23,0x73,0xe6,0x8b,0xe5,0x8b,0xe5,0x8b,0x43,0x73,0xc4,0x83,0x05,0x8c,0x22,0x7b,
    0x63,0x83,0xa3,0x8b,0xe4,0x93,0xa4,0x93,0xe4,0x93,0xa4,0x8b,0xc1,0x6a,0xe2,0x72,0x45,0x7b,0x64,0x83,0xe2,0x72,0xc6,0x8b,
    0xc3,0x7a,0xa3,0x7a,0xc2,0x82,0x23,0x93,0x03,0x8b,0x84,0x9b,0xe2,0x82,0xc2,0x82,0x24,0x8b,0xc3,0x82,0x83,0x72,0x24,0x8b,
    0x45,0x8b,0x24,0x7b,0x24,0x83,0x03,0x7b,0x23,0x7b,0x03,0x7b,0x44,0x7b,0xe3,0x72,0x85,0x83,0x62,0x6a,0x03,0x7b,0x24,0x83,
    0x43,0x8b,0x24,0x83,0xa2,0x72,0x04,0x83,0x44,0x8b,0x24,0x83,0xc3,0x7a,0x85,0x9b,0xe4,0x8a,0xe4,0x8a,0x23,0x6a,0x01,0x62,
    0xe2,0x72,0xe2,0x72,0x64,0x83,0x44,0x7b,0x42,0x5a,0xc2,0x62,0x83,0x62,0xe1,0x51,0x05,0x83,0x43,0x72,0x83,0x72,0x63,0x62,
    0x63,0x73,0x01,0x5b,0xe3,0x6a,0x42,0x5a,0xc3,0x7a,0xe4,0x82,0x43,0x7a,0x83,0x82,0x83,0x7a,0xe3,0x72,0x42,0x63,0x63,0x63,
    0x85,0x7b,0x05,0x73,0x05,0x73,0x83,0x62,0x46,0x83,0x66,0x83,0x84,0x62,0xe2,0x51,0x84,0x5a,0x04,0x6b,0xe4,0x62,0xe5,0x6a,
    0xc5,0x62,0x06,0x73,0x83,0x62,0xc4,0x72,0xc4,0x72,0xc4,0x7a,0x64,0x72,0x44,0x6a,0x03,0x62,0x24,0x6a,0x63,0x6a,0x65,0x6a,
    0x84,0x7a,0x03,0x6a,0x21,0x51,0x03,0x6a,0x01,0x6a,0x81,0x72,0xc2,0x72,0x02,0x83,0x23,0x93,0x82,0x82,0xe1,0x71,0x02,0x7a,
    0x84,0x82,0xc2,0x69,0x42,0x7a,0x63,0x82,0xc4,0x82,0x82,0x7a,0x62,0x6a,0x83,0x8b,0x42,0x7b,0xc3,0x72,0xe1,0x6a,0x02,0x6b,
    0x82,0x7b,0x82,0x7b,0x63,0x7b,0x42,0x73,0x43,0x6b,0x42,0x6b,0x84,0x73,0x81,0x62,0x23,0x73,0xa5,0x83,0xc5,0x83,0x44,0x73,
    0xe2,0x6a,0xe5,0x83,0x01,0x6b,0x62,0x73,0x62,0x73,0x01,0x73,0x03,0x73,0x81,0x6a,0x20,0x6a,0xc1,0x59,0xa2,0x72,0x64,0x83,
    0x85,0x83,0x83,0x6a,0xa3,0x72,0xe2,0x7a,0x03,0x7b,0xe4,0x7a,0x01,0x62,0xa3,0x7a,0xe3,0x7a,0xa2,0x72,0x23,0x83,0x03,0x5a,
    0xa2,0x51,0x84,0x72,0x83,0x72,0x84,0x72,0x64,0x6a,0x83,0x6a,0xa5,0x8b,0x85,0x8b,0x63,0x83,0x63,0x83,0xc4,0x83,0xa4,0x83,
    0x22,0x73,0xc4,0x8b,0x05,0x8c,0xc4,0x8b,0xa4,0x8b,0x26,0x9c,0xc3,0x93,0x42,0x7b,0x83,0x8b,0xa3,0x8b,0x63,0x83,0x64,0x83,
    0x03,0x73,0x64,0x83,0x84,0x8b,0x43,0x7b,0xe2,0x7a,0x44,0x8b,0xa3,0x7a,0xe3,0x82,0x64,0x9b,0xa4,0x9b,0x64,0x93,0x03,0x8b,
    0x03,0x8b,0xa3,0x7a,0x82,0x7a,0xa2,0x7a,0x85,0x8b,0xe3,0x7a,0xe3,0x7a,0x44,0x83,0x23,0x83,0x81,0x6a,0x24,0x83,0x03,0x7b,
    0x85,0x8b,0x24,0x7b,0x44,0x83,0xe3,0x7a,0x65,0x8b,0xe3,0x82,0x83,0x72,0xc3,0x82,0xe4,0x7a,0xe3,0x82,0xe3,0x82,0x24,0x8b,
    0xc3,0x82,0xa3,0x82,0xc2,0x61,0x63,0x7a,0x82,0x6a,0x23,0x73,0x04,0x73,0x45,0x83,0x82,0x62,0x24,0x73,0xa2,0x6a,0x42,0x62,
    0xa3,0x7a,0xc5,0x82,0xc4,0x7a,0x83,0x6a,0x24,0x73,0x02,0x63,0x22,0x63,0x04,0x6b,0x63,0x72,0xe5,0x82,0xa4,0x82,0x83,0x7a,
    0x83,0x7a,0xc3,0x72,0xe2,0x62,0x02,0x5b,0x64,0x73,0x02,0x52,0x44,0x62,0x23,0x5a,0x83,0x62,0x46,0x7b,0x64,0x62,0xa4,0x6a,
    0x64,0x5a,0x43,0x4a,0x24,0x6b,0x25,0x6b,0x62,0x5a,0xc4,0x6a,0x83,0x62,0xe4,0x6a,0x04,0x73,0xe4,0x72,0x44,0x6a,0xe4,0x69,
    0x24,0x6a,0xc6,0x7a,0x44,0x6a,0xc2,0x59,0x24,0x6a,0xa2,0x61,0x83,0x59,0x03,0x6a,0xe1,0x69,0x82,0x72,0x43,0x83,0xc2,0x82,
    0x81,0x7a,0xc2,0x8a,0x83,0x8a,0x42,0x7a,0x43,0x82,0xe2,0x69,0x42,0x7a,0x62,0x7a,0xc3,0x8a,0xc3,0x82,0x24,0x83,0x63,0x8b,
    0xc5,0x8b,0xe2,0x72,0x63,0x83,0x22,0x73,0x42,0x7b,0xa3,0x83,0xa3,0x83,0x02,0x73,0xe3,0x62,0x63,0x7b,0xe1,0x62,0x64,0x7b,
    0x43,0x7b,0x84,0x7b,0xc5,0x83,0x02,0x6b,0x22,0x73,0xa4,0x83,0x23,0x6b,0x62,0x73,0x62,0x6b,0x43,0x73,0x03,0x6b,0x82,0x6a,
    0xa2,0x72,0x42,0x62,0x64,0x83,0x22,0x73,0xa4,0x8b,0x03,0x7b,0x03,0x7b,0x03,0x7b,0xc3,0x72,0x21,0x62,0x21,0x62,0xc2,0x7a,
    0x03,0x7b,0x65,0x8b,0x44,0x83,0x42,0x62,0x63,0x6a,0x64,0x6a,0xe4,0x7a,0x45,0x8b,0x22,0x62,0xa4,0x72,0x23,0x83,0xa5,0x8b,
    0x83,0x83,0xa3,0x83,0xe4,0x8b,0xa4,0x83,0x05,0x94,0x04,0x8c,0x25,0x94,0x05,0x94,0x83,0x83,0xc4,0x93,0xc4,0x93,0x42,0x8b,
    0x62,0x83,0xc5,0x93,0xe5,0x93,0x23,0x83,0x23,0x7b,0xa3,0x8b,0xc4,0x8b,0x06,0x9c,0xa4,0x8b,0x44,0x93,0x21,0x72,0xc3,0x82,
    0x64,0x93,0x22,0x8b,0x43,0x93,0x03,0x8b,0x85,0x9b,0x03,0x8b,0xc2,0x7a,0xe3,0x82,0x64,0x8b,0x04,0x83,0x04,0x83,0x85,0x8b,
    0x44,0x83,0xa2,0x72,0xa6,0x8b,0x44,0x83,0x65,0x83,0x64,0x8b,0xa3,0x7a,0xa3,0x7a,0xc4,0x82,0x02,0x6a,0xa2,0x7a,0xe4,0x82,
    0xc3,0x82,0x03,0x83,0x24,0x8b,0xc3,0x82,0x43,0x7a,0xe4,0x8a,0x02,0x6a,0xa4,0x7a,0xa2,0x72,0xc3,0x72,0xa3,0x72,0xc4,0x72,
    0x04,0x73,0x03,0x73,0x21,0x62,0xc4,0x7a,0xc4,0x72,0xa3,0x72,0x04,0x83,0x83,0x72,0x83,0x62,0x02,0x6b,0x41,0x63,0x03,0x73,
    0x25,0x83,0xe5,0x82,0x47,0x93,0xa4,0x82,0x83,0x7a,0xe5,0x7a,0x82,0x62,0xe3,0x62,0x24,0x73,0x85,0x6a,0x44,0x62,0xa3,0x51,
    0xc5,0x6a,0xa4,0x6a,0xa4,0x6a,0x84,0x5a,0x47,0x7b,0x02,0x4a,0xc3,0x5a,0x45,0x73,0x83,0x5a,0x23,0x52,0x42,0x5a,0x25,0x73,
    0x25,0x7b,0x24,0x62,0xe3,0x61,0x65,0x6a,0xe3,0x59,0xa2,0x51,0xa6,0x72,0x23,0x62,0x23,0x6a,0x03,0x62,0x24,0x6a,0x85,0x7a,
    0xe3,0x7a,0x02,0x7b,0xc2,0x72,0xa1,0x72,0x03,0x8b,0x04,0x93,0xa2,0x82,0xa3,0x8a,0x63,0x7a,0x23,0x72,0x83,0x82,0xc3,0x8a,
    0xe3,0x82,0x81,0x7a,0xe2,0x7a,0x43,0x7b,0x83,0x8b,0x63,0x83,0xa4,0x8b,0x02,0x7b,0x42,0x7b,0xa3,0x83,0xa4,0x83,0x63,0x83,
    0x63,0x7b,0x22,0x73,0x02,0x6b,0x02,0x73,0x84,0x7b,0xa5,0x83,0xc5,0x8b,0x84,0x83,0x24,0x73,0x63,0x73,0x22,0x6b,0xe2,0x5a,
    0x62,0x73,0x02,0x63,0xa2,0x62,0x82,0x62,0xe3,0x72,0x81,0x62,0xa4,0x83,0xc4,0x83,0x63,0x83,0x02,0x6b,0xe2,0x72,0xe2,0x72,
    0xa3,0x6a,0xa3,0x6a,0xa2,0x6a,0xc2,0x72,0xa2,0x72,0x03,0x7b,0x43,0x83,0xc3,0x72,0x82,0x6a,0x42,0x62,0xc3,0x72,0xe4,0x7a,
    0xe3,0x72,0x23,0x83,0x02,0x7b,0xe5,0x93,0x25,0x94,0x63,0x83,0x05,0x94,0x04,0x94,0xe4,0x8b,0xa3,0x8b,0x04,0x94,0x05,0x94,
    0x02,0x7b,0x02,0x83,0x83,0x8b,0xc4,0x93,0x84,0x8b,0xa3,0x8b,0x22,0x83,0x42,0x7b,0x64,0x8b,0x83,0x83,0x83,0x8b,0x63,0x83,
    0x23,0x83,0x64,0x93,0xc3,0x82,0xc2,0x82,0x44,0x93,0x43,0x93,0x24,0x8b,0x43,0x93,0x44,0x93,0x85,0x93,0x43,0x93,0x44,0x8b,
    0x24,0x8b,0x45,0x8b,0x24,0x83,0x64,0x8b,0x24,0x83,0x03,0x7b,0x44,0x8b,0xe3,0x72,0x24,0x83,0x45,0x8b,0xe3,0x7a,0x05,0x8b,
    0x63,0x72,0x22,0x72,0xa3,0x7a,0xa2,0x7a,0x45,0x8b,0x45,0x93,0x45,0x93,0x04,0x8b,0xa4,0x82,0x42,0x7a,0x43,0x72,0x83,0x7a,
    0x63,0x72,0xa3,0x7a,0x23,0x62,0xe4,0x7a,0xa3,0x72,0x83,0x6a,0x23,0x62,0xa5,0x7a,0x05,0x7b,0x82,0x6a,0x25,0x83,0xc3,0x7a,
    0x01,0x62,0x23,0x73,0x04,0x84,0xc3,0x6a,0x82,0x72,0x63,0x72,0xc6,0x7a,0x43,0x72,0x84,0x7a,0x63,0x72,0x83,0x62,0xc3,0x62,
    0xa3,0x6a,0x03,0x5a,0xa2,0x59,0x44,0x5a,0x05,0x73,0xa4,0x62,0xa3,0x6a,0x22,0x52,0x85,0x5a,0xa3,0x5a,0xa3,0x62,0x23,0x52,
    0xc4,0x62,0x62,0x5a,0x62,0x5a,0x42,0x5a,0xe2,0x51,0xe3,0x59,0x23,0x62,0x23,0x6a,0xa4,0x72,0xe3,0x59,0xe2,0x59,0xe5,0x7a,
    0xa4,0x7a,0x24,0x6a,0xe6,0x82,0x03,0x62,0x63,0x83,0xc2,0x6a,0xe1,0x62,0x23,0x7b,0x22,0x83,0x03,0x8b,0xc3,0x82,0x82,0x82,
    0xa3,0x82,0xe4,0x8a,0x24,0x8b,0xc4,0x82,0xe3,0x82,0xa5,0x93,0x24,0x7b,0x02,0x73,0x64,0x83,0xa4,0x8b,0x02,0x7b,0xc1,0x72,
    0xc4,0x8b,0xc3,0x8b,0x83,0x83,0xa4,0x8b,0x22,0x7b,0x63,0x7b,0xa4,0x83,0x84,0x83,0x23,0x73,0x85,0x83,0xc6,0x8b,0x64,0x7b,
    0x23,0x73,0x43,0x73,0x43,0x6b,0xa4,0x73,0x83,0x6b,0x43,0x6b,0x44,0x73,0x61,0x62,0x23,0x7b,0xa4,0x83,0xa4,0x83,0xc3,0x83,
    0x83,0x7b,0xa4,0x83,0xc4,0x8b,0xc1,0x6a,0x64,0x7b,0x03,0x7b,0x03,0x73,0x22,0x7b,0x44,0x83,0x23,0x73,0x23,0x7b,0xc5,0x8b,
    0x23,0x7b,0x63,0x7b,0x04,0x73,0x22,0x5a,0xa2,0x6a,0x44,0x83,0x63,0x83,0xe5,0x93,0xe5,0x93,0xc4,0x8b,0x45,0x9c,0x25,0x94,
    0xc3,0x8b,0xe4,0x8b,0x04,0x94,0xc4,0x8b,0x22,0x7b,0x62,0x8b,0x42,0x8b,0x63,0x8b,0xe5,0x9b,0xe5,0x9b,0x63,0x8b,0x63,0x83,
    0x63,0x83,0x63,0x8b,0x05,0x94,0x84,0x8b,0x63,0x93,0x43,0x8b,0x64,0x93,0x63,0x93,0x44,0x93,0x44,0x93,0xe2,0x8a,0x03,0x8b,
    0x23,0x8b,0x64,0x93,0xe6,0xa3,0x63,0x8b,0xe2,0x82,0x84,0x93,0xc5,0x9b,0x23,0x8b,0x65,0x8b,0x44,0x8b,0x24,0x83,0xe3,0x7a,
    0xe3,0x72,0xa3,0x82,0xe4,0x82,0x26,0x93,0x02,0x72,0xc4,0x82,0x82,0x72,0xc4,0x82,0xe3,0x82,0xc3,0x82,0x24,0x8b,0xe3,0x82,
    0xe5,0x8a,0x83,0x82,0xe4,0x82,0xa3,0x7a,0xe4,0x82,0x63,0x72,0x23,0x6a,0xc5,0x72,0x42,0x62,0xc4,0x72,0x84,0x7a,0x64,0x72,
    0xc4,0x72,0x63,0x6a,0xa2,0x72,0x62,0x72,0xa3,0x72,0xc3,0x72,0x64,0x83,0x82,0x6a,0x22,0x6a,0x63,0x72,0xc5,0x72,0xe5,0x7a,
    0xe4,0x82,0xa5,0x72,0xa4,0x6a,0x23,0x6b,0xc3,0x62,0x04,0x73,0xe4,0x6a,0x45,0x7b,0x25,0x73,0xe3,0x6a,0xe4,0x6a,0xa4,0x62,
    0xc2,0x41,0x03,0x4a,0xc2,0x41,0xa2,0x41,0x42,0x52,0xa3,0x62,0xa3,0x6a,0x42,0x5a,0x84,0x6a,0xe5,0x7a,0x43,0x6a,0x42,0x6a,
    0xe4,0x7a,0x26,0x83,0xa5,0x72,0x84,0x6a,0xc4,0x7a,0x82,0x51,0x03,0x62,0xc3,0x61,0xe2,0x62,0x62,0x73,0xc3,0x7b,0x22,0x73,
    0xc1,0x6a,0xe3,0x7a,0x42,0x83,0x64,0x8b,0x23,0x8b,0xe3,0x82,0xe3,0x82,0x04,0x8b,0x02,0x83,0x43,0x83,0x64,0x8b,0x23,0x7b,
    0x42,0x7b,0x63,0x83,0x81,0x6a,0x02,0x73,0xc4,0x8b,0xc4,0x8b,0x62,0x83,0x83,0x83,0x84,0x83,0xc4,0x8b,0xe5,0x8b,0x43,0x7b,
    0x63,0x7b,0x84,0x83,0x84,0x83,0x43,0x7b,0xe2,0x72,0x43,0x73,0x43,0x73,0x44,0x6b,0xe1,0x62,0x22,0x6b,0x03,0x6b,0x01,0x5a,
    0xa4,0x83,0xe4,0x8b,0xc4,0x8b,0x41,0x73,0xc3,0x83,0xe3,0x8b,0xa4,0x83,0x84,0x83,0x03,0x6b,0xe2,0x6a,0x63,0x7b,0xc4,0x83,
    0x82,0x7b,0x22,0x7b,0x42,0x7b,0x43,0x7b,0xa4,0x83,0x43,0x73,0x02,0x6b,0x65,0x7b,0x03,0x73,0x03,0x7b,0xe3,0x72,0xc5,0x93,
    0xa3,0x8b,0xc4,0x8b,0x05,0x94,0x04,0x94,0x25,0x94,0xe3,0x8b,0x03,0x8c,0x04,0x94,0xa4,0x93,0xc4,0x8b,0x42,0x8b,0x22,0x83,
    0x63,0x8b,0x05,0x9c,0x84,0x8b,0x22,0x83,0xc5,0x93,0x22,0x7b,0x64,0x8b,0x23,0x83,0xe2,0x7a,0x24,0x8b,0x43,0x93,0x84,0x93,
    0x63,0x93,0x45,0x93,0xa2,0x7a,0xe3,0x8a,0xc3,0x82,0xe3,0x82,0x44,0x93,0x64,0x93,0x43,0x8b,0xc6,0xa3,0x44,0x8b,0xe3,0x82,
    0x65,0x93,0x65,0x8b,0x24,0x83,0x04,0x83,0xa3,0x7a,0x62,0x7a,0xc4,0x8a,0x64,0x7a,0x03,0x72,0xc4,0x8a,0xe5,0x8a,0x04,0x8b,
    0xe4,0x8a,0x82,0x7a,0xc3,0x82,0xe4,0x8a,0xc3,0x82,0x25,0x8b,0xc4,0x8a,0xc4,0x82,0xe4,0x82,0x83,0x72,0xa4,0x7a,0x46,0x83,
    0x82,0x72,0xe5,0x82,0x83,0x6a,0x43,0x6a,0xe5,0x7a,0x23,0x5a,0x62,0x6a,0x62,0x6a,0x43,0x6a,0xc1,0x59,0xc3,0x7a,0xa4,0x7a,
    0x83,0x6a,0xe4,0x7a,0xa2,0x62,0x03,0x7b,0xa3,0x72,0x84,0x72,0xa4,0x6a,0x42,0x5a,0x82,0x62,0xe3,0x62,0x43,0x73,0xc2,0x5a,
    0xc2,0x62,0x03,0x6b,0xa3,0x5a,0x24,0x73,0x03,0x6b,0x04,0x6b,0x02,0x4a,0x05,0x6b,0xc3,0x62,0xe3,0x72,0x04,0x73,0xa3,0x6a,
    0x04,0x7b,0xc4,0x72,0xc5,0x7a,0x83,0x6a,0xc3,0x72,0xe4,0x72,0x45,0x83,0xe4,0x72,0x03,0x5a,0xe3,0x61,0x65,0x6a,0x45,0x72,
    0x41,0x6b,0x62,0x73,0x42,0x6b,0x22,0x73,0x22,0x6b,0x42,0x73,0x42,0x7b,0x63,0x7b,0x23,0x83,0x43,0x8b,0x62,0x7a,0x01,0x6a,
    0xa3,0x82,0x04,0x83,0x23,0x83,0x22,0x7b,0x63,0x7b,0x83,0x83,0x64,0x83,0x63,0x83,0x43,0x83,0x83,0x83,0x21,0x7b,0x83,0x83,
    0x43,0x7b,0x62,0x7b,0xa4,0x8b,0x23,0x7b,0x43,0x7b,0x42,0x73,0x43,0x7b,0x23,0x73,0x03,0x73,0x64,0x7b,0x01,0x6b,0xe2,0x62,
    0x83,0x73,0xe4,0x83,0x63,0x7b,0x23,0x73,0xc5,0x8b,0x62,0x7b,0xa4,0x83,0x42,0x7b,0xc4,0x8b,0x83,0x7b,0x63,0x7b,0x84,0x7b,
    0x23,0x73,0xc2,0x62,0x83,0x7b,0x42,0x7b,0x21,0x73,0xc4,0x83,0x63,0x7b,0x63,0x83,0x83,0x83,0x23,0x73,0x23,0x73,0x85,0x7b,
    0x44,0x7b,0xe2,0x72,0xa2,0x6a,0xa4,0x8b,0x05,0x94,0x25,0x94,0x42,0x7b,0x21,0x73,0x04,0x94,0x25,0x94,0x24,0x94,0x45,0x9c,
    0xe4,0x93,0xc4,0x93,0x83,0x93,0x62,0x93,0x63,0x8b,0xa5,0x93,0x63,0x8b,0x22,0x8b,0x02,0x83,0x43,0x83,0x23,0x83,0x41,0x6a,
    0xa2,0x7a,0xa5,0x9b,0x03,0x83,0x44,0x93,0x64,0x93,0x03,0x8b,0xe3,0x8a,0xa3,0x82,0x62,0x72,0x04,0x8b,0x03,0x8b,0xc5,0xa3,
    0xc6,0x9b,0x03,0x83,0x03,0x8b,0xa2,0x7a,0xe3,0x82,0xe3,0x7a,0xc3,0x7a,0x04,0x83,0x83,0x7a,0x83,0x82,0xc3,0x82,0xe2,0x71,
    0x43,0x7a,0x83,0x7a,0xc4,0x8a,0xa3,0x82,0x42,0x7a,0xc3,0x82,0xa2,0x82,0xa3,0x82,0x25,0x93,0xc3,0x82,0x42,0x7a,0x83,0x7a,
    0xa3,0x7a,0x83,0x72,0x83,0x72,0xc5,0x7a,0xa2,0x72,0x04,0x7b,0x25,0x83,0xa3,0x72,0x46,0x8b,0x82,0x6a,0xc3,0x72,0xa3,0x72,
    0xe1,0x61,0x63,0x7a,0x05,0x8b,0xa4,0x7a,0xa3,0x72,0x03,0x73,0xe2,0x6a,0x23,0x73,0x65,0x83,0x06,0x83,0xe5,0x7a,0x24,0x7b,
    0x04,0x6b,0xc4,0x62,0x02,0x5b,0x83,0x52,0x03,0x6b,0xc2,0x62,0xe3,0x62,0xe3,0x62,0xa1,0x5a,0xa4,0x7b,0xe3,0x62,0x64,0x7b,
    0xe3,0x6a,0xa3,0x6a,0x44,0x7b,0xc3,0x6a,0x46,0x83,0xa3,0x6a,0xe2,0x59,0x25,0x83,0xe4,0x72,0x62,0x5a,0x63,0x62,0x63,0x62,
    0x23,0x5a,0x23,0x62,0xc5,0x72,0x84,0x72,0x42,0x6b,0xa2,0x7b,0x83,0x73,0x83,0x73,0x63,0x7b,0xa3,0x7b,0xe3,0x7b,0x82,0x7b,
    0x83,0x83,0x43,0x83,0x83,0x72,0x22,0x7a,0x62,0x7a,0xc2,0x82,0xc2,0x7a,0x83,0x83,0x43,0x7b,0x63,0x83,0xa4,0x8b,0x83,0x83,
    0x42,0x7b,0x22,0x7b,0x62,0x7b,0xc4,0x8b,0x83,0x83,0x83,0x83,0xc4,0x8b,0x84,0x83,0x43,0x7b,0x23,0x73,0x84,0x83,0x63,0x83,
    0x43,0x7b,0x63,0x7b,0x22,0x73,0x63,0x73,0xc3,0x7b,0xe4,0x83,0x03,0x73,0x23,0x7b,0x83,0x83,0xe4,0x8b,0x25,0x94,0xc4,0x83,
    0x26,0x94,0xa4,0x8b,0xe2,0x6a,0xe2,0x72,0x03,0x73,0x23,0x73,0x63,0x7b,0x63,0x73,0x24,0x94,0xa3,0x83,0x63,0x7b,0x03,0x73,
    0x02,0x6b,0xa4,0x83,0x44,0x73,0x21,0x52,0xc3,0x6a,0x44,0x7b,0xe3,0x72,0xc4,0x8b,0x66,0x9c,0xc4,0x8b,0xe4,0x8b,0x42,0x7b,
    0x62,0x7b,0x82,0x83,0x05,0x94,0xc3,0x8b,0x63,0x8b,0x05,0x9c,0x01,0x83,0x63,0x8b,0x84,0x93,0x63,0x93,0x64,0x93,0x02,0x83,
    0x64,0x8b,0x43,0x8b,0x84,0x93,0xe3,0x7a,0xe3,0x7a,0x04,0x8b,0xa2,0x7a,0x23,0x8b,0x24,0x8b,0x03,0x8b,0x04,0x8b,0x24,0x93,
    0x45,0x93,0xa2,0x82,0x04,0x8b,0xa5,0xa3,0x64,0x93,0xc3,0x82,0xe3,0x82,0x62,0x72,0x24,0x8b,0x04,0x8b,0xe3,0x7a,0x66,0x93,
    0x05,0x8b,0x83,0x82,0x82,0x82,0x22,0x72,0x06,0x93,0x25,0x93,0x62,0x7a,0x63,0x82,0x82,0x7a,0xa3,0x8a,0x04,0x8b,0x82,0x7a,
    0x83,0x82,0xa3,0x82,0x42,0x72,0xa4,0x82,0xe4,0x8a,0x25,0x8b,0x42,0x6a,0x43,0x6a,0xc4,0x7a,0x24,0x83,0x04,0x7b,0x83,0x6a,
    0xe3,0x72,0x23,0x83,0x23,0x83,0xc3,0x7a,0x62,0x6a,0x26,0x8b,0x84,0x7a,0xc4,0x82,0x25,0x83,0x03,0x73,0x23,0x7b,0x65,0x7b,
    0x46,0x8b,0x44,0x6a,0x65,0x72,0xc5,0x72,0x05,0x73,0x02,0x4a,0x03,0x63,0xe3,0x62,0x24,0x6b,0x23,0x63,0xa2,0x5a,0x03,0x63,
    0x44,0x73,0xe2,0x62,0x02,0x6b,0x03,0x6b,0xe3,0x6a,0x62,0x62,0xe3,0x6a,0x24,0x7b,0xc7,0x8b,0xa3,0x62,0x25,0x7b,0x87,0x8b,
    0x46,0x7b,0x44,0x52,0xc2,0x41,0xe6,0x6a,0x44,0x62,0xc3,0x51,0x84,0x6a,0x02,0x5a,0x02,0x63,0xe4,0x7b,0x42,0x6b,0x22,0x6b,
    0x82,0x7b,0x41,0x73,0xa3,0x7b,0x63,0x73,0x43,0x73,0x43,0x7b,0xc3,0x72,0x63,0x7a,0x63,0x82,0xe3,0x82,0x02,0x83,0x22,0x83,
    0x63,0x7b,0x43,0x7b,0x22,0x7b,0xa3,0x8b,0x02,0x73,0xa4,0x8b,0xc3,0x8b,0xa3,0x8b,0xc4,0x93,0xa4,0x8b,0xc4,0x8b,0xa4,0x8b,
    0x03,0x73,0x62,0x62,0x83,0x7b,0x63,0x7b,0x02,0x73,0xa4,0x83,0x22,0x6b,0xc4,0x83,0xc3,0x7b,0xa0,0x5a,0xc3,0x62,0xe2,0x6a,
    0x84,0x83,0x84,0x83,0x04,0x8c,0xa4,0x8b,0x04,0x94,0x25,0x94,0x05,0x94,0x64,0x7b,0xc1,0x62,0x02,0x6b,0xe4,0x8b,0x04,0x8c,
    0xc3,0x83,0x25,0x94,0x63,0x83,0x02,0x73,0x43,0x7b,0x43,0x73,0x63,0x7b,0xc2,0x62,0x84,0x73,0x05,0x94,0xc2,0x6a,0x64,0x83,
    0x83,0x83,0xa3,0x83,0x62,0x7b,0x83,0x7b,0xa3,0x8b,0x83,0x83,0x25,0x94,0xe4,0x93,0x62,0x83,0x83,0x8b,0x63,0x8b,0x63,0x93,
    0x64,0x93,0x23,0x8b,0x02,0x83,0x03,0x8b,0xc2,0x82,0xa4,0x93,0x84,0x93,0x03,0x83,0x62,0x72,0x61,0x72,0x83,0x7a,0xe3,0x82,
    0x24,0x8b,0xc3,0x82,0x44,0x93,0x45,0x9b,0x04,0x93,0x04,0x93,0x44,0x93,0x44,0x93,0x44,0x93,0xe3,0x8a,0x82,0x7a,0xa3,0x82,
    0xc3,0x82,0x24,0x8b,0x04,0x83,0x45,0x93,0x25,0x8b,0x42,0x7a,0x04,0x93,0x62,0x7a,0xa4,0x8a,0x42,0x7a,0xa4,0x8a,0x42,0x7a,
    0xa3,0x82,0xe4,0x8a,0xc3,0x8a,0x83,0x82,0x83,0x82,0xc3,0x82,0xa4,0x8a,0xc3,0x82,0xc3,0x82,0x05,0x8b,0x22,0x6a,0x83,0x72,
    0xc4,0x7a,0x24,0x83,0xe4,0x82,0xc3,0x7a,0xa3,0x72,0x23,0x7b,0xc3,0x7a,0xe3,0x7a,0x24,0x8b,0x45,0x93,0x84,0x7a,0x63,0x7a,
    0x05,0x8b,0xa5,0x93,0x62,0x72,0x05,0x83,0x64,0x6a,0xe3,0x61,0x24,0x6a,0x43,0x62,0x45,0x7b,0x62,0x5a,0xa2,0x62,0x64,0x73,
    0x03,0x63,0xc2,0x62,0x23,0x63,0x23,0x6b,0xe3,0x62,0x03,0x6b,0xc2,0x5a,0x81,0x5a,0x03,0x6b,0x44,0x7b,0x04,0x73,0x45,0x7b,
    0x85,0x83,0xc2,0x62,0x04,0x7b,0x46,0x7b,0xe5,0x72,0x44,0x5a,0x84,0x62,0x84,0x62,0x89,0x83,0xe7,0x6a,0x44,0x5a,0xe3,0x51,
    0x02,0x6b,0x22,0x63,0x22,0x6b,0x61,0x6b,0x62,0x73,0x63,0x73,0x62,0x6b,0xe2,0x62,0xe2,0x5a,0x03,0x6b,0xc2,0x72,0xa1,0x61,
    0x83,0x82,0x23,0x8b,0xe2,0x82,0xe2,0x7a,0x23,0x7b,0x02,0x73,0x22,0x73,0xa4,0x8b,0xa4,0x8b,0xa3,0x83,0xe4,0x93,0xc4,0x8b,
    0xc4,0x8b,0x83,0x8b,0xa3,0x8b,0x63,0x83,0x23,0x7b,0x23,0x73,0x42,0x7b,0x43,0x7b,0xc1,0x6a,0x65,0x7b,0x81,0x52,0x63,0x6b,
    0x43,0x6b,0xc2,0x5a,0x43,0x7b,0x63,0x83,0xa2,0x6a,0x43,0x7b,0xc5,0x8b,0x62,0x7b,0xa3,0x83,0xa4,0x8b,0x83,0x83,0x63,0x83,
    0x42,0x73,0x42,0x73,0x83,0x7b,0x04,0x8c,0xa2,0x83,0xc3,0x83,0x83,0x83,0x43,0x7b,0x24,0x73,0x22,0x73,0x63,0x73,0xa1,0x62,
    0x02,0x6b,0xa4,0x83,0xa1,0x62,0x43,0x7b,0x62,0x7b,0xe4,0x83,0x42,0x73,0x01,0x73,0x83,0x83,0xc3,0x83,0x62,0x83,0x42,0x7b,
    0x83,0x8b,0xc4,0x93,0x63,0x8b,0x42,0x8b,0x02,0x8b,0x23,0x8b,0xe2,0x82,0x03,0x8b,0x81,0x7a,0x43,0x93,0x02,0x83,0xa2,0x7a,
    0x81,0x72,0x65,0x93,0xa3,0x7a,0xc3,0x82,0x24,0x8b,0xe3,0x8a,0x45,0x93,0x04,0x93,0x83,0x82,0x65,0x9b,0x65,0x9b,0x24,0x93,
    0x64,0x93,0xa3,0x82,0x04,0x8b,0x05,0x8b,0xa3,0x82,0x45,0x8b,0x24,0x8b,0xc3,0x82,0xa3,0x82,0x63,0x7a,0x25,0x93,0xc3,0x8a,
    0x83,0x7a,0x01,0x72,0x04,0x93,0xc4,0x8a,0x83,0x82,0xc3,0x8a,0xc3,0x8a,0x82,0x82,0x63,0x7a,0xc3,0x8a,0xa4,0x82,0x22,0x7a,
    0x62,0x72,0x42,0x72,0x43,0x72,0xc4,0x7a,0xa3,0x7a,0x24,0x8b,0xe3,0x82,0x04,0x83,0x23,0x8b,0xc3,0x72,0xe3,0x7a,0x45,0x8b,
    0xc3,0x7a,0x04,0x8b,0xe4,0x82,0xa3,0x82,0xe4,0x8a,0x25,0x93,0xc4,0x82,0x47,0x93,0x85,0x72,0xe7,0x82,0xc6,0x7a,0xe4,0x72,
    0x43,0x73,0x03,0x6b,0x24,0x6b,0x85,0x7b,0x81,0x5a,0x81,0x52,0xc5,0x7b,0x03,0x6b,0x61,0x52,0xc2,0x62,0x23,0x6b,0x03,0x6b,
    0x22,0x73,0xe2,0x6a,0x82,0x6a,0x81,0x62,0x03,0x6b,0x85,0x7b,0x03,0x73,0xe4,0x6a,0x44,0x5a,0x23,0x5a,0x22,0x52,0x05,0x73,
    0xa9,0x83,0x2b,0x94,0x64,0x5a,0x23,0x52,
};

const lv_img_dsc_t mountains = {
    .header = {.cf = LV_IMG_CF_TRUE_COLOR, .always_zero = 0, .reserved = 0, .w = 172, .h = 232},
    .data_size = 172 * 232 * 2,
    .data = mountains_map,
};
