#include "night_sky.h"

const uint8_t night_sky_map[] = {
    0x49,0x4a,0x2a,0x4a,0x6a,0x4a,0x4a,0x4a,0x2a,0x4a,0x2a,0x4a,0x4a,0x4a,0x4a,0x4a,0x4a,0x4a,0x2a,0x42,0x4a,0x4a,0x4a,0x42,
    0x29,0x42,0x4b,0x4a,0x8b,0x52,0x2a,0x42,0x2a,0x4a,0x4b,0x4a,0x4b,0x4a,0xed,0x5a,0x2a,0x42,0x4a,0x4a,0x4a,0x4a,0x4a,0x4a,
    0x4b,0x4a,0x4a,0x4a,0x4b,0x4a,0x4a,0x4a,0x4a,0x42,0x4b,0x4a,0x4a,0x4a,0x6b,0x42,0x4a,0x4a,0x4a,0x4a,0x4a,0x4a,0x4a,0x4a,
    0x2a,0x42,0xec,0x5a,0x0d,0x63,0x4a,0x4a,0x6b,0x4a,0x6a,0x52,0x6b,0x4a,0x6a,0x4a,0x6b,0x4a,0x6b,0x52,0x8a,0x4a,0x8b,0x52,
    0x6b,0x4a,0x8b,0x52,0x6b,0x4a,0x6b,0x4a,0x8b,0x4a,0x8b,0x4a,0x6b,0x42,0x6a,0x42,0x8b,0x42,0x6a,0x3a,0xcd,0x52,0xed,0x52,
    0x4b,0x42,0x8c,0x42,0x6b,0x42,0x4b,0x42,0xcc,0x4a,0xab,0x42,0x8b,0x42,0x4a,0x42,0x8b,0x42,0x6b,0x4a,0x6a,0x4a,0x69,0x42,
    0x6b,0x42,0x4a,0x42,0x8b,0x42,0xac,0x4a,0x2a,0x3a,0x2b,0x3a,0x6b,0x42,0x8c,0x4a,0x4b,0x42,0x2a,0x3a,0x4b,0x42,0x4a,0x42,
    0x4b,0x42,0x6b,0x42,0x6b,0x4a,0x4a,0x3a,0x4a,0x42,0x4b,0x42,0xac,0x52,0x6c,0x4a,0x6b,0x4a,0xac,0x52,0x4b,0x4a,0x4a,0x4a,
    0x4b,0x4a,0x8b,0x4a,0x8b,0x4a,0x4b,0x4a,0x6a,0x4a,0x4a,0x42,0x6b,0x4a,0x8b,0x52,0x4a,0x4a,0x6a,0x4a,0xab,0x52,0x2a,0x42,
    0x29,0x42,0x8b,0x52,0x2e,0x63,0x49,0x4a,0x4a,0x42,0x4a,0x42,0x2a,0x42,0x4a,0x42,0x8b,0x4a,0xab,0x52,0x4a,0x42,0x29,0x42,
    0x4a,0x4a,0x4a,0x42,0x4a,0x4a,0x4b,0x42,0x4a,0x42,0x2a,0x42,0x4a,0x42,0x09,0x42,0xac,0x52,0x4d,0x6b,0x29,0x42,0x4a,0x42,
    0x29,0x4a,0x4a,0x4a,0x4a,0x42,0x29,0x42,0x4a,0x42,0x4a,0x42,0x2a,0x42,0x4a,0x42,0x2a,0x3a,0x4a,0x3a,0x4a,0x3a,0x2a,0x3a,
    0x4a,0x3a,0x4b,0x42,0x4a,0x3a,0x2a,0x42,0x4a,0x42,0x2a,0x42,0x2a,0x42,0x4a,0x4a,0x6b,0x4a,0x4a,0x42,0x29,0x42,0x2a,0x3a,
    0x4a,0x42,0x4a,0x42,0x29,0x42,0x2a,0x42,0x4a,0x4a,0x29,0x42,0x2e,0x63,0xec,0x5a,0x29,0x42,0x4a,0x4a,0x4a,0x42,0x4a,0x42,
    0x29,0x3a,0x4a,0x42,0x4a,0x42,0x4a,0x42,0x4a,0x4a,0x4a,0x4a,0x4a,0x4a,0x4a,0x4a,0x4a,0x4a,0x8b,0x52,0x6a,0x4a,0x4b,0x4a,
    0x6a,0x4a,0x4a,0x4a,0x49,0x4a,0x4a,0x4a,0x4a,0x42,0x2a,0x42,0x2a,0x42,0x6b,0x4a,0x6b,0x4a,0x2a,0x42,0x2a,0x42,0x2a,0x4a,
    0x4b,0x42,0x2a,0x4a,0x4b,0x4a,0x4b,0x4a,0x6a,0x4a,0x6b,0x4a,0x4a,0x4a,0x4b,0x42,0x4a,0x4a,0x6b,0x4a,0x4a,0x4a,0x6b,0x4a,
    0x6a,0x4a,0x4a,0x4a,0x6b,0x4a,0x6a,0x4a,0x6a,0x4a,0x6b,0x52,0x8b,0x52,0x8b,0x52,0x6b,0x4a,0x6b,0x4a,0x8b,0x52,0x6b,0x42,
    0x6a,0x4a,0x6b,0x4a,0x6b,0x4a,0x6b,0x4a,0x8b,0x52,0x6b,0x4a,0x8b,0x4a,0xac,0x52,0xac,0x52,0x6b,0x4a,0x6a,0x42,0x8b,0x4a,
    0x8b,0x4a,0x6b,0x42,0x4a,0x42,0x6b,0x42,0x4b,0x42,0x6b,0x42,0x6b,0x42,0x6b,0x42,0x6b,0x42,0x6b,0x42,0x6b,0x42,0x8b,0x4a,
    0x8a,0x4a,0x6a,0x42,0x6b,0x42,0x0c,0x5b,0x8b,0x42,0x6b,0x42,0x8a,0x4a,0x8b,0x4a,0x4b,0x42,0x8c,0x4a,0x6b,0x42,0x6c,0x4a,
    0x2b,0x42,0x6b,0x42,0x4b,0x42,0x4b,0x42,0x6a,0x42,0x2a,0x42,0x4b,0x42,0x6b,0x42,0x4a,0x42,0x2a,0x42,0x6c,0x4a,0x6b,0x4a,
    0x4a,0x42,0x6b,0x4a,0x6b,0x4a,0x4a,0x4a,0x4a,0x4a,0x4b,0x4a,0xac,0x52,0x6a,0x42,0x6b,0x4a,0x4a,0x42,0x4a,0x4a,0x8b,0x4a,
    0x6a,0x4a,0x6b,0x4a,0x0d,0x5b,0x29,0x42,0x6b,0x52,0x4a,0x4a,0x29,0x42,0x6e,0x6b,0x6b,0x52,0x4a,0x4a,0x4a,0x42,0x4a,0x4a,
    0x8a,0x4a,0x6a,0x4a,0x2a,0x42,0x6a,0x4a,0x4a,0x4a,0x4a,0x42,0x2a,0x42,0x4a,0x42,0x6b,0x4a,0x6a,0x4a,0x2a,0x42,0x6a,0x4a,
    0x29,0x42,0x09,0x42,0x4a,0x42,0x4a,0x4a,0x29,0x42,0x4a,0x42,0x4a,0x4a,0x2a,0x42,0x4a,0x42,0x2a,0x42,0x6a,0x42,0x4b,0x42,
    0x4a,0x42,0x4a,0x42,0x4a,0x42,0x4a,0x3a,0x4a,0x3a,0x4a,0x42,0x4b,0x42,0x2a,0x42,0x4b,0x42,0x4a,0x42,0x29,0x4a,0x4a,0x4a,
    0x6a,0x42,0x4a,0x42,0x2a,0x42,0x4a,0x42,0x4a,0x42,0x2a,0x42,0x4a,0x3a,0x2a,0x42,0x6a,0x4a,0x29,0x4a,0x2a,0x42,0x4a,0x4a,
    0x29,0x4a,0x29,0x42,0x4a,0x42,0x49,0x42,0x4a,0x42,0x8b,0x42,0x49,0x42,0x4a,0x42,0x49,0x4a,0x4a,0x4a,0x4a,0x4a,0x49,0x4a,
    0x2a,0x4a,0x4a,0x4a,0x4a,0x4a,0x4a,0x4a,0x29,0x4a,0xab,0x52,0xac,0x52,0x29,0x42,0x6a,0x52,0x4a,0x4a,0x4a,0x4a,0x6b,0x4a,
    0xb0,0x7b,0x6c,0x52,0x4a,0x4a,0x4b,0x4a,0x6b,0x4a,0x4a,0x4a,0x4a,0x4a,0x6a,0x4a,0x4b,0x4a,0x4a,0x4a,0x4b,0x4a,0x6a,0x4a,
    0x4a,0x42,0x6b,0x4a,0x4a,0x4a,0x6b,0x4a,0x6a,0x4a,0x6a,0x4a,0x6a,0x4a,0x6b,0x52,0x6a,0x4a,0x6b,0x52,0x6a,0x4a,0x6b,0x4a,
    0x8b,0x52,0x6b,0x4a,0x8b,0x4a,0xac,0x52,0x8b,0x4a,0x8b,0x4a,0x6b,0x4a,0x8b,0x4a,0x8b,0x4a,0x6b,0x4a,0x6b,0x4a,0x8b,0x4a,
    0x8b,0x4a,0x6b,0x4a,0x6b,0x4a,0x8c,0x4a,0x8c,0x4a,0x8b,0x42,0x8b,0x4a,0x6b,0x42,0x6b,0x42,0x6b,0x42,0x8c,0x4a,0x8b,0x4a,
    0x4b,0x42,0x6b,0x4a,0x4a,0x42,0x8b,0x52,0x8c,0x4a,0x6a,0x42,0x4a,0x4a,0xac,0x52,0x6a,0x42,0xac,0x52,0x8b,0x42,0x4a,0x42,
    0x8c,0x4a,0x0e,0x5b,0x4f,0x5b,0xac,0x4a,0x4a,0x42,0xcd,0x52,0x6b,0x4a,0x2a,0x42,0xac,0x4a,0x0d,0x5b,0x4a,0x42,0xed,0x5a,
    0x4b,0x42,0x4a,0x42,0x4b,0x42,0x6b,0x4a,0x6b,0x4a,0x8b,0x4a,0x4b,0x4a,0x6b,0x4a,0x2a,0x42,0x8b,0x4a,0x6b,0x4a,0x6a,0x4a,
    0x4a,0x4a,0x4a,0x42,0x4a,0x42,0x4a,0x42,0x6b,0x4a,0x4a,0x4a,0x2a,0x42,0x6a,0x4a,0x8b,0x4a,0x4a,0x4a,0x8b,0x52,0xac,0x52,
    0x4a,0x4a,0x4a,0x4a,0x4a,0x4a,0x6a,0x4a,0x8b,0x52,0x6b,0x4a,0x4a,0x42,0x4a,0x4a,0x6b,0x4a,0x4a,0x42,0x4a,0x42,0x4a,0x4a,
    0x4a,0x42,0x4a,0x42,0x4a,0x42,0x2a,0x42,0x2a,0x42,0x4a,0x4a,0x49,0x42,0x4a,0x4a,0x4a,0x42,0x2a,0x4a,0x2a,0x42,0x4a,0x42,
    0x4b,0x4a,0x6b,0x4a,0x6b,0x42,0x2a,0x42,0x4a,0x42,0x4a,0x3a,0x2a,0x3a,0x2a,0x42,0x2b,0x3a,0x4a,0x42,0x2a,0x3a,0x4a,0x42,
    0x4a,0x4a,0x4a,0x42,0x4b,0x4a,0x4a,0x42,0x4a,0x42,0x4a,0x42,0x4a,0x4a,0x4a,0x42,0x4a,0x42,0x4a,0x42,0x4a,0x4a,0x4a,0x42,
    0x4a,0x4a,0x6a,0x4a,0x2d,0x63,0x29,0x42,0x4a,0x4a,0x6a,0x42,0x29,0x42,0x6a,0x42,0x4a,0x42,0x4a,0x42,0x4a,0x3a,0x4a,0x42,
    0x6a,0x4a,0x4a,0x4a,0x6a,0x4a,0x4a,0x4a,0x6a,0x4a,0x4a,0x4a,0x6a,0x52,0x49,0x4a,0x4a,0x4a,0xab,0x52,0xab,0x52,0x2a,0x4a,
    0x6a,0x4a,0x4a,0x4a,0x6a,0x4a,0x2a,0x4a,0x6b,0x4a,0x6b,0x4a,0x4a,0x4a,0x4a,0x4a,0x6a,0x52,0x6a,0x4a,0x4a,0x4a,0x4a,0x4a,
    0x4a,0x4a,0x6a,0x4a,0x4a,0x4a,0x4b,0x4a,0x6b,0x4a,0x4a,0x4a,0x6a,0x4a,0x6a,0x4a,0x8b,0x52,0x6a,0x4a,0x6a,0x52,0x8b,0x4a,
    0x8a,0x52,0x8b,0x52,0x6a,0x4a,0x8b,0x4a,0xac,0x52,0x6b,0x4a,0x8c,0x52,0x6b,0x42,0x8b,0x4a,0xac,0x52,0x6b,0x42,0x6b,0x4a,
    0x8b,0x4a,0x6b,0x4a,0x8b,0x4a,0x6b,0x4a,0x4b,0x4a,0x6c,0x4a,0xac,0x4a,0xed,0x52,0x6a,0x4a,0x6b,0x42,0x6b,0x4a,0x8b,0x4a,
    0x6b,0x4a,0x6b,0x4a,0x6b,0x4a,0x6b,0x4a,0x6b,0x4a,0x4a,0x42,0x4b,0x4a,0x4b,0x4a,0x6a,0x4a,0x6b,0x4a,0x6b,0x4a,0x4a,0x42,
    0x4a,0x42,0x2a,0x42,0x4a,0x42,0x8c,0x4a,0x8b,0x4a,0xcd,0x52,0x4f,0x63,0x8c,0x4a,0x4b,0x4a,0x8c,0x4a,0x4b,0x42,0x4a,0x4a,
    0x4a,0x4a,0xcc,0x52,0x4a,0x42,0x4a,0x42,0x6b,0x4a,0x6b,0x42,0x4a,0x42,0x4a,0x42,0x6b,0x4a,0x8b,0x52,0x4a,0x42,0x4a,0x4a,
    0xed,0x5a,0x6a,0x4a,0x6b,0x4a,0x6b,0x4a,0x4a,0x42,0x6b,0x4a,0xac,0x52,0x4a,0x4a,0x4a,0x42,0x4a,0x4a,0x6b,0x4a,0x4a,0x42,
    0x4a,0x4a,0x4a,0x4a,0x8b,0x4a,0x6a,0x4a,0x4a,0x42,0x4a,0x4a,0x4a,0x42,0x4a,0x42,0x4a,0x42,0x6a,0x4a,0x4a,0x4a,0x4a,0x42,
    0x4a,0x42,0x4a,0x42,0x4b,0x4a,0x4a,0x42,0x4a,0x42,0x4b,0x42,0x4a,0x4a,0x4a,0x42,0x4a,0x4a,0x6a,0x4a,0x4a,0x4a,0x4b,0x4a,
    0x6a,0x4a,0x4a,0x4a,0x6a,0x4a,0x2a,0x42,0x2a,0x42,0x4a,0x42,0x4a,0x42,0x4a,0x42,0x4b,0x42,0x4a,0x42,0x2a,0x42,0xac,0x4a,
    0x8b,0x4a,0x2a,0x42,0x8b,0x4a,0x6b,0x4a,0x4a,0x42,0x4a,0x4a,0x4a,0x42,0x4a,0x4a,0x2a,0x42,0x2a,0x42,0x4a,0x42,0x4a,0x42,
    0x2a,0x42,0x4a,0x42,0x6a,0x4a,0x4a,0x4a,0x29,0x42,0x4a,0x4a,0xec,0x5a,0x29,0x42,0x8a,0x4a,0x8b,0x4a,0x29,0x42,0x4a,0x42,
    0x4a,0x42,0x4a,0x42,0x4a,0x42,0x6a,0x42,0x6a,0x52,0x4a,0x4a,0x4a,0x4a,0x4a,0x4a,0x4a,0x52,0x6a,0x4a,0x6a,0x4a,0xab,0x52,
    0x8b,0x52,0x4a,0x4a,0x4a,0x4a,0x6a,0x4a,0x6a,0x52,0x6b,0x4a,0x4a,0x4a,0x4a,0x4a,0x8b,0x52,0x6b,0x52,0x6a,0x4a,0x6b,0x52,
    0x4a,0x4a,0x8b,0x52,0x4a,0x4a,0x6a,0x4a,0x4a,0x4a,0x6b,0x52,0x4a,0x4a,0xab,0x5a,0x6b,0x52,0x4a,0x4a,0x6b,0x52,0x8b,0x52,
    0x6a,0x4a,0x6a,0x52,0x8b,0x52,0x4a,0x4a,0x6a,0x52,0xab,0x52,0xab,0x52,0x8c,0x52,0xab,0x52,0x8b,0x52,0x8b,0x4a,0xcc,0x5a,
    0xcc,0x52,0xcc,0x52,0x2d,0x63,0x6b,0x4a,0x4b,0x4a,0x6b,0x4a,0x8c,0x4a,0x6c,0x4a,0x8b,0x4a,0x6b,0x4a,0x6b,0x4a,0x8c,0x4a,
    0x8b,0x4a,0x6b,0x4a,0x6b,0x42,0x8b,0x52,0x8b,0x4a,0x8b,0x4a,0x6b,0x4a,0x6b,0x4a,0x8b,0x4a,0x8b,0x52,0x6b,0x4a,0x6a,0x4a,
    0xed,0x5a,0xab,0x52,0x4b,0x4a,0x8b,0x4a,0x6b,0x4a,0xcc,0x52,0x4b,0x42,0x6a,0x42,0x6b,0x4a,0x8c,0x4a,0x6b,0x4a,0x4b,0x42,
    0x8c,0x4a,0x6c,0x4a,0x6b,0x4a,0x6b,0x4a,0xac,0x52,0x4b,0x4a,0x4b,0x4a,0x6b,0x4a,0x2a,0x42,0xac,0x52,0x8b,0x4a,0x4b,0x4a,
    0x8b,0x4a,0x4a,0x42,0x2a,0x42,0x4a,0x4a,0x6b,0x4a,0x6a,0x4a,0x4a,0x4a,0x4a,0x4a,0x4a,0x4a,0x6a,0x4a,0x8c,0x4a,0x6b,0x4a,
    0x4a,0x42,0x6b,0x4a,0x6a,0x42,0x2a,0x4a,0x4a,0x42,0x6b,0x4a,0x6b,0x4a,0x4a,0x4a,0x4b,0x42,0x6b,0x4a,0x6a,0x4a,0x4b,0x4a,
    0x6b,0x4a,0x4a,0x4a,0x4b,0x42,0x4a,0x4a,0x4a,0x4a,0x6b,0x4a,0x6a,0x4a,0x4a,0x42,0x4a,0x4a,0x6a,0x4a,0x6b,0x4a,0x6a,0x4a,
    0x6a,0x4a,0x2a,0x42,0xcc,0x5a,0xab,0x4a,0x4a,0x4a,0x8b,0x4a,0x2a,0x42,0xed,0x52,0xec,0x52,0x4a,0x42,0x4a,0x4a,0x4a,0x42,
    0x4a,0x42,0x2a,0x42,0x6a,0x42,0xac,0x52,0x6b,0x42,0x4a,0x42,0x6a,0x4a,0x4a,0x4a,0x2a,0x42,0x4a,0x4a,0x4a,0x42,0x6a,0x4a,
    0x4a,0x42,0x4a,0x4a,0x8b,0x4a,0x4a,0x42,0x4a,0x4a,0x4a,0x42,0x4a,0x4a,0x4a,0x4a,0x4a,0x4a,0x49,0x42,0x09,0x42,0x4a,0x4a,
    0x49,0x4a,0x4a,0x4a,0x4a,0x42,0x6a,0x4a,0x29,0x42,0x2a,0x42,0x4a,0x42,0x2a,0x42,0x6a,0x4a,0x6b,0x52,0x4a,0x4a,0x6a,0x4a,
    0x6b,0x52,0x2a,0x4a,0x4a,0x4a,0xcd,0x5a,0xec,0x5a,0x2a,0x4a,0x6a,0x4a,0x6b,0x52,0x6b,0x4a,0x4a,0x4a,0x6b,0x52,0x4a,0x4a,
    0x6b,0x52,0x6a,0x4a,0x6a,0x52,0x8b,0x52,0x6b,0x52,0x4a,0x4a,0x8b,0x52,0x6a,0x52,0x6a,0x4a,0x6a,0x52,0x6a,0x4a,0x6b,0x4a,
    0x8b,0x52,0x4a,0x4a,0xcb,0x5a,0xec,0x5a,0x4a,0x4a,0x8a,0x52,0x8b,0x52,0x6a,0x4a,0x6a,0x52,0x6a,0x4a,0xcc,0x5a,0x8b,0x52,
    0xab,0x52,0x6b,0x4a,0xac,0x52,0xed,0x52,0x0e,0x5b,0x8c,0x52,0x8b,0x42,0xac,0x52,0xd1,0x7b,0x8b,0x4a,0x8b,0x52,0x6c,0x4a,
    0x6b,0x4a,0xac,0x52,0x6c,0x42,0x6b,0x4a,0x8c,0x4a,0x8b,0x52,0x6b,0x4a,0x6b,0x4a,0x8b,0x4a,0x6b,0x4a,0x8b,0x4a,0x6b,0x4a,
    0x4a,0x42,0x6b,0x4a,0x8b,0x4a,0x6a,0x4a,0xcd,0x5a,0xcc,0x52,0x6a,0x4a,0x6b,0x4a,0x6b,0x4a,0x6a,0x4a,0x8b,0x4a,0x6b,0x4a,
    0x6b,0x42,0x4b,0x42,0x6c,0x4a,0x8c,0x4a,0xcd,0x5a,0x4b,0x42,0x6b,0x4a,0x4b,0x42,0xac,0x52,0x6b,0x4a,0x6a,0x4a,0x6b,0x4a,
    0x8b,0x4a,0x6b,0x4a,0x6b,0x4a,0x4a,0x42,0x6b,0x4a,0x4b,0x4a,0x6a,0x4a,0x4a,0x42,0x4a,0x4a,0x6a,0x4a,0x4a,0x4a,0x6b,0x4a,
    0x6a,0x4a,0x4a,0x42,0x4a,0x42,0x4a,0x4a,0x8b,0x4a,0xac,0x4a,0x6b,0x4a,0x6b,0x4a,0x6b,0x4a,0x8b,0x4a,0x4a,0x4a,0x4a,0x42,
    0x6a,0x4a,0x6b,0x4a,0x4a,0x42,0x4a,0x42,0x4a,0x4a,0x4a,0x42,0x4a,0x4a,0x8b,0x4a,0x2a,0x42,0x6a,0x4a,0x4b,0x42,0x4a,0x42,
    0x4a,0x42,0x4a,0x42,0x4a,0x4a,0x6b,0x4a,0x4a,0x4a,0x6a,0x4a,0x6b,0x4a,0x8b,0x4a,0x4a,0x4a,0x4a,0x42,0x4a,0x4a,0xab,0x52,
    0x8b,0x4a,0x6b,0x4a,0x6a,0x4a,0x6b,0x42,0x4a,0x42,0x4a,0x42,0x4a,0x42,0x6b,0x42,0x6a,0x4a,0x6b,0x42,0x4a,0x42,0x4a,0x42,
    0x6a,0x4a,0x6a,0x4a,0x4b,0x4a,0x4a,0x42,0x4a,0x42,0x4a,0x4a,0x4a,0x42,0x4a,0x42,0x4a,0x42,0x29,0x42,0x4a,0x4a,0x6a,0x42,
    0x4a,0x4a,0x6a,0x4a,0x6a,0x4a,0x49,0x4a,0x49,0x42,0x4a,0x4a,0x29,0x42,0x29,0x42,0x4a,0x42,0x4a,0x42,0x4a,0x42,0x8b,0x4a,
    0x6b,0x52,0x6a,0x4a,0x4a,0x52,0x4b,0x4a,0x6a,0x4a,0x8b,0x52,0x6b,0x4a,0x4a,0x4a,0x4a,0x4a,0x6a,0x4a,0x6a,0x52,0x6b,0x4a,
    0x6a,0x52,0x4a,0x4a,0x4a,0x4a,0x6a,0x4a,0x6b,0x52,0x6b,0x4a,0x6a,0x52,0x6a,0x4a,0x6a,0x52,0x6a,0x4a,0xab,0x52,0x8b,0x52,
    0x4a,0x4a,0x6a,0x52,0x6b,0x52,0x6a,0x4a,0x6a,0x52,0x6a,0x4a,0x6b,0x4a,0x4a,0x4a,0x6a,0x52,0x8b,0x52,0x6a,0x4a,0x6a,0x52,
    0x6a,0x4a,0x6a,0x52,0x6b,0x4a,0x6a,0x52,0x8b,0x4a,0x6b,0x4a,0xac,0x52,0xcc,0x52,0x6b,0x4a,0x6b,0x4a,0x6b,0x4a,0x8b,0x4a,
    0x4e,0x6b,0x6b,0x4a,0x8c,0x4a,0xac,0x52,0x8c,0x4a,0x6b,0x4a,0x2f,0x63,0x71,0x73,0x6a,0x42,0x8c,0x52,0x8b,0x4a,0x8b,0x4a,
    0x8b,0x52,0x8b,0x4a,0xac,0x52,0xac,0x5a,0xed,0x5a,0x6a,0x4a,0x6b,0x52,0x8b,0x52,0x6a,0x4a,0x6b,0x4a,0x8b,0x52,0x8b,0x4a,
    0x6b,0x4a,0x6a,0x42,0x6b,0x4a,0x6b,0x4a,0x6b,0x42,0x6b,0x4a,0x4b,0x42,0xad,0x52,0x8c,0x4a,0x6b,0x4a,0x6c,0x4a,0x8b,0x52,
    0x6b,0x4a,0x6b,0x4a,0x6b,0x4a,0x4a,0x4a,0x6a,0x4a,0x6b,0x4a,0x8b,0x4a,0x8b,0x4a,0x4a,0x42,0xac,0x52,0x8c,0x52,0x6a,0x4a,
    0x6b,0x4a,0x4a,0x4a,0x6b,0x4a,0x4a,0x4a,0x6b,0x4a,0x6b,0x4a,0x8b,0x4a,0x4a,0x42,0x4a,0x4a,0x8f,0x6b,0xac,0x52,0x4a,0x42,
    0x6a,0x4a,0x4a,0x42,0x8b,0x4a,0x6a,0x4a,0x6b,0x42,0x4a,0x4a,0x6b,0x4a,0x4a,0x42,0x4a,0x4a,0x6b,0x4a,0x4a,0x42,0x6a,0x4a,
    0x4a,0x4a,0x4a,0x42,0x6a,0x4a,0x6b,0x4a,0x6b,0x4a,0x6a,0x4a,0x6b,0x4a,0x6a,0x4a,0x4a,0x42,0x6a,0x4a,0x4a,0x4a,0x6b,0x4a,
    0x4a,0x4a,0x6b,0x4a,0x6a,0x4a,0x4a,0x42,0x4b,0x4a,0x6a,0x4a,0x4a,0x42,0x4a,0x42,0x8b,0x4a,0x4a,0x42,0x2a,0x42,0xec,0x52,
    0x2d,0x5b,0x2a,0x42,0x4a,0x42,0x4a,0x4a,0x6b,0x42,0x6a,0x4a,0x4a,0x42,0x6a,0x4a,0x4a,0x42,0x6b,0x4a,0x4a,0x42,0x4a,0x42,
    0x4a,0x4a,0x4a,0x42,0x49,0x4a,0x4a,0x42,0x6a,0x4a,0x49,0x4a,0x4a,0x4a,0x49,0x42,0x2a,0x4a,0x49,0x42,0x6a,0x4a,0x4a,0x42,
    0x8b,0x4a,0xac,0x52,0x6b,0x42,0xac,0x4a,0x6b,0x52,0x6b,0x4a,0x6b,0x52,0x4a,0x4a,0x4a,0x4a,0x6b,0x52,0x6b,0x4a,0x4a,0x52,
    0x6b,0x4a,0x6b,0x52,0x6b,0x52,0x6a,0x4a,0x4b,0x4a,0x6b,0x52,0x6b,0x4a,0x4a,0x4a,0x6a,0x52,0x6b,0x4a,0x6a,0x52,0x6b,0x4a,
    0x6a,0x52,0x8b,0x52,0x6a,0x52,0x6a,0x52,0x6a,0x4a,0x6b,0x52,0x8a,0x52,0x6b,0x4a,0x6b,0x52,0x6a,0x4a,0x6b,0x52,0x8b,0x4a,
    0x6a,0x52,0x6a,0x4a,0x6b,0x52,0x6a,0x4a,0x8b,0x52,0x6a,0x4a,0x6b,0x52,0x6b,0x4a,0x6b,0x4a,0x8b,0x52,0x6b,0x4a,0x6b,0x4a,
    0x8b,0x4a,0x8b,0x4a,0xac,0x52,0x6b,0x4a,0x4b,0x42,0x8c,0x4a,0x6b,0x4a,0x6b,0x4a,0x6c,0x4a,0x6b,0x4a,0xad,0x52,0x4e,0x6b,
    0x6b,0x4a,0x8b,0x4a,0x8b,0x4a,0x8b,0x4a,0x6b,0x4a,0x6b,0x52,0x6b,0x4a,0xab,0x52,0xed,0x5a,0x4b,0x4a,0x8b,0x4a,0x6b,0x52,
    0x8b,0x52,0xab,0x52,0x8b,0x4a,0xac,0x52,0x6a,0x4a,0x6b,0x4a,0x6b,0x42,0x8b,0x4a,0x6b,0x4a,0x6b,0x4a,0x6b,0x42,0x4b,0x4a,
    0x4b,0x42,0x4b,0x4a,0x4b,0x42,0x6b,0x4a,0x6b,0x42,0x4a,0x4a,0x6b,0x42,0x4a,0x4a,0x4a,0x42,0x4b,0x4a,0x8b,0x4a,0x8c,0x4a,
    0x6b,0x4a,0x6b,0x4a,0x6a,0x4a,0x6b,0x4a,0x6b,0x52,0x6a,0x4a,0x8b,0x52,0x6b,0x4a,0x6a,0x4a,0x6b,0x4a,0x4a,0x4a,0x6b,0x4a,
    0x6b,0x4a,0x6b,0x4a,0xab,0x4a,0x4a,0x4a,0x6b,0x4a,0x8b,0x4a,0x6b,0x4a,0x4a,0x42,0x6a,0x4a,0x4b,0x42,0x4a,0x42,0x6b,0x4a,
    0x8b,0x4a,0x6b,0x4a,0x6b,0x4a,0x4a,0x4a,0x6b,0x4a,0x6b,0x4a,0x6a,0x4a,0x6a,0x4a,0x8b,0x4a,0x6a,0x4a,0x6a,0x42,0x4a,0x4a,
    0x6a,0x42,0x6b,0x4a,0x4a,0x42,0x6b,0x4a,0x4a,0x42,0x6a,0x4a,0x4b,0x42,0x4a,0x4a,0x6a,0x42,0x4a,0x4a,0x6a,0x4a,0x4b,0x42,
    0x6a,0x4a,0x4a,0x42,0x4a,0x42,0x6b,0x4a,0x4b,0x42,0x4a,0x42,0x6b,0x4a,0x6a,0x4a,0x6a,0x4a,0x6b,0x4a,0x6a,0x4a,0x4a,0x4a,
    0x6b,0x4a,0x4a,0x42,0x4a,0x4a,0x6a,0x4a,0x4a,0x42,0x49,0x4a,0x6a,0x4a,0x6a,0x4a,0x29,0x42,0x4a,0x4a,0x4a,0x4a,0x6a,0x4a,
    0x6a,0x4a,0x4a,0x4a,0x4a,0x42,0x4a,0x42,0x4a,0x4a,0x6b,0x42,0x6a,0x4a,0x4a,0x42,0x6b,0x52,0x4a,0x4a,0x6b,0x52,0x6a,0x4a,
    0x6b,0x52,0x4b,0x4a,0x8b,0x52,0xac,0x52,0x4a,0x4a,0x6b,0x4a,0x6b,0x52,0x6a,0x4a,0x8b,0x52,0x8b,0x52,0x4a,0x4a,0x6b,0x52,
    0x8b,0x52,0x8b,0x52,0x6a,0x4a,0x6b,0x52,0x6a,0x52,0x8b,0x52,0x6b,0x52,0x6a,0x52,0x6a,0x52,0x8b,0x52,0x6a,0x52,0x6b,0x4a,
    0x6b,0x52,0x8a,0x52,0x6b,0x52,0x8b,0x52,0x6a,0x4a,0x6a,0x52,0x6b,0x4a,0x6a,0x52,0x8b,0x52,0x8b,0x52,0x8b,0x52,0x8b,0x4a,
    0x6a,0x52,0x8b,0x4a,0x6b,0x4a,0x8b,0x52,0x8b,0x4a,0x4b,0x4a,0xac,0x4a,0xcd,0x52,0xac,0x52,0x6b,0x4a,0x8c,0x4a,0x8b,0x4a,
    0x8c,0x4a,0x6b,0x4a,0x6b,0x4a,0x6b,0x42,0x6b,0x4a,0x6b,0x4a,0x8c,0x52,0x6b,0x4a,0x8b,0x4a,0x6b,0x4a,0x8b,0x4a,0x8b,0x52,
    0x6b,0x4a,0x8b,0x52,0x6b,0x4a,0x8b,0x52,0x8b,0x4a,0xcc,0x5a,0x8b,0x52,0x4a,0x4a,0x6b,0x4a,0x8b,0x4a,0xab,0x52,0x6b,0x42,
    0x6b,0x4a,0x6b,0x4a,0x2a,0x42,0x6b,0x42,0x6c,0x4a,0x4b,0x4a,0x6b,0x42,0x6b,0x4a,0x4b,0x4a,0x4a,0x42,0x4b,0x4a,0x6b,0x4a,
    0x6a,0x42,0x6b,0x4a,0x4a,0x4a,0xab,0x4a,0xed,0x5a,0x6a,0x4a,0x6b,0x4a,0x6b,0x4a,0x6a,0x52,0x6a,0x4a,0x6a,0x4a,0x6a,0x4a,
    0x6b,0x52,0x6a,0x4a,0x6b,0x4a,0x6a,0x4a,0x6b,0x4a,0x6a,0x4a,0x6b,0x4a,0x6a,0x4a,0x6b,0x4a,0x6a,0x4a,0x6b,0x4a,0x6b,0x4a,
    0x6a,0x42,0xcc,0x52,0x8b,0x4a,0x6b,0x4a,0x8b,0x4a,0x6b,0x4a,0x8b,0x4a,0x6a,0x4a,0x6b,0x4a,0x6a,0x4a,0x6a,0x4a,0x8b,0x4a,
    0x6b,0x4a,0x4a,0x4a,0x6a,0x4a,0x6b,0x4a,0x6a,0x4a,0x6b,0x4a,0x6a,0x4a,0x6b,0x4a,0x4a,0x42,0xed,0x5a,0xec,0x5a,0x2a,0x42,
    0x4a,0x4a,0x6b,0x42,0x4a,0x4a,0x6a,0x4a,0x4b,0x42,0x6b,0x4a,0x6a,0x4a,0x6a,0x42,0x4a,0x4a,0x6a,0x4a,0x6a,0x4a,0x4a,0x42,
    0x4a,0x4a,0x4a,0x42,0x6a,0x4a,0x4a,0x42,0x6a,0x4a,0x8b,0x4a,0x4a,0x4a,0x6a,0x4a,0x4a,0x42,0x4a,0x4a,0x4a,0x42,0x4a,0x4a,
    0x6a,0x4a,0x4a,0x42,0x49,0x4a,0x4a,0x4a,0x6a,0x4a,0x6a,0x4a,0x6a,0x4a,0xec,0x5a,0x6b,0x4a,0x4a,0x42,0x4a,0x42,0x4a,0x42,
    0x6a,0x4a,0x6a,0x4a,0x6b,0x52,0x6a,0x4a,0x6b,0x52,0x6b,0x4a,0x6b,0x52,0x8b,0x52,0x4a,0x4a,0x4a,0x4a,0x6a,0x4a,0x6b,0x52,
    0x4a,0x4a,0x6b,0x52,0x6b,0x52,0x4a,0x4a,0x6a,0x4a,0x6b,0x4a,0x6a,0x52,0x8a,0x52,0x6a,0x4a,0x6a,0x52,0x8a,0x4a,0x8b,0x52,
    0x6a,0x4a,0x6b,0x4a,0x8a,0x52,0x6b,0x52,0x8a,0x4a,0x6b,0x52,0x8a,0x4a,0x6b,0x52,0x8b,0x52,0xac,0x52,0xab,0x52,0x6b,0x52,
    0x8b,0x4a,0x6b,0x52,0x6b,0x4a,0x8b,0x52,0x6b,0x4a,0x8b,0x52,0x8b,0x4a,0x6b,0x4a,0x8b,0x52,0xcc,0x52,0x6b,0x4a,0xcc,0x52,
    0x2e,0x63,0x6b,0x4a,0x6b,0x4a,0x6c,0x4a,0x8c,0x52,0x8c,0x4a,0x8c,0x4a,0xac,0x52,0x6b,0x52,0xed,0x5a,0xcc,0x5a,0x8b,0x52,
    0xac,0x52,0x8b,0x52,0x8b,0x52,0x8b,0x4a,0x8b,0x52,0x8c,0x52,0x6b,0x4a,0x6b,0x52,0x8b,0x52,0x8b,0x52,0x6b,0x4a,0x6b,0x4a,
    0x8a,0x4a,0x6b,0x4a,0x6b,0x4a,0x8b,0x4a,0x8b,0x4a,0x4b,0x42,0x70,0x73,0xee,0x62,0x6b,0x42,0x6b,0x4a,0x6b,0x4a,0x8b,0x4a,
    0x6b,0x4a,0x6b,0x4a,0x6a,0x4a,0x6a,0x4a,0x6b,0x4a,0x8b,0x4a,0x8b,0x4a,0x8b,0x52,0x8b,0x4a,0x6b,0x4a,0x4a,0x4a,0x8b,0x52,
    0x8b,0x52,0x8b,0x52,0x6a,0x4a,0x6b,0x52,0x8a,0x4a,0x6b,0x52,0x8b,0x4a,0x8b,0x52,0x8b,0x52,0x8b,0x4a,0x8b,0x52,0x8b,0x52,
    0x6a,0x4a,0x8b,0x4a,0x6a,0x4a,0x6a,0x4a,0x6b,0x4a,0x6b,0x4a,0x6b,0x4a,0x8b,0x4a,0x8b,0x52,0x8b,0x4a,0x6b,0x4a,0x6a,0x52,
    0x6a,0x4a,0x6b,0x4a,0x6a,0x4a,0x6b,0x4a,0x6a,0x4a,0x6a,0x4a,0x6a,0x4a,0x4a,0x4a,0x4a,0x42,0x8b,0x52,0x6b,0x4a,0x6a,0x4a,
    0x6a,0x4a,0x6b,0x4a,0x6a,0x4a,0x4a,0x42,0x8b,0x4a,0x4a,0x4a,0x8b,0x4a,0x8b,0x4a,0x6a,0x4a,0x6b,0x4a,0x6a,0x4a,0x4b,0x42,
    0x6b,0x4a,0x6b,0x4a,0x8b,0x4a,0x6b,0x42,0x4a,0x42,0x6b,0x42,0x6a,0x42,0x6b,0x4a,0x29,0x3a,0xec,0x52,0xcc,0x52,0x2a,0x42,
    0x6a,0x42,0x6a,0x4a,0x6a,0x4a,0x4a,0x42,0x6a,0x4a,0x4a,0x42,0x4a,0x4a,0x6a,0x42,0x6a,0x4a,0x8a,0x4a,0x6b,0x4a,0x8b,0x4a,
    0x4a,0x42,0x4a,0x42,0x6b,0x4a,0x4a,0x42,0x6b,0x52,0x8b,0x52,0x4a,0x4a,0x4a,0x4a,0x8b,0x52,0x6b,0x4a,0x6a,0x4a,0x4a,0x4a,
    0x8b,0x52,0x6b,0x4a,0x4a,0x4a,0x6a,0x4a,0x6b,0x52,0x6b,0x4a,0x8a,0x52,0x8b,0x52,0x6b,0x4a,0xab,0x5a,0x6b,0x4a,0x8b,0x52,
    0x8b,0x52,0x6a,0x52,0x8b,0x52,0x8b,0x52,0x6a,0x52,0x6a,0x52,0x8b,0x52,0x8b,0x52,0x8a,0x52,0x8b,0x52,0x8b,0x52,0xab,0x52,
    0xab,0x5a,0xab,0x52,0x6b,0x52,0x8b,0x52,0x6b,0x52,0x8b,0x4a,0x8b,0x52,0x8b,0x4a,0x6b,0x52,0x6b,0x4a,0x8b,0x52,0x8b,0x4a,
    0x8c,0x52,0xab,0x52,0x6b,0x4a,0x8b,0x4a,0x8c,0x4a,0x8c,0x4a,0x8b,0x4a,0x8c,0x4a,0x8c,0x4a,0x8b,0x4a,0x8c,0x52,0xac,0x52,
    0x6b,0x4a,0xac,0x52,0x8b,0x4a,0x8c,0x4a,0x8b,0x4a,0x6b,0x4a,0x6c,0x4a,0xac,0x52,0x6b,0x4a,0x8b,0x52,0x8b,0x52,0x8b,0x52,
    0x8b,0x4a,0x8b,0x52,0x8b,0x52,0x4e,0x63,0x8b,0x52,0x8b,0x4a,0x6b,0x4a,0x8b,0x4a,0x6b,0x4a,0x8b,0x4a,0xf2,0x8b,0x4f,0x6b,
    0x2a,0x42,0x8c,0x4a,0x8c,0x4a,0x6b,0x4a,0x6b,0x4a,0xac,0x4a,0x8b,0x52,0x6b,0x4a,0x8b,0x4a,0x8b,0x4a,0x6b,0x52,0x6b,0x4a,
    0x8b,0x52,0x6b,0x52,0x8b,0x4a,0x6a,0x52,0x8b,0x4a,0x8b,0x52,0x6a,0x4a,0x6a,0x4a,0x6b,0x52,0x8b,0x4a,0x6b,0x52,0x8b,0x52,
    0x6a,0x4a,0x8b,0x52,0x6a,0x4a,0x8b,0x52,0x6a,0x4a,0x6b,0x4a,0x8a,0x4a,0x6b,0x4a,0x8a,0x4a,0x6a,0x4a,0x6b,0x4a,0x6a,0x4a,
    0x6b,0x4a,0x6b,0x4a,0x6a,0x4a,0x6b,0x4a,0x4b,0x4a,0x6a,0x4a,0x6b,0x4a,0x6a,0x4a,0x8b,0x4a,0x8b,0x4a,0x6a,0x4a,0x4a,0x42,
    0x6a,0x4a,0x6b,0x4a,0x6a,0x42,0x6b,0x4a,0x4a,0x42,0x6b,0x4a,0x4a,0x42,0x6b,0x4a,0x8b,0x4a,0x8b,0x4a,0x0d,0x5b,0x6a,0x4a,
    0x6a,0x42,0x4a,0x4a,0x6b,0x42,0x6a,0x4a,0x8b,0x4a,0x6b,0x4a,0x8b,0x4a,0x6a,0x4a,0x6b,0x42,0x6a,0x4a,0x4a,0x42,0xed,0x5a,
    0xcc,0x52,0x4a,0x42,0x4a,0x4a,0x6a,0x42,0x6b,0x4a,0x4a,0x42,0x4a,0x4a,0x4a,0x42,0x6a,0x4a,0x6a,0x4a,0x6a,0x4a,0x6a,0x4a,
    0x6a,0x4a,0x6a,0x4a,0x6a,0x4a,0x4a,0x4a,0x4a,0x42,0x8b,0x4a,0x6f,0x63,0x4a,0x42,0x8b,0x52,0x8b,0x52,0x6b,0x52,0x6b,0x4a,
    0x4a,0x4a,0x4a,0x4a,0x6b,0x52,0x4a,0x4a,0x4e,0x6b,0xac,0x52,0x4a,0x4a,0x6b,0x52,0x6b,0x52,0x8b,0x4a,0x4b,0x4a,0x6a,0x52,
    0x6a,0x4a,0xac,0x5a,0xab,0x52,0x4a,0x4a,0x6a,0x52,0x8b,0x4a,0x8a,0x52,0x6b,0x52,0x6a,0x4a,0x8b,0x52,0x6a,0x4a,0x8b,0x52,
    0x6a,0x52,0x8b,0x52,0x8b,0x52,0xab,0x52,0xcc,0x5a,0x8b,0x52,0x6b,0x52,0x8b,0x4a,0x8b,0x52,0x8b,0x52,0x8b,0x52,0x8b,0x52,
    0xab,0x52,0x6b,0x4a,0x8b,0x4a,0x8b,0x52,0xac,0x52,0x8b,0x4a,0x6b,0x4a,0x8c,0x52,0x8b,0x4a,0xac,0x52,0x8c,0x52,0xab,0x4a,
    0x8c,0x52,0x6b,0x4a,0x8c,0x4a,0x8b,0x52,0xcd,0x52,0xac,0x52,0x8b,0x4a,0x6b,0x52,0x6b,0x4a,0x8b,0x4a,0x8b,0x52,0x6b,0x4a,
    0xac,0x52,0x8c,0x52,0x8b,0x4a,0x8b,0x4a,0x8b,0x52,0x6b,0x4a,0x8b,0x52,0xcc,0x52,0x6b,0x4a,0x8b,0x52,0x8b,0x4a,0x6b,0x4a,
    0x6b,0x4a,0xac,0x52,0x6b,0x42,0x8c,0x52,0xcd,0x52,0x6b,0x4a,0x6b,0x4a,0x6b,0x4a,0x6b,0x4a,0x8c,0x4a,0x8b,0x4a,0x6b,0x4a,
    0x6a,0x4a,0x6b,0x4a,0x8b,0x4a,0x6b,0x4a,0x8b,0x52,0x8b,0x52,0x8b,0x52,0x6b,0x52,0x8a,0x52,0xab,0x52,0xac,0x5a,0xab,0x52,
    0x6a,0x52,0x8b,0x52,0x8a,0x4a,0x8b,0x52,0x6a,0x4a,0x8b,0x52,0x8b,0x4a,0x6a,0x4a,0x6b,0x4a,0x8b,0x4a,0x8b,0x52,0x6a,0x4a,
    0x6b,0x4a,0x8b,0x4a,0x6b,0x4a,0x6b,0x4a,0x6b,0x4a,0x8b,0x4a,0x6b,0x4a,0x6b,0x4a,0x6a,0x4a,0x6a,0x42,0x6b,0x4a,0x6b,0x4a,
    0x6a,0x4a,0x6a,0x4a,0x4a,0x42,0x6b,0x4a,0x6a,0x4a,0x6b,0x4a,0xcc,0x52,0xcc,0x52,0x6b,0x4a,0x6a,0x4a,0x6b,0x4a,0x6b,0x4a,
    0x6a,0x4a,0x6b,0x4a,0x4a,0x4a,0x6b,0x4a,0x8b,0x4a,0xac,0x52,0x4a,0x4a,0x8b,0x4a,0x6a,0x4a,0x6b,0x42,0x8b,0x4a,0x8b,0x4a,
    0x6a,0x4a,0x6b,0x42,0x6a,0x4a,0x8b,0x4a,0x8b,0x4a,0x6a,0x4a,0x6b,0x4a,0xac,0x52,0x8b,0x4a,0x6a,0x4a,0x6b,0x4a,0x6a,0x4a,
    0x6a,0x4a,0x8b,0x4a,0x6a,0x4a,0x6a,0x4a,0x6a,0x4a,0x6a,0x4a,0x4a,0x4a,0x6a,0x4a,0x6b,0x4a,0x4a,0x42,0x6b,0x4a,0x8b,0x4a,
    0x8b,0x52,0x6b,0x52,0x6a,0x4a,0x4a,0x4a,0x8b,0x52,0xcc,0x5a,0x4a,0x4a,0x6b,0x4a,0xab,0x52,0x8b,0x52,0x4a,0x4a,0x8a,0x4a,
    0x6a,0x52,0x6b,0x52,0x8a,0x52,0x0d,0x5b,0x8b,0x52,0x6a,0x4a,0x8b,0x52,0xec,0x5a,0x8a,0x52,0x6b,0x52,0x8a,0x52,0x6a,0x4a,
    0x8b,0x52,0x8b,0x52,0x8b,0x52,0x8b,0x52,0x8b,0x52,0x8a,0x52,0x6b,0x52,0x8a,0x52,0x8b,0x52,0x8c,0x52,0x8b,0x52,0x8b,0x52,
    0x8b,0x52,0xab,0x52,0xcc,0x5a,0x8b,0x4a,0xac,0x52,0xab,0x52,0x8b,0x4a,0x8b,0x52,0x8b,0x52,0x8b,0x52,0xed,0x5a,0x8b,0x52,
    0x8b,0x52,0x8c,0x4a,0x8b,0x4a,0x8c,0x52,0xac,0x4a,0x8b,0x4a,0xac,0x52,0xac,0x52,0xcd,0x5a,0xcc,0x52,0x6b,0x52,0x8b,0x4a,
    0x8b,0x52,0x8c,0x52,0xcc,0x52,0xcc,0x5a,0xac,0x52,0xcc,0x52,0x6b,0x52,0x6b,0x4a,0x6b,0x52,0x8b,0x4a,0x8c,0x52,0x8b,0x52,
    0x8b,0x4a,0x8b,0x52,0x6b,0x4a,0x8b,0x4a,0x8b,0x4a,0x6b,0x4a,0x8b,0x4a,0xcd,0x52,0xcc,0x52,0x6b,0x4a,0x6c,0x4a,0x8b,0x4a,
    0x6b,0x4a,0x6b,0x42,0x8b,0x4a,0x6b,0x4a,0x8b,0x4a,0x8b,0x4a,0x8b,0x52,0x8b,0x4a,0x8b,0x52,0x8b,0x4a,0x6a,0x4a,0x8b,0x52,
    0x8a,0x52,0x6b,0x4a,0x8a,0x52,0xab,0x52,0x8b,0x52,0x6a,0x4a,0x8b,0x52,0xcc,0x5a,0xcc,0x5a,0xcc,0x52,0x8b,0x52,0x8b,0x52,
    0x8a,0x4a,0x8b,0x52,0x8b,0x4a,0x8b,0x4a,0x6b,0x42,0x8b,0x4a,0x4a,0x42,0x8b,0x4a,0x8b,0x4a,0x8b,0x4a,0x6b,0x4a,0x6b,0x4a,
    0x8b,0x4a,0x4a,0x4a,0x6a,0x4a,0x6a,0x4a,0x8b,0x4a,0x6a,0x4a,0x6b,0x4a,0x8a,0x4a,0x6a,0x4a,0x6b,0x4a,0x4a,0x42,0x6a,0x4a,
    0x6b,0x4a,0x8b,0x4a,0x6b,0x4a,0x8a,0x4a,0x8b,0x4a,0x6a,0x4a,0x8b,0x4a,0x6a,0x4a,0xac,0x52,0x4e,0x63,0x6a,0x42,0x6b,0x4a,
    0x8b,0x4a,0x6b,0x4a,0x6a,0x42,0x6a,0x4a,0x4a,0x3a,0x4a,0x42,0x6a,0x42,0x6b,0x4a,0x6a,0x42,0x6b,0x4a,0x6a,0x42,0x6b,0x4a,
    0x6a,0x42,0x6b,0x4a,0xec,0x52,0x6b,0x42,0x6a,0x4a,0x6b,0x4a,0x8b,0x4a,0x6a,0x4a,0x6a,0x4a,0x4a,0x4a,0x8b,0x4a,0x6b,0x4a,
    0x6b,0x4a,0x6a,0x42,0x6b,0x4a,0x6b,0x42,0x6a,0x52,0x8b,0x52,0x6b,0x52,0x6a,0x4a,0x4b,0x4a,0x6b,0x52,0x6b,0x4a,0x6a,0x52,
    0x6a,0x4a,0x6b,0x4a,0x6b,0x52,0x6a,0x4a,0x6b,0x4a,0x6a,0x4a,0x6b,0x4a,0xed,0x5a,0x8b,0x52,0x6b,0x4a,0x8b,0x52,0xab,0x52,
    0x8b,0x52,0x6a,0x4a,0x6b,0x52,0x6a,0x4a,0x8b,0x52,0x8b,0x52,0x8b,0x52,0x6a,0x52,0x8b,0x52,0x8b,0x52,0x8b,0x52,0x8b,0x52,
    0x6b,0x4a,0x8b,0x52,0x8b,0x52,0xac,0x52,0x8b,0x52,0x6b,0x4a,0xed,0x5a,0xab,0x52,0x6b,0x52,0xab,0x52,0x6b,0x4a,0x8b,0x4a,
    0x8b,0x52,0x8b,0x4a,0xac,0x52,0x8c,0x52,0x8b,0x4a,0xed,0x5a,0x0e,0x63,0x8b,0x4a,0xac,0x5a,0x8c,0x4a,0x6b,0x52,0x8b,0x4a,
    0x6b,0x4a,0x8b,0x52,0x8b,0x52,0x8b,0x52,0x8c,0x52,0x8b,0x4a,0x8c,0x52,0xac,0x52,0x8b,0x4a,0xac,0x52,0x8c,0x52,0xcc,0x52,
    0xac,0x52,0x6b,0x4a,0x6b,0x52,0x8b,0x4a,0x6b,0x4a,0x8b,0x52,0x8b,0x4a,0x8b,0x52,0x8b,0x4a,0x8c,0x52,0x6b,0x4a,0x6b,0x4a,
    0xac,0x52,0xac,0x4a,0x8c,0x4a,0xcc,0x52,0xcd,0x52,0xac,0x52,0x6b,0x4a,0x8b,0x4a,0xac,0x52,0x8b,0x4a,0x8b,0x4a,0x6b,0x52,
    0x8b,0x4a,0x8b,0x52,0x6a,0x52,0x8b,0x52,0xab,0x52,0xab,0x52,0x8b,0x52,0xab,0x52,0x8a,0x4a,0x6b,0x52,0x8b,0x52,0xab,0x52,
    0x8b,0x52,0xab,0x52,0x6a,0x4a,0xab,0x52,0x8b,0x52,0x8b,0x4a,0x8b,0x52,0x6a,0x4a,0x6a,0x4a,0xac,0x52,0x8b,0x4a,0x8b,0x52,
    0x8c,0x4a,0x8b,0x52,0x8b,0x4a,0x6b,0x4a,0xac,0x52,0xec,0x5a,0xcc,0x52,0xac,0x52,0x8a,0x4a,0x6a,0x4a,0x6b,0x4a,0x8b,0x4a,
    0x6a,0x4a,0x4a,0x42,0xcc,0x52,0xec,0x5a,0x6b,0x4a,0x6b,0x4a,0x8b,0x4a,0x8b,0x4a,0x6b,0x4a,0x6b,0x4a,0x6b,0x4a,0x6a,0x4a,
    0x6b,0x4a,0xac,0x52,0x6a,0x4a,0x6b,0x4a,0x6a,0x4a,0x6b,0x4a,0x6b,0x42,0x6a,0x42,0x50,0x6b,0x50,0x6b,0x4a,0x42,0xab,0x4a,
    0x6b,0x4a,0x6b,0x42,0x6a,0x42,0x6b,0x4a,0x6a,0x42,0x6b,0x42,0x8b,0x4a,0x6b,0x4a,0x6a,0x42,0x6b,0x4a,0x6a,0x4a,0x8b,0x4a,
    0xab,0x52,0x4a,0x42,0x8b,0x4a,0x6b,0x4a,0x6a,0x4a,0x6b,0x4a,0x6b,0x4a,0x4a,0x42,0x8b,0x52,0x8a,0x52,0x6b,0x52,0x6b,0x52,
    0x6a,0x52,0x6a,0x4a,0x8b,0x52,0x8b,0x52,0x6b,0x52,0x6a,0x52,0x8b,0x52,0x8b,0x52,0x8b,0x52,0x8b,0x52,0x8b,0x52,0x8b,0x52,
    0x6b,0x4a,0x8b,0x52,0x8b,0x52,0x6a,0x4a,0x8b,0x52,0x8a,0x52,0x6b,0x4a,0x8b,0x52,0x8b,0x52,0x8b,0x52,0x8a,0x52,0x8b,0x52,
    0x8b,0x52,0x6a,0x4a,0x8b,0x4a,0x8b,0x52,0xab,0x52,0x8b,0x52,0x8b,0x4a,0x8c,0x52,0x8b,0x52,0x6b,0x4a,0x8b,0x4a,0xac,0x52,
    0x8b,0x4a,0x8c,0x52,0x8b,0x4a,0x8b,0x52,0xac,0x52,0x8b,0x52,0x8b,0x52,0xac,0x52,0xab,0x52,0x0e,0x63,0x4f,0x6b,0x8b,0x4a,
    0xac,0x52,0xac,0x52,0xac,0x52,0x8c,0x52,0x8b,0x52,0x8b,0x52,0xed,0x5a,0x0d,0x63,0x8b,0x4a,0xac,0x52,0x8b,0x52,0x8b,0x52,
    0xac,0x52,0x8b,0x4a,0x6b,0x4a,0xac,0x52,0x8c,0x52,0x6b,0x4a,0x8b,0x4a,0x8c,0x52,0x6b,0x52,0xac,0x52,0x8b,0x52,0x8b,0x4a,
    0x8b,0x52,0x8b,0x4a,0x8b,0x52,0x6b,0x4a,0xac,0x52,0xac,0x52,0x8c,0x4a,0xac,0x52,0xab,0x4a,0x8b,0x4a,0x8b,0x4a,0x8b,0x4a,
    0x6b,0x4a,0x6b,0x4a,0xab,0x52,0x8b,0x52,0x8b,0x52,0x8b,0x52,0x8b,0x4a,0x8b,0x52,0xcb,0x52,0x8b,0x52,0x8b,0x4a,0x6a,0x52,
    0x6a,0x4a,0x8b,0x52,0x8b,0x52,0x8a,0x52,0x8a,0x4a,0x6b,0x4a,0x8b,0x52,0xcc,0x52,0xab,0x52,0x8b,0x52,0x8b,0x4a,0xac,0x52,
    0x6b,0x4a,0x6b,0x4a,0x8b,0x52,0x8c,0x4a,0x8b,0x4a,0x8c,0x52,0x6b,0x4a,0x6b,0x4a,0xcc,0x52,0xac,0x52,0x0d,0x5b,0xec,0x5a,
    0x4a,0x42,0xab,0x52,0x8b,0x4a,0xcc,0x52,0xab,0x4a,0x4a,0x42,0xcd,0x52,0xed,0x5a,0x6a,0x42,0x6b,0x4a,0x6b,0x4a,0x8b,0x4a,
    0x6b,0x4a,0x8b,0x4a,0x8c,0x52,0x8b,0x4a,0x6b,0x4a,0x6b,0x4a,0x8c,0x52,0x8b,0x4a,0x6b,0x4a,0x6b,0x4a,0x6b,0x4a,0x6a,0x42,
    0x0d,0x5b,0xed,0x5a,0x6a,0x42,0x8b,0x4a,0x8b,0x4a,0x8b,0x4a,0x6b,0x4a,0x6b,0x42,0x6b,0x4a,0x6a,0x4a,0x4a,0x42,0x8b,0x4a,
    0x8b,0x4a,0x8b,0x4a,0x6a,0x4a,0x6b,0x4a,0x6a,0x4a,0x8b,0x52,0x6a,0x4a,0x8b,0x4a,0x6a,0x4a,0x6a,0x4a,0x8b,0x4a,0x6a,0x4a,
    0x8b,0x52,0x8b,0x52,0x6a,0x52,0x8b,0x52,0x6a,0x52,0x6b,0x4a,0x6a,0x52,0x6b,0x52,0x8a,0x4a,0x8b,0x52,0x8b,0x52,0x8b,0x52,
    0x8b,0x4a,0x8b,0x52,0xab,0x52,0xab,0x52,0x8b,0x52,0x8b,0x4a,0x8a,0x52,0x8b,0x52,0x6b,0x52,0x8a,0x52,0x8b,0x52,0x8b,0x52,
    0x8b,0x52,0x8a,0x52,0x8b,0x4a,0x8b,0x52,0x8b,0x52,0x8a,0x52,0x8a,0x52,0x8b,0x52,0x8b,0x52,0x8b,0x52,0x8b,0x52,0x8c,0x52,
    0xab,0x52,0x8b,0x4a,0x8b,0x52,0xac,0x52,0x8b,0x52,0x8b,0x4a,0x8c,0x52,0x8b,0x52,0x8b,0x52,0x8c,0x52,0xab,0x52,0xac,0x52,
    0xac,0x52,0x8c,0x52,0x6b,0x4a,0x8c,0x52,0xac,0x52,0x8b,0x4a,0x8b,0x52,0x8b,0x52,0x8b,0x52,0xac,0x52,0x8b,0x52,0x8c,0x52,
    0x8b,0x52,0xac,0x52,0x8c,0x4a,0x8b,0x52,0xac,0x52,0x8b,0x4a,0x8c,0x52,0x6b,0x4a,0xac,0x52,0x0f,0x63,0x8b,0x52,0x8b,0x52,
    0xac,0x52,0x8b,0x52,0x8b,0x52,0x8b,0x52,0x8c,0x4a,0x8b,0x52,0x8c,0x4a,0x8b,0x4a,0x8b,0x4a,0x8c,0x4a,0x8b,0x4a,0xac,0x52,
    0x8c,0x4a,0x8b,0x52,0xac,0x4a,0x8b,0x52,0x8b,0x4a,0x8b,0x52,0xac,0x52,0xac,0x52,0x8b,0x52,0xab,0x52,0x8b,0x52,0xab,0x52,
    0x8b,0x52,0x8b,0x52,0x8b,0x52,0x8b,0x4a,0xab,0x52,0x8b,0x4a,0x8b,0x4a,0x8b,0x52,0xab,0x52,0x8b,0x4a,0x6b,0x4a,0x8b,0x4a,
    0xcc,0x52,0xcd,0x52,0xec,0x5a,0x8b,0x4a,0x8c,0x52,0xec,0x52,0x8c,0x52,0x8b,0x4a,0x8c,0x52,0x6b,0x4a,0x6b,0x4a,0x6a,0x4a,
    0x4b,0x4a,0x6b,0x4a,0x6a,0x42,0x6b,0x4a,0x8b,0x4a,0xcc,0x52,0x8b,0x4a,0xcc,0x52,0x8b,0x4a,0x6b,0x4a,0x8b,0x4a,0xab,0x4a,
    0x8b,0x4a,0x8c,0x4a,0x6b,0x4a,0x6b,0x42,0x6b,0x4a,0x8c,0x4a,0x8b,0x4a,0x8b,0x4a,0x8b,0x4a,0x6b,0x4a,0xb5,0xa4,0x0d,0x5b,
    0x4a,0x4a,0x8b,0x4a,0x6b,0x4a,0x8b,0x4a,0x4a,0x42,0x6b,0x42,0x8b,0x4a,0x6b,0x4a,0x6b,0x4a,0x8b,0x4a,0x8b,0x4a,0x6b,0x4a,
    0x8b,0x4a,0x8b,0x42,0x8b,0x4a,0x6b,0x4a,0x8b,0x4a,0x6a,0x4a,0x6b,0x4a,0x8b,0x52,0x8a,0x4a,0x6b,0x4a,0x8a,0x52,0x6b,0x4a,
    0x8b,0x52,0x8b,0x4a,0x6a,0x4a,0x8b,0x4a,0x8b,0x52,0x8a,0x52,0x6b,0x4a,0x6a,0x52,0x8b,0x52,0x6a,0x52,0x8b,0x4a,0x8b,0x52,
    0x8b,0x52,0x8b,0x52,0x8a,0x4a,0x8b,0x52,0x8b,0x52,0x8b,0x52,0x6a,0x4a,0x8b,0x4a,0x8b,0x52,0x8b,0x4a,0x8b,0x52,0x8b,0x52,
    0x8a,0x4a,0x8b,0x52,0x8b,0x52,0x6b,0x52,0xec,0x5a,0xac,0x52,0x8b,0x52,0x8a,0x52,0x8b,0x4a,0x8b,0x52,0x8a,0x52,0x8b,0x52,
    0x8b,0x52,0x8b,0x52,0xab,0x52,0xab,0x52,0xac,0x52,0x8b,0x52,0x8b,0x52,0xab,0x52,0x8c,0x52,0xab,0x52,0xac,0x52,0x8b,0x4a,
    0xab,0x52,0x8b,0x4a,0x8c,0x52,0xab,0x52,0x8c,0x52,0x8b,0x52,0xac,0x52,0x8b,0x52,0x8c,0x52,0xac,0x52,0x8b,0x4a,0xac,0x52,
    0x8c,0x52,0xab,0x52,0x8c,0x52,0xac,0x52,0x8c,0x52,0x8b,0x52,0xac,0x52,0xac,0x4a,0x8c,0x4a,0x8c,0x52,0xac,0x52,0x6b,0x4a,
    0xcd,0x5a,0x13,0x84,0xac,0x52,0x8b,0x52,0x8b,0x52,0x8c,0x52,0xac,0x52,0x8b,0x52,0x8b,0x52,0xac,0x52,0x8b,0x4a,0x8c,0x4a,
    0x6b,0x4a,0x6b,0x4a,0x8c,0x4a,0x8b,0x4a,0x8c,0x52,0xac,0x52,0xac,0x52,0x8b,0x4a,0x8c,0x52,0x6a,0x4a,0x8b,0x4a,0x8b,0x52,
    0x8b,0x52,0x8b,0x4a,0xac,0x52,0x8b,0x52,0xab,0x52,0x8b,0x52,0x8b,0x4a,0x8b,0x52,0xab,0x52,0x8b,0x4a,0x8b,0x52,0x8b,0x4a,
    0x8b,0x4a,0x8b,0x52,0x8b,0x4a,0x8b,0x52,0x8b,0x52,0xac,0x52,0x8b,0x4a,0x8c,0x52,0xab,0x52,0xed,0x5a,0x8b,0x52,0xcc,0x5a,
    0xac,0x52,0x8b,0x4a,0x8b,0x4a,0xac,0x52,0xac,0x52,0x8b,0x4a,0x8b,0x4a,0x8c,0x4a,0x8b,0x4a,0x6b,0x4a,0x8b,0x4a,0x8b,0x4a,
    0xab,0x4a,0x8b,0x4a,0x8b,0x4a,0x8b,0x4a,0x8b,0x4a,0x8b,0x4a,0x8b,0x4a,0xac,0x4a,0x8b,0x4a,0x8b,0x4a,0x8b,0x4a,0x6b,0x4a,
    0xac,0x4a,0xcc,0x52,0xcc,0x52,0x8b,0x4a,0x6b,0x4a,0x8b,0x4a,0x8b,0x4a,0x6b,0x4a,0x8b,0x4a,0x6b,0x4a,0x8b,0x4a,0xcc,0x52,
    0xab,0x4a,0x8b,0x4a,0x6b,0x42,0xab,0x4a,0xac,0x4a,0x8b,0x4a,0xac,0x52,0x8b,0x4a,0x8b,0x4a,0x6b,0x4a,0x6a,0x4a,0xac,0x52,
    0x8b,0x4a,0x6a,0x4a,0x8b,0x4a,0x6a,0x4a,0x8b,0x4a,0x6b,0x4a,0x8b,0x4a,0x6a,0x4a,0x8b,0x52,0x8b,0x52,0x6a,0x52,0x8b,0x52,
    0x8b,0x4a,0x6a,0x52,0x8b,0x52,0x8a,0x52,0x8b,0x52,0x6a,0x4a,0x6b,0x52,0x6a,0x4a,0x6a,0x52,0x8b,0x52,0xac,0x52,0x8b,0x52,
    0x6a,0x52,0x8b,0x52,0x8b,0x52,0x6b,0x52,0x8b,0x52,0x6b,0x52,0x8b,0x52,0x8b,0x52,0x8b,0x52,0xab,0x52,0x8b,0x52,0x8b,0x52,
    0x8b,0x52,0x8a,0x4a,0x6b,0x52,0xab,0x4a,0x8b,0x52,0xab,0x4a,0xcc,0x5a,0x8b,0x4a,0x8b,0x52,0xcc,0x52,0x8b,0x52,0xac,0x52,
    0xab,0x4a,0xac,0x52,0xab,0x52,0x8c,0x52,0x8b,0x52,0xac,0x52,0xac,0x52,0x8b,0x52,0x8c,0x52,0xac,0x52,0xac,0x52,0x8b,0x52,
    0xac,0x52,0x8c,0x52,0x8c,0x52,0xab,0x52,0xac,0x52,0x8c,0x52,0x8b,0x52,0xac,0x52,0xab,0x52,0xac,0x52,0xac,0x52,0x8b,0x52,
    0x8c,0x52,0x8b,0x4a,0x8b,0x4a,0x8c,0x52,0x8b,0x4a,0x6b,0x4a,0x8b,0x52,0xac,0x52,0x6b,0x4a,0xab,0x52,0xcc,0x5a,0x8b,0x52,
    0x8c,0x52,0xac,0x52,0x8b,0x52,0x8b,0x52,0x0d,0x5b,0x4e,0x63,0x6b,0x4a,0xac,0x52,0x8b,0x4a,0x8b,0x52,0xcc,0x52,0xcc,0x52,
    0xac,0x52,0x8b,0x4a,0x8b,0x52,0x8b,0x4a,0xac,0x52,0x8b,0x52,0xab,0x52,0xab,0x52,0x8b,0x4a,0xab,0x52,0x8b,0x4a,0x8b,0x52,
    0x8b,0x4a,0x8b,0x4a,0xac,0x52,0x8b,0x52,0x8b,0x4a,0xac,0x52,0xac,0x52,0x8b,0x4a,0xac,0x52,0xac,0x52,0xac,0x52,0xab,0x52,
    0x8c,0x52,0x8b,0x4a,0x8b,0x4a,0xac,0x52,0x8b,0x4a,0xac,0x52,0x8b,0x4a,0x8b,0x4a,0xac,0x52,0xac,0x4a,0xab,0x52,0x8b,0x4a,
    0x8b,0x52,0x8b,0x4a,0x8b,0x4a,0x8b,0x4a,0xcc,0x52,0x0d,0x53,0x8b,0x4a,0x8c,0x4a,0x8b,0x4a,0x6b,0x42,0xcc,0x52,0x6f,0x63,
    0x6b,0x4a,0x8c,0x4a,0xac,0x52,0x8b,0x4a,0xac,0x52,0xac,0x52,0x6b,0x4a,0xab,0x4a,0x8b,0x4a,0x8c,0x4a,0x8b,0x4a,0x6b,0x4a,
    0x6b,0x42,0x6b,0x42,0x8b,0x4a,0x0d,0x5b,0x8c,0x4a,0x8b,0x4a,0xab,0x52,0x8b,0x4a,0x8b,0x4a,0x8c,0x52,0x6b,0x4a,0x8b,0x4a,
    0x8b,0x4a,0x6a,0x4a,0x8b,0x4a,0x8b,0x4a,0x6a,0x4a,0x6b,0x4a,0x6a,0x4a,0x8b,0x52,0x8b,0x4a,0x6a,0x4a,0x6b,0x4a,0x8b,0x4a,
    0x8b,0x52,0x8b,0x52,0x6a,0x52,0x6a,0x4a,0x8b,0x52,0x8b,0x4a,0x8b,0x52,0x6b,0x4a,0x8a,0x52,0x6b,0x4a,0x8b,0x52,0x8b,0x52,
    0x8b,0x4a,0x8b,0x52,0xab,0x52,0xcc,0x52,0x6b,0x52,0x8b,0x52,0x8b,0x52,0x8b,0x52,0x8b,0x52,0x8b,0x52,0x8b,0x52,0x8b,0x52,
    0x8b,0x52,0x8b,0x52,0x8b,0x4a,0x8b,0x52,0x8b,0x4a,0x8b,0x52,0x8a,0x4a,0x8b,0x52,0x8b,0x52,0xab,0x52,0x8b,0x52,0x8b,0x4a,
    0x8b,0x52,0x8b,0x52,0x8b,0x4a,0xac,0x52,0xac,0x52,0x8b,0x52,0xcc,0x52,0xac,0x52,0xac,0x52,0xab,0x52,0xac,0x52,0x8b,0x52,
    0xac,0x52,0xac,0x5a,0x4e,0x63,0x8c,0x52,0xab,0x52,0xac,0x52,0x8c,0x52,0xac,0x52,0xac,0x52,0x8b,0x52,0xac,0x52,0xab,0x52,
    0x6b,0x52,0xcd,0x5a,0xac,0x52,0xac,0x52,0x8b,0x4a,0xcc,0x52,0xed,0x5a,0x8b,0x4a,0xac,0x52,0x8c,0x52,0xab,0x52,0x6b,0x52,
    0x0d,0x5b,0xcd,0x5a,0x6b,0x4a,0xac,0x52,0xab,0x52,0xac,0x52,0xac,0x52,0xac,0x52,0x4f,0x6b,0xed,0x5a,0x8b,0x52,0xab,0x52,
    0xac,0x52,0x8b,0x52,0x0d,0x5b,0xed,0x5a,0xab,0x52,0xac,0x52,0xab,0x52,0x8b,0x52,0xab,0x52,0xab,0x52,0x8c,0x52,0xab,0x52,
    0xab,0x52,0xac,0x52,0xcc,0x52,0x8b,0x4a,0xac,0x52,0xcc,0x52,0xab,0x52,0xcc,0x52,0x8b,0x4a,0xcc,0x52,0xac,0x52,0x8b,0x4a,
    0x8b,0x4a,0xed,0x5a,0x8f,0x6b,0x8b,0x4a,0xab,0x52,0x8c,0x52,0xed,0x5a,0xab,0x52,0x8b,0x4a,0xac,0x52,0xac,0x52,0xac,0x52,
    0x8b,0x4a,0xac,0x52,0xac,0x52,0xac,0x52,0xab,0x4a,0x8b,0x4a,0xab,0x4a,0x8b,0x4a,0xcc,0x52,0xcc,0x52,0x8b,0x4a,0xab,0x4a,
    0x8b,0x4a,0x8c,0x4a,0x8c,0x4a,0xac,0x4a,0x8b,0x4a,0x6b,0x4a,0x6b,0x4a,0x8c,0x4a,0x8b,0x4a,0x6b,0x4a,0x8b,0x52,0x8c,0x4a,
    0x6b,0x4a,0x8b,0x4a,0x6b,0x4a,0x8b,0x4a,0xab,0x4a,0x8b,0x4a,0x8b,0x4a,0x4a,0x42,0x8b,0x4a,0x8b,0x4a,0xac,0x4a,0x6b,0x4a,
    0x8b,0x4a,0x6b,0x4a,0x8b,0x4a,0x8b,0x4a,0x8b,0x4a,0xac,0x52,0xab,0x4a,0x8b,0x4a,0x6b,0x4a,0xcb,0x52,0x8b,0x52,0x6a,0x4a,
    0x6b,0x4a,0x8a,0x52,0x6b,0x4a,0x6a,0x4a,0x8a,0x52,0x8b,0x52,0xab,0x52,0x6b,0x52,0x8a,0x52,0x8b,0x52,0x8a,0x52,0x6a,0x4a,
    0x8b,0x52,0x8a,0x4a,0x8b,0x52,0x8b,0x52,0xab,0x52,0x8a,0x52,0x8b,0x52,0x8b,0x52,0x8a,0x4a,0x8b,0x52,0xcc,0x52,0x8b,0x52,
    0xab,0x52,0x8b,0x52,0xac,0x52,0xcc,0x52,0x8c,0x52,0x8b,0x52,0x8b,0x52,0x8b,0x4a,0x8b,0x52,0x8b,0x52,0x8b,0x52,0x8b,0x4a,
    0x8b,0x52,0x8b,0x4a,0xac,0x52,0x8b,0x52,0x8b,0x4a,0xac,0x52,0xab,0x52,0x8b,0x52,0x2d,0x5b,0x2e,0x63,0x6b,0x4a,0xac,0x52,
    0xac,0x52,0x8b,0x52,0xed,0x5a,0xec,0x5a,0xac,0x52,0x8b,0x52,0xac,0x52,0xac,0x52,0xac,0x52,0xac,0x52,0x8b,0x52,0x8b,0x52,
    0xac,0x5a,0xac,0x52,0xac,0x5a,0x8b,0x52,0x0d,0x63,0xcc,0x52,0xac,0x52,0xac,0x52,0x8c,0x52,0xcc,0x52,0xed,0x5a,0x8c,0x4a,
    0xab,0x52,0x8c,0x4a,0x8c,0x52,0x8b,0x52,0x4e,0x63,0xed,0x5a,0x8b,0x52,0xcc,0x5a,0x8b,0x52,0xab,0x52,0xac,0x52,0xab,0x52,
    0x8b,0x4a,0x8b,0x52,0xac,0x52,0x8c,0x52,0xab,0x52,0x8c,0x52,0xac,0x52,0xab,0x52,0x8b,0x52,0xac,0x52,0x8b,0x4a,0xac,0x52,
    0xac,0x52,0xab,0x52,0xac,0x52,0x8b,0x52,0xac,0x52,0xab,0x52,0x8b,0x52,0x8c,0x52,0xab,0x52,0xac,0x52,0x8b,0x4a,0xac,0x52,
    0xac,0x52,0x8b,0x4a,0x8b,0x4a,0xac,0x52,0xac,0x52,0x8b,0x52,0xac,0x52,0x6b,0x4a,0x8b,0x52,0x8b,0x4a,0xcc,0x5a,0xac,0x52,
    0xac,0x52,0x8b,0x4a,0xed,0x52,0xcc,0x52,0x8c,0x4a,0xab,0x52,0xac,0x4a,0x8b,0x52,0xac,0x52,0xac,0x52,0xab,0x4a,0xac,0x52,
    0x8b,0x4a,0x8b,0x4a,0xac,0x4a,0x8c,0x4a,0x8b,0x4a,0x8b,0x4a,0x6b,0x4a,0xac,0x4a,0x6b,0x4a,0x8c,0x4a,0x8c,0x4a,0x8b,0x4a,
    0x8c,0x4a,0xab,0x4a,0xac,0x52,0x8b,0x4a,0x8b,0x4a,0x8b,0x4a,0x8b,0x4a,0xac,0x4a,0x6b,0x4a,0x0d,0x53,0x4e,0x63,0xed,0x52,
    0x8b,0x4a,0xac,0x52,0xac,0x4a,0x6b,0x4a,0x8c,0x52,0x6b,0x4a,0xab,0x4a,0x8c,0x52,0x8b,0x4a,0xab,0x4a,0x8b,0x52,0x6b,0x4a,
    0x8a,0x52,0xab,0x52,0x8b,0x52,0x6a,0x4a,0x8b,0x52,0x8b,0x52,0x8a,0x52,0x6a,0x4a,0xab,0x52,0x8b,0x52,0xab,0x52,0x8b,0x52,
    0x8b,0x52,0x8b,0x4a,0x8b,0x4a,0x8b,0x52,0x8b,0x4a,0x6b,0x52,0x8b,0x52,0x8a,0x4a,0x8b,0x52,0x8b,0x52,0x8b,0x52,0x8b,0x52,
    0x6b,0x52,0x6b,0x4a,0xab,0x52,0x8b,0x52,0x8b,0x52,0x8b,0x4a,0x6b,0x52,0x8b,0x52,0x8b,0x52,0x8b,0x4a,0x8b,0x52,0x8b,0x52,
    0x8b,0x52,0xab,0x52,0x8b,0x52,0x8b,0x4a,0x8b,0x52,0x8b,0x52,0x8b,0x52,0xab,0x52,0x8c,0x52,0xab,0x52,0xac,0x52,0x8b,0x52,
    0xac,0x52,0xcc,0x5a,0x8b,0x52,0xab,0x52,0xac,0x52,0xab,0x52,0xac,0x52,0xcc,0x5a,0xac,0x52,0xcc,0x5a,0xab,0x52,0xac,0x5a,
    0xac,0x5a,0x8b,0x52,0x0e,0x63,0x2e,0x63,0x8c,0x52,0x8b,0x52,0xab,0x52,0xac,0x52,0x4f,0x6b,0xec,0x5a,0x8b,0x52,0xcc,0x52,
    0xcc,0x52,0xac,0x52,0xac,0x52,0xac,0x52,0xac,0x52,0xac,0x52,0xab,0x52,0xac,0x52,0x8c,0x52,0xab,0x5a,0xac,0x52,0xac,0x52,
    0xac,0x52,0xac,0x52,0x8b,0x52,0x8c,0x4a,0xac,0x52,0x8b,0x52,0xac,0x52,0xab,0x52,0xac,0x52,0xab,0x52,0xcc,0x52,0xac,0x52,
    0x8b,0x52,0xac,0x52,0xab,0x52,0xac,0x52,0xcc,0x52,0xab,0x52,0xac,0x52,0xac,0x52,0xac,0x52,0xac,0x52,0xac,0x4a,0xac,0x52,
    0x8b,0x4a,0xac,0x52,0xcc,0x52,0xac,0x52,0x0d,0x5b,0xac,0x52,0xac,0x52,0xed,0x5a,0xac,0x52,0x8b,0x52,0x8b,0x4a,0xac,0x52,
    0x8b,0x52,0xcc,0x52,0xac,0x52,0xac,0x52,0xcc,0x52,0xac,0x52,0xac,0x52,0xac,0x52,0xab,0x52,0xac,0x52,0xac,0x52,0xcc,0x52,
    0xab,0x4a,0xac,0x52,0xcc,0x52,0xac,0x52,0xac,0x4a,0xac,0x52,0x8b,0x4a,0xac,0x4a,0x8c,0x4a,0xcc,0x52,0xac,0x4a,0xcd,0x52,
    0xed,0x52,0xac,0x52,0xac,0x4a,0xcc,0x52,0xac,0x52,0x8b,0x4a,0x8c,0x52,0x8b,0x4a,0x8b,0x4a,0x6b,0x4a,0xac,0x52,0x8b,0x4a,
    0x8b,0x4a,0x8c,0x4a,0x8b,0x4a,0x0d,0x5b,0x8c,0x4a,0x8b,0x4a,0x6b,0x4a,0x8b,0x4a,0xac,0x4a,0x8b,0x4a,0xed,0x5a,0xab,0x52,
    0x8b,0x4a,0x8b,0x52,0x8b,0x4a,0xab,0x52,0x8b,0x4a,0x6a,0x4a,0x8b,0x52,0x8b,0x52,0x8b,0x4a,0x8a,0x52,0x8b,0x52,0x8b,0x52,
    0x8b,0x52,0x8b,0x52,0x8b,0x52,0xab,0x52,0xab,0x52,0x6a,0x52,0xab,0x52,0x6b,0x4a,0x8b,0x52,0x8b,0x4a,0xab,0x52,0xac,0x52,
    0x8b,0x52,0x6b,0x52,0xab,0x52,0x6b,0x4a,0x0d,0x63,0x12,0x8c,0x8b,0x52,0x8c,0x52,0x8b,0x52,0xac,0x52,0x8b,0x52,0x8b,0x52,
    0xac,0x52,0x8b,0x4a,0x8b,0x52,0xac,0x52,0x8b,0x4a,0xed,0x5a,0x8b,0x52,0x8b,0x52,0x8b,0x4a,0x8b,0x52,0xac,0x52,0xab,0x52,
    0x8b,0x52,0x8b,0x52,0xac,0x52,0xab,0x52,0x8c,0x52,0xab,0x52,0xac,0x52,0xac,0x52,0xac,0x52,0xac,0x52,0xac,0x52,0x8b,0x52,
    0xab,0x52,0xcc,0x5a,0xac,0x5a,0xac,0x52,0xac,0x52,0x8b,0x52,0xac,0x52,0xed,0x5a,0xcc,0x52,0xac,0x5a,0xac,0x52,0x8b,0x52,
    0xed,0x5a,0x0d,0x63,0x8b,0x4a,0xac,0x52,0x8b,0x52,0xac,0x52,0xec,0x5a,0xcc,0x52,0xac,0x52,0xab,0x52,0x8c,0x52,0xab,0x52,
    0xac,0x5a,0xac,0x52,0xab,0x5a,0xac,0x52,0xab,0x5a,0x8b,0x52,0xac,0x52,0xcc,0x5a,0xac,0x52,0xab,0x52,0xac,0x52,0xac,0x52,
    0xac,0x5a,0xec,0x5a,0xac,0x52,0xac,0x52,0xab,0x52,0xac,0x52,0xac,0x52,0xab,0x52,0xac,0x52,0xab,0x52,0xcc,0x52,0xcc,0x52,
    0xac,0x52,0x8b,0x4a,0xcc,0x52,0xac,0x52,0xac,0x52,0xec,0x5a,0xac,0x52,0x2d,0x5b,0x4e,0x63,0x8b,0x4a,0xab,0x52,0x8b,0x4a,
    0xcc,0x52,0xab,0x52,0xac,0x52,0xac,0x52,0xac,0x5a,0xcc,0x5a,0xcc,0x52,0xab,0x52,0xac,0x52,0xac,0x52,0xcc,0x52,0xcc,0x5a,
    0x8b,0x4a,0xac,0x52,0xab,0x52,0xac,0x52,0xab,0x52,0xac,0x52,0xab,0x4a,0xac,0x52,0xab,0x4a,0xac,0x52,0xab,0x4a,0x8c,0x4a,
    0xac,0x4a,0xcd,0x52,0xac,0x52,0xac,0x52,0xcd,0x52,0xac,0x52,0xac,0x52,0x8c,0x52,0xac,0x52,0x8b,0x4a,0x8b,0x4a,0xac,0x52,
    0x8c,0x4a,0xab,0x4a,0x8c,0x52,0x8c,0x4a,0xab,0x4a,0xac,0x52,0xac,0x4a,0x8b,0x4a,0xab,0x4a,0x6b,0x4a,0x8b,0x4a,0x8b,0x4a,
    0x8b,0x52,0x8b,0x4a,0x8b,0x4a,0x8b,0x4a,0x8b,0x4a,0x8b,0x4a,0x6b,0x4a,0x8b,0x4a,0x8b,0x52,0xab,0x52,0x8b,0x4a,0x8a,0x52,
    0x8b,0x52,0xab,0x52,0xec,0x5a,0x8b,0x52,0xab,0x52,0x8b,0x52,0x8a,0x52,0x8b,0x52,0x8b,0x52,0x8b,0x4a,0xcc,0x52,0xab,0x52,
    0x8b,0x52,0x8b,0x4a,0xab,0x52,0x8b,0x52,0xab,0x52,0x8b,0x52,0x8b,0x52,0x8b,0x52,0xec,0x5a,0x6f,0x73,0x8b,0x52,0x8b,0x4a,
    0x8c,0x52,0xac,0x52,0x8b,0x52,0xac,0x52,0x8b,0x4a,0x8b,0x52,0x8c,0x52,0x8b,0x4a,0x8b,0x52,0x8b,0x4a,0x8b,0x52,0x8c,0x4a,
    0x8b,0x52,0x8b,0x4a,0x8b,0x52,0xac,0x52,0x8b,0x52,0xac,0x52,0xac,0x5a,0xac,0x52,0xab,0x52,0xac,0x52,0xac,0x52,0xac,0x52,
    0xab,0x52,0xab,0x52,0xac,0x52,0xab,0x5a,0xcc,0x52,0xac,0x5a,0xcc,0x5a,0x8b,0x52,0x2e,0x63,0xcd,0x5a,0xac,0x5a,0xcc,0x52,
    0x8c,0x52,0x0d,0x5b,0xac,0x52,0xab,0x52,0xab,0x52,0x8c,0x52,0xac,0x52,0x8b,0x52,0xcc,0x5a,0xcc,0x52,0xcc,0x5a,0xcc,0x5a,
    0xcc,0x5a,0xac,0x52,0xcb,0x5a,0xac,0x5a,0xcc,0x5a,0xcc,0x52,0xac,0x5a,0xab,0x52,0xac,0x52,0xcc,0x52,0xac,0x5a,0xed,0x5a,
    0xab,0x52,0xac,0x52,0xab,0x52,0xcc,0x5a,0xac,0x52,0xac,0x52,0xac,0x52,0xcc,0x5a,0xcc,0x52,0xac,0x52,0xcc,0x52,0xcc,0x52,
    0xac,0x52,0xcc,0x52,0xac,0x52,0x8b,0x4a,0x6f,0x73,0x6e,0x6b,0x8b,0x52,0xcc,0x52,0xcc,0x5a,0xed,0x52,0xac,0x52,0xcc,0x52,
    0xac,0x52,0xcc,0x52,0xcc,0x52,0xab,0x52,0xac,0x52,0xcc,0x5a,0xac,0x52,0xab,0x52,0xcc,0x52,0xcc,0x5a,0xcc,0x52,0xcd,0x5a,
    0xec,0x52,0xcc,0x52,0xac,0x52,0xab,0x52,0xac,0x52,0xcc,0x52,0xac,0x52,0xac,0x52,0xac,0x52,0xcc,0x52,0xac,0x52,0xac,0x52,
    0xac,0x52,0x8b,0x4a,0xac,0x52,0xac,0x4a,0xcc,0x5a,0x4e,0x63,0x8c,0x4a,0x8c,0x4a,0xab,0x4a,0xac,0x52,0x8c,0x4a,0xab,0x4a,
    0x8c,0x4a,0xac,0x52,0xac,0x52,0xac,0x52,0xed,0x5a,0x8b,0x4a,0x8b,0x4a,0xac,0x4a,0xab,0x4a,0xac,0x4a,0xab,0x4a,0xac,0x4a,
    0x8b,0x4a,0xac,0x4a,0xac,0x52,0x8c,0x4a,0xab,0x52,0xcd,0x52,0xac,0x52,0x8b,0x52,0x8c,0x4a,0x8b,0x52,0x8b,0x4a,0x8b,0x4a,
    0x8b,0x52,0xcc,0x52,0xab,0x52,0x8a,0x4a,0x8b,0x52,0x8b,0x4a,0xab,0x52,0xab,0x52,0x8b,0x52,0xab,0x52,0x8b,0x52,0xab,0x52,
    0xab,0x52,0x8b,0x4a,0x8b,0x52,0x8b,0x52,0x8b,0x4a,0x8b,0x52,0x8b,0x52,0x8b,0x52,0x4e,0x63,0x8b,0x52,0xab,0x52,0x8b,0x52,
    0x8b,0x52,0x8b,0x52,0x8c,0x52,0x8b,0x52,0x8b,0x52,0x8c,0x52,0x8b,0x4a,0x8b,0x52,0x8c,0x52,0xac,0x52,0x8b,0x4a,0x8b,0x52,
    0x8c,0x52,0xac,0x52,0xac,0x52,0x8b,0x52,0xac,0x52,0xab,0x52,0x8b,0x52,0xac,0x52,0xac,0x52,0xab,0x52,0xab,0x52,0xac,0x52,
    0xac,0x5a,0xac,0x52,0xcc,0x5a,0xab,0x52,0xac,0x5a,0xab,0x52,0xac,0x52,0xcb,0x52,0xac,0x5a,0xab,0x52,0xac,0x52,0xab,0x52,
    0x2e,0x63,0xed,0x5a,0x8b,0x52,0xac,0x52,0xac,0x52,0xcc,0x5a,0xcc,0x52,0x8c,0x52,0xcc,0x5a,0xab,0x52,0xcc,0x5a,0xec,0x5a,
    0xed,0x5a,0xcc,0x5a,0xac,0x52,0xcc,0x52,0xec,0x5a,0xac,0x52,0xcc,0x5a,0xab,0x52,0xec,0x5a,0xab,0x5a,0xcc,0x52,0xac,0x5a,
    0xcc,0x5a,0xab,0x52,0xac,0x52,0xab,0x52,0xac,0x52,0xcc,0x5a,0xcc,0x52,0xac,0x52,0xcc,0x5a,0xac,0x52,0xcc,0x5a,0xcd,0x52,
    0xed,0x5a,0xac,0x52,0xcc,0x52,0xac,0x52,0xcc,0x5a,0xed,0x5a,0xab,0x52,0xac,0x52,0x6e,0x6b,0x4e,0x6b,0x8c,0x52,0xed,0x52,
    0xcc,0x5a,0xcc,0x5a,0xed,0x5a,0xcc,0x52,0xec,0x5a,0xcc,0x5a,0xcc,0x52,0xac,0x52,0xec,0x5a,0xcc,0x52,0xac,0x5a,0xac,0x52,
    0xac,0x5a,0xab,0x52,0xac,0x52,0xec,0x5a,0xcc,0x52,0xed,0x5a,0xcc,0x52,0xcc,0x52,0xac,0x52,0xcc,0x52,0xcc,0x5a,0xcc,0x52,
    0xcc,0x5a,0xac,0x52,0xab,0x52,0xcc,0x5a,0xcc,0x52,0xcc,0x52,0xad,0x52,0xcc,0x5a,0xed,0x52,0x0e,0x5b,0x8b,0x52,0xcc,0x52,
    0xad,0x52,0xac,0x52,0x8b,0x52,0xac,0x52,0xac,0x52,0xac,0x52,0xac,0x4a,0xac,0x52,0xab,0x4a,0xac,0x4a,0xac,0x52,0xcc,0x52,
    0xac,0x52,0xac,0x52,0xac,0x4a,0xac,0x52,0xac,0x4a,0x8b,0x52,0xab,0x4a,0xac,0x52,0x8b,0x52,0xcc,0x52,0xac,0x52,0x8b,0x52,
    0x8b,0x4a,0x8b,0x4a,0x8b,0x4a,0xab,0x52,0x8b,0x4a,0xab,0x52,0x8b,0x52,0xab,0x52,0xab,0x52,0x8b,0x52,0x8b,0x52,0xab,0x52,
    0xab,0x52,0xac,0x52,0x8b,0x4a,0x8b,0x52,0x8c,0x52,0xab,0x4a,0x8b,0x52,0x8b,0x52,0xab,0x52,0xab,0x52,0x8b,0x52,0x8a,0x52,
    0xab,0x52,0xab,0x5a,0x8b,0x52,0x8b,0x52,0x8b,0x52,0xac,0x5a,0x8b,0x52,0xed,0x5a,0x8c,0x52,0x8b,0x52,0xed,0x5a,0x8c,0x52,
    0x6a,0x4a,0xac,0x52,0xed,0x62,0x8b,0x52,0x8b,0x52,0xac,0x52,0x8b,0x52,0x8b,0x4a,0x8c,0x52,0x8c,0x4a,0xac,0x52,0x8b,0x52,
    0xab,0x52,0x8b,0x52,0xac,0x52,0xcc,0x5a,0xab,0x52,0xac,0x5a,0xab,0x52,0xac,0x52,0xcc,0x5a,0xab,0x52,0xcc,0x5a,0xcc,0x5a,
    0xcc,0x5a,0xcc,0x5a,0xcc,0x5a,0xcc,0x5a,0x8b,0x52,0xac,0x5a,0xac,0x52,0xac,0x52,0xab,0x52,0xcc,0x5a,0xcc,0x5a,0xab,0x52,
    0xcc,0x5a,0xcc,0x5a,0xac,0x5a,0xec,0x5a,0xac,0x5a,0xcb,0x52,0xcc,0x5a,0xec,0x5a,0xcc,0x5a,0xcc,0x52,0xcc,0x5a,0xac,0x52,
    0xcc,0x5a,0xcc,0x52,0xac,0x5a,0xcc,0x52,0xcc,0x52,0x2d,0x63,0xec,0x5a,0xcc,0x52,0xcc,0x5a,0xac,0x52,0xcc,0x5a,0xac,0x52,
    0xcc,0x5a,0xac,0x52,0xcd,0x5a,0xcc,0x52,0xac,0x5a,0xcc,0x52,0xcc,0x5a,0xcc,0x52,0xcc,0x52,0xec,0x5a,0xcc,0x52,0xcc,0x52,
    0xac,0x52,0x8b,0x52,0xcc,0x5a,0xcc,0x5a,0xcc,0x52,0xed,0x5a,0x0d,0x5b,0xec,0x5a,0x0d,0x5b,0xcc,0x52,0xab,0x52,0x0d,0x5b,
    0xec,0x5a,0x0d,0x63,0x0d,0x5b,0xab,0x5a,0xcc,0x52,0xcc,0x5a,0xcc,0x52,0xcc,0x52,0xcc,0x5a,0xec,0x52,0xed,0x5a,0xcc,0x52,
    0xcc,0x5a,0xac,0x52,0xcb,0x52,0xec,0x5a,0xcc,0x5a,0xcc,0x52,0xcc,0x5a,0xcd,0x5a,0xcc,0x52,0xac,0x52,0xac,0x52,0xcd,0x52,
    0xcc,0x5a,0x8c,0x4a,0xac,0x52,0xac,0x52,0xcc,0x52,0xac,0x52,0xac,0x52,0xac,0x52,0xac,0x52,0xac,0x52,0xab,0x52,0xcc,0x52,
    0xac,0x52,0xac,0x52,0xcc,0x52,0xac,0x4a,0xab,0x4a,0xac,0x52,0xab,0x4a,0xab,0x52,0xac,0x52,0xac,0x52,0xab,0x52,0x8c,0x52,
    0xab,0x52,0xac,0x52,0x8b,0x52,0x8b,0x52,0xac,0x52,0x8b,0x52,0xab,0x52,0xac,0x52,0x8b,0x4a,0xab,0x52,0xab,0x52,0x8b,0x4a,
    0xab,0x52,0xab,0x52,0x8a,0x52,0xab,0x52,0xac,0x5a,0xab,0x52,0xab,0x52,0xac,0x52,0xab,0x52,0xab,0x52,0xab,0x52,0xab,0x52,
    0xac,0x52,0x8b,0x52,0xcb,0x52,0xec,0x5a,0x8b,0x52,0xab,0x52,0xac,0x5a,0xab,0x52,0xac,0x52,0xac,0x5a,0xac,0x52,0xac,0x5a,
    0xab,0x52,0x8c,0x52,0x4e,0x63,0xac,0x5a,0xab,0x52,0x8c,0x52,0xac,0x52,0xac,0x52,0x8c,0x52,0x8c,0x52,0x8c,0x52,0xac,0x52,
    0x8b,0x52,0x8b,0x52,0xac,0x52,0x8c,0x4a,0xac,0x52,0xac,0x5a,0xab,0x52,0xac,0x52,0xac,0x5a,0xcb,0x52,0xcc,0x5a,0xcc,0x5a,
    0xab,0x52,0xac,0x5a,0xcb,0x52,0xab,0x52,0xcc,0x5a,0xec,0x5a,0xac,0x5a,0xcc,0x5a,0xcc,0x5a,0xcc,0x5a,0xcc,0x5a,0xac,0x5a,
    0xcc,0x5a,0xcc,0x52,0xab,0x52,0xcc,0x5a,0xcc,0x5a,0xcc,0x5a,0xec,0x5a,0xcb,0x5a,0xcc,0x5a,0xcc,0x52,0xec,0x5a,0x2d,0x63,
    0xac,0x5a,0xcc,0x52,0xcb,0x5a,0xcc,0x5a,0xcc,0x52,0xab,0x5a,0xcc,0x52,0xcc,0x5a,0xac,0x52,0x4e,0x6b,0x0d,0x63,0xac,0x52,
    0xcc,0x5a,0xcc,0x5a,0xcc,0x5a,0xcc,0x5a,0xcc,0x52,0xac,0x5a,0xcc,0x52,0x4e,0x6b,0xec,0x52,0xab,0x52,0xcc,0x5a,0xcc,0x52,
    0xcc,0x5a,0xcc,0x52,0xcc,0x5a,0xcc,0x5a,0xed,0x5a,0xec,0x5a,0xcd,0x5a,0xcc,0x5a,0xcc,0x52,0xcc,0x5a,0xcc,0x5a,0xac,0x52,
    0xab,0x52,0xec,0x5a,0xac,0x52,0xcc,0x5a,0xcc,0x5a,0xec,0x5a,0xec,0x5a,0xcc,0x52,0xcc,0x5a,0xac,0x52,0xcc,0x5a,0xcc,0x52,
    0xcc,0x52,0xcc,0x52,0xcc,0x52,0xcc,0x5a,0xcc,0x52,0xcc,0x52,0xcc,0x5a,0xcc,0x52,0xcc,0x5a,0xcc,0x5a,0xcc,0x52,0xac,0x52,
    0xac,0x52,0xcc,0x5a,0xcc,0x52,0xcd,0x5a,0xcc,0x52,0xac,0x52,0xac,0x52,0xcc,0x52,0xcc,0x5a,0xcd,0x52,0xcc,0x5a,0xac,0x52,
    0xac,0x52,0xac,0x52,0xcc,0x5a,0xac,0x52,0xac,0x52,0xcc,0x52,0xac,0x52,0xcc,0x52,0x8c,0x52,0xac,0x4a,0xed,0x5a,0xab,0x4a,
    0x8b,0x4a,0xab,0x4a,0xac,0x52,0xac,0x52,0xed,0x5a,0xcc,0x5a,0xcc,0x52,0xac,0x52,0xab,0x52,0xac,0x52,0xab,0x52,0xab,0x52,
    0x8b,0x52,0xab,0x4a,0xab,0x52,0xab,0x52,0xab,0x52,0x8b,0x52,0xab,0x52,0xab,0x5a,0xac,0x52,0xab,0x5a,0xcc,0x52,0xab,0x5a,
    0xab,0x52,0xab,0x52,0x8b,0x52,0xab,0x52,0x8b,0x52,0xab,0x52,0xac,0x5a,0xab,0x52,0xac,0x5a,0xab,0x52,0xcc,0x5a,0xcc,0x5a,
    0xab,0x5a,0xac,0x52,0xab,0x52,0xac,0x5a,0xac,0x52,0x8b,0x52,0x8b,0x52,0xac,0x52,0xac,0x52,0xab,0x52,0x8c,0x52,0xac,0x52,
    0xab,0x52,0xcc,0x52,0x8c,0x52,0xac,0x52,0xac,0x52,0x8b,0x4a,0x8c,0x52,0xac,0x52,0xab,0x5a,0xac,0x52,0xcc,0x5a,0xac,0x5a,
    0xcc,0x52,0xcc,0x5a,0xec,0x5a,0xed,0x5a,0xab,0x52,0xcc,0x5a,0xcc,0x5a,0xcc,0x5a,0xab,0x52,0xcc,0x5a,0xcc,0x5a,0xcc,0x52,
    0xcc,0x5a,0xcc,0x5a,0xcc,0x5a,0xcc,0x52,0xac,0x5a,0xed,0x5a,0xcc,0x5a,0xac,0x5a,0xcb,0x52,0xcc,0x5a,0xec,0x5a,0xec,0x5a,
    0xcc,0x5a,0xcc,0x5a,0xcc,0x5a,0xcb,0x5a,0xcc,0x52,0xcb,0x5a,0xcc,0x5a,0xcc,0x5a,0xcc,0x5a,0xcc,0x5a,0xcb,0x5a,0xcc,0x5a,
    0xec,0x5a,0xac,0x52,0xab,0x52,0xcc,0x5a,0xcc,0x52,0xcd,0x5a,0xec,0x5a,0xad,0x52,0xcc,0x5a,0xcd,0x5a,0xab,0x52,0x4f,0x6b,
    0x8f,0x73,0x8b,0x52,0x0d,0x5b,0xed,0x5a,0xcc,0x52,0xed,0x5a,0xcc,0x5a,0xec,0x5a,0xac,0x52,0xec,0x5a,0xcc,0x5a,0xcd,0x5a,
    0xec,0x5a,0xcc,0x5a,0xcc,0x5a,0xed,0x5a,0xec,0x5a,0xcc,0x5a,0xcc,0x52,0xec,0x5a,0xec,0x5a,0xed,0x5a,0x0d,0x5b,0xcc,0x5a,
    0x0d,0x5b,0xec,0x5a,0xec,0x5a,0xed,0x5a,0xcc,0x5a,0x0d,0x5b,0xcc,0x52,0xcc,0x5a,0x2d,0x5b,0xcc,0x5a,0xcc,0x5a,0xcc,0x5a,
    0xac,0x52,0xcc,0x52,0xcc,0x5a,0xcc,0x5a,0xcc,0x5a,0xcd,0x5a,0xcd,0x52,0xcc,0x5a,0xcd,0x52,0xac,0x52,0xac,0x52,0xed,0x5a,
    0xec,0x5a,0xac,0x52,0xac,0x52,0xcc,0x5a,0xec,0x5a,0xac,0x52,0xcd,0x5a,0xcc,0x52,0xcc,0x52,0xac,0x52,0xac,0x4a,0xcc,0x5a,
    0xed,0x52,0xab,0x52,0xed,0x52,0xcc,0x5a,0x6b,0x4a,0xf0,0x7b,0x6e,0x6b,0x6b,0x4a,0xcc,0x5a,0xcc,0x52,0xcc,0x5a,0xab,0x52,
    0xac,0x5a,0xac,0x52,0xcc,0x52,0xab,0x52,0xab,0x52,0xcc,0x5a,0xab,0x52,0x8b,0x52,0xab,0x52,0xab,0x52,0xab,0x5a,0xab,0x52,
    0xcc,0x5a,0xac,0x52,0xcc,0x5a,0xab,0x52,0xab,0x52,0xac,0x52,0xab,0x52,0xab,0x5a,0xcc,0x52,0xcb,0x5a,0xab,0x52,0xab,0x52,
    0xab,0x5a,0xac,0x52,0xab,0x5a,0xac,0x52,0xac,0x5a,0xac,0x5a,0xac,0x52,0xab,0x5a,0xac,0x52,0x8b,0x52,0xac,0x52,0x0d,0x63,
    0x8c,0x52,0xac,0x52,0xab,0x52,0xac,0x5a,0xac,0x52,0xed,0x62,0x8c,0x52,0xab,0x52,0xac,0x52,0xac,0x52,0xac,0x52,0xac,0x52,
    0xcc,0x5a,0xcc,0x52,0xcc,0x5a,0xac,0x52,0xcb,0x5a,0xac,0x52,0xcc,0x5a,0xac,0x5a,0xcc,0x52,0xcc,0x5a,0xec,0x5a,0xcc,0x5a,
    0xcc,0x5a,0xcc,0x5a,0xcc,0x5a,0xcc,0x5a,0xcb,0x5a,0xcc,0x5a,0xec,0x5a,0xec,0x5a,0xcc,0x5a,0xcc,0x5a,0xcb,0x52,0xcc,0x5a,
    0xcc,0x5a,0xcc,0x5a,0xec,0x5a,0xcc,0x5a,0xcc,0x5a,0xcc,0x5a,0xec,0x5a,0xcc,0x5a,0xcc,0x5a,0xcc,0x5a,0xac,0x52,0xcc,0x5a,
    0xec,0x5a,0xcc,0x5a,0xec,0x5a,0xcc,0x5a,0xec,0x5a,0xcc,0x5a,0xed,0x5a,0xcc,0x5a,0xed,0x5a,0xcc,0x52,0xec,0x5a,0xed,0x5a,
    0xcd,0x5a,0x0d,0x5b,0xed,0x5a,0xcc,0x5a,0x0d,0x5b,0xac,0x52,0xed,0x5a,0xec,0x5a,0xcc,0x5a,0xed,0x5a,0xcb,0x52,0xed,0x5a,
    0x2e,0x63,0xcc,0x5a,0xec,0x5a,0xed,0x5a,0xec,0x5a,0xed,0x5a,0x0d,0x5b,0xcc,0x52,0xec,0x5a,0xed,0x5a,0xec,0x5a,0xcc,0x52,
    0xed,0x5a,0xcc,0x5a,0xec,0x5a,0xcc,0x5a,0xed,0x5a,0xed,0x5a,0x0d,0x5b,0xec,0x5a,0xcc,0x52,0xed,0x5a,0x2d,0x63,0xcc,0x52,
    0xed,0x62,0xec,0x52,0xec,0x5a,0xcc,0x5a,0xcc,0x52,0xcc,0x5a,0xcc,0x5a,0xcc,0x52,0xcd,0x5a,0xcc,0x52,0xac,0x52,0x6f,0x6b,
    0x6e,0x6b,0xac,0x52,0xcc,0x52,0xed,0x5a,0xcc,0x5a,0xcc,0x52,0xcd,0x5a,0xcc,0x52,0xcd,0x5a,0xec,0x5a,0xed,0x5a,0xcc,0x52,
    0xed,0x5a,0xcd,0x52,0xac,0x52,0xac,0x52,0xcc,0x52,0xcc,0x52,0xcc,0x52,0xec,0x52,0xcc,0x5a,0xec,0x5a,0xec,0x5a,0xcb,0x52,
    0xcc,0x5a,0xcc,0x5a,0xab,0x52,0xac,0x5a,0xcc,0x52,0xab,0x5a,0xcc,0x52,0xac,0x52,0xac,0x52,0xcc,0x52,0xab,0x52,0xcc,0x52,
    0xab,0x52,0xab,0x52,0xac,0x52,0xab,0x52,0x8b,0x52,0xcc,0x52,0xab,0x52,0xab,0x52,0xac,0x5a,0x8b,0x52,0xac,0x52,0xcc,0x5a,
    0xcc,0x5a,0xab,0x52,0xab,0x5a,0x8c,0x52,0xab,0x5a,0xac,0x52,0xab,0x5a,0xcc,0x5a,0xab,0x52,0xcd,0x5a,0xcc,0x5a,0xac,0x5a,
    0xac,0x52,0xcd,0x5a,0x4e,0x6b,0xab,0x52,0xac,0x5a,0xab,0x5a,0xac,0x52,0xac,0x52,0xac,0x52,0xcc,0x52,0xcc,0x5a,0xac,0x52,
    0xac,0x52,0xac,0x52,0xed,0x5a,0xcc,0x5a,0xcc,0x5a,0xac,0x5a,0xcc,0x5a,0xac,0x5a,0xcc,0x5a,0xac,0x5a,0xcc,0x52,0xcc,0x5a,
    0xcc,0x5a,0xcc,0x5a,0xac,0x5a,0xcc,0x5a,0xcc,0x5a,0xcc,0x5a,0xcc,0x5a,0xec,0x5a,0xcc,0x5a,0xcc,0x5a,0xcc,0x5a,0xec,0x5a,
    0xcc,0x5a,0xec,0x5a,0xcc,0x5a,0xec,0x5a,0xcc,0x5a,0xec,0x5a,0xcc,0x5a,0xcc,0x5a,0xec,0x5a,0xec,0x5a,0xcc,0x5a,0xcc,0x5a,
    0xcc,0x5a,0xcc,0x5a,0xec,0x5a,0xcc,0x5a,0xec,0x5a,0xec,0x5a,0xec,0x5a,0xcc,0x5a,0xec,0x5a,0xcc,0x52,0xcc,0x5a,0xec,0x5a,
    0xec,0x5a,0xcc,0x5a,0xed,0x5a,0xcd,0x5a,0xcc,0x5a,0xed,0x5a,0xed,0x5a,0xcd,0x5a,0xed,0x5a,0xcc,0x5a,0xed,0x5a,0xec,0x5a,
    0xed,0x5a,0xec,0x5a,0xcc,0x5a,0xcc,0x5a,0xec,0x5a,0xed,0x5a,0xec,0x5a,0xcc,0x5a,0xec,0x5a,0xed,0x62,0xec,0x5a,0xcc,0x5a,
    0xcc,0x5a,0x0d,0x5b,0x2d,0x63,0xed,0x5a,0xcc,0x5a,0xec,0x5a,0xed,0x5a,0x0d,0x63,0xec,0x5a,0xec,0x5a,0xcc,0x5a,0xcc,0x5a,
    0xec,0x5a,0xcc,0x52,0xcc,0x5a,0x0c,0x5b,0x4d,0x63,0xcc,0x5a,0xcc,0x5a,0xec,0x5a,0xcc,0x5a,0xcc,0x52,0xed,0x5a,0xed,0x5a,
    0xec,0x5a,0xed,0x5a,0xec,0x5a,0xcc,0x52,0xac,0x52,0xed,0x5a,0xec,0x5a,0xcc,0x5a,0xcc,0x5a,0xcc,0x5a,0xcc,0x5a,0xac,0x52,
    0xac,0x52,0xcc,0x5a,0xac,0x52,0xac,0x52,0xcd,0x5a,0xac,0x52,0xcc,0x52,0xcc,0x52,0xcd,0x5a,0xcc,0x52,0xcc,0x52,0xcc,0x5a,
    0xec,0x5a,0xcc,0x52,0xab,0x52,0xcc,0x5a,0xec,0x5a,0xcc,0x5a,0xcb,0x52,0xcc,0x5a,0xcc,0x5a,0xcc,0x52,0x8b,0x52,0xcc,0x5a,
    0xab,0x52,0xab,0x52,0xac,0x52,0xac,0x52,0xcb,0x52,0xac,0x52,0xab,0x52,0xab,0x5a,0x0d,0x63,0xab,0x52,0xac,0x52,0xab,0x52,
    0xcb,0x52,0xab,0x52,0xcb,0x5a,0xab,0x52,0xcc,0x5a,0xcc,0x5a,0xab,0x52,0xac,0x5a,0xcc,0x52,0xab,0x5a,0xac,0x52,0xab,0x5a,
    0xcc,0x5a,0xed,0x62,0xac,0x5a,0xac,0x52,0xcc,0x5a,0xcc,0x5a,0xcc,0x5a,0xab,0x52,0xac,0x5a,0xcc,0x52,0xcc,0x5a,0xac,0x52,
    0xac,0x5a,0xac,0x52,0xcc,0x5a,0xac,0x52,0x2e,0x63,0xcc,0x5a,0xac,0x52,0xac,0x52,0xcc,0x5a,0xcc,0x52,0xac,0x5a,0xcc,0x52,
    0xcc,0x5a,0xcc,0x52,0xcc,0x5a,0xcc,0x5a,0xcc,0x5a,0xec,0x5a,0xcc,0x5a,0xec,0x5a,0xcc,0x5a,0xcc,0x5a,0xcc,0x5a,0xec,0x5a,
    0xcc,0x5a,0xec,0x5a,0xec,0x5a,0xec,0x5a,0xcc,0x5a,0xec,0x62,0xed,0x5a,0xec,0x5a,0xec,0x62,0xcc,0x5a,0xec,0x5a,0x0c,0x63,
    0xcc,0x5a,0xcc,0x5a,0xcc,0x5a,0x0c,0x5b,0x0d,0x63,0xec,0x5a,0xed,0x5a,0xec,0x5a,0xec,0x5a,0xcc,0x5a,0xec,0x5a,0xec,0x5a,
    0xec,0x5a,0xec,0x5a,0xec,0x5a,0xec,0x5a,0xcc,0x5a,0xed,0x5a,0xec,0x62,0xed,0x5a,0xec,0x5a,0x0e,0x63,0x0d,0x5b,0xec,0x5a,
    0xed,0x5a,0xcc,0x5a,0xec,0x5a,0xec,0x5a,0xec,0x5a,0xec,0x5a,0xed,0x5a,0x0c,0x5b,0x0d,0x5b,0x0d,0x63,0x0c,0x63,0xed,0x5a,
    0x0d,0x63,0x0c,0x63,0xec,0x5a,0xed,0x5a,0x0c,0x63,0x0d,0x63,0x2d,0x63,0xec,0x5a,0xec,0x5a,0x0d,0x5b,0xec,0x5a,0xec,0x5a,
    0xed,0x5a,0xcc,0x5a,0x2d,0x63,0x6e,0x6b,0xed,0x5a,0x2d,0x63,0xec,0x5a,0xed,0x5a,0xcc,0x5a,0x0d,0x5b,0xec,0x5a,0xec,0x5a,
    0xed,0x5a,0xcc,0x5a,0xcc,0x52,0xcc,0x5a,0xcd,0x5a,0xec,0x52,0xcd,0x5a,0xcc,0x5a,0xed,0x5a,0xcc,0x52,0xcc,0x5a,0x2e,0x63,
    0x0d,0x5b,0xcd,0x52,0xec,0x5a,0xcc,0x5a,0xcd,0x5a,0xed,0x5a,0xcd,0x52,0xac,0x52,0xcd,0x52,0xed,0x5a,0xed,0x5a,0xcc,0x52,
    0xcc,0x52,0xed,0x5a,0xcc,0x52,0xec,0x5a,0xed,0x5a,0xcc,0x52,0xcc,0x5a,0xcc,0x5a,0xcc,0x5a,0xec,0x5a,0xcc,0x5a,0xab,0x52,
    0xcc,0x5a,0xcc,0x5a,0xcb,0x52,0xac,0x52,0xac,0x52,0xcc,0x52,0xcc,0x52,0xab,0x52,0xcc,0x52,0xab,0x52,0xcc,0x5a,0xcb,0x52,
    0xed,0x5a,0xab,0x52,0xcc,0x5a,0xcc,0x5a,0xcc,0x5a,0xab,0x52,0xcc,0x5a,0xcc,0x5a,0xcc,0x5a,0xcb,0x5a,0xcc,0x5a,0xcb,0x5a,
    0xcb,0x5a,0xcc,0x5a,0xcb,0x5a,0xab,0x52,0xcc,0x5a,0xab,0x52,0xab,0x5a,0xcc,0x5a,0xec,0x5a,0xcc,0x5a,0x8c,0x5a,0xac,0x52,
    0xac,0x52,0xac,0x5a,0xac,0x5a,0xcc,0x52,0xac,0x5a,0xcc,0x52,0xac,0x52,0xac,0x52,0x2d,0x5b,0xac,0x52,0xac,0x52,0xac,0x52,
    0xac,0x5a,0xcc,0x5a,0xac,0x5a,0xcc,0x5a,0xac,0x5a,0xcc,0x5a,0xcc,0x5a,0xcc,0x5a,0xcc,0x5a,0xcc,0x5a,0xed,0x5a,0xcc,0x5a,
    0xed,0x5a,0xcc,0x5a,0x2d,0x63,0xec,0x62,0xec,0x5a,0xcc,0x5a,0xed,0x62,0xec,0x5a,0xec,0x5a,0xec,0x5a,0xec,0x62,0xec,0x5a,
    0xec,0x5a,0xec,0x5a,0xec,0x5a,0xec,0x62,0xcc,0x5a,0xec,0x5a,0xec,0x5a,0xec,0x5a,0x0d,0x63,0xcc,0x5a,0xec,0x5a,0xec,0x62,
    0xec,0x5a,0xed,0x62,0xec,0x5a,0x0d,0x63,0xec,0x5a,0xcc,0x5a,0xec,0x5a,0xed,0x5a,0xed,0x62,0xec,0x5a,0xed,0x5a,0xed,0x5a,
    0xcc,0x5a,0xed,0x5a,0xed,0x5a,0xed,0x62,0xec,0x5a,0xed,0x5a,0x0d,0x5b,0xed,0x5a,0xed,0x5a,0xec,0x5a,0x0d,0x5b,0xec,0x5a,
    0xec,0x5a,0xec,0x5a,0xed,0x62,0x0d,0x63,0x0d,0x63,0x0d,0x63,0x0d,0x63,0xec,0x5a,0xed,0x5a,0x0d,0x63,0x0d,0x5b,0xec,0x5a,
    0x0d,0x63,0x2d,0x5b,0x0d,0x63,0xec,0x5a,0x0d,0x5b,0xec,0x5a,0x0d,0x5b,0x0d,0x5b,0xec,0x5a,0x0d,0x5b,0xec,0x5a,0xed,0x5a,
    0xec,0x5a,0x0d,0x63,0x0d,0x5b,0x0d,0x5b,0x0d,0x5b,0xcc,0x5a,0xed,0x5a,0xec,0x52,0xcc,0x52,0xcc,0x52,0xcd,0x52,0xed,0x5a,
    0xcc,0x52,0xed,0x5a,0x2e,0x63,0x2e,0x63,0x2e,0x63,0xcc,0x5a,0xcc,0x5a,0xcd,0x52,0xcc,0x52,0xed,0x5a,0xcc,0x5a,0xac,0x4a,
    0x4e,0x6b,0xb0,0x73,0xac,0x4a,0xcd,0x5a,0xec,0x5a,0xcc,0x52,0xec,0x5a,0xec,0x5a,0xec,0x5a,0xcc,0x5a,0xcb,0x52,0xcc,0x5a,
    0xcc,0x5a,0xcc,0x5a,0xcb,0x5a,0xcc,0x5a,0xcc,0x5a,0xcc,0x52,0xcc,0x5a,0xab,0x52,0xac,0x52,0xab,0x4a,0xac,0x52,0xac,0x52,
    0xcb,0x52,0xcc,0x52,0xac,0x52,0xcb,0x5a,0xcc,0x5a,0xcb,0x52,0xcc,0x5a,0xcb,0x52,0xcc,0x5a,0xcc,0x5a,0xcb,0x5a,0xcc,0x5a,
    0xcc,0x5a,0xec,0x5a,0xec,0x5a,0xcc,0x5a,0xab,0x52,0xcc,0x5a,0xab,0x5a,0xab,0x52,0xac,0x5a,0xcb,0x5a,0xcc,0x5a,0xcc,0x5a,
    0xcc,0x5a,0xcc,0x5a,0xcc,0x5a,0xcb,0x5a,0xcc,0x5a,0xac,0x52,0xcc,0x5a,0xac,0x52,0xac,0x5a,0xac,0x52,0xab,0x5a,0xcc,0x52,
    0xac,0x52,0xab,0x5a,0xcc,0x5a,0xcc,0x5a,0xcc,0x52,0xcc,0x5a,0xcc,0x52,0xcd,0x5a,0xcc,0x5a,0xcc,0x5a,0xcc,0x52,0xcc,0x5a,
    0xed,0x5a,0xcc,0x5a,0xec,0x5a,0xed,0x62,0xec,0x5a,0xec,0x62,0xed,0x62,0xec,0x5a,0xcc,0x5a,0xec,0x5a,0xec,0x5a,0xed,0x62,
    0xec,0x5a,0xec,0x62,0xed,0x5a,0x0d,0x63,0xec,0x5a,0xec,0x62,0xed,0x5a,0x0c,0x5b,0xec,0x5a,0xed,0x5a,0x0d,0x63,0xcc,0x5a,
    0xec,0x5a,0xec,0x5a,0xed,0x5a,0xed,0x5a,0xec,0x5a,0xec,0x5a,0xed,0x62,0xec,0x5a,0xed,0x5a,0xec,0x62,0x2e,0x63,0x2d,0x63,
    0xec,0x5a,0xed,0x5a,0xec,0x62,0xed,0x5a,0xed,0x5a,0x6f,0x73,0x0d,0x5b,0xec,0x5a,0xed,0x5a,0xed,0x62,0xed,0x5a,0xec,0x5a,
    0x0d,0x63,0xcc,0x5a,0x0d,0x63,0xec,0x5a,0xed,0x5a,0xec,0x5a,0x0d,0x63,0x2d,0x63,0xec,0x5a,0x0d,0x63,0x0d,0x63,0xec,0x5a,
    0xec,0x5a,0x0d,0x63,0x0d,0x63,0x0d,0x5b,0x2d,0x63,0x0d,0x5b,0x0d,0x5b,0xec,0x5a,0x0d,0x5b,0xec,0x5a,0x0d,0x5b,0xec,0x5a,
    0x0d,0x63,0x0d,0x5b,0xec,0x5a,0x0d,0x5b,0xec,0x5a,0x0d,0x63,0x0d,0x63,0xed,0x5a,0x0d,0x5b,0xec,0x5a,0xac,0x52,0xcc,0x5a,
    0xed,0x5a,0xcc,0x52,0xec,0x5a,0x0d,0x5b,0xed,0x5a,0xcc,0x52,0x6f,0x6b,0x0d,0x5b,0xec,0x5a,0xed,0x5a,0xcc,0x5a,0xec,0x5a,
    0xcd,0x5a,0xcc,0x5a,0xcc,0x52,0xcc,0x52,0xcd,0x52,0xac,0x52,0xcc,0x52,0xed,0x5a,0xcd,0x52,0xcc,0x52,0x0d,0x5b,0xcc,0x5a,
    0xec,0x52,0xed,0x5a,0xcc,0x5a,0xcb,0x5a,0xec,0x5a,0xcc,0x5a,0xcb,0x5a,0xcc,0x52,0x0c,0x5b,0xcc,0x5a,0xab,0x52,0xcc,0x52,
    0xec,0x52,0xec,0x5a,0xcc,0x52,0xcc,0x52,0xac,0x52,0xec,0x5a,0xac,0x52,0xec,0x5a,0xcc,0x5a,0xcc,0x5a,0xcc,0x52,0xcb,0x5a,
    0xcb,0x5a,0xcc,0x5a,0xcc,0x5a,0xcc,0x5a,0xec,0x5a,0xec,0x5a,0xcc,0x62,0xcc,0x5a,0xcc,0x5a,0xcc,0x5a,0xec,0x5a,0xcc,0x5a,
    0xab,0x5a,0xcc,0x5a,0xcc,0x5a,0xcb,0x5a,0xcc,0x5a,0xcc,0x5a,0xec,0x5a,0xac,0x5a,0x4e,0x6b,0x0d,0x63,0xab,0x5a,0xcc,0x5a,
    0xcc,0x5a,0xcc,0x5a,0xcc,0x52,0xcc,0x5a,0xab,0x52,0x0d,0x63,0x0e,0x5b,0xcc,0x5a,0xcc,0x5a,0xcc,0x5a,0xac,0x5a,0xcc,0x5a,
    0xcc,0x5a,0xcd,0x5a,0xed,0x62,0xed,0x5a,0xec,0x5a,0xed,0x62,0xed,0x62,0xec,0x5a,0xcc,0x62,0xec,0x5a,0xec,0x5a,0xed,0x62,
    0x4e,0x6b,0xec,0x62,0xec,0x5a,0xaf,0x73,0x2d,0x63,0xec,0x5a,0xec,0x5a,0xcc,0x5a,0xec,0x5a,0xec,0x62,0xec,0x5a,0xec,0x62,
    0x0d,0x63,0xec,0x5a,0xed,0x5a,0xec,0x5a,0xed,0x5a,0xed,0x62,0xec,0x5a,0xed,0x62,0x0d,0x63,0x0d,0x63,0x0d,0x5b,0x0d,0x63,
    0x0d,0x63,0x0d,0x5b,0x0d,0x63,0x2d,0x63,0xec,0x5a,0xec,0x5a,0xed,0x62,0xed,0x5a,0xec,0x5a,0x0d,0x63,0x0d,0x63,0xed,0x62,
    0xed,0x5a,0x0d,0x63,0x0d,0x63,0xec,0x5a,0x4e,0x6b,0x2d,0x63,0xec,0x5a,0xec,0x62,0x0d,0x63,0xec,0x5a,0x0c,0x63,0x0d,0x63,
    0x0d,0x5b,0x0d,0x63,0xec,0x5a,0x6e,0x6b,0x2e,0x6b,0x0d,0x5b,0x2d,0x63,0x0d,0x5b,0xed,0x5a,0x0c,0x63,0xec,0x5a,0xed,0x5a,
    0x0c,0x63,0xed,0x5a,0xec,0x5a,0xed,0x5a,0x0d,0x5b,0x6e,0x6b,0x2e,0x63,0xec,0x5a,0x0d,0x63,0x0d,0x5b,0xec,0x5a,0xec,0x5a,
    0xec,0x5a,0xed,0x5a,0xec,0x5a,0xed,0x52,0xcc,0x5a,0xed,0x52,0xed,0x5a,0xec,0x5a,0xed,0x5a,0xed,0x5a,0xcc,0x5a,0xcc,0x5a,
    0xcc,0x5a,0xed,0x5a,0xcc,0x52,0xcc,0x5a,0xec,0x52,0xcd,0x5a,0xed,0x5a,0xed,0x5a,0xec,0x5a,0xed,0x5a,0xcc,0x52,0xcc,0x5a,
    0x0d,0x5b,0x0d,0x5b,0xed,0x5a,0xcc,0x52,0xcc,0x5a,0x0d,0x5b,0xec,0x5a,0xec,0x5a,0xcb,0x52,0xcc,0x5a,0xec,0x5a,0xcc,0x5a,
    0xcb,0x5a,0xec,0x5a,0xec,0x5a,0xcb,0x52,0xcc,0x5a,0xcc,0x52,0x2e,0x63,0x2d,0x63,0xec,0x5a,0xcc,0x52,0xcb,0x52,0xcc,0x5a,
    0xcb,0x5a,0xcc,0x5a,0xec,0x5a,0xcc,0x5a,0xcc,0x5a,0xcb,0x5a,0xcc,0x5a,0xcc,0x5a,0xcb,0x5a,0xcc,0x5a,0xec,0x5a,0xcc,0x5a,
    0xec,0x5a,0xec,0x62,0xec,0x5a,0xcc,0x5a,0xcc,0x5a,0xcb,0x5a,0xcc,0x5a,0xec,0x5a,0xec,0x62,0xec,0x5a,0xcb,0x5a,0xec,0x5a,
    0xab,0x5a,0xcc,0x5a,0xcc,0x52,0xcc,0x5a,0xec,0x5a,0xcc,0x5a,0xcc,0x5a,0xcc,0x52,0xcc,0x5a,0xcc,0x5a,0xcc,0x5a,0xcc,0x5a,
    0xcc,0x5a,0xcd,0x5a,0xcc,0x5a,0xcc,0x5a,0xcc,0x5a,0xec,0x5a,0x0d,0x63,0x0d,0x63,0xed,0x5a,0xec,0x5a,0xed,0x62,0xed,0x5a,
    0xed,0x62,0xec,0x5a,0xed,0x62,0xec,0x5a,0x2d,0x63,0xec,0x62,0x0d,0x63,0xec,0x5a,0x0d,0x63,0xec,0x62,0xec,0x5a,0xed,0x62,
    0x4d,0x63,0xed,0x62,0xec,0x5a,0xed,0x5a,0xec,0x62,0x0d,0x5b,0xec,0x62,0xed,0x5a,0xec,0x62,0x0d,0x5b,0x0d,0x63,0xed,0x62,
    0x0d,0x5b,0x0d,0x63,0xec,0x62,0x0c,0x5b,0x0d,0x63,0xec,0x5a,0xec,0x5a,0xec,0x5a,0x0d,0x63,0xed,0x62,0x0d,0x5b,0x0d,0x63,
    0x0d,0x63,0xed,0x5a,0x0d,0x63,0x4e,0x6b,0x0d,0x63,0xec,0x5a,0x0d,0x5b,0xec,0x62,0x4d,0x63,0x0d,0x63,0x0d,0x5b,0x0d,0x63,
    0x0c,0x63,0x0d,0x63,0x0d,0x63,0x2d,0x63,0x0c,0x63,0xed,0x62,0xec,0x62,0x2d,0x63,0x2d,0x63,0x0d,0x63,0xed,0x5a,0x2d,0x6b,
    0x0d,0x5b,0x0d,0x63,0x0d,0x5b,0x2d,0x63,0xec,0x5a,0x0d,0x5b,0x0d,0x63,0x0d,0x63,0xec,0x5a,0x0d,0x63,0x2d,0x63,0xec,0x5a,
    0x0d,0x63,0x0c,0x5b,0x0d,0x63,0xed,0x5a,0xec,0x5a,0xed,0x5a,0xed,0x5a,0xec,0x5a,0xed,0x52,0xec,0x5a,0xed,0x5a,0xcc,0x52,
    0xed,0x5a,0xec,0x5a,0xed,0x5a,0x0d,0x5b,0xcc,0x52,0x0d,0x5b,0xed,0x5a,0xed,0x5a,0xed,0x5a,0xec,0x5a,0xed,0x52,0x0d,0x5b,
    0xcc,0x52,0xed,0x5a,0xed,0x52,0x0d,0x5b,0xed,0x5a,0xec,0x5a,0xcc,0x52,0x0d,0x63,0x2e,0x63,0xec,0x5a,0xec,0x5a,0xed,0x5a,
    0xec,0x5a,0xcc,0x5a,0xec,0x5a,0xec,0x5a,0xcc,0x52,0xec,0x5a,0xcc,0x52,0xcc,0x52,0xcc,0x5a,0xec,0x52,0x0d,0x5b,0x2e,0x5b,
    0xcc,0x5a,0xec,0x5a,0xac,0x52,0xec,0x52,0xcb,0x5a,0xab,0x52,0xec,0x5a,0x0c,0x63,0xec,0x5a,0xcc,0x5a,0xcb,0x5a,0xec,0x5a,
    0xec,0x5a,0xcc,0x62,0xec,0x5a,0xcc,0x5a,0xec,0x5a,0xcc,0x62,0xcc,0x5a,0xcb,0x5a,0xcc,0x5a,0xcc,0x5a,0xec,0x62,0xec,0x5a,
    0xcc,0x5a,0x0c,0x63,0xed,0x62,0xec,0x5a,0xcc,0x5a,0xcc,0x5a,0xcc,0x5a,0xec,0x5a,0xcc,0x5a,0xec,0x5a,0xec,0x5a,0xcc,0x5a,
    0xcc,0x5a,0xcc,0x5a,0xcc,0x5a,0xec,0x5a,0xcc,0x5a,0xcc,0x5a,0xed,0x5a,0x2e,0x63,0xcc,0x5a,0xcc,0x5a,0xcc,0x5a,0xed,0x5a,
    0xec,0x62,0xed,0x62,0xec,0x5a,0xec,0x62,0xed,0x5a,0xec,0x62,0xec,0x62,0xec,0x5a,0xec,0x62,0xec,0x5a,0x0c,0x63,0xec,0x5a,
    0x0c,0x63,0xed,0x5a,0x0d,0x63,0x0d,0x63,0x0d,0x63,0x0d,0x63,0x0c,0x63,0x0d,0x5b,0x0c,0x63,0xec,0x5a,0x0d,0x63,0x0d,0x63,
    0x0c,0x5b,0x0d,0x63,0x0d,0x63,0x0d,0x63,0x2d,0x63,0x0d,0x63,0x0d,0x63,0x0d,0x5b,0x0c,0x63,0x2d,0x63,0x0d,0x63,0xed,0x5a,
    0x0d,0x63,0x0c,0x63,0x0d,0x5b,0x0c,0x63,0x4e,0x6b,0x4e,0x6b,0x0d,0x5b,0x0d,0x63,0x0d,0x5b,0x0d,0x63,0xed,0x5a,0x0d,0x63,
    0x0d,0x5b,0xec,0x62,0x0d,0x5b,0x0c,0x63,0x0d,0x63,0x2d,0x63,0x0d,0x63,0x0d,0x63,0x2d,0x63,0x2d,0x63,0x2d,0x63,0x0d,0x63,
    0x0d,0x63,0x0d,0x63,0x0c,0x5b,0x0d,0x63,0x2d,0x63,0x0c,0x63,0x2d,0x63,0x2d,0x63,0x0d,0x5b,0x0c,0x5b,0x6e,0x6b,0x4e,0x63,
    0xec,0x5a,0x0d,0x5b,0x0c,0x5b,0x2d,0x63,0x0d,0x63,0x0d,0x5b,0xec,0x5a,0xec,0x5a,0x2e,0x63,0x0d,0x5b,0x0d,0x63,0xed,0x5a,
    0xed,0x5a,0xed,0x5a,0xec,0x5a,0xed,0x5a,0xed,0x5a,0xec,0x5a,0x0d,0x5b,0xed,0x5a,0xec,0x5a,0xed,0x5a,0x0d,0x63,0xec,0x5a,
    0xed,0x52,0xed,0x5a,0xec,0x5a,0xed,0x52,0xec,0x5a,0xed,0x5a,0x0c,0x5b,0xed,0x5a,0xec,0x52,0xed,0x5a,0xed,0x5a,0x0d,0x5b,
    0x0c,0x5b,0xcc,0x5a,0xec,0x5a,0xcc,0x5a,0xec,0x5a,0x0c,0x5b,0xec,0x5a,0xec,0x5a,0x0c,0x5b,0xec,0x5a,0xcc,0x5a,0xcc,0x52,
    0xcc,0x52,0xcc,0x52,0xac,0x52,0xab,0x52,0xec,0x52,0xcc,0x52,0xcc,0x5a,0xeb,0x5a,0xcc,0x5a,0xcc,0x5a,0xec,0x5a,0xec,0x5a,
    0xec,0x5a,0xcc,0x5a,0xcc,0x5a,0xec,0x62,0xec,0x5a,0xec,0x5a,0xec,0x62,0xcc,0x5a,0xcb,0x5a,0xec,0x62,0xec,0x5a,0xcb,0x5a,
    0xcc,0x5a,0xec,0x62,0xec,0x5a,0xec,0x62,0xec,0x62,0xec,0x62,0xec,0x5a,0xec,0x62,0xec,0x62,0xec,0x5a,0xcc,0x5a,0xcc,0x5a,
    0xcc,0x5a,0x0d,0x63,0x0d,0x63,0xcc,0x5a,0xec,0x5a,0xec,0x5a,0xec,0x5a,0xcc,0x5a,0xec,0x5a,0xcc,0x62,0xed,0x62,0x0d,0x63,
    0xec,0x5a,0xed,0x62,0xed,0x5a,0xec,0x62,0xec,0x5a,0xed,0x62,0xed,0x5a,0xcc,0x5a,0x0c,0x63,0xed,0x62,0xec,0x5a,0x0d,0x63,
    0xec,0x62,0x0d,0x63,0xec,0x62,0x0d,0x63,0x0d,0x63,0x0c,0x63,0x0c,0x5b,0x0d,0x63,0x0c,0x63,0x2d,0x63,0x0d,0x63,0x0c,0x63,
    0x0d,0x63,0x0d,0x63,0x0c,0x5b,0xed,0x62,0x0d,0x63,0x0d,0x63,0xec,0x5a,0x0d,0x63,0x0d,0x63,0x0d,0x63,0x2d,0x63,0x0d,0x63,
    0x0d,0x63,0x0d,0x63,0x0d,0x63,0x0d,0x63,0x0d,0x63,0xed,0x5a,0x0d,0x63,0x0e,0x63,0x0d,0x5b,0x0d,0x63,0x0e,0x63,0x0d,0x63,
    0xed,0x5a,0x0d,0x63,0x0d,0x63,0xec,0x5a,0x0d,0x63,0x0d,0x63,0x0c,0x5b,0x0d,0x63,0x2d,0x63,0x0d,0x63,0x0c,0x63,0x2d,0x63,
    0x0d,0x63,0x0c,0x63,0x2d,0x63,0x0d,0x63,0x0d,0x63,0x2d,0x63,0xec,0x62,0x0d,0x5b,0x2c,0x5b,0x0d,0x63,0x2d,0x5b,0x0d,0x5b,
    0x2c,0x63,0x0d,0x5b,0x2d,0x63,0x6e,0x6b,0x0c,0x5b,0x4e,0x6b,0x0d,0x63,0x0d,0x5b,0x0d,0x5b,0x2d,0x63,0x0d,0x63,0xed,0x5a,
    0x0d,0x63,0xec,0x5a,0xed,0x5a,0x0d,0x5b,0xed,0x5a,0x0d,0x5b,0xed,0x5a,0xed,0x5a,0xed,0x5a,0xed,0x5a,0xed,0x62,0x0d,0x5b,
    0xed,0x5a,0x0d,0x63,0xed,0x5a,0x0d,0x5b,0xed,0x5a,0xed,0x5a,0x0d,0x5b,0x0c,0x5b,0xec,0x52,0xcc,0x52,0xed,0x5a,0xec,0x5a,
    0x0d,0x5b,0x0d,0x63,0x0d,0x5b,0xed,0x5a,0xed,0x62,0xed,0x5a,0xec,0x5a,0xec,0x5a,0xcc,0x5a,0xec,0x5a,0xcc,0x5a,0xec,0x5a,
    0xec,0x5a,0xcc,0x52,0xcb,0x52,0xcc,0x52,0xec,0x5a,0xcb,0x52,0xcc,0x52,0xcc,0x52,0xcc,0x52,0xcb,0x52,0xcc,0x52,0xcc,0x52,
    0xcb,0x5a,0xcc,0x5a,0xec,0x5a,0xcc,0x5a,0xec,0x62,0xec,0x5a,0xec,0x62,0x0d,0x63,0xec,0x5a,0xec,0x62,0xec,0x5a,0xcc,0x5a,
    0xec,0x5a,0xcc,0x5a,0xec,0x5a,0xec,0x62,0xec,0x5a,0xec,0x62,0xec,0x5a,0xcb,0x5a,0x0d,0x63,0xec,0x62,0xec,0x5a,0xec,0x62,
    0xec,0x5a,0xec,0x62,0xcc,0x5a,0xcc,0x5a,0xec,0x5a,0xcc,0x5a,0xec,0x5a,0xcc,0x5a,0xcc,0x5a,0xec,0x5a,0xcc,0x5a,0xcc,0x62,
    0xec,0x62,0x0d,0x5b,0xec,0x62,0xcc,0x5a,0xcd,0x62,0xec,0x5a,0xec,0x62,0xed,0x5a,0xcc,0x5a,0xed,0x62,0x0c,0x63,0x0d,0x63,
    0xec,0x5a,0x0d,0x63,0xec,0x62,0x0c,0x63,0x2d,0x63,0xec,0x62,0x0d,0x5b,0x0c,0x63,0x0d,0x63,0x0c,0x63,0x2d,0x63,0x0d,0x63,
    0x0d,0x63,0x0d,0x63,0x0d,0x63,0x0c,0x63,0x0d,0x5b,0x0c,0x63,0x0d,0x63,0x0c,0x5b,0x0d,0x63,0x2d,0x63,0x8f,0x6b,0x2d,0x6b,
    0x0d,0x63,0x0d,0x63,0x0d,0x63,0x2d,0x63,0x2d,0x63,0x0d,0x63,0x2d,0x63,0x0d,0x5b,0x0d,0x63,0x2d,0x63,0x0d,0x63,0x0d,0x63,
    0x0d,0x63,0x0d,0x63,0x4e,0x6b,0x0d,0x5b,0xec,0x62,0x0d,0x63,0x2d,0x63,0x2d,0x63,0x0c,0x63,0x0d,0x63,0x2d,0x63,0x0d,0x63,
    0x2d,0x63,0x2d,0x63,0x0d,0x63,0x10,0x7c,0x2d,0x63,0x0d,0x63,0x0d,0x5b,0x0d,0x63,0x2d,0x63,0x2d,0x63,0x2d,0x63,0x2d,0x63,
    0x0d,0x63,0x2d,0x63,0x2d,0x63,0x0d,0x5b,0x2d,0x63,0x0d,0x63,0x2d,0x63,0x2d,0x63,0x2d,0x5b,0xec,0x5a,0x2d,0x5b,0x0d,0x63,
    0x0c,0x5b,0xed,0x5a,0x0d,0x63,0x0d,0x5b,0xec,0x5a,0x0d,0x5b,0x0d,0x63,0xed,0x5a,0x0d,0x5b,0x0d,0x63,0xed,0x5a,0x0d,0x5b,
    0xed,0x5a,0x0d,0x5b,0xec,0x5a,0xed,0x5a,0xec,0x5a,0xed,0x5a,0x0d,0x5b,0xec,0x5a,0xec,0x52,0x2d,0x5b,0x0d,0x5b,0xec,0x5a,
    0xec,0x5a,0x0c,0x5b,0x0d,0x5b,0x0d,0x5b,0xec,0x5a,0xed,0x5a,0x0d,0x5b,0x0d,0x63,0xcc,0x52,0xec,0x5a,0xec,0x5a,0xed,0x62,
    0xec,0x5a,0xcc,0x5a,0xcb,0x52,0xec,0x5a,0xec,0x52,0xec,0x5a,0xec,0x5a,0xec,0x5a,0x0c,0x5b,0xcc,0x52,0xed,0x5a,0xcb,0x52,
    0xec,0x5a,0x8f,0x6b,0xcb,0x52,0xcb,0x5a,0xcb,0x5a,0xcb,0x5a,0xcb,0x5a,0xcc,0x5a,0x0c,0x63,0x4e,0x6b,0xec,0x5a,0xec,0x62,
    0xec,0x5a,0xcc,0x5a,0xec,0x62,0xcc,0x5a,0xcb,0x5a,0xec,0x62,0xec,0x5a,0xcb,0x5a,0x0c,0x63,0xcc,0x5a,0x2d,0x6b,0x2d,0x6b,
    0xec,0x62,0x0d,0x63,0xec,0x62,0xec,0x5a,0xcc,0x5a,0xcd,0x5a,0xec,0x62,0xec,0x5a,0xed,0x62,0x2d,0x63,0xcc,0x5a,0xec,0x62,
    0xec,0x5a,0xec,0x5a,0xec,0x62,0xec,0x5a,0xec,0x5a,0xed,0x62,0xec,0x5a,0xec,0x62,0xcd,0x5a,0xec,0x5a,0xed,0x62,0xec,0x5a,
    0x0d,0x63,0xec,0x5a,0x0d,0x63,0x0d,0x63,0xec,0x62,0x0d,0x63,0x0c,0x63,0x2d,0x63,0x0d,0x63,0x0c,0x63,0x0d,0x63,0x0c,0x63,
    0x2d,0x63,0x0d,0x63,0x4e,0x6b,0x2d,0x6b,0x4d,0x6b,0x2d,0x63,0x0d,0x63,0x0d,0x63,0x0c,0x63,0x0d,0x63,0x2d,0x63,0x0d,0x63,
    0x2d,0x63,0x2d,0x6b,0x6e,0x6b,0x4e,0x6b,0x0d,0x63,0x2d,0x63,0x2d,0x63,0x0d,0x63,0x0d,0x63,0x2d,0x63,0x2e,0x63,0x4e,0x6b,
    0x2d,0x63,0xed,0x62,0x2d,0x63,0x2e,0x63,0x2d,0x63,0xed,0x5a,0x2d,0x63,0x0d,0x63,0x2d,0x63,0x0d,0x63,0x2d,0x63,0x2d,0x63,
    0x2d,0x63,0x4e,0x63,0x2d,0x63,0x2d,0x63,0x0d,0x63,0x2c,0x63,0x0d,0x63,0x2d,0x63,0x4e,0x6b,0x2d,0x6b,0x0d,0x63,0x4d,0x6b,
    0x0d,0x63,0x2d,0x63,0x2d,0x63,0x2d,0x63,0x2d,0x5b,0x2d,0x63,0x2d,0x5b,0x2d,0x63,0x2d,0x5b,0x2d,0x5b,0x2d,0x5b,0x2d,0x63,
    0x2d,0x5b,0x6e,0x6b,0x4e,0x63,0xcf,0x73,0x4e,0x63,0x0c,0x63,0x0d,0x5b,0x2d,0x63,0x2e,0x63,0x0d,0x5b,0x0d,0x63,0x2d,0x63,
    0x0d,0x5b,0x0d,0x5b,0x0d,0x5b,0x0d,0x63,0x0d,0x5b,0xed,0x5a,0xed,0x5a,0x0d,0x5b,0x0d,0x5b,0x0d,0x5b,0xed,0x5a,0x0d,0x5b,
    0x0d,0x5b,0xed,0x5a,0x0c,0x5b,0x0d,0x5b,0xec,0x5a,0xec,0x5a,0xec,0x5a,0xec,0x5a,0xec,0x5a,0xec,0x5a,0x4e,0x63,0x4d,0x63,
    0xcc,0x5a,0xed,0x5a,0xec,0x5a,0xec,0x5a,0xec,0x5a,0xec,0x5a,0xec,0x5a,0xec,0x5a,0xec,0x5a,0xec,0x52,0xec,0x5a,0xec,0x52,
    0xec,0x5a,0xcc,0x52,0x0c,0x5b,0xec,0x5a,0xec,0x52,0x0c,0x5b,0xcc,0x5a,0xec,0x5a,0xcc,0x5a,0xec,0x5a,0xcc,0x62,0xcb,0x5a,
    0xcb,0x5a,0xec,0x62,0xcc,0x5a,0xec,0x62,0xec,0x62,0xcc,0x5a,0xec,0x62,0xec,0x5a,0xec,0x5a,0xec,0x62,0x0c,0x63,0xcc,0x5a,
    0xec,0x62,0x0c,0x63,0x0d,0x63,0x2d,0x63,0x0c,0x63,0x0d,0x63,0xec,0x62,0x0d,0x63,0x2e,0x6b,0xcc,0x5a,0xec,0x62,0xec,0x5a,
    0x0c,0x63,0xed,0x62,0x0c,0x63,0xcc,0x5a,0xec,0x5a,0xec,0x62,0xec,0x5a,0xec,0x62,0xed,0x62,0xec,0x62,0xec,0x62,0x0d,0x63,
    0x11,0x84,0xed,0x62,0xec,0x62,0xed,0x62,0xec,0x62,0x0d,0x63,0xec,0x62,0xec,0x5a,0x0d,0x63,0x0c,0x63,0x0d,0x63,0x0d,0x63,
    0x0d,0x63,0x0c,0x63,0x0d,0x63,0x2c,0x63,0x2d,0x6b,0x2d,0x6b,0x2d,0x63,0x0d,0x63,0x2d,0x63,0x0d,0x63,0x2d,0x6b,0x2d,0x63,
    0x0c,0x63,0x2d,0x63,0x0d,0x63,0x0d,0x63,0x2d,0x63,0x2d,0x6b,0x0d,0x63,0x2d,0x63,0x2d,0x63,0x2d,0x63,0x2d,0x63,0x0d,0x63,
    0x0d,0x63,0x2d,0x63,0x2e,0x6b,0x0d,0x63,0x6e,0x6b,0x8f,0x73,0xed,0x62,0x0d,0x63,0x4e,0x6b,0x4e,0x6b,0x0d,0x63,0x2d,0x63,
    0x8f,0x73,0x8f,0x6b,0x0d,0x63,0x2d,0x63,0x2d,0x63,0x2d,0x63,0x4d,0x6b,0x4e,0x6b,0xf0,0x7b,0x4d,0x63,0x2d,0x63,0x2d,0x63,
    0x2d,0x63,0x2d,0x63,0x2d,0x63,0xf0,0x7b,0x4e,0x6b,0x0d,0x63,0x2e,0x63,0x2d,0x63,0x2d,0x63,0x4e,0x63,0x2e,0x63,0x2d,0x63,
    0x0d,0x63,0x2d,0x63,0x0d,0x5b,0x2d,0x63,0x2e,0x63,0x2d,0x63,0x6e,0x6b,0x2d,0x63,0x2d,0x63,0x0d,0x63,0x2d,0x63,0x0d,0x63,
    0x4e,0x63,0x0d,0x63,0x0e,0x5b,0x0d,0x5b,0x0d,0x63,0x0d,0x5b,0x0d,0x5b,0x0d,0x5b,0xec,0x5a,0xed,0x52,0xed,0x5a,0x0d,0x5b,
    0x0d,0x5b,0x0d,0x5b,0xed,0x5a,0x6e,0x6b,0x2e,0x63,0xec,0x52,0x0d,0x5b,0xec,0x5a,0x0d,0x5b,0x0c,0x5b,0xec,0x5a,0x2d,0x63,
    0x4e,0x63,0x0c,0x5b,0xed,0x62,0x0d,0x5b,0xec,0x5a,0xec,0x5a,0xed,0x5a,0xec,0x5a,0xec,0x5a,0xed,0x5a,0xcb,0x52,0x2d,0x63,
    0x2d,0x5b,0xcb,0x5a,0xec,0x5a,0xcc,0x5a,0x4d,0x63,0x0c,0x5b,0xec,0x5a,0xec,0x5a,0xcc,0x52,0xcc,0x52,0xeb,0x5a,0xec,0x52,
    0xcc,0x5a,0xec,0x62,0xec,0x5a,0x0d,0x63,0x6e,0x6b,0xec,0x5a,0xec,0x62,0xec,0x5a,0xec,0x5a,0xec,0x62,0xec,0x5a,0xec,0x62,
    0xcc,0x5a,0xec,0x62,0xec,0x5a,0xec,0x62,0xec,0x5a,0x0d,0x63,0xec,0x62,0xec,0x62,0x0d,0x63,0xec,0x62,0xec,0x62,0xec,0x62,
    0x2d,0x6b,0xec,0x5a,0xec,0x62,0xec,0x5a,0xec,0x62,0xcc,0x5a,0x0c,0x63,0x6e,0x6b,0xec,0x62,0xec,0x5a,0xcc,0x62,0xec,0x5a,
    0x0c,0x63,0xec,0x5a,0xec,0x62,0x0d,0x63,0x2e,0x6b,0x0c,0x63,0x0d,0x63,0xec,0x5a,0x0c,0x63,0x0d,0x63,0xec,0x5a,0x0c,0x63,
    0x0d,0x63,0x0d,0x63,0x0c,0x63,0x0c,0x63,0x0d,0x63,0x0c,0x63,0x2d,0x63,0x2d,0x6b,0x0d,0x63,0x2d,0x63,0x2d,0x6b,0x0d,0x63,
    0x2d,0x63,0x2d,0x63,0x4d,0x6b,0x6e,0x6b,0x0d,0x63,0x2d,0x63,0x0c,0x63,0x2d,0x6b,0x4d,0x6b,0x2d,0x63,0x4e,0x6b,0x4d,0x6b,
    0x2d,0x63,0x2e,0x6b,0x2d,0x63,0x4d,0x6b,0x2d,0x63,0x2d,0x63,0x4e,0x6b,0x2d,0x63,0x2e,0x6b,0x4e,0x63,0x2d,0x63,0x0d,0x63,
    0x4e,0x6b,0x32,0x84,0x0d,0x63,0x2d,0x63,0x2e,0x63,0x2e,0x6b,0x2d,0x63,0x2e,0x63,0x2d,0x63,0x2e,0x6b,0x2d,0x63,0x4d,0x63,
    0x8e,0x73,0x2d,0x63,0x4e,0x73,0x2d,0x63,0x8e,0x73,0x8f,0x73,0x2d,0x63,0x0d,0x63,0x2d,0x63,0x2d,0x63,0x2d,0x63,0x4e,0x63,
    0x0d,0x63,0x2d,0x63,0x2e,0x63,0x4e,0x63,0x4e,0x63,0x4e,0x6b,0x2e,0x63,0x4d,0x63,0x4e,0x63,0x2e,0x63,0x8f,0x6b,0x2d,0x63,
    0x0d,0x5b,0x2d,0x5b,0x0d,0x63,0x0e,0x5b,0x0d,0x63,0x2e,0x63,0x0d,0x63,0x0d,0x5b,0x2e,0x63,0x0d,0x63,0x0e,0x63,0x0d,0x5b,
    0x0d,0x5b,0x0d,0x63,0x0d,0x5b,0x2d,0x63,0x0d,0x5b,0xed,0x5a,0xed,0x5a,0xed,0x5a,0x2d,0x5b,0x2e,0x63,0xec,0x5a,0xed,0x5a,
    0x2d,0x63,0x0d,0x5b,0xec,0x5a,0x6e,0x6b,0x6e,0x6b,0xec,0x5a,0x0d,0x5b,0x0c,0x63,0xed,0x5a,0x0c,0x5b,0x0d,0x63,0xed,0x5a,
    0x0c,0x5b,0x2d,0x63,0xec,0x52,0x4d,0x63,0x2d,0x63,0xcc,0x52,0x0c,0x5b,0x0c,0x5b,0x0d,0x5b,0xec,0x5a,0xcc,0x52,0xec,0x5a,
    0x0c,0x5b,0x0c,0x5b,0x0d,0x5b,0xeb,0x5a,0xec,0x5a,0xcc,0x5a,0xcb,0x5a,0xec,0x62,0x2d,0x6b,0xed,0x62,0xec,0x5a,0xec,0x62,
    0xec,0x62,0xec,0x5a,0xec,0x62,0xec,0x5a,0xcc,0x5a,0xec,0x62,0xec,0x5a,0xec,0x62,0xec,0x62,0xec,0x5a,0xec,0x62,0xec,0x5a,
    0xec,0x62,0xec,0x62,0x4e,0x6b,0x2d,0x63,0xcc,0x5a,0xec,0x62,0xec,0x5a,0xec,0x62,0xec,0x62,0xec,0x5a,0xed,0x62,0x6e,0x73,
    0x0d,0x63,0xec,0x62,0x0d,0x63,0x0c,0x63,0xed,0x62,0x0c,0x63,0xed,0x62,0x2d,0x6b,0x0c,0x63,0xec,0x62,0x0d,0x63,0xec,0x62,
    0x0d,0x63,0x0c,0x63,0xec,0x62,0x2d,0x63,0x2d,0x6b,0x0d,0x63,0x2d,0x6b,0x2d,0x6b,0x0d,0x63,0x2d,0x6b,0x0c,0x63,0x2d,0x63,
    0x0c,0x63,0x0c,0x63,0x2d,0x6b,0x4d,0x6b,0x2d,0x63,0x0d,0x6b,0x2d,0x63,0x4d,0x6b,0x2d,0x63,0x2d,0x6b,0x2d,0x63,0x4e,0x6b,
    0x2d,0x63,0x4d,0x6b,0x2e,0x6b,0x4d,0x6b,0x4e,0x6b,0x4d,0x6b,0x2d,0x63,0x2d,0x63,0x4e,0x6b,0x2d,0x63,0x4e,0x6b,0x4e,0x6b,
    0x4e,0x6b,0x2e,0x6b,0x4e,0x6b,0x6e,0x6b,0x2e,0x6b,0x2d,0x63,0x2d,0x6b,0x2e,0x63,0x2d,0x6b,0x2d,0x63,0x4e,0x6b,0x2d,0x63,
    0x6e,0x6b,0x4e,0x6b,0x2d,0x63,0x4d,0x6b,0x2d,0x63,0x4e,0x6b,0x2d,0x63,0x4e,0x6b,0x4e,0x6b,0x4e,0x6b,0x4d,0x6b,0x2e,0x63,
    0x4e,0x6b,0x2d,0x63,0x4e,0x6b,0x4e,0x6b,0x6e,0x63,0x2d,0x63,0x4e,0x63,0x2d,0x63,0x4d,0x63,0x2e,0x63,0x2d,0x63,0x2e,0x63,
    0x2d,0x63,0x2d,0x63,0x0d,0x5b,0x2d,0x63,0x4e,0x63,0x4e,0x63,0x0d,0x63,0x2e,0x63,0x2d,0x63,0x0d,0x5b,0x2e,0x63,0x6f,0x6b,
    0x2e,0x63,0x0d,0x63,0x2e,0x5b,0x0d,0x63,0x0d,0x5b,0x0d,0x5b,0x0d,0x5b,0x0d,0x5b,0x2e,0x63,0x0d,0x5b,0xed,0x5a,0x2d,0x63,
    0x2e,0x63,0x0d,0x5b,0x2d,0x63,0x2d,0x63,0x0d,0x5b,0x0c,0x5b,0x0d,0x5b,0xec,0x5a,0xec,0x5a,0x2d,0x63,0x2d,0x63,0x0d,0x63,
    0xec,0x5a,0xed,0x5a,0x0d,0x63,0x0d,0x5b,0x0d,0x5b,0x0d,0x5b,0x0d,0x63,0xec,0x5a,0xec,0x5a,0xec,0x5a,0xec,0x5a,0x0c,0x5b,
    0xec,0x5a,0xec,0x5a,0xec,0x52,0xec,0x5a,0xec,0x52,0x6e,0x6b,0x4d,0x63,0xec,0x5a,0xec,0x62,0xec,0x62,0xec,0x5a,0xec,0x62,
    0xec,0x5a,0xec,0x62,0xec,0x5a,0xec,0x62,0xec,0x5a,0xcc,0x5a,0xec,0x62,0xec,0x62,0xec,0x62,0xec,0x5a,0xec,0x62,0xec,0x5a,
    0xcc,0x5a,0xec,0x62,0xec,0x62,0xec,0x62,0x0d,0x63,0x0d,0x63,0xec,0x62,0x0d,0x63,0xed,0x62,0x0d,0x63,0x0c,0x63,0xed,0x62,
    0x0c,0x63,0x0d,0x63,0x0c,0x63,0xcc,0x5a,0x0c,0x63,0x0d,0x63,0xec,0x62,0x0c,0x63,0xec,0x62,0x0d,0x63,0x0c,0x63,0x0d,0x63,
    0xed,0x62,0x0d,0x63,0x0c,0x63,0x0d,0x63,0x0c,0x63,0xed,0x62,0x0d,0x63,0x4e,0x6b,0x4d,0x6b,0xec,0x62,0x4d,0x6b,0x2d,0x63,
    0x2c,0x63,0x0d,0x63,0x2c,0x6b,0x2d,0x6b,0x0d,0x63,0x2d,0x6b,0x2d,0x63,0x2d,0x6b,0x4d,0x6b,0x2d,0x6b,0x4d,0x6b,0x2d,0x63,
    0x2d,0x6b,0x2d,0x63,0x4d,0x6b,0x4d,0x6b,0x2d,0x6b,0x2d,0x63,0x4d,0x6b,0x2d,0x63,0x0d,0x63,0x2d,0x63,0x4d,0x6b,0x2e,0x6b,
    0x4d,0x6b,0x4e,0x6b,0x2e,0x63,0x4e,0x6b,0x4d,0x6b,0x4e,0x6b,0x4e,0x6b,0x6e,0x6b,0x2d,0x6b,0x4e,0x63,0x2d,0x6b,0x2e,0x63,
    0x4e,0x6b,0x4e,0x63,0x4e,0x6b,0x2d,0x63,0x2d,0x63,0x4d,0x6b,0x2d,0x63,0x2d,0x63,0x2e,0x63,0x4d,0x6b,0x4e,0x6b,0x4d,0x6b,
    0x2d,0x63,0x2d,0x63,0x4e,0x6b,0x2d,0x63,0x4d,0x6b,0x2d,0x63,0x2d,0x63,0x4e,0x63,0x6e,0x6b,0x2d,0x63,0x4e,0x63,0x2d,0x63,
    0x4e,0x63,0x4e,0x63,0x2d,0x63,0x4e,0x63,0x4e,0x63,0x4e,0x63,0x2d,0x63,0x2e,0x63,0x2d,0x63,0x4f,0x63,0x2d,0x63,0x2e,0x63,
    0x0d,0x63,0x2e,0x63,0x2d,0x63,0x4e,0x63,0x2d,0x63,0x2e,0x63,0x0d,0x5b,0x0d,0x63,0x2d,0x5b,0x0d,0x5b,0x0d,0x5b,0x0d,0x5b,
    0x2d,0x5b,0x4e,0x63,0x0d,0x5b,0x0d,0x5b,0x4e,0x63,0xec,0x5a,0x52,0x7c,0x6e,0x6b,0xed,0x5a,0x0d,0x63,0x0c,0x5b,0x0d,0x63,
    0x0d,0x5b,0x0c,0x63,0xed,0x5a,0xec,0x5a,0x0d,0x63,0x0d,0x5b,0x0c,0x5b,0xec,0x5a,0xec,0x5a,0xed,0x5a,0xec,0x5a,0x0d,0x5b,
    0xed,0x5a,0x2d,0x5b,0x0d,0x5b,0x0d,0x63,0x0d,0x5b,0xec,0x5a,0xec,0x5a,0xec,0x5a,0x0c,0x5b,0xcb,0x52,0xec,0x5a,0xec,0x5a,
    0xcc,0x5a,0xec,0x62,0xed,0x62,0xec,0x5a,0xec,0x62,0xec,0x5a,0xec,0x62,0xec,0x62,0xec,0x62,0xec,0x62,0xec,0x5a,0xec,0x5a,
    0xec,0x62,0xec,0x5a,0xeb,0x62,0xec,0x5a,0xec,0x62,0x0c,0x63,0x0d,0x63,0xed,0x62,0x0c,0x63,0x0d,0x63,0xec,0x62,0x0c,0x63,
    0x0c,0x63,0x4e,0x6b,0x2d,0x6b,0x0c,0x63,0x0d,0x63,0x0c,0x63,0x0d,0x63,0x0c,0x63,0x0c,0x63,0x0c,0x63,0x0d,0x63,0x0c,0x63,
    0x0c,0x63,0x0c,0x63,0x0d,0x63,0x0c,0x63,0x0d,0x63,0x0c,0x63,0xec,0x62,0x8f,0x73,0x6e,0x73,0xec,0x5a,0x0c,0x63,0x0d,0x63,
    0x0d,0x63,0x6e,0x6b,0x2d,0x6b,0x0d,0x63,0x2d,0x6b,0x2d,0x6b,0x2d,0x63,0x0c,0x63,0x2d,0x6b,0x4d,0x6b,0x4d,0x63,0x2d,0x6b,
    0x2d,0x63,0x4d,0x6b,0x4d,0x6b,0x6e,0x6b,0x2d,0x6b,0x4d,0x6b,0x4d,0x6b,0x0d,0x63,0x4d,0x6b,0x4e,0x6b,0x4e,0x6b,0x4e,0x6b,
    0x2d,0x6b,0x4d,0x63,0x2d,0x6b,0x4e,0x6b,0x2d,0x63,0x4d,0x6b,0x4e,0x6b,0x4e,0x6b,0x2d,0x63,0x4e,0x6b,0x4e,0x6b,0x2d,0x63,
    0x2e,0x6b,0x4e,0x6b,0x6e,0x6b,0x4d,0x6b,0x4e,0x6b,0x4e,0x6b,0x2d,0x63,0x2d,0x63,0x4e,0x63,0x4e,0x6b,0x4e,0x6b,0x4e,0x63,
    0x2d,0x6b,0x4e,0x6b,0x6e,0x6b,0x2d,0x63,0xd0,0x7b,0x8f,0x73,0x2d,0x63,0x4e,0x6b,0x4e,0x63,0x2d,0x6b,0x2d,0x63,0x2d,0x63,
    0x0d,0x63,0x4e,0x63,0x2d,0x63,0x4e,0x63,0x2e,0x6b,0x4e,0x63,0x2e,0x63,0x2d,0x63,0x4e,0x63,0x2e,0x63,0x2d,0x63,0x2e,0x5b,
    0x2e,0x63,0x4e,0x63,0x0d,0x63,0x2e,0x63,0x2e,0x63,0x2e,0x63,0x2e,0x63,0x2e,0x63,0x2e,0x63,0x2e,0x63,0x2e,0x63,0x0d,0x5b,
    0x2e,0x63,0x0e,0x5b,0x2e,0x63,0x0d,0x63,0x2e,0x5b,0x2e,0x63,0x4e,0x63,0x2e,0x63,0x2d,0x63,0x0e,0x5b,0x0d,0x5b,0xed,0x5a,
    0x0d,0x5b,0x0d,0x5b,0x0d,0x63,0x0c,0x5b,0x0d,0x5b,0x2d,0x63,0x0d,0x5b,0xed,0x5a,0x0d,0x63,0x2d,0x63,0x0d,0x5b,0x0d,0x63,
    0x2d,0x63,0xed,0x5a,0xec,0x5a,0x0d,0x5b,0xec,0x5a,0x0d,0x5b,0xcc,0x5a,0x0c,0x5b,0x0d,0x5b,0x0c,0x5b,0xec,0x52,0xec,0x5a,
    0xcc,0x52,0xec,0x5a,0xec,0x5a,0xec,0x52,0xec,0x62,0xec,0x5a,0xec,0x62,0xcc,0x5a,0xec,0x62,0xec,0x5a,0x4e,0x6b,0xec,0x62,
    0xec,0x5a,0xec,0x62,0xec,0x62,0xec,0x62,0xec,0x62,0xec,0x62,0xec,0x62,0xec,0x62,0x0d,0x63,0xec,0x62,0xec,0x5a,0x0d,0x63,
    0xec,0x62,0x0c,0x63,0x0d,0x63,0x0d,0x63,0x0c,0x63,0xec,0x62,0x0c,0x63,0x0d,0x63,0x0c,0x63,0x0c,0x63,0x0c,0x63,0x0c,0x63,
    0xec,0x62,0x0d,0x63,0x0c,0x63,0x0c,0x63,0x0d,0x63,0x0c,0x63,0x0d,0x63,0x2d,0x6b,0x2d,0x63,0x0d,0x6b,0x0c,0x63,0x2d,0x63,
    0x2d,0x63,0x0c,0x63,0x2d,0x6b,0x2c,0x63,0x2d,0x6b,0x2d,0x6b,0x2d,0x63,0x2d,0x6b,0x2d,0x6b,0x2d,0x63,0x2c,0x6b,0x2d,0x6b,
    0x2c,0x63,0x2d,0x6b,0x4d,0x6b,0x6e,0x73,0x6d,0x6b,0x2d,0x6b,0x2d,0x6b,0x6d,0x6b,0x4d,0x6b,0x2d,0x63,0xae,0x7b,0xaf,0x73,
    0x2d,0x6b,0x4d,0x6b,0x4d,0x6b,0x4e,0x6b,0x2d,0x6b,0x4e,0x6b,0x4e,0x6b,0x6e,0x6b,0x4d,0x6b,0x4e,0x6b,0x4e,0x6b,0x4e,0x6b,
    0x4d,0x6b,0x4e,0x6b,0x4e,0x6b,0x4e,0x6b,0x6e,0x6b,0x6e,0x73,0x8f,0x6b,0x4e,0x6b,0x4d,0x63,0x2e,0x63,0x6e,0x6b,0x4e,0x6b,
    0x4d,0x63,0x4e,0x6b,0x4d,0x6b,0x4e,0x6b,0x6e,0x6b,0x4d,0x6b,0x4e,0x63,0x4e,0x6b,0x4e,0x6b,0x4e,0x6b,0x4d,0x63,0x4e,0x6b,
    0x4e,0x6b,0x4e,0x63,0x4d,0x63,0x4e,0x6b,0x4e,0x63,0x4e,0x6b,0x4e,0x63,0x4e,0x63,0x2e,0x63,0x4e,0x63,0x4e,0x63,0x4e,0x63,
    0x4e,0x6b,0x2e,0x63,0x2e,0x63,0x4e,0x63,0x4e,0x6b,0x2e,0x63,0x2e,0x63,0x4e,0x63,0x2d,0x63,0x2e,0x63,0x2d,0x63,0x2e,0x63,
    0x4e,0x63,0x2e,0x63,0x2d,0x63,0x2e,0x63,0x0d,0x63,0x2e,0x63,0x2d,0x5b,0x2e,0x63,0x2d,0x63,0x2e,0x63,0x2d,0x63,0x2e,0x63,
    0x0d,0x5b,0x2d,0x63,0x2e,0x63,0x0d,0x63,0x0d,0x63,0x2d,0x63,0x2d,0x63,0x0d,0x5b,0x0d,0x63,0x0d,0x5b,0x0d,0x63,0x0d,0x5b,
    0x0d,0x5b,0x0d,0x63,0x0d,0x5b,0x0d,0x5b,0xed,0x5a,0x0d,0x5b,0x2d,0x5b,0x0d,0x5b,0x0c,0x5b,0xec,0x5a,0x2e,0x63,0x4d,0x63,
    0xec,0x5a,0x2d,0x63,0x0d,0x5b,0xec,0x5a,0xec,0x5a,0x0c,0x53,0x2d,0x63,0x0c,0x5b,0x0d,0x63,0xec,0x62,0x0d,0x63,0xec,0x5a,
    0xec,0x62,0xcc,0x5a,0xec,0x62,0x0c,0x63,0x0c,0x63,0xec,0x62,0x0c,0x5b,0xec,0x62,0x0c,0x5b,0x0d,0x63,0x0c,0x63,0xec,0x5a,
    0x2d,0x63,0xec,0x62,0x0d,0x63,0x0c,0x63,0x0d,0x63,0xec,0x62,0xec,0x5a,0x0c,0x63,0x0d,0x63,0x0c,0x63,0x2d,0x63,0x0c,0x63,
    0x0c,0x63,0x0d,0x63,0x0d,0x6b,0x0d,0x63,0x0c,0x63,0x2d,0x6b,0x4e,0x6b,0x0c,0x63,0x0c,0x63,0x0c,0x63,0x6e,0x73,0xaf,0x73,
    0x0c,0x63,0x2d,0x63,0x2d,0x6b,0x2d,0x63,0x2d,0x6b,0x0d,0x63,0x4d,0x6b,0x2d,0x6b,0x2d,0x63,0x4d,0x6b,0x2d,0x6b,0x2d,0x63,
    0x4d,0x6b,0x2d,0x6b,0x2d,0x63,0x2d,0x6b,0x2d,0x63,0x2c,0x63,0x2d,0x63,0x4d,0x6b,0x4d,0x6b,0x4d,0x63,0x2d,0x6b,0x4d,0x6b,
    0x2d,0x6b,0x4d,0x6b,0x6e,0x73,0x8e,0x73,0x2d,0x63,0x2d,0x6b,0x4e,0x6b,0x4d,0x6b,0x2d,0x63,0x6e,0x73,0x8e,0x6b,0x4d,0x6b,
    0x4e,0x6b,0x4d,0x6b,0x4d,0x6b,0xaf,0x73,0x51,0x8c,0x2d,0x6b,0x4e,0x6b,0x4d,0x6b,0x4e,0x6b,0x4d,0x6b,0x4e,0x6b,0x4e,0x6b,
    0x4d,0x6b,0x4d,0x6b,0x4e,0x6b,0x4e,0x6b,0x4d,0x63,0x4e,0x6b,0x6e,0x6b,0x4d,0x63,0x4e,0x6b,0x4e,0x6b,0x4d,0x6b,0x6e,0x6b,
    0x4e,0x6b,0x4e,0x6b,0x4e,0x6b,0x4e,0x63,0x4d,0x6b,0x4e,0x6b,0x4e,0x6b,0x6e,0x63,0x4e,0x6b,0x4e,0x6b,0x4e,0x6b,0x4e,0x63,
    0x4e,0x6b,0x2e,0x63,0x4e,0x6b,0x4e,0x63,0x4e,0x63,0x2e,0x63,0x4e,0x6b,0x4e,0x63,0x2e,0x63,0x4e,0x63,0x2d,0x63,0x2e,0x63,
    0x4e,0x63,0x2e,0x63,0x2d,0x63,0x4e,0x63,0x4e,0x63,0x0d,0x5b,0x4e,0x63,0x4e,0x63,0x2e,0x5b,0x2d,0x5b,0x2e,0x5b,0x2e,0x63,
    0x4e,0x63,0x0d,0x5b,0x2e,0x63,0x4e,0x63,0x0d,0x63,0x2e,0x63,0x0d,0x63,0x2e,0x63,0x2d,0x63,0x4e,0x63,0x2d,0x63,0x0d,0x5b,
    0x2d,0x63,0x0d,0x5b,0x2d,0x63,0x2d,0x63,0x2d,0x63,0x0d,0x5b,0x2e,0x63,0x0d,0x5b,0x0d,0x63,0x0d,0x5b,0x0d,0x5b,0x0d,0x63,
    0x0d,0x5b,0xed,0x5a,0x4e,0x63,0x2d,0x5b,0xed,0x5a,0xec,0x5a,0x0c,0x5b,0x0d,0x5b,0x2d,0x5b,0x0c,0x5b,0xec,0x5a,0xec,0x5a,
    0xec,0x62,0x0c,0x63,0x2d,0x6b,0xec,0x62,0xec,0x62,0xec,0x5a,0xec,0x62,0xec,0x5a,0xcc,0x5a,0x0c,0x63,0x0c,0x63,0xec,0x62,
    0x2d,0x63,0x0c,0x6b,0x0c,0x63,0x0d,0x63,0x0c,0x63,0xec,0x62,0x0c,0x63,0x0d,0x63,0x0c,0x63,0x0c,0x63,0x0d,0x63,0x0c,0x63,
    0x0d,0x63,0x0c,0x63,0x0d,0x6b,0x0d,0x63,0x2c,0x6b,0x2d,0x63,0x0c,0x63,0x2d,0x6b,0x0d,0x63,0x2d,0x6b,0x6d,0x6b,0x0d,0x6b,
    0x2d,0x63,0x0d,0x6b,0x2d,0x63,0x6d,0x6b,0x2d,0x6b,0x2d,0x63,0x2c,0x63,0x4e,0x73,0x2c,0x63,0x2d,0x6b,0x4d,0x6b,0x2d,0x63,
    0x2d,0x6b,0x2d,0x63,0x2d,0x6b,0x2d,0x63,0x2d,0x6b,0x4d,0x6b,0x2d,0x6b,0x4d,0x6b,0x2d,0x6b,0x4d,0x6b,0x2d,0x6b,0x4d,0x6b,
    0x2d,0x6b,0x4d,0x6b,0x4d,0x6b,0x4c,0x6b,0x2d,0x63,0x4d,0x6b,0x2d,0x6b,0x4d,0x6b,0x4d,0x6b,0x4d,0x6b,0x6e,0x6b,0x4e,0x6b,
    0x4d,0x6b,0x6e,0x6b,0x6e,0x73,0x4e,0x6b,0x4e,0x6b,0x4e,0x6b,0x4e,0x6b,0x6e,0x6b,0xaf,0x73,0x4e,0x6b,0x4e,0x6b,0x4e,0x6b,
    0x4d,0x6b,0x4e,0x6b,0x4e,0x6b,0x6e,0x73,0x4e,0x6b,0x6e,0x6b,0x6e,0x6b,0x8e,0x6b,0x4e,0x6b,0x6e,0x6b,0x4e,0x6b,0x4d,0x6b,
    0x6e,0x6b,0x4e,0x6b,0x6e,0x6b,0x4e,0x6b,0x6e,0x6b,0x6e,0x6b,0x4e,0x6b,0x4e,0x6b,0x4d,0x6b,0x6e,0x63,0x4d,0x6b,0x4d,0x63,
    0x4d,0x63,0x6e,0x6b,0x6e,0x6b,0x6e,0x6b,0x6e,0x6b,0x4e,0x6b,0x4e,0x63,0x4f,0x6b,0x2e,0x6b,0x2d,0x63,0x2e,0x63,0x2e,0x63,
    0x4e,0x6b,0x8f,0x6b,0x2e,0x63,0x4e,0x63,0x2e,0x63,0x2e,0x63,0x2e,0x63,0x2e,0x63,0x2d,0x63,0x2e,0x63,0x4e,0x63,0x2e,0x63,
    0x4e,0x63,0x2e,0x63,0x2d,0x63,0x2d,0x5b,0x4e,0x63,0x2e,0x5b,0x2d,0x63,0x2e,0x63,0x4e,0x63,0x2e,0x63,0x0d,0x5b,0x2e,0x63,
    0x2d,0x63,0x2e,0x63,0x2d,0x63,0x2d,0x63,0x0d,0x5b,0x2d,0x63,0x0d,0x63,0x2d,0x63,0x2d,0x63,0x0d,0x63,0x2d,0x63,0x2e,0x63,
    0x2d,0x5b,0xed,0x5a,0x2d,0x63,0x2d,0x5b,0x0d,0x5b,0x0d,0x5b,0xec,0x5a,0xec,0x5a,0xec,0x5a,0xec,0x5a,0xec,0x52,0x0d,0x5b,
    0xec,0x5a,0xec,0x5a,0xed,0x5a,0xec,0x5a,0xec,0x62,0x0d,0x63,0xec,0x62,0x0c,0x63,0xec,0x62,0x0c,0x63,0xec,0x62,0x2c,0x6b,
    0x2d,0x6b,0xec,0x62,0x0c,0x63,0x0c,0x63,0x0c,0x63,0x0c,0x63,0xec,0x62,0xec,0x62,0x0c,0x63,0x0c,0x63,0xec,0x5a,0x0c,0x63,
    0xec,0x62,0x0d,0x63,0x0c,0x63,0x0c,0x63,0x0c,0x63,0x0c,0x63,0x0c,0x63,0x2c,0x6b,0x0d,0x63,0x0c,0x6b,0x2d,0x6b,0x0c,0x63,
    0x0c,0x6b,0x2d,0x6b,0x2d,0x63,0x0c,0x63,0x2d,0x6b,0x2c,0x63,0x0c,0x63,0x2d,0x6b,0x2c,0x63,0x2d,0x6b,0x2d,0x63,0x0c,0x63,
    0x2d,0x6b,0x2d,0x63,0x2c,0x63,0x2d,0x6b,0x2c,0x63,0x4e,0x6b,0x4d,0x6b,0x2d,0x6b,0x4d,0x6b,0x2d,0x63,0x2d,0x6b,0x4d,0x6b,
    0x2d,0x6b,0x4d,0x6b,0x4d,0x6b,0x2c,0x63,0x6d,0x6b,0x4d,0x6b,0x4d,0x6b,0x4d,0x6b,0x6d,0x73,0x4d,0x6b,0x4d,0x6b,0x4d,0x6b,
    0x4e,0x73,0x6e,0x6b,0x6e,0x73,0x4e,0x6b,0x4d,0x6b,0x4e,0x6b,0x6e,0x73,0x6e,0x6b,0x4e,0x6b,0x6e,0x6b,0x6e,0x6b,0x4e,0x73,
    0x8e,0x73,0x6e,0x73,0x6e,0x6b,0x6e,0x73,0xaf,0x7b,0x6e,0x73,0x6e,0x6b,0x8e,0x73,0x6e,0x6b,0x6e,0x73,0x6e,0x6b,0x4e,0x6b,
    0x8e,0x73,0x6e,0x6b,0x6e,0x6b,0x6e,0x6b,0x6e,0x6b,0x6e,0x6b,0x6e,0x6b,0x6e,0x6b,0x4d,0x6b,0x6e,0x6b,0x6e,0x6b,0x6e,0x6b,
    0x6e,0x6b,0x6e,0x6b,0x4d,0x6b,0x4e,0x6b,0x6e,0x6b,0x4d,0x6b,0x6e,0x6b,0x4e,0x63,0x4e,0x6b,0x4f,0x6b,0x8f,0x73,0x6e,0x6b,
    0x4e,0x63,0x4e,0x63,0x4f,0x6b,0x4e,0x63,0x4e,0x63,0x4e,0x6b,0x2e,0x63,0x4e,0x63,0x4e,0x63,0x4e,0x6b,0x4e,0x63,0x2d,0x63,
    0x0d,0x63,0x4e,0x63,0x2e,0x63,0x4e,0x63,0x4e,0x63,0x2d,0x63,0x4e,0x63,0x0d,0x5b,0x2e,0x63,0x2d,0x63,0x2e,0x63,0x0d,0x5b,
    0x2e,0x63,0x2d,0x63,0x4e,0x63,0x2d,0x63,0x2e,0x5b,0x2d,0x63,0x2e,0x63,0x0d,0x5b,0x8f,0x6b,0x6e,0x6b,0x2e,0x63,0x2d,0x5b,
    0x0d,0x5b,0x2d,0x63,0x2e,0x5b,0x2d,0x63,0x0d,0x63,0x2d,0x5b,0x0d,0x5b,0xed,0x5a,0x0d,0x5b,0x0d,0x5b,0x0d,0x5b,0x0d,0x5b,
    0x0d,0x5b,0x0d,0x5b,0x0c,0x5b,0x0c,0x5b,0x0d,0x5b,0x0c,0x5b,0x0c,0x5b,0xed,0x5a,0xec,0x62,0xec,0x62,0xec,0x5a,0xec,0x62,
    0x0d,0x63,0xec,0x62,0xec,0x5a,0x2d,0x6b,0x4d,0x63,0x0c,0x63,0x0c,0x63,0x0c,0x63,0x0d,0x63,0xec,0x62,0x0c,0x63,0x0d,0x63,
    0x0c,0x5b,0x0d,0x63,0x2d,0x63,0x0d,0x63,0x0c,0x63,0x0c,0x63,0x0c,0x63,0x0d,0x63,0x2d,0x6b,0x2c,0x6b,0x2d,0x63,0x0c,0x6b,
    0x2c,0x63,0x0d,0x6b,0x2c,0x63,0x0d,0x6b,0x2c,0x6b,0x2d,0x6b,0x2d,0x6b,0x0c,0x6b,0x2d,0x63,0x0c,0x6b,0x6e,0x6b,0x2d,0x6b,
    0x2d,0x6b,0x2d,0x6b,0x2c,0x63,0x2d,0x6b,0x2c,0x63,0x2d,0x6b,0x2d,0x6b,0x2c,0x63,0x2d,0x6b,0x2c,0x63,0x2c,0x63,0x2d,0x6b,
    0x2d,0x6b,0x2c,0x63,0x2d,0x63,0x2d,0x6b,0x4d,0x6b,0x4d,0x6b,0x2c,0x6b,0x4d,0x6b,0x4d,0x6b,0x2d,0x6b,0x4d,0x6b,0x6d,0x6b,
    0x4d,0x73,0x6e,0x73,0x6d,0x73,0x4e,0x6b,0x4d,0x6b,0x4d,0x73,0x6e,0x73,0x6e,0x73,0x4e,0x6b,0x6e,0x73,0x6e,0x6b,0x4e,0x6b,
    0x4d,0x6b,0x6e,0x73,0x6e,0x6b,0x6e,0x6b,0x4e,0x6b,0x6e,0x73,0x6e,0x6b,0x8e,0x73,0x8f,0x73,0x6e,0x73,0x6e,0x73,0x8e,0x73,
    0x8e,0x73,0x6e,0x6b,0x6e,0x73,0x6e,0x6b,0x6e,0x6b,0xae,0x73,0x6e,0x73,0x6e,0x73,0x8e,0x73,0x8e,0x73,0x4e,0x6b,0x6e,0x6b,
    0x4e,0x6b,0x6e,0x6b,0x4d,0x6b,0x6e,0x6b,0x6e,0x6b,0x6e,0x73,0x6e,0x6b,0x8e,0x6b,0x6e,0x6b,0x6e,0x6b,0x6e,0x6b,0x8f,0x73,
    0x6e,0x6b,0x4e,0x6b,0x6e,0x6b,0x6f,0x6b,0x4e,0x6b,0x6f,0x6b,0x4e,0x63,0x4e,0x6b,0x2e,0x63,0x4e,0x63,0x6e,0x6b,0x4e,0x63,
    0x4d,0x6b,0x4e,0x63,0x2d,0x63,0x4e,0x63,0x4e,0x63,0x2e,0x63,0x4e,0x63,0x4e,0x6b,0x2e,0x63,0x4e,0x63,0x4e,0x6b,0x4e,0x63,
    0x2e,0x63,0x4e,0x63,0x2d,0x63,0x4e,0x63,0x2d,0x63,0x6f,0x6b,0x4e,0x63,0x2d,0x63,0x2d,0x63,0x2d,0x5b,0x2e,0x63,0x2d,0x63,
    0x6e,0x63,0x4e,0x6b,0x2d,0x63,0x4e,0x63,0x0e,0x63,0x6f,0x6b,0xf0,0x7b,0x2e,0x5b,0x0d,0x5b,0x4e,0x63,0x0d,0x5b,0x2d,0x5b,
    0x0d,0x5b,0xec,0x5a,0x2d,0x5b,0x0d,0x5b,0xec,0x5a,0x0d,0x5b,0x2d,0x63,0x0c,0x5b,0xec,0x5a,0xec,0x5a,0xec,0x5a,0x0c,0x5b,
    0x0c,0x63,0x2d,0x6b,0x0d,0x63,0xec,0x62,0xec,0x62,0x0c,0x63,0x0c,0x63,0xec,0x62,0xec,0x62,0x0c,0x63,0x0c,0x63,0x0c,0x63,
    0x0c,0x63,0x0c,0x63,0x0c,0x63,0x0d,0x63,0x0c,0x63,0xec,0x62,0x2d,0x6b,0x2d,0x63,0x2c,0x6b,0x2d,0x63,0x0c,0x63,0x0c,0x6b,
    0x0c,0x63,0x0d,0x63,0x2c,0x6b,0x0d,0x63,0x2d,0x63,0x2d,0x6b,0x2d,0x6b,0x0c,0x63,0x0d,0x6b,0x2d,0x63,0x2d,0x6b,0x2d,0x6b,
    0x2d,0x6b,0x2c,0x63,0x2d,0x6b,0x4d,0x6b,0x2d,0x63,0x4d,0x6b,0x2d,0x6b,0x4d,0x6b,0x2d,0x63,0x4d,0x6b,0x2d,0x63,0x4d,0x6b,
    0x2d,0x6b,0x2d,0x6b,0x2d,0x6b,0x2d,0x63,0x4d,0x6b,0x2d,0x6b,0x4c,0x6b,0x4d,0x6b,0x4d,0x6b,0x4d,0x6b,0x4d,0x6b,0x2d,0x63,
    0x4d,0x6b,0x4d,0x6b,0x4d,0x6b,0x4d,0x6b,0x4d,0x6b,0x6e,0x73,0x4d,0x6b,0x6d,0x73,0xcf,0x7b,0x8f,0x73,0x4e,0x6b,0x6e,0x73,
    0x6e,0x73,0x6e,0x6b,0x6e,0x73,0x6e,0x73,0x6e,0x6b,0x6e,0x73,0x6e,0x73,0x6e,0x73,0x6e,0x73,0x6e,0x6b,0x8e,0x73,0x4e,0x73,
    0x6e,0x6b,0x6e,0x73,0x6e,0x6b,0x6e,0x6b,0xaf,0x73,0x8e,0x73,0xaf,0x73,0xae,0x7b,0x6e,0x73,0x8e,0x73,0x6e,0x6b,0x8e,0x73,
    0x6e,0x6b,0x6e,0x73,0x6e,0x6b,0x6d,0x6b,0x6e,0x73,0x6e,0x6b,0x10,0x84,0x8f,0x73,0x6e,0x6b,0x6e,0x6b,0x4d,0x6b,0x6e,0x6b,
    0x8f,0x73,0x6e,0x6b,0x6e,0x6b,0x6e,0x6b,0x4e,0x6b,0x4e,0x63,0x6e,0x6b,0x6f,0x6b,0x6e,0x6b,0x6e,0x6b,0x4e,0x6b,0x6f,0x6b,
    0x6e,0x6b,0x2e,0x63,0x4e,0x6b,0x4e,0x63,0x4e,0x6b,0x4e,0x63,0x4e,0x6b,0x4e,0x63,0x4e,0x6b,0x4e,0x63,0x6e,0x6b,0x6e,0x6b,
    0x4e,0x63,0x4e,0x6b,0x4e,0x63,0x4e,0x63,0x4e,0x63,0x4e,0x63,0x4e,0x63,0x2e,0x63,0x6e,0x6b,0xaf,0x6b,0x2e,0x63,0x4e,0x63,
    0x2e,0x63,0x2d,0x63,0x2e,0x63,0x4e,0x63,0x0d,0x63,0x4e,0x63,0x4e,0x63,0x2e,0x63,0x2d,0x63,0x4e,0x63,0x0d,0x63,0x2e,0x63,
    0x2e,0x63,0x2d,0x63,0x0d,0x5b,0x2d,0x63,0x6f,0x6b,0x2d,0x5b,0x0d,0x63,0x0d,0x5b,0xaf,0x6b,0x4e,0x6b,0x0c,0x5b,0x0d,0x63,
    0xec,0x5a,0x0d,0x63,0x0d,0x5b,0xec,0x5a,0xec,0x62,0x10,0x84,0x6e,0x73,0x0c,0x63,0x0d,0x63,0x0c,0x63,0x0d,0x63,0x0c,0x63,
    0x0c,0x63,0x0c,0x63,0xec,0x62,0xec,0x62,0x0d,0x63,0x0c,0x63,0xec,0x62,0x0d,0x63,0x2c,0x6b,0x0d,0x63,0x0c,0x63,0x0c,0x63,
    0x2d,0x63,0x0c,0x6b,0x2d,0x63,0x2c,0x63,0x4d,0x6b,0x2d,0x6b,0x2c,0x63,0x2d,0x6b,0x2c,0x6b,0x0c,0x63,0x2d,0x6b,0x2d,0x6b,
    0x2d,0x6b,0x0c,0x6b,0x4d,0x6b,0x2d,0x63,0x4d,0x6b,0x2d,0x6b,0x4d,0x63,0x2d,0x6b,0x2d,0x63,0x2d,0x63,0x2d,0x6b,0x2c,0x63,
    0x2d,0x6b,0x2d,0x63,0x2d,0x6b,0x2d,0x63,0x4d,0x6b,0x4d,0x63,0x2d,0x6b,0x2c,0x63,0x2d,0x6b,0x4d,0x6b,0x4d,0x63,0x4d,0x6b,
    0x4d,0x6b,0x4d,0x6b,0x6d,0x6b,0x8e,0x73,0x4d,0x6b,0x4d,0x6b,0x4d,0x6b,0x6e,0x73,0x6e,0x73,0x4d,0x73,0x6e,0x73,0x6e,0x73,
    0x6e,0x73,0x6e,0x73,0xaf,0x7b,0x4e,0x6b,0x8e,0x73,0x6e,0x6b,0x6f,0x73,0x6e,0x6b,0x8e,0x73,0x6f,0x73,0x8f,0x73,0x8e,0x6b,
    0x6e,0x73,0x8f,0x73,0x6e,0x73,0xcf,0x7b,0x8f,0x73,0x6e,0x73,0x8f,0x73,0x8e,0x73,0x8e,0x73,0x6e,0x73,0x8e,0x73,0x6e,0x6b,
    0x8f,0x73,0xaf,0x73,0x8e,0x73,0x6e,0x6b,0xf0,0x83,0xcf,0x7b,0x8e,0x73,0x8f,0x73,0x8e,0x73,0x8f,0x73,0xaf,0x73,0xaf,0x73,
    0x6d,0x6b,0xaf,0x73,0x11,0x84,0xae,0x73,0x8e,0x73,0x6e,0x6b,0x6e,0x6b,0x8f,0x73,0x6e,0x6b,0x6e,0x6b,0x6f,0x6b,0x4e,0x6b,
    0x4e,0x6b,0x6f,0x6b,0x6f,0x6b,0x6e,0x6b,0x4e,0x63,0x6e,0x6b,0x6e,0x6b,0x4e,0x6b,0x6e,0x6b,0x4e,0x63,0x4e,0x6b,0x6e,0x6b,
    0x4e,0x63,0x6e,0x6b,0x4e,0x63,0x4e,0x6b,0x4e,0x63,0x4e,0x6b,0x6e,0x63,0x4e,0x6b,0x4e,0x63,0x4e,0x6b,0x6e,0x6b,0x4e,0x63,
    0x4e,0x63,0x0d,0x63,0x2d,0x63,0x6e,0x6b,0x4e,0x63,0x2d,0x63,0x4e,0x63,0x4d,0x63,0x2d,0x63,0x2d,0x63,0x2e,0x63,0x2d,0x63,
    0x2e,0x63,0x2d,0x63,0x4e,0x63,0x2d,0x5b,0x4e,0x63,0x4d,0x63,0x2e,0x5b,0x0c,0x5b,0x51,0x84,0x4d,0x63,0x4d,0x5b,0x2d,0x63,
    0x2d,0x63,0x2d,0x63,0x2c,0x5b,0x0d,0x63,0x2d,0x63,0x2d,0x63,0x2c,0x63,0x0d,0x63,0x0d,0x63,0x0c,0x63,0x0d,0x63,0x2d,0x6b,
    0x0c,0x63,0x0d,0x6b,0x0c,0x63,0x0c,0x63,0xec,0x62,0x0d,0x6b,0x0c,0x63,0x0c,0x63,0x0c,0x6b,0x0d,0x63,0x0c,0x6b,0x0c,0x63,
    0x2d,0x63,0x0c,0x63,0x0c,0x63,0x0c,0x6b,0x2d,0x63,0x2c,0x6b,0x2d,0x6b,0x2c,0x6b,0x4d,0x6b,0x2c,0x6b,0x2c,0x6b,0x0c,0x63,
    0x2d,0x6b,0x2c,0x6b,0x0d,0x63,0x2c,0x6b,0x2d,0x6b,0x4d,0x6b,0x2d,0x6b,0x2d,0x6b,0x6e,0x73,0x2c,0x63,0x2d,0x6b,0x4d,0x6b,
    0x2d,0x6b,0x4d,0x6b,0x2d,0x63,0x4d,0x6b,0x0c,0x63,0xae,0x73,0xcf,0x7b,0x2c,0x6b,0x2d,0x6b,0x4d,0x6b,0x4d,0x6b,0x4d,0x6b,
    0x4d,0x6b,0x4d,0x6b,0x4d,0x6b,0x4d,0x6b,0x6d,0x6b,0x4d,0x6b,0x4d,0x6b,0x6d,0x6b,0x6d,0x73,0x6d,0x73,0x6d,0x6b,0x8e,0x73,
    0x8e,0x73,0x4d,0x6b,0x6e,0x73,0x8e,0x73,0x6e,0x73,0x6e,0x73,0x8e,0x73,0x6e,0x73,0x6e,0x73,0x8f,0x73,0x8e,0x73,0x8f,0x73,
    0x8e,0x73,0x8e,0x73,0x8e,0x73,0x8f,0x73,0xaf,0x73,0x8e,0x73,0x6e,0x73,0xf0,0x7b,0xaf,0x7b,0x8e,0x73,0xaf,0x73,0x8f,0x7b,
    0x8e,0x73,0x8f,0x73,0x8e,0x73,0xaf,0x73,0xae,0x73,0xaf,0x73,0xcf,0x7b,0x8e,0x73,0x72,0x8c,0x10,0x84,0x8e,0x73,0xaf,0x73,
    0x8e,0x73,0xaf,0x73,0x6e,0x73,0x8f,0x73,0x8e,0x73,0x8f,0x73,0xf0,0x7b,0x8e,0x73,0x6f,0x6b,0xaf,0x73,0xaf,0x7b,0x6e,0x6b,
    0x6e,0x6b,0x6e,0x73,0x8f,0x6b,0x6e,0x6b,0x6e,0x6b,0x8f,0x6b,0x8f,0x73,0x6e,0x6b,0x6f,0x6b,0x8f,0x6b,0x6e,0x6b,0x8f,0x6b,
    0x6e,0x6b,0x6e,0x6b,0x6e,0x6b,0x6e,0x63,0x6e,0x6b,0x4e,0x6b,0x4e,0x63,0x4e,0x6b,0x4e,0x63,0x4e,0x63,0x4e,0x6b,0x6e,0x63,
    0x6e,0x6b,0x4e,0x63,0x6e,0x6b,0x4e,0x6b,0x4e,0x63,0x6e,0x6b,0x6e,0x63,0x4e,0x63,0x4d,0x63,0x6e,0x63,0x0d,0x63,0x10,0x7c,
    0xf0,0x73,0x2d,0x63,0x4e,0x63,0x4d,0x63,0x2d,0x63,0x4e,0x63,0x2d,0x63,0x2d,0x63,0x2e,0x63,0x2d,0x63,0x2d,0x63,0x2d,0x5b,
    0x2d,0x5b,0x6e,0x6b,0x2d,0x63,0x2d,0x63,0x2c,0x5b,0x0d,0x5b,0x2d,0x63,0x2c,0x63,0x0d,0x63,0x2d,0x63,0x0d,0x63,0x0d,0x63,
    0x2d,0x6b,0x2d,0x6b,0x0d,0x6b,0x2d,0x6b,0x0c,0x63,0x0d,0x6b,0x0d,0x6b,0x0c,0x6b,0x2d,0x6b,0x2d,0x6b,0x0c,0x63,0x0d,0x6b,
    0x2d,0x63,0x0c,0x6b,0x2c,0x63,0x0d,0x6b,0x2c,0x63,0x2d,0x6b,0x2c,0x63,0x2d,0x6b,0x2c,0x63,0x2c,0x63,0x2d,0x6b,0x2c,0x63,
    0x2c,0x6b,0x2d,0x63,0x2d,0x6b,0x4c,0x63,0x2d,0x6b,0x4d,0x6b,0x2d,0x6b,0x2d,0x6b,0x2d,0x6b,0x4d,0x6b,0x4d,0x6b,0x2d,0x6b,
    0x4d,0x6b,0x4d,0x6b,0x4d,0x6b,0x4d,0x6b,0x2d,0x63,0x2c,0x6b,0x4d,0x6b,0x2d,0x6b,0x4d,0x6b,0x6e,0x73,0x4d,0x6b,0x4d,0x6b,
    0x6d,0x6b,0x4d,0x6b,0x4d,0x6b,0x4d,0x6b,0x4d,0x6b,0x4d,0x6b,0x4d,0x6b,0x4d,0x6b,0x6e,0x6b,0x6d,0x6b,0x6d,0x73,0x4e,0x6b,
    0x6d,0x6b,0x4e,0x6b,0x6d,0x73,0x6d,0x73,0x6e,0x73,0x6d,0x73,0x6e,0x73,0x8e,0x73,0x8e,0x73,0x8f,0x73,0x6e,0x6b,0xd0,0x7b,
    0x8e,0x73,0x8f,0x73,0x6e,0x73,0xcf,0x7b,0x8f,0x73,0x8f,0x73,0x8e,0x73,0x8e,0x73,0x8f,0x73,0x8e,0x73,0x8f,0x73,0x8e,0x73,
    0x8e,0x73,0x8f,0x73,0x8e,0x73,0xaf,0x73,0xae,0x73,0x8f,0x73,0xae,0x73,0xaf,0x7b,0x8e,0x73,0xaf,0x73,0xcf,0x7b,0xaf,0x73,
    0xae,0x73,0xaf,0x7b,0xcf,0x73,0xaf,0x7b,0xaf,0x7b,0xaf,0x73,0x8e,0x73,0x8e,0x73,0x8e,0x73,0x8f,0x73,0x8e,0x6b,0xae,0x73,
    0x8f,0x73,0xae,0x73,0x8f,0x73,0x31,0x84,0x11,0x84,0x8e,0x73,0x6e,0x73,0x8f,0x73,0x8f,0x73,0x8e,0x73,0x8f,0x6b,0x6e,0x6b,
    0x6e,0x6b,0x8f,0x73,0x6e,0x6b,0x8e,0x6b,0x6e,0x6b,0x6e,0x6b,0x6e,0x6b,0x6e,0x63,0x8f,0x6b,0x6e,0x6b,0x4e,0x63,0x6e,0x6b,
    0x6e,0x6b,0x6e,0x6b,0x6e,0x6b,0x8e,0x6b,0x6e,0x6b,0x6e,0x6b,0x8f,0x6b,0x4e,0x63,0x6e,0x6b,0x4e,0x63,0x4d,0x6b,0x6e,0x6b,
    0x4d,0x63,0x2d,0x63,0x4d,0x63,0x6e,0x6b,0x6e,0x63,0x4e,0x6b,0x4e,0x63,0x2d,0x63,0x4e,0x63,0x4e,0x6b,0x2d,0x63,0x4e,0x63,
    0x2d,0x63,0x4d,0x63,0x4d,0x63,0x4d,0x63,0x4d,0x63,0x0c,0x5b,0x2d,0x63,0x4d,0x63,0x2d,0x63,0x2d,0x63,0x2c,0x5b,0x2d,0x63,
    0x2d,0x63,0x2d,0x5b,0x0c,0x63,0x0c,0x5b,0x2d,0x6b,0x2d,0x6b,0x2d,0x63,0x2d,0x6b,0x2d,0x6b,0x2c,0x6b,0x2d,0x63,0x2c,0x6b,
    0x0d,0x63,0x2c,0x6b,0x2d,0x63,0x0c,0x6b,0x2d,0x6b,0x2c,0x6b,0x0d,0x63,0x0c,0x63,0x0c,0x6b,0x2d,0x63,0x2d,0x6b,0x2c,0x63,
    0x2d,0x6b,0x2d,0x6b,0x2c,0x63,0x2d,0x6b,0x2d,0x6b,0x4c,0x6b,0x2d,0x63,0x2c,0x6b,0x4d,0x6b,0x2d,0x6b,0x4c,0x6b,0x2d,0x6b,
    0x2d,0x63,0x2d,0x6b,0x4d,0x6b,0x4d,0x6b,0x4d,0x6b,0x2d,0x6b,0x4d,0x6b,0x2d,0x6b,0x4d,0x6b,0x4d,0x6b,0x4e,0x6b,0x6e,0x73,
    0x6e,0x6b,0x2d,0x6b,0x4d,0x6b,0x4d,0x6b,0x6e,0x6b,0x4d,0x6b,0x4d,0x6b,0x4d,0x6b,0x4d,0x6b,0x6d,0x6b,0x4d,0x6b,0x4d,0x6b,
    0x4d,0x6b,0x6d,0x73,0x4d,0x6b,0x6d,0x6b,0x6e,0x73,0x6d,0x6b,0x8e,0x73,0x6e,0x73,0x6e,0x6b,0x8e,0x73,0x8e,0x73,0x8f,0x73,
    0x8e,0x73,0x6e,0x73,0x8e,0x73,0x8e,0x73,0x6f,0x73,0x6e,0x6b,0x8f,0x73,0x10,0x84,0x8f,0x73,0x8e,0x73,0xaf,0x73,0x6e,0x6b,
    0xaf,0x7b,0xaf,0x73,0xae,0x73,0x8f,0x73,0xaf,0x7b,0x8e,0x73,0xaf,0x7b,0xaf,0x73,0xaf,0x7b,0xaf,0x7b,0xcf,0x7b,0xaf,0x73,
    0xae,0x73,0xcf,0x7b,0xaf,0x7b,0xce,0x7b,0xaf,0x73,0xae,0x7b,0xaf,0x7b,0xaf,0x73,0xae,0x73,0xaf,0x7b,0xaf,0x73,0xaf,0x7b,
    0xcf,0x73,0xcf,0x7b,0x8f,0x73,0xaf,0x73,0xaf,0x7b,0xcf,0x73,0x8e,0x73,0xcf,0x7b,0xf0,0x7b,0x8e,0x73,0xaf,0x73,0x8f,0x73,
    0x8e,0x73,0x8f,0x6b,0x8e,0x73,0x8f,0x73,0x6e,0x6b,0x6e,0x6b,0x6e,0x6b,0x8f,0x73,0x8e,0x6b,0x6f,0x6b,0x8e,0x6b,0x6e,0x6b,
    0x6e,0x6b,0x8f,0x73,0x6e,0x6b,0x6e,0x6b,0x8e,0x6b,0x6e,0x6b,0x6e,0x6b,0xaf,0x73,0x8f,0x6b,0x4e,0x6b,0x6e,0x63,0x6e,0x6b,
    0x8e,0x6b,0x8e,0x6b,0x8e,0x6b,0xcf,0x73,0x2d,0x63,0x6e,0x6b,0x6e,0x6b,0x6e,0x6b,0x4e,0x63,0x4d,0x6b,0x6e,0x6b,0x4e,0x63,
    0x6e,0x6b,0x4d,0x63,0x2e,0x63,0x4d,0x63,0x4e,0x63,0x6e,0x6b,0x6e,0x63,0x4d,0x6b,0x2d,0x63,0x4d,0x63,0x2d,0x63,0x2c,0x5b,
    0x2d,0x63,0x2d,0x63,0x2d,0x63,0x4d,0x63,0x4d,0x6b,0x2d,0x63,0x2d,0x63,0x0d,0x63,0x2d,0x6b,0x2d,0x6b,0x2c,0x6b,0x2d,0x6b,
    0x0c,0x63,0x0d,0x6b,0x0c,0x63,0x0d,0x6b,0x2c,0x6b,0x2d,0x6b,0x0c,0x63,0x0c,0x6b,0x2d,0x6b,0x2c,0x63,0x2c,0x6b,0x2d,0x6b,
    0x2c,0x6b,0x2d,0x6b,0x2c,0x6b,0x2d,0x6b,0x2c,0x6b,0x2d,0x6b,0x2c,0x6b,0x2c,0x6b,0x4d,0x6b,0x4d,0x6b,0x2d,0x6b,0x4c,0x6b,
    0x4d,0x6b,0x4d,0x6b,0x2d,0x6b,0x4c,0x6b,0x4d,0x6b,0x4d,0x6b,0x4d,0x6b,0x6e,0x73,0x4d,0x6b,0x4d,0x6b,0x4d,0x6b,0x4d,0x6b,
    0x4d,0x6b,0x6e,0x73,0x4d,0x6b,0x6e,0x73,0x8e,0x73,0x4d,0x6b,0x6d,0x6b,0x4d,0x6b,0x4d,0x6b,0x4e,0x6b,0x4d,0x6b,0x4d,0x6b,
    0x6e,0x6b,0x6e,0x6b,0x4d,0x6b,0x6d,0x73,0x6d,0x6b,0x6e,0x6b,0x6d,0x6b,0x6e,0x73,0x4d,0x6b,0x6e,0x73,0x6e,0x6b,0x6e,0x73,
    0x6e,0x73,0x8e,0x73,0x6e,0x73,0x8e,0x73,0x8e,0x73,0x8e,0x73,0x6f,0x73,0xaf,0x73,0x8e,0x73,0x6e,0x73,0xaf,0x73,0x6e,0x73,
    0x6e,0x6b,0x8f,0x73,0xae,0x73,0x8f,0x73,0xae,0x73,0x8f,0x73,0xae,0x7b,0xaf,0x73,0x8e,0x73,0x8f,0x73,0xaf,0x73,0xae,0x7b,
    0xcf,0x7b,0xcf,0x7b,0xae,0x73,0xcf,0x7b,0xf0,0x7b,0xae,0x73,0xae,0x73,0xaf,0x7b,0xaf,0x73,0xaf,0x7b,0xcf,0x73,0xaf,0x7b,
    0xcf,0x7b,0xcf,0x7b,0xaf,0x73,0xcf,0x7b,0xaf,0x7b,0xcf,0x7b,0xcf,0x7b,0xcf,0x73,0xae,0x7b,0xaf,0x73,0xaf,0x73,0x8f,0x73,
    0x8e,0x73,0x8f,0x73,0xaf,0x73,0x8e,0x73,0xaf,0x73,0xaf,0x73,0xaf,0x7b,0x8f,0x6b,0x8e,0x73,0xaf,0x73,0x8e,0x73,0xaf,0x73,
    0xaf,0x73,0x8f,0x73,0x8f,0x6b,0xaf,0x73,0x8f,0x73,0x8e,0x6b,0x6f,0x6b,0x8e,0x73,0x6f,0x6b,0x6e,0x6b,0x4e,0x6b,0x6e,0x6b,
    0x6e,0x6b,0x8e,0x6b,0x8e,0x73,0x6e,0x6b,0x6e,0x6b,0x6e,0x6b,0x6e,0x6b,0x6e,0x6b,0x8e,0x6b,0x8e,0x6b,0x6e,0x6b,0x4d,0x6b,
    0x8e,0x6b,0x6e,0x6b,0x6e,0x6b,0x6e,0x6b,0x6e,0x6b,0x4d,0x63,0x6e,0x6b,0x4d,0x63,0x6e,0x6b,0x4d,0x63,0x6e,0x6b,0x4d,0x63,
    0x4d,0x63,0x2d,0x63,0x6d,0x63,0x4d,0x6b,0x4d,0x63,0x2d,0x63,0x6d,0x6b,0x2d,0x63,0x2d,0x63,0x4d,0x6b,0x4d,0x6b,0x4d,0x63,
    0x2d,0x6b,0x2d,0x63,0x2c,0x6b,0x0d,0x63,0x8e,0x73,0x4d,0x6b,0x0c,0x6b,0x2d,0x6b,0x2d,0x63,0x0d,0x6b,0x2c,0x63,0x2d,0x63,
    0x0c,0x6b,0x2d,0x6b,0x2d,0x6b,0x2d,0x6b,0x4d,0x6b,0x2c,0x6b,0x2d,0x6b,0x2d,0x6b,0x4d,0x6b,0x2c,0x6b,0x4d,0x63,0x2d,0x6b,
    0x4c,0x6b,0x2d,0x6b,0x4d,0x6b,0x4d,0x6b,0x4d,0x6b,0x2c,0x6b,0x4d,0x6b,0x2d,0x6b,0x4d,0x6b,0x4d,0x6b,0x6d,0x73,0x4d,0x6b,
    0x4d,0x6b,0x6e,0x6b,0x6e,0x73,0x6e,0x73,0x4e,0x6b,0x4d,0x6b,0x4e,0x6b,0x6e,0x73,0xcf,0x7b,0x2d,0x6b,0x4e,0x6b,0x6e,0x73,
    0x4d,0x6b,0x6d,0x6b,0x4d,0x6b,0x4d,0x6b,0x6d,0x73,0x4d,0x6b,0x6d,0x6b,0x6e,0x6b,0x6d,0x73,0x6d,0x6b,0xf0,0x83,0x4d,0x6b,
    0x6d,0x6b,0x6e,0x73,0x6e,0x73,0x6d,0x6b,0x8e,0x73,0x8e,0x73,0x6e,0x73,0x6e,0x73,0x8e,0x73,0x8e,0x73,0x8e,0x73,0x6e,0x73,
    0x8e,0x73,0x8e,0x73,0x8f,0x73,0xaf,0x73,0xae,0x73,0x8e,0x73,0x8e,0x73,0xaf,0x7b,0xaf,0x7b,0xae,0x73,0x8f,0x73,0xae,0x73,
    0x8e,0x73,0x10,0x84,0x8e,0x73,0x8f,0x73,0xcf,0x7b,0xaf,0x73,0xaf,0x7b,0xcf,0x7b,0xcf,0x7b,0xcf,0x7b,0xaf,0x7b,0xcf,0x7b,
    0xef,0x7b,0xcf,0x7b,0xcf,0x7b,0xcf,0x7b,0x10,0x84,0xd0,0x7b,0xef,0x7b,0xcf,0x7b,0xcf,0x73,0xcf,0x7b,0xaf,0x7b,0xcf,0x7b,
    0xcf,0x7b,0xcf,0x7b,0xae,0x73,0xaf,0x7b,0xaf,0x73,0xcf,0x7b,0xaf,0x73,0xaf,0x7b,0xaf,0x73,0x8f,0x73,0x8e,0x73,0xaf,0x73,
    0x8f,0x73,0xaf,0x73,0xaf,0x73,0xaf,0x73,0xaf,0x73,0xcf,0x7b,0x8e,0x73,0x8e,0x6b,0xaf,0x73,0x8f,0x73,0x8e,0x73,0x8e,0x73,
    0x8f,0x6b,0x8e,0x73,0x8e,0x6b,0x4d,0x6b,0x6e,0x6b,0x6e,0x6b,0x8e,0x6b,0x6e,0x6b,0x8e,0x6b,0x6d,0x6b,0x8e,0x73,0x6e,0x6b,
    0x6d,0x6b,0x4e,0x6b,0x8e,0x6b,0x8e,0x73,0x6e,0x6b,0x4d,0x6b,0x6e,0x6b,0x6e,0x6b,0x6e,0x6b,0x2d,0x63,0x6e,0x6b,0x4e,0x6b,
    0x4d,0x63,0x4d,0x63,0x4d,0x63,0x6d,0x6b,0x4d,0x63,0x6e,0x6b,0x4d,0x6b,0x6d,0x63,0x4d,0x6b,0x4d,0x63,0x2d,0x63,0x2d,0x6b,
    0x4d,0x63,0x4d,0x6b,0x2d,0x63,0x2d,0x63,0x4d,0x6b,0x2c,0x6b,0x2d,0x6b,0x2c,0x6b,0x4d,0x73,0x4d,0x6b,0x0d,0x6b,0x0c,0x63,
    0x2d,0x6b,0x0d,0x63,0x2d,0x6b,0x0d,0x6b,0x2d,0x63,0x2c,0x6b,0x0d,0x63,0x2d,0x6b,0x4d,0x6b,0x2d,0x6b,0x2d,0x6b,0x4d,0x6b,
    0x2d,0x6b,0x2d,0x6b,0x4d,0x6b,0x2c,0x63,0x6e,0x73,0x4d,0x6b,0x4c,0x6b,0x4d,0x6b,0x6d,0x6b,0x4d,0x6b,0x4d,0x6b,0x4d,0x6b,
    0x2d,0x6b,0x4d,0x6b,0x4d,0x6b,0x2d,0x6b,0x4d,0x6b,0x4d,0x6b,0x4d,0x6b,0x6e,0x73,0x4d,0x6b,0x4e,0x6b,0x4d,0x73,0x6e,0x6b,
    0x6e,0x73,0x6e,0x6b,0x6d,0x73,0x4d,0x6b,0x6e,0x6b,0x4d,0x73,0x6e,0x6b,0x4d,0x6b,0x6e,0x6b,0x6d,0x6b,0x4d,0x6b,0x6d,0x73,
    0x6e,0x6b,0x6d,0x6b,0x6d,0x73,0x6e,0x6b,0x6d,0x73,0x6d,0x6b,0x8e,0x73,0x6e,0x73,0x6e,0x6b,0x6d,0x73,0x6e,0x73,0xaf,0x73,
    0x6e,0x73,0x8e,0x73,0x8e,0x73,0x8f,0x73,0x8e,0x73,0xaf,0x73,0x8e,0x73,0xae,0x7b,0xaf,0x73,0xae,0x7b,0xaf,0x7b,0xae,0x73,
    0xaf,0x73,0xae,0x73,0xaf,0x7b,0xcf,0x7b,0x8e,0x73,0x31,0x8c,0xcf,0x7b,0xaf,0x73,0xaf,0x73,0xae,0x7b,0xcf,0x7b,0xcf,0x7b,
    0xaf,0x7b,0xcf,0x7b,0xef,0x7b,0xae,0x7b,0xcf,0x7b,0xcf,0x7b,0xcf,0x7b,0xcf,0x7b,0x10,0x84,0xcf,0x7b,0xf0,0x7b,0x30,0x84,
    0xaf,0x7b,0xcf,0x7b,0xcf,0x73,0xaf,0x73,0xcf,0x7b,0xcf,0x7b,0xae,0x73,0xaf,0x73,0xcf,0x7b,0xaf,0x7b,0xcf,0x73,0xaf,0x7b,
    0xaf,0x73,0xcf,0x7b,0xaf,0x73,0xaf,0x73,0x8f,0x73,0xaf,0x73,0xaf,0x73,0xaf,0x7b,0xaf,0x73,0x8f,0x73,0xcf,0x73,0x8f,0x73,
    0xaf,0x73,0x8f,0x73,0xaf,0x73,0x8f,0x73,0xcf,0x73,0x8f,0x73,0xaf,0x73,0x51,0x8c,0x31,0x84,0x8e,0x6b,0x8e,0x73,0x8e,0x73,
    0x8e,0x73,0x8e,0x6b,0xaf,0x73,0x8e,0x73,0x8e,0x73,0x4d,0x6b,0x6e,0x6b,0xae,0x73,0x6e,0x6b,0x6d,0x6b,0x6e,0x6b,0x8e,0x73,
    0x4e,0x6b,0x6e,0x6b,0x6d,0x6b,0x6d,0x63,0x6e,0x6b,0x6e,0x6b,0x4d,0x6b,0x4d,0x63,0x6d,0x6b,0x8e,0x6b,0x4d,0x63,0x4e,0x6b,
    0x4d,0x63,0x4d,0x6b,0x4e,0x6b,0x4d,0x63,0x2d,0x6b,0x2d,0x63,0x2d,0x6b,0x2d,0x63,0x4d,0x6b,0x2d,0x6b,0x2c,0x6b,0x2d,0x6b,
    0x4d,0x6b,0x2d,0x6b,0x4d,0x6b,0xaf,0x7b,0x4d,0x6b,0x2d,0x6b,0x0c,0x63,0x2d,0x6b,0x2c,0x6b,0x2d,0x6b,0x2c,0x6b,0x2d,0x6b,
    0x2c,0x6b,0x2d,0x6b,0x4d,0x6b,0x2d,0x6b,0x2c,0x6b,0x4d,0x6b,0x2d,0x63,0x8e,0x73,0xcf,0x7b,0x4d,0x6b,0x2d,0x6b,0x2d,0x6b,
    0x2d,0x6b,0x4d,0x6b,0x4d,0x6b,0x2d,0x6b,0x4d,0x6b,0x4d,0x6b,0x4d,0x6b,0x4d,0x6b,0x4d,0x6b,0x4d,0x6b,0x6d,0x6b,0x4d,0x6b,
    0x4e,0x73,0x4d,0x6b,0x4e,0x6b,0x4e,0x73,0x6e,0x6b,0x4d,0x73,0x6e,0x6b,0x4e,0x6b,0x6d,0x73,0x6e,0x6b,0x6e,0x6b,0x6d,0x73,
    0x4e,0x6b,0x6e,0x73,0x6d,0x6b,0x4e,0x6b,0x6d,0x6b,0x6d,0x73,0x6d,0x6b,0x6d,0x6b,0x8e,0x73,0xaf,0x73,0x6d,0x6b,0x6e,0x73,
    0x8e,0x6b,0x8e,0x73,0x8e,0x73,0x8e,0x73,0x8e,0x73,0x6e,0x73,0x8e,0x73,0x8f,0x73,0x8e,0x73,0x8f,0x73,0x8e,0x73,0xaf,0x7b,
    0xae,0x73,0xae,0x73,0xae,0x73,0x8e,0x73,0xae,0x73,0xaf,0x7b,0x8e,0x73,0xae,0x73,0xcf,0x7b,0xaf,0x73,0xaf,0x73,0xef,0x7b,
    0xcf,0x7b,0xcf,0x7b,0xae,0x73,0xaf,0x73,0xcf,0x7b,0xce,0x7b,0xaf,0x73,0xcf,0x7b,0xce,0x73,0xcf,0x7b,0xcf,0x7b,0xcf,0x7b,
    0xaf,0x73,0xcf,0x7b,0xcf,0x7b,0xcf,0x7b,0xaf,0x73,0xaf,0x73,0xcf,0x7b,0xce,0x7b,0xcf,0x73,0xaf,0x73,0xae,0x73,0x51,0x8c,
    0xf0,0x7b,0xaf,0x73,0xcf,0x7b,0xcf,0x7b,0xcf,0x7b,0xaf,0x73,0xaf,0x7b,0xaf,0x73,0xaf,0x73,0xaf,0x7b,0x8e,0x73,0xaf,0x73,
    0xae,0x73,0xaf,0x73,0xcf,0x7b,0xaf,0x73,0x8f,0x73,0x8e,0x73,0x8e,0x6b,0x8e,0x73,0x8f,0x73,0x6e,0x6b,0xef,0x7b,0x72,0x8c,
    0xae,0x73,0x8e,0x73,0x10,0x7c,0x8e,0x73,0x8e,0x6b,0x8e,0x73,0x8e,0x73,0x8e,0x73,0x8e,0x6b,0x6d,0x6b,0x8e,0x73,0x6e,0x6b,
    0x8e,0x73,0x8e,0x73,0x8e,0x6b,0x6e,0x6b,0x8e,0x6b,0x8e,0x6b,0x6e,0x6b,0x6e,0x6b,0x8e,0x6b,0x6d,0x6b,0x8e,0x6b,0xaf,0x73,
    0x4d,0x63,0x4c,0x6b,0x4d,0x6b,0x6d,0x6b,0x4d,0x6b,0x4d,0x6b,0x4d,0x6b,0x4e,0x6b,0x4d,0x6b,0x4d,0x6b,0x4d,0x6b,0x2d,0x63,
    0x2c,0x6b,0x2d,0x6b,0x2c,0x6b,0x4d,0x6b,0x2d,0x6b,0x4d,0x6b,0x2c,0x6b,0x6d,0x73,0x4d,0x6b,0x2d,0x6b,0x2c,0x63,0x2d,0x6b,
    0x2c,0x63,0x2d,0x6b,0x2c,0x63,0x4d,0x6b,0x2d,0x6b,0x4d,0x6b,0x2c,0x6b,0x2d,0x63,0x2d,0x6b,0x2d,0x6b,0x2d,0x6b,0x4d,0x6b,
    0x4d,0x6b,0x4d,0x6b,0x2c,0x63,0xf0,0x7b,0xae,0x73,0x2d,0x6b,0x4d,0x6b,0x4d,0x6b,0x4d,0x6b,0x4d,0x6b,0x2d,0x63,0x4d,0x6b,
    0x4d,0x6b,0x6e,0x6b,0x4d,0x73,0x4d,0x6b,0x4e,0x6b,0x6e,0x73,0x6d,0x6b,0x6e,0x73,0x6d,0x6b,0x6e,0x6b,0x4e,0x73,0x6d,0x6b,
    0x6e,0x73,0x6e,0x6b,0x6e,0x73,0x6e,0x6b,0x4d,0x6b,0x6d,0x6b,0x4e,0x6b,0x6d,0x6b,0x6e,0x73,0x6e,0x6b,0x8e,0x73,0x6e,0x6b,
    0x8d,0x73,0x8e,0x73,0x6e,0x6b,0x6d,0x73,0x6e,0x73,0x8e,0x73,0x8e,0x73,0x8e,0x73,0x8e,0x73,0x8f,0x73,0x8e,0x73,0x8f,0x73,
    0xae,0x73,0xaf,0x7b,0xae,0x73,0xaf,0x73,0xaf,0x7b,0xae,0x73,0xaf,0x7b,0xae,0x73,0xaf,0x7b,0xae,0x73,0xcf,0x7b,0xcf,0x7b,
    0xaf,0x73,0xce,0x7b,0xaf,0x7b,0xcf,0x7b,0xaf,0x7b,0xcf,0x7b,0xaf,0x73,0xce,0x7b,0xaf,0x7b,0xae,0x73,0xcf,0x7b,0xcf,0x7b,
    0xcf,0x7b,0xaf,0x7b,0xce,0x73,0xcf,0x7b,0xcf,0x7b,0xef,0x7b,0xcf,0x7b,0xef,0x7b,0x51,0x8c,0xce,0x7b,0xcf,0x73,0xae,0x73,
    0xae,0x7b,0xae,0x7b,0xcf,0x7b,0xaf,0x73,0xae,0x7b,0xaf,0x73,0xcf,0x7b,0xaf,0x73,0xaf,0x7b,0xaf,0x73,0xaf,0x73,0xcf,0x7b,
    0xaf,0x73,0xae,0x73,0xcf,0x73,0xaf,0x73,0xaf,0x7b,0xaf,0x73,0x8e,0x73,0xd0,0x7b,0xb3,0x94,0xae,0x73,0x8f,0x73,0xaf,0x73,
    0x8e,0x73,0x8e,0x73,0x8e,0x73,0x8e,0x6b,0xae,0x73,0x8e,0x73,0xae,0x73,0xaf,0x73,0x8e,0x73,0x8e,0x73,0x8e,0x73,0xae,0x73,
    0x8e,0x73,0x8e,0x73,0x8e,0x73,0x8e,0x73,0xae,0x73,0x8e,0x73,0x8e,0x6b,0x8e,0x73,0x8e,0x73,0x6e,0x6b,0x6d,0x6b,0x8e,0x6b,
    0x4d,0x6b,0x4d,0x6b,0x8e,0x73,0x8d,0x6b,0x4d,0x6b,0x4d,0x63,0x4d,0x63,0x4d,0x6b,0x4d,0x6b,0x4d,0x63,0x4d,0x6b,0x4d,0x63,
    0x4e,0x6b,0x2d,0x63,0x2d,0x6b,0x4d,0x6b,0x2d,0x6b,0x2d,0x6b,0x4d,0x6b,0x4d,0x6b,0x2c,0x6b,0x2d,0x6b,0x2d,0x6b,0x0c,0x63,
    0x4d,0x6b,0x4e,0x6b,0x4d,0x6b,0x2d,0x6b,0x2d,0x63,0x2c,0x6b,0x4d,0x6b,0x4d,0x6b,0x2c,0x63,0x2d,0x6b,0x4d,0x6b,0x2c,0x6b,
    0x4d,0x6b,0x4d,0x63,0x2d,0x6b,0x4d,0x63,0x2d,0x6b,0x4d,0x6b,0x2d,0x63,0xcf,0x7b,0x6e,0x73,0x4d,0x6b,0x4d,0x6b,0x4d,0x6b,
    0x4d,0x63,0x4d,0x6b,0x4d,0x6b,0x4d,0x6b,0x4d,0x6b,0x6d,0x6b,0x4e,0x6b,0x6e,0x73,0x6d,0x6b,0x4e,0x6b,0x4d,0x6b,0x6e,0x73,
    0x6e,0x73,0x4e,0x6b,0x6e,0x6b,0x6e,0x73,0x6e,0x6b,0x6e,0x73,0x8e,0x73,0x6e,0x6b,0x4d,0x73,0x6e,0x6b,0xcf,0x7b,0x6d,0x6b,
    0x8e,0x73,0x6d,0x6b,0x6d,0x73,0x8e,0x6b,0x8e,0x73,0x6e,0x73,0x8e,0x73,0x8e,0x73,0x8e,0x73,0x8e,0x73,0x6e,0x73,0x8e,0x73,
    0x8e,0x73,0xaf,0x73,0xaf,0x7b,0xae,0x73,0x8e,0x73,0x8f,0x73,0xaf,0x7b,0xae,0x73,0xaf,0x7b,0xae,0x73,0xcf,0x7b,0xae,0x73,
    0xcf,0x7b,0xae,0x73,0xcf,0x7b,0xef,0x7b,0xcf,0x7b,0xaf,0x73,0xcf,0x7b,0xce,0x73,0x31,0x84,0xcf,0x7b,0xcf,0x7b,0xce,0x7b,
    0xcf,0x7b,0xcf,0x7b,0xcf,0x7b,0xef,0x7b,0xcf,0x7b,0xcf,0x7b,0xcf,0x7b,0xf0,0x7b,0xef,0x7b,0xf0,0x7b,0xef,0x7b,0xf0,0x7b,
    0x10,0x84,0xcf,0x7b,0xae,0x73,0x72,0x8c,0x10,0x84,0xae,0x73,0xcf,0x7b,0xcf,0x7b,0xcf,0x7b,0xae,0x73,0xcf,0x7b,0xcf,0x7b,
    0xcf,0x73,0xcf,0x7b,0xaf,0x7b,0xcf,0x73,0xaf,0x7b,0xaf,0x73,0xcf,0x7b,0xae,0x73,0xaf,0x73,0xcf,0x7b,0xaf,0x73,0xce,0x73,
    0xf0,0x7b,0xaf,0x7b,0xae,0x73,0xaf,0x73,0xaf,0x73,0xef,0x7b,0xaf,0x73,0x8e,0x73,0xae,0x73,0xaf,0x7b,0xae,0x73,0xae,0x7b,
    0xcf,0x73,0xcf,0x7b,0x8e,0x73,0xae,0x73,0x8e,0x73,0xae,0x73,0x8e,0x73,0x8e,0x73,0x6d,0x6b,0x8e,0x73,0x8e,0x73,0x8e,0x73,
    0x8e,0x6b,0x8d,0x73,0x6e,0x73,0x6e,0x6b,0x8e,0x73,0x6e,0x6b,0x6d,0x6b,0x4d,0x6b,0x8e,0x6b,0x6d,0x73,0x6d,0x6b,0x4d,0x6b,
    0x4d,0x6b,0x4d,0x6b,0x4d,0x6b,0x4e,0x6b,0x4d,0x6b,0x4d,0x63,0x4d,0x6b,0x4d,0x6b,0x4d,0x6b,0x4d,0x6b,0x2d,0x6b,0x4d,0x6b,
    0x4d,0x6b,0x2d,0x6b,0x2c,0x6b,0x2d,0x6b,0x2d,0x6b,0x4d,0x6b,0x2d,0x6b,0x4d,0x6b,0x2c,0x63,0x2d,0x6b,0x2d,0x6b,0x4d,0x6b,
    0x2d,0x6b,0x4d,0x6b,0x2d,0x6b,0x2d,0x63,0x4d,0x6b,0x4d,0x6b,0x2d,0x6b,0x2d,0x6b,0x4d,0x6b,0x4d,0x6b,0x4d,0x6b,0x2d,0x6b,
    0x2d,0x63,0x4d,0x6b,0x4d,0x6b,0x4d,0x6b,0x4d,0x6b,0x4d,0x6b,0x4d,0x6b,0x6d,0x6b,0x4d,0x6b,0x6e,0x73,0x6d,0x73,0x4d,0x6b,
    0x6e,0x73,0x6e,0x6b,0x4e,0x6b,0x6e,0x73,0x6e,0x6b,0x6e,0x73,0x6e,0x73,0x6e,0x6b,0x6d,0x6b,0x6e,0x73,0x6e,0x6b,0x6e,0x73,
    0x6d,0x6b,0x8e,0x73,0x8e,0x73,0x6e,0x6b,0x6d,0x73,0x6e,0x6b,0x8e,0x73,0x8e,0x73,0x8e,0x73,0xae,0x73,0x8e,0x73,0x8e,0x73,
    0x8e,0x73,0xae,0x73,0xae,0x73,0x8e,0x73,0x8e,0x73,0xaf,0x7b,0xae,0x73,0x8e,0x73,0x10,0x84,0xf0,0x7b,0xae,0x73,0xae,0x73,
    0xaf,0x7b,0xce,0x73,0xcf,0x7b,0xaf,0x73,0xae,0x7b,0xcf,0x7b,0xcf,0x73,0xaf,0x73,0xef,0x7b,0xcf,0x7b,0xcf,0x7b,0xaf,0x7b,
    0x50,0x8c,0x30,0x84,0xae,0x7b,0xcf,0x7b,0xcf,0x7b,0xcf,0x7b,0xcf,0x7b,0xce,0x7b,0xcf,0x7b,0xcf,0x7b,0xcf,0x7b,0xcf,0x7b,
    0xef,0x7b,0xef,0x83,0xcf,0x7b,0xcf,0x7b,0xae,0x73,0xef,0x7b,0xef,0x83,0xef,0x7b,0xef,0x7b,0xcf,0x7b,0xef,0x7b,0xcf,0x7b,
    0xcf,0x73,0xcf,0x7b,0xaf,0x73,0xcf,0x7b,0xcf,0x7b,0xaf,0x73,0xaf,0x7b,0xcf,0x7b,0xcf,0x7b,0xcf,0x7b,0xcf,0x7b,0xcf,0x7b,
    0xaf,0x7b,0xcf,0x73,0xcf,0x7b,0xcf,0x7b,0xae,0x73,0xf0,0x7b,0xaf,0x7b,0x10,0x84,0xf0,0x7b,0xcf,0x7b,0xaf,0x7b,0xae,0x73,
    0xaf,0x73,0xaf,0x7b,0xaf,0x73,0xae,0x73,0x8e,0x73,0xae,0x73,0xae,0x73,0xae,0x7b,0xae,0x73,0xae,0x7b,0xae,0x73,0x8e,0x73,
    0xae,0x73,0x8e,0x73,0xae,0x73,0xae,0x73,0xae,0x73,0x8e,0x73,0xcf,0x73,0xef,0x7b,0x6d,0x6b,0x6e,0x73,0x8d,0x6b,0x6e,0x73,
    0x6d,0x6b,0x6d,0x6b,0x6d,0x6b,0x6d,0x6b,0x6d,0x6b,0x6d,0x6b,0x4d,0x6b,0x6d,0x6b,0x4e,0x6b,0x2d,0x6b,0x4d,0x6b,0x6d,0x6b,
    0x2c,0x6b,0x4d,0x6b,0x6d,0x73,0x4d,0x6b,0x2c,0x6b,0x2d,0x6b,0x4d,0x6b,0x4d,0x6b,0x4d,0x6b,0x4d,0x6b,0x2d,0x63,0x2c,0x6b,
    0x2d,0x6b,0x4c,0x63,0x4d,0x6b,0x4d,0x6b,0x4d,0x6b,0x2d,0x6b,0x4d,0x6b,0x2c,0x6b,0x2d,0x6b,0x2d,0x6b,0x4d,0x6b,0x4e,0x6b,
    0x2d,0x6b,0x4d,0x6b,0x4d,0x6b,0x4e,0x6b,0x4d,0x6b,0x4d,0x6b,0x4d,0x6b,0x6e,0x6b,0x6d,0x73,0x4d,0x6b,0x6e,0x6b,0x4e,0x73,
    0x4d,0x6b,0x8e,0x73,0xaf,0x73,0x4d,0x6b,0x6e,0x6b,0x4d,0x73,0x6e,0x6b,0x8e,0x73,0x6e,0x73,0x6d,0x6b,0x6e,0x73,0x6e,0x73,
    0x6e,0x6b,0x8e,0x73,0x6e,0x73,0x8e,0x73,0x6e,0x73,0x8e,0x73,0x6e,0x73,0x6e,0x73,0x8e,0x6b,0x8e,0x73,0x8e,0x73,0x8e,0x73,
    0x8e,0x73,0x8e,0x73,0x8e,0x73,0x8e,0x73,0xae,0x73,0x8e,0x73,0xaf,0x7b,0xaf,0x73,0x8e,0x73,0xaf,0x7b,0xaf,0x73,0xaf,0x7b,
    0xcf,0x73,0xaf,0x7b,0xaf,0x7b,0xcf,0x7b,0xcf,0x7b,0xaf,0x7b,0xcf,0x7b,0xef,0x7b,0xcf,0x7b,0xcf,0x7b,0xcf,0x7b,0xef,0x7b,
    0xcf,0x7b,0xcf,0x7b,0xef,0x7b,0xcf,0x7b,0xef,0x7b,0xcf,0x7b,0xef,0x7b,0xef,0x7b,0xcf,0x7b,0x0f,0x84,0xef,0x7b,0xef,0x7b,
    0xef,0x83,0xef,0x7b,0xcf,0x7b,0xef,0x7b,0x10,0x84,0xf0,0x7b,0xef,0x7b,0xf0,0x83,0x30,0x84,0xf0,0x83,0xef,0x7b,0xcf,0x7b,
    0xef,0x7b,0xef,0x7b,0xef,0x7b,0xcf,0x7b,0x0f,0x7c,0xef,0x83,0xcf,0x7b,0xef,0x7b,0xef,0x7b,0xcf,0x7b,0xef,0x7b,0xcf,0x7b,
    0xcf,0x7b,0xef,0x7b,0xcf,0x73,0xcf,0x7b,0xcf,0x7b,0xcf,0x7b,0xcf,0x7b,0xcf,0x7b,0xcf,0x7b,0x30,0x84,0xcf,0x7b,0x30,0x84,
    0xcf,0x7b,0xae,0x73,0xaf,0x73,0xcf,0x7b,0xcf,0x7b,0xce,0x7b,0xae,0x73,0xcf,0x7b,0xae,0x7b,0x8e,0x73,0xae,0x7b,0xaf,0x73,
    0xae,0x7b,0xae,0x73,0x8e,0x73,0xae,0x7b,0xae,0x73,0xae,0x73,0xae,0x7b,0xaf,0x73,0x8e,0x73,0x8d,0x73,0x6d,0x6b,0x8e,0x73,
    0xae,0x73,0x8e,0x73,0x8e,0x73,0x8e,0x6b,0x8e,0x73,0x6d,0x6b,0x4d,0x6b,0x6e,0x6b,0x4d,0x6b,0x6e,0x6b,0x6d,0x6b,0x4d,0x6b,
    0x6d,0x6b,0x4d,0x6b,0x6d,0x6b,0x4d,0x6b,0x2d,0x6b,0x2d,0x6b,0x4d,0x6b,0x6d,0x73,0x2d,0x6b,0x4d,0x6b,0x2d,0x6b,0x2d,0x6b,
    0x2d,0x63,0x2d,0x6b,0x4d,0x6b,0x4d,0x6b,0x4d,0x6b,0x2d,0x6b,0x4d,0x6b,0x2c,0x6b,0x4d,0x6b,0x4d,0x6b,0x4d,0x6b,0x2d,0x6b,
    0x4d,0x63,0x4d,0x6b,0x4e,0x6b,0x4d,0x6b,0x4d,0x6b,0x4d,0x6b,0x4d,0x6b,0x2d,0x6b,0x6e,0x73,0x4d,0x6b,0x4d,0x6b,0x4d,0x6b,
    0x6e,0x6b,0x4d,0x6b,0x4d,0x6b,0x4d,0x6b,0x4d,0x6b,0x4d,0x6b,0x6e,0x6b,0x6d,0x73,0x6e,0x73,0x6e,0x6b,0x6e,0x73,0x6e,0x73,
    0x6e,0x73,0x8e,0x73,0x8e,0x6b,0x6e,0x6b,0x6e,0x73,0x8e,0x73,0x8e,0x73,0x8e,0x73,0x8f,0x73,0x8e,0x6b,0x8e,0x73,0x8e,0x73,
    0x6e,0x73,0x8e,0x73,0x8e,0x73,0x8e,0x73,0x8e,0x73,0x8e,0x73,0x8e,0x73,0x8e,0x73,0xae,0x73,0x8e,0x73,0x8e,0x73,0xae,0x7b,
    0xcf,0x7b,0xae,0x73,0xcf,0x7b,0xae,0x7b,0xcf,0x7b,0xaf,0x73,0xcf,0x7b,0xae,0x73,0xcf,0x7b,0xcf,0x7b,0xce,0x73,0xcf,0x7b,
    0xcf,0x7b,0xcf,0x73,0xef,0x83,0xf0,0x7b,0xef,0x83,0xef,0x7b,0xcf,0x7b,0xef,0x7b,0xef,0x7b,0xef,0x7b,0xf0,0x83,0x30,0x84,
    0xef,0x7b,0xef,0x7b,0x10,0x84,0xef,0x7b,0x10,0x84,0xf0,0x83,0xef,0x7b,0xcf,0x7b,0xf0,0x83,0x10,0x84,0x10,0x84,0xef,0x7b,
    0x92,0x94,0xef,0x7b,0xcf,0x7b,0x10,0x84,0xef,0x7b,0xef,0x7b,0xef,0x7b,0xef,0x83,0xf0,0x7b,0x10,0x84,0xef,0x7b,0xcf,0x7b,
    0xcf,0x7b,0xef,0x7b,0xcf,0x7b,0xcf,0x7b,0xcf,0x73,0xcf,0x7b,0xef,0x7b,0xef,0x7b,0xcf,0x7b,0xef,0x7b,0x10,0x84,0xae,0x73,
    0xcf,0x7b,0xaf,0x7b,0xae,0x73,0xaf,0x7b,0xcf,0x7b,0x10,0x84,0x51,0x8c,0xae,0x73,0xaf,0x7b,0xaf,0x73,0xae,0x73,0xcf,0x7b,
    0xaf,0x73,0xae,0x7b,0xae,0x73,0x8e,0x73,0xae,0x73,0xaf,0x7b,0xae,0x73,0x8e,0x73,0xae,0x7b,0x8e,0x73,0xae,0x73,0x8d,0x73,
    0x8e,0x73,0x8e,0x73,0x8e,0x73,0x6d,0x73,0x8e,0x73,0x8e,0x6b,0x8d,0x73,0x8e,0x73,0x8d,0x73,0x8e,0x6b,0x6e,0x73,0x6d,0x6b,
    0x8d,0x73,0x6d,0x6b,0x6e,0x6b,0x8e,0x73,0x6e,0x6b,0x4d,0x6b,0x6e,0x6b,0x4d,0x6b,0x4d,0x6b,0x8e,0x73,0x4d,0x6b,0x2d,0x6b,
    0x4d,0x6b,0x2d,0x6b,0x2c,0x6b,0x4d,0x6b,0x4d,0x6b,0x4d,0x6b,0x2d,0x6b,0x4d,0x6b,0x4d,0x6b,0x4c,0x6b,0x2d,0x63,0x4d,0x6b,
    0x4d,0x6b,0x4d,0x6b,0x4d,0x6b,0x4d,0x6b,0x4d,0x6b,0x4d,0x6b,0x4d,0x6b,0x4d,0x6b,0x4e,0x6b,0x4d,0x6b,0x4d,0x6b,0x4d,0x6b,
    0x4d,0x6b,0x4e,0x73,0x4d,0x6b,0x6e,0x73,0x6d,0x73,0x6e,0x6b,0x4d,0x73,0x4e,0x6b,0x6d,0x6b,0x6e,0x73,0x6e,0x6b,0x8e,0x73,
    0x8f,0x73,0x6d,0x6b,0x8e,0x73,0x6e,0x73,0x6e,0x6b,0x6e,0x73,0x6e,0x73,0x8f,0x73,0x8e,0x73,0x8e,0x73,0x8e,0x73,0x6e,0x6b,
    0x8d,0x73,0x8e,0x73,0x8e,0x73,0x8e,0x73,0xae,0x73,0x8e,0x73,0x8e,0x73,0xae,0x73,0x8e,0x73,0xae,0x73,0x8e,0x73,0xae,0x73,
    0x8e,0x73,0xae,0x7b,0xae,0x73,0xae,0x73,0xaf,0x73,0xaf,0x7b,0xae,0x73,0xaf,0x7b,0xcf,0x7b,0xaf,0x7b,0xcf,0x7b,0xcf,0x7b,
    0xaf,0x7b,0xcf,0x7b,0xcf,0x7b,0xcf,0x7b,0xcf,0x7b,0xef,0x7b,0xcf,0x7b,0xcf,0x7b,0xef,0x7b,0xf0,0x83,0xcf,0x7b,0xef,0x7b,
    0xef,0x83,0xf0,0x83,0xef,0x7b,0xef,0x83,0xef,0x7b,0xef,0x83,0x0f,0x84,0xf0,0x83,0x0f,0x7c,0xef,0x7b,0xf0,0x83,0xef,0x7b,
    0xcf,0x7b,0xef,0x7b,0xef,0x83,0x10,0x84,0xcf,0x7b,0xef,0x7b,0x0f,0x7c,0x0f,0x84,0xef,0x7b,0xef,0x7b,0x0f,0x84,0xef,0x7b,
    0xef,0x7b,0xef,0x7b,0xef,0x7b,0xef,0x7b,0xef,0x7b,0xcf,0x7b,0xcf,0x7b,0xcf,0x7b,0xcf,0x7b,0xef,0x7b,0xcf,0x7b,0x51,0x8c,
    0xef,0x83,0xcf,0x7b,0xcf,0x7b,0xce,0x7b,0xcf,0x7b,0xce,0x7b,0xcf,0x7b,0xcf,0x7b,0xae,0x73,0x10,0x84,0x71,0x8c,0xaf,0x7b,
    0xae,0x7b,0xaf,0x73,0xef,0x83,0xcf,0x7b,0xaf,0x7b,0xaf,0x7b,0xaf,0x7b,0xaf,0x7b,0xae,0x73,0xae,0x7b,0x10,0x84,0xae,0x73,
    0xae,0x73,0xae,0x73,0xae,0x7b,0xaf,0x73,0xae,0x73,0x8e,0x73,0x8e,0x6b,0x6d,0x6b,0x8e,0x73,0x8e,0x73,0x8e,0x73,0xae,0x73,
    0x6e,0x73,0x8e,0x73,0x8d,0x73,0x6e,0x6b,0x6d,0x6b,0x6e,0x73,0x6d,0x6b,0x6e,0x6b,0x8d,0x73,0x4d,0x6b,0x6d,0x6b,0x4d,0x6b,
    0x4d,0x6b,0x4d,0x73,0x2d,0x6b,0x6d,0x73,0x4d,0x6b,0x4d,0x6b,0x4d,0x6b,0x4d,0x6b,0x2c,0x6b,0x6d,0x6b,0x4d,0x6b,0x4d,0x6b,
    0x4d,0x6b,0x4d,0x6b,0x4d,0x6b,0x4d,0x6b,0x4d,0x6b,0x6d,0x6b,0x4d,0x6b,0x6d,0x73,0x4d,0x6b,0x6d,0x6b,0x6e,0x6b,0x4d,0x6b,
    0x4d,0x6b,0x4d,0x6b,0x6e,0x73,0x4e,0x6b,0x4d,0x6b,0x6e,0x6b,0x6d,0x73,0x6e,0x73,0x6e,0x6b,0x6d,0x73,0x6e,0x6b,0x6e,0x73,
    0x6e,0x6b,0x6e,0x73,0x6d,0x73,0x6e,0x73,0x6e,0x73,0x6e,0x73,0x8e,0x73,0x6e,0x73,0x8e,0x73,0x8f,0x73,0x8e,0x73,0x6e,0x73,
    0x6e,0x73,0x8f,0x73,0x6e,0x6b,0xcf,0x7b,0xcf,0x7b,0x8e,0x73,0x8e,0x73,0x8f,0x73,0x8e,0x73,0xae,0x73,0x8e,0x73,0x8e,0x73,
    0x8e,0x73,0x8e,0x73,0xae,0x7b,0xf0,0x83,0xae,0x73,0xcf,0x7b,0x51,0x8c,0x8f,0x73,0xcf,0x7b,0xcf,0x7b,0xcf,0x7b,0xaf,0x7b,
    0xcf,0x73,0xcf,0x7b,0xcf,0x7b,0xcf,0x7b,0xcf,0x7b,0xef,0x7b,0xcf,0x7b,0xef,0x7b,0xef,0x7b,0xef,0x83,0xf0,0x7b,0xef,0x7b,
    0x10,0x84,0xef,0x7b,0xef,0x83,0xf0,0x7b,0xef,0x7b,0xef,0x83,0x10,0x84,0x0f,0x84,0xef,0x83,0xf0,0x7b,0x0f,0x84,0x10,0x84,
    0xf0,0x83,0x0f,0x84,0x10,0x84,0x10,0x84,0xef,0x83,0x10,0x84,0x10,0x84,0xef,0x7b,0x10,0x84,0x10,0x84,0x10,0x84,0x10,0x84,
    0x0f,0x7c,0xef,0x83,0x10,0x7c,0xef,0x83,0x10,0x84,0xef,0x7b,0xef,0x83,0x0f,0x84,0xef,0x7b,0xef,0x83,0xef,0x7b,0xef,0x7b,
    0xef,0x7b,0xcf,0x7b,0xef,0x83,0xcf,0x7b,0xcf,0x7b,0xef,0x7b,0xce,0x7b,0xef,0x7b,0xef,0x7b,0xef,0x7b,0xef,0x7b,0xef,0x7b,
    0xcf,0x7b,0xcf,0x7b,0xcf,0x7b,0xcf,0x7b,0xcf,0x7b,0xaf,0x7b,0xb3,0x94,0x14,0xa5,0x8e,0x73,0xef,0x7b,0xae,0x7b,0xaf,0x7b,
    0xcf,0x7b,0xae,0x7b,0xae,0x73,0xaf,0x7b,0xaf,0x7b,0xaf,0x7b,0xae,0x73,0xae,0x73,0xae,0x73,0xae,0x73,0xae,0x7b,0x8e,0x73,
    0x8e,0x73,0x8d,0x73,0x8e,0x73,0x8d,0x73,0x8e,0x6b,0x8e,0x73,0x8d,0x73,0x8e,0x73,0x8e,0x6b,0x6d,0x6b,0x6d,0x73,0x6e,0x6b,
    0x4d,0x6b,0x6e,0x6b,0x6e,0x6b,0x4d,0x6b,0x6e,0x73,0x4d,0x6b,0x4d,0x6b,0x4d,0x6b,0x4d,0x73,0x4d,0x6b,0x6d,0x73,0x4d,0x6b,
    0x4d,0x6b,0x4d,0x6b,0x4d,0x6b,0x6d,0x6b,0x4c,0x6b,0x4d,0x6b,0x4c,0x6b,0x4d,0x6b,0x6d,0x6b,0x4d,0x6b,0x4d,0x6b,0x6d,0x6b,
    0x6e,0x73,0x6d,0x73,0x4d,0x6b,0x6e,0x73,0x6d,0x73,0x6e,0x73,0x4d,0x6b,0x6e,0x73,0x4d,0x73,0x6e,0x73,0x6e,0x73,0x6d,0x73,
    0x6e,0x6b,0x6e,0x73,0x6d,0x6b,0x8e,0x73,0x6e,0x73,0x6e,0x73,0x6e,0x6b,0x8e,0x73,0x6e,0x6b,0x6e,0x73,0x6e,0x6b,0x6e,0x73,
    0x8e,0x73,0x8e,0x73,0x8f,0x73,0x8e,0x73,0x8e,0x73,0x6e,0x73,0x8e,0x73,0xaf,0x7b,0xcf,0x7b,0x8f,0x73,0xaf,0x73,0x8e,0x73,
    0xaf,0x73,0xaf,0x7b,0xaf,0x73,0xae,0x7b,0xaf,0x73,0xae,0x7b,0xf0,0x7b,0x10,0x84,0xae,0x73,0xaf,0x7b,0xef,0x83,0xcf,0x7b,
    0xcf,0x7b,0xcf,0x7b,0xcf,0x7b,0xcf,0x7b,0xcf,0x7b,0xaf,0x7b,0x31,0x84,0x92,0x94,0xaf,0x7b,0xcf,0x7b,0xcf,0x7b,0xf0,0x7b,
    0xef,0x7b,0xf0,0x7b,0x0f,0x84,0xcf,0x7b,0x10,0x84,0x10,0x84,0xf0,0x83,0x0f,0x84,0xf0,0x83,0x10,0x84,0x10,0x7c,0x10,0x84,
    0x10,0x84,0x10,0x84,0x0f,0x7c,0xf0,0x7b,0xef,0x7b,0xef,0x7b,0x10,0x84,0x10,0x84,0x10,0x84,0x10,0x84,0x10,0x84,0x10,0x84,
    0xf0,0x83,0x10,0x84,0x10,0x84,0x10,0x84,0x30,0x84,0x30,0x84,0x0f,0x84,0xf0,0x7b,0xef,0x7b,0x0f,0x84,0xf0,0x7b,0x10,0x84,
    0x10,0x84,0xef,0x7b,0xf0,0x83,0xef,0x7b,0x10,0x84,0xef,0x83,0xf0,0x7b,0xef,0x7b,0xef,0x7b,0xcf,0x7b,0xef,0x7b,0x30,0x8c,
    0xf0,0x83,0xef,0x7b,0xcf,0x83,0xcf,0x7b,0xef,0x7b,0xcf,0x7b,0xcf,0x7b,0xcf,0x7b,0xcf,0x7b,0xcf,0x7b,0xcf,0x83,0xcf,0x7b,
    0xcf,0x7b,0xef,0x83,0xcf,0x7b,0xcf,0x7b,0xcf,0x7b,0xcf,0x7b,0xaf,0x7b,0xce,0x73,0xcf,0x7b,0xae,0x73,0xcf,0x7b,0xae,0x7b,
    0x8e,0x73,0x8e,0x73,0xae,0x73,0xae,0x73,0x8e,0x73,0x8d,0x73,0x10,0x84,0x10,0x84,0x6d,0x6b,0x8e,0x73,0x8e,0x73,0xae,0x73,
    0x6d,0x73,0x4d,0x6b,0x6e,0x6b,0x6d,0x73,0x6d,0x6b,0x6d,0x73,0x4d,0x6b,0x4d,0x6b,0x6d,0x73,0x4d,0x73,0x6d,0x73,0x4d,0x6b,
    0x4d,0x6b,0x4d,0x6b,0x4d,0x6b,0x4d,0x73,0x4d,0x6b,0x6d,0x73,0x4d,0x6b,0x6d,0x6b,0x4d,0x6b,0x4d,0x6b,0x6d,0x6b,0x4d,0x6b,
    0x6d,0x73,0x6d,0x73,0x6d,0x73,0x6d,0x73,0x6d,0x6b,0x6e,0x73,0x6d,0x73,0x6d,0x6b,0x4d,0x73,0x6d,0x6b,0x6d,0x73,0x6e,0x73,
    0x6d,0x6b,0x6d,0x73,0x6e,0x73,0x8e,0x73,0x6d,0x73,0x8e,0x73,0x6d,0x73,0x6e,0x73,0x6d,0x6b,0x8e,0x73,0x8e,0x73,0x6e,0x73,
    0x8e,0x73,0x8e,0x73,0x6e,0x73,0x8e,0x73,0x6e,0x73,0x8f,0x73,0x8e,0x73,0x8f,0x73,0x8e,0x73,0xaf,0x73,0xae,0x7b,0x8e,0x6b,
    0x6e,0x73,0x8e,0x73,0xae,0x7b,0xaf,0x7b,0xae,0x73,0x8f,0x7b,0xae,0x73,0xaf,0x7b,0xaf,0x73,0x8e,0x7b,0xaf,0x7b,0xae,0x73,
    0xaf,0x7b,0xae,0x73,0xaf,0x7b,0xcf,0x7b,0xcf,0x7b,0xae,0x7b,0xaf,0x7b,0xcf,0x7b,0xcf,0x7b,0xcf,0x7b,0xf0,0x83,0x31,0x8c,
    0xcf,0x7b,0xef,0x7b,0xf0,0x7b,0xcf,0x7b,0xf0,0x83,0xef,0x83,0xef,0x7b,0xf0,0x83,0xef,0x7b,0x10,0x84,0xf0,0x83,0x0f,0x7c,
    0xf0,0x83,0x10,0x84,0xef,0x83,0x10,0x7c,0x0f,0x84,0x30,0x84,0x10,0x84,0x30,0x8c,0x30,0x84,0x10,0x84,0x10,0x84,0x10,0x84,
    0x10,0x84,0x10,0x84,0x10,0x84,0x10,0x84,0x10,0x84,0x0f,0x7c,0x10,0x84,0x0f,0x7c,0x10,0x84,0x30,0x84,0x30,0x84,0x0f,0x84,
    0x51,0x8c,0x10,0x84,0xef,0x7b,0x0f,0x84,0xef,0x7b,0x10,0x84,0x0f,0x84,0xef,0x7b,0xef,0x83,0xf0,0x83,0xef,0x7b,0xef,0x83,
    0xf0,0x83,0xef,0x7b,0xef,0x83,0xef,0x7b,0xef,0x7b,0xcf,0x7b,0x0f,0x7c,0xef,0x7b,0xcf,0x7b,0xcf,0x7b,0xef,0x7b,0xcf,0x7b,
    0xef,0x7b,0xcf,0x7b,0xcf,0x7b,0xcf,0x7b,0xcf,0x7b,0xf0,0x83,0xcf,0x7b,0xef,0x7b,0xae,0x73,0xef,0x83,0xcf,0x7b,0xae,0x73,
    0xae,0x7b,0xaf,0x73,0xae,0x7b,0xae,0x73,0xf0,0x83,0xef,0x7b,0xae,0x7b,0xcf,0x7b,0x8e,0x73,0x8e,0x73,0x8d,0x6b,0x8e,0x73,
    0x8e,0x73,0x8e,0x73,0x8e,0x73,0x8e,0x73,0x6e,0x6b,0x6d,0x6b,0x8d,0x73,0x6d,0x6b,0x6d,0x6b,0x6d,0x6b,0x6d,0x6b,0x4d,0x6b,
    0x6e,0x73,0x6d,0x73,0x6e,0x73,0x4d,0x6b,0x4d,0x73,0x4d,0x6b,0x4d,0x6b,0x4d,0x6b,0x4d,0x6b,0x6d,0x73,0x6d,0x6b,0x4d,0x73,
    0x8d,0x73,0x6d,0x73,0x6d,0x73,0x6d,0x6b,0x6d,0x73,0x6e,0x6b,0x6d,0x6b,0x6d,0x73,0x6d,0x6b,0x6d,0x73,0x8d,0x6b,0x6e,0x73,
    0x8e,0x73,0x6e,0x73,0x6d,0x73,0x6d,0x73,0xaf,0x7b,0xcf,0x7b,0x6d,0x73,0x8e,0x73,0x6d,0x73,0x6e,0x6b,0x6e,0x73,0x8e,0x73,
    0x6d,0x73,0x8e,0x73,0x8e,0x73,0x6e,0x73,0x8e,0x73,0x8e,0x73,0x6e,0x6b,0x8e,0x73,0x8e,0x73,0x8e,0x73,0xcf,0x7b,0xaf,0x7b,
    0x8e,0x73,0xaf,0x7b,0x8e,0x73,0xaf,0x7b,0xae,0x73,0xaf,0x7b,0xaf,0x73,0xaf,0x7b,0xae,0x73,0xaf,0x7b,0x8e,0x73,0xae,0x7b,
    0xaf,0x73,0xae,0x7b,0xcf,0x73,0xae,0x7b,0xcf,0x7b,0xcf,0x7b,0xef,0x7b,0xcf,0x7b,0xcf,0x7b,0x30,0x84,0x30,0x84,0xef,0x7b,
    0xef,0x83,0xef,0x7b,0xef,0x7b,0xcf,0x7b,0xef,0x7b,0xf0,0x83,0x0f,0x84,0x10,0x84,0x0f,0x84,0x10,0x84,0x10,0x84,0x10,0x84,
    0x10,0x84,0x10,0x84,0x10,0x84,0x10,0x84,0x10,0x84,0x10,0x84,0xef,0x83,0x10,0x84,0x10,0x84,0x10,0x84,0x30,0x84,0x30,0x84,
    0x10,0x84,0x10,0x84,0x30,0x84,0x10,0x84,0x30,0x84,0x30,0x8c,0x10,0x84,0x30,0x84,0x10,0x84,0x30,0x8c,0x30,0x84,0xf0,0x83,
    0x0f,0x7c,0x10,0x84,0x30,0x84,0xef,0x83,0x10,0x7c,0x0f,0x84,0x0f,0x84,0x0f,0x84,0xef,0x7b,0xef,0x7b,0x10,0x84,0x0f,0x84,
    0x30,0x84,0xef,0x7b,0xef,0x7b,0xef,0x7b,0xef,0x7b,0x0f,0x84,0xcf,0x7b,0xef,0x83,0xef,0x7b,0x0f,0x84,0xcf,0x7b,0xef,0x7b,
    0xcf,0x7b,0xce,0x7b,0xcf,0x7b,0xef,0x83,0xcf,0x7b,0x10,0x84,0xcf,0x7b,0xcf,0x83,0xef,0x83,0xef,0x7b,0xaf,0x7b,0xcf,0x7b,
    0xcf,0x7b,0x10,0x84,0xcf,0x7b,0xcf,0x7b,0xef,0x7b,0xcf,0x7b,0xcf,0x7b,0xae,0x73,0xf3,0x9c,0x93,0x9c,0x8d,0x6b,0x8e,0x73,
    0xae,0x73,0xae,0x73,0xef,0x83,0x30,0x84,0x8e,0x73,0x8e,0x73,0xae,0x73,0x6d,0x6b,0x8e,0x73,0xcf,0x7b,0x6e,0x6b,0x6d,0x6b,
    0x4d,0x6b,0x6d,0x73,0x8e,0x6b,0x4d,0x6b,0x6d,0x73,0xaf,0x7b,0xae,0x7b,0x6d,0x73,0x4d,0x6b,0x6d,0x73,0x4d,0x73,0x6d,0x73,
    0x6d,0x6b,0x4d,0x73,0x6d,0x6b,0x8e,0x73,0x6d,0x73,0x6d,0x6b,0x6d,0x6b,0x6d,0x73,0x4d,0x6b,0x6d,0x73,0x6d,0x73,0x6d,0x6b,
    0x8e,0x73,0x6d,0x73,0x6e,0x73,0x8d,0x73,0x8e,0x73,0x6d,0x73,0x8e,0x73,0x4d,0x6b,0xf0,0x83,0x72,0x9c,0x4d,0x6b,0x8d,0x73,
    0x6e,0x73,0x8d,0x73,0x6e,0x73,0x8e,0x73,0x6e,0x6b,0x8e,0x73,0x8e,0x73,0x8e,0x73,0x8e,0x73,0x6e,0x73,0x6e,0x73,0x8e,0x73,
    0x8f,0x73,0x8e,0x7b,0x8e,0x73,0x8f,0x73,0x8e,0x7b,0xaf,0x73,0x8e,0x73,0x8e,0x73,0xaf,0x7b,0xaf,0x73,0xae,0x7b,0xaf,0x73,
    0xae,0x7b,0xaf,0x73,0xaf,0x7b,0xae,0x73,0xaf,0x7b,0xaf,0x7b,0xcf,0x7b,0xcf,0x7b,0xcf,0x7b,0xcf,0x7b,0xaf,0x7b,0xef,0x7b,
    0xcf,0x7b,0xcf,0x7b,0xf0,0x83,0xcf,0x7b,0xf0,0x83,0xf0,0x7b,0xef,0x83,0x10,0x84,0x10,0x84,0x30,0x84,0xf0,0x7b,0xef,0x83,
    0x10,0x7c,0x10,0x84,0x10,0x84,0x10,0x84,0x30,0x84,0x10,0x84,0x10,0x84,0x10,0x84,0x0f,0x84,0x10,0x7c,0x30,0x8c,0x30,0x84,
    0x10,0x84,0x10,0x84,0x10,0x84,0x10,0x84,0x10,0x84,0x10,0x84,0x30,0x84,0x30,0x84,0x10,0x84,0x10,0x84,0x30,0x84,0x10,0x84,
    0x10,0x84,0x31,0x84,0x10,0x84,0x30,0x84,0x10,0x84,0x0f,0x84,0x30,0x84,0x10,0x84,0x30,0x84,0xef,0x83,0x0f,0x7c,0x10,0x84,
    0xef,0x7b,0x0f,0x84,0xef,0x7b,0x10,0x84,0x0f,0x84,0x0f,0x84,0xf0,0x83,0xef,0x83,0xef,0x7b,0xef,0x83,0xef,0x7b,0x30,0x84,
    0xef,0x7b,0xef,0x83,0xef,0x7b,0xef,0x83,0xef,0x7b,0xef,0x83,0x10,0x84,0xf0,0x7b,0xef,0x7b,0xcf,0x83,0xcf,0x7b,0xcf,0x7b,
    0xcf,0x73,0xcf,0x7b,0xcf,0x7b,0xce,0x7b,0xcf,0x7b,0x8e,0x73,0xae,0x7b,0xef,0x7b,0xcf,0x7b,0xae,0x7b,0xae,0x73,0x8e,0x7b,
    0xae,0x73,0xae,0x7b,0xaf,0x7b,0x8d,0x73,0xae,0x73,0xae,0x73,0x72,0x94,0xcf,0x7b,0x8e,0x73,0x8e,0x73,0x8e,0x73,0x6e,0x73,
    0xce,0x7b,0xaf,0x7b,0x6d,0x73,0x6d,0x73,0x6d,0x6b,0x6d,0x6b,0x4d,0x6b,0x6d,0x6b,0xae,0x73,0xae,0x7b,0x8e,0x73,0x6d,0x73,
    0x4d,0x6b,0x6d,0x73,0x4d,0x6b,0x6d,0x73,0x6d,0x6b,0x6d,0x73,0x4d,0x6b,0x6d,0x6b,0x4d,0x6b,0x6d,0x73,0x6d,0x73,0x4d,0x6b,
    0x6d,0x73,0x8e,0x73,0x6d,0x73,0x8e,0x73,0x6d,0x73,0x6d,0x73,0x8d,0x73,0x8e,0x73,0x8d,0x73,0x8d,0x73,0x6d,0x73,0x8e,0x73,
    0x6d,0x6b,0x6d,0x6b,0x8d,0x73,0x8e,0x73,0x8d,0x73,0x8e,0x73,0x8d,0x73,0x8e,0x73,0x6d,0x73,0x8e,0x73,0x8e,0x73,0x8e,0x73,
    0x8e,0x73,0x8e,0x73,0x8e,0x73,0x8e,0x73,0x8e,0x73,0x8e,0x7b,0x8f,0x7b,0x8e,0x73,0xae,0x7b,0xaf,0x7b,0xae,0x7b,0xaf,0x73,
    0xae,0x7b,0xaf,0x73,0xaf,0x7b,0xaf,0x7b,0xaf,0x73,0xae,0x7b,0xaf,0x7b,0xcf,0x7b,0xae,0x7b,0xcf,0x7b,0xcf,0x7b,0xae,0x7b,
    0xcf,0x7b,0xcf,0x7b,0xce,0x7b,0xcf,0x7b,0xf0,0x83,0xef,0x7b,0xef,0x83,0x10,0x84,0xef,0x7b,0xf0,0x83,0xf0,0x7b,0x10,0x84,
    0x10,0x84,0x10,0x84,0x30,0x84,0x10,0x84,0x10,0x84,0x10,0x84,0xef,0x83,0x10,0x84,0x10,0x84,0x10,0x84,0x10,0x84,0x10,0x84,
    0x30,0x8c,0x10,0x84,0x30,0x84,0x31,0x8c,0x51,0x8c,0x30,0x84,0x30,0x8c,0x30,0x8c,0x10,0x84,0x0f,0x84,0x31,0x8c,0x30,0x84,
    0x31,0x8c,0x30,0x84,0x10,0x84,0x30,0x84,0x10,0x84,0x30,0x84,0x10,0x84,0x30,0x84,0x10,0x84,0x10,0x84,0x30,0x84,0xef,0x83,
    0x30,0x84,0x10,0x84,0x30,0x84,0xef,0x83,0xef,0x83,0x10,0x84,0xb2,0x94,0x0f,0x84,0x10,0x84,0x0f,0x84,0x0f,0x7c,0xef,0x7b,
    0xef,0x83,0xef,0x7b,0xef,0x83,0x0f,0x84,0xef,0x83,0xef,0x7b,0xef,0x7b,0xef,0x7b,0xef,0x83,0x0f,0x7c,0xf0,0x83,0xef,0x83,
    0xcf,0x7b,0xef,0x7b,0xcf,0x7b,0xcf,0x7b,0xef,0x83,0xcf,0x7b,0xcf,0x7b,0xcf,0x7b,0xcf,0x7b,0xef,0x83,0xcf,0x7b,0xcf,0x7b,
    0xcf,0x7b,0xcf,0x7b,0xef,0x83,0xae,0x73,0xcf,0x7b,0xae,0x7b,0xae,0x73,0xcf,0x7b,0xae,0x73,0x8e,0x73,0x8d,0x73,0x8d,0x73,
    0xce,0x73,0x6e,0x73,0x8e,0x73,0x8e,0x73,0x6d,0x6b,0xae,0x73,0x8e,0x73,0x8e,0x73,0x6d,0x6b,0x6d,0x73,0x6d,0x6b,0x4d,0x6b,
    0x6d,0x73,0x6d,0x73,0x6e,0x73,0x6d,0x73,0x6d,0x73,0x4d,0x6b,0x6d,0x73,0x4d,0x6b,0x6d,0x73,0x6d,0x6b,0x6d,0x73,0x6d,0x73,
    0x6d,0x73,0x6d,0x73,0x6d,0x73,0x6d,0x73,0x6d,0x73,0x6d,0x6b,0x8d,0x73,0x8e,0x7b,0xae,0x7b,0x8e,0x73,0x6d,0x73,0x6d,0x73,
    0x8e,0x73,0x8d,0x73,0x8e,0x73,0x6d,0x73,0x8d,0x73,0x8e,0x73,0x8e,0x73,0x8d,0x73,0x8e,0x73,0x8e,0x73,0x8e,0x73,0x8e,0x73,
    0x8e,0x73,0x8e,0x73,0xae,0x7b,0xae,0x73,0xaf,0x7b,0x8e,0x73,0x8e,0x73,0x8e,0x73,0x8e,0x7b,0xae,0x73,0xae,0x7b,0xaf,0x73,
    0x8e,0x7b,0xae,0x73,0xaf,0x7b,0xae,0x73,0xae,0x7b,0xae,0x73,0xae,0x7b,0xcf,0x7b,0xcf,0x7b,0xae,0x73,0xaf,0x7b,0xcf,0x7b,
    0xae,0x73,0xef,0x7b,0xcf,0x7b,0xcf,0x7b,0xcf,0x7b,0xcf,0x7b,0xcf,0x7b,0xef,0x7b,0xef,0x83,0xf0,0x83,0xef,0x7b,0x10,0x84,
    0x10,0x84,0x0f,0x84,0x10,0x84,0xef,0x83,0x10,0x84,0x10,0x84,0x10,0x84,0x0f,0x84,0x30,0x84,0x30,0x84,0x30,0x84,0x30,0x84,
    0x30,0x8c,0x10,0x84,0x30,0x8c,0x10,0x84,0x30,0x8c,0x51,0x8c,0x30,0x8c,0x30,0x84,0x30,0x8c,0x30,0x84,0x30,0x8c,0x30,0x84,
    0x71,0x8c,0x72,0x94,0x30,0x84,0x30,0x8c,0x30,0x84,0x51,0x8c,0x30,0x8c,0x30,0x84,0x30,0x8c,0x30,0x8c,0x10,0x84,0x0f,0x84,
    0x30,0x84,0x10,0x84,0x30,0x84,0x0f,0x84,0x10,0x84,0x0f,0x84,0x0f,0x84,0x10,0x7c,0x10,0x84,0x0f,0x84,0x10,0x84,0x0f,0x84,
    0x0f,0x7c,0x10,0x84,0xef,0x83,0x0f,0x84,0x0f,0x7c,0x0f,0x84,0x10,0x84,0x0f,0x7c,0x10,0x84,0x0f,0x84,0x30,0x84,0x51,0x8c,
    0xef,0x7b,0xef,0x83,0xcf,0x7b,0xef,0x7b,0xcf,0x7b,0xef,0x7b,0xcf,0x7b,0xcf,0x7b,0xcf,0x7b,0xcf,0x7b,0xcf,0x7b,0xaf,0x7b,
    0xcf,0x7b,0xf0,0x83,0xcf,0x7b,0xcf,0x7b,0xae,0x7b,0xcf,0x7b,0x30,0x8c,0xaf,0x7b,0xae,0x73,0xae,0x73,0x30,0x8c,0xae,0x73,
    0x8d,0x73,0xae,0x7b,0xae,0x73,0x8e,0x73,0x8e,0x73,0xae,0x73,0x8d,0x73,0xae,0x73,0x8e,0x73,0x8e,0x73,0x8d,0x73,0x8e,0x73,
    0x8e,0x73,0x6d,0x6b,0x6d,0x73,0x6d,0x6b,0x8e,0x73,0xae,0x7b,0x6d,0x73,0x8e,0x73,0x8e,0x73,0x6d,0x73,0x6d,0x73,0x6d,0x73,
    0x6d,0x6b,0x6d,0x73,0x6d,0x73,0x4d,0x6b,0xae,0x7b,0x8e,0x73,0x8d,0x73,0x6d,0x6b,0x6d,0x73,0x6d,0x73,0x6d,0x73,0x6d,0x73,
    0x8d,0x73,0x8d,0x73,0x8d,0x73,0x8d,0x73,0x8e,0x73,0x6d,0x73,0x8d,0x73,0x8e,0x73,0x8d,0x73,0x8e,0x73,0x8d,0x7b,0x8e,0x73,
    0x6d,0x73,0x8e,0x73,0x8d,0x73,0x8e,0x73,0x8d,0x73,0x8e,0x73,0xae,0x73,0x8e,0x7b,0x8e,0x73,0xae,0x73,0xae,0x7b,0xae,0x7b,
    0x8e,0x73,0xaf,0x7b,0xae,0x7b,0xaf,0x7b,0xae,0x7b,0xae,0x73,0xae,0x7b,0xaf,0x7b,0xae,0x73,0xaf,0x7b,0xaf,0x73,0xae,0x7b,
    0xae,0x73,0xcf,0x7b,0xae,0x73,0xcf,0x7b,0xcf,0x7b,0xcf,0x7b,0xcf,0x7b,0xcf,0x7b,0xcf,0x7b,0xcf,0x7b,0xef,0x7b,0xf0,0x83,
    0xef,0x7b,0xf0,0x83,0x10,0x84,0xf0,0x83,0xef,0x83,0xf0,0x83,0x0f,0x84,0x10,0x84,0x30,0x84,0x30,0x84,0x10,0x84,0x30,0x84,
    0x30,0x8c,0x51,0x8c,0x10,0x8c,0x31,0x8c,0x30,0x8c,0x51,0x8c,0x10,0x84,0x30,0x8c,0x31,0x8c,0x30,0x8c,0x10,0x84,0x51,0x8c,
    0x51,0x8c,0x30,0x8c,0x51,0x8c,0x51,0x8c,0x51,0x8c,0x50,0x8c,0x30,0x84,0x31,0x8c,0x30,0x84,0x10,0x8c,0x31,0x84,0x10,0x8c,
    0x30,0x84,0x31,0x84,0x30,0x84,0x10,0x84,0x50,0x8c,0x30,0x8c,0x30,0x84,0x30,0x8c,0x30,0x84,0x30,0x84,0x10,0x84,0x30,0x84,
    0x10,0x84,0x30,0x84,0x10,0x84,0x10,0x84,0xef,0x83,0x0f,0x84,0x10,0x84,0x30,0x84,0x10,0x84,0x0f,0x84,0x30,0x84,0xef,0x83,
    0x0f,0x84,0x10,0x84,0xef,0x7b,0x30,0x8c,0xef,0x83,0xef,0x7b,0xcf,0x7b,0xef,0x83,0xef,0x7b,0xcf,0x83,0xef,0x7b,0xef,0x83,
    0x10,0x84,0x50,0x8c,0xcf,0x7b,0xcf,0x7b,0xae,0x7b,0xcf,0x7b,0xcf,0x7b,0xcf,0x7b,0xcf,0x83,0xcf,0x7b,0xae,0x73,0xce,0x7b,
    0xae,0x7b,0xae,0x73,0xce,0x7b,0xae,0x7b,0x8e,0x73,0xae,0x73,0xae,0x73,0xae,0x73,0xae,0x73,0x8e,0x73,0x8e,0x73,0x8e,0x73,
    0xae,0x73,0x8e,0x73,0x8d,0x73,0x8d,0x73,0x8d,0x73,0x6d,0x73,0x6d,0x6b,0x6d,0x73,0x8d,0x73,0x6d,0x73,0x6d,0x6b,0x4d,0x73,
    0x8d,0x73,0x6d,0x73,0x6d,0x6b,0x6e,0x73,0x6d,0x73,0x6d,0x6b,0x4d,0x73,0x6d,0x73,0x6c,0x6b,0x6d,0x73,0x6d,0x73,0x6d,0x73,
    0x8d,0x73,0x6e,0x73,0x8d,0x73,0x8d,0x73,0x8e,0x73,0x8d,0x73,0x6d,0x73,0x8e,0x73,0x8d,0x73,0x8e,0x73,0x8d,0x73,0x8e,0x73,
    0x8e,0x73,0x8e,0x7b,0x8e,0x73,0x8d,0x73,0x8e,0x73,0x8e,0x73,0xad,0x73,0x8e,0x7b,0xae,0x73,0xae,0x7b,0xae,0x73,0xae,0x7b,
    0xaf,0x73,0xae,0x7b,0xae,0x73,0xaf,0x7b,0xce,0x73,0xae,0x7b,0xae,0x73,0xce,0x7b,0xae,0x7b,0x8e,0x73,0xaf,0x7b,0xcf,0x7b,
    0xae,0x7b,0xaf,0x7b,0xae,0x73,0x10,0x84,0xb3,0x9c,0xcf,0x7b,0xaf,0x7b,0xcf,0x7b,0xcf,0x7b,0xef,0x83,0xef,0x83,0xef,0x7b,
    0xef,0x83,0xcf,0x7b,0xef,0x83,0x10,0x84,0xef,0x7b,0xef,0x83,0x0f,0x84,0x10,0x84,0x71,0x8c,0x10,0x84,0x0f,0x84,0x10,0x84,
    0x10,0x84,0x0f,0x84,0x10,0x84,0x50,0x8c,0x51,0x8c,0x10,0x84,0x50,0x84,0x30,0x8c,0x30,0x84,0x30,0x8c,0x51,0x8c,0x30,0x8c,
    0x51,0x8c,0x51,0x8c,0x51,0x94,0x51,0x8c,0x71,0x94,0x30,0x8c,0x51,0x8c,0x50,0x8c,0x30,0x8c,0x31,0x8c,0x50,0x8c,0x51,0x8c,
    0x51,0x8c,0x50,0x8c,0x51,0x8c,0x30,0x84,0x31,0x8c,0x50,0x8c,0x30,0x8c,0x31,0x8c,0x30,0x84,0x51,0x8c,0x30,0x84,0x30,0x84,
    0x30,0x84,0x30,0x8c,0x30,0x84,0x30,0x8c,0x10,0x84,0x0f,0x84,0x30,0x84,0x30,0x84,0x30,0x84,0xef,0x7b,0x30,0x84,0x0f,0x84,
    0x10,0x84,0x0f,0x84,0x10,0x84,0x30,0x84,0x0f,0x7c,0x10,0x84,0xef,0x83,0x30,0x84,0xf0,0x83,0x0f,0x84,0x10,0x84,0xef,0x7b,
    0xef,0x83,0x10,0x84,0xef,0x83,0xef,0x7b,0xef,0x83,0xcf,0x7b,0xef,0x83,0x0f,0x84,0xcf,0x7b,0xcf,0x7b,0xce,0x7b,0xef,0x83,
    0xce,0x7b,0xcf,0x7b,0xae,0x7b,0xcf,0x7b,0xce,0x7b,0xaf,0x7b,0xae,0x7b,0xce,0x73,0xae,0x73,0xce,0x7b,0x8e,0x73,0x8d,0x73,
    0x8d,0x73,0x8e,0x73,0x8d,0x73,0x8e,0x73,0x8d,0x73,0x8e,0x7b,0x8e,0x73,0x6d,0x73,0x8e,0x73,0x6d,0x73,0x6d,0x6b,0x4d,0x6b,
    0x6d,0x73,0x6d,0x73,0x6d,0x73,0x6d,0x73,0x6d,0x6b,0x6d,0x73,0x6d,0x73,0x6d,0x73,0x8d,0x73,0x6d,0x73,0x6d,0x73,0x6d,0x73,
    0x8d,0x73,0x6d,0x73,0x6d,0x73,0x8d,0x73,0x6d,0x73,0x8d,0x73,0x8d,0x73,0x8d,0x73,0x6d,0x73,0x6d,0x73,0x8d,0x73,0x8d,0x73,
    0x8d,0x73,0x8e,0x73,0x8e,0x7b,0x8e,0x7b,0x8d,0x73,0x8e,0x73,0x8e,0x7b,0x8e,0x73,0x8d,0x73,0x8e,0x7b,0xae,0x73,0xae,0x73,
    0xae,0x7b,0x8e,0x73,0xae,0x73,0xae,0x73,0xce,0x7b,0xae,0x73,0xae,0x7b,0xae,0x73,0xae,0x7b,0xae,0x7b,0xaf,0x7b,0xae,0x73,
    0xaf,0x7b,0xce,0x7b,0xae,0x7b,0xae,0x73,0xce,0x7b,0xce,0x7b,0xae,0x73,0xcf,0x7b,0x30,0x84,0xce,0x7b,0xef,0x7b,0xef,0x83,
    0xcf,0x7b,0xef,0x7b,0xef,0x7b,0xef,0x83,0xef,0x7b,0xef,0x83,0xef,0x7b,0xef,0x7b,0xef,0x83,0x10,0x7c,0xef,0x83,0xef,0x7b,
    0x30,0x8c,0x30,0x84,0x30,0x84,0x10,0x84,0x30,0x8c,0x30,0x84,0x30,0x84,0x30,0x84,0x92,0x94,0x30,0x84,0x50,0x8c,0x31,0x8c,
    0x30,0x8c,0x51,0x8c,0x30,0x8c,0x51,0x8c,0x50,0x8c,0x71,0x94,0x51,0x8c,0x51,0x94,0x51,0x8c,0x51,0x8c,0x51,0x8c,0x51,0x8c,
    0x51,0x8c,0x71,0x8c,0x30,0x8c,0x51,0x8c,0x30,0x84,0x30,0x8c,0x31,0x84,0x50,0x8c,0x30,0x84,0x31,0x8c,0x30,0x84,0x50,0x8c,
    0x30,0x84,0x30,0x8c,0x30,0x84,0x91,0x94,0x30,0x8c,0x30,0x84,0x30,0x8c,0x30,0x84,0x30,0x84,0x0f,0x84,0x30,0x84,0x30,0x8c,
    0x0f,0x84,0x30,0x84,0x10,0x84,0x30,0x84,0x0f,0x84,0x0f,0x84,0x10,0x84,0x0f,0x84,0x10,0x84,0x0f,0x84,0x10,0x84,0xef,0x7b,
    0x0f,0x84,0xf0,0x83,0x0f,0x84,0x10,0x84,0xef,0x7b,0x0f,0x84,0xef,0x7b,0xef,0x83,0xef,0x7b,0xef,0x7b,0xef,0x83,0xcf,0x7b,
    0xef,0x7b,0xcf,0x7b,0xef,0x83,0xef,0x83,0xcf,0x7b,0xce,0x7b,0xcf,0x83,0xce,0x7b,0xae,0x7b,0xae,0x7b,0xef,0x7b,0xae,0x7b,
    0xae,0x7b,0xae,0x73,0x8e,0x73,0xae,0x7b,0xce,0x7b,0xae,0x7b,0x8e,0x73,0x8d,0x73,0xae,0x73,0x6d,0x73,0x8d,0x73,0x6d,0x73,
    0x8d,0x73,0x6d,0x73,0x8d,0x73,0x6d,0x73,0x8d,0x73,0x6d,0x73,0x6d,0x73,0x6d,0x73,0x6d,0x73,0x6d,0x73,0x6d,0x73,0x6d,0x73,
    0x6d,0x73,0x6d,0x73,0x6d,0x6b,0x6d,0x73,0x8d,0x73,0x6d,0x73,0x8d,0x73,0x6e,0x73,0x8d,0x73,0x8e,0x73,0x6d,0x73,0x8d,0x73,
    0x8e,0x7b,0x8d,0x73,0x8e,0x73,0x8d,0x7b,0x8e,0x7b,0x8d,0x73,0xae,0x73,0xae,0x7b,0xae,0x7b,0xae,0x73,0xae,0x73,0xae,0x7b,
    0xae,0x73,0x8e,0x73,0xae,0x7b,0xae,0x73,0xae,0x7b,0x8d,0x73,0xce,0x7b,0xae,0x7b,0xae,0x73,0xaf,0x7b,0xce,0x73,0xae,0x7b,
    0xcf,0x7b,0xce,0x7b,0xce,0x7b,0xcf,0x7b,0xce,0x7b,0xae,0x7b,0xcf,0x7b,0xae,0x7b,0xcf,0x7b,0xcf,0x7b,0xef,0x7b,0xcf,0x7b,
    0xce,0x7b,0xcf,0x7b,0xef,0x7b,0xcf,0x7b,0xef,0x7b,0xef,0x83,0xef,0x7b,0xef,0x7b,0xef,0x83,0xf0,0x7b,0x0f,0x84,0x10,0x84,
    0xef,0x83,0x10,0x84,0x10,0x84,0x30,0x84,0x10,0x84,0x10,0x84,0x30,0x8c,0x30,0x84,0x30,0x84,0x50,0x8c,0x30,0x8c,0x30,0x84,
    0x30,0x8c,0x50,0x8c,0x51,0x8c,0x30,0x8c,0x51,0x8c,0x50,0x8c,0x51,0x8c,0x51,0x94,0x51,0x8c,0x51,0x94,0x50,0x8c,0x51,0x8c,
    0x50,0x8c,0x71,0x8c,0x50,0x94,0x50,0x8c,0x51,0x8c,0x71,0x8c,0x51,0x8c,0x71,0x8c,0x50,0x8c,0x51,0x8c,0x50,0x8c,0x51,0x8c,
    0x71,0x8c,0x70,0x8c,0x51,0x8c,0x30,0x84,0x51,0x8c,0x50,0x8c,0x51,0x8c,0x30,0x84,0x30,0x84,0x51,0x8c,0x30,0x84,0x30,0x8c,
    0x51,0x8c,0x30,0x84,0x10,0x84,0x30,0x84,0x30,0x84,0x30,0x8c,0x2f,0x84,0x30,0x8c,0x30,0x84,0x50,0x8c,0x10,0x84,0x0f,0x84,
    0x30,0x84,0x0f,0x84,0x0f,0x84,0xf0,0x83,0xef,0x7b,0x91,0x8c,0x51,0x8c,0x0f,0x84,0x0f,0x84,0x0f,0x84,0xef,0x7b,0x10,0x84,
    0x0f,0x84,0x10,0x84,0x0f,0x7c,0xef,0x7b,0xef,0x83,0xef,0x83,0xef,0x83,0xef,0x7b,0xcf,0x83,0xce,0x7b,0xae,0x7b,0x51,0x8c,
    0x71,0x94,0x8d,0x73,0xce,0x7b,0xae,0x7b,0xae,0x7b,0xee,0x7b,0xcf,0x83,0xae,0x73,0xae,0x7b,0xae,0x73,0x8e,0x73,0xae,0x7b,
    0xae,0x7b,0x6d,0x73,0x8e,0x73,0x8d,0x73,0x8e,0x73,0x6d,0x73,0x8d,0x73,0x6d,0x73,0x6d,0x73,0x6d,0x73,0x6d,0x73,0x8d,0x73,
    0x6d,0x73,0x6d,0x73,0x8d,0x73,0x6d,0x73,0x8e,0x73,0x6d,0x73,0x8d,0x73,0x6d,0x73,0x8d,0x73,0x8d,0x73,0x8e,0x73,0x8d,0x73,
    0x8d,0x73,0x8d,0x7b,0x8d,0x73,0x8e,0x73,0x8d,0x73,0x8d,0x7b,0x8e,0x73,0xae,0x7b,0xae,0x73,0xae,0x7b,0x8e,0x7b,0xae,0x73,
    0x8e,0x73,0xae,0x7b,0x8d,0x73,0x8e,0x7b,0xae,0x73,0x8d,0x7b,0xae,0x73,0x8e,0x7b,0xae,0x73,0x8e,0x73,0xae,0x73,0xae,0x7b,
    0xcf,0x73,0xae,0x7b,0xae,0x7b,0xce,0x7b,0xcf,0x73,0xae,0x7b,0xae,0x7b,0xaf,0x7b,0xce,0x7b,0xce,0x7b,0xcf,0x7b,0xce,0x73,
    0xcf,0x7b,0xef,0x7b,0xef,0x83,0xef,0x7b,0xcf,0x83,0xef,0x7b,0xcf,0x7b,0xee,0x7b,0xcf,0x7b,0x0f,0x84,0xef,0x83,0x10,0x84,
    0x0f,0x84,0xef,0x83,0x10,0x84,0x10,0x84,0x0f,0x84,0x30,0x84,0x0f,0x84,0x10,0x84,0x30,0x84,0x30,0x8c,0x30,0x84,0x30,0x8c,
    0x30,0x8c,0x30,0x8c,0x51,0x8c,0x50,0x8c,0x51,0x8c,0x50,0x8c,0x50,0x8c,0x51,0x8c,0x50,0x8c,0x51,0x94,0x50,0x8c,0x51,0x8c,
    0x30,0x8c,0x51,0x8c,0x71,0x94,0x71,0x94,0x50,0x8c,0x51,0x8c,0x71,0x8c,0x51,0x8c,0x71,0x8c,0x50,0x8c,0x71,0x8c,0x50,0x8c,
    0x71,0x8c,0x30,0x8c,0x51,0x8c,0x50,0x8c,0x30,0x8c,0x30,0x84,0x51,0x94,0x50,0x8c,0x51,0x8c,0x51,0x8c,0x50,0x8c,0x30,0x84,
    0x30,0x8c,0x50,0x8c,0x30,0x84,0x30,0x8c,0x50,0x8c,0x91,0x94,0x30,0x8c,0x50,0x8c,0x50,0x8c,0x10,0x84,0x30,0x84,0x0f,0x84,
    0x50,0x8c,0x51,0x8c,0x10,0x84,0x30,0x84,0x10,0x84,0x0f,0x84,0x10,0x84,0x10,0x84,0xef,0x83,0x0f,0x84,0x0f,0x84,0xef,0x7b,
    0xef,0x7b,0x10,0x84,0x0f,0x84,0x0f,0x84,0x10,0x84,0x0f,0x84,0xef,0x83,0xef,0x83,0xef,0x83,0xef,0x7b,0x0f,0x84,0xef,0x83,
    0xef,0x83,0xef,0x7b,0xef,0x83,0xef,0x83,0xef,0x83,0xcf,0x7b,0xef,0x83,0xce,0x7b,0xcf,0x7b,0xce,0x7b,0xcf,0x7b,0xad,0x7b,
    0x6d,0x73,0xae,0x7b,0x8d,0x73,0xae,0x7b,0x8d,0x73,0x6d,0x73,0x8d,0x73,0x8d,0x73,0x8e,0x7b,0x8d,0x73,0x6d,0x73,0x6d,0x6b,
    0x8d,0x73,0x6d,0x73,0x8e,0x73,0x8d,0x73,0x8d,0x73,0x6e,0x73,0x8d,0x73,0x6d,0x73,0x8d,0x73,0x6d,0x73,0x8d,0x73,0x8e,0x73,
    0x8d,0x73,0x6d,0x73,0x8d,0x7b,0x8e,0x73,0x8d,0x73,0x8d,0x73,0x8d,0x73,0x8d,0x7b,0x8e,0x73,0xae,0x7b,0x8d,0x73,0xae,0x7b,
    0x8d,0x73,0x8e,0x7b,0xae,0x73,0xae,0x7b,0x8d,0x7b,0xae,0x73,0xae,0x7b,0x8d,0x73,0xae,0x7b,0x10,0x84,0xae,0x7b,0xae,0x73,
    0xad,0x7b,0xaf,0x7b,0xae,0x73,0xae,0x7b,0xce,0x7b,0xce,0x7b,0xae,0x73,0xae,0x7b,0xce,0x7b,0xcf,0x7b,0xce,0x7b,0xcf,0x7b,
    0xce,0x7b,0xcf,0x7b,0xce,0x7b,0xcf,0x7b,0xce,0x7b,0xef,0x7b,0xef,0x83,0xef,0x83,0xef,0x7b,0xef,0x83,0xef,0x7b,0xef,0x83,
    0xef,0x7b,0xef,0x83,0x0f,0x84,0xef,0x83,0x10,0x84,0x10,0x84,0x0f,0x84,0x0f,0x84,0x10,0x84,0xef,0x83,0x0f,0x84,0x10,0x84,
    0x30,0x8c,0x30,0x84,0x91,0x94,0x30,0x8c,0x30,0x84,0x30,0x8c,0x51,0x8c,0x30,0x8c,0x30,0x8c,0x50,0x8c,0x71,0x94,0xd3,0x9c,
    0x50,0x8c,0x51,0x8c,0x71,0x94,0x51,0x94,0x71,0x94,0x71,0x94,0x71,0x94,0x71,0x94,0x71,0x8c,0x71,0x94,0x71,0x94,0x71,0x94,
    0x71,0x8c,0x51,0x94,0x71,0x94,0x71,0x8c,0x71,0x8c,0x51,0x8c,0x50,0x8c,0x51,0x8c,0x14,0xa5,0x91,0x94,0x50,0x8c,0x51,0x8c,
    0x71,0x8c,0x50,0x8c,0x51,0x8c,0x71,0x8c,0x30,0x84,0x31,0x8c,0x51,0x8c,0x50,0x84,0x30,0x84,0x71,0x8c,0x30,0x8c,0x92,0x8c,
    0x71,0x94,0x30,0x84,0x2f,0x8c,0x30,0x84,0x10,0x84,0x0f,0x84,0x30,0x84,0x0f,0x8c,0x30,0x84,0x0f,0x84,0x10,0x84,0x0f,0x84,
    0x10,0x84,0x10,0x84,0x0f,0x84,0x30,0x8c,0x51,0x8c,0xef,0x7b,0xef,0x83,0x0f,0x84,0xef,0x83,0x10,0x84,0xef,0x83,0x0f,0x84,
    0xef,0x7b,0xef,0x83,0x10,0x84,0x0f,0x8c,0xef,0x83,0xef,0x83,0x30,0x84,0xce,0x7b,0xef,0x83,0xce,0x7b,0xce,0x7b,0xef,0x7b,
    0xef,0x83,0xce,0x7b,0xae,0x7b,0xef,0x7b,0x92,0x94,0xce,0x7b,0x8d,0x73,0xae,0x7b,0xae,0x7b,0x8e,0x73,0x8d,0x73,0x6d,0x73,
    0x6d,0x73,0x8d,0x73,0x6d,0x73,0x8d,0x73,0x8d,0x73,0x8e,0x73,0x6d,0x73,0x6d,0x73,0x6d,0x73,0x8d,0x73,0x8d,0x7b,0x6d,0x73,
    0x8d,0x73,0x6d,0x73,0x8d,0x73,0x6d,0x73,0x8d,0x73,0x8d,0x73,0x8d,0x73,0x8d,0x7b,0x8e,0x73,0x8d,0x7b,0x8e,0x73,0xae,0x7b,
    0xad,0x7b,0xae,0x73,0x8d,0x7b,0x8e,0x73,0xce,0x7b,0xae,0x7b,0xae,0x7b,0xae,0x7b,0xae,0x73,0xae,0x7b,0x8e,0x7b,0xef,0x7b,
    0x8e,0x7b,0xce,0x7b,0xae,0x7b,0xae,0x7b,0xae,0x7b,0xae,0x7b,0xae,0x73,0xae,0x7b,0xae,0x7b,0xcf,0x7b,0xce,0x7b,0xcf,0x7b,
    0xcf,0x7b,0xce,0x7b,0xce,0x7b,0xce,0x7b,0xcf,0x7b,0xce,0x7b,0xcf,0x7b,0xef,0x7b,0xcf,0x7b,0xef,0x83,0xef,0x7b,0xef,0x7b,
    0xce,0x7b,0xce,0x7b,0xef,0x83,0x0f,0x84,0xef,0x83,0x0f,0x84,0xf0,0x83,0x10,0x84,0x0f,0x84,0x10,0x84,0x10,0x84,0x10,0x84,
    0x30,0x84,0x10,0x84,0x30,0x84,0x50,0x8c,0x30,0x8c,0x50,0x8c,0x31,0x8c,0x50,0x8c,0x51,0x8c,0x50,0x8c,0x50,0x8c,0x51,0x8c,
    0x70,0x8c,0x51,0x8c,0x50,0x8c,0x51,0x94,0x71,0x94,0x50,0x8c,0x71,0x94,0x50,0x8c,0x71,0x94,0x71,0x8c,0x71,0x94,0x71,0x8c,
    0x51,0x94,0x71,0x8c,0x71,0x94,0x71,0x94,0x50,0x8c,0x71,0x94,0x91,0x94,0x51,0x8c,0x71,0x94,0x71,0x94,0x71,0x94,0x50,0x8c,
    0xb2,0x9c,0xd2,0x9c,0x71,0x8c,0x51,0x8c,0x50,0x8c,0x51,0x8c,0x50,0x8c,0x71,0x94,0x51,0x8c,0x50,0x8c,0x30,0x8c,0x51,0x8c,
    0x30,0x8c,0x10,0x84,0x30,0x8c,0x30,0x84,0x30,0x8c,0x50,0x8c,0xef,0x83,0x30,0x8c,0x30,0x8c,0x30,0x84,0x10,0x8c,0x0f,0x84,
    0x30,0x8c,0x30,0x84,0x10,0x8c,0x0f,0x84,0x30,0x84,0x0f,0x84,0xef,0x83,0x30,0x84,0x71,0x94,0xef,0x83,0x0f,0x84,0x10,0x84,
    0xef,0x83,0x0f,0x84,0x0f,0x84,0xef,0x83,0xef,0x83,0xef,0x83,0xef,0x83,0x0f,0x84,0x30,0x84,0x0f,0x84,0x71,0x94,0xef,0x83,
    0xef,0x83,0xee,0x7b,0xcf,0x83,0xce,0x7b,0xef,0x83,0xce,0x7b,0xae,0x7b,0xef,0x83,0x30,0x8c,0x8e,0x7b,0xce,0x7b,0xae,0x7b,
    0xad,0x73,0x8e,0x7b,0x30,0x8c,0xae,0x7b,0x8d,0x73,0x6d,0x73,0x8d,0x73,0x6d,0x73,0x8d,0x73,0x8d,0x7b,0x6d,0x73,0x8d,0x73,
    0x6d,0x73,0x8d,0x7b,0x8e,0x73,0x6d,0x73,0x8d,0x73,0x6d,0x73,0x8e,0x73,0x8d,0x73,0x8e,0x7b,0x8d,0x73,0x8e,0x73,0x8d,0x73,
    0x8d,0x7b,0xad,0x73,0x8d,0x73,0xae,0x7b,0xae,0x73,0xae,0x7b,0xae,0x7b,0xae,0x7b,0xae,0x7b,0xad,0x73,0x8e,0x7b,0xae,0x73,
    0x8e,0x7b,0xef,0x7b,0xce,0x7b,0xcf,0x83,0xae,0x7b,0xae,0x73,0xae,0x7b,0xae,0x7b,0xae,0x7b,0xce,0x7b,0xae,0x7b,0xce,0x7b,
    0xaf,0x7b,0xae,0x7b,0xcf,0x7b,0xef,0x83,0xce,0x7b,0xcf,0x7b,0xce,0x7b,0xcf,0x7b,0xcf,0x83,0xee,0x7b,0xcf,0x7b,0xce,0x7b,
    0xce,0x83,0xef,0x7b,0xce,0x83,0xef,0x83,0xef,0x83,0xef,0x83,0xef,0x7b,0xef,0x83,0xef,0x83,0xef,0x83,0x0f,0x84,0x10,0x84,
    0x30,0x8c,0x0f,0x84,0x71,0x94,0x30,0x8c,0x30,0x84,0x30,0x8c,0x30,0x8c,0x51,0x84,0x30,0x84,0x30,0x8c,0x51,0x8c,0x50,0x8c,
    0x51,0x8c,0x71,0x94,0x51,0x8c,0x71,0x8c,0x50,0x94,0x71,0x94,0x51,0x8c,0x70,0x8c,0x91,0x94,0x71,0x94,0x71,0x94,0x71,0x94,
    0x71,0x94,0x92,0x94,0x51,0x94,0x71,0x94,0x71,0x8c,0x71,0x94,0x71,0x94,0x71,0x94,0x91,0x94,0x71,0x8c,0xb2,0x9c,0x71,0x94,
    0x71,0x8c,0x71,0x94,0x91,0x94,0x71,0x8c,0x30,0x8c,0x71,0x94,0x71,0x94,0x71,0x94,0x91,0x94,0xb2,0x9c,0x30,0x8c,0x50,0x8c,
    0x71,0x8c,0x51,0x8c,0x70,0x8c,0x50,0x8c,0x30,0x8c,0x71,0x8c,0x50,0x8c,0x30,0x8c,0x30,0x84,0x30,0x8c,0x30,0x84,0x30,0x8c,
    0x30,0x84,0x30,0x8c,0x30,0x84,0x30,0x8c,0x0f,0x84,0x71,0x8c,0x50,0x8c,0x10,0x8c,0x30,0x8c,0x30,0x8c,0x30,0x84,0x0f,0x84,
    0xef,0x83,0x10,0x84,0x0f,0x84,0x0f,0x84,0x0f,0x84,0x0f,0x84,0x0f,0x84,0xef,0x83,0x0f,0x84,0x0f,0x84,0x0f,0x84,0xef,0x83,
    0xcf,0x7b,0xef,0x83,0xee,0x83,0xef,0x7b,0xce,0x7b,0xcf,0x83,0xce,0x7b,0xcf,0x83,0xce,0x7b,0xce,0x7b,0xae,0x7b,0xce,0x7b,
    0x8d,0x73,0xce,0x7b,0xae,0x7b,0xae,0x7b,0xae,0x7b,0x8d,0x73,0xae,0x7b,0xce,0x7b,0x8d,0x73,0x8d,0x7b,0xae,0x73,0x8d,0x73,
    0x6d,0x73,0x8e,0x7b,0x8d,0x73,0x8d,0x7b,0x6d,0x73,0x8d,0x73,0x8d,0x73,0x8d,0x73,0x6d,0x73,0x8d,0x7b,0x8d,0x73,0x8d,0x73,
    0x8d,0x7b,0x8e,0x7b,0x8d,0x73,0x8d,0x73,0x8e,0x7b,0x8e,0x73,0x8d,0x73,0x8d,0x73,0x8d,0x7b,0xae,0x73,0xad,0x7b,0xae,0x73,
    0x8d,0x73,0x8e,0x7b,0xae,0x7b,0xae,0x7b,0xad,0x73,0xae,0x7b,0xae,0x7b,0x8d,0x73,0xae,0x7b,0xae,0x7b,0xae,0x73,0xae,0x7b,
    0xae,0x73,0xce,0x7b,0xae,0x7b,0xae,0x7b,0xef,0x7b,0xce,0x7b,0xae,0x7b,0xce,0x7b,0xce,0x7b,0xcf,0x7b,0xcf,0x83,0xee,0x7b,
    0xcf,0x7b,0xce,0x83,0xef,0x83,0xcf,0x7b,0xef,0x83,0xef,0x83,0xef,0x7b,0xef,0x83,0xef,0x7b,0x0f,0x84,0x0f,0x84,0xef,0x83,
    0x0f,0x84,0x10,0x84,0x0f,0x84,0x0f,0x84,0x10,0x84,0x10,0x8c,0x30,0x8c,0x30,0x84,0x10,0x8c,0x50,0x84,0x30,0x8c,0x50,0x8c,
    0x51,0x8c,0x51,0x8c,0x50,0x8c,0x51,0x8c,0x71,0x8c,0x51,0x8c,0x70,0x94,0x51,0x94,0x71,0x8c,0x71,0x94,0x71,0x94,0x71,0x94,
    0x71,0x94,0x71,0x8c,0x71,0x94,0x71,0x94,0x91,0x94,0x71,0x94,0x91,0x94,0x92,0x94,0x91,0x94,0x71,0x94,0x71,0x8c,0x91,0x94,
    0x72,0x94,0x71,0x94,0x91,0x94,0x91,0x94,0x71,0x94,0x70,0x8c,0x71,0x94,0x71,0x94,0x91,0x94,0x71,0x94,0x71,0x8c,0x71,0x94,
    0x51,0x8c,0x71,0x94,0x51,0x8c,0x71,0x94,0x70,0x8c,0x51,0x8c,0x50,0x8c,0x51,0x8c,0x50,0x8c,0x50,0x8c,0x51,0x8c,0x50,0x8c,
    0x30,0x8c,0x30,0x8c,0x30,0x8c,0x30,0x84,0x10,0x8c,0x10,0x84,0x50,0x8c,0x51,0x8c,0x0f,0x84,0x10,0x8c,0x50,0x8c,0x0f,0x84,
    0x0f,0x84,0x30,0x84,0x30,0x8c,0x0f,0x84,0x10,0x84,0x0f,0x84,0x10,0x8c,0x10,0x84,0x0f,0x84,0x30,0x8c,0x30,0x84,0x0f,0x8c,
    0x10,0x84,0xef,0x83,0x0f,0x84,0xef,0x83,0xee,0x83,0xef,0x83,0xef,0x83,0xef,0x83,0xef,0x83,0xcf,0x7b,0xce,0x7b,0xcf,0x7b,
    0xef,0x83,0xae,0x7b,0xef,0x83,0xef,0x83,0xef,0x83,0xae,0x7b,0xad,0x7b,0xae,0x7b,0xae,0x7b,0xce,0x7b,0xad,0x7b,0x8e,0x7b,
    0xae,0x7b,0x8d,0x73,0xae,0x7b,0x8d,0x73,0x8d,0x7b,0x8d,0x73,0x6d,0x73,0x8e,0x73,0x8d,0x7b,0x6d,0x73,0x8d,0x7b,0x8e,0x7b,
    0xae,0x7b,0x8d,0x73,0x8e,0x7b,0x8d,0x73,0x8e,0x73,0x8d,0x73,0x8d,0x7b,0x8e,0x73,0xad,0x7b,0x8d,0x73,0x8e,0x7b,0x8e,0x73,
    0xae,0x7b,0x8d,0x7b,0xae,0x7b,0x8e,0x7b,0xad,0x7b,0xae,0x73,0xad,0x7b,0xae,0x73,0xae,0x7b,0x8d,0x73,0xae,0x7b,0xae,0x7b,
    0xae,0x73,0xae,0x7b,0xae,0x7b,0xae,0x7b,0xae,0x7b,0xae,0x7b,0xcf,0x7b,0xae,0x7b,0xce,0x7b,0xaf,0x7b,0xce,0x7b,0xcf,0x7b,
    0xce,0x83,0xcf,0x7b,0xee,0x7b,0xcf,0x83,0xce,0x7b,0xef,0x7b,0xce,0x7b,0xef,0x83,0xee,0x7b,0xef,0x83,0x0f,0x84,0xef,0x83,
    0x0f,0x84,0xef,0x83,0xef,0x83,0x0f,0x84,0x0f,0x84,0x0f,0x84,0x10,0x8c,0x10,0x84,0x30,0x8c,0x30,0x84,0x30,0x8c,0x30,0x8c,
    0x30,0x8c,0x30,0x8c,0x30,0x84,0x51,0x8c,0x50,0x8c,0x50,0x8c,0x51,0x8c,0x50,0x8c,0x51,0x8c,0x71,0x94,0x51,0x8c,0x70,0x8c,
    0x71,0x94,0x91,0x94,0x71,0x8c,0x71,0x94,0x71,0x94,0x91,0x94,0x71,0x94,0x71,0x8c,0x71,0x94,0x71,0x94,0x92,0x94,0x71,0x94,
    0x92,0x94,0x91,0x94,0x92,0x94,0x92,0x94,0x91,0x94,0x71,0x94,0x71,0x94,0x91,0x94,0x71,0x94,0x71,0x94,0x92,0x94,0x71,0x94,
    0x71,0x94,0x92,0x94,0x91,0x94,0x71,0x94,0x70,0x94,0x71,0x8c,0x50,0x8c,0x71,0x94,0x71,0x94,0x50,0x8c,0x71,0x94,0x51,0x8c,
    0x50,0x8c,0x71,0x94,0x50,0x8c,0x30,0x8c,0x51,0x8c,0x30,0x8c,0x50,0x8c,0x50,0x8c,0x51,0x8c,0x30,0x8c,0x50,0x8c,0x30,0x8c,
    0x30,0x84,0x0f,0x84,0x30,0x8c,0x30,0x84,0x0f,0x8c,0x0f,0x84,0x30,0x8c,0x10,0x8c,0x0f,0x84,0x30,0x8c,0x0f,0x84,0x0f,0x84,
    0x0f,0x84,0x30,0x8c,0x0f,0x84,0x0f,0x84,0x0f,0x84,0x0f,0x84,0x10,0x8c,0x0f,0x84,0xef,0x83,0xef,0x7b,0xcf,0x83,0xef,0x83,
    0xef,0x7b,0xcf,0x83,0xef,0x83,0xee,0x83,0xcf,0x7b,0xee,0x83,0xcf,0x7b,0xce,0x7b,0xce,0x7b,0xae,0x7b,0xae,0x7b,0xce,0x7b,
    0x8e,0x7b,0xce,0x7b,0xae,0x7b,0xad,0x73,0xae,0x7b,0x8d,0x73,0x8e,0x7b,0x8d,0x73,0x8d,0x73,0x6e,0x7b,0xad,0x7b,0x8d,0x7b,
    0x8e,0x73,0x6d,0x73,0x6d,0x73,0xae,0x7b,0xce,0x7b,0x8d,0x73,0x8d,0x73,0x8d,0x7b,0x8d,0x7b,0x6d,0x73,0x8d,0x73,0x8d,0x7b,
    0x8e,0x73,0x8d,0x7b,0xae,0x7b,0xae,0x7b,0xae,0x7b,0xae,0x73,0xad,0x73,0xae,0x7b,0x8e,0x73,0xae,0x7b,0xae,0x7b,0xae,0x7b,
    0xae,0x7b,0xae,0x7b,0xae,0x7b,0xae,0x7b,0xae,0x7b,0xce,0x7b,0xce,0x7b,0xce,0x7b,0xcf,0x7b,0xce,0x7b,0xce,0x7b,0xcf,0x7b,
    0xce,0x7b,0xce,0x7b,0xce,0x7b,0xcf,0x83,0xef,0x7b,0xcf,0x83,0xef,0x83,0xef,0x7b,0xef,0x83,0xef,0x83,0xef,0x83,0xef,0x83,
    0xef,0x83,0x10,0x84,0x0f,0x84,0x0f,0x84,0xef,0x83,0x10,0x84,0x0f,0x84,0x10,0x84,0x10,0x8c,0x0f,0x84,0x30,0x8c,0x10,0x84,
    0x0f,0x84,0x10,0x8c,0x30,0x84,0x50,0x8c,0x51,0x8c,0x50,0x8c,0x30,0x8c,0x30,0x84,0x51,0x8c,0x50,0x8c,0x51,0x8c,0x50,0x8c,
    0x71,0x94,0x70,0x8c,0x71,0x94,0x71,0x94,0x51,0x8c,0x91,0x94,0x92,0x94,0x91,0x94,0x71,0x94,0x71,0x94,0x91,0x94,0x91,0x94,
    0x92,0x94,0x92,0x94,0x91,0x94,0xb2,0x9c,0x92,0x94,0x92,0x9c,0x92,0x9c,0x91,0x94,0x92,0x94,0x91,0x94,0x71,0x94,0x92,0x94,
    0x91,0x94,0x91,0x94,0x91,0x94,0x71,0x94,0x92,0x94,0x71,0x94,0x71,0x94,0x71,0x94,0x71,0x94,0x71,0x94,0x71,0x94,0x91,0x94,
    0xb2,0x94,0x51,0x94,0x71,0x8c,0x71,0x94,0x51,0x8c,0x51,0x94,0x50,0x8c,0x71,0x94,0x50,0x8c,0x71,0x8c,0x30,0x8c,0x50,0x8c,
    0xb2,0x9c,0x50,0x8c,0x10,0x8c,0x30,0x8c,0x30,0x8c,0x30,0x8c,0x30,0x8c,0x30,0x84,0x30,0x8c,0x10,0x84,0x30,0x8c,0x0f,0x84,
    0x30,0x8c,0x30,0x8c,0x10,0x8c,0x0f,0x84,0x10,0x8c,0x2f,0x84,0x0f,0x8c,0x30,0x8c,0x0f,0x84,0x0f,0x84,0xef,0x83,0xef,0x83,
    0xef,0x83,0xef,0x83,0x0f,0x84,0xcf,0x7b,0xce,0x83,0xef,0x83,0xce,0x7b,0xef,0x83,0xce,0x7b,0xef,0x83,0x50,0x8c,0xae,0x83,
    0xce,0x7b,0xef,0x83,0xae,0x7b,0xae,0x7b,0xae,0x7b,0xae,0x7b,0xae,0x7b,0xae,0x7b,0xae,0x7b,0xad,0x73,0x8d,0x7b,0xad,0x73,
    0x8d,0x7b,0x8e,0x7b,0x8e,0x7b,0x8d,0x7b,0x8e,0x7b,0x8d,0x7b,0x8e,0x7b,0xad,0x7b,0x6d,0x73,0x8d,0x7b,0x8e,0x73,0x8d,0x73,
    0x8e,0x7b,0x8d,0x73,0x8e,0x7b,0x8d,0x73,0x8e,0x7b,0xad,0x73,0xae,0x7b,0xae,0x7b,0xae,0x7b,0xae,0x7b,0xae,0x7b,0xae,0x7b,
    0xad,0x7b,0xae,0x73,0xad,0x7b,0xae,0x7b,0xae,0x7b,0xae,0x7b,0xae,0x7b,0xce,0x7b,0xce,0x7b,0xcf,0x7b,0xce,0x7b,0xcf,0x83,
    0xce,0x7b,0xaf,0x7b,0xce,0x7b,0xae,0x7b,0xcf,0x7b,0xcf,0x83,0xcf,0x7b,0xce,0x7b,0xef,0x83,0xef,0x7b,0xce,0x7b,0xef,0x83,
    0xef,0x83,0xef,0x83,0xef,0x83,0x0f,0x84,0x0f,0x84,0xef,0x83,0x0f,0x84,0x0f,0x84,0x10,0x84,0x0f,0x8c,0x30,0x84,0x0f,0x84,
    0x0f,0x8c,0x30,0x84,0x30,0x8c,0x30,0x8c,0x30,0x84,0x50,0x8c,0x31,0x8c,0x51,0x8c,0x71,0x8c,0x30,0x8c,0x51,0x8c,0x51,0x8c,
    0x50,0x8c,0x51,0x8c,0x70,0x94,0x71,0x94,0x92,0x94,0x51,0x94,0x71,0x94,0x71,0x94,0x71,0x94,0x71,0x94,0x91,0x94,0x91,0x94,
    0x71,0x94,0x91,0x94,0x91,0x94,0x92,0x94,0x91,0x94,0x91,0x9c,0xb2,0x94,0x92,0x94,0xb2,0x9c,0xb1,0x94,0xb2,0x9c,0x91,0x94,
    0x92,0x94,0x92,0x9c,0x91,0x94,0x92,0x94,0x91,0x94,0x72,0x94,0x92,0x94,0x91,0x94,0x91,0x94,0x91,0x94,0x71,0x94,0x71,0x94,
    0x91,0x94,0x71,0x8c,0x71,0x94,0x71,0x94,0x51,0x8c,0x71,0x94,0x50,0x8c,0x71,0x94,0x71,0x94,0x50,0x8c,0x51,0x8c,0x71,0x94,
    0x50,0x8c,0x50,0x94,0x71,0x94,0x30,0x8c,0x30,0x8c,0x30,0x8c,0x30,0x8c,0x30,0x8c,0x50,0x8c,0x51,0x8c,0x30,0x8c,0x30,0x8c,
    0x2f,0x8c,0x30,0x8c,0x0f,0x84,0x91,0x94,0x30,0x8c,0xef,0x83,0x2f,0x84,0x30,0x8c,0x0f,0x84,0x30,0x8c,0x10,0x84,0x0f,0x84,
    0xef,0x83,0xef,0x83,0x0f,0x84,0x0f,0x84,0xef,0x83,0xcf,0x7b,0xef,0x83,0xce,0x83,0xef,0x83,0xef,0x83,0xcf,0x7b,0xef,0x83,
    0xcf,0x83,0xce,0x7b,0xce,0x7b,0xce,0x7b,0xae,0x7b,0xce,0x7b,0xae,0x7b,0xce,0x7b,0xce,0x7b,0xce,0x7b,0xad,0x7b,0xae,0x7b,
    0xae,0x7b,0x8d,0x7b,0xae,0x7b,0x8d,0x73,0xae,0x7b,0xad,0x7b,0x8d,0x7b,0xae,0x7b,0x8d,0x7b,0xae,0x7b,0x8d,0x7b,0x8e,0x7b,
    0x8d,0x7b,0xae,0x7b,0xad,0x7b,0x8d,0x7b,0x8d,0x73,0x8e,0x7b,0x8d,0x73,0x8d,0x73,0x8d,0x7b,0x8e,0x73,0xad,0x7b,0x8e,0x73,
    0xce,0x7b,0xad,0x7b,0xae,0x7b,0xae,0x7b,0xae,0x7b,0xae,0x7b,0xce,0x7b,0xad,0x73,0xae,0x7b,0xae,0x7b,0xce,0x7b,0xae,0x7b,
    0xce,0x7b,0xce,0x83,0xae,0x7b,0xce,0x7b,0xcf,0x83,0xce,0x7b,0xcf,0x83,0xce,0x7b,0xce,0x83,0xef,0x7b,0xee,0x83,0xef,0x83,
    0xef,0x7b,0xef,0x83,0xef,0x83,0xef,0x83,0xef,0x83,0xee,0x7b,0xef,0x83,0xef,0x83,0x0f,0x84,0x0f,0x84,0xef,0x83,0xef,0x83,
    0x10,0x84,0x0f,0x8c,0x0f,0x84,0x10,0x84,0x30,0x8c,0x30,0x8c,0x2f,0x84,0x30,0x8c,0x30,0x8c,0x30,0x8c,0x50,0x8c,0x50,0x8c,
    0x71,0x94,0x50,0x8c,0x51,0x8c,0x71,0x94,0x71,0x94,0x71,0x94,0x71,0x94,0x71,0x8c,0x71,0x94,0x71,0x8c,0x91,0x94,0x91,0x94,
    0x91,0x94,0x91,0x94,0x91,0x94,0x91,0x94,0x91,0x94,0x92,0x94,0x91,0x94,0xb2,0x9c,0xb2,0x94,0x92,0x94,0xb2,0x9c,0x91,0x9c,
    0x91,0x94,0x92,0x94,0xb2,0x9c,0x92,0x94,0x91,0x9c,0xb2,0x94,0x91,0x94,0x92,0x94,0x91,0x94,0x91,0x9c,0x92,0x94,0x92,0x9c,
    0x91,0x94,0x92,0x94,0x91,0x94,0x91,0x94,0x92,0x94,0x91,0x94,0x71,0x94,0x71,0x94,0x91,0x94,0x91,0x94,0x71,0x94,0x71,0x94,
    0x70,0x8c,0x71,0x94,0x91,0x94,0x51,0x94,0x50,0x8c,0x51,0x8c,0x30,0x8c,0x51,0x8c,0x50,0x8c,0x31,0x8c,0x51,0x8c,0x51,0x8c,
    0x30,0x8c,0x50,0x8c,0x30,0x8c,0x30,0x8c,0x30,0x8c,0x30,0x84,0x2f,0x8c,0x71,0x94,0x50,0x8c,0x30,0x8c,0x30,0x8c,0x0f,0x84,
    0x0f,0x84,0x10,0x8c,0x0f,0x84,0x0f,0x84,0xef,0x83,0x0f,0x84,0xef,0x83,0xef,0x83,0x0f,0x84,0xcf,0x83,0xef,0x83,0xef,0x7b,
    0xef,0x83,0xef,0x83,0x0f,0x84,0xef,0x83,0xee,0x83,0xcf,0x83,0xce,0x83,0xcf,0x7b,0xce,0x7b,0xae,0x7b,0xce,0x7b,0xae,0x7b,
    0xae,0x7b,0xae,0x7b,0xce,0x7b,0xad,0x7b,0xae,0x73,0x8d,0x73,0x8d,0x73,0x8d,0x7b,0xae,0x7b,0xce,0x83,0xae,0x7b,0xae,0x7b,
    0xad,0x7b,0xae,0x7b,0x8e,0x7b,0xae,0x7b,0xad,0x7b,0xae,0x7b,0x8e,0x7b,0xae,0x7b,0xae,0x7b,0x8d,0x7b,0xad,0x7b,0x8e,0x7b,
    0xae,0x7b,0xad,0x7b,0xae,0x7b,0xad,0x7b,0xae,0x7b,0xae,0x7b,0xae,0x7b,0xce,0x7b,0xae,0x7b,0xae,0x7b,0xce,0x7b,0xae,0x7b,
    0xae,0x7b,0xce,0x7b,0xae,0x7b,0xae,0x7b,0xce,0x7b,0xcf,0x83,0xef,0x83,0xce,0x7b,0xcf,0x83,0xee,0x7b,0xce,0x7b,0xcf,0x83,
    0xee,0x7b,0xcf,0x83,0xcf,0x7b,0xee,0x83,0xcf,0x83,0xef,0x83,0xce,0x7b,0xef,0x83,0xef,0x7b,0x50,0x94,0x30,0x8c,0xef,0x7b,
    0xef,0x83,0xef,0x83,0x10,0x84,0x2f,0x8c,0x0f,0x84,0x10,0x84,0x30,0x8c,0x2f,0x8c,0x0f,0x84,0x30,0x8c,0x30,0x8c,0x30,0x84,
    0x30,0x8c,0x51,0x8c,0x31,0x8c,0x71,0x8c,0x51,0x8c,0x51,0x8c,0x50,0x8c,0x71,0x8c,0x71,0x94,0x71,0x8c,0x71,0x94,0x71,0x94,
    0x71,0x94,0x91,0x94,0x71,0x94,0x91,0x94,0x92,0x94,0x91,0x94,0x92,0x94,0x92,0x94,0x91,0x94,0x92,0x9c,0xb2,0x94,0x91,0x9c,
    0x91,0x94,0xb2,0x9c,0xb2,0x9c,0xb2,0x94,0xb2,0x9c,0xb2,0x9c,0x92,0x94,0xb1,0x9c,0x92,0x94,0xd2,0x9c,0xb2,0x9c,0x92,0x9c,
    0x92,0x94,0xb2,0x9c,0xb2,0x94,0x91,0x94,0x91,0x94,0x92,0x9c,0x71,0x94,0xb2,0x94,0x92,0x9c,0x91,0x94,0x92,0x9c,0x91,0x94,
    0x71,0x94,0x92,0x94,0x71,0x94,0x91,0x94,0x92,0x94,0x71,0x94,0x71,0x94,0x71,0x94,0x71,0x94,0x71,0x94,0x70,0x94,0x51,0x8c,
    0x50,0x94,0x51,0x8c,0x50,0x94,0x51,0x8c,0x50,0x8c,0x50,0x8c,0x50,0x8c,0x30,0x8c,0x30,0x8c,0x30,0x8c,0x50,0x8c,0xef,0x83,
    0x30,0x8c,0x30,0x8c,0x0f,0x84,0x10,0x8c,0x0f,0x84,0x30,0x8c,0x0f,0x8c,0xef,0x83,0x0f,0x84,0x10,0x8c,0x0f,0x84,0xef,0x83,
    0xef,0x83,0xef,0x83,0xef,0x83,0xce,0x83,0xef,0x7b,0xef,0x8b,0x0f,0x8c,0xef,0x83,0xcf,0x83,0xce,0x7b,0xce,0x7b,0xce,0x83,
    0xae,0x7b,0xce,0x7b,0xae,0x7b,0xce,0x7b,0xce,0x7b,0xae,0x7b,0xae,0x7b,0x8d,0x73,0x8d,0x7b,0xae,0x7b,0x8e,0x7b,0x8d,0x73,
    0xae,0x7b,0xce,0x83,0xce,0x83,0xae,0x7b,0xae,0x7b,0x8d,0x7b,0xce,0x83,0xae,0x7b,0xae,0x7b,0xae,0x7b,0xad,0x7b,0x8e,0x7b,
    0xad,0x7b,0xae,0x7b,0xae,0x7b,0xad,0x7b,0xae,0x7b,0xae,0x7b,0xae,0x7b,0xce,0x7b,0xcf,0x7b,0xae,0x7b,0xce,0x7b,0xae,0x7b,
    0xce,0x7b,0xce,0x7b,0xae,0x7b,0xce,0x83,0xcf,0x7b,0xce,0x7b,0xae,0x7b,0xce,0x7b,0xce,0x7b,0xcf,0x7b,0xce,0x7b,0xcf,0x83,
    0xee,0x83,0xef,0x83,0xce,0x7b,0xcf,0x83,0xce,0x7b,0xef,0x83,0xce,0x7b,0xef,0x83,0xef,0x7b,0xef,0x83,0x0f,0x84,0x0f,0x84,
    0xef,0x83,0x30,0x8c,0x0f,0x84,0x0f,0x84,0xef,0x83,0x0f,0x84,0x0f,0x8c,0x10,0x84,0x0f,0x8c,0x30,0x8c,0x0f,0x84,0x30,0x8c,
    0x30,0x8c,0x50,0x8c,0x30,0x8c,0x30,0x8c,0x51,0x8c,0x50,0x8c,0x50,0x8c,0x51,0x8c,0x71,0x94,0x50,0x8c,0x51,0x94,0x71,0x94,
    0x71,0x94,0x71,0x94,0x71,0x8c,0x91,0x94,0xb2,0x94,0x91,0x94,0x92,0x94,0x91,0x94,0x71,0x94,0xb2,0x9c,0x92,0x9c,0x91,0x94,
    0x92,0x9c,0x91,0x94,0xb2,0x9c,0xb2,0x9c,0xb2,0x94,0x92,0x9c,0xb1,0x94,0xb2,0x9c,0x91,0x94,0xb2,0x9c,0x92,0x9c,0xd2,0x9c,
    0xb2,0x9c,0xb2,0x9c,0xb2,0x9c,0xb2,0x94,0xb1,0x9c,0x92,0x94,0xb2,0x9c,0xb2,0x9c,0xb2,0x9c,0x92,0x94,0x91,0x94,0x92,0x9c,
    0x91,0x94,0x92,0x9c,0x92,0x94,0xb2,0x94,0x71,0x94,0x71,0x94,0x91,0x94,0x91,0x94,0x92,0x9c,0x91,0x94,0x70,0x8c,0x71,0x94,
    0x71,0x8c,0x71,0x94,0x51,0x8c,0x50,0x94,0x51,0x8c,0x30,0x8c,0x30,0x8c,0x50,0x8c,0x31,0x8c,0x30,0x94,0x51,0x8c,0x50,0x8c,
    0x50,0x8c,0x30,0x8c,0x30,0x8c,0x50,0x8c,0x30,0x8c,0x0f,0x84,0x30,0x8c,0x30,0x8c,0x30,0x8c,0x0f,0x84,0x0f,0x84,0x10,0x8c,
    0x0f,0x84,0x10,0x8c,0x0f,0x84,0xef,0x83,0xcf,0x83,0xef,0x83,0xef,0x83,0xef,0x83,0xce,0x83,0xef,0x7b,0xef,0x83,0xce,0x83,
    0xce,0x7b,0xae,0x7b,0xce,0x83,0xae,0x7b,0xcf,0x7b,0xae,0x7b,0xad,0x7b,0xae,0x7b,0xae,0x7b,0xae,0x7b,0xae,0x7b,0x8e,0x7b,
    0xad,0x7b,0x8d,0x73,0xae,0x7b,0xad,0x7b,0xce,0x83,0xce,0x7b,0xad,0x83,0xce,0x7b,0xad,0x7b,0xae,0x83,0xce,0x7b,0xae,0x7b,
    0x8d,0x7b,0xad,0x7b,0xae,0x83,0xad,0x7b,0xae,0x7b,0xae,0x7b,0xae,0x7b,0xae,0x7b,0xad,0x7b,0xae,0x7b,0xce,0x7b,0xae,0x7b,
    0xce,0x7b,0xae,0x7b,0xce,0x83,0xce,0x7b,0xce,0x7b,0xae,0x7b,0xcf,0x83,0xce,0x7b,0xce,0x7b,0xce,0x83,0xce,0x7b,0xce,0x83,
    0xcf,0x83,0xee,0x83,0xcf,0x7b,0xee,0x83,0xcf,0x7b,0xce,0x83,0xef,0x7b,0xef,0x83,0xef,0x83,0xef,0x83,0xef,0x83,0xef,0x83,
    0xef,0x83,0x0f,0x84,0x0f,0x84,0x10,0x8c,0x2f,0x84,0xef,0x83,0x10,0x8c,0x30,0x8c,0x0f,0x84,0x10,0x8c,0x30,0x8c,0x0f,0x84,
    0x30,0x8c,0x30,0x8c,0x30,0x8c,0x30,0x8c,0x30,0x84,0x30,0x8c,0x30,0x8c,0x51,0x8c,0x50,0x8c,0x30,0x8c,0x51,0x8c,0x50,0x8c,
    0x50,0x8c,0x71,0x94,0x71,0x8c,0x71,0x8c,0x71,0x94,0x71,0x94,0x91,0x94,0x71,0x94,0x91,0x9c,0x91,0x94,0x91,0x9c,0xb2,0x94,
    0x91,0x94,0xb2,0x9c,0xb1,0x94,0x92,0x94,0xb1,0x94,0x92,0x9c,0xb2,0x94,0xb2,0x9c,0xb2,0x9c,0xb2,0x94,0xb2,0x9c,0xb2,0x9c,
    0x92,0x94,0xb2,0x9c,0xb2,0x94,0xb2,0x9c,0x92,0x94,0xb2,0x9c,0xb2,0x9c,0xb2,0x9c,0xb2,0x9c,0xb2,0x9c,0xb2,0x9c,0xb2,0x9c,
    0x92,0x94,0xb2,0x9c,0xb2,0x9c,0x92,0x94,0x92,0x9c,0x92,0x94,0x91,0x94,0x92,0x9c,0x92,0x94,0x91,0x94,0x91,0x94,0x71,0x94,
    0x71,0x94,0x71,0x94,0x71,0x94,0x71,0x94,0x71,0x94,0x70,0x94,0x51,0x8c,0x51,0x94,0x71,0x94,0x51,0x94,0x51,0x94,0x30,0x8c,
    0x51,0x94,0x50,0x8c,0x30,0x8c,0x30,0x8c,0x50,0x8c,0x30,0x8c,0x30,0x8c,0x30,0x8c,0x30,0x8c,0x10,0x8c,0x30,0x8c,0x30,0x8c,
    0x30,0x8c,0x30,0x8c,0x30,0x8c,0x0f,0x84,0x30,0x8c,0x0f,0x84,0x0f,0x84,0x10,0x84,0xef,0x83,0xef,0x83,0xef,0x83,0xef,0x83,
    0xcf,0x83,0xef,0x83,0xef,0x83,0xce,0x83,0xcf,0x83,0xef,0x83,0xcf,0x83,0xce,0x7b,0xce,0x83,0xae,0x83,0xce,0x7b,0xae,0x7b,
    0xce,0x83,0xae,0x7b,0xad,0x7b,0x8d,0x7b,0xae,0x7b,0x8d,0x7b,0x8e,0x7b,0xad,0x7b,0xce,0x83,0xce,0x83,0xae,0x7b,0xad,0x83,
    0xae,0x7b,0xce,0x83,0xad,0x7b,0xae,0x83,0xae,0x7b,0xce,0x83,0xae,0x7b,0xad,0x7b,0xae,0x7b,0xad,0x7b,0xae,0x7b,0xae,0x83,
    0xce,0x83,0x8e,0x7b,0xce,0x7b,0xae,0x83,0xce,0x7b,0xce,0x7b,0xce,0x7b,0xce,0x83,0xce,0x7b,0xce,0x7b,0xce,0x7b,0xce,0x7b,
    0xcf,0x83,0xce,0x83,0xcf,0x7b,0xce,0x83,0xef,0x7b,0xce,0x83,0xef,0x83,0xef,0x83,0xef,0x83,0xef,0x83,0xce,0x83,0xee,0x83,
    0x0f,0x84,0xef,0x83,0xee,0x83,0x0f,0x84,0xef,0x83,0xef,0x83,0x0f,0x84,0x0f,0x8c,0x0f,0x84,0x10,0x8c,0x2f,0x84,0xef,0x83,
    0x50,0x8c,0x30,0x8c,0x0f,0x8c,0x30,0x84,0x30,0x8c,0x30,0x8c,0x0f,0x84,0x30,0x8c,0x30,0x8c,0x30,0x8c,0x50,0x8c,0x50,0x8c,
    0x30,0x8c,0x51,0x8c,0x50,0x8c,0x50,0x94,0x51,0x8c,0x71,0x94,0x50,0x94,0x71,0x94,0x71,0x8c,0x71,0x94,0x91,0x94,0x91,0x94,
    0x92,0x94,0x91,0x94,0x92,0x94,0xb1,0x9c,0x92,0x94,0xb2,0x9c,0xb2,0x9c,0x92,0x9c,0xb2,0x9c,0xb1,0x94,0xb2,0x9c,0xb2,0x9c,
    0xd2,0x9c,0xb2,0x9c,0xb2,0x9c,0xb2,0x94,0xb1,0x9c,0xb2,0x94,0x91,0x94,0xb2,0x9c,0x91,0x9c,0xb2,0x94,0xf3,0xa4,0xd2,0x9c,
    0xb3,0x9c,0x92,0x9c,0xb2,0x9c,0xb2,0x9c,0xb2,0x9c,0xd2,0x9c,0xb2,0x9c,0x91,0x94,0xb2,0x9c,0xb2,0x9c,0x92,0x9c,0xb1,0x94,
    0x92,0x9c,0x91,0x94,0x92,0x94,0x91,0x9c,0x91,0x94,0x71,0x94,0x71,0x94,0x71,0x94,0x71,0x94,0x51,0x8c,0x70,0x94,0x71,0x8c,
    0x50,0x94,0x50,0x8c,0x71,0x94,0x50,0x8c,0x50,0x8c,0x51,0x94,0x50,0x8c,0x51,0x94,0x50,0x8c,0x50,0x8c,0x30,0x8c,0x30,0x8c,
    0x50,0x8c,0x2f,0x8c,0x2f,0x84,0x30,0x8c,0x2f,0x8c,0x10,0x84,0x0f,0x8c,0x10,0x84,0x2f,0x8c,0xf0,0x83,0x0f,0x8c,0x0f,0x8c,
    0xef,0x83,0xef,0x83,0xee,0x7b,0xcf,0x83,0xef,0x83,0xee,0x83,0xce,0x83,0xcf,0x83,0xce,0x83,0xae,0x7b,0xce,0x83,0xce,0x83,
    0xcf,0x7b,0xae,0x7b,0xae,0x7b,0xae,0x7b,0xee,0x83,0xae,0x7b,0xae,0x7b,0xad,0x7b,0xce,0x7b,0xae,0x7b,0x8d,0x7b,0xad,0x7b,
    0xae,0x7b,0xcd,0x83,0xae,0x7b,0xad,0x7b,0xae,0x7b,0xad,0x7b,0xae,0x7b,0xad,0x7b,0x8e,0x83,0xad,0x7b,0xae,0x7b,0xae,0x83,
    0xad,0x7b,0xae,0x7b,0x8d,0x7b,0xae,0x7b,0xce,0x83,0xae,0x7b,0xae,0x7b,0xce,0x7b,0xae,0x7b,0xae,0x83,0xae,0x7b,0xae,0x7b,
    0xce,0x83,0xcf,0x7b,0xce,0x83,0xef,0x83,0xce,0x83,0xce,0x7b,0xcf,0x83,0xce,0x7b,0xef,0x83,0xef,0x83,0xef,0x83,0xee,0x7b,
    0xef,0x83,0xee,0x7b,0xef,0x83,0xef,0x83,0xef,0x83,0xef,0x83,0xef,0x83,0x0f,0x84,0xef,0x83,0x0f,0x84,0x10,0x8c,0x0f,0x84,
    0x10,0x84,0x0f,0x8c,0x10,0x84,0x0f,0x8c,0x51,0x8c,0x50,0x8c,0x30,0x8c,0x30,0x8c,0x2f,0x8c,0x50,0x8c,0x30,0x8c,0x30,0x8c,
    0x50,0x8c,0x50,0x8c,0x50,0x8c,0x51,0x8c,0x50,0x8c,0x50,0x94,0x71,0x8c,0x71,0x94,0x70,0x8c,0x71,0x94,0x71,0x8c,0x71,0x94,
    0x71,0x94,0x91,0x94,0x91,0x94,0x91,0x94,0x92,0x9c,0xb2,0x9c,0x91,0x94,0xb2,0x9c,0xb2,0x9c,0xb1,0x94,0xb2,0x9c,0xb2,0x9c,
    0xb2,0x9c,0xb2,0x9c,0xb2,0x94,0xd2,0x9c,0xb2,0x9c,0xd2,0x9c,0xb2,0x9c,0xb2,0x9c,0xb2,0x9c,0xb2,0x9c,0xb2,0x9c,0xd2,0x9c,
    0xb2,0x9c,0xd3,0xa4,0xd2,0x9c,0xb2,0x9c,0xd2,0x9c,0xb2,0x9c,0xd2,0x9c,0xb2,0x9c,0xd2,0x9c,0xb2,0x9c,0x14,0xad,0x13,0xa5,
    0xb2,0x9c,0xb2,0x9c,0xd2,0x9c,0x92,0x9c,0xb1,0x94,0x92,0x9c,0x71,0x94,0xb2,0x9c,0x92,0x94,0x91,0x94,0x71,0x94,0x91,0x94,
    0x71,0x94,0x70,0x94,0x51,0x8c,0x50,0x94,0x51,0x8c,0x71,0x94,0x71,0x94,0x71,0x94,0x51,0x94,0x50,0x8c,0x50,0x94,0x50,0x8c,
    0x51,0x94,0x30,0x8c,0x50,0x8c,0x50,0x8c,0x10,0x8c,0x30,0x8c,0x30,0x8c,0x30,0x8c,0x2f,0x84,0x30,0x8c,0x0f,0x8c,0x30,0x8c,
    0x0f,0x84,0x0f,0x84,0x10,0x84,0x0f,0x84,0x0f,0x84,0xef,0x83,0xef,0x83,0xce,0x83,0xef,0x83,0xcf,0x83,0xcf,0x83,0xef,0x83,
    0xce,0x83,0xae,0x83,0xef,0x83,0xce,0x83,0xce,0x83,0xce,0x7b,0xae,0x83,0xee,0x83,0xce,0x83,0xce,0x83,0xee,0x83,0xae,0x7b,
    0xce,0x83,0xad,0x7b,0x8d,0x73,0x8d,0x7b,0xad,0x7b,0xae,0x7b,0xad,0x83,0xae,0x7b,0xad,0x7b,0xae,0x83,0x8d,0x7b,0xad,0x7b,
    0xae,0x7b,0xad,0x7b,0xae,0x83,0xad,0x7b,0x8d,0x7b,0xae,0x7b,0xad,0x7b,0xae,0x83,0xae,0x7b,0xce,0x83,0xad,0x7b,0xae,0x7b,
    0xce,0x83,0xae,0x7b,0xce,0x7b,0xce,0x7b,0xce,0x83,0xae,0x7b,0xce,0x7b,0xce,0x83,0xef,0x83,0xce,0x7b,0xef,0x83,0xce,0x83,
    0xef,0x7b,0xce,0x83,0xef,0x83,0xef,0x83,0xef,0x83,0xef,0x83,0xef,0x83,0xef,0x83,0xef,0x83,0xef,0x83,0x0f,0x84,0x0f,0x84,
    0x0f,0x84,0x0f,0x84,0xef,0x83,0x0f,0x8c,0x10,0x84,0x0f,0x8c,0x10,0x84,0x30,0x8c,0x0f,0x8c,0x10,0x84,0x2f,0x8c,0x30,0x8c,
    0x30,0x8c,0x30,0x8c,0x50,0x8c,0x50,0x8c,0x50,0x8c,0x30,0x8c,0x51,0x8c,0x70,0x94,0x51,0x8c,0x70,0x94,0x50,0x8c,0x51,0x94,
    0x71,0x94,0x71,0x94,0x91,0x94,0x71,0x94,0x91,0x94,0x91,0x94,0x92,0x9c,0x92,0x94,0xb1,0x9c,0xb2,0x94,0xb2,0x9c,0xb2,0x94,
    0xb2,0x9c,0xb2,0x9c,0xb2,0x9c,0xd2,0x9c,0xb2,0x9c,0xd2,0x9c,0xb2,0x9c,0xd2,0x9c,0xb2,0x9c,0xd2,0x9c,0xd2,0x9c,0xb2,0x9c,
    0xd2,0x9c,0xd2,0x9c,0xd2,0x9c,0xb2,0x9c,0xd2,0x9c,0xd3,0x9c,0xd2,0x9c,0xb2,0x9c,0xd3,0x9c,0xb2,0x9c,0xd2,0x9c,0xd2,0x9c,
    0xd2,0x9c,0xb2,0x9c,0xd2,0x9c,0xd2,0x9c,0xb2,0x9c,0xd2,0x9c,0xb2,0x9c,0xb2,0x94,0x91,0x9c,0xb2,0x94,0x91,0x9c,0x92,0x94,
    0x91,0x94,0x91,0x9c,0x91,0x94,0x71,0x94,0x71,0x94,0x71,0x94,0x71,0x94,0x91,0x94,0x71,0x94,0x71,0x94,0x50,0x8c,0x71,0x94,
    0x50,0x8c,0x50,0x8c,0x51,0x8c,0x50,0x8c,0x30,0x8c,0x50,0x8c,0x50,0x94,0x30,0x8c,0x50,0x8c,0x30,0x8c,0x30,0x8c,0x30,0x8c,
    0x30,0x8c,0x0f,0x8c,0x30,0x84,0x0f,0x84,0x10,0x8c,0x2f,0x8c,0x0f,0x84,0xef,0x83,0xef,0x83,0xef,0x83,0xef,0x83,0x30,0x8c,
    0xce,0x83,0xef,0x83,0xef,0x83,0xce,0x83,0xcf,0x83,0xce,0x7b,0xcf,0x83,0xce,0x7b,0xcf,0x83,0xce,0x83,0xce,0x7b,0xce,0x83,
    0xce,0x7b,0xce,0x7b,0xcf,0x83,0xad,0x7b,0xae,0x7b,0x8d,0x7b,0xad,0x7b,0xae,0x7b,0x8d,0x7b,0xad,0x7b,0x8d,0x7b,0xad,0x7b,
    0xad,0x7b,0x8d,0x7b,0xad,0x7b,0xae,0x83,0xad,0x7b,0xad,0x7b,0xae,0x83,0xad,0x7b,0xae,0x7b,0xad,0x7b,0xae,0x7b,0xad,0x7b,
    0xce,0x7b,0xad,0x7b,0xae,0x83,0xae,0x7b,0xce,0x83,0xae,0x7b,0xae,0x83,0xce,0x7b,0xce,0x83,0xcf,0x83,0xce,0x83,0xce,0x7b,
    0xcf,0x83,0xee,0x83,0xce,0x7b,0xcf,0x83,0xce,0x83,0xef,0x7b,0xee,0x83,0xef,0x83,0xef,0x83,0xef,0x83,0x0f,0x84,0xef,0x83,
    0x0e,0x84,0x0f,0x84,0x0f,0x84,0x0f,0x8c,0x10,0x8c,0x10,0x8c,0x30,0x8c,0x0f,0x84,0x30,0x8c,0x2f,0x84,0x30,0x8c,0x30,0x8c,
    0x30,0x8c,0x50,0x8c,0x30,0x8c,0x30,0x8c,0x50,0x8c,0x30,0x8c,0x51,0x94,0x51,0x8c,0x50,0x94,0x71,0x94,0x50,0x94,0x71,0x8c,
    0x51,0x94,0x71,0x94,0x71,0x94,0x71,0x94,0x71,0x94,0x91,0x94,0x91,0x94,0x92,0x9c,0x91,0x94,0x92,0x9c,0xb2,0x9c,0xb2,0x9c,
    0xb2,0x9c,0xb2,0x9c,0xb2,0x9c,0xb2,0x9c,0xb2,0x9c,0xb2,0x9c,0xd2,0x9c,0xb2,0x9c,0xd2,0x9c,0xd2,0x9c,0xd2,0x9c,0xd2,0x9c,
    0xd2,0x9c,0xd3,0x9c,0xd2,0x9c,0xd2,0x9c,0xd2,0x9c,0xd3,0x9c,0xd2,0x9c,0xd2,0x9c,0xf3,0xa4,0xd2,0x9c,0xd2,0xa4,0xd3,0x9c,
    0xd2,0xa4,0xd2,0x9c,0xd3,0x9c,0xd2,0xa4,0xd3,0xa4,0x13,0xa5,0xb2,0x9c,0xb2,0x9c,0xd2,0x9c,0xb2,0x9c,0xb2,0x9c,0xb2,0x9c,
    0xb2,0x9c,0x91,0x94,0xb2,0x9c,0x91,0x94,0x91,0x9c,0x92,0x94,0x91,0x94,0x91,0x94,0x91,0x94,0x71,0x94,0x91,0x94,0x71,0x94,
    0x71,0x94,0x71,0x94,0x50,0x94,0x71,0x94,0x71,0x94,0x30,0x8c,0x51,0x94,0x50,0x8c,0x30,0x8c,0x30,0x8c,0x50,0x8c,0x50,0x8c,
    0x30,0x8c,0x2f,0x8c,0x0f,0x84,0x30,0x8c,0x30,0x8c,0x2f,0x8c,0x0f,0x84,0x10,0x8c,0x50,0x8c,0x0f,0x84,0xef,0x83,0x30,0x8c,
    0x50,0x8c,0xef,0x83,0x0f,0x8c,0x71,0x94,0xcf,0x83,0xef,0x83,0xee,0x83,0xcf,0x83,0xce,0x83,0xcf,0x83,0xef,0x83,0xae,0x83,
    0xce,0x7b,0xce,0x7b,0xce,0x83,0xce,0x7b,0xae,0x83,0xad,0x7b,0xae,0x7b,0xae,0x83,0xad,0x7b,0xae,0x7b,0xad,0x7b,0x8d,0x7b,
    0xae,0x7b,0x8d,0x7b,0xae,0x83,0xad,0x7b,0x8e,0x7b,0xad,0x7b,0x8e,0x7b,0xad,0x7b,0x8d,0x7b,0x8e,0x7b,0xae,0x83,0xad,0x7b,
    0xae,0x83,0xae,0x83,0xae,0x7b,0xae,0x83,0xce,0x83,0xae,0x7b,0xae,0x7b,0xce,0x83,0xad,0x7b,0xae,0x7b,0xce,0x83,0xae,0x7b,
    0xae,0x83,0xce,0x7b,0xce,0x83,0xce,0x83,0xce,0x83,0xce,0x7b,0xcf,0x83,0xce,0x83,0xef,0x7b,0xef,0x83,0xef,0x83,0xef,0x83,
    0x0f,0x84,0xee,0x83,0xef,0x83,0x0f,0x84,0xef,0x83,0x30,0x8c,0x92,0x9c,0xef,0x83,0x2f,0x84,0x0f,0x84,0x0f,0x8c,0x0f,0x84,
    0x10,0x8c,0x30,0x8c,0x2f,0x8c,0x30,0x8c,0x2f,0x84,0x30,0x8c,0x50,0x8c,0x30,0x8c,0x50,0x8c,0x50,0x8c,0x50,0x8c,0x50,0x8c,
    0x51,0x94,0x70,0x8c,0x71,0x94,0x71,0x94,0x70,0x94,0x91,0x94,0x91,0x94,0x91,0x94,0x91,0x94,0x92,0x94,0x91,0x9c,0x91,0x94,
    0x92,0x9c,0xb2,0x94,0xb1,0x9c,0x92,0x94,0xb2,0x9c,0xb1,0x9c,0xb2,0x9c,0xd2,0x9c,0xd2,0x9c,0xb2,0x9c,0xd2,0x9c,0xb2,0x9c,
    0xd2,0x9c,0xb2,0x9c,0xd3,0x9c,0xd3,0xa4,0xd2,0x9c,0xd2,0xa4,0xd3,0x9c,0xd2,0x9c,0xf3,0xa4,0xf3,0xa4,0xd2,0x9c,0xf3,0xa4,
    0xd2,0x9c,0xd3,0xa4,0xf3,0x9c,0xd2,0xa4,0xf3,0xa4,0xd2,0xa4,0xd3,0xa4,0xd2,0x9c,0xd2,0x9c,0xd3,0xa4,0xd2,0x9c,0xb2,0x9c,
    0xd3,0x9c,0xd2,0x9c,0xb2,0x9c,0xd2,0x9c,0xb2,0x9c,0xb2,0x9c,0xb2,0x9c,0xb2,0x9c,0xb2,0x94,0x91,0x9c,0x91,0x94,0x92,0x9c,
    0x91,0x94,0x91,0x94,0x71,0x94,0x71,0x94,0x71,0x94,0x70,0x94,0x51,0x8c,0x70,0x94,0x51,0x94,0x50,0x8c,0x71,0x94,0x50,0x8c,
    0x50,0x94,0x71,0x94,0x70,0x94,0x51,0x8c,0x50,0x8c,0x30,0x8c,0x30,0x8c,0x2f,0x8c,0x30,0x84,0x0f,0x8c,0x10,0x8c,0x2f,0x84,
    0x30,0x8c,0x0f,0x8c,0x0f,0x84,0xef,0x83,0x0f,0x84,0xef,0x83,0xef,0x83,0xee,0x7b,0xef,0x83,0xce,0x83,0xcf,0x83,0xef,0x83,
    0xce,0x83,0xce,0x83,0xce,0x83,0xef,0x83,0xce,0x83,0xce,0x7b,0xae,0x7b,0xae,0x7b,0xce,0x7b,0xae,0x7b,0xce,0x83,0xce,0x7b,
    0xae,0x7b,0xad,0x7b,0xae,0x7b,0x8d,0x7b,0xad,0x7b,0xad,0x7b,0x8d,0x7b,0xae,0x83,0xad,0x7b,0x8d,0x7b,0x8d,0x7b,0x8e,0x7b,
    0xae,0x83,0xad,0x7b,0xae,0x7b,0xae,0x7b,0xae,0x7b,0xce,0x7b,0xad,0x83,0xce,0x7b,0xad,0x7b,0xce,0x83,0xae,0x7b,0xae,0x7b,
    0xce,0x83,0xae,0x7b,0xae,0x83,0xce,0x7b,0xad,0x7b,0xce,0x83,0xae,0x7b,0xce,0x7b,0xef,0x83,0xce,0x83,0xce,0x83,0xce,0x7b,
    0xce,0x83,0xef,0x83,0xee,0x83,0xef,0x83,0xef,0x83,0x0f,0x84,0x30,0x8c,0xef,0x83,0x0f,0x84,0x0f,0x84,0x0f,0x84,0x0f,0x84,
    0x10,0x8c,0x0f,0x84,0x0f,0x84,0x10,0x8c,0x0f,0x84,0x30,0x8c,0x30,0x8c,0x30,0x8c,0x30,0x8c,0x30,0x8c,0x50,0x94,0x50,0x8c,
    0x51,0x8c,0x50,0x94,0x51,0x94,0x50,0x8c,0x71,0x94,0x71,0x94,0x71,0x94,0x70,0x8c,0x71,0x94,0x71,0x94,0x71,0x94,0xb2,0x9c,
    0x91,0x94,0xb2,0x9c,0x91,0x94,0xb2,0x9c,0xd2,0x9c,0x92,0x9c,0xb2,0x9c,0xb1,0x9c,0xd3,0x9c,0xb2,0x9c,0xb1,0x94,0xb2,0x9c,
    0xb2,0x9c,0xb2,0x9c,0xf2,0x9c,0xd2,0x9c,0xd3,0xa4,0xd2,0x9c,0xd2,0xa4,0xf3,0xa4,0xf3,0xa4,0xd2,0x9c,0xd2,0xa4,0xd3,0x9c,
    0xf2,0xa4,0xd3,0x9c,0xd2,0xa4,0xd3,0x9c,0xd2,0x9c,0xf2,0xa4,0xd2,0x9c,0xd3,0xa4,0xd2,0x9c,0xf3,0xa4,0xb2,0x9c,0xd2,0x9c,
    0xd2,0x9c,0xd2,0x9c,0xb2,0x9c,0xd2,0x9c,0xd2,0xa4,0xb2,0x9c,0xd2,0x9c,0xd2,0x9c,0xd2,0x9c,0xb2,0x9c,0xb2,0x9c,0x91,0x94,
    0xb2,0x9c,0x91,0x9c,0xb2,0x9c,0xb2,0x94,0x91,0x9c,0x71,0x94,0x91,0x94,0x91,0x94,0x71,0x94,0x91,0x94,0x71,0x94,0x71,0x94,
    0x91,0x94,0x51,0x94,0x70,0x94,0x51,0x8c,0x70,0x94,0x71,0x8c,0x71,0x94,0x30,0x8c,0x30,0x8c,0x30,0x8c,0x30,0x8c,0x2f,0x8c,
    0x10,0x8c,0x0f,0x84,0x30,0x8c,0x0f,0x8c,0x30,0x84,0x0f,0x84,0xef,0x83,0x0f,0x84,0xef,0x83,0xef,0x83,0xef,0x83,0xcf,0x83,
    0xef,0x83,0xce,0x7b,0xce,0x83,0xcf,0x7b,0xce,0x83,0xcf,0x7b,0xce,0x7b,0xef,0x83,0xce,0x7b,0xae,0x7b,0xef,0x83,0xef,0x83,
    0xad,0x7b,0xce,0x83,0xce,0x83,0xad,0x7b,0xad,0x7b,0x8d,0x7b,0x8d,0x7b,0x8d,0x7b,0xae,0x83,0xce,0x83,0x8d,0x7b,0x8d,0x7b,
    0xae,0x7b,0x8d,0x7b,0x8d,0x7b,0x8d,0x7b,0xad,0x7b,0xae,0x7b,0xad,0x83,0xae,0x7b,0xad,0x83,0xae,0x7b,0xce,0x7b,0xae,0x83,
    0xad,0x7b,0xae,0x7b,0xce,0x83,0xae,0x83,0xce,0x83,0xce,0x83,0xce,0x7b,0xce,0x83,0xae,0x83,0xce,0x7b,0xce,0x83,0xce,0x83,
    0xce,0x83,0xef,0x83,0xef,0x83,0xce,0x83,0xef,0x7b,0xef,0x83,0xef,0x83,0xef,0x83,0xef,0x83,0x0f,0x8c,0x30,0x8c,0x0f,0x84,
    0x0f,0x8c,0x10,0x8c,0x0f,0x84,0x10,0x8c,0x0f,0x84,0x10,0x8c,0x0f,0x84,0x30,0x8c,0x2f,0x8c,0x30,0x8c,0x30,0x8c,0x0f,0x84,
    0x30,0x8c,0x50,0x8c,0x50,0x8c,0x51,0x94,0x50,0x8c,0x50,0x8c,0x51,0x94,0x70,0x8c,0x51,0x94,0x70,0x8c,0x71,0x94,0x71,0x94,
    0x71,0x94,0x91,0x94,0x71,0x94,0x91,0x94,0xb2,0x9c,0xb2,0x9c,0x91,0x9c,0x92,0x9c,0xb2,0x9c,0xb1,0x9c,0xb2,0x9c,0xb2,0x9c,
    0xb2,0x9c,0xb2,0x9c,0xb2,0x9c,0xd2,0x9c,0xb2,0x9c,0xd2,0x9c,0xd3,0xa4,0xd2,0x9c,0xd2,0x9c,0xd3,0xa4,0xd2,0x9c,0xd2,0xa4,
    0xd2,0x9c,0xd3,0x9c,0xd2,0x9c,0xd2,0x9c,0xf3,0xa4,0xf3,0xa4,0xd2,0x9c,0xd2,0xa4,0xf3,0x9c,0xd3,0xa4,0xd2,0x9c,0xf2,0xa4,
    0xd2,0x9c,0xd3,0xa4,0xf2,0xa4,0xd2,0x9c,0xd2,0x9c,0xb2,0x9c,0xd2,0xa4,0xb2,0x9c,0xb2,0x9c,0xd2,0x9c,0xb2,0x9c,0xd2,0x9c,
    0xd2,0x9c,0xd2,0x9c,0xb2,0x9c,0xb2,0x9c,0xb1,0x94,0x92,0x9c,0x91,0x94,0x91,0x9c,0x92,0x94,0x91,0x9c,0x92,0x94,0x91,0x9c,
    0x91,0x94,0x91,0x94,0x91,0x94,0x71,0x94,0x71,0x94,0x70,0x8c,0x71,0x94,0x51,0x94,0x50,0x8c,0x51,0x94,0x70,0x94,0x30,0x8c,
    0x50,0x8c,0x50,0x94,0x30,0x8c,0x0f,0x84,0x30,0x8c,0x30,0x8c,0x0f,0x84,0x10,0x8c,0x0f,0x84,0x0f,0x8c,0xef,0x83,0x0f,0x8c,
    0xef,0x83,0xef,0x83,0xef,0x83,0xef,0x83,0xee,0x83,0xcf,0x7b,0xce,0x83,0xcf,0x83,0xee,0x83,0xce,0x83,0xae,0x7b,0xae,0x83,
    0x0f,0x84,0xae,0x7b,0xae,0x7b,0xee,0x83,0x8e,0x7b,0xad,0x7b,0xae,0x7b,0xae,0x7b,0x8d,0x7b,0x8d,0x7b,0x8d,0x7b,0x8d,0x73,
    0x8d,0x7b,0x8d,0x7b,0x8d,0x7b,0xad,0x7b,0x8d,0x7b,0x8d,0x7b,0x8d,0x7b,0x8d,0x7b,0x8d,0x7b,0x8d,0x7b,0x8d,0x7b,0x8d,0x7b,
    0xae,0x7b,0x8d,0x7b,0xad,0x83,0xce,0x7b,0xae,0x83,0xae,0x83,0xcd,0x7b,0xae,0x7b,0xce,0x83,0xce,0x7b,0xae,0x7b,0xae,0x7b,
    0xcd,0x7b,0xce,0x83,0xce,0x7b,0xce,0x83,0xce,0x7b,0xae,0x83,0xce,0x7b,0xae,0x83,0xcf,0x83,0xce,0x83,0xef,0x83,0xef,0x83,
    0xef,0x83,0xee,0x83,0x0f,0x84,0x0f,0x84,0x0f,0x84,0x0f,0x84,0xef,0x83,0x0f,0x8c,0x30,0x8c,0x0f,0x84,0x10,0x8c,0x2f,0x8c,
    0x30,0x8c,0x30,0x8c,0x30,0x8c,0x50,0x8c,0x30,0x8c,0x50,0x94,0x30,0x8c,0x50,0x8c,0x51,0x94,0x71,0x94,0x70,0x94,0x51,0x94,
    0x70,0x8c,0x71,0x94,0x71,0x94,0x91,0x94,0x71,0x9c,0x91,0x94,0x91,0x9c,0xb2,0x9c,0x91,0x9c,0xb2,0x9c,0x92,0x9c,0xb2,0x9c,
    0xb1,0x9c,0x92,0x9c,0xb2,0x9c,0xd2,0x9c,0xd2,0x9c,0xd2,0x9c,0xb2,0x9c,0xb2,0x9c,0xd2,0x9c,0xb2,0x9c,0xd2,0x9c,0xb2,0x9c,
    0xb2,0x9c,0xf3,0xa4,0xd2,0x9c,0xd3,0xa4,0xf3,0xa4,0xd2,0xa4,0xd3,0x9c,0xd2,0xa4,0xd3,0x9c,0xd2,0x9c,0xf3,0xa4,0xf3,0xa4,
    0xd2,0x9c,0xd2,0xa4,0xd3,0x9c,0xd3,0xa4,0xf3,0xa4,0xd2,0xa4,0xd3,0xa4,0xd2,0xa4,0xf3,0xa4,0xd3,0xa4,0xd2,0x9c,0xd2,0x9c,
    0xd2,0x9c,0xd2,0x9c,0xb2,0x9c,0xd2,0xa4,0xb2,0x9c,0xd2,0x9c,0xb2,0x9c,0xb2,0x9c,0xb2,0x9c,0xd2,0x9c,0xb2,0x94,0xb1,0x9c,
    0x91,0x94,0x92,0x9c,0xb1,0x94,0x92,0x9c,0x91,0x94,0x71,0x94,0x71,0x94,0x71,0x94,0x71,0x94,0x51,0x94,0x71,0x94,0x70,0x8c,
    0x51,0x94,0x50,0x8c,0x71,0x94,0x50,0x8c,0x30,0x8c,0x30,0x8c,0x30,0x8c,0x50,0x8c,0x0f,0x8c,0x30,0x8c,0x2f,0x8c,0x10,0x8c,
    0xef,0x83,0x0f,0x84,0xef,0x83,0xef,0x83,0xef,0x83,0xef,0x83,0x0f,0x84,0xce,0x83,0xcf,0x7b,0xee,0x83,0xae,0x7b,0xcf,0x83,
    0xce,0x7b,0xae,0x83,0xce,0x7b,0xae,0x7b,0xce,0x7b,0xae,0x7b,0xae,0x7b,0xae,0x7b,0xad,0x7b,0xae,0x7b,0x8d,0x7b,0xad,0x7b,
    0x8d,0x7b,0x8d,0x7b,0xae,0x7b,0x8d,0x7b,0xad,0x7b,0xad,0x7b,0x8d,0x7b,0x8d,0x7b,0x8d,0x7b,0x8d,0x7b,0x8d,0x7b,0x8d,0x7b,
    0x8d,0x7b,0xad,0x7b,0x8e,0x7b,0xad,0x7b,0xae,0x7b,0xad,0x7b,0xce,0x83,0xae,0x7b,0xad,0x7b,0xad,0x7b,0xce,0x83,0xce,0x83,
    0xae,0x7b,0xce,0x83,0xad,0x83,0xae,0x7b,0xce,0x83,0xce,0x83,0xce,0x7b,0xce,0x83,0xce,0x83,0xce,0x83,0xcf,0x83,0xef,0x83,
    0xee,0x7b,0xcf,0x83,0xee,0x83,0xef,0x83,0x0f,0x84,0xef,0x83,0x0f,0x84,0x10,0x8c,0x0f,0x8c,0x10,0x8c,0x0f,0x84,0x10,0x8c,
    0x0f,0x84,0x30,0x8c,0x0f,0x8c,0x10,0x8c,0x30,0x8c,0x30,0x8c,0x2f,0x8c,0x50,0x8c,0x50,0x94,0x51,0x8c,0x50,0x8c,0x50,0x94,
    0x71,0x94,0x50,0x8c,0x71,0x94,0x71,0x94,0x91,0x94,0x71,0x94,0x71,0x9c,0x91,0x94,0x91,0x9c,0x92,0x9c,0x91,0x9c,0x91,0x94,
    0xb2,0x9c,0x92,0x9c,0xb1,0x9c,0xb2,0x9c,0xb2,0x9c,0x92,0x9c,0xd2,0x9c,0xb2,0x9c,0xb2,0x9c,0xd2,0x9c,0xd2,0x9c,0xd2,0x9c,
    0xd3,0xa4,0xd2,0x9c,0xd2,0x9c,0xd3,0xa4,0xd2,0x9c,0xb2,0xa4,0xd2,0x9c,0xd3,0xa4,0xf2,0x9c,0xd3,0x9c,0xd2,0xa4,0xd2,0x9c,
    0xd3,0xa4,0xf2,0xa4,0xd3,0xa4,0xf3,0xa4,0xf3,0xa4,0xf3,0xa4,0xd2,0xa4,0xd3,0xa4,0xf3,0xa4,0xd2,0x9c,0xf3,0xa4,0xd2,0x9c,
    0xd2,0x9c,0xd2,0x9c,0xb2,0x9c,0xd2,0xa4,0xb2,0x9c,0xd2,0xa4,0xd2,0x9c,0xd2,0x9c,0xd3,0x9c,0xb2,0x9c,0xb2,0x9c,0xd2,0x9c,
    0xb2,0x9c,0x91,0x9c,0xb2,0x9c,0xb2,0x9c,0x91,0x94,0xb2,0x9c,0x91,0x94,0x91,0x94,0x92,0x9c,0x91,0x94,0x91,0x94,0x71,0x94,
    0x91,0x94,0x71,0x94,0x71,0x94,0x50,0x8c,0x50,0x8c,0x50,0x8c,0x50,0x8c,0x30,0x8c,0x30,0x8c,0x2f,0x8c,0x30,0x84,0x2f,0x8c,
    0x30,0x8c,0x10,0x84,0x0f,0x84,0x0f,0x8c,0x0f,0x84,0xef,0x83,0x0f,0x8c,0xef,0x83,0xef,0x83,0xee,0x83,0xce,0x7b,0xef,0x83,
    0xef,0x83,0xce,0x83,0xef,0x83,0xce,0x83,0xce,0x83,0xcf,0x83,0xcf,0x7b,0xce,0x83,0xae,0x7b,0xae,0x7b,0xce,0x83,0xae,0x7b,
    0xae,0x83,0xad,0x7b,0xae,0x7b,0x6d,0x7b,0x8d,0x7b,0x8d,0x73,0x8d,0x7b,0x6d,0x73,0x8d,0x7b,0x6d,0x7b,0x6d,0x73,0x0f,0x8c,
    0xad,0x7b,0x8d,0x7b,0x8d,0x7b,0x8d,0x73,0x8d,0x7b,0xae,0x7b,0x8d,0x7b,0xad,0x7b,0xae,0x83,0x8d,0x7b,0xae,0x83,0xce,0x83,
    0xae,0x7b,0xae,0x7b,0xae,0x83,0x2f,0x8c,0xae,0x7b,0xce,0x83,0xae,0x7b,0xce,0x83,0xce,0x7b,0xce,0x83,0xce,0x83,0xce,0x7b,
    0xce,0x83,0xce,0x7b,0xce,0x83,0x30,0x8c,0xef,0x83,0xef,0x83,0xef,0x83,0xef,0x83,0xef,0x83,0xef,0x83,0x0f,0x8c,0x0f,0x84,
    0x0f,0x84,0x10,0x8c,0x0f,0x84,0x0f,0x8c,0x10,0x8c,0x30,0x8c,0x10,0x8c,0x2f,0x8c,0x30,0x8c,0x30,0x8c,0x30,0x94,0x50,0x8c,
    0x30,0x8c,0x50,0x94,0x51,0x94,0x50,0x8c,0x50,0x94,0x71,0x94,0x71,0x94,0x70,0x94,0x71,0x94,0x71,0x94,0x91,0x94,0x91,0x94,
    0x91,0x9c,0x92,0x94,0x91,0x9c,0xb2,0x9c,0xb2,0x9c,0xb2,0x9c,0xb2,0x9c,0xb2,0x9c,0xd2,0x9c,0xb2,0x9c,0xb2,0x9c,0xb2,0x9c,
    0xb2,0x9c,0xd2,0x9c,0xd2,0xa4,0xd2,0x9c,0xd2,0x9c,0xd2,0xa4,0xd3,0x9c,0xd2,0xa4,0xd3,0xa4,0xf3,0xa4,0xd3,0xa4,0xf2,0xa4,
    0xd3,0xa4,0xf3,0xa4,0xf3,0xa4,0xd2,0xa4,0xf3,0xa4,0xf3,0xa4,0xf3,0xa4,0xf3,0xa4,0xd2,0xa4,0xf3,0xa4,0xf3,0xa4,0xf3,0xa4,
    0xf2,0xa4,0xd3,0xa4,0xf2,0x9c,0xf3,0xa4,0xd2,0xa4,0xf3,0xa4,0xd2,0x9c,0xd2,0x9c,0xd2,0xa4,0xd2,0x9c,0xd3,0x9c,0xd2,0xa4,
    0xd2,0xa4,0xd2,0x9c,0xb2,0x9c,0xd2,0x9c,0xb2,0x9c,0xb2,0x9c,0xb2,0x9c,0xb1,0x9c,0xb2,0x9c,0x92,0x94,0xd2,0xa4,0xb2,0x94,
    0x91,0x94,0x92,0x9c,0x92,0x94,0x91,0x94,0x71,0x94,0x71,0x94,0x71,0x94,0x71,0x94,0x50,0x94,0x71,0x94,0x30,0x8c,0x30,0x8c,
    0x30,0x8c,0x30,0x8c,0x30,0x8c,0x30,0x8c,0x30,0x8c,0x2f,0x8c,0x0f,0x84,0x10,0x8c,0x0f,0x84,0x0f,0x84,0xef,0x83,0x0f,0x84,
    0xef,0x83,0xef,0x83,0xef,0x83,0xce,0x83,0xce,0x7b,0xae,0x7b,0xce,0x83,0xaf,0x7b,0xae,0x7b,0xce,0x83,0xae,0x7b,0xae,0x7b,
    0xce,0x83,0xae,0x7b,0xae,0x7b,0xae,0x7b,0x8d,0x7b,0x8e,0x7b,0x8d,0x7b,0x8d,0x7b,0x8d,0x7b,0x8d,0x7b,0x6d,0x73,0x8d,0x7b,
    0x6d,0x73,0x6c,0x73,0x6c,0x7b,0x8d,0x7b,0x6d,0x73,0x8d,0x7b,0x8d,0x7b,0x8d,0x7b,0x8d,0x7b,0x8d,0x7b,0x8d,0x7b,0x8d,0x7b,
    0x8d,0x7b,0xad,0x7b,0x8d,0x7b,0x8d,0x7b,0xad,0x7b,0xae,0x83,0xae,0x7b,0xad,0x7b,0xae,0x83,0xae,0x7b,0xce,0x83,0xce,0x7b,
    0xce,0x83,0xae,0x7b,0xce,0x83,0xce,0x7b,0xce,0x83,0xce,0x83,0xce,0x7b,0xce,0x83,0xcf,0x83,0xce,0x83,0xef,0x83,0xef,0x83,
    0xef,0x8b,0x0f,0x84,0xef,0x83,0x0f,0x8c,0x10,0x8c,0x0f,0x84,0x10,0x8c,0x30,0x8c,0x0f,0x8c,0x30,0x8c,0x2f,0x8c,0x30,0x8c,
    0x2f,0x8c,0x30,0x8c,0x30,0x8c,0x30,0x94,0x50,0x94,0x50,0x8c,0x50,0x94,0x51,0x94,0x50,0x8c,0x71,0x94,0xb2,0x9c,0x71,0x94,
    0x71,0x94,0x71,0x94,0x91,0x94,0x91,0x9c,0x91,0x94,0x91,0x9c,0x92,0x94,0xb2,0xa4,0x91,0x9c,0xb2,0x9c,0xb2,0x9c,0xb2,0x9c,
    0xb2,0x9c,0xb2,0x9c,0xd2,0x9c,0xd2,0x9c,0xd2,0xa4,0xd2,0x9c,0xd2,0x9c,0xd3,0xa4,0xb2,0x9c,0xd2,0x9c,0xd3,0xa4,0xd2,0x9c,
    0xf3,0xa4,0xf3,0xa4,0xd2,0xa4,0xf3,0xa4,0xd3,0xa4,0xf2,0xa4,0xd3,0xa4,0xf3,0xa4,0xd2,0xa4,0xd3,0x9c,0xd2,0xa4,0xd3,0xa4,
    0xf3,0xa4,0xf3,0xa4,0xd2,0xa4,0xf3,0xa4,0xf3,0xa4,0xd3,0xa4,0xd2,0xa4,0xf3,0xa4,0xf3,0xa4,0xf3,0xa4,0xd2,0x9c,0xf3,0xa4,
    0xd2,0x9c,0xd3,0xa4,0xd2,0x9c,0xd2,0x9c,0xd3,0x9c,0xf2,0xa4,0xd2,0x9c,0xd2,0xa4,0xd2,0x9c,0xb2,0x9c,0xb1,0x94,0xb2,0x9c,
    0xb2,0x9c,0xb2,0x9c,0xd2,0x9c,0xd2,0x9c,0xb2,0x9c,0x91,0x94,0xb1,0x9c,0x91,0x94,0x91,0x9c,0x71,0x94,0x71,0x8c,0x71,0x94,
    0x71,0x8c,0x71,0x94,0x50,0x8c,0x50,0x8c,0x50,0x8c,0x50,0x8c,0x30,0x8c,0x30,0x8c,0x30,0x8c,0x0f,0x84,0x10,0x8c,0x0f,0x84,
    0x0f,0x84,0x0f,0x8c,0x0f,0x84,0xef,0x83,0xef,0x83,0xef,0x83,0xee,0x83,0xef,0x83,0xce,0x7b,0xae,0x83,0xae,0x7b,0xce,0x83,
    0xce,0x83,0xae,0x7b,0xae,0x83,0xae,0x7b,0xae,0x7b,0x8d,0x7b,0x8e,0x7b,0x8d,0x7b,0x8d,0x7b,0x8d,0x7b,0x8d,0x7b,0x8d,0x73,
    0x6d,0x7b,0x8d,0x73,0x6d,0x73,0x6d,0x7b,0x4c,0x73,0x8d,0x7b,0x6d,0x73,0x6c,0x73,0x6c,0x73,0x6c,0x7b,0x8d,0x73,0x8d,0x7b,
    0x8c,0x7b,0x8d,0x7b,0x8d,0x7b,0x8d,0x7b,0x8d,0x7b,0x8d,0x7b,0xae,0x7b,0x8d,0x7b,0xad,0x7b,0xad,0x7b,0x8d,0x7b,0xae,0x7b,
    0xcd,0x83,0xae,0x7b,0xce,0x83,0xce,0x83,0xce,0x7b,0xce,0x83,0xce,0x83,0xce,0x83,0xce,0x7b,0xae,0x83,0xcf,0x83,0xef,0x83,
    0xce,0x83,0xef,0x83,0xee,0x83,0xcf,0x83,0xee,0x83,0xef,0x8b,0x0f,0x8c,0x10,0x84,0x0f,0x8c,0x0f,0x8c,0x30,0x8c,0x30,0x8c,
    0x0f,0x8c,0x30,0x8c,0x30,0x8c,0x50,0x94,0x30,0x8c,0x50,0x94,0x50,0x94,0x50,0x8c,0x51,0x94,0x50,0x94,0x51,0x8c,0x71,0x94,
    0x71,0x94,0x71,0x94,0x50,0x94,0x71,0x94,0x91,0x94,0x91,0x9c,0x91,0x9c,0x92,0x9c,0x91,0x9c,0xb2,0x9c,0xb2,0x9c,0xb2,0x9c,
    0xb2,0x9c,0xb2,0x9c,0xb2,0xa4,0xb2,0x9c,0xd2,0xa4,0xb2,0xa4,0xb2,0x9c,0xb2,0xa4,0xd2,0x9c,0xd2,0xa4,0xb2,0x9c,0xb2,0x9c,
    0x13,0xad,0x13,0xa5,0xd2,0xa4,0xd3,0xa4,0xd2,0xa4,0xd3,0xa4,0xf3,0xa4,0xf3,0xa4,0xd2,0xa4,0xf3,0xa4,0xf3,0xa4,0xd2,0xa4,
    0xf3,0xa4,0xd3,0xa4,0xf3,0xa4,0xf3,0xa4,0xf3,0xac,0xf3,0xa4,0xf3,0xa4,0xd3,0xa4,0xf3,0xac,0xd2,0xa4,0xf3,0xa4,0xd3,0xa4,
    0xf2,0xa4,0xb2,0x9c,0xd2,0xa4,0xd2,0x9c,0xd3,0xa4,0xd2,0xa4,0xb2,0x9c,0xd3,0xa4,0xd2,0xa4,0xd3,0xa4,0xd3,0x9c,0xd2,0x9c,
    0xd3,0x9c,0xb2,0x9c,0xd2,0x9c,0xb2,0x9c,0xd2,0x9c,0xb2,0x9c,0x91,0x94,0x91,0x94,0xb2,0x9c,0xd2,0x9c,0x92,0x9c,0x92,0x94,
    0xb2,0x9c,0x91,0x94,0x91,0x94,0x71,0x94,0x71,0x94,0x50,0x94,0x71,0x94,0x71,0x94,0x50,0x94,0x30,0x8c,0x30,0x8c,0x30,0x8c,
    0x30,0x8c,0x30,0x8c,0x0f,0x84,0x0f,0x8c,0x10,0x84,0xef,0x83,0x0f,0x84,0xef,0x83,0xef,0x83,0xee,0x83,0xcf,0x7b,0xcf,0x83,
    0xce,0x7b,0xcf,0x83,0xcf,0x83,0xce,0x83,0xae,0x7b,0xcf,0x83,0xae,0x7b,0x8e,0x7b,0xce,0x83,0x8e,0x7b,0x8d,0x7b,0xae,0x7b,
    0xae,0x7b,0x8d,0x7b,0x8e,0x7b,0x6d,0x73,0x8d,0x7b,0x6d,0x7b,0x6d,0x73,0x6d,0x73,0x6d,0x7b,0x6c,0x73,0x6d,0x7b,0x6d,0x7b,
    0x6c,0x73,0x6d,0x7b,0x8c,0x7b,0x6d,0x73,0x8d,0x73,0x8d,0x7b,0xad,0x7b,0xae,0x7b,0x6d,0x7b,0x8d,0x7b,0x8d,0x7b,0xad,0x7b,
    0x8e,0x7b,0x8d,0x7b,0xae,0x7b,0xad,0x7b,0xae,0x7b,0xce,0x83,0xce,0x7b,0xad,0x83,0xce,0x7b,0xad,0x7b,0xce,0x83,0xae,0x7b,
    0xae,0x83,0xce,0x7b,0xce,0x83,0xce,0x83,0xcf,0x83,0xef,0x83,0xef,0x8b,0x0f,0x8c,0xef,0x83,0x0f,0x84,0xef,0x83,0x0f,0x8c,
    0xef,0x8b,0x0f,0x84,0x0f,0x8c,0x10,0x8c,0x2f,0x8c,0x10,0x8c,0x2f,0x8c,0x30,0x8c,0x30,0x94,0x30,0x8c,0x50,0x94,0x30,0x8c,
    0x30,0x8c,0x50,0x94,0x51,0x94,0x71,0x94,0x71,0x9c,0x71,0x94,0x71,0x94,0x91,0x9c,0x71,0x94,0x91,0x94,0x91,0x94,0x91,0x9c,
    0x91,0x94,0xb2,0x9c,0xb1,0xa4,0xb2,0x9c,0xb2,0xa4,0xb2,0x9c,0xb2,0x9c,0xd2,0xa4,0xb2,0x9c,0xd2,0xa4,0xb2,0xa4,0xd2,0x9c,
    0xb2,0xa4,0xd3,0xa4,0xd2,0xa4,0xd2,0xa4,0xd2,0x9c,0xd3,0xa4,0xd2,0x9c,0xd3,0xa4,0xd2,0xa4,0xf3,0xa4,0xf3,0xa4,0xd3,0xa4,
    0xf3,0xa4,0xd2,0xa4,0xf3,0xa4,0xf3,0xa4,0xd3,0xa4,0xf2,0xa4,0xf3,0xac,0xf3,0xa4,0xf3,0xa4,0xd3,0xac,0xf2,0xa4,0xd3,0xa4,
    0xf3,0xa4,0xd2,0xa4,0xf3,0xa4,0xf3,0xa4,0xd2,0x9c,0xf3,0xa4,0xf3,0xa4,0xb2,0x9c,0xd3,0xa4,0xd2,0xa4,0xf3,0xa4,0xd2,0xa4,
    0xd3,0xa4,0xd2,0x9c,0xb2,0x9c,0xd2,0xa4,0xd2,0x9c,0xf3,0xa4,0xd2,0x9c,0xb2,0x9c,0xb2,0x9c,0xd2,0x9c,0xb2,0x9c,0xf3,0xa4,
    0xb2,0x9c,0xd2,0x9c,0xb2,0x9c,0x91,0x94,0xb2,0x9c,0x91,0x94,0x91,0x9c,0x71,0x94,0x91,0x94,0x71,0x94,0x71,0x8c,0x51,0x94,
    0x50,0x8c,0x50,0x8c,0x50,0x8c,0x30,0x8c,0x2f,0x8c,0x30,0x8c,0x0f,0x84,0x0f,0x84,0xef,0x83,0x30,0x8c,0x0f,0x8c,0xef,0x83,
    0xef,0x83,0xef,0x83,0xef,0x83,0xce,0x83,0xef,0x83,0xce,0x7b,0xce,0x83,0xae,0x7b,0xae,0x83,0xae,0x7b,0xae,0x83,0xae,0x7b,
    0x8d,0x7b,0xae,0x7b,0xae,0x7b,0x6d,0x7b,0x8d,0x7b,0x8d,0x7b,0x6d,0x73,0x8d,0x7b,0x6d,0x73,0x6c,0x73,0x6d,0x7b,0x6d,0x7b,
    0x6c,0x73,0x6d,0x73,0x6c,0x7b,0x8d,0x73,0x6c,0x7b,0x8d,0x73,0x6c,0x73,0x8c,0x7b,0x8d,0x7b,0x8d,0x7b,0x8d,0x7b,0xad,0x7b,
    0x8d,0x7b,0x6c,0x73,0x8d,0x7b,0x8d,0x7b,0x8d,0x7b,0x8d,0x7b,0xad,0x83,0xad,0x7b,0x8d,0x7b,0xad,0x7b,0xce,0x83,0xae,0x7b,
    0xce,0x83,0xce,0x83,0xce,0x7b,0xce,0x83,0xcf,0x83,0xce,0x83,0xcf,0x83,0xce,0x7b,0xce,0x83,0xce,0x83,0xef,0x83,0xee,0x83,
    0xef,0x8b,0xef,0x83,0x0f,0x8c,0x0f,0x8c,0x2f,0x8c,0x10,0x8c,0x10,0x8c,0x0f,0x8c,0x30,0x8c,0x30,0x8c,0x30,0x8c,0x50,0x94,
    0x30,0x8c,0x30,0x8c,0x50,0x94,0x51,0x94,0x50,0x94,0x71,0x94,0x50,0x94,0x71,0x94,0x70,0x94,0x71,0x94,0x71,0x9c,0x71,0x94,
    0x91,0x9c,0x91,0x9c,0xb2,0x9c,0x91,0x9c,0xb1,0x9c,0x91,0x9c,0xb2,0x9c,0xb2,0x9c,0xb2,0x9c,0xb2,0xa4,0xd2,0xa4,0xb2,0x9c,
    0xd2,0xa4,0xb2,0x9c,0xd2,0xa4,0xd2,0x9c,0xd2,0xa4,0xd2,0x9c,0xd3,0xa4,0xd3,0xa4,0xd2,0x9c,0xd3,0xa4,0xd2,0xa4,0xd3,0xa4,
    0xd2,0xa4,0xd3,0xa4,0xf3,0xa4,0xd2,0xa4,0xd3,0xa4,0xf3,0xa4,0xf3,0xa4,0xf3,0xa4,0xd3,0xa4,0xd3,0xa4,0xf3,0xa4,0xd3,0xa4,
    0xd2,0xa4,0xf3,0xa4,0xd2,0xa4,0xd3,0xa4,0xd2,0xa4,0xf3,0xa4,0xd2,0xa4,0xf3,0xa4,0xd3,0xa4,0xd3,0xa4,0xd2,0xa4,0xd2,0xa4,
    0xd2,0xa4,0xd2,0x9c,0xb2,0x9c,0xd2,0x9c,0xd2,0xa4,0xd3,0xa4,0xd2,0x9c,0xd3,0xa4,0xd2,0x9c,0xd2,0xa4,0xd2,0x9c,0xd2,0xa4,
    0xb2,0x9c,0xb2,0x9c,0xb2,0x9c,0xd2,0x9c,0xb2,0x9c,0xb2,0x9c,0xb2,0x9c,0xb2,0x9c,0xb2,0x9c,0xb2,0x9c,0x92,0x94,0x71,0x9c,
    0x92,0x94,0x71,0x94,0x70,0x94,0x71,0x94,0x71,0x94,0x51,0x94,0x30,0x8c,0x30,0x8c,0x30,0x8c,0x0f,0x84,0xf0,0x8b,0x0f,0x8c,
    0x0f,0x8c,0xef,0x83,0xef,0x83,0xef,0x83,0xce,0x83,0xce,0x83,0xce,0x83,0xcf,0x83,0xce,0x83,0xcf,0x83,0xae,0x7b,0x8e,0x7b,
    0x8e,0x7b,0xae,0x7b,0xae,0x7b,0xae,0x83,0x8e,0x7b,0x8d,0x7b,0x8e,0x7b,0x8d,0x7b,0x8e,0x7b,0x6d,0x73,0x8d,0x7b,0x8d,0x73,
    0x6d,0x7b,0x6d,0x73,0x6c,0x73,0x6c,0x73,0x4c,0x73,0x6c,0x73,0x4c,0x73,0x6c,0x73,0x6c,0x73,0x6d,0x7b,0x4c,0x73,0x6d,0x73,
    0x8c,0x7b,0x8d,0x7b,0x8d,0x73,0x6d,0x7b,0x8c,0x73,0x6d,0x7b,0x8d,0x7b,0x8d,0x7b,0x8d,0x7b,0x8d,0x7b,0x8d,0x7b,0x8d,0x7b,
    0xae,0x7b,0xad,0x7b,0xae,0x7b,0xad,0x7b,0xce,0x7b,0xae,0x83,0xce,0x7b,0xae,0x83,0xce,0x7b,0xae,0x83,0xce,0x7b,0xce,0x83,
    0xef,0x83,0xef,0x83,0xef,0x83,0xef,0x8b,0x0f,0x84,0x0f,0x8c,0x0f,0x84,0x0f,0x8c,0x0f,0x84,0x0f,0x8c,0x30,0x8c,0x0f,0x8c,
    0x30,0x8c,0x30,0x94,0x30,0x8c,0x30,0x8c,0x50,0x94,0x50,0x94,0x30,0x8c,0x50,0x94,0x51,0x94,0x50,0x94,0x71,0x94,0x71,0x94,
    0x71,0x9c,0x91,0x94,0x71,0x9c,0x91,0x94,0x91,0x94,0x91,0x9c,0x91,0x94,0xb2,0x9c,0xd2,0xa4,0x91,0x9c,0xb2,0x9c,0xb1,0x9c,
    0x92,0x9c,0xd2,0xa4,0xb2,0x9c,0xd2,0xa4,0xb2,0x9c,0xd2,0xa4,0xb2,0x9c,0xd3,0xa4,0xd2,0xa4,0xd3,0xa4,0xd2,0x9c,0xd3,0xa4,
    0xd2,0xa4,0xf3,0xa4,0xd2,0xa4,0xf3,0xa4,0xf3,0xa4,0xd3,0xa4,0xd2,0xa4,0xf3,0xac,0xf3,0xa4,0xf3,0xac,0xd3,0xa4,0xd2,0xa4,
    0xd3,0xa4,0xf3,0xa4,0xf3,0xa4,0xf3,0xa4,0xd3,0xa4,0xf3,0xa4,0xd3,0xa4,0xd2,0xa4,0xf3,0xa4,0xf3,0xa4,0xd3,0xa4,0xd2,0xa4,
    0xd2,0xa4,0xf3,0xa4,0xd2,0xa4,0xd3,0xa4,0xb2,0x9c,0xb3,0xa4,0xb2,0xa4,0xd3,0xa4,0xb2,0x9c,0xd2,0xa4,0xd2,0x9c,0xb2,0x9c,
    0xd3,0xa4,0xd2,0x9c,0xd3,0xa4,0xd2,0x9c,0xd2,0x9c,0xd3,0x9c,0xb2,0x9c,0xb2,0x9c,0xb2,0x9c,0xd3,0x9c,0xb2,0x9c,0xb3,0x9c,
    0xb2,0x9c,0x92,0x9c,0xb2,0x9c,0x92,0x94,0x91,0x9c,0x71,0x94,0x71,0x94,0x71,0x94,0x71,0x94,0x50,0x8c,0x50,0x8c,0x30,0x8c,
    0x10,0x8c,0x0f,0x8c,0x30,0x8c,0x10,0x84,0x0f,0x8c,0x10,0x84,0xef,0x8b,0xce,0x83,0xcf,0x83,0xef,0x83,0xcf,0x83,0xef,0x83,
    0x30,0x8c,0xef,0x83,0xae,0x7b,0xef,0x8b,0x91,0x9c,0xce,0x83,0xae,0x7b,0x8d,0x7b,0xae,0x7b,0x8d,0x7b,0x8d,0x7b,0x8d,0x73,
    0x8d,0x7b,0x6d,0x73,0x6d,0x7b,0x6c,0x73,0x6c,0x73,0x6d,0x7b,0x6d,0x73,0x6c,0x73,0x4c,0x73,0x4c,0x73,0x6c,0x73,0x4c,0x73,
    0x6c,0x73,0x4c,0x73,0x6c,0x73,0x6c,0x73,0x6d,0x73,0x8d,0x7b,0x6c,0x7b,0x8d,0x7b,0x8d,0x7b,0x6c,0x73,0x8d,0x7b,0x8d,0x7b,
    0x8d,0x73,0x8d,0x7b,0x6d,0x73,0x8d,0x7b,0x8d,0x7b,0x8d,0x7b,0xad,0x7b,0xad,0x7b,0xae,0x7b,0xae,0x83,0xad,0x7b,0xae,0x7b,
    0xce,0x83,0xce,0x7b,0xce,0x83,0xce,0x83,0xce,0x83,0xee,0x83,0xee,0x83,0x0f,0x8c,0xef,0x83,0x0f,0x8c,0x0f,0x8c,0xef,0x83,
    0x0f,0x8c,0x0f,0x84,0x0f,0x8c,0x30,0x8c,0x50,0x94,0x2f,0x8c,0x50,0x94,0x30,0x94,0x30,0x8c,0x51,0x94,0x50,0x94,0x50,0x8c,
    0x51,0x94,0x70,0x94,0x71,0x94,0x71,0x94,0x71,0x9c,0x91,0x94,0x91,0x9c,0x92,0x9c,0x91,0x9c,0x91,0x94,0x91,0x9c,0xd2,0x9c,
    0x13,0xa5,0x91,0x9c,0xb2,0x9c,0xb2,0xa4,0xb2,0x9c,0xb2,0x9c,0xb2,0xa4,0xd2,0xa4,0xd2,0x9c,0xb2,0xa4,0xd2,0xa4,0xb3,0xa4,
    0xd2,0xa4,0xd2,0xa4,0xd2,0xa4,0xd2,0xa4,0xd3,0xa4,0xd2,0xa4,0xf3,0xa4,0xd3,0xa4,0xd2,0xa4,0xf3,0xa4,0xf3,0xac,0xf3,0xa4,
    0xd3,0xa4,0xf3,0xa4,0x13,0xad,0xd3,0xa4,0xf3,0xac,0xf3,0xa4,0xd3,0xac,0xd2,0xa4,0xd3,0xa4,0xf3,0xac,0xf3,0xa4,0xf3,0xa4,
    0xd3,0xa4,0xf2,0xa4,0xd3,0xa4,0xd3,0xa4,0xd2,0xa4,0xd3,0xa4,0xd3,0xa4,0xd2,0xa4,0xd2,0x9c,0xd3,0xa4,0xd2,0xa4,0xd2,0x9c,
    0xd3,0xa4,0xf3,0xa4,0xb2,0x9c,0xd2,0xa4,0xd2,0x9c,0xd2,0x9c,0xd2,0x9c,0xf3,0xa4,0xd3,0xa4,0xf2,0xa4,0xd2,0x9c,0xd2,0x9c,
    0xd2,0x9c,0xd3,0x9c,0xb2,0x9c,0xd2,0x9c,0xb2,0x9c,0xb2,0x9c,0xb2,0x9c,0xb2,0x9c,0xb2,0x9c,0x91,0x94,0x91,0x94,0x71,0x94,
    0x51,0x94,0x50,0x94,0x30,0x8c,0x30,0x8c,0x30,0x8c,0x10,0x8c,0x0f,0x8c,0xef,0x83,0xef,0x83,0x0f,0x8c,0xef,0x83,0xef,0x83,
    0xef,0x83,0xce,0x83,0xce,0x7b,0xce,0x83,0xce,0x83,0xce,0x7b,0x8e,0x7b,0xee,0x83,0x91,0xa4,0xae,0x7b,0x8e,0x7b,0x8e,0x7b,
    0x8d,0x7b,0x6d,0x73,0x6e,0x7b,0x6d,0x7b,0x6d,0x73,0x8d,0x7b,0x6d,0x73,0x6d,0x73,0x6d,0x73,0x6d,0x73,0x6c,0x73,0x6d,0x7b,
    0x6c,0x73,0x4c,0x73,0x4c,0x73,0x4c,0x73,0x4c,0x73,0x6c,0x73,0x4c,0x73,0x6c,0x73,0x4c,0x73,0x6c,0x73,0x6c,0x73,0x6d,0x73,
    0x6c,0x7b,0x6d,0x73,0x6c,0x73,0x8d,0x7b,0x6d,0x73,0x8c,0x7b,0x8d,0x73,0x8d,0x7b,0x8d,0x7b,0xad,0x7b,0x8e,0x7b,0xad,0x7b,
    0xae,0x7b,0xad,0x7b,0xae,0x83,0xae,0x7b,0xad,0x7b,0xae,0x83,0xce,0x7b,0xce,0x83,0xce,0x83,0xce,0x83,0xee,0x83,0xcf,0x83,
    0xee,0x83,0x0f,0x84,0x0f,0x8c,0xef,0x83,0x2f,0x8c,0x30,0x8c,0x2f,0x8c,0x30,0x8c,0x2f,0x8c,0x30,0x8c,0x30,0x8c,0x50,0x8c,
    0x30,0x8c,0x50,0x94,0x51,0x94,0x50,0x94,0x71,0x94,0x71,0x94,0x51,0x94,0x71,0x94,0x71,0x9c,0x71,0x94,0x91,0x9c,0x91,0x9c,
    0x91,0x9c,0x91,0x9c,0x91,0x9c,0xb1,0x9c,0x91,0x9c,0xb2,0x9c,0xb1,0x9c,0xb2,0x9c,0xb2,0xa4,0xb2,0x9c,0xb2,0xa4,0xd2,0x9c,
    0xd3,0xa4,0xd2,0xa4,0xd2,0x9c,0xd2,0xa4,0xd3,0x9c,0xd2,0xa4,0xd3,0xa4,0xf3,0xa4,0xd2,0xa4,0xd2,0xa4,0xf3,0xa4,0xf3,0xa4,
    0xf3,0xac,0xf3,0xa4,0xf3,0xa4,0xf3,0xac,0xd3,0xa4,0xf3,0xa4,0xf3,0xac,0xf3,0xa4,0xf3,0xa4,0xd3,0xa4,0xf2,0xa4,0xf3,0xac,
    0xd3,0xa4,0xf2,0xa4,0xd3,0xa4,0xd3,0xa4,0xf2,0xa4,0xd3,0xa4,0xf3,0xa4,0xf3,0xa4,0xf3,0xa4,0xd2,0xa4,0xf3,0xa4,0xd2,0xa4,
    0xd3,0xa4,0xd2,0xa4,0xd3,0xa4,0xd3,0xa4,0xd2,0xa4,0xd2,0xa4,0xd2,0x9c,0xd3,0xa4,0xd3,0xa4,0xd3,0xa4,0xb2,0x9c,0xd2,0x9c,
    0xd3,0xa4,0xd2,0x9c,0xd2,0x9c,0xd3,0x9c,0xd2,0xa4,0xd3,0x9c,0xd3,0xa4,0xb2,0x9c,0xb2,0x9c,0xb2,0x9c,0xb2,0x9c,0xb2,0x9c,
    0x92,0x9c,0x91,0x94,0x71,0x94,0x71,0x94,0x91,0x94,0x30,0x8c,0x10,0x8c,0x30,0x8c,0x0f,0x8c,0xef,0x83,0xef,0x83,0x0f,0x8c,
    0xf0,0x83,0xef,0x83,0xef,0x83,0xcf,0x83,0x0f,0x8c,0xd3,0xa4,0xce,0x83,0xae,0x7b,0xae,0x7b,0xae,0x83,0xae,0x7b,0xae,0x7b,
    0x8e,0x7b,0x8e,0x7b,0xad,0x7b,0xae,0x7b,0x6d,0x7b,0xef,0x83,0xce,0x7b,0x6d,0x73,0x8d,0x7b,0x6d,0x73,0x6d,0x73,0x4c,0x7b,
    0x4c,0x73,0x4c,0x73,0x4d,0x73,0x6c,0x73,0x4c,0x73,0x2c,0x73,0x4c,0x73,0x4c,0x73,0x4c,0x73,0x4c,0x73,0x4b,0x73,0x4c,0x73,
    0x6c,0x73,0x4c,0x73,0x6c,0x73,0x6c,0x73,0x6d,0x7b,0x6c,0x73,0x6c,0x73,0x6d,0x7b,0x8d,0x7b,0x6d,0x73,0x8d,0x7b,0x8c,0x73,
    0x8d,0x7b,0x8d,0x7b,0x8d,0x7b,0x8d,0x7b,0x8d,0x7b,0xae,0x7b,0xae,0x7b,0xae,0x7b,0xae,0x83,0xae,0x7b,0xce,0x7b,0xce,0x83,
    0xce,0x7b,0xee,0x83,0xce,0x83,0xef,0x83,0xee,0x83,0xef,0x83,0xef,0x83,0xee,0x83,0xb2,0xa4,0x70,0x94,0x0f,0x8c,0x2f,0x8c,
    0x30,0x8c,0x2f,0x8c,0x50,0x94,0x30,0x94,0x50,0x94,0x50,0x8c,0x50,0x94,0x70,0x94,0x51,0x94,0x70,0x94,0x71,0x9c,0x91,0x94,
    0x91,0x9c,0x71,0x94,0x91,0x9c,0x92,0x94,0x91,0x9c,0xb1,0x9c,0xb2,0x9c,0xb2,0x9c,0x91,0x9c,0xb2,0x9c,0xb2,0xa4,0xb2,0x9c,
    0xb1,0x9c,0xb2,0xa4,0xb2,0x9c,0xb2,0xa4,0xb2,0x9c,0xd2,0xa4,0xb2,0x9c,0xd2,0xa4,0xd3,0xa4,0xd2,0xa4,0xd2,0xa4,0xd3,0xa4,
    0xf3,0xa4,0xf3,0xa4,0xd3,0xa4,0xf3,0xa4,0xd2,0xa4,0xf3,0xa4,0xd3,0xa4,0xf3,0xac,0xf3,0xa4,0xd3,0xa4,0xd3,0xa4,0xd3,0xa4,
    0xf3,0xac,0xf3,0xa4,0xf3,0xac,0xd3,0xa4,0xf3,0xa4,0xf3,0xac,0xd2,0xa4,0xd3,0xa4,0xf3,0xa4,0xf3,0xa4,0xf2,0xa4,0xd3,0xa4,
    0xd2,0xa4,0xd3,0xa4,0xd2,0x9c,0xd3,0xa4,0xd2,0x9c,0xb2,0x9c,0xd2,0xa4,0xd2,0x9c,0xd3,0xa4,0xd2,0x9c,0xd3,0xa4,0xd2,0xa4,
    0xd2,0x9c,0xd2,0xa4,0xd2,0x9c,0xd2,0xa4,0xd3,0x9c,0xd2,0xa4,0xd3,0xa4,0xb2,0x9c,0xd2,0x9c,0xd2,0xa4,0xd2,0x9c,0xb3,0x9c,
    0xb2,0x9c,0xb2,0x9c,0xb2,0x9c,0xb2,0x9c,0x91,0x9c,0x92,0x9c,0x91,0x94,0x71,0x94,0x51,0x94,0x50,0x8c,0x10,0x8c,0x0f,0x84,
    0x0f,0x8c,0xef,0x83,0x0f,0x8c,0xef,0x83,0xef,0x83,0xef,0x8b,0xef,0x83,0xcf,0x83,0xef,0x83,0x30,0x8c,0xae,0x83,0xcf,0x83,
    0xae,0x7b,0xaf,0x83,0xae,0x7b,0xae,0x83,0xce,0x83,0xae,0x7b,0x8e,0x7b,0x8d,0x7b,0x6d,0x73,0x8e,0x7b,0x8e,0x7b,0x6d,0x7b,
    0x6d,0x73,0x6d,0x7b,0x4d,0x73,0x6d,0x73,0x6d,0x73,0x4d,0x73,0x4c,0x73,0x6c,0x73,0x4c,0x73,0x2b,0x6b,0x4b,0x73,0x2b,0x6b,
    0x4c,0x73,0x4b,0x6b,0x2c,0x6b,0x2b,0x73,0x4c,0x73,0x4b,0x73,0x6d,0x73,0x6c,0x73,0x6c,0x73,0x4c,0x73,0x6d,0x73,0x6c,0x73,
    0x6d,0x73,0x6c,0x73,0x6d,0x7b,0x6d,0x73,0x8d,0x7b,0x6d,0x73,0x8d,0x7b,0x8d,0x73,0x8d,0x7b,0x8d,0x7b,0x8d,0x7b,0x8e,0x7b,
    0x8d,0x7b,0xae,0x7b,0xae,0x7b,0xad,0x7b,0xce,0x83,0xce,0x7b,0xef,0x83,0xce,0x83,0xee,0x83,0xef,0x83,0xee,0x83,0x0f,0x8c,
    0x0f,0x84,0xef,0x8b,0x2f,0x8c,0x10,0x8c,0x2f,0x8c,0x30,0x8c,0x2f,0x8c,0x30,0x8c,0x50,0x94,0x70,0x94,0x50,0x8c,0x50,0x94,
    0x71,0x94,0x71,0x94,0x91,0x94,0x91,0x9c,0x71,0x9c,0x91,0x9c,0x91,0x94,0x91,0x9c,0xb2,0x9c,0x91,0x9c,0xb1,0x9c,0xb2,0x9c,
    0xb1,0x9c,0x92,0x9c,0xb1,0x9c,0xb2,0xa4,0xb2,0x9c,0xb2,0x9c,0xb2,0x9c,0xb2,0x9c,0xb2,0xa4,0xd2,0x9c,0xb2,0xa4,0xb2,0x9c,
    0xd2,0xa4,0xd2,0x9c,0xd3,0xa4,0xd2,0xa4,0xd2,0x9c,0xd2,0xa4,0xb2,0xa4,0xd3,0xa4,0xd3,0xa4,0xd2,0xa4,0xd3,0xa4,0xd2,0xa4,
    0xd3,0xa4,0xf3,0xac,0xf3,0xa4,0xf3,0xac,0xd3,0xa4,0xd3,0xa4,0xf3,0xa4,0xd3,0xa4,0xf3,0xa4,0xd3,0xa4,0xd3,0xa4,0xd2,0xa4,
    0xf3,0xac,0xd3,0xa4,0xd2,0xa4,0xd2,0xa4,0xb2,0x9c,0xd2,0xa4,0xd2,0xa4,0xb2,0x9c,0xb2,0xa4,0xb2,0x9c,0xb2,0xa4,0xb2,0x9c,
    0xb2,0x9c,0xb2,0xa4,0xb2,0x9c,0xb2,0xa4,0xf3,0xa4,0xd3,0xa4,0xb2,0x9c,0xb2,0xa4,0xd2,0x9c,0xd3,0xa4,0xd2,0x9c,0xb2,0x9c,
    0xd2,0x9c,0xd3,0x9c,0xb2,0xa4,0xb2,0x9c,0xd3,0xa4,0xb2,0x9c,0xb2,0x9c,0x92,0x9c,0x92,0x9c,0x91,0x94,0x71,0x94,0x50,0x94,
    0x51,0x94,0x2f,0x8c,0x0f,0x8c,0x10,0x8c,0xef,0x83,0xef,0x83,0xef,0x83,0xef,0x8b,0xef,0x83,0xce,0x83,0xcf,0x83,0xcf,0x83,
    0xce,0x83,0x8e,0x7b,0xae,0x7b,0xae,0x7b,0xae,0x83,0xae,0x7b,0xae,0x7b,0xae,0x7b,0xae,0x7b,0x8d,0x7b,0x8e,0x7b,0x6d,0x7b,
    0x6d,0x73,0x6d,0x7b,0x6d,0x73,0x6d,0x73,0x4d,0x73,0x6d,0x73,0x6d,0x73,0x4c,0x73,0x4d,0x73,0x6c,0x73,0x4c,0x73,0x2c,0x6b,
    0x4c,0x73,0x2b,0x6b,0x2b,0x6b,0x2c,0x6b,0x2b,0x6b,0x4c,0x73,0x4b,0x73,0x2c,0x6b,0x4b,0x6b,0x4c,0x73,0x4c,0x73,0x4c,0x73,
    0x4c,0x73,0x6c,0x73,0x4c,0x73,0x4c,0x73,0x4c,0x73,0x6d,0x73,0x6c,0x73,0x8d,0x7b,0x8d,0x73,0x6d,0x73,0x6d,0x7b,0x8d,0x73,
    0x6d,0x7b,0x8e,0x7b,0x8d,0x7b,0x8d,0x73,0x8d,0x7b,0x8e,0x7b,0xae,0x83,0xae,0x7b,0xae,0x7b,0xae,0x83,0xce,0x83,0xce,0x7b,
    0xce,0x83,0xef,0x83,0xee,0x83,0xef,0x83,0xef,0x83,0xef,0x83,0x0f,0x8c,0x30,0x8c,0x2f,0x8c,0x10,0x8c,0x30,0x8c,0x50,0x94,
    0x50,0x8c,0x51,0x94,0x50,0x94,0x51,0x94,0x70,0x94,0x71,0x94,0x91,0x9c,0x71,0x94,0x91,0x94,0x91,0x9c,0x91,0x9c,0x91,0x9c,
    0xb2,0x9c,0x91,0x9c,0x92,0x9c,0xb1,0x9c,0xb2,0xa4,0x91,0x9c,0xb2,0x9c,0xb2,0x9c,0xb2,0xa4,0xb2,0x9c,0xb2,0xa4,0xb2,0x9c,
    0xd2,0xa4,0xb2,0x9c,0xb2,0xa4,0xd2,0x9c,0xb3,0xa4,0xb2,0x9c,0xd2,0xa4,0xb2,0x9c,0xb2,0xa4,0xb2,0x9c,0xd3,0xa4,0xd2,0xa4,
    0xd2,0xa4,0xd3,0xa4,0xd2,0xa4,0xd3,0xa4,0xd3,0xa4,0xd3,0xa4,0xf3,0xa4,0xd3,0xa4,0xf3,0xa4,0xf3,0xa4,0xd3,0xa4,0xd3,0xa4,
    0xb2,0xa4,0xf3,0xa4,0xd3,0xa4,0xd2,0xa4,0xd3,0xa4,0xd2,0x9c,0xb2,0x9c,0xd3,0xa4,0xd2,0x9c,0xb3,0x9c,0xb2,0x9c,0xb2,0xa4,
    0xb2,0x9c,0x92,0x9c,0xb2,0x9c,0x91,0x9c,0xb2,0x9c,0x92,0x9c,0xb1,0x9c,0xb2,0x9c,0xb2,0x9c,0xb2,0xa4,0xb2,0x9c,0xb2,0x9c,
    0xb2,0xa4,0xb2,0x9c,0xb2,0x9c,0xb2,0xa4,0xb2,0x9c,0xb3,0xa4,0xd3,0x9c,0xb2,0x9c,0xb2,0x9c,0x92,0x9c,0x92,0x9c,0x71,0x9c,
    0x72,0x94,0x71,0x9c,0x51,0x94,0x30,0x8c,0x10,0x8c,0x10,0x84,0xef,0x8b,0xef,0x83,0xef,0x83,0xcf,0x8b,0xf0,0x83,0xef,0x83,
    0xcf,0x83,0xaf,0x83,0xcf,0x83,0xcf,0x83,0xce,0x83,0xaf,0x83,0xae,0x83,0xae,0x7b,0xae,0x7b,0x8e,0x7b,0x8e,0x7b,0x8d,0x7b,
    0x8e,0x7b,0x6e,0x7b,0x6d,0x73,0x6d,0x73,0x6d,0x7b,0x4d,0x73,0x6d,0x7b,0x4d,0x73,0x6d,0x7b,0x4d,0x73,0x4d,0x73,0x6c,0x73,
    0x4d,0x73,0x4d,0x73,0x4c,0x73,0x4c,0x73,0x0b,0x6b,0x2b,0x6b,0x2b,0x6b,0x2b,0x73,0x2b,0x6b,0x2b,0x6b,0x2c,0x6b,0x4b,0x73,
    0x2b,0x6b,0x2c,0x73,0x4b,0x6b,0x2b,0x6b,0x4c,0x73,0x4c,0x73,0x2c,0x73,0x4c,0x73,0x6c,0x73,0x4c,0x73,0x4c,0x73,0x6c,0x73,
    0x6d,0x73,0x6c,0x7b,0x8d,0x73,0x8d,0x7b,0x6d,0x73,0x8d,0x73,0x8e,0x7b,0x8d,0x7b,0x8e,0x73,0x8d,0x7b,0xae,0x7b,0xae,0x7b,
    0xad,0x7b,0xce,0x7b,0xae,0x7b,0xce,0x83,0xcf,0x83,0xce,0x83,0xef,0x83,0xcf,0x83,0x0e,0x8c,0x0f,0x84,0x0f,0x8c,0x0f,0x84,
    0x30,0x8c,0x2f,0x8c,0x30,0x8c,0x50,0x94,0x30,0x8c,0x50,0x94,0x50,0x94,0x50,0x8c,0x71,0x94,0x70,0x9c,0x91,0x94,0x71,0x9c,
    0x91,0x94,0x91,0x9c,0x91,0x94,0x91,0x9c,0x91,0x9c,0xb2,0x9c,0xb1,0x9c,0x91,0x9c,0xb2,0x9c,0xb2,0xa4,0x92,0x9c,0xb2,0xa4,
    0xb2,0x9c,0x92,0xa4,0xb2,0x9c,0xb2,0xa4,0xb2,0xa4,0xb2,0x9c,0xd2,0xa4,0xd2,0xa4,0xb2,0x9c,0xb2,0xa4,0xb2,0x9c,0xd2,0xa4,
    0xb2,0x9c,0xb2,0xa4,0xb2,0x9c,0xb2,0xa4,0xb2,0x9c,0xd3,0xa4,0xb2,0xa4,0xb3,0x9c,0xd2,0xa4,0xd3,0xa4,0xd3,0xa4,0xd3,0xa4,
    0xd3,0xa4,0xf3,0xac,0xd3,0xa4,0xd3,0xa4,0xd3,0xa4,0xd3,0xa4,0xb2,0xa4,0xb3,0x9c,0xb2,0xa4,0xd2,0xa4,0xb2,0x9c,0xb2,0xa4,
    0xb2,0x9c,0x92,0xa4,0xb2,0x9c,0xb2,0x9c,0x92,0x9c,0x91,0x9c,0x92,0x9c,0x92,0x9c,0x91,0x9c,0x92,0x9c,0x92,0x9c,0x92,0x9c,
    0x91,0x9c,0xb2,0x9c,0xb2,0xa4,0x92,0x9c,0xb2,0x9c,0xb2,0x9c,0xb2,0x9c,0xb2,0x9c,0x92,0x9c,0xb2,0x9c,0xb2,0xa4,0xb2,0x9c,
    0x92,0x9c,0x92,0x9c,0x92,0x9c,0x91,0x94,0x71,0x94,0x51,0x94,0x50,0x8c,0x30,0x8c,0x0f,0x8c,0x0f,0x8c,0x10,0x84,0xef,0x8b,
    0xf0,0x83,0xef,0x8b,0xef,0x83,0xcf,0x83,0xcf,0x83,0xcf,0x83,0xce,0x7b,0xaf,0x83,0xcf,0x83,0xaf,0x7b,0xae,0x7b,0x8e,0x7b,
    0x8e,0x7b,0x8e,0x7b,0x6d,0x73,0x8e,0x7b,0x6e,0x73,0x6d,0x73,0x6e,0x7b,0x6d,0x73,0x4d,0x73,0x4d,0x73,0x6d,0x73,0x4d,0x73,
    0x4d,0x73,0x4c,0x73,0x4d,0x73,0x4d,0x73,0x2c,0x73,0x4c,0x73,0x2d,0x6b,0x4c,0x73,0x2b,0x6b,0x2b,0x6b,0x0b,0x6b,0x2b,0x6b,
    0x0b,0x6b,0x2b,0x6b,0x0b,0x6b,0x2b,0x6b,0x2b,0x6b,0x2b,0x6b,0x0b,0x6b,0x2c,0x6b,0x2b,0x6b,0x4c,0x73,0x4b,0x6b,0x2c,0x6b,
    0x4c,0x73,0x4c,0x73,0x4c,0x73,0x4c,0x73,0x4c,0x73,0x6d,0x73,0x6d,0x73,0x6d,0x7b,0x6d,0x7b,0x6d,0x73,0x6d,0x73,0x6d,0x7b,
    0x8d,0x7b,0x8e,0x7b,0x8d,0x73,0xae,0x7b,0x8e,0x7b,0xae,0x7b,0xce,0x7b,0xce,0x83,0xce,0x7b,0xce,0x7b,0xef,0x83,0xef,0x83,
    0xef,0x83,0xef,0x83,0x0f,0x84,0x0f,0x8c,0x10,0x8c,0x30,0x8c,0x2f,0x8c,0x50,0x8c,0x50,0x94,0x50,0x8c,0x70,0x94,0x51,0x94,
    0x70,0x94,0x71,0x94,0x91,0x9c,0x70,0x94,0x91,0x9c,0x91,0x94,0x91,0x9c,0xb2,0x9c,0x91,0x9c,0xb1,0x9c,0x92,0x9c,0xb1,0x9c,
    0x92,0x9c,0xb2,0x9c,0xb1,0x9c,0xb2,0xa4,0xb2,0x9c,0xb2,0x9c,0xb1,0xa4,0xb2,0x9c,0xb2,0x9c,0xd2,0xa4,0xb2,0x9c,0xb2,0x9c,
    0xb2,0x9c,0xb2,0xa4,0xb2,0x9c,0xb2,0x9c,0xb2,0xa4,0xb2,0x9c,0xb2,0xa4,0xb2,0x9c,0xd3,0xa4,0xb2,0x9c,0xb2,0xa4,0xb3,0xa4,
    0xd3,0xa4,0xd3,0xa4,0xd3,0xa4,0xd3,0xa4,0xd3,0xa4,0xb3,0xa4,0xd3,0xa4,0xd3,0xa4,0xd3,0xa4,0xb2,0xa4,0xd3,0xa4,0xd2,0xa4,
    0xb3,0x9c,0xb2,0x9c,0xb2,0xa4,0xb2,0x9c,0x92,0x9c,0x91,0x9c,0x92,0x9c,0xb2,0x9c,0x91,0x9c,0x91,0x9c,0x91,0x9c,0x92,0x9c,
    0x91,0x9c,0x91,0x9c,0x91,0x9c,0x71,0x9c,0x71,0x94,0x92,0x9c,0xb2,0x9c,0x91,0x9c,0xb2,0x9c,0xb2,0x9c,0xb2,0xa4,0xb2,0x9c,
    0x91,0x94,0x92,0x9c,0x92,0x9c,0x92,0x9c,0x92,0x9c,0x91,0x94,0x71,0x9c,0x31,0x94,0x51,0x94,0x30,0x8c,0x30,0x94,0x10,0x8c,
    0x10,0x8c,0x0f,0x84,0xf0,0x8b,0xef,0x83,0xef,0x83,0xef,0x83,0xcf,0x83,0xef,0x83,0xef,0x83,0xcf,0x83,0xcf,0x83,0xae,0x7b,
    0xcf,0x83,0xae,0x83,0xae,0x7b,0x8e,0x7b,0x6e,0x7b,0x6d,0x73,0x6d,0x73,0x6d,0x73,0x6d,0x7b,0x6d,0x73,0x4d,0x73,0x6e,0x7b,
    0x4d,0x73,0x4d,0x73,0x4d,0x73,0x2d,0x73,0x4c,0x73,0x4d,0x73,0x2c,0x73,0x4c,0x73,0x2c,0x6b,0x2c,0x73,0x4c,0x6b,0x2c,0x73,
    0x0b,0x6b,0x0b,0x6b,0x2b,0x6b,0x0b,0x6b,0x0b,0x6b,0x0b,0x6b,0x0b,0x6b,0x0b,0x6b,0x0b,0x6b,0x0b,0x6b,0x2b,0x6b,0x2b,0x73,
    0x4c,0x6b,0x2c,0x73,0x2b,0x6b,0x2c,0x6b,0x4c,0x6b,0x4c,0x73,0x4c,0x6b,0x4c,0x6b,0x4d,0x73,0x4c,0x73,0x4d,0x73,0x4d,0x73,
    0x6d,0x73,0x4c,0x73,0x6d,0x73,0x6d,0x73,0x8d,0x73,0x8e,0x7b,0x8d,0x7b,0x8d,0x7b,0xae,0x7b,0xad,0x7b,0xae,0x7b,0xae,0x7b,
    0xae,0x7b,0xce,0x83,0xcf,0x7b,0xee,0x83,0xef,0x83,0x0f,0x84,0xef,0x83,0x0f,0x8c,0x2f,0x84,0x2f,0x8c,0x30,0x8c,0x2f,0x8c,
    0x50,0x8c,0x50,0x94,0x50,0x8c,0x71,0x94,0x70,0x94,0x70,0x94,0x91,0x94,0x91,0x9c,0x71,0x94,0x91,0x9c,0xb1,0x9c,0x91,0x9c,
    0xb1,0x9c,0x91,0x9c,0xb2,0x9c,0xb2,0xa4,0xb1,0x9c,0xb2,0xa4,0xb2,0x9c,0x92,0x9c,0xb1,0xa4,0xb2,0x9c,0xb2,0x9c,0xb2,0xa4,
    0xb2,0x9c,0xb2,0x9c,0xb2,0xa4,0xb2,0x9c,0xb2,0xa4,0xb2,0x9c,0xb2,0xa4,0xb2,0x9c,0xb2,0x9c,0xb2,0xa4,0xb2,0x9c,0xb2,0x9c,
    0xb2,0xa4,0xb2,0x9c,0xb2,0x9c,0xb2,0xa4,0xb3,0x9c,0xb2,0xa4,0xd3,0xa4,0xb3,0xa4,0xb3,0xa4,0xd3,0xa4,0xb3,0xa4,0xd3,0xa4,
    0xb3,0x9c,0xb3,0xa4,0xd3,0x9c,0xb2,0xa4,0xb2,0x9c,0x92,0x9c,0x92,0x9c,0xb1,0x9c,0x92,0x9c,0x91,0x94,0x71,0x9c,0x91,0x9c,
    0x71,0x9c,0x51,0x94,0x91,0x9c,0x71,0x94,0x71,0x94,0x71,0x94,0x71,0x9c,0x71,0x94,0x71,0x94,0x71,0x9c,0x71,0x94,0x92,0x9c,
    0x71,0x9c,0x91,0x9c,0x71,0x94,0x71,0x94,0x91,0x9c,0x71,0x94,0x71,0x94,0x71,0x94,0x71,0x94,0x71,0x94,0x51,0x94,0x71,0x94,
    0x51,0x94,0x30,0x8c,0x10,0x8c,0x10,0x84,0x0f,0x8c,0xef,0x83,0xef,0x83,0xf0,0x8b,0xcf,0x83,0xf0,0x83,0xef,0x8b,0xef,0x83,
    0xcf,0x83,0xcf,0x83,0xcf,0x7b,0xae,0x7b,0xaf,0x83,0xae,0x7b,0x8f,0x7b,0xae,0x7b,0x6e,0x7b,0x8d,0x7b,0x6d,0x73,0x6e,0x73,
    0x6d,0x73,0x4e,0x73,0x4d,0x73,0x4d,0x73,0x4d,0x73,0x2d,0x73,0x2d,0x73,0x2d,0x73,0x4d,0x73,0x2c,0x73,0x2c,0x6b,0x2c,0x73,
    0x2c,0x6b,0x2d,0x73,0x4c,0x73,0x2c,0x6b,0xea,0x6a,0x0b,0x63,0xea,0x6a,0xea,0x62,0x0b,0x6b,0xea,0x62,0x0a,0x63,0xeb,0x6a,
    0x0b,0x63,0x0b,0x6b,0x0b,0x6b,0x0b,0x6b,0x2b,0x6b,0x0b,0x6b,0x0b,0x6b,0x2b,0x6b,0x2c,0x6b,0x2b,0x6b,0x2c,0x73,0x2c,0x6b,
    0x2c,0x6b,0x4c,0x73,0x2c,0x6b,0x4c,0x73,0x4c,0x73,0x6d,0x73,0x4c,0x73,0x6d,0x73,0x6d,0x73,0x6d,0x73,0x8d,0x73,0x8d,0x73,
    0x8d,0x73,0x8e,0x7b,0x8d,0x73,0xae,0x7b,0xce,0x7b,0xce,0x7b,0xce,0x83,0xef,0x83,0xce,0x7b,0xef,0x83,0x0f,0x84,0x0f,0x84,
    0x10,0x8c,0x0f,0x8c,0x2f,0x8c,0x30,0x8c,0x50,0x8c,0x50,0x8c,0x50,0x94,0x70,0x94,0x71,0x94,0x70,0x94,0x70,0x94,0x71,0x94,
    0x90,0x9c,0x91,0x94,0x91,0x9c,0x91,0x94,0x91,0x9c,0xb1,0x9c,0xb1,0x9c,0xb2,0x9c,0xb1,0x9c,0x92,0x9c,0xb1,0xa4,0xb2,0x9c,
    0xb2,0x9c,0xb2,0xa4,0xb2,0x9c,0xb2,0x9c,0xb1,0xa4,0xb2,0x9c,0xb1,0x9c,0xb2,0x9c,0x91,0x9c,0x91,0x9c,0x92,0x9c,0x91,0x9c,
    0x92,0x9c,0x92,0x9c,0x92,0x9c,0xb2,0x9c,0x92,0x9c,0xb2,0x9c,0xb2,0xa4,0xb3,0x9c,0x92,0x9c,0xb3,0x9c,0xb3,0x9c,0xb3,0xa4,
    0xd3,0x9c,0xb3,0xa4,0xb3,0x9c,0xb3,0xa4,0xb3,0x9c,0xb2,0xa4,0x92,0x9c,0x92,0x9c,0xd3,0xa4,0xf3,0xa4,0x71,0x94,0x71,0x9c,
    0x71,0x94,0x71,0x94,0x71,0x94,0x51,0x94,0x51,0x94,0x71,0x94,0x51,0x94,0x50,0x94,0x51,0x94,0x51,0x94,0x51,0x94,0x51,0x94,
    0x71,0x9c,0x51,0x94,0x71,0x94,0x71,0x94,0x71,0x94,0x71,0x94,0x51,0x94,0x71,0x94,0x71,0x94,0x51,0x94,0x51,0x94,0x51,0x94,
    0x51,0x94,0x51,0x94,0x30,0x8c,0x92,0x9c,0x71,0x94,0x10,0x8c,0x0f,0x84,0xef,0x8b,0xef,0x83,0xf0,0x83,0xef,0x83,0xef,0x83,
    0xcf,0x83,0xef,0x83,0xf0,0x83,0xcf,0x83,0xef,0x83,0xcf,0x7b,0xcf,0x83,0xcf,0x83,0xae,0x7b,0x8e,0x7b,0xae,0x7b,0x8e,0x7b,
    0x8e,0x7b,0x6e,0x73,0x6e,0x73,0x6d,0x73,0x4d,0x73,0x4d,0x73,0x4d,0x73,0x2d,0x6b,0x2d,0x73,0x0c,0x6b,0x2d,0x73,0x2c,0x6b,
    0x0d,0x73,0x2c,0x6b,0x0c,0x6b,0x2d,0x6b,0x0c,0x73,0x2c,0x6b,0x2c,0x6b,0x0c,0x6b,0xea,0x62,0xea,0x6a,0x0b,0x63,0xea,0x6a,
    0xea,0x62,0xeb,0x62,0xea,0x6a,0xea,0x62,0xea,0x6a,0xea,0x62,0xea,0x62,0xea,0x62,0x0b,0x6b,0x0a,0x63,0x0b,0x6b,0x0b,0x6b,
    0x0b,0x6b,0x0b,0x6b,0x0c,0x6b,0x2b,0x6b,0x0c,0x6b,0x2c,0x6b,0x2c,0x73,0x2c,0x6b,0x4c,0x6b,0x4c,0x73,0x4d,0x6b,0x4c,0x6b,
    0x4c,0x6b,0x4c,0x73,0x6d,0x73,0x6d,0x73,0x8d,0x73,0x8d,0x7b,0x8e,0x73,0x8d,0x7b,0xae,0x7b,0xae,0x7b,0xae,0x7b,0xce,0x7b,
    0xce,0x83,0xcf,0x7b,0xee,0x83,0xef,0x83,0x30,0x8c,0x70,0x94,0x30,0x84,0x2f,0x8c,0x50,0x94,0x91,0x94,0xb1,0x9c,0x91,0x9c,
    0x91,0x9c,0xb2,0x9c,0xb2,0x9c,0xb1,0x9c,0xd2,0x9c,0xd2,0xa4,0xd2,0xa4,0xf2,0xa4,0xd2,0xa4,0xb2,0x9c,0xb2,0xa4,0x91,0x9c,
    0x91,0x9c,0x92,0x9c,0xb2,0x9c,0xb1,0x9c,0xb2,0x9c,0xb1,0x9c,0xb2,0x9c,0x91,0x9c,0xb2,0x9c,0xb1,0x9c,0xb2,0xa4,0x91,0x9c,
    0xb2,0xa4,0x92,0x9c,0x91,0x9c,0x91,0x9c,0x92,0x9c,0x91,0x9c,0x91,0x9c,0x91,0x9c,0x71,0x9c,0x92,0x9c,0x72,0x9c,0x91,0x9c,
    0x72,0x9c,0x92,0x9c,0x72,0x9c,0x92,0x9c,0x93,0x9c,0xb3,0xa4,0x93,0x9c,0x92,0x9c,0x93,0x9c,0x92,0x9c,0x92,0x9c,0x92,0x9c,
    0x71,0x9c,0x71,0x94,0x71,0x94,0x71,0x94,0x71,0x9c,0x51,0x94,0x50,0x94,0x30,0x94,0x50,0x94,0x51,0x94,0x30,0x94,0x50,0x94,
    0x30,0x94,0x30,0x8c,0x71,0x94,0x50,0x94,0x30,0x8c,0x50,0x94,0x50,0x94,0x30,0x94,0x30,0x8c,0x51,0x94,0x50,0x94,0x51,0x94,
    0x30,0x8c,0x51,0x94,0x51,0x8c,0x51,0x94,0x30,0x94,0x51,0x94,0x30,0x8c,0x10,0x8c,0xef,0x83,0xf0,0x83,0x0f,0x8c,0xcf,0x83,
    0xcf,0x7b,0xef,0x83,0xef,0x83,0xcf,0x83,0xef,0x83,0xcf,0x83,0xef,0x83,0xef,0x83,0xef,0x83,0xef,0x83,0xcf,0x83,0xaf,0x7b,
    0xaf,0x7b,0xaf,0x7b,0x8e,0x73,0x6e,0x73,0x6d,0x73,0x6d,0x73,0x4d,0x73,0x4d,0x73,0x4d,0x6b,0x2d,0x6b,0x2d,0x6b,0x2d,0x73,
    0x2c,0x6b,0x0d,0x6b,0x2d,0x6b,0x0c,0x6b,0x0c,0x6b,0x0c,0x6b,0x0c,0x73,0x0c,0x6b,0x0c,0x6b,0x0c,0x6b,0x2c,0x73,0x2c,0x6b,
    0xea,0x62,0xea,0x62,0xea,0x62,0xea,0x62,0xeb,0x62,0xea,0x62,0xea,0x62,0xeb,0x62,0xea,0x62,0xea,0x62,0xeb,0x6a,0xea,0x62,
    0xeb,0x6a,0x0b,0x63,0xeb,0x6a,0x0b,0x63,0x0b,0x6b,0x0b,0x6b,0x0b,0x63,0x0b,0x6b,0x0b,0x6b,0x2b,0x6b,0x2c,0x6b,0x0b,0x6b,
    0x2c,0x6b,0x2c,0x6b,0x4c,0x73,0x4c,0x73,0x4d,0x73,0x4c,0x6b,0x6d,0x73,0x6d,0x73,0x6d,0x73,0x8d,0x73,0x8d,0x7b,0xae,0x73,
    0xae,0x7b,0xad,0x7b,0xae,0x7b,0xcf,0x7b,0x0f,0x84,0x30,0x8c,0x30,0x8c,0x2f,0x8c,0xae,0x7b,0x2c,0x6b,0x0f,0x84,0x50,0x94,
    0x0f,0x84,0xae,0x7b,0xcb,0x62,0x8d,0x73,0xef,0x83,0xce,0x7b,0x8d,0x7b,0x50,0x94,0xee,0x83,0xca,0x62,0x6d,0x73,0x2c,0x6b,
    0xae,0x7b,0xb1,0x9c,0x70,0x94,0x13,0xad,0xf2,0xa4,0xd2,0xa4,0xb2,0x9c,0x92,0x9c,0xb1,0x9c,0x92,0x9c,0x91,0x9c,0xb2,0x9c,
    0x91,0x9c,0x92,0x9c,0x91,0x9c,0xb2,0x9c,0x91,0x9c,0x71,0x94,0x91,0x9c,0x71,0x9c,0x91,0x94,0x71,0x9c,0x71,0x94,0x72,0x9c,
    0x71,0x94,0x71,0x94,0x71,0x94,0x72,0x9c,0x51,0x94,0x72,0x94,0x72,0x9c,0x92,0x9c,0x72,0x94,0x92,0x9c,0x93,0x9c,0x92,0x9c,
    0x72,0x94,0x92,0x9c,0x72,0x94,0x71,0x9c,0x71,0x94,0x51,0x94,0x71,0x94,0x51,0x94,0x50,0x94,0x51,0x94,0x50,0x94,0x31,0x8c,
    0x30,0x8c,0x10,0x8c,0x30,0x8c,0x30,0x8c,0x30,0x8c,0x10,0x8c,0x30,0x94,0x30,0x8c,0x30,0x94,0x30,0x8c,0x51,0x8c,0x30,0x94,
    0x51,0x94,0x50,0x8c,0x30,0x8c,0x50,0x94,0x31,0x8c,0x30,0x94,0x30,0x8c,0x31,0x94,0x50,0x8c,0x52,0x94,0x51,0x94,0x10,0x8c,
    0x10,0x8c,0xef,0x83,0xcf,0x83,0xef,0x83,0xcf,0x83,0xef,0x83,0xcf,0x83,0xef,0x83,0xcf,0x83,0xef,0x83,0x10,0x84,0xef,0x83,
    0xf0,0x83,0xef,0x83,0xcf,0x7b,0xef,0x83,0xef,0x83,0xcf,0x83,0x8e,0x7b,0x8e,0x73,0x8e,0x7b,0xaf,0x7b,0x8e,0x7b,0x8e,0x73,
    0x6e,0x73,0x6d,0x73,0x4d,0x73,0xec,0x62,0x2d,0x73,0x4d,0x73,0x0d,0x73,0x0d,0x6b,0xec,0x6a,0x0c,0x6b,0x0c,0x6b,0xec,0x6a,
    0x0c,0x6b,0x0c,0x6b,0x0b,0x6b,0x0c,0x6b,0xca,0x62,0xca,0x62,0xca,0x62,0xca,0x62,0xca,0x62,0xca,0x62,0xca,0x62,0xea,0x62,
    0xca,0x62,0xea,0x62,0xca,0x62,0xca,0x62,0xea,0x62,0xca,0x62,0xea,0x62,0xca,0x62,0xea,0x62,0xeb,0x62,0xeb,0x6a,0x0b,0x63,
    0xeb,0x6a,0x0b,0x6b,0x0b,0x63,0x0b,0x6b,0x0b,0x6b,0x0b,0x6b,0x2c,0x6b,0x2c,0x6b,0x2c,0x6b,0x4c,0x6b,0x4c,0x73,0x4d,0x6b,
    0x6d,0x73,0x6d,0x73,0x8d,0x7b,0x8e,0x7b,0xad,0x7b,0xce,0x7b,0xef,0x83,0xae,0x7b,0xeb,0x62,0x69,0x52,0x28,0x42,0xe4,0x20,
    0x61,0x08,0x00,0x00,0xc3,0x18,0x04,0x21,0xa3,0x18,0x41,0x08,0x00,0x00,0x21,0x08,0x21,0x08,0x21,0x08,0x00,0x00,0x82,0x10,
    0x21,0x08,0x00,0x00,0x00,0x00,0x00,0x00,0x20,0x08,0x25,0x29,0x48,0x52,0x30,0x8c,0xcf,0x83,0xb1,0x9c,0xd2,0xa4,0xf3,0xa4,
    0xf2,0xac,0x13,0xad,0xf3,0xa4,0xf3,0xac,0xd2,0xa4,0xf3,0xa4,0xf2,0xac,0xb2,0x9c,0xb2,0xa4,0xf2,0xa4,0xd2,0xa4,0xb2,0x9c,
    0x71,0x9c,0x92,0x9c,0x71,0x9c,0x71,0x94,0x51,0x94,0x30,0x94,0x51,0x94,0x51,0x94,0x51,0x94,0x51,0x94,0x51,0x94,0x32,0x8c,
    0x72,0x9c,0x52,0x94,0x72,0x94,0x52,0x94,0x52,0x94,0x51,0x94,0x51,0x94,0x51,0x94,0x31,0x94,0x30,0x94,0x30,0x94,0x30,0x8c,
    0x30,0x94,0x30,0x8c,0xef,0x8b,0x10,0x8c,0x0f,0x8c,0x0f,0x8c,0xef,0x8b,0x10,0x8c,0xef,0x8b,0x10,0x8c,0x0f,0x8c,0x10,0x8c,
    0x30,0x8c,0x10,0x8c,0x30,0x8c,0x30,0x8c,0x10,0x8c,0x30,0x94,0x30,0x8c,0x10,0x8c,0x10,0x8c,0x30,0x8c,0x30,0x8c,0x30,0x8c,
    0x10,0x8c,0x71,0x94,0x51,0x8c,0xef,0x83,0x0f,0x84,0xcf,0x83,0xcf,0x7b,0xcf,0x83,0xce,0x7b,0xcf,0x83,0xcf,0x83,0xef,0x83,
    0xf0,0x83,0xcf,0x83,0xef,0x83,0x10,0x8c,0x10,0x84,0x30,0x8c,0x51,0x8c,0xef,0x83,0x4d,0x6b,0x2c,0x6b,0x8e,0x7b,0x8e,0x73,
    0x49,0x4a,0x48,0x4a,0xc7,0x41,0xe8,0x41,0x24,0x29,0x66,0x31,0x66,0x31,0x82,0x10,0xc7,0x41,0xa7,0x39,0x8b,0x5a,0x2d,0x6b,
    0x2d,0x73,0x0d,0x6b,0x2c,0x73,0xec,0x6a,0x0c,0x6b,0x0b,0x6b,0x0c,0x6b,0x0c,0x6b,0xca,0x62,0xca,0x62,0xc9,0x5a,0xaa,0x62,
    0xa9,0x5a,0xca,0x5a,0xa9,0x62,0xca,0x5a,0xaa,0x62,0xca,0x5a,0xc9,0x62,0xca,0x5a,0xca,0x62,0xca,0x62,0xc9,0x62,0xca,0x62,
    0xea,0x62,0xca,0x62,0xea,0x62,0xeb,0x62,0xeb,0x62,0xea,0x62,0xeb,0x62,0xeb,0x62,0x0b,0x6b,0x4c,0x6b,0x4c,0x6b,0x4c,0x6b,
    0x4c,0x73,0x6d,0x73,0x8d,0x73,0x8d,0x7b,0x6d,0x73,0x8d,0x7b,0x6d,0x6b,0x4c,0x6b,0x4c,0x6b,0x4d,0x6b,0x08,0x42,0x82,0x10,
    0x00,0x00,0x00,0x00,0x00,0x00,0x00,0x00,0x01,0x00,0x21,0x08,0x00,0x00,0x00,0x00,0x00,0x00,0x21,0x00,0x21,0x08,0x21,0x08,
    0x20,0x00,0x21,0x08,0x41,0x08,0x01,0x00,0x21,0x08,0x41,0x08,0x21,0x08,0x41,0x08,0x20,0x00,0x00,0x00,0x21,0x08,0x20,0x08,
    0x21,0x08,0xc3,0x18,0x24,0x29,0x66,0x31,0x28,0x4a,0x6d,0x73,0x6c,0x73,0xca,0x62,0xe7,0x41,0xe7,0x41,0xaa,0x5a,0xb1,0x9c,
    0x50,0x94,0x6d,0x73,0xae,0x83,0x30,0x8c,0x71,0x9c,0x50,0x8c,0x30,0x8c,0xb2,0x9c,0x71,0x9c,0x91,0x9c,0x51,0x94,0x30,0x8c,
    0x31,0x8c,0x52,0x94,0x31,0x94,0x31,0x8c,0x52,0x94,0x52,0x94,0x52,0x94,0x52,0x94,0x51,0x94,0x51,0x94,0x31,0x94,0x51,0x94,
    0x30,0x8c,0x30,0x8c,0x30,0x8c,0x30,0x8c,0x10,0x8c,0xef,0x83,0x0f,0x8c,0xcf,0x83,0xef,0x83,0xef,0x8b,0xef,0x83,0xef,0x83,
    0xef,0x83,0xef,0x83,0xef,0x83,0x0f,0x8c,0xef,0x83,0x0f,0x8c,0x0f,0x8c,0xef,0x83,0xef,0x83,0xef,0x83,0x0f,0x84,0x10,0x8c,
    0x30,0x8c,0x30,0x8c,0x30,0x8c,0x30,0x8c,0x51,0x94,0x50,0x8c,0x30,0x8c,0x0f,0x8c,0x0f,0x84,0xf0,0x8b,0xcf,0x83,0xef,0x83,
    0xef,0x83,0xcf,0x83,0x0f,0x84,0x8e,0x7b,0xcf,0x83,0x30,0x8c,0x50,0x8c,0x0f,0x8c,0xef,0x83,0xce,0x7b,0xaa,0x5a,0x03,0x21,
    0x61,0x10,0x40,0x10,0xc3,0x18,0xc2,0x20,0x00,0x08,0x00,0x00,0x00,0x08,0x00,0x00,0x00,0x00,0x00,0x00,0x00,0x00,0x40,0x08,
    0x00,0x00,0x00,0x00,0x81,0x10,0x04,0x29,0x86,0x39,0x6a,0x52,0x8a,0x5a,0x0c,0x6b,0x0c,0x6b,0x0c,0x6b,0x2c,0x6b,0x2c,0x6b,
    0xa9,0x5a,0xc9,0x62,0xaa,0x5a,0xc9,0x62,0xca,0x62,0xea,0x62,0xea,0x62,0xca,0x62,0xc9,0x62,0xca,0x62,0xca,0x62,0xa9,0x62,
    0xca,0x5a,0xea,0x62,0x0b,0x63,0xea,0x62,0x2c,0x6b,0x2b,0x6b,0x2c,0x6b,0x0b,0x6b,0x0b,0x6b,0x0b,0x6b,0x2b,0x6b,0x2c,0x73,
    0x2b,0x63,0x89,0x5a,0xa6,0x39,0xc3,0x18,0x04,0x21,0xa6,0x39,0x65,0x31,0x86,0x31,0x24,0x29,0x24,0x21,0x82,0x18,0x62,0x10,
    0x62,0x10,0x41,0x08,0x00,0x00,0x00,0x00,0x21,0x08,0x21,0x08,0x21,0x00,0x41,0x08,0x20,0x00,0x21,0x00,0x21,0x08,0x21,0x00,
    0x21,0x08,0x00,0x00,0x21,0x08,0x21,0x00,0x21,0x08,0x21,0x08,0x21,0x08,0x41,0x08,0x41,0x08,0x41,0x08,0x21,0x00,0x20,0x08,
    0x21,0x08,0x21,0x08,0x20,0x00,0x21,0x08,0x20,0x00,0x00,0x08,0x00,0x00,0x00,0x00,0x00,0x00,0x00,0x00,0x21,0x08,0x00,0x00,
    0x00,0x00,0x00,0x00,0x44,0x31,0x30,0x94,0xa6,0x39,0x24,0x29,0x24,0x29,0xe3,0x20,0xc7,0x41,0xe6,0x41,0x86,0x39,0xeb,0x62,
    0x30,0x8c,0xaa,0x5a,0x4d,0x73,0xb2,0xa4,0x72,0x9c,0xcf,0x83,0x31,0x8c,0x52,0x94,0x31,0x94,0x72,0x94,0x52,0x94,0x31,0x94,
    0x51,0x94,0x52,0x94,0x50,0x94,0x50,0x8c,0x31,0x94,0x30,0x8c,0x0f,0x8c,0xef,0x8b,0xef,0x83,0xef,0x8b,0x10,0x8c,0x10,0x8c,
    0x10,0x8c,0x30,0x8c,0x10,0x8c,0x30,0x94,0x30,0x8c,0x30,0x8c,0x0f,0x8c,0x10,0x8c,0x30,0x8c,0x30,0x8c,0x30,0x8c,0x30,0x94,
    0x50,0x8c,0x51,0x94,0x50,0x94,0x30,0x8c,0x30,0x8c,0x50,0x94,0x50,0x8c,0x50,0x8c,0x10,0x8c,0xef,0x83,0xae,0x7b,0x8d,0x7b,
    0x6c,0x73,0xca,0x5a,0x0b,0x63,0x69,0x52,0xe6,0x41,0xa6,0x39,0x28,0x4a,0xe2,0x20,0x03,0x21,0x07,0x42,0x07,0x4a,0x44,0x29,
    0xe3,0x20,0x81,0x18,0x61,0x10,0x61,0x10,0x41,0x08,0x61,0x10,0x61,0x10,0x40,0x08,0x61,0x10,0x61,0x10,0x61,0x10,0x61,0x10,
    0x41,0x08,0x40,0x10,0x41,0x08,0x41,0x08,0x20,0x00,0x21,0x08,0x20,0x00,0x00,0x00,0x00,0x00,0x20,0x08,0xa3,0x18,0x69,0x52,
    0xab,0x62,0x69,0x52,0x49,0x52,0xeb,0x62,0xca,0x62,0xc9,0x5a,0x89,0x5a,0xa9,0x5a,0x27,0x4a,0xc7,0x39,0x86,0x39,0x24,0x29,
    0xc3,0x18,0xc3,0x18,0xa3,0x18,0xa2,0x18,0xa2,0x18,0xc3,0x18,0xe3,0x20,0x24,0x29,0x65,0x31,0x89,0x5a,0xca,0x5a,0xaa,0x5a,
    0xca,0x62,0x69,0x52,0x69,0x52,0xe7,0x41,0xa2,0x18,0x21,0x00,0x00,0x00,0x00,0x00,0x00,0x00,0x00,0x00,0x00,0x00,0x00,0x00,
    0x00,0x00,0x00,0x00,0x00,0x00,0x00,0x00,0x00,0x00,0x21,0x00,0x21,0x08,0x21,0x00,0x21,0x00,0x20,0x00,0x21,0x08,0x01,0x00,
    0x21,0x08,0x20,0x08,0x21,0x00,0x00,0x08,0x21,0x00,0x20,0x08,0x01,0x00,0x20,0x08,0x21,0x00,0x21,0x08,0x21,0x00,0x41,0x08,
    0x21,0x08,0x21,0x08,0x20,0x08,0x21,0x00,0x21,0x08,0x20,0x00,0x21,0x08,0x20,0x08,0x21,0x08,0x21,0x08,0x41,0x08,0x21,0x08,
    0x20,0x08,0x21,0x00,0x20,0x08,0x21,0x08,0x21,0x08,0x41,0x08,0x82,0x10,0x4c,0x73,0x24,0x29,0xc3,0x18,0xa2,0x18,0x00,0x00,
    0xa2,0x18,0xc3,0x18,0x81,0x10,0x00,0x00,0xa3,0x18,0x00,0x00,0xc3,0x18,0xaa,0x5a,0x6e,0x73,0xe3,0x20,0xcc,0x62,0xb3,0x9c,
    0x52,0x94,0xf0,0x8b,0x31,0x94,0x73,0x9c,0x93,0x9c,0xb2,0x9c,0x92,0x9c,0x71,0x94,0x91,0x9c,0x51,0x94,0x51,0x94,0x51,0x94,
    0x30,0x94,0x51,0x94,0x2c,0x6b,0x2c,0x73,0xcb,0x62,0xaa,0x5a,0x0b,0x6b,0xeb,0x62,0x48,0x52,0x69,0x5a,0xce,0x83,0x89,0x5a,
    0x0b,0x6b,0xeb,0x62,0x48,0x52,0x89,0x5a,0x28,0x4a,0xe7,0x41,0x27,0x4a,0xc6,0x41,0xa5,0x39,0xc6,0x41,0xc6,0x39,0xa6,0x39,
    0xa6,0x39,0x44,0x29,0x65,0x31,0xa5,0x39,0xc2,0x20,0x40,0x08,0x40,0x08,0x00,0x08,0x20,0x08,0x20,0x08,0x00,0x00,0x40,0x08,
    0x41,0x08,0x20,0x08,0x41,0x08,0x81,0x10,0x81,0x10,0xa2,0x18,0xe2,0x18,0xc2,0x20,0x03,0x21,0x23,0x29,0x03,0x29,0xa2,0x18,
    0x81,0x10,0x61,0x10,0x61,0x10,0x61,0x10,0x41,0x10,0x41,0x08,0x61,0x10,0x40,0x08,0x21,0x08,0x40,0x08,0x41,0x08,0x41,0x08,
    0x41,0x08,0x20,0x00,0x20,0x08,0xa2,0x18,0xa6,0x39,0x86,0x39,0x44,0x29,0xc7,0x41,0x24,0x29,0xa3,0x18,0x82,0x10,0x62,0x10,
    0x21,0x08,0x00,0x00,0x00,0x00,0x01,0x00,0x20,0x00,0x01,0x00,0x00,0x00,0x21,0x00,0x00,0x00,0x01,0x00,0x00,0x00,0x00,0x00,
    0x01,0x00,0x41,0x08,0x41,0x08,0x21,0x08,0x41,0x08,0x21,0x08,0x00,0x00,0x00,0x00,0x00,0x00,0x20,0x08,0x21,0x08,0x20,0x08,
    0x21,0x00,0x20,0x08,0x21,0x08,0x41,0x08,0x21,0x08,0x21,0x00,0x21,0x08,0x21,0x00,0x20,0x00,0x21,0x08,0x00,0x00,0x20,0x08,
    0x01,0x00,0x21,0x08,0x00,0x00,0x21,0x08,0x20,0x00,0x01,0x00,0x20,0x08,0x01,0x00,0x20,0x00,0x21,0x08,0x01,0x00,0x20,0x08,
    0x01,0x00,0x00,0x00,0x21,0x08,0x21,0x08,0x21,0x00,0x20,0x00,0x01,0x08,0x20,0x00,0x01,0x08,0x20,0x08,0x20,0x00,0x21,0x00,
    0x21,0x08,0x20,0x00,0x00,0x00,0x21,0x00,0x20,0x08,0x21,0x00,0x21,0x08,0x20,0x00,0x00,0x00,0x00,0x08,0x21,0x08,0x62,0x10,
    0x20,0x08,0x00,0x00,0x21,0x08,0x21,0x08,0x20,0x00,0x21,0x08,0x21,0x00,0x20,0x08,0x00,0x00,0x21,0x08,0x00,0x00,0x21,0x08,
    0x61,0x10,0x20,0x00,0x82,0x10,0x45,0x31,0xe4,0x20,0xa3,0x18,0xc3,0x18,0x65,0x31,0xa6,0x39,0xe8,0x41,0x07,0x42,0x07,0x4a,
    0x28,0x4a,0x07,0x4a,0xc7,0x39,0xc6,0x41,0xe7,0x41,0x86,0x39,0xa2,0x18,0x40,0x08,0x20,0x08,0x00,0x00,0x00,0x00,0x00,0x08,
    0x00,0x00,0x00,0x08,0x40,0x08,0x20,0x08,0x40,0x08,0x40,0x10,0x40,0x08,0x40,0x10,0x81,0x10,0x60,0x10,0xa1,0x18,0x61,0x10,
    0x60,0x10,0xa2,0x18,0x84,0x31,0xc9,0x62,0xef,0xa4,0xab,0x7b,0xed,0xa4,0x6d,0x94,0x44,0x31,0x61,0x10,0x41,0x10,0x61,0x10,
    0x61,0x10,0x61,0x08,0x61,0x10,0x61,0x10,0x81,0x10,0x81,0x10,0x81,0x10,0x81,0x18,0xe3,0x20,0x03,0x21,0xe2,0x20,0x23,0x29,
    0x64,0x31,0x44,0x31,0xc2,0x18,0x81,0x18,0x62,0x10,0x61,0x10,0x41,0x08,0x61,0x10,0x40,0x08,0x41,0x10,0x40,0x08,0x41,0x08,
    0x41,0x10,0x20,0x08,0x41,0x08,0x20,0x08,0x20,0x08,0x41,0x08,0x20,0x08,0x21,0x00,0x40,0x08,0x41,0x10,0x41,0x10,0x81,0x10,
    0x00,0x00,0x00,0x00,0x01,0x00,0x20,0x00,0x21,0x08,0x21,0x08,0x41,0x08,0x21,0x08,0x21,0x08,0x21,0x08,0x41,0x08,0x21,0x08,
    0x21,0x08,0x41,0x08,0x21,0x08,0x21,0x08,0x41,0x08,0x21,0x08,0x21,0x08,0x00,0x00,0x21,0x08,0x21,0x00,0x21,0x08,0x21,0x08,
    0x20,0x00,0x01,0x08,0x20,0x00,0x21,0x00,0x20,0x08,0x00,0x00,0x20,0x00,0x20,0x00,0x21,0x08,0x21,0x08,0x20,0x00,0x00,0x00,
    0x21,0x08,0x00,0x00,0x21,0x00,0x01,0x08,0x20,0x00,0x01,0x08,0x20,0x00,0x01,0x00,0x21,0x08,0x21,0x00,0x00,0x00,0x21,0x08,
    0x21,0x00,0x00,0x08,0x21,0x00,0x00,0x00,0x20,0x08,0x21,0x00,0x00,0x00,0x21,0x08,0x21,0x08,0x00,0x00,0x21,0x08,0x20,0x00,
    0x21,0x08,0x21,0x08,0x21,0x08,0x00,0x00,0x21,0x08,0x21,0x08,0x20,0x08,0x01,0x08,0x20,0x00,0x01,0x08,0x20,0x08,0x01,0x08,
    0x20,0x00,0x21,0x08,0x00,0x00,0x01,0x00,0x20,0x00,0x01,0x08,0x20,0x00,0x20,0x00,0x21,0x08,0x00,0x00,0x20,0x08,0x01,0x00,
    0x20,0x08,0x21,0x00,0x20,0x08,0x20,0x00,0x21,0x08,0x21,0x08,0x20,0x08,0x00,0x00,0x00,0x00,0x41,0x08,0x21,0x08,0x20,0x08,
    0x00,0x00,0x00,0x00,0x24,0x29,0x44,0x31,0x00,0x00,0x00,0x00,0x00,0x00,0x00,0x00,0x40,0x08,0x00,0x00,0x40,0x10,0x61,0x10,
    0x61,0x10,0x03,0x29,0xe6,0x49,0x03,0x29,0x61,0x10,0x81,0x18,0xc2,0x20,0xa2,0x18,0xe2,0x28,0xa2,0x18,0xa1,0x18,0xa1,0x18,
    0xa2,0x20,0xa1,0x18,0x81,0x18,0x84,0x41,0x05,0x52,0x29,0x7b,0x2b,0x9c,0x6d,0xc5,0xdb,0xff,0x39,0xe7,0x4e,0xb5,0x46,0x52,
    0xa1,0x18,0x41,0x10,0x40,0x08,0x40,0x08,0x41,0x08,0xa1,0x18,0x03,0x29,0xa2,0x18,0x61,0x10,0x03,0x29,0x84,0x31,0xc2,0x20,
    0x84,0x31,0xc5,0x39,0x27,0x52,0x47,0x52,0x64,0x39,0xe2,0x20,0x44,0x31,0x44,0x31,0x23,0x29,0x61,0x10,0x61,0x10,0x61,0x10,
    0x41,0x08,0x40,0x08,0x21,0x08,0x20,0x08,0x40,0x08,0x21,0x08,0x20,0x08,0x41,0x08,0x20,0x08,0x21,0x08,0x40,0x08,0x21,0x08,
    0x20,0x08,0x21,0x08,0x40,0x08,0x20,0x08,0x21,0x08,0x21,0x08,0x21,0x08,0x21,0x08,0x21,0x00,0x21,0x08,0x21,0x00,0x21,0x08,
    0x21,0x00,0x20,0x08,0x21,0x08,0x21,0x00,0x21,0x08,0x41,0x08,0x21,0x08,0x41,0x08,0x21,0x08,0x00,0x00,0x21,0x08,0x21,0x08,
    0x21,0x08,0x20,0x08,0x20,0x00,0x00,0x00,0x21,0x00,0x00,0x00,0x20,0x08,0x01,0x08,0x21,0x08,0x21,0x00,0x00,0x08,0x21,0x00,
    0x20,0x08,0x21,0x00,0x21,0x08,0x00,0x00,0x21,0x08,0x21,0x00,0x20,0x08,0x21,0x08,0x01,0x00,0x20,0x00,0x01,0x08,0x20,0x00,
    0x01,0x00,0x20,0x08,0x21,0x00,0x00,0x08,0x21,0x00,0x21,0x08,0x20,0x00,0x21,0x08,0x21,0x08,0x00,0x00,0x21,0x08,0x20,0x00,
    0x20,0x08,0x21,0x08,0x20,0x00,0x01,0x08,0x20,0x00,0x21,0x08,0x20,0x00,0x00,0x08,0x21,0x00,0x20,0x08,0x21,0x00,0x21,0x08,
    0x20,0x08,0x21,0x00,0x20,0x08,0x21,0x00,0x00,0x08,0x21,0x08,0x20,0x08,0x21,0x00,0x00,0x08,0x20,0x00,0x00,0x08,0x21,0x00,
    0x00,0x08,0x21,0x08,0x20,0x00,0x20,0x08,0x21,0x00,0x20,0x08,0x01,0x00,0x20,0x08,0x00,0x00,0x20,0x08,0x21,0x08,0x21,0x08,
    0x41,0x08,0x20,0x08,0x21,0x08,0x40,0x08,0x21,0x08,0x82,0x10,0xa8,0x5a,0xe6,0x41,0x23,0x29,0x85,0x39,0xe2,0x20,0xa2,0x18,
    0x81,0x18,0xc2,0x20,0x24,0x29,0xa1,0x18,0x41,0x08,0x61,0x10,0x23,0x29,0x03,0x29,0x60,0x10,0x02,0x31,0xe1,0x28,0xc1,0x20,
    0xe2,0x20,0xc1,0x20,0xa4,0x41,0x84,0x41,0xc6,0x72,0x0b,0x94,0xca,0x9b,0x4a,0xac,0x07,0x7b,0xeb,0xc4,0x09,0x9c,0x2a,0x9c,
    0x9c,0xf7,0xff,0xff,0xaa,0x8b,0x60,0x10,0x40,0x08,0x61,0x08,0x61,0x10,0x61,0x18,0x23,0x31,0xe3,0x28,0x84,0x39,0xa1,0x18,
    0xc2,0x18,0xc5,0x41,0x05,0x4a,0x84,0x39,0x68,0x5a,0x47,0x5a,0xe9,0x6a,0x4a,0x7b,0x47,0x52,0xa9,0x62,0x23,0x29,0x23,0x31,
    0x47,0x5a,0x03,0x29,0x61,0x10,0x61,0x10,0x20,0x08,0x20,0x08,0x20,0x08,0x20,0x08,0x21,0x00,0x20,0x08,0x41,0x08,0x20,0x08,
    0x41,0x08,0x20,0x08,0x41,0x08,0x40,0x08,0x41,0x10,0x40,0x10,0x21,0x08,0x40,0x10,0x21,0x00,0x21,0x00,0x21,0x00,0x21,0x08,
    0x00,0x00,0x21,0x08,0x20,0x00,0x01,0x08,0x20,0x00,0x01,0x08,0x21,0x00,0x20,0x08,0x01,0x08,0x20,0x08,0x21,0x00,0x01,0x08,
    0x21,0x08,0x20,0x00,0x21,0x08,0x21,0x00,0x21,0x08,0x21,0x00,0x21,0x08,0x20,0x08,0x01,0x08,0x20,0x00,0x21,0x08,0x20,0x00,
    0x20,0x08,0x21,0x00,0x20,0x08,0x01,0x08,0x20,0x00,0x01,0x08,0x20,0x00,0x21,0x08,0x21,0x00,0x01,0x08,0x21,0x00,0x01,0x00,
    0x21,0x08,0x21,0x08,0x21,0x00,0x01,0x08,0x00,0x00,0x01,0x00,0x21,0x08,0x21,0x00,0x00,0x08,0x21,0x00,0x01,0x08,0x21,0x00,
    0x21,0x08,0x20,0x00,0x21,0x08,0x21,0x00,0x21,0x08,0x21,0x00,0x20,0x08,0x21,0x00,0x20,0x08,0x20,0x00,0x01,0x08,0x20,0x00,
    0x21,0x08,0x00,0x00,0x01,0x00,0x20,0x00,0x01,0x08,0x20,0x00,0x01,0x08,0x21,0x00,0x00,0x00,0x21,0x08,0x00,0x00,0x20,0x08,
    0x21,0x00,0x20,0x08,0x01,0x00,0x20,0x00,0x20,0x08,0x20,0x00,0x01,0x00,0x20,0x08,0x00,0x00,0x20,0x08,0x20,0x00,0x01,0x00,
    0x20,0x08,0x21,0x00,0x21,0x08,0x20,0x08,0x20,0x08,0x21,0x08,0x61,0x10,0xc3,0x18,0x00,0x00,0x41,0x10,0xa2,0x18,0x84,0x39,
    0x82,0x10,0x41,0x10,0x41,0x10,0x41,0x08,0x20,0x00,0x41,0x08,0x20,0x08,0x00,0x08,0x40,0x08,0x61,0x10,0x61,0x10,0x61,0x10,
    0x81,0x18,0xa4,0x41,0x03,0x31,0x02,0x29,0x87,0x6a,0xe7,0x7a,0x0e,0xcd,0x4e,0xcd,0xcd,0xdd,0x34,0xff,0x8e,0xdd,0x64,0x72,
    0xc2,0x51,0x09,0xa4,0xed,0xbc,0xee,0xb4,0xfe,0xff,0xee,0xbc,0x60,0x49,0x25,0x52,0xe4,0x51,0x40,0x10,0x80,0x18,0x02,0x31,
    0x63,0x31,0xe1,0x20,0x63,0x39,0xc4,0x49,0xc4,0x41,0x05,0x52,0xa7,0x62,0x29,0x7b,0x0d,0x94,0x4e,0xa4,0x4d,0x9c,0xed,0x93,
    0xcc,0x93,0x4e,0xa4,0x4a,0x83,0xa8,0x62,0xa4,0x41,0xe2,0x28,0x81,0x10,0xa2,0x20,0xa1,0x18,0x82,0x18,0x81,0x18,0x61,0x10,
    0x41,0x10,0x20,0x08,0x20,0x08,0x21,0x08,0x20,0x08,0x20,0x08,0x21,0x08,0x20,0x08,0x20,0x08,0x20,0x08,0x20,0x08,0x21,0x08,
    0x21,0x08,0x00,0x00,0x21,0x08,0x21,0x00,0x21,0x08,0x21,0x08,0x21,0x00,0x21,0x08,0x00,0x00,0x21,0x08,0x21,0x08,0x00,0x00,
    0x21,0x08,0x00,0x00,0x20,0x08,0x21,0x08,0x21,0x08,0x00,0x00,0x21,0x08,0x20,0x08,0x20,0x00,0x01,0x08,0x20,0x00,0x21,0x08,
    0x21,0x00,0x20,0x08,0x01,0x08,0x21,0x08,0x20,0x00,0x21,0x08,0x00,0x00,0x21,0x08,0x21,0x00,0x20,0x08,0x21,0x08,0x21,0x00,
    0x00,0x08,0x21,0x00,0x20,0x08,0x21,0x00,0x00,0x08,0x21,0x00,0x21,0x08,0x21,0x00,0x21,0x08,0x21,0x08,0x20,0x00,0x01,0x08,
    0x21,0x00,0x00,0x08,0x21,0x00,0x00,0x08,0x21,0x00,0x01,0x08,0x20,0x00,0x21,0x08,0x20,0x08,0x00,0x00,0x00,0x08,0x21,0x00,
    0x00,0x08,0x21,0x08,0x20,0x00,0x21,0x08,0x00,0x00,0x21,0x08,0x20,0x08,0x21,0x08,0x00,0x00,0x21,0x08,0x20,0x00,0x00,0x08,
    0x21,0x00,0x20,0x08,0x00,0x00,0x01,0x08,0x20,0x00,0x01,0x08,0x20,0x08,0x21,0x00,0x21,0x08,0x20,0x00,0x00,0x08,0x21,0x00,
    0x20,0x08,0x21,0x00,0x00,0x08,0x21,0x08,0x21,0x08,0x20,0x08,0x20,0x08,0x21,0x00,0x21,0x08,0x20,0x00,0xc3,0x18,0x07,0x4a,
    0x00,0x00,0x21,0x08,0x00,0x00,0x00,0x00,0x00,0x00,0x00,0x00,0x00,0x00,0x00,0x00,0xa2,0x18,0xe3,0x28,0x61,0x10,0x20,0x08,
    0x61,0x10,0x61,0x10,0x61,0x10,0x40,0x10,0xa1,0x18,0x43,0x39,0x43,0x39,0x46,0x62,0x08,0x83,0xa7,0x7a,0x68,0x8b,0x04,0x5a,
    0xa6,0x7a,0x6b,0xb4,0x8e,0xd5,0xe5,0x7a,0x0b,0x9c,0x91,0xcd,0x9c,0xff,0xdc,0xff,0x50,0xc5,0x80,0x51,0xe4,0x49,0xaa,0x8b,
    0x8e,0xdd,0x68,0x93,0xc2,0x51,0xc0,0x28,0x02,0x29,0xe5,0x51,0xc9,0x9b,0x48,0x83,0xc7,0x72,0x28,0x7b,0x28,0x7b,0xae,0xb4,
    0x76,0xe6,0x19,0xef,0x98,0xee,0x36,0xde,0x19,0xef,0xf8,0xee,0x95,0xe6,0x6d,0xac,0x68,0x62,0x44,0x31,0xa4,0x41,0xe2,0x28,
    0xc2,0x28,0xe3,0x28,0xa2,0x18,0xa2,0x20,0x81,0x10,0x21,0x08,0x00,0x08,0x20,0x08,0x20,0x08,0x41,0x10,0xa2,0x20,0x41,0x10,
    0xa2,0x20,0xa2,0x18,0x20,0x08,0x20,0x10,0x01,0x00,0x21,0x08,0x21,0x00,0x20,0x08,0x01,0x00,0x20,0x00,0x00,0x08,0x21,0x00,
    0x20,0x08,0x21,0x00,0x20,0x00,0x21,0x08,0x01,0x00,0x20,0x00,0x21,0x08,0x20,0x00,0x21,0x00,0x20,0x08,0x01,0x00,0x00,0x08,
    0x21,0x00,0x21,0x08,0x21,0x00,0x00,0x08,0x21,0x00,0x21,0x08,0x00,0x00,0x20,0x00,0x01,0x08,0x20,0x00,0x20,0x08,0x00,0x00,
    0x21,0x08,0x01,0x00,0x20,0x00,0x21,0x08,0x21,0x00,0x21,0x08,0x01,0x08,0x20,0x00,0x21,0x08,0x01,0x00,0x00,0x00,0x21,0x08,
    0x00,0x00,0x01,0x08,0x21,0x00,0x20,0x08,0x21,0x00,0x21,0x08,0x20,0x00,0x01,0x08,0x20,0x00,0x21,0x08,0x00,0x00,0x21,0x08,
    0x21,0x00,0x21,0x08,0x20,0x00,0x00,0x08,0x21,0x00,0x00,0x08,0x20,0x00,0x01,0x00,0x20,0x08,0x01,0x00,0x20,0x00,0x21,0x08,
    0x21,0x00,0x00,0x08,0x21,0x00,0x21,0x08,0x20,0x08,0x21,0x00,0x00,0x00,0x21,0x08,0x20,0x00,0x20,0x08,0x21,0x00,0x20,0x08,
    0x21,0x08,0x21,0x08,0x20,0x00,0x00,0x00,0x01,0x00,0x20,0x08,0x21,0x00,0x00,0x00,0x20,0x00,0x00,0x00,0x21,0x00,0x20,0x08,
    0x20,0x00,0x00,0x08,0x41,0x08,0x82,0x10,0x20,0x08,0x20,0x00,0x21,0x08,0x20,0x08,0x20,0x08,0x21,0x08,0x20,0x08,0x00,0x00,
    0x41,0x10,0x61,0x10,0x20,0x08,0x20,0x08,0x41,0x08,0x40,0x10,0x20,0x08,0x41,0x08,0x41,0x10,0x41,0x08,0xc1,0x28,0x42,0x41,
    0x61,0x49,0x20,0x41,0x86,0x72,0xc4,0x51,0x40,0x41,0xa2,0x59,0xc6,0x72,0x65,0x6a,0xe4,0x51,0x24,0x62,0x46,0x8b,0x86,0x9b,
    0x81,0x49,0x22,0x31,0x63,0x39,0x45,0x62,0xa8,0x9b,0x17,0xf7,0xa9,0x93,0xc0,0x28,0x26,0x5a,0x6c,0xac,0x70,0xd5,0xad,0xb4,
    0x8b,0xb4,0xac,0xb4,0x8c,0xac,0x96,0xe6,0xff,0xff,0xff,0xff,0xff,0xff,0xff,0xff,0xff,0xff,0xfe,0xff,0x34,0xe6,0x09,0x7b,
    0x46,0x5a,0x2a,0xac,0x50,0xc5,0x65,0x6a,0x63,0x39,0x03,0x29,0x81,0x18,0x81,0x18,0x82,0x18,0x41,0x10,0x20,0x08,0x41,0x08,
    0x61,0x18,0xe2,0x20,0x02,0x31,0x00,0x08,0xc2,0x20,0xe2,0x28,0x41,0x10,0x82,0x18,0x20,0x00,0x21,0x08,0x21,0x00,0x00,0x08,
    0x21,0x00,0x21,0x08,0x21,0x08,0x21,0x08,0x21,0x00,0x21,0x08,0x01,0x08,0x20,0x00,0x00,0x00,0x01,0x08,0x21,0x00,0x21,0x08,
    0x01,0x08,0x20,0x00,0x21,0x08,0x21,0x00,0x21,0x08,0x41,0x08,0x21,0x08,0x21,0x08,0x21,0x08,0x20,0x00,0x01,0x08,0x20,0x00,
    0x00,0x08,0x01,0x00,0x20,0x08,0x01,0x00,0x00,0x00,0x20,0x08,0x01,0x00,0x21,0x08,0x00,0x00,0x21,0x08,0x20,0x00,0x01,0x08,
    0x21,0x00,0x21,0x08,0x00,0x00,0x21,0x08,0x21,0x00,0x00,0x00,0x21,0x08,0x00,0x00,0x21,0x08,0x01,0x08,0x20,0x00,0x01,0x00,
    0x20,0x08,0x21,0x00,0x00,0x08,0x21,0x00,0x00,0x08,0x20,0x08,0x01,0x00,0x20,0x00,0x21,0x08,0x00,0x00,0x21,0x08,0x21,0x08,
    0x00,0x00,0x21,0x08,0x21,0x00,0x00,0x08,0x20,0x00,0x21,0x08,0x20,0x08,0x21,0x08,0x00,0x00,0x21,0x08,0x00,0x08,0x20,0x00,
    0x01,0x08,0x21,0x00,0x20,0x08,0x01,0x00,0x20,0x08,0x00,0x00,0x01,0x08,0x20,0x08,0x21,0x08,0x00,0x00,0x00,0x08,0x00,0x00,
    0x01,0x08,0x20,0x08,0x20,0x08,0x21,0x08,0x21,0x08,0x20,0x00,0x00,0x00,0x00,0x00,0x21,0x08,0x40,0x08,0x20,0x08,0x21,0x00,
    0x40,0x08,0x20,0x08,0x41,0x08,0x20,0x08,0x00,0x00,0xe3,0x20,0xa2,0x18,0x20,0x00,0x20,0x08,0x20,0x08,0x20,0x08,0x20,0x08,
    0x20,0x08,0xc2,0x20,0xaa,0x93,0xea,0x9b,0x4f,0xc5,0xd1,0xd5,0xab,0xc4,0x71,0xcd,0x2e,0xc5,0xf2,0xd5,0x88,0x93,0xa0,0x30,
    0xc1,0x28,0xa0,0x20,0xa0,0x28,0xc0,0x28,0xe2,0x28,0x81,0x18,0x41,0x10,0x60,0x18,0x80,0x18,0x61,0x41,0x20,0x39,0xa1,0x18,
    0xa2,0x49,0xb1,0xd5,0x5a,0xf7,0xf8,0xee,0xd8,0xee,0x39,0xf7,0xbb,0xff,0x94,0xe6,0x58,0xf7,0x9c,0xff,0x1a,0xef,0xfa,0xee,
    0x5c,0xef,0x1a,0xef,0x50,0xcd,0x4a,0x7b,0xc3,0x51,0xc7,0xa3,0x7a,0xf7,0x90,0xcd,0xe7,0x7a,0xa1,0x20,0x82,0x18,0x81,0x18,
    0x61,0x10,0x40,0x08,0x00,0x08,0xa2,0x18,0x64,0x41,0xc1,0x28,0xc7,0x7a,0x86,0x62,0x63,0x41,0x44,0x39,0x82,0x18,0x40,0x08,
    0x01,0x00,0x21,0x08,0x21,0x08,0x01,0x00,0x21,0x08,0x41,0x08,0x42,0x08,0x21,0x08,0x21,0x08,0x21,0x08,0x21,0x08,0x21,0x08,
    0x21,0x08,0x41,0x08,0x21,0x08,0x41,0x08,0x41,0x08,0x21,0x08,0x42,0x10,0x41,0x10,0x41,0x08,0x41,0x08,0x21,0x08,0x21,0x08,
    0x20,0x00,0x21,0x08,0x21,0x08,0x21,0x08,0x21,0x00,0x20,0x08,0x01,0x00,0x20,0x08,0x21,0x00,0x21,0x08,0x21,0x08,0x41,0x08,
    0x21,0x08,0x00,0x00,0x21,0x08,0x21,0x00,0x20,0x08,0x01,0x00,0x21,0x08,0x01,0x00,0x00,0x08,0x21,0x00,0x01,0x08,0x21,0x00,
    0x21,0x08,0x21,0x00,0x21,0x08,0x21,0x00,0x00,0x08,0x21,0x00,0x21,0x08,0x00,0x00,0x21,0x00,0x00,0x08,0x21,0x08,0x21,0x08,
    0x41,0x08,0x21,0x08,0x20,0x00,0x21,0x08,0x21,0x08,0x21,0x08,0x21,0x08,0x21,0x08,0x21,0x08,0x00,0x00,0x21,0x08,0x21,0x00,
    0x21,0x08,0x41,0x08,0x41,0x08,0x21,0x08,0x41,0x08,0x20,0x08,0x21,0x08,0x41,0x08,0x41,0x08,0x41,0x08,0x21,0x08,0x20,0x00,
    0x20,0x00,0x21,0x08,0x21,0x08,0x20,0x00,0x41,0x08,0x21,0x08,0x21,0x08,0x40,0x08,0x41,0x08,0x20,0x08,0x01,0x00,0x00,0x00,
    0x21,0x08,0x20,0x08,0x20,0x00,0x20,0x08,0x41,0x08,0x41,0x08,0x20,0x08,0x21,0x08,0x00,0x00,0xe3,0x30,0xc2,0x28,0x01,0x00,
    0x20,0x08,0x21,0x00,0x20,0x08,0x21,0x08,0x81,0x18,0x63,0x39,0xf0,0xb4,0x54,0xde,0xb1,0xcd,0x75,0xe6,0xaa,0xc4,0x9b,0xff,
    0xbc,0xff,0xdd,0xff,0x74,0xe6,0x65,0x93,0x45,0x62,0x02,0x31,0xc2,0x28,0xc2,0x20,0xa1,0x20,0xa1,0x20,0x81,0x18,0xa1,0x20,
    0xc2,0x20,0xe2,0x20,0x03,0x31,0x43,0x39,0xa1,0x51,0x83,0x7a,0x05,0x83,0xe5,0x82,0x05,0x83,0x89,0x8b,0xca,0x8b,0x48,0x8b,
    0x4c,0xac,0x73,0xc5,0xaf,0xac,0x0d,0x9c,0x2d,0x9c,0xac,0x8b,0x2a,0x73,0x46,0x62,0x84,0x41,0xa4,0x49,0x01,0x62,0x21,0x41,
    0xc0,0x28,0x81,0x18,0x61,0x18,0x81,0x10,0x41,0x10,0x20,0x08,0x20,0x08,0x81,0x18,0xc3,0x20,0x05,0x62,0x25,0x52,0xe3,0x20,
    0x40,0x10,0x20,0x08,0x20,0x08,0x00,0x08,0x21,0x00,0x21,0x08,0x21,0x00,0x00,0x00,0x21,0x08,0x21,0x08,0x21,0x08,0x21,0x08,
    0x21,0x08,0x21,0x08,0x21,0x00,0x21,0x08,0x01,0x00,0x21,0x08,0x41,0x08,0x22,0x08,0x41,0x08,0x21,0x08,0x41,0x08,0x42,0x08,
    0x41,0x08,0x21,0x08,0x21,0x08,0x21,0x00,0x21,0x08,0x21,0x08,0x20,0x00,0x20,0x08,0x21,0x08,0x20,0x00,0x00,0x08,0x21,0x00,
    0x20,0x08,0x21,0x08,0x21,0x00,0x21,0x08,0x21,0x00,0x01,0x08,0x21,0x00,0x21,0x08,0x21,0x00,0x21,0x08,0x20,0x00,0x21,0x08,
    0x01,0x00,0x21,0x08,0x21,0x08,0x21,0x08,0x21,0x08,0x21,0x08,0x21,0x08,0x21,0x08,0x21,0x00,0x21,0x08,0x20,0x08,0x21,0x00,
    0x20,0x08,0x21,0x00,0x21,0x08,0x41,0x08,0x21,0x08,0x21,0x08,0x21,0x08,0x21,0x08,0x21,0x08,0x21,0x08,0x41,0x08,0x21,0x08,
    0x21,0x08,0x21,0x08,0x21,0x08,0x41,0x08,0x62,0x10,0x61,0x10,0x62,0x10,0x61,0x10,0x62,0x10,0x41,0x10,0x61,0x10,0x61,0x10,
    0x42,0x08,0x81,0x10,0x21,0x08,0x21,0x08,0x21,0x08,0x20,0x08,0x41,0x08,0x21,0x08,0x41,0x10,0x61,0x10,0x62,0x10,0x41,0x10,
    0x20,0x08,0x21,0x08,0x21,0x08,0x20,0x00,0x21,0x08,0x20,0x08,0x21,0x08,0x20,0x08,0x20,0x08,0x41,0x10,0x61,0x10,0x20,0x08,
    0x20,0x08,0x00,0x00,0x00,0x00,0x41,0x08,0x41,0x10,0x41,0x10,0x61,0x10,0x81,0x10,0x82,0x18,0xa2,0x18,0x40,0x18,0xa0,0x30,
    0x00,0x41,0x60,0x51,0xa3,0x51,0x45,0x6a,0xc3,0x82,0x20,0x72,0x01,0x62,0xa4,0x51,0x62,0x41,0x02,0x31,0xc1,0x28,0xe1,0x28,
    0x02,0x29,0x22,0x39,0x22,0x31,0x02,0x29,0x43,0x39,0x43,0x31,0x03,0x29,0xe2,0x28,0x03,0x31,0x42,0x31,0x42,0x39,0xa4,0x41,
    0xc4,0x41,0xe5,0x49,0x06,0x52,0x87,0x62,0xe6,0x7a,0x29,0x7b,0x8c,0x83,0x6c,0x7b,0x2b,0x7b,0xe9,0x6a,0x27,0x5a,0xc5,0x49,
    0x64,0x39,0x23,0x31,0xe2,0x28,0xc2,0x20,0xc2,0x20,0x61,0x18,0x61,0x10,0x61,0x10,0x40,0x10,0x41,0x08,0x41,0x10,0x20,0x08,
    0x20,0x10,0xa1,0x20,0x21,0x10,0x00,0x08,0x20,0x08,0x41,0x10,0x41,0x10,0x40,0x08,0x01,0x00,0x21,0x08,0x21,0x08,0x20,0x00,
    0x01,0x08,0x21,0x00,0x21,0x08,0x21,0x00,0x21,0x08,0x21,0x08,0x21,0x00,0x20,0x08,0x01,0x00,0x20,0x08,0x21,0x08,0x21,0x08,
    0x21,0x08,0x21,0x08,0x20,0x00,0x21,0x08,0x41,0x08,0x21,0x08,0x41,0x08,0x21,0x08,0x21,0x08,0x21,0x08,0x21,0x00,0x00,0x00,
    0x01,0x08,0x20,0x00,0x01,0x08,0x20,0x00,0x01,0x00,0x21,0x08,0x21,0x08,0x21,0x08,0x20,0x00,0x21,0x08,0x20,0x00,0x00,0x08,
    0x01,0x00,0x00,0x08,0x21,0x00,0x21,0x08,0x00,0x00,0x21,0x08,0x21,0x00,0x00,0x00,0x21,0x00,0x00,0x00,0x21,0x00,0x00,0x00,
    0x20,0x08,0x21,0x00,0x01,0x08,0x20,0x00,0x01,0x08,0x20,0x00,0x20,0x08,0x21,0x08,0x21,0x08,0x20,0x00,0x21,0x08,0x20,0x00,
    0x21,0x08,0x21,0x00,0x21,0x08,0x21,0x08,0x20,0x00,0x21,0x00,0x20,0x08,0x21,0x08,0x41,0x08,0x41,0x08,0x21,0x08,0x41,0x08,
    0x41,0x08,0x41,0x08,0x42,0x08,0x41,0x08,0x41,0x10,0x41,0x08,0x21,0x08,0x20,0x00,0x21,0x08,0x20,0x00,0x21,0x08,0x41,0x08,
    0x41,0x08,0x41,0x08,0x41,0x10,0x41,0x08,0x41,0x08,0x41,0x08,0x21,0x08,0x21,0x08,0x20,0x00,0x21,0x08,0x20,0x00,0x20,0x08,
    0x21,0x00,0x40,0x08,0x41,0x10,0x41,0x08,0x00,0x00,0xa3,0x18,0xa2,0x20,0x20,0x00,0x20,0x08,0x41,0x08,0x41,0x08,0x61,0x10,
    0x82,0x18,0xa0,0x20,0x48,0x83,0xeb,0x9b,0xa8,0x93,0x0a,0xa4,0x43,0x72,0x30,0xbd,0x2f,0xc5,0x0e,0xbd,0x67,0x8b,0x62,0x49,
    0x63,0x39,0x02,0x31,0x62,0x41,0xa3,0x49,0x63,0x39,0x22,0x31,0xa1,0x20,0xc2,0x20,0xe2,0x28,0x82,0x41,0x01,0x31,0xa1,0x20,
    0xc0,0x28,0x40,0x41,0x81,0x49,0x62,0x41,0x63,0x39,0x83,0x41,0xe2,0x59,0x22,0x62,0x25,0x8b,0x0a,0xa4,0x4b,0x7b,0x4a,0x7b,
    0xea,0x72,0x68,0x5a,0xe6,0x49,0xa4,0x41,0x43,0x39,0x02,0x31,0x80,0x20,0x80,0x18,0x61,0x18,0x81,0x18,0x61,0x10,0x61,0x18,
    0x41,0x10,0x61,0x10,0x40,0x08,0x21,0x10,0x20,0x08,0x00,0x00,0x20,0x08,0x40,0x08,0x41,0x10,0x41,0x08,0x40,0x10,0x21,0x08,
    0x21,0x00,0x00,0x00,0x21,0x08,0x01,0x00,0x21,0x08,0x00,0x00,0x21,0x08,0x00,0x00,0x00,0x00,0x00,0x08,0x21,0x00,0x01,0x00,
    0x21,0x08,0x20,0x00,0x01,0x00,0x41,0x08,0x21,0x08,0x20,0x00,0x01,0x08,0x21,0x00,0x21,0x08,0x21,0x08,0x01,0x00,0x21,0x08,
    0x21,0x00,0x20,0x08,0x01,0x08,0x20,0x00,0x21,0x08,0x21,0x00,0x00,0x08,0x21,0x00,0x20,0x08,0x01,0x00,0x20,0x08,0x21,0x00,
    0x21,0x08,0x00,0x00,0x21,0x08,0x21,0x00,0x21,0x00,0x01,0x08,0x21,0x00,0x00,0x08,0x21,0x00,0x00,0x00,0x01,0x08,0x21,0x00,
    0x21,0x08,0x21,0x08,0x00,0x00,0x21,0x08,0x21,0x00,0x00,0x08,0x21,0x00,0x20,0x08,0x21,0x00,0x01,0x08,0x20,0x00,0x21,0x00,
    0x20,0x08,0x21,0x08,0x21,0x00,0x21,0x08,0x00,0x00,0x21,0x08,0x20,0x00,0x01,0x08,0x21,0x08,0x00,0x00,0x21,0x08,0x00,0x00,
    0x00,0x08,0x21,0x00,0x00,0x08,0x20,0x00,0x21,0x08,0x20,0x00,0x21,0x08,0x20,0x08,0x21,0x00,0x21,0x08,0x20,0x00,0x01,0x08,
    0x20,0x00,0x00,0x08,0x00,0x00,0x20,0x00,0x01,0x08,0x20,0x08,0x21,0x00,0x21,0x08,0x20,0x08,0x20,0x08,0x00,0x00,0x00,0x00,
    0x20,0x08,0x00,0x00,0x20,0x08,0x00,0x00,0x21,0x08,0x20,0x08,0x20,0x08,0x20,0x08,0x00,0x00,0x65,0x39,0x04,0x29,0x00,0x00,
    0x20,0x08,0x00,0x00,0x20,0x08,0x20,0x08,0x61,0x10,0xc0,0x28,0x13,0xde,0x7a,0xf7,0x54,0xe6,0x76,0xde,0xa6,0xa3,0xfd,0xff,
    0xbd,0xff,0xff,0xff,0x50,0xc5,0x23,0x62,0x66,0x6a,0xe3,0x59,0x6c,0xac,0x50,0xc5,0x71,0xc5,0xab,0x8b,0xa1,0x20,0xe2,0x28,
    0x21,0x39,0x2f,0xc5,0xc6,0x72,0xe0,0x30,0x40,0x49,0x0a,0xa4,0xf8,0xf6,0xf3,0xd5,0xb7,0xe6,0x12,0xde,0xf2,0xd5,0xcc,0xc4,
    0x17,0xf7,0xfe,0xff,0x7b,0xf7,0xb7,0xee,0x98,0xde,0xcf,0xac,0x2a,0x7b,0x26,0x5a,0x83,0x41,0x81,0x51,0x68,0x8b,0x23,0x62,
    0x22,0x31,0x61,0x18,0x61,0x10,0x81,0x18,0x41,0x10,0x20,0x08,0x41,0x10,0x40,0x08,0x61,0x18,0x63,0x41,0xc2,0x28,0x00,0x08,
    0x00,0x00,0x00,0x08,0x20,0x08,0x00,0x00,0x21,0x08,0x21,0x08,0x01,0x00,0x20,0x00,0x21,0x08,0x21,0x08,0x21,0x00,0x01,0x08,
    0x21,0x00,0x21,0x08,0x21,0x00,0x20,0x08,0x21,0x00,0x21,0x08,0x20,0x00,0x01,0x08,0x21,0x00,0x00,0x08,0x21,0x00,0x00,0x08,
    0x21,0x00,0x20,0x08,0x21,0x00,0x20,0x08,0x01,0x00,0x20,0x08,0x01,0x00,0x20,0x08,0x01,0x00,0x21,0x08,0x20,0x00,0x01,0x08,
    0x21,0x00,0x20,0x08,0x21,0x00,0x01,0x08,0x20,0x00,0x01,0x08,0x21,0x00,0x21,0x08,0x00,0x00,0x21,0x08,0x00,0x00,0x21,0x08,
    0x01,0x00,0x21,0x00,0x20,0x00,0x01,0x08,0x21,0x00,0x00,0x08,0x21,0x00,0x20,0x08,0x01,0x00,0x21,0x08,0x21,0x00,0x00,0x08,
    0x21,0x00,0x20,0x08,0x01,0x00,0x00,0x08,0x21,0x00,0x20,0x08,0x01,0x00,0x20,0x08,0x01,0x00,0x20,0x08,0x21,0x08,0x20,0x00,
    0x01,0x08,0x21,0x00,0x20,0x08,0x21,0x00,0x21,0x08,0x00,0x00,0x20,0x00,0x21,0x08,0x00,0x08,0x21,0x00,0x00,0x08,0x21,0x08,
    0x20,0x08,0x00,0x00,0x21,0x08,0x00,0x00,0x21,0x00,0x21,0x08,0x00,0x00,0x21,0x08,0x00,0x00,0x20,0x08,0x00,0x08,0x21,0x00,
    0x20,0x08,0x21,0x00,0x21,0x08,0x41,0x08,0x21,0x00,0xa2,0x18,0x01,0x00,0x00,0x00,0x20,0x08,0x21,0x00,0x20,0x08,0x20,0x00,
    0x41,0x08,0x62,0x18,0x40,0x08,0x00,0x00,0x21,0x08,0x20,0x08,0x21,0x08,0x41,0x10,0x81,0x10,0x40,0x10,0x28,0x83,0x0a,0x9c,
    0xc9,0x9b,0x8d,0xac,0xa3,0x82,0x6f,0xc5,0x30,0xbd,0xd3,0xd5,0x47,0x8b,0x20,0x41,0xa3,0x49,0xe3,0x51,0xed,0xc4,0x0f,0xbd,
    0x27,0x83,0x84,0x39,0xc1,0x20,0x23,0x31,0xe2,0x61,0xb6,0xe6,0x68,0x8b,0xc0,0x28,0x80,0x51,0x2f,0xc5,0xfe,0xff,0x59,0xf7,
    0xff,0xff,0x9a,0xff,0x38,0xf7,0xd5,0xf6,0xff,0xff,0xff,0xff,0xff,0xff,0xff,0xff,0xff,0xff,0x9a,0xff,0xee,0xc4,0xc9,0x6a,
    0xa4,0x49,0x04,0x8b,0xbc,0xff,0x50,0xcd,0x8b,0x8b,0x41,0x10,0x82,0x18,0x81,0x10,0x41,0x10,0x40,0x08,0x00,0x08,0x81,0x18,
    0x03,0x29,0x22,0x39,0x2b,0x9c,0xca,0x93,0x41,0x10,0x81,0x10,0x00,0x08,0x21,0x08,0x00,0x00,0x01,0x00,0x00,0x00,0x01,0x08,
    0x00,0x00,0x01,0x00,0x00,0x00,0x00,0x00,0x21,0x08,0x00,0x00,0x01,0x00,0x00,0x00,0x01,0x08,0x21,0x00,0x01,0x00,0x20,0x08,
    0x21,0x08,0x01,0x00,0x21,0x08,0x21,0x00,0x01,0x08,0x21,0x00,0x00,0x08,0x01,0x00,0x20,0x08,0x21,0x00,0x21,0x08,0x01,0x00,
    0x20,0x08,0x00,0x00,0x21,0x08,0x20,0x00,0x01,0x00,0x00,0x00,0x21,0x08,0x21,0x00,0x01,0x00,0x20,0x08,0x21,0x08,0x20,0x00,
    0x21,0x08,0x21,0x00,0x21,0x08,0x21,0x00,0x00,0x08,0x21,0x08,0x21,0x00,0x21,0x08,0x21,0x08,0x21,0x00,0x21,0x08,0x01,0x00,
    0x21,0x08,0x20,0x00,0x21,0x08,0x21,0x08,0x21,0x00,0x21,0x08,0x20,0x08,0x21,0x00,0x20,0x08,0x01,0x00,0x21,0x08,0x21,0x00,
    0x21,0x08,0x01,0x00,0x21,0x08,0x21,0x00,0x20,0x08,0x21,0x00,0x21,0x08,0x20,0x00,0x21,0x08,0x21,0x08,0x20,0x00,0x21,0x08,
    0x20,0x00,0x21,0x08,0x20,0x00,0x21,0x08,0x21,0x00,0x21,0x08,0x20,0x00,0x21,0x08,0x00,0x08,0x21,0x00,0x20,0x08,0x21,0x08,
    0x20,0x08,0x21,0x00,0x21,0x08,0x20,0x08,0x21,0x08,0x00,0x00,0x82,0x10,0x45,0x29,0x01,0x08,0xa5,0x39,0x00,0x00,0x21,0x08,
    0x20,0x08,0x20,0x08,0x21,0x08,0x20,0x08,0x82,0x18,0x62,0x10,0x00,0x08,0x21,0x00,0x20,0x08,0x20,0x00,0x40,0x08,0x41,0x08,
    0x61,0x10,0xa1,0x20,0xe1,0x28,0x62,0x49,0x01,0x62,0xc1,0x59,0x02,0x62,0x80,0x51,0xa0,0x59,0xa3,0x82,0x87,0x93,0xa6,0x72,
    0xae,0xb4,0x53,0xe6,0xbc,0xf7,0x5b,0xf7,0x31,0xbd,0x22,0x39,0x43,0x39,0x67,0x62,0xa7,0xa3,0x59,0xff,0xa9,0x8b,0xa0,0x28,
    0x80,0x51,0x8b,0xb4,0x18,0xf7,0xf2,0xd5,0x13,0xde,0x6f,0xcd,0x34,0xde,0xb4,0xee,0xff,0xff,0xff,0xff,0xff,0xff,0xff,0xff,
    0xff,0xff,0xdd,0xff,0xd2,0xd5,0x09,0x7b,0x04,0x5a,0x67,0x93,0x7b,0xff,0xce,0xb4,0x4a,0x83,0x81,0x18,0xa2,0x18,0x81,0x18,
    0x61,0x10,0x41,0x08,0x20,0x08,0x41,0x10,0xc2,0x20,0x81,0x18,0x48,0x83,0x69,0x83,0xc2,0x28,0xe3,0x28,0x41,0x08,0x41,0x10,
    0x62,0x10,0x62,0x10,0x62,0x10,0x62,0x10,0x41,0x08,0x41,0x10,0x62,0x08,0x42,0x10,0x41,0x08,0x41,0x08,0x41,0x08,0x21,0x08,
    0x42,0x08,0x41,0x08,0x41,0x08,0x21,0x08,0x21,0x08,0x41,0x08,0x21,0x08,0x21,0x08,0x21,0x08,0x21,0x08,0x20,0x00,0x01,0x00,
    0x20,0x08,0x00,0x00,0x00,0x00,0x00,0x08,0x01,0x00,0x00,0x00,0x00,0x00,0x01,0x08,0x00,0x00,0x21,0x08,0x00,0x00,0x00,0x00,
    0x00,0x00,0x01,0x00,0x00,0x00,0x00,0x00,0x00,0x00,0x00,0x00,0x00,0x00,0x00,0x00,0x00,0x00,0x00,0x00,0x01,0x00,0x00,0x00,
    0x00,0x00,0x00,0x00,0x01,0x00,0x00,0x00,0x00,0x00,0x00,0x00,0x00,0x00,0x00,0x00,0x00,0x00,0x00,0x00,0x00,0x00,0x00,0x00,
    0x01,0x00,0x00,0x00,0x00,0x00,0x00,0x00,0x00,0x00,0x00,0x00,0x00,0x00,0x00,0x00,0x00,0x00,0x00,0x00,0x00,0x00,0x00,0x00,
    0x00,0x00,0x00,0x00,0x00,0x00,0x00,0x00,0x00,0x00,0x00,0x00,0x00,0x00,0x00,0x00,0x00,0x00,0x00,0x00,0x00,0x00,0x00,0x00,
    0x00,0x00,0x00,0x00,0x00,0x00,0x00,0x00,0x00,0x00,0x00,0x00,0x00,0x00,0x00,0x00,0x00,0x00,0x00,0x00,0x20,0x08,0x82,0x18,
    0x00,0x00,0x41,0x10,0x21,0x08,0xc2,0x18,0x41,0x08,0x41,0x10,0x20,0x00,0x20,0x08,0x20,0x08,0x20,0x08,0x20,0x00,0x00,0x08,
    0x00,0x00,0x21,0x08,0x20,0x08,0x20,0x08,0x41,0x08,0xe2,0x20,0x81,0x18,0x03,0x31,0x44,0x6a,0xc6,0x7a,0xea,0xa3,0x48,0x8b,
    0xc9,0x9b,0x8e,0xd5,0xac,0xbc,0x04,0x5a,0x69,0x83,0x90,0xcd,0x5a,0xf7,0x7b,0xf7,0xff,0xff,0x0c,0x9c,0x02,0x31,0xe9,0x6a,
    0xa8,0x9b,0xc9,0x93,0x03,0x5a,0xa1,0x20,0x00,0x31,0xa0,0x51,0x04,0x8b,0x83,0x7a,0x41,0x72,0x42,0x72,0xe4,0x82,0x08,0xac,
    0x74,0xe6,0x5a,0xf7,0xf7,0xf6,0xd7,0xee,0x5a,0xf7,0xf6,0xf6,0xd2,0xdd,0x6a,0x83,0x06,0x52,0x82,0x49,0xea,0x9b,0x04,0x5a,
    0x22,0x31,0xa2,0x20,0x81,0x18,0x61,0x10,0x61,0x10,0x20,0x08,0x20,0x08,0x20,0x08,0x20,0x08,0x61,0x10,0xc2,0x20,0x61,0x10,
    0x82,0x18,0xa2,0x18,0x20,0x08,0x41,0x10,0xc6,0x41,0xc6,0x39,0xa6,0x39,0xc6,0x41,0xa6,0x39,0x85,0x39,0x86,0x39,0x85,0x39,
    0x65,0x31,0x85,0x31,0x86,0x39,0x85,0x31,0x86,0x31,0x86,0x39,0x86,0x39,0x86,0x31,0xa6,0x39,0xa6,0x39,0xc6,0x39,0xa6,0x39,
    0xa6,0x39,0xa6,0x39,0x65,0x31,0x65,0x31,0x45,0x29,0x44,0x29,0x24,0x29,0x24,0x29,0x24,0x29,0x24,0x29,0x24,0x29,0x24,0x29,
    0x24,0x21,0x04,0x29,0x04,0x21,0x24,0x29,0x04,0x29,0x04,0x21,0x04,0x21,0xc3,0x20,0xc3,0x20,0xc3,0x18,0xc3,0x18,0xa3,0x18,
    0xa3,0x18,0x82,0x10,0xa2,0x18,0xa3,0x18,0xa3,0x18,0xa2,0x10,0xa2,0x18,0x83,0x18,0xa3,0x18,0xa2,0x18,0xa3,0x10,0xa3,0x18,
    0xa3,0x18,0xa3,0x18,0xa2,0x10,0xa3,0x18,0xa2,0x18,0xa3,0x10,0xa2,0x18,0xc3,0x18,0xc3,0x20,0xc3,0x18,0xc3,0x18,0xc3,0x20,
    0xe3,0x18,0xc3,0x20,0xc3,0x18,0xc3,0x18,0xa3,0x18,0xa2,0x18,0xa3,0x18,0xe3,0x20,0xa3,0x18,0x82,0x10,0x82,0x10,0x82,0x10,
    0x82,0x10,0x62,0x10,0x62,0x10,0x62,0x10,0x62,0x10,0x62,0x10,0x41,0x08,0x82,0x10,0x62,0x10,0x61,0x10,0x62,0x10,0x82,0x18,
    0xa3,0x18,0xa2,0x18,0xa3,0x18,0xc3,0x18,0xa2,0x18,0x03,0x21,0x65,0x31,0x85,0x39,0xe3,0x20,0x03,0x29,0xc3,0x20,0xa2,0x18,
    0x82,0x10,0xa2,0x18,0x81,0x18,0x61,0x10,0x61,0x10,0x61,0x10,0x81,0x10,0x61,0x10,0x61,0x18,0x81,0x18,0xc5,0x49,0xe5,0x49,
    0x87,0x6a,0x29,0x7b,0xc7,0x7a,0x8c,0xb4,0x2f,0xcd,0xb4,0xf6,0xad,0xb4,0xa6,0x72,0x86,0x6a,0xad,0xb4,0x73,0xee,0x76,0xe6,
    0xdf,0xff,0x7c,0xef,0x29,0x7b,0x67,0x62,0x04,0x5a,0x27,0x83,0x82,0x49,0x02,0x31,0x64,0x39,0x46,0x62,0x89,0x8b,0x08,0x7b,
    0xa6,0x6a,0xc4,0x7a,0x66,0x93,0x66,0x93,0x6e,0xd5,0xb5,0xee,0xd1,0xd5,0x11,0xe6,0x97,0xee,0xd4,0xd5,0x10,0xbd,0x8b,0x8b,
    0x25,0x62,0x20,0x39,0x86,0x6a,0x62,0x39,0xa2,0x20,0xa2,0x18,0x61,0x10,0x81,0x18,0x61,0x10,0x20,0x08,0x20,0x08,0x00,0x08,
    0x20,0x08,0x20,0x08,0x41,0x10,0x40,0x10,0x61,0x10,0x40,0x10,0x20,0x08,0x20,0x08,0x07,0x4a,0x07,0x4a,0x27,0x4a,0x07,0x4a,
    0x07,0x4a,0x07,0x4a,0x07,0x42,0x07,0x4a,0xe6,0x41,0x07,0x4a,0x07,0x4a,0x07,0x4a,0x07,0x4a,0x07,0x42,0x27,0x4a,0x28,0x4a,
    0x28,0x4a,0x28,0x4a,0x48,0x4a,0x48,0x52,0x48,0x4a,0x48,0x4a,0x27,0x4a,0x27,0x4a,0x27,0x4a,0x07,0x4a,0x07,0x42,0x07,0x42,
    0x07,0x42,0x07,0x4a,0x07,0x42,0x07,0x4a,0x27,0x4a,0x28,0x42,0x27,0x4a,0x28,0x4a,0x28,0x4a,0x28,0x4a,0x27,0x4a,0x28,0x42,
    0x28,0x4a,0x28,0x4a,0x07,0x4a,0x07,0x42,0x07,0x4a,0x08,0x42,0x28,0x4a,0x27,0x42,0x28,0x4a,0x08,0x4a,0x28,0x42,0x27,0x4a,
    0x28,0x4a,0x08,0x4a,0x28,0x4a,0x48,0x4a,0x28,0x4a,0x28,0x4a,0x28,0x4a,0x28,0x4a,0x48,0x4a,0x49,0x52,0x69,0x52,0x69,0x52,
    0x89,0x5a,0xaa,0x5a,0xaa,0x5a,0x89,0x5a,0xaa,0x5a,0xaa,0x5a,0xaa,0x62,0xaa,0x5a,0x89,0x5a,0xaa,0x5a,0xaa,0x5a,0x0b,0x63,
    0xca,0x62,0x89,0x5a,0x8a,0x5a,0xaa,0x5a,0x8a,0x5a,0xaa,0x5a,0x89,0x5a,0xaa,0x5a,0xaa,0x5a,0x8a,0x5a,0x8a,0x5a,0xca,0x5a,
    0xcb,0x5a,0x8a,0x5a,0xcb,0x5a,0x0b,0x63,0xec,0x62,0xeb,0x62,0x0b,0x63,0x2c,0x6b,0x0c,0x6b,0x0b,0x6b,0x2c,0x6b,0x2c,0x6b,
    0xeb,0x62,0xeb,0x62,0xaa,0x5a,0xca,0x62,0xca,0x62,0xcb,0x62,0x89,0x5a,0x69,0x52,0x69,0x52,0x68,0x52,0x69,0x5a,0x68,0x52,
    0x48,0x52,0xe6,0x49,0x92,0xc5,0xcf,0xac,0x11,0xbd,0xaf,0xac,0x25,0x62,0x93,0xcd,0xd2,0xd5,0x96,0xee,0x0d,0x9c,0x29,0x83,
    0xab,0x93,0x70,0xcd,0xbb,0xff,0x3a,0xf7,0xfe,0xff,0xdd,0xff,0x8e,0xa4,0x4b,0x7b,0xa6,0x72,0x75,0xe6,0xe6,0x7a,0x84,0x41,
    0xc5,0x49,0xd1,0xac,0x3a,0xf7,0x15,0xd6,0xb4,0xc5,0x0d,0xc5,0xf3,0xd5,0x48,0xb4,0x58,0xff,0xff,0xff,0xff,0xff,0x7a,0xf7,
    0xbb,0xff,0xd1,0xdd,0x6f,0x9c,0x07,0x7b,0x62,0x72,0x04,0x5a,0x97,0xe6,0x8b,0x83,0xe6,0x49,0xa2,0x20,0xc2,0x20,0x81,0x18,
    0x61,0x10,0x41,0x10,0x40,0x08,0x41,0x10,0x81,0x18,0x61,0x10,0xa5,0x41,0xa5,0x41,0x81,0x18,0xc2,0x20,0x81,0x18,0xa2,0x20,
    0x47,0x52,0x48,0x4a,0x47,0x52,0x48,0x52,0x48,0x52,0x48,0x52,0x48,0x52,0x48,0x52,0x48,0x52,0x48,0x52,0x48,0x52,0x48,0x4a,
    0x48,0x52,0x48,0x52,0x49,0x52,0x68,0x52,0x68,0x52,0x69,0x52,0x68,0x52,0x69,0x52,0x68,0x52,0x69,0x52,0x68,0x52,0x49,0x52,
    0x68,0x4a,0x48,0x4a,0x48,0x52,0x68,0x52,0x48,0x52,0x68,0x4a,0x68,0x52,0x69,0x52,0x69,0x52,0x69,0x52,0x69,0x52,0x69,0x52,
    0x68,0x52,0x69,0x52,0x69,0x52,0x89,0x52,0x69,0x52,0x69,0x52,0x69,0x52,0x89,0x52,0x69,0x52,0x89,0x52,0x69,0x52,0x89,0x52,
    0x89,0x52,0x89,0x52,0x89,0x5a,0x8a,0x52,0x89,0x52,0x89,0x52,0x89,0x5a,0x89,0x52,0x8a,0x5a,0xa9,0x5a,0x89,0x52,0x8a,0x5a,
    0x89,0x52,0x89,0x5a,0xaa,0x5a,0xaa,0x5a,0xaa,0x5a,0xaa,0x5a,0xca,0x62,0xaa,0x62,0xcb,0x62,0xca,0x62,0xca,0x62,0xca,0x62,
    0xca,0x5a,0xaa,0x5a,0xca,0x62,0xea,0x62,0xeb,0x62,0xea,0x62,0xcb,0x62,0xca,0x62,0xca,0x62,0xcb,0x62,0xca,0x62,0xeb,0x62,
    0xeb,0x62,0x0b,0x63,0x0b,0x63,0xeb,0x62,0x0b,0x6b,0x0b,0x63,0xec,0x6a,0x0c,0x6b,0x2c,0x6b,0x0c,0x6b,0x2c,0x6b,0x2c,0x6b,
    0x4c,0x6b,0x2c,0x6b,0x2c,0x6b,0x2c,0x6b,0x2c,0x6b,0x0b,0x6b,0x2c,0x6b,0xeb,0x62,0xeb,0x62,0x0c,0x6b,0x0b,0x63,0xeb,0x62,
    0xcb,0x6a,0xeb,0x62,0xea,0x62,0xeb,0x6a,0xea,0x62,0xa9,0x62,0x14,0xd6,0x8e,0xac,0x96,0xe6,0xb0,0xac,0xc8,0x72,0xb6,0xe6,
    0x13,0xde,0x18,0xf7,0xcc,0x93,0x29,0x7b,0x4a,0x83,0xee,0xbc,0x77,0xff,0x37,0xf7,0xfd,0xff,0x17,0xe7,0xab,0x8b,0x2a,0x73,
    0xab,0x8b,0x5a,0xf7,0x89,0x8b,0x88,0x62,0x88,0x62,0x93,0xc5,0xd6,0xee,0xf4,0xcd,0xaf,0xac,0xcf,0xac,0xd3,0xcd,0xea,0x9b,
    0x3a,0xf7,0xfe,0xff,0x7a,0xff,0x7b,0xf7,0x19,0xf7,0x8d,0xb4,0xad,0x8b,0xe7,0x7a,0x66,0x62,0xa8,0x6a,0xb6,0xe6,0x8a,0x8b,
    0x47,0x5a,0x85,0x41,0x84,0x39,0x44,0x31,0x24,0x31,0x03,0x29,0x03,0x29,0x24,0x29,0x23,0x29,0x23,0x31,0x47,0x52,0x48,0x52,
    0x84,0x41,0x85,0x39,0x44,0x39,0x64,0x31,0x48,0x52,0x27,0x4a,0x28,0x52,0x27,0x4a,0x47,0x4a,0x27,0x4a,0x27,0x4a,0x27,0x4a,
    0x47,0x52,0x27,0x4a,0x27,0x4a,0x48,0x52,0x48,0x4a,0x48,0x4a,0x48,0x52,0x48,0x4a,0x49,0x52,0x48,0x52,0x69,0x52,0x48,0x52,
    0x48,0x4a,0x68,0x52,0x48,0x4a,0x48,0x52,0x48,0x4a,0x48,0x52,0x48,0x4a,0x48,0x4a,0x48,0x52,0x69,0x52,0x48,0x4a,0x49,0x52,
    0x68,0x52,0x69,0x52,0x69,0x52,0x69,0x52,0x69,0x52,0x68,0x52,0x89,0x52,0x69,0x52,0x68,0x52,0x89,0x52,0x69,0x52,0x68,0x52,
    0x68,0x52,0x49,0x52,0x48,0x52,0x69,0x52,0x69,0x52,0x69,0x52,0x49,0x52,0x69,0x52,0x69,0x52,0x89,0x52,0x6a,0x52,0x89,0x5a,
    0x89,0x52,0x69,0x52,0x69,0x52,0x89,0x52,0x8a,0x5a,0x89,0x52,0x8a,0x52,0xaa,0x5a,0xaa,0x5a,0xaa,0x5a,0xaa,0x5a,0xaa,0x5a,
    0xaa,0x5a,0xca,0x62,0xca,0x5a,0xaa,0x5a,0xaa,0x5a,0xaa,0x62,0xca,0x62,0xca,0x62,0xca,0x62,0xca,0x5a,0xaa,0x62,0xca,0x5a,
    0xaa,0x62,0xca,0x5a,0xcb,0x5a,0xca,0x62,0xcb,0x5a,0xca,0x62,0xcb,0x5a,0xcb,0x62,0xcb,0x5a,0xcb,0x62,0xcb,0x62,0x0b,0x63,
    0xeb,0x62,0xeb,0x62,0x0c,0x63,0x0c,0x63,0x0c,0x63,0x0b,0x63,0x0b,0x63,0x0b,0x63,0xeb,0x62,0x0b,0x63,0xeb,0x62,0xcb,0x62,
    0xeb,0x62,0xeb,0x62,0xaa,0x62,0xaa,0x5a,0xaa,0x5a,0x89,0x5a,0xaa,0x5a,0x89,0x5a,0x89,0x5a,0xeb,0x6a,0x75,0xe6,0xb2,0xd5,
    0x9b,0xf7,0x92,0xc5,0x6b,0x8b,0x79,0xf7,0x17,0xff,0xdb,0xff,0x6e,0xa4,0x0a,0x7b,0x8b,0x83,0xf2,0xdd,0xfb,0xff,0xda,0xff,
    0xfe,0xff,0x58,0xef,0x0d,0x94,0xea,0x6a,0xf2,0xac,0xfe,0xff,0xac,0x83,0x28,0x52,0xa9,0x62,0xb7,0xde,0x38,0xf7,0x75,0xde,
    0x4e,0xa4,0x72,0xbd,0xd4,0xc5,0x2d,0x9c,0xde,0xff,0xde,0xff,0xbb,0xff,0xfe,0xff,0xda,0xe6,0x2e,0x9c,0x6c,0x73,0xca,0x6a,
    0x48,0x52,0x2b,0x7b,0x18,0xf7,0x47,0x83,0x27,0x52,0x85,0x39,0xa5,0x41,0x64,0x39,0x44,0x31,0x44,0x31,0x24,0x29,0x64,0x31,
    0x44,0x31,0x85,0x39,0x68,0x5a,0x07,0x4a,0x85,0x39,0xa5,0x41,0x86,0x39,0xa5,0x41,0x27,0x4a,0x47,0x52,0x27,0x4a,0x27,0x4a,
    0x28,0x52,0x27,0x4a,0x28,0x52,0x27,0x4a,0x27,0x4a,0x28,0x4a,0x27,0x4a,0x27,0x4a,0x07,0x4a,0x48,0x52,0x28,0x4a,0x28,0x4a,
    0x68,0x52,0x48,0x4a,0x48,0x52,0x48,0x4a,0x48,0x52,0x48,0x4a,0x48,0x4a,0x48,0x4a,0x48,0x4a,0x27,0x4a,0x28,0x4a,0x27,0x4a,
    0x28,0x4a,0x28,0x4a,0x48,0x4a,0x48,0x52,0x48,0x4a,0x48,0x4a,0x48,0x4a,0x48,0x52,0x68,0x4a,0x49,0x52,0x48,0x4a,0x28,0x4a,
    0x48,0x52,0x28,0x4a,0x28,0x4a,0x27,0x4a,0x28,0x4a,0x28,0x4a,0x48,0x4a,0x28,0x4a,0x28,0x4a,0x48,0x4a,0x28,0x4a,0x48,0x4a,
    0x48,0x4a,0x48,0x52,0x48,0x4a,0x49,0x4a,0x48,0x52,0x28,0x4a,0x48,0x4a,0x28,0x4a,0x48,0x4a,0x69,0x52,0x69,0x52,0x68,0x52,
    0x89,0x5a,0x69,0x52,0x89,0x5a,0x8a,0x5a,0x89,0x52,0x69,0x5a,0x89,0x5a,0x69,0x52,0x69,0x52,0x89,0x5a,0x89,0x52,0xaa,0x5a,
    0x89,0x5a,0x69,0x52,0x69,0x5a,0x89,0x52,0x8a,0x5a,0x89,0x5a,0x8a,0x5a,0x89,0x52,0x8a,0x5a,0x89,0x52,0xaa,0x5a,0xaa,0x5a,
    0xaa,0x5a,0xaa,0x5a,0xaa,0x5a,0xcb,0x62,0xec,0x62,0xcb,0x62,0xeb,0x62,0xeb,0x62,0xeb,0x62,0xeb,0x62,0xeb,0x62,0xeb,0x62,
    0xeb,0x62,0xcb,0x62,0xcb,0x62,0xca,0x62,0xcb,0x62,0xca,0x5a,0x8a,0x5a,0x89,0x5a,0x8a,0x5a,0x69,0x5a,0x89,0x5a,0x69,0x5a,
    0x89,0x52,0xaa,0x62,0x74,0xe6,0xf3,0xdd,0x9a,0xff,0x34,0xd6,0x4b,0x83,0x58,0xff,0x98,0xff,0xfc,0xff,0xf1,0xb4,0xea,0x72,
    0x8c,0x83,0x13,0xde,0xfb,0xff,0xfd,0xff,0xff,0xff,0x9b,0xf7,0x4e,0x9c,0xca,0x62,0x12,0xad,0xff,0xff,0xee,0x8b,0x07,0x4a,
    0x89,0x5a,0x96,0xde,0x38,0xff,0x75,0xe6,0x2e,0x94,0x73,0xbd,0xd3,0xcd,0x4f,0x9c,0xff,0xff,0xff,0xff,0xdc,0xff,0xff,0xff,
    0xfb,0xee,0xcd,0x8b,0x0b,0x6b,0x88,0x5a,0xc6,0x49,0x6c,0x7b,0x37,0xff,0x85,0x6a,0x85,0x39,0x04,0x29,0x24,0x29,0xe3,0x20,
    0x03,0x21,0xc3,0x20,0xe2,0x20,0xe3,0x20,0x03,0x29,0x24,0x29,0xe6,0x41,0xa6,0x41,0xa5,0x39,0x86,0x39,0x85,0x39,0x86,0x39,
    0x27,0x4a,0x27,0x4a,0x07,0x4a,0x27,0x4a,0x07,0x4a,0x07,0x4a,0x27,0x4a,0x27,0x4a,0x07,0x4a,0x07,0x4a,0x07,0x4a,0x27,0x4a,
    0x28,0x4a,0x27,0x52,0x28,0x4a,0x27,0x4a,0x48,0x52,0x48,0x52,0x48,0x52,0x48,0x4a,0x28,0x4a,0x28,0x52,0x48,0x4a,0x28,0x52,
    0x27,0x4a,0x27,0x4a,0x27,0x4a,0x27,0x4a,0x28,0x4a,0x27,0x4a,0x28,0x4a,0x28,0x4a,0x28,0x4a,0x28,0x4a,0x28,0x4a,0x48,0x4a,
    0x48,0x4a,0x48,0x4a,0x28,0x4a,0x27,0x4a,0x27,0x4a,0x27,0x4a,0x07,0x4a,0x07,0x42,0x07,0x4a,0x07,0x42,0x07,0x4a,0x07,0x42,
    0x28,0x4a,0x07,0x42,0x08,0x4a,0x28,0x4a,0x08,0x4a,0x08,0x4a,0x28,0x4a,0x28,0x4a,0x08,0x4a,0x28,0x4a,0x08,0x4a,0x28,0x4a,
    0x08,0x4a,0x28,0x4a,0x48,0x52,0x69,0x52,0x69,0x52,0x69,0x52,0x69,0x52,0x69,0x52,0x69,0x52,0x89,0x5a,0x69,0x52,0x49,0x52,
    0x68,0x52,0x68,0x52,0x89,0x5a,0xca,0x62,0x89,0x5a,0x89,0x5a,0x69,0x52,0x69,0x52,0x69,0x52,0x89,0x5a,0x69,0x52,0x8a,0x5a,
    0xaa,0x5a,0x89,0x52,0xaa,0x5a,0xca,0x5a,0xca,0x62,0xab,0x5a,0xeb,0x62,0xeb,0x62,0x0c,0x6b,0x0c,0x63,0x0c,0x6b,0x2c,0x6b,
    0x0c,0x6b,0x2c,0x6b,0x2c,0x6b,0x2c,0x6b,0x0c,0x63,0x0b,0x6b,0xeb,0x62,0xeb,0x62,0xcb,0x62,0xcb,0x62,0xaa,0x5a,0xaa,0x5a,
    0xaa,0x5a,0x89,0x5a,0xaa,0x5a,0x89,0x5a,0x8a,0x5a,0x89,0x5a,0x2e,0x94,0xcd,0x8b,0x72,0xbd,0x6f,0xa4,0x89,0x62,0x52,0xbd,
    0x31,0xbd,0x34,0xd6,0xcd,0x8b,0xea,0x6a,0x2b,0x73,0xaf,0xac,0x55,0xf7,0x97,0xff,0xfe,0xff,0x59,0xf7,0xcd,0x8b,0xca,0x62,
    0x8d,0x7b,0x1a,0xef,0x2c,0x73,0x07,0x4a,0x28,0x52,0x4f,0x9c,0x31,0xb5,0x2d,0x94,0xeb,0x6a,0x8c,0x7b,0x4f,0x9c,0x0a,0x6b,
    0x5b,0xf7,0xdc,0xff,0x73,0xee,0xbc,0xff,0x37,0xd6,0xaa,0x62,0x69,0x5a,0x07,0x4a,0x85,0x39,0x06,0x4a,0xcf,0xb4,0xc6,0x41,
    0x03,0x29,0xe3,0x28,0xe3,0x20,0xc2,0x20,0xa2,0x18,0xc2,0x18,0xc3,0x20,0xe3,0x20,0xe3,0x20,0x23,0x29,0x65,0x31,0x85,0x39,
    0x85,0x39,0xa6,0x39,0x85,0x39,0xa6,0x39,0x27,0x4a,0x27,0x52,0x27,0x4a,0x07,0x4a,0x27,0x4a,0x27,0x4a,0x07,0x4a,0x27,0x4a,
    0x27,0x52,0x27,0x4a,0x28,0x52,0x27,0x4a,0x27,0x4a,0x28,0x4a,0x48,0x52,0x48,0x52,0x48,0x4a,0x48,0x52,0x48,0x52,0x48,0x52,
    0x48,0x52,0x48,0x4a,0x48,0x4a,0x48,0x4a,0x28,0x4a,0x28,0x4a,0x28,0x4a,0x28,0x4a,0x28,0x4a,0x48,0x4a,0x48,0x4a,0x48,0x52,
    0x48,0x4a,0x68,0x52,0x48,0x52,0x48,0x4a,0x48,0x52,0x68,0x52,0x48,0x52,0x48,0x52,0x28,0x4a,0x28,0x4a,0x28,0x4a,0x07,0x42,
    0x07,0x42,0x08,0x4a,0x28,0x4a,0x28,0x4a,0x28,0x4a,0x07,0x4a,0x08,0x42,0x27,0x4a,0x28,0x4a,0x28,0x4a,0x28,0x4a,0x28,0x4a,
    0x07,0x42,0x08,0x4a,0x27,0x42,0x08,0x4a,0x28,0x4a,0x48,0x4a,0x89,0x52,0x8a,0x5a,0xa9,0x5a,0xaa,0x5a,0xaa,0x5a,0xca,0x62,
    0xcb,0x62,0xcb,0x62,0xca,0x62,0xaa,0x5a,0xaa,0x5a,0xaa,0x5a,0xca,0x62,0x2c,0x6b,0xeb,0x62,0xcb,0x62,0xeb,0x62,0xcb,0x62,
    0xeb,0x62,0xeb,0x62,0xeb,0x62,0x0c,0x6b,0x2c,0x6b,0x0b,0x63,0x0c,0x6b,0x2d,0x6b,0x4c,0x73,0x2d,0x73,0x4d,0x73,0x6d,0x73,
    0x6e,0x7b,0x6d,0x7b,0x6d,0x73,0x8e,0x7b,0x6d,0x73,0x8e,0x73,0x6e,0x7b,0x6d,0x73,0x4d,0x73,0x4c,0x73,0x2c,0x6b,0x4d,0x73,
    0x4c,0x73,0x2c,0x6b,0x2c,0x6b,0x0b,0x6b,0x0b,0x6b,0x0c,0x63,0xeb,0x62,0xeb,0x62,0xeb,0x6a,0xea,0x62,0xeb,0x62,0xca,0x62,
    0xeb,0x6a,0xeb,0x62,0xea,0x6a,0xeb,0x62,0xeb,0x62,0x0c,0x6b,0xea,0x6a,0xeb,0x6a,0x0b,0x6b,0x0c,0x6b,0x0f,0x8c,0x4f,0x94,
    0x52,0xad,0xb0,0x9c,0x2c,0x73,0x0b,0x6b,0xca,0x62,0xeb,0x62,0x89,0x5a,0x8a,0x5a,0x69,0x52,0x89,0x52,0x69,0x52,0x28,0x4a,
    0x48,0x4a,0x89,0x5a,0x8a,0x5a,0x89,0x5a,0xce,0x7b,0xae,0x83,0xea,0x6a,0x4c,0x73,0xaa,0x5a,0xc7,0x41,0x07,0x42,0xc6,0x41,
    0x44,0x31,0x24,0x31,0x24,0x29,0xe3,0x20,0xa2,0x18,0xa2,0x18,0xc2,0x18,0x82,0x10,0xa2,0x18,0x82,0x18,0xe2,0x18,0x03,0x29,
    0x24,0x29,0x85,0x31,0xa6,0x39,0x07,0x4a,0x08,0x4a,0x08,0x4a,0x28,0x4a,0x48,0x52,0x48,0x52,0x48,0x52,0x48,0x52,0x47,0x52,
    0x48,0x52,0x47,0x52,0x48,0x52,0x48,0x52,0x48,0x52,0x68,0x52,0x48,0x52,0x68,0x52,0x48,0x52,0x68,0x52,0x68,0x52,0x69,0x52,
    0x69,0x52,0x69,0x5a,0x69,0x52,0x69,0x52,0x89,0x5a,0x89,0x5a,0x89,0x5a,0xa9,0x5a,0xa9,0x5a,0xaa,0x5a,0x89,0x5a,0xa9,0x5a,
    0xaa,0x5a,0xaa,0x5a,0xca,0x5a,0xca,0x62,0xca,0x5a,0xcb,0x62,0xca,0x5a,0xcb,0x62,0xeb,0x62,0xeb,0x62,0xea,0x62,0xeb,0x5a,
    0xca,0x62,0xca,0x5a,0xca,0x62,0xaa,0x5a,0xaa,0x5a,0xa9,0x5a,0xcb,0x5a,0xca,0x62,0xca,0x5a,0xca,0x5a,0xaa,0x5a,0xcb,0x62,
    0xca,0x5a,0xcb,0x5a,0xca,0x62,0xeb,0x62,0xaa,0x5a,0xaa,0x52,0xaa,0x5a,0xaa,0x5a,0xea,0x62,0x0c,0x63,0x2c,0x6b,0x6d,0x73,
    0x8d,0x73,0xae,0x7b,0xae,0x7b,0xae,0x7b,0x8d,0x7b,0xae,0x7b,0xae,0x83,0xae,0x7b,0x8d,0x7b,0xae,0x7b,0xae,0x83,0xce,0x83,
    0xae,0x83,0xae,0x7b,0xae,0x7b,0xce,0x83,0xae,0x7b,0xae,0x83,0xce,0x7b,0xae,0x7b,0xcf,0x83,0xce,0x7b,0xce,0x83,0xce,0x83,
    0xaf,0x7b,0xce,0x83,0xaf,0x83,0xcf,0x83,0xcf,0x83,0xcf,0x83,0xcf,0x83,0xae,0x7b,0xaf,0x7b,0x8e,0x7b,0xae,0x7b,0xae,0x7b,
    0x8e,0x7b,0x8d,0x7b,0x6d,0x73,0x6d,0x73,0x4d,0x73,0x4c,0x73,0x4d,0x73,0x2c,0x73,0x2c,0x6b,0x2c,0x73,0x2c,0x73,0x2c,0x6b,
    0x2c,0x6b,0x0b,0x6b,0x2c,0x73,0x0c,0x6b,0x0b,0x6b,0x0c,0x6b,0x2b,0x73,0x0b,0x6b,0x0b,0x6b,0x0c,0x6b,0x0b,0x6b,0x0b,0x6b,
    0x2c,0x73,0x2b,0x6b,0x0c,0x6b,0xeb,0x62,0x0c,0x6b,0x0c,0x6b,0x2b,0x6b,0x2c,0x6b,0xeb,0x62,0xcb,0x62,0xea,0x62,0xcb,0x62,
    0xeb,0x62,0xeb,0x62,0xeb,0x62,0xcb,0x62,0xeb,0x62,0xeb,0x62,0x0b,0x63,0x0b,0x6b,0xeb,0x62,0xeb,0x62,0xeb,0x62,0x8a,0x52,
    0x69,0x52,0x48,0x52,0x89,0x5a,0x69,0x52,0xc6,0x41,0xc6,0x41,0x85,0x31,0x65,0x39,0x44,0x31,0x44,0x31,0x45,0x29,0xc2,0x20,
    0x24,0x29,0x44,0x29,0xa6,0x39,0xe7,0x41,0x08,0x4a,0x48,0x4a,0x49,0x52,0x69,0x52,0x89,0x5a,0x89,0x52,0x69,0x5a,0x89,0x5a,
    0x68,0x52,0x47,0x52,0x68,0x52,0x68,0x52,0x48,0x52,0x68,0x52,0x68,0x52,0x48,0x52,0x48,0x52,0x68,0x52,0x48,0x52,0x68,0x52,
    0x69,0x5a,0x68,0x52,0x69,0x5a,0x88,0x52,0x69,0x5a,0x89,0x5a,0x89,0x5a,0x89,0x5a,0x89,0x52,0x8a,0x5a,0x89,0x5a,0xaa,0x5a,
    0xaa,0x5a,0x89,0x5a,0xaa,0x5a,0xca,0x5a,0xca,0x5a,0xaa,0x62,0xca,0x5a,0xcb,0x62,0xeb,0x62,0xea,0x62,0xeb,0x62,0x0b,0x63,
    0x0b,0x6b,0x0b,0x63,0x0b,0x6b,0x2b,0x6b,0x2c,0x6b,0x2c,0x6b,0x4c,0x6b,0x2b,0x6b,0x4c,0x6b,0x2c,0x6b,0x6c,0x73,0x6d,0x73,
    0x6d,0x73,0x6d,0x73,0x6d,0x73,0x8d,0x73,0x8d,0x73,0x8d,0x7b,0x8d,0x73,0xae,0x7b,0x8d,0x73,0x6d,0x73,0x8d,0x7b,0x8d,0x73,
    0xae,0x7b,0xce,0x7b,0xce,0x83,0xef,0x83,0xcf,0x83,0xee,0x83,0xcf,0x83,0xee,0x83,0xef,0x83,0xef,0x8b,0x0e,0x84,0xee,0x83,
    0xee,0x83,0xce,0x83,0xee,0x83,0xcf,0x83,0xce,0x83,0xef,0x83,0xae,0x83,0xce,0x83,0xae,0x7b,0xcf,0x83,0xae,0x83,0xce,0x7b,
    0xae,0x83,0xce,0x7b,0xae,0x7b,0xaf,0x7b,0xae,0x83,0xaf,0x7b,0xae,0x7b,0xae,0x7b,0xaf,0x83,0xae,0x7b,0xae,0x7b,0x8e,0x7b,
    0x8e,0x7b,0xae,0x7b,0x8d,0x7b,0x6d,0x73,0x8e,0x7b,0x8d,0x7b,0x4d,0x73,0x4d,0x73,0x4c,0x73,0x2d,0x73,0x4c,0x73,0x2d,0x6b,
    0x2c,0x6b,0x0c,0x6b,0x2c,0x6b,0x0b,0x6b,0x0c,0x6b,0x0b,0x6b,0x0c,0x6b,0x0b,0x6b,0x0b,0x6b,0x0b,0x6b,0x0b,0x6b,0x0c,0x6b,
    0x0c,0x6b,0x2c,0x6b,0x0b,0x6b,0x0b,0x6b,0xec,0x6a,0x0c,0x6b,0x2c,0x6b,0x2c,0x6b,0x2c,0x6b,0x2c,0x6b,0x0c,0x63,0x0b,0x73,
    0x0b,0x63,0xeb,0x62,0xca,0x5a,0xca,0x62,0xca,0x62,0xcb,0x62,0xeb,0x62,0xca,0x5a,0xeb,0x62,0x0b,0x6b,0x0b,0x63,0x0b,0x6b,
    0x2c,0x6b,0x2c,0x6b,0x2c,0x6b,0x0c,0x6b,0xeb,0x62,0xeb,0x62,0xcb,0x62,0xca,0x62,0xaa,0x5a,0xaa,0x5a,0x8a,0x5a,0x89,0x52,
    0x49,0x52,0x69,0x4a,0x48,0x52,0xe7,0x41,0x49,0x4a,0x49,0x52,0x69,0x52,0x8a,0x52,0x89,0x52,0x69,0x5a,0x89,0x52,0x69,0x52,
    0x69,0x52,0x69,0x52,0x69,0x52,0x8a,0x5a,0x48,0x52,0x48,0x52,0x68,0x52,0x48,0x52,0x68,0x52,0x48,0x52,0x68,0x52,0x48,0x52,
    0x68,0x52,0x68,0x52,0x69,0x52,0x68,0x52,0x68,0x52,0x89,0x5a,0x69,0x52,0x88,0x5a,0x69,0x52,0x68,0x52,0x89,0x52,0x89,0x5a,
    0xa9,0x5a,0x89,0x5a,0xaa,0x52,0xa9,0x5a,0xaa,0x5a,0x8a,0x52,0xaa,0x5a,0xaa,0x5a,0xaa,0x5a,0xaa,0x5a,0xaa,0x5a,0xca,0x62,
    0xca,0x5a,0xeb,0x62,0xeb,0x62,0xea,0x62,0xeb,0x62,0x0b,0x6b,0x0b,0x63,0x0b,0x6b,0x0b,0x6b,0x2b,0x6b,0x2b,0x6b,0x2c,0x6b,
    0x4c,0x73,0x4c,0x73,0x4d,0x6b,0x6d,0x73,0x6d,0x73,0x6d,0x73,0x8d,0x73,0x8d,0x73,0x8d,0x7b,0x8e,0x73,0x8e,0x7b,0xad,0x7b,
    0xae,0x7b,0xae,0x7b,0xce,0x7b,0xae,0x7b,0xae,0x7b,0xce,0x7b,0xce,0x83,0xce,0x7b,0xae,0x83,0xce,0x7b,0xce,0x83,0xae,0x83,
    0xce,0x83,0xce,0x7b,0xae,0x83,0xae,0x7b,0xce,0x83,0xce,0x7b,0xae,0x7b,0xce,0x83,0xce,0x7b,0xae,0x83,0xae,0x7b,0xae,0x7b,
    0xae,0x7b,0xae,0x7b,0xce,0x83,0xae,0x7b,0xae,0x7b,0xae,0x7b,0x8e,0x7b,0xae,0x7b,0xae,0x7b,0x8e,0x7b,0xae,0x83,0x8e,0x7b,
    0xaf,0x7b,0xae,0x83,0x8e,0x7b,0x8e,0x7b,0x6e,0x7b,0x6d,0x7b,0x8e,0x7b,0x6d,0x73,0x8d,0x7b,0x6d,0x73,0x4d,0x73,0x4c,0x73,
    0x4d,0x73,0x4c,0x73,0x4c,0x6b,0x2c,0x73,0x2c,0x6b,0x2c,0x6b,0x0c,0x6b,0x0b,0x6b,0x0c,0x6b,0x0b,0x6b,0x0b,0x6b,0x0c,0x6b,
    0x0b,0x63,0x0c,0x6b,0xeb,0x62,0x0c,0x6b,0x0b,0x6b,0x0b,0x63,0x0c,0x6b,0x0b,0x6b,0x0b,0x63,0x0c,0x6b,0x2c,0x6b,0x0c,0x6b,
    0x0c,0x6b,0x0c,0x6b,0x0b,0x63,0x2c,0x6b,0xeb,0x62,0xeb,0x62,0xcb,0x5a,0xcb,0x62,0xea,0x5a,0xca,0x5a,0xcb,0x62,0xca,0x5a,
    0xeb,0x62,0xeb,0x62,0xeb,0x62,0xeb,0x62,0x0c,0x63,0xeb,0x62,0xeb,0x62,0xeb,0x62,0xca,0x62,0xeb,0x62,0xca,0x5a,0xca,0x62,
    0xaa,0x5a,0xaa,0x5a,0x8a,0x5a,0xaa,0x5a,0x89,0x52,0x8a,0x5a,0x8a,0x52,0x8a,0x5a,0x89,0x52,0x8a,0x5a,0x8a,0x52,0x6a,0x5a,
    0x69,0x52,0x69,0x52,0x69,0x52,0x69,0x52,0x69,0x5a,0x8a,0x5a,0x69,0x52,0x69,0x5a,0x68,0x52,0x48,0x52,0x67,0x52,0x48,0x52,
    0x47,0x4a,0x68,0x52,0x48,0x52,0x68,0x52,0x68,0x52,0x68,0x52,0x69,0x52,0x68,0x52,0x69,0x52,0x68,0x52,0x89,0x5a,0x69,0x52,
    0x89,0x5a,0x88,0x52,0x89,0x5a,0x89,0x52,0x8a,0x5a,0x89,0x52,0x8a,0x5a,0x89,0x5a,0xaa,0x5a,0xa9,0x5a,0xaa,0x5a,0xa9,0x5a,
    0xaa,0x5a,0xca,0x5a,0xca,0x62,0xca,0x5a,0xaa,0x62,0xcb,0x62,0xca,0x62,0xca,0x62,0xca,0x62,0xeb,0x62,0xeb,0x62,0x0b,0x63,
    0xeb,0x62,0x0c,0x6b,0x2c,0x6b,0x2c,0x6b,0x2b,0x6b,0x2c,0x6b,0x4c,0x6b,0x4c,0x73,0x6c,0x73,0x6d,0x73,0x4c,0x73,0x6d,0x73,
    0x6d,0x73,0x6d,0x73,0x8d,0x73,0x6d,0x73,0x8d,0x73,0x8d,0x73,0x8d,0x7b,0x8e,0x7b,0xad,0x7b,0x8e,0x7b,0xae,0x7b,0x8e,0x73,
    0xae,0x7b,0xae,0x7b,0xae,0x83,0x8e,0x7b,0xae,0x7b,0xae,0x7b,0x8d,0x7b,0xae,0x7b,0xae,0x7b,0x8e,0x7b,0xae,0x7b,0x8e,0x7b,
    0x8e,0x7b,0xae,0x7b,0x8e,0x7b,0xae,0x7b,0x8e,0x7b,0x8e,0x7b,0xae,0x7b,0x8e,0x7b,0x8e,0x7b,0xae,0x7b,0x8e,0x7b,0x6e,0x7b,
    0x8e,0x7b,0x8e,0x7b,0x8e,0x7b,0x6e,0x7b,0x8e,0x7b,0x8e,0x7b,0x6e,0x7b,0x6d,0x73,0x8e,0x7b,0x6d,0x73,0x4d,0x73,0x6d,0x73,
    0x4d,0x73,0x6d,0x73,0x4d,0x73,0x4c,0x73,0x2c,0x6b,0x2d,0x73,0x2c,0x6b,0x2c,0x73,0x2c,0x6b,0x0c,0x6b,0x0b,0x6b,0x0b,0x6b,
    0x0b,0x63,0xec,0x6a,0x0b,0x63,0x0c,0x6b,0xeb,0x6a,0x0b,0x63,0x0b,0x6b,0x0b,0x63,0x0c,0x6b,0x2c,0x6b,0x0b,0x63,0x0c,0x6b,
    0x0c,0x6b,0xeb,0x62,0x2c,0x6b,0x0c,0x6b,0x0c,0x6b,0x0c,0x63,0x0b,0x6b,0x0b,0x63,0xeb,0x62,0xcb,0x62,0xca,0x5a,0xca,0x5a,
    0xab,0x62,0xca,0x5a,0xca,0x5a,0xaa,0x5a,0xcb,0x5a,0xca,0x5a,0xcb,0x62,0xcb,0x62,0xcb,0x62,0xcb,0x62,0xeb,0x62,0xca,0x5a,
    0xca,0x5a,0xaa,0x5a,0xaa,0x5a,0xaa,0x5a,0xaa,0x5a,0xaa,0x5a,0x89,0x52,0x8a,0x5a,0x89,0x52,0x89,0x5a,0x89,0x52,0x89,0x52,
    0x69,0x52,0x69,0x52,0x69,0x52,0x69,0x52,0x69,0x52,0x69,0x52,0x69,0x5a,0x69,0x52,0x69,0x52,0x69,0x52,0x69,0x5a,0x69,0x52,
    0x48,0x52,0x68,0x52,0x47,0x4a,0x48,0x52,0x68,0x52,0x48,0x52,0x68,0x52,0x68,0x52,0x48,0x52,0x69,0x52,0x68,0x52,0x69,0x5a,
    0x69,0x52,0x89,0x5a,0x69,0x52,0x88,0x52,0x89,0x5a,0x69,0x52,0x89,0x5a,0x89,0x5a,0x89,0x52,0x89,0x5a,0x89,0x5a,0xaa,0x52,
    0x69,0x52,0x89,0x5a,0x8a,0x52,0xaa,0x5a,0xaa,0x5a,0x89,0x5a,0xaa,0x5a,0xaa,0x5a,0xca,0x5a,0xca,0x62,0xca,0x5a,0xca,0x62,
    0xcb,0x62,0xea,0x62,0xeb,0x62,0xeb,0x6a,0x0b,0x63,0x0b,0x6b,0x0b,0x63,0x0b,0x6b,0x2c,0x6b,0x0c,0x6b,0x2c,0x6b,0x2c,0x6b,
    0x4c,0x6b,0x4c,0x6b,0x4c,0x6b,0x4d,0x6b,0x4c,0x73,0x6d,0x6b,0x6c,0x73,0x6d,0x73,0x6d,0x73,0x6d,0x73,0x8d,0x73,0x6d,0x73,
    0x8d,0x73,0x8d,0x73,0x8d,0x73,0x8d,0x7b,0x8d,0x7b,0x8d,0x7b,0x8e,0x73,0x8d,0x7b,0x6d,0x7b,0x8d,0x73,0x8e,0x7b,0x8d,0x7b,
    0x8e,0x7b,0x6d,0x7b,0x8d,0x7b,0x8d,0x7b,0x8d,0x7b,0x8d,0x73,0x6d,0x7b,0x8d,0x7b,0x8d,0x7b,0x8d,0x73,0x6d,0x7b,0x6d,0x73,
    0x6d,0x7b,0x6d,0x7b,0x8d,0x73,0x6d,0x7b,0x6d,0x73,0x6e,0x7b,0x6d,0x73,0x6e,0x7b,0x8e,0x7b,0x4d,0x73,0x6d,0x73,0x4d,0x73,
    0x4d,0x73,0x4d,0x73,0x4d,0x73,0x4d,0x73,0x4d,0x73,0x4c,0x73,0x2d,0x73,0x2c,0x6b,0x2c,0x6b,0x4c,0x73,0x0c,0x6b,0x2c,0x6b,
    0x0b,0x6b,0x0c,0x6b,0x0b,0x6b,0xec,0x62,0x0b,0x6b,0xeb,0x6a,0x0b,0x63,0xeb,0x6a,0x0b,0x63,0xec,0x6a,0x0c,0x63,0xeb,0x6a,
    0x0b,0x63,0x0c,0x6b,0x0c,0x6b,0x0c,0x63,0x0b,0x6b,0xec,0x62,0x0c,0x6b,0x0c,0x63,0x0c,0x6b,0xeb,0x62,0xec,0x62,0xeb,0x62,
    0xeb,0x62,0xeb,0x62,0xcb,0x62,0xaa,0x5a,0xaa,0x5a,0xca,0x5a,0xab,0x62,0xaa,0x5a,0xaa,0x5a,0xab,0x62,0xaa,0x5a,0xaa,0x5a,
    0xcb,0x5a,0xca,0x62,0xaa,0x5a,0xab,0x5a,0xaa,0x5a,0xab,0x5a,0xaa,0x5a,0xaa,0x5a,0x8a,0x5a,0x8a,0x52,0x8a,0x5a,0x89,0x5a,
    0x8a,0x52,0x6a,0x5a,0x89,0x52,0x69,0x52,0x69,0x52,0x6a,0x5a,0x89,0x52,0x49,0x52,0x69,0x52,0x69,0x52,0x49,0x52,0x69,0x52,
    0x49,0x52,0x69,0x52,0x48,0x52,0x49,0x52,0x68,0x52,0x47,0x4a,0x48,0x52,0x48,0x52,0x47,0x4a,0x47,0x52,0x48,0x4a,0x48,0x52,
    0x68,0x52,0x68,0x52,0x69,0x52,0x68,0x52,0x68,0x52,0x89,0x5a,0x68,0x52,0x69,0x5a,0x69,0x52,0x68,0x5a,0x89,0x52,0x69,0x5a,
    0x89,0x5a,0x89,0x52,0x89,0x5a,0x89,0x5a,0x89,0x52,0x8a,0x5a,0x89,0x5a,0x89,0x5a,0xaa,0x5a,0x89,0x5a,0xaa,0x5a,0xaa,0x5a,
    0xaa,0x5a,0xca,0x62,0xaa,0x5a,0xca,0x62,0xca,0x62,0xca,0x62,0xea,0x62,0x0b,0x6b,0x4c,0x6b,0xea,0x62,0x0b,0x63,0x0c,0x6b,
    0x0b,0x63,0x0b,0x63,0x2b,0x6b,0x0c,0x6b,0x0b,0x6b,0x2c,0x6b,0x2c,0x6b,0x2c,0x6b,0x4c,0x6b,0x4c,0x73,0x4d,0x6b,0x4c,0x73,
    0x6d,0x73,0x4c,0x6b,0x6d,0x73,0x6d,0x73,0x4d,0x73,0x6d,0x73,0x6d,0x73,0x6d,0x73,0x6d,0x73,0x6d,0x73,0x6d,0x73,0x6d,0x73,
    0x6d,0x73,0x6d,0x73,0x6d,0x7b,0x6d,0x73,0x6d,0x73,0x8d,0x73,0x6d,0x73,0x8e,0x7b,0x4d,0x73,0x6d,0x73,0x6d,0x73,0x6d,0x73,
    0x6d,0x73,0x6d,0x73,0x6d,0x73,0x6d,0x73,0x6d,0x73,0x4d,0x73,0x4d,0x73,0x6e,0x73,0x6d,0x7b,0x6d,0x73,0x6d,0x73,0x4d,0x73,
    0x6d,0x73,0x4d,0x73,0x4d,0x73,0x4d,0x73,0x4d,0x73,0x4d,0x73,0x4c,0x73,0x2c,0x73,0x4c,0x6b,0x2c,0x73,0x2c,0x6b,0x2c,0x73,
    0x0c,0x6b,0x2c,0x6b,0x0b,0x6b,0x0c,0x6b,0x0c,0x6b,0x0b,0x6b,0xeb,0x62,0x0b,0x6b,0xeb,0x62,0xeb,0x6a,0xec,0x62,0xeb,0x62,
    0xeb,0x6a,0xeb,0x62,0x0b,0x63,0xeb,0x62,0x0c,0x6b,0x0b,0x63,0x0b,0x63,0xeb,0x62,0xec,0x6a,0xeb,0x62,0xeb,0x62,0xeb,0x62,
    0xec,0x62,0xeb,0x62,0xeb,0x62,0xeb,0x62,0xcb,0x5a,0xca,0x62,0xca,0x5a,0xca,0x5a,0xaa,0x5a,0xaa,0x5a,0xaa,0x5a,0x8a,0x5a,
    0xaa,0x5a,0xaa,0x52,0xaa,0x5a,0xaa,0x5a,0xaa,0x5a,0xaa,0x5a,0xaa,0x5a,0x8a,0x5a,0xaa,0x5a,0x89,0x5a,0x8a,0x52,0x8a,0x5a,
    0x89,0x52,0x89,0x5a,0x8a,0x52,0x89,0x52,0x69,0x52,0x89,0x52,0x69,0x52,0x69,0x52,0x69,0x52,0x49,0x52,0x69,0x52,0x69,0x52,
    0x49,0x52,0x48,0x52,0x69,0x52,0x48,0x52,0x48,0x52,0x49,0x52,0x68,0x52,0x48,0x52,0x48,0x52,0x28,0x4a,0x48,0x52,0x47,0x52,
    0x68,0x52,0x48,0x4a,0x48,0x52,0x48,0x52,0x68,0x52,0x68,0x52,0x48,0x52,0x69,0x52,0x68,0x52,0x49,0x52,0x69,0x52,0x68,0x52,
    0x69,0x52,0x69,0x52,0x69,0x5a,0x69,0x52,0x69,0x52,0x8a,0x5a,0x89,0x52,0x69,0x5a,0x8a,0x5a,0xa9,0x5a,0x8a,0x52,0x89,0x5a,
    0xaa,0x5a,0x89,0x52,0x8a,0x5a,0xaa,0x5a,0xaa,0x5a,0xaa,0x5a,0xca,0x62,0xca,0x5a,0xca,0x62,0xca,0x5a,0xca,0x5a,0x0c,0x6b,
    0xef,0x83,0xca,0x5a,0xeb,0x62,0xeb,0x62,0x0b,0x63,0x0b,0x6b,0x0b,0x63,0x0c,0x63,0x2c,0x6b,0x2b,0x6b,0x0c,0x6b,0x2b,0x6b,
    0x2c,0x6b,0x2c,0x6b,0x2c,0x6b,0x4c,0x6b,0x4c,0x73,0x4c,0x6b,0x2c,0x6b,0x4c,0x73,0x6d,0x73,0x4c,0x73,0x4c,0x73,0x4c,0x6b,
    0x6d,0x73,0x4d,0x73,0x4c,0x73,0x6d,0x73,0x4c,0x73,0x6d,0x73,0x4d,0x73,0x6c,0x73,0x4d,0x73,0x4c,0x73,0x4d,0x73,0x4c,0x73,
    0x6d,0x73,0x4c,0x73,0x4d,0x73,0x4d,0x73,0x4d,0x73,0x4d,0x73,0x6d,0x73,0x4d,0x73,0x4d,0x73,0x4d,0x73,0x4d,0x73,0x4d,0x73,
    0x4d,0x73,0x4d,0x73,0x4d,0x73,0x4d,0x73,0x4d,0x73,0x2d,0x73,0x2d,0x73,0x4d,0x73,0x2c,0x73,0x2d,0x6b,0x2c,0x73,0x2c,0x6b,
    0x2c,0x6b,0x0c,0x6b,0x0c,0x6b,0x0c,0x6b,0x0b,0x6b,0x0c,0x63,0xeb,0x6a,0x0b,0x63,0x0c,0x6b,0xeb,0x62,0x0c,0x6b,0xeb,0x62,
    0xeb,0x6a,0xeb,0x62,0xeb,0x62,0xeb,0x62,0xeb,0x62,0xeb,0x62,0xeb,0x62,0x0b,0x6b,0xeb,0x62,0xeb,0x62,0x0c,0x6b,0xeb,0x62,
    0xeb,0x62,0xec,0x6a,0xeb,0x62,0xec,0x6a,0xeb,0x62,0xeb,0x62,0xec,0x62,0xeb,0x62,0xca,0x62,0xcb,0x5a,0xcb,0x62,0xca,0x5a,
    0xaa,0x5a,0x8a,0x5a,0xaa,0x52,0x89,0x5a,0xaa,0x5a,0x89,0x52,0x69,0x52,0x8a,0x5a,0x8a,0x52,0xaa,0x5a,0x8a,0x5a,0x89,0x52,
    0x89,0x5a,0x8a,0x52,0x69,0x52,0x89,0x52,0x69,0x5a,0x89,0x52,0x69,0x52,0x69,0x52,0x69,0x52,0x69,0x52,0x69,0x52,0x69,0x5a,
    0x48,0x52,0x49,0x52,0x48,0x52,0x48,0x52,0x48,0x52,0x49,0x4a,0x49,0x52,0x49,0x52,0x49,0x52,0x48,0x52,0x48,0x52,0x48,0x52,
    0x48,0x52,0x48,0x52,0x48,0x4a,0x48,0x52,0x27,0x4a,0x48,0x52,0x47,0x52,0x48,0x52,0x48,0x52,0x68,0x52,0x49,0x52,0x68,0x52,
    0x48,0x52,0x69,0x52,0x68,0x52,0x49,0x52,0x68,0x52,0x48,0x52,0x69,0x52,0x68,0x5a,0x69,0x52,0x69,0x5a,0x89,0x52,0x69,0x52,
    0x89,0x52,0x89,0x52,0x69,0x52,0x89,0x52,0x89,0x5a,0x8a,0x5a,0x89,0x5a,0x89,0x5a,0x89,0x5a,0xaa,0x5a,0xaa,0x5a,0xaa,0x5a,
    0xca,0x62,0xca,0x5a,0xaa,0x62,0xeb,0x62,0x4c,0x73,0xca,0x62,0xeb,0x62,0xca,0x62,0xeb,0x62,0x0b,0x63,0xeb,0x6a,0x0b,0x63,
    0x0b,0x63,0xeb,0x62,0x0c,0x63,0x0b,0x6b,0x2c,0x6b,0x0b,0x63,0x2c,0x6b,0x0c,0x6b,0x0c,0x6b,0x2c,0x6b,0x2c,0x6b,0x2c,0x6b,
    0x2c,0x6b,0x2c,0x6b,0x2c,0x6b,0x4c,0x6b,0x2c,0x73,0x4d,0x73,0x4c,0x6b,0x4c,0x73,0x4d,0x6b,0x4c,0x73,0x4c,0x6b,0x4c,0x73,
    0x4d,0x6b,0x4c,0x73,0x4d,0x6b,0x2c,0x73,0x4d,0x6b,0x4c,0x73,0x4d,0x6b,0x4c,0x73,0x4c,0x6b,0x4c,0x73,0x2c,0x73,0x4c,0x73,
    0x4d,0x73,0x4c,0x73,0x2c,0x73,0x4c,0x6b,0x2c,0x73,0x2d,0x6b,0x2c,0x73,0x2d,0x6b,0x2c,0x6b,0x2c,0x6b,0x0c,0x6b,0x2c,0x6b,
    0x2c,0x6b,0x0c,0x6b,0x2c,0x6b,0x0c,0x6b,0x0c,0x6b,0x0c,0x6b,0x0b,0x6b,0x0b,0x6b,0xeb,0x62,0xeb,0x62,0xeb,0x62,0xeb,0x6a,
    0xeb,0x62,0xeb,0x62,0xeb,0x62,0xeb,0x62,0xeb,0x62,0xeb,0x62,0xcb,0x62,0xeb,0x62,0x0b,0x63,0xeb,0x62,0xeb,0x6a,0xeb,0x62,
    0xeb,0x62,0xcb,0x62,0xeb,0x62,0xec,0x62,0xcb,0x62,0xeb,0x62,0xeb,0x62,0xeb,0x62,0xeb,0x62,0xcb,0x62,0xeb,0x62,0xcb,0x62,
    0xeb,0x5a,0xca,0x5a,0xaa,0x5a,0xaa,0x5a,0xaa,0x5a,0x89,0x52,0x89,0x5a,0x8a,0x52,0x89,0x5a,0x8a,0x5a,0xaa,0x5a,0x89,0x52,
    0x89,0x5a,0x89,0x52,0x69,0x52,0x8a,0x52,0x89,0x52,0x69,0x5a,0x89,0x52,0x69,0x52,0x69,0x52,0x89,0x52,0x69,0x52,0x69,0x52,
    0x69,0x5a,0x69,0x52,0x49,0x52,0x48,0x4a,0x49,0x52,0x48,0x52,0x29,0x4a,0x48,0x52,0x49,0x52,0x48,0x52,0x28,0x4a,0x48,0x52,
    0x48,0x52,0x28,0x4a,0x28,0x52,0x48,0x4a,0x28,0x4a,0x47,0x52,0x48,0x52,0x47,0x4a,0x48,0x52,0x47,0x52,0x28,0x4a,0x47,0x52,
    0x48,0x52,0x48,0x52,0x68,0x52,0x48,0x52,0x48,0x52,0x68,0x52,0x49,0x52,0x48,0x52,0x48,0x52,0x68,0x52,0x68,0x52,0x69,0x52,
    0x68,0x52,0x69,0x52,0x69,0x5a,0x69,0x52,0x69,0x5a,0x89,0x52,0x69,0x5a,0x6a,0x52,0x89,0x52,0x69,0x52,0x8a,0x5a,0x89,0x5a,
    0x89,0x5a,0x89,0x5a,0xaa,0x5a,0xaa,0x62,0xaa,0x5a,0xaa,0x5a,0xaa,0x5a,0xaa,0x5a,0xca,0x5a,0xaa,0x5a,0xca,0x5a,0xcb,0x62,
    0xeb,0x62,0xcb,0x5a,0xeb,0x62,0xeb,0x62,0xeb,0x62,0xeb,0x62,0x0b,0x63,0xeb,0x62,0x0b,0x6b,0x0b,0x63,0x0b,0x6b,0x0b,0x63,
    0x0b,0x63,0x0b,0x63,0x0b,0x6b,0x2c,0x6b,0x2b,0x6b,0x0c,0x6b,0x0b,0x6b,0x8e,0x7b,0x4c,0x6b,0x0c,0x6b,0x2c,0x6b,0x2c,0x6b,
    0x2b,0x6b,0x2c,0x6b,0x2c,0x6b,0x2c,0x6b,0x2c,0x6b,0x4c,0x6b,0x2c,0x73,0x2c,0x6b,0x2c,0x6b,0x2c,0x6b,0x2c,0x6b,0x2c,0x73,
    0x2c,0x6b,0x0c,0x6b,0x2c,0x6b,0x2c,0x6b,0x4c,0x6b,0x2c,0x6b,0x2c,0x6b,0x2c,0x6b,0x2c,0x6b,0x0c,0x6b,0x0c,0x6b,0x0c,0x6b,
    0x0c,0x6b,0x0c,0x6b,0x0c,0x6b,0x0c,0x6b,0xeb,0x6a,0x0c,0x6b,0x0b,0x6b,0x0c,0x6b,0x0b,0x63,0xeb,0x6a,0xeb,0x62,0xeb,0x62,
    0xeb,0x62,0xeb,0x62,0xeb,0x62,0xeb,0x6a,0xeb,0x62,0xcb,0x62,0xcb,0x62,0xeb,0x62,0xcb,0x62,0xca,0x62,0xeb,0x62,0xca,0x62,
    0xcb,0x62,0xcb,0x62,0xcb,0x62,0xeb,0x62,0xcb,0x62,0xcb,0x62,0xcb,0x5a,0xca,0x62,0xeb,0x62,0xcb,0x62,0xcb,0x62,0xeb,0x62,
    0xcb,0x62,0xeb,0x5a,0xcb,0x62,0xca,0x5a,0xaa,0x5a,0xca,0x5a,0xaa,0x5a,0xaa,0x5a,0x8a,0x52,0x89,0x5a,0x89,0x52,0x69,0x52,
    0x69,0x52,0x69,0x52,0x69,0x52,0x69,0x52,0x69,0x52,0x69,0x52,0x69,0x52,0x48,0x52,0xca,0x62,0xce,0x7b,0x49,0x52,0x69,0x52,
    0x69,0x52,0x49,0x52,0x69,0x52,0x49,0x52,0x69,0x52,0x48,0x52,0x48,0x52,0x49,0x52,0x48,0x4a,0x69,0x52,0x48,0x52,0x48,0x4a,
    0x28,0x52,0x48,0x52,0x28,0x4a,0x28,0x52,0x28,0x4a,0x48,0x52,0x28,0x4a,0x28,0x52,0x48,0x4a,0x27,0x4a,0x28,0x52,0x47,0x4a,
    0x28,0x52,0x47,0x4a,0x28,0x52,0x48,0x52,0x48,0x4a,0x48,0x52,0x68,0x52,0x48,0x52,0x48,0x52,0x48,0x52,0x48,0x52,0x48,0x52,
    0x68,0x52,0x49,0x52,0x48,0x52,0x69,0x52,0x68,0x52,0x69,0x52,0x69,0x52,0x69,0x52,0x69,0x52,0x69,0x52,0x89,0x52,0x89,0x52,
    0x89,0x5a,0x89,0x52,0x89,0x5a,0x8a,0x52,0x89,0x5a,0x8a,0x5a,0xa9,0x5a,0xaa,0x5a,0x89,0x5a,0xaa,0x5a,0xa9,0x5a,0xaa,0x5a,
    0xca,0x5a,0xaa,0x62,0xca,0x5a,0xca,0x5a,0xca,0x62,0xcb,0x62,0xca,0x5a,0xeb,0x62,0xcb,0x62,0xea,0x62,0xcb,0x62,0xeb,0x62,
    0xeb,0x62,0xeb,0x62,0x0b,0x63,0xeb,0x62,0xeb,0x62,0x0b,0x63,0x0b,0x63,0xeb,0x62,0x0c,0x6b,0x0b,0x63,0x0b,0x63,0x6d,0x73,
    0x2c,0x6b,0x0b,0x6b,0x0c,0x63,0x2b,0x6b,0x0c,0x6b,0x2c,0x6b,0x2c,0x6b,0x0c,0x6b,0x2c,0x6b,0x0c,0x6b,0x0b,0x63,0x2c,0x6b,
    0x2c,0x6b,0x2c,0x6b,0x0c,0x6b,0x2c,0x6b,0x0c,0x6b,0x2c,0x6b,0x2c,0x6b,0x0c,0x6b,0x0c,0x6b,0x0c,0x6b,0x0c,0x6b,0x0c,0x6b,
    0x0c,0x6b,0x0c,0x6b,0x2c,0x6b,0x0b,0x63,0x0c,0x6b,0x0b,0x6b,0x0c,0x6b,0xeb,0x62,0xeb,0x62,0x0c,0x6b,0xeb,0x62,0xeb,0x62,
    0xeb,0x62,0xcb,0x62,0xeb,0x62,0xeb,0x62,0xeb,0x62,0xeb,0x62,0xcb,0x62,0xca,0x5a,0xcb,0x62,0xca,0x62,0xca,0x62,0xca,0x5a,
    0xeb,0x62,0xcb,0x5a,0xca,0x62,0xcb,0x5a,0xeb,0x62,0xca,0x5a,0xca,0x5a,0xcb,0x62,0xca,0x5a,0xeb,0x62,0xcb,0x62,0xcb,0x5a,
    0xab,0x5a,0xcb,0x62,0xcb,0x5a,0xcb,0x5a,0xcb,0x5a,0xca,0x5a,0xca,0x5a,0xcb,0x5a,0xca,0x62,0xab,0x5a,0xca,0x5a,0xaa,0x5a,
    0xaa,0x5a,0x89,0x52,0x69,0x52,0x8a,0x52,0x69,0x52,0x69,0x52,0x89,0x52,0x69,0x52,0x69,0x52,0x69,0x52,0x69,0x52,0x69,0x52,
    0xaa,0x5a,0xae,0x7b,0x48,0x52,0x49,0x52,0x48,0x52,0x49,0x52,0x48,0x52,0x69,0x52,0x69,0x5a,0x48,0x4a,0x28,0x4a,0x48,0x52,
    0x28,0x52,0x69,0x52,0x68,0x52,0x28,0x52,0x48,0x4a,0x28,0x52,0x28,0x4a,0x27,0x4a,0x27,0x4a,0x28,0x4a,0x27,0x4a,0x27,0x4a,
    0x48,0x52,0x28,0x4a,0x47,0x52,0x28,0x4a,0x27,0x4a,0x28,0x52,0x27,0x4a,0x48,0x4a,0x47,0x52,0x48,0x52,0x48,0x52,0x48,0x4a,
    0x48,0x52,0x49,0x52,0x48,0x4a,0x68,0x52,0x48,0x52,0x48,0x4a,0x68,0x52,0x68,0x52,0x69,0x52,0x48,0x52,0x69,0x5a,0x68,0x52,
    0x69,0x52,0x69,0x52,0x69,0x52,0x69,0x52,0x69,0x52,0x69,0x5a,0x69,0x52,0x89,0x5a,0x69,0x52,0x89,0x5a,0x89,0x52,0x8a,0x5a,
    0x89,0x5a,0x8a,0x52,0x89,0x5a,0xaa,0x5a,0xaa,0x5a,0xaa,0x5a,0xaa,0x5a,0xaa,0x5a,0xca,0x5a,0xca,0x5a,0xcb,0x62,0xca,0x5a,
    0xca,0x5a,0xcb,0x5a,0xea,0x62,0xca,0x5a,0xca,0x5a,0xcb,0x62,0xeb,0x62,0xeb,0x62,0xcb,0x62,0xeb,0x62,0xeb,0x62,0xeb,0x62,
    0x0b,0x63,0xeb,0x62,0x0b,0x6b,0x0c,0x63,0x0b,0x6b,0x0b,0x63,0x0b,0x63,0xec,0x62,0x0b,0x63,0xeb,0x62,0x0b,0x63,0x0b,0x63,
    0xeb,0x62,0x2c,0x6b,0x0c,0x6b,0x0b,0x6b,0x0b,0x63,0x0c,0x6b,0x0b,0x6b,0x0b,0x63,0x0b,0x6b,0xeb,0x62,0x0b,0x63,0x0b,0x63,
    0x0b,0x63,0x0b,0x63,0x0b,0x63,0xeb,0x62,0x0b,0x63,0xeb,0x62,0xeb,0x62,0xeb,0x6a,0xeb,0x62,0xeb,0x62,0xeb,0x62,0xeb,0x62,
    0xcb,0x62,0xcb,0x62,0xeb,0x62,0xca,0x5a,0xeb,0x62,0xea,0x62,0xcb,0x5a,0xeb,0x62,0xca,0x62,0xca,0x5a,0xaa,0x5a,0xcb,0x62,
    0xca,0x5a,0xca,0x5a,0xcb,0x5a,0xca,0x5a,0xaa,0x5a,0xca,0x5a,0xca,0x5a,0xaa,0x5a,0xaa,0x5a,0xca,0x5a,0xcb,0x62,0xca,0x5a,
    0xaa,0x5a,0xcb,0x5a,0xaa,0x5a,0xaa,0x5a,0xca,0x5a,0xca,0x5a,0xcb,0x5a,0xca,0x5a,0xaa,0x62,0xcb,0x5a,0xaa,0x5a,0xaa,0x5a,
    0xaa,0x5a,0x8a,0x5a,0x89,0x52,0x8a,0x5a,0x69,0x52,0x89,0x52,0x69,0x52,0x69,0x52,0x69,0x52,0x48,0x4a,0x69,0x52,0x49,0x52,
    0x68,0x52,0x49,0x4a,0x69,0x52,0x68,0x52,0x49,0x4a,0x48,0x52,0x49,0x4a,0x48,0x52,0x49,0x4a,0x69,0x52,0x07,0x4a,0x0b,0x63,
    0x90,0x9c,0xe7,0x49,0x28,0x52,0x48,0x4a,0x28,0x52,0x28,0x52,0x28,0x4a,0x28,0x4a,0x27,0x4a,0x28,0x52,0x28,0x4a,0x28,0x52,
    0x28,0x4a,0x07,0x4a,0x28,0x52,0x28,0x4a,0x27,0x4a,0x28,0x52,0x28,0x4a,0x27,0x4a,0x28,0x52,0x27,0x4a,0x27,0x4a,0x27,0x52,
    0x28,0x4a,0x27,0x4a,0x27,0x52,0x48,0x52,0x48,0x4a,0x47,0x52,0x48,0x52,0x48,0x52,0x28,0x4a,0x48,0x52,0x48,0x52,0x48,0x52,
    0x48,0x52,0x68,0x52,0x49,0x52,0x69,0x52,0x49,0x52,0x68,0x52,0x69,0x52,0x69,0x52,0x69,0x52,0x69,0x52,0x69,0x52,0x69,0x52,
    0x68,0x52,0x89,0x5a,0x69,0x52,0x89,0x5a,0x89,0x52,0x89,0x5a,0x89,0x52,0x89,0x5a,0x89,0x52,0xaa,0x5a,0xaa,0x5a,0xaa,0x5a,
    0xaa,0x5a,0xaa,0x5a,0xca,0x5a,0xaa,0x5a,0xaa,0x5a,0xaa,0x62,0xaa,0x5a,0xaa,0x5a,0xcb,0x62,0xca,0x5a,0xca,0x62,0xca,0x5a,
    0xeb,0x62,0xca,0x62,0xeb,0x62,0xea,0x62,0xeb,0x62,0xeb,0x62,0xeb,0x62,0xca,0x62,0xeb,0x62,0xeb,0x62,0xeb,0x62,0xeb,0x62,
    0xeb,0x62,0x0b,0x63,0xeb,0x62,0xeb,0x6a,0x0b,0x63,0xeb,0x62,0xeb,0x62,0xeb,0x62,0xeb,0x62,0xeb,0x62,0xeb,0x62,0xeb,0x62,
    0x0b,0x63,0xeb,0x62,0xeb,0x62,0xeb,0x62,0xeb,0x62,0xcb,0x62,0xeb,0x62,0xcb,0x62,0xeb,0x62,0xeb,0x62,0xeb,0x62,0xeb,0x62,
    0xcb,0x5a,0xcb,0x62,0xca,0x5a,0xcb,0x62,0xca,0x5a,0xca,0x5a,0xca,0x5a,0xcb,0x62,0xca,0x5a,0xaa,0x5a,0xca,0x62,0xaa,0x5a,
    0xaa,0x5a,0xaa,0x5a,0xca,0x5a,0xaa,0x5a,0xaa,0x5a,0xaa,0x5a,0xaa,0x5a,0xaa,0x5a,0xaa,0x5a,0x8a,0x5a,0xaa,0x5a,0xaa,0x5a,
    0xaa,0x5a,0xaa,0x5a,0xaa,0x5a,0x8a,0x5a,0xaa,0x5a,0xaa,0x5a,0xca,0x5a,0xaa,0x5a,0xaa,0x5a,0xaa,0x5a,0xaa,0x5a,0xaa,0x5a,
    0xaa,0x5a,0xaa,0x5a,0x8a,0x5a,0xaa,0x5a,0x89,0x52,0x89,0x52,0x8a,0x5a,0x89,0x52,0x69,0x52,0x69,0x52,0x69,0x52,0x49,0x52,
    0x48,0x4a,0x49,0x52,0x48,0x52,0x49,0x4a,0x48,0x4a,0x48,0x52,0x49,0x4a,0x28,0x4a,0x48,0x52,0x28,0x4a,0x49,0x52,0x48,0x4a,
    0x48,0x52,0x49,0x52,0x08,0x4a,0xaa,0x62,0xee,0x8b,0xe7,0x41,0x28,0x4a,0x48,0x52,0x28,0x4a,0x28,0x4a,0x27,0x4a,0x28,0x52,
    0x28,0x4a,0x27,0x4a,0x28,0x4a,0x27,0x4a,0x07,0x4a,0x28,0x4a,0x07,0x4a,0x27,0x4a,0x27,0x4a,0x27,0x4a,0x28,0x52,0x27,0x4a,
    0x27,0x4a,0x27,0x4a,0x07,0x4a,0x27,0x52,0x27,0x4a,0x48,0x52,0x27,0x4a,0x27,0x4a,0x28,0x52,0x28,0x4a,0x48,0x52,0x27,0x4a,
    0x48,0x52,0x48,0x4a,0x27,0x52,0x48,0x4a,0x48,0x52,0x48,0x52,0x48,0x52,0x48,0x52,0x49,0x52,0x49,0x52,0x48,0x52,0x49,0x52,
    0x48,0x52,0x69,0x52,0x48,0x52,0x69,0x52,0x69,0x52,0x89,0x52,0x69,0x52,0x69,0x52,0x89,0x5a,0x69,0x52,0x89,0x52,0x89,0x52,
    0x89,0x5a,0x89,0x52,0x89,0x5a,0xaa,0x5a,0xaa,0x5a,0xaa,0x5a,0xca,0x5a,0x8a,0x5a,0xaa,0x5a,0xaa,0x5a,0xaa,0x5a,0xaa,0x5a,
    0xaa,0x5a,0xca,0x5a,0xca,0x5a,0xaa,0x5a,0xca,0x5a,0xca,0x5a,0xcb,0x5a,0xca,0x62,0xcb,0x5a,0xca,0x5a,0xca,0x62,0xcb,0x5a,
    0xca,0x5a,0xeb,0x62,0xcb,0x62,0xea,0x62,0xcb,0x62,0xcb,0x62,0xeb,0x62,0xeb,0x62,0xeb,0x62,0xcb,0x62,0xeb,0x62,0xeb,0x62,
    0xcb,0x62,0xeb,0x62,0xcb,0x62,0xcb,0x62,0x0b,0x63,0xcb,0x62,0xeb,0x62,0xcb,0x62,0xca,0x5a,0xca,0x62,0xcb,0x5a,0xca,0x62,
    0xeb,0x5a,0xca,0x62,0xca,0x5a,0xca,0x5a,0xcb,0x62,0xca,0x5a,0xaa,0x5a,0xca,0x5a,0xab,0x62,0xaa,0x5a,0xca,0x62,0xaa,0x5a,
    0xaa,0x5a,0xaa,0x5a,0xaa,0x5a,0xaa,0x5a,0xaa,0x5a,0xaa,0x5a,0xaa,0x5a,0xaa,0x5a,0x8a,0x5a,0x89,0x52,0xaa,0x5a,0x8a,0x5a,
    0xa9,0x5a,0xaa,0x5a,0xa9,0x5a,0xaa,0x5a,0xaa,0x5a,0x8a,0x5a,0xa9,0x5a,0x89,0x52,0x8a,0x5a,0x89,0x52,0x8a,0x5a,0xaa,0x5a,
    0x8a,0x5a,0x8a,0x5a,0x8a,0x5a,0x8a,0x52,0xaa,0x5a,0x89,0x52,0x89,0x52,0x89,0x52,0x69,0x52,0x69,0x52,0x89,0x52,0x69,0x52,
    0x69,0x52,0x49,0x52,0x68,0x52,0x49,0x4a,0x48,0x52,0x48,0x4a,0x48,0x4a,0x48,0x52,0x49,0x52,0x48,0x4a,0x69,0x52,0x48,0x52,
    0x28,0x4a,0x49,0x4a,0x28,0x4a,0x28,0x4a,0x28,0x4a,0x08,0x4a,0x28,0x4a,0x28,0x4a,0x28,0x4a,0x28,0x4a,0x27,0x4a,0x27,0x4a,
    0x07,0x4a,0x28,0x52,0x07,0x4a,0x07,0x4a,0x07,0x4a,0x08,0x4a,0x07,0x4a,0x28,0x4a,0x07,0x4a,0x08,0x4a,0x07,0x4a,0x07,0x4a,
    0x07,0x4a,0x28,0x4a,0x48,0x52,0x27,0x4a,0x07,0x4a,0x28,0x52,0x27,0x4a,0x27,0x4a,0x27,0x4a,0x27,0x52,0x27,0x4a,0x27,0x4a,
    0x27,0x52,0x48,0x4a,0x28,0x52,0x48,0x4a,0x48,0x52,0x27,0x4a,0x48,0x52,0x48,0x52,0x28,0x4a,0x48,0x52,0x48,0x4a,0x49,0x52,
    0x48,0x52,0x48,0x4a,0x48,0x4a,0x49,0x52,0x48,0x4a,0x49,0x52,0x68,0x52,0x48,0x52,0x49,0x52,0x69,0x52,0x69,0x52,0x69,0x52,
    0x69,0x52,0x69,0x52,0x69,0x52,0x69,0x52,0x69,0x52,0x89,0x52,0x8a,0x52,0x89,0x5a,0x89,0x52,0x8a,0x5a,0xaa,0x5a,0xaa,0x5a,
    0x8a,0x5a,0xaa,0x5a,0xaa,0x52,0xaa,0x5a,0x89,0x5a,0xaa,0x5a,0xaa,0x5a,0xaa,0x5a,0xaa,0x5a,0xcb,0x62,0xca,0x5a,0xaa,0x5a,
    0xca,0x62,0xaa,0x5a,0xca,0x5a,0xaa,0x5a,0xcb,0x62,0xca,0x5a,0xca,0x5a,0xcb,0x5a,0xca,0x5a,0xca,0x5a,0xca,0x5a,0xcb,0x62,
    0xcb,0x5a,0xca,0x5a,0xca,0x5a,0xca,0x5a,0xca,0x62,0xca,0x5a,0xca,0x5a,0xca,0x5a,0xeb,0x62,0xcb,0x62,0xca,0x5a,0xcb,0x5a,
    0xaa,0x62,0xcb,0x5a,0xca,0x62,0xaa,0x5a,0xcb,0x5a,0xaa,0x62,0xcb,0x5a,0xaa,0x5a,0xaa,0x5a,0xca,0x5a,0xaa,0x62,0xaa,0x5a,
    0xaa,0x5a,0xaa,0x5a,0x8a,0x52,0xaa,0x5a,0xaa,0x5a,0x8a,0x5a,0xaa,0x5a,0xaa,0x5a,0xaa,0x5a,0x8a,0x5a,0x89,0x52,0x89,0x52,
    0x8a,0x5a,0x89,0x52,0x8a,0x5a,0x89,0x52,0x8a,0x5a,0x89,0x52,0x8a,0x5a,0x89,0x52,0x89,0x52,0x89,0x52,0x8a,0x52,0x89,0x5a,
    0x8a,0x52,0x69,0x52,0x89,0x52,0xaa,0x5a,0x89,0x52,0x8a,0x52,0x89,0x52,0x89,0x52,0x89,0x52,0x69,0x52,0x6a,0x5a,0x69,0x52,
    0x89,0x52,0x69,0x52,0x49,0x52,0x48,0x52,0x69,0x4a,0x48,0x52,0x49,0x4a,0x48,0x52,0x48,0x4a,0x28,0x4a,0x49,0x4a,0x28,0x4a,
    0x48,0x4a,0x48,0x52,0x49,0x4a,0x28,0x4a,0x28,0x4a,0x48,0x52,0x28,0x4a,0x08,0x4a,0x28,0x4a,0x27,0x4a,0x28,0x4a,0x07,0x4a,
    0x08,0x4a,0x07,0x4a,0x27,0x4a,0x08,0x4a,0x07,0x4a,0x27,0x4a,0x07,0x4a,0x07,0x42,0x07,0x4a,0xe7,0x49,0xe7,0x41,0x07,0x4a,
    0x07,0x4a,0x07,0x4a,0x07,0x4a,0x07,0x42,0x27,0x4a,0x27,0x4a,0x28,0x4a,0x28,0x52,0x27,0x4a,0x28,0x4a,0x27,0x4a,0x08,0x4a,
    0x27,0x4a,0x07,0x4a,0x07,0x4a,0x28,0x4a,0x27,0x4a,0x48,0x52,0x27,0x4a,0x27,0x4a,0x27,0x4a,0x28,0x52,0x68,0x52,0x48,0x52,
    0x48,0x52,0x28,0x4a,0x48,0x52,0x48,0x4a,0x28,0x4a,0x28,0x52,0x48,0x4a,0x49,0x52,0x68,0x52,0x48,0x4a,0x69,0x52,0x49,0x52,
    0x68,0x52,0x48,0x4a,0x69,0x52,0x69,0x52,0x69,0x52,0x69,0x52,0x89,0x52,0x69,0x52,0x69,0x52,0x69,0x52,0x89,0x5a,0x6a,0x52,
    0x89,0x52,0x69,0x52,0x8a,0x5a,0x89,0x52,0x89,0x52,0x89,0x5a,0x89,0x52,0x8a,0x5a,0x8a,0x52,0x89,0x52,0xaa,0x5a,0x8a,0x5a,
    0xca,0x5a,0xaa,0x5a,0xa9,0x5a,0xaa,0x5a,0xaa,0x5a,0xaa,0x5a,0xaa,0x5a,0xca,0x5a,0xaa,0x5a,0xaa,0x5a,0xaa,0x5a,0xca,0x62,
    0xaa,0x5a,0xaa,0x5a,0xaa,0x5a,0xaa,0x5a,0xca,0x5a,0xca,0x62,0xcb,0x5a,0xaa,0x5a,0xcb,0x62,0xaa,0x5a,0xaa,0x5a,0xaa,0x5a,
    0xaa,0x5a,0xaa,0x5a,0xaa,0x5a,0xaa,0x5a,0xaa,0x5a,0xaa,0x5a,0xaa,0x5a,0xaa,0x5a,0xaa,0x5a,0xaa,0x5a,0x8a,0x5a,0xaa,0x5a,
    0xaa,0x5a,0x8a,0x5a,0xaa,0x52,0xaa,0x5a,0xaa,0x5a,0xaa,0x52,0x8a,0x5a,0x89,0x5a,0x8a,0x52,0xa9,0x52,0x8a,0x5a,0x89,0x52,
    0x8a,0x52,0x89,0x52,0x89,0x5a,0x6a,0x52,0x89,0x52,0x8a,0x5a,0x89,0x52,0x89,0x52,0x89,0x52,0x89,0x52,0x69,0x52,0x69,0x52,
    0x6a,0x5a,0x69,0x52,0x69,0x52,0x89,0x52,0x69,0x52,0x89,0x52,0x69,0x52,0x8a,0x52,0x89,0x5a,0x69,0x52,0x69,0x52,0x89,0x5a,
    0x69,0x52,0x69,0x52,0x69,0x52,0x69,0x52,0x48,0x52,0x49,0x4a,0x68,0x52,0x49,0x4a,0x48,0x52,0x48,0x4a,0x48,0x4a,0x28,0x4a,
    0x28,0x4a,0x48,0x4a,0x28,0x4a,0x28,0x4a,0x28,0x4a,0x08,0x4a,0x27,0x4a,0x08,0x4a,0x28,0x4a,0x28,0x4a,0x08,0x4a,0x28,0x4a,
    0x28,0x4a,0x08,0x4a,0x28,0x4a,0x07,0x4a,0x08,0x4a,0x07,0x4a,0x07,0x4a,0x07,0x4a,0x07,0x4a,0x07,0x42,0xe7,0x49,0xe7,0x41,
    0x07,0x4a,0x07,0x4a,0xe7,0x41,0x07,0x4a,0xe7,0x41,0x07,0x42,0xe7,0x41,0xe7,0x49,0x07,0x4a,0x07,0x4a,0x07,0x4a,0x07,0x4a,
    0x27,0x4a,0x07,0x4a,0x27,0x4a,0x07,0x4a,0x27,0x4a,0x07,0x4a,0x27,0x4a,0x27,0x52,0x28,0x4a,0x27,0x4a,0x27,0x4a,0x28,0x52,
    0x27,0x4a,0x28,0x4a,0x48,0x52,0x28,0x4a,0x48,0x4a,0x27,0x4a,0x27,0x4a,0x28,0x4a,0x28,0x52,0x28,0x4a,0x48,0x4a,0x48,0x52,
    0x28,0x4a,0x48,0x4a,0x49,0x52,0x48,0x4a,0x48,0x52,0x49,0x52,0x48,0x52,0x48,0x4a,0x68,0x52,0x49,0x52,0x68,0x52,0x69,0x52,
    0x69,0x52,0x69,0x52,0x69,0x52,0x69,0x52,0x69,0x52,0x69,0x52,0x89,0x52,0x69,0x52,0x69,0x52,0x8a,0x52,0x69,0x52,0x89,0x52,
    0x89,0x5a,0x8a,0x52,0x89,0x52,0x89,0x5a,0x89,0x52,0x8a,0x5a,0x89,0x52,0x8a,0x52,0x89,0x5a,0x8a,0x52,0xaa,0x5a,0xaa,0x5a,
    0xaa,0x5a,0xaa,0x5a,0xaa,0x5a,0xaa,0x5a,0xaa,0x5a,0xaa,0x5a,0xaa,0x5a,0xaa,0x5a,0xaa,0x5a,0xaa,0x5a,0x8a,0x5a,0xaa,0x5a,
    0xaa,0x5a,0xaa,0x5a,0xaa,0x5a,0x8a,0x5a,0xaa,0x52,0x8a,0x5a,0xaa,0x5a,0xaa,0x52,0xaa,0x5a,0xaa,0x5a,0x8a,0x52,0x8a,0x5a,
    0x8a,0x5a,0x8a,0x52,0xaa,0x5a,0x89,0x52,0x8a,0x5a,0x89,0x52,0x8a,0x52,0x89,0x5a,0x8a,0x52,0x89,0x5a,0x8a,0x52,0x89,0x52,
    0x8a,0x5a,0x89,0x52,0x89,0x52,0x89,0x5a,0x69,0x52,0x69,0x52,0x69,0x52,0x89,0x52,0x89,0x5a,0x69,0x52,0x69,0x52,0x69,0x52,
    0x6a,0x5a,0x69,0x52,0x69,0x52,0x69,0x52,0x69,0x52,0x69,0x52,0x69,0x52,0x69,0x52,0x69,0x52,0x69,0x52,0x8a,0x52,0x49,0x52,
    0x69,0x52,0x69,0x52,0x69,0x52,0x69,0x52,0x49,0x52,0x48,0x4a,0x49,0x52,0x48,0x4a,0x48,0x4a,0x48,0x52,0x28,0x4a,0x48,0x4a,
    0x48,0x4a,0x28,0x4a,0x28,0x4a,0x28,0x4a,0x28,0x4a,0x27,0x4a,0x08,0x4a,0x27,0x4a,0x08,0x42,0x28,0x4a,0x07,0x4a,0x08,0x42,
    0x07,0x4a,0x28,0x4a,0x08,0x4a,0x07,0x42,0x07,0x4a,0x28,0x4a,0x07,0x42,0x08,0x4a,0x07,0x4a,0xe7,0x41,0x08,0x4a,0x07,0x42,
    0x07,0x4a,0x07,0x42,0x07,0x4a,0x07,0x42,0x07,0x4a,0x07,0x42,0xe7,0x41,0xe7,0x49,0xe7,0x41,0xe7,0x49,0xe7,0x41,0xe7,0x41,
    0x27,0x4a,0x07,0x4a,0x07,0x4a,0x07,0x42,0x07,0x4a,0x07,0x4a,0x07,0x4a,0x06,0x4a,0x07,0x4a,0x27,0x4a,0x07,0x4a,0x07,0x4a,
    0x27,0x4a,0x28,0x52,0x27,0x4a,0x07,0x4a,0x27,0x4a,0x27,0x4a,0x27,0x4a,0x27,0x4a,0x28,0x52,0x27,0x4a,0x28,0x4a,0x28,0x4a,
    0x27,0x4a,0x28,0x4a,0x28,0x4a,0x28,0x4a,0x28,0x4a,0x28,0x4a,0x48,0x4a,0x48,0x52,0x48,0x4a,0x48,0x4a,0x48,0x4a,0x49,0x52,
    0x69,0x52,0x48,0x4a,0x69,0x52,0x48,0x4a,0x69,0x52,0x69,0x52,0x68,0x52,0x69,0x52,0x69,0x52,0x69,0x52,0x69,0x52,0x69,0x52,
    0x69,0x52,0x89,0x52,0x8a,0x5a,0x89,0x52,0x89,0x52,0x69,0x52,0x69,0x52,0x89,0x5a,0x8a,0x52,0x89,0x52,0x89,0x5a,0x8a,0x52,
    0x89,0x52,0x8a,0x5a,0x8a,0x5a,0x89,0x52,0x8a,0x5a,0x89,0x52,0x8a,0x52,0x8a,0x5a,0x89,0x52,0x8a,0x5a,0x8a,0x52,0x89,0x5a,
    0x8a,0x52,0xaa,0x5a,0xaa,0x52,0x89,0x5a,0x89,0x52,0xaa,0x5a,0x89,0x52,0x8a,0x52,0x89,0x5a,0xaa,0x52,0x89,0x52,0x8a,0x5a,
    0x89,0x52,0x6a,0x52,0x8a,0x5a,0x89,0x52,0x89,0x52,0x89,0x52,0x6a,0x52,0x89,0x52,0x89,0x52,0x6a,0x52,0x89,0x52,0x8a,0x52,
    0x69,0x52,0x89,0x52,0x89,0x52,0x89,0x52,0x69,0x52,0x69,0x52,0x69,0x52,0x69,0x52,0x69,0x52,0x69,0x52,0x69,0x52,0x6a,0x52,
    0x69,0x52,0x69,0x52,0x69,0x52,0x49,0x52,0x68,0x52,0x49,0x52,0x69,0x52,0x69,0x52,0x69,0x52,0x68,0x52,0x49,0x4a,0x68,0x52,
    0x49,0x4a,0x69,0x52,0x48,0x52,0x48,0x4a,0x49,0x4a,0x48,0x52,0x49,0x4a,0x48,0x4a,0x48,0x52,0x49,0x4a,0x48,0x4a,0x48,0x52,
    0x28,0x4a,0x49,0x4a,0x28,0x4a,0x28,0x4a,0x28,0x4a,0x28,0x4a,0x28,0x4a,0x28,0x4a,0x27,0x4a,0x08,0x42,0x28,0x4a,0x07,0x4a,
    0x08,0x4a,0x27,0x42,0x08,0x4a,0x07,0x42,0x07,0x42,0xe7,0x41,0x07,0x42,0x07,0x42,0x08,0x4a,0xe7,0x41,0x07,0x4a,0xe7,0x41,
    0xe7,0x41,0xe7,0x41,0x07,0x4a,0xe7,0x41,0xe7,0x49,0xe7,0x41,0xe7,0x49,0xe7,0x41,0xe7,0x41,0xc6,0x41,0xe7,0x41,0xe6,0x41,
    0xc7,0x41,0xe6,0x41,0xe7,0x41,0xe7,0x41,0x08,0x4a,0x07,0x4a,0x07,0x42,0x07,0x4a,0x07,0x4a,0x07,0x4a,0x06,0x42,0x07,0x4a,
    0x07,0x4a,0x07,0x4a,0x07,0x4a,0x27,0x4a,0x27,0x4a,0x28,0x4a,0x07,0x4a,0x07,0x4a,0x28,0x4a,0x27,0x4a,0x28,0x4a,0x07,0x4a,
    0x27,0x4a,0x07,0x4a,0x07,0x4a,0x27,0x4a,0x08,0x4a,0x27,0x4a,0x28,0x4a,0x28,0x4a,0x48,0x4a,0x27,0x4a,0x28,0x4a,0x28,0x4a,
    0x28,0x4a,0x48,0x4a,0x28,0x4a,0x48,0x4a,0x48,0x52,0x69,0x52,0x49,0x4a,0x48,0x52,0x49,0x4a,0x48,0x4a,0x49,0x4a,0x69,0x52,
    0x48,0x4a,0x49,0x52,0x69,0x4a,0x49,0x52,0x48,0x52,0x69,0x52,0x69,0x52,0x49,0x52,0x69,0x52,0x69,0x52,0x69,0x52,0x69,0x52,
    0x69,0x52,0x69,0x52,0x69,0x52,0x89,0x5a,0x69,0x52,0x89,0x52,0x89,0x52,0x8a,0x52,0x89,0x52,0x69,0x5a,0x89,0x52,0x8a,0x5a,
    0x89,0x52,0x89,0x52,0x89,0x52,0x8a,0x52,0x69,0x52,0x69,0x52,0x89,0x52,0x6a,0x52,0x89,0x52,0x69,0x52,0x69,0x52,0x89,0x52,
    0x89,0x52,0x69,0x52,0x69,0x52,0x69,0x52,0x69,0x52,0x69,0x52,0x89,0x52,0x69,0x52,0x8a,0x52,0x69,0x5a,0x69,0x52,0x69,0x52,
    0x6a,0x5a,0x89,0x52,0x69,0x5a,0x69,0x52,0x69,0x52,0x69,0x52,0x6a,0x5a,0x69,0x52,0x69,0x52,0x69,0x52,0x69,0x52,0x69,0x52,
    0x69,0x52,0x69,0x52,0x69,0x52,0x49,0x52,0x49,0x52,0x49,0x52,0x49,0x4a,0x48,0x4a,0x49,0x4a,0x48,0x4a,0x48,0x4a,0x48,0x4a,
    0x49,0x52,0x48,0x4a,0x48,0x4a,0x49,0x4a,0x48,0x52,0x48,0x4a,0x49,0x4a,0x48,0x4a,0x48,0x52,0x48,0x4a,0x28,0x4a,0x28,0x4a,
    0x28,0x4a,0x48,0x52,0x28,0x4a,0x49,0x4a,0x28,0x4a,0x07,0x4a,0x07,0x4a,0x08,0x42,0x27,0x4a,0x07,0x4a,0x07,0x42,0x08,0x4a,
    0x07,0x42,0x07,0x4a,0x08,0x42,0x07,0x42,0x07,0x42,0x08,0x4a,0x07,0x42,0xe7,0x41,0xe7,0x49,0x07,0x42,0x08,0x4a,0xe7,0x41,
    0xe7,0x41,0x07,0x42,0xe7,0x41,0x08,0x4a,0xe7,0x41,0xe7,0x41,0xe7,0x41,0xe7,0x41,0xe7,0x41,0xe7,0x41,0xe7,0x41,0xe7,0x41,
    0xe7,0x41,0xe6,0x41,0xe7,0x41,0xe7,0x49,0xe6,0x41,0xe7,0x41,0xe6,0x41,0xc7,0x41,0xe7,0x41,0x07,0x42,0xe7,0x49,0x07,0x42,
    0x07,0x4a,0x07,0x42,0xe7,0x49,0x07,0x42,0xe6,0x49,0x27,0x42,0x07,0x4a,0x07,0x42,0x07,0x4a,0x07,0x4a,0x07,0x4a,0x07,0x42,
    0x27,0x4a,0x07,0x4a,0x07,0x4a,0x07,0x4a,0x27,0x4a,0x07,0x4a,0x07,0x42,0x07,0x4a,0x07,0x4a,0x27,0x4a,0x07,0x4a,0x27,0x4a,
    0x28,0x4a,0x27,0x4a,0x27,0x4a,0x28,0x4a,0x28,0x4a,0x28,0x4a,0x28,0x4a,0x48,0x52,0x48,0x4a,0x49,0x52,0x48,0x4a,0x28,0x4a,
    0x48,0x52,0x89,0x52,0x48,0x4a,0x48,0x52,0x49,0x4a,0x48,0x4a,0x48,0x52,0x48,0x4a,0x69,0x4a,0x49,0x52,0x48,0x4a,0x69,0x52,
    0x48,0x4a,0x69,0x52,0x69,0x52,0x69,0x52,0x69,0x52,0x69,0x52,0x69,0x52,0x49,0x4a,0x69,0x52,0x69,0x52,0x69,0x52,0x49,0x52,
    0x69,0x52,0x69,0x52,0x69,0x52,0x69,0x52,0x8a,0x52,0x69,0x52,0x69,0x52,0x89,0x5a,0x89,0x52,0x69,0x52,0x69,0x52,0x89,0x52,
    0x69,0x5a,0x69,0x52,0x69,0x52,0x69,0x52,0x69,0x52,0x69,0x52,0x49,0x52,0x69,0x52,0x69,0x52,0x69,0x52,0x69,0x52,0x6a,0x52,
    0x69,0x52,0x49,0x52,0x69,0x52,0x69,0x52,0x69,0x52,0x69,0x52,0x69,0x4a,0x49,0x4a,0x69,0x52,0x69,0x52,0x49,0x4a,0x68,0x52,
    0x69,0x52,0x49,0x52,0x48,0x4a,0x49,0x52,0x48,0x4a,0x48,0x4a,0x48,0x4a,0x48,0x4a,0x69,0x52,0x48,0x4a,0x48,0x52,0x48,0x4a,
    0x48,0x52,0x28,0x4a,0x28,0x52,0x28,0x4a,0x48,0x4a,0x48,0x4a,0x28,0x4a,0x28,0x4a,0x48,0x4a,0x28,0x4a,0x28,0x4a,0x48,0x4a,
    0x28,0x4a,0x49,0x4a,0x28,0x4a,0x28,0x4a,0x28,0x4a,0x28,0x4a,0x08,0x4a,0x27,0x4a,0x08,0x42,0x28,0x4a,0x28,0x4a,0x07,0x42,
    0x08,0x4a,0x28,0x42,0x07,0x4a,0x08,0x42,0x07,0x42,0xe7,0x41,0x07,0x42,0xe7,0x41,0xe7,0x41,0xe7,0x41,0xe7,0x49,0xe7,0x41,
    0xe7,0x41,0x07,0x42,0xe7,0x41,0xe7,0x41,0xe7,0x41,0xe7,0x41,0xe7,0x41,0xe7,0x41,0xe7,0x41,0xe7,0x41,0xe6,0x41,0xc7,0x41,
    0xe6,0x41,0xe7,0x41,0xe6,0x41,0xe7,0x41,0xc6,0x41,0xc6,0x41,0xa6,0x41,0xc6,0x39,0xc6,0x41,0xc7,0x41,0xc6,0x41,0xe6,0x41,
    0x07,0x4a,0xe6,0x41,0xe6,0x49,0xe6,0x41,0xe6,0x49,0x07,0x4a,0xe6,0x41,0xe6,0x41,0x07,0x4a,0x06,0x4a,0xe7,0x41,0x06,0x4a,
    0xe6,0x41,0xe6,0x41,0x07,0x4a,0x07,0x4a,0x07,0x4a,0x07,0x4a,0x07,0x42,0xe7,0x49,0x07,0x42,0x07,0x4a,0x07,0x4a,0x07,0x42,
    0x07,0x4a,0x07,0x4a,0x07,0x42,0x27,0x4a,0x07,0x4a,0x07,0x42,0x08,0x4a,0x07,0x4a,0x27,0x4a,0x28,0x4a,0x28,0x4a,0x48,0x4a,
    0x28,0x4a,0x28,0x4a,0x48,0x4a,0x08,0x4a,0x69,0x52,0x4c,0x6b,0x28,0x4a,0x28,0x4a,0x28,0x4a,0x49,0x52,0x48,0x4a,0x28,0x4a,
    0x48,0x4a,0x48,0x4a,0x49,0x52,0x48,0x4a,0x49,0x52,0x48,0x4a,0x48,0x52,0x49,0x4a,0x48,0x52,0x48,0x4a,0x69,0x52,0x48,0x52,
    0x49,0x4a,0x48,0x52,0x69,0x52,0x48,0x4a,0x49,0x52,0x69,0x52,0x69,0x52,0x69,0x52,0x69,0x52,0x68,0x52,0x69,0x52,0x69,0x52,
    0x49,0x52,0x48,0x52,0x69,0x52,0x69,0x52,0x69,0x52,0x49,0x4a,0x69,0x52,0x49,0x52,0x69,0x52,0x49,0x52,0x69,0x4a,0x69,0x52,
    0x49,0x4a,0x49,0x52,0x49,0x4a,0x68,0x52,0x49,0x4a,0x48,0x4a,0x49,0x52,0x49,0x4a,0x69,0x52,0x49,0x4a,0x49,0x52,0x48,0x4a,
    0x49,0x52,0x48,0x4a,0x49,0x52,0x48,0x4a,0x48,0x4a,0x49,0x52,0x48,0x4a,0x49,0x52,0x48,0x4a,0x29,0x4a,0x49,0x52,0x48,0x4a,
    0x28,0x4a,0x28,0x4a,0x28,0x4a,0x28,0x4a,0x28,0x4a,0x48,0x4a,0x28,0x4a,0x48,0x4a,0x28,0x4a,0x28,0x4a,0x28,0x4a,0x48,0x4a,
    0x08,0x4a,0x28,0x4a,0x28,0x4a,0x28,0x4a,0x08,0x4a,0x27,0x4a,0x28,0x4a,0x28,0x4a,0x28,0x4a,0x07,0x42,0x07,0x42,0x07,0x42,
    0x08,0x4a,0x07,0x42,0x07,0x4a,0xe7,0x41,0x07,0x4a,0x07,0x42,0x07,0x42,0x07,0x4a,0x07,0x42,0xe7,0x41,0xe7,0x41,0xe7,0x41,
    0xe7,0x41,0xc6,0x41,0xe7,0x39,0xe6,0x41,0xc6,0x41,0xc7,0x41,0xe7,0x41,0xe7,0x41,0xc6,0x41,0xe7,0x41,0xc7,0x41,0xe7,0x41,
    0xc6,0x41,0xc6,0x41,0xe7,0x41,0xe6,0x41,0xe7,0x41,0xc6,0x41,0xc6,0x41,0xe6,0x41,0xc6,0x41,0xa6,0x39,0xc6,0x41,0xc6,0x41,
    0xc6,0x41,0xc6,0x39,0xc6,0x41,0xc6,0x41,0xe6,0x41,0xe6,0x41,0xe7,0x41,0xe6,0x49,0xe7,0x41,0xe6,0x41,0xe6,0x41,0xe6,0x41,
    0xc6,0x41,0x07,0x4a,0xe6,0x41,0xe7,0x41,0xe7,0x41,0x07,0x42,0xe7,0x41,0xe7,0x41,0x07,0x42,0xe7,0x49,0xe7,0x41,0x07,0x4a,
    0xe6,0x41,0xe7,0x41,0xe6,0x41,0x07,0x4a,0x06,0x42,0x07,0x42,0x07,0x4a,0x07,0x42,0x07,0x42,0xe7,0x41,0x07,0x4a,0x07,0x42,
    0x08,0x4a,0x07,0x42,0x28,0x4a,0x28,0x4a,0x28,0x4a,0x28,0x4a,0x28,0x4a,0x27,0x4a,0x49,0x4a,0x89,0x5a,0x28,0x4a,0x28,0x4a,
    0x28,0x4a,0x28,0x4a,0x28,0x4a,0x28,0x4a,0x28,0x4a,0x28,0x4a,0x48,0x4a,0x28,0x4a,0x48,0x4a,0x49,0x4a,0x48,0x52,0x48,0x4a,
    0x49,0x4a,0x48,0x4a,0x48,0x4a,0x48,0x4a,0x49,0x52,0x48,0x4a,0x49,0x4a,0x49,0x52,0x48,0x4a,0x49,0x52,0x69,0x4a,0x48,0x4a,
    0x48,0x4a,0x49,0x52,0x48,0x4a,0x49,0x4a,0x48,0x52,0x69,0x4a,0x49,0x52,0x49,0x4a,0x69,0x52,0x48,0x4a,0x49,0x52,0x48,0x4a,
    0x48,0x4a,0x48,0x4a,0x49,0x52,0x48,0x4a,0x48,0x4a,0x49,0x4a,0x48,0x52,0x49,0x4a,0x49,0x52,0x49,0x4a,0x48,0x4a,0x49,0x52,
    0x48,0x4a,0x49,0x4a,0x48,0x52,0x28,0x4a,0x49,0x4a,0x48,0x4a,0x48,0x4a,0x28,0x4a,0x28,0x4a,0x48,0x4a,0x28,0x4a,0x28,0x4a,
    0x28,0x4a,0x28,0x4a,0x28,0x4a,0x48,0x4a,0x28,0x4a,0x28,0x4a,0x28,0x4a,0x08,0x4a,0x28,0x4a,0x28,0x4a,0x28,0x4a,0x08,0x4a,
    0x08,0x4a,0x07,0x4a,0x28,0x4a,0x08,0x4a,0x28,0x4a,0x28,0x4a,0x07,0x42,0x28,0x4a,0x07,0x42,0x08,0x42,0x07,0x4a,0x07,0x42,
    0x07,0x42,0x08,0x4a,0x07,0x42,0x07,0x42,0x07,0x4a,0x07,0x42,0x07,0x42,0x07,0x42,0xe7,0x41,0xe7,0x41,0xe7,0x41,0x07,0x42,
    0xe7,0x41,0xe7,0x41,0xe7,0x41,0xe7,0x41,0xe7,0x41,0xe6,0x41,0xc7,0x41,0xe7,0x39,0xc6,0x41,0xe7,0x39,0xc6,0x41,0xc6,0x39,
    0xe7,0x41,0xc6,0x41,0xc6,0x39,0xc7,0x41,0xc6,0x41,0xe7,0x41,0xc6,0x41,0xe7,0x41,0xc6,0x41,0xc6,0x39,0xe6,0x41,0xe7,0x41,
    0xc6,0x39,0xc6,0x39,0xa5,0x41,0xc6,0x39,0xc6,0x41,0xc6,0x39,0xc6,0x41,0xc6,0x39,0xe7,0x41,0xe6,0x49,0xe7,0x41,0xe6,0x41,
    0xe6,0x41,0xc6,0x41,0xc6,0x41,0xe6,0x41,0xc6,0x41,0xe6,0x41,0xe6,0x41,0xe6,0x41,0xc6,0x41,0xe6,0x41,0xe6,0x41,0xe7,0x41,
    0xe6,0x41,0x07,0x42,0xe6,0x41,0xe6,0x41,0xe7,0x41,0xe6,0x41,0xe6,0x41,0xe6,0x41,0xe7,0x41,0xe6,0x41,0x07,0x42,0x06,0x4a,
    0x07,0x42,0x07,0x42,0x07,0x4a,0x27,0x42,0x07,0x42,0x07,0x4a,0x28,0x4a,0x27,0x4a,0x07,0x4a,0x28,0x4a,0x27,0x4a,0x08,0x42,
    0x27,0x4a,0x28,0x42,0x28,0x4a,0x28,0x4a,0x28,0x42,0x27,0x4a,0x28,0x42,0x28,0x4a,0x48,0x4a,0x28,0x4a,0x48,0x4a,0x28,0x4a,
    0x28,0x4a,0x48,0x4a,0x28,0x4a,0x28,0x4a,0x49,0x52,0x48,0x4a,0x29,0x4a,0x28,0x4a,0x48,0x4a,0x49,0x52,0x48,0x4a,0x48,0x4a,
    0x49,0x4a,0x48,0x4a,0x48,0x4a,0x49,0x52,0x48,0x4a,0x28,0x4a,0x48,0x52,0x48,0x4a,0x49,0x4a,0x48,0x52,0x48,0x4a,0x48,0x4a,
    0x49,0x52,0x48,0x4a,0x49,0x4a,0x49,0x4a,0x49,0x4a,0x28,0x52,0x48,0x4a,0x29,0x4a,0x28,0x4a,0x48,0x4a,0x49,0x4a,0x28,0x4a,
    0x28,0x4a,0x48,0x4a,0x29,0x4a,0x28,0x4a,0x28,0x4a,0x49,0x4a,0x29,0x4a,0x48,0x4a,0x29,0x4a,0x28,0x4a,0x28,0x4a,0x28,0x4a,
    0x49,0x4a,0x28,0x4a,0x08,0x4a,0x28,0x4a,0x48,0x4a,0x28,0x4a,0x07,0x42,0x08,0x4a,0x28,0x4a,0x28,0x4a,0x08,0x4a,0x08,0x42,
    0x28,0x4a,0x08,0x4a,0x07,0x42,0x28,0x4a,0x27,0x42,0x28,0x4a,0x07,0x42,0x07,0x42,0x07,0x42,0x07,0x42,0x08,0x42,0x07,0x42,
    0x07,0x4a,0x07,0x42,0x07,0x42,0x08,0x42,0xe7,0x41,0x07,0x42,0xe7,0x41,0xe7,0x41,0x08,0x42,0xe7,0x41,0xe7,0x41,0xe7,0x41,
    0xe7,0x41,0xe7,0x41,0xe7,0x41,0xc7,0x41,0xe7,0x41,0xe7,0x41,0xe7,0x41,0xc6,0x41,0xe7,0x39,0xc7,0x41,0xc6,0x39,0xe7,0x41,
    0xc6,0x41,0xe7,0x41,0xc6,0x39,0xc7,0x41,0xc6,0x39,0xe7,0x41,0xc6,0x39,0xc6,0x41,0xc7,0x39,0xc6,0x41,0xc6,0x39,0xc6,0x41,
    0xa6,0x39,0xc6,0x41,0xc6,0x39,0xa6,0x41,0xa6,0x39,0xa6,0x41,0xc6,0x39,0xa6,0x39,0xc6,0x41,0xa5,0x39,0xa6,0x41,0xa6,0x39,
    0xe7,0x41,0xe6,0x41,0xc6,0x41,0xe6,0x41,0xe6,0x41,0xc6,0x41,0xe6,0x41,0xe6,0x41,0xe6,0x41,0xe6,0x41,0xe6,0x41,0xc6,0x39,
    0xe6,0x41,0xe7,0x41,0xe6,0x41,0xe6,0x41,0xc6,0x41,0xe6,0x41,0xe7,0x41,0xe6,0x41,0xe6,0x41,0xe6,0x41,0xe6,0x41,0xe6,0x41,
    0x06,0x42,0xe6,0x41,0xe6,0x41,0xe7,0x41,0xe6,0x41,0xe6,0x41,0x07,0x42,0xe7,0x49,0x07,0x42,0xe7,0x41,0x07,0x4a,0x08,0x42,
    0x07,0x42,0x07,0x42,0x07,0x42,0x07,0x4a,0x08,0x42,0x07,0x42,0x07,0x42,0x27,0x4a,0x08,0x42,0x07,0x4a,0x28,0x4a,0x07,0x4a,
    0x28,0x4a,0x27,0x4a,0x28,0x4a,0x48,0x4a,0x48,0x52,0x08,0x4a,0x28,0x4a,0x28,0x42,0x48,0x4a,0x28,0x4a,0x28,0x4a,0x48,0x52,
    0x28,0x4a,0x28,0x4a,0x28,0x4a,0x28,0x4a,0x28,0x4a,0x28,0x4a,0x28,0x4a,0x28,0x4a,0x28,0x4a,0x28,0x4a,0x28,0x4a,0x48,0x4a,
    0x28,0x4a,0x28,0x4a,0x49,0x4a,0x28,0x4a,0x28,0x4a,0x29,0x4a,0x48,0x4a,0x28,0x4a,0x28,0x4a,0x28,0x4a,0x28,0x4a,0x48,0x4a,
    0x28,0x4a,0x08,0x4a,0x28,0x4a,0x28,0x4a,0x08,0x4a,0x28,0x4a,0x28,0x4a,0x28,0x4a,0x28,0x4a,0x48,0x4a,0x28,0x4a,0x28,0x4a,
    0x28,0x4a,0x28,0x4a,0x28,0x4a,0x28,0x4a,0x08,0x4a,0x27,0x42,0x08,0x42,0x07,0x4a,0x28,0x4a,0x07,0x4a,0x28,0x4a,0x08,0x42,
    0x28,0x4a,0x07,0x42,0x08,0x4a,0x07,0x42,0x07,0x42,0x07,0x42,0xe7,0x41,0x07,0x42,0x08,0x4a,0xe7,0x41,0xe7,0x41,0x07,0x42,
    0xe7,0x41,0xe7,0x41,0x07,0x42,0x07,0x42,0x08,0x42,0xe7,0x41,0xe7,0x41,0xe7,0x41,0xe7,0x41,0xe7,0x41,0xe7,0x41,0xe7,0x41,
    0xe7,0x41,0xc7,0x41,0xe7,0x41,0xc6,0x39,0xc7,0x41,0xc6,0x39,0xe7,0x41,0xc6,0x39,0xe7,0x41,0xc6,0x39,0xc6,0x39,0xc7,0x41,
    0xc6,0x39,0xc6,0x41,0xc6,0x39,0xe7,0x41,0xc7,0x39,0xc6,0x41,0xe7,0x41,0xe7,0x41,0xa6,0x39,0xc6,0x41,0xa6,0x39,0xa6,0x39,
    0xa6,0x39,0xa6,0x39,0xa6,0x41,0xa6,0x39,0xc6,0x39,0xa6,0x39,0xa6,0x41,0xc6,0x39,0xa6,0x39,0xc6,0x39,0xa6,0x41,0xc6,0x39,
    0xa6,0x41,0xa6,0x39,0xa6,0x39,0xc6,0x39,0xe6,0x41,0xc6,0x41,0xc6,0x41,0xc6,0x41,0xe6,0x41,0xe6,0x41,0xc6,0x41,0xe6,0x41,
    0xe6,0x41,0xc6,0x39,0xc6,0x41,0xe6,0x41,0xe6,0x41,0xe6,0x41,0xc6,0x39,0xe7,0x41,0xc6,0x41,0xe6,0x41,0xe6,0x41,0xe6,0x41,
    0xc6,0x41,0xe6,0x41,0xe6,0x41,0xc6,0x41,0xe7,0x39,0xe6,0x41,0xe6,0x41,0x06,0x42,0xe7,0x41,0xe6,0x41,0x07,0x42,0xe6,0x41,
    0x07,0x4a,0xe7,0x41,0x07,0x42,0x07,0x4a,0xe7,0x41,0xe7,0x49,0x07,0x42,0x07,0x42,0x07,0x42,0x07,0x42,0x07,0x4a,0x08,0x42,
    0x07,0x42,0x08,0x42,0x07,0x42,0x28,0x42,0x07,0x42,0x08,0x42,0x07,0x4a,0x48,0x4a,0x49,0x4a,0x07,0x42,0x08,0x4a,0x08,0x42,
    0x28,0x4a,0x28,0x4a,0x08,0x4a,0x28,0x42,0x28,0x4a,0x28,0x42,0x08,0x4a,0x28,0x42,0x08,0x4a,0x28,0x4a,0x07,0x42,0x08,0x4a,
    0x28,0x4a,0x28,0x42,0x28,0x4a,0x28,0x4a,0x28,0x4a,0x28,0x4a,0x28,0x4a,0x28,0x4a,0x28,0x4a,0x28,0x4a,0x28,0x4a,0x28,0x4a,
    0x28,0x4a,0x28,0x42,0x28,0x4a,0x08,0x4a,0x28,0x42,0x07,0x42,0x08,0x42,0x27,0x4a,0x07,0x42,0x28,0x42,0x08,0x4a,0x28,0x42,
    0x08,0x4a,0x08,0x42,0x08,0x4a,0x28,0x42,0x08,0x42,0x08,0x4a,0x28,0x4a,0x08,0x42,0x07,0x42,0x08,0x4a,0x07,0x42,0x07,0x42,
    0x07,0x42,0x28,0x42,0xaa,0x5a,0x08,0x4a,0x07,0x42,0xe7,0x41,0x07,0x42,0xe7,0x41,0x07,0x42,0xe7,0x41,0x07,0x42,0xe7,0x41,
    0xe7,0x41,0xe7,0x41,0x07,0x42,0xe7,0x41,0xe7,0x41,0xe7,0x41,0xe7,0x41,0xe6,0x41,0xe7,0x41,0x07,0x42,0xe6,0x41,0xe7,0x39,
    0xe6,0x41,0xe7,0x39,0xc6,0x41,0xe7,0x41,0xc6,0x39,0xc6,0x39,0xe7,0x41,0xc6,0x41,0xe7,0x39,0xc6,0x41,0xc6,0x39,0xc6,0x41,
    0xc7,0x39,0xc6,0x41,0xc7,0x39,0xc6,0x39,0xc7,0x41,0xc6,0x41,0xc6,0x39,0xc6,0x39,0xc6,0x41,0xc6,0x39,0xc6,0x39,0xc6,0x41,
    0xa6,0x39,0xc6,0x39,0xa6,0x39,0xa6,0x39,0xa6,0x39,0xa5,0x39,0xa6,0x39,0xa5,0x39,0xa6,0x39,0xa5,0x39,0xa6,0x39,0xc6,0x39,
    0xa5,0x39,0xc6,0x41,0xa5,0x39,0xa5,0x39,0xa5,0x39,0xa5,0x39,0xa6,0x39,0xa5,0x39,0xc6,0x41,0xe6,0x41,0xc5,0x41,0xc6,0x41,
    0xe6,0x41,0xc6,0x41,0xc5,0x39,0xc6,0x39,0xc5,0x39,0xc6,0x39,0xc6,0x39,0xc6,0x39,0xc6,0x39,0xc6,0x41,0xc6,0x39,0xc6,0x39,
    0xc6,0x41,0xc6,0x39,0xc6,0x39,0xe6,0x41,0xe6,0x39,0xc6,0x41,0xe6,0x39,0xc6,0x41,0xc6,0x41,0xe6,0x41,0xc6,0x39,0xe6,0x41,
    0xe6,0x41,0xe6,0x41,0xc6,0x41,0xe7,0x41,0x07,0x42,0xc6,0x41,0xe7,0x41,0xc6,0x41,0xe7,0x41,0xe7,0x41,0xe7,0x41,0xe7,0x41,
    0xe7,0x41,0x07,0x42,0xe7,0x41,0x07,0x42,0xe7,0x41,0x07,0x4a,0x08,0x42,0x07,0x4a,0xe7,0x41,0x07,0x42,0x07,0x42,0x08,0x42,
    0x07,0x4a,0x07,0x42,0xe7,0x41,0x07,0x42,0x08,0x4a,0x07,0x42,0x08,0x42,0x08,0x42,0x08,0x42,0x07,0x4a,0x08,0x42,0x07,0x4a,
    0x07,0x42,0x28,0x42,0x08,0x4a,0x07,0x42,0x07,0x42,0x28,0x4a,0x07,0x42,0x07,0x42,0x08,0x4a,0x27,0x42,0x08,0x42,0x07,0x4a,
    0x28,0x42,0x07,0x42,0x08,0x42,0x08,0x4a,0x28,0x4a,0x07,0x42,0x08,0x42,0x07,0x4a,0x08,0x42,0x07,0x4a,0x07,0x42,0x28,0x4a,
    0xe7,0x41,0x08,0x42,0x08,0x4a,0x07,0x42,0x08,0x42,0x08,0x42,0x07,0x42,0x08,0x42,0x08,0x42,0x08,0x42,0x07,0x42,0x07,0x42,
    0x07,0x42,0xe7,0x41,0x07,0x42,0xe7,0x41,0xe7,0x41,0x07,0x4a,0x28,0x42,0x07,0x42,0xe7,0x41,0xe7,0x41,0xe7,0x41,0xe7,0x41,
    0xe7,0x41,0xe7,0x41,0x07,0x42,0xe7,0x41,0xe7,0x41,0xe6,0x39,0xe7,0x41,0xc6,0x39,0xe6,0x41,0xe7,0x41,0xe6,0x39,0xc6,0x39,
    0xc7,0x39,0xe6,0x41,0xa6,0x39,0xc6,0x39,0xc6,0x39,0xc6,0x41,0xc6,0x39,0xc6,0x39,0xc7,0x41,0xc6,0x39,0xc6,0x39,0xc6,0x39,
    0xc6,0x39,0xc6,0x41,0xc6,0x39,0xc6,0x39,0xa6,0x39,0xc6,0x41,0xc6,0x39,0xa6,0x39,0xc6,0x39,0xa6,0x39,0xc7,0x41,0xa6,0x39,
    0xa6,0x39,0xa6,0x39,0xa6,0x39,0x86,0x31,0xc6,0x39,0xa6,0x39,0x86,0x39,0xa5,0x39,0xa6,0x39,0xa5,0x39,0xa6,0x39,0x85,0x39,
    0xa5,0x31,0xa6,0x39,0xa5,0x39,0xa6,0x39,0xa5,0x39,0xa6,0x39,0xa6,0x39,0x85,0x39,0xa6,0x39,0x85,0x31,0xa6,0x39,0x85,0x39,
    0xa5,0x39,0xc6,0x41,0xa5,0x39,0xc6,0x39,0xc5,0x41,0xc6,0x39,0xc6,0x41,0xa5,0x39,0xa6,0x39,0xc6,0x41,0xa5,0x39,0xa6,0x39,
    0xa6,0x39,0xc6,0x39,0xa5,0x39,0xa6,0x39,0xa5,0x39,0xc6,0x39,0xc6,0x41,0xa6,0x39,0xc6,0x39,0xc6,0x41,0xc6,0x39,0xc6,0x39,
    0xc6,0x39,0xc6,0x41,0xc6,0x39,0xc6,0x41,0xc6,0x39,0xc6,0x39,0xc6,0x39,0xc6,0x41,0xc7,0x41,0xc6,0x39,0xc7,0x41,0xe6,0x39,
    0xc7,0x41,0xe6,0x39,0xc6,0x41,0xe6,0x39,0xe7,0x41,0xe7,0x41,0xc7,0x39,0xe7,0x41,0x07,0x42,0xe7,0x41,0x07,0x42,0xe7,0x41,
    0x07,0x42,0x07,0x42,0xe7,0x41,0xe7,0x41,0xe7,0x41,0xe7,0x41,0xe7,0x41,0xe7,0x41,0x08,0x42,0x08,0x42,0xe7,0x41,0x08,0x4a,
    0xe7,0x41,0x08,0x42,0xe7,0x41,0x08,0x42,0xe7,0x41,0x07,0x42,0x07,0x42,0x08,0x42,0x07,0x4a,0x08,0x42,0xe7,0x41,0x07,0x4a,
    0x07,0x42,0x08,0x42,0x07,0x42,0xe7,0x41,0x08,0x4a,0x08,0x42,0x07,0x4a,0x07,0x42,0xe7,0x41,0x08,0x42,0xe7,0x41,0x07,0x42,
    0xe7,0x41,0x08,0x42,0x07,0x42,0xe8,0x41,0x07,0x42,0x07,0x42,0xe7,0x41,0xe7,0x41,0xe7,0x41,0xe7,0x41,0xe7,0x41,0xe7,0x41,
    0xe7,0x41,0x07,0x42,0xe7,0x41,0xe8,0x41,0xe7,0x41,0xe7,0x41,0xe7,0x41,0xe7,0x41,0xc7,0x39,0xe7,0x41,0xe7,0x41,0xe7,0x41,
    0xc6,0x39,0xe7,0x41,0xc6,0x41,0xe7,0x41,0xe7,0x41,0xc6,0x41,0xe7,0x41,0xe6,0x39,0xc6,0x41,0xc7,0x39,0xe6,0x39,0xc6,0x39,
    0xc6,0x39,0xc6,0x39,0xa6,0x39,0xc6,0x41,0xc6,0x39,0xc6,0x39,0xc6,0x39,0xc6,0x39,0xc6,0x39,0xa6,0x39,0xc6,0x39,0xc6,0x39,
    0xc6,0x39,0xa6,0x39,0xa6,0x39,0xa6,0x39,0xa6,0x39,0xc6,0x39,0xa6,0x39,0xa6,0x39,0xa6,0x39,0xa6,0x39,0xa6,0x39,0xa6,0x39,
    0xa6,0x39,0xa6,0x39,0xa6,0x39,0x85,0x31,0xa6,0x39,0xa6,0x39,0xa5,0x39,0x85,0x39,0xa6,0x39,0xa6,0x39,0x85,0x39,0xa6,0x39,
    0x85,0x39,0x85,0x31,0x85,0x39,0x85,0x31,0x85,0x39,0x85,0x39,0x85,0x31,0x85,0x39,0xc6,0x39,0x85,0x39,0x85,0x31,0x85,0x31,
    0x86,0x39,0x85,0x39,0x85,0x31,0x86,0x39,0xa5,0x39,0xa6,0x39,0x84,0x39,0x85,0x31,0x85,0x39,0x85,0x39,0xc5,0x39,0xa5,0x39,
    0xa6,0x39,0xa5,0x39,0xa5,0x39,0xa5,0x39,0x85,0x39,0x85,0x39,0xa6,0x39,0x85,0x39,0xc6,0x39,0x85,0x39,0xa5,0x39,0xa6,0x39,
    0xa5,0x39,0xa6,0x39,0xc5,0x39,0xa5,0x39,0xa6,0x39,0xc6,0x39,0xa5,0x39,0xa6,0x39,0xc6,0x41,0xa6,0x39,0xa6,0x39,0xc6,0x39,
    0xa6,0x39,0xc6,0x39,0xc6,0x41,0xc6,0x39,0xc6,0x41,0xc6,0x39,0xc7,0x41,0xc6,0x39,0xe6,0x41,0xc6,0x39,0xc6,0x41,0xe7,0x39,
    0xc6,0x41,0xe7,0x41,0xe7,0x41,0xe7,0x41,0x08,0x4a,0x07,0x42,0xe7,0x41,0xe7,0x41,0xe7,0x41,0xe7,0x39,0xe7,0x41,0xc7,0x41,
    0xe7,0x41,0xe7,0x41,0xe7,0x41,0xe7,0x41,0x07,0x42,0xe7,0x41,0x07,0x42,0xe7,0x41,0xe7,0x41,0xe7,0x41,0xe7,0x41,0xe7,0x41,
    0x07,0x42,0x07,0x42,0x07,0x42,0xe7,0x41,0x08,0x42,0xe7,0x41,0xe7,0x49,0x07,0x42,0x07,0x42,0xe7,0x41,0x07,0x42,0xe7,0x41,
    0xe7,0x41,0xe7,0x41,0xe7,0x41,0xe7,0x41,0xe7,0x41,0xe7,0x41,0xe7,0x41,0xe7,0x41,0xe7,0x41,0xe7,0x41,0xe7,0x41,0xe7,0x39,
    0xe8,0x41,0xe7,0x41,0xe7,0x41,0xe7,0x41,0xe7,0x41,0xe7,0x41,0xc7,0x41,0xe7,0x41,0xc7,0x41,0xe7,0x41,0xe7,0x41,0xc6,0x39,
    0xc6,0x41,0xc6,0x39,0xc6,0x39,0xc7,0x41,0xc6,0x39,0xe7,0x41,0xe7,0x39,0xe6,0x41,0xc6,0x39,0xc6,0x39,0xc6,0x39,0xc6,0x39,
    0xc6,0x39,0xc6,0x39,0xa6,0x39,0xa6,0x39,0xa6,0x39,0xc6,0x39,0xa6,0x39,0xc6,0x39,0xa6,0x39,0xa6,0x39,0xa6,0x39,0xa6,0x39,
    0xc6,0x39,0xa6,0x39,0xa6,0x39,0xa6,0x39,0xc6,0x39,0xa6,0x39,0xa6,0x39,0xc6,0x39,0xa6,0x39,0x85,0x39,0x86,0x31,0xa6,0x39,
    0xa6,0x39,0xa6,0x39,0xa5,0x31,0x85,0x39,0x86,0x31,0x85,0x31,0xa5,0x39,0xa6,0x31,0x85,0x39,0x85,0x31,0x85,0x31,0x86,0x31,
    0x85,0x39,0x85,0x31,0x85,0x31,0x65,0x31,0x85,0x31,0xa6,0x39,0xa5,0x39,0x85,0x31,0x85,0x39,0x85,0x31,0x65,0x31,0x64,0x31,
    0x85,0x39,0x85,0x31,0x65,0x31,0x85,0x31,0x85,0x31,0x85,0x31,0x85,0x31,0x65,0x31,0xa5,0x39,0x85,0x31,0xa5,0x39,0xa5,0x39,
    0x85,0x39,0x85,0x31,0x85,0x39,0x85,0x39,0xa5,0x39,0x85,0x31,0x85,0x31,0x85,0x39,0x85,0x31,0x85,0x31,0xa6,0x39,0xa5,0x39,
    0x86,0x31,0x85,0x39,0xa6,0x39,0xa5,0x39,0xa5,0x39,0x85,0x39,0xa6,0x39,0xa5,0x39,0xa6,0x39,0xa5,0x39,0xa6,0x39,0xa5,0x39,
    0xa6,0x39,0xa6,0x39,0xa6,0x39,0xa6,0x39,0xc6,0x39,0xc6,0x39,0xa6,0x39,0xa6,0x39,0xc7,0x39,0xc6,0x41,0xc6,0x39,0xa6,0x39,
    0xc6,0x39,0xc6,0x39,0xc6,0x39,0xc6,0x41,0xe7,0x39,0xe7,0x41,0xc6,0x39,0xc6,0x39,0xe7,0x41,0xe7,0x41,0xc6,0x39,0xe7,0x41,
    0xc6,0x39,0xc6,0x41,0xc7,0x39,0xe7,0x39,0xc6,0x39,0xe7,0x41,0xe7,0x39,0xc7,0x41,0xc7,0x39,0xe7,0x41,0xe7,0x41,0xc7,0x41,
    0xe6,0x39,0xe7,0x41,0xe7,0x41,0xe7,0x41,0xe7,0x41,0xe7,0x41,0xe7,0x41,0xe7,0x41,0xe7,0x41,0xe7,0x41,0xe7,0x39,0xe7,0x41,
    0xe7,0x41,0xe7,0x41,0xe7,0x41,0xe7,0x41,0xe7,0x41,0xe7,0x39,0xe7,0x41,0xe7,0x39,0xe7,0x41,0xe7,0x39,0xe7,0x41,0xc7,0x39,
    0xe7,0x39,0xc7,0x39,0xc7,0x41,0xc7,0x39,0xc6,0x39,0xc7,0x39,0xe7,0x41,0xc7,0x39,0xe7,0x41,0xc7,0x39,0xc7,0x39,0xe6,0x41,
    0xa6,0x39,0xa6,0x39,0xc6,0x39,0xc7,0x39,0xc6,0x39,0xc7,0x39,0xc6,0x39,0xc6,0x39,0xc6,0x41,0xc6,0x39,0xa6,0x39,0xc6,0x39,
    0xa6,0x39,0xc6,0x39,0xc6,0x39,0xa6,0x39,0xa6,0x39,0xc6,0x39,0xa6,0x39,0xa5,0x39,0xa6,0x39,0xc6,0x39,0xa6,0x39,0xa6,0x31,
    0xa6,0x39,0xa5,0x31,0xa6,0x39,0xa6,0x39,0x86,0x31,0x85,0x39,0xa6,0x39,0xa5,0x39,0x86,0x31,0x85,0x39,0xa6,0x39,0xa6,0x39,
    0xa6,0x39,0x85,0x31,0x85,0x31,0x85,0x31,0x85,0x31,0xa6,0x39,0x85,0x31,0x85,0x31,0x86,0x39,0xa5,0x39,0x86,0x31,0x85,0x31,
    0x85,0x39,0x85,0x31,0x86,0x39,0x85,0x31,0x85,0x31,0x85,0x31,0x65,0x39,0x85,0x31,0x85,0x39,0x65,0x31,0x65,0x31,0x65,0x31,
    0x65,0x31,0x64,0x31,0x65,0x31,0x85,0x31,0x85,0x31,0x65,0x31,0x65,0x31,0x64,0x39,0x65,0x31,0x65,0x31,0x64,0x31,0x65,0x31,
    0x85,0x39,0x85,0x31,0x85,0x39,0x85,0x31,0x85,0x31,0x85,0x31,0xa5,0x39,0x86,0x31,0x85,0x39,0x85,0x31,0x85,0x31,0x86,0x31,
    0x85,0x31,0x86,0x39,0x85,0x31,0x85,0x31,0x86,0x39,0xa5,0x31,0x85,0x31,0xa6,0x39,0xa5,0x31,0xa6,0x31,0x85,0x31,0x85,0x39,
    0xa6,0x31,0x85,0x39,0xa6,0x39,0xa6,0x31,0x85,0x39,0xa6,0x39,0xa6,0x39,0xa5,0x39,0x86,0x39,0xa6,0x39,0xa6,0x39,0xc6,0x39,
    0xa6,0x39,0xa6,0x39,0xc6,0x39,0xc6,0x39,0xc6,0x41,0xa6,0x39,0xc6,0x39,0xc7,0x39,0xc6,0x39,0xa6,0x39,0xc6,0x39,0xc7,0x39,
    0xc6,0x39,0xa6,0x39,0xc7,0x39,0xe6,0x41,0xc6,0x39,0xc7,0x39,0xc6,0x39,0xc6,0x41,0xc7,0x39,0xc7,0x41,0xc7,0x39,0xe7,0x41,
    0xc6,0x39,0xc7,0x39,0xe6,0x41,0xe7,0x39,0xe7,0x41,0xc6,0x39,0xe7,0x41,0xe7,0x41,0xc6,0x39,0xe7,0x41,0xc7,0x41,0xe7,0x41,
    0xe7,0x41,0xe7,0x41,0xc7,0x39,0xc6,0x41,0xc7,0x39,0xc6,0x39,0xe7,0x41,0xc7,0x39,0xc6,0x39,0xc7,0x41,0xc7,0x39,0xc6,0x39,
    0xc7,0x39,0xe7,0x41,0xe7,0x39,0xc7,0x41,0xc7,0x39,0xc7,0x41,0xc6,0x39,0xc7,0x39,0xc7,0x41,0xc6,0x39,0xc7,0x39,0xc7,0x39,
    0xc6,0x39,0xa6,0x39,0xc7,0x39,0xc6,0x39,0xc6,0x39,0xc7,0x39,0xa6,0x39,0xa6,0x39,0xc6,0x39,0xc6,0x41,0xa6,0x39,0xa6,0x39,
    0xa6,0x39,0xc6,0x39,0xc6,0x39,0xa6,0x39,0xa6,0x39,0xa6,0x39,0xa6,0x39,0xa6,0x39,0xa6,0x39,0x86,0x39,0xa5,0x31,0xa6,0x39,
    0x86,0x31,0xa6,0x31,0xa6,0x39,0xa5,0x39,0x85,0x31,0xa6,0x31,0x85,0x31,0x85,0x39,0xa5,0x31,0xa6,0x39,0x85,0x31,0x85,0x31,
    0xa5,0x39,0xa6,0x39,0xa5,0x31,0x85,0x31,0x85,0x31,0xa6,0x39,0x85,0x39,0x65,0x31,0x86,0x31,0x65,0x31,0x65,0x31,0x85,0x31,
    0x86,0x39,0x85,0x31,0x65,0x31,0x85,0x31,0x85,0x31,0x65,0x31,0x65,0x31,0x65,0x31,0x64,0x31,0x85,0x31,0x85,0x39,0x65,0x31,
    0x64,0x31,0x65,0x31,0x84,0x31,0x65,0x31,0x65,0x31,0x64,0x31,0x65,0x31,0x64,0x31,0x65,0x31,0x85,0x39,0x64,0x31,0x64,0x31,
    0x65,0x31,0x64,0x31,0x85,0x31,0x64,0x31,0x85,0x31,0x85,0x31,0x64,0x31,0x64,0x31,0x64,0x31,0x85,0x39,0xa5,0x39,0xa5,0x39,
    0x65,0x31,0x65,0x31,0x65,0x31,0x85,0x31,0x85,0x39,0x65,0x31,0x65,0x31,0x85,0x31,0x85,0x31,0x85,0x39,0x86,0x31,0x85,0x39,
    0x85,0x31,0x85,0x39,0x85,0x31,0x86,0x31,0xa5,0x39,0x86,0x31,0x85,0x31,0x85,0x39,0xa6,0x31,0xa5,0x39,0x86,0x31,0x85,0x31,
    0xa6,0x39,0x85,0x31,0xa6,0x39,0x85,0x39,0xa6,0x39,0xa6,0x39,0xc6,0x39,0x85,0x39,0xa6,0x39,0xa6,0x39,0xc6,0x39,0xa6,0x39,
    0xa6,0x39,0xc6,0x39,0xa6,0x39,0xc6,0x39,0xa6,0x41,0xc6,0x39,0xc6,0x39,0xc6,0x39,0xa6,0x39,0xc6,0x39,0xa6,0x39,0xa6,0x39,
    0xc6,0x39,0xc6,0x39,0xa6,0x39,0xc7,0x39,0xc7,0x41,0xc6,0x39,0xc6,0x39,0xc6,0x39,0xc6,0x41,0xc6,0x39,0xc6,0x39,0xe7,0x41,
    0xc6,0x39,0xc7,0x39,0xa6,0x39,0xc6,0x39,0xc7,0x39,0xc6,0x39,0xe7,0x41,0xe6,0x39,0xc7,0x41,0xe6,0x39,0xc6,0x39,0xc6,0x39,
    0xc6,0x39,0xc6,0x39,0xc7,0x41,0xc6,0x39,0xc6,0x39,0xa7,0x39,0xc6,0x39,0xa6,0x39,0xc6,0x39,0xc7,0x39,0xc6,0x41,0xc6,0x39,
    0xa6,0x39,0xa6,0x39,0xc6,0x39,0xa6,0x39,0xa6,0x39,0xa6,0x39,0xc6,0x39,0xa6,0x39,0xa7,0x39,0xa6,0x39,0xa6,0x39,0xc6,0x39,
    0xa6,0x39,0x86,0x39,0xa6,0x31,0xc6,0x39,0xa6,0x39,0xa6,0x39,0x86,0x39,0xa6,0x39,0xa6,0x31,0xa5,0x39,0x86,0x31,0xa5,0x39,
    0x85,0x31,0xa6,0x31,0xa5,0x39,0x85,0x31,0x85,0x31,0xa5,0x39,0xa6,0x31,0x85,0x31,0x86,0x31,0x85,0x39,0x85,0x31,0x86,0x31,
    0x85,0x39,0x85,0x31,0x85,0x31,0x85,0x31,0x85,0x31,0x86,0x39,0xa6,0x39,0xc7,0x41,0x65,0x31,0x85,0x31,0x65,0x31,0x85,0x31,
    0x85,0x39,0x65,0x31,0x65,0x31,0x65,0x31,0x85,0x31,0x85,0x31,0x64,0x31,0x65,0x31,0x65,0x31,0x64,0x31,0x65,0x31,0x85,0x31,
    0x65,0x31,0x65,0x31,0x65,0x31,0x64,0x29,0x64,0x31,0x65,0x31,0x65,0x31,0x64,0x31,0x65,0x31,0x65,0x31,0x64,0x31,0x65,0x31,
    0x44,0x29,0x64,0x31,0x44,0x29,0x44,0x29,0x65,0x31,0x64,0x31,0x65,0x31,0x44,0x29,0x64,0x31,0x64,0x31,0x64,0x31,0x65,0x31,
    0x85,0x31,0x65,0x31,0x65,0x31,0x65,0x31,0x65,0x31,0x85,0x31,0x65,0x31,0x85,0x31,0x65,0x31,0x65,0x31,0x65,0x31,0x85,0x31,
    0x65,0x31,0x85,0x31,0x85,0x31,0x85,0x31,0x85,0x31,0x85,0x31,0x85,0x31,0x65,0x31,0x85,0x39,0x65,0x31,0x85,0x31,0x85,0x31,
    0x85,0x31,0x86,0x31,0x85,0x39,0x85,0x31,0x85,0x39,0x86,0x31,0x85,0x39,0x86,0x31,0x85,0x31,0xa5,0x39,0x86,0x39,0x85,0x31,
    0x85,0x31,0xa6,0x31,0x85,0x39,0xc6,0x39,0xa6,0x39,0xa6,0x39,0x86,0x39,0xa6,0x39,0xa6,0x39,0xa6,0x39,0xa6,0x39,0xa6,0x39,
    0xa6,0x39,0xa6,0x39,0xa6,0x39,0xc7,0x39,0xa6,0x39,0xa6,0x39,0xa7,0x39,0xc6,0x39,0xc6,0x39,0xc6,0x39,0xa6,0x39,0xa6,0x39,
    0xc7,0x39,0xa6,0x39,0xa6,0x39,0xa6,0x39,0xa6,0x39,0xa6,0x39,0xa6,0x39,0xa6,0x39,0xc6,0x39,0xa6,0x39,0xa6,0x39,0xa6,0x39,
    0xc6,0x39,0xa6,0x39,0xa6,0x39,0xa6,0x39,0xa6,0x39,0xc6,0x39,0xc6,0x39,0xa6,0x39,0xa6,0x39,0xa6,0x39,0xa6,0x39,0xc6,0x39,
    0xc6,0x39,0xa6,0x39,0xa6,0x39,0xc6,0x39,0xa6,0x39,0xa6,0x39,0xa6,0x39,0xc6,0x39,0xa6,0x39,0xa6,0x39,0xa6,0x39,0xa6,0x39,
    0xa6,0x39,0xa5,0x39,0x86,0x31,0xa6,0x39,0xa5,0x31,0xa6,0x39,0x85,0x39,0x86,0x31,0xa5,0x31,0xa6,0x39,0x85,0x31,0xa6,0x39,
    0x85,0x31,0x86,0x31,0x85,0x31,0x65,0x31,0x85,0x31,0x65,0x31,0x86,0x31,0x85,0x31,0x85,0x31,0x85,0x31,0x85,0x31,0x65,0x31,
    0x85,0x31,0x85,0x31,0x85,0x31,0x65,0x31,0x85,0x31,0x65,0x31,0x85,0x31,0x65,0x39,0x65,0x31,0x65,0x31,0x64,0x29,0xa6,0x39,
    0x45,0x31,0x65,0x31,0x65,0x31,0x65,0x31,0x65,0x31,0x85,0x31,0x65,0x31,0x64,0x29,0x44,0x31,0x65,0x31,0x65,0x31,0x65,0x31,
    0x65,0x29,0x65,0x31,0x85,0x31,0x44,0x29,0x64,0x31,0x64,0x29,0x44,0x31,0x65,0x31,0x44,0x29,0x44,0x31,0x64,0x29,0x65,0x31,
    0x64,0x29,0x64,0x31,0x44,0x29,0x64,0x31,0x44,0x29,0x44,0x31,0x44,0x29,0x44,0x31,0x64,0x31,0x64,0x31,0x44,0x29,0x64,0x31,
    0x65,0x31,0x44,0x31,0x64,0x31,0x44,0x29,0x64,0x31,0x44,0x31,0x44,0x29,0x65,0x31,0x64,0x31,0x65,0x31,0x64,0x31,0x65,0x31,
    0x65,0x31,0x65,0x31,0x65,0x29,0x65,0x31,0x65,0x31,0x85,0x31,0x65,0x31,0x85,0x31,0x85,0x39,0x65,0x31,0x85,0x31,0x85,0x31,
    0x65,0x31,0x85,0x31,0x65,0x31,0x65,0x31,0x65,0x31,0x85,0x31,0x65,0x31,0x85,0x31,0x85,0x31,0x85,0x31,0x85,0x31,0x65,0x31,
    0x85,0x31,0x85,0x31,0x85,0x31,0x85,0x31,0x85,0x39,0x85,0x31,0x86,0x39,0x86,0x31,0xa6,0x39,0xa6,0x39,0xa6,0x31,0x85,0x39,
    0xa6,0x31,0xa6,0x39,0x86,0x31,0xa6,0x39,0xa6,0x31,0xa6,0x39,0xa6,0x39,0xa6,0x31,0xa6,0x39,0x86,0x31,0xa6,0x39,0xa6,0x39,
    0xa6,0x39,0xa6,0x39,0xa6,0x39,0xa6,0x39,0xa6,0x39,0xa6,0x39,0xa6,0x39,0xa6,0x39,0xa6,0x39,0xa6,0x39,0xa6,0x31,0xa6,0x39,
    0xa6,0x39,0xc6,0x39,0xa6,0x39,0xa6,0x39,0xa6,0x31,0xa6,0x39,0xa6,0x39,0xc6,0x39,0xa6,0x39,0xa6,0x39,0xa6,0x39,0xa6,0x39,
    0xa6,0x39,0xa6,0x39,0x86,0x31,0xa6,0x39,0x86,0x39,0xa6,0x31,0xa6,0x39,0xa6,0x39,0x86,0x31,0x85,0x31,0xa6,0x39,0x86,0x39,
    0xa6,0x31,0xa6,0x39,0xa6,0x39,0x85,0x31,0x86,0x31,0x85,0x31,0xa5,0x31,0x85,0x39,0x86,0x31,0x85,0x31,0x86,0x31,0x85,0x31,
    0x86,0x39,0x85,0x31,0xa6,0x39,0xa6,0x31,0x85,0x31,0x65,0x31,0x85,0x39,0x85,0x31,0x85,0x31,0x85,0x31,0x85,0x31,0xa6,0x39,
    0x65,0x31,0x85,0x31,0x65,0x31,0x85,0x31,0x85,0x31,0x65,0x31,0x65,0x31,0x65,0x31,0x65,0x31,0x64,0x31,0x65,0x31,0x85,0x31,
    0x64,0x29,0x65,0x31,0x65,0x31,0x65,0x31,0x65,0x29,0x65,0x31,0x65,0x31,0x65,0x31,0x45,0x29,0x65,0x31,0x65,0x31,0x45,0x31,
    0x44,0x29,0x65,0x31,0x65,0x29,0x64,0x31,0x65,0x31,0x64,0x29,0x44,0x31,0x44,0x29,0x64,0x31,0x45,0x29,0x44,0x31,0x64,0x29,
    0x44,0x31,0x65,0x31,0x65,0x31,0x44,0x29,0x44,0x31,0x44,0x29,0x44,0x29,0x44,0x31,0x44,0x29,0x44,0x31,0x44,0x29,0x44,0x29,
    0x44,0x29,0x44,0x31,0x44,0x29,0x44,0x31,0x64,0x31,0x45,0x29,0x44,0x31,0x64,0x29,0x45,0x31,0x64,0x29,0x65,0x31,0x64,0x31,
    0x65,0x29,0x65,0x31,0x45,0x29,0x65,0x31,0x44,0x29,0x65,0x31,0x65,0x31,0x65,0x31,0x65,0x31,0x65,0x31,0x85,0x31,0x85,0x31,
    0x45,0x31,0x65,0x31,0x85,0x31,0x65,0x31,0x65,0x31,0x85,0x31,0x85,0x39,0x65,0x31,0x85,0x31,0x86,0x39,0x65,0x31,0x65,0x31,
    0x65,0x31,0x65,0x31,0x65,0x31,0x85,0x31,0x85,0x39,0x86,0x31,0x85,0x39,0x85,0x31,0x86,0x31,0x85,0x39,0x86,0x31,0x85,0x39,
    0x85,0x31,0x85,0x31,0x85,0x31,0x86,0x39,0x85,0x31,0x86,0x39,0x85,0x31,0x85,0x31,0xa6,0x39,0x85,0x31,0x86,0x31,0x85,0x39,
    0xa6,0x39,0xa6,0x39,0xa6,0x39,0xa6,0x31,0x85,0x31,0x86,0x39,0x85,0x31,0x86,0x31,0xa5,0x39,0xc6,0x39,0xa6,0x39,0xa6,0x31,
    0xa6,0x39,0xa6,0x39,0xa6,0x39,0xa6,0x31,0x85,0x31,0x86,0x31,0xa6,0x31,0x85,0x39,0xa6,0x31,0x85,0x39,0xa6,0x31,0x86,0x39,
    0xa6,0x31,0xa6,0x39,0x85,0x31,0xa6,0x39,0xa6,0x31,0x85,0x31,0x86,0x39,0xa5,0x31,0x86,0x31,0xa6,0x39,0x85,0x31,0x85,0x31,
    0x86,0x39,0x85,0x31,0xa6,0x31,0x85,0x31,0x85,0x39,0x86,0x31,0x85,0x31,0x86,0x39,0x85,0x31,0x85,0x39,0x66,0x31,0x85,0x31,
    0x85,0x31,0x85,0x39,0x85,0x31,0x65,0x31,0x85,0x31,0x85,0x31,0x85,0x31,0x85,0x39,0x85,0x31,0x85,0x31,0x65,0x31,0x65,0x29,
    0x65,0x31,0x85,0x31,0x65,0x31,0x65,0x29,0x65,0x29,0x65,0x31,0x65,0x31,0x65,0x31,0x65,0x31,0x65,0x31,0x65,0x31,0x64,0x29,
    0x65,0x31,0x64,0x29,0x64,0x31,0x45,0x31,0x65,0x31,0x64,0x31,0x45,0x29,0x44,0x31,0x65,0x31,0x45,0x29,0x45,0x31,0x44,0x29,
    0x45,0x31,0x65,0x31,0x65,0x31,0x65,0x29,0x64,0x31,0x45,0x29,0x65,0x31,0x64,0x31,0x65,0x31,0x44,0x29,0x45,0x29,0x65,0x31,
    0x44,0x29,0x44,0x31,0x44,0x29,0x44,0x31,0x44,0x29,0x65,0x31,0x44,0x29,0x24,0x29,0x24,0x29,0x44,0x29,0x44,0x31,0x44,0x29,
    0x24,0x29,0x44,0x29,0x44,0x29,0x24,0x31,0x44,0x29,0x44,0x31,0x44,0x29,0x23,0x29,0x45,0x29,0x64,0x31,0x44,0x29,0x45,0x31,
    0x44,0x29,0x44,0x31,0x44,0x29,0x45,0x31,0x44,0x29,0x44,0x31,0x44,0x29,0x65,0x31,0x44,0x29,0x44,0x29,0x45,0x31,0x44,0x29,
    0x65,0x31,0x65,0x31,0x65,0x31,0x65,0x31,0x44,0x29,0x65,0x31,0x64,0x31,0x65,0x31,0x65,0x31,0x65,0x31,0x65,0x31,0x65,0x31,
    0x65,0x31,0x65,0x31,0x85,0x31,0x65,0x31,0x65,0x31,0x65,0x31,0x65,0x31,0x65,0x31,0x65,0x31,0x65,0x31,0x85,0x31,0x65,0x31,
    0x65,0x31,0x85,0x31,0x85,0x31,0x85,0x31,0x86,0x39,0x65,0x31,0x65,0x31,0x86,0x31,0x86,0x31,0x85,0x31,0x65,0x31,0x65,0x31,
    0x85,0x31,0x85,0x31,0x86,0x39,0x85,0x31,0x85,0x31,0x86,0x31,0x85,0x31,0x85,0x31,0x85,0x31,0x86,0x31,0x85,0x39,0x85,0x31,
    0x65,0x31,0xa6,0x39,0xa6,0x31,0x85,0x31,0x85,0x31,0x86,0x31,0x65,0x31,0xa6,0x31,0xa6,0x39,0x85,0x39,0x86,0x31,0x85,0x31,
    0xa5,0x39,0x86,0x31,0xa5,0x31,0x85,0x31,0x85,0x39,0x86,0x31,0x85,0x31,0x86,0x31,0x65,0x31,0x85,0x31,0x85,0x31,0x85,0x31,
    0x65,0x31,0x85,0x31,0x86,0x39,0x85,0x31,0x85,0x31,0x65,0x31,0x65,0x31,0x86,0x39,0x85,0x31,0x86,0x39,0x85,0x31,0x85,0x31,
    0x86,0x31,0x85,0x31,0x65,0x31,0x65,0x31,0x65,0x31,0x85,0x31,0x65,0x31,0x65,0x31,0x85,0x31,0x86,0x31,0x65,0x31,0x65,0x31,
    0x65,0x31,0x65,0x31,0x45,0x31,0x65,0x31,0x65,0x31,0x65,0x31,0x45,0x29,0x64,0x29,0x44,0x29,0x65,0x31,0x64,0x29,0x65,0x29,
    0x65,0x31,0x44,0x29,0x64,0x31,0x65,0x31,0x64,0x31,0x65,0x31,0x65,0x29,0x44,0x29,0x44,0x29,0x65,0x31,0x44,0x29,0x65,0x31,
    0x45,0x29,0x65,0x31,0x45,0x29,0x24,0x29,0x45,0x29,0x64,0x31,0x65,0x31,0x44,0x29,0x45,0x31,0x44,0x29,0x45,0x31,0x44,0x29,
    0x45,0x29,0x44,0x29,0x44,0x29,0x44,0x29,0x44,0x29,0x44,0x29,0x24,0x29,0x44,0x29,0x44,0x29,0x44,0x29,0x64,0x31,0x44,0x29,
    0x44,0x31,0x24,0x29,0x44,0x29,0x44,0x29,0x44,0x31,0x44,0x29,0x44,0x31,0x43,0x29,0x44,0x29,0x43,0x29,0x44,0x29,0x23,0x29,
    0x24,0x29,0x44,0x29,0x24,0x31,0x44,0x29,0x44,0x31,0x45,0x29,0x24,0x29,0x44,0x29,0x44,0x29,0x45,0x31,0x65,0x29,0x24,0x29,
    0x44,0x29,0x45,0x31,0x64,0x29,0x45,0x31,0x44,0x29,0x45,0x29,0x64,0x31,0x45,0x29,0x64,0x31,0x65,0x29,0x44,0x31,0x65,0x29,
    0x64,0x31,0x65,0x29,0x44,0x29,0x45,0x31,0x44,0x29,0x45,0x31,0x44,0x29,0x65,0x31,0x86,0x31,0x44,0x31,0x65,0x31,0x44,0x29,
    0x65,0x29,0x44,0x29,0x65,0x31,0x65,0x31,0x65,0x31,0x65,0x31,0x65,0x31,0x65,0x31,0x65,0x31,0x65,0x31,0x65,0x31,0x85,0x31,
    0x65,0x31,0x65,0x31,0x85,0x31,0x65,0x31,0x85,0x31,0x86,0x31,0x85,0x29,0x65,0x31,0x85,0x31,0x85,0x31,0x85,0x31,0x66,0x31,
    0x85,0x31,0x65,0x31,0x65,0x31,0x65,0x31,0x86,0x31,0x85,0x31,0x65,0x31,0x66,0x31,0x85,0x31,0x85,0x31,0x86,0x31,0x85,0x31,
    0x86,0x31,0xa6,0x31,0x85,0x31,0x86,0x31,0x65,0x31,0x65,0x31,0x85,0x31,0x65,0x31,0x85,0x31,0x85,0x31,0x86,0x39,0x85,0x31,
    0x65,0x31,0x85,0x31,0x85,0x31,0x65,0x31,0x86,0x31,0x85,0x31,0x65,0x31,0x86,0x31,0x65,0x31,0x65,0x31,0x65,0x31,0x85,0x31,
    0x65,0x31,0x85,0x31,0x65,0x31,0x65,0x31,0x45,0x29,0x65,0x31,0x65,0x31,0x85,0x31,0x86,0x31,0x86,0x31,0x65,0x31,0x65,0x29,
    0x65,0x31,0x65,0x31,0x65,0x31,0x65,0x31,0x45,0x29,0x44,0x29,0x65,0x29,0x65,0x31,0x44,0x29,0x44,0x29,0x44,0x29,0x45,0x31,
    0x44,0x29,0x44,0x29,0x44,0x29,0x44,0x29,0x45,0x29,0x65,0x31,0x24,0x29,0x44,0x29,0x45,0x29,0x44,0x29,0x44,0x29,0x24,0x29,
    0x44,0x29,0x44,0x29,0x45,0x31,0x44,0x29,0x45,0x29,0x44,0x31,0x45,0x29,0x44,0x31,0x65,0x31,0x24,0x29,0x45,0x29,0x64,0x31,
    0x45,0x29,0x44,0x29,0x44,0x29,0x44,0x29,0x24,0x29,0x24,0x29,0x44,0x31,0x24,0x29,0x24,0x29,0x24,0x29,0x44,0x29,0x24,0x29,
    0x44,0x31,0x24,0x29,0x44,0x29,0x24,0x29,0x44,0x29,0x44,0x29,0x24,0x29,0x24,0x29,0x23,0x29,0x24,0x29,0x44,0x29,0x24,0x29,
    0x03,0x29,0x23,0x29,0x24,0x29,0x23,0x29,0x44,0x29,0x24,0x29,0x24,0x29,0x44,0x29,0x24,0x29,0x24,0x29,0x24,0x29,0x44,0x29,
    0x24,0x29,0x24,0x29,0x24,0x29,0x44,0x29,0x44,0x29,0x44,0x29,0x44,0x29,0x44,0x29,0x44,0x29,0x24,0x29,0x44,0x29,0x44,0x29,
    0x65,0x29,0x44,0x29,0x44,0x29,0x44,0x29,0x44,0x29,0x44,0x31,0x44,0x29,0x45,0x29,0x44,0x31,0x44,0x29,0x45,0x29,0x44,0x29,
    0x44,0x31,0x44,0x29,0x65,0x29,0x44,0x29,0x44,0x29,0x45,0x31,0x44,0x29,0x45,0x29,0x45,0x31,0x44,0x29,0x45,0x31,0x45,0x29,
    0x45,0x31,0x65,0x29,0x45,0x31,0x65,0x31,0x45,0x29,0x65,0x31,0x65,0x29,0x65,0x29,0x45,0x29,0x65,0x31,0x65,0x31,0x65,0x29,
    0x65,0x31,0x65,0x29,0x65,0x29,0x65,0x29,0x45,0x29,0x65,0x31,0x65,0x29,0x65,0x31,0x85,0x31,0x65,0x31,0x65,0x31,0x65,0x31,
    0x65,0x29,0x86,0x31,0x85,0x31,0x65,0x31,0x65,0x31,0xa6,0x39,0x65,0x31,0x65,0x29,0x65,0x29,0x65,0x31,0x65,0x29,0x65,0x31,
    0x66,0x29,0x65,0x31,0xa6,0x31,0x65,0x31,0x65,0x31,0x65,0x31,0x65,0x31,0x65,0x29,0x65,0x31,0x65,0x31,0x65,0x29,0x65,0x31,
    0x65,0x31,0x65,0x29,0x45,0x29,0x65,0x31,0x65,0x29,0x45,0x31,0x65,0x29,0x45,0x29,0x44,0x31,0x65,0x29,0x44,0x29,0xe7,0x39,
    0x48,0x4a,0x44,0x29,0x65,0x31,0x44,0x29,0x45,0x29,0x44,0x29,0x65,0x29,0x45,0x29,0x45,0x29,0x65,0x31,0x24,0x29,0x44,0x29,
    0x45,0x29,0x44,0x29,0x44,0x29,0x45,0x29,0x44,0x29,0x44,0x29,0x24,0x29,0x44,0x29,0x24,0x29,0x44,0x29,0x44,0x29,0x24,0x29,
    0x44,0x29,0x44,0x29,0x44,0x29,0x24,0x29,0x24,0x29,0x24,0x29,0x24,0x29,0x65,0x29,0x45,0x31,0x24,0x29,0x24,0x29,0x45,0x29,
    0x24,0x29,0x44,0x29,0x24,0x29,0x24,0x29,0x44,0x29,0x24,0x29,0x24,0x29,0x24,0x29,0x45,0x29,0x44,0x31,0x65,0x29,0x24,0x29,
    0x44,0x29,0x24,0x29,0x44,0x31,0x24,0x21,0x23,0x29,0x24,0x29,0x04,0x21,0x64,0x31,0x85,0x39,0x24,0x29,0x24,0x29,0x24,0x29,
    0x04,0x29,0x24,0x29,0x44,0x31,0x03,0x21,0x24,0x29,0x23,0x29,0x24,0x29,0x23,0x21,0x24,0x29,0x24,0x29,0x04,0x29,0x24,0x29,
    0x24,0x29,0x03,0x21,0x24,0x29,0x24,0x29,0x03,0x21,0x24,0x29,0x24,0x29,0x24,0x29,0x04,0x21,0x24,0x29,0x44,0x29,0x24,0x29,
    0x45,0x29,0x44,0x29,0x24,0x29,0x44,0x29,0x44,0x29,0x24,0x31,0x44,0x29,0x24,0x29,0x45,0x31,0x44,0x29,0x24,0x29,0x44,0x29,
    0x44,0x29,0x24,0x29,0x44,0x29,0x45,0x29,0x44,0x29,0x45,0x29,0x24,0x29,0x44,0x29,0x45,0x29,0x44,0x29,0x45,0x31,0x44,0x29,
    0x65,0x31,0x45,0x29,0x44,0x31,0x45,0x29,0x44,0x29,0x45,0x29,0x45,0x31,0x44,0x29,0x65,0x29,0x45,0x31,0x44,0x29,0x45,0x29,
    0x44,0x29,0x65,0x29,0x45,0x29,0x45,0x29,0x65,0x29,0x65,0x31,0x45,0x29,0x65,0x31,0x65,0x29,0x65,0x31,0x45,0x29,0x65,0x31,
    0x65,0x29,0x45,0x29,0x65,0x29,0x45,0x29,0x65,0x31,0x65,0x31,0x65,0x31,0x65,0x29,0x65,0x29,0x65,0x31,0x65,0x29,0x65,0x31,
    0x65,0x31,0x65,0x31,0x65,0x29,0x65,0x31,0x65,0x31,0x44,0x29,0x65,0x31,0x65,0x29,0x85,0x31,0x44,0x29,0x65,0x29,0x44,0x29,
    0x45,0x29,0x65,0x31,0x44,0x29,0x44,0x29,0x45,0x29,0x44,0x31,0x65,0x31,0x45,0x29,0x44,0x29,0x45,0x29,0x24,0x29,0x64,0x31,
    0x24,0x29,0x45,0x29,0x24,0x29,0x65,0x31,0x86,0x31,0x44,0x29,0x44,0x29,0x45,0x29,0x44,0x29,0x45,0x29,0x44,0x29,0x44,0x29,
    0x24,0x29,0x44,0x29,0x24,0x29,0x45,0x29,0x24,0x29,0x45,0x29,0x44,0x29,0x85,0x31,0x24,0x29,0x44,0x29,0x24,0x21,0x24,0x29,
    0x24,0x21,0x44,0x29,0x24,0x29,0x24,0x29,0x24,0x21,0x24,0x29,0x24,0x29,0x24,0x21,0x24,0x21,0x24,0x29,0x24,0x21,0x45,0x29,
    0x24,0x29,0x24,0x21,0x24,0x29,0x24,0x21,0x04,0x29,0x44,0x29,0x24,0x29,0x24,0x21,0x24,0x29,0x04,0x29,0x44,0x29,0x44,0x29,
    0x44,0x29,0x25,0x29,0x44,0x29,0x24,0x29,0x44,0x29,0x44,0x29,0x03,0x29,0x04,0x21,0x03,0x21,0x24,0x29,0x03,0x21,0xa6,0x39,
    0x07,0x42,0x03,0x21,0x24,0x29,0x23,0x21,0x03,0x21,0x23,0x29,0x24,0x29,0x24,0x29,0x23,0x21,0x03,0x21,0x03,0x21,0x04,0x29,
    0x24,0x29,0x24,0x29,0x03,0x21,0x03,0x21,0x04,0x29,0x24,0x29,0x03,0x21,0x04,0x21,0x24,0x29,0x04,0x21,0x03,0x21,0x23,0x21,
    0x24,0x29,0x24,0x21,0x24,0x29,0x24,0x29,0x23,0x21,0x44,0x29,0x24,0x29,0x44,0x29,0x24,0x29,0x24,0x29,0x24,0x29,0x23,0x29,
    0x44,0x29,0x24,0x29,0x24,0x29,0x24,0x29,0x44,0x29,0x24,0x29,0x24,0x29,0x24,0x29,0x24,0x29,0x44,0x29,0x24,0x29,0x24,0x29,
    0x24,0x29,0x24,0x29,0x44,0x29,0x45,0x29,0x24,0x29,0x44,0x29,0x45,0x29,0x24,0x29,0x44,0x31,0x44,0x29,0x45,0x29,0x45,0x31,
    0x44,0x29,0x24,0x29,0x45,0x29,0x44,0x29,0x45,0x29,0x44,0x29,0x45,0x29,0x65,0x31,0x44,0x29,0x45,0x29,0x65,0x29,0x44,0x29,
    0x65,0x31,0x44,0x29,0x65,0x31,0x44,0x29,0x45,0x31,0x65,0x31,0x45,0x29,0x65,0x31,0x65,0x29,0x45,0x29,0x65,0x29,0x45,0x29,
    0x45,0x31,0x65,0x29,0x45,0x31,0x45,0x29,0x45,0x29,0x65,0x31,0x65,0x29,0x65,0x31,0x65,0x29,0x44,0x29,0x65,0x29,0x64,0x31,
    0x45,0x29,0x65,0x31,0x44,0x29,0x45,0x31,0x44,0x29,0x65,0x29,0x44,0x29,0x45,0x29,0x45,0x29,0x65,0x29,0x45,0x29,0x44,0x29,
    0x24,0x29,0x44,0x29,0x24,0x29,0x45,0x29,0x44,0x21,0x44,0x29,0x44,0x29,0x24,0x29,0x44,0x29,0x24,0x29,0x44,0x29,0x44,0x29,
    0x24,0x29,0x44,0x29,0x24,0x29,0x45,0x29,0x44,0x29,0x24,0x29,0x44,0x21,0x44,0x29,0x44,0x29,0x44,0x29,0x24,0x21,0x24,0x29,
    0x44,0x21,0x24,0x29,0x24,0x21,0x24,0x29,0x44,0x29,0x24,0x29,0x24,0x21,0x03,0x21,0x24,0x29,0x24,0x29,0x23,0x21,0x03,0x21,
    0x24,0x29,0x44,0x29,0x24,0x29,0x24,0x29,0x24,0x21,0x04,0x29,0x04,0x21,0x24,0x29,0x24,0x29,0x04,0x21,0x04,0x29,0x24,0x29,
    0x04,0x21,0x03,0x21,0x24,0x29,0x04,0x21,0x24,0x29,0x03,0x21,0x04,0x29,0x24,0x29,0x24,0x29,0x04,0x29,0x23,0x21,0x24,0x29,
    0x04,0x29,0x23,0x21,0xe3,0x20,0x04,0x21,0x24,0x29,0x24,0x21,0x03,0x21,0x04,0x29,0x03,0x21,0x04,0x21,0x03,0x21,0x03,0x21,
    0x03,0x29,0x04,0x21,0x03,0x21,0x03,0x21,0x24,0x29,0xe3,0x20,0x24,0x29,0x24,0x29,0x03,0x21,0x04,0x21,0x24,0x29,0x03,0x21,
    0x03,0x21,0x24,0x29,0x03,0x21,0x24,0x29,0x24,0x29,0x23,0x21,0x24,0x29,0x23,0x21,0x04,0x29,0x24,0x29,0x24,0x29,0x24,0x29,
    0x24,0x21,0x03,0x29,0x24,0x21,0x24,0x29,0x23,0x21,0x24,0x29,0x23,0x21,0x04,0x21,0x44,0x29,0x44,0x29,0x24,0x29,0x24,0x29,
    0x24,0x29,0x03,0x21,0x24,0x29,0x24,0x29,0x24,0x29,0x24,0x29,0x24,0x29,0x24,0x29,0x24,0x29,0x44,0x29,0x44,0x29,0x45,0x29,
    0x24,0x29,0x45,0x29,0x44,0x29,0x45,0x29,0x45,0x29,0x44,0x29,0x44,0x29,0x24,0x29,0x44,0x29,0x04,0x29,0xc6,0x39,0x8a,0x52,
    0x24,0x21,0x44,0x31,0x24,0x29,0x45,0x29,0x44,0x29,0x44,0x29,0x45,0x29,0x44,0x29,0x44,0x29,0x65,0x29,0x44,0x29,0x45,0x29,
    0x44,0x29,0x44,0x29,0x24,0x29,0x65,0x29,0x45,0x29,0x45,0x29,0x44,0x29,0x65,0x29,0x45,0x29,0x44,0x29,0x65,0x31,0x86,0x31,
    0x45,0x31,0x45,0x29,0x44,0x29,0x24,0x29,0x45,0x29,0x44,0x29,0x45,0x29,0x64,0x29,0x45,0x29,0x24,0x29,0x44,0x29,0x25,0x29,
    0x65,0x29,0x45,0x31,0x24,0x29,0x45,0x29,0x45,0x29,0x45,0x29,0x24,0x29,0x44,0x29,0x24,0x29,0x25,0x29,0x45,0x29,0x24,0x21,
    0x24,0x29,0x25,0x21,0x24,0x29,0x24,0x21,0x24,0x29,0x24,0x29,0x44,0x29,0x44,0x29,0x24,0x21,0x24,0x29,0x24,0x21,0x24,0x29,
    0x24,0x21,0x24,0x29,0x24,0x29,0x24,0x21,0x24,0x29,0x04,0x21,0x24,0x29,0x24,0x21,0x44,0x29,0x03,0x21,0x24,0x21,0x03,0x21,
    0x03,0x21,0x24,0x29,0x24,0x21,0x03,0x21,0x04,0x21,0x65,0x29,0x04,0x21,0x24,0x21,0x04,0x21,0x03,0x21,0x24,0x29,0x04,0x21,
    0x24,0x21,0x24,0x29,0xe3,0x20,0x03,0x21,0x04,0x21,0x04,0x21,0x03,0x21,0x04,0x21,0x03,0x21,0x04,0x29,0x03,0x21,0xc6,0x39,
    0x65,0x29,0xe3,0x20,0x04,0x29,0x03,0x21,0x03,0x21,0x04,0x21,0x23,0x21,0x03,0x21,0xe3,0x20,0x03,0x21,0xe3,0x20,0x03,0x21,
    0x04,0x21,0x03,0x29,0xe3,0x20,0xe3,0x20,0x03,0x21,0xe3,0x20,0x03,0x21,0x03,0x21,0x24,0x29,0x24,0x21,0x04,0x29,0x03,0x21,
    0x04,0x21,0x03,0x21,0x03,0x21,0xe4,0x20,0x03,0x21,0xe3,0x20,0x24,0x21,0x24,0x29,0x03,0x21,0x24,0x21,0x03,0x21,0x03,0x21,
    0x24,0x29,0x03,0x21,0x24,0x21,0x03,0x21,0x04,0x29,0x03,0x21,0x23,0x21,0x04,0x29,0x03,0x21,0x04,0x29,0x23,0x21,0x04,0x29,
    0x23,0x29,0x04,0x21,0x03,0x21,0x24,0x29,0x23,0x29,0x24,0x29,0x03,0x21,0x24,0x29,0x44,0x29,0x24,0x29,0x24,0x29,0x24,0x29,
    0x44,0x29,0x04,0x29,0x24,0x29,0x24,0x29,0x24,0x29,0x45,0x29,0x24,0x29,0x24,0x29,0x45,0x29,0x24,0x29,0x25,0x29,0x44,0x29,
    0x24,0x21,0x24,0x21,0x86,0x31,0x07,0x42,0x24,0x29,0x44,0x21,0x24,0x29,0x24,0x21,0x24,0x29,0x44,0x29,0x44,0x29,0x24,0x29,
    0x45,0x29,0x24,0x29,0x44,0x29,0x24,0x29,0x45,0x29,0x44,0x29,0x45,0x29,0x45,0x31,0x44,0x29,0x44,0x29,0x25,0x29,0x44,0x29,
    0x44,0x29,0x25,0x29,0x44,0x29,0x45,0x29,0x45,0x29,0x44,0x29,0x44,0x29,0x25,0x29,0x44,0x29,0x45,0x29,0x44,0x29,0x24,0x29,
    0x24,0x21,0x24,0x29,0x44,0x29,0x45,0x29,0x24,0x29,0x24,0x21,0x44,0x29,0x24,0x29,0x24,0x29,0x24,0x29,0x24,0x29,0x24,0x29,
    0x24,0x21,0x44,0x29,0x04,0x21,0x24,0x29,0x44,0x29,0x24,0x29,0x24,0x21,0x24,0x29,0x24,0x21,0x24,0x21,0x24,0x29,0x24,0x21,
    0x04,0x21,0x24,0x29,0x24,0x29,0x24,0x21,0x24,0x29,0x04,0x21,0x24,0x21,0x04,0x21,0x24,0x29,0x24,0x21,0x03,0x21,0x24,0x29,
    0x03,0x21,0x04,0x21,0x24,0x29,0x24,0x29,0x03,0x21,0x03,0x21,0x24,0x29,0x24,0x21,0x03,0x21,0x03,0x21,0x04,0x29,0x23,0x21,
    0x04,0x21,0x03,0x21,0x04,0x21,0x03,0x29,0x04,0x21,0x03,0x21,0x04,0x21,0x03,0x21,0x03,0x21,0x03,0x21,0x04,0x21,0x03,0x21,
    0xe3,0x20,0x03,0x21,0xe3,0x20,0x04,0x21,0x03,0x21,0xe3,0x20,0x03,0x21,0x03,0x21,0x03,0x21,0xe3,0x20,0x04,0x21,0x03,0x21,
    0x03,0x21,0xe3,0x20,0xe3,0x18,0xe3,0x20,0x03,0x21,0x04,0x21,0xe3,0x20,0x03,0x21,0xe3,0x20,0xe3,0x20,0xe3,0x20,0x03,0x21,
    0x24,0x29,0x04,0x29,0x03,0x21,0x04,0x21,0xe3,0x20,0xe3,0x20,0x04,0x21,0x03,0x21,0xe3,0x20,0xe3,0x20,0x03,0x21,0x03,0x21,
    0x04,0x29,0x03,0x21,0x03,0x21,0x03,0x21,0x04,0x21,0x04,0x29,0x03,0x21,0x03,0x29,0x03,0x21,0x04,0x21,0x23,0x29,0x03,0x21,
    0x24,0x29,0x03,0x21,0xe3,0x20,0x03,0x21,0x04,0x21,0x03,0x21,0x03,0x29,0xe3,0x20,0x24,0x21,0x24,0x21,0x03,0x29,0x04,0x21,
    0x24,0x29,0x04,0x21,0x24,0x29,0x24,0x29,0x24,0x21,0x04,0x29,0x04,0x21,0x04,0x29,0x24,0x29,0x04,0x21,0x24,0x29,0x24,0x29,
    0x04,0x29,0x03,0x21,0x24,0x21,0x24,0x29,0x24,0x29,0x24,0x29,0x04,0x21,0x03,0x21,0x24,0x29,0x04,0x21,0x24,0x29,0x24,0x21,
    0x24,0x29,0x24,0x21,0x24,0x29,0x24,0x21,0x24,0x29,0x24,0x21,0x45,0x29,0x24,0x29,0x24,0x29,0x24,0x21,0x24,0x29,0x24,0x21,
    0x24,0x29,0x24,0x21,0x24,0x29,0x24,0x29,0x25,0x29,0x24,0x21,0x24,0x29,0x24,0x29,0x44,0x29,0x24,0x29,0x24,0x21,0x24,0x29,
    0x44,0x29,0x24,0x21,0x24,0x29,0x24,0x29,0x24,0x21,0x24,0x29,0x24,0x21,0x24,0x29,0x24,0x29,0x24,0x21,0x24,0x29,0x24,0x21,
    0x24,0x29,0x04,0x21,0x24,0x21,0x04,0x21,0x24,0x29,0x04,0x21,0x24,0x29,0x24,0x21,0x03,0x21,0x04,0x21,0x24,0x21,0x03,0x21,
    0x04,0x21,0x03,0x21,0x04,0x21,0x03,0x21,0x24,0x21,0x04,0x21,0x24,0x21,0x04,0x21,0x04,0x21,0x04,0x21,0x04,0x21,0x24,0x21,
    0x04,0x21,0x03,0x21,0x04,0x21,0x03,0x21,0xe3,0x20,0xe3,0x20,0x03,0x21,0x04,0x21,0x04,0x21,0x03,0x21,0xe3,0x20,0x04,0x21,
    0xe3,0x20,0xe3,0x20,0x04,0x21,0x03,0x21,0xe3,0x20,0x03,0x21,0xe3,0x20,0x04,0x21,0x03,0x21,0x03,0x21,0x03,0x21,0xe3,0x20,
    0x04,0x21,0xe3,0x20,0x03,0x21,0x03,0x21,0x04,0x21,0x03,0x21,0xe3,0x20,0xe3,0x18,0xe3,0x20,0x03,0x21,0xe3,0x18,0xe3,0x20,
    0xe3,0x20,0xe3,0x18,0xe3,0x20,0xe3,0x20,0xe3,0x18,0xe3,0x20,0xe3,0x20,0xe3,0x18,0xe3,0x20,0xe3,0x20,0xe3,0x18,0xe3,0x20,
    0xe3,0x18,0xe3,0x20,0x03,0x21,0xe3,0x18,0x24,0x21,0xe3,0x20,0xe3,0x20,0xe4,0x20,0xe3,0x20,0xe3,0x20,0xe3,0x18,0xe3,0x20,
    0xe3,0x20,0x03,0x21,0xe4,0x20,0xe3,0x18,0xe3,0x20,0x03,0x21,0xe3,0x20,0xe3,0x20,0x03,0x21,0x03,0x21,0x03,0x21,0x04,0x21,
    0x03,0x21,0x04,0x29,0x03,0x21,0xe3,0x20,0x04,0x21,0xe3,0x20,0x04,0x21,0x24,0x29,0x03,0x29,0xe3,0x20,0xe3,0x20,0xe3,0x20,
    0x23,0x21,0x04,0x21,0x03,0x21,0xe3,0x20,0x24,0x21,0x03,0x29,0x24,0x21,0x04,0x21,0xe3,0x20,0x04,0x21,0x03,0x21,0x24,0x21,
    0x04,0x29,0x04,0x21,0x24,0x29,0x04,0x21,0x24,0x21,0x24,0x29,0x04,0x21,0x24,0x21,0x24,0x21,0x24,0x29,0x24,0x21,0x24,0x29,
    0x24,0x21,0x04,0x21,0x23,0x21,0x04,0x21,0x24,0x29,0x24,0x21,0x24,0x29,0x24,0x21,0x03,0x29,0x24,0x21,0x24,0x29,0x24,0x21,
    0x24,0x29,0x24,0x21,0x24,0x29,0x24,0x21,0x25,0x29,0x24,0x29,0x25,0x29,0x24,0x21,0x24,0x29,0x24,0x21,0x04,0x21,0x24,0x21,
    0x04,0x29,0x24,0x21,0x24,0x29,0x24,0x21,0x04,0x21,0x04,0x29,0x24,0x21,0x24,0x21,0x24,0x29,0x04,0x21,0x04,0x21,0x24,0x21,
    0x24,0x21,0x04,0x21,0x04,0x21,0x24,0x21,0x45,0x31,0x24,0x21,0x24,0x29,0x04,0x21,0x24,0x21,0x04,0x21,0x24,0x29,0x24,0x21,
    0x04,0x21,0x03,0x21,0x04,0x21,0x24,0x29,0x03,0x21,0x04,0x21,0x03,0x21,0x04,0x21,0x03,0x21,0x03,0x21,0xe4,0x20,0x04,0x21,
    0x04,0x21,0x04,0x21,0x03,0x21,0x04,0x29,0x03,0x21,0x04,0x21,0x04,0x21,0x04,0x21,0x03,0x21,0x03,0x21,0x03,0x21,0xe3,0x20,
    0x24,0x21,0x04,0x21,0x04,0x21,0x03,0x21,0x03,0x21,0x04,0x21,0xe3,0x20,0xe3,0x20,0x04,0x21,0xe3,0x18,0xe3,0x20,0xe3,0x20,
    0x03,0x21,0x04,0x21,0xe3,0x20,0xe3,0x20,0xc3,0x18,0xe3,0x18,0xe3,0x20,0xe3,0x20,0xe3,0x18,0xe3,0x20,0xe3,0x18,0xe3,0x20,
    0xe3,0x18,0xe3,0x20,0xe3,0x18,0xe3,0x20,0xc2,0x18,0xe3,0x18,0xe3,0x18,0xc3,0x18,0xe3,0x20,0xe3,0x18,0xc3,0x18,0xc3,0x18,
    0xe3,0x20,0xc3,0x18,0xc3,0x20,0xe3,0x18,0xe3,0x20,0xe3,0x20,0xe3,0x18,0xe3,0x20,0x04,0x29,0x03,0x21,0xe3,0x18,0xe3,0x20,
    0xe3,0x18,0xc3,0x18,0xe3,0x20,0xe3,0x18,0xe3,0x20,0xe4,0x18,0xe3,0x20,0x03,0x21,0xe3,0x20,0xe3,0x20,0x03,0x21,0x03,0x21,
    0xe3,0x20,0xe3,0x20,0x04,0x21,0x03,0x21,0xe3,0x20,0x03,0x21,0xe4,0x20,0x03,0x21,0x03,0x21,0xe3,0x20,0xc2,0x20,0xce,0x73,
    0x85,0x31,0xc3,0x18,0x03,0x21,0xe3,0x20,0x03,0x21,0xe3,0x20,0xe3,0x20,0x03,0x21,0xe4,0x20,0xe3,0x20,0xe3,0x20,0x04,0x21,
    0x03,0x21,0x04,0x21,0x03,0x21,0x04,0x21,0x03,0x21,0x04,0x21,0x04,0x21,0x23,0x21,0x04,0x21,0x03,0x21,0x04,0x29,0x03,0x21,
    0x04,0x21,0x03,0x21,0x04,0x21,0x03,0x21,0x04,0x21,0x04,0x21,0x04,0x29,0x03,0x21,0x04,0x21,0x03,0x21,0x03,0x21,0x04,0x21,
    0x04,0x21,0x04,0x21,0x04,0x21,0x24,0x29,0x04,0x21,0x04,0x29,0x45,0x29,0x04,0x21,0x04,0x21,0x04,0x21,0x04,0x21,0x24,0x21,
    0x04,0x29,0x25,0x29,0x24,0x21,0x04,0x29,0x04,0x21,0x04,0x21,0x04,0x21,0x04,0x21,0x03,0x21,0x04,0x21,0x03,0x21,0x04,0x21,
    0x04,0x21,0x24,0x21,0xe3,0x20,0x24,0x29,0x24,0x21,0x03,0x21,0x04,0x29,0x04,0x21,0x24,0x21,0x04,0x21,0x04,0x21,0x03,0x21,
    0x03,0x21,0x03,0x21,0xe3,0x20,0x04,0x21,0x03,0x21,0x04,0x21,0x03,0x21,0x03,0x21,0xe3,0x20,0x03,0x21,0x24,0x21,0x03,0x21,
    0x04,0x21,0xe3,0x20,0x04,0x21,0x03,0x21,0xe3,0x20,0x24,0x21,0x04,0x21,0xe3,0x20,0xe4,0x20,0xe3,0x20,0xe3,0x18,0x03,0x21,
    0xe3,0x20,0xe3,0x18,0xe3,0x18,0xe3,0x20,0xe3,0x20,0xe3,0x20,0x04,0x21,0x03,0x21,0xc3,0x18,0xe3,0x18,0xe3,0x20,0x04,0x19,
    0xe3,0x20,0xe3,0x20,0xe3,0x18,0xe3,0x18,0xe3,0x20,0xe3,0x18,0xe3,0x20,0xe2,0x18,0xe3,0x18,0xe3,0x20,0xc3,0x18,0x03,0x21,
    0xe3,0x18,0xe3,0x20,0xe3,0x20,0xe3,0x18,0xc3,0x20,0xe3,0x18,0xe3,0x20,0xc2,0x18,0xc3,0x18,0xe2,0x20,0xc3,0x18,0xe2,0x20,
    0xa2,0x18,0xc3,0x18,0xe2,0x18,0xc2,0x18,0xc3,0x20,0xc2,0x18,0xc2,0x18,0xc3,0x18,0xe3,0x20,0xe3,0x18,0xc3,0x20,0xe3,0x18,
    0x03,0x21,0xe3,0x20,0xe3,0x18,0xc3,0x18,0xe3,0x20,0xe3,0x18,0xc3,0x18,0xe3,0x20,0xe3,0x18,0xe3,0x20,0xe3,0x18,0xe3,0x20,
    0xe3,0x18,0xe3,0x18,0xc3,0x20,0xe3,0x18,0xe3,0x20,0xe3,0x18,0xe3,0x20,0xe3,0x20,0xe3,0x20,0xe3,0x18,0xe3,0x20,0x03,0x21,
    0xe3,0x20,0xe3,0x20,0xe3,0x18,0x6d,0x6b,0x65,0x31,0xc2,0x18,0xe3,0x18,0xe3,0x20,0xc3,0x18,0xe3,0x20,0xe3,0x20,0xe3,0x20,
    0x03,0x19,0xe3,0x20,0x03,0x19,0xe3,0x20,0xe3,0x18,0xe3,0x20,0x04,0x21,0x03,0x21,0xe4,0x20,0x03,0x21,0xe3,0x20,0x04,0x21,
    0xe3,0x20,0xe3,0x20,0x04,0x21,0x03,0x21,0x04,0x21,0xe3,0x20,0xe3,0x20,0xe3,0x20,0x04,0x21,0x03,0x21,0x03,0x21,0x03,0x21,
    0x03,0x21,0x03,0x21,0xe4,0x20,0x03,0x21,0x04,0x21,0x03,0x29,0x03,0x21,0xe4,0x20,0x24,0x21,0x04,0x21,0x03,0x21,0x04,0x21,
    0x03,0x21,0x04,0x21,0x04,0x21,0x24,0x21,0x04,0x21,0x03,0x21,0x04,0x21,0x04,0x21,0x04,0x21,0x03,0x21,0x04,0x21,0xe3,0x20,
    0x03,0x21,0x04,0x21,0xe3,0x20,0xe3,0x20,0xe3,0x20,0x03,0x21,0xe3,0x20,0x03,0x21,0xe4,0x20,0x03,0x21,0x04,0x21,0x03,0x21,
    0x04,0x21,0x03,0x21,0xe3,0x20,0x04,0x21,0xe3,0x20,0x04,0x21,0xe3,0x20,0xe3,0x20,0xe3,0x18,0x03,0x21,0xe4,0x20,0xe3,0x18,
    0xe3,0x20,0x03,0x19,0xe3,0x20,0xe3,0x18,0xe3,0x20,0x03,0x19,0xe3,0x20,0xe3,0x18,0xe3,0x20,0x24,0x29,0x04,0x21,0xe3,0x18,
    0xe3,0x18,0xe3,0x20,0xe3,0x18,0xc3,0x20,0xe3,0x18,0xc3,0x18,0xc3,0x18,0xe3,0x20,0x04,0x19,0xe3,0x18,0xe3,0x20,0xe3,0x20,
    0xe3,0x18,0xe3,0x20,0xe3,0x18,0xe3,0x20,0xe3,0x18,0xc3,0x18,0xe3,0x20,0xc2,0x18,0xe3,0x20,0xe2,0x18,0xc3,0x18,0xc3,0x18,
    0xc2,0x18,0xe3,0x20,0xe2,0x18,0xe3,0x20,0xc3,0x18,0xe3,0x18,0x04,0x21,0xe3,0x20,0xe3,0x18,0xe3,0x20,0xe3,0x18,0xc3,0x18,
    0xe3,0x20,0xc3,0x18,0xc2,0x18,0xc3,0x18,0xc2,0x18,0xc2,0x18,0xc3,0x18,0xc3,0x18,0xc3,0x18,0xe3,0x18,0xe3,0x20,0xc3,0x18,
    0xc3,0x18,0xc2,0x18,0xe3,0x18,0xa2,0x18,0xe3,0x18,0xe3,0x20,0xa3,0x18,0xc3,0x18,0xc2,0x18,0xc3,0x18,0xc2,0x18,0xc3,0x18,
    0xc3,0x18,0xc2,0x18,0xe3,0x20,0xc2,0x18,0xc2,0x18,0xe3,0x20,0xc2,0x18,0xc3,0x20,0xc3,0x18,0xe2,0x18,0xe3,0x20,0xe3,0x18,
    0xc3,0x18,0xe3,0x18,0xc2,0x18,0xc3,0x18,0xe3,0x20,0xe3,0x18,0xe3,0x20,0xe3,0x20,0xc2,0x18,0xe3,0x18,0xe3,0x20,0xe3,0x20,
    0xc2,0x18,0xe3,0x18,0xe3,0x20,0xe3,0x20,0x03,0x21,0xe3,0x18,0xe4,0x20,0xe3,0x20,0xe3,0x20,0xe3,0x20,0xe3,0x20,0xe3,0x18,
    0xe3,0x20,0x24,0x21,0xe3,0x18,0xe3,0x20,0x04,0x21,0xe3,0x20,0x03,0x21,0xe3,0x18,0xe3,0x20,0xe4,0x20,0xe3,0x18,0x03,0x21,
    0xe3,0x20,0x03,0x21,0xe4,0x20,0xe3,0x20,0x04,0x21,0xe3,0x20,0x03,0x21,0x04,0x21,0x03,0x21,0x04,0x21,0x04,0x21,0x03,0x21,
    0x24,0x29,0x24,0x29,0x03,0x21,0x04,0x21,0xe3,0x20,0x03,0x21,0xe3,0x20,0x04,0x21,0xe3,0x20,0xe4,0x20,0xe3,0x20,0x03,0x21,
    0x04,0x21,0xe3,0x20,0x03,0x21,0x04,0x21,0x04,0x21,0x03,0x21,0x04,0x21,0x03,0x19,0x03,0x21,0xe3,0x20,0xe3,0x18,0x04,0x21,
    0x03,0x21,0x04,0x21,0xe3,0x20,0xe3,0x18,0xe3,0x20,0x04,0x21,0xe3,0x20,0xe3,0x20,0x04,0x21,0xe3,0x20,0xe3,0x18,0x04,0x21,
    0x03,0x21,0xe4,0x20,0xe3,0x20,0x03,0x21,0xc3,0x18,0xe3,0x20,0xe3,0x18,0x03,0x21,0xe3,0x20,0xe3,0x20,0xe3,0x18,0xe4,0x20,
    0xc3,0x18,0xe3,0x18,0xe3,0x20,0xe3,0x18,0xe3,0x20,0xe3,0x18,0xe3,0x20,0xe3,0x18,0xe3,0x20,0xc3,0x18,0x03,0x21,0xc3,0x18,
    0xc3,0x20,0xc3,0x18,0xc3,0x18,0xe3,0x18,0xe3,0x20,0xc3,0x18,0xe3,0x20,0xc3,0x18,0xe2,0x20,0xc3,0x18,0xc2,0x18,0xc2,0x18,
    0xc3,0x18,0xc2,0x18,0xc2,0x18,0xe3,0x18,0xc2,0x18,0xe3,0x18,0xc3,0x18,0xe3,0x18,0xc2,0x18,0xc3,0x18,0xc2,0x18,0xc3,0x18,
    0xc2,0x18,0xc2,0x18,0xc2,0x18,0xc2,0x18,0xc2,0x18,0xe3,0x18,0x03,0x21,0xc3,0x18,0xc2,0x18,0xa3,0x18,0xc2,0x18,0xc3,0x18,
    0xe3,0x20,0xc3,0x18,0xc3,0x18,0xe3,0x18,0xc2,0x18,0xc3,0x18,0xc3,0x18,0xc3,0x18,0xc3,0x18,0xc3,0x18,0xc2,0x18,0xc2,0x18,
    0xc3,0x18,0xa2,0x18,0xc3,0x18,0xc2,0x18,0xc2,0x18,0xc3,0x18,0xc2,0x18,0xc3,0x18,0xa2,0x18,0xa2,0x18,0xc3,0x18,0xe2,0x18,
    0xc3,0x20,0xc2,0x18,0xc3,0x18,0xe2,0x20,0xe3,0x18,0xc2,0x18,0xc3,0x18,0xe3,0x20,0xe3,0x18,0xc2,0x18,0xe3,0x18,0xe3,0x20,
    0xe3,0x18,0xe3,0x20,0xc2,0x18,0xe3,0x20,0xc3,0x18,0xc2,0x20,0xe3,0x18,0xc3,0x18,0xe3,0x20,0xe3,0x20,0xe3,0x18,0xe3,0x18,
    0xe3,0x20,0x04,0x19,0xe3,0x18,0xe3,0x20,0xe3,0x18,0xe4,0x20,0xe3,0x20,0xe3,0x18,0x03,0x21,0x04,0x21,0xe3,0x18,0xe3,0x20,
    0xe3,0x20,0xe3,0x18,0xe4,0x20,0x03,0x21,0xe4,0x18,0xe3,0x18,0xe3,0x18,0x04,0x21,0xe3,0x18,0x04,0x21,0x03,0x21,0xe4,0x20,
    0x03,0x21,0xe3,0x18,0xe4,0x20,0x03,0x21,0x04,0x21,0x04,0x21,0x04,0x21,0x04,0x21,0xe3,0x20,0x25,0x29,0xc7,0x39,0xc3,0x18,
    0x04,0x21,0xe3,0x18,0xe4,0x20,0xe3,0x18,0x04,0x21,0x04,0x21,0x04,0x21,0x03,0x21,0xe3,0x20,0xe3,0x20,0xe3,0x18,0xe3,0x20,
    0xe4,0x20,0xe3,0x18,0xe3,0x20,0xe3,0x18,0xe3,0x20,0xe3,0x18,0x04,0x21,0xe3,0x20,0xe4,0x18,0xe3,0x20,0xe4,0x18,0xe3,0x20,
    0x03,0x19,0xe3,0x20,0xe3,0x20,0xc3,0x18,0xe3,0x20,0x03,0x21,0xe3,0x18,0xe3,0x20,0xe3,0x18,0xe3,0x20,0xe3,0x18,0xe3,0x20,
    0xe4,0x18,0xe3,0x20,0xe4,0x18,0xe3,0x20,0xe3,0x20,0xc3,0x18,0xe3,0x18,0xc3,0x20,0xc3,0x18,0xc3,0x18,0xc3,0x18,0xc3,0x18,
    0xe3,0x18,0xc3,0x18,0xe3,0x20,0xc3,0x18,0xc3,0x18,0xc3,0x18,0xe3,0x20,0xc3,0x18,0xe3,0x20,0xc3,0x18,0xc2,0x18,0xc3,0x18,
    0xc2,0x18,0xc3,0x18,0xc2,0x18,0xc3,0x18,0xc2,0x18,0xc3,0x18,0xc2,0x18,0xc3,0x18,0xc2,0x18,0xe3,0x20,0xc2,0x18,0xc3,0x18,
    0xe3,0x20,0xc2,0x18,0xc3,0x18,0xa2,0x18,0x0d,0x53,0x24,0x29,0xa2,0x10,0xc3,0x18,0xc2,0x18,0xc3,0x18,0x44,0x29,0x03,0x21,
    0xc3,0x18,0xc2,0x18,0xa2,0x18,0xc2,0x18,0xc2,0x18,0xc3,0x18,0xa2,0x18,0xa2,0x18,0xc3,0x18,0xa2,0x18,0xa2,0x18,0xc2,0x18,
    0xa2,0x18,0xc2,0x18,0xc3,0x18,0xc3,0x18,0xc2,0x18,0xc2,0x18,0xa2,0x18,0xc3,0x18,0xc2,0x18,0xc3,0x18,0xc2,0x18,0xc3,0x18,
    0xc2,0x18,0xc3,0x18,0xc2,0x18,0xc3,0x18,0xc3,0x18,0xc3,0x18,0xc2,0x18,0xc3,0x18,0xc3,0x18,0xc3,0x18,0xc2,0x18,0xc3,0x18,
    0xc2,0x18,0xc3,0x20,0xe3,0x18,0xc2,0x18,0xc2,0x18,0xc3,0x18,0xc2,0x18,0xc3,0x18,0xc2,0x18,0xc3,0x18,0xc2,0x18,0xc3,0x18,
    0xc3,0x18,0xe3,0x18,0xc3,0x18,0xc3,0x20,0xc3,0x18,0xe3,0x20,0xc3,0x18,0xe4,0x20,0xe3,0x18,0xc3,0x18,0xe3,0x20,0xe3,0x18,
    0xe4,0x20,0xe3,0x18,0x04,0x21,0xe4,0x20,0xe3,0x18,0xe4,0x20,0xe3,0x18,0xc3,0x18,0xe3,0x20,0xc3,0x18,0xe3,0x20,0xc3,0x18,
    0xc3,0x18,0x24,0x29,0xe4,0x20,0xe3,0x18,0x04,0x21,0x24,0x29,0xe3,0x18,0xe4,0x20,0xc3,0x18,0xe3,0x20,0xc3,0x18,0x04,0x21,
    0xc3,0x18,0x66,0x31,0x28,0x42,0xc3,0x18,0xe4,0x20,0xe3,0x18,0xe3,0x20,0xe4,0x20,0xe3,0x18,0xe3,0x20,0xe3,0x20,0xe3,0x20,
    0xe4,0x18,0xe3,0x20,0xe3,0x18,0xe3,0x20,0xe3,0x18,0xe3,0x18,0xc3,0x18,0xe3,0x18,0xe3,0x20,0xe3,0x20,0xe3,0x18,0xe3,0x20,
    0xe3,0x18,0xe3,0x20,0xe3,0x18,0xe3,0x20,0xc3,0x18,0xe4,0x20,0xe3,0x18,0xe3,0x18,0xe3,0x18,0xc3,0x18,0xe3,0x18,0xe3,0x20,
    0xc3,0x18,0xe3,0x18,0xe3,0x20,0xe3,0x18,0xe3,0x20,0xc3,0x18,0xc3,0x18,0xe3,0x18,0xe3,0x18,0xc3,0x18,0xc3,0x18,0xe3,0x18,
    0xc3,0x18,0xc3,0x18,0xc2,0x18,0xc3,0x18,0xc3,0x20,0xc3,0x18,0xe3,0x18,0xc2,0x18,0xe3,0x18,0xe3,0x18,0xa2,0x18,0xc2,0x18,
    0xe3,0x18,0xc3,0x18,0xc3,0x18,0xc2,0x18,0xc3,0x18,0xc2,0x18,0xc3,0x18,0xe2,0x20,0xe3,0x18,0xc2,0x18,0xe3,0x18,0xc2,0x18,
    0xc3,0x18,0xc2,0x18,0xe3,0x18,0xc2,0x18,0xc2,0x18,0xc3,0x18,0xc2,0x18,0xa2,0x10,0xcc,0x52,0x24,0x21,0xa2,0x18,0xc3,0x20,
    0xc2,0x18,0xc2,0x18,0xa3,0x18,0xc2,0x18,0xa2,0x10,0xc3,0x18,0xa2,0x18,0xa2,0x10,0xa2,0x18,0xc3,0x18,0xa2,0x18,0xa2,0x10,
    0xa3,0x18,0xc2,0x18,0xa3,0x18,0xc3,0x18,0xa2,0x18,0xc3,0x18,0xc2,0x18,0xa2,0x18,0xa3,0x18,0xa2,0x10,0xa2,0x18,0xc3,0x18,
    0xc2,0x18,0xc2,0x18,0xa2,0x18,0xa2,0x18,0xc2,0x18,0xa2,0x18,0xc3,0x18,0xc2,0x18,0xc2,0x18,0xc3,0x18,0xc2,0x18,0xc3,0x18,
    0xa2,0x18,0xc3,0x18,0xc3,0x18,0xc2,0x18,0xa3,0x18,0xc2,0x18,0xc2,0x18,0xc3,0x18,0xa2,0x18,0xc2,0x18,0xc3,0x18,0xc2,0x18,
    0xc3,0x18,0xa2,0x18,0xc2,0x18,0xa2,0x18,0xc2,0x18,0xc3,0x18,0xe3,0x20,0xc3,0x18,0xe3,0x18,0xc3,0x18,0xe3,0x20,0xc3,0x18,
    0xc3,0x18,0xc2,0x18,0xe3,0x20,0xc3,0x18,0xe3,0x18,0xc2,0x18,0xe4,0x20,0xc3,0x18,0xe3,0x20,0xc3,0x18,0xe3,0x20,0xc2,0x18,
    0xc3,0x18,0xe3,0x20,0xe3,0x18,0xc3,0x20,0xc3,0x18,0xc3,0x18,0xe3,0x18,0xc3,0x18,0x24,0x29,0x45,0x29,0xc3,0x18,0xe3,0x20,
    0xe3,0x18,0xe4,0x20,0xc3,0x18,0xc3,0x18,0xc3,0x18,0xe3,0x18,0xc3,0x18,0xc3,0x18,0xc3,0x18,0xe3,0x18,0xc3,0x18,0xe3,0x18,
    0xc2,0x18,0xc3,0x18,0xe3,0x18,0xe3,0x18,0xc3,0x20,0xc3,0x18,0xc2,0x18,0xc3,0x18,0xc3,0x18,0xe3,0x20,0xc2,0x18,0xe3,0x20,
    0xe3,0x18,0xc3,0x18,0xc3,0x18,0xc2,0x18,0xc3,0x18,0xe3,0x20,0xc3,0x18,0xc3,0x18,0xe3,0x18,0xc3,0x18,0xe3,0x20,0xc3,0x18,
    0xc3,0x20,0xc3,0x18,0xc3,0x18,0xc3,0x18,0xc2,0x18,0xc3,0x18,0xc3,0x18,0xc2,0x18,0xa3,0x18,0xc3,0x18,0xc2,0x18,0xc3,0x18,
    0xc3,0x20,0xc3,0x18,0xa2,0x18,0xc3,0x18,0xc2,0x18,0xc3,0x18,0xc3,0x18,0xa2,0x18,0xc3,0x18,0xa2,0x18,0xc3,0x18,0xc3,0x18,
    0xa2,0x18,0xc3,0x18,0xc2,0x18,0xc3,0x18,0xc3,0x18,0xc2,0x18,0xc2,0x18,0xc3,0x18,0xc2,0x18,0xc2,0x18,0xe3,0x20,0xc2,0x18,
    0xc2,0x18,0xc3,0x18,0xa2,0x18,0xc2,0x18,0xc3,0x18,0xc2,0x18,0xc3,0x18,0xa2,0x18,0xc3,0x18,0xc2,0x18,0xc3,0x18,0xa2,0x18,
    0xa2,0x18,0xa2,0x18,0xc3,0x18,0xc2,0x18,0xa2,0x10,0xa2,0x18,0xc3,0x18,0xc2,0x18,0xa2,0x18,0xa2,0x18,0xc3,0x18,0xa2,0x18,
    0xa3,0x18,0xa2,0x18,0xa2,0x18,0xa2,0x10,0xa2,0x18,0xa2,0x10,0xc3,0x18,0xa2,0x18,0xc2,0x18,0xc3,0x18,0xa2,0x18,0xc2,0x10,
    0xc3,0x18,0xc2,0x18,0xa2,0x18,0xc2,0x18,0xa2,0x18,0xa3,0x18,0xc2,0x10,0xa2,0x18,0xa2,0x18,0xa2,0x10,0xa2,0x18,0xa2,0x18,
    0xc3,0x18,0xa2,0x18,0xa2,0x10,0xc3,0x18,0xc2,0x18,0xa2,0x18,0xc2,0x18,0xa2,0x18,0xa2,0x18,0xc2,0x18,0xa3,0x18,0xa2,0x18,
    0xa2,0x18,0xa3,0x18,0xc2,0x18,0xa2,0x18,0xa2,0x18,0xa2,0x18,0xc3,0x18,0xc3,0x18,0xa2,0x18,0xa2,0x18,0xe3,0x18,0xc2,0x18,
    0xc3,0x18,0xc3,0x18,0xa2,0x18,0xa2,0x18,0xc3,0x18,0xc3,0x18,0xe3,0x18,0xc3,0x18,0xc3,0x18,0xc3,0x18,0xc3,0x20,0xc2,0x18,
    0xc3,0x18,0xc2,0x18,0xc3,0x18,0xc3,0x18,0xc3,0x18,0xc3,0x18,0xe3,0x18,0xc3,0x18,0xc2,0x18,0xc2,0x18,0xc3,0x18,0xc3,0x18,
    0xc3,0x18,0xc3,0x18,0xc3,0x18,0xc3,0x18,0xc3,0x18,0xe3,0x20,0xc3,0x18,0xc3,0x18,0xc3,0x18,0xc3,0x18,0xc3,0x20,0xc3,0x18,
    0xc3,0x18,0xa3,0x18,0xc3,0x18,0xc3,0x20,0xc3,0x18,0xc2,0x18,0xa2,0x18,0xc2,0x18,0xc3,0x18,0xc2,0x18,0xa3,0x18,0xc2,0x18,
    0xc3,0x18,0xe3,0x18,0xc3,0x18,0xc3,0x18,0xc2,0x18,0xc3,0x18,0xc3,0x18,0xc3,0x18,0xc3,0x18,0xa3,0x18,0xc3,0x18,0xc3,0x18,
    0xc3,0x20,0xc2,0x18,0xc3,0x18,0xc3,0x18,0xc2,0x18,0xa3,0x18,0xc2,0x18,0xc3,0x18,0xe3,0x20,0xc2,0x18,0xc3,0x18,0xa2,0x18,
    0xc3,0x18,0xc2,0x18,0xc3,0x18,0xc3,0x18,0xc2,0x18,0xc3,0x18,0xc2,0x18,0xc3,0x18,0xa2,0x18,0xc3,0x18,0xa2,0x18,0xc3,0x18,
    0xa2,0x18,0xa2,0x18,0xc3,0x18,0xc2,0x18,0xa2,0x18,0xc2,0x18,0xc3,0x18,0xa2,0x18,0xc3,0x18,0xa2,0x18,0xc3,0x18,0xa2,0x18,
    0xa2,0x18,0xc3,0x18,0x64,0x29,0xe3,0x20,0xa2,0x10,0xc2,0x18,0xa2,0x18,0xa2,0x18,0xa2,0x18,0xc3,0x18,0xa2,0x18,0xc2,0x18,
    0xa2,0x18,0xc3,0x18,0xc2,0x18,0xa2,0x10,0xa2,0x18,0xa2,0x10,0xa2,0x10,0x82,0x10,0xa2,0x18,0xa2,0x10,0xe3,0x18,0xc2,0x18,
    0xc2,0x10,0xa2,0x10,0xa2,0x18,0xc2,0x10,0xa2,0x18,0x82,0x10,0xc2,0x18,0xa3,0x18,0xa2,0x10,0xa2,0x18,0xa2,0x10,0xa2,0x18,
    0xc2,0x18,0xa2,0x10,0xa2,0x10,0xa2,0x18,0xa2,0x18,0xa2,0x10,0xa2,0x10,0x82,0x10,0xa2,0x18,0xa2,0x10,0xa2,0x18,0xa2,0x10,
    0xa2,0x10,0xa2,0x18,0xa2,0x10,0xa2,0x18,0xa2,0x10,0xa2,0x18,0xa2,0x18,0xa2,0x10,0xa3,0x18,0xa2,0x10,0xa3,0x18,0xc2,0x18,
    0xa3,0x10,0xa2,0x18,0xc2,0x10,0xa2,0x18,0xc3,0x18,0xa2,0x10,0xa2,0x18,0xa2,0x18,0xa3,0x10,0xa2,0x18,0xa2,0x10,0xa2,0x18,
    0xc3,0x18,0xc3,0x18,0xa2,0x18,0xa3,0x18,0xa2,0x18,0xc3,0x18,0xc3,0x18,0xa3,0x18,0xc3,0x18,0xa2,0x18,0xc3,0x18,0xc3,0x18,
    0xc3,0x18,0xa2,0x18,0xc3,0x18,0xe3,0x18,0xe3,0x18,0xc3,0x18,0xa3,0x18,0xc2,0x18,0xc3,0x18,0xa3,0x18,0xc3,0x18,0xa2,0x18,
    0xc3,0x18,0xa3,0x18,0xc3,0x18,0xc2,0x18,0xc3,0x18,0xc3,0x18,0xc3,0x18,0xc3,0x18,0xc3,0x18,0xa3,0x18,0xc3,0x18,0xc2,0x18,
    0xc3,0x18,0xa2,0x18,0xc3,0x18,0xa2,0x18,0xc3,0x18,0xc3,0x18,0xa2,0x18,0xc2,0x18,0xc3,0x18,0xc3,0x18,0xa2,0x18,0xc3,0x18,
    0xc3,0x18,0xc2,0x18,0xc3,0x18,0xc2,0x18,0xc2,0x18,0xc2,0x18,0xc2,0x18,0xc3,0x18,0xc2,0x18,0xc3,0x18,0xc2,0x18,0xa3,0x18,
    0xc2,0x18,0xc3,0x18,0xc2,0x18,0xa2,0x18,0xa3,0x18,0xc3,0x18,0xc2,0x18,0xc3,0x18,0xc3,0x18,0xc3,0x18,0xc2,0x18,0xc2,0x18,
    0xa3,0x18,0xa2,0x10,0xa2,0x18,0xc3,0x18,0xc2,0x18,0xa3,0x18,0xc2,0x18,0xa2,0x10,0xc3,0x18,0xa2,0x10,0xa2,0x18,0xa2,0x10,
    0xa3,0x18,0xa2,0x18,0xc3,0x18,0xa2,0x18,0xa2,0x10,0xc3,0x18,0xa2,0x18,0xa2,0x18,0xa2,0x10,0xa3,0x18,0xa2,0x10,0xa2,0x18,
    0xc3,0x18,0xe3,0x20,0xc2,0x18,0xa2,0x18,0xc3,0x18,0xc3,0x18,0xe3,0x20,0xc2,0x18,0xa2,0x10,0xa2,0x18,0xa2,0x10,0xa2,0x10,
    0xa2,0x10,0xa2,0x18,0xa2,0x10,0xa2,0x10,0xa2,0x18,0xa2,0x10,0x82,0x10,0xa2,0x18,0xa2,0x10,0xa2,0x18,0xa2,0x18,0x82,0x10,
    0xa2,0x10,0xa2,0x18,0x82,0x10,0xa2,0x10,0x82,0x18,0x82,0x10,0xa2,0x18,0x82,0x10,0xa2,0x18,0x82,0x10,0x82,0x10,0xa2,0x18,
    0x82,0x10,0xa2,0x18,0xa2,0x10,0xa3,0x18,0xa2,0x10,0xa2,0x18,0xa2,0x18,0xa2,0x10,0xa2,0x18,0xa2,0x10,0xa2,0x18,0xa2,0x10,
    0x82,0x10,0x82,0x10,0xa2,0x18,0x82,0x10,0xa2,0x18,0xa2,0x10,0x82,0x18,0xa2,0x10,0x82,0x10,0x82,0x10,0xa2,0x10,0x82,0x18,
    0xa2,0x10,0xa2,0x18,0x82,0x10,0xa2,0x10,0xa2,0x10,0x82,0x10,0xa2,0x18,0xa2,0x10,0xa2,0x18,0x82,0x10,0xa2,0x18,0xa2,0x10,
    0xa2,0x18,0xa2,0x10,0xa2,0x18,0xc2,0x18,0xe3,0x18,0xa2,0x10,0xa2,0x10,0xa2,0x18,0xc2,0x10,0xa2,0x10,0xc3,0x18,0xa2,0x18,
    0xa2,0x10,0xc3,0x18,0xa2,0x18,0xc3,0x18,0xa2,0x18,0xc3,0x18,0xc2,0x18,0xc3,0x18,0xa2,0x18,0xc3,0x18,0xa2,0x18,0xa3,0x18,
    0xc3,0x18,0xc2,0x18,0xa3,0x18,0xa2,0x18,0xc3,0x18,0xc2,0x18,0xa3,0x18,0xa2,0x18,0xc3,0x18,0xc3,0x18,0xa2,0x18,0xa2,0x18,
    0xc3,0x18,0xc3,0x18,0xa2,0x18,0xc3,0x18,0xc3,0x18,0xa2,0x18,0xc3,0x10,0xa2,0x18,0xc3,0x18,0xa2,0x18,0xa2,0x10,0xc3,0x18,
    0xc2,0x18,0xa3,0x18,0xc2,0x18,0xc3,0x18,0xc2,0x18,0xc3,0x18,0xa2,0x10,0xc2,0x18,0xc3,0x18,0xa3,0x18,0xc2,0x18,0xa2,0x18,
    0xa2,0x18,0xc3,0x18,0xa2,0x18,0xc2,0x18,0xa2,0x18,0xa3,0x18,0xc3,0x18,0xa2,0x18,0xc3,0x18,0xc3,0x18,0xa2,0x10,0x04,0x21,
    0xc2,0x18,0xa2,0x18,0xc3,0x18,0xa2,0x10,0xa2,0x18,0xa3,0x18,0xc2,0x18,0xa2,0x10,0xc3,0x18,0xc3,0x18,0xa2,0x18,0xa2,0x10,
    0xa2,0x18,0xa2,0x18,0xa3,0x10,0xc2,0x18,0xa2,0x10,0xa2,0x18,0xc2,0x10,0xc3,0x18,0xa2,0x18,0xc3,0x18,0xa2,0x10,0xa2,0x10,
    0xa2,0x18,0xa2,0x10,0xa2,0x18,0xa3,0x18,0xa2,0x10,0xe3,0x20,0xc3,0x18,0xa2,0x10,0xa2,0x18,0xa2,0x10,0xa2,0x18,0xa2,0x10,
    0xa2,0x18,0xa2,0x10,0xa2,0x18,0xa2,0x18,0x82,0x10,0xa2,0x10,0xa2,0x10,0x82,0x18,0x82,0x10,0xa2,0x10,0x82,0x18,0xa2,0x10,
    0x82,0x10,0x82,0x10,0x82,0x10,0xa2,0x10,0x82,0x10,0xa2,0x18,0xa2,0x10,0xa2,0x18,0xa2,0x10,0x82,0x10,0x82,0x10,0x82,0x10,
    0xa2,0x18,0xa2,0x10,0x82,0x10,0xa2,0x18,0xa2,0x10,0x82,0x10,0xa2,0x18,0x82,0x10,0xa2,0x18,0xa2,0x10,0x82,0x10,0xa2,0x18,
    0x82,0x10,0x82,0x10,0xa2,0x10,0x82,0x18,0xa2,0x18,0xa2,0x10,0xa2,0x10,0x82,0x10,0xa2,0x18,0x82,0x10,0x82,0x10,0xa2,0x10,
    0x82,0x10,0xa2,0x10,0xa2,0x18,0xa2,0x10,0x82,0x10,0x82,0x10,0xa2,0x10,0x82,0x18,0xa2,0x10,0xc3,0x20,0xc3,0x18,0x82,0x10,
    0xa2,0x18,0xa2,0x10,0xa2,0x18,0xa2,0x10,0x82,0x10,0xa2,0x18,0xa2,0x10,0xa2,0x18,0xa2,0x18,0xa2,0x10,0xa2,0x18,0xa2,0x10,
    0xa3,0x18,0x82,0x10,0xa2,0x18,0xc2,0x18,0xa2,0x10,0xa2,0x18,0xa2,0x10,0xa2,0x18,0xa2,0x18,0xa2,0x10,0xa2,0x18,0xa2,0x10,
    0xa2,0x18,0xa2,0x18,0xc3,0x10,0xa2,0x18,0xa2,0x10,0xa2,0x18,0xc3,0x18,0xc3,0x18,0x82,0x10,0xc2,0x18,0xa2,0x10,0xc3,0x18,
    0xa2,0x18,0xa2,0x18,0xc3,0x18,0xa2,0x18,0xc3,0x18,0xa2,0x18,0xa2,0x10,0xe3,0x20,0xc2,0x18,0xa2,0x10,0xa3,0x18,0xa2,0x18,
    0xc3,0x10,0xa3,0x18,0xa2,0x10,0xa2,0x18,0xa3,0x18,0xa2,0x10,0xa2,0x18,0xa2,0x10,0xa2,0x18,0xa2,0x10,0xa2,0x18,0xc3,0x18,
    0xc2,0x18,0xa2,0x10,0xc2,0x18,0xa2,0x10,0xa2,0x10,0xa2,0x18,0xc2,0x18,0xa3,0x10,0xa2,0x18,0xa2,0x10,0xa2,0x18,0xc3,0x10,
    0xa2,0x18,0xc2,0x10,0xa2,0x18,0xa2,0x10,0xa2,0x18,0xa3,0x10,0x82,0x10,0xa2,0x18,0xa2,0x10,0xc2,0x18,0xa2,0x10,0xa2,0x18,
    0xa2,0x10,0xa2,0x18,0xa2,0x10,0xa3,0x18,0xa2,0x10,0xa2,0x10,0xa2,0x18,0xa2,0x18,0xc2,0x18,0xa2,0x10,0x82,0x18,0xa2,0x10,
    0xa2,0x10,0xa2,0x18,0xa2,0x10,0x82,0x18,0xc3,0x18,0xa2,0x18,0xc2,0x10,0xa2,0x18,0xa2,0x10,0xa2,0x18,0x82,0x10,0xa2,0x18,
    0x82,0x10,0xa2,0x10,0xa2,0x18,0xa2,0x10,0x82,0x10,0xa2,0x10,0xa2,0x10,0xa2,0x18,0xa2,0x10,0x82,0x18,0xa2,0x10,0xa2,0x10,
    0x82,0x10,0xa2,0x10,0x82,0x10,0x82,0x10,0x82,0x10,0xa2,0x10,0x82,0x18,0x82,0x10,0xa1,0x10,0x82,0x10,0xa2,0x10,0x82,0x10,
    0x82,0x18,0xa2,0x10,0xa2,0x18,0x82,0x10,0x82,0x10,0x81,0x10,0x82,0x10,0x82,0x10,0x82,0x18,0xa2,0x10,0x82,0x10,0x82,0x10,
    0xa2,0x10,0x82,0x18,0xa2,0x10,0xa2,0x18,0xa2,0x10,0xa2,0x18,0x81,0x10,0xa2,0x10,0x81,0x10,0x82,0x10,0x82,0x18,0x81,0x10,
    0x82,0x10,0xa2,0x18,0xa2,0x10,0x81,0x10,0x82,0x18,0x81,0x10,0x82,0x10,0xa2,0x18,0x82,0x10,0xa2,0x18,0x82,0x10,0x82,0x10,
    0x61,0x10,0x45,0x29,0xa6,0x31,0x61,0x10,0xa2,0x10,0xa2,0x18,0x82,0x10,0xa2,0x18,0xa2,0x10,0xa2,0x18,0xa2,0x10,0xa2,0x18,
    0xa2,0x10,0xa2,0x18,0x82,0x10,0xa2,0x18,0xa2,0x10,0xa2,0x18,0xa2,0x10,0xa2,0x18,0xa2,0x18,0xa3,0x18,0xa2,0x10,0x82,0x10,
    0xa2,0x18,0xa2,0x10,0xa2,0x18,0x82,0x10,0xc3,0x18,0xa2,0x10,0xa2,0x18,0xa2,0x10,0x82,0x10,0xa3,0x18,0xa2,0x18,0xa2,0x10,
    0xa2,0x10,0xa2,0x18,0xa2,0x18,0xa2,0x10,0xa2,0x10,0xa3,0x18,0x82,0x10,0xa2,0x10,0xa2,0x10,0xa2,0x18,0xa2,0x10,0xa3,0x18,
    0xa2,0x10,0xa2,0x18,0x82,0x10,0xa2,0x10,0xa2,0x18,0xa3,0x18,0xc2,0x18,0x82,0x10,0xa2,0x10,0xa2,0x18,0xa2,0x10,0xa2,0x10,
    0xa2,0x18,0xa2,0x10,0xa2,0x18,0xe3,0x18,0xa2,0x10,0xa2,0x18,0x82,0x10,0xa2,0x18,0xa2,0x18,0xa2,0x10,0x82,0x10,0xa2,0x18,
    0xa2,0x10,0xa2,0x18,0xa2,0x10,0x82,0x10,0xa2,0x18,0xa2,0x10,0x82,0x10,0xa2,0x18,0xa2,0x10,0xa2,0x10,0xc3,0x18,0xc2,0x18,
    0x82,0x10,0xa2,0x10,0x82,0x10,0xa2,0x18,0xa2,0x10,0x82,0x10,0xa2,0x18,0x82,0x10,0xa2,0x10,0x82,0x10,0xa2,0x10,0xa2,0x10,
    0xa2,0x18,0x82,0x10,0xa2,0x10,0xa2,0x18,0x82,0x10,0x82,0x10,0xa2,0x10,0x81,0x10,0xa2,0x10,0x82,0x18,0xa2,0x10,0xa2,0x18,
    0x82,0x10,0xa2,0x18,0xa2,0x10,0xa2,0x10,0xa2,0x18,0x82,0x10,0x82,0x10,0xa2,0x18,0x82,0x10,0xa2,0x18,0x81,0x10,0x82,0x10,
    0xa1,0x10,0x82,0x10,0x82,0x10,0x82,0x18,0x81,0x10,0xa2,0x18,0xa2,0x10,0x82,0x18,0xa2,0x10,0x61,0x10,0x82,0x10,0xa2,0x10,
    0x82,0x18,0x82,0x10,0x82,0x10,0x81,0x10,0x82,0x10,0x81,0x10,0x82,0x10,0x81,0x10,0x82,0x10,0x81,0x10,0x82,0x10,0x81,0x10,
    0x82,0x10,0x82,0x10,0x82,0x10,0x82,0x10,0xa2,0x10,0x81,0x10,0xa2,0x10,0x82,0x10,0xa2,0x10,0xc2,0x18,0x82,0x18,0x82,0x10,
    0x82,0x10,0x82,0x10,0x81,0x10,0x82,0x10,0x82,0x10,0x82,0x10,0x82,0x10,0x81,0x10,0x82,0x10,0x82,0x10,0x82,0x10,0x82,0x10,
    0x82,0x10,0xa2,0x18,0xe3,0x20,0x82,0x10,0x81,0x10,0xe3,0x18,0xe3,0x20,0x82,0x10,0xa2,0x10,0x81,0x10,0x82,0x10,0x81,0x10,
    0x82,0x10,0x82,0x10,0xa2,0x18,0x82,0x10,0xa2,0x10,0x82,0x10,0xa2,0x18,0x82,0x10,0xa2,0x10,0x81,0x10,0xa2,0x10,0x82,0x10,
    0xa2,0x10,0xa2,0x10,0x82,0x18,0xa2,0x10,0xa2,0x10,0xa2,0x10,0x82,0x10,0xa2,0x18,0xa2,0x10,0xa2,0x18,0x82,0x10,0xa2,0x18,
    0x82,0x10,0xa2,0x10,0xa2,0x10,0xa2,0x18,0xa2,0x18,0xa2,0x10,0x82,0x10,0xa2,0x18,0xa2,0x18,0xa2,0x10,0xa2,0x10,0x82,0x10,
    0x82,0x10,0xa3,0x18,0xa2,0x10,0xa2,0x18,0xa2,0x18,0xa2,0x10,0xa2,0x18,0xa2,0x10,0xa2,0x18,0xa2,0x10,0xa2,0x10,0x82,0x18,
    0xa2,0x10,0xa2,0x18,0xa2,0x10,0x82,0x18,0xa2,0x10,0x82,0x10,0xa2,0x18,0xa2,0x10,0x82,0x10,0xa2,0x18,0xa2,0x10,0x82,0x10,
    0x82,0x10,0xa2,0x18,0xa2,0x10,0xa2,0x18,0x82,0x10,0xa2,0x10,0xa2,0x18,0xa2,0x18,0xa2,0x10,0x82,0x10,0x82,0x10,0xe3,0x18,
    0xa2,0x18,0x82,0x10,0xe3,0x20,0xe3,0x18,0x82,0x10,0x81,0x18,0xa2,0x10,0x82,0x10,0x82,0x10,0xa2,0x10,0xa2,0x10,0x82,0x10,
    0x82,0x10,0x82,0x10,0x82,0x18,0x82,0x10,0x82,0x10,0x82,0x10,0x82,0x10,0x82,0x10,0x81,0x10,0xa2,0x18,0x82,0x10,0xa2,0x18,
    0xa2,0x10,0x82,0x10,0x82,0x10,0x82,0x10,0xa2,0x10,0x82,0x10,0x82,0x10,0x82,0x10,0x82,0x10,0x82,0x10,0x82,0x10,0x81,0x10,
    0xa2,0x10,0x82,0x10,0x82,0x10,0x82,0x10,0x81,0x10,0x82,0x10,0xa2,0x10,0x81,0x10,0x82,0x10,0x82,0x10,0x82,0x10,0x81,0x10,
    0x82,0x10,0x82,0x10,0x81,0x10,0xa2,0x18,0x81,0x10,0x82,0x10,0x81,0x10,0xa2,0x10,0x82,0x10,0x81,0x10,0x61,0x10,0x82,0x10,
    0x81,0x10,0x61,0x10,0x82,0x10,0x61,0x10,0x82,0x10,0xa2,0x10,0x81,0x10,0x81,0x10,0x82,0x10,0x82,0x10,0x82,0x18,0x81,0x10,
    0x82,0x10,0x82,0x10,0x81,0x10,0x82,0x10,0x81,0x10,0x82,0x10,0x81,0x10,0x62,0x10,0x81,0x10,0x82,0x10,0xa2,0x10,0x82,0x10,
    0x82,0x10,0x82,0x10,0xa2,0x10,0x82,0x10,0x81,0x10,0xa3,0x10,0xe3,0x18,0x81,0x10,0x82,0x10,0x82,0x10,0x82,0x10,0x81,0x10,
    0xa2,0x18,0x82,0x10,0xa2,0x18,0x82,0x10,0x81,0x10,0x82,0x10,0x82,0x10,0xa2,0x10,0x82,0x18,0x81,0x10,0xa2,0x10,0x81,0x18,
    0xa2,0x10,0x82,0x18,0x82,0x10,0xa2,0x18,0x82,0x10,0x82,0x10,0xa2,0x10,0xa2,0x18,0x82,0x10,0x82,0x18,0xa2,0x10,0x82,0x10,
    0xa2,0x10,0x82,0x10,0xa2,0x10,0xa2,0x18,0x82,0x10,0x82,0x10,0x81,0x10,0xa2,0x18,0x82,0x10,0x82,0x10,0xa2,0x18,0xa2,0x10,
    0xa2,0x10,0xa2,0x18,0xa3,0x18,0x81,0x10,0x82,0x10,0x82,0x10,0x82,0x10,0xa2,0x10,0x82,0x10,0x82,0x10,0xa2,0x10,0x82,0x10,
    0x82,0x10,0x82,0x10,0x82,0x10,0x82,0x10,0xa2,0x10,0x82,0x10,0xa2,0x18,0xa2,0x10,0x82,0x10,0x82,0x10,0x82,0x10,0x82,0x18,
    0x82,0x10,0x82,0x10,0xa2,0x18,0x81,0x10,0x82,0x10,0x81,0x10,0x82,0x10,0x82,0x10,0x81,0x10,0x82,0x10,0x81,0x10,0x82,0x10,
    0xa2,0x10,0xa2,0x18,0x82,0x10,0xc3,0x18,0xa2,0x10,0x81,0x10,0xa2,0x10,0x82,0x10,0xa1,0x10,0x82,0x10,0xa2,0x18,0xa2,0x10,
    0x61,0x10,0x82,0x10,0x82,0x18,0xa1,0x10,0x82,0x10,0x81,0x10,0xa2,0x10,0xa2,0x10,0x82,0x18,0xa2,0x10,0x81,0x10,0x81,0x10,
    0x82,0x10,0x82,0x10,0x61,0x10,0x24,0x21,0xc2,0x18,0x81,0x10,0xa2,0x10,0x82,0x10,0x81,0x10,0x82,0x10,0x82,0x10,0x82,0x10,
    0x81,0x10,0x82,0x10,0x82,0x10,0x81,0x10,0x82,0x10,0x81,0x10,0x81,0x10,0x82,0x10,0x82,0x10,0x81,0x10,0x82,0x10,0x61,0x10,
    0x82,0x10,0x82,0x10,0x81,0x10,0x82,0x10,0x82,0x10,0x81,0x10,0x82,0x10,0x61,0x10,0x82,0x08,0x61,0x10,0x82,0x10,0x82,0x10,
    0x81,0x10,0x82,0x10,0x61,0x10,0x61,0x10,0x82,0x10,0x61,0x10,0x82,0x10,0x81,0x10,0x62,0x10,0x61,0x08,0x62,0x10,0x82,0x10,
    0x81,0x10,0x81,0x10,0xa2,0x10,0x82,0x10,0x81,0x10,0x82,0x10,0x82,0x10,0x81,0x10,0x61,0x10,0x82,0x10,0x61,0x10,0x82,0x10,
    0x82,0x10,0x81,0x10,0x82,0x10,0x81,0x10,0x81,0x10,0x82,0x10,0x81,0x10,0x82,0x10,0x81,0x10,0x62,0x10,0x81,0x10,0x82,0x10,
    0x81,0x10,0x82,0x10,0x82,0x10,0x81,0x10,0x82,0x10,0x81,0x10,0x81,0x10,0x82,0x10,0x81,0x10,0x82,0x10,0xa2,0x18,0x81,0x10,
    0x82,0x10,0x81,0x10,0x82,0x10,0x81,0x10,0x82,0x10,0x81,0x10,0xa2,0x18,0x82,0x10,0x81,0x10,0x82,0x10,0x82,0x18,0x81,0x10,
    0x82,0x10,0x82,0x10,0x81,0x10,0x82,0x10,0x81,0x10,0x82,0x10,0x82,0x18,0xa2,0x10,0xa2,0x18,0xa2,0x18,0x82,0x10,0x82,0x10,
    0xa2,0x10,0x82,0x18,0x82,0x10,0x82,0x10,0x82,0x10,0x82,0x10,0xa2,0x10,0x82,0x10,0x82,0x10,0x82,0x10,0x81,0x10,0x82,0x18,
    0x82,0x10,0xa2,0x18,0x82,0x10,0x82,0x10,0xa2,0x18,0xa2,0x10,0x82,0x10,0x82,0x10,0x82,0x18,0x82,0x10,0x82,0x10,0x82,0x18,
    0xc2,0x18,0xa2,0x10,0x82,0x10,0xa2,0x10,0x81,0x10,0x82,0x10,0x82,0x10,0x82,0x10,0x82,0x10,0x82,0x10,0xa1,0x18,0x82,0x10,
    0xa2,0x10,0x82,0x18,0xa2,0x10,0x81,0x10,0xa2,0x10,0x82,0x10,0xa2,0x10,0x81,0x10,0xa2,0x10,0x82,0x18,0x81,0x10,0x82,0x10,
    0x81,0x10,0x82,0x10,0xa2,0x18,0xa2,0x10,0x81,0x10,0x82,0x10,0xa2,0x10,0x82,0x10,0x81,0x10,0x82,0x10,0x82,0x10,0x81,0x10,
    0x81,0x10,0x62,0x10,0x82,0x10,0x61,0x10,0x82,0x10,0xa2,0x10,0x82,0x10,0x82,0x10,0x82,0x10,0x61,0x10,0x81,0x10,0x62,0x10,
    0x82,0x10,0x82,0x10,0xc2,0x18,0x82,0x18,0x61,0x10,0x82,0x10,0x81,0x10,0x82,0x10,0x81,0x10,0x82,0x10,0x61,0x08,0x81,0x10,
    0x61,0x10,0x81,0x10,0x82,0x10,0x82,0x10,0x81,0x10,0x62,0x10,0x61,0x08,0x82,0x10,0x61,0x10,0x62,0x08,0x61,0x10,0x82,0x10,
    0x61,0x10,0x81,0x10,0x82,0x10,0x81,0x10,0x62,0x10,0x81,0x10,0x62,0x10,0x81,0x08,0x62,0x10,0x61,0x08,0x62,0x10,0x81,0x10,
    0x82,0x08,0x81,0x10,0x61,0x10,0x82,0x10,0x82,0x10,0x62,0x10,0x81,0x10,0x62,0x10,0x81,0x10,0x61,0x10,0x82,0x10,0x61,0x10,
    0x61,0x10,0x62,0x08,0x61,0x10,0x81,0x08,0x61,0x10,0x61,0x08,0x62,0x10,0x61,0x10,0x82,0x10,0x81,0x10,0x61,0x10,0x82,0x10,
    0x61,0x10,0x82,0x10,0x61,0x10,0x82,0x10,0x81,0x10,0x82,0x10,0x81,0x10,0x82,0x10,0x81,0x10,0x82,0x10,0x82,0x10,0x61,0x10,
    0x82,0x10,0xa2,0x18,0x61,0x10,0x82,0x10,0x81,0x10,0xa2,0x10,0x81,0x10,0x82,0x10,0x81,0x10,0x82,0x10,0xa2,0x10,0x81,0x10,
    0x82,0x10,0xa1,0x10,0x82,0x10,0x82,0x10,0x81,0x10,0x82,0x10,0x82,0x10,0x81,0x10,0x62,0x10,0x81,0x10,0x81,0x10,0x81,0x10,
    0xa2,0x10,0xa2,0x10,0x82,0x10,0x81,0x10,0x82,0x10,0x82,0x10,0x81,0x10,0x82,0x10,0x82,0x10,0x81,0x10,0x82,0x10,0x82,0x18,
    0x82,0x10,0x81,0x10,0x82,0x10,0x82,0x10,0x81,0x10,0x82,0x10,0x81,0x10,0x82,0x10,0x81,0x10,0x82,0x10,0x82,0x10,0x82,0x10,
    0xa1,0x10,0x62,0x10,0xa2,0x10,0x82,0x10,0xa2,0x10,0x81,0x10,0x82,0x10,0x81,0x10,0xa2,0x18,0x81,0x10,0x82,0x10,0x81,0x10,
    0xa2,0x18,0x81,0x10,0x62,0x10,0x81,0x10,0x82,0x10,0x81,0x10,0x82,0x10,0xa2,0x10,0x81,0x10,0x82,0x10,0xa1,0x10,0x82,0x10,
    0x81,0x10,0x82,0x10,0x81,0x10,0x82,0x10,0x81,0x10,0x82,0x10,0x81,0x10,0x81,0x10,0x82,0x10,0x81,0x10,0x81,0x10,0x82,0x10,
    0x61,0x10,0x61,0x08,0x61,0x10,0x62,0x10,0x61,0x08,0x81,0x10,0x82,0x10,0x81,0x10,0x62,0x10,0x81,0x10,0x82,0x10,0x81,0x10,
    0x61,0x10,0x82,0x10,0x61,0x10,0x82,0x10,0x81,0x10,0x61,0x10,0xc3,0x18,0xa3,0x18,0x82,0x08,0x82,0x10,0x82,0x10,0x61,0x10,
    0x82,0x10,0x61,0x10,0x62,0x10,0x81,0x08,0x62,0x10,0x82,0x10,0x81,0x10,0x61,0x08,0x62,0x10,0x61,0x08,0x82,0x10,0x81,0x10,
    0x62,0x08,0x81,0x10,0x61,0x10,0x61,0x08,0x62,0x08,0x61,0x10,0x81,0x10,0x62,0x10,0x61,0x08,0x61,0x10,0x61,0x08,0x61,0x10,
    0x61,0x08,0x62,0x10,0x81,0x10,0x62,0x08,0x81,0x10,0x62,0x10,0x61,0x08,0x61,0x10,0x81,0x10,0x82,0x10,0x61,0x10,0x81,0x08,
    0x62,0x10,0x81,0x10,0x61,0x10,0x62,0x08,0x81,0x10,0x82,0x10,0x61,0x10,0x61,0x08,0x62,0x10,0x81,0x10,0x62,0x10,0x81,0x10,
    0x61,0x08,0x62,0x10,0x61,0x10,0x82,0x10,0x61,0x08,0x81,0x10,0x62,0x10,0x81,0x10,0x61,0x10,0x81,0x10,0x61,0x10,0x82,0x10,
    0x61,0x10,0x61,0x10,0x62,0x10,0x81,0x10,0x82,0x10,0x61,0x08,0x82,0x10,0x81,0x10,0x61,0x10,0x82,0x10,0x81,0x10,0x81,0x10,
    0x82,0x10,0x81,0x10,0xc2,0x18,0x82,0x10,0x82,0x10,0x82,0x10,0x61,0x10,0x82,0x10,0x81,0x10,0x82,0x10,0x82,0x10,0x81,0x10,
    0x82,0x10,0x81,0x10,0x62,0x08,0x82,0x10,0x82,0x10,0x81,0x10,0x82,0x10,0x62,0x10,0x81,0x10,0x62,0x10,0x82,0x10,0x81,0x10,
    0x82,0x10,0x82,0x10,0x82,0x10,0x82,0x10,0x82,0x10,0x81,0x10,0x82,0x10,0x81,0x10,0x82,0x10,0x81,0x10,0x82,0x10,0x81,0x10,
    0x82,0x10,0x82,0x10,0x81,0x10,0x82,0x10,0x82,0x10,0x81,0x10,0x62,0x10,0x81,0x10,0x82,0x10,0x82,0x10,0x82,0x10,0x82,0x10,
    0x82,0x10,0x82,0x10,0x81,0x10,0x82,0x10,0x81,0x10,0x82,0x10,0x81,0x10,0x82,0x10,0x81,0x10,0x82,0x10,0x81,0x10,0x81,0x10,
    0x82,0x10,0x81,0x10,0x82,0x10,0x81,0x10,0x82,0x10,0xa1,0x10,0x82,0x10,0x81,0x10,0x81,0x10,0x81,0x10,0x82,0x08,0x81,0x10,
    0x61,0x10,0x82,0x08,0x82,0x10,0x81,0x10,0x62,0x10,0x82,0x10,0x61,0x08,0x61,0x10,0x82,0x10,0x61,0x08,0x62,0x10,0x81,0x10,
    0x82,0x10,0x81,0x10,0x61,0x10,0x62,0x08,0x81,0x10,0x61,0x08,0x62,0x10,0x81,0x08,0x61,0x10,0x62,0x08,0x61,0x10,0x82,0x10,
    0x61,0x10,0x61,0x08,0x62,0x10,0x61,0x08,0x61,0x08,0x82,0x10,0x61,0x08,0x61,0x08,0x62,0x10,0x61,0x08,0x62,0x10,0x61,0x08,
    0x62,0x10,0x61,0x08,0x62,0x10,0x61,0x10,0x61,0x08,0x62,0x10,0x82,0x08,0x61,0x10,0x61,0x10,0x61,0x08,0x62,0x10,0x61,0x08,
    0x61,0x10,0x82,0x10,0x61,0x10,0x62,0x10,0x61,0x10,0x61,0x08,0x61,0x10,0x61,0x10,0x61,0x08,0x82,0x10,0x61,0x10,0x81,0x08,
    0x61,0x08,0x61,0x10,0x61,0x08,0x62,0x10,0x61,0x10,0x61,0x08,0x62,0x10,0x61,0x08,0x61,0x10,0x61,0x08,0x61,0x08,0x61,0x10,
    0x62,0x08,0x61,0x10,0x61,0x08,0x62,0x10,0x81,0x10,0x82,0x10,0x61,0x08,0x61,0x10,0x62,0x10,0x61,0x08,0x81,0x10,0x62,0x08,
    0x61,0x08,0x82,0x10,0x61,0x08,0x81,0x10,0x82,0x10,0x61,0x08,0x61,0x10,0x61,0x08,0x62,0x10,0x81,0x10,0x82,0x10,0x61,0x08,
    0x61,0x10,0x81,0x10,0x61,0x08,0x61,0x10,0x61,0x08,0x61,0x10,0x81,0x10,0x61,0x10,0x82,0x10,0x81,0x10,0x82,0x10,0x61,0x08,
    0x62,0x10,0x61,0x10,0x82,0x10,0x81,0x10,0x82,0x10,0x81,0x10,0x62,0x10,0x81,0x10,0x61,0x10,0x82,0x10,0x82,0x10,0x61,0x10,
    0x82,0x10,0x61,0x08,0x82,0x10,0x61,0x10,0x82,0x10,0x61,0x10,0x82,0x10,0x81,0x10,0x61,0x10,0x82,0x10,0x81,0x10,0x82,0x10,
    0x81,0x10,0x62,0x10,0x81,0x10,0x82,0x10,0x61,0x10,0x82,0x10,0x62,0x10,0x61,0x08,0x61,0x10,0x82,0x10,0x81,0x10,0x62,0x10,
    0x81,0x10,0x61,0x10,0x61,0x10,0x82,0x10,0x61,0x10,0x61,0x10,0x82,0x10,0x81,0x10,0x61,0x10,0x61,0x08,0x81,0x10,0x62,0x10,
    0x81,0x08,0x81,0x10,0x62,0x10,0x81,0x08,0x81,0x10,0x82,0x10,0x61,0x10,0x61,0x08,0x81,0x10,0x61,0x10,0x82,0x10,0x81,0x08,
    0x82,0x10,0x81,0x10,0x61,0x08,0x61,0x10,0x81,0x08,0x61,0x10,0x61,0x10,0x61,0x08,0x61,0x08,0x61,0x10,0x82,0x08,0x61,0x10,
    0x62,0x08,0x61,0x10,0x61,0x08,0x61,0x10,0x61,0x08,0x82,0x10,0x61,0x08,0x61,0x10,0x62,0x08,0x61,0x10,0x61,0x08,0x61,0x10,
    0x62,0x08,0x81,0x10,0x61,0x08,0x61,0x08,0x62,0x10,0x61,0x08,0x62,0x10,0x82,0x10,0x61,0x10,0x61,0x08,0x61,0x10,0x61,0x08,
    0x61,0x10,0x61,0x08,0x62,0x10,0x61,0x08,0x61,0x08,0x61,0x10,0x61,0x08,0x62,0x08,0x61,0x08,0x61,0x10,0x61,0x08,0x82,0x10,
    0x61,0x08,0x61,0x10,0x61,0x08,0x61,0x10,0x61,0x08,0x61,0x10,0x61,0x08,0x61,0x08,0x61,0x08,0x61,0x10,0x62,0x08,0x61,0x10,
    0x61,0x08,0x62,0x08,0x61,0x10,0x62,0x08,0x61,0x10,0x61,0x08,0x61,0x08,0x61,0x08,0x61,0x08,0x61,0x08,0x61,0x10,0x82,0x10,
    0x61,0x08,0x61,0x10,0x41,0x08,0x61,0x08,0x61,0x10,0x62,0x10,0x61,0x08,0x61,0x10,0x61,0x08,0x61,0x08,0x61,0x10,0x61,0x08,
    0x61,0x10,0x61,0x08,0x61,0x10,0x61,0x08,0x61,0x10,0x41,0x08,0x61,0x10,0x61,0x08,0x61,0x10,0x61,0x08,0x61,0x10,0x62,0x10,
    0x61,0x08,0x61,0x10,0x61,0x10,0x82,0x10,0x61,0x10,0x62,0x08,0x61,0x10,0x62,0x10,0x61,0x08,0x62,0x10,0x61,0x10,0x82,0x10,
    0xa2,0x10,0x61,0x10,0x62,0x10,0x81,0x10,0x82,0x10,0x61,0x08,0x61,0x08,0x62,0x10,0x81,0x08,0x62,0x10,0x61,0x08,0x61,0x10,
    0x82,0x10,0x62,0x10,0x81,0x10,0x62,0x10,0x61,0x10,0x82,0x10,0x61,0x10,0x82,0x10,0x61,0x10,0x82,0x10,0x82,0x10,0x62,0x10,
    0x82,0x10,0x81,0x10,0x82,0x10,0x62,0x10,0x81,0x08,0x82,0x10,0x82,0x10,0x81,0x08,0x62,0x10,0x81,0x10,0x62,0x08,0x82,0x10,
    0x62,0x10,0x82,0x10,0x62,0x08,0x81,0x10,0x62,0x08,0x82,0x10,0x61,0x08,0x61,0x10,0x82,0x10,0x81,0x08,0x62,0x10,0x81,0x10,
    0x62,0x10,0x61,0x08,0x82,0x10,0x61,0x10,0x61,0x08,0x82,0x10,0x61,0x10,0x61,0x10,0x62,0x08,0x81,0x10,0x81,0x10,0x62,0x10,
    0x81,0x10,0x82,0x08,0x61,0x10,0x61,0x10,0x81,0x08,0x61,0x10,0x82,0x10,0x81,0x10,0x62,0x08,0x82,0x10,0x61,0x08,0x62,0x10,
    0x61,0x10,0x62,0x08,0x61,0x10,0x61,0x08,0x62,0x10,0x61,0x08,0x62,0x08,0x61,0x10,0x42,0x08,0x41,0x08,0x61,0x10,0x62,0x08,
    0x61,0x10,0x61,0x08,0x61,0x10,0x61,0x08,0x41,0x08,0x61,0x08,0x62,0x10,0x61,0x08,0x61,0x08,0x62,0x10,0x41,0x08,0x61,0x08,
    0x61,0x08,0x62,0x10,0x61,0x08,0x62,0x10,0x61,0x08,0x41,0x08,0x61,0x10,0x62,0x08,0x61,0x10,0x41,0x08,0x62,0x10,0x61,0x08,
    0x41,0x08,0x61,0x08,0x41,0x10,0x61,0x08,0x61,0x10,0x61,0x08,0x61,0x10,0x41,0x08,0x61,0x08,0x62,0x10,0x61,0x08,0x61,0x10,
    0x61,0x08,0x41,0x08,0x61,0x08,0x62,0x10,0x61,0x08,0x61,0x08,0x61,0x10,0x61,0x08,0x41,0x08,0x61,0x08,0x41,0x10,0x41,0x08,
    0x41,0x08,0x41,0x10,0x41,0x08,0x61,0x08,0x41,0x08,0x61,0x08,0x41,0x08,0x61,0x10,0x61,0x08,0x61,0x08,0x62,0x10,0x61,0x08,
    0x41,0x08,0x61,0x10,0x42,0x08,0x61,0x08,0x61,0x10,0x62,0x08,0x61,0x08,0x61,0x10,0x61,0x08,0x61,0x10,0x61,0x08,0x61,0x10,
    0x82,0x10,0x61,0x10,0x62,0x08,0x61,0x10,0x62,0x10,0x61,0x08,0x82,0x10,0x61,0x08,0x61,0x10,0x61,0x08,0x61,0x10,0x61,0x08,
    0x81,0x10,0x61,0x08,0x82,0x10,0x81,0x10,0x82,0x10,0x61,0x08,0x62,0x10,0x62,0x08,0x61,0x10,0x62,0x10,0x81,0x10,0x61,0x08,
    0x41,0x10,0x62,0x10,0x61,0x08,0x82,0x10,0x61,0x08,0x62,0x10,0x82,0x10,0x61,0x08,0x82,0x10,0x61,0x10,0x62,0x08,0x61,0x10,
    0x82,0x08,0x61,0x10,0x82,0x10,0x81,0x08,0x61,0x08,0x62,0x10,0x82,0x10,0x61,0x08,0x82,0x10,0x61,0x10,0x82,0x10,0x61,0x08,
    0x61,0x08,0x62,0x10,0x61,0x10,0x61,0x10,0x62,0x08,0x61,0x10,0x82,0x10,0x61,0x08,0x61,0x10,0x61,0x08,0x62,0x10,0x61,0x08,
    0x62,0x10,0x61,0x10,0x61,0x08,0x61,0x08,0x62,0x10,0x81,0x10,0x61,0x08,0xa2,0x18,0x82,0x10,0x61,0x08,0x61,0x10,0x61,0x08,
    0x81,0x10,0x61,0x10,0x61,0x08,0x61,0x08,0x61,0x10,0x61,0x08,0x61,0x08,0x61,0x10,0x62,0x10,0x61,0x08,0x82,0x10,0xa2,0x10,
    0x61,0x08,0x61,0x10,0x62,0x10,0x61,0x08,0x62,0x08,0x61,0x08,0x62,0x10,0x61,0x10,0x62,0x08,0x61,0x10,0x61,0x08,0x62,0x10,
    0x61,0x08,0x61,0x10,0x61,0x08,0x61,0x10,0x62,0x08,0x41,0x08,0x61,0x08,0x41,0x08,0x61,0x10,0x62,0x10,0x61,0x08,0x62,0x10,
    0x41,0x08,0x61,0x08,0x61,0x10,0x42,0x08,0x61,0x08,0x61,0x10,0x62,0x10,0x61,0x08,0x41,0x08,0x62,0x10,0x61,0x08,0x61,0x08,
    0x41,0x08,0x61,0x08,0x41,0x08,0x62,0x10,0x61,0x10,0x41,0x08,0x61,0x08,0x62,0x10,0x61,0x08,0x41,0x08,0x41,0x08,0x61,0x08,
    0x41,0x08,0x41,0x08,0x41,0x08,0x41,0x08,0x61,0x10,0x41,0x08,0x61,0x08,0x41,0x08,0x61,0x10,0x41,0x08,0x61,0x08,0x41,0x08,
    0x41,0x08,0x61,0x08,0x61,0x08,0x41,0x10,0x61,0x08,0x61,0x08,0x61,0x08,0x62,0x10,0x61,0x08,0x41,0x10,0x42,0x08,0x61,0x08,
    0x42,0x10,0x61,0x08,0x61,0x10,0x62,0x10,0x61,0x08,0x61,0x10,0x61,0x08,0x41,0x08,0x61,0x10,0x61,0x10,0x41,0x08,0x41,0x08,
    0x62,0x10,0x61,0x08,0x62,0x10,0x61,0x08,0x61,0x08,0x61,0x08,0x41,0x10,0x61,0x08,0x61,0x08,0x62,0x10,0x61,0x10,0x62,0x10,
    0x61,0x08,0x62,0x10,0x61,0x08,0x62,0x10,0x61,0x08,0x41,0x08,0x61,0x10,0x41,0x08,0x62,0x10,0x61,0x08,0x62,0x10,0x61,0x08,
    0x62,0x10,0x61,0x08,0x62,0x10,0x62,0x08,0x61,0x08,0x61,0x10,0x62,0x08,0x61,0x10,0x61,0x08,0x61,0x10,0x61,0x08,0x61,0x10,
    0x61,0x08,0x61,0x08,0x62,0x10,0x61,0x10,0x62,0x10,0x62,0x08,0x61,0x10,0x42,0x08,0x82,0x10,0x61,0x10,0x61,0x08,0x82,0x10,
    0x61,0x10,0x61,0x08,0x62,0x10,0x61,0x10,0x62,0x08,0x61,0x10,0x82,0x08,0x62,0x08,0x61,0x10,0x62,0x08,0xa2,0x10,0x62,0x10,
    0x61,0x08,0x62,0x10,0x81,0x10,0x62,0x10,0x61,0x08,0x61,0x10,0x62,0x10,0x61,0x08,0x61,0x10,0x82,0x10,0x21,0x08,0xa6,0x31,
    0xc3,0x18,0x41,0x08,0x61,0x10,0x61,0x08,0x62,0x08,0x41,0x08,0x61,0x08,0x62,0x10,0x61,0x08,0x62,0x10,0x61,0x08,0x41,0x08,
    0x61,0x08,0x61,0x08,0x61,0x10,0x61,0x08,0x41,0x10,0x61,0x08,0x61,0x08,0x61,0x08,0x62,0x10,0x61,0x10,0x61,0x08,0x61,0x08,
    0x41,0x10,0x62,0x08,0x62,0x10,0x61,0x08,0x41,0x08,0x62,0x08,0x41,0x08,0x62,0x10,0x61,0x10,0x61,0x08,0x42,0x10,0x61,0x08,
    0x41,0x08,0x61,0x08,0x41,0x08,0x41,0x08,0x61,0x10,0x41,0x08,0x62,0x08,0x61,0x10,0x41,0x08,0x61,0x08,0x62,0x08,0x61,0x10,
    0x41,0x08,0x61,0x08,0x41,0x08,0xa3,0x18,0x61,0x08,0x42,0x08,0x61,0x10,0x41,0x08,0x61,0x08,0x62,0x08,0x41,0x08,0x41,0x08,
    0x41,0x08,0x61,0x08,0x41,0x08,0x41,0x10,0x41,0x08,0x61,0x10,0x61,0x08,0x41,0x08,0x62,0x08,0x41,0x10,0x61,0x08,0x41,0x08,
    0x61,0x08,0x41,0x08,0x61,0x10,0x41,0x08,0x41,0x08,0x41,0x10,0x61,0x08,0x61,0x08,0x61,0x10,0x41,0x08,0x41,0x08,0x41,0x08,
    0x61,0x10,0x62,0x08,0x41,0x08,0x41,0x08,0x41,0x08,0x61,0x08,0x42,0x08,0x61,0x10,0x62,0x08,0x41,0x08,0x41,0x10,0x41,0x08,
    0x42,0x08,0x61,0x08,0x62,0x10,0x61,0x10,0x61,0x08,0x41,0x10,0x61,0x08,0x61,0x10,0x61,0x08,0x41,0x10,0x41,0x08,0x41,0x08,
    0x41,0x08,0x41,0x08,0x41,0x08,0x61,0x08,0x41,0x10,0x61,0x08,0x61,0x08,0x41,0x08,0x61,0x10,0x61,0x08,0x41,0x08,0x61,0x08,
    0x42,0x10,0x61,0x08,0x61,0x10,0x41,0x08,0x61,0x08,0x61,0x10,0x41,0x08,0x61,0x10,0x62,0x08,0x61,0x10,0x61,0x08,0x62,0x10,
    0x61,0x08,0x62,0x10,0x61,0x08,0x62,0x10,0x41,0x08,0x61,0x08,0x62,0x10,0x62,0x08,0x61,0x08,0x61,0x10,0x62,0x08,0x82,0x10,
    0x61,0x08,0x62,0x10,0x61,0x08,0x61,0x10,0x62,0x08,0x61,0x10,0x62,0x08,0x61,0x10,0x61,0x08,0x62,0x10,0x61,0x10,0x61,0x08,
    0x61,0x10,0x62,0x10,0x61,0x10,0x61,0x08,0x62,0x10,0x61,0x08,0x41,0x08,0x62,0x10,0x81,0x10,0x62,0x08,0x61,0x10,0x61,0x08,
    0x61,0x08,0x61,0x10,0x41,0x08,0xc3,0x18,0x81,0x10,0x41,0x08,0x61,0x08,0x41,0x10,0x41,0x08,0x61,0x10,0x61,0x08,0x61,0x10,
    0x61,0x08,0x61,0x10,0x41,0x08,0x61,0x10,0x61,0x08,0x61,0x10,0x62,0x08,0x61,0x10,0x62,0x08,0x61,0x08,0x42,0x10,0x41,0x08,
    0x61,0x08,0x62,0x10,0x41,0x08,0x62,0x08,0x61,0x08,0x41,0x08,0x61,0x08,0x41,0x08,0x41,0x10,0x41,0x08,0x61,0x10,0x41,0x08,
    0x41,0x08,0x41,0x08,0x41,0x08,0x61,0x08,0x62,0x10,0x41,0x08,0x41,0x08,0x62,0x08,0x41,0x08,0x41,0x08,0x61,0x08,0x41,0x08,
    0x62,0x08,0x41,0x08,0x41,0x08,0x41,0x08,0x41,0x08,0x42,0x08,0x41,0x08,0xe3,0x20,0x62,0x08,0x41,0x08,0x41,0x08,0x61,0x08,
    0x41,0x08,0x41,0x08,0x41,0x08,0x61,0x10,0x41,0x08,0x61,0x10,0x41,0x08,0x61,0x08,0x62,0x08,0x61,0x10,0x42,0x08,0x41,0x08,
    0x41,0x08,0x41,0x08,0x41,0x08,0x41,0x08,0x41,0x08,0x41,0x08,0x61,0x08,0x42,0x08,0x41,0x08,0x41,0x08,0x41,0x08,0x61,0x08,
    0x41,0x08,0x62,0x10,0x62,0x10,0x61,0x08,0x41,0x08,0x41,0x08,0x61,0x10,0x41,0x08,0x41,0x08,0x41,0x10,0x61,0x08,0x41,0x08,
    0x41,0x08,0x41,0x08,0x41,0x08,0x41,0x08,0x41,0x08,0x41,0x08,0x41,0x08,0x41,0x08,0x41,0x08,0x41,0x08,0x41,0x08,0x41,0x08,
    0x61,0x08,0x42,0x08,0x61,0x08,0x42,0x10,0x41,0x08,0x61,0x10,0x42,0x10,0x61,0x08,0x41,0x08,0x61,0x10,0x41,0x08,0x61,0x10,
    0x41,0x08,0x62,0x10,0x61,0x08,0x62,0x10,0x61,0x08,0x62,0x10,0x41,0x08,0x62,0x08,0x41,0x08,0x42,0x08,0x61,0x08,0x62,0x08,
    0x41,0x10,0x62,0x08,0x62,0x10,0x61,0x08,0x62,0x10,0x41,0x08,0x61,0x08,0x62,0x10,0x61,0x10,0x62,0x08,0x61,0x10,0x61,0x08,
    0x62,0x10,0x61,0x08,0x61,0x10,0x62,0x10,0x61,0x08,0x41,0x08,0x62,0x10,0x61,0x08,0x61,0x08,0x61,0x08,0x62,0x10,0x61,0x08,
    0x62,0x08,0x61,0x08,0x62,0x08,0x61,0x10,0x62,0x08,0x41,0x08,0x62,0x08,0x61,0x10,0x41,0x08,0x41,0x08,0x61,0x10,0x41,0x08,
    0x61,0x08,0x61,0x10,0x62,0x08,0x41,0x08,0x61,0x10,0x42,0x08,0x61,0x08,0x41,0x08,0x41,0x08,0x61,0x08,0x41,0x08,0x61,0x08,
    0x41,0x08,0x62,0x10,0x61,0x10,0x41,0x08,0x41,0x08,0x62,0x08,0x61,0x08,0x41,0x08,0x41,0x08,0x62,0x08,0x41,0x08,0x61,0x08,
    0x41,0x08,0x41,0x08,0x61,0x08,0x41,0x08,0x62,0x10,0x41,0x08,0x61,0x08,0x41,0x08,0x41,0x08,0x62,0x10,0x41,0x08,0x61,0x10,
    0x62,0x08,0x41,0x08,0x41,0x08,0x41,0x08,0x61,0x08,0x41,0x08,0x61,0x08,0x41,0x08,0x41,0x08,0x41,0x08,0x41,0x08,0x41,0x08,
    0x41,0x08,0x61,0x10,0x42,0x08,0x41,0x08,0x61,0x10,0x41,0x08,0x41,0x08,0x62,0x08,0x41,0x08,0x61,0x08,0x41,0x08,0x41,0x08,
    0x41,0x08,0x41,0x08,0x41,0x08,0x41,0x08,0x41,0x08,0x61,0x10,0x41,0x08,0x62,0x08,0x41,0x08,0x41,0x08,0x42,0x08,0x61,0x10,
    0xc3,0x18,0x41,0x08,0x41,0x08,0x41,0x08,0x61,0x08,0x41,0x08,0x41,0x08,0x41,0x08,0x41,0x08,0x41,0x08,0x41,0x08,0x61,0x08,
    0x41,0x08,0x40,0x08,0x41,0x08,0x41,0x08,0x41,0x08,0x61,0x08,0x41,0x08,0x41,0x08,0x41,0x08,0x61,0x10,0x41,0x08,0x61,0x08,
    0x62,0x10,0x41,0x08,0x41,0x08,0x41,0x08,0x61,0x10,0x42,0x08,0x41,0x08,0x61,0x10,0x41,0x08,0x61,0x10,0x41,0x08,0x41,0x08,
    0x41,0x10,0x41,0x08,0x61,0x08,0x42,0x10,0x41,0x08,0x41,0x08,0x41,0x08,0x41,0x08,0x61,0x08,0x41,0x08,0x41,0x08,0x61,0x08,
    0x41,0x08,0x41,0x08,0x41,0x08,0x41,0x08,0x41,0x08,0x41,0x08,0x41,0x08,0x41,0x08,0x41,0x08,0x41,0x08,0x41,0x08,0x61,0x10,
    0x61,0x08,0x41,0x10,0x61,0x08,0x41,0x08,0x61,0x08,0x61,0x08,0x41,0x08,0x61,0x08,0x61,0x10,0x62,0x08,0x41,0x08,0x41,0x08,
    0x61,0x08,0x41,0x08,0x41,0x08,0x61,0x08,0x61,0x10,0x62,0x08,0x41,0x08,0x61,0x08,0x41,0x10,0x62,0x08,0x61,0x08,0x41,0x10,
    0x62,0x08,0x61,0x10,0x61,0x08,0x61,0x10,0x41,0x08,0x41,0x10,0x41,0x08,0x41,0x08,0x61,0x08,0x41,0x10,0x62,0x08,0x41,0x08,
    0x61,0x08,0x42,0x08,0x61,0x08,0x42,0x08,0x61,0x08,0x42,0x08,0x61,0x10,0x41,0x08,0x61,0x08,0x41,0x08,0x41,0x08,0x41,0x08,
    0x41,0x08,0x41,0x08,0x41,0x08,0x62,0x10,0x41,0x08,0x61,0x08,0x41,0x08,0x41,0x08,0x41,0x08,0x41,0x08,0x41,0x08,0x41,0x08,
    0x41,0x08,0x41,0x10,0x61,0x08,0x42,0x08,0x61,0x10,0x42,0x08,0x61,0x10,0x41,0x08,0x41,0x08,0x61,0x08,0x41,0x08,0x41,0x08,
    0x41,0x10,0x61,0x08,0x41,0x08,0x41,0x08,0x41,0x08,0x41,0x08,0x41,0x08,0x41,0x08,0x41,0x08,0x41,0x08,0x42,0x08,0x41,0x08,
    0x61,0x08,0x41,0x08,0x41,0x08,0x41,0x08,0x41,0x08,0x41,0x08,0x41,0x08,0x41,0x08,0x41,0x08,0x41,0x08,0x41,0x08,0x41,0x08,
    0x41,0x10,0x41,0x08,0x61,0x08,0x41,0x08,0x41,0x08,0x41,0x08,0x41,0x08,0x41,0x08,0x41,0x08,0x62,0x08,0x41,0x08,0x41,0x08,
    0x41,0x08,0x61,0x08,0x41,0x08,0x61,0x08,0x62,0x08,0x41,0x08,0x61,0x08,0x41,0x08,0x41,0x08,0x41,0x08,0x41,0x08,0x41,0x08,
    0x41,0x08,0x41,0x08,0x41,0x08,0x41,0x08,0x41,0x08,0x41,0x08,0x41,0x08,0x41,0x08,0x41,0x08,0x41,0x08,0x41,0x08,0x41,0x08,
    0x41,0x08,0x41,0x08,0x41,0x08,0x41,0x08,0x41,0x08,0x41,0x08,0x41,0x08,0x41,0x08,0x41,0x08,0x41,0x08,0x41,0x08,0x41,0x08,
    0x41,0x08,0x41,0x08,0x41,0x08,0x42,0x08,0x61,0x08,0x41,0x08,0x41,0x08,0x61,0x10,0x41,0x08,0x41,0x08,0x41,0x08,0x41,0x08,
    0x62,0x10,0x41,0x08,0x41,0x08,0x41,0x10,0x41,0x08,0x62,0x10,0x41,0x08,0x41,0x08,0x61,0x08,0x61,0x08,0x41,0x10,0x62,0x08,
    0x61,0x08,0x41,0x10,0x61,0x08,0x62,0x10,0x61,0x08,0x42,0x08,0x61,0x10,0x41,0x08,0x42,0x10,0x41,0x08,0x62,0x10,0x41,0x08,
    0x41,0x08,0x61,0x10,0x42,0x08,0x61,0x10,0x41,0x08,0x41,0x10,0x62,0x08,0x41,0x10,0x41,0x08,0x61,0x08,0x62,0x10,0x62,0x08,
    0x41,0x08,0x62,0x10,0x61,0x08,0x41,0x08,0x62,0x10,0x41,0x08,0x41,0x08,0x62,0x08,0x41,0x08,0x41,0x08,0x62,0x08,0x41,0x08,
    0x61,0x08,0x61,0x10,0x41,0x08,0x61,0x08,0x41,0x10,0x61,0x08,0x41,0x10,0x41,0x08,0x61,0x10,0x41,0x08,0x61,0x08,0x41,0x08,
    0x41,0x10,0x62,0x08,0x41,0x08,0x41,0x08,0x41,0x10,0x41,0x08,0x41,0x08,0x41,0x08,0x41,0x08,0x61,0x08,0x41,0x08,0x41,0x08,
    0x41,0x08,0x41,0x08,0x41,0x08,0x61,0x08,0x41,0x08,0x61,0x08,0x41,0x08,0x41,0x10,0x61,0x08,0x41,0x08,0x41,0x08,0x41,0x08,
    0x41,0x08,0x42,0x08,0x41,0x08,0x41,0x08,0x41,0x08,0x41,0x08,0x41,0x08,0x41,0x08,0x41,0x08,0x41,0x08,0x41,0x08,0x41,0x08,
    0x41,0x08,0x41,0x08,0x41,0x08,0x41,0x08,0x41,0x08,0x41,0x08,0x41,0x08,0x41,0x08,0x41,0x08,0x21,0x08,0x41,0x08,0x41,0x08,
    0x41,0x08,0x41,0x08,0x41,0x08,0x41,0x08,0x41,0x08,0x41,0x08,0x41,0x08,0x41,0x08,0x41,0x08,0x41,0x08,0x41,0x08,0x41,0x08,
    0x41,0x08,0x61,0x10,0x61,0x08,0x41,0x08,0x41,0x08,0x41,0x08,0x41,0x08,0x41,0x08,0x41,0x08,0x41,0x08,0x41,0x08,0x41,0x08,
    0x41,0x08,0x41,0x08,0x41,0x08,0x41,0x08,0x41,0x08,0x41,0x08,0x41,0x08,0x41,0x08,0x41,0x08,0x21,0x08,0x41,0x08,0x61,0x08,
    0x41,0x10,0x41,0x08,0x41,0x08,0x41,0x08,0x41,0x08,0x41,0x08,0x41,0x08,0x41,0x08,0x41,0x08,0x41,0x08,0x41,0x08,0x41,0x08,
    0x41,0x08,0x41,0x08,0x41,0x08,0x41,0x08,0x41,0x10,0x41,0x08,0x41,0x08,0x41,0x08,0x41,0x10,0x41,0x08,0x41,0x08,0x41,0x08,
    0x41,0x08,0x41,0x08,0x41,0x08,0x41,0x08,0x61,0x08,0x41,0x08,0x41,0x08,0x41,0x08,0x62,0x10,0x82,0x10,0x41,0x08,0x41,0x08,
    0x41,0x08,0x42,0x08,0x41,0x08,0x41,0x08,0x41,0x10,0x41,0x08,0x41,0x08,0x41,0x08,0x41,0x08,0x41,0x08,0x41,0x08,0x41,0x08,
    0x41,0x08,0x41,0x08,0x61,0x08,0x41,0x08,0x41,0x08,0x41,0x08,0x41,0x08,0x41,0x08,0x41,0x08,0x61,0x08,0x41,0x08,0x62,0x08,
    0x41,0x08,0x41,0x10,0x41,0x08,0x61,0x08,0x41,0x08,0x41,0x08,0x41,0x10,0x41,0x08,0x62,0x08,0x61,0x08,0x41,0x10,0x61,0x08,
    0x41,0x08,0x41,0x08,0xa2,0x18,0xa2,0x10,0x21,0x08,0x41,0x08,0x41,0x08,0x41,0x08,0x41,0x08,0x42,0x08,0x61,0x08,0x41,0x08,
    0x41,0x08,0x41,0x08,0x41,0x08,0x41,0x08,0x41,0x08,0x41,0x08,0x41,0x08,0x41,0x08,0x41,0x08,0x61,0x08,0x41,0x08,0x41,0x08,
    0x41,0x08,0x41,0x08,0x41,0x08,0x41,0x08,0x41,0x08,0x41,0x08,0x41,0x08,0x41,0x08,0x41,0x08,0x41,0x08,0x41,0x08,0x42,0x08,
    0x41,0x08,0x61,0x08,0x41,0x08,0x41,0x08,0x41,0x08,0x41,0x08,0x41,0x08,0x41,0x08,0x62,0x08,0x41,0x08,0x41,0x08,0x41,0x08,
    0x41,0x08,0x41,0x08,0x21,0x08,0x41,0x08,0x41,0x08,0x41,0x08,0x41,0x08,0x41,0x08,0x41,0x08,0x41,0x08,0x41,0x08,0x41,0x08,
    0x41,0x08,0x41,0x08,0x41,0x08,0x41,0x08,0x41,0x08,0x41,0x08,0x41,0x08,0x61,0x08,0x41,0x08,0x41,0x08,0x41,0x08,0x41,0x08,
    0x62,0x08,0x41,0x08,0x41,0x08,0x41,0x08,0x41,0x08,0x21,0x08,0x41,0x08,0x41,0x08,0x21,0x08,0x41,0x08,0x41,0x08,0x21,0x08,
    0x41,0x08,0x41,0x08,0x41,0x08,0x41,0x08,0x41,0x08,0x40,0x08,0x41,0x08,0x41,0x08,0x20,0x08,0x41,0x08,0x21,0x08,0x41,0x08,
    0x41,0x08,0x41,0x08,0x41,0x08,0x41,0x08,0x41,0x08,0x41,0x08,0x41,0x08,0x41,0x08,0x41,0x08,0x41,0x08,0x41,0x08,0x41,0x08,
    0x41,0x08,0x21,0x08,0x41,0x08,0x41,0x08,0x41,0x08,0x21,0x08,0x41,0x08,0x41,0x08,0x41,0x08,0x41,0x08,0x41,0x08,0x41,0x08,
    0x41,0x08,0x41,0x08,0x21,0x08,0x41,0x08,0x41,0x08,0x41,0x08,0x41,0x08,0x41,0x08,0x41,0x08,0x41,0x08,0x41,0x08,0x41,0x08,
    0x41,0x08,0x41,0x08,0x41,0x08,0x41,0x08,0x21,0x08,0x61,0x10,0x82,0x10,0x41,0x08,0x41,0x08,0x41,0x08,0x61,0x08,0x41,0x08,
    0x41,0x08,0x41,0x08,0x41,0x08,0x41,0x08,0x41,0x08,0x41,0x08,0x41,0x10,0x42,0x08,0x41,0x10,0x41,0x08,0x41,0x08,0x41,0x10,
    0x41,0x08,0x42,0x08,0x61,0x10,0x41,0x08,0x41,0x08,0x82,0x10,0x41,0x08,0x41,0x08,0x41,0x08,0x61,0x08,0x41,0x08,0x41,0x08,
    0x61,0x10,0x41,0x08,0x42,0x08,0x41,0x08,0x41,0x08,0x41,0x08,0x82,0x10,0x82,0x10,0x41,0x08,0x41,0x08,0x41,0x08,0x41,0x08,
    0x41,0x08,0x41,0x08,0x41,0x08,0x41,0x08,0x41,0x08,0x41,0x08,0x41,0x08,0x41,0x08,0x41,0x08,0x41,0x08,0x20,0x08,0x41,0x08,
    0x41,0x08,0x41,0x08,0x21,0x08,0x21,0x08,0x41,0x08,0x21,0x08,0x41,0x08,0x41,0x08,0x41,0x08,0x41,0x08,0x41,0x08,0x41,0x10,
    0x41,0x08,0x42,0x08,0x41,0x08,0x41,0x08,0x41,0x08,0x41,0x08,0x21,0x08,0x41,0x08,0x21,0x08,0x41,0x08,0x41,0x08,0x41,0x08,
    0x41,0x08,0x21,0x08,0x41,0x08,0x21,0x08,0x41,0x08,0x21,0x08,0x41,0x08,0x41,0x08,0x41,0x08,0x41,0x08,0x21,0x08,0x41,0x08,
    0x21,0x08,0x21,0x08,0x41,0x08,0x21,0x08,0x41,0x08,0x41,0x08,0x20,0x08,0x21,0x08,0x41,0x08,0x41,0x08,0x41,0x08,0x41,0x08,
    0x41,0x08,0x41,0x08,0x41,0x08,0x21,0x08,0x21,0x08,0x41,0x08,0x41,0x08,0x41,0x08,0x41,0x08,0x41,0x08,0x41,0x08,0x41,0x08,
    0x41,0x08,0x41,0x08,0x21,0x08,0x40,0x08,0x21,0x08,0x41,0x08,0x21,0x08,0x41,0x08,0x41,0x08,0x21,0x08,0x41,0x08,0x41,0x08,
    0x21,0x08,0x41,0x08,0x41,0x08,0x41,0x08,0x41,0x08,0x41,0x08,0x21,0x08,0x41,0x08,0x21,0x08,0x41,0x08,0x20,0x00,0x41,0x08,
    0x21,0x08,0x21,0x08,0x41,0x08,0x41,0x08,0x41,0x08,0x41,0x08,0x41,0x08,0x41,0x08,0x41,0x08,0x41,0x08,0x41,0x08,0x41,0x08,
    0x41,0x08,0x41,0x08,0x41,0x08,0x41,0x08,0x41,0x08,0x21,0x08,0x41,0x08,0x21,0x08,0x41,0x08,0x41,0x08,0x41,0x08,0x41,0x08,
    0x21,0x08,0x41,0x08,0x41,0x08,0x41,0x08,0x41,0x08,0x41,0x08,0x41,0x08,0x41,0x08,0x20,0x08,0x82,0x10,0x82,0x10,0x41,0x08,
    0x41,0x08,0x41,0x08,0x41,0x08,0x21,0x08,0x41,0x08,0x41,0x08,0x41,0x08,0x41,0x08,0x41,0x08,0x41,0x08,0x41,0x08,0x41,0x08,
    0x41,0x08,0x41,0x08,0x41,0x08,0x41,0x08,0x41,0x08,0x61,0x08,0x41,0x08,0x41,0x08,0x41,0x08,0x41,0x08,0x41,0x08,0x41,0x08,
    0x41,0x08,0x42,0x08,0x41,0x10,0x41,0x08,0x41,0x08,0x41,0x08,0x41,0x08,0x41,0x08,0x41,0x08,0x41,0x08,0x41,0x08,0x41,0x08,
    0x21,0x08,0x41,0x08,0x41,0x08,0x41,0x08,0x41,0x08,0x41,0x08,0x21,0x08,0x41,0x08,0x41,0x08,0x21,0x08,0x41,0x08,0x41,0x08,
    0x21,0x08,0x41,0x08,0x41,0x08,0x41,0x08,0x41,0x08,0x41,0x08,0x41,0x08,0x41,0x08,0x41,0x08,0x41,0x08,0x41,0x08,0x41,0x08,
    0x41,0x08,0x41,0x08,0x41,0x08,0x41,0x08,0x41,0x08,0x41,0x08,0x41,0x08,0x41,0x08,0x21,0x08,0x41,0x08,0x41,0x08,0x41,0x08,
    0x20,0x00,0x41,0x08,0x21,0x08,0x41,0x08,0x41,0x08,0x41,0x08,0x20,0x08,0x41,0x08,0x21,0x00,0x41,0x08,0x41,0x08,0x41,0x08,
    0x41,0x08,0x21,0x00,0x41,0x08,0x20,0x08,0x41,0x00,0x20,0x08,0x41,0x08,0x40,0x08,0x21,0x00,0x41,0x08,0x41,0x08,0x21,0x00,
    0x40,0x08,0x21,0x08,0x21,0x08,0x21,0x08,0x41,0x08,0x21,0x08,0x41,0x08,0x41,0x08,0x40,0x08,0x41,0x08,0x21,0x08,0x41,0x08,
    0x21,0x08,0x41,0x08,0x21,0x08,0x21,0x00,0x20,0x08,0x41,0x08,0x20,0x00,0x21,0x00,0x21,0x08,0x40,0x00,0x41,0x08,0x41,0x08,
    0x41,0x08,0x21,0x08,0x41,0x08,0x20,0x00,0x21,0x08,0x41,0x08,0x40,0x08,0x21,0x00,0x41,0x08,0x20,0x08,0x41,0x08,0x41,0x08,
    0x20,0x00,0x41,0x08,0x41,0x08,0x41,0x08,0x20,0x00,0x41,0x08,0x20,0x00,0x21,0x08,0x21,0x08,0x20,0x00,0x41,0x08,0x21,0x08,
    0x20,0x08,0x41,0x08,0x41,0x08,0x41,0x08,0x41,0x08,0x21,0x08,0x21,0x08,0x41,0x08,0x41,0x08,0x21,0x08,0x40,0x08,0x41,0x08,
    0x41,0x08,0x41,0x08,0x20,0x08,0x21,0x08,0x41,0x08,0x41,0x08,0x41,0x08,0x41,0x08,0x21,0x08,0x41,0x08,0x21,0x08,0x41,0x08,
    0x41,0x08,0x41,0x08,0x41,0x08,0x41,0x08,0x21,0x08,0x41,0x08,0x41,0x08,0x41,0x08,0x41,0x08,0x21,0x08,0x41,0x08,0x21,0x08,
    0x41,0x08,0x41,0x08,0x21,0x08,0x41,0x08,0x41,0x08,0x21,0x08,0x41,0x08,0x41,0x08,0x41,0x08,0x41,0x08,0x41,0x08,0x41,0x08,
    0x41,0x08,0x41,0x08,0x41,0x08,0x41,0x08,0x41,0x08,0x41,0x08,0x41,0x08,0x41,0x08,0x41,0x08,0x41,0x08,0x41,0x08,0x41,0x08,
    0x21,0x08,0x41,0x08,0x41,0x08,0x41,0x08,0x20,0x08,0x41,0x08,0x41,0x08,0x41,0x08,0x41,0x08,0x41,0x08,0x41,0x08,0x21,0x08,
    0x41,0x08,0x21,0x08,0x40,0x00,0x21,0x08,0x41,0x08,0x41,0x08,0x20,0x00,0x21,0x08,0x41,0x08,0x20,0x00,0x21,0x08,0x41,0x08,
    0x41,0x08,0x41,0x08,0x21,0x08,0x40,0x08,0x21,0x08,0x21,0x08,0x21,0x00,0x41,0x08,0x21,0x08,0x41,0x08,0x20,0x08,0x41,0x00,
    0x40,0x08,0x21,0x08,0x41,0x00,0x21,0x08,0x41,0x08,0x20,0x08,0x41,0x00,0x20,0x08,0x21,0x08,0x41,0x08,0x21,0x00,0x41,0x08,
    0x20,0x08,0x41,0x08,0x20,0x00,0x41,0x08,0x41,0x08,0x20,0x08,0x21,0x00,0x21,0x08,0x41,0x08,0x20,0x00,0x41,0x08,0x21,0x08,
    0x41,0x08,0x20,0x00,0x41,0x08,0x21,0x08,0x21,0x00,0x41,0x08,0x20,0x00,0x21,0x00,0x20,0x08,0x41,0x00,0x20,0x08,0x21,0x00,
    0x41,0x08,0x21,0x00,0x41,0x08,0x20,0x08,0x41,0x00,0x41,0x08,0x20,0x00,0x41,0x08,0x21,0x00,0x41,0x08,0x21,0x08,0x40,0x08,
    0x21,0x00,0x21,0x08,0x41,0x08,0x20,0x08,0x21,0x00,0x40,0x08,0x41,0x08,0x41,0x08,0x20,0x00,0x41,0x08,0x21,0x00,0x41,0x08,
    0x21,0x08,0x61,0x08,0x21,0x00,0x20,0x08,0x41,0x08,0x21,0x00,0x20,0x08,0x21,0x08,0x41,0x08,0x41,0x08,0x21,0x08,0x41,0x00,
    0x40,0x08,0x41,0x08,0x21,0x08,0x40,0x00,0x21,0x08,0x41,0x00,0x21,0x08,0x21,0x08,0x41,0x08,0x41,0x08,0x40,0x08,0x21,0x08,
    0x41,0x08,0x20,0x00,0x21,0x08,0x21,0x00,0x41,0x08,0x61,0x10,0x21,0x00,0x41,0x08,0x21,0x00,0x40,0x08,0x21,0x08,0x41,0x08,
    0x20,0x00,0x41,0x08,0x40,0x08,0x41,0x08,0x21,0x00,0x20,0x08,0x21,0x08,0x21,0x08,0x40,0x08,0x41,0x08,0x41,0x08,0x41,0x08,
    0x41,0x08,0x41,0x08,0x41,0x08,0x20,0x08,0x41,0x08,0x21,0x08,0x41,0x08,0x41,0x08,0x21,0x08,0x40,0x08,0x41,0x08,0x41,0x08,
    0x41,0x08,0x21,0x08,0x41,0x08,0x21,0x08,0x41,0x08,0x41,0x08,0x41,0x08,0x41,0x08,0x41,0x08,0x41,0x08,0x21,0x08,0x41,0x08,
    0x21,0x08,0x41,0x08,0x41,0x08,0x21,0x08,0x40,0x08,0x41,0x00,0x21,0x08,0x41,0x08,0x41,0x00,0x21,0x08,0x41,0x08,0x21,0x00,
    0x21,0x08,0x41,0x08,0x21,0x08,0x41,0x08,0x40,0x08,0x41,0x08,0x21,0x08,0x41,0x08,0x40,0x00,0x41,0x08,0x41,0x08,0x20,0x00,
    0x41,0x08,0x41,0x08,0x41,0x08,0x41,0x08,0x40,0x08,0x21,0x00,0x40,0x08,0x21,0x00,0x41,0x08,0x40,0x08,0x41,0x08,0x21,0x08,
    0x40,0x00,0x41,0x08,0x21,0x00,0x21,0x08,0x41,0x08,0x20,0x08,0x41,0x08,0x41,0x08,0x20,0x00,0x21,0x08,0x41,0x08,0x21,0x00,
    0x40,0x08,0x21,0x08,0x20,0x00,0x21,0x08,0x20,0x00,0x41,0x08,0x21,0x08,0x20,0x00,0x21,0x08,0x20,0x00,0x41,0x08,0x20,0x00,
    0x21,0x08,0x21,0x08,0x41,0x00,0x20,0x08,0x21,0x00,0x41,0x08,0x20,0x08,0x41,0x00,0x20,0x08,0x41,0x08,0x61,0x08,0x21,0x08,
    0x20,0x00,0x21,0x08,0x41,0x00,0x21,0x08,0x40,0x08,0x21,0x08,0x41,0x00,0x21,0x08,0x41,0x08,0x20,0x08,0x21,0x08,0x20,0x08,
    0x41,0x08,0x20,0x08,0x21,0x00,0x41,0x08,0x20,0x08,0x21,0x08,0x20,0x00,0x21,0x08,0x41,0x08,0x21,0x08,0x20,0x00,0x41,0x08,
    0x21,0x08,0x20,0x00,0x20,0x08,0x21,0x08,0x20,0x00,0x41,0x08,0x41,0x08,0x21,0x00,0x20,0x08,0x41,0x08,0x21,0x00,0x20,0x08,
    0x21,0x00,0x40,0x08,0x21,0x00,0x41,0x08,0x21,0x08,0x41,0x08,0x41,0x08,0x21,0x00,0x41,0x08,0x21,0x08,0x20,0x08,0x41,0x08,
    0x20,0x00,0x41,0x08,0x21,0x08,0x21,0x00,0x20,0x08,0x41,0x08,0x21,0x08,0x20,0x08,0x41,0x08,0x61,0x08,0x21,0x08,0x40,0x08,
    0x21,0x08,0x41,0x08,0x20,0x00,0x41,0x08,0x21,0x08,0x41,0x08,0x62,0x10,0x20,0x00,0x41,0x08,0x21,0x00,0x20,0x08,0x41,0x00,
    0x21,0x08,0x41,0x08,0x21,0x08,0x41,0x08,0x21,0x08,0x20,0x00,0x41,0x08,0x41,0x08,0x21,0x00,0x41,0x08,0x20,0x08,0x41,0x08,
    0x20,0x08,0x21,0x08,0x41,0x08,0x21,0x08,0x21,0x08,0x61,0x08,0x41,0x08,0x21,0x08,0x41,0x08,0x41,0x08,0x21,0x08,0x21,0x08,
    0x41,0x08,0x41,0x08,0x41,0x08,0x41,0x08,0x20,0x00,0x21,0x08,0x40,0x00,0x21,0x08,0x21,0x00,0x41,0x08,0x40,0x08,0x21,0x08,
    0x40,0x08,0x21,0x00,0x40,0x08,0x41,0x08,0x41,0x08,0x20,0x00,0x40,0x08,0x21,0x00,0x41,0x08,0x41,0x08,0x21,0x00,0x41,0x08,
    0x21,0x08,0x20,0x00,0x21,0x08,0x41,0x08,0x20,0x08,0x21,0x00,0x20,0x08,0x21,0x00,0x21,0x08,0x20,0x08,0x41,0x08,0x21,0x00,
    0x21,0x08,0x20,0x00,0x41,0x08,0x41,0x08,0x20,0x08,0x21,0x08,0x41,0x08,0x40,0x08,0x21,0x00,0x21,0x08,0x20,0x00,0x41,0x08,
    0x21,0x08,0x40,0x00,0x21,0x08,0x20,0x08,0x21,0x00,0x20,0x08,0x41,0x08,0x21,0x08,0x41,0x08,0x21,0x08,0x41,0x08,0x41,0x08,
    0x21,0x00,0x20,0x08,0x21,0x00,0x20,0x08,0x21,0x00,0x20,0x08,0x20,0x00,0x41,0x08,0x21,0x08,0x20,0x00,0x41,0x08,0x21,0x08,
    0x20,0x00,0x62,0x10,0xc3,0x18,0x00,0x00,0x41,0x08,0x21,0x08,0x20,0x08,0x21,0x00,0x21,0x08,0x40,0x08,0x21,0x08,0x20,0x00,
    0x21,0x08,0x21,0x00,0x41,0x00,0x20,0x08,0x21,0x00,0x21,0x08,0x20,0x08,0x21,0x00,0x41,0x08,0x21,0x00,0x40,0x08,0x21,0x00,
    0x20,0x08,0x41,0x00,0x21,0x08,0x20,0x00,0x21,0x08,0x20,0x00,0x21,0x08,0x41,0x00,0x21,0x08,0x20,0x00,0x21,0x08,0x41,0x08,
    0x21,0x08,0x40,0x00,0x21,0x08,0x41,0x08,0x21,0x08,0x20,0x00,0x21,0x08,0x40,0x08,0x41,0x08,0x20,0x00,0x21,0x08,0x41,0x08,
    0x40,0x08,0x21,0x08,0x41,0x00,0x41,0x08,0x21,0x08,0x41,0x08,0x41,0x08,0x20,0x00,0x41,0x08,0x21,0x08,0x41,0x00,0x21,0x08,
    0x21,0x00,0x21,0x08,0x21,0x08,0x20,0x00,0x21,0x00,0x21,0x08,0x20,0x08,0x41,0x08,0x20,0x00,0x62,0x10,0x86,0x29,0x20,0x08,
    0x21,0x08,0x20,0x08,0x41,0x08,0x21,0x00,0x20,0x08,0x21,0x00,0x41,0x08,0x20,0x00,0x41,0x08,0x21,0x08,0x20,0x00,0x41,0x08,
    0x20,0x08,0x41,0x08,0x21,0x00,0x41,0x08,0x41,0x08,0x41,0x08,0x41,0x08,0x41,0x08,0x41,0x08,0x41,0x08,0x21,0x08,0x40,0x08,
    0x21,0x00,0x20,0x08,0x41,0x08,0x41,0x00,0x20,0x08,0x41,0x08,0x21,0x08,0x20,0x00,0x41,0x08,0x21,0x08,0x41,0x08,0x41,0x08,
    0x20,0x08,0x21,0x00,0x21,0x08,0x41,0x08,0x21,0x00,0x41,0x08,0x20,0x00,0x82,0x10,0x62,0x10,0x20,0x00,0x21,0x08,0x20,0x00,
    0x21,0x08,0x20,0x00,0x41,0x08,0x20,0x08,0x41,0x08,0x20,0x00,0x41,0x08,0x21,0x08,0x21,0x00,0x40,0x08,0x21,0x08,0x41,0x08,
    0x41,0x08,0x21,0x00,0x20,0x00,0x41,0x08,0x21,0x08,0x21,0x08,0x40,0x00,0x21,0x08,0x21,0x00,0x20,0x00,0x21,0x08,0x20,0x00,
    0x21,0x08,0x40,0x00,0x21,0x08,0x20,0x00,0x21,0x08,0x21,0x08,0x20,0x00,0x41,0x08,0x21,0x00,0x41,0x08,0x20,0x00,0x21,0x08,
    0x20,0x00,0x21,0x00,0x40,0x08,0x21,0x08,0x20,0x00,0x21,0x08,0x20,0x00,0x21,0x08,0x40,0x08,0x21,0x08,0x21,0x00,0x20,0x08,
    0x21,0x00,0x20,0x08,0x21,0x00,0x20,0x08,0x21,0x00,0x41,0x08,0x41,0x08,0x20,0x00,0x21,0x08,0x20,0x00,0x21,0x08,0x40,0x00,
    0x21,0x08,0x21,0x00,0x20,0x08,0x21,0x00,0x40,0x08,0x21,0x08,0x20,0x08,0x21,0x00,0x20,0x08,0x21,0x00,0x41,0x08,0x20,0x08,
    0x20,0x00,0x21,0x08,0x21,0x08,0x20,0x00,0x21,0x08,0x20,0x00,0x41,0x08,0x21,0x08,0x20,0x00,0x41,0x08,0x21,0x08,0x20,0x08,
    0x41,0x08,0x21,0x08,0x40,0x08,0x20,0x00,0x41,0x08,0x20,0x00,0x21,0x08,0x40,0x08,0x21,0x00,0x20,0x08,0x21,0x00,0x20,0x08,
    0x21,0x00,0x41,0x08,0x20,0x00,0x21,0x08,0x41,0x08,0x21,0x00,0x40,0x08,0x21,0x08,0x20,0x00,0x21,0x08,0x41,0x08,0x21,0x08,
    0x20,0x00,0x20,0x08,0x21,0x08,0x40,0x08,0x20,0x00,0x21,0x08,0x20,0x00,0x41,0x08,0x20,0x08,0x41,0x00,0x21,0x08,0x41,0x00,
    0x20,0x08,0x21,0x00,0x61,0x10,0x21,0x00,0x20,0x08,0x21,0x00,0x20,0x08,0x21,0x00,0x20,0x08,0x21,0x00,0x20,0x08,0x21,0x08,
    0x40,0x00,0x21,0x08,0x41,0x08,0x21,0x00,0x20,0x08,0x21,0x00,0x40,0x08,0x21,0x08,0x21,0x00,0x20,0x08,0x21,0x08,0x21,0x00,
    0x40,0x08,0x21,0x08,0x20,0x00,0x41,0x08,0x21,0x08,0x41,0x00,0x20,0x08,0x21,0x08,0x41,0x08,0x20,0x00,0x21,0x08,0x21,0x08,
    0x21,0x08,0x20,0x00,0x20,0x00,0x21,0x08,0x41,0x00,0x20,0x08,0x41,0x08,0x20,0x00,0x21,0x08,0x20,0x08,0x21,0x08,0x41,0x08,
    0x41,0x08,0x21,0x00,0x20,0x08,0x41,0x08,0x21,0x00,0x20,0x08,0x21,0x00,0x20,0x00,0x21,0x08,0x21,0x08,0x21,0x00,0x40,0x08,
    0x21,0x08,0x21,0x00,0x41,0x08,0x20,0x00,0x41,0x08,0x41,0x08,0x41,0x08,0x21,0x08,0x40,0x00,0x20,0x08,0x21,0x00,0x20,0x08,
    0x21,0x00,0x20,0x08,0x21,0x00,0x20,0x08,0x21,0x08,0x20,0x08,0x41,0x00,0x21,0x08,0x20,0x00,0x41,0x08,0x20,0x08,0x21,0x00,
    0x20,0x08,0x21,0x08,0x20,0x00,0x21,0x08,0x20,0x08,0x41,0x08,0x21,0x00,0x21,0x08,0x20,0x00,0x21,0x08,0x20,0x00,0x21,0x08,
    0x20,0x00,0x21,0x00,0x20,0x08,0x21,0x00,0x20,0x08,0x21,0x00,0x20,0x08,0x21,0x00,0x20,0x08,0x20,0x00,0x21,0x00,0x20,0x08,
    0x20,0x00,0x41,0x08,0x21,0x00,0x41,0x08,0x41,0x08,0x20,0x08,0x21,0x00,0x20,0x08,0x21,0x00,0x20,0x00,0x21,0x08,0x20,0x00,
    0x21,0x08,0x40,0x08,0x21,0x00,0x21,0x08,0x41,0x08,0x20,0x00,0x20,0x00,0x21,0x08,0x20,0x00,0x21,0x08,0x20,0x00,0x21,0x08,
    0x20,0x00,0x41,0x08,0x20,0x00,0x21,0x00,0x20,0x00,0x21,0x08,0x21,0x00,0x20,0x08,0x21,0x00,0x20,0x08,0x21,0x00,0x20,0x08,
    0x21,0x00,0x20,0x08,0x21,0x00,0x41,0x08,0x20,0x00,0x21,0x08,0x20,0x08,0x21,0x00,0x40,0x08,0x21,0x08,0x21,0x08,0x21,0x00,
    0x20,0x08,0x21,0x00,0x20,0x08,0x21,0x00,0x20,0x08,0x21,0x00,0x20,0x08,0x21,0x00,0x20,0x08,0x21,0x00,0x20,0x08,0x21,0x00,
    0x20,0x08,0x21,0x00,0x20,0x08,0x20,0x00,0x21,0x08,0x20,0x00,0x00,0x00,0x21,0x08,0x20,0x00,0x21,0x00,0x20,0x08,0x21,0x00,
    0x20,0x08,0x21,0x08,0x41,0x00,0x20,0x08,0x21,0x08,0x20,0x00,0x21,0x08,0x20,0x00,0x21,0x08,0x20,0x08,0x21,0x00,0x20,0x08,
    0x41,0x08,0x21,0x08,0x41,0x08,0x20,0x00,0x21,0x08,0x21,0x08,0x41,0x08,0x20,0x00,0x21,0x08,0x20,0x00,0x21,0x08,0x41,0x00,
    0x41,0x08,0x41,0x08,0x21,0x08,0x20,0x00,0x41,0x08,0x20,0x00,0x21,0x08,0x20,0x08,0x41,0x08,0x21,0x00,0x20,0x08,0x41,0x08,
    0x20,0x00,0x21,0x00,0x20,0x08,0x21,0x00,0x20,0x08,0x21,0x08,0x21,0x00,0x21,0x08,0x41,0x08,0x20,0x00,0x21,0x08,0x20,0x08,
    0x21,0x00,0x40,0x08,0x21,0x08,0x20,0x00,0x21,0x08,0x20,0x08,0x21,0x08,0x21,0x08,0x20,0x00,0x21,0x08,0x41,0x08,0x20,0x08,
    0x21,0x00,0x20,0x08,0x41,0x08,0x21,0x08,0x20,0x00,0x21,0x08,0x20,0x00,0x21,0x08,0x20,0x00,0x21,0x00,0x20,0x08,0x21,0x08,
    0x20,0x00,0x21,0x08,0x41,0x08,0x20,0x00,0x21,0x08,0x20,0x00,0x21,0x08,0x20,0x00,0x21,0x00,0x20,0x08,0x20,0x00,0x21,0x08,
    0x41,0x08,0x20,0x00,0x21,0x08,0x20,0x00,0x21,0x08,0x20,0x00,0x21,0x08,0x20,0x00,0x21,0x08,0x20,0x00,0x21,0x08,0x41,0x08,
    0x20,0x00,0x21,0x08,0x00,0x00,0x21,0x08,0x00,0x00,0x21,0x00,0x20,0x08,0x21,0x08,0x20,0x00,0x21,0x00,0x20,0x08,0x21,0x00,
    0x20,0x08,0x21,0x00,0x20,0x08,0x21,0x00,0x20,0x08,0x21,0x00,0x20,0x00,0x41,0x08,0x20,0x00,0x21,0x08,0x20,0x00,0x21,0x08,
    0x20,0x00,0x20,0x08,0x21,0x00,0x20,0x08,0x21,0x00,0x20,0x08,0x21,0x08,0x20,0x08,0x41,0x08,0x20,0x00,0x21,0x08,0x20,0x08,
    0x21,0x00,0x21,0x08,0x20,0x00,0x41,0x08,0x20,0x00,0x21,0x08,0x20,0x00,0x20,0x08,0x21,0x00,0x20,0x00,0x21,0x08,0x20,0x00,
    0x21,0x08,0x20,0x00,0x21,0x08,0x20,0x00,0x21,0x08,0x21,0x08,0x20,0x00,0x20,0x08,0x01,0x00,0x20,0x00,0x21,0x08,0x20,0x00,
    0x21,0x08,0x20,0x08,0x21,0x00,0x20,0x08,0x21,0x08,0x20,0x00,0x21,0x08,0x20,0x00,0x21,0x08,0x21,0x08,0x20,0x08,0x21,0x00,
    0x21,0x08,0x20,0x00,0x21,0x08,0x20,0x08,0x21,0x00,0x20,0x08,0x21,0x00,0x21,0x08,0x41,0x00,0x20,0x08,0x41,0x08,0x20,0x00,
    0x21,0x08,0x21,0x00,0x41,0x08,0x21,0x08,0x41,0x08,0x20,0x00,0x21,0x00,0x21,0x08,0x20,0x00,0x21,0x08,0x41,0x00,0x20,0x08,
    0x21,0x08,0x21,0x00,0x20,0x08,0x21,0x08,0x21,0x08,0x41,0x08,0x21,0x00,0x21,0x08,0x20,0x00,0x21,0x08,0x21,0x00,0x21,0x08,
    0x20,0x00,0x21,0x08,0x21,0x00,0x20,0x08,0x21,0x00,0x20,0x08,0x21,0x00,0x20,0x08,0x21,0x00,0x20,0x00,0x20,0x08,0x21,0x00,
    0x20,0x08,0x21,0x00,0x21,0x08,0x20,0x00,0x21,0x08,0x20,0x00,0x21,0x08,0x21,0x00,0x40,0x08,0x21,0x00,0x41,0x08,0x20,0x00,
    0x21,0x08,0x20,0x00,0x20,0x08,0x21,0x00,0x20,0x08,0x21,0x00,0x20,0x00,0x21,0x00,0x20,0x08,0x20,0x00,0x21,0x08,0x20,0x00,
    0x21,0x08,0x20,0x08,0x21,0x00,0x20,0x08,0x41,0x08,0x20,0x00,0x41,0x08,0x20,0x00,0x21,0x08,0x21,0x08,0x20,0x00,0x21,0x08,
    0x20,0x00,0x21,0x08,0x21,0x00,0x20,0x00,0x20,0x08,0x21,0x00,0x20,0x08,0x21,0x00,0x20,0x08,0x21,0x00,0x20,0x08,0x21,0x00,
    0x20,0x08,0x21,0x00,0x20,0x08,0x20,0x00,0x21,0x08,0x20,0x00,0x21,0x08,0x20,0x00,0x20,0x08,0x21,0x00,0x20,0x00,0x20,0x08,
    0x21,0x00,0x20,0x08,0x21,0x00,0x20,0x08,0x21,0x00,0x20,0x08,0x21,0x00,0x20,0x08,0x21,0x00,0x20,0x08,0x21,0x00,0x20,0x08,
    0x20,0x00,0x21,0x08,0x20,0x00,0x20,0x00,0x21,0x08,0x21,0x00,0x20,0x08,0x21,0x00,0x20,0x08,0x21,0x00,0x20,0x00,0x21,0x00,
    0x20,0x08,0x21,0x00,0x20,0x00,0x21,0x08,0x40,0x08,0x21,0x00,0x20,0x08,0x21,0x08,0x21,0x00,0x20,0x08,0x21,0x00,0x20,0x08,
    0x21,0x08,0x00,0x00,0x20,0x08,0x21,0x00,0x20,0x08,0x21,0x00,0x20,0x08,0x21,0x00,0x20,0x08,0x21,0x00,0x20,0x00,0x21,0x08,
    0x20,0x00,0x21,0x08,0x20,0x00,0x21,0x08,0x21,0x00,0x00,0x08,0x21,0x00,0x20,0x00,0x00,0x00,0x21,0x08,0x20,0x00,0x21,0x08,
    0x20,0x00,0x21,0x08,0x20,0x00,0x21,0x08,0x20,0x00,0x21,0x08,0x20,0x00,0x21,0x08,0x20,0x00,0x21,0x08,0x20,0x08,0x21,0x00,
    0x20,0x08,0x21,0x00,0x21,0x08,0x20,0x00,0x21,0x08,0x20,0x00,0x20,0x00,0x21,0x08,0x20,0x00,0x21,0x08,0x20,0x08,0x21,0x08,
    0x21,0x00,0x20,0x08,0x20,0x00,0x21,0x08,0x20,0x00,0x21,0x08,0x21,0x00,0x20,0x08,0x20,0x00,0x21,0x08,0x20,0x00,0x21,0x08,
    0x21,0x08,0x20,0x08,0x21,0x00,0x20,0x08,0x41,0x08,0x20,0x00,0x21,0x08,0x20,0x00,0x21,0x08,0x21,0x00,0x21,0x08,0x20,0x00,
    0x21,0x08,0x21,0x08,0x20,0x00,0x21,0x08,0x20,0x00,0x20,0x00,0x20,0x08,0x21,0x00,0x20,0x08,0x21,0x00,0x20,0x08,0x21,0x00,
    0x20,0x08,0x21,0x00,0x20,0x08,0x21,0x08,0x20,0x00,0x21,0x08,0x20,0x00,0x21,0x08,0x20,0x00,0x21,0x08,0x00,0x00,0x20,0x08,
    0x21,0x00,0x20,0x00,0x21,0x08,0x20,0x00,0x21,0x00,0x20,0x00,0x21,0x08,0x20,0x00,0x21,0x00,0x20,0x08,0x01,0x00,0x20,0x08,
    0x21,0x00,0x20,0x00,0x20,0x00,0x21,0x08,0x20,0x00,0x21,0x00,0x20,0x08,0x21,0x00,0x21,0x08,0x20,0x00,0x21,0x08,0x00,0x00,
    0x20,0x00,0x20,0x08,0x21,0x00,0x20,0x08,0x20,0x00,0x00,0x00,0x21,0x00,0x20,0x08,0x01,0x00,0x20,0x08,0x20,0x00,0x01,0x00,
    0x20,0x08,0x21,0x00,0x00,0x08,0x21,0x00,0x00,0x08,0x21,0x00,0x20,0x08,0x21,0x00,0x20,0x08,0x00,0x00,0x21,0x08,0x20,0x00,
    0x00,0x00,0x20,0x00,0x20,0x08,0x01,0x00,0x20,0x08,0x21,0x00,0x00,0x08,0x21,0x00,0x20,0x08,0x21,0x00,0x20,0x00,0x00,0x08,
    0x21,0x00,0x41,0x08,0x00,0x08,0x20,0x00,0x20,0x00,0x21,0x08,0x00,0x00,0x20,0x00,0x21,0x08,0x20,0x00,0x21,0x08,0x20,0x00,
    0x21,0x08,0x20,0x00,0x20,0x08,0x21,0x00,0x20,0x00,0x21,0x08,0x20,0x00,0x00,0x00,0x21,0x08,0x20,0x00,0x21,0x08,0x20,0x00,
    0x21,0x00,0x21,0x08,0x20,0x00,0x21,0x08,0x20,0x00,0x01,0x08,0x20,0x00,0x00,0x08,0x20,0x00,0x01,0x00,0x20,0x08,0x21,0x08,
    0x20,0x00,0x21,0x08,0x21,0x00,0x20,0x08,0x20,0x00,0x21,0x00,0x20,0x08,0x21,0x00,0x20,0x08,0x21,0x00,0x20,0x08,0x21,0x00,
    0x20,0x08,0x21,0x00,0x21,0x00,0x20,0x08,0x20,0x00,0x20,0x08,0x21,0x00,0x20,0x00,0x20,0x08,0x01,0x00,0x20,0x08,0x21,0x00,
    0x20,0x08,0x01,0x00,0x20,0x00,0x20,0x00,0x20,0x08,0x21,0x00,0x20,0x08,0x21,0x00,0x20,0x08,0x21,0x00,0x20,0x08,0x21,0x00,
    0x21,0x00,0x20,0x08,0x21,0x00,0x20,0x00,0x21,0x00,0x20,0x08,0x20,0x00,0x21,0x00,0x21,0x08,0x20,0x00,0x21,0x08,0x20,0x00,
    0x21,0x08,0x20,0x00,0x20,0x08,0x21,0x08,0x20,0x00,0x21,0x00,0x20,0x08,0x20,0x00,0x21,0x00,0x20,0x08,0x21,0x00,0x20,0x08,
    0x21,0x00,0x20,0x08,0x21,0x00,0x20,0x08,0x01,0x00,0x20,0x00,0x21,0x00,0x20,0x00,0x21,0x08,0x20,0x00,0x21,0x00,0x20,0x00,
    0x00,0x08,0x21,0x00,0x20,0x00,0x21,0x08,0x00,0x00,0x21,0x08,0x20,0x00,0x00,0x08,0x21,0x08,0x20,0x00,0x21,0x08,0x20,0x00,
    0x21,0x08,0x21,0x00,0x20,0x08,0x21,0x00,0x20,0x08,0x21,0x00,0x20,0x08,0x21,0x00,0x20,0x08,0x01,0x00,0x20,0x08,0x21,0x00,
    0x20,0x08,0x21,0x00,0x20,0x00,0x20,0x08,0x01,0x00,0x21,0x08,0x00,0x00,0x21,0x00,0x00,0x08,0x21,0x00,0x20,0x08,0x01,0x00,
    0x20,0x00,0x21,0x00,0x00,0x00,0x21,0x08,0x20,0x00,0x21,0x00,0x20,0x08,0x01,0x00,0x20,0x00,0x21,0x08,0x00,0x00,0x21,0x00,
    0x20,0x00,0x01,0x00,0x20,0x00,0x21,0x08,0x20,0x00,0x01,0x08,0x20,0x00,0x21,0x00,0x20,0x08,0x21,0x00,0x20,0x08,0x01,0x00,
    0x00,0x00,0x20,0x08,0x21,0x00,0x20,0x00,0x20,0x08,0x21,0x00,0x20,0x00,0x21,0x08,0x20,0x00,0x20,0x00,0x21,0x08,0x20,0x00,
    0x21,0x00,0x00,0x08,0x21,0x00,0x20,0x00,0x20,0x00,0x01,0x00,0x20,0x08,0x21,0x00,0x20,0x08,0x00,0x00,0x21,0x08,0x20,0x00,
    0x21,0x08,0x20,0x00,0x21,0x08,0x21,0x00,0x20,0x08,0x00,0x00,0x21,0x08,0x21,0x08,0x00,0x00,0x20,0x00,0x01,0x08,0x20,0x00,
    0x21,0x08,0x00,0x00,0x20,0x00,0x21,0x08,0x00,0x00,0x21,0x08,0x00,0x00,0x00,0x00,0x21,0x08,0x20,0x00,0x20,0x00,0x21,0x08,
    0x00,0x00,0x21,0x08,0x00,0x00,0x20,0x00,0x01,0x00,0x20,0x08,0x00,0x00,0x21,0x08,0x20,0x00,0x21,0x08,0x21,0x08,0x20,0x00,
    0x21,0x08,0x21,0x08,0x20,0x00,0x21,0x08,0x20,0x00,0x20,0x00,0x21,0x08,0x21,0x08,0x20,0x00,0x01,0x00,0x20,0x08,0x00,0x00,
    0x21,0x08,0x00,0x00,0x20,0x00,0x20,0x08,0x21,0x00,0x20,0x08,0x00,0x00,0x21,0x08,0x20,0x08,0x21,0x00,0x21,0x08,0x20,0x00,
    0x21,0x08,0x20,0x00,0x21,0x08,0x00,0x00,0x20,0x00,0x01,0x08,0x20,0x00,0x21,0x08,0x20,0x00,0x20,0x08,0x01,0x00,0x20,0x00,
    0x00,0x08,0x21,0x00,0x00,0x00,0x21,0x08,0x00,0x00,0x21,0x00,0x20,0x08,0x21,0x00,0x20,0x08,0x21,0x00,0x00,0x08,0x21,0x00,
    0x20,0x08,0x21,0x00,0x00,0x08,0x21,0x00,0x20,0x08,0x00,0x00,0x21,0x08,0x20,0x00,0x00,0x00,0x20,0x00,0x21,0x08,0x20,0x00,
    0x00,0x00,0x20,0x00,0x21,0x08,0x20,0x00,0x00,0x00,0x21,0x08,0x20,0x00,0x21,0x00,0x00,0x08,0x21,0x00,0x00,0x00,0x20,0x08,
    0x01,0x00,0x20,0x00,0x00,0x00,0x21,0x08,0x20,0x00,0x00,0x08,0x01,0x00,0x20,0x00,0x20,0x00,0x00,0x00,0x20,0x00,0x20,0x08,
    0x01,0x00,0x20,0x00,0x00,0x00,0x20,0x08,0x20,0x00,0x00,0x08,0x21,0x00,0x20,0x00,0x00,0x08,0x21,0x00,0x00,0x00,0x21,0x08,
    0x20,0x00,0x01,0x00,0x20,0x08,0x21,0x00,0x20,0x08,0x21,0x08,0x20,0x00,0x21,0x08,0x20,0x00,0x21,0x00,0x20,0x08,0x01,0x00,
    0x20,0x00,0x21,0x08,0x20,0x00,0x20,0x08,0x01,0x00,0x20,0x00,0x00,0x08,0x01,0x00,0x20,0x00,0x20,0x08,0x00,0x00,0x20,0x00,
    0x21,0x08,0x20,0x00,0x01,0x08,0x00,0x00,0x20,0x08,0x21,0x00,0x00,0x00,0x21,0x08,0x00,0x00,0x20,0x08,0x21,0x00,0x20,0x08,
    0x01,0x00,0x20,0x00,0x20,0x00,0x01,0x00,0x20,0x08,0x21,0x00,0x20,0x00,0x00,0x08,0x21,0x00,0x21,0x08,0x20,0x00,0x21,0x00,
    0x20,0x08,0x21,0x00,0x00,0x00,0x20,0x00,0x01,0x08,0x20,0x00,0x01,0x08,0x20,0x00,0x21,0x08,0x20,0x00,0x01,0x08,0x20,0x00,
    0x00,0x00,0x21,0x08,0x00,0x00,0x21,0x08,0x20,0x00,0x20,0x08,0x21,0x00,0x00,0x08,0x21,0x08,0x20,0x00,0x01,0x00,0x20,0x00,
    0x21,0x08,0x20,0x00,0x21,0x08,0x20,0x00,0x21,0x00,0x20,0x08,0x21,0x00,0x20,0x00,0x01,0x08,0x20,0x00,0x21,0x00,0x00,0x00,
    0x20,0x08,0x20,0x00,0x01,0x00,0x20,0x08,0x21,0x00,0x20,0x08,0x01,0x00,0x00,0x00,0x21,0x08,0x21,0x00,0x21,0x08,0x21,0x00,
    0x20,0x08,0x21,0x00,0x00,0x00,0x20,0x08,0x01,0x00,0x21,0x08,0x20,0x00,0x21,0x00,0x21,0x08,0x20,0x00,0x21,0x00,0x00,0x08,
    0x21,0x00,0x20,0x00,0x21,0x08,0x20,0x00,0x21,0x00,0x00,0x08,0x21,0x00,0x20,0x08,0x21,0x00,0x00,0x08,0x21,0x00,0x20,0x00,
    0x01,0x08,0x20,0x00,0x01,0x08,0x20,0x00,0x21,0x08,0x20,0x00,0x21,0x08,0x20,0x00,0x21,0x08,0x20,0x00,0x00,0x00,0x21,0x08,
    0x00,0x00,0x21,0x08,0x00,0x00,0x21,0x00,0x20,0x08,0x21,0x00,0x00,0x00,0x21,0x08,0x20,0x00,0x21,0x08,0x00,0x00,0x20,0x08,
    0x21,0x00,0x20,0x08,0x21,0x00,0x20,0x00,0x00,0x08,0x21,0x00,0x00,0x00,0x20,0x00,0x21,0x08,0x20,0x00,0x00,0x00,0x20,0x08,
    0x01,0x00,0x20,0x08,0x21,0x00,0x20,0x00,0x01,0x08,0x20,0x00,0x21,0x08,0x00,0x00,0x21,0x00,0x00,0x00,0x20,0x08,0x00,0x00,
    0x21,0x00,0x20,0x08,0x21,0x08,0x20,0x00,0x21,0x08,0x20,0x00,0x01,0x00,0x20,0x08,0x01,0x00,0x20,0x00,0x00,0x00,0x00,0x00,
    0x21,0x08,0x20,0x00,0x01,0x08,0x20,0x00,0x01,0x00,0x20,0x00,0x21,0x08,0x00,0x00,0x20,0x00,0x21,0x08,0x20,0x00,0x20,0x08,
    0x21,0x00,0x00,0x00,0x21,0x08,0x20,0x00,0x20,0x00,0x01,0x08,0x20,0x00,0x21,0x00,0x20,0x08,0x21,0x00,0x20,0x08,0x00,0x00,
    0x21,0x00,0x20,0x08,0x01,0x00,0x00,0x00,0x20,0x00,0x00,0x08,0x01,0x00,0x20,0x08,0x20,0x00,0x01,0x08,0x20,0x00,0x21,0x00,
    0x20,0x08,0x21,0x00,0x00,0x00,0x21,0x08,0x00,0x00,0x20,0x08,0x01,0x00,0x20,0x00,0x00,0x08,0x21,0x00,0x20,0x00,0x21,0x08,
    0x00,0x00,0x20,0x00,0x00,0x00,0x21,0x08,0x20,0x00,0x00,0x00,0x21,0x08,0x00,0x00,0x01,0x00,0x00,0x00,0x21,0x08,0x20,0x00,
    0x21,0x00,0x20,0x08,0x21,0x08,0x20,0x00,0x21,0x08,0x20,0x00,0x00,0x00,0x21,0x08,0x20,0x00,0x21,0x00,0x00,0x08,0x21,0x00,
    0x20,0x00,0x01,0x08,0x20,0x08,0x21,0x00,0x20,0x08,0x01,0x00,0x20,0x08,0x21,0x00,0x20,0x00,0x01,0x00,0x20,0x08,0x21,0x00,
    0x00,0x00,0x00,0x08,0x20,0x00,0x21,0x00,0x20,0x00,0x00,0x08,0x21,0x00,0x20,0x00,0x21,0x00,0x20,0x08,0x21,0x00,0x00,0x08,
    0x20,0x00,0x01,0x00,0x20,0x08,0x21,0x00,0x21,0x08,0x20,0x00,0x00,0x00,0x21,0x08,0x00,0x00,0x20,0x00,0x00,0x00,0x21,0x00,
    0x00,0x08,0x20,0x00,0x01,0x00,0x20,0x08,0x21,0x00,0x20,0x00,0x00,0x00,0x20,0x08,0x00,0x00,0x20,0x08,0x21,0x00,0x00,0x08,
    0x21,0x00,0x20,0x08,0x21,0x00,0x00,0x08,0x20,0x00,0x00,0x00,0x21,0x08,0x00,0x00,0x00,0x00,0x20,0x08,0x00,0x00,0x21,0x00,
    0x20,0x08,0x21,0x00,0x20,0x00,0x01,0x00,0x20,0x00,0x00,0x00,0x00,0x08,0x21,0x00,0x00,0x00,0x20,0x00,0x01,0x08,0x20,0x00,
    0x01,0x00,0x20,0x00,0x01,0x00,0x20,0x00,0x20,0x08,0x21,0x00,0x00,0x08,0x00,0x00,0x20,0x00,0x01,0x00,0x20,0x00,0x00,0x00,
    0x20,0x08,0x00,0x00,0x21,0x00,0x00,0x00,0x20,0x08,0x01,0x00,0x20,0x00,0x00,0x00,0x21,0x08,0x21,0x00,0x00,0x08,0x21,0x00,
    0x20,0x00,0x01,0x08,0x20,0x00,0x21,0x08,0x00,0x00,0x20,0x00,0x21,0x00,0x20,0x08,0x00,0x00,0x21,0x00,0x00,0x00,0x20,0x08,
    0x01,0x00,0x00,0x00,0x21,0x08,0x20,0x00,0x21,0x08,0x00,0x00,0x20,0x08,0x01,0x00,0x21,0x00,0x00,0x00,0x20,0x00,0x01,0x08,
    0x20,0x00,0x01,0x00,0x20,0x00,0x01,0x00,0x20,0x08,0x01,0x00,0x20,0x00,0x00,0x08,0x21,0x00,0x00,0x00,0x20,0x08,0x20,0x00,
    0x01,0x00,0x20,0x00,0x21,0x08,0x00,0x00,0x21,0x00,0x00,0x08,0x20,0x00,0x21,0x00,0x21,0x08,0x20,0x00,0x01,0x08,0x20,0x00,
    0x01,0x00,0x20,0x08,0x01,0x00,0x20,0x00,0x01,0x08,0x21,0x00,0x20,0x00,0x00,0x08,0x21,0x00,0x00,0x08,0x20,0x00,0x20,0x00,
    0x00,0x08,0x20,0x00,0x00,0x00,0x01,0x08,0x20,0x00,0x00,0x00,0x00,0x00,0x00,0x00,0x21,0x00,0x00,0x00,0x20,0x00,0x00,0x00,
    0x00,0x00,0x00,0x08,0x21,0x00,0x00,0x08,0x21,0x00,0x20,0x00,0x01,0x00,0x20,0x00,0x00,0x08,0x21,0x00,0x00,0x00,0x00,0x08,
    0x20,0x00,0x00,0x08,0x20,0x00,0x00,0x00,0x21,0x08,0x20,0x00,0x21,0x00,0x00,0x08,0x21,0x00,0x00,0x00,0x21,0x08,0x00,0x00,
    0x20,0x08,0x21,0x00,0x00,0x00,0x21,0x00,0x00,0x08,0x20,0x00,0x00,0x00,0x20,0x00,0x00,0x00,0x20,0x08,0x01,0x00,0x20,0x00,
    0x00,0x00,0x21,0x08,0x00,0x00,0x21,0x08,0x20,0x00,0x01,0x00,0x20,0x08,0x01,0x00,0x20,0x00,0x01,0x08,0x20,0x00,0x01,0x00,
    0x20,0x00,0x00,0x00,0x20,0x00,0x00,0x00,0x20,0x00,0x01,0x00,0x20,0x08,0x00,0x00,0x21,0x00,0x20,0x00,0x00,0x00,0x20,0x08,
    0x01,0x00,0x00,0x00,0x20,0x00,0x00,0x08,0x21,0x00,0x20,0x08,0x00,0x00,0x20,0x08,0x21,0x00,0x20,0x08,0x20,0x00,0x00,0x00,
    0x20,0x08,0x00,0x00,0x21,0x00,0x00,0x08,0x20,0x00,0x00,0x08,0x20,0x00,0x01,0x08,0x00,0x00,0x21,0x00,0x20,0x00,0x21,0x08,
    0x20,0x00,0x00,0x08,0x01,0x00,0x20,0x00,0x01,0x00,0x20,0x08,0x21,0x00,0x20,0x08,0x01,0x00,0x20,0x00,0x01,0x08,0x20,0x00,
    0x01,0x00,0x00,0x08,0x21,0x00,0x00,0x00,0x21,0x08,0x00,0x00,0x21,0x00,0x00,0x00,0x20,0x00,0x01,0x08,0x00,0x00,0x21,0x00,
    0x20,0x08,0x20,0x08,0x21,0x00,0x20,0x00,0x21,0x08,0x20,0x00,0x21,0x00,0x00,0x08,0x20,0x00,0x21,0x00,0x00,0x00,0x20,0x00,
    0x21,0x08,0x00,0x00,0x21,0x08,0x20,0x00,0x01,0x00,0x20,0x08,0x21,0x00,0x00,0x08,0x21,0x00,0x20,0x00,0x21,0x08,0x00,0x00,
    0x20,0x00,0x20,0x00,0x01,0x00,0x20,0x08,0x20,0x00,0x01,0x08,0x20,0x00,0x21,0x08,0x20,0x00,0x01,0x00,0x00,0x00,0x21,0x08,
    0x00,0x00,0x00,0x00,0x20,0x00,0x00,0x08,0x20,0x00,0x01,0x08,0x00,0x00,0x20,0x00,0x00,0x00,0x20,0x08,0x01,0x00,0x00,0x00,
    0x00,0x00,0x00,0x00,0x01,0x00,0x20,0x08,0x00,0x00,0x21,0x00,0x00,0x00,0x20,0x00,0x01,0x08,0x20,0x00,0x21,0x00,0x00,0x08,
    0x20,0x00,0x21,0x08,0x00,0x00,0x21,0x08,0x20,0x00,0x21,0x00,0x00,0x00,0x21,0x08,0x00,0x00,0x20,0x08,0x00,0x00,0x21,0x08,
    0x00,0x00,0x20,0x08,0x00,0x00,0x21,0x00,0x00,0x00,0x21,0x00,0x01,0x08,0x20,0x00,0x01,0x00,0x20,0x00,0x00,0x08,0x21,0x00,
    0x20,0x08,0x00,0x00,0x21,0x00,0x20,0x00,0x01,0x00,0x20,0x08,0x20,0x00,0x00,0x00,0x20,0x00,0x01,0x08,0x20,0x00,0x00,0x08,
    0x21,0x00,0x00,0x00,0x20,0x00,0x00,0x08,0x20,0x00,0x01,0x00,0x20,0x00,0x00,0x00,0x20,0x00,0x01,0x00,0x20,0x00,0x21,0x08,
    0x00,0x00,0x20,0x00,0x21,0x08,0x20,0x00,0x00,0x08,0x21,0x00,0x00,0x08,0x21,0x00,0x20,0x08,0x20,0x00,0x01,0x00,0x20,0x08,
    0x00,0x00,0x21,0x08,0x00,0x00,0x20,0x00,0x20,0x00,0x01,0x08,0x21,0x00,0x00,0x00,0x20,0x00,0x01,0x00,0x20,0x00,0x01,0x00,
    0x00,0x00,0x00,0x00,0x21,0x00,0x20,0x08,0x01,0x00,0x20,0x00,0x00,0x00,0x20,0x00,0x01,0x00,0x20,0x00,0x00,0x00,0x20,0x00,
    0x20,0x00,0x00,0x08,0x21,0x00,0x00,0x00,0x00,0x00,0x21,0x00,0x20,0x08,0x00,0x00,0x20,0x00,0x00,0x00,0x00,0x00,0x20,0x00,
    0x62,0x10,0x20,0x00,0x00,0x00,0x21,0x08,0x20,0x00,0x20,0x00,0x21,0x08,0x00,0x00,0x21,0x00,0x20,0x08,0x21,0x00,0x20,0x08,
    0x01,0x00,0x20,0x00,0x00,0x00,0x20,0x08,0x01,0x00,0x00,0x00,0x01,0x00,0x00,0x08,0x20,0x00,0x01,0x00,0x20,0x00,0x00,0x00,
    0x20,0x00,0x20,0x08,0x01,0x00,0x20,0x08,0x20,0x00,0x01,0x00,0x20,0x00,0x01,0x00,0x20,0x08,0x21,0x00,0x20,0x08,0x01,0x00,
    0x20,0x00,0x01,0x08,0x00,0x00,0x21,0x00,0x01,0x08,0x20,0x00,0x00,0x00,0x21,0x00,0x00,0x00,0x00,0x00,0x20,0x00,0x01,0x00,
    0x20,0x08,0x20,0x00,0x01,0x00,0x00,0x00,0x20,0x00,0x01,0x08,0x20,0x00,0x01,0x00,0x00,0x00,0x20,0x00,0x20,0x08,0x01,0x00,
    0x20,0x00,0x00,0x00,0x20,0x00,0x20,0x08,0x01,0x00,0x20,0x00,0x00,0x00,0x21,0x00,0x00,0x08,0x20,0x00,0x21,0x08,0x00,0x00,
    0x20,0x00,0x01,0x00,0x20,0x08,0x21,0x00,0x00,0x00,0x00,0x00,0x21,0x08,0x00,0x00,0x20,0x00,0x00,0x08,0x20,0x00,0x20,0x00,
    0x00,0x00,0x21,0x00,0x00,0x00,0x20,0x00,0x00,0x00,0x21,0x00,0x20,0x08,0x00,0x00,0x21,0x08,0x00,0x00,0x00,0x00,0x20,0x00,
    0x00,0x08,0x01,0x00,0x20,0x00,0x00,0x00,0x21,0x00,0x00,0x00,0x20,0x08,0x00,0x00,0x20,0x00,0x01,0x00,0x20,0x08,0x01,0x00,
    0x20,0x00,0x00,0x00,0x21,0x00,0x00,0x00,0x20,0x08,0x00,0x00,0x21,0x00,0x00,0x00,0x00,0x00,0x20,0x08,0x00,0x00,0x21,0x08,
    0x00,0x00,0x20,0x08,0x00,0x00,0x00,0x00,0x21,0x00,0x00,0x00,0x00,0x00,0x21,0x00,0x20,0x00,0x00,0x00,0x20,0x00,0x00,0x00,
    0x00,0x00,0x01,0x00,0x20,0x08,0x00,0x00,0x20,0x00,0x00,0x00,0x21,0x00,0x00,0x08,0x00,0x00,0x20,0x00,0x00,0x00,0x21,0x08,
    0x20,0x00,0x00,0x08,0x20,0x00,0x00,0x08,0x21,0x00,0x20,0x08,0x00,0x00,0x00,0x00,0x20,0x00,0x00,0x08,0x00,0x00,0x00,0x00,
    0x20,0x08,0x00,0x00,0x00,0x00,0x21,0x08,0x00,0x00,0x20,0x00,0x01,0x08,0x20,0x00,0x21,0x08,0x00,0x00,0x21,0x00,0x00,0x00,
    0x01,0x08,0x00,0x00,0x01,0x00,0x00,0x00,0x21,0x08,0x21,0x00,0x00,0x00,0x00,0x00,0x01,0x00,0x00,0x00,0x20,0x00,0x01,0x00,
    0x20,0x08,0x00,0x00,0x00,0x00,0x21,0x00,0x00,0x08,0x20,0x00,0x01,0x00,0x20,0x00,0x21,0x00,0x00,0x00,0x20,0x00,0x21,0x00,
    0x00,0x00,0x00,0x08,0x20,0x00,0x01,0x08,0x01,0x00,0x20,0x00,0x00,0x00,0x21,0x00,0x20,0x00,0x01,0x08,0x00,0x00,0x00,0x00,
    0x21,0x00,0x00,0x00,0x01,0x00,0x20,0x00,0x00,0x00,0x20,0x00,0x01,0x00,0x20,0x00,0x00,0x00,0x20,0x08,0x00,0x00,0x00,0x00,
    0x20,0x08,0x01,0x00,0x20,0x08,0x00,0x00,0x21,0x00,0x00,0x00,0x20,0x08,0x00,0x00,0x20,0x00,0x00,0x00,0x21,0x00,0x00,0x08,
    0x20,0x00,0x01,0x00,0x20,0x00,0x00,0x00,0x00,0x08,0x01,0x00,0x00,0x00,0x20,0x00,0x00,0x00,0x20,0x08,0x21,0x00,0x00,0x08,
    0x20,0x00,0x01,0x00,0x20,0x00,0x00,0x00,0x21,0x08,0x00,0x00,0x00,0x00,0x20,0x00,0x00,0x08,0x20,0x00,0x20,0x00,0x00,0x00,
    0x21,0x08,0x00,0x00,0x00,0x00,0x21,0x08,0x00,0x00,0x20,0x08,0x00,0x00,0x21,0x08,0x00,0x00,0x20,0x00,0x01,0x00,0x20,0x00,
    0x00,0x00,0x20,0x00,0x21,0x08,0x00,0x00,0x21,0x00,0x20,0x00,0x00,0x08,0x21,0x00,0x00,0x08,0x20,0x00,0x01,0x00,0x20,0x08,
    0x00,0x00,0x21,0x00,0x00,0x00,0x20,0x08,0x01,0x00,0x20,0x08,0x20,0x00,0x00,0x00,0x21,0x00,0x00,0x08,0x20,0x00,0x00,0x08,
    0x21,0x00,0x00,0x00,0x21,0x00,0x00,0x00,0x21,0x00,0x00,0x00,0x21,0x08,0x00,0x00,0x20,0x08,0x01,0x00,0x20,0x08,0x00,0x00,
    0x00,0x08,0x21,0x00,0x00,0x08,0x21,0x00,0x00,0x08,0x20,0x00,0x00,0x00,0x21,0x00,0x00,0x08,0x20,0x00,0x00,0x00,0x21,0x00,
    0x00,0x00,0x20,0x00,0x00,0x00,0x20,0x00,0x01,0x08,0x20,0x00,0x01,0x00,0x20,0x00,0x00,0x00,0x00,0x00,0x21,0x00,0x00,0x08,
    0x21,0x00,0x00,0x00,0x21,0x00,0x20,0x00,0x01,0x00,0x20,0x08,0x00,0x00,0x00,0x00,0x21,0x00,0x00,0x00,0x20,0x00,0x00,0x00,
    0x20,0x00,0x00,0x00,0x20,0x08,0x00,0x00,0x20,0x00,0x00,0x00,0x20,0x00,0x00,0x00,0x00,0x00,0x20,0x08,0x00,0x00,0x21,0x08,
    0x20,0x00,0x01,0x08,0x20,0x00,0x01,0x08,0x20,0x00,0x01,0x00,0x20,0x08,0x00,0x00,0x20,0x00,0x01,0x00,0x20,0x08,0x00,0x00,
    0x00,0x08,0x20,0x00,0x01,0x08,0x00,0x00,0x20,0x00,0x01,0x00,0x20,0x00,0x20,0x00,0x00,0x08,0x21,0x00,0x00,0x08,0x00,0x00,
    0x01,0x00,0x20,0x00,0x20,0x00,0x01,0x08,0x20,0x00,0x00,0x08,0x00,0x00,0x21,0x00,0x00,0x08,0x01,0x00,0x20,0x08,0x00,0x00,
    0x21,0x00,0x01,0x08,0x20,0x00,0x01,0x00,0x20,0x00,0x00,0x00,0x00,0x00,0x21,0x08,0x00,0x00,0x21,0x00,0x00,0x00,0x21,0x08,
    0x00,0x00,0x20,0x00,0x00,0x08,0x00,0x00,0x20,0x00,0x00,0x08,0x21,0x00,0x00,0x00,0x20,0x00,0x20,0x00,0x01,0x08,0x20,0x00,
    0x01,0x00,0x00,0x00,0x20,0x00,0x01,0x08,0x00,0x00,0x20,0x00,0x01,0x08,0x20,0x00,0x00,0x00,0x20,0x00,0x21,0x08,0x00,0x00,
    0x21,0x00,0x00,0x08,0x21,0x00,0x00,0x00,0x20,0x00,0x00,0x00,0x21,0x00,0x00,0x00,0x00,0x00,0x21,0x00,0x00,0x00,0x20,0x00,
    0x00,0x08,0x20,0x00,0x00,0x08,0x20,0x00,0x01,0x08,0x20,0x00,0x00,0x00,0x00,0x00,0x20,0x08,0x00,0x00,0x00,0x00,0x00,0x00,
    0x20,0x00,0x00,0x00,0x20,0x00,0x01,0x00,0x00,0x00,0x00,0x08,0x20,0x00,0x00,0x00,0x00,0x00,0x00,0x00,0x00,0x00,0x21,0x08,
    0x00,0x00,0x20,0x00,0x41,0x08,0x00,0x00,0x00,0x00,0x20,0x00,0x00,0x08,0x20,0x00,0x00,0x00,0x21,0x00,0x00,0x00,0x21,0x00,
    0x00,0x00,0x20,0x00,0x00,0x00,0x21,0x00,0x00,0x00,0x20,0x00,0x00,0x00,0x20,0x00,0x00,0x00,0x01,0x00,0x20,0x08,0x00,0x00,
    0x00,0x00,0x01,0x00,0x00,0x00,0x20,0x08,0x00,0x00,0x21,0x08,0x00,0x00,0x00,0x00,0x20,0x00,0x00,0x00,0x20,0x08,0x01,0x00,
    0x20,0x00,0x00,0x00,0x00,0x00,0x00,0x00,0x20,0x00,0x00,0x08,0x00,0x00,0x00,0x00,0x20,0x00,0x01,0x00,0x20,0x08,0x21,0x00,
    0x00,0x00,0x20,0x08,0x00,0x00,0x21,0x08,0x00,0x00,0x21,0x00,0x00,0x00,0x01,0x00,0x20,0x08,0x01,0x00,0x00,0x00,0x20,0x08,
    0x01,0x00,0x20,0x00,0x00,0x00,0x00,0x00,0x00,0x00,0x21,0x00,0x00,0x00,0x20,0x00,0x01,0x00,0x00,0x00,0x20,0x00,0x01,0x00,
    0x00,0x00,0x00,0x00,0x00,0x00,0x01,0x00,0x20,0x00,0x00,0x00,0x20,0x00,0x01,0x00,0x00,0x08,0x00,0x00,0x01,0x00,0x00,0x00,
    0x20,0x00,0x00,0x00,0x21,0x00,0x00,0x00,0x20,0x00,0x00,0x00,0x01,0x00,0x00,0x00,0x00,0x00,0x21,0x00,0x00,0x00,0x20,0x00,
    0x01,0x00,0x20,0x00,0x00,0x00,0x00,0x00,0x00,0x00,0x20,0x00,0x21,0x08,0x20,0x00,0x00,0x08,0x21,0x00,0x00,0x00,0x20,0x00,
    0x01,0x08,0x00,0x00,0x00,0x00,0x20,0x00,0x00,0x00,0x01,0x00,0x00,0x00,0x20,0x00,0x01,0x00,0x00,0x00,0x00,0x00,0x00,0x00,
    0x00,0x08,0x00,0x00,0x00,0x00,0x00,0x00,0x20,0x08,0x00,0x00,0x00,0x00,0x20,0x00,0x00,0x00,0x00,0x00,0x20,0x00,0x00,0x00,
    0x21,0x08,0x00,0x00,0x00,0x00,0x20,0x00,0x00,0x00,0x20,0x00,0x00,0x08,0x20,0x00,0x01,0x00,0x20,0x08,0x00,0x00,0x20,0x00,
    0x00,0x08,0x00,0x00,0x00,0x00,0x01,0x00,0x20,0x00,0x01,0x00,0x00,0x00,0x21,0x00,0x00,0x00,0x21,0x00,0x00,0x08,0x20,0x00,
    0x01,0x00,0x20,0x00,0x01,0x00,0x20,0x00,0x00,0x00,0x01,0x00,0x20,0x08,0x21,0x00,0x20,0x08,0x00,0x00,0x01,0x00,0x20,0x00,
    0x21,0x08,0x00,0x00,0x00,0x00,0x00,0x00,0x00,0x00,0x21,0x08,0x21,0x00,0x20,0x00,0x01,0x00,0x00,0x08,0x21,0x00,0x00,0x00,
    0x21,0x08,0x00,0x00,0x01,0x08,0x20,0x00,0x01,0x00,0x00,0x00,0x00,0x08,0x00,0x00,0x00,0x00,0x21,0x08,0x00,0x00,0x20,0x08,
    0x00,0x00,0x00,0x00,0x00,0x00,0x21,0x00,0x20,0x00,0x00,0x08,0x00,0x00,0x21,0x00,0x00,0x00,0x00,0x00,0x21,0x00,0x00,0x08,
    0x01,0x00,0x20,0x00,0x01,0x00,0x20,0x00,0x00,0x08,0x01,0x00,0x20,0x00,0x00,0x08,0x00,0x00,0x21,0x00,0x00,0x00,0x00,0x00,
    0x20,0x08,0x00,0x00,0x00,0x00,0x20,0x00,0x00,0x00,0x00,0x00,0x00,0x00,0x00,0x00,0x20,0x00,0x00,0x08,0x20,0x00,0x00,0x00,
    0x00,0x00,0x00,0x00,0x00,0x00,0x20,0x00,0x00,0x00,0x21,0x08,0x00,0x00,0x21,0x00,0x00,0x00,0x20,0x08,0x00,0x00,0x00,0x00,
    0x21,0x08,0x82,0x10,0x00,0x00,0x20,0x08,0x00,0x00,0x21,0x08,0x20,0x00,0x00,0x00,0x20,0x08,0x01,0x00,0x00,0x00,0x20,0x00,
    0x20,0x00,0x00,0x00,0x20,0x00,0x00,0x08,0x01,0x00,0x20,0x00,0x00,0x00,0x00,0x00,0x01,0x00,0x20,0x08,0x00,0x00,0x21,0x00,
    0x00,0x00,0x00,0x00,0x00,0x08,0x00,0x00,0x20,0x00,0x01,0x08,0x00,0x00,0x21,0x00,0x00,0x00,0x00,0x00,0x00,0x00,0x00,0x00,
    0x00,0x00,0x00,0x00,0x00,0x00,0x20,0x00,0x00,0x00,0x20,0x00,0x01,0x00,0x00,0x00,0x00,0x00,0x20,0x00,0x00,0x00,0x00,0x00,
    0x00,0x00,0x20,0x00,0x00,0x00,0x20,0x00,0x01,0x00,0x20,0x00,0x20,0x00,0x01,0x00,0x00,0x00,0x00,0x00,0x01,0x00,0x20,0x08,
    0x00,0x00,0x00,0x00,0x00,0x00,0x01,0x00,0x20,0x00,0x00,0x00,0x00,0x00,0x21,0x08,0x00,0x00,0x00,0x00,0x21,0x00,0x00,0x00,
    0x00,0x00,0x00,0x00,0x01,0x00,0x20,0x00,0x01,0x00,0x20,0x00,0x01,0x08,0x20,0x00,0x00,0x00,0x20,0x08,0x00,0x00,0x20,0x08,
    0x00,0x00,0x00,0x00,0x21,0x00,0x00,0x00,0x00,0x00,0x00,0x00,0x20,0x08,0x00,0x00,0x01,0x00,0x00,0x00,0x00,0x00,0x21,0x08,
    0x21,0x00,0x00,0x00,0x00,0x00,0x00,0x00,0x20,0x00,0x01,0x00,0x20,0x00,0x00,0x00,0x20,0x00,0x00,0x00,0x00,0x00,0x00,0x08,
    0x20,0x00,0x00,0x00,0x00,0x00,0x00,0x00,0x20,0x00,0x01,0x00,0x20,0x00,0x00,0x00,0x20,0x08,0x00,0x00,0x20,0x00,0x00,0x00,
    0x00,0x00,0x21,0x00,0x00,0x00,0x00,0x00,0x01,0x00,0x20,0x00,0x01,0x00,0x20,0x08,0x00,0x00,0x01,0x00,0x20,0x00,0x00,0x00,
    0x00,0x00,0x00,0x00,0x00,0x00,0x20,0x00,0x00,0x00,0x00,0x00,0x00,0x08,0x01,0x00,0x00,0x00,0x00,0x00,0x00,0x00,0x21,0x00,
    0x00,0x00,0x00,0x00,0x20,0x08,0x01,0x00,0x00,0x00,0x01,0x00,0x20,0x00,0x00,0x08,0x00,0x00,0x20,0x00,0x01,0x00,0x00,0x00,
    0x01,0x00,0x00,0x00,0x21,0x00,0x00,0x00,0x20,0x00,0x21,0x08,0x00,0x00,0x00,0x00,0x00,0x00,0x00,0x00,0x20,0x00,0x00,0x08,
    0x00,0x00,0x21,0x00,0x00,0x00,0x00,0x00,0x20,0x00,0x42,0x10,0x01,0x00,0x00,0x00,0x21,0x00,0x00,0x00,0x00,0x00,0x00,0x00,
    0x21,0x00,0x00,0x00,0x00,0x00,0x00,0x08,0x00,0x00,0x01,0x00,0x00,0x00,0x20,0x00,0x00,0x08,0x21,0x00,0x00,0x08,0x21,0x00,
    0x00,0x00,0x01,0x00,0x00,0x00,0x20,0x08,0x01,0x00,0x20,0x00,0x21,0x00,0x00,0x00,0x00,0x00,0x21,0x08,0x00,0x00,0x20,0x00,
    0x00,0x00,0x62,0x10,0x05,0x19,0x00,0x00,0x20,0x08,0x00,0x00,0x01,0x00,0x00,0x00,0x01,0x00,0x00,0x00,0x00,0x08,0x20,0x00,
    0x00,0x00,0x00,0x08,0x00,0x00,0x20,0x00,0x00,0x08,0x00,0x00,0x00,0x00,0x00,0x08,0x00,0x00,0x00,0x00,0x00,0x08,0x20,0x00,
    0x00,0x00,0x20,0x08,0x00,0x00,0x21,0x00,0x00,0x00,0x21,0x00,0x00,0x08,0x00,0x00,0x00,0x00,0x01,0x00,0x20,0x08,0x00,0x00,
    0x00,0x00,0x20,0x00,0x21,0x08,0x00,0x00,0x21,0x08,0x00,0x00,0x00,0x00,0x00,0x08,0x00,0x00,0x00,0x00,0x00,0x00,0x20,0x00,
    0x01,0x00,0x00,0x00,0x21,0x00,0x00,0x00,0x01,0x00,0x00,0x00,0x00,0x00,0x20,0x08,0x01,0x00,0x20,0x00,0x01,0x00,0x00,0x00,
    0x20,0x08,0x00,0x00,0x00,0x00,0x00,0x00,0x00,0x00,0x00,0x00,0x20,0x08,0x01,0x00,0x00,0x00,0x00,0x00,0x00,0x08,0x00,0x00,
    0x00,0x00,0x20,0x08,0x01,0x00,0x20,0x00,0x01,0x00,0x00,0x00,0x20,0x00,0x01,0x08,0x00,0x00,0x00,0x00,0x20,0x08,0x01,0x00,
    0x00,0x00,0x21,0x00,0x00,0x00,0x01,0x00,0x20,0x08,0x00,0x00,0x20,0x00,0x00,0x00,0x00,0x00,0x20,0x08,0x00,0x00,0x20,0x00,
    0x00,0x00,0x20,0x00,0x00,0x00,0x21,0x08,0x00,0x00,0x20,0x00,0x00,0x08,0x01,0x00,0x20,0x00,0x21,0x08,0x00,0x00,0x20,0x00,
    0x00,0x00,0x20,0x00,0x00,0x08,0x00,0x00,0x20,0x00,0x00,0x00,0x00,0x00,0x20,0x00,0x00,0x00,0x20,0x00,0x00,0x00,0x00,0x00,
    0x01,0x00,0x00,0x00,0x00,0x08,0x20,0x00,0x20,0x00,0x00,0x08,0x00,0x00,0x21,0x08,0x00,0x00,0x00,0x00,0x00,0x00,0x21,0x00,
    0x00,0x00,0x00,0x00,0x01,0x00,0x00,0x00,0x00,0x00,0x00,0x00,0x01,0x08,0x00,0x00,0x21,0x00,0x00,0x00,0x20,0x00,0x00,0x00,
    0x20,0x08,0x00,0x00,0x00,0x00,0x20,0x00,0x00,0x00,0x00,0x08,0x20,0x00,0x21,0x00,0x00,0x00,0x20,0x00,0x00,0x08,0x21,0x00,
    0x00,0x00,0x00,0x00,0x00,0x00,0x20,0x00,0x00,0x00,0x20,0x00,0x01,0x00,0x20,0x00,0x00,0x00,0x00,0x00,0x00,0x00,0x01,0x08,
    0x00,0x00,0x00,0x00,0x21,0x00,0x00,0x08,0x00,0x00,0xc4,0x18,0xed,0x52,0x00,0x00,0x01,0x00,0x20,0x00,0x00,0x00,0x00,0x00,
    0x20,0x08,0x00,0x00,0x20,0x00,0x01,0x00,0x00,0x00,0x20,0x00,0x01,0x00,0x00,0x00,0x00,0x00,0x21,0x00,0x00,0x00,0x20,0x00,
    0x00,0x00,0x21,0x00,0x00,0x00,0x00,0x00,0x21,0x00,0x00,0x00,0x00,0x00,0x00,0x00,0x00,0x00,0x00,0x00,0x20,0x00,0x00,0x00,
    0x20,0x00,0x00,0x00,0x00,0x00,0x00,0x00,0x00,0x00,0x00,0x00,0x21,0x00,0x00,0x00,0x00,0x00,0x20,0x00,0x00,0x00,0x21,0x00,
    0x00,0x00,0x20,0x00,0x00,0x00,0x00,0x08,0x00,0x00,0x20,0x00,0x00,0x00,0x00,0x00,0x20,0x08,0x00,0x00,0x21,0x00,0x00,0x00,
    0x00,0x00,0x00,0x00,0x20,0x08,0x00,0x00,0x00,0x00,0x00,0x00,0x21,0x00,0x00,0x00,0x20,0x00,0x01,0x00,0x00,0x00,0x00,0x00,
    0x20,0x00,0x00,0x00,0x20,0x00,0x00,0x00,0x01,0x00,0x00,0x00,0x00,0x00,0x00,0x00,0x20,0x00,0x00,0x08,0x00,0x00,0x20,0x00,
    0x00,0x00,0x00,0x00,0x41,0x08,0x25,0x29,0x00,0x00,0x00,0x00,0x20,0x08,0x00,0x00,0x01,0x00,0x00,0x00,0x01,0x00,0x20,0x08,
    0x00,0x00,0x00,0x00,0x01,0x00,0x00,0x00,0x01,0x00,0x00,0x00,0x00,0x00,0x00,0x00,0x00,0x00,0x00,0x00,0x00,0x00,0x00,0x00,
    0x20,0x00,0x00,0x00,0x00,0x00,0x01,0x00,0x00,0x00,0x00,0x00,0x21,0x00,0x00,0x00,0x01,0x00,0x20,0x00,0x00,0x00,0x01,0x00,
    0x00,0x00,0x00,0x08,0x00,0x00,0x20,0x00,0x00,0x00,0x20,0x00,0x00,0x00,0x01,0x00,0x00,0x00,0x01,0x00,0x20,0x00,0x00,0x00,
    0x00,0x00,0x01,0x00,0x20,0x00,0x00,0x08,0x00,0x00,0x20,0x00,0x20,0x08,0x01,0x00,0x20,0x00,0x00,0x00,0x20,0x00,0x01,0x00,
    0x00,0x08,0x00,0x00,0x00,0x00,0x21,0x00,0x00,0x00,0x00,0x00,0x00,0x00,0x01,0x08,0x00,0x00,0x00,0x00,0x00,0x00,0x00,0x00,
    0x00,0x00,0x00,0x00,0x00,0x00,0x00,0x00,0x20,0x00,0x00,0x00,0x21,0x08,0x00,0x00,0x00,0x00,0x01,0x08,0x00,0x00,0x00,0x00,
    0x01,0x08,0x00,0x00,0x20,0x00,0x00,0x00,0x21,0x00,0x00,0x00,0x00,0x00,0x00,0x00,0x00,0x00,0x21,0x00,0x83,0x10,0x20,0x00,
    0x00,0x00,0x00,0x00,0x20,0x08,0x00,0x00,0x00,0x00,0x00,0x00,0x00,0x00,0x00,0x00,0x00,0x00,0x01,0x00,0x20,0x08,0x00,0x00,
    0x00,0x00,0x00,0x00,0x00,0x00,0x00,0x00,0x00,0x00,0x00,0x00,0x00,0x00,0x00,0x00,0x20,0x08,0x00,0x00,0x01,0x00,0x00,0x00,
    0x20,0x00,0x00,0x08,0x00,0x00,0x01,0x00,0x00,0x00,0x00,0x00,0x21,0x08,0x00,0x00,0x20,0x00,0x00,0x00,0x00,0x08,0x00,0x00,
    0x21,0x00,0x00,0x00,0x00,0x00,0x00,0x00,0x00,0x00,0x01,0x08,0x21,0x00,0x20,0x00,0x00,0x00,0x00,0x00,0x00,0x08,0x00,0x00,
    0x21,0x00,0x00,0x00,0x00,0x00,0x00,0x00,0x20,0x08,0x00,0x00,0x01,0x00,0x00,0x00,0x20,0x00,0x00,0x00,0x20,0x08,0x00,0x00,
    0x01,0x00,0x00,0x00,0x20,0x00,0x00,0x08,0x00,0x00,0x00,0x00,0x01,0x00,0x20,0x00,0x00,0x00,0x20,0x00,0x00,0x00,0x00,0x00,
    0x00,0x00,0x01,0x00,0x00,0x00,0x01,0x00,0x00,0x00,0x01,0x00,0x20,0x00,0x63,0x10,0x20,0x00,0x01,0x00,0x00,0x00,0x00,0x00,
    0x20,0x00,0x00,0x00,0x00,0x00,0x00,0x00,0x01,0x00,0x20,0x00,0x00,0x00,0x20,0x00,0x00,0x08,0x00,0x00,0x00,0x00,0x20,0x00,
    0x01,0x00,0x20,0x00,0x00,0x00,0x01,0x00,0x00,0x08,0x21,0x00,0x00,0x00,0x00,0x00,0x20,0x00,0x00,0x00,0x00,0x00,0x00,0x00,
    0x00,0x08,0x00,0x00,0x00,0x00,0x20,0x08,0x00,0x00,0x20,0x00,0x01,0x00,0x00,0x00,0x01,0x08,0x00,0x00,0x00,0x00,0x20,0x00,
    0x00,0x00,0x00,0x00,0x00,0x00,0x00,0x00,0x00,0x00,0x20,0x00,0x00,0x00,0x00,0x00,0x00,0x00,0x00,0x00,0x00,0x00,0x00,0x00,
    0x20,0x08,0x01,0x00,0x00,0x00,0x20,0x00,0x00,0x00,0x20,0x00,0x00,0x00,0x00,0x08,0x00,0x00,0x20,0x00,0x00,0x00,0x00,0x00,
    0x20,0x00,0x01,0x00,0x20,0x00,0x00,0x00,0x01,0x08,0x20,0x00,0x00,0x00,0x01,0x00,0x00,0x00,0x00,0x00,0x00,0x00,0x00,0x00,
    0x00,0x00,0x20,0x00,0x00,0x00,0x20,0x00,0x00,0x00,0x00,0x00,0x00,0x00,0x00,0x00,0x00,0x00,0x00,0x08,0x21,0x00,0x00,0x00,
    0x20,0x00,0x00,0x00,0x00,0x00,0x00,0x00,0x00,0x00,0x00,0x00,0x00,0x00,0x00,0x00,0x21,0x00,0x00,0x00,0x00,0x00,0x21,0x00,
    0x00,0x08,0x00,0x00,0x00,0x00,0x20,0x00,0x00,0x00,0x21,0x08,0x00,0x00,0x21,0x00,0x00,0x08,0x20,0x00,0x01,0x00,0x20,0x08,
    0x00,0x00,0x01,0x00,0x20,0x00,0x00,0x08,0x00,0x00,0x01,0x00,0x20,0x00,0x00,0x00,0x20,0x08,0x00,0x00,0x00,0x00,0x00,0x00,
    0x00,0x00,0x01,0x00,0x20,0x00,0x00,0x00,0x21,0x08,0x20,0x00,0x00,0x08,0x20,0x00,0x00,0x00,0x00,0x00,0x21,0x08,0x00,0x00,
    0x00,0x00,0x21,0x00,0x00,0x00,0x00,0x00,0x00,0x00,0x00,0x00,0x20,0x08,0x00,0x00,0x01,0x00,0x00,0x00,0x20,0x00,0x00,0x00,
    0x01,0x00,0x00,0x00,0x01,0x00,0x00,0x00,0x20,0x00,0x00,0x08,0x00,0x00,0x00,0x00,0x21,0x00,0x00,0x00,0x00,0x08,0x00,0x00,
    0x00,0x00,0x00,0x08,0x20,0x00,0x01,0x00,0x00,0x00,0x20,0x00,0x00,0x00,0x20,0x00,0x00,0x00,0x00,0x00,0x00,0x00,0x00,0x00,
    0x00,0x00,0x20,0x00,0x00,0x00,0x00,0x00,0x01,0x00,0x20,0x08,0x21,0x00,0x00,0x00,0x00,0x00,0x00,0x00,0x00,0x08,0x00,0x00,
    0x00,0x00,0x20,0x00,0x01,0x00,0x00,0x08,0x00,0x00,0x00,0x00,0x20,0x08,0x00,0x00,0x00,0x00,0x00,0x00,0x20,0x00,0x00,0x00,
    0x01,0x08,0x00,0x00,0x20,0x00,0x00,0x00,0x20,0x00,0x00,0x00,0x01,0x00,0x00,0x00,0x00,0x00,0x00,0x00,0x00,0x00,0x20,0x00,
    0x00,0x00,0x20,0x00,0x00,0x00,0x00,0x08,0x00,0x00,0x00,0x00,0x01,0x00,0x20,0x08,0x00,0x00,0x00,0x00,0x00,0x00,0x21,0x00,
    0x00,0x08,0x21,0x00,0x00,0x00,0x00,0x00,0x01,0x00,0x00,0x00,0x00,0x00,0x00,0x00,0x01,0x00,0x00,0x00,0x00,0x00,0x21,0x00,
    0x00,0x00,0x00,0x00,0x00,0x00,0x00,0x00,0x00,0x00,0x00,0x00,0x00,0x00,0x00,0x00,0x20,0x00,0x01,0x00,0x00,0x00,0x00,0x00,
    0x20,0x08,0x01,0x00,0x20,0x00,0x00,0x00,0x00,0x00,0x00,0x00,0x00,0x00,0x01,0x00,0x20,0x00,0x01,0x00,0x20,0x08,0x01,0x00,
    0x00,0x00,0x20,0x00,0x00,0x00,0x00,0x00,0x01,0x00,0x00,0x00,0x20,0x00,0x00,0x00,0x20,0x08,0x00,0x00,0x21,0x00,0x00,0x00,
    0x00,0x00,0x00,0x00,0x00,0x08,0x00,0x00,0x20,0x00,0x00,0x00,0x01,0x00,0x00,0x00,0x00,0x00,0x00,0x00,0x00,0x00,0x00,0x00,
    0x00,0x00,0x00,0x00,0x00,0x00,0x00,0x00,0x20,0x00,0x00,0x00,0x20,0x00,0x00,0x00,0x00,0x00,0x00,0x00,0x00,0x00,0x00,0x00,
    0x21,0x00,0x00,0x00,0x00,0x00,0x20,0x00,0x00,0x00,0x00,0x08,0x00,0x00,0x00,0x00,0x00,0x00,0x00,0x00,0x01,0x00,0x00,0x00,
    0x00,0x00,0x20,0x00,0x20,0x00,0x00,0x00,0x00,0x08,0x00,0x00,0x20,0x00,0x01,0x00,0x20,0x00,0x00,0x00,0x01,0x00,0x00,0x00,
    0x20,0x00,0x00,0x00,0x00,0x00,0x20,0x08,0x00,0x00,0x20,0x00,0x00,0x00,0x00,0x00,0x00,0x00,0x00,0x00,0x00,0x00,0x00,0x00,
    0x00,0x00,0x20,0x00,0x00,0x00,0x20,0x00,0x00,0x00,0x00,0x00,0x00,0x00,0x00,0x00,0x20,0x08,0x00,0x00,0x00,0x00,0x00,0x00,
    0x00,0x08,0x20,0x00,0x01,0x00,0x20,0x08,0x00,0x00,0x00,0x00,0x00,0x00,0x20,0x08,0x00,0x00,0x00,0x00,0x00,0x00,0x00,0x00,
    0x20,0x08,0x01,0x00,0x20,0x00,0x00,0x00,0x00,0x00,0x00,0x00,0x00,0x00,0x00,0x00,0x20,0x00,0x00,0x00,0x00,0x00,0x00,0x00,
    0x20,0x00,0x00,0x00,0x01,0x00,0x00,0x00,0x20,0x00,0x00,0x00,0x01,0x00,0x00,0x08,0x00,0x00,0x20,0x00,0x00,0x00,0x20,0x00,
    0x00,0x00,0x00,0x00,0x00,0x00,0x00,0x00,0x00,0x00,0x00,0x00,0x00,0x00,0x01,0x00,0x20,0x00,0x00,0x00,0x00,0x00,0x00,0x00,
    0x01,0x00,0x20,0x00,0x00,0x00,0x00,0x00,0x00,0x00,0x00,0x00,0x00,0x00,0x00,0x00,0x20,0x00,0x00,0x00,0x20,0x08,0x00,0x00,
    0x20,0x00,0x01,0x08,0x00,0x00,0x00,0x00,0x00,0x00,0x21,0x00,0x00,0x00,0x00,0x00,0x00,0x00,0x00,0x00,0x00,0x00,0x01,0x00,
    0x00,0x00,0x00,0x00,0x20,0x08,0x00,0x00,0x00,0x00,0x00,0x00,0x00,0x00,0x00,0x00,0x00,0x00,0x21,0x00,0x00,0x08,0x00,0x00,
    0x00,0x00,0x00,0x00,0x00,0x00,0x00,0x00,0x00,0x00,0x00,0x00,0x00,0x00,0x01,0x00,0x20,0x08,0x00,0x00,0x00,0x00,0x00,0x00,
    0x01,0x00,0x00,0x00,0x00,0x00,0x00,0x00,0x20,0x08,0x00,0x00,0x21,0x00,0x00,0x00,0x00,0x00,0x01,0x00,0x00,0x00,0x20,0x00,
    0x00,0x00,0x00,0x00,0x00,0x00,0x20,0x00,0x00,0x00,0x00,0x00,0x20,0x00,0x01,0x00,0x00,0x00,0x00,0x08,0x01,0x00,0x00,0x00,
    0x21,0x00,0x00,0x00,0x20,0x08,0x00,0x00,0x00,0x00,0x00,0x00,0x00,0x00,0x01,0x00,0x20,0x00,0x00,0x00,0x00,0x00,0x00,0x00,
    0x00,0x00,0x00,0x00,0x00,0x00,0x20,0x00,0x00,0x00,0x00,0x00,0x01,0x00,0x00,0x00,0x20,0x00,0x00,0x00,0x00,0x00,0x00,0x08,
    0x00,0x00,0x00,0x00,0x20,0x00,0x00,0x00,0x00,0x00,0x00,0x00,0x21,0x08,0x00,0x00,0x00,0x00,0x01,0x00,0x00,0x08,0x00,0x00,
    0x00,0x00,0x21,0x00,0x00,0x00,0x20,0x00,0x00,0x08,0x00,0x00,0x00,0x00,0x00,0x00,0x01,0x00,0x20,0x00,0x00,0x00,0x00,0x00,
    0x00,0x00,0x00,0x00,0x01,0x00,0x00,0x00,0x00,0x00,0x00,0x00,0x00,0x00,0x00,0x00,0x00,0x00,0x00,0x00,0x00,0x00,0x00,0x00,
    0x00,0x00,0x01,0x00,0x20,0x00,0x00,0x00,0x00,0x00,0x00,0x00,0x00,0x00,0x00,0x00,0x01,0x00,0x00,0x00,0x00,0x00,0x00,0x00,
    0x00,0x00,0x00,0x00,0x21,0x00,0x00,0x00,0x00,0x00,0x00,0x00,0x20,0x08,0x00,0x00,0x00,0x00,0x00,0x00,0x00,0x00,0x20,0x00,
    0x01,0x00,0x00,0x00,0x00,0x00,0x00,0x00,0x01,0x08,0x20,0x00,0x00,0x00,0x00,0x00,0x00,0x00,0x00,0x00,0x00,0x00,0x00,0x00,
    0x00,0x00,0x20,0x08,0x00,0x00,0x20,0x00,0x00,0x00,0x00,0x08,0x00,0x00,0x01,0x00,0x20,0x00,0x00,0x00,0x20,0x08,0x01,0x00,
    0x00,0x00,0x00,0x00,0x01,0x00,0x00,0x00,0x00,0x00,0x20,0x00,0x00,0x00,0x00,0x00,0x20,0x08,0x00,0x00,0x00,0x00,0x00,0x00,
    0x20,0x00,0x00,0x00,0x00,0x08,0x20,0x00,0x00,0x00,0x00,0x00,0x00,0x00,0x00,0x00,0x00,0x00,0x20,0x00,0x01,0x00,0x00,0x00,
    0x00,0x00,0x00,0x00,0x00,0x00,0x20,0x00,0x00,0x00,0x00,0x00,0x20,0x00,0x00,0x00,0x21,0x00,0x00,0x00,0x21,0x08,0x00,0x00,
    0x00,0x00,0x00,0x00,0x21,0x00,0x00,0x08,0x20,0x00,0x00,0x00,0x20,0x00,0x00,0x00,0x01,0x00,0x00,0x00,0x00,0x00,0x00,0x00,
    0x00,0x00,0x00,0x00,0x00,0x00,0x00,0x00,0x20,0x08,0x00,0x00,0x00,0x00,0x01,0x00,0x00,0x00,0x00,0x00,0x00,0x08,0x00,0x00,
    0x00,0x00,0x20,0x00,0x00,0x00,0x00,0x00,0x00,0x08,0x00,0x00,0x01,0x00,0x00,0x00,0x20,0x00,0x01,0x00,0x00,0x08,0x00,0x00,
    0x00,0x00,0x00,0x00,0x00,0x00,0x00,0x00,0x20,0x00,0x00,0x00,0x01,0x00,0x00,0x08,0x00,0x00,0x00,0x00,0x00,0x00,0x00,0x08,
    0x00,0x00,0x21,0x00,0x00,0x00,0x00,0x00,0x21,0x00,0x00,0x00,0x00,0x08,0x00,0x00,0x00,0x00,0x00,0x00,0x00,0x00,0x00,0x00,
    0x01,0x00,0x00,0x00,0x00,0x00,0x20,0x00,0x00,0x00,0x00,0x00,0x01,0x08,0x00,0x00,0x00,0x00,0x00,0x00,0x00,0x00,0x00,0x00,
    0x00,0x08,0x00,0x00,0x00,0x00,0x00,0x00,0x01,0x00,0x00,0x00,0x00,0x00,0x00,0x00,0x20,0x00,0x00,0x00,0x00,0x00,0x00,0x00,
    0x00,0x00,0x00,0x00,0x00,0x00,0x01,0x00,0x00,0x00,0x00,0x00,0x00,0x00,0x00,0x00,0x00,0x00,0x20,0x00,0x00,0x00,0x00,0x00,
    0x20,0x00,0x00,0x00,0x00,0x00,0x00,0x00,0x00,0x00,0x00,0x08,0x00,0x00,0x00,0x00,0x00,0x08,0x00,0x00,0x00,0x00,0x00,0x00,
    0x00,0x00,0x00,0x00,0x00,0x00,0x00,0x00,0x00,0x00,0x00,0x00,0x01,0x00,0x00,0x00,0x00,0x00,0x00,0x00,0x00,0x00,0x01,0x00,
    0x00,0x00,0x20,0x08,0x00,0x00,0x00,0x00,0x00,0x00,0x00,0x00,0x01,0x00,0x00,0x00,0x00,0x00,0x00,0x00,0x00,0x00,0x00,0x00,
    0x00,0x00,0x00,0x00,0x00,0x00,0x00,0x00,0x00,0x00,0x20,0x08,0x00,0x00,0x00,0x00,0x01,0x00,0x00,0x00,0x00,0x00,0x00,0x00,
    0x00,0x00,0x00,0x00,0x00,0x00,0x01,0x08,0x00,0x00,0x00,0x00,0x20,0x00,0x00,0x00,0x00,0x00,0x01,0x08,0x00,0x00,0x20,0x00,
    0x01,0x00,0x00,0x00,0x00,0x08,0x20,0x00,
};

const lv_img_dsc_t night_sky = {
    .header = {.cf = LV_IMG_CF_TRUE_COLOR, .always_zero = 0, .reserved = 0, .w = 172, .h = 232},
    .data_size = 172 * 232 * 2,
    .data = night_sky_map,
};
