#include "ocean.h"

const uint8_t ocean_map[] = {
    0x16,0xde,0x17,0xe6,0x16,0xde,0x16,0xde,0xf6,0xdd,0x16,0xde,0xf6,0xdd,0xf6,0xdd,0xf6,0xdd,0xf6,0xd5,0xf6,0xdd,0xf6,0xd5,
    0xf6,0xd5,0xf6,0xd5,0xf6,0xd5,0xf6,0xd5,0xf6,0xd5,0xf6,0xd5,0xf6,0xd5,0xd6,0xd5,0xf6,0xd5,0xf6,0xd5,0xf6,0xd5,0xd6,0xd5,
    0xf6,0xd5,0xf6,0xd5,0xf6,0xd5,0xd6,0xd5,0xf6,0xd5,0xf6,0xd5,0xf6,0xd5,0xd6,0xd5,0xf6,0xd5,0xf6,0xd5,0xf6,0xd5,0xd6,0xd5,
    0xf6,0xd5,0xf6,0xd5,0xf6,0xd5,0xd6,0xd5,0xf6,0xd5,0xf6,0xd5,0xf6,0xd5,0xd6,0xd5,0xf6,0xd5,0xd6,0xd5,0xf6,0xd5,0xd6,0xd5,
    0xf6,0xd5,0xf6,0xd5,0xd6,0xd5,0xf6,0xd5,0xd6,0xd5,0xf6,0xd5,0xd6,0xd5,0xf6,0xd5,0xd6,0xd5,0xf6,0xd5,0xd6,0xd5,0xf6,0xd5,
    0xd6,0xd5,0xd6,0xd5,0xd6,0xd5,0xf6,0xcd,0xd6,0xd5,0xd6,0xd5,0xf6,0xcd,0xd6,0xd5,0xd6,0xd5,0xd6,0xcd,0xd6,0xd5,0xd6,0xd5,
    0xd6,0xcd,0xd6,0xd5,0xd6,0xd5,0xd6,0xcd,0xd6,0xd5,0xd6,0xd5,0xd6,0xcd,0xd6,0xd5,0xd6,0xd5,0xd6,0xcd,0xd6,0xd5,0xd6,0xcd,
    0xd6,0xd5,0xd5,0xcd,0xd6,0xd5,0xd6,0xcd,0xd5,0xd5,0xd6,0xcd,0xd6,0xd5,0xd5,0xcd,0xd6,0xd5,0xd6,0xcd,0xd5,0xd5,0xd6,0xcd,
    0xd5,0xd5,0xd6,0xcd,0xd5,0xd5,0xd6,0xcd,0xd5,0xcd,0xd6,0xd5,0xd5,0xcd,0xb5,0xd5,0xd6,0xcd,0xb5,0xcd,0xd5,0xcd,0xb5,0xcd,
    0xd5,0xcd,0xb5,0xd5,0xd5,0xcd,0xb5,0xcd,0xb5,0xcd,0xb5,0xcd,0xb5,0xcd,0xb5,0xcd,0xb5,0xcd,0xb5,0xcd,0xb5,0xcd,0xb5,0xcd,
    0xb5,0xcd,0xb5,0xcd,0xb5,0xcd,0xb5,0xcd,0xb5,0xcd,0xb5,0xcd,0xb5,0xcd,0xb5,0xcd,0xb5,0xcd,0xb5,0xcd,0xb5,0xcd,0xb4,0xcd,
    0xb5,0xcd,0xb5,0xcd,0xb4,0xcd,0xb5,0xcd,0xb4,0xcd,0xb5,0xcd,0xb4,0xcd,0xb5,0xcd,0xb4,0xcd,0x95,0xcd,0xb4,0xcd,0x95,0xcd,
    0xb4,0xcd,0x94,0xcd,0xb4,0xcd,0x95,0xcd,0x94,0xcd,0x94,0xcd,0x94,0xcd,0x94,0xcd,0x94,0xcd,0x94,0xcd,0x94,0xc5,0x94,0xcd,
    0x94,0xcd,0x94,0xcd,0x94,0xcd,0x94,0xc5,0x94,0xcd,0x94,0xcd,0x94,0xc5,0x74,0xcd,0x93,0xc5,0x74,0xcd,0x94,0xc5,0x73,0xcd,
    0x74,0xc5,0x73,0xcd,0x73,0xc5,0x74,0xcd,0x16,0xde,0xf6,0xdd,0xf6,0xdd,0xf6,0xdd,0xf6,0xdd,0xf6,0xdd,0xf6,0xd5,0xf6,0xd5,
    0xf6,0xd5,0xf6,0xdd,0xf5,0xd5,0xd6,0xd5,0xd6,0xd5,0xd5,0xd5,0xf6,0xd5,0xd6,0xd5,0xf6,0xd5,0xd6,0xd5,0xd6,0xd5,0xf6,0xd5,
    0xd6,0xd5,0xd6,0xd5,0xf6,0xd5,0xd6,0xd5,0xf6,0xd5,0xd6,0xd5,0xf6,0xd5,0xf6,0xd5,0xd6,0xd5,0xd6,0xd5,0xf6,0xd5,0xd6,0xd5,
    0xf6,0xd5,0xd6,0xd5,0xf6,0xd5,0xf6,0xd5,0xd6,0xd5,0xd6,0xd5,0xf6,0xd5,0xf6,0xd5,0xf6,0xd5,0xd6,0xd5,0xf6,0xd5,0xf6,0xd5,
    0xd6,0xd5,0xf6,0xd5,0xd6,0xd5,0xf6,0xd5,0xd6,0xd5,0xd6,0xd5,0xf6,0xcd,0xd6,0xd5,0xd6,0xd5,0xf6,0xcd,0xd6,0xd5,0xd6,0xcd,
    0xd6,0xd5,0xf6,0xcd,0xd6,0xd5,0xd6,0xcd,0xf5,0xd5,0xd6,0xcd,0xd6,0xd5,0xd6,0xd5,0xd6,0xd5,0xd5,0xcd,0xd6,0xd5,0xd6,0xd5,
    0xd5,0xd5,0xf6,0xd5,0xd6,0xd5,0xd5,0xcd,0xd6,0xd5,0xf5,0xd5,0xd6,0xd5,0xd5,0xd5,0xf6,0xcd,0xd5,0xd5,0xd6,0xd5,0xd5,0xcd,
    0xd5,0xd5,0xd6,0xd5,0xf5,0xd5,0xd6,0xd5,0xd5,0xcd,0xd6,0xd5,0xd5,0xd5,0xd6,0xd5,0xd6,0xcd,0xd5,0xd5,0xd6,0xcd,0xd5,0xd5,
    0xd6,0xcd,0xd5,0xd5,0xd6,0xcd,0xd5,0xd5,0xb6,0xcd,0xd5,0xd5,0xd5,0xcd,0xb5,0xd5,0xd5,0xd5,0xb5,0xcd,0xd6,0xd5,0xd5,0xcd,
    0xd5,0xd5,0xb5,0xcd,0xd5,0xd5,0xb6,0xd5,0xd5,0xcd,0xb5,0xcd,0xb5,0xd5,0xb5,0xcd,0xd5,0xd5,0xb5,0xcd,0xb5,0xd5,0xd5,0xcd,
    0xb5,0xd5,0xd5,0xcd,0xb5,0xcd,0xd5,0xd5,0xb5,0xcd,0xb5,0xcd,0xb4,0xd5,0xb5,0xcd,0xb5,0xcd,0xb4,0xd5,0xb5,0xcd,0xb4,0xcd,
    0xb4,0xcd,0xb4,0xcd,0xb5,0xcd,0xb5,0xcd,0xb4,0xcd,0xb5,0xcd,0xb4,0xcd,0x95,0xcd,0xb4,0xcd,0x95,0xcd,0x94,0xcd,0x95,0xcd,
    0x94,0xcd,0xb5,0xcd,0x94,0xcd,0xb4,0xcd,0x95,0xcd,0x94,0xcd,0x94,0xcd,0x94,0xcd,0xb4,0xcd,0x94,0xcd,0x94,0xcd,0x94,0xcd,
    0x94,0xc5,0x94,0xcd,0x94,0xcd,0x94,0xcd,0x93,0xc5,0x94,0xcd,0x74,0xc5,0x93,0xcd,0x74,0xcd,0x73,0xc5,0x93,0xcd,0x74,0xc5,
    0x73,0xcd,0x74,0xc5,0x73,0xcd,0x73,0xc5,0x73,0xc5,0x74,0xcd,0x73,0xc5,0x73,0xc5,0xf6,0xdd,0xf6,0xd5,0xf6,0xdd,0xf6,0xd5,
    0xf5,0xd5,0xd6,0xd5,0xf5,0xd5,0xd6,0xdd,0xf5,0xd5,0xd5,0xd5,0xd6,0xd5,0xf5,0xd5,0xf6,0xd5,0xd5,0xd5,0xf6,0xd5,0xd5,0xd5,
    0xf5,0xd5,0xd5,0xd5,0xf6,0xd5,0xd5,0xd5,0xf6,0xd5,0xd5,0xd5,0xf5,0xd5,0xd6,0xd5,0xf5,0xd5,0xd6,0xd5,0xd5,0xd5,0xf6,0xd5,
    0xd6,0xd5,0xf6,0xd5,0xd6,0xd5,0xf6,0xd5,0xd6,0xd5,0xf6,0xd5,0xd6,0xd5,0xd6,0xd5,0xf6,0xd5,0xf6,0xd5,0xd6,0xd5,0xd6,0xd5,
    0xd6,0xd5,0xf6,0xd5,0xd6,0xd5,0xd6,0xd5,0xf6,0xcd,0xd6,0xd5,0xf6,0xd5,0xd6,0xd5,0xf6,0xcd,0xd5,0xd5,0xd6,0xd5,0xf6,0xd5,
    0xd5,0xd5,0xd6,0xd5,0xd6,0xd5,0xf5,0xd5,0xd6,0xd5,0xd5,0xd5,0xd6,0xd5,0xd5,0xd5,0xd6,0xd5,0xd5,0xd5,0xf6,0xd5,0xd5,0xd5,
    0xf5,0xd5,0xd6,0xd5,0xd5,0xd5,0xf6,0xd5,0xd6,0xcd,0xd5,0xd5,0xd6,0xd5,0xf5,0xd5,0xd6,0xd5,0xd6,0xcd,0xd5,0xd5,0xd6,0xd5,
    0xd5,0xd5,0xd6,0xcd,0xd5,0xd5,0xd6,0xd5,0xd5,0xd5,0xd5,0xcd,0xd6,0xd5,0xd5,0xcd,0xd6,0xd5,0xd5,0xd5,0xd6,0xcd,0xd5,0xd5,
    0xd5,0xd5,0xd6,0xd5,0xd5,0xd5,0xd6,0xcd,0xd5,0xd5,0xb5,0xd5,0xd5,0xd5,0xd5,0xd5,0xd5,0xcd,0xb6,0xd5,0xd5,0xd5,0xd6,0xcd,
    0xb5,0xd5,0xd5,0xcd,0xb5,0xd5,0xb5,0xcd,0xd5,0xd5,0xb5,0xcd,0xb5,0xd5,0xd5,0xcd,0xb5,0xd5,0xb5,0xcd,0xd5,0xd5,0xb5,0xcd,
    0xb5,0xd5,0xb5,0xcd,0xb5,0xd5,0xb5,0xcd,0xb5,0xcd,0xb5,0xd5,0xb4,0xcd,0xb5,0xcd,0xb4,0xd5,0xb5,0xcd,0xb5,0xcd,0xb4,0xd5,
    0xb5,0xcd,0xb4,0xcd,0x95,0xcd,0xb5,0xcd,0x95,0xd5,0xb4,0xcd,0xb5,0xcd,0x94,0xd5,0xb4,0xcd,0xb5,0xcd,0x94,0xcd,0xb4,0xd5,
    0x95,0xcd,0xb4,0xcd,0xb4,0xcd,0x94,0xcd,0xb4,0xcd,0x94,0xcd,0x95,0xcd,0x94,0xcd,0x94,0xcd,0x94,0xcd,0x94,0xcd,0x94,0xcd,
    0x94,0xcd,0x94,0xcd,0x94,0xcd,0x94,0xcd,0x94,0xcd,0x94,0xcd,0x93,0xcd,0x74,0xcd,0x74,0xcd,0x94,0xcd,0x73,0xcd,0x94,0xc5,
    0x73,0xcd,0x74,0xcd,0x73,0xc5,0x74,0xcd,0x73,0xcd,0x73,0xc5,0x74,0xcd,0x73,0xcd,0x73,0xc5,0x73,0xc5,0x73,0xcd,0x73,0xc5,
    0xd5,0xd5,0xd5,0xd5,0xd5,0xd5,0xd5,0xd5,0xf5,0xd5,0xd5,0xd5,0xd6,0xd5,0xd5,0xd5,0xd5,0xd5,0xd5,0xd5,0xd5,0xd5,0xd6,0xd5,
    0xf5,0xdd,0xd5,0xd5,0xd6,0xd5,0xd5,0xdd,0xd6,0xd5,0xd5,0xd5,0xf6,0xdd,0xd5,0xd5,0xf5,0xd5,0xd6,0xd5,0xf6,0xd5,0xd5,0xd5,
    0xd6,0xd5,0xf6,0xd5,0xd5,0xd5,0xf6,0xd5,0xd5,0xd5,0xf5,0xd5,0xd6,0xd5,0xf5,0xd5,0xd5,0xd5,0xd5,0xd5,0xf6,0xd5,0xd5,0xd5,
    0xf5,0xd5,0xd6,0xd5,0xf5,0xd5,0xd6,0xd5,0xf5,0xd5,0xd6,0xd5,0xf5,0xd5,0xd6,0xd5,0xf5,0xd5,0xd6,0xd5,0xd5,0xd5,0xd6,0xd5,
    0xd5,0xd5,0xd6,0xd5,0xf5,0xd5,0xd6,0xd5,0xd5,0xd5,0xd6,0xd5,0xd5,0xd5,0xd6,0xd5,0xd5,0xd5,0xd6,0xd5,0xf5,0xd5,0xd6,0xd5,
    0xf6,0xd5,0xd5,0xd5,0xd6,0xd5,0xd5,0xd5,0xd6,0xd5,0xd5,0xd5,0xd6,0xd5,0xd5,0xd5,0xd5,0xd5,0xd5,0xd5,0xd6,0xd5,0xd5,0xd5,
    0xd5,0xd5,0xd5,0xd5,0xd6,0xd5,0xd5,0xd5,0xd6,0xd5,0xd5,0xd5,0xd5,0xd5,0xd6,0xd5,0xd5,0xd5,0xd5,0xd5,0xd5,0xd5,0xb5,0xd5,
    0xd5,0xd5,0xd5,0xd5,0xd5,0xd5,0xd6,0xcd,0xb5,0xd5,0xd5,0xcd,0xb5,0xd5,0xd5,0xd5,0xb6,0xd5,0xd5,0xcd,0xd5,0xd5,0xb6,0xd5,
    0xd5,0xd5,0xd5,0xcd,0xb5,0xd5,0xd5,0xd5,0xb5,0xcd,0xd5,0xd5,0xb5,0xd5,0xd5,0xcd,0xb5,0xd5,0xb5,0xcd,0xd5,0xd5,0xb5,0xcd,
    0xb5,0xd5,0xb5,0xcd,0xb5,0xd5,0xb5,0xcd,0xb5,0xd5,0xb5,0xcd,0xb4,0xd5,0xb5,0xcd,0xb4,0xd5,0xb5,0xcd,0xb4,0xd5,0xb5,0xcd,
    0xb4,0xcd,0xb5,0xd5,0xb4,0xcd,0xb5,0xd5,0x94,0xcd,0xb4,0xd5,0xb4,0xcd,0xb4,0xd5,0xb4,0xcd,0xb5,0xcd,0x94,0xd5,0xb4,0xcd,
    0x95,0xcd,0xb4,0xd5,0x94,0xcd,0xb4,0xcd,0x94,0xcd,0x94,0xd5,0x94,0xcd,0x95,0xcd,0x94,0xcd,0x94,0xcd,0x94,0xcd,0x94,0xcd,
    0x94,0xcd,0x94,0xcd,0x94,0xcd,0x94,0xcd,0x94,0xcd,0x94,0xcd,0x74,0xc5,0x93,0xcd,0x74,0xcd,0x73,0xc5,0x94,0xcd,0x93,0xc5,
    0x73,0xcd,0x94,0xc5,0x73,0xcd,0x73,0xcd,0x94,0xc5,0x73,0xcd,0x73,0xcd,0x73,0xc5,0x73,0xcd,0x73,0xc5,0x73,0xcd,0x73,0xc5,
    0x73,0xcd,0x53,0xc5,0x73,0xc5,0x53,0xc5,0xd5,0xd5,0xd5,0xdd,0xf5,0xd5,0xd5,0xdd,0xd5,0xd5,0xd5,0xd5,0xd5,0xdd,0xf5,0xd5,
    0xd5,0xd5,0xd6,0xd5,0xf5,0xdd,0xd5,0xd5,0xd5,0xd5,0xd5,0xd5,0xd5,0xd5,0xf5,0xd5,0xd5,0xd5,0xd5,0xd5,0xd5,0xd5,0xd5,0xd5,
    0xd6,0xd5,0xd5,0xdd,0xd5,0xd5,0xd5,0xd5,0xd5,0xd5,0xd5,0xd5,0xd6,0xd5,0xd5,0xd5,0xd6,0xd5,0xd5,0xd5,0xf6,0xd5,0xd5,0xd5,
    0xd6,0xd5,0xd5,0xd5,0xd6,0xd5,0xd5,0xd5,0xd6,0xd5,0xf5,0xd5,0xd5,0xd5,0xd6,0xd5,0xd5,0xd5,0xd5,0xd5,0xd6,0xd5,0xd5,0xd5,
    0xd6,0xd5,0xd5,0xd5,0xf5,0xd5,0xd5,0xd5,0xd6,0xd5,0xd5,0xd5,0xd5,0xd5,0xd5,0xd5,0xf6,0xd5,0xd5,0xd5,0xd5,0xd5,0xd5,0xd5,
    0xd6,0xd5,0xd5,0xd5,0xd5,0xd5,0xd5,0xd5,0xd5,0xd5,0xd5,0xd5,0xd5,0xd5,0xd5,0xd5,0xd5,0xd5,0xd5,0xd5,0xd5,0xd5,0xd5,0xd5,
    0xd6,0xd5,0xd5,0xd5,0xd5,0xd5,0xd5,0xd5,0xd6,0xd5,0xd5,0xd5,0xd5,0xd5,0xd5,0xcd,0xd5,0xd5,0xd5,0xd5,0xd5,0xd5,0xd5,0xd5,
    0xd5,0xcd,0xb6,0xd5,0xd5,0xd5,0xd5,0xd5,0xd6,0xcd,0xb5,0xd5,0xd5,0xd5,0xb5,0xd5,0xd5,0xd5,0xd5,0xd5,0xb5,0xd5,0xd5,0xd5,
    0xb5,0xd5,0xd5,0xd5,0xd5,0xcd,0xb5,0xd5,0xb5,0xd5,0xd5,0xd5,0xb5,0xcd,0xd5,0xd5,0xb5,0xd5,0xb5,0xcd,0xd5,0xd5,0xb5,0xd5,
    0xb5,0xd5,0xb5,0xd5,0xb5,0xcd,0xb4,0xd5,0xb5,0xcd,0xb4,0xd5,0xb5,0xcd,0xb4,0xd5,0xb5,0xcd,0xb4,0xd5,0xb5,0xcd,0xb4,0xd5,
    0xb4,0xcd,0xb4,0xd5,0x95,0xcd,0xb4,0xd5,0x94,0xcd,0xb4,0xd5,0x94,0xcd,0xb4,0xcd,0x95,0xcd,0xb4,0xcd,0x94,0xcd,0x94,0xcd,
    0x94,0xd5,0xb4,0xcd,0x94,0xcd,0x94,0xcd,0x94,0xcd,0x94,0xcd,0x94,0xcd,0x94,0xcd,0x94,0xcd,0xb4,0xcd,0x94,0xcd,0x94,0xd5,
    0x94,0xcd,0x94,0xcd,0x93,0xcd,0x94,0xcd,0x93,0xcd,0x94,0xcd,0x93,0xcd,0x74,0xcd,0x73,0xcd,0x93,0xcd,0x74,0xcd,0x93,0xcd,
    0x73,0xcd,0x74,0xcd,0x73,0xcd,0x73,0xcd,0x73,0xcd,0x73,0xcd,0x73,0xcd,0x73,0xc5,0x73,0xcd,0x73,0xcd,0x73,0xc5,0x73,0xcd,
    0x73,0xc5,0x53,0xcd,0x73,0xc5,0x53,0xc5,0x53,0xcd,0x52,0xc5,0x53,0xcd,0x52,0xc5,0xd5,0xd5,0xd5,0xd5,0xd4,0xdd,0xd5,0xd5,
    0xd5,0xd5,0xd5,0xdd,0xd5,0xd5,0xd5,0xd5,0xd5,0xdd,0xd5,0xd5,0xd5,0xd5,0xd5,0xd5,0xd5,0xd5,0xd5,0xdd,0xd5,0xd5,0xd5,0xd5,
    0xd5,0xd5,0xd5,0xdd,0xd5,0xd5,0xd5,0xd5,0xd5,0xdd,0xd5,0xd5,0xd5,0xd5,0xd5,0xdd,0xd5,0xd5,0xf5,0xdd,0xd5,0xd5,0xd5,0xdd,
    0xd5,0xd5,0xd5,0xd5,0xd5,0xdd,0xd5,0xd5,0xf5,0xd5,0xd5,0xd5,0xf5,0xd5,0xd5,0xdd,0xd5,0xd5,0xd5,0xd5,0xd5,0xdd,0xd5,0xd5,
    0xf5,0xd5,0xd6,0xdd,0xd5,0xd5,0xd5,0xd5,0xf5,0xd5,0xd5,0xd5,0xd6,0xd5,0xd5,0xd5,0xf5,0xdd,0xd5,0xd5,0xd6,0xd5,0xd5,0xd5,
    0xd5,0xd5,0xd5,0xd5,0xd5,0xd5,0xd5,0xd5,0xd5,0xd5,0xd5,0xd5,0xd5,0xd5,0xd5,0xd5,0xd5,0xd5,0xd5,0xd5,0xd5,0xd5,0xd5,0xd5,
    0xd5,0xd5,0xb5,0xd5,0xd5,0xd5,0xd5,0xd5,0xb5,0xd5,0xd5,0xd5,0xb5,0xd5,0xd5,0xd5,0xb5,0xd5,0xd5,0xd5,0xb5,0xd5,0xd5,0xd5,
    0xb5,0xd5,0xd5,0xd5,0xb5,0xd5,0xd5,0xd5,0xb5,0xd5,0xd5,0xd5,0xb5,0xd5,0xb5,0xd5,0xd5,0xd5,0xb5,0xd5,0xd5,0xd5,0xb5,0xd5,
    0xd5,0xd5,0xb5,0xd5,0xd5,0xd5,0xb5,0xcd,0xd5,0xd5,0xb5,0xd5,0xb5,0xd5,0xd5,0xd5,0xb4,0xcd,0xb5,0xd5,0xb5,0xd5,0xb4,0xd5,
    0xb5,0xd5,0xb4,0xd5,0xb5,0xcd,0xb4,0xd5,0xd5,0xcd,0xb4,0xd5,0xb4,0xd5,0xb5,0xcd,0xb5,0xd5,0xb4,0xd5,0xb5,0xcd,0xb4,0xd5,
    0xb4,0xcd,0xb4,0xd5,0xb4,0xd5,0xb4,0xcd,0x95,0xd5,0x94,0xcd,0xb4,0xd5,0x94,0xcd,0xb5,0xd5,0x94,0xcd,0x94,0xd5,0x94,0xcd,
    0xb4,0xd5,0x94,0xcd,0x94,0xd5,0xb4,0xcd,0x94,0xcd,0x94,0xcd,0x94,0xd5,0xb4,0xcd,0x94,0xcd,0x94,0xd5,0x94,0xcd,0x94,0xcd,
    0x93,0xd5,0x94,0xcd,0x93,0xcd,0x94,0xcd,0x93,0xcd,0x93,0xd5,0x94,0xcd,0x73,0xcd,0x94,0xcd,0x73,0xcd,0x94,0xcd,0x73,0xcd,
    0x73,0xcd,0x73,0xcd,0x73,0xcd,0x74,0xcd,0x73,0xcd,0x73,0xc5,0x73,0xcd,0x73,0xcd,0x73,0xcd,0x73,0xc5,0x73,0xcd,0x73,0xcd,
    0x73,0xc5,0x53,0xcd,0x72,0xcd,0x53,0xcd,0x52,0xcd,0x53,0xc5,0x52,0xcd,0x52,0xc5,0x52,0xcd,0x53,0xc5,0x52,0xcd,0x52,0xc5,
    0xd4,0xdd,0xd5,0xd5,0xb4,0xd5,0xd5,0xdd,0xd4,0xd5,0xd4,0xd5,0xd4,0xdd,0xd5,0xd5,0xd4,0xd5,0xd4,0xdd,0xd5,0xd5,0xd4,0xdd,
    0xd5,0xd5,0xd5,0xd5,0xd5,0xdd,0xd5,0xd5,0xd5,0xdd,0xd5,0xd5,0xd5,0xd5,0xd5,0xdd,0xd5,0xd5,0xd5,0xd5,0xd5,0xd5,0xd5,0xd5,
    0xd5,0xd5,0xd5,0xd5,0xd5,0xd5,0xd5,0xd5,0xd5,0xdd,0xd5,0xd5,0xd5,0xd5,0xd5,0xd5,0xd5,0xdd,0xd5,0xd5,0xd5,0xdd,0xd5,0xd5,
    0xd5,0xd5,0xd5,0xdd,0xd5,0xd5,0xd5,0xd5,0xd5,0xdd,0xd5,0xd5,0xd5,0xd5,0xd5,0xdd,0xd5,0xd5,0xd5,0xdd,0xd5,0xd5,0xd5,0xd5,
    0xd5,0xd5,0xd5,0xd5,0xd5,0xdd,0xd5,0xd5,0xd5,0xdd,0xd5,0xd5,0xd5,0xd5,0xd5,0xdd,0xd5,0xd5,0xd5,0xd5,0xd5,0xd5,0xb5,0xd5,
    0xd5,0xd5,0xd5,0xd5,0xb5,0xd5,0xd5,0xd5,0xd5,0xd5,0xd5,0xd5,0xb5,0xd5,0xd5,0xd5,0xb5,0xd5,0xd5,0xd5,0xb5,0xd5,0xd5,0xd5,
    0xb5,0xd5,0xd5,0xd5,0xb5,0xd5,0xd5,0xd5,0xb5,0xd5,0xd5,0xd5,0xb5,0xd5,0xd5,0xd5,0xb5,0xd5,0xd5,0xd5,0xd5,0xd5,0xb4,0xd5,
    0xd5,0xd5,0xb5,0xd5,0xb4,0xd5,0xd5,0xd5,0xb4,0xd5,0xb5,0xd5,0xb5,0xd5,0xb4,0xd5,0xb5,0xd5,0xb4,0xd5,0xd4,0xd5,0xb5,0xd5,
    0xb4,0xd5,0xd4,0xd5,0xb5,0xd5,0xd4,0xd5,0xb5,0xcd,0xb4,0xd5,0xb4,0xd5,0xb5,0xd5,0xb4,0xd5,0xb4,0xcd,0xb5,0xd5,0xb4,0xd5,
    0xb4,0xcd,0xb4,0xd5,0xb4,0xcd,0xb4,0xd5,0x94,0xd5,0xb4,0xcd,0x94,0xd5,0x94,0xcd,0xb4,0xd5,0xb4,0xcd,0x94,0xd5,0x94,0xcd,
    0x94,0xcd,0x94,0xd5,0xb4,0xcd,0x94,0xd5,0x94,0xcd,0x94,0xd5,0x93,0xcd,0x94,0xd5,0x93,0xcd,0x93,0xd5,0x94,0xcd,0x93,0xcd,
    0x94,0xd5,0x93,0xcd,0x93,0xcd,0x94,0xcd,0x93,0xcd,0x73,0xcd,0x74,0xcd,0x73,0xcd,0x93,0xcd,0x73,0xcd,0x73,0xcd,0x73,0xd5,
    0x73,0xcd,0x73,0xcd,0x73,0xcd,0x73,0xcd,0x73,0xcd,0x73,0xcd,0x73,0xcd,0x73,0xcd,0x73,0xcd,0x73,0xcd,0x73,0xcd,0x73,0xcd,
    0x52,0xcd,0x73,0xcd,0x53,0xcd,0x52,0xcd,0x53,0xcd,0x52,0xcd,0x52,0xc5,0x52,0xcd,0x52,0xc5,0x52,0xcd,0x52,0xcd,0x53,0xc5,
    0x52,0xcd,0x52,0xc5,0x52,0xcd,0x52,0xc5,0xb4,0xd5,0xd4,0xdd,0xb4,0xd5,0xd4,0xd5,0xd4,0xdd,0xb4,0xd5,0xd4,0xd5,0xb4,0xdd,
    0xb4,0xd5,0xb4,0xd5,0xd4,0xdd,0xb4,0xd5,0xd4,0xdd,0xb4,0xd5,0xd4,0xd5,0xd4,0xdd,0xd4,0xd5,0xd4,0xdd,0xd4,0xd5,0xd4,0xd5,
    0xd4,0xdd,0xd4,0xd5,0xd4,0xdd,0xd4,0xdd,0xd5,0xd5,0xb4,0xdd,0xd5,0xdd,0xd4,0xd5,0xd5,0xd5,0xd4,0xdd,0xd5,0xd5,0xd4,0xdd,
    0xd5,0xd5,0xb4,0xd5,0xd5,0xd5,0xd5,0xdd,0xd5,0xd5,0xd5,0xd5,0xd5,0xdd,0xd5,0xd5,0xb4,0xd5,0xd5,0xdd,0xd5,0xd5,0xd4,0xd5,
    0xb5,0xdd,0xd4,0xd5,0xd5,0xd5,0xb4,0xdd,0xd5,0xd5,0xb4,0xd5,0xb5,0xd5,0xb4,0xdd,0xb4,0xd5,0xb5,0xd5,0xb4,0xdd,0xb5,0xd5,
    0xb4,0xd5,0xb5,0xdd,0xd4,0xd5,0xb5,0xdd,0xb5,0xd5,0xd4,0xdd,0xb5,0xd5,0xb4,0xd5,0xb5,0xd5,0xd4,0xd5,0xb5,0xd5,0xd4,0xd5,
    0xb4,0xd5,0xd5,0xd5,0xb4,0xd5,0xb4,0xd5,0xd4,0xd5,0xb4,0xd5,0xb4,0xd5,0xb4,0xd5,0xb4,0xd5,0xb4,0xd5,0xb4,0xd5,0xb4,0xd5,
    0xb4,0xd5,0xb4,0xd5,0xb5,0xd5,0xb4,0xd5,0xb5,0xd5,0xd4,0xd5,0xb4,0xd5,0xb4,0xd5,0xb5,0xd5,0xb4,0xd5,0xb4,0xd5,0xb5,0xd5,
    0xb4,0xd5,0xb5,0xd5,0xb4,0xd5,0xb4,0xd5,0xb4,0xd5,0xb4,0xd5,0xb4,0xcd,0xb4,0xd5,0xb4,0xd5,0xb4,0xd5,0xb4,0xcd,0xb4,0xd5,
    0x94,0xd5,0xb4,0xd5,0x94,0xcd,0x94,0xd5,0xb4,0xd5,0x94,0xcd,0x94,0xd5,0xb4,0xd5,0x94,0xcd,0x94,0xd5,0x94,0xd5,0x94,0xcd,
    0x93,0xd5,0x94,0xcd,0x94,0xd5,0x93,0xd5,0x93,0xcd,0x94,0xcd,0x93,0xd5,0x93,0xcd,0x93,0xcd,0x93,0xd5,0x94,0xcd,0x93,0xcd,
    0x94,0xd5,0x73,0xcd,0x93,0xcd,0x94,0xcd,0x73,0xcd,0x73,0xcd,0x93,0xd5,0x73,0xcd,0x73,0xcd,0x93,0xd5,0x73,0xcd,0x73,0xd5,
    0x73,0xcd,0x73,0xd5,0x93,0xcd,0x73,0xcd,0x73,0xcd,0x73,0xd5,0x73,0xcd,0x73,0xcd,0x73,0xcd,0x73,0xcd,0x72,0xcd,0x73,0xcd,
    0x52,0xcd,0x72,0xcd,0x53,0xcd,0x52,0xc5,0x53,0xcd,0x52,0xcd,0x52,0xc5,0x52,0xcd,0x52,0xcd,0x52,0xcd,0x53,0xcd,0x52,0xcd,
    0x52,0xcd,0x52,0xc5,0x32,0xcd,0x52,0xcd,0x32,0xc5,0x52,0xcd,0x32,0xc5,0x32,0xcd,0xb4,0xdd,0xb4,0xd5,0xb4,0xdd,0xb4,0xdd,
    0xd4,0xd5,0xb4,0xdd,0xd4,0xd5,0xb4,0xdd,0xd4,0xd5,0xd4,0xdd,0xb4,0xd5,0xd4,0xdd,0xb4,0xd5,0xd4,0xdd,0xb4,0xd5,0xb4,0xd5,
    0xb4,0xdd,0xb4,0xd5,0xb4,0xdd,0xb4,0xd5,0xb5,0xdd,0xb4,0xd5,0xb4,0xdd,0xb4,0xd5,0xd4,0xdd,0xb4,0xd5,0xd4,0xd5,0xb4,0xdd,
    0xb4,0xd5,0xb4,0xdd,0xb4,0xd5,0xb5,0xdd,0xd4,0xd5,0xb4,0xdd,0xb4,0xd5,0xd4,0xd5,0xb4,0xdd,0xb4,0xdd,0xb4,0xd5,0xd4,0xdd,
    0xb5,0xd5,0xd4,0xdd,0xb4,0xd5,0xb4,0xdd,0xd4,0xd5,0xb5,0xdd,0xb4,0xd5,0xd4,0xdd,0xb5,0xd5,0xd4,0xdd,0xb4,0xd5,0xd4,0xd5,
    0xb4,0xdd,0xd5,0xd5,0xb4,0xd5,0xd4,0xdd,0xb4,0xd5,0xb4,0xd5,0xb4,0xdd,0xd4,0xd5,0xb4,0xd5,0xb4,0xd5,0xb4,0xdd,0xd4,0xd5,
    0xb4,0xdd,0xb4,0xd5,0xb4,0xdd,0xb4,0xd5,0xb4,0xd5,0xb4,0xd5,0xb4,0xd5,0xb5,0xd5,0xb4,0xd5,0xb4,0xd5,0xb5,0xd5,0xb4,0xd5,
    0xb4,0xd5,0xb4,0xd5,0xb5,0xd5,0xb4,0xd5,0xb5,0xd5,0xb4,0xd5,0xb4,0xd5,0xb4,0xd5,0xb4,0xd5,0xb4,0xd5,0xb4,0xd5,0xb4,0xd5,
    0xb4,0xd5,0xb4,0xd5,0xb4,0xd5,0xb4,0xd5,0xb4,0xd5,0xb4,0xd5,0xb4,0xd5,0xb4,0xd5,0x94,0xd5,0xb4,0xd5,0xb4,0xd5,0x94,0xd5,
    0xb4,0xd5,0x94,0xd5,0xb4,0xd5,0x94,0xd5,0xb4,0xcd,0x94,0xd5,0xb4,0xd5,0x94,0xd5,0x94,0xd5,0x93,0xd5,0x94,0xcd,0x93,0xd5,
    0x94,0xd5,0x93,0xcd,0x93,0xd5,0x94,0xd5,0x93,0xd5,0x93,0xcd,0x93,0xd5,0x94,0xcd,0x93,0xd5,0x93,0xcd,0x93,0xd5,0x93,0xcd,
    0x73,0xd5,0x93,0xcd,0x73,0xd5,0x73,0xcd,0x93,0xcd,0x73,0xd5,0x73,0xcd,0x73,0xd5,0x73,0xcd,0x73,0xd5,0x73,0xcd,0x73,0xd5,
    0x73,0xcd,0x73,0xcd,0x72,0xcd,0x73,0xcd,0x73,0xcd,0x73,0xcd,0x72,0xd5,0x73,0xcd,0x52,0xd5,0x73,0xcd,0x72,0xd5,0x52,0xcd,
    0x72,0xd5,0x52,0xcd,0x53,0xcd,0x52,0xcd,0x52,0xcd,0x52,0xcd,0x52,0xcd,0x52,0xcd,0x52,0xcd,0x52,0xcd,0x52,0xcd,0x52,0xcd,
    0x52,0xcd,0x52,0xc5,0x32,0xcd,0x52,0xcd,0x32,0xcd,0x32,0xcd,0x52,0xc5,0x31,0xcd,0x32,0xcd,0x31,0xc5,0x32,0xcd,0x31,0xc5,
    0xb3,0xdd,0xb3,0xd5,0xb4,0xdd,0xb3,0xd5,0xb4,0xdd,0xb3,0xd5,0xb4,0xdd,0xb4,0xd5,0xb4,0xdd,0xb4,0xd5,0xb4,0xdd,0xb4,0xdd,
    0xb4,0xd5,0xb4,0xdd,0xb4,0xdd,0xd4,0xd5,0xb4,0xdd,0xd4,0xd5,0xb4,0xdd,0xd4,0xdd,0xb3,0xd5,0xd4,0xdd,0xb4,0xd5,0xb4,0xdd,
    0xb4,0xd5,0xb4,0xdd,0xb4,0xdd,0xb4,0xd5,0xd4,0xdd,0xb4,0xd5,0xd4,0xdd,0xb4,0xd5,0xb4,0xdd,0xb4,0xdd,0xb4,0xd5,0xb4,0xdd,
    0xb4,0xd5,0xd4,0xdd,0xb4,0xd5,0xb4,0xdd,0xb4,0xd5,0xb4,0xdd,0xb4,0xd5,0xb4,0xdd,0xb4,0xd5,0xb4,0xdd,0xd4,0xd5,0xb4,0xdd,
    0xb4,0xd5,0xb4,0xdd,0xb4,0xdd,0xb4,0xd5,0xb4,0xdd,0xb4,0xd5,0xb4,0xdd,0xb4,0xd5,0xb4,0xdd,0xb4,0xd5,0xb4,0xd5,0xb4,0xdd,
    0xb4,0xd5,0xb4,0xdd,0xb4,0xd5,0xb4,0xd5,0xb4,0xd5,0xb4,0xdd,0xb4,0xd5,0xb4,0xd5,0xb4,0xdd,0xb4,0xd5,0xb4,0xdd,0xb4,0xd5,
    0xb4,0xdd,0xb4,0xd5,0xb4,0xdd,0xb4,0xd5,0xb4,0xd5,0xb4,0xdd,0xb4,0xd5,0xb4,0xd5,0xb4,0xd5,0xb4,0xd5,0xb4,0xd5,0xb4,0xd5,
    0xb4,0xd5,0x94,0xd5,0xb4,0xd5,0x94,0xd5,0xb4,0xd5,0xb3,0xd5,0x94,0xd5,0xb4,0xd5,0x94,0xd5,0xb3,0xd5,0x94,0xd5,0x94,0xd5,
    0xb3,0xd5,0x94,0xd5,0xb4,0xd5,0x93,0xd5,0x94,0xd5,0x93,0xd5,0x94,0xd5,0x93,0xd5,0x93,0xd5,0x93,0xd5,0x93,0xcd,0x93,0xd5,
    0x93,0xcd,0x94,0xd5,0x93,0xd5,0x93,0xcd,0x93,0xd5,0x93,0xd5,0x93,0xcd,0x93,0xcd,0x93,0xd5,0x73,0xcd,0x93,0xd5,0x73,0xcd,
    0x73,0xd5,0x73,0xcd,0x73,0xd5,0x73,0xcd,0x73,0xcd,0x73,0xd5,0x73,0xcd,0x73,0xd5,0x73,0xcd,0x73,0xd5,0x73,0xcd,0x73,0xd5,
    0x72,0xcd,0x73,0xcd,0x72,0xcd,0x73,0xcd,0x52,0xd5,0x73,0xcd,0x52,0xd5,0x72,0xcd,0x52,0xd5,0x52,0xcd,0x73,0xcd,0x52,0xd5,
    0x52,0xcd,0x52,0xcd,0x52,0xd5,0x52,0xcd,0x52,0xcd,0x52,0xcd,0x52,0xcd,0x52,0xcd,0x52,0xcd,0x52,0xcd,0x32,0xcd,0x52,0xcd,
    0x32,0xcd,0x51,0xcd,0x32,0xcd,0x32,0xcd,0x31,0xcd,0x32,0xcd,0x31,0xc5,0x32,0xcd,0x31,0xc5,0x31,0xcd,0x31,0xcd,0x32,0xc5,
    0x31,0xcd,0x32,0xcd,0x11,0xc5,0x31,0xcd,0xb3,0xdd,0xb3,0xd5,0xb3,0xdd,0xb3,0xdd,0xb3,0xd5,0x93,0xdd,0xb3,0xdd,0xb3,0xd5,
    0xb3,0xdd,0xb3,0xdd,0xb3,0xd5,0xb3,0xdd,0xb3,0xdd,0xb3,0xd5,0xb3,0xdd,0xb3,0xdd,0xb3,0xd5,0xb3,0xdd,0xb4,0xd5,0xb3,0xdd,
    0xb4,0xdd,0xb3,0xd5,0xb3,0xdd,0xb4,0xdd,0xb3,0xdd,0xb4,0xd5,0xb3,0xdd,0xb4,0xd5,0xb3,0xdd,0xb4,0xdd,0xb3,0xdd,0xb4,0xdd,
    0xb4,0xd5,0xb4,0xdd,0xb4,0xdd,0xb4,0xd5,0xb4,0xdd,0xb4,0xd5,0xb4,0xdd,0xb3,0xdd,0xb4,0xd5,0xb3,0xdd,0xb4,0xdd,0xb4,0xd5,
    0xb3,0xdd,0xb4,0xdd,0xb3,0xd5,0xb4,0xdd,0xb3,0xdd,0xb4,0xd5,0xb3,0xdd,0xb4,0xd5,0x93,0xdd,0xb3,0xdd,0x93,0xd5,0xb4,0xdd,
    0x93,0xdd,0xb3,0xdd,0x94,0xd5,0xb3,0xdd,0x93,0xd5,0x93,0xd5,0x93,0xdd,0x93,0xd5,0x94,0xdd,0x93,0xd5,0x93,0xd5,0x93,0xdd,
    0x93,0xd5,0x93,0xd5,0x94,0xd5,0x93,0xd5,0x93,0xd5,0x93,0xd5,0x93,0xd5,0x93,0xd5,0x93,0xdd,0x93,0xd5,0x93,0xd5,0x93,0xd5,
    0x93,0xdd,0x93,0xd5,0x94,0xd5,0x93,0xdd,0x93,0xd5,0x93,0xdd,0xb3,0xd5,0x93,0xdd,0x93,0xd5,0x94,0xd5,0x93,0xd5,0x93,0xdd,
    0x93,0xd5,0x94,0xd5,0x93,0xd5,0xb3,0xd5,0x94,0xd5,0x93,0xd5,0x93,0xd5,0x93,0xd5,0x93,0xd5,0x93,0xd5,0x93,0xd5,0x93,0xd5,
    0x93,0xcd,0x93,0xd5,0x73,0xd5,0x93,0xd5,0x73,0xd5,0x93,0xcd,0x73,0xd5,0x93,0xd5,0x73,0xcd,0x73,0xd5,0x73,0xd5,0x73,0xd5,
    0x73,0xcd,0x73,0xd5,0x73,0xcd,0x72,0xd5,0x73,0xcd,0x73,0xd5,0x72,0xcd,0x73,0xd5,0x73,0xcd,0x72,0xcd,0x73,0xcd,0x72,0xd5,
    0x72,0xcd,0x52,0xcd,0x72,0xcd,0x72,0xcd,0x52,0xcd,0x72,0xd5,0x53,0xcd,0x52,0xcd,0x52,0xcd,0x52,0xcd,0x52,0xcd,0x53,0xcd,
    0x72,0xcd,0x52,0xd5,0x52,0xcd,0x52,0xcd,0x52,0xd5,0x52,0xcd,0x52,0xcd,0x52,0xd5,0x52,0xcd,0x32,0xcd,0x31,0xcd,0x52,0xcd,
    0x32,0xcd,0x32,0xcd,0x31,0xcd,0x31,0xcd,0x31,0xcd,0x32,0xcd,0x31,0xcd,0x31,0xcd,0x32,0xc5,0x31,0xcd,0x31,0xcd,0x31,0xcd,
    0x31,0xcd,0x11,0xc5,0x31,0xcd,0x11,0xcd,0x11,0xc5,0x11,0xcd,0x11,0xc5,0x11,0xcd,0x93,0xdd,0x92,0xdd,0x93,0xd5,0x92,0xdd,
    0x93,0xdd,0x93,0xd5,0x92,0xdd,0x93,0xdd,0x93,0xd5,0x92,0xdd,0x93,0xdd,0x92,0xd5,0x93,0xdd,0x93,0xdd,0x93,0xd5,0x93,0xdd,
    0x93,0xdd,0xb3,0xd5,0x93,0xdd,0x93,0xd5,0xb3,0xdd,0x93,0xdd,0xb3,0xd5,0x93,0xdd,0xb3,0xd5,0x93,0xdd,0xb3,0xdd,0xb3,0xdd,
    0xb3,0xd5,0x93,0xdd,0xb3,0xd5,0xb3,0xdd,0xb3,0xdd,0xb3,0xd5,0xb3,0xdd,0xb3,0xdd,0xb3,0xdd,0xb3,0xdd,0xb3,0xdd,0xb3,0xdd,
    0x93,0xdd,0xb3,0xdd,0xb3,0xdd,0x93,0xdd,0xb3,0xdd,0x93,0xdd,0xb3,0xdd,0x93,0xd5,0x93,0xdd,0x93,0xdd,0x93,0xdd,0x93,0xdd,
    0x93,0xd5,0x93,0xdd,0x93,0xdd,0xb3,0xd5,0x93,0xdd,0x93,0xd5,0x93,0xdd,0x93,0xdd,0x93,0xdd,0x93,0xd5,0x93,0xdd,0x93,0xd5,
    0x93,0xdd,0x93,0xd5,0x93,0xdd,0x93,0xd5,0x93,0xdd,0x93,0xd5,0x93,0xdd,0x93,0xd5,0x93,0xdd,0x93,0xd5,0x93,0xdd,0x93,0xd5,
    0xb3,0xd5,0x93,0xd5,0x93,0xd5,0x94,0xd5,0x93,0xd5,0x93,0xdd,0x93,0xd5,0x93,0xd5,0x93,0xd5,0x93,0xd5,0x93,0xd5,0x93,0xd5,
    0x93,0xdd,0x93,0xd5,0x93,0xd5,0x93,0xd5,0x93,0xd5,0x93,0xdd,0x93,0xd5,0x93,0xdd,0x93,0xd5,0x93,0xd5,0x93,0xd5,0x93,0xd5,
    0x73,0xd5,0x93,0xd5,0x73,0xd5,0x93,0xd5,0x73,0xd5,0x73,0xd5,0x73,0xd5,0x73,0xcd,0x93,0xd5,0x72,0xd5,0x73,0xcd,0x73,0xd5,
    0x72,0xd5,0x73,0xcd,0x72,0xcd,0x73,0xd5,0x72,0xcd,0x72,0xd5,0x72,0xcd,0x73,0xd5,0x52,0xcd,0x72,0xcd,0x72,0xd5,0x52,0xcd,
    0x72,0xd5,0x52,0xcd,0x52,0xd5,0x52,0xcd,0x52,0xcd,0x52,0xd5,0x52,0xcd,0x52,0xd5,0x52,0xcd,0x52,0xcd,0x52,0xcd,0x52,0xcd,
    0x52,0xd5,0x52,0xcd,0x52,0xcd,0x52,0xd5,0x51,0xcd,0x52,0xcd,0x52,0xd5,0x31,0xcd,0x51,0xd5,0x32,0xcd,0x51,0xd5,0x31,0xcd,
    0x31,0xcd,0x31,0xd5,0x32,0xcd,0x31,0xcd,0x31,0xcd,0x31,0xcd,0x31,0xcd,0x32,0xcd,0x31,0xcd,0x31,0xcd,0x11,0xcd,0x31,0xcd,
    0x11,0xcd,0x11,0xcd,0x11,0xc5,0x11,0xcd,0x11,0xcd,0x11,0xcd,0x11,0xc5,0x11,0xcd,0x10,0xc5,0x11,0xcd,0x10,0xc5,0xf0,0xcc,
    0x92,0xd5,0x92,0xdd,0x92,0xdd,0x92,0xd5,0x92,0xdd,0x92,0xdd,0x92,0xd5,0x92,0xdd,0x92,0xdd,0x92,0xd5,0x92,0xdd,0x92,0xdd,
    0x92,0xd5,0x92,0xdd,0x93,0xdd,0x92,0xd5,0x93,0xdd,0x92,0xdd,0x92,0xdd,0x93,0xdd,0x92,0xd5,0x93,0xdd,0x93,0xdd,0x92,0xdd,
    0x93,0xdd,0xb2,0xd5,0x93,0xdd,0x93,0xd5,0x93,0xdd,0x93,0xd5,0x93,0xdd,0x93,0xd5,0x92,0xdd,0x93,0xdd,0xb3,0xdd,0x93,0xdd,
    0x93,0xdd,0x93,0xdd,0x93,0xdd,0x93,0xdd,0xb3,0xe5,0x93,0xdd,0x92,0xdd,0x93,0xdd,0x92,0xdd,0x93,0xdd,0x93,0xdd,0x92,0xdd,
    0x93,0xdd,0x92,0xdd,0x93,0xdd,0x92,0xdd,0x92,0xdd,0x93,0xdd,0x92,0xdd,0x93,0xdd,0x72,0xdd,0x92,0xdd,0x92,0xd5,0x72,0xdd,
    0x92,0xd5,0x72,0xdd,0x72,0xd5,0x72,0xdd,0x72,0xd5,0x72,0xdd,0x92,0xd5,0x72,0xd5,0x73,0xd5,0x92,0xdd,0x72,0xd5,0x92,0xdd,
    0x73,0xd5,0x92,0xd5,0x73,0xd5,0x93,0xdd,0x73,0xd5,0x93,0xdd,0x73,0xd5,0x92,0xdd,0x73,0xd5,0x93,0xd5,0x73,0xd5,0x93,0xdd,
    0x73,0xd5,0x93,0xdd,0x72,0xd5,0x93,0xdd,0x73,0xd5,0x73,0xdd,0x92,0xd5,0x73,0xdd,0x92,0xd5,0x73,0xdd,0x72,0xd5,0x73,0xd5,
    0x72,0xd5,0x73,0xd5,0x72,0xd5,0x73,0xd5,0x73,0xd5,0x72,0xd5,0x73,0xd5,0x72,0xd5,0x72,0xcd,0x72,0xd5,0x72,0xd5,0x72,0xd5,
    0x73,0xcd,0x72,0xd5,0x72,0xd5,0x72,0xcd,0x52,0xd5,0x72,0xd5,0x52,0xcd,0x72,0xd5,0x52,0xcd,0x52,0xd5,0x52,0xcd,0x52,0xcd,
    0x72,0xd5,0x52,0xcd,0x52,0xd5,0x52,0xcd,0x52,0xcd,0x52,0xd5,0x52,0xcd,0x52,0xcd,0x52,0xcd,0x52,0xcd,0x52,0xcd,0x52,0xcd,
    0x52,0xcd,0x51,0xcd,0x52,0xd5,0x51,0xcd,0x32,0xcd,0x51,0xcd,0x31,0xcd,0x32,0xcd,0x31,0xd5,0x31,0xcd,0x31,0xcd,0x32,0xd5,
    0x31,0xcd,0x31,0xd5,0x31,0xcd,0x31,0xd5,0x31,0xcd,0x31,0xcd,0x31,0xcd,0x11,0xcd,0x31,0xcd,0x11,0xcd,0x11,0xcd,0x11,0xcd,
    0x11,0xcd,0x10,0xcd,0x11,0xc5,0x11,0xcd,0x10,0xcd,0x11,0xcd,0x10,0xcd,0x10,0xc5,0xf1,0xcc,0x10,0xc5,0xf0,0xcc,0xf1,0xc4,
    0xf0,0xcc,0xf0,0xc4,0xf0,0xc4,0xf0,0xc4,0x71,0xdd,0x71,0xd5,0x71,0xdd,0x71,0xdd,0x72,0xd5,0x71,0xdd,0x72,0xdd,0x92,0xd5,
    0x72,0xdd,0x92,0xdd,0x72,0xdd,0x92,0xd5,0x72,0xdd,0x92,0xdd,0x92,0xdd,0x72,0xdd,0x92,0xdd,0x92,0xd5,0x92,0xdd,0x92,0xdd,
    0x92,0xdd,0x92,0xdd,0x92,0xd5,0x92,0xdd,0x92,0xdd,0x72,0xdd,0x92,0xdd,0x92,0xdd,0x92,0xdd,0x92,0xdd,0x92,0xdd,0x92,0xdd,
    0x93,0xdd,0x92,0xdd,0x92,0xdd,0x92,0xdd,0x92,0xdd,0x92,0xe5,0x92,0xdd,0x92,0xe5,0x92,0xdd,0x92,0xe5,0x92,0xe5,0x92,0xe5,
    0x92,0xe5,0x92,0xdd,0x92,0xe5,0x72,0xdd,0x92,0xe5,0x71,0xdd,0x92,0xdd,0x72,0xdd,0x72,0xdd,0x72,0xdd,0x72,0xdd,0x72,0xdd,
    0x72,0xd5,0x72,0xdd,0x72,0xdd,0x72,0xdd,0x72,0xdd,0x72,0xd5,0x72,0xdd,0x72,0xd5,0x72,0xdd,0x72,0xd5,0x72,0xdd,0x72,0xd5,
    0x72,0xdd,0x72,0xd5,0x72,0xd5,0x72,0xd5,0x72,0xdd,0x72,0xd5,0x72,0xdd,0x72,0xd5,0x72,0xd5,0x72,0xd5,0x72,0xd5,0x72,0xd5,
    0x72,0xd5,0x72,0xdd,0x72,0xd5,0x72,0xd5,0x72,0xd5,0x72,0xd5,0x72,0xdd,0x72,0xd5,0x72,0xd5,0x72,0xd5,0x72,0xdd,0x72,0xd5,
    0x72,0xd5,0x72,0xd5,0x72,0xdd,0x72,0xd5,0x72,0xdd,0x72,0xd5,0x72,0xdd,0x52,0xd5,0x72,0xd5,0x72,0xd5,0x52,0xd5,0x72,0xd5,
    0x52,0xd5,0x72,0xcd,0x52,0xd5,0x53,0xcd,0x52,0xd5,0x52,0xcd,0x52,0xd5,0x52,0xcd,0x52,0xcd,0x72,0xd5,0x52,0xcd,0x51,0xd5,
    0x52,0xcd,0x52,0xcd,0x52,0xd5,0x52,0xcd,0x52,0xcd,0x32,0xcd,0x52,0xcd,0x32,0xd5,0x52,0xcd,0x31,0xcd,0x52,0xcd,0x31,0xcd,
    0x32,0xd5,0x31,0xcd,0x31,0xcd,0x31,0xd5,0x31,0xcd,0x32,0xcd,0x31,0xcd,0x31,0xcd,0x32,0xcd,0x31,0xcd,0x32,0xcd,0x31,0xcd,
    0x31,0xcd,0x31,0xcd,0x31,0xd5,0x31,0xcd,0x31,0xcd,0x31,0xcd,0x31,0xd5,0x11,0xcd,0x31,0xcd,0x11,0xcd,0x11,0xcd,0x10,0xcd,
    0x11,0xcd,0x11,0xcd,0x10,0xcd,0x10,0xcd,0x11,0xcd,0x10,0xcd,0xf0,0xcc,0xf0,0xc4,0xf0,0xc4,0xf0,0xc4,0xf0,0xcc,0xf0,0xc4,
    0xf0,0xc4,0xd0,0xc4,0xf0,0xc4,0xd0,0xc4,0xf0,0xc4,0xd0,0xc4,0xf0,0xc4,0xd0,0xc4,0x71,0xdd,0x71,0xdd,0x71,0xd5,0x71,0xdd,
    0x51,0xdd,0x71,0xd5,0x71,0xdd,0x51,0xdd,0x71,0xd5,0x71,0xdd,0x71,0xd5,0x72,0xdd,0x71,0xdd,0x71,0xd5,0x72,0xdd,0x71,0xd5,
    0x71,0xdd,0x72,0xdd,0x71,0xd5,0x72,0xdd,0x71,0xd5,0x72,0xdd,0x72,0xdd,0x72,0xd5,0x72,0xdd,0x72,0xd5,0x72,0xdd,0x92,0xd5,
    0x72,0xdd,0x72,0xd5,0x72,0xdd,0x92,0xdd,0x72,0xdd,0x91,0xdd,0x72,0xdd,0x92,0xdd,0x92,0xdd,0x92,0xe5,0x92,0xe5,0x91,0xe5,
    0x92,0xe5,0x92,0xdd,0x91,0xe5,0x72,0xe5,0x91,0xe5,0x71,0xe5,0x71,0xe5,0x71,0xe5,0x71,0xdd,0x71,0xdd,0x72,0xdd,0x71,0xdd,
    0x71,0xdd,0x72,0xdd,0x71,0xdd,0x71,0xdd,0x71,0xdd,0x71,0xdd,0x52,0xd5,0x71,0xdd,0x51,0xd5,0x51,0xdd,0x52,0xdd,0x51,0xd5,
    0x51,0xdd,0x52,0xd5,0x51,0xdd,0x51,0xd5,0x72,0xdd,0x52,0xd5,0x52,0xdd,0x72,0xd5,0x52,0xdd,0x72,0xd5,0x52,0xd5,0x72,0xd5,
    0x72,0xdd,0x72,0xd5,0x72,0xdd,0x72,0xd5,0x52,0xd5,0x72,0xd5,0x72,0xdd,0x72,0xd5,0x72,0xdd,0x72,0xd5,0x72,0xd5,0x52,0xdd,
    0x72,0xd5,0x72,0xdd,0x52,0xd5,0x72,0xd5,0x52,0xdd,0x72,0xd5,0x52,0xd5,0x72,0xd5,0x52,0xd5,0x52,0xd5,0x72,0xd5,0x52,0xd5,
    0x52,0xd5,0x72,0xd5,0x52,0xcd,0x52,0xd5,0x52,0xcd,0x52,0xd5,0x52,0xcd,0x51,0xd5,0x52,0xcd,0x52,0xd5,0x51,0xcd,0x52,0xd5,
    0x51,0xd5,0x31,0xcd,0x52,0xcd,0x31,0xd5,0x52,0xcd,0x51,0xd5,0x31,0xcd,0x31,0xcd,0x31,0xd5,0x31,0xcd,0x31,0xcd,0x31,0xcd,
    0x31,0xcd,0x31,0xcd,0x31,0xd5,0x31,0xcd,0x31,0xcd,0x31,0xcd,0x31,0xcd,0x31,0xcd,0x31,0xcd,0x31,0xcd,0x11,0xcd,0x31,0xcd,
    0x11,0xcd,0x31,0xcd,0x11,0xcd,0x31,0xcd,0x31,0xcd,0x11,0xcd,0x11,0xcd,0x11,0xcd,0x11,0xcd,0x10,0xcd,0x10,0xcd,0x11,0xcd,
    0xf0,0xcc,0x10,0xcd,0xf0,0xcc,0x11,0xcd,0xf0,0xc4,0xf0,0xcc,0xf0,0xc4,0xf0,0xcc,0xd0,0xc4,0xf0,0xc4,0xf0,0xc4,0xd0,0xcc,
    0xd0,0xc4,0xd0,0xc4,0xd0,0xc4,0xd0,0xc4,0xd0,0xc4,0xd0,0xc4,0xd0,0xc4,0xd0,0xc4,0xaf,0xc4,0xb0,0xc4,0xaf,0xc4,0xb0,0xc4,
    0x50,0xd5,0x50,0xdd,0x51,0xd5,0x50,0xdd,0x51,0xd5,0x50,0xdd,0x51,0xd5,0x51,0xdd,0x51,0xdd,0x51,0xd5,0x71,0xdd,0x51,0xd5,
    0x71,0xdd,0x51,0xdd,0x71,0xd5,0x51,0xdd,0x71,0xd5,0x71,0xdd,0x51,0xdd,0x71,0xd5,0x71,0xdd,0x71,0xdd,0x71,0xdd,0x71,0xdd,
    0x71,0xdd,0x71,0xdd,0x71,0xd5,0x71,0xdd,0x71,0xdd,0x71,0xdd,0x72,0xd5,0x71,0xdd,0x71,0xdd,0x71,0xdd,0x71,0xdd,0x71,0xe5,
    0x71,0xe5,0x71,0xdd,0x71,0xe5,0x71,0xe5,0x71,0xe5,0x71,0xe5,0x71,0xe5,0x71,0xe5,0x71,0xe5,0x71,0xdd,0x71,0xe5,0x70,0xe5,
    0x51,0xe5,0x71,0xe5,0x50,0xe5,0x51,0xdd,0x51,0xe5,0x51,0xdd,0x51,0xdd,0x51,0xdd,0x51,0xdd,0x51,0xdd,0x51,0xdd,0x51,0xd5,
    0x51,0xdd,0x51,0xdd,0x51,0xd5,0x51,0xdd,0x51,0xd5,0x51,0xdd,0x51,0xd5,0x51,0xd5,0x31,0xdd,0x51,0xd5,0x51,0xd5,0x51,0xdd,
    0x51,0xd5,0x51,0xd5,0x51,0xdd,0x51,0xd5,0x52,0xd5,0x51,0xd5,0x52,0xd5,0x51,0xd5,0x52,0xdd,0x52,0xd5,0x52,0xd5,0x52,0xd5,
    0x51,0xd5,0x52,0xd5,0x51,0xdd,0x52,0xd5,0x51,0xdd,0x52,0xd5,0x51,0xdd,0x52,0xd5,0x51,0xdd,0x52,0xd5,0x52,0xd5,0x52,0xdd,
    0x51,0xd5,0x52,0xd5,0x51,0xd5,0x52,0xd5,0x51,0xd5,0x52,0xd5,0x31,0xd5,0x51,0xd5,0x52,0xd5,0x31,0xcd,0x52,0xd5,0x51,0xcd,
    0x31,0xd5,0x52,0xcd,0x31,0xd5,0x32,0xcd,0x31,0xcd,0x31,0xd5,0x31,0xcd,0x31,0xcd,0x31,0xcd,0x31,0xcd,0x31,0xcd,0x31,0xcd,
    0x32,0xcd,0x31,0xcd,0x31,0xcd,0x31,0xcd,0x11,0xcd,0x31,0xcd,0x11,0xcd,0x11,0xcd,0x31,0xcd,0x11,0xcd,0x11,0xcd,0x11,0xcd,
    0x11,0xcd,0x11,0xcd,0x11,0xcd,0x11,0xcd,0x11,0xcd,0x11,0xc5,0xf0,0xcc,0x11,0xcd,0x11,0xc5,0xf0,0xcc,0x10,0xcd,0x10,0xcd,
    0xf0,0xcc,0xf0,0xcc,0xf0,0xc4,0xf0,0xc4,0xf0,0xc4,0xf1,0xc4,0xf0,0xc4,0xd0,0xc4,0xd0,0xc4,0xd0,0xc4,0xd0,0xc4,0xd0,0xc4,
    0xd0,0xc4,0xd0,0xc4,0xb0,0xc4,0xd0,0xc4,0xb0,0xc4,0xd0,0xc4,0xb0,0xbc,0xaf,0xc4,0xb0,0xbc,0xaf,0xbc,0xaf,0xbc,0x8f,0xbc,
    0xb0,0xbc,0xaf,0xbc,0x8f,0xbc,0x8f,0xbc,0x30,0xdd,0x30,0xd5,0x50,0xdd,0x30,0xd5,0x50,0xdd,0x30,0xd5,0x50,0xdd,0x50,0xd5,
    0x50,0xd5,0x50,0xdd,0x50,0xd5,0x51,0xdd,0x50,0xd5,0x51,0xdd,0x50,0xd5,0x51,0xdd,0x50,0xd5,0x51,0xdd,0x50,0xd5,0x51,0xdd,
    0x51,0xdd,0x51,0xd5,0x50,0xd5,0x51,0xdd,0x51,0xd5,0x51,0xdd,0x51,0xd5,0x51,0xdd,0x51,0xd5,0x71,0xdd,0x51,0xdd,0x71,0xdd,
    0x51,0xdd,0x51,0xdd,0x71,0xe5,0x71,0xdd,0x71,0xe5,0x71,0xe5,0x71,0xe5,0x71,0xe5,0x71,0xe5,0x70,0xe5,0x71,0xe5,0x50,0xe5,
    0x70,0xe5,0x50,0xe5,0x50,0xe5,0x50,0xe5,0x50,0xe5,0x50,0xdd,0x50,0xe5,0x50,0xdd,0x50,0xdd,0x30,0xdd,0x50,0xdd,0x30,0xdd,
    0x51,0xdd,0x30,0xd5,0x31,0xdd,0x30,0xdd,0x31,0xd5,0x30,0xd5,0x30,0xdd,0x30,0xd5,0x31,0xd5,0x30,0xd5,0x31,0xdd,0x31,0xd5,
    0x30,0xd5,0x51,0xdd,0x31,0xd5,0x51,0xd5,0x31,0xd5,0x51,0xd5,0x51,0xd5,0x51,0xd5,0x51,0xd5,0x31,0xd5,0x51,0xd5,0x51,0xd5,
    0x51,0xd5,0x51,0xd5,0x51,0xd5,0x51,0xd5,0x51,0xdd,0x52,0xd5,0x51,0xd5,0x51,0xd5,0x51,0xd5,0x51,0xd5,0x51,0xd5,0x51,0xd5,
    0x31,0xd5,0x51,0xd5,0x31,0xd5,0x51,0xd5,0x31,0xd5,0x51,0xd5,0x31,0xd5,0x31,0xd5,0x31,0xd5,0x31,0xcd,0x31,0xd5,0x31,0xcd,
    0x31,0xcd,0x31,0xd5,0x31,0xcd,0x11,0xd5,0x31,0xcd,0x31,0xcd,0x31,0xcd,0x31,0xcd,0x11,0xcd,0x31,0xcd,0x11,0xcd,0x31,0xcd,
    0x11,0xcd,0x11,0xcd,0x11,0xcd,0x11,0xcd,0x11,0xcd,0x11,0xcd,0x11,0xcd,0x11,0xcd,0x11,0xcd,0x11,0xcd,0x11,0xcd,0x11,0xc5,
    0x11,0xcd,0x11,0xcd,0x11,0xc5,0x11,0xcd,0xf1,0xc4,0x10,0xcd,0xf1,0xc4,0xf0,0xc4,0xf0,0xc4,0xf1,0xcc,0xf0,0xc4,0xf0,0xcc,
    0xf0,0xc4,0xf1,0xc4,0xd0,0xc4,0xf0,0xc4,0xd0,0xc4,0xf0,0xc4,0xd0,0xc4,0xd0,0xcc,0xd0,0xc4,0xd0,0xc4,0xd0,0xc4,0xd0,0xc4,
    0xd0,0xc4,0xb0,0xc4,0xd0,0xc4,0xaf,0xc4,0xb0,0xc4,0xaf,0xbc,0xaf,0xc4,0xaf,0xbc,0x8f,0xbc,0x8f,0xbc,0x8f,0xbc,0x8f,0xbc,
    0x8f,0xbc,0x8f,0xbc,0x8f,0xbc,0x8f,0xbc,0x8f,0xbc,0x6f,0xb4,0x8f,0xbc,0x6f,0xb4,0x2f,0xd5,0x2f,0xdd,0x2f,0xd5,0x2f,0xdd,
    0x30,0xd5,0x2f,0xdd,0x30,0xd5,0x10,0xdd,0x30,0xd5,0x30,0xdd,0x30,0xd5,0x30,0xdd,0x30,0xd5,0x30,0xdd,0x50,0xd5,0x30,0xd5,
    0x50,0xdd,0x30,0xd5,0x51,0xdd,0x30,0xd5,0x50,0xdd,0x31,0xd5,0x50,0xdd,0x50,0xd5,0x51,0xdd,0x50,0xd5,0x50,0xdd,0x51,0xdd,
    0x50,0xdd,0x51,0xdd,0x50,0xd5,0x51,0xdd,0x50,0xdd,0x50,0xe5,0x51,0xdd,0x50,0xe5,0x50,0xe5,0x50,0xe5,0x50,0xe5,0x50,0xe5,
    0x50,0xe5,0x50,0xe5,0x50,0xe5,0x50,0xe5,0x50,0xe5,0x30,0xe5,0x4f,0xe5,0x30,0xe5,0x30,0xe5,0x30,0xe5,0x2f,0xdd,0x30,0xe5,
    0x30,0xdd,0x30,0xdd,0x30,0xdd,0x30,0xdd,0x30,0xd5,0x30,0xdd,0x30,0xd5,0x30,0xd5,0x30,0xdd,0x10,0xd5,0x31,0xd5,0x10,0xd5,
    0x11,0xd5,0x30,0xd5,0x10,0xd5,0x31,0xd5,0x30,0xd5,0x31,0xd5,0x31,0xd5,0x30,0xd5,0x31,0xd5,0x30,0xd5,0x31,0xd5,0x31,0xd5,
    0x31,0xd5,0x31,0xd5,0x31,0xd5,0x31,0xd5,0x31,0xd5,0x31,0xd5,0x31,0xd5,0x31,0xd5,0x31,0xd5,0x31,0xd5,0x31,0xd5,0x31,0xd5,
    0x31,0xd5,0x31,0xd5,0x31,0xd5,0x31,0xd5,0x31,0xd5,0x31,0xd5,0x31,0xd5,0x31,0xd5,0x11,0xd5,0x31,0xd5,0x31,0xcd,0x31,0xd5,
    0x31,0xcd,0x31,0xd5,0x11,0xcd,0x31,0xcd,0x11,0xcd,0x11,0xcd,0x11,0xcd,0x11,0xcd,0x11,0xcd,0x11,0xcd,0x11,0xcd,0x11,0xcd,
    0x11,0xcd,0x11,0xcd,0x11,0xcd,0x11,0xcd,0x11,0xcd,0x10,0xcd,0xf1,0xcc,0x10,0xcd,0xf1,0xcc,0x10,0xcd,0xf1,0xcc,0x10,0xc5,
    0xf1,0xcc,0x10,0xc5,0xf1,0xc4,0xf0,0xcc,0xf0,0xc4,0xf0,0xc4,0xf0,0xc4,0xf0,0xc4,0xf0,0xcc,0xf0,0xc4,0xf0,0xc4,0xf0,0xc4,
    0xf0,0xc4,0xd0,0xc4,0xf0,0xc4,0xd0,0xc4,0xd0,0xc4,0xd0,0xc4,0xd0,0xc4,0xd0,0xc4,0xd0,0xc4,0xb0,0xc4,0xd0,0xc4,0xb0,0xc4,
    0xaf,0xbc,0xb0,0xc4,0x8f,0xc4,0x8f,0xc4,0xaf,0xc4,0x8f,0xbc,0x8f,0xc4,0x8f,0xbc,0x8f,0xbc,0x90,0xbc,0x8f,0xbc,0x6f,0xbc,
    0x6f,0xbc,0x90,0xb4,0x6f,0xb4,0x6f,0xb4,0x6f,0xb4,0x6f,0xb4,0x6f,0xb4,0x4f,0xb4,0x6f,0xb4,0x4f,0xb4,0x6f,0xb4,0x6f,0xb4,
    0x0f,0xd5,0x0f,0xd5,0x0f,0xd5,0x0f,0xd5,0x0f,0xd5,0x10,0xd5,0x0f,0xd5,0x2f,0xd5,0x0f,0xd5,0x10,0xd5,0x2f,0xd5,0x10,0xd5,
    0x2f,0xd5,0x10,0xd5,0x30,0xdd,0x30,0xd5,0x30,0xd5,0x30,0xdd,0x30,0xd5,0x30,0xdd,0x30,0xd5,0x30,0xdd,0x30,0xd5,0x30,0xdd,
    0x30,0xd5,0x30,0xdd,0x30,0xd5,0x30,0xdd,0x30,0xd5,0x30,0xdd,0x30,0xdd,0x30,0xdd,0x30,0xdd,0x50,0xdd,0x30,0xdd,0x50,0xe5,
    0x2f,0xe5,0x50,0xe5,0x4f,0xe5,0x2f,0xe5,0x50,0xe5,0x4f,0xe5,0x2f,0xe5,0x2f,0xe5,0x2f,0xe5,0x2f,0xe5,0x2f,0xe5,0x2f,0xe5,
    0x0f,0xe5,0x2f,0xdd,0x0f,0xe5,0x10,0xdd,0x0f,0xdd,0x10,0xdd,0x0f,0xdd,0x10,0xdd,0x10,0xd5,0x10,0xdd,0x10,0xd5,0x10,0xdd,
    0x10,0xd5,0x10,0xd5,0x10,0xd5,0x30,0xd5,0x10,0xd5,0x10,0xd5,0x10,0xd5,0x11,0xd5,0x10,0xd5,0x10,0xd5,0x10,0xd5,0x10,0xd5,
    0x10,0xd5,0x11,0xd5,0x30,0xd5,0x10,0xd5,0x30,0xd5,0x11,0xd5,0x31,0xd5,0x30,0xd5,0x11,0xcd,0x31,0xd5,0x31,0xd5,0x31,0xd5,
    0x11,0xd5,0x30,0xd5,0x11,0xd5,0x31,0xd5,0x10,0xd5,0x11,0xd5,0x10,0xd5,0x11,0xd5,0x11,0xd5,0x10,0xd5,0x11,0xd5,0x11,0xcd,
    0x11,0xcd,0x10,0xcd,0x11,0xd5,0x11,0xcd,0xf0,0xcc,0x11,0xcd,0xf0,0xcc,0x11,0xcd,0xf0,0xcc,0xf0,0xcc,0x11,0xcd,0xf0,0xcc,
    0xf1,0xc4,0xf0,0xcc,0xf1,0xc4,0xf0,0xcc,0xf0,0xcc,0xf0,0xc4,0xf0,0xcc,0xf0,0xc4,0xf0,0xcc,0xf1,0xc4,0xf0,0xcc,0xf1,0xc4,
    0xf0,0xc4,0xf0,0xc4,0xf1,0xc4,0xf0,0xc4,0xf0,0xc4,0xf0,0xc4,0xd0,0xc4,0xf0,0xcc,0xf0,0xc4,0xf0,0xc4,0xd1,0xcc,0xf0,0xc4,
    0xd0,0xc4,0xd0,0xc4,0xd0,0xc4,0xd0,0xc4,0xd0,0xc4,0xd0,0xc4,0xb0,0xc4,0xd0,0xc4,0xb0,0xc4,0xd0,0xbc,0xb0,0xc4,0xb0,0xbc,
    0x8f,0xbc,0xaf,0xc4,0x8f,0xbc,0xaf,0xbc,0x90,0xbc,0x8f,0xbc,0x8f,0xbc,0x8f,0xb4,0x6f,0xbc,0x8f,0xbc,0x6f,0xb4,0x6f,0xbc,
    0x6f,0xbc,0x6f,0xb4,0x4f,0xb4,0x4f,0xb4,0x6f,0xb4,0x4f,0xb4,0x4f,0xac,0x4f,0xac,0x4f,0xac,0x4f,0xac,0x4f,0xac,0x2f,0xac,
    0x4f,0xac,0x4f,0xac,0x2f,0xac,0x4f,0xac,0xef,0xd4,0xef,0xd4,0x0f,0xd5,0xef,0xd4,0x0f,0xd5,0x0f,0xd5,0xef,0xd4,0x0f,0xd5,
    0x0f,0xd5,0x0f,0xd5,0x0f,0xd5,0x0f,0xd5,0x0f,0xd5,0x0f,0xd5,0x0f,0xd5,0x0f,0xd5,0x0f,0xd5,0x0f,0xd5,0x0f,0xd5,0x0f,0xd5,
    0x0f,0xdd,0x10,0xd5,0x0f,0xdd,0x10,0xd5,0x2f,0xdd,0x10,0xd5,0x0f,0xd5,0x10,0xdd,0x10,0xd5,0x0f,0xd5,0x10,0xd5,0x30,0xdd,
    0x10,0xdd,0x2f,0xdd,0x0f,0xdd,0x30,0xdd,0x2f,0xdd,0x0f,0xdd,0x2f,0xe5,0x2f,0xe5,0x2f,0xe5,0x2f,0xe5,0x2f,0xe5,0x2f,0xe5,
    0x2f,0xe5,0x0e,0xe5,0x0f,0xe5,0x0e,0xe5,0x0f,0xe5,0x0e,0xdd,0x0f,0xe5,0x0f,0xdd,0x0f,0xdd,0x0f,0xdd,0x0f,0xd5,0xef,0xdc,
    0x0f,0xd5,0xef,0xd4,0x10,0xd5,0x10,0xd5,0x10,0xd5,0x10,0xd5,0xf0,0xd4,0xf0,0xd4,0x10,0xd5,0xf0,0xd4,0xf0,0xcc,0xf0,0xd4,
    0xf0,0xcc,0xf0,0xcc,0xf0,0xcc,0xf0,0xcc,0xef,0xd4,0xf0,0xcc,0xf0,0xcc,0x10,0xcd,0x10,0xcd,0x10,0xcd,0x10,0xcd,0x11,0xcd,
    0x10,0xd5,0x10,0xcd,0x10,0xd5,0x10,0xcd,0x11,0xd5,0x10,0xcd,0x10,0xd5,0x11,0xd5,0x10,0xd5,0x10,0xd5,0x10,0xd5,0x10,0xcd,
    0x11,0xd5,0xf0,0xcc,0xf0,0xcc,0xf0,0xcc,0xf0,0xcc,0xf1,0xcc,0xf0,0xcc,0xf0,0xcc,0xf0,0xcc,0xf1,0xcc,0xf0,0xcc,0xf0,0xcc,
    0xf0,0xc4,0xf1,0xc4,0xd0,0xc4,0xd0,0xc4,0xd0,0xc4,0xd0,0xc4,0xf0,0xc4,0xd0,0xc4,0xd0,0xbc,0xd1,0xc4,0xd0,0xc4,0xd1,0xc4,
    0xd0,0xc4,0xd0,0xc4,0xf0,0xc4,0xd0,0xc4,0xd0,0xc4,0xf1,0xc4,0xd0,0xc4,0xd0,0xc4,0xd0,0xc4,0xd0,0xc4,0xd0,0xc4,0xd0,0xc4,
    0xd0,0xc4,0xd0,0xc4,0xd0,0xbc,0xb0,0xc4,0xd0,0xbc,0xd0,0xc4,0xd0,0xc4,0xb0,0xbc,0xb0,0xc4,0xb0,0xbc,0xb0,0xbc,0x8f,0xbc,
    0xb0,0xbc,0x8f,0xbc,0x90,0xbc,0x8f,0xbc,0x90,0xbc,0x6f,0xbc,0x90,0xb4,0x6f,0xbc,0x6f,0xb4,0x6f,0xb4,0x70,0xb4,0x6f,0xb4,
    0x4f,0xb4,0x4f,0xac,0x4f,0xb4,0x4f,0xac,0x4f,0xac,0x4f,0xac,0x4f,0xac,0x2f,0xac,0x2f,0xac,0x2f,0xac,0x2f,0xac,0x2f,0xac,
    0x2f,0xa4,0x2f,0xac,0x2f,0xa4,0x2f,0xac,0x2f,0xa4,0x2f,0xac,0x2f,0xa4,0x2f,0xa4,0xce,0xcc,0xce,0xcc,0xce,0xcc,0xce,0xcc,
    0xcf,0xcc,0xce,0xcc,0xcf,0xd4,0xce,0xcc,0xcf,0xd4,0xef,0xcc,0xcf,0xd4,0xef,0xcc,0xef,0xcc,0xcf,0xd4,0xef,0xd4,0xcf,0xd4,
    0xef,0xd4,0xef,0xd4,0xef,0xd4,0xef,0xd4,0x0f,0xd5,0xef,0xd4,0x0f,0xd5,0xef,0xd4,0xef,0xd4,0xef,0xd4,0xef,0xd4,0xef,0xd4,
    0xef,0xd4,0xef,0xdc,0x0f,0xd5,0xef,0xd4,0xef,0xd4,0xef,0xd4,0x0f,0xd5,0xef,0xdc,0xee,0xdc,0xef,0xdc,0x0e,0xdd,0xef,0xdc,
    0x0f,0xdd,0xef,0xdc,0x0f,0xe5,0x0e,0xdd,0xef,0xe4,0x0e,0xdd,0xee,0xe4,0xee,0xdc,0xee,0xdc,0xee,0xdc,0xef,0xdc,0xce,0xdc,
    0xee,0xdc,0xcf,0xd4,0xcf,0xd4,0xcf,0xd4,0xcf,0xd4,0xcf,0xd4,0xcf,0xcc,0xcf,0xcc,0xcf,0xcc,0xcf,0xcc,0xcf,0xcc,0xcf,0xcc,
    0xcf,0xc4,0xcf,0xcc,0xaf,0xc4,0xae,0xc4,0xaf,0xc4,0xaf,0xc4,0xae,0xc4,0xaf,0xc4,0xaf,0xc4,0xae,0xcc,0xcf,0xc4,0xaf,0xcc,
    0xd0,0xcc,0xd0,0xcc,0xd0,0xcc,0xf0,0xcc,0xf0,0xcc,0xf0,0xcc,0xf1,0xcc,0xf0,0xcc,0xf0,0xcc,0xf0,0xd4,0xf0,0xcc,0xf0,0xcc,
    0xf0,0xd4,0xf0,0xcc,0xf0,0xcc,0xd0,0xcc,0xd0,0xcc,0xf0,0xcc,0xd0,0xcc,0xf0,0xcc,0xd0,0xcc,0xd0,0xcc,0xd0,0xc4,0xd0,0xcc,
    0xd0,0xc4,0xd0,0xc4,0xd0,0xc4,0xb0,0xc4,0xb0,0xc4,0xb0,0xc4,0xb0,0xbc,0xd0,0xc4,0xb0,0xbc,0xb0,0xbc,0xb0,0xbc,0xb0,0xbc,
    0xb0,0xc4,0xb0,0xbc,0xb0,0xbc,0xd0,0xbc,0xb0,0xbc,0xd0,0xbc,0xb0,0xc4,0xb0,0xbc,0xd0,0xc4,0xb0,0xbc,0xb0,0xbc,0xb0,0xc4,
    0xb0,0xbc,0xb0,0xbc,0xb0,0xbc,0xb0,0xbc,0x90,0xbc,0xb0,0xbc,0x90,0xbc,0xb0,0xbc,0x8f,0xbc,0x90,0xbc,0x8f,0xbc,0x8f,0xbc,
    0x90,0xb4,0x8f,0xbc,0x90,0xb4,0x8f,0xb4,0x70,0xb4,0x8f,0xb4,0x70,0xb4,0x6f,0xb4,0x6f,0xb4,0x6f,0xb4,0x4f,0xb4,0x50,0xb4,
    0x4f,0xac,0x4f,0xb4,0x4f,0xac,0x4f,0xac,0x50,0xac,0x4f,0xac,0x30,0xac,0x2f,0xac,0x2f,0xac,0x2f,0xa4,0x0f,0xa4,0x2f,0xa4,
    0x2f,0xa4,0x2f,0xa4,0x0f,0xa4,0x2f,0xa4,0x0f,0xa4,0x0f,0xa4,0x0f,0xa4,0x0f,0xa4,0x0e,0xa4,0x0f,0xa4,0x0f,0xa4,0x2e,0xa4,
    0x8d,0xc4,0x6d,0xc4,0x8e,0xc4,0x6d,0xc4,0x8e,0xc4,0x8d,0xc4,0x8e,0xcc,0xae,0xc4,0xae,0xc4,0x8d,0xcc,0xae,0xc4,0xad,0xcc,
    0xae,0xc4,0xae,0xcc,0xae,0xcc,0xae,0xc4,0xaf,0xcc,0xae,0xcc,0xce,0xd4,0xce,0xd4,0xcf,0xd4,0xce,0xcc,0xce,0xd4,0xcf,0xd4,
    0xce,0xd4,0xce,0xcc,0xae,0xd4,0xce,0xcc,0xce,0xd4,0xce,0xcc,0xaf,0xd4,0xce,0xcc,0xcf,0xd4,0xce,0xd4,0xce,0xd4,0xcf,0xcc,
    0xce,0xd4,0xce,0xd4,0xce,0xd4,0xce,0xd4,0xce,0xd4,0xce,0xdc,0xce,0xd4,0xce,0xdc,0xce,0xdc,0xce,0xd4,0xce,0xdc,0xce,0xdc,
    0xae,0xd4,0xae,0xdc,0xae,0xd4,0xae,0xd4,0xae,0xd4,0xae,0xd4,0xae,0xcc,0xae,0xcc,0xae,0xcc,0xae,0xcc,0x8e,0xcc,0xae,0xcc,
    0x8e,0xc4,0x8f,0xc4,0x8e,0xc4,0x8e,0xc4,0x8e,0xc4,0x6e,0xbc,0x6e,0xbc,0x6e,0xbc,0x4d,0xbc,0x4e,0xbc,0x4e,0xbc,0x4d,0xbc,
    0x6e,0xbc,0x4e,0xbc,0x6e,0xbc,0x6e,0xbc,0x8f,0xc4,0x8f,0xc4,0xaf,0xc4,0xb0,0xc4,0xd0,0xc4,0xd0,0xcc,0xd0,0xcc,0xf0,0xcc,
    0xd0,0xcc,0xd0,0xcc,0xf0,0xcc,0xd0,0xcc,0xd0,0xcc,0xd0,0xcc,0xd0,0xcc,0xd0,0xcc,0xd0,0xcc,0xb0,0xc4,0xd0,0xc4,0xd0,0xc4,
    0xd0,0xc4,0xb0,0xc4,0xb0,0xc4,0xb0,0xc4,0xb0,0xc4,0xb0,0xc4,0xb0,0xbc,0xb0,0xbc,0xb0,0xbc,0x90,0xbc,0xb0,0xb4,0x90,0xbc,
    0x90,0xb4,0x90,0xbc,0x90,0xb4,0x90,0xbc,0x90,0xb4,0x90,0xbc,0xb0,0xbc,0x90,0xbc,0x90,0xbc,0x90,0xbc,0xb0,0xb4,0x90,0xbc,
    0x90,0xbc,0x90,0xbc,0xb0,0xbc,0x90,0xb4,0xb0,0xbc,0x8f,0xb4,0x90,0xbc,0x8f,0xb4,0x90,0xbc,0x90,0xb4,0x8f,0xbc,0x90,0xb4,
    0x8f,0xb4,0x70,0xb4,0x8f,0xb4,0x6f,0xb4,0x8f,0xb4,0x70,0xb4,0x6f,0xb4,0x70,0xb4,0x6f,0xb4,0x70,0xb4,0x4f,0xac,0x70,0xac,
    0x4f,0xac,0x50,0xac,0x4f,0xac,0x4f,0xac,0x4f,0xac,0x2f,0xac,0x2f,0xac,0x2f,0xac,0x2f,0xac,0x2f,0xa4,0x2f,0xac,0x2f,0xa4,
    0x2f,0xa4,0x0f,0xa4,0x2f,0xa4,0x0f,0xa4,0x0f,0x9c,0x0f,0x9c,0x0f,0x9c,0xef,0x9b,0x0f,0x9c,0xee,0x9b,0x0e,0x9c,0x0f,0x9c,
    0x0f,0x9c,0x0f,0x9c,0xef,0x9b,0x0e,0x9c,0x2c,0xb4,0x2c,0xb4,0x2c,0xb4,0x2d,0xb4,0x2c,0xbc,0x2d,0xbc,0x4c,0xbc,0x4d,0xbc,
    0x4c,0xbc,0x4d,0xbc,0x4d,0xbc,0x4d,0xbc,0x4d,0xbc,0x4d,0xbc,0x6d,0xc4,0x6d,0xc4,0x6d,0xc4,0x8d,0xcc,0x6d,0xc4,0x6e,0xcc,
    0x8d,0xcc,0x6e,0xcc,0x8d,0xcc,0x8d,0xcc,0x6e,0xc4,0x8d,0xcc,0x6d,0xc4,0x6e,0xc4,0x8e,0xc4,0x6d,0xc4,0x8e,0xc4,0x8e,0xcc,
    0x8e,0xc4,0x8e,0xc4,0x8e,0xcc,0x8e,0xcc,0x8e,0xcc,0x8e,0xcc,0x8e,0xcc,0x8e,0xcc,0x8e,0xcc,0x8e,0xd4,0x8d,0xcc,0x8e,0xd4,
    0x8d,0xcc,0x8e,0xd4,0x8d,0xcc,0x8d,0xcc,0x6d,0xcc,0x8d,0xcc,0x6d,0xcc,0x6d,0xcc,0x6d,0xc4,0x4d,0xc4,0x6d,0xc4,0x4d,0xc4,
    0x4d,0xc4,0x4d,0xbc,0x4e,0xbc,0x4d,0xbc,0x4d,0xbc,0x4d,0xb4,0x2d,0xb4,0x2d,0xb4,0x2d,0xac,0x0c,0xac,0x0d,0xac,0xec,0xab,
    0xec,0xa3,0xec,0xa3,0xec,0xab,0xcc,0xa3,0xec,0xa3,0xec,0xab,0x0d,0xac,0x2d,0xb4,0x2d,0xb4,0x4e,0xb4,0x6f,0xbc,0x8f,0xbc,
    0x8f,0xbc,0xaf,0xbc,0xb0,0xc4,0xb0,0xc4,0xd0,0xc4,0xb0,0xc4,0xd0,0xc4,0xb0,0xcc,0xd0,0xc4,0xb0,0xc4,0xb0,0xc4,0xb0,0xc4,
    0xb0,0xc4,0xb0,0xbc,0x90,0xc4,0x90,0xbc,0xb0,0xbc,0xb0,0xbc,0x90,0xbc,0x90,0xbc,0x90,0xbc,0x90,0xbc,0x90,0xbc,0x70,0xb4,
    0x90,0xb4,0x70,0xb4,0x70,0xb4,0x70,0xb4,0x70,0xac,0x70,0xac,0x70,0xac,0x6f,0xac,0x70,0xb4,0x6f,0xac,0x70,0xac,0x6f,0xb4,
    0x90,0xb4,0x70,0xb4,0x90,0xb4,0x70,0xb4,0x8f,0xb4,0x90,0xb4,0x6f,0xb4,0x90,0xb4,0x6f,0xb4,0x70,0xb4,0x70,0xac,0x70,0xb4,
    0x6f,0xac,0x70,0xb4,0x70,0xac,0x6f,0xb4,0x70,0xac,0x6f,0xb4,0x70,0xac,0x50,0xb4,0x4f,0xac,0x6f,0xac,0x4f,0xac,0x4f,0xac,
    0x4f,0xac,0x4f,0xac,0x2f,0xa4,0x4f,0xac,0x30,0xa4,0x2f,0xa4,0x2f,0xa4,0x2f,0xa4,0x30,0xa4,0x2f,0xa4,0x0f,0xa4,0x2f,0xa4,
    0x0f,0x9c,0x0f,0xa4,0x0f,0x9c,0x0f,0xa4,0x0f,0x9c,0x0f,0x9c,0xef,0x9b,0x0f,0x9c,0xef,0x9b,0xef,0x9b,0x0f,0x9c,0xef,0x9b,
    0xee,0x93,0xef,0x9b,0xef,0x93,0xef,0x93,0xee,0x93,0xef,0x93,0xee,0x93,0xef,0x93,0x8b,0x9b,0xac,0xa3,0xab,0xa3,0xab,0x9b,
    0xac,0xa3,0xcb,0xa3,0xcb,0xab,0xec,0xab,0xec,0xab,0xcb,0xab,0xcb,0xab,0xeb,0xab,0xeb,0xab,0xec,0xb3,0x0c,0xb4,0xeb,0xb3,
    0x0c,0xb4,0x0c,0xbc,0x2c,0xbc,0x2c,0xbc,0x2c,0xbc,0x2c,0xbc,0x2c,0xbc,0x2d,0xbc,0x2c,0xbc,0x2c,0xbc,0x2d,0xbc,0x2c,0xbc,
    0x2d,0xbc,0x2d,0xbc,0x2d,0xbc,0x2d,0xbc,0x2d,0xbc,0x4d,0xbc,0x2e,0xbc,0x4d,0xbc,0x2d,0xbc,0x4d,0xc4,0x2d,0xc4,0x2d,0xc4,
    0x4d,0xbc,0x4d,0xc4,0x4d,0xc4,0x2c,0xc4,0x2d,0xbc,0x2d,0xbc,0x2c,0xbc,0x0d,0xc4,0x2c,0xbc,0x0d,0xbc,0x0c,0xb4,0x0c,0xb4,
    0xec,0xbb,0x0c,0xb4,0xec,0xb3,0xec,0xb3,0xec,0xb3,0xec,0xab,0xcc,0xab,0xcc,0xa3,0xcc,0xa3,0xac,0xa3,0xcc,0xa3,0xac,0x9b,
    0x8c,0xa3,0x8b,0x93,0x6b,0x93,0x6b,0x8b,0x4b,0x8b,0x4a,0x8b,0x4b,0x8b,0x4b,0x8b,0x4a,0x8b,0x6b,0x93,0x8b,0x9b,0xac,0x9b,
    0xac,0xa3,0xed,0xa3,0x0d,0xac,0x2e,0xb4,0x2e,0xb4,0x4f,0xb4,0x6f,0xb4,0x6f,0xbc,0x8f,0xbc,0x90,0xbc,0x8f,0xbc,0x90,0xbc,
    0x8f,0xc4,0x90,0xbc,0x8f,0xbc,0x90,0xbc,0x70,0xb4,0x90,0xb4,0x70,0xb4,0x90,0xb4,0x70,0xb4,0x70,0xb4,0x70,0xb4,0x70,0xb4,
    0x70,0xac,0x50,0xac,0x50,0xac,0x4f,0xac,0x50,0xa4,0x50,0xa4,0x50,0xa4,0x30,0xa4,0x2f,0xa4,0x30,0xa4,0x2f,0xa4,0x50,0xa4,
    0x50,0xa4,0x4f,0xa4,0x50,0xac,0x50,0xa4,0x50,0xac,0x4f,0xac,0x70,0xac,0x50,0xac,0x6f,0xac,0x50,0xa4,0x70,0xac,0x50,0xa4,
    0x70,0xac,0x6f,0xac,0x50,0xac,0x4f,0xac,0x50,0xa4,0x4f,0xac,0x4f,0xac,0x50,0xa4,0x4f,0xac,0x4f,0xac,0x4f,0xa4,0x4f,0xa4,
    0x4f,0xa4,0x30,0xa4,0x2f,0xa4,0x30,0xa4,0x2f,0xa4,0x30,0xa4,0x2f,0xa4,0x2f,0xa4,0x0f,0x9c,0x2f,0xa4,0x0f,0x9c,0x0f,0x9c,
    0x0f,0x9c,0x0f,0x9c,0x10,0x9c,0xef,0x9b,0x0f,0x9c,0xef,0x93,0xef,0x9b,0xef,0x93,0xef,0x93,0xef,0x93,0xef,0x93,0xef,0x93,
    0xef,0x93,0xcf,0x93,0xee,0x93,0xcf,0x8b,0xef,0x93,0xcf,0x8b,0xee,0x93,0xcf,0x93,0xcf,0x8b,0xcf,0x93,0xcf,0x93,0xcf,0x8b,
    0x0a,0x83,0x2a,0x8b,0x2b,0x83,0x2a,0x8b,0x4b,0x8b,0x2b,0x8b,0x6b,0x8b,0x4a,0x93,0x6b,0x93,0x4a,0x8b,0x6b,0x8b,0x6a,0x93,
    0x4a,0x93,0x6a,0x9b,0x8b,0x9b,0x8a,0xa3,0x8b,0xa3,0x8b,0xa3,0xab,0xab,0xcc,0xab,0xcb,0xab,0xab,0xb3,0xab,0xab,0xac,0xab,
    0xcb,0xa3,0xab,0xa3,0xab,0xa3,0x8c,0x9b,0xac,0xa3,0xac,0xa3,0xcc,0xa3,0xcc,0xa3,0xcd,0xa3,0xac,0xa3,0xcd,0xa3,0xcd,0xa3,
    0xcd,0xa3,0xcd,0xab,0xcc,0xa3,0xcc,0xa3,0xcc,0xab,0xcc,0xab,0xcc,0xab,0xcc,0xab,0xcb,0xb3,0xac,0xab,0xab,0xa3,0xab,0xab,
    0xac,0xab,0xab,0xa3,0x8b,0xab,0x8b,0xa3,0x8b,0xa3,0x6b,0xa3,0x6b,0x9b,0x6b,0x9b,0x4a,0x93,0x4a,0x93,0x2a,0x8b,0x2a,0x8b,
    0x2a,0x8b,0x2a,0x83,0x2a,0x83,0x0a,0x83,0xea,0x7a,0xc9,0x72,0xa9,0x6a,0x89,0x5a,0x89,0x5a,0x69,0x5a,0x69,0x5a,0x69,0x5a,
    0x68,0x62,0xa9,0x72,0xca,0x7a,0x0a,0x7b,0x2b,0x8b,0x6c,0x93,0x8c,0x93,0xad,0x9b,0xed,0x9b,0xef,0xa3,0x2f,0xa4,0x0f,0xa4,
    0x2f,0xa4,0x2f,0xac,0x4f,0xac,0x4f,0xac,0x4f,0xac,0x50,0xac,0x30,0xac,0x50,0xa4,0x50,0xac,0x50,0xa4,0x50,0xac,0x30,0xa4,
    0x2f,0xa4,0x50,0xa4,0x2f,0xa4,0x2f,0xa4,0x2f,0xa4,0x30,0xa4,0x0f,0x9c,0x0f,0x9c,0x0f,0x9c,0xef,0x9b,0x0f,0x94,0xef,0x93,
    0x0f,0x94,0xef,0x93,0x10,0x94,0xef,0x93,0x0f,0x9c,0x0f,0x9c,0x10,0x9c,0x2f,0x9c,0x30,0xa4,0x2f,0x9c,0x30,0x9c,0x30,0xa4,
    0x2f,0x9c,0x2f,0xa4,0x2f,0xa4,0x2f,0xa4,0x2f,0x9c,0x10,0x9c,0x2f,0x9c,0x2f,0x9c,0x0f,0x9c,0x30,0x9c,0x0f,0x9c,0x2f,0x9c,
    0x10,0x9c,0x0f,0x9c,0x10,0x9c,0x0f,0x9c,0xef,0x9b,0x0f,0x9c,0x0f,0x9c,0x0e,0x94,0x0f,0x9c,0xef,0x93,0xef,0x93,0x0f,0x94,
    0xef,0x93,0xef,0x93,0xef,0x93,0xef,0x93,0xef,0x93,0xef,0x93,0xef,0x8b,0xef,0x8b,0xcf,0x8b,0xef,0x8b,0xef,0x8b,0xcf,0x8b,
    0xcf,0x8b,0xcf,0x8b,0xae,0x83,0xaf,0x83,0xae,0x83,0xae,0x83,0xae,0x83,0xae,0x83,0xae,0x83,0xaf,0x83,0xaf,0x83,0xce,0x83,
    0xcf,0x8b,0xae,0x83,0xcf,0x83,0xce,0x83,0x8a,0x5a,0x8a,0x5a,0x8a,0x5a,0xaa,0x62,0xca,0x62,0xca,0x6a,0xca,0x72,0xca,0x6a,
    0xca,0x6a,0xca,0x72,0xca,0x6a,0xca,0x72,0xca,0x72,0xea,0x7a,0xea,0x82,0xe9,0x82,0x09,0x93,0x2a,0x93,0x2a,0x9b,0x4a,0x9b,
    0x2a,0x9b,0x2b,0x93,0x2a,0x8b,0x2a,0x8b,0x2b,0x8b,0x0a,0x83,0xea,0x7a,0x0a,0x83,0x0a,0x7b,0x0b,0x7b,0x0b,0x7b,0x0b,0x7b,
    0x0c,0x7b,0x2b,0x7b,0x0c,0x7b,0x2c,0x73,0x2b,0x83,0x2b,0x83,0x2c,0x83,0x0b,0x8b,0x4b,0x93,0x4b,0x93,0x2b,0x93,0x4a,0x93,
    0x2a,0x8b,0x0a,0x8b,0x0a,0x8b,0x0a,0x8b,0xea,0x8a,0xea,0x82,0xea,0x8a,0xc9,0x82,0xc9,0x82,0xc9,0x82,0xa9,0x72,0x89,0x72,
    0xa9,0x6a,0x69,0x62,0x69,0x5a,0x69,0x5a,0x69,0x62,0x69,0x5a,0x49,0x5a,0x29,0x52,0x28,0x4a,0x08,0x3a,0xe8,0x29,0xa7,0x29,
    0xa7,0x21,0xa7,0x19,0x86,0x21,0x87,0x21,0xc7,0x29,0xc8,0x39,0x08,0x42,0x48,0x52,0x89,0x6a,0xcb,0x6a,0x0b,0x7b,0x2b,0x7b,
    0x4c,0x83,0x8d,0x8b,0xad,0x93,0xae,0x93,0xce,0x93,0xef,0x93,0xef,0x93,0xef,0x9b,0xef,0x93,0xef,0x93,0x0f,0x94,0x0f,0x94,
    0xef,0x93,0xef,0x93,0x0f,0x94,0x0f,0x94,0xef,0x93,0xef,0x93,0xf0,0x93,0xef,0x93,0xef,0x93,0xef,0x8b,0xcf,0x8b,0xcf,0x8b,
    0xcf,0x8b,0xcf,0x8b,0xaf,0x83,0xcf,0x8b,0xcf,0x83,0xcf,0x83,0xcf,0x8b,0xcf,0x8b,0xcf,0x83,0xf0,0x8b,0xef,0x8b,0xef,0x93,
    0xef,0x8b,0xef,0x93,0xef,0x93,0xef,0x8b,0xef,0x93,0xef,0x93,0xef,0x93,0xef,0x8b,0xef,0x93,0xef,0x93,0xef,0x8b,0xcf,0x93,
    0xef,0x8b,0xce,0x8b,0xef,0x8b,0xcf,0x8b,0xef,0x8b,0xcf,0x8b,0xce,0x8b,0xcf,0x8b,0xae,0x83,0xae,0x8b,0xae,0x83,0xae,0x8b,
    0xae,0x83,0xcf,0x8b,0xae,0x8b,0xaf,0x83,0xcf,0x8b,0xaf,0x83,0xcf,0x83,0xaf,0x83,0xaf,0x83,0xaf,0x7b,0xae,0x83,0xaf,0x83,
    0xaf,0x83,0xaf,0x7b,0xaf,0x7b,0x8e,0x7b,0xaf,0x7b,0x8e,0x7b,0x8e,0x7b,0x6e,0x7b,0x8e,0x73,0x6e,0x73,0x6e,0x73,0x6e,0x73,
    0x6e,0x73,0x6e,0x73,0x8e,0x73,0x6e,0x7b,0x8e,0x73,0x8e,0x7b,0x8f,0x7b,0x8e,0x73,0xc8,0x09,0xc8,0x11,0xe8,0x19,0x09,0x2a,
    0x09,0x32,0x08,0x32,0x09,0x3a,0x28,0x32,0x09,0x32,0x09,0x3a,0x09,0x32,0x08,0x3a,0x29,0x3a,0x29,0x3a,0x49,0x42,0x49,0x4a,
    0x49,0x52,0x69,0x6a,0x89,0x6a,0xaa,0x6a,0x89,0x6a,0x89,0x62,0x69,0x62,0x69,0x62,0x69,0x52,0x49,0x4a,0x49,0x4a,0x49,0x4a,
    0x49,0x4a,0x4a,0x4a,0x6a,0x4a,0x6a,0x42,0x6a,0x4a,0x8b,0x42,0x6a,0x3a,0x6b,0x32,0x6a,0x3a,0x6a,0x42,0x6a,0x4a,0x6a,0x52,
    0x8a,0x62,0x8a,0x6a,0x89,0x62,0x6a,0x62,0x69,0x5a,0x49,0x5a,0x49,0x52,0x29,0x4a,0x08,0x4a,0x28,0x4a,0x08,0x4a,0x08,0x4a,
    0x08,0x4a,0xe7,0x39,0xa7,0x31,0xa7,0x29,0xa7,0x21,0xa7,0x29,0xa6,0x29,0xa7,0x29,0xc7,0x31,0xa7,0x29,0xa7,0x21,0x67,0x21,
    0x66,0x11,0x46,0x09,0x26,0x09,0x25,0x01,0x06,0x01,0x05,0x01,0x05,0x01,0x06,0x01,0x25,0x09,0x46,0x09,0x66,0x19,0xa8,0x21,
    0xe8,0x31,0x29,0x42,0x49,0x4a,0x8b,0x5a,0xcb,0x62,0x0c,0x6b,0x2d,0x73,0x6d,0x73,0x6e,0x7b,0x6d,0x7b,0x8e,0x7b,0x8e,0x7b,
    0x8e,0x83,0xaf,0x83,0xaf,0x7b,0xaf,0x83,0xaf,0x83,0xaf,0x83,0xaf,0x83,0xaf,0x7b,0xaf,0x83,0xaf,0x7b,0xae,0x83,0xaf,0x7b,
    0x8f,0x7b,0xaf,0x7b,0x8e,0x7b,0x8f,0x7b,0x8e,0x73,0x6e,0x7b,0x8e,0x73,0x6e,0x73,0x6f,0x73,0x8e,0x73,0x8f,0x73,0x8f,0x7b,
    0xaf,0x7b,0xaf,0x7b,0x8f,0x7b,0xaf,0x83,0xaf,0x83,0xaf,0x83,0xaf,0x83,0xce,0x83,0xaf,0x83,0xaf,0x83,0xaf,0x7b,0xaf,0x83,
    0xaf,0x7b,0xaf,0x7b,0x8e,0x7b,0xaf,0x7b,0x8e,0x7b,0x8f,0x7b,0x8e,0x7b,0x8f,0x7b,0x8e,0x73,0x8e,0x7b,0x6e,0x73,0x6e,0x73,
    0x6e,0x73,0x6d,0x73,0x6e,0x73,0x6e,0x73,0x6e,0x73,0x6e,0x73,0x6e,0x73,0x6e,0x73,0x8e,0x73,0x6e,0x73,0x6e,0x6b,0x6e,0x73,
    0x6e,0x6b,0x6e,0x6b,0x6e,0x6b,0x6e,0x6b,0x6e,0x6b,0x6e,0x6b,0x6e,0x6b,0x6e,0x6b,0x4e,0x6b,0x4e,0x6b,0x4e,0x6b,0x4d,0x63,
    0x4d,0x63,0x2d,0x63,0x2d,0x63,0x2d,0x63,0x4d,0x63,0x2d,0x5b,0x4d,0x5b,0x4d,0x63,0x4e,0x6b,0x4e,0x63,0x4e,0x63,0x4e,0x63,
    0x47,0x01,0x47,0x01,0x47,0x01,0x47,0x01,0x66,0x09,0x67,0x09,0x46,0x01,0x67,0x09,0x67,0x01,0x66,0x09,0x46,0x01,0x67,0x01,
    0x46,0x01,0x66,0x09,0x47,0x09,0x87,0x09,0x87,0x11,0x87,0x11,0xa8,0x11,0xa7,0x19,0xa8,0x19,0xa8,0x21,0xc8,0x19,0xa8,0x19,
    0x87,0x11,0x67,0x11,0x67,0x09,0x67,0x09,0xa8,0x09,0xa8,0x11,0xc8,0x11,0xc9,0x09,0xc8,0x09,0xa8,0x01,0xc8,0x09,0xa8,0x01,
    0xa8,0x01,0xc9,0x09,0xc8,0x11,0xc8,0x19,0xc8,0x19,0xc8,0x21,0xc8,0x21,0xa7,0x19,0x87,0x19,0x87,0x11,0x67,0x09,0x66,0x09,
    0x46,0x09,0x46,0x09,0x47,0x11,0x66,0x11,0x67,0x09,0x46,0x09,0x26,0x09,0x05,0x01,0x05,0x01,0x06,0x01,0x26,0x01,0x26,0x09,
    0x25,0x01,0x26,0x01,0x05,0x01,0x05,0x01,0x05,0x01,0xe5,0x00,0x05,0x01,0x05,0x01,0xe5,0x08,0xe5,0x00,0x05,0x09,0xe5,0x00,
    0xe5,0x00,0xe5,0x00,0x05,0x01,0x26,0x01,0x66,0x09,0xa8,0x11,0xe8,0x19,0x29,0x32,0x8b,0x3a,0xab,0x4a,0xcc,0x52,0xed,0x52,
    0x0c,0x5b,0x0d,0x5b,0x2d,0x5b,0x4e,0x5b,0x4e,0x63,0x4e,0x63,0x6e,0x6b,0x6e,0x6b,0x6e,0x6b,0x6e,0x6b,0x8e,0x6b,0x6e,0x6b,
    0x6e,0x6b,0x6e,0x6b,0x4e,0x6b,0x4e,0x6b,0x4e,0x63,0x4e,0x6b,0x4e,0x63,0x4e,0x5b,0x4d,0x63,0x4e,0x5b,0x4e,0x5b,0x4d,0x63,
    0x4e,0x5b,0x4e,0x63,0x4e,0x63,0x6e,0x63,0x6e,0x6b,0x6e,0x6b,0x6e,0x6b,0x6e,0x6b,0x8f,0x6b,0x8e,0x6b,0x6f,0x6b,0x6e,0x6b,
    0x6e,0x6b,0x6e,0x73,0x6e,0x6b,0x6e,0x6b,0x6e,0x63,0x6e,0x6b,0x4e,0x63,0x4e,0x63,0x4e,0x63,0x4e,0x63,0x4d,0x63,0x2e,0x63,
    0x2d,0x5b,0x2d,0x5b,0x0d,0x5b,0x0c,0x5b,0x0d,0x5b,0x0d,0x5b,0x0d,0x5b,0x0d,0x5b,0x0d,0x5b,0x2d,0x5b,0x2d,0x5b,0x2e,0x5b,
    0x2d,0x5b,0x2d,0x5b,0x2e,0x5b,0x2d,0x5b,0x2d,0x5b,0x4e,0x53,0x2d,0x5b,0x4e,0x5b,0x4e,0x5b,0x2e,0x5b,0x4e,0x53,0x4e,0x5b,
    0x2d,0x53,0x2d,0x53,0x2d,0x53,0x0d,0x53,0x0d,0x53,0x0d,0x53,0x0d,0x53,0x0d,0x4b,0x0d,0x53,0x0d,0x4b,0x0d,0x4b,0x0d,0x4b,
    0x2d,0x53,0x0d,0x53,0x2d,0x53,0x2d,0x5b,0x26,0x01,0x26,0x01,0x46,0x01,0x26,0x01,0x26,0x01,0x05,0x01,0x06,0x01,0x05,0x01,
    0x06,0x01,0x25,0x01,0x06,0x01,0x05,0x09,0x06,0x01,0x05,0x01,0x06,0x01,0x25,0x01,0x26,0x01,0x26,0x01,0x06,0x01,0x26,0x01,
    0x26,0x01,0x26,0x01,0x46,0x01,0x05,0x01,0x05,0x01,0x05,0x01,0x05,0x01,0x05,0x01,0x26,0x01,0x26,0x01,0x46,0x01,0x47,0x01,
    0x66,0x01,0x47,0x01,0x47,0x01,0x47,0x01,0x47,0x01,0x46,0x01,0x46,0x01,0x47,0x01,0x46,0x01,0x26,0x01,0x26,0x01,0x06,0x01,
    0x26,0x01,0x25,0x01,0x06,0x01,0x05,0x01,0x06,0x01,0x05,0x01,0x05,0x01,0x05,0x01,0xe5,0x00,0xe5,0x00,0xe5,0x00,0xe5,0x08,
    0x05,0x01,0x05,0x09,0x05,0x01,0xe5,0x00,0xe5,0x00,0xe5,0x00,0x05,0x01,0xe5,0x08,0xe5,0x00,0xe5,0x08,0xe5,0x00,0xe5,0x00,
    0xe5,0x08,0xe5,0x00,0xe5,0x00,0xe5,0x08,0xe4,0x00,0xe5,0x08,0x05,0x09,0x06,0x01,0x46,0x01,0x87,0x01,0xc9,0x01,0x09,0x0a,
    0x4a,0x1a,0x6b,0x22,0xac,0x32,0xac,0x3a,0xcc,0x3a,0xed,0x42,0x0d,0x43,0x0d,0x4b,0x2d,0x4b,0x2e,0x53,0x4e,0x53,0x2e,0x53,
    0x4e,0x53,0x4e,0x53,0x4e,0x53,0x4e,0x53,0x2e,0x5b,0x2d,0x53,0x2d,0x53,0x0d,0x4b,0x2d,0x4b,0x2d,0x4b,0x2d,0x4b,0x2d,0x4b,
    0x0d,0x4b,0x2d,0x4b,0x2d,0x43,0x2e,0x4b,0x2d,0x4b,0x4e,0x4b,0x4e,0x4b,0x4e,0x4b,0x4e,0x53,0x6e,0x53,0x4e,0x53,0x6e,0x53,
    0x6f,0x53,0x6e,0x5b,0x6e,0x5b,0x4e,0x5b,0x6e,0x5b,0x4e,0x53,0x6e,0x5b,0x4e,0x5b,0x2e,0x53,0x2d,0x53,0x2d,0x4b,0x2d,0x53,
    0x2d,0x53,0x0d,0x4b,0x0d,0x53,0x0d,0x4b,0x0d,0x4b,0xec,0x4a,0xec,0x42,0xcc,0x42,0xcb,0x42,0xab,0x42,0xcc,0x42,0xec,0x42,
    0xcc,0x4a,0xec,0x42,0xcc,0x4a,0xec,0x4a,0xed,0x4a,0x0d,0x43,0x0c,0x4b,0x0d,0x4b,0xed,0x4a,0x0c,0x4b,0x0d,0x4b,0x0d,0x43,
    0x2d,0x4b,0x2d,0x43,0x0d,0x4b,0x0d,0x4b,0x0d,0x43,0x0d,0x43,0x0d,0x43,0xed,0x42,0xec,0x42,0xcc,0x42,0xec,0x42,0xcc,0x3a,
    0xcc,0x3a,0xec,0x42,0xcc,0x42,0xec,0x3a,0xec,0x42,0x0d,0x43,0xec,0x4a,0x0d,0x4b,0x06,0x01,0x25,0x01,0x06,0x01,0x05,0x01,
    0x05,0x01,0x05,0x01,0x05,0x01,0x05,0x01,0x05,0x09,0xe5,0x00,0xe5,0x08,0x05,0x01,0xe5,0x00,0x05,0x01,0x05,0x09,0xe5,0x00,
    0x05,0x01,0x05,0x01,0x05,0x01,0x05,0x01,0x05,0x01,0xe5,0x00,0x05,0x01,0xe5,0x08,0x05,0x01,0x05,0x01,0xe6,0x00,0x05,0x01,
    0x05,0x01,0x05,0x09,0x06,0x01,0x05,0x01,0x26,0x01,0x26,0x01,0x05,0x01,0x05,0x01,0x26,0x01,0x06,0x01,0x05,0x01,0x06,0x01,
    0x05,0x01,0x06,0x01,0x05,0x01,0x05,0x01,0xe5,0x00,0x05,0x09,0xe5,0x00,0x05,0x01,0xe5,0x08,0x05,0x01,0xe5,0x00,0xe5,0x00,
    0xe5,0x08,0xe5,0x00,0xe4,0x08,0xe5,0x00,0xe5,0x08,0x05,0x01,0x05,0x01,0x05,0x01,0x05,0x09,0x05,0x01,0x06,0x01,0x05,0x01,
    0xe5,0x00,0x05,0x01,0xe5,0x08,0xe5,0x00,0xe4,0x00,0xe5,0x08,0xe5,0x00,0x05,0x01,0x05,0x09,0x06,0x01,0x26,0x01,0x46,0x01,
    0x67,0x01,0x88,0x01,0xa8,0x01,0xe9,0x01,0x0a,0x02,0x4b,0x02,0x6b,0x0a,0x8b,0x1a,0xac,0x1a,0xcc,0x22,0xed,0x2a,0xed,0x32,
    0x0d,0x3b,0x2e,0x3b,0x0d,0x3b,0x2e,0x43,0x2d,0x43,0x2e,0x43,0x2d,0x43,0x2e,0x43,0x2d,0x43,0x2e,0x3b,0x0d,0x3b,0x0d,0x3b,
    0x0e,0x3b,0x0d,0x33,0x0e,0x33,0x0d,0x33,0x0e,0x33,0x0d,0x33,0x0e,0x3b,0x0d,0x3b,0x0e,0x3b,0x2e,0x33,0x2e,0x3b,0x2e,0x43,
    0x4e,0x43,0x4f,0x43,0x4e,0x4b,0x4e,0x4b,0x4e,0x4b,0x6f,0x53,0x4e,0x4b,0x4e,0x4b,0x4e,0x4b,0x4e,0x4b,0x2e,0x4b,0x2d,0x43,
    0x2d,0x43,0x2e,0x43,0x0d,0x43,0x0d,0x3b,0xed,0x42,0xec,0x3a,0xec,0x3a,0xec,0x3a,0xcc,0x3a,0xac,0x32,0xab,0x32,0x8b,0x32,
    0x8b,0x2a,0x8b,0x32,0x8b,0x2a,0x8b,0x32,0xab,0x32,0xac,0x32,0xcc,0x32,0xcc,0x3a,0xcc,0x3a,0xcc,0x3a,0xcc,0x3a,0xed,0x3a,
    0xcc,0x3a,0xed,0x3a,0xec,0x3a,0xed,0x3a,0x0d,0x3b,0x0d,0x43,0x0d,0x3b,0xed,0x3a,0xec,0x3a,0xed,0x3a,0xec,0x3a,0xed,0x32,
    0xcc,0x32,0xac,0x32,0xcc,0x2a,0xcc,0x32,0xac,0x32,0xcc,0x32,0xac,0x32,0xcc,0x32,0xcc,0x32,0xcc,0x3a,0xed,0x32,0xec,0x3a,
    0xe5,0x00,0xe5,0x08,0xe5,0x00,0xe5,0x08,0xe5,0x00,0xe5,0x00,0xe5,0x08,0xe5,0x00,0xe5,0x00,0xe5,0x00,0xe5,0x08,0xe5,0x00,
    0xe5,0x08,0xe5,0x00,0xe5,0x00,0xe5,0x08,0xe5,0x00,0xe5,0x00,0xc5,0x08,0xe5,0x08,0xe4,0x08,0xe5,0x00,0xe5,0x08,0xe5,0x00,
    0xe5,0x00,0x05,0x09,0x05,0x01,0x05,0x01,0x06,0x01,0x05,0x01,0x05,0x01,0x05,0x01,0xe5,0x00,0xe5,0x00,0x05,0x09,0x05,0x01,
    0xe5,0x00,0x05,0x09,0x05,0x01,0x06,0x01,0x05,0x01,0x06,0x01,0x05,0x01,0xe5,0x00,0x06,0x01,0x05,0x01,0x05,0x09,0xe5,0x00,
    0x05,0x01,0xe5,0x00,0xe5,0x08,0xe5,0x00,0xe5,0x08,0xe5,0x00,0xe5,0x08,0x05,0x01,0x05,0x01,0x06,0x01,0x26,0x01,0x06,0x01,
    0x26,0x01,0x26,0x09,0x05,0x01,0x26,0x01,0x05,0x09,0x05,0x01,0x05,0x01,0x05,0x09,0xe5,0x00,0x05,0x01,0x25,0x01,0x06,0x01,
    0x26,0x01,0x66,0x01,0x67,0x01,0x88,0x01,0xa8,0x09,0xc8,0x01,0xc9,0x01,0x0a,0x02,0x2a,0x02,0x4a,0x0a,0x6b,0x0a,0x8c,0x12,
    0xac,0x12,0xac,0x22,0xcd,0x1a,0xed,0x22,0xed,0x22,0xed,0x2a,0x0d,0x2b,0x0e,0x33,0x2e,0x33,0x0d,0x33,0x2e,0x33,0x0d,0x33,
    0x0e,0x33,0x0d,0x33,0x0d,0x33,0x0d,0x2b,0xed,0x2a,0xed,0x2a,0xed,0x2a,0xed,0x2a,0xed,0x32,0xed,0x2a,0x0d,0x2b,0x0d,0x33,
    0x0e,0x33,0x2e,0x3b,0x2d,0x3b,0x2e,0x3b,0x4e,0x43,0x6f,0x43,0x6e,0x4b,0x6f,0x4b,0x6e,0x43,0x4e,0x4b,0x6f,0x4b,0x4e,0x43,
    0x4e,0x4b,0x2e,0x43,0x2e,0x43,0x2e,0x3b,0x0d,0x3b,0x0d,0x3b,0x0d,0x3b,0xec,0x32,0xed,0x32,0xcc,0x2a,0xcc,0x2a,0xac,0x32,
    0xac,0x2a,0xab,0x2a,0x6b,0x2a,0x6b,0x22,0x4a,0x1a,0x6b,0x22,0x6a,0x1a,0x6b,0x22,0x8b,0x22,0x8b,0x22,0x8c,0x2a,0xac,0x2a,
    0xcc,0x2a,0xcc,0x32,0xec,0x32,0xcc,0x32,0xcc,0x32,0xec,0x32,0xcd,0x3a,0x0c,0x3b,0x0d,0x3b,0x0d,0x3b,0xed,0x3a,0x0d,0x3b,
    0xec,0x3a,0xed,0x32,0xec,0x32,0xcc,0x32,0xcc,0x32,0xac,0x22,0xac,0x2a,0xac,0x2a,0x8b,0x22,0xab,0x2a,0xab,0x2a,0xcc,0x2a,
    0xcc,0x32,0xcc,0x32,0xec,0x32,0xec,0x32,0xe4,0x08,0xc4,0x00,0xe5,0x00,0xc4,0x08,0xc4,0x00,0xc4,0x08,0xc4,0x00,0xc4,0x08,
    0xe4,0x00,0xc5,0x00,0xe4,0x08,0xe5,0x00,0xe5,0x00,0xe5,0x08,0x05,0x01,0xe5,0x00,0xe5,0x08,0xe5,0x00,0xe4,0x00,0xc5,0x08,
    0xc5,0x00,0xe5,0x00,0xe5,0x00,0x05,0x01,0x05,0x01,0xe5,0x00,0x06,0x01,0x05,0x01,0xe5,0x00,0x06,0x01,0xe5,0x00,0xe5,0x08,
    0x05,0x01,0xe5,0x00,0xe5,0x00,0xe5,0x08,0xe5,0x00,0x05,0x01,0xe5,0x00,0x05,0x01,0x05,0x09,0x05,0x01,0x06,0x01,0x05,0x09,
    0x05,0x01,0x06,0x01,0x05,0x01,0x06,0x01,0x06,0x09,0x05,0x01,0x06,0x09,0x25,0x01,0x05,0x01,0x26,0x01,0x05,0x01,0x26,0x01,
    0x26,0x01,0x46,0x01,0x47,0x01,0x47,0x01,0x46,0x01,0x47,0x01,0x46,0x01,0x47,0x01,0x46,0x01,0x47,0x01,0x26,0x01,0x26,0x01,
    0x26,0x01,0x46,0x01,0x26,0x09,0x67,0x01,0x67,0x01,0x88,0x01,0xa8,0x09,0xc9,0x01,0x09,0x02,0x0a,0x02,0x4b,0x0a,0x6b,0x02,
    0x8c,0x0a,0xac,0x12,0xad,0x1a,0xcc,0x22,0xcd,0x1a,0xed,0x2a,0x0e,0x2b,0x0d,0x33,0x0e,0x33,0x2e,0x33,0x2e,0x2b,0x2e,0x33,
    0x2e,0x33,0x2e,0x33,0x2e,0x33,0x2e,0x33,0x0d,0x33,0x2e,0x3b,0x2e,0x33,0x2e,0x33,0x2e,0x33,0x2e,0x33,0x2e,0x3b,0x4e,0x3b,
    0x4e,0x3b,0x4e,0x3b,0x2e,0x3b,0x4e,0x3b,0x4e,0x43,0x6f,0x43,0x6f,0x43,0x6f,0x43,0x8f,0x4b,0x8f,0x4b,0x8f,0x4b,0x8f,0x53,
    0x6f,0x4b,0x8f,0x53,0x8f,0x4b,0x6f,0x4b,0x6f,0x4b,0x6e,0x4b,0x6e,0x4b,0x6e,0x43,0x4e,0x43,0x2e,0x43,0x0d,0x3b,0x0d,0x3b,
    0xed,0x32,0xec,0x32,0xcc,0x32,0xcc,0x2a,0xac,0x32,0xac,0x2a,0x8b,0x22,0x6b,0x22,0x6b,0x22,0x4a,0x1a,0x4b,0x1a,0x4b,0x1a,
    0x8b,0x22,0x8b,0x22,0x8b,0x22,0xac,0x2a,0xcc,0x2a,0xac,0x2a,0xcd,0x2a,0xcc,0x32,0xcc,0x32,0xed,0x32,0xec,0x32,0xed,0x3a,
    0x0d,0x3b,0xed,0x3a,0x0d,0x3b,0x0d,0x3b,0x0d,0x3b,0x0d,0x3b,0xed,0x32,0xcd,0x32,0xcc,0x2a,0xcc,0x2a,0xac,0x2a,0xcc,0x2a,
    0xac,0x2a,0xac,0x22,0x8b,0x2a,0xac,0x2a,0xcb,0x2a,0xec,0x32,0xed,0x32,0xed,0x32,0xc4,0x00,0xc4,0x08,0xc4,0x00,0xc4,0x08,
    0xc4,0x08,0xc5,0x00,0xc4,0x08,0xe5,0x00,0xc5,0x08,0xe4,0x00,0xe5,0x08,0xe5,0x00,0xe4,0x00,0xe5,0x00,0xe5,0x08,0xe5,0x00,
    0xe5,0x00,0xe4,0x08,0xe5,0x00,0xe5,0x08,0x05,0x01,0x05,0x09,0x05,0x01,0x05,0x09,0x06,0x01,0x05,0x09,0x26,0x01,0x06,0x01,
    0x06,0x09,0x05,0x01,0x06,0x01,0x05,0x01,0x05,0x09,0x05,0x01,0x05,0x09,0x05,0x01,0x05,0x01,0xe5,0x00,0xe5,0x08,0x06,0x01,
    0x05,0x01,0x06,0x01,0x05,0x01,0x26,0x01,0x06,0x01,0x26,0x01,0x26,0x09,0x46,0x01,0x46,0x01,0x47,0x01,0x46,0x01,0x47,0x01,
    0x47,0x01,0x47,0x01,0x67,0x09,0x67,0x01,0x67,0x01,0x88,0x01,0x88,0x01,0xa8,0x01,0x88,0x01,0xa8,0x01,0xa8,0x09,0xa8,0x01,
    0x88,0x01,0x87,0x01,0x87,0x01,0x67,0x01,0x67,0x01,0x67,0x01,0x87,0x01,0x88,0x01,0xa8,0x01,0xc8,0x01,0xe9,0x01,0x0a,0x02,
    0x2b,0x0a,0x6b,0x0a,0xac,0x12,0xcd,0x1a,0xed,0x22,0x2e,0x2b,0x2e,0x33,0x4f,0x3b,0x4f,0x3b,0x6f,0x43,0x6f,0x43,0x8f,0x43,
    0x6f,0x43,0x6f,0x43,0x4e,0x43,0x6f,0x43,0x6f,0x43,0x6e,0x43,0x6f,0x43,0x6f,0x4b,0x6f,0x43,0x6f,0x43,0x6f,0x4b,0x8f,0x4b,
    0x8f,0x4b,0x8f,0x4b,0x8f,0x4b,0x90,0x4b,0x90,0x53,0xb0,0x53,0xb0,0x53,0xb0,0x53,0xaf,0x53,0xb0,0x53,0xd0,0x53,0xaf,0x5b,
    0xd0,0x5b,0xb0,0x5b,0xb0,0x5b,0xb0,0x5b,0xd0,0x5b,0xb0,0x5b,0xaf,0x5b,0xb0,0x5b,0xcf,0x5b,0xb0,0x5b,0xaf,0x53,0x8f,0x5b,
    0x8f,0x53,0xaf,0x53,0x6f,0x53,0x6e,0x53,0x4e,0x4b,0x4e,0x4b,0x2e,0x43,0x2d,0x43,0x0d,0x43,0xed,0x3a,0xec,0x3a,0xcc,0x32,
    0xcc,0x3a,0xcc,0x32,0xac,0x2a,0xcc,0x32,0xcc,0x2a,0xcd,0x32,0xed,0x32,0xec,0x32,0xed,0x32,0x0d,0x3b,0xed,0x32,0x0d,0x3b,
    0x0d,0x3b,0x0d,0x3b,0x0d,0x43,0x2d,0x43,0x2e,0x43,0x2d,0x43,0x4e,0x43,0x2d,0x43,0x4e,0x43,0x4e,0x43,0x4e,0x43,0x4d,0x4b,
    0x0d,0x43,0x2e,0x43,0x2d,0x43,0x2d,0x3b,0x2d,0x3b,0x0d,0x43,0xed,0x3a,0x0d,0x3b,0xed,0x3a,0x0d,0x3b,0x0d,0x3b,0x0d,0x3b,
    0xc4,0x08,0xc4,0x00,0xc4,0x08,0xc4,0x00,0xc4,0x08,0xc4,0x00,0xc4,0x08,0xc4,0x00,0xe5,0x00,0xe5,0x00,0xe5,0x08,0xe4,0x08,
    0xe5,0x08,0xe5,0x00,0xe5,0x08,0xe4,0x00,0x05,0x09,0xe5,0x00,0x05,0x09,0x05,0x01,0x05,0x01,0x06,0x09,0x05,0x01,0x06,0x09,
    0x25,0x01,0x26,0x09,0x46,0x01,0x46,0x01,0x46,0x01,0x26,0x01,0x26,0x09,0x26,0x01,0x06,0x09,0x05,0x01,0x06,0x01,0x06,0x01,
    0x06,0x09,0x26,0x01,0x25,0x01,0x26,0x01,0x26,0x09,0x26,0x01,0x46,0x01,0x46,0x01,0x47,0x01,0x47,0x01,0x46,0x01,0x67,0x01,
    0x67,0x01,0x67,0x01,0x88,0x01,0x87,0x01,0x87,0x09,0x88,0x01,0x87,0x01,0x88,0x01,0xa8,0x01,0xa8,0x09,0xc9,0x01,0xc9,0x01,
    0xe9,0x01,0xc9,0x01,0xe9,0x01,0xc9,0x01,0xc9,0x01,0xa8,0x09,0xa8,0x01,0x88,0x01,0xa8,0x01,0x88,0x01,0xa8,0x01,0xa8,0x01,
    0xc9,0x01,0xe9,0x01,0x0a,0x02,0x6b,0x0a,0x8c,0x1a,0xcc,0x22,0xee,0x2a,0x2e,0x3b,0x6f,0x3b,0x90,0x43,0x90,0x4b,0xb0,0x53,
    0xd0,0x53,0xb0,0x53,0xd0,0x5b,0xd0,0x5b,0xd0,0x5b,0xd0,0x53,0xd0,0x53,0xd0,0x5b,0xd0,0x63,0xd0,0x63,0xf0,0x5b,0xd0,0x63,
    0xf0,0x5b,0xd0,0x63,0xd0,0x5b,0xd0,0x5b,0xd0,0x5b,0xf0,0x5b,0xf0,0x63,0xf0,0x5b,0xf0,0x5b,0xf0,0x63,0xf0,0x63,0xf1,0x63,
    0xf0,0x63,0xf1,0x63,0xf0,0x63,0x11,0x64,0xf1,0x63,0x10,0x64,0x11,0x6c,0x10,0x64,0xf1,0x63,0x10,0x6c,0x11,0x6c,0x10,0x6c,
    0x11,0x64,0x10,0x6c,0x11,0x6c,0x10,0x6c,0xf0,0x6b,0xf0,0x63,0xf0,0x63,0xd0,0x63,0xcf,0x63,0xaf,0x63,0xaf,0x5b,0x8f,0x53,
    0x8e,0x53,0x4e,0x4b,0x4e,0x4b,0x2e,0x4b,0x2d,0x43,0x0d,0x4b,0x2d,0x43,0x2e,0x4b,0x2e,0x43,0x4e,0x4b,0x4e,0x4b,0x4e,0x4b,
    0x4e,0x4b,0x6e,0x4b,0x6e,0x4b,0x6e,0x53,0x6e,0x53,0x6e,0x53,0x6e,0x53,0x8f,0x53,0x8f,0x5b,0x8f,0x5b,0x8f,0x53,0xaf,0x5b,
    0xaf,0x63,0xaf,0x63,0x8f,0x5b,0xaf,0x63,0x8f,0x5b,0x8f,0x5b,0x8f,0x53,0x8f,0x5b,0x8f,0x5b,0x6f,0x53,0x6e,0x53,0x6e,0x53,
    0x6e,0x53,0x4e,0x53,0x6e,0x53,0x4e,0x53,0xe5,0x08,0xc4,0x08,0xe5,0x08,0xe4,0x08,0xe5,0x08,0xe5,0x08,0x05,0x09,0x05,0x09,
    0x05,0x09,0x25,0x09,0x26,0x09,0x25,0x09,0x26,0x09,0x25,0x09,0x26,0x09,0x26,0x09,0x26,0x09,0x26,0x01,0x46,0x01,0x26,0x01,
    0x46,0x01,0x46,0x09,0x67,0x01,0x66,0x09,0x67,0x09,0x87,0x09,0x87,0x09,0x68,0x09,0x87,0x01,0x87,0x09,0x67,0x09,0x67,0x09,
    0x66,0x09,0x67,0x01,0x46,0x09,0x46,0x09,0x67,0x01,0x47,0x09,0x67,0x01,0x66,0x09,0x67,0x01,0x67,0x01,0x87,0x09,0x88,0x01,
    0x87,0x01,0x87,0x01,0x88,0x01,0x88,0x01,0x88,0x01,0xa8,0x09,0xa8,0x01,0xa8,0x01,0xa9,0x01,0xc8,0x01,0xc9,0x01,0xa8,0x01,
    0xc9,0x01,0xc9,0x01,0x09,0x02,0x0a,0x02,0x0a,0x02,0x0a,0x02,0x0a,0x02,0x09,0x02,0xea,0x09,0xe9,0x01,0xe9,0x01,0xc9,0x09,
    0xa8,0x01,0xc8,0x09,0xc9,0x09,0xe9,0x09,0xe9,0x09,0x2a,0x0a,0x6b,0x12,0xab,0x12,0xcd,0x1a,0x2e,0x33,0x4e,0x43,0x8f,0x4b,
    0xb0,0x53,0xd0,0x5b,0xf1,0x5b,0x11,0x64,0x11,0x64,0x11,0x64,0x11,0x6c,0x11,0x64,0x11,0x6c,0x32,0x6c,0x31,0x74,0x31,0x6c,
    0x32,0x74,0x32,0x74,0x51,0x74,0x32,0x74,0x31,0x74,0x32,0x74,0x31,0x74,0x31,0x74,0x31,0x74,0x31,0x74,0x32,0x74,0x31,0x74,
    0x31,0x74,0x31,0x74,0x31,0x74,0x31,0x74,0x11,0x74,0x31,0x6c,0x31,0x74,0x31,0x74,0x31,0x7c,0x31,0x74,0x31,0x74,0x52,0x7c,
    0x51,0x74,0x31,0x7c,0x31,0x74,0x31,0x74,0x51,0x7c,0x31,0x7c,0x52,0x7c,0x31,0x7c,0x51,0x7c,0x31,0x7c,0x30,0x7c,0x31,0x74,
    0x11,0x74,0x10,0x74,0xf0,0x6b,0xf0,0x6b,0xd0,0x6b,0xcf,0x63,0xaf,0x63,0xaf,0x5b,0x8f,0x5b,0x8e,0x5b,0x6f,0x5b,0x8e,0x5b,
    0x8e,0x5b,0x8f,0x5b,0xaf,0x63,0xaf,0x63,0xd0,0x63,0xaf,0x63,0xaf,0x63,0xaf,0x63,0xd0,0x63,0xaf,0x63,0xd0,0x6b,0xd0,0x6b,
    0xef,0x6b,0xf0,0x73,0xf0,0x73,0x10,0x74,0xf0,0x73,0xf0,0x73,0xf0,0x73,0xcf,0x6b,0xd0,0x6b,0xcf,0x6b,0xf0,0x6b,0xd0,0x6b,
    0xcf,0x63,0xd0,0x6b,0xcf,0x63,0xd0,0x63,0xcf,0x63,0xaf,0x63,0xcf,0x6b,0xd0,0x6b,0x26,0x09,0x46,0x09,0x25,0x09,0x26,0x09,
    0x46,0x09,0x46,0x11,0x46,0x09,0x66,0x11,0x87,0x11,0x87,0x11,0xa7,0x11,0x87,0x09,0x87,0x09,0x87,0x09,0xa8,0x11,0xa7,0x09,
    0xc8,0x11,0xa8,0x09,0xa8,0x09,0xc8,0x09,0xa9,0x01,0xc8,0x09,0xc8,0x01,0xe9,0x01,0xe9,0x09,0x09,0x12,0x2a,0x12,0x2a,0x0a,
    0x2a,0x12,0x2a,0x1a,0x09,0x12,0x09,0x12,0xe9,0x09,0xc8,0x09,0xc8,0x09,0xc8,0x09,0xc8,0x09,0xe9,0x09,0xc9,0x09,0xe9,0x09,
    0xc9,0x09,0xe9,0x09,0xe9,0x09,0xe9,0x09,0xc9,0x09,0xc8,0x01,0xe9,0x09,0xe9,0x09,0xe9,0x11,0xe9,0x11,0x0a,0x0a,0x09,0x0a,
    0x2a,0x12,0x2a,0x0a,0x0a,0x0a,0x0a,0x0a,0x09,0x0a,0x2a,0x0a,0x4b,0x0a,0x4a,0x12,0x4a,0x0a,0x4b,0x0a,0x4a,0x12,0x4b,0x12,
    0x4a,0x12,0x2a,0x1a,0x2a,0x12,0x2a,0x12,0x09,0x12,0x09,0x12,0x09,0x12,0x0a,0x1a,0x4a,0x1a,0x6b,0x1a,0x8b,0x2a,0xed,0x2a,
    0x2d,0x3b,0x6f,0x3b,0xb0,0x53,0xd0,0x53,0xf1,0x5b,0x11,0x64,0x31,0x6c,0x31,0x6c,0x32,0x74,0x51,0x74,0x52,0x74,0x52,0x7c,
    0x72,0x7c,0x52,0x7c,0x72,0x7c,0x72,0x7c,0x72,0x7c,0x92,0x84,0x72,0x84,0x93,0x84,0x92,0x84,0x92,0x84,0x93,0x84,0x92,0x84,
    0x92,0x84,0x72,0x84,0x92,0x84,0x92,0x84,0x73,0x8c,0x92,0x84,0x72,0x84,0x72,0x84,0x92,0x84,0x72,0x84,0x72,0x84,0x92,0x84,
    0x72,0x84,0x72,0x84,0x72,0x84,0x72,0x84,0x72,0x84,0x92,0x84,0x72,0x84,0x92,0x84,0x72,0x8c,0x92,0x8c,0x92,0x8c,0x72,0x8c,
    0x72,0x84,0x72,0x8c,0x71,0x84,0x51,0x8c,0x72,0x84,0x51,0x84,0x51,0x84,0x51,0x84,0x31,0x7c,0x11,0x7c,0x10,0x74,0xf0,0x73,
    0xf0,0x6b,0xcf,0x6b,0xd0,0x6b,0xd0,0x63,0xd0,0x6b,0xf0,0x6b,0x10,0x74,0x10,0x74,0x11,0x74,0x10,0x7c,0x31,0x7c,0x11,0x7c,
    0x10,0x7c,0x31,0x7c,0x10,0x7c,0x31,0x84,0x31,0x84,0x30,0x7c,0x31,0x84,0x30,0x7c,0x31,0x7c,0x30,0x84,0x11,0x7c,0x30,0x84,
    0x11,0x7c,0x10,0x7c,0x10,0x7c,0x30,0x74,0x10,0x7c,0x10,0x74,0x10,0x7c,0x10,0x74,0x10,0x74,0x10,0x7c,0xf0,0x73,0x10,0x74,
    0xc7,0x19,0xa7,0x19,0xa8,0x11,0xc8,0x19,0xa8,0x11,0xc8,0x19,0xc8,0x19,0xe9,0x19,0x09,0x12,0x09,0x1a,0x09,0x1a,0x29,0x1a,
    0x2a,0x1a,0x2a,0x1a,0x4a,0x22,0x4a,0x1a,0x4a,0x22,0x4a,0x1a,0x4a,0x12,0x2a,0x12,0x4a,0x1a,0x2a,0x12,0x6b,0x1a,0x6b,0x1a,
    0xac,0x22,0xac,0x22,0xcd,0x22,0xcc,0x22,0xcc,0x2a,0xac,0x2a,0xac,0x2a,0x8b,0x1a,0x6b,0x1a,0x6b,0x1a,0x2a,0x1a,0x4a,0x1a,
    0x4a,0x1a,0x4a,0x12,0x4a,0x1a,0x4a,0x1a,0x6b,0x1a,0x4a,0x22,0x6b,0x1a,0x4a,0x1a,0x4a,0x1a,0x4a,0x1a,0x4a,0x1a,0x6b,0x22,
    0x8b,0x22,0x8b,0x22,0x6b,0x22,0x8b,0x2a,0x8c,0x22,0xac,0x22,0xac,0x22,0x8b,0x22,0xac,0x22,0x8c,0x22,0xac,0x2a,0xac,0x22,
    0xac,0x22,0xcc,0x22,0xac,0x22,0xac,0x2a,0xcc,0x2a,0xac,0x2a,0xab,0x22,0x8b,0x2a,0x8b,0x22,0x8c,0x2a,0x8b,0x2a,0xab,0x2a,
    0xac,0x32,0xec,0x32,0x0d,0x3b,0x4e,0x4b,0x8f,0x4b,0xb0,0x5b,0xf0,0x5b,0x10,0x6c,0x11,0x6c,0x32,0x74,0x52,0x74,0x72,0x7c,
    0x72,0x7c,0x72,0x7c,0x92,0x84,0x93,0x84,0x92,0x84,0x93,0x84,0xb3,0x8c,0x92,0x8c,0x93,0x84,0xb3,0x8c,0xb3,0x8c,0xb3,0x8c,
    0xb3,0x94,0xd3,0x94,0xb3,0x94,0xb3,0x94,0xb3,0x94,0xd3,0x94,0xb3,0x94,0xb3,0x94,0xb2,0x8c,0xb3,0x8c,0xb3,0x94,0xb2,0x8c,
    0x93,0x8c,0x92,0x8c,0x93,0x8c,0x92,0x8c,0x92,0x8c,0x92,0x8c,0x92,0x8c,0x92,0x8c,0x92,0x8c,0x92,0x8c,0xb3,0x8c,0x92,0x94,
    0xb3,0x8c,0xb2,0x94,0xb3,0x94,0xb2,0x94,0xb2,0x94,0x92,0x94,0xb2,0x94,0x93,0x94,0xb2,0x94,0x92,0x94,0x92,0x8c,0x72,0x8c,
    0x72,0x8c,0x51,0x84,0x51,0x84,0x31,0x84,0x31,0x7c,0x31,0x7c,0x30,0x7c,0x31,0x7c,0x30,0x7c,0x31,0x7c,0x51,0x7c,0x31,0x84,
    0x51,0x84,0x51,0x84,0x51,0x84,0x51,0x8c,0x51,0x84,0x51,0x8c,0x71,0x8c,0x51,0x8c,0x71,0x8c,0x52,0x8c,0x71,0x8c,0x51,0x8c,
    0x72,0x8c,0x51,0x8c,0x71,0x8c,0x52,0x8c,0x71,0x8c,0x72,0x8c,0x51,0x8c,0x52,0x8c,0x51,0x84,0x51,0x84,0x51,0x84,0x31,0x84,
    0x31,0x84,0x31,0x84,0x31,0x84,0x31,0x84,0x4a,0x2a,0x6a,0x2a,0x4a,0x2a,0x6a,0x2a,0x6a,0x2a,0x6b,0x2a,0x8b,0x2a,0xab,0x32,
    0xab,0x32,0xab,0x32,0xcc,0x32,0xab,0x32,0xcc,0x3a,0xcc,0x32,0xec,0x32,0xec,0x32,0xcd,0x32,0xcc,0x32,0xcc,0x2a,0xcc,0x2a,
    0xcc,0x2a,0xcd,0x3a,0xec,0x32,0x0d,0x33,0x4e,0x43,0x2e,0x43,0x4e,0x3b,0x4e,0x43,0x4e,0x43,0x2e,0x3b,0x2d,0x3b,0xed,0x32,
    0xec,0x2a,0xcc,0x2a,0xab,0x2a,0xcc,0x2a,0xcc,0x32,0xac,0x2a,0xcc,0x2a,0xac,0x2a,0xcc,0x2a,0xcc,0x32,0xcc,0x2a,0xac,0x2a,
    0x8b,0x2a,0x8b,0x2a,0xac,0x32,0xcc,0x32,0xec,0x32,0xed,0x3a,0x2d,0x43,0x2e,0x43,0x2d,0x3b,0x0d,0x43,0x2d,0x43,0x0d,0x3b,
    0x0d,0x3b,0x0d,0x3b,0x2d,0x3b,0x2d,0x3b,0x0d,0x33,0x2d,0x3b,0x2e,0x3b,0x4d,0x43,0x4e,0x4b,0x4e,0x43,0x2d,0x43,0x0d,0x43,
    0x2d,0x4b,0x2d,0x43,0x2e,0x4b,0x4d,0x4b,0x4e,0x4b,0x6e,0x53,0x8f,0x53,0xaf,0x63,0xf0,0x63,0x11,0x74,0x31,0x74,0x31,0x74,
    0x52,0x7c,0x72,0x7c,0x92,0x84,0x93,0x8c,0x92,0x8c,0xb3,0x8c,0xb3,0x8c,0xb3,0x8c,0xd3,0x94,0xd3,0x94,0xd3,0x94,0xd4,0x94,
    0xd3,0x94,0xd3,0x9c,0xf4,0x9c,0xd3,0x9c,0xf4,0x9c,0xf3,0x9c,0xd4,0x9c,0xf3,0x9c,0xf4,0xa4,0xf3,0x9c,0xd3,0x9c,0xd3,0x9c,
    0xd3,0x9c,0xd3,0x9c,0xd3,0x94,0xd3,0x9c,0xd3,0x9c,0xd3,0x9c,0xd3,0x9c,0xd3,0x9c,0xb3,0x9c,0xb3,0x94,0xd3,0x94,0xb3,0x9c,
    0xd3,0x9c,0xd3,0x9c,0xd3,0x9c,0xd3,0x9c,0xd3,0x9c,0xb3,0x9c,0xd3,0x9c,0xb3,0x9c,0xd3,0x9c,0xd3,0x9c,0xb3,0x9c,0xd2,0x9c,
    0xb3,0x9c,0xb2,0x94,0xb2,0x9c,0xb2,0x94,0x92,0x94,0x92,0x8c,0x72,0x94,0x71,0x8c,0x71,0x8c,0x71,0x8c,0x52,0x8c,0x71,0x84,
    0x51,0x8c,0x72,0x8c,0x72,0x8c,0x72,0x8c,0x71,0x8c,0x92,0x8c,0x72,0x8c,0x91,0x94,0x92,0x94,0x92,0x94,0x92,0x8c,0x91,0x94,
    0x92,0x94,0x91,0x94,0x92,0x94,0x92,0x94,0x92,0x94,0x92,0x94,0x92,0x94,0x92,0x94,0x91,0x94,0x92,0x94,0x71,0x8c,0x72,0x94,
    0x92,0x94,0x72,0x94,0x92,0x94,0x71,0x8c,0x72,0x8c,0x71,0x8c,0x51,0x8c,0x71,0x8c,0x0c,0x43,0xec,0x42,0x0c,0x3b,0xec,0x42,
    0x0d,0x43,0x2c,0x43,0x2d,0x43,0x2d,0x43,0x4e,0x43,0x4d,0x43,0x4e,0x4b,0x6e,0x4b,0x6e,0x53,0x6e,0x53,0x8e,0x4b,0x6f,0x4b,
    0x8e,0x53,0x6f,0x4b,0x6e,0x4b,0x6f,0x4b,0x6e,0x4b,0x6e,0x4b,0x8f,0x53,0x8f,0x53,0xaf,0x5b,0xcf,0x5b,0xd0,0x5b,0xd0,0x63,
    0xaf,0x5b,0xaf,0x5b,0x8f,0x53,0x8f,0x53,0x4e,0x4b,0x6e,0x4b,0x4e,0x4b,0x4e,0x43,0x4e,0x4b,0x4e,0x4b,0x4e,0x43,0x2d,0x4b,
    0x2d,0x4b,0x2d,0x4b,0x2e,0x43,0x2d,0x43,0x0d,0x43,0x2d,0x43,0x4d,0x4b,0x6e,0x4b,0x6e,0x53,0x8f,0x5b,0xaf,0x5b,0x8f,0x63,
    0xaf,0x63,0xaf,0x5b,0x8f,0x63,0x8e,0x53,0x6f,0x53,0x6e,0x5b,0x8f,0x5b,0x8f,0x53,0x8f,0x5b,0x8f,0x5b,0xaf,0x5b,0xaf,0x5b,
    0xaf,0x5b,0xaf,0x5b,0xaf,0x5b,0xaf,0x63,0xaf,0x5b,0xaf,0x63,0xaf,0x63,0xcf,0x63,0xcf,0x63,0xd0,0x6b,0x10,0x6c,0x10,0x6c,
    0x31,0x7c,0x51,0x7c,0x72,0x84,0x92,0x84,0x92,0x8c,0xd3,0x94,0xd3,0x94,0xd3,0x94,0xd4,0x9c,0xf3,0x9c,0xf4,0x9c,0xd4,0x9c,
    0xf3,0x9c,0xf4,0x9c,0xf4,0xa4,0xf4,0xa4,0xf4,0x9c,0xf4,0xa4,0xf4,0x9c,0x14,0xa5,0x14,0xa5,0x14,0xa5,0x14,0xa5,0x14,0xa5,
    0xf3,0xa4,0xf4,0xa4,0x14,0xa5,0xf4,0xa4,0x14,0xa5,0xf3,0xa4,0x14,0xa5,0xf3,0xa4,0xf4,0xa4,0xf3,0xa4,0xf3,0xa4,0xf3,0xa4,
    0xd3,0x9c,0xf3,0xa4,0xd3,0x9c,0xf3,0x9c,0xd3,0x9c,0xf3,0xa4,0xf3,0xa4,0xd3,0xa4,0xf3,0xa4,0xf3,0xa4,0xf3,0xa4,0xf3,0xa4,
    0xf3,0xa4,0xd3,0xa4,0xd2,0xa4,0xd3,0x9c,0xd3,0xa4,0xd3,0x9c,0xd2,0x9c,0xb2,0x9c,0xb2,0x94,0xb2,0x94,0x92,0x94,0x92,0x94,
    0x92,0x8c,0x72,0x8c,0x92,0x94,0x92,0x8c,0x92,0x8c,0x72,0x94,0x91,0x8c,0x92,0x94,0x92,0x94,0x92,0x94,0x92,0x94,0x92,0x94,
    0xb2,0x94,0x92,0x94,0x92,0x94,0x91,0x94,0x92,0x94,0x92,0x94,0xb2,0x94,0x92,0x9c,0xb2,0x94,0xb2,0x9c,0xb2,0x94,0xb2,0x94,
    0xb2,0x9c,0xb2,0x9c,0xb2,0x9c,0x92,0x94,0xb2,0x9c,0xb2,0x94,0x92,0x9c,0xb2,0x94,0x91,0x94,0x91,0x94,0x92,0x94,0x91,0x94,
    0xaf,0x5b,0x8f,0x5b,0x8e,0x5b,0x8e,0x53,0x8f,0x5b,0x8e,0x5b,0xaf,0x5b,0xaf,0x5b,0xaf,0x5b,0xaf,0x63,0xcf,0x63,0xf0,0x63,
    0xd0,0x63,0xf0,0x63,0xd0,0x63,0xef,0x63,0xf0,0x6b,0xf0,0x6b,0xf0,0x6b,0xf0,0x6b,0xf0,0x6b,0xd0,0x63,0xf0,0x63,0x10,0x6c,
    0x11,0x6c,0x11,0x74,0x31,0x7c,0x31,0x74,0x11,0x74,0x31,0x74,0x11,0x74,0x10,0x6c,0xf0,0x73,0xf0,0x6b,0xf0,0x6b,0xd0,0x6b,
    0xf0,0x6b,0xf0,0x6b,0xd0,0x63,0xcf,0x63,0xd0,0x63,0xcf,0x6b,0xcf,0x6b,0xaf,0x6b,0xae,0x63,0x8f,0x63,0xaf,0x6b,0xcf,0x6b,
    0xf0,0x6b,0xf0,0x73,0x10,0x74,0x11,0x74,0x10,0x7c,0xf0,0x73,0xf0,0x73,0xf0,0x73,0xcf,0x73,0xf0,0x6b,0xcf,0x6b,0xf0,0x6b,
    0xf0,0x73,0x10,0x6c,0x10,0x74,0x10,0x74,0x31,0x7c,0x31,0x74,0x31,0x7c,0x31,0x74,0x10,0x7c,0x10,0x74,0x31,0x7c,0x30,0x7c,
    0x31,0x7c,0x30,0x7c,0x51,0x7c,0x51,0x84,0x72,0x84,0x92,0x8c,0x92,0x8c,0xb3,0x94,0xd3,0x94,0xd3,0x9c,0xf4,0x9c,0xf4,0xa4,
    0x14,0x9d,0xf4,0xa4,0x14,0xa5,0x14,0xa5,0x14,0xa5,0x14,0xa5,0x14,0xa5,0x14,0xad,0x34,0xad,0x14,0xad,0x34,0xad,0x34,0xad,
    0x14,0xad,0x14,0xad,0x13,0xb5,0x34,0xad,0x34,0xb5,0x34,0xad,0x13,0xad,0x14,0xad,0x14,0xad,0x14,0xad,0x13,0xad,0x14,0xad,
    0x13,0xa5,0xf3,0xac,0xf4,0xa4,0xf3,0xa4,0xf3,0xac,0xf3,0xa4,0xf3,0xa4,0xf3,0xa4,0xf3,0xa4,0xf3,0xa4,0xd3,0xa4,0xf3,0x9c,
    0xd3,0xa4,0xf3,0xa4,0xf3,0xa4,0xf3,0xa4,0xf3,0xa4,0xf3,0xa4,0xf3,0xa4,0xf2,0xa4,0xd3,0x9c,0xd2,0x9c,0xd2,0x9c,0xb2,0x9c,
    0xb2,0x9c,0xb2,0x9c,0xb2,0x9c,0xb2,0x94,0x92,0x94,0x92,0x94,0x92,0x8c,0x92,0x94,0x71,0x94,0x92,0x8c,0x92,0x94,0x92,0x8c,
    0xb2,0x94,0x92,0x94,0xb2,0x94,0x92,0x94,0x92,0x94,0xb2,0x94,0x91,0x94,0x92,0x94,0x91,0x94,0x92,0x94,0xb2,0x94,0xb2,0x9c,
    0xb2,0x94,0xb2,0x9c,0xb2,0x9c,0xb2,0x9c,0xb2,0x9c,0xb2,0x9c,0xb2,0x9c,0xb2,0x9c,0xb2,0x9c,0xb2,0x9c,0xd2,0x9c,0xb2,0x9c,
    0xb2,0x9c,0xb2,0x9c,0x91,0x94,0x92,0x9c,0x10,0x74,0x10,0x6c,0xf0,0x73,0xf0,0x6b,0xf0,0x6b,0x10,0x6c,0x11,0x6c,0x10,0x6c,
    0x11,0x6c,0x31,0x74,0x31,0x74,0x31,0x74,0x31,0x74,0x31,0x74,0x31,0x74,0x31,0x7c,0x51,0x7c,0x52,0x7c,0x51,0x7c,0x52,0x84,
    0x51,0x7c,0x52,0x84,0x51,0x84,0x72,0x84,0x72,0x84,0x92,0x8c,0x72,0x84,0x92,0x8c,0x92,0x8c,0x72,0x84,0x92,0x8c,0x72,0x84,
    0x71,0x84,0x72,0x84,0x51,0x84,0x72,0x84,0x72,0x84,0x71,0x84,0x51,0x84,0x52,0x84,0x51,0x84,0x51,0x84,0x51,0x84,0x31,0x84,
    0x30,0x84,0x30,0x84,0x30,0x84,0x31,0x84,0x31,0x84,0x51,0x84,0x51,0x8c,0x71,0x8c,0x71,0x8c,0x51,0x8c,0x71,0x8c,0x51,0x84,
    0x30,0x84,0x31,0x84,0x31,0x84,0x50,0x84,0x31,0x84,0x51,0x8c,0x51,0x8c,0x51,0x8c,0x72,0x8c,0x71,0x8c,0x51,0x8c,0x72,0x8c,
    0x72,0x8c,0x71,0x8c,0x72,0x94,0x92,0x8c,0x92,0x8c,0x92,0x94,0x92,0x94,0xb2,0x94,0xd3,0x9c,0xd3,0x9c,0xd3,0x9c,0xf4,0x9c,
    0xf4,0xa4,0x14,0xa5,0x14,0xa5,0x14,0xa5,0x34,0xad,0x34,0xad,0x14,0xa5,0x14,0xad,0x34,0xad,0x35,0xad,0x34,0xad,0x34,0xad,
    0x35,0xad,0x54,0xb5,0x34,0xb5,0x54,0xb5,0x34,0xb5,0x54,0xb5,0x34,0xad,0x34,0xb5,0x34,0xad,0x34,0xb5,0x34,0xad,0x34,0xb5,
    0x33,0xad,0x34,0xb5,0x34,0xad,0x34,0xad,0x14,0xad,0x14,0xad,0x13,0xad,0x13,0xad,0x14,0xad,0x13,0xad,0x13,0xad,0xf3,0xac,
    0xf3,0xa4,0xf3,0xac,0xf3,0xa4,0xf3,0xa4,0xf3,0xac,0x13,0xa5,0xf3,0xa4,0xf3,0xa4,0xf3,0xa4,0xf3,0xa4,0xd3,0xa4,0xf3,0xa4,
    0xd2,0xa4,0xd3,0x9c,0xb2,0x9c,0xd3,0x9c,0xb2,0x9c,0xd2,0x9c,0xb2,0x94,0x93,0x94,0xb2,0x94,0x92,0x8c,0x92,0x94,0x92,0x94,
    0x92,0x8c,0x92,0x94,0x92,0x94,0x92,0x94,0x92,0x94,0xb2,0x94,0x92,0x94,0xb2,0x9c,0x91,0x94,0x92,0x8c,0x91,0x94,0x92,0x8c,
    0xb2,0x94,0x91,0x94,0x92,0x94,0xb2,0x94,0xb2,0x94,0xb2,0x94,0xb2,0x94,0xb2,0x9c,0xb2,0x9c,0xb2,0x9c,0xb2,0x9c,0xd2,0x9c,
    0xd2,0x9c,0xd2,0x9c,0xb2,0x9c,0xb2,0x9c,0xb2,0x9c,0xb2,0x9c,0xb2,0x9c,0xb2,0x9c,0x92,0x8c,0x92,0x84,0x72,0x7c,0x72,0x84,
    0x72,0x7c,0x72,0x84,0x72,0x7c,0x52,0x84,0x72,0x84,0x92,0x84,0x93,0x84,0x92,0x84,0x93,0x84,0x92,0x8c,0x93,0x84,0x92,0x8c,
    0x93,0x8c,0xb3,0x94,0xb3,0x8c,0xb3,0x94,0xb3,0x94,0xb3,0x94,0xb3,0x94,0xd3,0x9c,0xd3,0x94,0xd4,0x9c,0xd3,0x94,0xd4,0x94,
    0xd4,0x9c,0xd3,0x94,0xd3,0x9c,0xd3,0x94,0xb3,0x94,0xd3,0x94,0xb3,0x94,0xd2,0x94,0xd3,0x9c,0xb3,0x94,0xd3,0x9c,0xd3,0x94,
    0xb3,0x9c,0xb3,0x9c,0xd2,0x9c,0x92,0x9c,0x92,0x94,0x92,0x9c,0x92,0x94,0xb2,0x94,0xb1,0x9c,0xb2,0x9c,0xb3,0x94,0xb3,0x9c,
    0xb3,0x9c,0xd2,0x9c,0xb3,0x94,0xb2,0x9c,0x92,0x94,0xb1,0x9c,0x92,0x9c,0x92,0x94,0xb2,0x9c,0xb2,0x94,0xb2,0x9c,0xb2,0x9c,
    0xb3,0x94,0xd3,0x9c,0xd3,0x9c,0xd2,0x9c,0xd3,0xa4,0xd3,0xa4,0xf2,0xa4,0xd3,0xa4,0xf3,0xa4,0xf3,0xa4,0x14,0xa5,0x14,0xa5,
    0x13,0xa5,0x14,0xa5,0x14,0xad,0x34,0xad,0x34,0xad,0x34,0xad,0x34,0xad,0x34,0xad,0x34,0xb5,0x34,0xad,0x55,0xb5,0x34,0xad,
    0x34,0xad,0x35,0xad,0x34,0xad,0x34,0xb5,0x55,0xad,0x35,0xb5,0x55,0xad,0x55,0xb5,0x54,0xb5,0x55,0xb5,0x54,0xb5,0x34,0xb5,
    0x34,0xb5,0x34,0xb5,0x34,0xb5,0x34,0xb5,0x34,0xad,0x34,0xb5,0x34,0xb5,0x34,0xb5,0x34,0xb5,0x34,0xad,0x34,0xb5,0x34,0xad,
    0x13,0xad,0x14,0xad,0x14,0xad,0x13,0xa5,0x14,0xad,0x13,0xa5,0xf4,0xac,0x13,0xa5,0xf4,0xac,0x13,0xa5,0xf3,0xac,0x13,0xad,
    0xf3,0xa4,0xf3,0xa4,0xf3,0xa4,0xd3,0xa4,0xd2,0x9c,0xb2,0x9c,0xb2,0x94,0xb2,0x94,0x92,0x94,0xb2,0x9c,0x92,0x9c,0x92,0x94,
    0x92,0x94,0x92,0x94,0x92,0x8c,0x92,0x94,0x92,0x94,0x92,0x94,0x92,0x94,0x92,0x94,0x92,0x94,0x92,0x94,0x92,0x94,0x72,0x8c,
    0x91,0x94,0x72,0x8c,0x71,0x8c,0x71,0x8c,0x72,0x8c,0x71,0x8c,0x72,0x8c,0x71,0x8c,0x71,0x8c,0x71,0x8c,0x72,0x94,0x71,0x8c,
    0x92,0x94,0xb2,0x94,0xb2,0x9c,0x92,0x94,0xb2,0x9c,0xb2,0x94,0x92,0x94,0xb2,0x94,0x92,0x94,0xb1,0x94,0x92,0x94,0x91,0x9c,
    0xf4,0x9c,0xd3,0x94,0xd4,0x94,0xd3,0x8c,0xb3,0x8c,0xb3,0x8c,0xb3,0x8c,0xb3,0x84,0xb3,0x8c,0xb3,0x8c,0xb3,0x8c,0xd3,0x8c,
    0xd4,0x8c,0xd3,0x94,0xd3,0x94,0xf4,0x94,0xd3,0x9c,0xf4,0x9c,0xf3,0x9c,0xf4,0x9c,0xf4,0x9c,0x14,0xa5,0x14,0xa5,0x14,0xa5,
    0x14,0xa5,0x14,0xa5,0x14,0x9d,0x14,0xa5,0x14,0x9d,0x14,0xa5,0x14,0xa5,0x14,0xa5,0x14,0xa5,0xf4,0xa4,0x14,0x9d,0xf4,0xa4,
    0x14,0xa5,0x14,0xa5,0x14,0xad,0x14,0xa5,0x13,0xa5,0x14,0xad,0x13,0xa5,0x13,0xa5,0xf3,0xac,0xf3,0xa4,0xf3,0xac,0xf3,0xa4,
    0x13,0xa5,0xf4,0xac,0x13,0xad,0x14,0xa5,0x13,0xa5,0xf4,0xa4,0x13,0xad,0xf3,0xa4,0xf3,0xac,0xf3,0xa4,0xf3,0xa4,0xf3,0xa4,
    0xf3,0xa4,0xf3,0xa4,0xf3,0xa4,0x14,0xad,0x13,0xa5,0x13,0xad,0x14,0xad,0x14,0xad,0x34,0xa5,0x34,0xad,0x34,0xad,0x34,0xad,
    0x34,0xad,0x34,0xad,0x34,0xb5,0x34,0xad,0x34,0xb5,0x34,0xad,0x34,0xb5,0x54,0xad,0x34,0xb5,0x54,0xb5,0x34,0xad,0x34,0xb5,
    0x34,0xad,0x34,0xb5,0x55,0xad,0x34,0xb5,0x35,0xad,0x34,0xb5,0x55,0xad,0x34,0xad,0x34,0xb5,0x34,0xad,0x54,0xb5,0x34,0xb5,
    0x55,0xb5,0x34,0xb5,0x34,0xad,0x54,0xb5,0x34,0xad,0x14,0xad,0x33,0xad,0x34,0xad,0x13,0xad,0x34,0xad,0x34,0xad,0x34,0xad,
    0x34,0xb5,0x34,0xad,0x34,0xb5,0x34,0xad,0x13,0xad,0x14,0xad,0x13,0xad,0x13,0xad,0xf3,0xa4,0xf3,0xac,0xf3,0xa4,0xf3,0xa4,
    0xf3,0xa4,0xf3,0xac,0xf3,0xa4,0xf3,0xa4,0xd3,0xa4,0xf3,0xa4,0xd2,0xa4,0xd3,0x9c,0xd3,0x9c,0xb2,0x9c,0x93,0x94,0x92,0x94,
    0x92,0x94,0x92,0x8c,0x92,0x94,0x92,0x8c,0x71,0x8c,0x72,0x8c,0x71,0x8c,0x92,0x8c,0x92,0x8c,0x72,0x8c,0x71,0x84,0x72,0x8c,
    0x72,0x8c,0x92,0x8c,0x71,0x8c,0x71,0x84,0x51,0x84,0x51,0x84,0x51,0x7c,0x51,0x84,0x51,0x7c,0x51,0x84,0x31,0x84,0x51,0x7c,
    0x31,0x84,0x51,0x84,0x51,0x84,0x71,0x8c,0x71,0x8c,0x71,0x8c,0x72,0x8c,0x71,0x94,0x72,0x8c,0x92,0x94,0x72,0x94,0x91,0x8c,
    0x72,0x8c,0x71,0x8c,0x92,0x94,0x71,0x8c,0x14,0xa5,0xf4,0x9c,0xf4,0x9c,0xf4,0x9c,0xf4,0x94,0xd4,0x94,0xd3,0x8c,0xd4,0x94,
    0xd3,0x94,0xd4,0x94,0xd4,0x94,0xd3,0x94,0xd3,0x94,0xf4,0x94,0xf4,0x9c,0xf4,0x9c,0x14,0x9d,0x14,0xa5,0x14,0xa5,0x34,0xa5,
    0x34,0xad,0x34,0xad,0x34,0xad,0x35,0xad,0x35,0xa5,0x34,0xa5,0x15,0xa5,0x14,0xa5,0x14,0xa5,0x14,0xa5,0x15,0xa5,0x34,0xad,
    0x14,0xa5,0x34,0xad,0x14,0xad,0x34,0xad,0x34,0xad,0x34,0xad,0x34,0xb5,0x34,0xb5,0x34,0xad,0x34,0xb5,0x34,0xb5,0x34,0xad,
    0x34,0xb5,0x34,0xad,0x33,0xad,0x34,0xb5,0x34,0xad,0x34,0xb5,0x34,0xad,0x34,0xad,0x14,0xad,0x34,0xad,0x34,0xad,0x34,0xad,
    0x34,0xad,0x14,0xad,0x13,0xad,0x34,0xb5,0x14,0xad,0x34,0xb5,0x34,0xad,0x34,0xad,0x34,0xb5,0x35,0xad,0x54,0xb5,0x54,0xad,
    0x55,0xb5,0x54,0xb5,0x55,0xb5,0x55,0xbd,0x55,0xb5,0x55,0xb5,0x75,0xb5,0x54,0xb5,0x35,0xb5,0x54,0xb5,0x35,0xad,0x34,0xb5,
    0x55,0xad,0x34,0xb5,0x55,0xb5,0x34,0xb5,0x55,0xb5,0x54,0xb5,0x35,0xad,0x54,0xb5,0x55,0xad,0x34,0xb5,0x35,0xad,0x35,0xad,
    0x34,0xad,0x35,0xb5,0x35,0xad,0x34,0xad,0x34,0xad,0x34,0xad,0x34,0xad,0x14,0xad,0x14,0xad,0x13,0xad,0x14,0xad,0x13,0xad,
    0x14,0xad,0x13,0xad,0x14,0xad,0x33,0xad,0x14,0xad,0x33,0xad,0x34,0xb5,0x34,0xad,0x34,0xad,0x13,0xad,0x14,0xa5,0x14,0xad,
    0x14,0xad,0x13,0xa5,0xf4,0xac,0xf3,0xa4,0x14,0xa5,0xf3,0xa4,0xf4,0xa4,0xf3,0xa4,0xd3,0xa4,0xd3,0x9c,0xb2,0x94,0xb3,0x9c,
    0xb2,0x94,0xb2,0x94,0x92,0x94,0x72,0x8c,0x71,0x84,0x72,0x8c,0x72,0x8c,0x71,0x8c,0x72,0x8c,0x72,0x8c,0x92,0x8c,0x72,0x8c,
    0x92,0x8c,0x71,0x8c,0x72,0x84,0x71,0x84,0x71,0x84,0x52,0x84,0x51,0x84,0x51,0x7c,0x31,0x7c,0x31,0x7c,0x31,0x74,0x11,0x74,
    0x30,0x7c,0x11,0x74,0x30,0x74,0x31,0x74,0x31,0x7c,0x51,0x7c,0x51,0x7c,0x51,0x7c,0x31,0x7c,0x51,0x84,0x51,0x84,0x51,0x84,
    0x51,0x84,0x51,0x84,0x71,0x84,0x51,0x84,0x51,0x84,0x51,0x84,0x51,0x84,0x51,0x84,0x35,0xa5,0x14,0xa5,0x14,0xa5,0xf4,0x9c,
    0x14,0xa5,0xf4,0x9c,0xf4,0x9c,0xf4,0x9c,0xf4,0x9c,0x14,0x95,0xf4,0x9c,0x14,0x9d,0x14,0x9d,0x14,0x9d,0x14,0xa5,0x14,0xa5,
    0x34,0xa5,0x14,0xad,0x34,0xad,0x35,0xb5,0x54,0xb5,0x35,0xb5,0x55,0xad,0x34,0xb5,0x35,0xad,0x34,0xad,0x35,0xad,0x34,0xa5,
    0x35,0xa5,0x14,0xad,0x35,0xa5,0x14,0xad,0x35,0xad,0x34,0xad,0x34,0xad,0x55,0xad,0x34,0xb5,0x55,0xb5,0x54,0xb5,0x34,0xb5,
    0x54,0xb5,0x54,0xb5,0x34,0xb5,0x34,0xb5,0x33,0xb5,0x34,0xb5,0x34,0xb5,0x34,0xb5,0x34,0xad,0x34,0xb5,0x34,0xad,0x34,0xad,
    0x34,0xad,0x34,0xad,0x14,0xad,0x34,0xad,0x34,0xb5,0x34,0xad,0x34,0xb5,0x34,0xad,0x54,0xb5,0x34,0xb5,0x54,0xb5,0x55,0xb5,
    0x55,0xb5,0x55,0xb5,0x55,0xb5,0x55,0xb5,0x55,0xb5,0x75,0xbd,0x75,0xb5,0x75,0xb5,0x74,0xbd,0x55,0xb5,0x54,0xb5,0x55,0xb5,
    0x55,0xb5,0x54,0xad,0x54,0xb5,0x34,0xb5,0x54,0xb5,0x34,0xb5,0x34,0xb5,0x55,0xad,0x34,0xb5,0x55,0xad,0x34,0xb5,0x34,0xad,
    0x34,0xad,0x35,0xa5,0x14,0xad,0x34,0xad,0x15,0xa5,0x34,0xad,0x34,0xa5,0x15,0xad,0x14,0xa5,0x14,0xad,0xf4,0xa4,0x13,0xa5,
    0xf3,0xa4,0xf3,0xa4,0xf3,0xa4,0xf3,0xa4,0xf3,0xa4,0xf4,0xa4,0x14,0xad,0x14,0xad,0x34,0xad,0x34,0xb5,0x34,0xad,0x13,0xad,
    0x14,0xad,0x13,0xad,0xf4,0xa4,0xf3,0xa4,0xf3,0xa4,0xf4,0xa4,0x13,0xa5,0xf3,0xa4,0xf3,0xa4,0xf3,0xa4,0xf3,0x9c,0xf3,0x9c,
    0xd3,0x9c,0xd3,0x9c,0xb3,0x94,0x92,0x94,0x72,0x8c,0x72,0x8c,0x72,0x8c,0x71,0x84,0x52,0x8c,0x51,0x8c,0x71,0x84,0x52,0x8c,
    0x71,0x84,0x92,0x8c,0x92,0x8c,0x92,0x94,0x92,0x8c,0x92,0x8c,0x92,0x8c,0x72,0x8c,0x72,0x8c,0x71,0x84,0x51,0x84,0x51,0x7c,
    0x31,0x74,0x10,0x74,0x11,0x74,0x10,0x74,0x11,0x6c,0x10,0x6c,0x11,0x74,0x10,0x74,0x31,0x74,0x10,0x74,0x31,0x74,0x31,0x7c,
    0x51,0x7c,0x31,0x7c,0x31,0x7c,0x51,0x7c,0x31,0x7c,0x31,0x7c,0x31,0x7c,0x31,0x7c,0x31,0x7c,0x30,0x7c,0x31,0x7c,0x30,0x7c,
    0x35,0xad,0x34,0xa5,0x14,0xa5,0x14,0xa5,0x14,0xa5,0x14,0xa5,0x14,0x9d,0x14,0xa5,0x14,0x9d,0x14,0xa5,0x14,0xa5,0x14,0xa5,
    0x15,0xa5,0x34,0xad,0x35,0xa5,0x54,0xad,0x55,0xb5,0x55,0xb5,0x75,0xb5,0x75,0xbd,0x75,0xb5,0x75,0xbd,0x75,0xb5,0x55,0xb5,
    0x55,0xad,0x35,0xad,0x34,0xad,0x35,0xad,0x34,0xa5,0x35,0xad,0x34,0xad,0x34,0xa5,0x35,0xad,0x34,0xad,0x55,0xb5,0x54,0xb5,
    0x55,0xb5,0x34,0xb5,0x55,0xb5,0x55,0xb5,0x55,0xbd,0x55,0xbd,0x54,0xb5,0x54,0xbd,0x55,0xb5,0x54,0xb5,0x34,0xb5,0x34,0xb5,
    0x34,0xad,0x34,0xad,0x34,0xad,0x14,0xad,0x34,0xad,0x14,0xad,0x14,0xad,0x34,0xad,0x14,0xad,0x34,0xad,0x34,0xb5,0x34,0xad,
    0x34,0xb5,0x55,0xb5,0x55,0xb5,0x55,0xb5,0x55,0xb5,0x75,0xb5,0x74,0xb5,0x75,0xb5,0x75,0xbd,0x55,0xb5,0x75,0xbd,0x75,0xb5,
    0x75,0xbd,0x75,0xb5,0x55,0xb5,0x54,0xb5,0x55,0xb5,0x34,0xad,0x34,0xad,0x34,0xad,0x34,0xad,0x34,0xad,0x34,0xad,0x34,0xad,
    0x34,0xad,0x14,0xad,0x14,0xa5,0x15,0xa5,0x14,0xa5,0xf4,0x9c,0x14,0x9d,0xf4,0x9c,0x14,0xa5,0xf4,0x9c,0xf4,0xa4,0xf4,0x9c,
    0xf4,0x9c,0xf3,0x9c,0xd3,0x9c,0xd3,0x9c,0xd3,0x9c,0xd3,0x94,0xd3,0x9c,0xd3,0x9c,0xd3,0x9c,0xd3,0x9c,0xf3,0x9c,0xf3,0xa4,
    0x14,0xa5,0xf3,0xa4,0x14,0xa5,0xf4,0xa4,0xf4,0x9c,0xf3,0x9c,0xf4,0xa4,0xd3,0x9c,0xf3,0x9c,0xd4,0x94,0xd3,0x9c,0xd4,0x9c,
    0xf3,0x94,0xd3,0x9c,0xd3,0x94,0xb3,0x9c,0xb2,0x94,0xb3,0x94,0x92,0x8c,0x72,0x8c,0x51,0x84,0x51,0x7c,0x31,0x7c,0x31,0x7c,
    0x51,0x84,0x51,0x84,0x51,0x84,0x72,0x84,0x71,0x8c,0x72,0x8c,0x71,0x8c,0x92,0x8c,0x92,0x8c,0x72,0x8c,0x92,0x8c,0x72,0x8c,
    0x92,0x84,0x72,0x84,0x72,0x84,0x51,0x7c,0x31,0x7c,0x31,0x74,0x31,0x74,0x10,0x6c,0x11,0x74,0x10,0x6c,0x31,0x74,0x11,0x6c,
    0x10,0x74,0x31,0x74,0x11,0x74,0x10,0x6c,0x11,0x74,0x30,0x74,0x31,0x74,0x31,0x74,0x30,0x7c,0x31,0x74,0x30,0x7c,0x10,0x74,
    0x30,0x74,0x11,0x74,0x10,0x6c,0x10,0x74,0x55,0xb5,0x55,0xad,0x35,0xad,0x55,0xad,0x35,0xad,0x35,0xa5,0x34,0xad,0x35,0xad,
    0x35,0xad,0x35,0xa5,0x55,0xad,0x35,0xad,0x55,0xad,0x35,0xad,0x55,0xad,0x55,0xb5,0x55,0xb5,0x75,0xbd,0x75,0xbd,0x75,0xbd,
    0x75,0xbd,0x75,0xbd,0x75,0xb5,0x55,0xb5,0x55,0xad,0x34,0xad,0x35,0xa5,0x34,0xa5,0x35,0xad,0x14,0xa5,0x35,0xad,0x35,0xad,
    0x34,0xad,0x55,0xad,0x34,0xb5,0x55,0xad,0x54,0xb5,0x55,0xb5,0x55,0xb5,0x74,0xbd,0x55,0xb5,0x74,0xbd,0x55,0xb5,0x54,0xbd,
    0x54,0xb5,0x55,0xbd,0x34,0xb5,0x54,0xb5,0x34,0xad,0x14,0xad,0x34,0xad,0x34,0xad,0x35,0xad,0x35,0xad,0x34,0xad,0x35,0xa5,
    0x34,0xad,0x35,0xad,0x34,0xad,0x55,0xb5,0x54,0xb5,0x55,0xad,0x54,0xb5,0x55,0xb5,0x75,0xb5,0x55,0xb5,0x55,0xb5,0x55,0xb5,
    0x75,0xb5,0x75,0xbd,0x75,0xb5,0x75,0xbd,0x55,0xb5,0x75,0xb5,0x55,0xb5,0x54,0xb5,0x34,0xad,0x34,0xad,0x14,0xad,0x14,0xa5,
    0x14,0xa5,0x14,0xa5,0x14,0xa5,0x14,0xa5,0x14,0xa5,0x14,0xa5,0x14,0x9d,0xf4,0x9c,0xf4,0x9c,0xf4,0x9c,0xf3,0x9c,0xd4,0x9c,
    0xd3,0x94,0xd3,0x9c,0xd3,0x94,0xd3,0x94,0xd3,0x94,0xb3,0x94,0xb3,0x8c,0xb3,0x8c,0x93,0x8c,0x92,0x84,0x73,0x84,0x92,0x8c,
    0xb3,0x8c,0xd3,0x94,0xd3,0x94,0xd3,0x94,0xd3,0x94,0xf4,0x9c,0xf3,0x9c,0xf4,0x9c,0xf3,0x9c,0xf4,0x9c,0xd3,0x94,0xd3,0x94,
    0xd3,0x94,0xb3,0x8c,0xd3,0x94,0xb3,0x8c,0xb3,0x94,0xb3,0x8c,0xb3,0x94,0xb3,0x94,0x92,0x94,0x92,0x8c,0x72,0x8c,0x71,0x84,
    0x31,0x7c,0x31,0x7c,0x10,0x74,0x10,0x74,0x30,0x74,0x31,0x7c,0x51,0x84,0x71,0x84,0x72,0x84,0x72,0x8c,0x72,0x84,0x51,0x84,
    0x72,0x84,0x51,0x8c,0x72,0x84,0x71,0x84,0x72,0x84,0x51,0x84,0x51,0x84,0x51,0x7c,0x31,0x7c,0x31,0x74,0x31,0x74,0x11,0x74,
    0x10,0x6c,0x11,0x74,0x31,0x6c,0x31,0x74,0x11,0x74,0x31,0x74,0x31,0x74,0x31,0x74,0x31,0x74,0x31,0x74,0x31,0x74,0x30,0x74,
    0x31,0x74,0x31,0x74,0x11,0x74,0x31,0x74,0x11,0x74,0x10,0x6c,0x11,0x74,0x10,0x6c,0x55,0xb5,0x55,0xb5,0x75,0xb5,0x55,0xb5,
    0x55,0xb5,0x55,0xb5,0x55,0xb5,0x55,0xad,0x74,0xb5,0x55,0xb5,0x55,0xb5,0x55,0xb5,0x55,0xb5,0x54,0xb5,0x75,0xb5,0x75,0xbd,
    0x75,0xbd,0x75,0xbd,0x95,0xbd,0x96,0xc5,0x95,0xc5,0x96,0xbd,0x95,0xbd,0x55,0xbd,0x55,0xb5,0x55,0xad,0x35,0xa5,0x35,0xad,
    0x35,0xa5,0x14,0xad,0x35,0xa5,0x34,0xad,0x35,0xad,0x54,0xad,0x55,0xb5,0x55,0xb5,0x54,0xb5,0x55,0xb5,0x54,0xb5,0x55,0xbd,
    0x55,0xb5,0x54,0xbd,0x75,0xb5,0x55,0xbd,0x54,0xb5,0x55,0xb5,0x54,0xb5,0x35,0xb5,0x34,0xb5,0x35,0xad,0x35,0xad,0x35,0xad,
    0x34,0xad,0x35,0xa5,0x35,0xad,0x35,0xad,0x34,0xad,0x35,0xad,0x55,0xad,0x55,0xb5,0x55,0xad,0x55,0xb5,0x55,0xad,0x55,0xb5,
    0x55,0xad,0x75,0xb5,0x55,0xb5,0x75,0xb5,0x54,0xb5,0x75,0xb5,0x55,0xb5,0x75,0xb5,0x55,0xb5,0x54,0xad,0x55,0xad,0x34,0xad,
    0x34,0xad,0x34,0xad,0x14,0xa5,0x14,0xa5,0xf4,0xa4,0x14,0xa5,0x14,0xa5,0x14,0xa5,0x14,0xa5,0xf4,0x9c,0x14,0xa5,0x14,0xa5,
    0xf4,0x9c,0xf4,0x9c,0xd3,0x94,0xd3,0x94,0xb3,0x8c,0xd3,0x8c,0xb3,0x8c,0xb3,0x8c,0xb3,0x8c,0x93,0x84,0x93,0x84,0x93,0x84,
    0x92,0x84,0x72,0x7c,0x92,0x7c,0x93,0x84,0x92,0x84,0xb3,0x84,0xb3,0x8c,0xd3,0x94,0xd4,0x94,0xd3,0x94,0xd4,0x9c,0xf3,0x9c,
    0xf4,0x9c,0xd4,0x9c,0xd3,0x9c,0xd3,0x94,0xd4,0x94,0xd3,0x94,0xb3,0x8c,0xd3,0x94,0xd3,0x94,0xd3,0x94,0xd3,0x94,0xb3,0x94,
    0x92,0x94,0x92,0x8c,0x72,0x84,0x51,0x84,0x51,0x7c,0x31,0x7c,0x31,0x74,0x10,0x74,0x10,0x74,0x10,0x6c,0x31,0x74,0x31,0x7c,
    0x51,0x84,0x51,0x84,0x71,0x8c,0x72,0x8c,0x92,0x8c,0x92,0x8c,0x92,0x8c,0x92,0x8c,0x72,0x8c,0x92,0x8c,0x72,0x84,0x52,0x84,
    0x51,0x7c,0x51,0x7c,0x51,0x7c,0x51,0x7c,0x31,0x7c,0x51,0x74,0x31,0x7c,0x31,0x7c,0x51,0x7c,0x31,0x7c,0x51,0x7c,0x51,0x7c,
    0x31,0x7c,0x51,0x7c,0x51,0x7c,0x51,0x7c,0x51,0x7c,0x31,0x7c,0x31,0x74,0x30,0x74,0x11,0x74,0x31,0x74,0x10,0x6c,0x10,0x74,
    0x95,0xbd,0x76,0xbd,0x95,0xbd,0x76,0xb5,0x95,0xbd,0x75,0xb5,0x75,0xb5,0x75,0xb5,0x75,0xbd,0x75,0xb5,0x95,0xb5,0x75,0xb5,
    0x75,0xb5,0x75,0xbd,0x75,0xbd,0x75,0xbd,0x95,0xbd,0x96,0xc5,0x96,0xbd,0x95,0xc5,0xb6,0xbd,0x95,0xc5,0x96,0xbd,0x75,0xbd,
    0x75,0xb5,0x55,0xad,0x55,0xad,0x14,0xa5,0x35,0xa5,0x35,0xa5,0x34,0xad,0x35,0xa5,0x34,0xad,0x35,0xad,0x34,0xad,0x34,0xad,
    0x34,0xb5,0x54,0xb5,0x35,0xb5,0x54,0xb5,0x54,0xb5,0x55,0xb5,0x54,0xb5,0x54,0xbd,0x55,0xb5,0x54,0xb5,0x55,0xb5,0x54,0xb5,
    0x55,0xad,0x54,0xb5,0x55,0xad,0x35,0xad,0x55,0xad,0x35,0xa5,0x55,0xa5,0x35,0xa5,0x55,0xad,0x35,0xad,0x55,0xad,0x55,0xad,
    0x55,0xad,0x55,0xad,0x55,0xad,0x55,0xad,0x35,0xad,0x55,0xad,0x55,0xad,0x55,0xad,0x55,0xad,0x55,0xad,0x55,0xad,0x35,0xad,
    0x55,0xad,0x35,0xa5,0x34,0xad,0x15,0xa5,0x14,0xa5,0x14,0x9d,0xf4,0xa4,0xf4,0x9c,0xf4,0x9c,0xf4,0x9c,0xf4,0x9c,0xf4,0x9c,
    0x14,0x9d,0x14,0xa5,0xf4,0x9c,0xf4,0x9c,0xf4,0x9c,0xd3,0x9c,0xd4,0x94,0xd3,0x8c,0xb3,0x8c,0xb4,0x8c,0xb3,0x84,0x93,0x84,
    0xb3,0x84,0xb3,0x84,0x93,0x84,0x93,0x84,0x93,0x84,0x93,0x84,0x92,0x84,0x93,0x7c,0x93,0x84,0x93,0x84,0xb3,0x8c,0xd3,0x94,
    0xd3,0x94,0xd4,0x94,0xf3,0x94,0xd4,0x9c,0xd3,0x9c,0xf4,0x94,0xd3,0x94,0xd4,0x94,0xd3,0x94,0xd3,0x94,0xd4,0x94,0xd3,0x94,
    0xb4,0x8c,0xb3,0x8c,0xb3,0x94,0xb2,0x8c,0x93,0x8c,0x92,0x8c,0x72,0x84,0x71,0x84,0x52,0x7c,0x51,0x7c,0x31,0x7c,0x31,0x7c,
    0x11,0x74,0x10,0x7c,0x31,0x74,0x31,0x7c,0x31,0x7c,0x51,0x84,0x51,0x84,0x72,0x84,0x71,0x8c,0x72,0x8c,0x92,0x8c,0x92,0x8c,
    0x92,0x8c,0x92,0x8c,0x92,0x8c,0x92,0x8c,0x92,0x8c,0x72,0x84,0x72,0x84,0x72,0x84,0x72,0x84,0x72,0x8c,0x92,0x84,0x72,0x84,
    0x72,0x8c,0x71,0x8c,0x72,0x84,0x72,0x8c,0x72,0x84,0x72,0x84,0x72,0x84,0x72,0x84,0x72,0x84,0x51,0x7c,0x52,0x84,0x51,0x7c,
    0x31,0x7c,0x31,0x7c,0x31,0x7c,0x51,0x74,0x76,0xb5,0x95,0xbd,0x76,0xb5,0x75,0xbd,0x76,0xb5,0x75,0xb5,0x76,0xbd,0x75,0xb5,
    0x76,0xbd,0x75,0xb5,0x76,0xbd,0x75,0xb5,0x76,0xbd,0x95,0xb5,0x96,0xbd,0x96,0xbd,0x95,0xbd,0x95,0xc5,0xb6,0xc5,0x95,0xbd,
    0x96,0xc5,0x95,0xbd,0x75,0xbd,0x75,0xb5,0x55,0xad,0x55,0xa5,0x35,0xa5,0x15,0xa5,0x34,0xa5,0x15,0xa5,0x35,0xa5,0x14,0xa5,
    0x15,0xa5,0x14,0xa5,0x14,0xa5,0x34,0xa5,0x14,0xad,0x34,0xad,0x34,0xad,0x34,0xb5,0x34,0xb5,0x34,0xb5,0x34,0xb5,0x54,0xb5,
    0x55,0xb5,0x54,0xb5,0x55,0xb5,0x55,0xb5,0x55,0xb5,0x55,0xb5,0x55,0xb5,0x55,0xad,0x55,0xad,0x55,0xad,0x35,0xad,0x55,0xad,
    0x35,0xa5,0x55,0xad,0x55,0xa5,0x35,0xad,0x55,0xad,0x56,0xad,0x35,0xad,0x55,0xa5,0x35,0xa5,0x35,0xa5,0x35,0xa5,0x35,0xad,
    0x55,0xa5,0x35,0xad,0x35,0xa5,0x35,0xa5,0x34,0xa5,0x35,0xa5,0x15,0xa5,0x14,0xa5,0x14,0x9d,0xf4,0x9c,0xf4,0x9c,0xf4,0x9c,
    0xf4,0x9c,0x14,0x9d,0xf4,0x9c,0x14,0xa5,0x15,0x9d,0x14,0xa5,0x35,0x9d,0x14,0xa5,0x14,0x9d,0x14,0x9d,0xd4,0x94,0xf3,0x94,
    0xd3,0x8c,0xb3,0x8c,0xb3,0x84,0x93,0x84,0xb3,0x84,0x93,0x84,0xb2,0x84,0x93,0x84,0xb2,0x84,0x93,0x84,0x93,0x84,0x93,0x84,
    0xb2,0x84,0xb3,0x84,0xb3,0x84,0xb4,0x8c,0xd3,0x8c,0xb3,0x8c,0xd3,0x8c,0xd4,0x8c,0xb3,0x8c,0xd3,0x94,0xd3,0x8c,0xb3,0x8c,
    0xb3,0x8c,0xb3,0x8c,0xb3,0x84,0xb3,0x8c,0xb3,0x84,0xb3,0x84,0x93,0x84,0x92,0x84,0x92,0x84,0x72,0x84,0x72,0x84,0x72,0x84,
    0x51,0x84,0x52,0x84,0x51,0x84,0x51,0x84,0x71,0x84,0x72,0x8c,0x72,0x8c,0x71,0x8c,0x72,0x8c,0x92,0x8c,0x92,0x94,0x92,0x94,
    0x92,0x94,0xb2,0x94,0x92,0x94,0x92,0x94,0xb2,0x94,0x93,0x94,0x92,0x8c,0x72,0x8c,0x92,0x8c,0x92,0x8c,0x72,0x84,0x92,0x8c,
    0x92,0x84,0x92,0x8c,0x72,0x8c,0x92,0x8c,0x92,0x8c,0xb2,0x94,0x92,0x94,0xb2,0x94,0xb2,0x94,0xb2,0x94,0xb2,0x94,0x92,0x8c,
    0x92,0x94,0x92,0x8c,0x72,0x8c,0x72,0x84,0x72,0x84,0x71,0x84,0x72,0x84,0x72,0x84,0x96,0xbd,0x95,0xbd,0x96,0xbd,0x76,0xb5,
    0x75,0xbd,0x75,0xb5,0x75,0xbd,0x75,0xb5,0x75,0xb5,0x75,0xb5,0x75,0xb5,0x75,0xb5,0x75,0xb5,0x75,0xbd,0x75,0xbd,0x75,0xbd,
    0x96,0xbd,0x95,0xbd,0x75,0xbd,0x95,0xbd,0x75,0xbd,0x76,0xbd,0x75,0xb5,0x76,0xad,0x55,0xad,0x35,0xad,0x35,0xa5,0x35,0xad,
    0x35,0xa5,0x14,0xa5,0x35,0xa5,0x14,0xa5,0x34,0xa5,0x15,0xa5,0x34,0xa5,0x14,0xad,0x14,0xa5,0x14,0xad,0x14,0xad,0x33,0xb5,
    0x34,0xad,0x34,0xb5,0x34,0xb5,0x55,0xb5,0x34,0xb5,0x55,0xb5,0x55,0xb5,0x54,0xb5,0x75,0xb5,0x55,0xb5,0x55,0xb5,0x55,0xad,
    0x56,0xad,0x55,0xad,0x55,0xad,0x35,0xa5,0x35,0xa5,0x35,0xa5,0x35,0xa5,0x35,0xa5,0x55,0xad,0x35,0xa5,0x55,0xa5,0x35,0xad,
    0x35,0xa5,0x55,0xad,0x35,0xa5,0x35,0xa5,0x35,0xa5,0x35,0xa5,0x34,0xa5,0x35,0xa5,0x35,0xa5,0x15,0xa5,0x34,0xa5,0x15,0x9d,
    0x14,0x9d,0x14,0x9d,0xf4,0x9c,0x14,0x9d,0xf4,0x9c,0x14,0xa5,0x14,0x9d,0x14,0xa5,0x35,0xa5,0x14,0xa5,0x15,0xa5,0x35,0xa5,
    0x14,0xa5,0x14,0xa5,0xf4,0x9c,0xf4,0x9c,0xd4,0x9c,0xd3,0x94,0xd3,0x94,0xd3,0x94,0xd3,0x94,0xd3,0x94,0xd4,0x94,0xf3,0x94,
    0xd4,0x94,0xd3,0x8c,0xd3,0x94,0xd4,0x8c,0xd3,0x8c,0xd4,0x94,0xd3,0x8c,0xb3,0x8c,0xd4,0x8c,0xd3,0x8c,0xb4,0x8c,0xd3,0x8c,
    0xb3,0x8c,0xb4,0x84,0xb3,0x8c,0xb3,0x84,0xb3,0x84,0x93,0x84,0x93,0x84,0x93,0x84,0x92,0x84,0x92,0x84,0x72,0x84,0x93,0x84,
    0x72,0x7c,0x52,0x7c,0x51,0x7c,0x51,0x74,0x51,0x7c,0x51,0x7c,0x51,0x84,0x52,0x84,0x71,0x8c,0x72,0x8c,0x72,0x8c,0x92,0x94,
    0x92,0x94,0xb2,0x9c,0xb2,0x9c,0xb2,0x9c,0xd3,0x9c,0xd3,0x9c,0xd3,0xa4,0xd3,0xa4,0xd2,0xa4,0xf3,0x9c,0xd2,0x9c,0xd3,0x9c,
    0xb2,0x9c,0xb3,0x94,0xb2,0x94,0xb2,0x94,0x92,0x94,0xb2,0x8c,0x92,0x94,0xb2,0x94,0xb2,0x94,0xb3,0x9c,0xd2,0x94,0xd3,0x9c,
    0xd2,0x9c,0xb3,0x9c,0xd3,0x9c,0xd2,0x9c,0xb3,0x94,0xb2,0x94,0x92,0x94,0x92,0x94,0x92,0x8c,0x92,0x94,0x92,0x8c,0x92,0x94,
    0x96,0xbd,0x96,0xbd,0x96,0xbd,0x96,0xb5,0x75,0xbd,0x76,0xb5,0x75,0xb5,0x76,0xbd,0x55,0xb5,0x75,0xb5,0x75,0xb5,0x56,0xb5,
    0x75,0xb5,0x96,0xb5,0x75,0xbd,0x75,0xb5,0x75,0xbd,0x75,0xbd,0x96,0xbd,0x75,0xbd,0x95,0xb5,0x76,0xb5,0x55,0xb5,0x55,0xad,
    0x35,0xad,0x35,0xa5,0x35,0xad,0x35,0xa5,0x35,0xa5,0x35,0xa5,0x34,0xad,0x35,0xa5,0x35,0xa5,0x14,0xad,0x35,0xa5,0x14,0xad,
    0x34,0xad,0x14,0xad,0x34,0xb5,0x34,0xad,0x34,0xb5,0x34,0xad,0x35,0xb5,0x54,0xad,0x55,0xb5,0x55,0xad,0x55,0xb5,0x55,0xb5,
    0x55,0xb5,0x55,0xb5,0x55,0xad,0x55,0xb5,0x55,0xad,0x35,0xa5,0x35,0xa5,0x35,0xa5,0x15,0xa5,0x14,0x9d,0x14,0x9d,0x14,0x9d,
    0x15,0x9d,0x14,0x9d,0x15,0x9d,0x15,0x9d,0x15,0x9d,0x15,0x9d,0x15,0x9d,0x15,0x9d,0x14,0x9d,0x15,0x9d,0x15,0x9d,0x14,0x9d,
    0x15,0x9d,0x14,0x9d,0x35,0x9d,0x15,0xa5,0x35,0xa5,0x15,0xa5,0x35,0xa5,0x34,0xa5,0x35,0xa5,0x35,0xad,0x35,0xad,0x35,0xad,
    0x35,0xad,0x35,0xb5,0x55,0xad,0x55,0xb5,0x35,0xad,0x34,0xad,0x15,0xad,0x14,0xa5,0x13,0xa5,0xf4,0xa4,0xf4,0xa4,0xf4,0x9c,
    0xf4,0xa4,0x14,0xa5,0xf4,0xa4,0x14,0xa5,0xf4,0x9c,0xf4,0x9c,0xf4,0x9c,0xf4,0x9c,0xf4,0x9c,0xf4,0x94,0xf4,0x9c,0xf4,0x94,
    0xd3,0x94,0xd4,0x94,0xd3,0x8c,0xb3,0x8c,0xb3,0x8c,0xb3,0x84,0x93,0x84,0x93,0x84,0x93,0x84,0x92,0x84,0x93,0x84,0x92,0x84,
    0x93,0x84,0x93,0x7c,0x72,0x84,0x92,0x84,0x72,0x7c,0x72,0x84,0x72,0x84,0x52,0x7c,0x51,0x7c,0x52,0x84,0x51,0x7c,0x51,0x84,
    0x72,0x84,0x71,0x8c,0x72,0x8c,0x72,0x8c,0x92,0x94,0x92,0x8c,0x92,0x94,0x92,0x94,0xb2,0x9c,0xb2,0x9c,0xd3,0x9c,0xd2,0x9c,
    0xd3,0x9c,0xf3,0xa4,0xd3,0xa4,0xf3,0x9c,0xd3,0xa4,0xd3,0x9c,0xd3,0xa4,0xd3,0x9c,0xd3,0x9c,0xd3,0xa4,0xd3,0x9c,0xf3,0xa4,
    0xd3,0xa4,0xf2,0xa4,0xd3,0xa4,0xf3,0xa4,0xd3,0xa4,0xf2,0xa4,0xf3,0xa4,0xf3,0x9c,0xd2,0xa4,0xd3,0x9c,0xd3,0x9c,0xb2,0x94,
    0xb3,0x94,0xb2,0x94,0xb3,0x94,0xb2,0x94,0x96,0xbd,0x75,0xbd,0x75,0xbd,0x76,0xb5,0x75,0xb5,0x75,0xbd,0x55,0xb5,0x75,0xb5,
    0x55,0xb5,0x55,0xb5,0x55,0xb5,0x75,0xb5,0x75,0xb5,0x75,0xb5,0x75,0xb5,0x95,0xbd,0x75,0xbd,0x75,0xb5,0x95,0xbd,0x75,0xb5,
    0x75,0xbd,0x75,0xb5,0x76,0xb5,0x75,0xb5,0x76,0xad,0x76,0xad,0x75,0xad,0x76,0xb5,0x55,0xad,0x76,0xb5,0x55,0xb5,0x55,0xb5,
    0x55,0xb5,0x55,0xb5,0x55,0xbd,0x55,0xb5,0x55,0xbd,0x75,0xbd,0x55,0xb5,0x55,0xbd,0x55,0xb5,0x75,0xbd,0x55,0xb5,0x75,0xbd,
    0x75,0xb5,0x75,0xbd,0x75,0xb5,0x75,0xb5,0x75,0xb5,0x76,0xb5,0x75,0xb5,0x76,0xb5,0x55,0xad,0x56,0xad,0x35,0xa5,0x14,0xa5,
    0x14,0x9d,0xf4,0x94,0xf4,0x94,0xd4,0x94,0xd4,0x94,0xd4,0x94,0xf3,0x94,0xd4,0x94,0xf4,0x94,0xf4,0x8c,0xf4,0x94,0xf4,0x8c,
    0xd4,0x8c,0xf4,0x94,0xf4,0x8c,0xf4,0x94,0x15,0x9d,0x14,0x9d,0x15,0xa5,0x35,0xa5,0x55,0xad,0x55,0xad,0x55,0xad,0x55,0xb5,
    0x55,0xb5,0x75,0xb5,0x75,0xb5,0x55,0xb5,0x75,0xbd,0x75,0xbd,0x75,0xbd,0x75,0xbd,0x75,0xb5,0x55,0xb5,0x55,0xb5,0x54,0xb5,
    0x35,0xad,0x34,0xad,0x35,0xad,0x34,0xad,0x34,0xad,0x34,0xad,0x35,0xad,0x34,0xad,0x15,0xa5,0x14,0xa5,0x14,0xa5,0xf4,0x9c,
    0xf4,0x9c,0xf4,0x9c,0xf4,0x9c,0xf4,0x94,0xd4,0x94,0xd3,0x94,0xd4,0x94,0xd4,0x8c,0xb3,0x8c,0xb3,0x8c,0x93,0x84,0x92,0x84,
    0x93,0x84,0x92,0x84,0x93,0x84,0x72,0x7c,0x92,0x84,0x72,0x7c,0x73,0x84,0x72,0x84,0x92,0x84,0x92,0x84,0x72,0x84,0x92,0x8c,
    0x92,0x8c,0x92,0x8c,0x92,0x94,0x92,0x94,0x72,0x8c,0x92,0x94,0x92,0x94,0x92,0x94,0x92,0x8c,0x92,0x94,0x92,0x94,0x92,0x94,
    0xb2,0x94,0xb2,0x94,0xb2,0x9c,0xb2,0x9c,0xb2,0x9c,0xd2,0x9c,0xb3,0x9c,0xd2,0x9c,0xd3,0x9c,0xd2,0x9c,0xf3,0x9c,0xd3,0x9c,
    0xf3,0xa4,0xf3,0x9c,0xf3,0xa4,0xf3,0xa4,0xf2,0xa4,0xf3,0xa4,0xf3,0xac,0xf3,0xa4,0xf3,0xac,0xf3,0xa4,0xf3,0xa4,0xf3,0xa4,
    0xf3,0xa4,0xf2,0xa4,0xd3,0x9c,0xd3,0x9c,0xd3,0x9c,0xb2,0x94,0xb3,0x94,0xb2,0x94,0x96,0xbd,0x96,0xbd,0x96,0xbd,0x95,0xbd,
    0x75,0xb5,0x75,0xb5,0x55,0xb5,0x54,0xb5,0x54,0xad,0x55,0xb5,0x75,0xb5,0x55,0xb5,0x55,0xb5,0x75,0xbd,0x75,0xb5,0x75,0xb5,
    0x75,0xb5,0x75,0xb5,0x76,0xb5,0x75,0xb5,0x76,0xb5,0x55,0xb5,0x55,0xad,0x76,0xb5,0x55,0xb5,0x76,0xb5,0x56,0xad,0x76,0xb5,
    0x76,0xb5,0x75,0xb5,0x76,0xb5,0x75,0xbd,0x75,0xbd,0x95,0xbd,0x95,0xbd,0x95,0xc5,0x95,0xc5,0x95,0xbd,0x95,0xc5,0x95,0xbd,
    0x95,0xc5,0x95,0xbd,0x96,0xbd,0x95,0xbd,0x96,0xbd,0x96,0xbd,0x96,0xbd,0x96,0xbd,0x96,0xbd,0x76,0xb5,0x76,0xb5,0x55,0xad,
    0x56,0xad,0x35,0xa5,0x14,0x9d,0x14,0x9d,0xf4,0x94,0xf4,0x94,0xd4,0x94,0xd4,0x94,0xf3,0x94,0xd4,0x8c,0xd4,0x94,0xf4,0x8c,
    0xd4,0x94,0xf4,0x8c,0xd4,0x8c,0xd4,0x8c,0xd4,0x8c,0xd4,0x8c,0xd4,0x8c,0xf4,0x94,0xf4,0x94,0x15,0x9d,0x14,0x9d,0x35,0xa5,
    0x55,0xad,0x55,0xad,0x75,0xb5,0x75,0xb5,0x76,0xbd,0x75,0xb5,0x75,0xbd,0x96,0xbd,0x76,0xbd,0x96,0xbd,0x96,0xbd,0x75,0xbd,
    0x76,0xbd,0x75,0xbd,0x75,0xb5,0x55,0xb5,0x55,0xb5,0x55,0xb5,0x55,0xb5,0x34,0xad,0x35,0xad,0x35,0xb5,0x34,0xad,0x35,0xad,
    0x34,0xad,0x15,0xa5,0x14,0xa5,0x14,0x9d,0xf4,0x9c,0xf4,0x9c,0xf4,0x94,0xf4,0x9c,0xf4,0x94,0xf4,0x94,0xd3,0x94,0xd4,0x94,
    0xb3,0x8c,0xb3,0x8c,0xb3,0x84,0xb3,0x84,0x93,0x84,0x92,0x7c,0x73,0x84,0x72,0x84,0x73,0x84,0x92,0x84,0x93,0x7c,0x92,0x84,
    0x93,0x84,0x92,0x84,0x92,0x8c,0x93,0x8c,0x92,0x8c,0x93,0x94,0xb2,0x94,0xb3,0x94,0xb2,0x9c,0x92,0x94,0xb2,0x94,0x92,0x94,
    0x92,0x9c,0xb2,0x94,0xb2,0x9c,0xb3,0x94,0xb3,0x9c,0xd2,0x9c,0xb3,0x9c,0xd3,0x9c,0xd3,0xa4,0xd3,0x9c,0xd3,0x9c,0xd3,0x9c,
    0xd3,0x9c,0xd3,0x9c,0xd3,0x9c,0xd2,0x9c,0xd3,0xa4,0xf2,0xa4,0xd3,0xa4,0xf2,0xa4,0xf3,0xa4,0xf3,0xac,0xf3,0xa4,0xf3,0xac,
    0xf3,0xa4,0xf2,0xa4,0x13,0xa5,0xf2,0xa4,0xf3,0xa4,0xd3,0x9c,0xb2,0x9c,0xb2,0x9c,0xb2,0x94,0x92,0x94,0xb2,0x94,0x93,0x94,
    0x95,0xbd,0x96,0xbd,0x75,0xb5,0x75,0xb5,0x55,0xb5,0x55,0xb5,0x54,0xad,0x35,0xb5,0x55,0xad,0x54,0xb5,0x55,0xb5,0x75,0xb5,
    0x75,0xb5,0x55,0xb5,0x75,0xb5,0x55,0xb5,0x55,0xb5,0x55,0xad,0x55,0xad,0x56,0xad,0x55,0xa5,0x55,0xad,0x56,0xad,0x55,0xad,
    0x76,0xad,0x75,0xad,0x76,0xb5,0x75,0xad,0x76,0xb5,0x75,0xb5,0x96,0xbd,0x75,0xb5,0x95,0xbd,0x96,0xbd,0x95,0xc5,0x95,0xbd,
    0x95,0xc5,0x75,0xc5,0x95,0xc5,0x96,0xc5,0x95,0xbd,0x76,0xc5,0x95,0xbd,0x96,0xbd,0x96,0xbd,0x76,0xbd,0x96,0xbd,0x96,0xbd,
    0x76,0xb5,0x95,0xb5,0x76,0xb5,0x55,0xad,0x35,0xa5,0x35,0xa5,0x14,0x95,0xf4,0x94,0xd4,0x8c,0xd4,0x8c,0xb3,0x8c,0xb3,0x84,
    0xb3,0x84,0xb3,0x84,0xb3,0x84,0xd3,0x8c,0xb3,0x84,0xd4,0x8c,0xd3,0x8c,0xf4,0x8c,0xf4,0x94,0xf4,0x94,0x14,0x9d,0x14,0x9d,
    0x15,0x9d,0x34,0xa5,0x35,0xad,0x55,0xad,0x55,0xb5,0x75,0xb5,0x76,0xbd,0x75,0xbd,0x75,0xbd,0x96,0xbd,0x75,0xbd,0x75,0xbd,
    0x75,0xb5,0x75,0xbd,0x75,0xbd,0x75,0xb5,0x75,0xbd,0x55,0xb5,0x55,0xb5,0x54,0xb5,0x34,0xb5,0x34,0xad,0x34,0xad,0x34,0xad,
    0x34,0xad,0x34,0xad,0x14,0xa5,0x14,0xa5,0xf4,0xa4,0xf4,0x9c,0xd3,0x94,0xd4,0x94,0xd4,0x8c,0xd3,0x8c,0xb3,0x94,0xd3,0x8c,
    0xb3,0x8c,0xb3,0x8c,0xb3,0x84,0x93,0x84,0x92,0x7c,0x73,0x7c,0x72,0x7c,0x72,0x7c,0x52,0x74,0x52,0x74,0x51,0x74,0x52,0x6c,
    0x51,0x74,0x52,0x74,0x51,0x7c,0x52,0x7c,0x72,0x7c,0x72,0x84,0x92,0x84,0x92,0x8c,0x92,0x94,0xb3,0x94,0xb2,0x9c,0xb3,0x94,
    0xb2,0x9c,0xb3,0x94,0xb2,0x9c,0x92,0x94,0x92,0x94,0xb2,0x94,0x92,0x94,0xb2,0x9c,0xb3,0x9c,0xd3,0x9c,0xd3,0xa4,0xd3,0xa4,
    0xf3,0xa4,0xd3,0xa4,0xd3,0xa4,0xd2,0x9c,0xd3,0xa4,0xd3,0x9c,0xd3,0x9c,0xb2,0x9c,0xd3,0x9c,0xd3,0x94,0xd2,0x9c,0xd3,0xa4,
    0xd3,0x9c,0xf3,0xa4,0xd3,0xa4,0xf2,0xa4,0xf3,0xa4,0xf3,0xa4,0xf3,0xa4,0xd2,0xa4,0xb2,0x9c,0xb2,0x94,0xb2,0x94,0x92,0x94,
    0x92,0x94,0x92,0x8c,0x72,0x8c,0x92,0x8c,0x76,0xb5,0x75,0xb5,0x76,0xb5,0x55,0xb5,0x55,0xb5,0x55,0xb5,0x55,0xad,0x54,0xb5,
    0x55,0xb5,0x55,0xb5,0x54,0xb5,0x55,0xad,0x55,0xad,0x55,0xad,0x55,0xad,0x35,0xa5,0x36,0xa5,0x35,0xa5,0x35,0xa5,0x35,0xa5,
    0x35,0xa5,0x35,0xa5,0x55,0xa5,0x56,0xad,0x75,0xad,0x56,0xb5,0x76,0xad,0x76,0xb5,0x76,0xb5,0x96,0xb5,0x75,0xbd,0x96,0xbd,
    0x96,0xbd,0x75,0xbd,0x96,0xbd,0x95,0xc5,0x95,0xc5,0x96,0xbd,0x95,0xc5,0x95,0xc5,0x95,0xbd,0x96,0xc5,0x95,0xbd,0x95,0xc5,
    0x95,0xbd,0x75,0xbd,0x96,0xbd,0x75,0xb5,0x96,0xb5,0x55,0xb5,0x56,0xad,0x55,0xa5,0x15,0xa5,0x14,0x95,0xf4,0x94,0xb4,0x84,
    0x93,0x84,0x72,0x7c,0x72,0x74,0x93,0x7c,0x72,0x7c,0x93,0x84,0xb3,0x84,0xb3,0x84,0xb4,0x8c,0xd3,0x8c,0xd4,0x94,0xd4,0x94,
    0xf4,0x94,0x14,0x9d,0x15,0x9d,0x35,0xa5,0x55,0xad,0x55,0xb5,0x75,0xb5,0x75,0xb5,0x76,0xbd,0x95,0xbd,0x96,0xbd,0x95,0xbd,
    0x76,0xbd,0x95,0xbd,0x96,0xbd,0x75,0xbd,0x96,0xb5,0x75,0xb5,0x75,0xb5,0x55,0xb5,0x55,0xb5,0x54,0xb5,0x34,0xad,0x14,0xad,
    0x14,0xa5,0x14,0xa5,0xf4,0xa4,0xf3,0xa4,0xf4,0xa4,0xf3,0x9c,0xf3,0x9c,0xd3,0x9c,0xd3,0x94,0xb3,0x94,0xb3,0x8c,0xb2,0x84,
    0x93,0x84,0x93,0x7c,0x92,0x7c,0x73,0x7c,0x92,0x7c,0x93,0x7c,0x72,0x7c,0x92,0x7c,0x73,0x7c,0x72,0x7c,0x52,0x74,0x52,0x6c,
    0x51,0x6c,0x31,0x6c,0x11,0x64,0x11,0x6c,0x11,0x64,0x11,0x64,0x11,0x64,0x31,0x6c,0x31,0x6c,0x51,0x74,0x52,0x7c,0x72,0x7c,
    0x72,0x84,0x92,0x8c,0x92,0x8c,0x92,0x94,0x92,0x94,0x92,0x94,0xb2,0x94,0x93,0x94,0xb2,0x94,0x93,0x9c,0xb2,0x94,0x92,0x94,
    0x92,0x94,0xb2,0x94,0xb2,0x94,0xd3,0x9c,0xd2,0x9c,0xd3,0x9c,0xd3,0x9c,0xd3,0x9c,0xb2,0x9c,0xb2,0x94,0xb2,0x94,0xb2,0x94,
    0x92,0x94,0x92,0x94,0xb2,0x94,0xb3,0x94,0xb2,0x94,0xb2,0x9c,0xb2,0x9c,0xd3,0x9c,0xd2,0x9c,0xd3,0xa4,0xd2,0x9c,0xd3,0x9c,
    0xb2,0x94,0xb3,0x9c,0x92,0x94,0x93,0x94,0x92,0x8c,0x92,0x94,0x92,0x8c,0x72,0x8c,0x76,0xb5,0x76,0xbd,0x76,0xb5,0x75,0xb5,
    0x76,0xb5,0x75,0xb5,0x75,0xb5,0x75,0xb5,0x55,0xb5,0x75,0xb5,0x55,0xb5,0x75,0xad,0x55,0xad,0x55,0xad,0x55,0xad,0x55,0xad,
    0x35,0xa5,0x35,0xa5,0x35,0x9d,0x35,0xa5,0x35,0xa5,0x55,0xa5,0x56,0xad,0x56,0xb5,0x76,0xad,0x76,0xb5,0x96,0xb5,0x96,0xbd,
    0x96,0xbd,0x96,0xbd,0x96,0xbd,0x96,0xbd,0x96,0xc5,0xb6,0xc5,0x96,0xc5,0xb6,0xc5,0x96,0xc5,0x96,0xc5,0x96,0xc5,0x96,0xc5,
    0xb5,0xc5,0x96,0xc5,0x95,0xc5,0x96,0xbd,0x96,0xbd,0x96,0xbd,0x96,0xbd,0x75,0xbd,0x76,0xb5,0x75,0xb5,0x55,0xad,0x35,0xa5,
    0x14,0x9d,0xf4,0x94,0xb3,0x8c,0x92,0x84,0x72,0x7c,0x51,0x74,0x52,0x74,0x31,0x74,0x72,0x7c,0x72,0x7c,0x93,0x84,0xb3,0x94,
    0xb3,0x94,0xd4,0x94,0xf4,0x9c,0x14,0x9d,0x14,0xa5,0x15,0xa5,0x34,0xad,0x35,0xad,0x55,0xad,0x75,0xb5,0x75,0xbd,0x96,0xbd,
    0x95,0xc5,0x96,0xc5,0x96,0xc5,0x96,0xc5,0x96,0xc5,0x95,0xbd,0x96,0xbd,0x75,0xbd,0x75,0xbd,0x75,0xb5,0x55,0xb5,0x55,0xad,
    0x35,0xad,0x14,0xa5,0x14,0xa5,0x14,0xa5,0xd4,0x9c,0xd3,0x9c,0xd3,0x94,0xd3,0x94,0xb3,0x9c,0xb3,0x94,0xb3,0x94,0xb2,0x8c,
    0x93,0x8c,0x92,0x84,0x92,0x84,0x73,0x7c,0x72,0x7c,0x72,0x7c,0x72,0x7c,0x92,0x84,0x73,0x7c,0x72,0x84,0x93,0x7c,0x72,0x7c,
    0x72,0x7c,0x72,0x7c,0x72,0x74,0x52,0x74,0x52,0x74,0x52,0x74,0x31,0x6c,0x11,0x6c,0x11,0x6c,0x11,0x6c,0x31,0x6c,0x11,0x6c,
    0x11,0x6c,0x31,0x6c,0x31,0x74,0x31,0x74,0x52,0x74,0x51,0x7c,0x51,0x7c,0x72,0x84,0x71,0x84,0x72,0x8c,0x92,0x84,0x71,0x8c,
    0x92,0x8c,0x92,0x8c,0x92,0x8c,0x93,0x94,0xb2,0x94,0xb3,0x94,0xb3,0x94,0xb2,0x94,0xb3,0x94,0xd2,0x9c,0xd3,0x94,0xb2,0x9c,
    0xd3,0x94,0xb3,0x94,0xb3,0x9c,0xb3,0x94,0xb2,0x94,0x92,0x94,0x92,0x94,0x92,0x94,0xb2,0x94,0x93,0x94,0xb2,0x94,0xb2,0x94,
    0xb3,0x94,0xb2,0x94,0xb3,0x94,0xb2,0x9c,0xb3,0x94,0xb2,0x94,0xb3,0x94,0xb2,0x94,0xb2,0x94,0x93,0x94,0x92,0x94,0x92,0x94,
    0x76,0xb5,0x75,0xad,0x76,0xb5,0x76,0xad,0x75,0xb5,0x56,0xb5,0x55,0xb5,0x76,0xb5,0x55,0xad,0x55,0xb5,0x76,0xb5,0x55,0xad,
    0x55,0xad,0x35,0xad,0x35,0xa5,0x35,0xa5,0x15,0x9d,0x35,0x9d,0x15,0x9d,0x35,0xa5,0x35,0xa5,0x55,0xa5,0x56,0xad,0x75,0xad,
    0x76,0xb5,0x76,0xb5,0x96,0xb5,0x96,0xb5,0x76,0xb5,0x96,0xbd,0x96,0xbd,0x96,0xbd,0x96,0xbd,0xb6,0xc5,0x96,0xc5,0xb6,0xc5,
    0xb6,0xc5,0xb6,0xc5,0x95,0xc5,0xb6,0xc5,0x95,0xc5,0x96,0xc5,0x95,0xbd,0x76,0xbd,0x75,0xbd,0x75,0xbd,0x75,0xbd,0x76,0xb5,
    0x75,0xb5,0x55,0xb5,0x55,0xad,0x35,0xad,0x14,0xa5,0xf4,0x9c,0xd3,0x94,0xb3,0x8c,0x93,0x8c,0x72,0x84,0x51,0x8c,0x72,0x84,
    0x52,0x8c,0x72,0x84,0x92,0x8c,0xb3,0x94,0xd3,0x94,0xd3,0x9c,0xf3,0x9c,0xf4,0x9c,0x14,0xa5,0x14,0xa5,0x34,0xad,0x35,0xad,
    0x54,0xb5,0x55,0xbd,0x75,0xbd,0x75,0xbd,0x96,0xbd,0x95,0xc5,0x95,0xbd,0x95,0xc5,0x96,0xbd,0x95,0xc5,0x75,0xbd,0x75,0xb5,
    0x76,0xb5,0x55,0xad,0x35,0xad,0x35,0xa5,0x14,0xa5,0x14,0x9d,0xd4,0x9c,0xd3,0x94,0xd3,0x94,0xb3,0x8c,0x92,0x8c,0x92,0x8c,
    0x92,0x84,0x92,0x84,0x92,0x84,0x72,0x84,0x72,0x7c,0x72,0x74,0x72,0x74,0x72,0x74,0x72,0x74,0x72,0x7c,0x93,0x7c,0x72,0x7c,
    0x93,0x84,0xb3,0x84,0x93,0x84,0x93,0x84,0x93,0x84,0x93,0x84,0x93,0x84,0x92,0x84,0x93,0x84,0x72,0x84,0x73,0x84,0x72,0x7c,
    0x72,0x7c,0x52,0x7c,0x72,0x74,0x51,0x7c,0x52,0x7c,0x51,0x7c,0x52,0x74,0x31,0x74,0x51,0x74,0x51,0x7c,0x52,0x7c,0x51,0x7c,
    0x51,0x84,0x71,0x84,0x51,0x84,0x52,0x84,0x51,0x84,0x51,0x84,0x51,0x84,0x72,0x84,0x72,0x84,0x92,0x8c,0x92,0x94,0x92,0x8c,
    0xb3,0x94,0x92,0x94,0xb3,0x94,0xb3,0x8c,0xb2,0x94,0xb2,0x94,0xb2,0x94,0x92,0x8c,0x92,0x94,0xb3,0x8c,0x92,0x8c,0x93,0x94,
    0xb2,0x94,0xb3,0x94,0xb2,0x94,0xb3,0x94,0xb2,0x94,0xb2,0x94,0xb2,0x9c,0xb2,0x94,0xd2,0x9c,0xb3,0x94,0xb2,0x9c,0xb3,0x9c,
    0xb2,0x9c,0x92,0x94,0xb2,0x94,0x92,0x94,0x56,0xa5,0x55,0xa5,0x56,0xa5,0x55,0xa5,0x35,0xa5,0x35,0xa5,0x35,0x9d,0x35,0xa5,
    0x35,0xa5,0x35,0xa5,0x15,0x9d,0x35,0xa5,0x15,0x9d,0x14,0x9d,0xf5,0x94,0xf4,0x94,0x14,0x8d,0xf4,0x94,0x15,0x95,0x14,0x95,
    0x35,0x9d,0x35,0xa5,0x35,0xa5,0x56,0xa5,0x55,0xad,0x56,0xad,0x76,0xad,0x55,0xad,0x76,0xb5,0x76,0xad,0x75,0xb5,0x76,0xb5,
    0x75,0xb5,0x75,0xbd,0x75,0xb5,0x75,0xbd,0x75,0xbd,0x75,0xbd,0x75,0xbd,0x75,0xbd,0x75,0xbd,0x55,0xb5,0x55,0xbd,0x55,0xbd,
    0x75,0xb5,0x55,0xbd,0x75,0xb5,0x55,0xb5,0x75,0xb5,0x55,0xb5,0x55,0xb5,0x55,0xad,0x35,0xad,0x15,0xa5,0x14,0xa5,0xf4,0x9c,
    0xd3,0x9c,0xd3,0x9c,0xd4,0x9c,0xb3,0x9c,0xd3,0x9c,0xd3,0x9c,0xd3,0x9c,0xf3,0xa4,0xd4,0xa4,0x14,0x9d,0xf4,0xa4,0x34,0xad,
    0x34,0xad,0x34,0xb5,0x54,0xb5,0x55,0xbd,0x75,0xbd,0x74,0xc5,0x95,0xbd,0x95,0xc5,0x96,0xc5,0xb5,0xc5,0x96,0xc5,0xb6,0xc5,
    0x96,0xc5,0x96,0xc5,0x96,0xbd,0x95,0xbd,0x76,0xb5,0x55,0xb5,0x55,0xad,0x35,0xa5,0x14,0x9d,0xf4,0x9c,0xf4,0x94,0xb3,0x8c,
    0xb3,0x8c,0x92,0x7c,0x73,0x7c,0x72,0x7c,0x72,0x74,0x52,0x74,0x52,0x6c,0x52,0x6c,0x31,0x6c,0x32,0x6c,0x31,0x6c,0x32,0x6c,
    0x52,0x74,0x72,0x74,0x72,0x7c,0x93,0x84,0x93,0x84,0x92,0x84,0xb3,0x84,0xb3,0x8c,0xb3,0x8c,0x92,0x8c,0x92,0x8c,0x93,0x8c,
    0x92,0x84,0x92,0x84,0x93,0x84,0x92,0x84,0x93,0x84,0x92,0x84,0x72,0x84,0x92,0x84,0x72,0x7c,0x72,0x7c,0x52,0x84,0x72,0x7c,
    0x52,0x7c,0x52,0x7c,0x51,0x7c,0x72,0x7c,0x51,0x84,0x72,0x84,0x71,0x84,0x71,0x84,0x52,0x84,0x71,0x8c,0x72,0x84,0x71,0x84,
    0x71,0x8c,0x72,0x8c,0x72,0x8c,0x92,0x8c,0x92,0x8c,0x92,0x8c,0x92,0x8c,0x92,0x8c,0x92,0x8c,0x73,0x84,0x72,0x84,0x72,0x84,
    0x72,0x84,0x72,0x84,0x92,0x84,0x92,0x84,0x92,0x8c,0x92,0x8c,0x92,0x8c,0x92,0x8c,0x93,0x94,0xb2,0x94,0xb3,0x94,0xb2,0x94,
    0xb3,0x94,0xb2,0x94,0x92,0x94,0x92,0x94,0x92,0x94,0x92,0x94,0x92,0x94,0x91,0x94,0x35,0x9d,0x36,0x9d,0x35,0x95,0x36,0x9d,
    0x35,0x95,0x35,0x95,0x15,0x95,0x15,0x95,0x15,0x95,0x14,0x95,0xf4,0x94,0xf4,0x8c,0xf4,0x84,0xd4,0x7c,0xd4,0x7c,0xb4,0x74,
    0xd4,0x7c,0xd4,0x7c,0xd4,0x7c,0xf5,0x84,0xf5,0x94,0x15,0x95,0x35,0x9d,0x35,0x9d,0x55,0x9d,0x35,0x9d,0x55,0xa5,0x36,0x9d,
    0x55,0xa5,0x35,0x9d,0x55,0xa5,0x35,0xa5,0x35,0xa5,0x55,0xa5,0x35,0xad,0x35,0xa5,0x34,0xad,0x34,0xad,0x34,0xad,0x34,0xad,
    0x34,0xb5,0x34,0xb5,0x54,0xad,0x34,0xb5,0x55,0xb5,0x54,0xb5,0x55,0xbd,0x75,0xb5,0x75,0xbd,0x76,0xbd,0x75,0xbd,0x75,0xb5,
    0x75,0xb5,0x55,0xb5,0x55,0xb5,0x35,0xad,0x34,0xad,0x14,0xad,0x14,0xad,0x14,0xad,0x14,0xad,0x14,0xad,0x14,0xad,0x35,0xad,
    0x34,0xad,0x34,0xb5,0x55,0xb5,0x54,0xb5,0x55,0xbd,0x75,0xbd,0x75,0xbd,0x75,0xc5,0x95,0xc5,0x95,0xc5,0x96,0xc5,0xb5,0xc5,
    0xb6,0xcd,0xb5,0xc5,0xb6,0xcd,0xb5,0xc5,0x96,0xc5,0x95,0xc5,0x96,0xbd,0x96,0xbd,0x75,0xb5,0x56,0xb5,0x55,0xa5,0x35,0xa5,
    0xf4,0x9c,0xf4,0x94,0xd4,0x8c,0xb3,0x8c,0x93,0x84,0x92,0x7c,0x72,0x7c,0x72,0x7c,0x52,0x74,0x52,0x74,0x51,0x74,0x32,0x74,
    0x31,0x74,0x52,0x74,0x52,0x74,0x72,0x7c,0x72,0x7c,0x93,0x84,0xd3,0x94,0xd4,0x94,0xd3,0x94,0xf4,0x9c,0xd3,0x9c,0xd4,0x9c,
    0xf3,0x9c,0xd4,0x9c,0xd3,0x9c,0xb3,0x9c,0xd4,0x9c,0xb3,0x94,0xb3,0x94,0xb3,0x94,0xd3,0x94,0xb3,0x94,0xb3,0x94,0xb3,0x94,
    0x93,0x94,0x92,0x8c,0x93,0x8c,0x72,0x8c,0x72,0x84,0x72,0x84,0x71,0x84,0x72,0x84,0x51,0x84,0x71,0x84,0x52,0x84,0x71,0x8c,
    0x72,0x8c,0x71,0x8c,0x72,0x8c,0x71,0x8c,0x72,0x8c,0x92,0x8c,0x92,0x8c,0x92,0x8c,0x92,0x8c,0x92,0x8c,0x92,0x8c,0x72,0x84,
    0x72,0x84,0x72,0x84,0x72,0x7c,0x52,0x7c,0x51,0x7c,0x52,0x74,0x51,0x7c,0x52,0x7c,0x72,0x7c,0x72,0x7c,0x72,0x84,0x72,0x84,
    0x92,0x84,0x72,0x8c,0x92,0x8c,0x92,0x8c,0x92,0x8c,0x92,0x94,0x92,0x8c,0x92,0x8c,0x92,0x94,0x72,0x94,0x92,0x94,0x92,0x94,
    0x15,0x85,0xf5,0x84,0xf5,0x8c,0xf4,0x84,0xf5,0x84,0xf4,0x8c,0xf5,0x84,0xf4,0x84,0xd4,0x84,0xd4,0x7c,0xb4,0x74,0xb4,0x6c,
    0x94,0x6c,0x93,0x64,0x94,0x64,0x93,0x6c,0x94,0x6c,0x94,0x74,0xd4,0x74,0xd4,0x7c,0xf4,0x84,0xf5,0x84,0x15,0x8d,0x15,0x95,
    0x15,0x95,0x35,0x95,0x15,0x95,0x35,0x9d,0x35,0x95,0x35,0x9d,0x15,0x95,0x35,0x95,0x15,0x9d,0x15,0x9d,0x35,0x9d,0x14,0x9d,
    0x15,0x9d,0xf4,0x94,0xf4,0x9c,0xf4,0x9c,0xf4,0x9c,0x14,0xa5,0x14,0xa5,0x15,0xad,0x34,0xad,0x35,0xad,0x55,0xb5,0x75,0xb5,
    0x75,0xbd,0x75,0xb5,0x96,0xbd,0x75,0xbd,0x75,0xbd,0x75,0xbd,0x75,0xbd,0x55,0xb5,0x54,0xbd,0x34,0xb5,0x54,0xb5,0x34,0xb5,
    0x34,0xb5,0x34,0xb5,0x54,0xb5,0x55,0xb5,0x55,0xb5,0x55,0xb5,0x54,0xb5,0x75,0xb5,0x75,0xbd,0x55,0xbd,0x75,0xc5,0x95,0xbd,
    0x95,0xc5,0x95,0xc5,0x95,0xc5,0x95,0xc5,0x95,0xc5,0x95,0xc5,0x96,0xc5,0x95,0xc5,0x96,0xc5,0x95,0xbd,0x75,0xbd,0x75,0xb5,
    0x55,0xad,0x55,0xad,0x15,0xa5,0x14,0x9d,0xf4,0x94,0xf4,0x94,0xd4,0x8c,0xd3,0x8c,0xb3,0x8c,0xb3,0x8c,0x93,0x8c,0x93,0x84,
    0x92,0x8c,0x72,0x84,0x72,0x84,0x72,0x7c,0x72,0x84,0x93,0x84,0x92,0x8c,0xb3,0x8c,0xd3,0x94,0xd4,0x94,0x14,0xa5,0x14,0xa5,
    0x35,0xad,0x14,0xad,0x35,0xad,0x34,0xad,0x14,0xad,0x34,0xad,0x14,0xad,0x14,0xa5,0x14,0xad,0x14,0xad,0x14,0xad,0x14,0xad,
    0x13,0xad,0x14,0xad,0x14,0xa5,0xf3,0xa4,0xf4,0xa4,0xf3,0xa4,0xd3,0xa4,0xd3,0x9c,0xd3,0x9c,0xd3,0x9c,0xb3,0x9c,0xb2,0x9c,
    0xb3,0x9c,0x92,0x9c,0xb2,0x9c,0x92,0x94,0x92,0x9c,0x92,0x94,0x92,0x94,0x92,0x9c,0x92,0x94,0x92,0x94,0xb2,0x94,0x92,0x94,
    0x93,0x8c,0xb3,0x94,0x93,0x8c,0x93,0x8c,0x92,0x84,0x72,0x8c,0x71,0x84,0x72,0x84,0x52,0x7c,0x51,0x84,0x52,0x7c,0x51,0x7c,
    0x52,0x7c,0x71,0x84,0x72,0x84,0x72,0x84,0x72,0x8c,0x92,0x84,0x72,0x8c,0x92,0x8c,0x72,0x8c,0x92,0x8c,0x72,0x8c,0x72,0x8c,
    0x71,0x8c,0x71,0x8c,0x71,0x94,0x71,0x8c,0xd4,0x7c,0xd4,0x7c,0xd4,0x7c,0xd4,0x7c,0xd4,0x7c,0xb4,0x74,0xb4,0x74,0xb4,0x74,
    0x93,0x6c,0x94,0x6c,0x73,0x64,0x73,0x64,0x73,0x64,0x73,0x64,0x73,0x64,0x93,0x64,0x73,0x64,0x93,0x6c,0x94,0x6c,0xb4,0x74,
    0xb4,0x74,0xd4,0x7c,0xd5,0x84,0xf4,0x7c,0xf5,0x84,0xf5,0x8c,0xf5,0x8c,0x15,0x8d,0x15,0x95,0x15,0x95,0x15,0x95,0x15,0x95,
    0x15,0x95,0x15,0x95,0xf4,0x8c,0xf5,0x94,0xf4,0x8c,0xf5,0x94,0xf4,0x8c,0xf4,0x94,0xf4,0x94,0xf5,0x94,0xf4,0x9c,0x14,0x9d,
    0x15,0xa5,0x35,0xa5,0x35,0xad,0x55,0xad,0x75,0xb5,0x75,0xbd,0x75,0xbd,0x96,0xbd,0x96,0xbd,0x75,0xbd,0x75,0xbd,0x75,0xbd,
    0x55,0xb5,0x55,0xb5,0x54,0xb5,0x55,0xb5,0x54,0xb5,0x55,0xb5,0x54,0xb5,0x54,0xb5,0x55,0xb5,0x54,0xb5,0x55,0xb5,0x54,0xb5,
    0x55,0xbd,0x54,0xbd,0x74,0xbd,0x75,0xbd,0x75,0xc5,0x95,0xc5,0x95,0xc5,0x95,0xc5,0x95,0xbd,0x75,0xbd,0x75,0xbd,0x75,0xbd,
    0x75,0xbd,0x75,0xb5,0x55,0xb5,0x55,0xad,0x35,0xad,0x35,0xa5,0x14,0xa5,0x15,0x9d,0xf4,0x9c,0xf4,0x9c,0xf4,0x94,0xf4,0x9c,
    0xf4,0x9c,0xf4,0x9c,0xf3,0x9c,0xd4,0x94,0xd3,0x94,0xd4,0x9c,0xd3,0x9c,0xd4,0x94,0xd3,0x94,0xd3,0x9c,0xf4,0x9c,0xf4,0x9c,
    0x14,0xa5,0x35,0xad,0x35,0xad,0x55,0xb5,0x55,0xb5,0x75,0xb5,0x55,0xb5,0x75,0xbd,0x55,0xb5,0x55,0xb5,0x55,0xb5,0x54,0xb5,
    0x35,0xb5,0x34,0xb5,0x54,0xad,0x35,0xb5,0x34,0xad,0x35,0xad,0x34,0xb5,0x34,0xad,0x14,0xad,0x34,0xad,0x14,0xad,0x14,0xad,
    0xf4,0xac,0xf3,0xa4,0xf3,0xa4,0xd3,0xa4,0xf3,0xa4,0xd3,0xa4,0xf3,0xa4,0xf3,0xac,0xf3,0xac,0xf3,0xac,0xf2,0xac,0xf3,0xac,
    0xf3,0xac,0xd3,0xac,0xf3,0xa4,0xd3,0xa4,0xf3,0xa4,0xd3,0xa4,0xd3,0x9c,0xd3,0x9c,0xb3,0x94,0x92,0x8c,0x92,0x8c,0x72,0x8c,
    0x92,0x8c,0x92,0x8c,0x92,0x8c,0x92,0x8c,0x92,0x8c,0x72,0x8c,0x92,0x8c,0x92,0x8c,0x92,0x94,0x92,0x8c,0xb2,0x8c,0x93,0x94,
    0x92,0x8c,0x93,0x94,0x92,0x94,0x92,0x94,0x92,0x94,0x71,0x8c,0x72,0x8c,0x71,0x94,0xb4,0x74,0xb4,0x74,0xb4,0x6c,0xb4,0x6c,
    0x94,0x6c,0x94,0x6c,0x93,0x6c,0x93,0x64,0x94,0x64,0x93,0x64,0x94,0x6c,0x94,0x6c,0x94,0x6c,0x93,0x6c,0x94,0x64,0x94,0x6c,
    0x94,0x6c,0xb4,0x6c,0xb4,0x74,0xd4,0x74,0xd5,0x7c,0xf5,0x7c,0xd4,0x84,0xf5,0x84,0xf5,0x84,0xf5,0x8c,0x15,0x8d,0x15,0x95,
    0x15,0x8d,0x15,0x95,0x15,0x95,0x15,0x95,0x15,0x95,0x15,0x95,0x15,0x95,0x14,0x8d,0x15,0x95,0xf4,0x94,0x15,0x95,0xf4,0x94,
    0x15,0x95,0x14,0x9d,0x15,0x95,0x14,0x9d,0x14,0x9d,0x14,0xa5,0x35,0xa5,0x35,0xad,0x55,0xad,0x76,0xb5,0x76,0xbd,0x95,0xbd,
    0x75,0xbd,0x75,0xbd,0x75,0xb5,0x75,0xbd,0x75,0xbd,0x55,0xbd,0x55,0xbd,0x55,0xbd,0x55,0xbd,0x55,0xb5,0x55,0xb5,0x55,0xb5,
    0x54,0xb5,0x55,0xb5,0x54,0xb5,0x55,0xb5,0x54,0xb5,0x75,0xbd,0x55,0xbd,0x74,0xbd,0x75,0xbd,0x54,0xbd,0x75,0xb5,0x55,0xbd,
    0x54,0xb5,0x55,0xb5,0x34,0xb5,0x34,0xad,0x34,0xad,0x14,0xad,0x14,0xa5,0x14,0xa5,0x14,0xa5,0xf4,0x9c,0xf4,0x9c,0xf4,0x9c,
    0xf4,0x94,0xf4,0x9c,0xf5,0x9c,0x14,0x9d,0x15,0x9d,0xf4,0x9c,0x14,0x9d,0xf4,0xa4,0x14,0xa5,0x14,0xa5,0xf4,0x9c,0xf4,0xa4,
    0x14,0xa5,0x14,0xa5,0x35,0xa5,0x34,0xad,0x35,0xad,0x55,0xb5,0x75,0xbd,0x95,0xbd,0x75,0xbd,0x95,0xc5,0x75,0xbd,0x75,0xbd,
    0x75,0xbd,0x55,0xbd,0x55,0xb5,0x54,0xb5,0x55,0xb5,0x54,0xb5,0x35,0xb5,0x34,0xad,0x34,0xb5,0x35,0xad,0x34,0xad,0x35,0xb5,
    0x34,0xad,0x14,0xad,0x34,0xad,0x14,0xad,0x13,0xa5,0xf4,0xac,0xf4,0xa4,0xf3,0xac,0xf3,0xa4,0xf3,0xa4,0xf3,0xac,0xf3,0xac,
    0x13,0xb5,0x13,0xb5,0x13,0xb5,0x13,0xb5,0x13,0xb5,0x13,0xb5,0x13,0xad,0x14,0xb5,0x13,0xad,0x13,0xad,0x14,0xad,0xf3,0xa4,
    0xf3,0xa4,0xd3,0x9c,0xd3,0x9c,0xb3,0x9c,0xb3,0x94,0x92,0x94,0x92,0x94,0x93,0x94,0xb2,0x94,0xb2,0x94,0x92,0x94,0xb2,0x94,
    0xb2,0x94,0x93,0x94,0x92,0x94,0x92,0x8c,0x92,0x94,0xb2,0x8c,0x92,0x94,0x92,0x94,0x92,0x94,0x92,0x94,0x71,0x94,0x72,0x8c,
    0xb4,0x74,0xb4,0x6c,0xb4,0x74,0xb4,0x74,0xb4,0x74,0xd4,0x74,0xb4,0x74,0xb4,0x74,0xb4,0x74,0xd4,0x7c,0xb4,0x74,0xd4,0x74,
    0xb4,0x74,0xd4,0x74,0xb4,0x74,0xd4,0x7c,0xd5,0x7c,0xf5,0x7c,0xf5,0x84,0xf5,0x84,0xf5,0x84,0xf5,0x84,0x15,0x8d,0x15,0x8d,
    0x15,0x8d,0x15,0x95,0x35,0x95,0x35,0x95,0x35,0x9d,0x36,0x9d,0x35,0xa5,0x56,0xa5,0x55,0x9d,0x35,0x9d,0x35,0x9d,0x36,0x9d,
    0x35,0x9d,0x35,0x9d,0x35,0xa5,0x36,0xa5,0x35,0xa5,0x35,0xa5,0x35,0xad,0x35,0xa5,0x35,0xad,0x35,0xa5,0x35,0xad,0x55,0xa5,
    0x56,0xad,0x75,0xb5,0x76,0xb5,0x55,0xb5,0x55,0xad,0x55,0xad,0x35,0xb5,0x34,0xad,0x54,0xad,0x35,0xb5,0x54,0xb5,0x55,0xad,
    0x54,0xad,0x55,0xb5,0x35,0xb5,0x55,0xad,0x35,0xad,0x54,0xad,0x35,0xb5,0x54,0xad,0x55,0xb5,0x55,0xb5,0x75,0xbd,0x55,0xb5,
    0x55,0xb5,0x34,0xad,0x34,0xad,0x14,0xad,0xf4,0xa4,0xf3,0xa4,0xf4,0xa4,0xf3,0xa4,0xd3,0x9c,0xd3,0x9c,0xd3,0x94,0xb3,0x94,
    0xb2,0x94,0x93,0x8c,0xb3,0x8c,0xb3,0x8c,0xb3,0x8c,0xb3,0x8c,0xd4,0x8c,0xd3,0x94,0xd4,0x94,0xf4,0x9c,0xd4,0x9c,0xf4,0x9c,
    0xf4,0x9c,0x14,0xa5,0x15,0xa5,0x14,0xa5,0xf4,0xa4,0x14,0xa5,0x34,0xad,0x35,0xad,0x54,0xb5,0x75,0xbd,0x95,0xbd,0x75,0xbd,
    0x96,0xc5,0x96,0xbd,0x95,0xc5,0x76,0xbd,0x75,0xbd,0x75,0xbd,0x75,0xb5,0x55,0xbd,0x55,0xb5,0x34,0xb5,0x35,0xad,0x34,0xad,
    0x35,0xad,0x34,0xad,0x14,0xad,0x14,0xa5,0x14,0xad,0x14,0xa5,0xf4,0xa4,0xf3,0xa4,0xf4,0xa4,0xf3,0xa4,0xf3,0x9c,0xd4,0xa4,
    0xd3,0xa4,0xf3,0xa4,0xd3,0xa4,0xf3,0xac,0xf3,0xac,0xf3,0xac,0x13,0xad,0x13,0xb5,0x14,0xad,0x33,0xb5,0x14,0xb5,0x34,0xad,
    0x14,0xb5,0x34,0xad,0x14,0xad,0x14,0xad,0x13,0xad,0xf4,0xa4,0xf3,0xa4,0xd3,0x9c,0xd3,0x9c,0xd3,0x9c,0xb3,0x9c,0xd2,0x9c,
    0xb3,0x9c,0xb3,0x9c,0xb3,0x94,0xb2,0x94,0xb3,0x94,0xb2,0x94,0xb2,0x94,0x93,0x94,0x92,0x8c,0x72,0x8c,0x71,0x84,0x51,0x84,
    0x51,0x84,0x51,0x84,0x51,0x84,0x51,0x84,0xd4,0x7c,0xf4,0x84,0xd5,0x84,0xf4,0x84,0xf5,0x7c,0xf5,0x84,0xf5,0x84,0x15,0x85,
    0xf5,0x84,0xf5,0x84,0xf5,0x84,0xf5,0x84,0x15,0x85,0xf5,0x84,0x15,0x85,0xf5,0x84,0x15,0x85,0xf5,0x8c,0x15,0x85,0x15,0x8d,
    0x15,0x8d,0x35,0x8d,0x16,0x95,0x35,0x95,0x36,0x95,0x36,0x9d,0x56,0x9d,0x56,0xa5,0x56,0xa5,0x76,0xa5,0x76,0xa5,0x76,0xad,
    0x56,0xad,0x76,0xad,0x76,0xad,0x76,0xad,0x76,0xad,0x76,0xb5,0x76,0xad,0x76,0xb5,0x96,0xb5,0x76,0xb5,0x76,0xb5,0x96,0xb5,
    0x76,0xb5,0x76,0xb5,0x76,0xad,0x56,0xb5,0x75,0xad,0x56,0xad,0x55,0xad,0x35,0xad,0x14,0xa5,0xf3,0x9c,0xf3,0x9c,0xf3,0xa4,
    0xf3,0xa4,0xf3,0x9c,0xf4,0xa4,0x14,0xa5,0x15,0xa5,0x14,0xa5,0x14,0xa5,0x14,0xa5,0x14,0xa5,0x14,0xa5,0x14,0xa5,0x15,0xa5,
    0x35,0xad,0x34,0xad,0x55,0xad,0x55,0xad,0x35,0xa5,0x15,0xa5,0xf4,0x9c,0xf3,0x94,0xb3,0x94,0x92,0x8c,0x92,0x84,0x72,0x84,
    0x52,0x7c,0x51,0x7c,0x31,0x74,0x31,0x6c,0x11,0x6c,0x31,0x6c,0x11,0x64,0x11,0x6c,0x31,0x64,0x52,0x74,0x72,0x7c,0x93,0x84,
    0x92,0x8c,0xb3,0x8c,0xb3,0x94,0xd3,0x8c,0xd3,0x94,0xd4,0x94,0xf4,0x9c,0xf4,0x9c,0xf4,0x9c,0x14,0xa5,0x14,0xa5,0x55,0xb5,
    0x55,0xb5,0x75,0xbd,0x75,0xbd,0x96,0xc5,0x95,0xbd,0x96,0xc5,0x95,0xbd,0x95,0xbd,0x75,0xbd,0x75,0xb5,0x55,0xb5,0x55,0xb5,
    0x55,0xad,0x34,0xad,0x35,0xad,0x34,0xa5,0x15,0xa5,0x14,0xa5,0x14,0xa5,0xf4,0xa4,0xf4,0x9c,0xf3,0x9c,0xd4,0x9c,0xd3,0x94,
    0xd3,0x94,0xb3,0x94,0xb3,0x94,0xb3,0x8c,0xb3,0x94,0xb3,0x8c,0xd3,0x94,0xb3,0x9c,0xd3,0x9c,0xf3,0xa4,0xf3,0xa4,0xf4,0xac,
    0x13,0xad,0x14,0xad,0x14,0xad,0x33,0xad,0x34,0xb5,0x34,0xad,0x13,0xad,0x14,0xad,0x14,0xa5,0xf3,0xa4,0xd3,0x9c,0xd3,0x9c,
    0xb3,0x9c,0xb2,0x94,0xb3,0x94,0xb3,0x94,0xb2,0x94,0xb3,0x94,0x92,0x94,0x92,0x94,0x72,0x8c,0x92,0x8c,0x72,0x8c,0x92,0x8c,
    0x72,0x84,0x71,0x84,0x52,0x84,0x51,0x84,0x31,0x7c,0x31,0x7c,0x30,0x74,0x31,0x74,0x35,0x95,0x36,0x95,0x35,0x8d,0x16,0x95,
    0x35,0x95,0x36,0x95,0x35,0x8d,0x36,0x95,0x36,0x95,0x36,0x8d,0x36,0x8d,0x36,0x8d,0x36,0x8d,0x16,0x8d,0x36,0x8d,0x15,0x8d,
    0x16,0x8d,0x35,0x8d,0x36,0x95,0x36,0x8d,0x36,0x95,0x36,0x95,0x36,0x95,0x56,0x95,0x56,0x9d,0x56,0x9d,0x56,0xa5,0x76,0xa5,
    0x76,0xad,0x77,0xad,0x77,0xad,0x97,0xad,0x97,0xb5,0xb7,0xb5,0x97,0xb5,0x97,0xbd,0xb7,0xbd,0x97,0xb5,0xb7,0xbd,0xb7,0xb5,
    0x97,0xbd,0x97,0xb5,0x97,0xbd,0x96,0xb5,0x76,0xb5,0x76,0xad,0x76,0xad,0x56,0xad,0x55,0xa5,0x35,0xa5,0x14,0xa5,0xd3,0x94,
    0xb3,0x94,0x72,0x8c,0x71,0x8c,0x71,0x8c,0x72,0x8c,0x92,0x8c,0xb3,0x94,0xb3,0x94,0xd3,0x94,0xd3,0x94,0xd3,0x94,0xd3,0x94,
    0xb3,0x94,0xb3,0x94,0xd4,0x9c,0xf3,0x94,0xf4,0x9c,0x14,0x9d,0xf5,0x9c,0x14,0x9d,0xf4,0x9c,0xf4,0x8c,0xb3,0x8c,0x72,0x7c,
    0x32,0x6c,0xf0,0x5b,0xd0,0x53,0xb0,0x4b,0x6f,0x3b,0x6f,0x33,0x4f,0x2b,0x2e,0x2b,0x4e,0x23,0x2f,0x23,0x6f,0x2b,0x90,0x33,
    0xb0,0x43,0xd0,0x4b,0xf1,0x5b,0x31,0x64,0x52,0x74,0x92,0x7c,0x93,0x84,0xb3,0x84,0xb3,0x8c,0xd3,0x8c,0xd4,0x8c,0xf4,0x9c,
    0x14,0x9d,0x15,0xa5,0x34,0xad,0x55,0xad,0x54,0xb5,0x75,0xbd,0x75,0xbd,0x96,0xbd,0x95,0xc5,0x96,0xbd,0x95,0xc5,0x96,0xbd,
    0x76,0xbd,0x76,0xbd,0x75,0xb5,0x75,0xb5,0x55,0xb5,0x55,0xad,0x35,0xad,0x35,0xa5,0x35,0xa5,0x14,0xa5,0x14,0x9d,0x14,0x9d,
    0xf4,0x9c,0xd4,0x94,0xd3,0x94,0xd4,0x94,0xb3,0x8c,0xb3,0x8c,0xb3,0x84,0xb3,0x8c,0xb3,0x84,0xb3,0x8c,0xb3,0x8c,0xb3,0x8c,
    0xd3,0x94,0xd3,0x94,0xd4,0x9c,0xf3,0xa4,0xf4,0xa4,0x14,0xa5,0x13,0xa5,0x14,0xad,0x14,0xa5,0x13,0xad,0x14,0xad,0x13,0xa5,
    0xf4,0xac,0xf3,0xa4,0xf3,0xa4,0xd3,0x9c,0xd3,0x9c,0xb3,0x94,0x92,0x94,0x92,0x94,0x92,0x94,0x92,0x94,0x92,0x94,0x72,0x8c,
    0x72,0x8c,0x51,0x84,0x51,0x84,0x51,0x84,0x31,0x7c,0x31,0x7c,0x11,0x74,0x10,0x6c,0x10,0x6c,0x10,0x6c,0x11,0x74,0x10,0x6c,
    0x56,0xa5,0x76,0x9d,0x56,0xa5,0x76,0x9d,0x56,0x9d,0x56,0x9d,0x57,0x9d,0x56,0x9d,0x56,0x95,0x56,0x9d,0x56,0x95,0x36,0x95,
    0x36,0x95,0x36,0x95,0x36,0x95,0x56,0x95,0x36,0x95,0x36,0x95,0x36,0x95,0x56,0x95,0x36,0x95,0x56,0x95,0x36,0x95,0x36,0x9d,
    0x56,0x9d,0x56,0xa5,0x76,0xa5,0x77,0xad,0x97,0xad,0x96,0xb5,0x97,0xb5,0x96,0xb5,0xb7,0xbd,0xb7,0xbd,0xb7,0xbd,0xd7,0xbd,
    0xb7,0xbd,0xd7,0xbd,0xb7,0xbd,0xd7,0xbd,0xb7,0xbd,0xb7,0xbd,0x96,0xb5,0x96,0xb5,0x76,0xb5,0x56,0xad,0x35,0x9d,0x35,0x9d,
    0x15,0x95,0xd4,0x8c,0xb3,0x84,0x72,0x7c,0xf0,0x6b,0xae,0x5b,0x6d,0x53,0x6e,0x53,0xaf,0x5b,0xcf,0x63,0xf0,0x63,0x10,0x6c,
    0x31,0x74,0x31,0x74,0x52,0x7c,0x51,0x7c,0x52,0x7c,0x51,0x7c,0x72,0x84,0x92,0x8c,0x93,0x84,0xd4,0x8c,0xd4,0x8c,0xd4,0x94,
    0xd4,0x8c,0xb3,0x84,0x73,0x74,0x11,0x5c,0xb0,0x43,0x6e,0x2b,0xed,0x12,0xac,0x0a,0x6c,0x02,0x6b,0x02,0x6b,0x02,0x8c,0x02,
    0x8c,0x02,0x8c,0x02,0xac,0x02,0xcd,0x0a,0x2e,0x13,0x70,0x23,0x90,0x33,0xd0,0x4b,0x12,0x5c,0x52,0x6c,0x72,0x74,0x93,0x7c,
    0xb3,0x84,0xd4,0x94,0xf4,0x94,0x14,0x9d,0x35,0xa5,0x35,0xad,0x55,0xad,0x55,0xb5,0x75,0xb5,0x96,0xbd,0x95,0xbd,0x96,0xc5,
    0x96,0xbd,0x95,0xc5,0x96,0xbd,0x96,0xbd,0x95,0xbd,0x96,0xbd,0x76,0xb5,0x75,0xb5,0x76,0xb5,0x55,0xad,0x55,0xad,0x55,0xad,
    0x35,0xa5,0x15,0xa5,0x14,0xa5,0x15,0x9d,0xf4,0x9c,0x14,0x95,0xf4,0x94,0xf4,0x94,0xf4,0x8c,0xd4,0x8c,0xd4,0x8c,0xb3,0x84,
    0xb3,0x84,0xb3,0x84,0xb3,0x8c,0xb3,0x84,0xb3,0x84,0xb4,0x8c,0xb3,0x8c,0xd3,0x8c,0xb3,0x94,0xd3,0x94,0xd3,0x94,0xd3,0x94,
    0xd3,0x9c,0xd3,0x9c,0xd3,0x9c,0xd3,0x9c,0xb3,0x94,0xd2,0x9c,0xb3,0x94,0xb2,0x9c,0x92,0x94,0x72,0x8c,0x72,0x8c,0x72,0x8c,
    0x71,0x84,0x51,0x8c,0x52,0x84,0x51,0x84,0x51,0x84,0x31,0x84,0x31,0x7c,0x31,0x7c,0x31,0x7c,0x31,0x7c,0x11,0x74,0x10,0x6c,
    0xf0,0x6b,0xd0,0x63,0xf0,0x63,0x10,0x6c,0x77,0xa5,0x77,0xad,0x76,0xa5,0x77,0xa5,0x77,0x9d,0x56,0x9d,0x76,0x9d,0x56,0x95,
    0x56,0x95,0x36,0x95,0x36,0x95,0x36,0x95,0x56,0x95,0x36,0x8d,0x36,0x95,0x36,0x95,0x56,0x8d,0x36,0x95,0x36,0x95,0x56,0x95,
    0x56,0x95,0x56,0x9d,0x56,0x9d,0x76,0xa5,0x77,0xa5,0x96,0xad,0x97,0xad,0x97,0xb5,0x97,0xb5,0xb7,0xb5,0xb7,0xb5,0xb7,0xbd,
    0xb7,0xb5,0xb7,0xbd,0xb7,0xb5,0xb7,0xbd,0xb7,0xb5,0xb7,0xbd,0xb7,0xb5,0xb7,0xb5,0x97,0xbd,0x96,0xb5,0x97,0xb5,0x56,0xad,
    0x56,0xa5,0x35,0x9d,0x15,0x95,0xf4,0x8c,0xb4,0x7c,0x72,0x74,0xf1,0x5b,0x6e,0x3b,0xcc,0x2a,0x4a,0x12,0x2a,0x0a,0x4b,0x12,
    0x8b,0x1a,0xcd,0x1a,0x0d,0x2b,0x0d,0x2b,0x4e,0x33,0x4e,0x33,0x6f,0x33,0x6f,0x3b,0x6f,0x33,0x6f,0x3b,0xb0,0x4b,0x11,0x64,
    0x51,0x74,0x72,0x7c,0xb3,0x84,0x93,0x7c,0xb3,0x7c,0x73,0x6c,0x32,0x5c,0xf0,0x4b,0x6f,0x33,0x0e,0x1b,0xcd,0x0a,0x6c,0x02,
    0x6b,0x02,0x4b,0x02,0x2b,0x02,0x4b,0x02,0x4b,0x02,0x6c,0x02,0x6c,0x02,0x8c,0x02,0xad,0x02,0xcd,0x02,0x2e,0x13,0x70,0x23,
    0xd0,0x3b,0xf1,0x53,0x32,0x5c,0x73,0x6c,0x93,0x7c,0xb4,0x84,0xf4,0x8c,0xf4,0x94,0x15,0x9d,0x35,0xa5,0x55,0xad,0x55,0xad,
    0x75,0xb5,0x75,0xbd,0x76,0xbd,0x95,0xbd,0x96,0xbd,0x75,0xbd,0x76,0xbd,0x95,0xb5,0x76,0xbd,0x75,0xb5,0x75,0xb5,0x76,0xb5,
    0x55,0xb5,0x56,0xad,0x55,0xad,0x35,0xad,0x35,0xa5,0x35,0xa5,0x14,0xa5,0x15,0x9d,0x14,0x9d,0xf5,0x94,0xf4,0x94,0xf4,0x94,
    0xd4,0x94,0xf4,0x8c,0xd4,0x8c,0xd4,0x8c,0xd4,0x8c,0xb3,0x84,0xb3,0x84,0xb4,0x84,0x93,0x84,0x93,0x84,0xb3,0x84,0x93,0x84,
    0xb3,0x84,0x93,0x84,0x93,0x84,0x93,0x8c,0x93,0x84,0x92,0x84,0x72,0x84,0x92,0x84,0x72,0x84,0x52,0x84,0x51,0x7c,0x31,0x7c,
    0x31,0x74,0x10,0x74,0x10,0x6c,0xf0,0x6b,0xd0,0x6b,0xf0,0x6b,0xef,0x6b,0xf0,0x6b,0xcf,0x6b,0xcf,0x6b,0xf0,0x6b,0xef,0x6b,
    0xd0,0x73,0xef,0x6b,0xf0,0x6b,0xf0,0x6b,0x11,0x6c,0x10,0x74,0x11,0x6c,0x11,0x74,0x97,0xad,0x96,0xa5,0x77,0xa5,0x76,0x9d,
    0x56,0x9d,0x56,0x9d,0x56,0x9d,0x36,0x95,0x36,0x95,0x36,0x95,0x36,0x95,0x36,0x8d,0x35,0x8d,0x36,0x95,0x35,0x8d,0x36,0x8d,
    0x36,0x95,0x36,0x95,0x56,0x95,0x36,0x95,0x56,0x9d,0x56,0x9d,0x77,0xa5,0x76,0xa5,0x97,0xa5,0x77,0xad,0x96,0xad,0x97,0xad,
    0x97,0xb5,0x97,0xb5,0xb7,0xb5,0x97,0xb5,0xb7,0xb5,0xb7,0xb5,0xb7,0xb5,0xb7,0xb5,0xb7,0xb5,0x97,0xb5,0x97,0xb5,0x96,0xad,
    0x77,0xad,0x76,0xa5,0x56,0xa5,0x55,0x9d,0x35,0x95,0x15,0x8d,0xd4,0x7c,0x93,0x6c,0x11,0x54,0x6f,0x33,0xcc,0x12,0x0a,0x02,
    0xa8,0x01,0x47,0x01,0x67,0x01,0x87,0x01,0xa9,0x01,0xe9,0x01,0x0a,0x02,0x0a,0x02,0x4b,0x02,0x6b,0x02,0x8c,0x02,0xac,0x02,
    0xcd,0x02,0xed,0x02,0x2e,0x13,0x70,0x33,0xf1,0x53,0x32,0x64,0x73,0x64,0x73,0x74,0x73,0x6c,0x52,0x6c,0x32,0x5c,0x11,0x5c,
    0xb0,0x43,0x6f,0x33,0x0e,0x1b,0xcd,0x02,0xad,0x02,0xac,0x02,0xad,0x02,0x8c,0x02,0x8c,0x02,0x8c,0x02,0xcd,0x02,0xce,0x0a,
    0xee,0x0a,0x2f,0x0b,0x2f,0x13,0x6f,0x1b,0x90,0x23,0xb1,0x3b,0xf1,0x43,0x32,0x54,0x53,0x64,0x93,0x74,0xb4,0x7c,0xd4,0x8c,
    0xf4,0x8c,0x15,0x95,0x15,0x9d,0x35,0xa5,0x35,0xa5,0x55,0xad,0x55,0xad,0x75,0xb5,0x76,0xb5,0x75,0xb5,0x75,0xb5,0x76,0xb5,
    0x75,0xb5,0x56,0xb5,0x75,0xb5,0x76,0xb5,0x75,0xad,0x75,0xb5,0x56,0xad,0x55,0xad,0x55,0xad,0x35,0xad,0x35,0xa5,0x34,0xa5,
    0x15,0x9d,0x15,0xa5,0x14,0x9d,0x15,0x9d,0xf4,0x94,0xf4,0x94,0xf4,0x94,0xd4,0x8c,0xb3,0x84,0xb4,0x84,0x93,0x7c,0x93,0x7c,
    0x93,0x7c,0x93,0x7c,0x93,0x7c,0x92,0x7c,0x73,0x7c,0x92,0x84,0x92,0x7c,0x72,0x7c,0x72,0x7c,0x72,0x7c,0x72,0x7c,0x52,0x7c,
    0x51,0x7c,0x31,0x6c,0x11,0x6c,0xf0,0x63,0xd0,0x5b,0xb0,0x53,0x8f,0x4b,0x6e,0x4b,0x4f,0x43,0x4e,0x3b,0x2d,0x43,0x2e,0x43,
    0x4e,0x4b,0x4e,0x53,0x4e,0x4b,0x4e,0x4b,0x4e,0x4b,0x4e,0x4b,0x6e,0x4b,0x8f,0x53,0xaf,0x5b,0xf0,0x6b,0x10,0x6c,0x31,0x74,
    0x77,0xad,0x96,0xa5,0x77,0xa5,0x76,0xa5,0x76,0xa5,0x56,0x9d,0x56,0x9d,0x56,0x9d,0x56,0x9d,0x56,0x95,0x56,0x95,0x36,0x95,
    0x36,0x95,0x36,0x95,0x56,0x95,0x36,0x95,0x56,0x9d,0x56,0x95,0x56,0x9d,0x56,0x9d,0x76,0x9d,0x77,0xa5,0x76,0xa5,0x77,0xad,
    0x97,0xad,0x97,0xad,0x97,0xad,0xb7,0xb5,0xb7,0xb5,0x97,0xb5,0xb7,0xb5,0xb7,0xb5,0xb7,0xb5,0x97,0xb5,0xb7,0xb5,0x97,0xb5,
    0x97,0xb5,0x76,0xad,0x76,0xa5,0x56,0xa5,0x56,0x9d,0x36,0x95,0x35,0x8d,0x15,0x8d,0xd5,0x7c,0x93,0x6c,0x32,0x54,0xb0,0x33,
    0x0e,0x0b,0x8b,0x02,0xe9,0x01,0x67,0x01,0x46,0x01,0x46,0x01,0x47,0x01,0x67,0x01,0xa8,0x01,0xc9,0x01,0xc9,0x01,0x0a,0x02,
    0x2a,0x02,0x4b,0x02,0x6c,0x02,0x6c,0x02,0xad,0x02,0xcd,0x02,0x0e,0x0b,0x4f,0x1b,0x90,0x33,0x11,0x4c,0x32,0x64,0x73,0x6c,
    0x93,0x74,0x93,0x74,0x73,0x74,0x52,0x64,0x12,0x5c,0xd0,0x53,0x90,0x43,0x4e,0x2b,0x2e,0x1b,0x0e,0x1b,0x0e,0x13,0x0e,0x1b,
    0x0e,0x1b,0x4f,0x1b,0x4f,0x1b,0x90,0x2b,0x90,0x33,0xb1,0x3b,0xd1,0x3b,0xf1,0x3b,0xf1,0x4b,0x12,0x54,0x32,0x5c,0x52,0x5c,
    0x53,0x6c,0x73,0x6c,0xb3,0x7c,0xb3,0x7c,0xd4,0x8c,0xf4,0x8c,0x14,0x95,0x15,0x9d,0x35,0x9d,0x35,0xa5,0x56,0xad,0x55,0xad,
    0x55,0xad,0x56,0xb5,0x55,0xad,0x56,0xb5,0x55,0xad,0x55,0xad,0x56,0xb5,0x55,0xad,0x56,0xb5,0x75,0xad,0x56,0xb5,0x55,0xad,
    0x35,0xad,0x55,0xad,0x35,0xa5,0x35,0xa5,0x35,0xa5,0x35,0xa5,0x35,0xa5,0x15,0xa5,0x15,0x9d,0x15,0x9d,0xf4,0x94,0xd4,0x8c,
    0xd4,0x8c,0xb3,0x84,0xb3,0x84,0x93,0x7c,0x93,0x84,0x92,0x84,0x93,0x84,0x93,0x84,0xb3,0x84,0x93,0x84,0x72,0x84,0x72,0x7c,
    0x72,0x7c,0x72,0x7c,0x52,0x74,0x31,0x74,0x31,0x6c,0x11,0x64,0xf0,0x63,0xd0,0x53,0x8f,0x4b,0x6e,0x43,0x2e,0x3b,0x2d,0x33,
    0xed,0x2a,0xec,0x2a,0xcd,0x2a,0xcc,0x2a,0xcc,0x32,0xcc,0x32,0xec,0x32,0xed,0x3a,0x0d,0x43,0x2d,0x43,0x2e,0x43,0x2d,0x43,
    0x6e,0x4b,0xaf,0x53,0xd0,0x63,0x10,0x64,0x97,0xad,0x97,0xad,0x97,0xad,0x77,0xad,0x77,0xa5,0x96,0xa5,0x77,0xa5,0x76,0xa5,
    0x57,0xa5,0x76,0x9d,0x56,0xa5,0x56,0x9d,0x76,0xa5,0x56,0xa5,0x76,0xa5,0x56,0xa5,0x76,0xa5,0x76,0xa5,0x76,0xa5,0x77,0xad,
    0x97,0xad,0x96,0xad,0x97,0xad,0x97,0xad,0xb7,0xb5,0x97,0xb5,0xb7,0xb5,0xb7,0xb5,0x97,0xb5,0xb7,0xb5,0x97,0xb5,0x97,0xb5,
    0x96,0xb5,0x97,0xb5,0x76,0xad,0x76,0xad,0x76,0x9d,0x56,0xa5,0x56,0x9d,0x56,0x95,0x36,0x8d,0x15,0x85,0xd5,0x7c,0x94,0x6c,
    0x52,0x54,0xd1,0x33,0x4f,0x13,0xcd,0x02,0x2b,0x02,0xa8,0x01,0x47,0x01,0x26,0x01,0x26,0x01,0x47,0x01,0x87,0x01,0xc9,0x01,
    0xc9,0x01,0xc9,0x01,0xe9,0x01,0xea,0x01,0x2b,0x0a,0x4b,0x02,0x6b,0x02,0x6c,0x0a,0xac,0x02,0xcd,0x02,0xee,0x0a,0x0e,0x13,
    0x6f,0x23,0xd1,0x3b,0x32,0x5c,0x52,0x64,0x93,0x74,0x94,0x7c,0x93,0x7c,0x93,0x74,0x73,0x74,0x72,0x6c,0x31,0x64,0xf1,0x5b,
    0xd1,0x53,0xb0,0x4b,0x90,0x43,0x90,0x3b,0xb0,0x43,0xb0,0x4b,0xf1,0x4b,0xf1,0x53,0x32,0x5c,0x32,0x5c,0x52,0x64,0x53,0x6c,
    0x73,0x6c,0x93,0x74,0x93,0x74,0xb4,0x74,0xb3,0x7c,0xb3,0x7c,0xb4,0x84,0xf4,0x8c,0xf5,0x8c,0x15,0x95,0x15,0x9d,0x35,0x9d,
    0x35,0xa5,0x55,0xa5,0x55,0xa5,0x55,0xad,0x35,0xa5,0x55,0xa5,0x35,0xa5,0x55,0xa5,0x35,0xa5,0x35,0xa5,0x35,0xa5,0x35,0xa5,
    0x35,0xa5,0x35,0xad,0x35,0xa5,0x55,0xad,0x35,0xad,0x35,0xa5,0x35,0xad,0x55,0xa5,0x35,0xad,0x35,0xa5,0x35,0xa5,0x35,0xa5,
    0x14,0x9d,0x15,0x95,0xf4,0x94,0xd4,0x8c,0xb3,0x84,0xb3,0x84,0x93,0x84,0xb3,0x84,0x93,0x84,0xb3,0x8c,0xb3,0x8c,0xb3,0x8c,
    0xb3,0x8c,0x92,0x8c,0x93,0x8c,0x92,0x84,0x72,0x84,0x72,0x7c,0x52,0x74,0x31,0x74,0x11,0x6c,0xf0,0x5b,0xd0,0x5b,0xb0,0x53,
    0x6f,0x4b,0x4e,0x43,0x4e,0x33,0x2e,0x33,0x0d,0x33,0x0d,0x33,0x0d,0x3b,0xed,0x32,0xec,0x32,0xed,0x32,0xec,0x32,0xec,0x32,
    0xed,0x32,0xed,0x32,0x0d,0x3b,0x0d,0x3b,0x4e,0x43,0x8f,0x4b,0xcf,0x5b,0xf0,0x63,0x97,0xb5,0x96,0xad,0x97,0xad,0x96,0xad,
    0x97,0xad,0x76,0xad,0x97,0xad,0x76,0xa5,0x76,0xad,0x76,0xa5,0x77,0xa5,0x76,0xa5,0x77,0xa5,0x76,0xa5,0x77,0xad,0x77,0xad,
    0x97,0xad,0x77,0xad,0x97,0xb5,0x97,0xb5,0x97,0xad,0x97,0xb5,0xb7,0xb5,0xb7,0xb5,0xb7,0xb5,0xb7,0xb5,0xb7,0xb5,0xb8,0xb5,
    0xb7,0xb5,0x97,0xb5,0x96,0xb5,0x97,0xad,0x76,0xa5,0x77,0xa5,0x76,0xa5,0x56,0x9d,0x56,0x95,0x56,0x95,0x36,0x8d,0x15,0x85,
    0xf5,0x7c,0xb4,0x74,0x73,0x54,0x12,0x4c,0xb0,0x2b,0x0f,0x13,0x8c,0x02,0xe9,0x01,0x67,0x01,0x46,0x09,0x26,0x01,0x47,0x01,
    0x67,0x01,0x88,0x01,0xa9,0x01,0xc9,0x01,0xc9,0x01,0xea,0x01,0xea,0x09,0x0a,0x02,0x0a,0x02,0x2b,0x02,0x4b,0x02,0x8c,0x02,
    0xad,0x02,0xce,0x02,0x0e,0x0b,0x4f,0x1b,0x70,0x2b,0xb1,0x3b,0x11,0x4c,0x53,0x64,0x93,0x74,0xb4,0x7c,0xd4,0x84,0xd4,0x84,
    0xd4,0x84,0xb4,0x7c,0xb4,0x7c,0x93,0x7c,0x73,0x74,0x52,0x6c,0x52,0x6c,0x32,0x64,0x52,0x64,0x52,0x6c,0x52,0x6c,0x73,0x6c,
    0x93,0x74,0x93,0x74,0xb3,0x7c,0xb4,0x7c,0xb3,0x7c,0xb4,0x7c,0xb4,0x7c,0xd4,0x84,0xb4,0x84,0xd4,0x84,0xd4,0x84,0xd4,0x84,
    0xf4,0x8c,0x14,0x95,0x15,0x95,0x15,0x9d,0x15,0x9d,0x35,0x9d,0x15,0x9d,0x15,0x9d,0x35,0x9d,0x15,0x9d,0x15,0x9d,0x15,0x95,
    0x15,0x95,0x14,0x95,0x15,0x95,0x14,0x9d,0x15,0x95,0x35,0x9d,0x15,0x9d,0x15,0x9d,0x15,0x9d,0x14,0x9d,0x15,0x9d,0x15,0x9d,
    0x35,0x9d,0x15,0x9d,0x35,0x9d,0x14,0x9d,0xf5,0x9c,0xf4,0x94,0xd4,0x94,0xd3,0x8c,0xb3,0x84,0xb3,0x84,0x93,0x7c,0xb3,0x84,
    0xb3,0x8c,0xb3,0x8c,0xb3,0x8c,0xd3,0x94,0xb3,0x94,0xb3,0x8c,0xb3,0x94,0x93,0x8c,0x93,0x84,0x92,0x84,0x72,0x7c,0x52,0x74,
    0x31,0x74,0x31,0x6c,0x11,0x64,0xf0,0x63,0xd0,0x53,0xb0,0x53,0xaf,0x53,0xb0,0x53,0xaf,0x53,0xaf,0x5b,0x8f,0x53,0x8e,0x5b,
    0x6f,0x53,0x6e,0x4b,0x2e,0x4b,0x4e,0x4b,0x2d,0x43,0x2d,0x43,0x0d,0x3b,0x2d,0x3b,0x2e,0x3b,0x4e,0x4b,0x8f,0x53,0xd0,0x5b,
    0xb7,0xb5,0x97,0xb5,0x97,0xb5,0x97,0xb5,0x96,0xb5,0x97,0xb5,0x97,0xb5,0x97,0xb5,0x97,0xad,0x97,0xad,0x96,0xad,0x97,0xad,
    0x97,0xad,0x97,0xb5,0xb6,0xb5,0x97,0xb5,0xb7,0xb5,0xb7,0xbd,0xb7,0xb5,0xd7,0xbd,0xb7,0xbd,0xd8,0xb5,0xb8,0xbd,0xb7,0xb5,
    0xd8,0xbd,0xb8,0xb5,0xb7,0xb5,0x97,0xb5,0xb7,0xad,0x97,0xad,0x97,0xa5,0x76,0xa5,0x76,0xa5,0x56,0x9d,0x56,0x9d,0x56,0x95,
    0x36,0x9d,0x36,0x8d,0x15,0x8d,0xf5,0x7c,0x94,0x6c,0x73,0x5c,0xf2,0x43,0x90,0x23,0xee,0x02,0x6b,0x02,0xe9,0x01,0x88,0x09,
    0x67,0x01,0x47,0x01,0x47,0x01,0x67,0x01,0xa8,0x01,0xa8,0x01,0xa8,0x01,0xa9,0x09,0xc9,0x01,0xe9,0x01,0x0a,0x02,0x2a,0x02,
    0x4b,0x02,0x6c,0x02,0x6c,0x02,0x8c,0x02,0xcd,0x02,0x0e,0x0b,0x2f,0x1b,0x6f,0x23,0x91,0x33,0xd1,0x3b,0x12,0x4c,0x32,0x5c,
    0x93,0x74,0xb4,0x7c,0xd4,0x84,0xf5,0x84,0xf5,0x8c,0x15,0x95,0xf5,0x8c,0xf4,0x8c,0xf5,0x8c,0xd4,0x84,0xd4,0x84,0xb3,0x84,
    0xb4,0x84,0xd4,0x84,0xd4,0x84,0xd4,0x8c,0xf5,0x8c,0xf4,0x8c,0xf5,0x8c,0xf5,0x8c,0xf4,0x8c,0xd4,0x8c,0xd4,0x84,0xd4,0x84,
    0xd4,0x84,0xd4,0x84,0xd4,0x84,0xd4,0x8c,0xf4,0x8c,0xf5,0x8c,0xf4,0x94,0x15,0x95,0x14,0x95,0x15,0x95,0x15,0x9d,0x15,0x95,
    0x15,0x9d,0x14,0x95,0x15,0x95,0x14,0x95,0xf5,0x94,0x14,0x95,0x15,0x8d,0x15,0x95,0x14,0x95,0x15,0x95,0x14,0x95,0x15,0x95,
    0x14,0x95,0x15,0x9d,0x15,0x95,0x14,0x9d,0x15,0x9d,0x14,0x9d,0x15,0x9d,0x14,0x95,0xf4,0x94,0xf4,0x94,0xd4,0x8c,0xd3,0x8c,
    0xb4,0x84,0xb3,0x84,0xb3,0x84,0xb3,0x8c,0xd4,0x8c,0xd4,0x94,0xd4,0x94,0xd4,0x9c,0xf4,0x94,0xd4,0x94,0xd3,0x94,0xd4,0x94,
    0xd3,0x94,0xb3,0x8c,0xb3,0x8c,0xb3,0x84,0x93,0x84,0x93,0x7c,0x93,0x7c,0x72,0x7c,0x72,0x7c,0x52,0x74,0x72,0x74,0x52,0x74,
    0x32,0x74,0x31,0x74,0x52,0x74,0x31,0x74,0x11,0x74,0x10,0x74,0x11,0x74,0xf0,0x6b,0xf0,0x6b,0xb0,0x63,0xaf,0x5b,0xaf,0x5b,
    0x8f,0x53,0xaf,0x53,0xd0,0x53,0xd0,0x63,0xd7,0xbd,0xd7,0xbd,0xd7,0xbd,0xb7,0xbd,0xd7,0xc5,0xb7,0xbd,0xb7,0xbd,0xd7,0xbd,
    0xb7,0xbd,0xb7,0xbd,0xb7,0xbd,0xb7,0xb5,0xb7,0xb5,0xb7,0xbd,0xb7,0xb5,0xd8,0xbd,0xb7,0xbd,0xd8,0xbd,0xd7,0xbd,0xd8,0xbd,
    0xd8,0xbd,0xd7,0xbd,0xd8,0xbd,0xd8,0xbd,0xb7,0xb5,0xb7,0xb5,0xb7,0xb5,0x97,0xad,0x97,0xad,0x97,0xad,0x76,0xa5,0x77,0xa5,
    0x56,0xa5,0x56,0x9d,0x56,0x9d,0x56,0x9d,0x36,0x95,0x15,0x95,0xf5,0x84,0xd4,0x7c,0x94,0x6c,0x32,0x4c,0xb0,0x2b,0x4f,0x1b,
    0xac,0x02,0x4b,0x02,0xc9,0x01,0xa8,0x01,0x67,0x01,0x87,0x01,0x88,0x01,0xc9,0x01,0xc9,0x01,0xc9,0x01,0xa9,0x01,0xe9,0x01,
    0xea,0x01,0xea,0x01,0x0a,0x02,0x2b,0x02,0x4b,0x02,0x6c,0x02,0x8c,0x0a,0xcd,0x02,0xee,0x02,0x0e,0x13,0x4f,0x1b,0x70,0x2b,
    0xb0,0x33,0x12,0x4c,0x32,0x54,0x53,0x5c,0x73,0x64,0xb4,0x74,0xd4,0x84,0xf5,0x84,0x15,0x8d,0x15,0x95,0x15,0x95,0x15,0x95,
    0x15,0x95,0x35,0x95,0x15,0x95,0x15,0x8d,0x15,0x95,0x15,0x95,0x15,0x95,0x35,0x9d,0x36,0x9d,0x35,0x9d,0x56,0x9d,0x35,0x9d,
    0x35,0x9d,0x35,0x9d,0x15,0x95,0x15,0x95,0xf4,0x94,0x15,0x95,0x15,0x95,0x15,0x95,0x15,0x9d,0x35,0x95,0x15,0x9d,0x35,0x9d,
    0x15,0x9d,0x35,0x9d,0x35,0x9d,0x15,0x9d,0x35,0x9d,0x15,0x9d,0x15,0x9d,0x15,0x95,0x35,0x9d,0x15,0x95,0x15,0x95,0x15,0x95,
    0x15,0x95,0x15,0x95,0x15,0x95,0x15,0x95,0x15,0x95,0xf4,0x94,0x15,0x95,0x15,0x95,0x15,0x8d,0xf4,0x94,0xf5,0x8c,0xd4,0x8c,
    0xb4,0x8c,0xb3,0x84,0x93,0x7c,0x73,0x7c,0x72,0x74,0x73,0x74,0x72,0x74,0x73,0x74,0x93,0x84,0xb3,0x8c,0xb3,0x8c,0xd4,0x94,
    0xf3,0x9c,0xd4,0x9c,0xf4,0x94,0xd4,0x94,0xf4,0x94,0xd4,0x8c,0xd4,0x8c,0xd4,0x8c,0xd3,0x8c,0xb3,0x84,0xb3,0x84,0xb4,0x84,
    0x93,0x7c,0x93,0x7c,0x93,0x7c,0x93,0x7c,0x93,0x7c,0x72,0x7c,0x72,0x84,0x72,0x7c,0x72,0x84,0x72,0x7c,0x72,0x84,0x72,0x84,
    0x72,0x84,0x72,0x7c,0x52,0x74,0x31,0x74,0x31,0x74,0x31,0x6c,0x11,0x6c,0x11,0x6c,0xd8,0xc5,0xd8,0xc5,0xf7,0xcd,0xf8,0xc5,
    0xf8,0xc5,0xf7,0xcd,0xd8,0xc5,0xf8,0xc5,0xd7,0xc5,0xf8,0xc5,0xd7,0xbd,0xd8,0xc5,0xd7,0xbd,0xd8,0xc5,0xd8,0xbd,0xd7,0xc5,
    0xf8,0xc5,0xd8,0xc5,0xf8,0xbd,0xd7,0xc5,0xd8,0xbd,0xd8,0xbd,0xd7,0xbd,0xd7,0xbd,0xb8,0xbd,0xb7,0xb5,0xb7,0xb5,0xb7,0xb5,
    0x97,0xad,0x76,0xad,0x76,0xa5,0x56,0xa5,0x76,0x9d,0x56,0xa5,0x56,0x9d,0x56,0x9d,0x36,0x9d,0x15,0x8d,0xf5,0x8c,0xd4,0x7c,
    0x73,0x64,0x32,0x54,0xb0,0x2b,0x0e,0x0b,0x8c,0x02,0x0a,0x02,0xe9,0x01,0xc9,0x01,0xc9,0x01,0xe9,0x01,0xea,0x01,0x0a,0x02,
    0xea,0x01,0x0a,0x02,0x0a,0x02,0x0a,0x02,0x0a,0x02,0x2a,0x02,0x2b,0x02,0x4a,0x0a,0x6c,0x02,0x8c,0x02,0xcd,0x02,0x0e,0x03,
    0x2f,0x1b,0x70,0x23,0x90,0x33,0xd1,0x3b,0xf1,0x43,0x12,0x4c,0x52,0x5c,0x73,0x64,0x93,0x6c,0xb4,0x74,0xd4,0x7c,0xf5,0x84,
    0xf5,0x8c,0x15,0x8d,0x15,0x95,0x36,0x95,0x35,0x95,0x36,0x9d,0x35,0x95,0x36,0x9d,0x35,0x9d,0x36,0x9d,0x56,0xa5,0x76,0xa5,
    0x76,0xa5,0x76,0xa5,0x56,0xa5,0x77,0xad,0x56,0xa5,0x76,0xa5,0x56,0xad,0x56,0xa5,0x56,0xa5,0x55,0xa5,0x56,0xa5,0x55,0xa5,
    0x56,0xa5,0x76,0xad,0x56,0xa5,0x56,0xad,0x76,0xad,0x56,0xad,0x55,0xa5,0x56,0xa5,0x55,0xa5,0x56,0xa5,0x55,0x9d,0x35,0xa5,
    0x35,0x9d,0x35,0x9d,0x35,0x9d,0x15,0x9d,0x15,0x95,0x15,0x95,0x14,0x95,0xf4,0x94,0x15,0x95,0xf4,0x8c,0xf5,0x94,0xf4,0x8c,
    0xf4,0x8c,0xd4,0x8c,0xd4,0x84,0x93,0x84,0x93,0x7c,0x72,0x74,0x52,0x6c,0x32,0x6c,0x32,0x64,0x32,0x6c,0x52,0x6c,0x52,0x6c,
    0x73,0x74,0x93,0x7c,0xb3,0x84,0xb3,0x8c,0xd4,0x8c,0xd3,0x8c,0xd4,0x94,0xb3,0x8c,0xd4,0x8c,0xb3,0x8c,0xb3,0x84,0xb4,0x84,
    0xb3,0x84,0x93,0x7c,0x93,0x7c,0x93,0x74,0x93,0x74,0x73,0x7c,0x73,0x74,0x72,0x74,0x73,0x7c,0x92,0x7c,0x73,0x7c,0x72,0x7c,
    0x72,0x7c,0x72,0x84,0x73,0x84,0x72,0x84,0x73,0x84,0x72,0x7c,0x72,0x7c,0x72,0x7c,0x72,0x7c,0x52,0x7c,0x72,0x7c,0x72,0x7c,
    0xf7,0xcd,0xf8,0xcd,0xf7,0xcd,0xf8,0xcd,0xf7,0xcd,0xf8,0xcd,0xf8,0xcd,0xf7,0xcd,0xf8,0xcd,0xf8,0xc5,0xd8,0xc5,0xd8,0xc5,
    0xd8,0xc5,0xf7,0xc5,0xf8,0xc5,0xf8,0xc5,0xd7,0xc5,0xf8,0xbd,0xd7,0xc5,0xd8,0xbd,0xd8,0xc5,0xd7,0xbd,0xd8,0xbd,0xb8,0xbd,
    0xb7,0xb5,0xb7,0xb5,0x97,0xb5,0x97,0xb5,0x76,0xad,0x77,0xad,0x76,0xa5,0x56,0xa5,0x56,0xa5,0x56,0xa5,0x56,0x9d,0x55,0x9d,
    0x36,0x9d,0x35,0x95,0xf5,0x8c,0xb4,0x74,0x52,0x5c,0xf1,0x43,0x70,0x1b,0xcd,0x02,0x8c,0x02,0x4b,0x02,0x4b,0x02,0x4b,0x02,
    0x6c,0x02,0x6c,0x02,0x6b,0x02,0x4b,0x02,0x4b,0x0a,0x4b,0x02,0x4b,0x02,0x4b,0x0a,0x4b,0x02,0x6c,0x02,0x6c,0x02,0x8c,0x02,
    0xad,0x02,0xcd,0x02,0x0e,0x0b,0x4f,0x13,0x90,0x23,0xb0,0x3b,0xd1,0x4b,0x12,0x4c,0x52,0x5c,0x53,0x64,0x73,0x6c,0x94,0x74,
    0xb4,0x7c,0xd4,0x84,0xf5,0x84,0x15,0x8d,0x15,0x95,0x36,0x95,0x35,0x95,0x56,0x9d,0x56,0x9d,0x56,0x9d,0x36,0x9d,0x55,0xa5,
    0x56,0x9d,0x56,0xa5,0x76,0x9d,0x56,0xa5,0x77,0xad,0x77,0xad,0x76,0xad,0x77,0xad,0x76,0xad,0x76,0xad,0x76,0xa5,0x76,0xad,
    0x56,0xa5,0x56,0xa5,0x56,0xad,0x76,0xa5,0x76,0xad,0x76,0xad,0x76,0xad,0x76,0xad,0x56,0xa5,0x55,0xad,0x56,0xa5,0x35,0xa5,
    0x35,0x9d,0x15,0xa5,0x15,0x9d,0x35,0x9d,0x15,0x9d,0x15,0x9d,0x35,0x9d,0x15,0x9d,0x35,0x9d,0x15,0x95,0x15,0x95,0xf5,0x94,
    0xf4,0x8c,0xf4,0x8c,0xf4,0x8c,0xd4,0x8c,0xd4,0x84,0xb4,0x84,0x93,0x7c,0x93,0x7c,0x73,0x74,0x52,0x6c,0x32,0x64,0x51,0x6c,
    0x52,0x6c,0x52,0x6c,0x72,0x74,0x73,0x74,0x73,0x74,0x72,0x7c,0x73,0x74,0x93,0x7c,0x72,0x7c,0x73,0x74,0x73,0x74,0x93,0x74,
    0x92,0x74,0x93,0x74,0x73,0x74,0x73,0x6c,0x52,0x6c,0x52,0x64,0x32,0x64,0x32,0x64,0x32,0x64,0x32,0x64,0x11,0x64,0x32,0x64,
    0x31,0x64,0x32,0x64,0x11,0x64,0xf1,0x63,0xf0,0x5b,0xf0,0x5b,0xf1,0x63,0x31,0x6c,0x31,0x74,0x31,0x74,0x31,0x74,0x31,0x74,
    0x32,0x74,0x31,0x74,0x52,0x74,0x51,0x74,0xf8,0xcd,0xf7,0xcd,0xf8,0xcd,0xf7,0xcd,0xf8,0xcd,0xf7,0xcd,0xf8,0xcd,0xf8,0xcd,
    0xf8,0xc5,0xf7,0xc5,0xd8,0xc5,0xf7,0xbd,0xd8,0xc5,0xd8,0xc5,0xd7,0xc5,0xf8,0xc5,0xd8,0xc5,0xd8,0xbd,0xd8,0xc5,0xf7,0xbd,
    0xd8,0xbd,0xd7,0xbd,0xd7,0xbd,0xd7,0xbd,0xb7,0xbd,0x96,0xb5,0x96,0xb5,0x77,0xad,0x96,0xb5,0x76,0xad,0x76,0xad,0x57,0xa5,
    0x76,0xa5,0x56,0xa5,0x56,0xa5,0x36,0x9d,0x35,0x95,0xf4,0x8c,0xb4,0x7c,0x73,0x64,0x11,0x4c,0x91,0x33,0x4f,0x23,0x2e,0x13,
    0x2f,0x13,0x2e,0x1b,0x2f,0x1b,0x2f,0x13,0x0e,0x0b,0xee,0x0a,0xcd,0x02,0xcd,0x02,0xcd,0x02,0xcd,0x02,0xac,0x02,0xad,0x02,
    0xac,0x02,0xcd,0x02,0xee,0x12,0x2f,0x1b,0x4f,0x23,0x90,0x2b,0xb0,0x33,0xd1,0x3b,0xf1,0x4b,0x32,0x5c,0x53,0x64,0x93,0x6c,
    0x94,0x74,0xb4,0x74,0xd4,0x7c,0xd4,0x84,0xf5,0x84,0x15,0x8d,0x15,0x8d,0x16,0x95,0x35,0x95,0x36,0x95,0x56,0x9d,0x56,0x9d,
    0x56,0x9d,0x56,0xa5,0x56,0xa5,0x56,0x9d,0x76,0xa5,0x76,0xa5,0x76,0xa5,0x77,0xa5,0x76,0xa5,0x76,0xa5,0x77,0xa5,0x76,0xa5,
    0x76,0xa5,0x56,0xa5,0x56,0xa5,0x56,0xa5,0x56,0xa5,0x55,0xa5,0x56,0xa5,0x56,0xa5,0x56,0xad,0x56,0xa5,0x56,0xad,0x76,0xad,
    0x56,0xa5,0x56,0xa5,0x35,0xa5,0x35,0xa5,0x36,0xa5,0x35,0x9d,0x35,0x9d,0x36,0x9d,0x35,0x9d,0x36,0xa5,0x35,0x9d,0x35,0x9d,
    0x15,0x95,0x14,0x95,0xf4,0x8c,0xd4,0x8c,0xd3,0x84,0xb3,0x84,0xb3,0x84,0x93,0x84,0x93,0x7c,0x72,0x74,0x72,0x74,0x52,0x6c,
    0x52,0x64,0x31,0x64,0x32,0x64,0x11,0x5c,0x12,0x5c,0x11,0x5c,0x11,0x4c,0xf1,0x4b,0x11,0x4c,0xf1,0x4b,0xf1,0x4b,0xd1,0x43,
    0xf1,0x4b,0xf1,0x43,0xf1,0x53,0x11,0x54,0xf1,0x53,0x12,0x54,0x32,0x5c,0x11,0x5c,0x32,0x5c,0x12,0x5c,0x11,0x5c,0x12,0x5c,
    0xf1,0x53,0xd1,0x53,0xd0,0x43,0xb0,0x3b,0x90,0x33,0x6f,0x2b,0x4e,0x2b,0x2e,0x23,0x0e,0x23,0x0e,0x2b,0x2e,0x2b,0x4e,0x3b,
    0x6f,0x43,0x8f,0x4b,0x90,0x53,0xb0,0x53,0xd0,0x5b,0xf0,0x5b,0xf1,0x63,0x31,0x6c,0xf8,0xcd,0xf7,0xcd,0xf8,0xcd,0xf7,0xcd,
    0xf8,0xcd,0xf7,0xcd,0xf7,0xcd,0xf7,0xc5,0xd8,0xc5,0xd7,0xc5,0xd8,0xbd,0xd7,0xbd,0xd7,0xbd,0xd8,0xbd,0xd7,0xc5,0xf8,0xbd,
    0xd7,0xc5,0xd7,0xc5,0xd8,0xbd,0xd7,0xc5,0xd8,0xbd,0xd7,0xc5,0xb8,0xbd,0xb7,0xbd,0x97,0xb5,0x97,0xb5,0x76,0xb5,0x96,0xb5,
    0x76,0xad,0x76,0xa5,0x56,0xa5,0x56,0xa5,0x55,0x9d,0x35,0x9d,0x35,0x95,0x15,0x95,0x14,0x8d,0xd4,0x84,0xb4,0x74,0x73,0x64,
    0x32,0x5c,0x32,0x54,0x12,0x4c,0xf1,0x4b,0x12,0x44,0x12,0x44,0xf2,0x43,0xf1,0x43,0xb1,0x33,0x90,0x2b,0x4f,0x1b,0x4f,0x13,
    0x4f,0x13,0x4f,0x23,0x2f,0x1b,0x4f,0x1b,0x50,0x23,0x90,0x2b,0xb0,0x33,0xf1,0x43,0x12,0x54,0x32,0x54,0x53,0x64,0x73,0x64,
    0x94,0x6c,0xb4,0x74,0xb4,0x7c,0xd4,0x7c,0xf5,0x84,0xf4,0x84,0xf5,0x84,0x15,0x8d,0x16,0x95,0x15,0x8d,0x36,0x95,0x35,0x95,
    0x36,0x95,0x56,0x9d,0x56,0x9d,0x56,0x9d,0x56,0x9d,0x76,0xa5,0x76,0xa5,0x77,0xa5,0x77,0xa5,0x77,0xa5,0x76,0xad,0x97,0xad,
    0x76,0xad,0x77,0xa5,0x76,0xad,0x76,0xa5,0x76,0xa5,0x56,0xa5,0x76,0xad,0x56,0xa5,0x56,0xa5,0x76,0xad,0x76,0xad,0x76,0xad,
    0x76,0xad,0x76,0xb5,0x96,0xad,0x76,0xb5,0x96,0xad,0x76,0xb5,0x76,0xad,0x76,0xad,0x56,0xa5,0x35,0xa5,0x36,0xa5,0x35,0x9d,
    0x35,0x9d,0x15,0x9d,0x15,0x95,0xf5,0x94,0xf4,0x8c,0xd4,0x84,0xb3,0x84,0x93,0x7c,0x93,0x7c,0x73,0x74,0x73,0x74,0x52,0x6c,
    0x32,0x64,0x11,0x54,0x11,0x54,0xd1,0x43,0xd1,0x43,0xb0,0x3b,0xb0,0x33,0x90,0x33,0x90,0x2b,0x70,0x23,0x70,0x23,0x70,0x23,
    0x90,0x2b,0x90,0x2b,0xb0,0x33,0xb0,0x3b,0xd1,0x3b,0xd1,0x43,0xf1,0x4b,0x11,0x4c,0x12,0x54,0x11,0x5c,0x12,0x5c,0x11,0x54,
    0xf1,0x53,0xd1,0x4b,0xb0,0x43,0x8f,0x33,0x6f,0x23,0x2f,0x13,0x0e,0x13,0xee,0x0a,0xcd,0x0a,0xad,0x02,0xac,0x02,0x6c,0x02,
    0x6b,0x02,0x6b,0x02,0x6b,0x02,0x8c,0x0a,0xad,0x12,0xed,0x12,0xed,0x1a,0xed,0x1a,0x0e,0x2b,0x4f,0x2b,0x6f,0x3b,0xb0,0x43,
    0xf8,0xc5,0xf7,0xc5,0xd7,0xcd,0xf7,0xc5,0xd7,0xcd,0xf8,0xc5,0xd7,0xc5,0xd8,0xc5,0xd7,0xc5,0xd7,0xbd,0xd7,0xbd,0xd8,0xc5,
    0xd7,0xbd,0xd8,0xbd,0xd7,0xc5,0xd8,0xbd,0xd7,0xbd,0xd8,0xbd,0xd7,0xbd,0xb7,0xbd,0xb7,0xbd,0xb7,0xb5,0x97,0xb5,0x96,0xb5,
    0x96,0xb5,0x76,0xad,0x76,0xad,0x56,0xa5,0x36,0x9d,0x35,0x9d,0x35,0x95,0x15,0x8d,0xf5,0x8c,0xf4,0x84,0xd5,0x84,0xf4,0x84,
    0xd4,0x7c,0xd4,0x7c,0xb4,0x7c,0xb4,0x7c,0xb4,0x7c,0xb4,0x74,0xb4,0x74,0x93,0x74,0x94,0x6c,0x73,0x6c,0x52,0x5c,0x33,0x5c,
    0x32,0x54,0xf1,0x43,0xd1,0x3b,0xb1,0x33,0xd1,0x3b,0xd1,0x43,0xf1,0x43,0xf1,0x4b,0x12,0x4c,0x32,0x4c,0x53,0x5c,0x73,0x6c,
    0x94,0x6c,0xb4,0x74,0xd5,0x7c,0xf5,0x84,0x15,0x8d,0x15,0x85,0x16,0x8d,0x15,0x95,0x16,0x95,0x36,0x95,0x36,0x95,0x56,0x9d,
    0x36,0x9d,0x56,0x9d,0x56,0x9d,0x56,0x9d,0x76,0xa5,0x56,0xa5,0x56,0x9d,0x76,0xa5,0x77,0xa5,0x77,0xa5,0x97,0xad,0x96,0xad,
    0x97,0xad,0x97,0xad,0x97,0xa5,0x76,0xa5,0x77,0xad,0x76,0xa5,0x76,0xa5,0x77,0xad,0x77,0xad,0x97,0xad,0x97,0xad,0x76,0xad,
    0x96,0xb5,0x76,0xad,0x76,0xad,0x96,0xb5,0x97,0xb5,0x96,0xb5,0x97,0xb5,0x97,0xad,0x96,0xb5,0x76,0xad,0x56,0xad,0x56,0xa5,
    0x55,0xa5,0x56,0xa5,0x35,0x9d,0x15,0x9d,0x15,0x95,0xf4,0x8c,0xd4,0x84,0xd4,0x84,0xb4,0x7c,0x93,0x7c,0x73,0x6c,0x73,0x6c,
    0x52,0x64,0x32,0x5c,0x11,0x54,0x11,0x54,0xf1,0x53,0xf1,0x4b,0xf1,0x4b,0xd1,0x4b,0xf1,0x4b,0xd1,0x4b,0xd1,0x43,0xd0,0x43,
    0xd1,0x3b,0xd0,0x3b,0xb0,0x3b,0xd0,0x3b,0xb1,0x3b,0xf1,0x43,0xf1,0x4b,0xf1,0x43,0xf1,0x53,0x11,0x4c,0x11,0x54,0xf2,0x53,
    0x11,0x4c,0xf1,0x4b,0xd1,0x3b,0xb0,0x3b,0x90,0x2b,0x4f,0x1b,0x2f,0x13,0x0e,0x13,0xee,0x02,0xed,0x0a,0xed,0x02,0xee,0x0a,
    0xed,0x02,0xcd,0x0a,0xcd,0x02,0x8d,0x02,0x6b,0x02,0x2b,0x0a,0x0a,0x02,0xe9,0x01,0x2a,0x02,0x2a,0x02,0x4b,0x02,0x6b,0x02,
    0x6c,0x02,0xac,0x02,0xad,0x0a,0xed,0x12,0xd7,0xc5,0xd7,0xbd,0xd7,0xc5,0xd7,0xc5,0xd7,0xc5,0xd7,0xbd,0xd7,0xbd,0xb7,0xbd,
    0xb7,0xbd,0xb7,0xbd,0xb7,0xbd,0xb7,0xb5,0xd8,0xbd,0xd7,0xbd,0xd8,0xbd,0xd7,0xc5,0xd8,0xbd,0xd7,0xbd,0xb7,0xbd,0xb7,0xbd,
    0xb7,0xb5,0x97,0xb5,0x96,0xad,0x76,0xad,0x56,0xa5,0x56,0x9d,0x15,0x95,0x15,0x95,0x15,0x8d,0xf5,0x84,0xd4,0x84,0xd4,0x7c,
    0xb4,0x7c,0xd5,0x84,0xf5,0x84,0xf5,0x8c,0xf5,0x8c,0x15,0x8d,0x15,0x8d,0x15,0x8d,0x15,0x95,0x15,0x95,0x15,0x8d,0xf5,0x84,
    0xd4,0x7c,0xb4,0x74,0x94,0x6c,0x93,0x64,0x73,0x6c,0x73,0x64,0x53,0x5c,0x32,0x54,0x32,0x5c,0x53,0x5c,0x53,0x5c,0x73,0x64,
    0x74,0x64,0x93,0x6c,0xb4,0x74,0xd5,0x7c,0xf5,0x84,0x15,0x8d,0x36,0x8d,0x36,0x95,0x56,0x9d,0x56,0x9d,0x56,0xa5,0x77,0x9d,
    0x76,0xa5,0x76,0xa5,0x76,0xa5,0x76,0xa5,0x76,0xa5,0x77,0xa5,0x76,0xad,0x77,0xad,0x97,0xad,0x77,0xad,0x97,0xa5,0x76,0xad,
    0x97,0xad,0x97,0xad,0x97,0xad,0x77,0xa5,0x96,0xad,0x77,0xa5,0x76,0xad,0x77,0xa5,0x76,0xa5,0x77,0xa5,0x76,0xad,0x97,0xa5,
    0x76,0xad,0x96,0xad,0x77,0xad,0x96,0xb5,0x97,0xad,0x96,0xb5,0x97,0xb5,0x76,0xad,0x76,0xb5,0x97,0xb5,0x96,0xb5,0x77,0xb5,
    0x96,0xb5,0x77,0xad,0x76,0xad,0x56,0xad,0x55,0xa5,0x35,0x9d,0x35,0x9d,0x15,0x95,0x14,0x95,0xf5,0x8c,0xd4,0x84,0xb4,0x7c,
    0x93,0x7c,0x73,0x6c,0x53,0x64,0x32,0x5c,0x32,0x5c,0x32,0x5c,0x32,0x64,0x52,0x64,0x73,0x6c,0x73,0x74,0x73,0x74,0x93,0x7c,
    0x93,0x7c,0x92,0x74,0x93,0x7c,0x73,0x74,0x52,0x6c,0x53,0x6c,0x52,0x5c,0x32,0x64,0x32,0x64,0x32,0x64,0x12,0x5c,0x32,0x54,
    0x12,0x54,0xf1,0x4b,0x12,0x4c,0xf1,0x4b,0x11,0x4c,0xf2,0x4b,0xf1,0x43,0xd1,0x3b,0xb0,0x3b,0xb0,0x33,0x90,0x33,0x90,0x33,
    0x90,0x2b,0xb0,0x33,0x90,0x33,0x90,0x2b,0x90,0x23,0x4f,0x1b,0x2f,0x13,0xed,0x0a,0xcd,0x02,0x8c,0x02,0x8c,0x02,0x6b,0x02,
    0x6c,0x02,0x4b,0x02,0x4b,0x02,0x4b,0x02,0x4b,0x02,0x4b,0x02,0x6b,0x02,0x6c,0x02,0xb7,0xb5,0x97,0xbd,0x97,0xb5,0x97,0xb5,
    0x97,0xbd,0x97,0xb5,0x97,0xb5,0x97,0xb5,0xb7,0xb5,0x97,0xb5,0xb7,0xb5,0xb7,0xb5,0xb7,0xb5,0xb7,0xbd,0xb7,0xb5,0xb7,0xbd,
    0xb7,0xbd,0xb8,0xb5,0xb7,0xb5,0x97,0xb5,0x97,0xad,0x97,0xad,0x76,0xa5,0x56,0x9d,0x35,0x95,0x15,0x8d,0xf5,0x84,0x15,0x85,
    0xf5,0x84,0x15,0x8d,0x15,0x8d,0x15,0x8d,0x15,0x8d,0x15,0x8d,0x36,0x95,0x35,0x95,0x56,0x9d,0x56,0x9d,0x56,0x9d,0x56,0x95,
    0x56,0x9d,0x56,0x95,0x36,0x95,0x36,0x95,0x15,0x8d,0xf5,0x84,0xf5,0x84,0xd5,0x7c,0xb4,0x74,0x94,0x74,0x93,0x6c,0x94,0x6c,
    0x93,0x6c,0x94,0x6c,0xb4,0x74,0xb4,0x74,0xd5,0x7c,0xf5,0x84,0x15,0x8d,0x36,0x8d,0x36,0x95,0x56,0x95,0x56,0x9d,0x56,0x9d,
    0x77,0xa5,0x77,0xa5,0x97,0xa5,0x97,0xad,0x97,0xad,0x97,0xad,0x97,0xad,0x97,0xad,0x97,0xb5,0x97,0xad,0x97,0xad,0x97,0xad,
    0x97,0xad,0x97,0xad,0x97,0xad,0x97,0xad,0x97,0xad,0x97,0xad,0x76,0xad,0x97,0xad,0x76,0xa5,0x76,0xa5,0x76,0xa5,0x76,0xa5,
    0x76,0xa5,0x76,0xa5,0x77,0xa5,0x76,0xa5,0x77,0xad,0x96,0xad,0x97,0xb5,0x97,0xb5,0x97,0xb5,0x97,0xb5,0xb7,0xbd,0xb7,0xbd,
    0x97,0xb5,0xb7,0xbd,0x96,0xbd,0xb7,0xb5,0x96,0xb5,0x96,0xb5,0x76,0xb5,0x76,0xad,0x76,0xad,0x56,0xad,0x35,0xad,0x35,0x9d,
    0x15,0x9d,0x15,0x95,0xd4,0x8c,0xd4,0x84,0xd4,0x7c,0xb4,0x74,0xb3,0x74,0x94,0x74,0xb3,0x7c,0xd4,0x84,0xd4,0x8c,0xf4,0x94,
    0xf4,0x94,0x14,0x95,0xf4,0x9c,0xf4,0x94,0xf4,0x94,0xf4,0x94,0xf4,0x8c,0xd4,0x8c,0xd4,0x84,0xb3,0x84,0xb3,0x84,0x93,0x7c,
    0xb3,0x84,0x93,0x7c,0x93,0x7c,0x72,0x7c,0x73,0x74,0x72,0x74,0x73,0x74,0x93,0x74,0x73,0x6c,0x73,0x6c,0x72,0x6c,0x53,0x6c,
    0x53,0x64,0x52,0x6c,0x53,0x64,0x52,0x64,0x52,0x6c,0x52,0x64,0x32,0x64,0x12,0x54,0xf1,0x4b,0xb1,0x43,0x90,0x33,0x70,0x2b,
    0x4f,0x1b,0x2e,0x13,0xee,0x0a,0xed,0x0a,0xcd,0x0a,0xcd,0x02,0xac,0x0a,0xac,0x02,0x8c,0x02,0x6c,0x02,0x4b,0x02,0x4b,0x02,
    0x97,0xad,0x96,0xad,0x76,0xad,0x96,0xad,0x76,0xa5,0x76,0xa5,0x76,0xad,0x76,0xa5,0x76,0xa5,0x77,0xa5,0x76,0xa5,0x97,0xad,
    0x97,0xad,0x97,0xad,0xb8,0xad,0x97,0xad,0xb8,0xad,0xb7,0xad,0x97,0xad,0x97,0xad,0x97,0xa5,0x76,0xa5,0x56,0xa5,0x56,0x9d,
    0x56,0x9d,0x56,0x9d,0x56,0x9d,0x56,0x9d,0x56,0xa5,0x76,0x9d,0x56,0x9d,0x56,0x9d,0x56,0x9d,0x56,0x9d,0x56,0x9d,0x76,0xa5,
    0x77,0xa5,0x77,0xa5,0x97,0xad,0x77,0xa5,0x77,0xa5,0x76,0xa5,0x56,0x9d,0x56,0x9d,0x56,0x9d,0x36,0x95,0x35,0x95,0x15,0x8d,
    0xf5,0x84,0xd4,0x7c,0xb4,0x7c,0xb4,0x74,0x94,0x74,0xb3,0x74,0xb4,0x74,0xd4,0x7c,0xf5,0x84,0x15,0x85,0x36,0x95,0x56,0x9d,
    0x56,0x9d,0x56,0x9d,0x76,0xa5,0x77,0xa5,0x77,0xad,0x96,0xad,0x97,0xad,0x97,0xad,0x97,0xad,0x97,0xad,0x97,0xb5,0x97,0xad,
    0x97,0xad,0x97,0xad,0x97,0xb5,0x97,0xad,0x97,0xad,0x97,0xb5,0xb7,0xb5,0x97,0xad,0x97,0xad,0x97,0xad,0x97,0xad,0x97,0xad,
    0x97,0xad,0x97,0xad,0x77,0xad,0x76,0xa5,0x77,0xa5,0x76,0xad,0x77,0xad,0x97,0xad,0x97,0xb5,0xb7,0xb5,0xb7,0xbd,0xb7,0xbd,
    0xd7,0xc5,0xb7,0xc5,0xd7,0xc5,0xd7,0xc5,0xd6,0xc5,0xd7,0xc5,0xd7,0xc5,0xb6,0xc5,0xb7,0xc5,0xb6,0xc5,0xb6,0xbd,0x96,0xc5,
    0x96,0xbd,0x76,0xb5,0x76,0xb5,0x56,0xa5,0x35,0xa5,0x35,0x9d,0x15,0x8d,0x15,0x8d,0xf5,0x8c,0x15,0x8d,0x15,0x95,0x35,0x9d,
    0x36,0x9d,0x35,0xa5,0x56,0xa5,0x56,0xa5,0x56,0xad,0x56,0xad,0x56,0xa5,0x56,0xa5,0x56,0xa5,0x36,0xa5,0x35,0x9d,0x35,0x9d,
    0x35,0x9d,0x15,0x9d,0xf5,0x94,0x14,0x9d,0xf5,0x94,0xf4,0x94,0xf4,0x94,0xd4,0x8c,0xd4,0x94,0xd4,0x8c,0xd4,0x84,0xd4,0x84,
    0xb4,0x84,0xb3,0x7c,0x94,0x7c,0xb3,0x7c,0x94,0x7c,0xb4,0x7c,0xd4,0x84,0xb4,0x84,0xb4,0x84,0xb4,0x84,0xb3,0x7c,0x93,0x74,
    0x93,0x74,0x73,0x6c,0x32,0x64,0x12,0x54,0xd1,0x4b,0xb0,0x43,0x90,0x33,0x4f,0x2b,0x4f,0x23,0x4f,0x23,0x2f,0x1b,0x0e,0x1b,
    0xee,0x12,0xcd,0x0a,0x8d,0x0a,0x8c,0x02,0x56,0x9d,0x36,0x9d,0x35,0x9d,0x36,0x95,0x36,0x9d,0x36,0x95,0x56,0x9d,0x56,0x9d,
    0x56,0x95,0x56,0x9d,0x56,0x9d,0x77,0xa5,0x77,0xa5,0x77,0xa5,0x97,0xad,0x97,0xad,0xb7,0xad,0x97,0xad,0x97,0xa5,0x77,0xa5,
    0x76,0xa5,0x77,0xa5,0x97,0xad,0x97,0xad,0x97,0xad,0x97,0xad,0x77,0xad,0x96,0xad,0x97,0xad,0x77,0xad,0x77,0xa5,0x76,0xa5,
    0x56,0xa5,0x76,0xa5,0x77,0xa5,0x97,0xad,0x96,0xad,0xb7,0xb5,0x97,0xb5,0xb7,0xb5,0x97,0xb5,0x97,0xad,0x97,0xad,0x76,0xad,
    0x76,0x9d,0x56,0x9d,0x36,0x9d,0x35,0x95,0x15,0x95,0xf4,0x84,0xb4,0x7c,0xb4,0x7c,0xb3,0x74,0xb4,0x74,0xb4,0x74,0xb4,0x7c,
    0xf5,0x84,0x35,0x95,0x56,0x95,0x56,0x9d,0x77,0xa5,0x77,0xa5,0x76,0xa5,0x77,0xa5,0x97,0xad,0x97,0xad,0x97,0xb5,0xb7,0xb5,
    0xb7,0xb5,0xb8,0xb5,0xb7,0xb5,0xb7,0xb5,0xb8,0xbd,0xb7,0xb5,0xb7,0xbd,0xb7,0xb5,0xb7,0xbd,0xb7,0xb5,0xb7,0xb5,0xb7,0xb5,
    0x97,0xb5,0x97,0xb5,0x97,0xad,0x97,0xad,0x96,0xad,0x77,0xad,0x96,0xad,0x77,0xad,0x96,0xad,0x77,0xad,0x97,0xb5,0xb7,0xb5,
    0xb7,0xb5,0xb7,0xbd,0xd7,0xc5,0xd7,0xc5,0xd7,0xc5,0xd7,0xc5,0xd7,0xcd,0xd7,0xc5,0xd7,0xcd,0xd7,0xcd,0xd7,0xc5,0xd7,0xcd,
    0xd6,0xcd,0xb7,0xc5,0xb6,0xc5,0x97,0xbd,0x96,0xb5,0x76,0xb5,0x76,0xad,0x56,0xad,0x56,0xa5,0x35,0x9d,0x36,0x9d,0x56,0x9d,
    0x56,0xa5,0x56,0xa5,0x56,0xad,0x76,0xad,0x97,0xad,0x96,0xb5,0x97,0xb5,0x97,0xb5,0xb6,0xb5,0x97,0xb5,0x96,0xb5,0x76,0xad,
    0x76,0xad,0x76,0xa5,0x76,0xad,0x56,0xa5,0x56,0xad,0x56,0xa5,0x55,0xa5,0x36,0x9d,0x35,0xa5,0x15,0x9d,0xf5,0x94,0xf4,0x94,
    0xd4,0x8c,0xd4,0x84,0xb4,0x84,0xb3,0x7c,0x93,0x7c,0x93,0x74,0x93,0x74,0x94,0x7c,0xb4,0x84,0xf4,0x8c,0xf4,0x94,0xf4,0x9c,
    0x14,0x95,0xf4,0x8c,0xf4,0x8c,0xf5,0x8c,0xd4,0x8c,0xb4,0x7c,0xb3,0x7c,0x93,0x74,0x53,0x64,0x52,0x64,0x32,0x5c,0x11,0x5c,
    0xf2,0x53,0xf1,0x4b,0xd1,0x43,0xb0,0x3b,0x90,0x33,0x4f,0x2b,0x4e,0x23,0x0e,0x23,0x15,0x8d,0x15,0x8d,0x15,0x8d,0x15,0x8d,
    0x15,0x8d,0x15,0x8d,0x35,0x95,0x36,0x95,0x56,0x9d,0x56,0x9d,0x77,0xa5,0x97,0xa5,0x97,0xa5,0x97,0xad,0x97,0xa5,0x97,0xad,
    0x97,0xa5,0x97,0xad,0x97,0xad,0x97,0xad,0x97,0xad,0xb7,0xb5,0x97,0xb5,0xb7,0xad,0x97,0xb5,0x97,0xad,0x97,0xad,0x97,0xad,
    0x97,0xad,0x97,0xb5,0x97,0xb5,0x97,0xad,0x97,0xad,0x97,0xb5,0x97,0xb5,0xb7,0xb5,0xb7,0xb5,0xb7,0xb5,0xb7,0xb5,0xb7,0xb5,
    0xb7,0xb5,0xb7,0xb5,0x97,0xb5,0x97,0xad,0x77,0xad,0x76,0xa5,0x56,0xa5,0x56,0x9d,0x15,0x95,0x15,0x8d,0xf4,0x84,0xd4,0x84,
    0xd4,0x7c,0xb4,0x7c,0xd4,0x7c,0xd4,0x84,0x15,0x8d,0x36,0x95,0x36,0x9d,0x76,0x9d,0x76,0xa5,0x77,0xa5,0x96,0xad,0x97,0xad,
    0x97,0xb5,0xb7,0xb5,0xb7,0xb5,0xb8,0xb5,0xb7,0xbd,0xd8,0xbd,0xb7,0xbd,0xd8,0xbd,0xd7,0xbd,0xd8,0xbd,0xd7,0xbd,0xd8,0xc5,
    0xd7,0xbd,0xd7,0xbd,0xb7,0xbd,0xb7,0xbd,0xb7,0xb5,0x97,0xb5,0x96,0xb5,0x97,0xb5,0x97,0xad,0x76,0xad,0x97,0xad,0x76,0xad,
    0x97,0xb5,0x97,0xb5,0xb6,0xb5,0xb7,0xb5,0xb7,0xbd,0xb7,0xbd,0xd7,0xc5,0xd7,0xc5,0xd8,0xc5,0xf7,0xc5,0xd7,0xcd,0xd7,0xc5,
    0xd7,0xc5,0xd7,0xc5,0xb7,0xc5,0xb6,0xc5,0x96,0xbd,0x96,0xbd,0x76,0xb5,0x76,0xb5,0x76,0xb5,0x76,0xad,0x76,0xad,0x56,0xad,
    0x76,0xad,0x76,0xad,0x56,0xad,0x76,0xad,0x76,0xad,0x76,0xb5,0x97,0xb5,0x97,0xb5,0x97,0xb5,0xb7,0xb5,0xb7,0xb5,0x97,0xb5,
    0x97,0xb5,0x96,0xad,0x77,0xad,0x76,0xa5,0x76,0xa5,0x56,0xa5,0x56,0xa5,0x36,0x9d,0x36,0x9d,0x35,0x95,0x15,0x9d,0xf4,0x94,
    0xf4,0x94,0xd4,0x8c,0xb3,0x8c,0xb3,0x8c,0x93,0x84,0x72,0x7c,0x52,0x74,0x52,0x6c,0x32,0x6c,0x32,0x6c,0x32,0x6c,0x72,0x6c,
    0x93,0x84,0xb3,0x8c,0xf4,0x94,0x15,0x95,0x15,0x9d,0x15,0x95,0x15,0x9d,0x15,0x95,0xf4,0x94,0xf4,0x8c,0xd4,0x8c,0xb4,0x7c,
    0xb3,0x7c,0x93,0x7c,0x73,0x74,0x93,0x74,0x93,0x74,0x73,0x6c,0x52,0x6c,0x32,0x5c,0x11,0x54,0xf1,0x4b,0xd1,0x4b,0xb1,0x43,
    0xf5,0x8c,0xf4,0x84,0xd4,0x84,0x15,0x8d,0x15,0x8d,0x15,0x8d,0x15,0x8d,0x36,0x95,0x56,0x9d,0x56,0x9d,0x76,0xa5,0x76,0xa5,
    0x76,0xa5,0x77,0xa5,0x96,0xa5,0x77,0xa5,0x76,0xa5,0x77,0xa5,0x76,0xad,0x97,0xad,0xb7,0xb5,0xb8,0xb5,0xd7,0xbd,0xb8,0xb5,
    0xb7,0xb5,0xb7,0xb5,0xb7,0xb5,0xb7,0xb5,0xb7,0xb5,0xb7,0xb5,0xb7,0xb5,0xb7,0xbd,0xb7,0xb5,0xb7,0xbd,0xb7,0xbd,0xb7,0xbd,
    0xb7,0xbd,0xb7,0xbd,0xb8,0xbd,0xb7,0xbd,0xb7,0xb5,0xb7,0xbd,0xb7,0xb5,0x97,0xb5,0x97,0xb5,0x96,0xad,0x76,0xad,0x56,0xa5,
    0x35,0x9d,0x15,0x9d,0x15,0x95,0xd4,0x8c,0xf4,0x8c,0xd4,0x8c,0xd4,0x84,0xf5,0x84,0x15,0x8d,0x35,0x9d,0x56,0x9d,0x76,0xa5,
    0x56,0xa5,0x77,0xa5,0x97,0xad,0x97,0xad,0x97,0xb5,0xb7,0xb5,0xb7,0xb5,0xb7,0xbd,0xd8,0xbd,0xb7,0xb5,0xd8,0xbd,0xd8,0xbd,
    0xd7,0xc5,0xd8,0xbd,0xd7,0xbd,0xd7,0xc5,0xb8,0xbd,0xd7,0xbd,0xb7,0xbd,0xb7,0xbd,0xb7,0xb5,0xb7,0xb5,0x97,0xb5,0x96,0xb5,
    0x97,0xb5,0x96,0xb5,0x97,0xb5,0x97,0xb5,0x97,0xb5,0x97,0xb5,0xb7,0xb5,0x97,0xbd,0xb7,0xb5,0xb7,0xbd,0xb8,0xbd,0xd7,0xbd,
    0xd7,0xc5,0xd8,0xc5,0xd7,0xc5,0xd7,0xc5,0xd7,0xbd,0xb7,0xc5,0xb7,0xbd,0x96,0xb5,0x97,0xb5,0x76,0xb5,0x76,0xad,0x76,0xad,
    0x76,0xad,0x56,0xad,0x76,0xad,0x76,0xad,0x76,0xad,0x76,0xad,0x76,0xad,0x96,0xb5,0x96,0xb5,0x96,0xb5,0xb7,0xb5,0xb7,0xb5,
    0x97,0xbd,0x96,0xb5,0x97,0xb5,0x76,0xad,0x76,0xa5,0x56,0xa5,0x56,0x9d,0x36,0x95,0x15,0x95,0xf5,0x8c,0xf5,0x8c,0xf4,0x84,
    0xd4,0x84,0xb3,0x84,0x93,0x74,0x52,0x6c,0x32,0x6c,0x11,0x64,0x11,0x5c,0xf0,0x53,0xd0,0x53,0xd0,0x4b,0xb0,0x43,0x8f,0x43,
    0x8f,0x33,0x6f,0x33,0x6f,0x33,0xb0,0x43,0x11,0x64,0x73,0x7c,0xd4,0x8c,0xf4,0x94,0xf4,0x94,0xf5,0x94,0xf4,0x94,0x15,0x95,
    0xf5,0x94,0x15,0x95,0xf4,0x94,0xf4,0x94,0xf4,0x8c,0xd4,0x84,0xb4,0x84,0xb3,0x84,0xd4,0x84,0xb4,0x84,0xb3,0x84,0x94,0x7c,
    0x73,0x74,0x53,0x6c,0x32,0x64,0x31,0x64,0x15,0x8d,0x15,0x8d,0x15,0x95,0x15,0x95,0x15,0x8d,0x36,0x95,0x36,0x95,0x56,0x9d,
    0x56,0x9d,0x77,0xa5,0x77,0xa5,0x77,0x9d,0x77,0xa5,0x76,0xad,0x77,0xa5,0x76,0xa5,0x76,0xad,0x76,0xa5,0x97,0xad,0x97,0xad,
    0xb7,0xb5,0xb7,0xbd,0xd8,0xbd,0xd8,0xbd,0xb7,0xbd,0xb7,0xbd,0xb7,0xbd,0xd8,0xbd,0xb7,0xbd,0xd8,0xbd,0xd7,0xbd,0xd7,0xbd,
    0xb7,0xbd,0xd7,0xbd,0xb7,0xbd,0xd8,0xc5,0xd7,0xc5,0xd8,0xc5,0xd7,0xbd,0xd7,0xbd,0xb7,0xbd,0xd7,0xbd,0xb7,0xbd,0xb7,0xb5,
    0x97,0xb5,0x97,0xb5,0x77,0xad,0x56,0xa5,0x56,0xa5,0x35,0x9d,0x15,0x95,0x15,0x95,0x15,0x95,0xf4,0x8c,0xf4,0x8c,0x15,0x95,
    0x35,0x9d,0x56,0x9d,0x77,0xa5,0x77,0xa5,0x96,0xad,0x97,0xad,0x97,0xad,0xb7,0xb5,0xb7,0xb5,0xb7,0xbd,0xb7,0xb5,0xd8,0xbd,
    0xb7,0xbd,0xd8,0xbd,0xd7,0xbd,0xd7,0xbd,0xd8,0xbd,0xd7,0xc5,0xd8,0xbd,0xd7,0xc5,0xd7,0xbd,0xb8,0xc5,0xb7,0xbd,0xb7,0xbd,
    0xb7,0xbd,0x97,0xb5,0xb7,0xb5,0xb7,0xb5,0xb7,0xb5,0xb7,0xbd,0xb7,0xbd,0xb7,0xbd,0xb7,0xb5,0xb7,0xb5,0xb7,0xbd,0x97,0xb5,
    0xb7,0xbd,0xb7,0xbd,0xd7,0xbd,0xd7,0xc5,0xd8,0xbd,0xd7,0xbd,0xb7,0xbd,0xb7,0xbd,0xb7,0xb5,0xb7,0xb5,0x97,0xb5,0x97,0xb5,
    0x96,0xb5,0x97,0xad,0x76,0xad,0x77,0xad,0x76,0xad,0x76,0xad,0x76,0xad,0x76,0xb5,0x76,0xad,0x76,0xb5,0x96,0xb5,0x97,0xb5,
    0x97,0xb5,0x97,0xb5,0x96,0xb5,0x96,0xb5,0x96,0xad,0x76,0xa5,0x56,0x9d,0x56,0x9d,0x35,0x95,0x15,0x8d,0xf5,0x7c,0xd4,0x7c,
    0xb4,0x7c,0x94,0x6c,0x72,0x64,0x32,0x64,0x11,0x54,0xd1,0x4b,0xb0,0x3b,0x6f,0x33,0x6e,0x2b,0x2e,0x2b,0x2e,0x23,0x2e,0x13,
    0x0e,0x13,0xed,0x0a,0xcd,0x0a,0x8d,0x02,0x6c,0x02,0x6b,0x02,0x4b,0x02,0xac,0x0a,0x4f,0x23,0x11,0x5c,0x73,0x7c,0x93,0x7c,
    0x93,0x7c,0xb3,0x7c,0xd4,0x84,0xd4,0x8c,0x14,0x95,0x15,0x9d,0x35,0x9d,0x36,0x9d,0x15,0x9d,0x15,0x9d,0x14,0x95,0xf5,0x94,
    0x14,0x95,0xf4,0x94,0xf4,0x94,0xf4,0x8c,0xd4,0x8c,0xd3,0x8c,0xb4,0x84,0xb3,0x7c,0x15,0x8d,0x15,0x95,0x35,0x9d,0x56,0x9d,
    0x56,0xa5,0x56,0x9d,0x56,0xa5,0x76,0xa5,0x76,0xa5,0x77,0xa5,0x96,0xad,0x97,0xad,0x97,0xad,0x97,0xad,0x97,0xb5,0x97,0xad,
    0x97,0xad,0x77,0xad,0x96,0xad,0x97,0xad,0xb7,0xb5,0xb7,0xbd,0xb8,0xb5,0xb7,0xbd,0xb7,0xb5,0xb7,0xb5,0xb7,0xb5,0xb7,0xbd,
    0xd8,0xbd,0xd7,0xbd,0xd8,0xbd,0xb7,0xbd,0xb8,0xbd,0xb7,0xc5,0xd7,0xbd,0xd7,0xc5,0xd7,0xc5,0xd7,0xc5,0xb7,0xbd,0x97,0xbd,
    0xb7,0xb5,0x97,0xbd,0x97,0xb5,0x96,0xad,0x76,0xad,0x76,0xad,0x56,0xa5,0x35,0x9d,0x35,0x9d,0x35,0x9d,0x35,0x95,0x15,0x95,
    0x15,0x95,0x15,0x95,0x35,0x95,0x36,0x9d,0x35,0x9d,0x56,0x9d,0x76,0xa5,0x77,0xad,0x97,0xad,0x97,0xad,0x97,0xad,0x97,0xb5,
    0x97,0xb5,0xb7,0xb5,0xb7,0xb5,0x97,0xb5,0x97,0xb5,0xb7,0xb5,0xb7,0xbd,0xb7,0xbd,0xb8,0xbd,0xb7,0xbd,0xb7,0xbd,0xb7,0xbd,
    0xb7,0xbd,0xb7,0xbd,0xb7,0xbd,0x97,0xb5,0x97,0xb5,0x97,0xb5,0x96,0xb5,0x97,0xb5,0x97,0xb5,0x97,0xb5,0xb7,0xb5,0x96,0xb5,
    0xb7,0xbd,0x97,0xb5,0xb7,0xbd,0xb7,0xbd,0xb7,0xbd,0xb7,0xbd,0xb7,0xbd,0xb7,0xbd,0xb7,0xbd,0xb7,0xbd,0xb7,0xb5,0xb8,0xb5,
    0xb7,0xb5,0x97,0xb5,0xb7,0xb5,0x97,0xb5,0x96,0xad,0x76,0xb5,0x97,0xad,0x76,0xad,0x97,0xad,0x76,0xb5,0x97,0xb5,0x96,0xb5,
    0xb7,0xb5,0x97,0xbd,0xb7,0xb5,0x97,0xb5,0x96,0xb5,0x76,0xad,0x77,0xad,0x56,0xa5,0x56,0x9d,0x36,0x95,0x15,0x8d,0xf5,0x7c,
    0xb4,0x74,0x94,0x6c,0x73,0x64,0x52,0x5c,0x32,0x54,0x11,0x54,0xd1,0x4b,0xd1,0x43,0xb0,0x43,0x90,0x33,0x6f,0x33,0x6f,0x33,
    0x6f,0x33,0x6f,0x33,0x6f,0x3b,0x6f,0x2b,0x4f,0x1b,0x0e,0x13,0xee,0x0a,0x8c,0x02,0x4b,0x02,0x2b,0x02,0x0a,0x02,0x4b,0x02,
    0xee,0x0a,0x6f,0x2b,0xd1,0x43,0x11,0x54,0x12,0x5c,0x32,0x64,0x73,0x74,0x93,0x74,0x93,0x84,0xd4,0x8c,0xf4,0x8c,0xf4,0x94,
    0x15,0x95,0x15,0x9d,0x14,0x95,0x15,0x9d,0x15,0x9d,0x35,0xa5,0x15,0x9d,0x15,0x9d,0xf4,0x9c,0xf5,0x94,0x14,0x95,0xf5,0x94,
    0x15,0x95,0x56,0x9d,0x56,0xa5,0x56,0xa5,0x76,0xa5,0x76,0xad,0x76,0xad,0x97,0xad,0x97,0xad,0xb7,0xb5,0xb7,0xb5,0xb7,0xb5,
    0xb7,0xb5,0x97,0xb5,0x96,0xad,0x96,0xad,0x76,0xad,0x56,0xa5,0x76,0xad,0x77,0xad,0x97,0xb5,0xb7,0xb5,0xb7,0xb5,0x97,0xb5,
    0x97,0xb5,0x97,0xad,0x97,0xb5,0x97,0xad,0xb7,0xb5,0xb7,0xbd,0x97,0xb5,0xb7,0xb5,0x96,0xb5,0x97,0xb5,0x97,0xbd,0x97,0xb5,
    0x96,0xb5,0x77,0xb5,0x76,0xad,0x76,0xa5,0x55,0xad,0x56,0xa5,0x55,0xa5,0x36,0xa5,0x36,0x9d,0x35,0x9d,0x15,0x95,0xf4,0x8c,
    0xf5,0x84,0xf5,0x8c,0x15,0x8d,0xf4,0x94,0x15,0x8d,0x15,0x95,0x36,0x95,0x35,0x9d,0x36,0x9d,0x56,0x9d,0x76,0xa5,0x76,0xa5,
    0x77,0xa5,0x76,0xad,0x97,0xad,0x77,0xad,0x97,0xad,0x97,0xad,0x76,0xad,0x97,0xa5,0x97,0xad,0x97,0xad,0x97,0xad,0x97,0xb5,
    0xb7,0xb5,0xb7,0xb5,0x97,0xb5,0xb7,0xb5,0x97,0xb5,0x97,0xad,0x96,0xb5,0x76,0xad,0x97,0xad,0x96,0xb5,0x77,0xad,0x96,0xad,
    0x97,0xb5,0x96,0xad,0x97,0xb5,0x97,0xb5,0x97,0xad,0xb7,0xb5,0x97,0xb5,0xb7,0xb5,0x97,0xb5,0xb7,0xb5,0xb7,0xb5,0xb7,0xb5,
    0xb7,0xb5,0x97,0xb5,0xb7,0xb5,0xb7,0xb5,0x97,0xb5,0xb7,0xb5,0x97,0xb5,0xb7,0xb5,0x97,0xb5,0x97,0xb5,0x96,0xb5,0x97,0xb5,
    0x97,0xb5,0xb7,0xb5,0x97,0xbd,0xb7,0xb5,0x97,0xbd,0x96,0xb5,0x76,0xb5,0x76,0xa5,0x56,0xa5,0x56,0x9d,0x15,0x8d,0x16,0x85,
    0xf5,0x7c,0xb4,0x74,0x94,0x6c,0x73,0x64,0x73,0x5c,0x53,0x5c,0x52,0x54,0x32,0x5c,0x32,0x54,0x12,0x54,0x11,0x54,0x11,0x54,
    0x11,0x54,0x11,0x5c,0x32,0x64,0x52,0x6c,0x72,0x74,0x73,0x74,0x73,0x74,0x73,0x6c,0x32,0x64,0xf1,0x53,0xb0,0x3b,0x0f,0x23,
    0xac,0x02,0x2b,0x02,0x0a,0x02,0x4b,0x02,0x8c,0x02,0xad,0x02,0x0e,0x1b,0x6f,0x23,0x70,0x2b,0x90,0x2b,0xb0,0x3b,0xf1,0x4b,
    0x11,0x5c,0x52,0x6c,0x73,0x74,0x93,0x84,0xb3,0x84,0xb3,0x84,0xb4,0x8c,0xd3,0x8c,0xd4,0x94,0xf4,0x94,0x15,0x9d,0x14,0x9d,
    0x15,0x9d,0x15,0x95,0x15,0x9d,0x15,0x9d,0x56,0x9d,0x76,0xa5,0x77,0xad,0x97,0xad,0xb7,0xb5,0x97,0xb5,0x97,0xb5,0x97,0xb5,
    0xb7,0xb5,0x97,0xb5,0x98,0xb5,0x97,0xad,0x96,0xad,0x77,0xad,0x76,0xad,0x56,0xad,0x56,0xa5,0x56,0xa5,0x56,0xa5,0x56,0xa5,
    0x76,0xad,0x76,0xad,0x55,0xad,0x56,0xa5,0x35,0xa5,0x55,0xa5,0x56,0xa5,0x76,0xad,0x76,0xad,0x77,0xad,0x76,0xa5,0x56,0xad,
    0x76,0xad,0x56,0xad,0x56,0xad,0x55,0xa5,0x35,0xa5,0x35,0x9d,0x35,0x9d,0xf4,0x94,0xf4,0x8c,0xf4,0x8c,0xf5,0x8c,0xf4,0x8c,
    0xd4,0x84,0xd4,0x84,0xd4,0x7c,0xb4,0x74,0xd4,0x84,0xf4,0x84,0xf5,0x8c,0xf5,0x8c,0x35,0x8d,0x36,0x9d,0x35,0x95,0x15,0x95,
    0x36,0x95,0x56,0x9d,0x56,0x9d,0x76,0xa5,0x77,0xa5,0x97,0xa5,0x77,0xa5,0x76,0xa5,0x76,0xa5,0x56,0xa5,0x76,0xa5,0x56,0xa5,
    0x76,0xa5,0x76,0xa5,0x77,0xa5,0x76,0xad,0x97,0xad,0x77,0xa5,0x96,0xad,0x77,0xad,0x97,0xad,0x76,0xad,0x77,0xa5,0x77,0xad,
    0x76,0xad,0x97,0xa5,0x76,0xa5,0x77,0xad,0x97,0xad,0x77,0xad,0x96,0xad,0x97,0xad,0x96,0xad,0x97,0xad,0x97,0xad,0x97,0xad,
    0x97,0xad,0x97,0xb5,0xb7,0xad,0x97,0xb5,0x98,0xad,0xb7,0xb5,0xb7,0xb5,0x98,0xb5,0xb7,0xb5,0xb7,0xb5,0xb7,0xb5,0xb7,0xb5,
    0xb7,0xb5,0x97,0xb5,0xb7,0xb5,0x97,0xb5,0x97,0xb5,0x96,0xb5,0x97,0xb5,0x76,0xad,0x76,0xad,0x56,0xa5,0x56,0x95,0x15,0x8d,
    0x15,0x8d,0xf5,0x84,0xf5,0x7c,0xd4,0x7c,0xb4,0x6c,0x94,0x6c,0x94,0x64,0x94,0x6c,0x93,0x6c,0x93,0x6c,0x93,0x6c,0x73,0x6c,
    0x73,0x6c,0x73,0x6c,0x93,0x74,0x93,0x84,0xb4,0x84,0xd4,0x8c,0xf4,0x94,0xf5,0x94,0x15,0x95,0x15,0x95,0x15,0x95,0x14,0x95,
    0xf5,0x8c,0xb4,0x7c,0x52,0x6c,0xd0,0x4b,0x2f,0x33,0xac,0x0a,0xad,0x0a,0xcd,0x0a,0xee,0x12,0xed,0x0a,0xcd,0x0a,0xac,0x02,
    0x8c,0x02,0x8c,0x0a,0xcd,0x0a,0x2e,0x23,0x4f,0x23,0x4f,0x2b,0x8f,0x3b,0xd0,0x4b,0xf1,0x5b,0x11,0x6c,0x31,0x74,0x72,0x74,
    0x72,0x7c,0x93,0x84,0x72,0x84,0x93,0x84,0xb3,0x84,0xd3,0x8c,0xd4,0x8c,0xf4,0x94,0x97,0xad,0xb7,0xad,0x97,0xb5,0xb8,0xb5,
    0xb7,0xb5,0xb8,0xb5,0xb7,0xb5,0xb7,0xb5,0x97,0xad,0x97,0xad,0x76,0xa5,0x76,0xa5,0x56,0xa5,0x56,0xa5,0x76,0xa5,0x56,0xa5,
    0x35,0x9d,0x15,0x95,0x15,0x95,0xf4,0x9c,0x14,0x95,0xf4,0x9c,0xf4,0x94,0xd4,0x8c,0xb3,0x84,0xd4,0x8c,0xf4,0x8c,0xf5,0x94,
    0x15,0x95,0xf4,0x94,0x15,0x95,0xf4,0x8c,0xf5,0x8c,0xf4,0x8c,0xf4,0x8c,0xf4,0x8c,0xd4,0x84,0xb3,0x7c,0x94,0x74,0x93,0x6c,
    0x73,0x6c,0x93,0x74,0x93,0x74,0x93,0x6c,0x73,0x64,0x93,0x64,0x94,0x64,0x93,0x6c,0xb4,0x74,0xb4,0x7c,0xd4,0x7c,0xf5,0x84,
    0xf5,0x84,0xf5,0x84,0xf5,0x84,0x15,0x85,0x15,0x8d,0x15,0x8d,0x36,0x95,0x36,0x95,0x56,0x9d,0x56,0x9d,0x76,0x9d,0x57,0x9d,
    0x56,0x9d,0x56,0x95,0x56,0x95,0x56,0x9d,0x56,0x9d,0x56,0x9d,0x56,0x9d,0x56,0x9d,0x56,0x9d,0x56,0xa5,0x76,0xa5,0x76,0xa5,
    0x77,0xa5,0x77,0xa5,0x96,0xa5,0x77,0xa5,0x97,0xa5,0x77,0xad,0x77,0xa5,0x76,0xa5,0x77,0xa5,0x76,0xa5,0x77,0xad,0x77,0xa5,
    0x97,0xad,0x97,0xa5,0x97,0xad,0x97,0xad,0xb7,0xad,0x97,0xb5,0xb7,0xb5,0xb7,0xb5,0xb7,0xb5,0x97,0xb5,0xb8,0xb5,0xb7,0xb5,
    0xb7,0xb5,0xb8,0xb5,0xb7,0xbd,0xb7,0xb5,0x97,0xb5,0x97,0xb5,0x97,0xb5,0x96,0xad,0x76,0xad,0x56,0xa5,0x56,0x9d,0x36,0x95,
    0x35,0x8d,0x15,0x8d,0xf5,0x84,0x15,0x8d,0xf5,0x84,0xf5,0x84,0xf5,0x84,0xd5,0x7c,0xd5,0x7c,0xf5,0x84,0xf4,0x7c,0xd5,0x84,
    0xd4,0x84,0xd5,0x84,0xd4,0x84,0xd4,0x8c,0xf4,0x8c,0xf5,0x94,0x15,0x9d,0x35,0x9d,0x35,0xa5,0x56,0xa5,0x56,0xa5,0x56,0xad,
    0x76,0xad,0x76,0xad,0x56,0xad,0x56,0xa5,0x35,0x9d,0xf4,0x94,0xb4,0x84,0x32,0x64,0xd0,0x53,0x90,0x43,0x8f,0x3b,0x90,0x3b,
    0xb0,0x43,0x6f,0x33,0xee,0x12,0x6b,0x02,0x4a,0x02,0x2b,0x02,0x4a,0x02,0x4b,0x02,0x2a,0x02,0x4a,0x0a,0x6b,0x02,0x8c,0x0a,
    0xcc,0x12,0xed,0x1a,0x2e,0x2b,0x6f,0x3b,0xaf,0x4b,0xd0,0x53,0xf0,0x63,0x11,0x64,0x11,0x6c,0x31,0x74,0x52,0x7c,0x72,0x7c,
    0x97,0xad,0x97,0xad,0xb8,0xb5,0xd7,0xb5,0xb8,0xb5,0xb7,0xb5,0xb7,0xb5,0x97,0xad,0x77,0xa5,0x56,0x9d,0x56,0x9d,0x36,0x95,
    0x35,0x95,0x15,0x95,0x15,0x95,0xf5,0x8c,0xd4,0x84,0xb3,0x7c,0x93,0x74,0x93,0x7c,0x73,0x74,0x52,0x64,0x32,0x5c,0x12,0x54,
    0x32,0x5c,0x52,0x64,0x73,0x6c,0x93,0x74,0x93,0x74,0x72,0x74,0x73,0x6c,0x72,0x64,0x53,0x5c,0x52,0x54,0x33,0x54,0x32,0x4c,
    0x12,0x44,0x12,0x44,0x12,0x44,0x11,0x44,0x12,0x4c,0x53,0x4c,0x53,0x4c,0x33,0x54,0x53,0x54,0x53,0x5c,0x53,0x54,0x73,0x54,
    0x74,0x5c,0x94,0x64,0x94,0x64,0x94,0x6c,0xb4,0x6c,0xd4,0x74,0xb5,0x6c,0xd5,0x74,0xd5,0x74,0xd5,0x7c,0xf5,0x7c,0x16,0x85,
    0x36,0x8d,0x36,0x8d,0x36,0x8d,0x36,0x95,0x56,0x95,0x56,0x9d,0x56,0x9d,0x56,0x95,0x56,0x9d,0x56,0x9d,0x56,0xa5,0x56,0xa5,
    0x76,0xa5,0x76,0xa5,0x77,0xa5,0x77,0xad,0x96,0xad,0x97,0xad,0x97,0xad,0x97,0xad,0x97,0xb5,0xb7,0xad,0xb7,0xb5,0x97,0xad,
    0x97,0xad,0x97,0xad,0x97,0xad,0x97,0xad,0x97,0xad,0x97,0xad,0x97,0xad,0xb7,0xb5,0xb7,0xb5,0xb8,0xb5,0xb7,0xb5,0x97,0xb5,
    0xb7,0xb5,0xb8,0xb5,0xb7,0xb5,0xb7,0xb5,0xb7,0xb5,0xb7,0xb5,0x97,0xb5,0x97,0xad,0x96,0xad,0x77,0xad,0x76,0x9d,0x56,0x9d,
    0x36,0x95,0x36,0x8d,0x15,0x8d,0x15,0x8d,0x15,0x8d,0x16,0x8d,0x15,0x8d,0x15,0x8d,0x15,0x8d,0x16,0x95,0x35,0x95,0x36,0x95,
    0x56,0x95,0x35,0x9d,0x36,0x9d,0x35,0x95,0x36,0x9d,0x55,0x9d,0x36,0xa5,0x56,0x9d,0x56,0xa5,0x56,0xa5,0x56,0xa5,0x76,0xad,
    0x76,0xa5,0x76,0xad,0x76,0xad,0x76,0xad,0x76,0xad,0x76,0xad,0x76,0xad,0x56,0xa5,0x55,0xa5,0x35,0x9d,0xf5,0x94,0xb3,0x84,
    0x73,0x74,0x52,0x74,0x52,0x74,0x72,0x6c,0x52,0x6c,0xf1,0x53,0x8f,0x3b,0x4f,0x33,0x2e,0x2b,0x0e,0x2b,0xcd,0x1a,0x8c,0x0a,
    0x4b,0x02,0x4b,0x02,0x0a,0x02,0x09,0x02,0xea,0x01,0x0a,0x02,0x2a,0x02,0x4b,0x02,0x4b,0x0a,0x8c,0x0a,0xac,0x12,0xed,0x1a,
    0x0e,0x2b,0x4f,0x33,0xb0,0x43,0xd0,0x53,0x97,0xad,0xb7,0xad,0xb8,0xad,0xb7,0xb5,0xb8,0xad,0x97,0xad,0x97,0xa5,0x57,0x9d,
    0x56,0x9d,0x15,0x8d,0xf5,0x84,0xd4,0x7c,0xb4,0x74,0x94,0x6c,0x73,0x64,0x73,0x5c,0x53,0x54,0x32,0x4c,0x12,0x44,0x12,0x44,
    0xf1,0x3b,0xd1,0x33,0xd1,0x33,0xd0,0x3b,0xf2,0x43,0x12,0x4c,0xf1,0x43,0xd0,0x3b,0x90,0x33,0xb0,0x33,0xb1,0x33,0xb1,0x33,
    0xd1,0x33,0xb1,0x33,0xd1,0x33,0xf2,0x33,0x12,0x3c,0x12,0x3c,0xf2,0x43,0x12,0x44,0x32,0x4c,0x53,0x54,0x73,0x5c,0x94,0x64,
    0x94,0x64,0x94,0x64,0xb4,0x64,0x94,0x64,0xb4,0x64,0x94,0x6c,0xb4,0x64,0xb4,0x6c,0xb4,0x64,0x94,0x64,0xb4,0x64,0xb4,0x6c,
    0xb4,0x6c,0xd5,0x74,0xd5,0x74,0xf5,0x7c,0x15,0x7d,0x16,0x85,0x36,0x8d,0x56,0x95,0x56,0x95,0x57,0xa5,0x77,0xa5,0x77,0xad,
    0x97,0xad,0x96,0xad,0x97,0xad,0x97,0xb5,0x97,0xb5,0x97,0xb5,0xb7,0xb5,0xb7,0xb5,0xb7,0xb5,0xb8,0xbd,0xb7,0xbd,0xb7,0xb5,
    0xb7,0xbd,0xb7,0xbd,0xb7,0xb5,0xb7,0xb5,0xb7,0xb5,0xb7,0xbd,0xb7,0xb5,0x97,0xb5,0xb7,0xb5,0x97,0xb5,0xb7,0xb5,0xb8,0xb5,
    0xb7,0xb5,0xd7,0xbd,0xb8,0xb5,0xb7,0xb5,0xb8,0xb5,0xb7,0xb5,0xb7,0xb5,0x98,0xb5,0xb7,0xb5,0x97,0xad,0x97,0xad,0x76,0xa5,
    0x77,0xa5,0x76,0xa5,0x56,0x9d,0x56,0x95,0x56,0x95,0x56,0x9d,0x36,0x95,0x56,0x95,0x35,0x95,0x36,0x95,0x36,0x9d,0x56,0xa5,
    0x76,0xa5,0x77,0xa5,0x97,0xad,0x76,0xad,0x77,0xa5,0x76,0xa5,0x76,0xa5,0x77,0xad,0x76,0xa5,0x56,0xa5,0x76,0xa5,0x56,0xa5,
    0x56,0xa5,0x55,0xa5,0x56,0xa5,0x56,0xa5,0x56,0xa5,0x56,0xa5,0x35,0xa5,0x56,0xa5,0x35,0xa5,0x35,0x9d,0x35,0xa5,0x15,0x9d,
    0xf5,0x9c,0x14,0x95,0xf4,0x94,0xb4,0x8c,0xb3,0x84,0xb4,0x7c,0xd4,0x84,0xd4,0x8c,0xd4,0x8c,0x93,0x7c,0x53,0x74,0x52,0x6c,
    0x32,0x64,0x32,0x64,0x11,0x54,0xd0,0x4b,0x90,0x3b,0x2f,0x23,0xed,0x1a,0xad,0x12,0x8c,0x0a,0x6c,0x02,0x4b,0x02,0x2a,0x02,
    0x2a,0x02,0x0a,0x02,0x2b,0x02,0x4b,0x02,0x4b,0x02,0x6b,0x02,0x8c,0x02,0xcd,0x0a,0xb7,0xad,0xb8,0xb5,0xb7,0xb5,0xb8,0xb5,
    0xb7,0xad,0x97,0xad,0x77,0xa5,0x56,0x95,0x15,0x8d,0xf5,0x7c,0xb4,0x74,0x93,0x6c,0x94,0x64,0x73,0x5c,0x94,0x5c,0x73,0x5c,
    0x73,0x5c,0x53,0x5c,0x53,0x5c,0x52,0x54,0x12,0x4c,0x12,0x4c,0x12,0x44,0xf1,0x4b,0x12,0x44,0xf1,0x3b,0xb1,0x33,0xb0,0x23,
    0xb1,0x2b,0xb1,0x2b,0xd1,0x33,0xf1,0x3b,0x12,0x44,0x32,0x54,0x73,0x5c,0x93,0x64,0x94,0x6c,0xb4,0x6c,0xb4,0x6c,0xd4,0x74,
    0xd5,0x7c,0xd5,0x7c,0xf5,0x7c,0x16,0x85,0x15,0x85,0x36,0x8d,0x16,0x8d,0x36,0x85,0x15,0x8d,0x36,0x8d,0x15,0x85,0x16,0x8d,
    0xf5,0x84,0x15,0x85,0xf5,0x7c,0xf5,0x7c,0xf6,0x7c,0x15,0x85,0x16,0x85,0x36,0x85,0x36,0x8d,0x56,0x95,0x77,0x9d,0x77,0xa5,
    0x77,0xa5,0xb7,0xad,0xb7,0xb5,0xb7,0xb5,0xd8,0xbd,0xb7,0xbd,0xd7,0xbd,0xb7,0xc5,0xd7,0xbd,0xd7,0xc5,0xd7,0xc5,0xd8,0xc5,
    0xd7,0xc5,0xd8,0xbd,0xd7,0xc5,0xd8,0xbd,0xd7,0xbd,0xd8,0xbd,0xb7,0xbd,0xb7,0xbd,0xb7,0xbd,0x97,0xb5,0xb7,0xb5,0xb7,0xbd,
    0xb7,0xb5,0xb7,0xbd,0xb7,0xb5,0xb7,0xbd,0xd8,0xbd,0xb7,0xbd,0xd8,0xb5,0xb7,0xbd,0xb8,0xb5,0xb7,0xb5,0xb7,0xb5,0xb7,0xb5,
    0x97,0xad,0x97,0xad,0x77,0xad,0x97,0xa5,0x76,0xad,0x77,0xa5,0x77,0xa5,0x97,0xad,0x77,0xad,0x76,0xa5,0x76,0xad,0x56,0xa5,
    0x76,0xad,0x76,0xad,0x96,0xb5,0x97,0xb5,0x97,0xb5,0x97,0xb5,0xb7,0xb5,0x97,0xad,0x77,0xad,0x56,0xa5,0x35,0x9d,0x35,0x9d,
    0x35,0xa5,0x35,0x9d,0x36,0xa5,0x35,0x9d,0x35,0x9d,0x15,0x9d,0x35,0x9d,0x15,0xa5,0x14,0x9d,0x15,0x95,0xf4,0x94,0xd4,0x8c,
    0xb4,0x8c,0xb3,0x8c,0xb3,0x84,0x93,0x84,0x72,0x7c,0x32,0x6c,0x31,0x6c,0x32,0x6c,0x52,0x6c,0x73,0x74,0xd4,0x84,0xf4,0x8c,
    0xf5,0x94,0xf4,0x94,0xd4,0x8c,0xb4,0x8c,0xb3,0x84,0xd4,0x8c,0xb4,0x84,0x93,0x84,0x73,0x74,0x52,0x64,0x11,0x5c,0xb1,0x4b,
    0x6f,0x33,0x2f,0x1b,0xee,0x12,0xcd,0x0a,0xad,0x02,0xad,0x02,0x8c,0x02,0x8c,0x02,0x8c,0x02,0x8c,0x02,0xad,0x02,0xac,0x02,
    0x97,0xad,0xb7,0xb5,0xb8,0xad,0xb7,0xad,0xb7,0xad,0x97,0xa5,0x56,0x9d,0x36,0x95,0x15,0x85,0xf5,0x7c,0xd4,0x7c,0xd4,0x7c,
    0xb4,0x7c,0xd4,0x7c,0xd5,0x7c,0xb4,0x74,0xb4,0x74,0xb4,0x74,0xb4,0x74,0xb4,0x74,0xd4,0x74,0xb4,0x74,0xd5,0x74,0xd4,0x74,
    0xb4,0x74,0xb4,0x74,0x94,0x6c,0x93,0x6c,0x73,0x64,0x73,0x64,0x73,0x64,0x93,0x6c,0xb4,0x74,0xd4,0x74,0xd5,0x7c,0xf5,0x7c,
    0xf5,0x84,0x16,0x8d,0x36,0x8d,0x36,0x95,0x56,0x95,0x57,0x95,0x76,0x9d,0x77,0xa5,0x77,0xa5,0x77,0xa5,0x76,0xa5,0x77,0xa5,
    0x76,0x9d,0x56,0xa5,0x76,0x9d,0x56,0x9d,0x56,0x9d,0x36,0x95,0x36,0x95,0x36,0x8d,0x36,0x95,0x56,0x95,0x56,0x9d,0x77,0x9d,
    0x77,0xa5,0x97,0xa5,0x97,0xb5,0xb7,0xb5,0xd8,0xbd,0xd8,0xbd,0xf8,0xc5,0xf8,0xc5,0xf8,0xc5,0xd8,0xcd,0xf7,0xc5,0xd8,0xcd,
    0xd7,0xcd,0xf7,0xcd,0xd8,0xcd,0xf7,0xc5,0xd8,0xc5,0xd7,0xc5,0xd8,0xc5,0xf7,0xc5,0xd8,0xc5,0xd7,0xc5,0xb7,0xbd,0xb7,0xbd,
    0xb7,0xbd,0xb7,0xbd,0xb7,0xbd,0xb7,0xbd,0xb7,0xbd,0xb7,0xb5,0xb7,0xbd,0xb8,0xbd,0xd7,0xb5,0xb8,0xbd,0xb7,0xb5,0xb7,0xb5,
    0x97,0xad,0x97,0xb5,0x97,0xad,0xb8,0xb5,0x97,0xad,0x97,0xad,0x97,0xb5,0x97,0xad,0x97,0xad,0x97,0xb5,0x96,0xad,0x97,0xad,
    0x97,0xb5,0x97,0xad,0x97,0xb5,0x97,0xb5,0x97,0xb5,0x97,0xb5,0x97,0xb5,0x96,0xb5,0x97,0xb5,0x97,0xb5,0x76,0xad,0x56,0xa5,
    0x35,0x9d,0xf4,0x94,0xd4,0x84,0xd3,0x8c,0xf4,0x8c,0xf4,0x8c,0xf4,0x8c,0xd4,0x84,0xb4,0x84,0xb3,0x84,0x93,0x7c,0xb3,0x7c,
    0x93,0x7c,0x72,0x74,0x52,0x6c,0x11,0x5c,0xf0,0x53,0xb0,0x4b,0x6f,0x33,0x4f,0x23,0x0e,0x23,0xed,0x1a,0xcd,0x22,0x0d,0x23,
    0x6f,0x33,0xd0,0x4b,0x52,0x6c,0x93,0x84,0xd4,0x8c,0xd4,0x8c,0xf4,0x8c,0xf4,0x8c,0xd4,0x8c,0xf4,0x94,0x15,0x95,0x15,0x95,
    0x14,0x95,0xf4,0x8c,0xb4,0x84,0x93,0x7c,0x73,0x74,0x32,0x64,0xf1,0x53,0xd1,0x4b,0x90,0x2b,0x70,0x23,0x4f,0x1b,0x2f,0x23,
    0x2f,0x1b,0x2f,0x1b,0x2e,0x13,0x2f,0x13,0x97,0xad,0x97,0xad,0xb7,0xb5,0x98,0xad,0x97,0xad,0x76,0xa5,0x56,0x95,0x36,0x95,
    0x15,0x95,0x15,0x8d,0xf5,0x8c,0x16,0x95,0x35,0x95,0x16,0x95,0x15,0x85,0xf5,0x84,0xf5,0x84,0x15,0x85,0x16,0x8d,0x36,0x95,
    0x36,0x8d,0x56,0x95,0x36,0x95,0x36,0x95,0x36,0x95,0x36,0x95,0x15,0x8d,0x15,0x85,0xf5,0x84,0xf5,0x84,0x15,0x8d,0x16,0x8d,
    0x36,0x95,0x36,0x95,0x56,0x9d,0x56,0x9d,0x77,0xa5,0x76,0xa5,0x97,0xa5,0x97,0xad,0x97,0xad,0x97,0xad,0x97,0xad,0x97,0xad,
    0xb7,0xb5,0xb7,0xb5,0xb7,0xb5,0xb7,0xb5,0x97,0xb5,0x97,0xad,0x97,0xb5,0x97,0xad,0x77,0xad,0x97,0xa5,0x77,0xa5,0x77,0xa5,
    0x97,0xa5,0x97,0xad,0x97,0xad,0x97,0xad,0xb7,0xb5,0xb7,0xb5,0xd8,0xbd,0xd8,0xbd,0xf8,0xc5,0xf9,0xc5,0xf8,0xc5,0xf9,0xcd,
    0x18,0xce,0xf8,0xcd,0xf8,0xcd,0xf7,0xcd,0xf8,0xcd,0xf7,0xcd,0xf8,0xcd,0xd7,0xcd,0xd7,0xc5,0xd7,0xc5,0xd7,0xc5,0xd7,0xc5,
    0xb7,0xc5,0xb6,0xc5,0x96,0xbd,0x76,0xbd,0x96,0xbd,0x97,0xbd,0xb7,0xbd,0x97,0xbd,0x96,0xb5,0x76,0xad,0x76,0xad,0x76,0xad,
    0x97,0xb5,0x97,0xad,0x77,0xa5,0x77,0xa5,0x77,0xad,0x97,0xad,0x97,0xad,0x97,0xad,0x97,0xb5,0x97,0xb5,0x97,0xb5,0x96,0xb5,
    0x97,0xb5,0x96,0xad,0x97,0xb5,0x97,0xb5,0x97,0xb5,0x96,0xb5,0x96,0xb5,0x76,0xad,0x76,0xad,0x55,0xad,0x55,0xad,0x35,0xa5,
    0x35,0xa5,0x35,0x9d,0x15,0x9d,0x14,0x8d,0xd4,0x84,0x73,0x6c,0x52,0x5c,0x32,0x5c,0x33,0x5c,0x32,0x64,0x53,0x64,0x32,0x64,
    0x32,0x6c,0x32,0x64,0x31,0x64,0xf0,0x5b,0x90,0x43,0x2e,0x33,0xcd,0x1a,0x6b,0x12,0x2a,0x0a,0xe9,0x01,0xc9,0x01,0x87,0x01,
    0x47,0x01,0x46,0x01,0x26,0x01,0x67,0x01,0xe9,0x01,0xac,0x12,0x8f,0x33,0x32,0x5c,0x93,0x7c,0xd4,0x8c,0xd4,0x8c,0xd4,0x8c,
    0xb3,0x84,0xb3,0x84,0xd4,0x8c,0x15,0x9d,0x15,0x9d,0x35,0x9d,0x35,0x9d,0x15,0x9d,0xf4,0x8c,0xd4,0x8c,0xb3,0x7c,0x93,0x7c,
    0x73,0x6c,0x52,0x64,0x32,0x64,0x12,0x5c,0x11,0x54,0xf2,0x53,0xf1,0x4b,0xf1,0x43,0x97,0xad,0x97,0xb5,0xb7,0xad,0x97,0xad,
    0x77,0xa5,0x76,0xa5,0x77,0xa5,0x76,0xa5,0x77,0xa5,0x56,0xa5,0x76,0x9d,0x56,0xa5,0x76,0xa5,0x56,0xa5,0x56,0x9d,0x56,0x9d,
    0x56,0x9d,0x76,0xa5,0x77,0xa5,0x97,0xa5,0x97,0xa5,0x77,0xad,0x97,0xa5,0x77,0xa5,0x76,0xa5,0x77,0xa5,0x76,0xa5,0x57,0xa5,
    0x76,0xa5,0x77,0xa5,0x76,0xa5,0x77,0xa5,0x77,0xa5,0x97,0xad,0xb7,0xad,0xb8,0xb5,0xb7,0xb5,0xd8,0xbd,0xb7,0xb5,0xb8,0xb5,
    0xd7,0xb5,0xb8,0xbd,0xd8,0xbd,0xd8,0xbd,0xd8,0xbd,0xd8,0xbd,0xd8,0xbd,0xd8,0xbd,0xd8,0xbd,0xd7,0xbd,0xd8,0xbd,0xb7,0xbd,
    0xb8,0xb5,0xb7,0xbd,0xb7,0xb5,0xb7,0xb5,0x97,0xb5,0xb8,0xb5,0xd8,0xb5,0xb7,0xbd,0xb8,0xbd,0xd7,0xbd,0xd8,0xc5,0xf8,0xc5,
    0xf8,0xc5,0xf8,0xc5,0xf8,0xcd,0xf8,0xc5,0xf8,0xcd,0xf7,0xc5,0xd8,0xcd,0xf7,0xcd,0xd7,0xcd,0xd7,0xc5,0xd7,0xc5,0xb7,0xc5,
    0xb7,0xbd,0x96,0xbd,0x96,0xb5,0x76,0xb5,0x55,0xb5,0x35,0xb5,0x34,0xad,0x15,0xa5,0x55,0xa5,0x76,0xad,0x56,0xad,0x35,0xa5,
    0x15,0x9d,0xf4,0x94,0x15,0x95,0x35,0x9d,0x56,0x9d,0x56,0x9d,0x56,0x9d,0x56,0x9d,0x76,0xa5,0x77,0xa5,0x97,0xad,0x97,0xad,
    0xb7,0xad,0x97,0xb5,0x97,0xad,0x97,0xb5,0x76,0xad,0x56,0xad,0x56,0xa5,0x56,0xa5,0x55,0xa5,0x35,0xa5,0x15,0x9d,0xf4,0x9c,
    0xd3,0x94,0x93,0x8c,0x92,0x84,0x73,0x74,0x72,0x74,0x73,0x74,0x93,0x74,0x53,0x64,0x32,0x4c,0xf2,0x3b,0xd1,0x3b,0xd2,0x3b,
    0xf1,0x43,0xf2,0x4b,0xd0,0x4b,0x8f,0x4b,0x4e,0x3b,0xec,0x32,0xac,0x22,0x4a,0x12,0xc8,0x01,0x87,0x01,0x46,0x01,0x26,0x01,
    0x06,0x01,0x05,0x01,0xe5,0x00,0xc4,0x08,0xc4,0x00,0xc4,0x00,0xe5,0x00,0x05,0x01,0x47,0x01,0x2a,0x02,0xee,0x0a,0xb0,0x2b,
    0x32,0x54,0xb3,0x7c,0x93,0x84,0x73,0x7c,0x52,0x6c,0x31,0x6c,0x93,0x7c,0xd3,0x8c,0x15,0x9d,0x35,0x9d,0x36,0xa5,0x35,0xa5,
    0x35,0x9d,0x35,0x9d,0x15,0x95,0x15,0x95,0xf4,0x94,0xd4,0x8c,0xd4,0x84,0xd4,0x84,0xb3,0x84,0xb4,0x7c,0xb3,0x7c,0x93,0x7c,
    0x76,0xa5,0x56,0xa5,0x77,0xa5,0x56,0xa5,0x76,0xad,0x76,0xa5,0x77,0xa5,0x76,0xa5,0x76,0xa5,0x77,0x9d,0x56,0xa5,0x76,0xa5,
    0x77,0xa5,0x77,0xa5,0x97,0xad,0x76,0xa5,0x77,0xad,0x97,0xa5,0x97,0xad,0x97,0xad,0xb7,0xb5,0xb8,0xad,0x97,0xb5,0xb7,0xb5,
    0xb7,0xb5,0x97,0xad,0x97,0xad,0xb7,0xad,0x97,0xb5,0xb7,0xad,0x98,0xb5,0xb7,0xad,0xb7,0xb5,0xb8,0xad,0xb8,0xb5,0xb7,0xbd,
    0xd8,0xbd,0xd8,0xbd,0xf8,0xc5,0xd8,0xc5,0xd8,0xc5,0xd8,0xbd,0xf8,0xc5,0xf8,0xc5,0xf8,0xc5,0xf8,0xcd,0xd8,0xc5,0xf8,0xc5,
    0xd7,0xc5,0xb8,0xbd,0xd7,0xbd,0xd8,0xc5,0xd7,0xbd,0xd8,0xbd,0xb7,0xbd,0xb8,0xb5,0xb7,0xb5,0xd8,0xbd,0xd7,0xbd,0xd8,0xc5,
    0xd7,0xbd,0xd8,0xc5,0xf8,0xc5,0xd8,0xc5,0xf8,0xc5,0xd8,0xc5,0xf8,0xc5,0xd7,0xc5,0xb7,0xbd,0xb7,0xbd,0xb7,0xbd,0x97,0xb5,
    0xb7,0xbd,0x97,0xbd,0x96,0xb5,0x76,0xad,0x56,0xa5,0x14,0xa5,0xf4,0x9c,0xd3,0x94,0xb3,0x94,0xd3,0x8c,0xb3,0x84,0xd4,0x8c,
    0xf4,0x94,0x15,0x95,0x35,0x9d,0x15,0x9d,0xd4,0x84,0x93,0x74,0xb4,0x74,0xf4,0x84,0x15,0x8d,0x15,0x8d,0x36,0x8d,0x35,0x8d,
    0x36,0x95,0x76,0x9d,0x77,0xa5,0x97,0xad,0x97,0xa5,0x97,0xad,0x77,0xa5,0x56,0x9d,0xf4,0x94,0xd4,0x7c,0x93,0x7c,0x73,0x74,
    0x73,0x74,0x52,0x74,0x31,0x64,0xf0,0x53,0xb0,0x33,0x8f,0x33,0x4f,0x2b,0x4f,0x1b,0x2f,0x0b,0x4f,0x13,0x70,0x23,0xb1,0x2b,
    0xb1,0x33,0xd2,0x3b,0xf1,0x3b,0xd1,0x3b,0x4f,0x2b,0xac,0x1a,0x09,0x0a,0x67,0x01,0x46,0x01,0x26,0x01,0xe5,0x00,0xe5,0x00,
    0xc4,0x00,0xa4,0x08,0xc4,0x00,0xa4,0x00,0xc4,0x08,0xc4,0x00,0xc4,0x00,0xc5,0x00,0xe5,0x00,0xe5,0x00,0x05,0x01,0x06,0x01,
    0x47,0x01,0xc9,0x01,0xac,0x0a,0x4f,0x1b,0x70,0x2b,0xd1,0x4b,0x52,0x6c,0x31,0x6c,0xf1,0x5b,0xf1,0x5b,0x52,0x64,0xb3,0x84,
    0xd4,0x8c,0x15,0x95,0x35,0x9d,0x35,0xa5,0x56,0xa5,0x76,0xad,0x56,0xad,0x55,0xa5,0x56,0xa5,0x35,0xa5,0x15,0x9d,0x15,0x9d,
    0x15,0x95,0x14,0x9d,0x15,0x95,0x15,0x9d,0x35,0x95,0x36,0x9d,0x56,0x9d,0x56,0x9d,0x56,0x9d,0x56,0xa5,0x36,0x9d,0x36,0x9d,
    0x56,0x9d,0x36,0x9d,0x36,0x95,0x56,0x9d,0x56,0xa5,0x76,0xa5,0x76,0xa5,0x76,0xa5,0x77,0xa5,0x76,0xad,0x97,0xad,0xb8,0xb5,
    0xb8,0xb5,0xb7,0xb5,0xb8,0xb5,0xb7,0xb5,0xb8,0xb5,0xb7,0xb5,0xb8,0xb5,0xb7,0xb5,0xd8,0xb5,0xb8,0xb5,0xb7,0xb5,0xb8,0xb5,
    0x97,0xad,0x97,0xad,0xb7,0xb5,0xb8,0xbd,0xd8,0xbd,0xf8,0xc5,0xd8,0xc5,0xf8,0xc5,0xf8,0xc5,0xd8,0xbd,0xd8,0xbd,0xd8,0xc5,
    0xd8,0xc5,0xf8,0xc5,0xd7,0xc5,0xb7,0xbd,0xb7,0xb5,0x97,0xb5,0x97,0xb5,0x97,0xb5,0xb7,0xb5,0xb7,0xbd,0xb7,0xb5,0xb7,0xbd,
    0xd7,0xb5,0xb7,0xbd,0xd8,0xbd,0xd7,0xc5,0xd8,0xc5,0xd7,0xbd,0xd7,0xc5,0xd8,0xc5,0xf7,0xc5,0xd7,0xc5,0xb7,0xbd,0x96,0xb5,
    0x76,0xad,0x56,0xa5,0x35,0x9d,0x35,0x9d,0x35,0x9d,0x36,0x95,0x15,0x95,0xd4,0x84,0xb4,0x7c,0x73,0x74,0x52,0x6c,0x32,0x64,
    0x31,0x64,0x52,0x64,0x53,0x5c,0x93,0x6c,0xf5,0x7c,0xf5,0x84,0x15,0x85,0xb4,0x7c,0x73,0x6c,0x73,0x64,0x73,0x6c,0xd4,0x84,
    0x15,0x8d,0x16,0x8d,0x15,0x8d,0x16,0x95,0x35,0x95,0x36,0x95,0x36,0x9d,0x56,0x95,0x36,0x9d,0x35,0x95,0xf5,0x84,0xb3,0x7c,
    0x53,0x64,0x12,0x5c,0xf1,0x4b,0xb0,0x43,0x4f,0x2b,0xed,0x12,0xcd,0x0a,0x8c,0x02,0x8c,0x02,0x8d,0x02,0x8d,0x02,0x8c,0x02,
    0x8c,0x02,0x8c,0x02,0x8c,0x02,0xcd,0x0a,0x0e,0x1b,0x0e,0x1b,0xcd,0x12,0x4b,0x02,0xc8,0x01,0x26,0x01,0xc4,0x00,0xc4,0x00,
    0xa4,0x08,0xa4,0x00,0xc4,0x00,0xc4,0x08,0xe5,0x00,0x05,0x01,0xe5,0x00,0x05,0x01,0x06,0x01,0x05,0x01,0x06,0x01,0x26,0x09,
    0x26,0x01,0x46,0x01,0x47,0x01,0x47,0x01,0x47,0x01,0x87,0x01,0xea,0x01,0xad,0x0a,0x0e,0x1b,0x0d,0x1b,0x0e,0x33,0x8f,0x4b,
    0xaf,0x4b,0xb0,0x4b,0x12,0x5c,0x93,0x7c,0xb4,0x84,0xd4,0x8c,0x15,0x9d,0x35,0x9d,0x56,0xa5,0x56,0xad,0x76,0xad,0x56,0xad,
    0x76,0xad,0x55,0xad,0x56,0xad,0x55,0xa5,0x35,0xa5,0x55,0xad,0x35,0xad,0x35,0xa5,0x15,0x8d,0x16,0x95,0x35,0x95,0x35,0x95,
    0x15,0x95,0x36,0x95,0x35,0x95,0x35,0x95,0x36,0x95,0x15,0x8d,0x15,0x8d,0x15,0x95,0x36,0x9d,0x56,0xa5,0x77,0xa5,0x97,0xad,
    0x97,0xad,0xb8,0xad,0xb7,0xb5,0xd8,0xb5,0xd8,0xb5,0xd8,0xb5,0xb7,0xb5,0xb7,0xb5,0x98,0xb5,0xb7,0xad,0xb7,0xb5,0xb8,0xbd,
    0xd7,0xb5,0xb8,0xbd,0xb7,0xb5,0xb7,0xb5,0x97,0xb5,0x97,0xad,0xb7,0xb5,0xb7,0xb5,0xd8,0xbd,0xd7,0xc5,0xf8,0xc5,0xd7,0xc5,
    0xb7,0xbd,0xb7,0xb5,0xb7,0xbd,0xb7,0xb5,0xb7,0xb5,0xb7,0xb5,0x97,0xb5,0x97,0xb5,0x77,0xad,0x76,0xa5,0x76,0xad,0x76,0xad,
    0x96,0xb5,0xb7,0xb5,0xb7,0xbd,0x97,0xb5,0xb7,0xb5,0xb7,0xbd,0xb8,0xbd,0xd7,0xbd,0xd8,0xbd,0xd7,0xbd,0xb7,0xbd,0xb7,0xbd,
    0xb7,0xbd,0x97,0xb5,0x76,0xad,0x56,0xa5,0x36,0x9d,0xf4,0x8c,0xd4,0x84,0xd4,0x7c,0xb4,0x74,0xb4,0x6c,0x94,0x6c,0x73,0x64,
    0x32,0x54,0xf1,0x43,0xb0,0x33,0x90,0x2b,0xd0,0x3b,0x13,0x54,0x93,0x64,0xd5,0x74,0xf5,0x84,0xf5,0x84,0xd5,0x7c,0xb4,0x74,
    0x73,0x6c,0xb4,0x74,0xf5,0x84,0x36,0x95,0x36,0x95,0x15,0x95,0xf5,0x84,0xf4,0x84,0xd5,0x84,0xf5,0x8c,0xf5,0x8c,0xd4,0x84,
    0xd4,0x84,0xb4,0x7c,0x73,0x74,0x32,0x5c,0xd0,0x4b,0x2e,0x2b,0xcd,0x0a,0x8c,0x0a,0x4b,0x02,0x4b,0x02,0x4c,0x02,0x6c,0x02,
    0x6c,0x02,0x8c,0x02,0x6b,0x02,0x2b,0x02,0xe9,0x01,0xc9,0x01,0xa8,0x01,0xa8,0x01,0xa8,0x01,0xa8,0x01,0x67,0x01,0x46,0x01,
    0xe5,0x00,0xc5,0x00,0xc4,0x00,0xc4,0x08,0xe5,0x00,0x05,0x01,0x47,0x01,0x87,0x01,0x88,0x01,0x67,0x01,0x68,0x01,0x67,0x01,
    0x88,0x01,0x88,0x01,0x88,0x01,0x88,0x01,0xa8,0x01,0x88,0x01,0x88,0x01,0x67,0x09,0x67,0x01,0x47,0x01,0x67,0x01,0xc9,0x01,
    0xe9,0x01,0x0a,0x02,0x0a,0x02,0x2a,0x02,0xad,0x1a,0x2e,0x33,0xb0,0x43,0x52,0x6c,0xb3,0x84,0x93,0x7c,0xb3,0x84,0x15,0x95,
    0x35,0xa5,0x55,0xa5,0x55,0xad,0x55,0xad,0x55,0xad,0x55,0xad,0x55,0xa5,0x55,0xad,0x35,0xad,0x56,0xad,0x56,0xad,0x55,0xb5,
    0xf5,0x84,0x15,0x85,0xf5,0x84,0xf5,0x84,0xf5,0x84,0x15,0x95,0x36,0x95,0x36,0x95,0x35,0x95,0x35,0x95,0x15,0x95,0x36,0x95,
    0x76,0x9d,0x97,0xad,0xb7,0xad,0xb8,0xad,0xb7,0xb5,0xb8,0xb5,0xb8,0xb5,0xb8,0xb5,0xb7,0xb5,0xb7,0xb5,0x98,0xad,0xb7,0xad,
    0x97,0xad,0x97,0xad,0xb7,0xb5,0xb8,0xb5,0xb7,0xb5,0xd8,0xbd,0xd8,0xbd,0xb8,0xb5,0xb7,0xb5,0x97,0xad,0x97,0xad,0xb7,0xb5,
    0xb8,0xb5,0xb7,0xbd,0xd8,0xb5,0xb7,0xb5,0x97,0xad,0x76,0xa5,0x76,0xa5,0x56,0xa5,0x76,0xad,0x97,0xad,0x97,0xb5,0x76,0xa5,
    0x76,0xa5,0x56,0xa5,0x56,0x9d,0x56,0xa5,0x76,0xad,0x97,0xb5,0xb7,0xb5,0x97,0xb5,0x97,0xb5,0x97,0xb5,0xb7,0xbd,0xd8,0xbd,
    0xb7,0xbd,0xb7,0xbd,0x97,0xb5,0x76,0xb5,0x36,0xa5,0x15,0x9d,0x15,0x95,0xd4,0x84,0x93,0x74,0x73,0x5c,0x53,0x5c,0x53,0x5c,
    0x32,0x4c,0xf1,0x3b,0xb1,0x33,0x6f,0x23,0x4f,0x13,0x50,0x13,0x90,0x23,0x12,0x4c,0x74,0x5c,0xd5,0x74,0xf5,0x7c,0xd5,0x7c,
    0xb4,0x6c,0x94,0x6c,0x93,0x6c,0x94,0x6c,0xb4,0x74,0xd5,0x7c,0x35,0x95,0x36,0x95,0x15,0x85,0xd5,0x7c,0xb4,0x74,0x93,0x74,
    0x93,0x6c,0x73,0x6c,0x72,0x6c,0x32,0x5c,0x32,0x54,0xd1,0x43,0x90,0x2b,0x2e,0x13,0xcd,0x02,0x8c,0x02,0x6c,0x02,0x6c,0x02,
    0x8c,0x02,0xad,0x02,0xcd,0x02,0xcd,0x02,0xad,0x02,0x8c,0x0a,0x6c,0x02,0x0a,0x02,0xc9,0x01,0x87,0x01,0x67,0x01,0x88,0x01,
    0xa8,0x01,0xa8,0x01,0x68,0x01,0x47,0x01,0x26,0x01,0x05,0x09,0x05,0x01,0x26,0x01,0x67,0x01,0xc9,0x01,0xea,0x01,0x2b,0x02,
    0x2b,0x02,0x4b,0x02,0x2a,0x02,0x2a,0x0a,0xea,0x01,0xe9,0x01,0x0a,0x0a,0xea,0x01,0xea,0x01,0xc9,0x01,0x88,0x01,0x47,0x01,
    0x26,0x01,0x06,0x01,0x05,0x01,0x47,0x01,0xc8,0x01,0xea,0x01,0xe9,0x01,0xe9,0x01,0xea,0x01,0x4b,0x0a,0xed,0x12,0x90,0x33,
    0xf1,0x53,0x32,0x64,0x52,0x64,0xb3,0x84,0xf4,0x94,0x15,0x95,0x15,0x9d,0x15,0x9d,0x15,0x9d,0x15,0x9d,0x14,0x9d,0xf5,0x9c,
    0x14,0x9d,0x14,0x9d,0x35,0xa5,0x35,0xad,0xf5,0x84,0x15,0x8d,0xf5,0x84,0x15,0x85,0x36,0x95,0x56,0x95,0x56,0x9d,0x56,0x9d,
    0x56,0x9d,0x36,0x9d,0x56,0x9d,0x76,0x9d,0x56,0xa5,0x97,0xa5,0x97,0xb5,0xb8,0xb5,0xb7,0xad,0xb8,0xad,0xb7,0xb5,0x97,0xa5,
    0x77,0xa5,0x77,0x9d,0x77,0xa5,0x97,0xad,0x97,0xad,0xb7,0xad,0x97,0xad,0xb7,0xb5,0xb8,0xbd,0xd8,0xb5,0xb7,0xbd,0xb8,0xb5,
    0xb7,0xb5,0x97,0xb5,0xb7,0xb5,0xb7,0xb5,0xb8,0xb5,0xb7,0xbd,0xb7,0xb5,0x97,0xad,0x77,0xa5,0x36,0x9d,0x35,0x95,0x36,0x9d,
    0x56,0x9d,0x76,0xad,0x97,0xb5,0x97,0xad,0x56,0xa5,0x56,0x9d,0x56,0x9d,0x56,0xa5,0x56,0xa5,0x97,0xb5,0x97,0xb5,0x77,0xad,
    0x77,0xa5,0x97,0xad,0xb7,0xb5,0xb7,0xbd,0xb7,0xbd,0x97,0xad,0x77,0xad,0x35,0xa5,0x14,0x8d,0xd3,0x84,0x93,0x74,0x73,0x64,
    0x53,0x5c,0x53,0x5c,0x33,0x4c,0xd1,0x33,0x90,0x23,0x2f,0x13,0x2f,0x0b,0xee,0x02,0xed,0x02,0x2f,0x13,0xd1,0x33,0x54,0x54,
    0xb4,0x6c,0xb5,0x74,0xb4,0x6c,0x94,0x64,0x53,0x5c,0x32,0x54,0x53,0x5c,0x93,0x6c,0xd4,0x7c,0xf5,0x7c,0xf6,0x84,0xf5,0x84,
    0xb4,0x74,0x53,0x5c,0x12,0x44,0xd1,0x3b,0xb1,0x2b,0x91,0x1b,0x90,0x1b,0x70,0x13,0x70,0x13,0x50,0x13,0x4f,0x13,0x2f,0x0b,
    0x2f,0x0b,0x2f,0x0b,0x4f,0x13,0x50,0x13,0x90,0x23,0x70,0x23,0x70,0x1b,0x2f,0x13,0xcd,0x0a,0x6c,0x02,0x2a,0x02,0x0a,0x02,
    0x2b,0x02,0x0a,0x0a,0xe9,0x01,0xea,0x01,0xe9,0x01,0xc9,0x01,0xa8,0x01,0xa8,0x09,0xa8,0x01,0xa9,0x01,0xc9,0x01,0x0a,0x02,
    0x2b,0x02,0x8c,0x02,0xcd,0x02,0x2f,0x0b,0x2f,0x0b,0x0e,0x0b,0xee,0x02,0x8d,0x02,0x6b,0x02,0x6c,0x02,0xac,0x02,0x8c,0x02,
    0x6b,0x02,0x0a,0x02,0xc9,0x01,0x67,0x01,0x46,0x01,0x06,0x01,0x05,0x01,0xe5,0x08,0x46,0x01,0xa9,0x01,0x0a,0x02,0x0a,0x02,
    0xe9,0x01,0xe9,0x01,0x4b,0x02,0xad,0x02,0xad,0x02,0xcc,0x0a,0x2f,0x1b,0xf1,0x43,0x52,0x64,0x73,0x6c,0x73,0x74,0x93,0x7c,
    0xb3,0x7c,0x93,0x7c,0x93,0x84,0x73,0x7c,0x93,0x84,0x93,0x8c,0xb3,0x8c,0xf4,0x94,0xf5,0x84,0x15,0x85,0x36,0x8d,0x36,0x95,
    0x56,0x9d,0x77,0xa5,0x96,0xa5,0x77,0xad,0x96,0xad,0x77,0xa5,0x76,0xad,0x97,0xad,0x97,0xad,0xb8,0xb5,0xd8,0xb5,0xd8,0xbd,
    0xd8,0xbd,0xb8,0xb5,0xb7,0xad,0x77,0xa5,0x56,0x9d,0x36,0x95,0x56,0x9d,0x97,0xa5,0x97,0xad,0xb8,0xad,0xb7,0xb5,0xb8,0xb5,
    0xb7,0xb5,0xb8,0xb5,0xb7,0xb5,0xb7,0xb5,0x97,0xb5,0x97,0xad,0x98,0xb5,0x97,0xad,0x97,0xad,0x77,0xad,0x77,0xa5,0x76,0xa5,
    0x56,0x9d,0x35,0x9d,0x35,0x95,0x35,0x95,0x56,0xa5,0x77,0xad,0x97,0xad,0x97,0xad,0x97,0xad,0x97,0xad,0x76,0xad,0x76,0xa5,
    0x77,0xad,0x76,0xa5,0x77,0xa5,0x76,0xa5,0x56,0xa5,0x55,0xa5,0x56,0xa5,0x76,0xa5,0x56,0xad,0x76,0x9d,0x36,0x95,0x15,0x8d,
    0xb4,0x7c,0x73,0x6c,0x53,0x64,0x73,0x64,0x94,0x64,0x53,0x54,0x12,0x44,0xf2,0x3b,0xd1,0x3b,0xb1,0x2b,0x6f,0x23,0x0e,0x0b,
    0xed,0x0a,0x4f,0x1b,0xf2,0x33,0x32,0x4c,0x73,0x5c,0x74,0x64,0x93,0x64,0x73,0x5c,0x32,0x4c,0x32,0x54,0x73,0x6c,0xb4,0x74,
    0xd5,0x7c,0xd4,0x7c,0xb4,0x74,0x74,0x64,0xf1,0x43,0x90,0x23,0x70,0x0b,0x50,0x0b,0x70,0x0b,0x70,0x0b,0x70,0x0b,0x91,0x1b,
    0xd1,0x23,0xf2,0x2b,0xd2,0x2b,0xd1,0x2b,0xd2,0x2b,0xb1,0x2b,0xb1,0x23,0xd1,0x2b,0xb1,0x33,0xd1,0x33,0xb1,0x3b,0xb1,0x33,
    0x6f,0x23,0xce,0x0a,0x6c,0x02,0x4b,0x02,0x6b,0x02,0x8d,0x02,0xac,0x02,0x6c,0x02,0x2b,0x02,0x0a,0x0a,0xea,0x01,0xe9,0x01,
    0x2b,0x02,0x6b,0x02,0x8d,0x02,0xee,0x0a,0x0e,0x0b,0x2f,0x0b,0x90,0x1b,0x70,0x13,0x50,0x13,0x0f,0x03,0xcd,0x02,0xad,0x02,
    0xee,0x0a,0x4f,0x1b,0x70,0x1b,0x2f,0x13,0xce,0x0a,0x6b,0x02,0xe9,0x01,0x88,0x01,0x67,0x01,0x27,0x09,0x26,0x01,0x05,0x01,
    0xe5,0x00,0x05,0x01,0x88,0x01,0xc9,0x01,0xea,0x01,0xea,0x01,0x0a,0x02,0x4b,0x02,0x4b,0x02,0x2b,0x02,0x6c,0x02,0xcd,0x02,
    0x2f,0x13,0x2f,0x13,0x4f,0x1b,0x6f,0x23,0x6f,0x23,0x6f,0x2b,0x4f,0x33,0x4e,0x33,0x6f,0x3b,0x8f,0x43,0xf1,0x5b,0x52,0x6c,
    0xf5,0x84,0x15,0x8d,0x56,0x95,0x77,0x9d,0x97,0xa5,0xb8,0xb5,0xd8,0xb5,0xb7,0xad,0x97,0xad,0x97,0xad,0x97,0xad,0xb7,0xb5,
    0xd8,0xbd,0xd8,0xbd,0xf8,0xbd,0xf8,0xbd,0xd8,0xbd,0xd8,0xbd,0xb7,0xb5,0x76,0xa5,0x35,0x95,0x15,0x85,0x36,0x8d,0x56,0x9d,
    0x97,0xa5,0x77,0xad,0x77,0xa5,0x76,0xa5,0x76,0xa5,0x77,0xad,0x97,0xad,0x77,0xad,0x97,0xad,0x97,0xad,0x76,0xa5,0x76,0xa5,
    0x56,0x9d,0x76,0x9d,0x56,0xa5,0x77,0x9d,0x76,0xa5,0x56,0xa5,0x56,0x9d,0x76,0xad,0x97,0xad,0xb7,0xb5,0xd8,0xbd,0xb8,0xbd,
    0xb8,0xbd,0xb7,0xb5,0x77,0xad,0x56,0xa5,0x56,0x9d,0x76,0xa5,0x56,0x9d,0x36,0x95,0x35,0x8d,0x36,0x95,0x15,0x95,0x15,0x95,
    0x15,0x8d,0x16,0x8d,0x15,0x8d,0x15,0x85,0xd5,0x7c,0xb4,0x74,0x94,0x6c,0x73,0x64,0x32,0x4c,0xb1,0x33,0xb0,0x33,0xd1,0x33,
    0xb1,0x33,0x91,0x2b,0x70,0x2b,0x6f,0x33,0xd1,0x3b,0x11,0x4c,0x53,0x54,0x94,0x6c,0xd5,0x7c,0xd4,0x74,0x74,0x5c,0x12,0x54,
    0x12,0x4c,0x32,0x54,0x74,0x6c,0xd4,0x7c,0xd5,0x84,0xb4,0x7c,0x73,0x64,0xd1,0x33,0x2f,0x13,0x0e,0x0b,0x2f,0x03,0x2f,0x0b,
    0x2f,0x03,0x4f,0x03,0x91,0x1b,0x12,0x44,0x53,0x5c,0x53,0x5c,0x53,0x54,0x12,0x44,0xf2,0x3b,0xf2,0x3b,0xf1,0x3b,0xf2,0x3b,
    0xf1,0x43,0xf2,0x43,0xf1,0x43,0xd1,0x33,0x4f,0x1b,0x8c,0x02,0x2a,0x02,0x2a,0x02,0x6c,0x02,0xad,0x02,0xee,0x0a,0xee,0x0a,
    0xad,0x02,0x6b,0x02,0x2a,0x02,0x4b,0x02,0xee,0x12,0x91,0x23,0xb1,0x2b,0xb1,0x33,0xd1,0x3b,0xd1,0x33,0xd1,0x33,0x90,0x23,
    0x4f,0x0b,0x2f,0x0b,0x70,0x1b,0x90,0x2b,0xd1,0x3b,0x12,0x4c,0x13,0x4c,0x12,0x4c,0xb1,0x33,0x2e,0x1b,0xcd,0x0a,0x2b,0x02,
    0xc9,0x01,0xa7,0x01,0x47,0x01,0x26,0x01,0x26,0x01,0x47,0x01,0x88,0x09,0xe9,0x01,0xea,0x01,0x0a,0x0a,0x2a,0x02,0x6c,0x02,
    0x2b,0x02,0x0a,0x02,0x2a,0x0a,0x4b,0x02,0x4b,0x02,0x2b,0x02,0x0a,0x02,0x0a,0x02,0x0a,0x02,0xe9,0x01,0xe9,0x01,0xe9,0x01,
    0x09,0x02,0x2a,0x02,0x6c,0x0a,0xed,0x22,0x56,0x9d,0x77,0x9d,0x97,0xa5,0xb7,0xb5,0xd8,0xb5,0xd8,0xbd,0xd8,0xbd,0xb8,0xb5,
    0xb7,0xb5,0x97,0xb5,0xb7,0xb5,0xb8,0xb5,0xd8,0xb5,0xd8,0xbd,0xf8,0xbd,0xd8,0xbd,0xb8,0xbd,0x97,0xad,0x76,0xad,0x35,0x9d,
    0xf5,0x8c,0xf5,0x84,0x36,0x8d,0x56,0x9d,0x56,0x9d,0x56,0x9d,0x56,0x9d,0x36,0x9d,0x56,0x9d,0x56,0x9d,0x56,0x95,0x56,0x95,
    0x56,0x95,0x56,0x95,0x56,0x95,0x57,0x9d,0x56,0x9d,0x77,0xa5,0x97,0xa5,0x97,0xad,0x97,0xb5,0x97,0xad,0xb8,0xad,0xb7,0xb5,
    0xd8,0xbd,0xd8,0xbd,0xd8,0xbd,0xb7,0xb5,0xb7,0xb5,0x97,0xad,0x77,0xad,0x96,0xa5,0x77,0xa5,0x77,0xa5,0x56,0x9d,0x36,0x8d,
    0x15,0x8d,0x15,0x8d,0xf5,0x7c,0xf5,0x7c,0xf5,0x84,0x36,0x8d,0x57,0x95,0x77,0x9d,0x57,0x95,0x56,0x95,0x16,0x8d,0xd4,0x7c,
    0x94,0x6c,0x12,0x44,0xb0,0x2b,0x70,0x1b,0x90,0x23,0xf1,0x3b,0x53,0x54,0xb4,0x74,0xd5,0x84,0xf5,0x84,0xf5,0x84,0x15,0x85,
    0xd5,0x74,0x73,0x64,0x33,0x54,0x12,0x54,0x32,0x54,0x33,0x5c,0x53,0x64,0x53,0x64,0x52,0x5c,0xd1,0x3b,0x6f,0x1b,0xee,0x02,
    0xee,0x02,0xcd,0x02,0xee,0x02,0x0f,0x03,0x2e,0x03,0x90,0x13,0x12,0x44,0x94,0x6c,0xd4,0x74,0xb5,0x74,0xb4,0x6c,0x73,0x64,
    0x33,0x5c,0x32,0x54,0x12,0x4c,0x12,0x4c,0xd1,0x3b,0xb0,0x33,0x70,0x23,0x70,0x2b,0x2e,0x1b,0x6c,0x02,0x87,0x01,0x47,0x09,
    0xe9,0x01,0x6b,0x02,0xce,0x0a,0x2e,0x0b,0x2f,0x13,0xee,0x12,0x8c,0x02,0x8c,0x02,0x2f,0x13,0xb1,0x33,0x33,0x4c,0x53,0x54,
    0x73,0x64,0x73,0x64,0x33,0x54,0x12,0x4c,0xb1,0x33,0x8f,0x2b,0x90,0x33,0xf1,0x43,0x33,0x5c,0x93,0x64,0x94,0x6c,0x73,0x64,
    0x32,0x54,0xd1,0x3b,0x70,0x2b,0xed,0x12,0x6b,0x02,0x2a,0x02,0x0a,0x02,0xe9,0x01,0xa9,0x01,0xe9,0x01,0x2b,0x02,0x0a,0x02,
    0x0a,0x02,0xe9,0x01,0x2b,0x02,0x4b,0x02,0x2a,0x0a,0xea,0x01,0xc9,0x01,0xc9,0x01,0xc9,0x01,0xc8,0x01,0x88,0x01,0x67,0x09,
    0x67,0x01,0x67,0x01,0x68,0x01,0x67,0x01,0x68,0x01,0x67,0x01,0xa8,0x01,0xc9,0x01,0x97,0xa5,0x97,0xad,0xb8,0xad,0xb8,0xb5,
    0xf8,0xbd,0xd8,0xbd,0xd8,0xb5,0xb8,0xb5,0xb7,0xb5,0x97,0xad,0x97,0xad,0xb8,0xb5,0xd8,0xb5,0xb8,0xb5,0xd8,0xbd,0xb7,0xb5,
    0x97,0xb5,0x96,0xad,0x56,0xa5,0x36,0x9d,0x15,0x8d,0x15,0x8d,0x36,0x95,0x36,0x95,0x35,0x95,0x36,0x95,0x15,0x8d,0x36,0x8d,
    0x36,0x8d,0x15,0x85,0x16,0x7d,0x16,0x85,0x36,0x8d,0x36,0x95,0x56,0x95,0x56,0x95,0x77,0x9d,0x77,0xa5,0x97,0xad,0x97,0xad,
    0x97,0xad,0x97,0xad,0xb7,0xb5,0xb8,0xad,0xb8,0xb5,0xb7,0xb5,0xb8,0xb5,0xb7,0xb5,0xb8,0xb5,0xb7,0xb5,0xb8,0xad,0x97,0xa5,
    0x77,0xa5,0x57,0x95,0x36,0x8d,0x16,0x8d,0x15,0x8d,0xd5,0x7c,0xd5,0x7c,0x15,0x85,0x36,0x8d,0x56,0x95,0x56,0x95,0x97,0x9d,
    0x77,0x95,0x36,0x8d,0x16,0x85,0xf5,0x7c,0x93,0x6c,0x73,0x64,0x32,0x54,0x12,0x4c,0x73,0x5c,0xf5,0x7c,0x36,0x95,0x57,0x9d,
    0x76,0x9d,0x77,0x9d,0x56,0x95,0x15,0x85,0x94,0x6c,0x12,0x4c,0xb0,0x33,0x90,0x2b,0x4f,0x1b,0x2e,0x13,0x4f,0x1b,0x2e,0x0b,
    0xcd,0x0a,0xad,0x02,0xcd,0x02,0xce,0x0a,0x0e,0x0b,0x4f,0x13,0x90,0x1b,0x70,0x13,0xb0,0x2b,0x33,0x54,0xb4,0x74,0xf5,0x7c,
    0xf5,0x84,0xd5,0x7c,0x73,0x6c,0x32,0x5c,0x12,0x4c,0x12,0x4c,0x12,0x4c,0x11,0x4c,0xf2,0x43,0xd1,0x3b,0xd1,0x3b,0x70,0x2b,
    0x0e,0x13,0xad,0x02,0x2a,0x02,0xe9,0x01,0xc8,0x01,0x2a,0x02,0x2f,0x1b,0x12,0x44,0x33,0x54,0xf1,0x3b,0x70,0x2b,0x4f,0x23,
    0xb0,0x2b,0x33,0x54,0xb4,0x6c,0xd4,0x74,0xd5,0x74,0xb5,0x74,0x94,0x6c,0x52,0x5c,0x12,0x54,0x11,0x4c,0x53,0x5c,0x94,0x6c,
    0xb4,0x74,0x73,0x6c,0x53,0x64,0x12,0x54,0xd1,0x43,0xb1,0x3b,0x70,0x2b,0x0e,0x1b,0xcd,0x0a,0x8d,0x0a,0xcd,0x12,0xcd,0x12,
    0xad,0x0a,0xcd,0x12,0xee,0x12,0x8c,0x02,0x4b,0x02,0x6b,0x02,0x8c,0x0a,0x6b,0x02,0x2b,0x02,0x0a,0x02,0xe9,0x01,0x2b,0x02,
    0x0a,0x02,0xa8,0x01,0x87,0x01,0x88,0x01,0xa8,0x01,0x87,0x01,0x67,0x09,0x67,0x01,0x88,0x01,0x88,0x01,0xa8,0x01,0xa9,0x01,
    0x97,0xb5,0xb8,0xb5,0xd8,0xb5,0xd8,0xbd,0xf8,0xbd,0xd8,0xbd,0xd8,0xbd,0xb8,0xb5,0xb7,0xb5,0xb7,0xb5,0x97,0xad,0xb7,0xb5,
    0xb8,0xb5,0xb7,0xb5,0x97,0xad,0x97,0xa5,0x76,0xa5,0x56,0x9d,0x56,0x9d,0x55,0x9d,0x56,0x9d,0x56,0x9d,0x36,0x95,0x35,0x95,
    0x16,0x8d,0xf5,0x7c,0xf5,0x7c,0x15,0x85,0x16,0x85,0x15,0x7d,0x36,0x8d,0x56,0x95,0x77,0x9d,0x97,0xa5,0x97,0xad,0xb8,0xad,
    0xb7,0xad,0x97,0xa5,0x77,0xa5,0x76,0xa5,0x77,0xa5,0x77,0xa5,0x97,0xa5,0x97,0xad,0xb7,0xad,0xb8,0xb5,0xb8,0xb5,0xb7,0xb5,
    0x97,0xad,0x77,0xa5,0x56,0x9d,0x57,0x9d,0x56,0x95,0x36,0x8d,0x15,0x8d,0xf5,0x7c,0xb4,0x74,0xf5,0x7c,0x36,0x8d,0x57,0x95,
    0x56,0x95,0x57,0x95,0x77,0x9d,0x57,0x9d,0x56,0x95,0x36,0x8d,0x36,0x8d,0x15,0x85,0xf5,0x84,0xf4,0x84,0xf5,0x84,0x35,0x8d,
    0x36,0x95,0x36,0x95,0x56,0x95,0x57,0x9d,0x77,0x9d,0x56,0x9d,0x16,0x8d,0xb4,0x74,0x52,0x5c,0xb1,0x33,0x4f,0x1b,0x0e,0x0b,
    0x2e,0x0b,0x50,0x1b,0x6f,0x23,0x2f,0x13,0xcd,0x02,0xcd,0x02,0xee,0x0a,0x0e,0x13,0x6f,0x23,0xd2,0x3b,0x12,0x4c,0x33,0x54,
    0x94,0x6c,0xd4,0x7c,0xf5,0x7c,0xd5,0x7c,0x93,0x6c,0x12,0x54,0xb0,0x43,0x70,0x3b,0x6f,0x33,0x90,0x3b,0x90,0x33,0xb1,0x43,
    0xf1,0x43,0xf1,0x43,0xd1,0x3b,0xd1,0x3b,0x70,0x23,0x0e,0x13,0x2f,0x1b,0x8f,0x3b,0x6f,0x43,0x8f,0x3b,0xf1,0x4b,0x73,0x64,
    0xb5,0x74,0x94,0x6c,0x53,0x5c,0x52,0x5c,0x73,0x64,0xf5,0x7c,0x15,0x85,0xf6,0x7c,0xd5,0x7c,0xf5,0x7c,0xf5,0x84,0xd4,0x7c,
    0xd4,0x7c,0xd5,0x7c,0x15,0x8d,0xf5,0x84,0x94,0x6c,0x12,0x54,0xb0,0x33,0x70,0x23,0x6f,0x23,0x4f,0x23,0x0e,0x1b,0xed,0x12,
    0xcd,0x0a,0x2e,0x23,0x2f,0x2b,0x2f,0x23,0x6f,0x23,0xb1,0x3b,0xb0,0x3b,0x6f,0x23,0x2e,0x1b,0x2f,0x1b,0x6f,0x1b,0x0f,0x0b,
    0xac,0x02,0x4b,0x02,0xad,0x0a,0xed,0x0a,0xad,0x0a,0x4b,0x02,0x4b,0x02,0x6c,0x02,0x6b,0x02,0x2b,0x02,0x0a,0x02,0x0a,0x02,
    0xe9,0x01,0xc9,0x01,0xc9,0x01,0xe9,0x01,0xd8,0xb5,0xb8,0xb5,0xd8,0xb5,0xb8,0xb5,0xd8,0xb5,0xb8,0xb5,0xd7,0xb5,0xb8,0xbd,
    0xb7,0xbd,0xb8,0xb5,0xb7,0xb5,0xb8,0xb5,0xb7,0xad,0x97,0xa5,0x77,0x9d,0x36,0x95,0x15,0x8d,0xf5,0x8c,0x15,0x95,0x56,0x9d,
    0x77,0xa5,0x96,0xa5,0x77,0xa5,0x56,0x9d,0x36,0x95,0x35,0x95,0x36,0x95,0x56,0x95,0x56,0x9d,0x77,0xa5,0x97,0xad,0x97,0xad,
    0xb7,0xb5,0xb8,0xb5,0xb8,0xb5,0xb8,0xad,0xb8,0xad,0x97,0xad,0x76,0x9d,0x56,0x9d,0x56,0x9d,0x76,0x9d,0x77,0xa5,0x97,0xad,
    0xb8,0xad,0x97,0xad,0x97,0xa5,0x77,0x9d,0x56,0x9d,0x36,0x95,0x56,0x9d,0x57,0x95,0x36,0x8d,0xf5,0x7c,0x94,0x64,0x53,0x54,
    0x94,0x5c,0xf5,0x7c,0x16,0x85,0x36,0x8d,0x56,0x95,0x56,0x95,0x57,0x95,0x36,0x8d,0x36,0x8d,0x36,0x8d,0x15,0x85,0x36,0x95,
    0x57,0x9d,0x76,0xa5,0x77,0xa5,0x77,0xa5,0x77,0x9d,0x56,0x95,0x36,0x95,0x15,0x8d,0xf5,0x84,0xb4,0x7c,0x73,0x64,0xf1,0x43,
    0x70,0x23,0x0e,0x0b,0xed,0x0a,0x0e,0x0b,0x70,0x1b,0x90,0x23,0x4f,0x13,0xcd,0x0a,0xac,0x0a,0x8c,0x02,0xcd,0x0a,0x0e,0x1b,
    0x90,0x2b,0x12,0x44,0x53,0x5c,0xb4,0x74,0xb4,0x74,0x95,0x74,0x53,0x64,0x90,0x43,0xcc,0x1a,0x0a,0x0a,0xe8,0x09,0xc9,0x09,
    0x09,0x0a,0x2a,0x0a,0xac,0x0a,0x0e,0x1b,0x70,0x33,0xd2,0x3b,0xd1,0x3b,0x90,0x2b,0x2f,0x1b,0x90,0x2b,0x74,0x64,0xf5,0x8c,
    0x15,0x8d,0x94,0x74,0x32,0x5c,0x53,0x64,0x94,0x6c,0x94,0x6c,0x73,0x64,0xb5,0x6c,0xf5,0x84,0x36,0x8d,0x16,0x85,0xf5,0x84,
    0xf5,0x7c,0xf5,0x8c,0x36,0x8d,0x36,0x95,0x36,0x95,0x36,0x95,0x16,0x85,0xb4,0x7c,0x32,0x5c,0x6f,0x33,0x8c,0x02,0x4b,0x02,
    0x09,0x02,0x0a,0x02,0xc9,0x01,0xe9,0x01,0x0a,0x02,0x8c,0x12,0xcd,0x1a,0xcd,0x1a,0x0e,0x1b,0x90,0x33,0xd1,0x4b,0xf2,0x4b,
    0x32,0x54,0x12,0x4c,0xf1,0x4b,0xd1,0x3b,0x90,0x2b,0x90,0x33,0x12,0x44,0xf2,0x4b,0x90,0x33,0x2f,0x13,0x0e,0x13,0x2f,0x1b,
    0x0f,0x13,0xcd,0x12,0xcd,0x0a,0xad,0x02,0x8c,0x02,0x4b,0x0a,0x0a,0x02,0xea,0x01,0xb7,0xb5,0xb7,0xbd,0xb7,0xb5,0xb7,0xad,
    0xb7,0xb5,0xb8,0xb5,0xd8,0xbd,0xd7,0xbd,0xd8,0xbd,0xb7,0xbd,0xb8,0xb5,0xb7,0xad,0x97,0xad,0x97,0xad,0x76,0x9d,0x36,0x95,
    0x35,0x8d,0x56,0x95,0x77,0xa5,0xb7,0xad,0xb8,0xb5,0xb7,0xbd,0xb8,0xb5,0x97,0xad,0x76,0xad,0x77,0xa5,0x77,0xa5,0x77,0xa5,
    0x97,0xad,0x97,0xb5,0xb7,0xb5,0xb8,0xb5,0xb8,0xb5,0xd8,0xb5,0xb7,0xb5,0xb8,0xb5,0x97,0xa5,0x76,0x9d,0x56,0x95,0x36,0x95,
    0x56,0x9d,0x77,0xa5,0xb7,0xad,0xb8,0xb5,0xb7,0xb5,0x97,0xad,0x77,0xa5,0x77,0xa5,0x36,0x95,0x36,0x8d,0x15,0x85,0xd5,0x74,
    0xb4,0x64,0x74,0x5c,0x33,0x44,0x53,0x4c,0x94,0x64,0xd5,0x74,0xf5,0x7c,0x16,0x7d,0xf5,0x7c,0xf5,0x7c,0xf6,0x7c,0x16,0x7d,
    0xf5,0x7c,0xb4,0x6c,0xd5,0x74,0x36,0x8d,0x56,0x9d,0x77,0xad,0x97,0xad,0x97,0xa5,0x76,0xa5,0x57,0x9d,0x15,0x8d,0xd4,0x7c,
    0x93,0x6c,0x73,0x64,0x73,0x64,0x32,0x5c,0x11,0x4c,0xd1,0x43,0xb1,0x33,0xf1,0x43,0x32,0x5c,0x33,0x54,0xf1,0x4b,0x90,0x33,
    0x70,0x23,0x90,0x2b,0xd1,0x43,0x32,0x5c,0x93,0x6c,0xd5,0x7c,0x15,0x85,0xd5,0x7c,0x94,0x6c,0xf1,0x4b,0xed,0x1a,0xe9,0x01,
    0x46,0x01,0x06,0x01,0x05,0x01,0x06,0x01,0x26,0x01,0x47,0x01,0x88,0x01,0x0a,0x02,0x6c,0x02,0xee,0x12,0x4f,0x23,0x2f,0x13,
    0x2f,0x13,0x12,0x4c,0x15,0x8d,0x57,0x9d,0x36,0x95,0x93,0x7c,0xf1,0x4b,0x90,0x33,0x70,0x2b,0xb0,0x2b,0x33,0x44,0xd5,0x74,
    0x16,0x85,0x16,0x85,0xf5,0x84,0x15,0x85,0x15,0x8d,0x16,0x8d,0x15,0x8d,0x15,0x95,0xf5,0x8c,0xd4,0x84,0x93,0x74,0xf2,0x43,
    0x0d,0x23,0x0a,0x02,0x87,0x01,0x47,0x01,0x47,0x01,0x87,0x01,0x87,0x01,0x47,0x01,0x87,0x01,0xa8,0x01,0xe9,0x01,0x0a,0x0a,
    0x6b,0x0a,0x4f,0x1b,0x32,0x5c,0x94,0x7c,0x94,0x74,0x73,0x6c,0x53,0x5c,0x32,0x5c,0x94,0x74,0x94,0x74,0x93,0x6c,0x53,0x6c,
    0x12,0x4c,0xf1,0x43,0xf2,0x4b,0x12,0x4c,0x90,0x33,0x2f,0x23,0xee,0x0a,0xcd,0x02,0x8c,0x02,0x2b,0x02,0x0a,0x02,0xe9,0x01,
    0x97,0xad,0x97,0xad,0x77,0xa5,0x97,0xad,0xb7,0xad,0xb7,0xb5,0xb8,0xb5,0x97,0xb5,0x97,0xad,0x97,0xad,0x97,0xad,0x97,0xad,
    0xb7,0xb5,0xb8,0xb5,0x97,0xad,0x97,0xad,0x97,0xad,0xb8,0xb5,0xd8,0xbd,0xd8,0xbd,0xd8,0xbd,0xd8,0xbd,0xd8,0xbd,0xb7,0xb5,
    0xb7,0xad,0x97,0xad,0x97,0xad,0x97,0xad,0x97,0xad,0xb7,0xb5,0xb7,0xb5,0xd8,0xb5,0xd7,0xbd,0xd8,0xbd,0xb8,0xb5,0xb7,0xad,
    0x97,0xa5,0x77,0xa5,0x77,0xa5,0x97,0xad,0xb8,0xb5,0xd8,0xbd,0xd8,0xc5,0xd8,0xbd,0xd8,0xb5,0xb8,0xb5,0x97,0xad,0x56,0x8d,
    0xd4,0x6c,0x54,0x5c,0x33,0x44,0x33,0x4c,0x53,0x4c,0x32,0x44,0x33,0x4c,0x94,0x5c,0xd5,0x74,0xf5,0x7c,0x16,0x85,0xf6,0x7c,
    0xf5,0x7c,0xf6,0x7c,0x15,0x85,0xf5,0x7c,0xb5,0x6c,0xd5,0x7c,0x36,0x8d,0x56,0xa5,0x97,0xa5,0x97,0xad,0x97,0xad,0x56,0xa5,
    0x36,0x95,0xf4,0x8c,0x94,0x6c,0x74,0x6c,0x73,0x6c,0x94,0x6c,0x93,0x6c,0x74,0x6c,0x53,0x64,0x53,0x5c,0x52,0x5c,0x74,0x64,
    0x94,0x6c,0x73,0x6c,0x33,0x4c,0xb1,0x3b,0x6f,0x23,0x90,0x33,0x12,0x54,0xb4,0x74,0xf5,0x84,0x36,0x85,0xf5,0x84,0x94,0x6c,
    0xf1,0x3b,0xcd,0x02,0xc9,0x01,0x88,0x01,0x47,0x01,0x46,0x01,0x06,0x01,0x26,0x01,0x26,0x01,0x46,0x01,0x47,0x01,0x67,0x01,
    0x88,0x01,0xc9,0x01,0x2a,0x02,0xad,0x02,0x90,0x2b,0x73,0x6c,0xd5,0x7c,0xf5,0x8c,0x73,0x74,0x4e,0x33,0x2a,0x0a,0xa8,0x01,
    0xc9,0x01,0x8c,0x02,0xf1,0x33,0xb4,0x6c,0xd5,0x74,0xb4,0x6c,0xb4,0x6c,0xd5,0x74,0xf5,0x84,0xd4,0x84,0x93,0x7c,0x31,0x6c,
    0xb0,0x5b,0x4e,0x43,0xcc,0x22,0x2a,0x02,0x87,0x01,0x06,0x01,0xe5,0x00,0xe4,0x08,0xa4,0x00,0xc4,0x00,0x26,0x01,0x88,0x01,
    0xa8,0x01,0xa9,0x01,0xa8,0x01,0x88,0x01,0x09,0x02,0xcd,0x12,0x8f,0x3b,0x32,0x54,0x11,0x4c,0x90,0x2b,0xd0,0x3b,0x53,0x64,
    0xb4,0x7c,0xb4,0x74,0x73,0x6c,0x53,0x64,0x53,0x64,0x73,0x64,0x53,0x64,0xd1,0x43,0x70,0x2b,0x2f,0x1b,0xcd,0x0a,0x6c,0x02,
    0x0a,0x02,0xa9,0x01,0xa8,0x01,0xa8,0x01,0x15,0x95,0x55,0x9d,0x76,0xa5,0x97,0xad,0x98,0xb5,0xb7,0xb5,0x97,0xad,0x97,0xad,
    0x97,0xad,0xb7,0xad,0x97,0xad,0xb8,0xb5,0xb8,0xb5,0xd7,0xbd,0xb8,0xb5,0xb7,0xb5,0xb8,0xb5,0xd8,0xbd,0xd8,0xc5,0xf8,0xc5,
    0xf8,0xc5,0xd8,0xbd,0xd8,0xbd,0xb8,0xb5,0xd8,0xbd,0xb8,0xb5,0xb7,0xb5,0xd8,0xb5,0xd8,0xb5,0xd8,0xbd,0xd8,0xbd,0xb8,0xb5,
    0xb8,0xb5,0xb7,0xb5,0x97,0xad,0x97,0xad,0x97,0xad,0xb7,0xad,0xb8,0xb5,0xd8,0xbd,0xd8,0xbd,0xf8,0xc5,0xf8,0xc5,0xd8,0xbd,
    0xb7,0xbd,0xb7,0xad,0x57,0x95,0xb5,0x6c,0x53,0x54,0x32,0x3c,0x32,0x4c,0x53,0x4c,0x12,0x44,0x33,0x44,0x94,0x64,0xf5,0x7c,
    0x36,0x8d,0x57,0x9d,0x56,0x8d,0x15,0x85,0x16,0x85,0x36,0x8d,0x36,0x8d,0x16,0x85,0x15,0x85,0x36,0x8d,0x56,0x9d,0x97,0xa5,
    0x97,0xad,0x56,0xa5,0x15,0x95,0xb4,0x8c,0x73,0x74,0x53,0x64,0x52,0x64,0x74,0x6c,0xb4,0x74,0xb4,0x7c,0xb5,0x7c,0xb4,0x74,
    0x53,0x64,0x12,0x54,0xf1,0x43,0x12,0x54,0x53,0x5c,0x53,0x5c,0x32,0x54,0x12,0x44,0xf2,0x3b,0x32,0x54,0x94,0x6c,0x16,0x85,
    0x57,0x95,0x57,0x95,0x15,0x7d,0x33,0x44,0x2f,0x0b,0x4b,0x02,0xe9,0x01,0xa8,0x01,0x67,0x01,0x26,0x01,0x26,0x01,0x06,0x01,
    0x06,0x01,0x26,0x01,0x05,0x01,0x06,0x01,0xe5,0x00,0x05,0x01,0x67,0x01,0x4a,0x0a,0x4f,0x2b,0xd1,0x43,0x12,0x4c,0x8f,0x43,
    0x2a,0x12,0x25,0x01,0xc4,0x00,0xe5,0x00,0xa8,0x01,0x4f,0x2b,0xb4,0x6c,0xf6,0x84,0xb5,0x74,0x53,0x54,0x33,0x4c,0x53,0x5c,
    0x53,0x64,0xd0,0x4b,0xcc,0x2a,0xe8,0x11,0x67,0x09,0x25,0x09,0x05,0x09,0xe5,0x00,0xa4,0x08,0xe4,0x00,0xe5,0x00,0xe5,0x00,
    0xc4,0x00,0xc5,0x00,0x26,0x09,0xa8,0x01,0xa8,0x01,0x88,0x01,0xa8,0x01,0x88,0x01,0xc8,0x01,0x2a,0x0a,0xcd,0x12,0x0e,0x1b,
    0xed,0x12,0x4b,0x02,0xcd,0x0a,0xd0,0x3b,0x53,0x64,0x32,0x5c,0xf1,0x4b,0xf1,0x53,0x73,0x64,0x53,0x64,0x32,0x5c,0xd1,0x43,
    0x90,0x33,0x2f,0x23,0xad,0x02,0x0a,0x02,0xa8,0x01,0xa8,0x01,0x88,0x09,0x68,0x01,0xf5,0x94,0x56,0xa5,0x77,0xa5,0xb7,0xad,
    0xb8,0xb5,0xb8,0xb5,0xb7,0xad,0x97,0xad,0x97,0xad,0x97,0xad,0xb8,0xad,0xb7,0xb5,0xb8,0xb5,0xb7,0xb5,0xb7,0xb5,0xb8,0xb5,
    0xd8,0xbd,0xf8,0xc5,0xf8,0xbd,0xf8,0xc5,0xd8,0xbd,0xd8,0xbd,0xf8,0xbd,0xd8,0xbd,0xf8,0xbd,0xd8,0xbd,0xf9,0xb5,0xd8,0xbd,
    0xd8,0xbd,0xd8,0xbd,0xb7,0xad,0xb8,0xb5,0xb7,0xb5,0xb8,0xb5,0xb7,0xb5,0xb8,0xb5,0xb7,0xb5,0xd8,0xb5,0xd8,0xbd,0xf8,0xc5,
    0xf8,0xc5,0xf8,0xc5,0xf8,0xc5,0xd8,0xbd,0xb8,0xb5,0x97,0xa5,0x36,0x85,0xd5,0x74,0xb4,0x6c,0x94,0x64,0x74,0x64,0x53,0x54,
    0x53,0x54,0xb4,0x74,0x15,0x85,0x36,0x95,0x77,0x9d,0x56,0x95,0x16,0x8d,0x16,0x8d,0x56,0x95,0x56,0x95,0x36,0x95,0x36,0x95,
    0x56,0x95,0x77,0xa5,0x98,0xa5,0x97,0xa5,0x56,0x9d,0xf5,0x8c,0x52,0x6c,0xd0,0x43,0x4e,0x33,0x2e,0x2b,0x6f,0x2b,0xb0,0x2b,
    0xd1,0x33,0xf2,0x43,0xf1,0x3b,0xd1,0x33,0xb1,0x33,0xb0,0x33,0x70,0x2b,0x8f,0x23,0xd1,0x33,0x32,0x4c,0x53,0x4c,0x33,0x54,
    0x53,0x5c,0x94,0x64,0xb5,0x6c,0x15,0x7d,0x36,0x85,0xf6,0x7c,0x94,0x5c,0xb1,0x1b,0xed,0x02,0x8c,0x02,0x2b,0x02,0xc9,0x01,
    0xa8,0x01,0xa8,0x01,0x88,0x01,0x87,0x01,0x67,0x01,0x47,0x01,0x26,0x01,0x05,0x01,0x26,0x01,0x67,0x01,0x0a,0x02,0xee,0x12,
    0x70,0x2b,0xb0,0x33,0x4e,0x1b,0x09,0x02,0x46,0x01,0x26,0x01,0x67,0x01,0x0a,0x02,0xee,0x12,0x32,0x5c,0xd5,0x84,0xd5,0x7c,
    0x74,0x64,0x90,0x2b,0x2e,0x13,0xee,0x1a,0x8b,0x0a,0xa8,0x01,0xe5,0x00,0xa4,0x00,0x83,0x00,0x63,0x00,0x82,0x08,0x83,0x00,
    0xa4,0x00,0xe5,0x00,0x05,0x01,0x05,0x01,0xe5,0x00,0x26,0x01,0x67,0x01,0x88,0x01,0x67,0x01,0x47,0x01,0x67,0x01,0xa8,0x01,
    0xa9,0x01,0xa8,0x01,0xc9,0x01,0xa8,0x01,0xa8,0x01,0xc8,0x01,0x6b,0x0a,0x70,0x2b,0xd1,0x43,0x70,0x23,0x2f,0x13,0x2f,0x1b,
    0xb0,0x3b,0xd1,0x3b,0xb0,0x3b,0xb1,0x3b,0xb0,0x3b,0x4f,0x2b,0xad,0x02,0x0a,0x02,0xc9,0x09,0xc9,0x01,0xa8,0x01,0x88,0x01,
    0xf4,0x8c,0x35,0x9d,0x56,0xa5,0x76,0xad,0x97,0xad,0x76,0xa5,0x76,0xa5,0x77,0xa5,0x77,0xad,0x97,0xa5,0x97,0xad,0x97,0xad,
    0xb7,0xad,0xb8,0xb5,0xb7,0xb5,0xd8,0xbd,0xd8,0xbd,0xd8,0xbd,0xf8,0xc5,0xf8,0xc5,0xd8,0xbd,0xd8,0xbd,0xd8,0xbd,0xd8,0xbd,
    0xf8,0xbd,0xf9,0xbd,0xf8,0xc5,0xf8,0xc5,0xf8,0xbd,0xd8,0xbd,0xd8,0xbd,0xd8,0xbd,0xf8,0xbd,0xd8,0xc5,0xd8,0xb5,0xb7,0xb5,
    0xb8,0xad,0xb7,0xb5,0xd8,0xb5,0xd8,0xc5,0xf8,0xc5,0xd8,0xbd,0xb7,0xb5,0xb8,0xb5,0x97,0xad,0x77,0x9d,0x36,0x95,0x36,0x85,
    0xd5,0x7c,0xd5,0x7c,0xb4,0x6c,0x94,0x6c,0xd5,0x7c,0x15,0x85,0x36,0x95,0x77,0x9d,0x56,0x9d,0x36,0x95,0x36,0x95,0x35,0x8d,
    0x15,0x8d,0x36,0x95,0x77,0x9d,0x77,0xa5,0x97,0xa5,0x97,0xa5,0x77,0xa5,0x36,0x95,0xb5,0x74,0x12,0x44,0x70,0x1b,0xee,0x02,
    0xac,0x02,0xad,0x02,0xcd,0x02,0x0f,0x03,0x2f,0x03,0x2f,0x03,0x4f,0x0b,0x50,0x0b,0xb0,0x23,0xd1,0x3b,0x12,0x4c,0xf1,0x43,
    0xf2,0x3b,0xf2,0x33,0x12,0x3c,0x33,0x4c,0x74,0x5c,0xd5,0x74,0xf5,0x84,0x36,0x8d,0x37,0x95,0x16,0x85,0xb4,0x6c,0x32,0x44,
    0xb1,0x1b,0x2f,0x0b,0x8c,0x02,0x6c,0x02,0x6c,0x02,0xad,0x02,0xad,0x02,0x8c,0x02,0x4b,0x02,0xea,0x01,0xa8,0x01,0xa9,0x01,
    0xe9,0x01,0xee,0x12,0xf1,0x3b,0x74,0x5c,0x94,0x64,0x53,0x54,0xd1,0x43,0x90,0x3b,0x6f,0x33,0x6f,0x33,0x90,0x2b,0x90,0x2b,
    0xd1,0x33,0x13,0x54,0x73,0x6c,0x32,0x5c,0x6f,0x2b,0x6c,0x02,0xc8,0x01,0x26,0x01,0xc4,0x00,0xa4,0x08,0xa3,0x00,0x83,0x08,
    0x83,0x08,0x83,0x08,0x83,0x00,0xa4,0x08,0xa4,0x00,0xe5,0x00,0x05,0x01,0x26,0x09,0x26,0x01,0x67,0x01,0x88,0x01,0x67,0x01,
    0xe5,0x00,0x05,0x09,0x88,0x01,0x2a,0x02,0x2b,0x0a,0x09,0x02,0xa8,0x01,0xc8,0x01,0x0a,0x0a,0x4b,0x02,0xcd,0x12,0x2e,0x2b,
    0x0e,0x1b,0xed,0x0a,0x0e,0x0b,0x0e,0x13,0xad,0x0a,0x8c,0x0a,0xcd,0x0a,0x0e,0x13,0x4f,0x2b,0x2f,0x23,0x8c,0x0a,0x4b,0x02,
    0x0a,0x02,0xe9,0x01,0xa9,0x01,0xc9,0x01,0xf4,0x8c,0x15,0x95,0x56,0xa5,0x56,0xa5,0x56,0xa5,0x56,0xa5,0x76,0xad,0x77,0xa5,
    0x76,0xa5,0x76,0xa5,0x76,0xa5,0x77,0xa5,0x97,0xad,0x97,0xad,0xb7,0xad,0x97,0xb5,0xb8,0xb5,0xd8,0xbd,0xf8,0xc5,0xf9,0xc5,
    0xf8,0xbd,0xd8,0xbd,0xd8,0xbd,0xf8,0xbd,0xf8,0xc5,0xf8,0xcd,0xf8,0xc5,0xf8,0xcd,0x18,0xce,0xf8,0xcd,0xf8,0xcd,0xf8,0xc5,
    0xf8,0xc5,0xd8,0xbd,0xd7,0xbd,0x97,0xad,0x77,0xa5,0x97,0xad,0xd8,0xbd,0xd8,0xbd,0xd8,0xbd,0xb7,0xbd,0xb7,0xb5,0x77,0xa5,
    0x76,0xa5,0x56,0x95,0x36,0x8d,0x16,0x85,0xd5,0x7c,0xb4,0x74,0x94,0x74,0xd4,0x74,0x15,0x8d,0x36,0x95,0x77,0x9d,0x56,0x9d,
    0x56,0x95,0x15,0x8d,0xb4,0x74,0xd4,0x7c,0x36,0x95,0x56,0x9d,0x76,0xa5,0x57,0x9d,0x56,0x9d,0x36,0x8d,0xf5,0x7c,0xb4,0x64,
    0x33,0x44,0xf2,0x33,0xd1,0x23,0xd1,0x2b,0xd1,0x2b,0xb1,0x23,0x91,0x23,0x70,0x13,0x2f,0x0b,0x2f,0x03,0x4f,0x0b,0xb1,0x23,
    0x33,0x4c,0x94,0x6c,0xd5,0x7c,0xd5,0x7c,0xb5,0x74,0x94,0x64,0x74,0x5c,0xb4,0x64,0x15,0x85,0x77,0x9d,0x77,0x9d,0x36,0x95,
    0x36,0x95,0x15,0x8d,0xd5,0x74,0x74,0x64,0xf2,0x33,0x50,0x0b,0x2f,0x13,0x70,0x1b,0xb1,0x2b,0xd1,0x33,0x91,0x23,0x2f,0x0b,
    0xce,0x02,0x6c,0x0a,0x2b,0x02,0x6c,0x02,0x2f,0x13,0x53,0x44,0xd6,0x74,0x16,0x85,0x36,0x8d,0x36,0x8d,0x56,0x95,0x56,0x95,
    0x16,0x8d,0xd5,0x7c,0x94,0x6c,0x13,0x54,0x90,0x2b,0xed,0x1a,0x6b,0x12,0x09,0x0a,0xa9,0x01,0x46,0x01,0xc5,0x00,0xa3,0x08,
    0x83,0x00,0x83,0x08,0x83,0x00,0x83,0x00,0x83,0x08,0xc4,0x00,0xc4,0x00,0xc4,0x00,0xc4,0x08,0xe4,0x00,0x05,0x01,0x06,0x01,
    0x26,0x01,0x46,0x01,0x26,0x01,0x26,0x01,0x26,0x01,0xa8,0x01,0x6c,0x02,0x0e,0x0b,0x2f,0x13,0xcd,0x0a,0xcd,0x0a,0xcd,0x0a,
    0xee,0x0a,0xac,0x0a,0x4b,0x02,0x6c,0x02,0x8c,0x0a,0x8c,0x02,0xad,0x0a,0x8c,0x02,0x2a,0x02,0xe9,0x01,0x4b,0x02,0xcd,0x0a,
    0xed,0x12,0xac,0x0a,0x6c,0x02,0x4b,0x02,0x2a,0x02,0xea,0x01,0xc9,0x01,0xa8,0x01,0x15,0x95,0xf3,0x8c,0x92,0x7c,0x52,0x6c,
    0x72,0x74,0x93,0x7c,0xd4,0x8c,0x15,0x95,0x56,0x9d,0x56,0xa5,0x77,0xa5,0x97,0xad,0xb7,0xb5,0xb8,0xb5,0xb8,0xb5,0xd7,0xb5,
    0xb8,0xbd,0xf8,0xbd,0xf8,0xc5,0xf8,0xc5,0xf8,0xc5,0xd8,0xc5,0xf8,0xbd,0xf8,0xc5,0xf8,0xc5,0xf8,0xcd,0xf8,0xc5,0x18,0xce,
    0x18,0xce,0xf8,0xcd,0xf8,0xc5,0xd7,0xc5,0xd8,0xc5,0xd7,0xbd,0x97,0xb5,0x97,0xad,0x97,0xa5,0xb8,0xb5,0xd8,0xb5,0xb7,0xb5,
    0xb8,0xb5,0x77,0xa5,0x35,0x95,0xf5,0x7c,0xd4,0x7c,0xb5,0x7c,0xb4,0x74,0x73,0x6c,0x52,0x5c,0x11,0x4c,0x32,0x54,0x94,0x6c,
    0x16,0x8d,0x56,0x9d,0x76,0x9d,0x56,0x9d,0x36,0x8d,0xf5,0x84,0x15,0x8d,0x56,0x9d,0x57,0x9d,0x36,0x8d,0x56,0x8d,0x36,0x8d,
    0x16,0x85,0xd5,0x6c,0x74,0x5c,0x13,0x44,0xf1,0x33,0xf2,0x3b,0x12,0x4c,0x74,0x54,0x74,0x64,0x94,0x64,0x73,0x5c,0x12,0x44,
    0xb1,0x23,0x70,0x0b,0x70,0x13,0xb1,0x23,0x33,0x4c,0x94,0x6c,0xf5,0x7c,0xf5,0x84,0xb5,0x74,0xb4,0x64,0xf5,0x7c,0x56,0x95,
    0x77,0xa5,0x77,0x9d,0x16,0x95,0xd4,0x84,0xb4,0x7c,0x94,0x74,0x52,0x5c,0xd1,0x33,0x70,0x13,0x90,0x1b,0x12,0x44,0x53,0x4c,
    0x33,0x4c,0xb1,0x33,0x50,0x13,0x0e,0x03,0xcd,0x02,0xcd,0x02,0xee,0x0a,0x70,0x1b,0x33,0x44,0xd4,0x74,0x36,0x8d,0x77,0x9d,
    0x97,0xad,0xb7,0xad,0x98,0xad,0x77,0x9d,0x16,0x95,0xb4,0x74,0xf2,0x43,0x2f,0x1b,0x4b,0x02,0xc9,0x01,0x46,0x01,0x06,0x01,
    0x05,0x01,0xe5,0x00,0xc4,0x00,0xa4,0x08,0x83,0x00,0x83,0x08,0x83,0x00,0x83,0x08,0xc4,0x00,0x06,0x01,0x26,0x01,0x26,0x01,
    0x47,0x01,0xa8,0x01,0xa8,0x01,0x46,0x01,0x06,0x01,0xe5,0x00,0x26,0x09,0x67,0x01,0xc8,0x01,0xea,0x01,0x2a,0x02,0x2b,0x02,
    0x4a,0x0a,0x8c,0x0a,0x0e,0x1b,0xb1,0x3b,0xd1,0x33,0x0e,0x13,0x4b,0x02,0x09,0x02,0x2a,0x02,0x6b,0x02,0xac,0x0a,0x8c,0x0a,
    0x6c,0x02,0x4b,0x02,0x6c,0x02,0x6b,0x02,0x6c,0x02,0xcd,0x02,0xcd,0x0a,0xad,0x02,0x6b,0x0a,0x4b,0x02,0xe9,0x01,0xc9,0x01,
    0xb3,0x7c,0x8f,0x43,0xcc,0x1a,0xcd,0x1a,0x0d,0x2b,0x6f,0x43,0x52,0x64,0xd4,0x7c,0xf5,0x8c,0x35,0x95,0x56,0xa5,0x76,0xa5,
    0xb8,0xb5,0xb7,0xb5,0xb8,0xbd,0xb7,0xb5,0xb7,0xb5,0xd8,0xbd,0xf8,0xc5,0xf9,0xcd,0xf8,0xcd,0xd8,0xbd,0xd8,0xbd,0xd8,0xbd,
    0xd8,0xc5,0xf8,0xbd,0xd8,0xbd,0xd8,0xc5,0xd7,0xc5,0xf8,0xcd,0xd7,0xc5,0xb7,0xbd,0x97,0xb5,0x76,0xb5,0x97,0xad,0x97,0xb5,
    0xb7,0xb5,0xb7,0xb5,0xb8,0xbd,0x97,0xad,0x56,0x9d,0x94,0x6c,0xf1,0x3b,0x70,0x2b,0x6f,0x2b,0x6f,0x2b,0x6f,0x2b,0x90,0x33,
    0xd1,0x43,0x32,0x5c,0x93,0x6c,0xf5,0x84,0x35,0x95,0x77,0xa5,0x77,0xa5,0x77,0xa5,0x97,0xad,0xb7,0xb5,0x98,0xad,0x97,0xa5,
    0x76,0x9d,0x56,0x95,0x36,0x8d,0x36,0x8d,0x36,0x85,0xf6,0x7c,0xb4,0x64,0x33,0x44,0xd1,0x2b,0xb1,0x2b,0xf1,0x33,0x13,0x44,
    0x52,0x54,0x33,0x4c,0x12,0x4c,0xf2,0x33,0xb1,0x1b,0x91,0x13,0x70,0x13,0x70,0x0b,0x70,0x13,0x90,0x1b,0xb1,0x2b,0xd1,0x3b,
    0x52,0x54,0xd5,0x6c,0x57,0x95,0x97,0xa5,0x97,0xa5,0x36,0x9d,0x73,0x6c,0x8f,0x3b,0xed,0x1a,0xac,0x0a,0x8c,0x02,0xcd,0x02,
    0x90,0x23,0x33,0x4c,0x74,0x5c,0x73,0x54,0x12,0x4c,0xb1,0x2b,0x6f,0x1b,0x50,0x1b,0x90,0x23,0xd1,0x2b,0xf1,0x33,0x33,0x4c,
    0xb4,0x6c,0x16,0x8d,0x76,0xa5,0x97,0xa5,0x97,0xad,0xb8,0xb5,0x97,0xad,0x36,0x95,0x73,0x64,0x2e,0x23,0x4a,0x02,0x2a,0x02,
    0x8c,0x02,0xed,0x12,0xac,0x12,0xe9,0x09,0x46,0x01,0xe5,0x00,0xc4,0x00,0x83,0x00,0xa4,0x00,0x05,0x01,0x05,0x01,0x05,0x01,
    0x46,0x01,0xa8,0x01,0xc9,0x01,0xe9,0x01,0x2a,0x02,0x6c,0x0a,0x2b,0x02,0xa9,0x01,0x46,0x01,0x47,0x01,0xa8,0x01,0x2a,0x02,
    0x2b,0x02,0xe9,0x01,0x67,0x01,0x26,0x01,0x67,0x01,0x4a,0x02,0x0e,0x13,0x90,0x33,0x70,0x23,0x8c,0x0a,0x0a,0x02,0x4b,0x02,
    0xcd,0x0a,0xad,0x02,0x6c,0x0a,0x2a,0x02,0x2b,0x02,0x2a,0x02,0x0a,0x02,0xe9,0x01,0x4b,0x02,0xcd,0x0a,0x0e,0x0b,0x0e,0x13,
    0xee,0x12,0xcd,0x0a,0x6c,0x02,0xe9,0x01,0xb0,0x3b,0x8c,0x1a,0x0a,0x0a,0xe8,0x09,0xa8,0x09,0x2a,0x1a,0x0d,0x33,0xb0,0x4b,
    0x32,0x6c,0x73,0x74,0xd4,0x84,0x35,0x9d,0x77,0xad,0xb7,0xad,0xb7,0xb5,0xb8,0xb5,0xd8,0xbd,0xd8,0xbd,0xf8,0xc5,0xf8,0xc5,
    0xd8,0xbd,0xb7,0xb5,0xb7,0xad,0xb8,0xb5,0xb7,0xad,0x97,0xad,0x97,0xad,0xb7,0xb5,0xb7,0xb5,0x97,0xb5,0x76,0xad,0x15,0x95,
    0xd4,0x8c,0xb3,0x84,0x15,0x95,0x96,0xb5,0xd8,0xbd,0xd8,0xbd,0xb7,0xb5,0x77,0x95,0x94,0x64,0xb0,0x23,0xee,0x02,0xad,0x02,
    0xcd,0x02,0x0e,0x13,0x90,0x33,0x52,0x64,0xd4,0x84,0x35,0x9d,0x76,0xa5,0x77,0xa5,0x97,0xad,0xb7,0xb5,0xb8,0xb5,0xd8,0xbd,
    0xd8,0xbd,0xd8,0xbd,0x97,0xb5,0x97,0xa5,0x77,0x95,0x57,0x8d,0x37,0x8d,0x77,0x95,0x57,0x95,0x36,0x85,0x94,0x64,0x12,0x3c,
    0xd1,0x23,0xd2,0x2b,0xf2,0x33,0x12,0x3c,0x12,0x4c,0x32,0x4c,0x12,0x44,0xf2,0x43,0xd1,0x2b,0x90,0x13,0x50,0x03,0x0f,0x03,
    0x0f,0x03,0x0e,0x03,0x4f,0x0b,0xd1,0x33,0x94,0x64,0x16,0x85,0x56,0x95,0x16,0x8d,0x94,0x74,0xb0,0x33,0xac,0x02,0x2b,0x02,
    0x4b,0x02,0xac,0x0a,0x6f,0x23,0x32,0x4c,0xd5,0x6c,0xf5,0x74,0xd5,0x74,0xd5,0x6c,0xb4,0x6c,0x74,0x6c,0x73,0x64,0x94,0x6c,
    0xb4,0x6c,0xb5,0x74,0xb5,0x6c,0xf5,0x7c,0x56,0x9d,0x76,0xa5,0x97,0xa5,0x77,0xad,0x76,0xa5,0x57,0xa5,0x15,0x8d,0x73,0x6c,
    0x6f,0x1b,0x2b,0x02,0x2a,0x02,0x6f,0x2b,0x93,0x6c,0xd5,0x84,0xd4,0x7c,0x11,0x5c,0x0d,0x33,0x2a,0x12,0x87,0x09,0x87,0x09,
    0x2a,0x0a,0x4b,0x0a,0x2a,0x02,0x0a,0x02,0x0b,0x02,0x4b,0x02,0x2b,0x02,0xe9,0x01,0xea,0x01,0x0a,0x02,0x2a,0x02,0xe9,0x01,
    0xc9,0x01,0x2b,0x02,0x8c,0x02,0xad,0x0a,0x4b,0x02,0xa8,0x01,0x06,0x09,0x26,0x01,0x88,0x01,0x6c,0x02,0xee,0x0a,0x0e,0x0b,
    0x6c,0x02,0x4b,0x02,0x8c,0x02,0x0f,0x0b,0xee,0x02,0x4b,0x02,0xa8,0x01,0x87,0x01,0x88,0x01,0xc8,0x01,0x67,0x01,0x47,0x01,
    0x87,0x01,0x2a,0x02,0x8d,0x02,0xac,0x02,0x8c,0x02,0x8c,0x0a,0x6c,0x02,0x4b,0x02,0x2e,0x2b,0x09,0x0a,0x46,0x01,0xe5,0x00,
    0xc4,0x00,0x26,0x09,0x88,0x01,0x4b,0x12,0xec,0x22,0x8f,0x43,0x73,0x6c,0xf5,0x84,0x76,0xa5,0xb8,0xb5,0xd8,0xb5,0xd8,0xbd,
    0xd8,0xbd,0xd8,0xbd,0xd8,0xbd,0xb8,0xad,0x97,0xa5,0x77,0x9d,0x77,0x9d,0x57,0x95,0x56,0x95,0x36,0x8d,0x16,0x8d,0x16,0x85,
    0x36,0x95,0x36,0x8d,0xd4,0x74,0xf1,0x43,0x4f,0x23,0x10,0x54,0xf5,0x94,0x76,0xad,0xb7,0xb5,0x97,0xb5,0x56,0x9d,0xb4,0x74,
    0xd1,0x3b,0x2f,0x0b,0xed,0x02,0x0e,0x0b,0x90,0x23,0x33,0x54,0xd5,0x7c,0x36,0x9d,0x76,0xa5,0xb8,0xb5,0xb7,0xb5,0xd8,0xbd,
    0xd8,0xb5,0xd8,0xbd,0xd8,0xbd,0xd8,0xbd,0xb8,0xb5,0xb7,0xb5,0x77,0x9d,0x57,0x95,0x36,0x8d,0x57,0x95,0x97,0x95,0x98,0x9d,
    0x57,0x8d,0xd5,0x6c,0x12,0x44,0xb1,0x23,0xd2,0x2b,0x12,0x34,0x13,0x44,0x32,0x44,0x12,0x4c,0x13,0x4c,0x32,0x4c,0x12,0x44,
    0xf2,0x3b,0xb1,0x23,0x91,0x1b,0x90,0x13,0x90,0x1b,0xd2,0x2b,0x53,0x54,0xd5,0x7c,0x16,0x8d,0x36,0x8d,0xd5,0x74,0x32,0x54,
    0x8f,0x2b,0x6f,0x23,0xb0,0x33,0xd1,0x33,0xf2,0x43,0x53,0x54,0xd5,0x74,0xf6,0x84,0x16,0x85,0xf6,0x74,0x16,0x85,0x36,0x95,
    0x77,0x9d,0x77,0x9d,0x36,0x95,0x36,0x8d,0x16,0x85,0x15,0x85,0x16,0x8d,0x56,0x95,0x77,0xa5,0x97,0xad,0x56,0xa5,0xf5,0x84,
    0x73,0x64,0xd0,0x43,0xb0,0x3b,0x70,0x33,0xed,0x0a,0xcd,0x0a,0x53,0x4c,0x36,0x95,0x57,0x9d,0x77,0xa5,0x36,0x9d,0xd4,0x84,
    0x12,0x64,0x6f,0x33,0x0e,0x1b,0xcd,0x0a,0x0e,0x0b,0x2f,0x0b,0xce,0x02,0x8c,0x02,0xad,0x0a,0x8c,0x02,0x2b,0x02,0xa8,0x01,
    0x46,0x01,0x26,0x01,0x47,0x01,0xa8,0x01,0x0a,0x02,0x6c,0x0a,0x8c,0x02,0x6b,0x02,0x0a,0x02,0x88,0x01,0xa8,0x01,0x2b,0x02,
    0x0e,0x13,0x90,0x2b,0x90,0x33,0xee,0x0a,0x6c,0x02,0x4b,0x02,0x8c,0x02,0xac,0x02,0x4b,0x02,0xc9,0x01,0x88,0x01,0xa9,0x01,
    0xc9,0x01,0xc9,0x01,0x88,0x01,0x46,0x01,0x06,0x01,0x47,0x01,0xc8,0x01,0x0b,0x02,0x4b,0x02,0x8c,0x02,0x8c,0x02,0x4b,0x02,
    0xc9,0x01,0x67,0x01,0x06,0x01,0x05,0x01,0x26,0x01,0x87,0x09,0x09,0x02,0x6b,0x12,0xcc,0x22,0x8f,0x43,0x93,0x74,0x36,0x9d,
    0xb7,0xad,0xd8,0xb5,0xf9,0xbd,0xd8,0xb5,0xd8,0xb5,0xb8,0xad,0x97,0xa5,0x57,0x95,0x36,0x85,0x16,0x7d,0xf6,0x74,0xf5,0x74,
    0xb5,0x64,0x74,0x5c,0x94,0x64,0xd4,0x64,0xb5,0x6c,0x73,0x54,0xb1,0x2b,0x4f,0x13,0x8f,0x33,0x93,0x7c,0x35,0x9d,0x76,0xad,
    0x77,0xad,0x35,0x95,0x93,0x6c,0xd1,0x3b,0x70,0x1b,0x2f,0x0b,0x2f,0x13,0x90,0x23,0x32,0x4c,0xd5,0x7c,0x56,0x95,0x97,0xad,
    0xb7,0xad,0xb8,0xb5,0xb7,0xb5,0xd8,0xbd,0xd8,0xbd,0xd8,0xbd,0xd8,0xad,0x97,0xa5,0x77,0x95,0x36,0x8d,0x16,0x7d,0xf5,0x7c,
    0x16,0x7d,0x36,0x85,0x57,0x95,0x36,0x95,0xf5,0x74,0xf2,0x3b,0x91,0x1b,0xd1,0x2b,0x13,0x44,0x33,0x44,0x32,0x44,0x13,0x44,
    0x12,0x4c,0x32,0x44,0x13,0x44,0xf2,0x3b,0xb1,0x2b,0x90,0x1b,0x50,0x13,0x91,0x23,0x32,0x4c,0xb5,0x6c,0x16,0x85,0x56,0x8d,
    0x16,0x85,0xb4,0x6c,0x73,0x64,0xb4,0x7c,0xb4,0x74,0xb4,0x7c,0xb4,0x74,0x94,0x6c,0x94,0x64,0x73,0x64,0xd5,0x74,0xf5,0x7c,
    0xf5,0x84,0x36,0x95,0x77,0x9d,0xb8,0xad,0xb8,0xad,0xb8,0xad,0x77,0x9d,0x56,0x95,0x36,0x8d,0x15,0x85,0xf5,0x84,0x15,0x8d,
    0xf5,0x8c,0xb4,0x84,0x11,0x5c,0x0e,0x23,0x2a,0x0a,0xc9,0x01,0xa8,0x01,0x0a,0x02,0x8c,0x02,0x12,0x3c,0x36,0x95,0x77,0x9d,
    0x56,0x9d,0xd4,0x7c,0x32,0x5c,0xd1,0x43,0xb0,0x43,0xb1,0x3b,0xb1,0x33,0x90,0x2b,0x2f,0x0b,0x8c,0x0a,0x2a,0x02,0x4b,0x02,
    0xad,0x02,0x6c,0x02,0xe9,0x01,0x67,0x01,0x06,0x09,0x05,0x01,0x26,0x01,0xa8,0x09,0x4b,0x02,0x8c,0x02,0x2b,0x02,0xc9,0x01,
    0xc9,0x01,0x2b,0x02,0xee,0x0a,0x90,0x2b,0x12,0x44,0x12,0x4c,0xb1,0x33,0x0e,0x0b,0xad,0x02,0x2a,0x02,0xe9,0x01,0x88,0x01,
    0x46,0x09,0x27,0x01,0x88,0x01,0xc8,0x01,0xa8,0x01,0xa8,0x09,0xa9,0x01,0x88,0x01,0x67,0x09,0x67,0x01,0xa8,0x01,0xc9,0x09,
    0x0a,0x02,0x8c,0x02,0xad,0x0a,0xed,0x12,0xea,0x01,0xe9,0x01,0xe9,0x01,0x0a,0x02,0x4b,0x02,0x8c,0x02,0x0e,0x1b,0x4f,0x2b,
    0xd0,0x53,0x93,0x74,0x35,0x9d,0xb8,0xb5,0xd8,0xb5,0xf9,0xbd,0xd8,0xb5,0xb8,0xa5,0x98,0x9d,0x56,0x95,0x16,0x85,0xf5,0x74,
    0xd5,0x6c,0xd5,0x6c,0xb4,0x64,0x94,0x5c,0x53,0x4c,0x94,0x5c,0xd5,0x6c,0xb5,0x6c,0x74,0x54,0xd1,0x2b,0x70,0x13,0xd1,0x3b,
    0x94,0x74,0x36,0x95,0x77,0xa5,0x76,0xa5,0x16,0x85,0x32,0x4c,0x70,0x1b,0x4f,0x13,0x70,0x1b,0xd1,0x33,0xf2,0x43,0x32,0x54,
    0xb5,0x74,0x36,0x95,0x97,0xa5,0xd8,0xb5,0x97,0xad,0x97,0xad,0x98,0xb5,0xb8,0xb5,0xb8,0xad,0x97,0xad,0x77,0x9d,0x16,0x85,
    0xd5,0x6c,0x94,0x64,0x74,0x5c,0x73,0x5c,0xb4,0x6c,0x15,0x85,0x36,0x8d,0xd5,0x74,0x53,0x54,0x12,0x3c,0x33,0x4c,0x74,0x54,
    0x53,0x54,0x12,0x44,0xd2,0x33,0x70,0x13,0x2f,0x0b,0xee,0x0a,0xcd,0x12,0x8c,0x0a,0x6b,0x02,0xac,0x02,0x4f,0x1b,0x53,0x54,
    0xf5,0x7c,0x56,0x95,0x57,0x95,0x15,0x7d,0x53,0x5c,0x53,0x54,0xd5,0x7c,0x36,0x95,0xf5,0x8c,0xd4,0x74,0xb4,0x74,0xb4,0x6c,
    0x94,0x74,0xb4,0x74,0xf4,0x84,0x15,0x8d,0x36,0x95,0x97,0xad,0xb7,0xad,0xb8,0xad,0x97,0xa5,0x77,0x9d,0x36,0x95,0xf5,0x8c,
    0xb4,0x74,0x53,0x5c,0xf2,0x43,0x6f,0x33,0xed,0x22,0x4b,0x12,0xa8,0x01,0x46,0x01,0x06,0x01,0x05,0x01,0x26,0x01,0xa9,0x01,
    0x0e,0x0b,0x74,0x5c,0xf5,0x84,0xb4,0x74,0x90,0x3b,0x6b,0x12,0xe9,0x01,0xc9,0x01,0x0a,0x02,0xac,0x0a,0x2f,0x13,0x4f,0x13,
    0x0e,0x03,0x6b,0x02,0x2b,0x02,0x8c,0x02,0x0f,0x0b,0xce,0x02,0x2b,0x02,0x88,0x01,0x67,0x01,0x68,0x01,0xc9,0x01,0x2b,0x02,
    0x6c,0x02,0x2b,0x02,0xc9,0x01,0xc8,0x01,0x2b,0x02,0x0e,0x0b,0x50,0x1b,0x6f,0x23,0x4f,0x2b,0x2e,0x23,0xcd,0x12,0xcd,0x02,
    0x0e,0x0b,0xcd,0x12,0x6b,0x12,0xe9,0x01,0x88,0x01,0x46,0x01,0x26,0x01,0x26,0x01,0x26,0x01,0x67,0x01,0xe9,0x01,0x4b,0x02,
    0x4b,0x02,0xea,0x01,0xc9,0x01,0xc8,0x01,0x0a,0x02,0x8c,0x0a,0xed,0x0a,0x0e,0x13,0xac,0x02,0x8d,0x02,0xcd,0x02,0x0e,0x13,
    0xb1,0x33,0x12,0x44,0x53,0x5c,0x93,0x6c,0xd5,0x84,0x56,0xa5,0xd8,0xb5,0xd8,0xbd,0xf9,0xbd,0xd8,0xb5,0xb8,0xa5,0x77,0x95,
    0x36,0x85,0xf5,0x74,0xd4,0x6c,0xb5,0x6c,0xf5,0x74,0xf5,0x74,0xb5,0x64,0x94,0x5c,0x94,0x5c,0xd5,0x74,0xf5,0x74,0xb4,0x64,
    0x33,0x3c,0x91,0x13,0x2f,0x0b,0x12,0x4c,0x16,0x8d,0x77,0x9d,0x77,0x9d,0xf5,0x7c,0x32,0x54,0xb1,0x23,0x70,0x1b,0x90,0x23,
    0xd1,0x3b,0xf1,0x3b,0x32,0x5c,0x94,0x74,0x15,0x95,0x97,0xad,0xd8,0xb5,0xd8,0xbd,0xd8,0xbd,0xd8,0xb5,0xb7,0xad,0x97,0xa5,
    0x56,0x95,0x16,0x7d,0xb4,0x6c,0x73,0x64,0x74,0x5c,0x53,0x4c,0xf1,0x3b,0x12,0x4c,0x94,0x64,0xb4,0x74,0x94,0x6c,0x12,0x44,
    0xf2,0x33,0x12,0x44,0x33,0x4c,0x33,0x4c,0xd2,0x3b,0x90,0x23,0x4f,0x13,0x4f,0x0b,0x0f,0x03,0xcd,0x02,0x6b,0x02,0x2b,0x02,
    0x4b,0x02,0xee,0x12,0xb0,0x33,0x73,0x64,0xd5,0x7c,0x15,0x8d,0x15,0x85,0x74,0x64,0x53,0x4c,0x94,0x6c,0x36,0x8d,0x36,0x95,
    0xb4,0x74,0x93,0x6c,0x94,0x74,0xf5,0x7c,0x15,0x8d,0x36,0x95,0x77,0x9d,0x77,0xa5,0x97,0xa5,0x77,0xa5,0x57,0x95,0x16,0x85,
    0xd5,0x7c,0x94,0x6c,0x31,0x5c,0x90,0x3b,0x0e,0x1b,0x8c,0x12,0x09,0x02,0xa8,0x01,0x67,0x01,0x67,0x01,0x67,0x01,0x88,0x01,
    0xe9,0x01,0x2a,0x02,0x2a,0x0a,0xcd,0x12,0x12,0x3c,0xb5,0x74,0xd4,0x74,0xf1,0x43,0xad,0x02,0xe9,0x01,0xa8,0x01,0x67,0x01,
    0xa8,0x01,0xea,0x01,0xcd,0x02,0x90,0x23,0xd2,0x3b,0x90,0x33,0x90,0x2b,0xd1,0x33,0xf2,0x33,0x70,0x23,0xcd,0x02,0x2b,0x02,
    0xe9,0x01,0x0a,0x02,0x8c,0x02,0xad,0x02,0x2a,0x02,0x87,0x01,0x05,0x01,0x26,0x01,0xe9,0x01,0x4b,0x0a,0x2a,0x0a,0xa9,0x01,
    0x67,0x01,0x87,0x01,0x2a,0x02,0xee,0x0a,0x90,0x33,0xf1,0x53,0xd1,0x4b,0x6f,0x33,0xcd,0x1a,0x2b,0x0a,0xc8,0x01,0xa8,0x01,
    0xe9,0x01,0x2b,0x02,0x4b,0x02,0x8c,0x02,0x4c,0x02,0x0a,0x02,0xa8,0x01,0xa8,0x01,0xa9,0x01,0xc9,0x01,0x2a,0x02,0x8d,0x0a,
    0xd1,0x2b,0xf1,0x3b,0x12,0x44,0x53,0x54,0x94,0x64,0xf5,0x7c,0xf5,0x84,0x15,0x8d,0x76,0xa5,0x97,0xb5,0xd8,0xb5,0xf8,0xbd,
    0xd8,0xb5,0x98,0x9d,0x56,0x95,0x16,0x7d,0xd5,0x74,0xf5,0x7c,0x16,0x7d,0x36,0x8d,0x36,0x85,0xf6,0x74,0x94,0x5c,0x94,0x5c,
    0xf5,0x74,0x16,0x7d,0xf6,0x7c,0x94,0x54,0xb1,0x23,0xad,0x02,0xac,0x0a,0x12,0x4c,0xf5,0x7c,0x35,0x8d,0xd5,0x74,0x32,0x4c,
    0x90,0x2b,0x4f,0x13,0x4f,0x13,0xb0,0x2b,0xd2,0x3b,0x32,0x5c,0xb4,0x7c,0x15,0x9d,0x76,0xb5,0xd7,0xbd,0xd8,0xc5,0xf8,0xc5,
    0xb7,0xbd,0xb8,0xb5,0x97,0xad,0x36,0x8d,0xb4,0x6c,0x53,0x54,0x12,0x44,0x12,0x3c,0xf2,0x33,0xd1,0x33,0xb1,0x33,0xb1,0x33,
    0x12,0x44,0x73,0x64,0xf2,0x43,0x50,0x13,0xee,0x12,0xee,0x12,0xee,0x12,0xed,0x12,0xed,0x02,0xee,0x02,0x0f,0x03,0x0e,0x03,
    0x0e,0x03,0x0f,0x0b,0x2f,0x13,0x6f,0x13,0xd1,0x33,0x53,0x54,0x94,0x64,0xd5,0x74,0xd4,0x7c,0xf5,0x84,0xf5,0x84,0xf5,0x84,
    0xf5,0x7c,0x36,0x8d,0x77,0x9d,0x36,0x95,0x15,0x8d,0x15,0x8d,0x15,0x8d,0x56,0x9d,0x97,0xad,0x97,0xa5,0x97,0xa5,0x57,0x9d,
    0x36,0x85,0xf5,0x74,0x94,0x64,0x33,0x4c,0xb0,0x2b,0x2f,0x0b,0x8c,0x02,0x0a,0x02,0xc9,0x01,0x88,0x01,0x88,0x01,0xc8,0x01,
    0x0a,0x02,0x4b,0x02,0x8c,0x0a,0x2f,0x13,0xd1,0x3b,0x33,0x54,0x53,0x5c,0xb4,0x74,0x15,0x8d,0x56,0x9d,0x36,0x95,0xf5,0x84,
    0x93,0x6c,0x11,0x4c,0x90,0x2b,0x0e,0x23,0xcd,0x1a,0xac,0x0a,0x0e,0x0b,0xf2,0x33,0x73,0x64,0x74,0x64,0x74,0x5c,0x53,0x5c,
    0x12,0x44,0xd1,0x33,0x70,0x23,0x6f,0x1b,0x0e,0x13,0x2f,0x0b,0x4f,0x13,0x0f,0x0b,0xea,0x01,0x05,0x01,0xa4,0x08,0xa4,0x08,
    0xe5,0x00,0x05,0x01,0xe4,0x00,0xe5,0x00,0x46,0x01,0xc9,0x01,0x8d,0x02,0xee,0x12,0x4f,0x2b,0xb1,0x43,0xb1,0x43,0xb0,0x43,
    0x90,0x33,0x4f,0x23,0xad,0x12,0x6c,0x02,0x6c,0x0a,0x2a,0x02,0xc9,0x01,0x88,0x01,0x67,0x01,0x67,0x01,0x68,0x09,0x88,0x01,
    0xa8,0x01,0x67,0x01,0x87,0x01,0x2a,0x02,0x94,0x64,0xd5,0x7c,0xf5,0x84,0xf5,0x84,0xf5,0x84,0xf5,0x84,0x35,0x8d,0x36,0x95,
    0x77,0x9d,0x97,0xad,0xb8,0xb5,0x98,0xad,0x77,0x95,0x36,0x85,0xf5,0x7c,0xf5,0x74,0xf6,0x7c,0x36,0x8d,0x57,0x95,0x36,0x8d,
    0xd5,0x6c,0x53,0x4c,0x53,0x4c,0xb5,0x6c,0x16,0x7d,0xf5,0x7c,0xb4,0x64,0x90,0x23,0x6b,0x0a,0xc8,0x01,0xed,0x22,0x73,0x6c,
    0x15,0x85,0x16,0x8d,0xb4,0x74,0x52,0x5c,0x32,0x5c,0x52,0x5c,0x74,0x6c,0xb3,0x6c,0x73,0x6c,0x93,0x6c,0xb4,0x84,0x55,0xa5,
    0x97,0xb5,0x97,0xbd,0x96,0xb5,0x76,0xb5,0x56,0xa5,0x35,0x9d,0x15,0x85,0xb5,0x64,0x94,0x64,0x74,0x54,0x12,0x44,0xb1,0x23,
    0x50,0x13,0x2f,0x0b,0x0f,0x0b,0x4f,0x1b,0x12,0x4c,0xf2,0x3b,0x0e,0x0b,0x0a,0x02,0xa8,0x01,0xc9,0x01,0x2a,0x02,0x4b,0x02,
    0x6c,0x02,0x8c,0x02,0xcd,0x0a,0xce,0x02,0x0e,0x0b,0x4f,0x13,0x91,0x23,0x12,0x44,0x94,0x5c,0xf6,0x7c,0x36,0x95,0x56,0x95,
    0x36,0x8d,0x36,0x95,0x15,0x8d,0xb4,0x74,0x94,0x6c,0x93,0x74,0xb4,0x7c,0xf5,0x8c,0x56,0x9d,0x56,0x9d,0x56,0x9d,0x77,0xa5,
    0x77,0xa5,0x57,0x9d,0x16,0x85,0xf5,0x6c,0x94,0x6c,0x74,0x5c,0x32,0x4c,0x12,0x44,0xd2,0x33,0xd1,0x3b,0xb1,0x33,0xb0,0x33,
    0x70,0x2b,0x6f,0x23,0x4f,0x2b,0x90,0x2b,0x12,0x44,0x33,0x54,0x73,0x5c,0x94,0x6c,0x16,0x85,0x36,0x95,0x16,0x8d,0x16,0x95,
    0x77,0x9d,0x97,0xad,0x98,0xad,0xb7,0xad,0x77,0xa5,0x36,0x9d,0x15,0x85,0xd5,0x7c,0x73,0x6c,0x12,0x4c,0xf2,0x3b,0x12,0x44,
    0x53,0x54,0x53,0x5c,0x73,0x54,0x33,0x4c,0xb1,0x2b,0x70,0x1b,0xb1,0x2b,0xb1,0x33,0x4f,0x1b,0xee,0x0a,0xcd,0x0a,0x6c,0x02,
    0xa8,0x01,0x46,0x01,0x26,0x01,0x46,0x01,0x46,0x01,0x67,0x01,0x87,0x01,0x2b,0x0a,0xee,0x0a,0xce,0x02,0x4a,0x02,0xa8,0x01,
    0x87,0x01,0xa8,0x09,0xc8,0x09,0x09,0x0a,0x4b,0x12,0xac,0x12,0x8c,0x12,0x2a,0x02,0xa8,0x01,0x26,0x09,0xe4,0x08,0xa4,0x00,
    0xe5,0x08,0xe5,0x00,0x05,0x01,0x46,0x01,0xa8,0x01,0xe9,0x09,0x4b,0x02,0x0e,0x1b,0x15,0x8d,0x77,0x9d,0x77,0x9d,0x76,0x9d,
    0x36,0x95,0x15,0x8d,0x15,0x8d,0x56,0x9d,0x97,0xad,0x97,0xa5,0x77,0x95,0x16,0x85,0xd4,0x6c,0x94,0x5c,0x94,0x64,0xd5,0x6c,
    0x36,0x85,0x36,0x8d,0xf5,0x74,0x33,0x4c,0xb0,0x2b,0xf2,0x33,0x73,0x5c,0xd5,0x6c,0xd5,0x6c,0x53,0x4c,0xed,0x1a,0xc9,0x01,
    0xc8,0x01,0x6b,0x12,0xf1,0x4b,0xd5,0x7c,0x15,0x8d,0xd4,0x7c,0x73,0x74,0xb4,0x7c,0x16,0x95,0x76,0xa5,0x77,0xa5,0x56,0x9d,
    0x15,0x8d,0xf5,0x7c,0x16,0x8d,0x36,0x95,0xf4,0x84,0x93,0x7c,0x32,0x64,0xf1,0x4b,0x12,0x44,0x53,0x5c,0x94,0x64,0xb4,0x64,
    0xb4,0x64,0xb5,0x6c,0x74,0x5c,0xb1,0x23,0x8c,0x02,0xe9,0x01,0x09,0x02,0x2f,0x1b,0xf2,0x3b,0xf2,0x3b,0x8c,0x02,0xa8,0x01,
    0xa8,0x01,0x4b,0x02,0xcd,0x02,0xae,0x02,0xad,0x02,0xee,0x02,0x0f,0x0b,0x50,0x13,0x70,0x1b,0x91,0x23,0x90,0x23,0xf2,0x3b,
    0x94,0x64,0x36,0x8d,0x77,0x9d,0x77,0xa5,0x57,0x9d,0x15,0x85,0x12,0x54,0xcc,0x2a,0x2a,0x22,0x09,0x1a,0x49,0x1a,0xec,0x2a,
    0x8f,0x4b,0xd0,0x5b,0x32,0x64,0x73,0x74,0xb3,0x7c,0x73,0x64,0x33,0x4c,0xf2,0x3b,0xd1,0x33,0xd1,0x33,0xb1,0x2b,0xd2,0x33,
    0xf2,0x43,0x53,0x5c,0xd5,0x74,0x16,0x85,0x36,0x8d,0x15,0x8d,0xf5,0x84,0xd5,0x7c,0xd5,0x7c,0xd5,0x7c,0x94,0x6c,0x73,0x5c,
    0x32,0x5c,0x32,0x64,0x11,0x5c,0x11,0x5c,0x52,0x6c,0x73,0x74,0xb3,0x7c,0xd4,0x8c,0x15,0x8d,0x36,0x95,0x36,0x9d,0x56,0x9d,
    0x56,0x95,0xf5,0x84,0x94,0x74,0x53,0x5c,0x32,0x4c,0x12,0x44,0xf2,0x43,0xb0,0x33,0x70,0x13,0x0e,0x0b,0xcd,0x0a,0xad,0x0a,
    0x2a,0x02,0x67,0x01,0x26,0x01,0x46,0x01,0xe9,0x01,0xcd,0x12,0x4f,0x2b,0x90,0x33,0x90,0x3b,0x2f,0x2b,0xac,0x0a,0xcd,0x0a,
    0x2e,0x13,0x8c,0x02,0xa9,0x01,0x46,0x01,0x06,0x01,0x05,0x01,0xe5,0x00,0x05,0x01,0x46,0x01,0xa8,0x01,0x0a,0x02,0x2a,0x02,
    0x0a,0x02,0x88,0x01,0x05,0x01,0xc4,0x00,0x83,0x00,0xa4,0x00,0xe5,0x00,0x67,0x01,0xea,0x01,0x6c,0x02,0xed,0x1a,0x4f,0x2b,
    0x77,0x9d,0x97,0xad,0x97,0xad,0x76,0x9d,0x56,0x9d,0x36,0x9d,0x35,0x9d,0x77,0x9d,0x77,0xa5,0x56,0x8d,0xf6,0x7c,0xb4,0x6c,
    0x73,0x5c,0x73,0x64,0xb5,0x6c,0xb4,0x6c,0xb4,0x64,0x33,0x4c,0xb0,0x23,0x70,0x1b,0xf1,0x33,0x73,0x5c,0xb5,0x6c,0xb5,0x6c,
    0x53,0x4c,0x0d,0x0b,0x2a,0x02,0x8b,0x12,0x4f,0x33,0x32,0x64,0xf5,0x8c,0x36,0x8d,0xf5,0x7c,0xb3,0x74,0xd4,0x7c,0x35,0x95,
    0x77,0xad,0xb7,0xb5,0xb8,0xbd,0xb8,0xb5,0x77,0xa5,0x57,0x9d,0x36,0x8d,0x16,0x7d,0x74,0x64,0xd1,0x2b,0xcd,0x02,0x4b,0x02,
    0x8c,0x02,0x2f,0x1b,0x12,0x44,0x94,0x64,0x95,0x64,0x53,0x54,0xf2,0x33,0x91,0x23,0x0e,0x13,0x6b,0x02,0xee,0x0a,0x90,0x2b,
    0x70,0x23,0x4b,0x12,0x88,0x01,0xa8,0x01,0xea,0x01,0x6b,0x02,0x8d,0x02,0x6c,0x02,0x8c,0x02,0xad,0x02,0xee,0x02,0x4f,0x13,
    0x50,0x13,0x70,0x1b,0xb1,0x2b,0x33,0x4c,0xf5,0x74,0x36,0x8d,0x15,0x8d,0x93,0x6c,0xb0,0x3b,0xed,0x1a,0xa8,0x01,0xe5,0x00,
    0xc4,0x00,0xc4,0x00,0xc4,0x00,0xe5,0x00,0x46,0x01,0xc9,0x09,0x2a,0x12,0x6b,0x12,0x4b,0x12,0x2a,0x0a,0xe9,0x09,0xc8,0x01,
    0xc9,0x01,0xc9,0x01,0xe9,0x01,0x2a,0x02,0x0e,0x13,0x12,0x54,0xd5,0x7c,0x36,0x95,0x36,0x8d,0xd5,0x7c,0x52,0x64,0xd1,0x43,
    0x4e,0x2b,0xed,0x22,0x8b,0x1a,0x0a,0x12,0xc8,0x11,0x87,0x09,0xa7,0x09,0x88,0x09,0xc8,0x11,0xe9,0x11,0x4a,0x12,0xed,0x22,
    0xd0,0x3b,0x93,0x74,0x16,0x8d,0x36,0x9d,0x36,0x95,0xf5,0x8c,0xb3,0x7c,0xb4,0x74,0x94,0x74,0x53,0x5c,0xd1,0x43,0x90,0x2b,
    0x2f,0x1b,0xee,0x02,0x8c,0x02,0x2b,0x02,0x2a,0x02,0x09,0x0a,0xa8,0x01,0x2a,0x0a,0x70,0x23,0x94,0x64,0xb4,0x74,0x73,0x6c,
    0x33,0x5c,0x90,0x3b,0xac,0x12,0x2a,0x02,0x0a,0x02,0xc8,0x01,0xc9,0x01,0x6b,0x0a,0xed,0x1a,0xed,0x22,0xac,0x22,0x8c,0x12,
    0x8c,0x12,0xed,0x1a,0x2f,0x2b,0x90,0x3b,0x6f,0x33,0x0e,0x1b,0x6b,0x12,0xe9,0x09,0xa8,0x09,0xc8,0x09,0xc9,0x09,0x2a,0x02,
    0xac,0x0a,0x0e,0x1b,0x2f,0x2b,0x0d,0x1b,0x97,0xad,0xb7,0xb5,0xb7,0xb5,0x97,0xa5,0x77,0xa5,0x56,0x9d,0x56,0x9d,0x56,0x9d,
    0x35,0x9d,0xf5,0x84,0xb4,0x64,0x53,0x54,0x53,0x5c,0x53,0x5c,0x52,0x5c,0x33,0x4c,0xf2,0x3b,0xd1,0x2b,0x11,0x3c,0x53,0x5c,
    0xd5,0x74,0x16,0x7d,0x16,0x7d,0xd5,0x74,0x72,0x5c,0x11,0x54,0x32,0x6c,0x93,0x74,0xf5,0x8c,0x36,0x9d,0x97,0xa5,0x76,0xa5,
    0x56,0x9d,0x15,0x95,0x15,0x95,0x36,0x9d,0x97,0xad,0x97,0xb5,0xb7,0xb5,0x76,0xad,0x77,0xa5,0x77,0x95,0x36,0x85,0xd5,0x74,
    0x94,0x5c,0xd1,0x2b,0xee,0x02,0x2b,0x02,0x09,0x02,0xcd,0x0a,0xd1,0x33,0x53,0x4c,0x33,0x44,0x91,0x1b,0x0e,0x0b,0xee,0x0a,
    0x4f,0x13,0x0e,0x0b,0x0f,0x13,0xcd,0x12,0xa8,0x01,0x05,0x01,0x47,0x01,0x88,0x01,0xc9,0x01,0x0a,0x02,0xea,0x09,0x0a,0x02,
    0x4b,0x02,0x4b,0x02,0x0a,0x02,0xe9,0x01,0x09,0x02,0x4b,0x02,0xee,0x0a,0x12,0x44,0x94,0x74,0x73,0x6c,0x6f,0x43,0xe9,0x09,
    0x25,0x01,0x06,0x01,0xe5,0x00,0xe4,0x00,0xa4,0x08,0xa4,0x00,0xa4,0x08,0xa4,0x00,0xe5,0x00,0x06,0x01,0x46,0x01,0x26,0x01,
    0x26,0x01,0x05,0x01,0x26,0x01,0x05,0x01,0x26,0x01,0x67,0x01,0xe9,0x01,0xad,0x0a,0x6f,0x2b,0xf2,0x4b,0x12,0x4c,0xd0,0x43,
    0x0d,0x33,0x6a,0x22,0xa8,0x11,0x46,0x01,0x05,0x01,0xc5,0x00,0xc4,0x00,0xa4,0x00,0xc4,0x00,0xe5,0x00,0x05,0x01,0xe5,0x00,
    0x05,0x01,0x06,0x01,0x88,0x01,0x4b,0x02,0x30,0x0b,0xd2,0x3b,0x52,0x5c,0x53,0x64,0x52,0x5c,0x53,0x5c,0x53,0x5c,0x93,0x6c,
    0x94,0x74,0xb4,0x74,0x73,0x64,0x52,0x64,0xf1,0x4b,0xb0,0x3b,0x4f,0x1b,0x4f,0x1b,0x70,0x1b,0x2f,0x13,0xee,0x0a,0x4f,0x1b,
    0xf2,0x3b,0x12,0x4c,0x90,0x3b,0x2e,0x23,0x2e,0x23,0x2f,0x1b,0x0e,0x13,0xcd,0x0a,0x8c,0x02,0x8c,0x0a,0x4f,0x23,0x12,0x4c,
    0x33,0x5c,0xb0,0x43,0x2f,0x2b,0x2f,0x23,0x4f,0x2b,0xb1,0x33,0x11,0x54,0x12,0x5c,0x12,0x54,0xb0,0x4b,0xb0,0x4b,0xb0,0x43,
    0xf1,0x4b,0xd1,0x4b,0x8f,0x3b,0x70,0x33,0x90,0x3b,0xb0,0x43,0x90,0x3b,0xd0,0x4b,0x56,0x9d,0x76,0xa5,0x77,0xad,0x77,0xa5,
    0x97,0xad,0x97,0xad,0x96,0xad,0x56,0x9d,0x15,0x95,0xf5,0x8c,0xf5,0x84,0xd4,0x7c,0x93,0x6c,0x53,0x64,0x32,0x5c,0x52,0x5c,
    0x93,0x64,0xd4,0x84,0x36,0x95,0x57,0x95,0x77,0x9d,0x57,0x95,0x56,0x95,0x35,0x95,0x16,0x95,0x15,0x95,0xd5,0x8c,0x15,0x95,
    0x36,0x9d,0x76,0xa5,0x97,0xad,0x98,0xad,0x97,0xad,0x77,0xa5,0x56,0xa5,0x35,0x95,0x15,0x95,0xf5,0x8c,0xb4,0x74,0x93,0x64,
    0x73,0x64,0x33,0x54,0x12,0x44,0xd1,0x2b,0x91,0x1b,0x90,0x1b,0xb1,0x2b,0x90,0x33,0x90,0x3b,0x32,0x54,0x54,0x54,0xb1,0x1b,
    0x0e,0x1b,0xac,0x02,0x4b,0x02,0x0a,0x02,0x09,0x02,0xe9,0x01,0xa8,0x01,0x47,0x01,0x47,0x01,0x87,0x01,0x67,0x01,0x68,0x01,
    0xc9,0x01,0xe9,0x01,0xe9,0x01,0xea,0x01,0xa9,0x01,0x47,0x01,0x05,0x01,0xc5,0x00,0x05,0x01,0x47,0x01,0xe9,0x01,0x2e,0x1b,
    0x4f,0x23,0xed,0x1a,0x87,0x01,0xc4,0x00,0xc4,0x08,0xa4,0x00,0xc4,0x08,0x83,0x00,0x83,0x00,0x83,0x08,0x83,0x00,0x83,0x08,
    0xa4,0x00,0xc4,0x08,0xc4,0x00,0xe5,0x00,0x26,0x01,0x87,0x01,0xe9,0x01,0xea,0x01,0xe9,0x01,0x2a,0x02,0xad,0x02,0x0f,0x13,
    0x0e,0x23,0xcc,0x1a,0x0a,0x0a,0x86,0x01,0x05,0x01,0xc4,0x00,0xe4,0x00,0xe5,0x00,0x26,0x01,0x46,0x01,0x88,0x01,0x0a,0x02,
    0x6b,0x02,0xad,0x0a,0xad,0x0a,0xad,0x0a,0x6c,0x02,0x2a,0x02,0x4b,0x0a,0x6c,0x02,0xad,0x02,0xcc,0x0a,0xad,0x02,0x8c,0x02,
    0xee,0x12,0x6f,0x13,0xd1,0x33,0x33,0x54,0xb4,0x6c,0xd4,0x7c,0xd5,0x84,0xf5,0x84,0xf5,0x84,0x94,0x7c,0x73,0x6c,0x12,0x54,
    0xb1,0x3b,0x2f,0x1b,0xcd,0x0a,0xcd,0x02,0xed,0x02,0xed,0x02,0xad,0x02,0xac,0x02,0xad,0x02,0x0f,0x03,0x90,0x23,0xd1,0x33,
    0xf2,0x3b,0x73,0x54,0x94,0x6c,0xf1,0x4b,0xed,0x2a,0x09,0x0a,0xa8,0x01,0xc8,0x01,0xc9,0x01,0x4a,0x0a,0xcd,0x22,0x0e,0x23,
    0x0e,0x2b,0x0e,0x23,0x0e,0x2b,0x6f,0x33,0xf1,0x53,0xf2,0x4b,0xd0,0x43,0x90,0x3b,0x6f,0x2b,0x2f,0x2b,0xd0,0x43,0x73,0x74,
    0xf4,0x8c,0x35,0x95,0x36,0xa5,0x56,0xa5,0x97,0xb5,0xb8,0xb5,0xb7,0xb5,0x77,0xad,0x35,0x9d,0x35,0x9d,0x56,0xa5,0x76,0xa5,
    0x76,0xa5,0x15,0x95,0xf4,0x84,0xf5,0x8c,0x36,0x9d,0x97,0xad,0xb8,0xb5,0xb7,0xad,0x97,0xa5,0x76,0x9d,0x57,0xa5,0x56,0x9d,
    0xf5,0x8c,0x92,0x74,0x31,0x6c,0x93,0x7c,0x35,0x9d,0x36,0x9d,0x55,0x9d,0x76,0xa5,0x77,0x9d,0xf4,0x8c,0x11,0x5c,0x6f,0x3b,
    0x6f,0x33,0x2e,0x23,0xee,0x0a,0xce,0x0a,0xad,0x02,0xac,0x02,0xad,0x02,0xad,0x02,0x0e,0x03,0x70,0x1b,0x33,0x54,0x74,0x64,
    0x53,0x54,0x53,0x54,0xb0,0x2b,0x2b,0x02,0x46,0x01,0x47,0x01,0x67,0x01,0x87,0x01,0x06,0x01,0xe5,0x00,0xe5,0x00,0x05,0x01,
    0x47,0x01,0x47,0x01,0x27,0x09,0x26,0x01,0x67,0x01,0x68,0x09,0x88,0x01,0x67,0x01,0x26,0x01,0x25,0x01,0x26,0x09,0x46,0x01,
    0x87,0x01,0xc9,0x01,0x4b,0x02,0xad,0x02,0xad,0x02,0x2b,0x02,0x67,0x01,0x06,0x01,0xe5,0x00,0xe5,0x00,0xe5,0x00,0xa4,0x00,
    0xa3,0x08,0x83,0x00,0x83,0x08,0x83,0x00,0xa4,0x00,0xa4,0x08,0xc4,0x00,0xe5,0x00,0x06,0x01,0x87,0x01,0xea,0x01,0x0a,0x02,
    0x09,0x02,0x2b,0x0a,0x6b,0x02,0x6b,0x02,0x4b,0x02,0x6b,0x0a,0x6b,0x0a,0xad,0x12,0xcd,0x1a,0xee,0x1a,0xed,0x12,0xcd,0x0a,
    0x0f,0x0b,0x4f,0x1b,0x50,0x13,0x91,0x0b,0xb1,0x13,0x91,0x23,0x50,0x13,0x0e,0x0b,0x8c,0x02,0x2b,0x02,0xea,0x01,0xc9,0x01,
    0xa8,0x01,0x88,0x01,0xa8,0x01,0xea,0x01,0x2b,0x02,0xad,0x02,0xee,0x0a,0x70,0x23,0xf2,0x4b,0x73,0x74,0xb4,0x7c,0xb4,0x7c,
    0x93,0x74,0x52,0x6c,0x93,0x74,0x73,0x6c,0x12,0x54,0xb0,0x3b,0x90,0x33,0x4f,0x23,0x90,0x23,0xb1,0x33,0xb1,0x2b,0xb1,0x2b,
    0xd1,0x3b,0x12,0x4c,0x32,0x5c,0x73,0x64,0xb4,0x7c,0x15,0x95,0xd5,0x84,0xb0,0x43,0x8b,0x12,0x8b,0x22,0xcd,0x2a,0x6b,0x12,
    0xa8,0x09,0x26,0x01,0x26,0x01,0x26,0x01,0x46,0x01,0x46,0x01,0x67,0x01,0x87,0x01,0xe9,0x09,0x09,0x0a,0xe9,0x09,0x09,0x02,
    0x0a,0x02,0x4b,0x02,0xee,0x12,0x2e,0x2b,0xb4,0x7c,0xb4,0x7c,0xd4,0x7c,0xd3,0x84,0xf4,0x94,0x35,0x9d,0x76,0xad,0x76,0xa5,
    0x77,0xa5,0x96,0xad,0xb7,0xb5,0xd8,0xbd,0xd8,0xbd,0x97,0xb5,0x56,0x9d,0x36,0x9d,0x56,0x9d,0x77,0xa5,0x97,0xad,0x77,0xa5,
    0x76,0xa5,0x77,0xa5,0x97,0xad,0x56,0x95,0x92,0x74,0xaf,0x43,0x4e,0x3b,0x11,0x5c,0x15,0x95,0x56,0x9d,0x15,0x95,0x15,0x8d,
    0xb4,0x74,0x4f,0x1b,0xc9,0x01,0x88,0x01,0x87,0x01,0xa8,0x01,0xe9,0x01,0x2a,0x02,0x4b,0x02,0x6c,0x02,0xac,0x02,0xcd,0x02,
    0xcd,0x02,0xce,0x0a,0x2e,0x1b,0x0e,0x1b,0x8c,0x12,0xe9,0x09,0x67,0x01,0x05,0x01,0xe5,0x00,0xe5,0x00,0x05,0x01,0x68,0x01,
    0x46,0x01,0xe5,0x00,0xc5,0x00,0x05,0x01,0x05,0x01,0x05,0x01,0x05,0x01,0x05,0x01,0x06,0x01,0x05,0x01,0x26,0x01,0x26,0x01,
    0x67,0x01,0xc9,0x01,0xea,0x01,0x6c,0x02,0xee,0x0a,0x0f,0x0b,0xcd,0x0a,0xad,0x02,0xac,0x0a,0x2b,0x02,0xa8,0x01,0x47,0x01,
    0x47,0x01,0x46,0x01,0x26,0x01,0xe5,0x00,0xa4,0x00,0xa4,0x08,0x83,0x00,0xa4,0x00,0x83,0x08,0xa3,0x00,0xa4,0x08,0xa4,0x00,
    0xe5,0x00,0x88,0x01,0x6b,0x0a,0xac,0x0a,0xcd,0x0a,0xee,0x0a,0x0e,0x13,0x2f,0x1b,0x4f,0x2b,0xb1,0x33,0xd2,0x33,0xf2,0x33,
    0x33,0x44,0x33,0x4c,0xb1,0x2b,0x0f,0x0b,0x0e,0x0b,0x0e,0x13,0xce,0x0a,0xac,0x0a,0x2a,0x02,0xc8,0x01,0x67,0x01,0x26,0x01,
    0x05,0x01,0xe5,0x00,0xe5,0x00,0xe5,0x00,0xe5,0x00,0xe5,0x00,0x26,0x01,0x26,0x01,0x46,0x01,0x46,0x01,0x47,0x01,0x87,0x01,
    0xe9,0x01,0x4b,0x1a,0xac,0x22,0xac,0x22,0xac,0x1a,0xac,0x22,0x2e,0x23,0x6f,0x2b,0xd1,0x33,0x33,0x54,0x74,0x64,0x94,0x6c,
    0xd4,0x7c,0xb4,0x74,0x53,0x5c,0xb4,0x7c,0xd5,0x7c,0x93,0x6c,0x53,0x5c,0x32,0x5c,0x73,0x64,0xd4,0x74,0x94,0x74,0x11,0x54,
    0xd1,0x4b,0x73,0x6c,0xd4,0x7c,0x73,0x74,0xb0,0x43,0xed,0x22,0x6b,0x12,0xe9,0x09,0x25,0x01,0xa4,0x00,0x83,0x08,0xa4,0x00,
    0xa4,0x00,0xa4,0x00,0xe5,0x00,0x06,0x01,0x87,0x01,0xe9,0x01,0x6c,0x02,0x6c,0x02,0x15,0x8d,0xd4,0x84,0xb3,0x74,0x52,0x6c,
    0x11,0x64,0x51,0x74,0x14,0x9d,0x77,0xad,0x97,0xad,0xb8,0xb5,0xd8,0xbd,0xd8,0xc5,0xf8,0xc5,0xb8,0xbd,0x97,0xad,0x96,0xa5,
    0x76,0xa5,0x76,0xa5,0x76,0xa5,0x56,0x9d,0x56,0x9d,0x77,0x9d,0x76,0xa5,0x36,0x95,0xb4,0x7c,0xf1,0x53,0xee,0x32,0x0d,0x33,
    0x52,0x74,0x35,0xa5,0x77,0xad,0x36,0x8d,0xd1,0x2b,0xe9,0x01,0x47,0x01,0x46,0x01,0x26,0x01,0x47,0x01,0xa8,0x01,0x2b,0x02,
    0xcd,0x02,0x0f,0x0b,0x2f,0x0b,0xce,0x02,0x2b,0x02,0xc8,0x01,0x47,0x01,0x05,0x01,0xc4,0x00,0xa4,0x00,0xa4,0x00,0xe5,0x00,
    0x05,0x01,0x26,0x01,0x26,0x01,0x68,0x01,0xa8,0x01,0x47,0x01,0xe5,0x08,0xe5,0x00,0xe5,0x00,0xe5,0x08,0xe5,0x00,0xe5,0x00,
    0x05,0x01,0xe5,0x00,0x26,0x01,0x88,0x01,0xa8,0x09,0xe9,0x01,0x0b,0x02,0xad,0x02,0xee,0x0a,0x8c,0x02,0xe9,0x01,0xa8,0x01,
    0xa8,0x01,0xc9,0x01,0x67,0x01,0x47,0x09,0x46,0x01,0x47,0x01,0x06,0x01,0xe5,0x08,0xa3,0x00,0xa4,0x08,0xa3,0x00,0x83,0x08,
    0x83,0x00,0x83,0x08,0xa4,0x00,0x46,0x01,0xe9,0x01,0xcd,0x02,0xee,0x0a,0xcd,0x12,0x6b,0x0a,0x4b,0x0a,0x2a,0x0a,0x0a,0x0a,
    0x0a,0x0a,0x2a,0x0a,0x0a,0x0a,0x2a,0x0a,0x6b,0x12,0x4b,0x0a,0xe9,0x01,0x46,0x01,0x26,0x01,0x26,0x01,0x05,0x01,0xc4,0x00,
    0xa4,0x00,0x83,0x00,0x83,0x08,0x83,0x00,0x63,0x08,0x83,0x00,0x83,0x08,0xa3,0x08,0xa4,0x00,0xa3,0x08,0xa4,0x00,0xc4,0x08,
    0xc4,0x00,0xe5,0x00,0xc4,0x00,0xe5,0x08,0xe5,0x00,0xe5,0x00,0x05,0x01,0x26,0x01,0x46,0x01,0x47,0x01,0x67,0x01,0xa8,0x01,
    0x0a,0x02,0xad,0x12,0x90,0x33,0x32,0x54,0x94,0x6c,0x94,0x6c,0x94,0x74,0xd5,0x7c,0x53,0x5c,0x2e,0x23,0x4b,0x12,0x2a,0x0a,
    0x2a,0x12,0x4a,0x1a,0x4a,0x1a,0x4a,0x1a,0x6b,0x12,0xed,0x2a,0x6f,0x3b,0xb0,0x43,0x90,0x3b,0x4f,0x33,0x70,0x33,0x70,0x33,
    0xed,0x22,0x09,0x0a,0x87,0x01,0x47,0x01,0x67,0x01,0xe9,0x09,0x6b,0x0a,0x8c,0x0a,0x6c,0x0a,0xcd,0x0a,0xb0,0x3b,0x12,0x4c,
    0x56,0xa5,0x56,0x9d,0x35,0x95,0xf4,0x94,0xd4,0x8c,0xf4,0x94,0x76,0xb5,0xd7,0xc5,0xd8,0xbd,0xb7,0xbd,0xb7,0xbd,0xb7,0xb5,
    0xb7,0xbd,0xd7,0xbd,0xb8,0xbd,0xb8,0xb5,0xb7,0xad,0x98,0xa5,0x77,0xa5,0x56,0x95,0x16,0x8d,0x15,0x85,0x16,0x8d,0x36,0x8d,
    0x74,0x64,0x0d,0x1b,0xa7,0x01,0xc9,0x01,0xf0,0x6b,0x97,0xb5,0xb8,0xad,0xd4,0x6c,0xad,0x0a,0x87,0x01,0x26,0x01,0x06,0x01,
    0x26,0x01,0x46,0x01,0xa8,0x01,0x4c,0x02,0x0e,0x0b,0x50,0x03,0x50,0x0b,0xad,0x02,0xe9,0x01,0x47,0x01,0x26,0x01,0xe5,0x00,
    0xe5,0x00,0xc4,0x00,0xc4,0x08,0xe5,0x00,0x06,0x01,0x67,0x09,0xa8,0x01,0xc9,0x01,0xe9,0x01,0xa9,0x01,0x46,0x01,0x26,0x01,
    0x26,0x01,0x26,0x01,0x26,0x01,0x05,0x01,0xe6,0x00,0x26,0x01,0xa8,0x09,0xa8,0x01,0x67,0x01,0x46,0x01,0x67,0x01,0xa8,0x01,
    0xa8,0x01,0x67,0x01,0x05,0x01,0x06,0x01,0x26,0x01,0x46,0x01,0x06,0x01,0x05,0x01,0xe5,0x00,0xc5,0x08,0xa4,0x00,0xa4,0x00,
    0xa4,0x08,0xa3,0x00,0xa4,0x00,0xc5,0x00,0x05,0x01,0x47,0x01,0x0a,0x02,0x8c,0x0a,0x8c,0x02,0x2a,0x02,0xc9,0x01,0x46,0x01,
    0xe5,0x00,0xc4,0x00,0xc4,0x00,0xc4,0x00,0xc4,0x00,0xc4,0x00,0xc4,0x00,0xc4,0x00,0xc4,0x00,0xa4,0x00,0xa4,0x00,0xc4,0x08,
    0xc4,0x00,0xa4,0x08,0x83,0x00,0x84,0x00,0x83,0x08,0x83,0x00,0x83,0x08,0x83,0x00,0x83,0x08,0x83,0x00,0x83,0x08,0x83,0x00,
    0x83,0x08,0xa3,0x00,0x83,0x08,0x83,0x00,0xa4,0x08,0xa4,0x00,0xa4,0x08,0xc4,0x00,0xc4,0x00,0xe4,0x00,0xe5,0x00,0x05,0x01,
    0x26,0x01,0x67,0x01,0x88,0x01,0x88,0x01,0x67,0x01,0x67,0x01,0xa8,0x01,0x2a,0x0a,0xac,0x12,0x2e,0x23,0xb0,0x3b,0xd0,0x33,
    0xee,0x0a,0xc8,0x01,0xe5,0x00,0xc4,0x00,0x83,0x00,0x84,0x00,0xa3,0x00,0x84,0x00,0xa4,0x00,0xc4,0x00,0x26,0x01,0x47,0x01,
    0x88,0x01,0xe9,0x01,0x4a,0x0a,0x0e,0x2b,0x50,0x2b,0x0e,0x2b,0xcd,0x12,0xac,0x02,0xcd,0x0a,0x0e,0x13,0x0f,0x1b,0xcd,0x0a,
    0x8c,0x02,0xcd,0x12,0x2e,0x3b,0x2e,0x3b,0x15,0x95,0x56,0x9d,0x77,0xad,0x77,0xad,0x77,0xad,0x76,0xb5,0x97,0xb5,0x96,0xbd,
    0x56,0xad,0x15,0x95,0x15,0x95,0xf5,0x8c,0x15,0x95,0x97,0xad,0xd8,0xb5,0xb8,0xad,0x98,0xa5,0x97,0xa5,0x77,0x9d,0x57,0x8d,
    0x16,0x7d,0xf5,0x7c,0xf6,0x74,0xd5,0x6c,0x12,0x3c,0x70,0x23,0x4f,0x2b,0xf1,0x4b,0x16,0x8d,0x97,0xb5,0x56,0x95,0xf1,0x2b,
    0x4c,0x02,0x87,0x01,0x26,0x01,0x05,0x09,0x06,0x01,0x47,0x01,0xc9,0x09,0x4b,0x02,0xcd,0x02,0xee,0x02,0x8c,0x02,0x0a,0x02,
    0xa8,0x01,0x87,0x01,0xa8,0x01,0xc9,0x01,0xa9,0x01,0x68,0x01,0x67,0x01,0x46,0x01,0x47,0x01,0x67,0x01,0x88,0x01,0xa9,0x01,
    0xc9,0x09,0x0a,0x02,0x4b,0x02,0x6c,0x02,0x4b,0x02,0xa9,0x01,0x47,0x01,0x05,0x01,0xe5,0x08,0x67,0x01,0xa9,0x01,0x87,0x01,
    0xc5,0x00,0xc4,0x00,0xe5,0x00,0x26,0x01,0xe5,0x00,0xc4,0x08,0xa4,0x00,0xc4,0x08,0xc4,0x08,0xa4,0x00,0xa4,0x00,0xa3,0x08,
    0xa4,0x00,0xe4,0x00,0x05,0x01,0x26,0x01,0x26,0x01,0x26,0x01,0x88,0x01,0xc9,0x01,0x0a,0x02,0x2b,0x0a,0x8c,0x02,0x2b,0x02,
    0x88,0x01,0x46,0x01,0x06,0x01,0x05,0x01,0xe5,0x00,0x05,0x01,0xc5,0x00,0xe5,0x00,0xe4,0x00,0xe5,0x00,0xc4,0x00,0xc4,0x00,
    0xa4,0x00,0xc4,0x00,0xa4,0x00,0xc4,0x00,0xc4,0x08,0xa4,0x00,0xa4,0x08,0x83,0x00,0x83,0x08,0x83,0x00,0x83,0x00,0x83,0x08,
    0x83,0x00,0x83,0x08,0x83,0x00,0x83,0x08,0x63,0x00,0x83,0x08,0x83,0x00,0x83,0x08,0x63,0x00,0x82,0x08,0x63,0x00,0x83,0x08,
    0x83,0x00,0x83,0x08,0xa4,0x08,0xa4,0x00,0xe5,0x00,0x26,0x01,0x67,0x01,0xa8,0x09,0xc9,0x01,0x4b,0x02,0xac,0x12,0xcd,0x12,
    0xed,0x12,0x0e,0x1b,0x6f,0x2b,0x4f,0x23,0x0e,0x13,0x6c,0x0a,0x2a,0x0a,0xe9,0x01,0xa8,0x01,0x05,0x01,0xc5,0x00,0xa3,0x00,
    0x83,0x08,0x83,0x08,0xa3,0x00,0xa4,0x08,0xe5,0x00,0x26,0x01,0x68,0x01,0xa8,0x01,0xe9,0x09,0xc9,0x01,0xc9,0x01,0xa8,0x01,
    0xa8,0x01,0xa7,0x01,0x46,0x01,0x05,0x01,0x05,0x01,0xe5,0x00,0xe5,0x08,0xe4,0x08,0xf2,0x3b,0x74,0x5c,0xb4,0x6c,0xb4,0x6c,
    0x73,0x6c,0x73,0x64,0x52,0x64,0x32,0x5c,0xf1,0x3b,0x90,0x2b,0x4e,0x23,0xb0,0x2b,0x94,0x6c,0x57,0x8d,0x77,0x95,0x57,0x8d,
    0x36,0x85,0x36,0x85,0x16,0x85,0xf5,0x7c,0xd5,0x74,0xf6,0x7c,0xf5,0x7c,0x94,0x64,0x53,0x44,0x33,0x4c,0x74,0x64,0xf5,0x7c,
    0x36,0x95,0xf5,0x7c,0x12,0x3c,0xee,0x02,0x2b,0x02,0xc9,0x01,0xa8,0x01,0x87,0x01,0xa8,0x01,0xea,0x01,0x2a,0x02,0x4b,0x02,
    0x4c,0x02,0x0a,0x02,0xc8,0x01,0xc9,0x01,0xea,0x01,0xc9,0x09,0xc9,0x01,0xc9,0x01,0xa8,0x09,0xa8,0x01,0xa8,0x01,0xa9,0x01,
    0x88,0x01,0x67,0x01,0x26,0x01,0x26,0x01,0xa8,0x01,0xad,0x0a,0xb1,0x23,0xb1,0x1b,0x0f,0x0b,0xc9,0x01,0x05,0x01,0xc5,0x00,
    0x47,0x01,0x2a,0x02,0x2b,0x02,0x67,0x01,0xe5,0x00,0xc5,0x00,0xe5,0x00,0xc5,0x00,0xc4,0x08,0xa4,0x00,0xa4,0x00,0xa4,0x00,
    0xa4,0x00,0xa4,0x08,0x05,0x01,0x67,0x01,0x0a,0x02,0x6c,0x02,0xad,0x0a,0x6c,0x02,0x2a,0x02,0xea,0x01,0x0a,0x02,0x2b,0x0a,
    0x2a,0x02,0xc9,0x01,0xa8,0x01,0x47,0x01,0x26,0x01,0x26,0x01,0x06,0x01,0x05,0x01,0xe5,0x00,0xe5,0x00,0xc4,0x08,0xc4,0x00,
    0xc4,0x08,0xc5,0x00,0xc4,0x08,0xc5,0x00,0xc4,0x00,0xc4,0x08,0xc4,0x00,0xc5,0x08,0xc4,0x00,0xc5,0x00,0xe4,0x00,0xa4,0x00,
    0x83,0x00,0x83,0x08,0x83,0x00,0x83,0x00,0x63,0x08,0x83,0x00,0x63,0x08,0x83,0x00,0x83,0x08,0x83,0x00,0x63,0x00,0x83,0x08,
    0x83,0x00,0x63,0x08,0x83,0x00,0x83,0x00,0x83,0x08,0x83,0x00,0xa4,0x00,0xa4,0x00,0xa4,0x08,0xa4,0x00,0x05,0x01,0xa8,0x01,
    0xce,0x12,0x12,0x44,0x94,0x6c,0xb4,0x6c,0x94,0x6c,0x74,0x6c,0x32,0x5c,0x12,0x5c,0x33,0x64,0x53,0x64,0x73,0x64,0x33,0x54,
    0xb1,0x43,0x0e,0x23,0x6b,0x12,0xa8,0x01,0x46,0x01,0xe5,0x00,0xa4,0x00,0xc4,0x00,0xa4,0x00,0xe5,0x00,0x25,0x01,0x26,0x01,
    0xe5,0x00,0xc4,0x00,0xe5,0x00,0xe5,0x00,0xe5,0x08,0xa4,0x00,0x83,0x08,0x63,0x00,0x83,0x08,0x83,0x00,0xa4,0x00,0xc4,0x00,
    0x2f,0x0b,0x2f,0x0b,0x0e,0x0b,0xad,0x0a,0xac,0x02,0x6c,0x02,0x6b,0x02,0x4b,0x02,0xea,0x01,0xe9,0x01,0x6b,0x02,0xf1,0x4b,
    0x36,0x8d,0x77,0x95,0x36,0x85,0xd5,0x6c,0xb4,0x64,0x74,0x54,0xf1,0x3b,0xd1,0x2b,0xd1,0x33,0x32,0x44,0x33,0x4c,0xd1,0x33,
    0x90,0x1b,0x90,0x1b,0xd1,0x2b,0x53,0x54,0xb5,0x64,0x12,0x34,0x0f,0x03,0x2a,0x02,0xa8,0x01,0x88,0x01,0xc9,0x09,0x0a,0x02,
    0x0a,0x02,0x0a,0x02,0x2b,0x02,0x8c,0x0a,0xac,0x02,0x4b,0x0a,0x0a,0x02,0xc9,0x01,0xc8,0x01,0x67,0x01,0x26,0x01,0x26,0x01,
    0x46,0x01,0x47,0x01,0x26,0x01,0x47,0x01,0x67,0x09,0x67,0x01,0xc9,0x01,0x09,0x02,0xad,0x0a,0x91,0x13,0xb1,0x23,0x70,0x13,
    0xed,0x02,0x0a,0x02,0x46,0x01,0x47,0x01,0xcd,0x0a,0x50,0x13,0x0e,0x0b,0x6c,0x0a,0x2a,0x02,0x0a,0x02,0xa8,0x09,0x06,0x01,
    0xe5,0x00,0xe5,0x00,0x05,0x09,0x05,0x01,0x06,0x01,0x87,0x01,0x6c,0x02,0x0f,0x03,0x70,0x0b,0x91,0x13,0x50,0x0b,0xcd,0x02,
    0x4c,0x02,0x0a,0x0a,0xea,0x01,0xea,0x01,0x88,0x01,0x47,0x01,0x46,0x01,0x47,0x01,0x67,0x01,0x26,0x01,0xe5,0x00,0xe5,0x08,
    0xc4,0x00,0xc4,0x00,0xc5,0x00,0xe5,0x00,0xe5,0x00,0x06,0x01,0x05,0x01,0x05,0x01,0xe5,0x00,0xc5,0x00,0xc4,0x00,0xe5,0x00,
    0xc5,0x00,0x05,0x01,0x06,0x01,0x26,0x01,0x05,0x01,0xa4,0x00,0xa4,0x08,0xa4,0x00,0xc4,0x00,0xe5,0x00,0xc4,0x00,0x83,0x00,
    0x63,0x08,0x63,0x00,0x83,0x08,0x63,0x00,0x62,0x08,0x63,0x00,0x62,0x08,0x63,0x00,0x62,0x00,0xa4,0x08,0xc4,0x00,0xa3,0x00,
    0x83,0x00,0x05,0x01,0x2a,0x0a,0x90,0x2b,0x33,0x4c,0xb0,0x43,0x2e,0x33,0xed,0x22,0x0e,0x23,0x2e,0x1b,0x2e,0x23,0x8f,0x33,
    0xf1,0x4b,0x32,0x64,0x53,0x64,0xb0,0x43,0x2f,0x2b,0x6f,0x33,0xb1,0x43,0xb1,0x3b,0xee,0x22,0x4b,0x0a,0xc9,0x01,0x46,0x01,
    0x05,0x01,0xe5,0x00,0xe5,0x00,0xe5,0x00,0xe5,0x00,0xe5,0x00,0xe5,0x00,0xe5,0x00,0x05,0x01,0x47,0x01,0x67,0x01,0x26,0x01,
    0x26,0x01,0x46,0x09,0x88,0x01,0xc8,0x01,0x4b,0x02,0x0a,0x02,0xe9,0x01,0xc9,0x01,0xc9,0x01,0xc9,0x01,0xc9,0x01,0x09,0x02,
    0x2a,0x0a,0x8c,0x12,0xd1,0x53,0x56,0xa5,0xf8,0xbd,0xd9,0xad,0x57,0x8d,0xf5,0x74,0x94,0x5c,0x12,0x3c,0x70,0x0b,0x0e,0x03,
    0xee,0x02,0x0e,0x0b,0xad,0x02,0xac,0x02,0xad,0x02,0xce,0x02,0x4f,0x13,0x74,0x5c,0xb4,0x64,0x32,0x34,0xee,0x02,0x2a,0x02,
    0xc9,0x01,0xa8,0x01,0xe9,0x01,0x0a,0x02,0x0a,0x02,0x2a,0x02,0xcd,0x02,0x2f,0x13,0x2f,0x13,0xee,0x0a,0x6b,0x02,0x0a,0x02,
    0x2a,0x02,0x0a,0x02,0xa8,0x01,0x47,0x01,0x88,0x01,0xe9,0x01,0xe9,0x01,0x88,0x01,0xa8,0x01,0x2b,0x02,0x0e,0x13,0x70,0x1b,
    0x70,0x13,0x8c,0x02,0xa8,0x01,0x67,0x01,0xc9,0x01,0x2b,0x02,0x6b,0x0a,0x0e,0x13,0xf2,0x33,0xb1,0x2b,0x0e,0x0b,0xce,0x0a,
    0xad,0x02,0xad,0x02,0x2b,0x02,0xa8,0x01,0x47,0x01,0x67,0x01,0xa9,0x01,0xc8,0x01,0xea,0x01,0x6c,0x02,0x0f,0x03,0x70,0x03,
    0x4f,0x03,0x0e,0x0b,0xad,0x02,0x4b,0x02,0xe9,0x01,0xc9,0x01,0x88,0x01,0x67,0x01,0x46,0x01,0x47,0x01,0x67,0x01,0x47,0x01,
    0x26,0x01,0xe5,0x00,0xe5,0x00,0xc4,0x00,0xe5,0x00,0x05,0x01,0x06,0x01,0x26,0x01,0x46,0x01,0x47,0x01,0x47,0x01,0x26,0x01,
    0x26,0x01,0x05,0x01,0xe5,0x00,0xc4,0x08,0xa4,0x00,0xc4,0x00,0x06,0x01,0x67,0x01,0x68,0x01,0x26,0x01,0x05,0x01,0xc4,0x00,
    0x26,0x01,0xa9,0x01,0x88,0x01,0x05,0x01,0xa4,0x00,0x83,0x08,0x83,0x00,0xa3,0x00,0xa4,0x00,0xc4,0x00,0xa4,0x00,0xa3,0x08,
    0x83,0x00,0xa4,0x00,0xc4,0x00,0xa3,0x08,0xc4,0x00,0x0a,0x02,0xd1,0x2b,0x12,0x54,0x0e,0x1b,0x6b,0x0a,0x4b,0x0a,0xac,0x1a,
    0x4f,0x2b,0xd1,0x43,0x12,0x54,0xd1,0x4b,0xd1,0x4b,0x11,0x5c,0x53,0x64,0xb0,0x43,0xac,0x12,0xe9,0x01,0xe9,0x09,0x8c,0x1a,
    0xee,0x22,0xee,0x1a,0xed,0x12,0xcd,0x0a,0x6c,0x0a,0x87,0x01,0xc5,0x00,0xa4,0x08,0xc4,0x00,0xe5,0x00,0xe5,0x00,0x26,0x01,
    0xc9,0x01,0x8c,0x02,0xcd,0x0a,0xad,0x02,0x8c,0x02,0x8c,0x02,0x8c,0x0a,0x8c,0x02,0xa8,0x01,0xa8,0x01,0xc9,0x01,0x09,0x02,
    0x6b,0x0a,0x0e,0x23,0xd0,0x43,0x94,0x64,0xf5,0x7c,0xb4,0x74,0xb4,0x74,0x36,0x9d,0xb7,0xc5,0xd7,0xb5,0x98,0xa5,0x57,0x95,
    0x16,0x7d,0x94,0x5c,0x12,0x3c,0xb1,0x23,0x91,0x1b,0xee,0x0a,0xed,0x0a,0x2f,0x23,0xb0,0x33,0x11,0x4c,0xb4,0x7c,0x56,0x95,
    0x57,0x9d,0x15,0x85,0x53,0x4c,0xf2,0x3b,0xd1,0x3b,0xb1,0x2b,0xb1,0x33,0xf1,0x3b,0xb1,0x2b,0x2f,0x0b,0xad,0x02,0xac,0x02,
    0xac,0x02,0xac,0x0a,0x8b,0x12,0xcd,0x22,0x70,0x2b,0x90,0x33,0x2f,0x13,0xac,0x0a,0x8c,0x02,0xee,0x0a,0x0f,0x13,0xcd,0x02,
    0x6c,0x02,0x8b,0x02,0xed,0x12,0x0e,0x1b,0xcd,0x0a,0x09,0x02,0x67,0x09,0x87,0x09,0x8b,0x1a,0x6f,0x23,0x90,0x23,0x70,0x1b,
    0xee,0x12,0x0a,0x02,0x87,0x01,0x46,0x01,0x67,0x01,0x67,0x09,0x67,0x01,0x46,0x01,0x46,0x01,0xc9,0x01,0x4b,0x02,0xad,0x02,
    0x2f,0x13,0x90,0x23,0xf2,0x33,0xf1,0x33,0x91,0x1b,0xce,0x02,0x0a,0x02,0x88,0x01,0x47,0x01,0x26,0x01,0x26,0x01,0x05,0x01,
    0x06,0x01,0x26,0x01,0x06,0x01,0xe5,0x00,0xc5,0x00,0xe5,0x00,0xc4,0x08,0xc5,0x00,0xe5,0x00,0xe5,0x00,0xe5,0x00,0xe5,0x08,
    0xe5,0x00,0xe5,0x00,0xe5,0x00,0xe5,0x08,0xe5,0x00,0x06,0x01,0x46,0x01,0x67,0x01,0x67,0x01,0x26,0x09,0x05,0x01,0x47,0x01,
    0xa8,0x01,0xe9,0x09,0xa9,0x01,0x46,0x01,0x26,0x01,0x46,0x01,0xa8,0x01,0xc9,0x01,0xc9,0x01,0x88,0x01,0x67,0x01,0x46,0x09,
    0x47,0x01,0x67,0x01,0x67,0x01,0x26,0x01,0xe5,0x00,0x26,0x01,0x05,0x01,0xa4,0x08,0xe5,0x00,0xac,0x0a,0xb1,0x2b,0x4e,0x1b,
    0x4f,0x2b,0x52,0x5c,0x53,0x64,0xd1,0x4b,0x8f,0x43,0xcd,0x32,0x29,0x22,0xa8,0x11,0x87,0x11,0x09,0x1a,0x0d,0x3b,0xf1,0x53,
    0x53,0x6c,0xd0,0x53,0x8b,0x1a,0x0a,0x02,0x2a,0x02,0x4a,0x02,0x2a,0x02,0x8d,0x02,0x4f,0x1b,0x0e,0x23,0x09,0x0a,0x87,0x01,
    0xa8,0x01,0xe9,0x01,0x4b,0x0a,0xcd,0x12,0x70,0x2b,0x11,0x44,0xd1,0x3b,0xb0,0x33,0x12,0x4c,0x53,0x5c,0x32,0x5c,0xaf,0x3b,
    0xa8,0x01,0x4b,0x02,0xcd,0x0a,0xb0,0x3b,0x53,0x5c,0xb5,0x6c,0x37,0x9d,0xd9,0xb5,0xd9,0xad,0xb8,0xad,0x15,0x85,0xb3,0x84,
    0x15,0x95,0x15,0x95,0x35,0x8d,0xf5,0x7c,0xb4,0x6c,0x53,0x5c,0xf2,0x43,0xf2,0x33,0x90,0x2b,0x2f,0x0b,0x91,0x2b,0x32,0x54,
    0x94,0x6c,0x15,0x95,0x77,0xa5,0x77,0xa5,0x77,0x9d,0x16,0x8d,0xb4,0x7c,0x94,0x64,0x73,0x5c,0x73,0x5c,0x74,0x64,0x54,0x5c,
    0xf1,0x33,0x2e,0x0b,0xee,0x0a,0x4f,0x23,0x12,0x4c,0x74,0x5c,0x12,0x4c,0x32,0x64,0x32,0x54,0x6f,0x33,0xed,0x22,0x50,0x2b,
    0xd1,0x3b,0x32,0x44,0x32,0x4c,0xf2,0x3b,0x6f,0x2b,0x6f,0x3b,0x70,0x3b,0x90,0x3b,0xd1,0x4b,0xd1,0x43,0x4f,0x2b,0x0e,0x23,
    0x33,0x5c,0xf6,0x8c,0x32,0x54,0x2f,0x1b,0x8c,0x12,0x2a,0x12,0x2a,0x12,0xa8,0x09,0x05,0x01,0xe5,0x00,0x26,0x01,0x88,0x01,
    0x2b,0x0a,0xac,0x02,0xee,0x0a,0x50,0x13,0x12,0x3c,0x94,0x5c,0x74,0x54,0xf2,0x3b,0x90,0x23,0x8c,0x02,0x67,0x01,0xe5,0x08,
    0xc4,0x00,0xc4,0x00,0xc5,0x00,0xc4,0x00,0xc4,0x00,0xa4,0x08,0xa3,0x00,0xa4,0x08,0xa3,0x00,0xa4,0x00,0xa3,0x00,0xa4,0x00,
    0xa4,0x08,0xa4,0x00,0xc4,0x08,0xa4,0x00,0xa3,0x00,0xa4,0x08,0xc4,0x00,0xe5,0x00,0xc4,0x00,0x05,0x01,0x67,0x01,0xea,0x01,
    0x0b,0x02,0x88,0x01,0x26,0x01,0x05,0x01,0x47,0x01,0xe9,0x01,0x4b,0x02,0x4b,0x02,0xe9,0x01,0xa9,0x09,0xea,0x01,0x0a,0x02,
    0xe9,0x01,0xa8,0x01,0x67,0x01,0x05,0x01,0xe4,0x00,0xe5,0x08,0xe4,0x00,0xa4,0x08,0xa4,0x00,0xe5,0x00,0x26,0x01,0x46,0x01,
    0x67,0x01,0xac,0x12,0xd1,0x3b,0x90,0x33,0x4f,0x2b,0x0d,0x2b,0x8b,0x1a,0x09,0x0a,0x87,0x01,0x26,0x01,0x05,0x01,0x47,0x01,
    0x0a,0x0a,0xcc,0x12,0xac,0x1a,0x2f,0x2b,0x32,0x5c,0x73,0x74,0xd1,0x43,0xcd,0x0a,0x8c,0x12,0x2f,0x23,0x90,0x3b,0xd0,0x3b,
    0x53,0x5c,0x93,0x7c,0x12,0x54,0xb1,0x3b,0xf1,0x4b,0x53,0x5c,0x32,0x54,0x53,0x64,0xf5,0x84,0x15,0x95,0xd4,0x8c,0xb3,0x84,
    0xb4,0x84,0xd3,0x8c,0xb3,0x8c,0xb3,0x84,0x70,0x2b,0x52,0x4c,0xf6,0x7c,0x98,0xa5,0xf5,0x6c,0xed,0x22,0x2e,0x3b,0xf0,0x53,
    0x0d,0x43,0x0d,0x4b,0x6f,0x3b,0x53,0x74,0x56,0x9d,0x15,0x8d,0xb4,0x7c,0x94,0x6c,0x32,0x5c,0xf1,0x53,0xf1,0x43,0x8f,0x33,
    0x2f,0x1b,0x2e,0x13,0xb0,0x3b,0x32,0x5c,0x94,0x6c,0x15,0x95,0x36,0x95,0xf4,0x8c,0xd4,0x7c,0xb4,0x74,0xd5,0x7c,0x94,0x64,
    0x12,0x44,0xd2,0x33,0x90,0x2b,0xac,0x12,0x6b,0x02,0x70,0x2b,0x93,0x64,0x16,0x85,0xf5,0x84,0x93,0x74,0x2e,0x33,0xcc,0x2a,
    0x2a,0x1a,0x66,0x09,0x29,0x12,0x6f,0x33,0x73,0x64,0xb4,0x74,0x94,0x6c,0x11,0x54,0xb0,0x43,0x90,0x43,0x0d,0x23,0x0e,0x1b,
    0x90,0x23,0x2f,0x1b,0x6c,0x0a,0x4b,0x0a,0x0e,0x23,0x90,0x43,0xed,0x32,0x6b,0x1a,0x0a,0x12,0x2a,0x0a,0xcd,0x22,0x90,0x4b,
    0x8f,0x4b,0xed,0x3a,0x29,0x1a,0xa8,0x01,0xe9,0x01,0xea,0x01,0xe9,0x01,0x6b,0x02,0x91,0x23,0xb1,0x2b,0xac,0x12,0xa8,0x01,
    0x67,0x01,0x46,0x01,0x05,0x01,0xc5,0x00,0xc4,0x00,0xc4,0x00,0xc4,0x00,0xc5,0x08,0xa4,0x00,0xa3,0x00,0x84,0x08,0x83,0x00,
    0x83,0x08,0x83,0x00,0x83,0x08,0x83,0x00,0xa3,0x08,0xa4,0x00,0xa4,0x00,0xc4,0x00,0xa8,0x01,0x6c,0x0a,0xad,0x0a,0xad,0x0a,
    0xac,0x02,0x0b,0x0a,0x88,0x01,0x46,0x01,0x26,0x01,0x26,0x01,0x26,0x01,0x06,0x01,0x05,0x01,0x26,0x01,0x88,0x01,0xc9,0x01,
    0xa9,0x01,0x09,0x02,0x2a,0x02,0xc9,0x01,0x88,0x01,0xa8,0x01,0x67,0x01,0xc4,0x00,0x84,0x08,0xa3,0x00,0xa4,0x00,0xc4,0x00,
    0xa3,0x08,0x83,0x00,0x06,0x01,0xcd,0x12,0x0e,0x13,0x2a,0x02,0x4b,0x02,0xed,0x12,0x6f,0x2b,0x70,0x3b,0xd1,0x4b,0x32,0x5c,
    0xf2,0x4b,0x4f,0x23,0x6c,0x02,0x2a,0x02,0xcd,0x0a,0xee,0x2a,0xed,0x22,0x0e,0x23,0x90,0x33,0xb0,0x43,0xee,0x1a,0xe9,0x01,
    0xa9,0x01,0xcd,0x12,0x94,0x64,0xd4,0x84,0xb4,0x7c,0xf4,0x84,0xb4,0x84,0x52,0x6c,0x93,0x7c,0xd4,0x8c,0xd3,0x84,0xd4,0x84,
    0xf4,0x8c,0xf5,0x8c,0xf4,0x8c,0x35,0x95,0x35,0x9d,0x15,0x95,0x35,0x9d,0x36,0x9d,0x57,0x95,0x97,0xa5,0x97,0xa5,0x57,0x8d,
    0x0e,0x1b,0xa4,0x00,0xe4,0x00,0xa4,0x00,0x62,0x00,0xa3,0x00,0xc8,0x09,0xb0,0x3b,0xf1,0x63,0x32,0x64,0x12,0x4c,0x52,0x5c,
    0x73,0x6c,0x73,0x6c,0xd4,0x7c,0xd4,0x84,0xf5,0x8c,0x15,0x85,0x15,0x9d,0x36,0x9d,0x56,0x9d,0x77,0xa5,0x97,0xad,0x36,0x95,
    0xb4,0x74,0x32,0x64,0xd0,0x53,0xec,0x2a,0x4b,0x12,0x2a,0x0a,0x2a,0x02,0x6b,0x0a,0xd1,0x4b,0xf4,0x84,0x36,0x95,0xf5,0x8c,
    0x51,0x64,0x4e,0x3b,0x2d,0x33,0x6f,0x43,0xcc,0x2a,0xac,0x2a,0xf1,0x63,0x15,0x95,0x57,0x9d,0x36,0x95,0xd4,0x7c,0x73,0x64,
    0x11,0x54,0xf1,0x53,0x12,0x54,0xd1,0x33,0x70,0x13,0xee,0x02,0x4b,0x02,0xea,0x01,0x88,0x01,0x05,0x01,0xe5,0x00,0xc4,0x00,
    0xc4,0x00,0xc4,0x00,0x46,0x01,0x4b,0x22,0xb0,0x53,0xb4,0x8c,0xd4,0x94,0xf0,0x63,0xac,0x2a,0x4a,0x1a,0x4a,0x1a,0xcd,0x12,
    0x4e,0x1b,0xcd,0x02,0x67,0x01,0xa3,0x08,0x83,0x00,0xc4,0x08,0x26,0x01,0x88,0x01,0xa8,0x01,0x67,0x09,0x06,0x01,0xe4,0x00,
    0xc4,0x00,0xc4,0x00,0xa4,0x00,0xa3,0x00,0x84,0x08,0x83,0x00,0x83,0x08,0x83,0x00,0x83,0x00,0x83,0x00,0xe5,0x00,0x6b,0x0a,
    0xf2,0x33,0x33,0x3c,0xb1,0x1b,0x70,0x13,0x2f,0x0b,0x8c,0x02,0xa8,0x01,0x05,0x01,0xa4,0x08,0xc4,0x00,0x05,0x01,0x46,0x01,
    0x47,0x01,0x46,0x01,0x06,0x01,0xc4,0x08,0x83,0x00,0xa4,0x08,0xe5,0x00,0x05,0x01,0x05,0x01,0x67,0x09,0x47,0x01,0x05,0x01,
    0xc5,0x00,0x26,0x01,0x47,0x01,0x67,0x01,0x26,0x01,0xc4,0x08,0x26,0x01,0x70,0x23,0xd1,0x33,0x0e,0x1b,0xd0,0x33,0x94,0x64,
    0x94,0x6c,0x53,0x5c,0x32,0x5c,0xb0,0x4b,0x70,0x3b,0xd1,0x3b,0xd1,0x3b,0xcd,0x1a,0xc9,0x09,0x25,0x01,0xe4,0x00,0xe5,0x00,
    0x67,0x09,0x0a,0x02,0x4b,0x02,0x88,0x01,0x47,0x01,0xcc,0x12,0x73,0x64,0x93,0x74,0xf5,0x8c,0x36,0x9d,0xf4,0x8c,0x52,0x74,
    0x93,0x7c,0xb3,0x84,0xb4,0x84,0xf4,0x8c,0xd4,0x84,0xf5,0x8c,0x35,0x9d,0x56,0xa5,0x56,0xa5,0x56,0x9d,0x35,0x95,0x15,0x95,
    0xb7,0xad,0x77,0xa5,0x11,0x5c,0x09,0x12,0x05,0x01,0xa4,0x08,0xa4,0x08,0xc4,0x00,0xe5,0x08,0x46,0x09,0x0a,0x0a,0xcd,0x0a,
    0x6c,0x02,0x4f,0x1b,0x32,0x4c,0xf5,0x84,0x56,0x9d,0x76,0xad,0x97,0xb5,0x76,0xad,0x15,0x95,0x93,0x84,0xb3,0x8c,0x52,0x7c,
    0x11,0x64,0x11,0x6c,0x72,0x7c,0x93,0x7c,0xf1,0x5b,0x2d,0x33,0x8b,0x22,0x09,0x12,0x66,0x01,0x46,0x09,0xc8,0x11,0x8f,0x4b,
    0x15,0x95,0x77,0xa5,0x36,0x9d,0x35,0x9d,0x35,0x9d,0x15,0x95,0x36,0xa5,0x35,0x9d,0x15,0x95,0xf5,0x8c,0x93,0x7c,0x11,0x64,
    0xf0,0x5b,0x93,0x74,0x77,0xa5,0x77,0xad,0x93,0x7c,0x12,0x5c,0xb4,0x7c,0x77,0xa5,0xb4,0x64,0x4b,0x02,0x25,0x01,0xc4,0x00,
    0xa3,0x00,0x83,0x08,0x84,0x00,0xa3,0x00,0xa4,0x00,0xc4,0x08,0xa4,0x00,0xc4,0x00,0x46,0x01,0xcc,0x2a,0x12,0x64,0xb4,0x84,
    0x93,0x7c,0x94,0x74,0xb3,0x74,0x73,0x74,0x12,0x54,0x6f,0x2b,0xad,0x1a,0x4a,0x0a,0xe9,0x01,0xa8,0x01,0x88,0x01,0x0a,0x02,
    0xac,0x02,0xad,0x02,0x2b,0x02,0x2b,0x02,0x4b,0x0a,0x6c,0x0a,0x2a,0x02,0x88,0x01,0x46,0x01,0x06,0x01,0xe5,0x00,0xc4,0x00,
    0xe5,0x00,0x47,0x09,0xcd,0x12,0x74,0x44,0xf3,0x3b,0x8b,0x0a,0xa8,0x01,0x67,0x01,0x46,0x01,0xe5,0x00,0xc4,0x00,0xc4,0x00,
    0xa4,0x00,0x83,0x08,0xa4,0x00,0x05,0x01,0x47,0x09,0x47,0x01,0x46,0x01,0x05,0x01,0xc4,0x00,0xa3,0x08,0xa3,0x00,0x83,0x08,
    0x83,0x00,0xa4,0x00,0x05,0x01,0x67,0x01,0x88,0x01,0xc9,0x01,0x4a,0x02,0x4b,0x02,0x0a,0x02,0x67,0x01,0xe9,0x01,0x90,0x23,
    0x12,0x44,0x33,0x54,0x94,0x64,0xd1,0x43,0x8c,0x12,0xe9,0x01,0xc9,0x01,0x88,0x01,0xa8,0x01,0x6b,0x02,0x90,0x33,0xf1,0x4b,
    0x70,0x33,0xcd,0x12,0x8c,0x12,0x2a,0x0a,0xe5,0x08,0xa4,0x00,0x67,0x01,0x6b,0x12,0x0e,0x1b,0x53,0x5c,0x32,0x5c,0x93,0x7c,
    0xd4,0x84,0x11,0x64,0xb0,0x43,0x12,0x54,0xd4,0x84,0x15,0x8d,0xb3,0x84,0xb4,0x7c,0xf5,0x94,0x14,0x8d,0x36,0x9d,0x76,0xa5,
    0x35,0x9d,0xd4,0x84,0x73,0x74,0x73,0x6c,0xd5,0x7c,0xd0,0x3b,0x09,0x02,0x06,0x01,0x26,0x01,0x46,0x01,0x67,0x01,0x87,0x01,
    0xc9,0x01,0x0a,0x02,0x8c,0x02,0x4f,0x13,0xf1,0x3b,0xb4,0x7c,0x97,0xad,0xd8,0xbd,0xb7,0xbd,0x14,0x9d,0x11,0x74,0x2d,0x4b,
    0xc7,0x19,0x26,0x11,0x25,0x09,0x05,0x09,0x05,0x01,0x04,0x09,0x26,0x11,0x66,0x11,0xa8,0x09,0x4b,0x12,0xf1,0x53,0xb4,0x7c,
    0x73,0x64,0x32,0x5c,0x73,0x64,0xf5,0x84,0x36,0x95,0x36,0x95,0x15,0x8d,0x15,0x8d,0x57,0xa5,0x76,0xad,0x35,0xa5,0x76,0xad,
    0xb7,0xbd,0x76,0xad,0x93,0x74,0x31,0x5c,0x73,0x74,0x35,0x9d,0xb7,0xbd,0x77,0xa5,0xb0,0x33,0x4b,0x0a,0x6b,0x12,0xf1,0x5b,
    0xd5,0x7c,0x2e,0x23,0xa8,0x01,0x06,0x09,0xc4,0x00,0x83,0x00,0xa3,0x08,0x83,0x00,0x83,0x08,0x83,0x00,0x83,0x08,0x83,0x00,
    0x84,0x00,0xe4,0x00,0xc9,0x09,0x0e,0x23,0xd1,0x43,0x73,0x64,0xb4,0x7c,0xb4,0x84,0x93,0x74,0x12,0x54,0xb0,0x43,0x90,0x33,
    0x70,0x33,0xee,0x0a,0x2a,0x02,0x6b,0x0a,0xad,0x02,0x0e,0x0b,0x70,0x1b,0x70,0x0b,0x91,0x1b,0xb1,0x13,0x50,0x13,0x2b,0x02,
    0x88,0x01,0x67,0x01,0x88,0x01,0xc9,0x01,0x2b,0x02,0x0e,0x0b,0xd1,0x23,0x70,0x2b,0xe9,0x01,0xe5,0x00,0xc4,0x00,0xc4,0x00,
    0xc4,0x08,0x83,0x00,0x83,0x08,0x83,0x08,0x83,0x00,0xa3,0x00,0xc4,0x08,0x06,0x01,0x26,0x01,0x05,0x01,0xe5,0x00,0x26,0x01,
    0x26,0x01,0x47,0x01,0x87,0x01,0x67,0x01,0x68,0x01,0xa9,0x09,0x2b,0x02,0xe9,0x01,0x67,0x01,0xc9,0x01,0x4b,0x02,0xe9,0x01,
    0x88,0x09,0xa8,0x01,0x4b,0x0a,0xd1,0x33,0xf1,0x33,0xd1,0x33,0x2f,0x1b,0xa8,0x01,0x05,0x01,0xe5,0x00,0x05,0x01,0x26,0x01,
    0x26,0x01,0x47,0x01,0x67,0x01,0xa8,0x01,0xc9,0x09,0xe9,0x09,0x4b,0x0a,0xee,0x1a,0x8b,0x12,0xc4,0x00,0x67,0x01,0xf1,0x43,
    0x73,0x6c,0x93,0x6c,0x93,0x74,0xf5,0x8c,0x73,0x6c,0xd1,0x4b,0x32,0x5c,0x15,0x8d,0x76,0xad,0x35,0x9d,0xf4,0x8c,0xb4,0x84,
    0x15,0x95,0x56,0xa5,0x35,0x9d,0x93,0x7c,0x90,0x43,0x4f,0x23,0x70,0x2b,0x6f,0x23,0x53,0x44,0x70,0x13,0x2f,0x13,0x4f,0x13,
    0x2f,0x13,0xed,0x02,0xad,0x02,0x6b,0x0a,0x8c,0x12,0xed,0x2a,0xf0,0x4b,0xd5,0x7c,0x36,0x95,0x56,0x9d,0x56,0x95,0x52,0x7c,
    0xab,0x42,0x66,0x11,0xc4,0x00,0x83,0x00,0x63,0x00,0xa3,0x00,0xc4,0x00,0x26,0x01,0x88,0x01,0xa8,0x01,0xc9,0x01,0x4b,0x0a,
    0x4f,0x2b,0x52,0x6c,0x56,0x9d,0x97,0xad,0x56,0x9d,0xf5,0x74,0x73,0x5c,0x53,0x54,0x33,0x4c,0x12,0x44,0xf1,0x33,0xb1,0x33,
    0xb0,0x33,0x8f,0x43,0xb0,0x43,0x32,0x64,0xd4,0x8c,0x36,0x95,0x77,0x9d,0x36,0x8d,0x73,0x6c,0x6f,0x53,0x4e,0x4b,0x6f,0x4b,
    0x90,0x33,0xad,0x02,0xc9,0x01,0x87,0x01,0x09,0x12,0xad,0x12,0xee,0x0a,0xad,0x02,0xa9,0x01,0x05,0x01,0xa4,0x00,0x84,0x00,
    0xa3,0x00,0x84,0x08,0x83,0x00,0x83,0x08,0xa4,0x00,0xa3,0x08,0xc5,0x00,0x66,0x01,0x2b,0x02,0x0e,0x13,0xb1,0x33,0xf1,0x43,
    0xf2,0x53,0x32,0x5c,0x52,0x64,0x73,0x6c,0x53,0x6c,0xf1,0x4b,0x2e,0x2b,0x4f,0x23,0x4f,0x23,0xd1,0x3b,0x12,0x4c,0xcd,0x02,
    0x2a,0x02,0xc9,0x01,0xe9,0x01,0x26,0x01,0x06,0x01,0x26,0x01,0x26,0x01,0x88,0x01,0xc8,0x01,0xe9,0x01,0x88,0x01,0x05,0x01,
    0xc4,0x00,0xc4,0x08,0xa4,0x00,0xa3,0x08,0x83,0x00,0x83,0x08,0x63,0x00,0x83,0x08,0x83,0x08,0xa4,0x00,0xe5,0x00,0x26,0x01,
    0x26,0x01,0xc4,0x00,0xe5,0x08,0xe5,0x00,0x05,0x01,0x26,0x01,0x47,0x01,0x67,0x01,0xa8,0x01,0x2a,0x02,0x6c,0x02,0xc9,0x01,
    0xe4,0x00,0x05,0x09,0x26,0x01,0xc4,0x08,0xa4,0x00,0xe5,0x00,0x87,0x01,0xb1,0x33,0x53,0x54,0x70,0x23,0xea,0x01,0x05,0x01,
    0xc4,0x08,0xa3,0x00,0x84,0x00,0xc4,0x00,0x05,0x01,0x46,0x01,0x47,0x01,0x87,0x01,0xa8,0x01,0x88,0x01,0x05,0x01,0x67,0x01,
    0x8c,0x0a,0x66,0x09,0x26,0x01,0xb0,0x3b,0x15,0x8d,0xb4,0x74,0xf1,0x5b,0xed,0x42,0x8a,0x32,0x8b,0x32,0x0d,0x4b,0x6e,0x53,
    0x4e,0x4b,0xed,0x3a,0xed,0x32,0x6e,0x43,0x11,0x64,0x52,0x6c,0xd0,0x53,0x6b,0x12,0xa9,0x01,0x2a,0x02,0x8c,0x02,0x8d,0x02,
    0x73,0x5c,0x94,0x5c,0xf5,0x74,0xf5,0x74,0xd4,0x74,0xd4,0x7c,0xf4,0x8c,0xf5,0x94,0xf4,0x8c,0x93,0x7c,0x73,0x74,0x94,0x6c,
    0x53,0x54,0x90,0x33,0x4a,0x12,0x25,0x01,0xc4,0x00,0x26,0x01,0xa8,0x01,0x88,0x09,0x67,0x01,0x67,0x01,0xc9,0x01,0x4b,0x02,
    0x8c,0x02,0x8c,0x02,0x70,0x2b,0xf4,0x84,0xb7,0xb5,0xd8,0xb5,0x77,0xa5,0xf5,0x7c,0xb4,0x6c,0xb4,0x64,0xb5,0x6c,0x94,0x5c,
    0x12,0x44,0xf2,0x33,0xf2,0x3b,0x32,0x44,0x12,0x44,0xf2,0x33,0xd1,0x33,0xf2,0x2b,0x13,0x3c,0xb1,0x33,0xed,0x22,0xe9,0x09,
    0x06,0x01,0xc4,0x00,0xc4,0x00,0xe5,0x00,0x87,0x09,0x4b,0x02,0x6c,0x0a,0xc9,0x01,0x06,0x01,0x05,0x01,0x46,0x01,0x88,0x01,
    0x46,0x01,0xc5,0x00,0xc4,0x00,0xa4,0x08,0xa4,0x00,0xa4,0x00,0xa4,0x00,0x83,0x08,0x83,0x00,0x84,0x00,0xa4,0x00,0xe4,0x00,
    0x47,0x01,0xc9,0x01,0x6b,0x02,0x0e,0x0b,0x91,0x23,0x32,0x54,0xb4,0x7c,0x16,0x95,0x35,0x8d,0xb4,0x7c,0xf1,0x4b,0x8f,0x3b,
    0x90,0x33,0xb0,0x3b,0xd1,0x43,0x4f,0x23,0x8c,0x0a,0xea,0x09,0x88,0x01,0x46,0x01,0x05,0x01,0xc4,0x08,0xc4,0x00,0xc4,0x00,
    0xa4,0x08,0x83,0x00,0x83,0x00,0x63,0x08,0x62,0x08,0x62,0x00,0x42,0x08,0x42,0x08,0x63,0x00,0x63,0x08,0xa3,0x00,0xa3,0x00,
    0xa4,0x00,0xe5,0x00,0xe5,0x00,0xc4,0x08,0xa4,0x00,0xa4,0x08,0x05,0x01,0xc9,0x01,0x4b,0x02,0xe9,0x01,0x67,0x01,0xe5,0x00,
    0xa4,0x08,0xc4,0x00,0x26,0x01,0x67,0x01,0x26,0x01,0x47,0x01,0x67,0x01,0xe5,0x00,0xc4,0x00,0xe5,0x00,0x26,0x01,0xed,0x12,
    0xb0,0x2b,0x2a,0x02,0xe5,0x00,0xa4,0x08,0x83,0x00,0x83,0x08,0xc4,0x00,0x47,0x01,0x88,0x09,0x88,0x01,0xa8,0x09,0x6c,0x02,
    0x0e,0x0b,0xd1,0x33,0xb0,0x4b,0x6f,0x3b,0x6a,0x1a,0xa4,0x00,0x62,0x00,0xcc,0x2a,0xb4,0x74,0x8b,0x3a,0xe4,0x00,0x83,0x00,
    0xa4,0x00,0xa4,0x00,0xe4,0x00,0x67,0x01,0xc9,0x01,0xe9,0x01,0x88,0x01,0x87,0x01,0xa8,0x01,0x2a,0x0a,0x6c,0x0a,0x6b,0x0a,
    0xc9,0x09,0x47,0x01,0x46,0x01,0x47,0x01,0x36,0x95,0x96,0xad,0x97,0xad,0x97,0xb5,0xb7,0xb5,0xb8,0xbd,0x97,0xa5,0xf4,0x8c,
    0xf1,0x5b,0xed,0x22,0xcd,0x0a,0xad,0x02,0x0a,0x02,0x87,0x01,0x67,0x01,0xa9,0x01,0x6c,0x0a,0xce,0x0a,0xad,0x02,0x4b,0x02,
    0x2a,0x02,0x8c,0x0a,0xee,0x12,0x90,0x33,0x32,0x64,0x93,0x7c,0x35,0xa5,0xb7,0xbd,0xd8,0xbd,0xb7,0xbd,0x97,0xad,0x77,0xa5,
    0x76,0xa5,0x97,0xad,0x97,0xb5,0x97,0xad,0x97,0x9d,0x37,0x8d,0xf5,0x7c,0xd5,0x74,0xd5,0x7c,0x94,0x6c,0x12,0x4c,0x2f,0x1b,
    0xe9,0x01,0x26,0x01,0xa4,0x00,0x83,0x00,0xa3,0x00,0xa4,0x08,0xa4,0x00,0xc4,0x08,0xc4,0x00,0xe5,0x00,0x26,0x09,0x67,0x01,
    0x46,0x01,0x06,0x01,0x06,0x01,0x67,0x01,0xc9,0x09,0x0a,0x0a,0xc9,0x01,0xc8,0x01,0x47,0x01,0xc4,0x00,0xa3,0x08,0xa4,0x00,
    0x83,0x00,0xc4,0x08,0xc4,0x00,0xe5,0x00,0xe5,0x00,0x06,0x01,0x46,0x01,0xc9,0x01,0xac,0x0a,0x90,0x2b,0x32,0x54,0x94,0x64,
    0x94,0x6c,0x94,0x6c,0xb4,0x74,0xd5,0x84,0x93,0x74,0x90,0x3b,0x2e,0x23,0x2f,0x2b,0x0e,0x1b,0x2f,0x13,0x0e,0x0b,0x8d,0x0a,
    0xea,0x01,0x88,0x01,0x06,0x01,0xc4,0x08,0xa4,0x00,0x83,0x08,0xa3,0x08,0x83,0x00,0x83,0x08,0x63,0x00,0x83,0x00,0x83,0x00,
    0xa4,0x08,0xe5,0x00,0x26,0x01,0xa9,0x01,0x2b,0x02,0x2a,0x02,0xe9,0x01,0x87,0x01,0x87,0x01,0x2b,0x02,0x0f,0x0b,0xb1,0x23,
    0xd1,0x2b,0x90,0x1b,0x6c,0x02,0x67,0x01,0x05,0x01,0xa4,0x00,0xa4,0x00,0xc4,0x00,0xc4,0x00,0x26,0x01,0xa8,0x01,0x26,0x01,
    0xc4,0x08,0xc4,0x00,0x67,0x01,0x0e,0x0b,0x2f,0x1b,0x2b,0x0a,0x25,0x01,0xc5,0x00,0xc4,0x00,0xc4,0x00,0x88,0x01,0x0a,0x02,
    0xa8,0x01,0x88,0x01,0xa8,0x01,0xea,0x01,0x6b,0x02,0x2f,0x2b,0x11,0x5c,0xb4,0x7c,0xb0,0x5b,0xa7,0x11,0xc5,0x08,0xe8,0x09,
    0x0e,0x23,0x87,0x01,0x4b,0x1a,0xcd,0x1a,0x8c,0x12,0xad,0x12,0xad,0x0a,0x8d,0x0a,0x6c,0x02,0x2b,0x02,0x4b,0x0a,0x4b,0x02,
    0x2b,0x02,0x4b,0x02,0xcd,0x12,0x70,0x3b,0x2f,0x2b,0xe9,0x01,0x26,0x01,0xe5,0x00,0xd7,0xbd,0xd8,0xbd,0xb8,0xbd,0x36,0x95,
    0x73,0x64,0x8f,0x33,0xcd,0x1a,0x2a,0x02,0xc9,0x01,0x2b,0x02,0x2a,0x02,0xa8,0x01,0x47,0x01,0x47,0x01,0x67,0x01,0x88,0x01,
    0x88,0x01,0xc8,0x01,0x0a,0x02,0xad,0x0a,0x91,0x33,0x94,0x64,0xf5,0x7c,0x36,0x8d,0x36,0x95,0x15,0x95,0x15,0x8d,0x56,0x9d,
    0x97,0xad,0x97,0xad,0x97,0xad,0x77,0xa5,0x56,0x9d,0x15,0x8d,0xb4,0x84,0x93,0x74,0x73,0x74,0xf1,0x3b,0xed,0x12,0xe9,0x01,
    0x87,0x01,0x67,0x01,0x46,0x01,0xe5,0x00,0xc4,0x00,0x84,0x08,0xa3,0x00,0xa4,0x08,0x83,0x00,0x83,0x00,0xa4,0x08,0xa3,0x00,
    0x84,0x08,0xa3,0x00,0x84,0x00,0xa4,0x00,0xc4,0x00,0xe5,0x00,0x05,0x01,0xc9,0x01,0xad,0x0a,0x2f,0x13,0x0e,0x0b,0xee,0x0a,
    0xcd,0x02,0xc9,0x01,0xe5,0x00,0x83,0x00,0xa3,0x00,0x84,0x00,0xa3,0x08,0xa4,0x00,0xa4,0x08,0xa4,0x00,0xa4,0x08,0xa4,0x00,
    0xe5,0x00,0x67,0x01,0x2a,0x0a,0x4f,0x33,0xb4,0x6c,0x36,0x95,0x56,0x9d,0x56,0x9d,0xb4,0x84,0x93,0x74,0x73,0x6c,0xb0,0x43,
    0x4b,0x02,0x2a,0x02,0xad,0x02,0xad,0x02,0x4b,0x02,0x0a,0x02,0xc9,0x01,0x67,0x01,0x06,0x01,0xe5,0x00,0xc5,0x00,0xc4,0x00,
    0x84,0x00,0xc4,0x00,0xe5,0x08,0xe5,0x00,0xe5,0x00,0xe5,0x00,0x46,0x09,0x4b,0x02,0xee,0x0a,0x0e,0x0b,0x2f,0x03,0xee,0x02,
    0x50,0x13,0x33,0x44,0x53,0x54,0xf2,0x43,0x90,0x23,0x2f,0x0b,0x6b,0x02,0xe9,0x01,0x6c,0x02,0x2b,0x02,0x88,0x01,0x47,0x01,
    0xc4,0x08,0xe5,0x00,0xa8,0x01,0xea,0x01,0x67,0x01,0x88,0x01,0x2b,0x02,0xb1,0x2b,0xb1,0x2b,0x2a,0x0a,0x26,0x01,0xe5,0x00,
    0xe5,0x00,0x67,0x01,0xea,0x01,0x0a,0x02,0xed,0x1a,0x4f,0x23,0x4f,0x2b,0x90,0x2b,0x8c,0x0a,0xc9,0x01,0xe9,0x01,0x8c,0x12,
    0xb0,0x53,0xf1,0x5b,0xed,0x22,0x8f,0x33,0x52,0x64,0x12,0x4c,0x6f,0x2b,0x2a,0x12,0x0a,0x02,0x8c,0x0a,0xcd,0x02,0x8c,0x02,
    0xe9,0x01,0x88,0x01,0xa8,0x01,0x0a,0x0a,0x4b,0x02,0xe9,0x01,0x47,0x01,0x46,0x01,0xc8,0x09,0xe9,0x01,0x88,0x09,0x26,0x01,
    0xf4,0x94,0x73,0x7c,0x11,0x54,0x90,0x23,0x4f,0x13,0xee,0x02,0x8c,0x02,0x6c,0x02,0x6c,0x0a,0xe9,0x01,0x26,0x09,0xc5,0x00,
    0xa4,0x08,0xc4,0x00,0xc4,0x08,0xa7,0x09,0xed,0x22,0xf2,0x43,0x73,0x5c,0xf5,0x74,0x35,0x8d,0x77,0xa5,0x77,0x9d,0xd4,0x74,
    0x12,0x3c,0x91,0x13,0x70,0x13,0x90,0x1b,0xb1,0x2b,0xb0,0x2b,0x90,0x2b,0x4f,0x23,0xad,0x0a,0x2a,0x02,0xa8,0x01,0x67,0x01,
    0x47,0x01,0x47,0x01,0x26,0x01,0xe5,0x00,0xa4,0x00,0xa4,0x00,0xc4,0x00,0xc4,0x08,0xa4,0x00,0x83,0x00,0x83,0x08,0x83,0x00,
    0xa4,0x00,0xa3,0x08,0x84,0x00,0xa3,0x00,0x83,0x00,0x83,0x08,0xa3,0x00,0xa4,0x08,0xa4,0x00,0xc4,0x08,0xe5,0x00,0x06,0x01,
    0x26,0x01,0x47,0x01,0x87,0x01,0x88,0x01,0xea,0x01,0x8d,0x02,0x0e,0x0b,0x6c,0x0a,0xe9,0x01,0xc9,0x09,0x67,0x01,0xc4,0x00,
    0xa3,0x00,0xa3,0x00,0xc4,0x00,0x26,0x01,0x26,0x01,0xe5,0x00,0xe5,0x00,0xe9,0x01,0x4f,0x1b,0xf1,0x3b,0x53,0x5c,0x53,0x64,
    0x32,0x54,0x32,0x5c,0x94,0x74,0xd4,0x7c,0x73,0x64,0x12,0x54,0x32,0x5c,0x73,0x64,0x32,0x64,0xd0,0x4b,0x12,0x5c,0x32,0x5c,
    0xd1,0x53,0x4e,0x33,0xac,0x2a,0xe9,0x11,0xe4,0x08,0x63,0x00,0x83,0x00,0x83,0x08,0xa3,0x00,0x84,0x00,0xc4,0x00,0x06,0x01,
    0xe9,0x01,0x0e,0x0b,0x70,0x1b,0x70,0x1b,0xf2,0x43,0x73,0x5c,0x53,0x54,0xf2,0x43,0xb1,0x2b,0xb1,0x33,0xd1,0x3b,0x90,0x2b,
    0x90,0x23,0x70,0x1b,0xcd,0x0a,0x8c,0x02,0x0a,0x02,0x6c,0x02,0xf1,0x33,0xf2,0x3b,0xcd,0x0a,0x0a,0x02,0x09,0x02,0x2a,0x0a,
    0xe9,0x01,0x06,0x01,0xc4,0x00,0xc4,0x00,0xe5,0x00,0x05,0x01,0x26,0x09,0xee,0x1a,0xd5,0x74,0x73,0x6c,0xd1,0x53,0x2e,0x33,
    0xc9,0x09,0xa8,0x01,0xad,0x0a,0x6f,0x23,0x2e,0x2b,0x0e,0x33,0x6b,0x0a,0x70,0x33,0x32,0x54,0xac,0x1a,0x26,0x01,0x06,0x01,
    0x46,0x01,0xe9,0x01,0x2b,0x02,0x2a,0x0a,0xa9,0x01,0x46,0x01,0xe5,0x00,0x26,0x01,0xa8,0x01,0x4b,0x02,0x0a,0x0a,0x05,0x01,
    0xa4,0x00,0x06,0x01,0xe9,0x01,0x8c,0x02,0x6b,0x0a,0xcd,0x0a,0x90,0x1b,0x12,0x44,0xb1,0x3b,0xcd,0x12,0xe9,0x01,0x47,0x01,
    0x05,0x01,0xc5,0x00,0x05,0x01,0x67,0x01,0xc8,0x01,0xea,0x01,0xad,0x1a,0x53,0x5c,0x36,0x8d,0x56,0xa5,0x96,0xc5,0xf7,0xd5,
    0x18,0xd6,0xf8,0xbd,0x57,0x8d,0x74,0x54,0x91,0x23,0xee,0x0a,0x6c,0x02,0x0a,0x02,0xc9,0x01,0xa9,0x01,0x87,0x01,0x47,0x01,
    0x46,0x01,0x06,0x01,0xe5,0x00,0xc4,0x00,0xc4,0x08,0xc4,0x00,0xe5,0x00,0xc5,0x08,0xc4,0x00,0x83,0x00,0xa4,0x00,0xc4,0x00,
    0x05,0x01,0x06,0x01,0xe5,0x00,0xc4,0x00,0xa4,0x00,0x83,0x00,0xa4,0x00,0xa4,0x08,0xa4,0x00,0xa4,0x08,0xa4,0x00,0x83,0x00,
    0xa4,0x00,0xe5,0x00,0xe5,0x00,0xe5,0x00,0x05,0x01,0x05,0x01,0x06,0x01,0x06,0x01,0x25,0x01,0x67,0x01,0x8c,0x0a,0xee,0x0a,
    0xee,0x02,0x50,0x13,0x90,0x23,0x2f,0x23,0xad,0x12,0x2a,0x0a,0xad,0x12,0x70,0x33,0xb0,0x33,0x4f,0x2b,0xb0,0x3b,0x53,0x5c,
    0x94,0x64,0x32,0x4c,0x32,0x54,0x73,0x64,0x53,0x64,0x93,0x74,0xb4,0x7c,0x15,0x95,0xb7,0xb5,0xb7,0xb5,0x76,0xa5,0x15,0x95,
    0xb3,0x84,0x31,0x6c,0x52,0x6c,0x93,0x7c,0x52,0x6c,0xf1,0x53,0xd1,0x4b,0x2e,0x2b,0x2b,0x02,0x88,0x01,0x67,0x09,0x47,0x01,
    0x87,0x09,0x6b,0x1a,0x8c,0x1a,0xed,0x22,0xb1,0x3b,0xd1,0x3b,0x12,0x44,0x32,0x4c,0x33,0x54,0x94,0x6c,0xb4,0x64,0x73,0x64,
    0x53,0x54,0x32,0x54,0x12,0x4c,0xd1,0x3b,0x2f,0x1b,0x0e,0x0b,0x90,0x23,0x12,0x44,0xd1,0x33,0x2f,0x13,0xb1,0x33,0x12,0x44,
    0x2e,0x13,0x6c,0x02,0xa8,0x01,0x05,0x01,0x06,0x01,0xe4,0x00,0xa4,0x00,0xa4,0x08,0x83,0x00,0xc4,0x08,0xe9,0x01,0x90,0x1b,
    0xd0,0x43,0x2a,0x12,0xc4,0x00,0x83,0x00,0xa3,0x08,0x05,0x01,0xa8,0x01,0xe9,0x11,0x87,0x11,0x47,0x09,0x87,0x01,0x09,0x0a,
    0xc9,0x09,0x26,0x01,0xc4,0x08,0xc5,0x00,0xe5,0x00,0x26,0x01,0x88,0x01,0xe9,0x01,0x6c,0x02,0x2e,0x13,0x2e,0x2b,0x4f,0x33,
    0xd0,0x4b,0x12,0x54,0x52,0x5c,0xf1,0x53,0xcd,0x22,0x2e,0x3b,0x73,0x6c,0xf5,0x84,0x87,0x01,0xe9,0x01,0x0a,0x0a,0xa8,0x01,
    0x46,0x01,0x26,0x01,0x88,0x01,0x2a,0x12,0xad,0x1a,0x6f,0x2b,0xb1,0x2b,0xf1,0x33,0xf1,0x33,0x32,0x54,0x93,0x74,0x73,0x74,
    0xb3,0x8c,0x35,0x9d,0x15,0xa5,0xf4,0x94,0x72,0x74,0xb0,0x4b,0xcd,0x22,0x2a,0x0a,0xa8,0x01,0x47,0x01,0x25,0x01,0x05,0x01,
    0x05,0x01,0x06,0x09,0xe5,0x00,0xe5,0x08,0xc5,0x00,0xc4,0x08,0xc4,0x00,0xa4,0x00,0xa4,0x00,0xc4,0x00,0xc4,0x00,0x05,0x01,
    0xa8,0x01,0x4b,0x0a,0x0a,0x02,0x4b,0x02,0xad,0x0a,0x50,0x13,0x2f,0x1b,0xad,0x02,0x2b,0x02,0xe9,0x01,0xa8,0x01,0xa8,0x01,
    0xc9,0x01,0xa8,0x01,0xc9,0x01,0xac,0x1a,0xac,0x1a,0xea,0x01,0x67,0x01,0x06,0x01,0x05,0x01,0x05,0x01,0xe5,0x00,0x06,0x01,
    0x26,0x01,0x47,0x01,0x47,0x01,0x67,0x01,0x68,0x01,0x87,0x01,0x0a,0x02,0x70,0x2b,0x94,0x5c,0x33,0x3c,0x4f,0x1b,0x6f,0x2b,
    0x94,0x64,0x77,0x95,0x57,0x9d,0xf5,0x84,0xb4,0x74,0x94,0x6c,0x73,0x6c,0x53,0x64,0x32,0x5c,0xf1,0x4b,0xb0,0x43,0x8f,0x43,
    0xd0,0x53,0xf1,0x53,0xd1,0x4b,0x90,0x4b,0x90,0x43,0xd0,0x4b,0xd1,0x43,0x4f,0x33,0x2e,0x23,0x4e,0x2b,0xb0,0x3b,0xb1,0x3b,
    0xd1,0x3b,0xd1,0x43,0xd1,0x3b,0xf1,0x3b,0x33,0x4c,0x94,0x64,0x94,0x64,0x94,0x64,0xb5,0x6c,0x94,0x64,0xb5,0x74,0x94,0x64,
    0x12,0x44,0x12,0x4c,0x73,0x54,0x53,0x54,0xd1,0x33,0x70,0x2b,0xb1,0x33,0x4f,0x1b,0x0e,0x13,0x4f,0x1b,0xd1,0x33,0x13,0x44,
    0x70,0x1b,0xac,0x02,0x8c,0x02,0x6c,0x0a,0xa8,0x01,0x0a,0x02,0xad,0x0a,0x87,0x01,0xe5,0x00,0xc4,0x00,0xa4,0x00,0x83,0x00,
    0x83,0x08,0xa8,0x01,0x70,0x1b,0x90,0x33,0xac,0x12,0x46,0x01,0x06,0x01,0x26,0x01,0xe5,0x00,0xa4,0x00,0x62,0x08,0x42,0x00,
    0x62,0x00,0x63,0x00,0x83,0x00,0x26,0x01,0x06,0x01,0xe4,0x00,0x27,0x01,0xe9,0x01,0xad,0x1a,0x2e,0x2b,0x90,0x3b,0x52,0x64,
    0xb4,0x84,0xf4,0x8c,0x15,0x9d,0x55,0x9d,0x35,0xa5,0xd4,0x8c,0x72,0x7c,0x32,0x6c,0xf1,0x53,0x73,0x6c,0xb3,0x8c,0x31,0x7c,
    0xa8,0x01,0x2a,0x0a,0x8c,0x1a,0x2e,0x33,0xb0,0x43,0x53,0x54,0x53,0x54,0x12,0x4c,0x32,0x54,0xb4,0x6c,0xf5,0x8c,0x35,0x9d,
    0x56,0xa5,0x15,0x9d,0xb4,0x7c,0x32,0x5c,0x6f,0x43,0xac,0x2a,0x09,0x12,0x88,0x01,0x46,0x01,0x06,0x01,0x05,0x01,0x05,0x01,
    0xe5,0x00,0xe5,0x00,0xe5,0x00,0xe5,0x00,0xe5,0x08,0xe5,0x00,0x05,0x01,0x05,0x01,0xe5,0x00,0xe5,0x00,0x06,0x01,0x87,0x01,
    0xea,0x01,0x6c,0x12,0x4f,0x33,0xd1,0x3b,0x32,0x4c,0xb5,0x6c,0xf5,0x74,0xd5,0x74,0x94,0x5c,0xb4,0x6c,0x16,0x85,0x73,0x54,
    0xd2,0x2b,0x90,0x23,0x91,0x1b,0x91,0x23,0xb1,0x2b,0x2f,0x1b,0x6f,0x2b,0xb5,0x6c,0xd6,0x74,0x33,0x44,0xb0,0x2b,0x2e,0x1b,
    0xad,0x12,0x6c,0x12,0x4b,0x0a,0x2a,0x0a,0x2b,0x02,0x8c,0x12,0xee,0x0a,0xce,0x0a,0xed,0x1a,0x2f,0x1b,0x91,0x33,0x93,0x64,
    0xf5,0x84,0xd5,0x74,0xb4,0x74,0xf5,0x8c,0x36,0x9d,0x15,0x95,0x94,0x64,0xd1,0x3b,0xb1,0x2b,0xd2,0x2b,0xd1,0x2b,0x91,0x23,
    0x2f,0x03,0x8c,0x02,0xe9,0x01,0x68,0x01,0x47,0x01,0x06,0x01,0x25,0x01,0x06,0x01,0x46,0x01,0x47,0x09,0x26,0x11,0x05,0x01,
    0x05,0x01,0x26,0x01,0xa9,0x01,0x0a,0x02,0x2a,0x0a,0x2b,0x12,0x4b,0x0a,0x6b,0x12,0xad,0x12,0x0e,0x1b,0x4f,0x1b,0x70,0x13,
    0x70,0x23,0xf1,0x3b,0x33,0x44,0xd1,0x3b,0x2f,0x0b,0xcd,0x02,0x2f,0x13,0x50,0x1b,0x0e,0x03,0xad,0x02,0xcd,0x02,0x70,0x13,
    0x2f,0x13,0xee,0x12,0x0e,0x13,0x8c,0x12,0xc8,0x01,0x0a,0x02,0x8d,0x0a,0x0a,0x02,0x46,0x01,0xe5,0x00,0xa8,0x01,0x88,0x01,
    0xe5,0x00,0xa4,0x08,0xa4,0x00,0x83,0x00,0x26,0x01,0xad,0x02,0xf1,0x4b,0xf4,0x84,0x12,0x4c,0x0a,0x02,0x06,0x01,0xe5,0x08,
    0xa3,0x00,0x83,0x08,0x63,0x00,0x42,0x00,0x63,0x08,0x05,0x01,0xad,0x1a,0x90,0x2b,0xee,0x12,0x2f,0x2b,0x32,0x54,0xd4,0x74,
    0xb4,0x7c,0xd4,0x7c,0x15,0x8d,0xb4,0x84,0x32,0x64,0x11,0x54,0xf1,0x5b,0xf1,0x53,0xd1,0x4b,0x0e,0x23,0x6b,0x0a,0x4b,0x02,
    0x4b,0x0a,0x8b,0x0a,0xcd,0x1a,0xcd,0x12,0xb4,0x74,0xf5,0x84,0x56,0xa5,0x76,0xa5,0x55,0xa5,0xf4,0x8c,0xb4,0x74,0xb4,0x74,
    0xf4,0x84,0x36,0x95,0xf5,0x84,0x53,0x5c,0x90,0x23,0x0e,0x0b,0x4b,0x02,0xa8,0x01,0x06,0x01,0xe4,0x00,0xa4,0x00,0xc4,0x00,
    0xc4,0x08,0xa4,0x00,0xa4,0x08,0xc4,0x00,0xc4,0x08,0xc4,0x00,0xc5,0x08,0x05,0x01,0x88,0x01,0x0a,0x02,0x6c,0x02,0xee,0x0a,
    0x90,0x3b,0x12,0x44,0x33,0x4c,0x33,0x3c,0x33,0x44,0x53,0x54,0xb4,0x74,0xd5,0x7c,0x73,0x64,0xb0,0x4b,0x4f,0x3b,0x0d,0x33,
    0x0e,0x33,0x8f,0x43,0x53,0x5c,0x94,0x6c,0x12,0x44,0x91,0x23,0xb1,0x23,0xf1,0x3b,0x33,0x4c,0x53,0x54,0x74,0x64,0x32,0x54,
    0x12,0x44,0x33,0x54,0xd5,0x7c,0x16,0x7d,0xb5,0x6c,0xb4,0x64,0xd5,0x6c,0xb5,0x64,0x94,0x64,0x12,0x44,0xb1,0x2b,0xf2,0x2b,
    0x33,0x4c,0x94,0x6c,0x36,0x8d,0x97,0xad,0xb8,0xb5,0xd8,0xc5,0x97,0xa5,0x52,0x5c,0xed,0x1a,0x8c,0x0a,0xee,0x0a,0x90,0x23,
    0xd2,0x23,0xb1,0x23,0x70,0x1b,0x4f,0x1b,0x70,0x13,0xb1,0x33,0xd1,0x3b,0xd1,0x43,0x2e,0x33,0xed,0x2a,0xad,0x22,0x8c,0x1a,
    0x09,0x12,0x26,0x01,0x05,0x01,0x26,0x01,0xa8,0x09,0x2a,0x12,0xac,0x22,0x6b,0x1a,0x0a,0x02,0x0a,0x02,0x2a,0x0a,0x4b,0x02,
    0x2b,0x02,0x0a,0x02,0x4b,0x02,0x8c,0x02,0xad,0x02,0xad,0x02,0xcd,0x02,0xce,0x0a,0x2f,0x0b,0x2f,0x0b,0xad,0x02,0x4b,0x02,
    0x4b,0x02,0xcd,0x0a,0x0f,0x0b,0xed,0x0a,0x8c,0x0a,0xe9,0x01,0x2b,0x02,0x8c,0x02,0xe9,0x01,0xa8,0x01,0x09,0x02,0xce,0x02,
    0x4b,0x02,0x26,0x01,0xc4,0x00,0xc4,0x00,0x05,0x01,0xe5,0x00,0xa4,0x08,0x26,0x01,0xcd,0x12,0x0e,0x13,0xec,0x22,0x2e,0x43,
    0xcd,0x2a,0xa8,0x01,0x05,0x01,0x83,0x08,0x62,0x00,0x63,0x00,0x63,0x08,0x62,0x00,0xc4,0x00,0x0a,0x02,0x90,0x33,0x4f,0x33,
    0x0e,0x13,0x12,0x4c,0x93,0x74,0x93,0x74,0x73,0x74,0xb3,0x7c,0x32,0x6c,0x2e,0x33,0x6b,0x0a,0x6b,0x12,0x0e,0x23,0xb1,0x3b,
    0x12,0x54,0xf1,0x4b,0x6f,0x33,0xad,0x1a,0xac,0x12,0x4f,0x33,0xb0,0x4b,0x4f,0x33,0x73,0x74,0x92,0x84,0xd3,0x8c,0xf5,0x8c,
    0x35,0xa5,0x77,0xad,0xb7,0xb5,0x97,0xad,0x36,0x8d,0x94,0x64,0x32,0x3c,0xd2,0x23,0x70,0x13,0xad,0x02,0xc9,0x01,0x46,0x09,
    0xe5,0x08,0xc4,0x00,0xa4,0x08,0xa4,0x00,0x83,0x08,0x83,0x00,0x83,0x00,0x83,0x08,0x84,0x00,0xc4,0x00,0x67,0x01,0xad,0x02,
    0xb1,0x23,0x53,0x44,0xf6,0x6c,0x77,0x8d,0x36,0x7d,0x12,0x54,0x0d,0x33,0x6b,0x22,0x4a,0x1a,0x0a,0x12,0xc8,0x09,0x87,0x01,
    0x67,0x01,0x26,0x01,0xc5,0x00,0xa4,0x00,0xa3,0x00,0xc4,0x00,0x88,0x01,0x2f,0x2b,0xd4,0x74,0x36,0x8d,0x16,0x85,0xf5,0x74,
    0x54,0x4c,0xd1,0x2b,0xf2,0x43,0x53,0x5c,0xb4,0x74,0xf6,0x7c,0x16,0x7d,0xf5,0x74,0x94,0x64,0xb4,0x64,0x16,0x85,0xf5,0x7c,
    0x53,0x64,0xf2,0x43,0x90,0x2b,0xcd,0x22,0xac,0x1a,0x6f,0x1b,0x74,0x5c,0x52,0x64,0x11,0x5c,0x31,0x64,0x12,0x4c,0xd1,0x3b,
    0x90,0x2b,0x91,0x23,0x70,0x23,0x2f,0x1b,0xee,0x02,0x8c,0x02,0x4b,0x02,0x6c,0x02,0x0e,0x0b,0x12,0x44,0x16,0x7d,0x36,0x95,
    0x36,0x8d,0x15,0x7d,0xf5,0x7c,0xf5,0x7c,0x94,0x64,0x33,0x4c,0x12,0x4c,0x33,0x54,0xb4,0x74,0x16,0x85,0x36,0x8d,0xf5,0x7c,
    0xb5,0x64,0x73,0x5c,0x33,0x44,0xd1,0x33,0x2f,0x0b,0xac,0x02,0x8d,0x02,0xed,0x0a,0x2f,0x13,0x50,0x1b,0x70,0x23,0x90,0x2b,
    0x70,0x13,0x4f,0x0b,0x2f,0x0b,0x2b,0x02,0x67,0x01,0x88,0x01,0xe9,0x01,0xa9,0x01,0xa8,0x01,0xa8,0x01,0x67,0x01,0x88,0x01,
    0x0a,0x02,0x2a,0x02,0xc9,0x01,0x87,0x09,0xa8,0x01,0x67,0x01,0x26,0x01,0x46,0x01,0x67,0x01,0x26,0x01,0xc4,0x00,0x6b,0x0a,
    0x0e,0x23,0x87,0x09,0xe5,0x08,0xc4,0x00,0xa3,0x00,0xa4,0x00,0xe5,0x00,0xc5,0x00,0x83,0x08,0x63,0x00,0x83,0x08,0xc4,0x00,
    0xea,0x01,0xcd,0x02,0x2b,0x02,0xcd,0x12,0xd1,0x43,0x93,0x74,0xb4,0x7c,0x52,0x64,0x6f,0x43,0x4a,0x22,0x46,0x09,0x06,0x09,
    0x26,0x01,0xe5,0x00,0xa8,0x01,0x6b,0x0a,0x6c,0x12,0x0a,0x0a,0x09,0x0a,0xe9,0x09,0xc9,0x09,0x4b,0x02,0x8c,0x12,0x4a,0x0a,
    0x32,0x6c,0xd4,0x8c,0x35,0xa5,0x56,0xa5,0xf4,0x8c,0x32,0x64,0xb0,0x43,0x90,0x2b,0xf2,0x3b,0x53,0x4c,0x33,0x44,0x90,0x23,
    0xad,0x02,0xc9,0x01,0x26,0x01,0x06,0x01,0xe5,0x00,0xe5,0x00,0xe5,0x00,0xe5,0x00,0xe5,0x00,0xe5,0x00,0x26,0x01,0x47,0x01,
    0xa8,0x01,0xee,0x1a,0x53,0x54,0x57,0x85,0x77,0x95,0x36,0x8d,0x72,0x6c,0x4f,0x33,0xea,0x09,0x06,0x01,0xa4,0x00,0x83,0x00,
    0x83,0x00,0xa4,0x00,0xc4,0x00,0xe5,0x00,0xe5,0x00,0x05,0x01,0x26,0x01,0x67,0x09,0x88,0x01,0x0a,0x0a,0xad,0x0a,0x0e,0x13,
    0x90,0x3b,0x90,0x43,0x4e,0x3b,0x4f,0x43,0x0e,0x2b,0x6c,0x02,0x0a,0x02,0x8d,0x02,0x2f,0x1b,0x70,0x2b,0x4f,0x2b,0xed,0x1a,
    0xcd,0x12,0x8d,0x0a,0xac,0x12,0x8c,0x1a,0x2a,0x0a,0xa8,0x09,0x26,0x01,0x26,0x01,0xa9,0x01,0x8c,0x02,0x0a,0x02,0x47,0x01,
    0x26,0x01,0x26,0x01,0xa8,0x01,0x2b,0x0a,0xac,0x12,0x4b,0x0a,0xe9,0x01,0x67,0x01,0x47,0x01,0x26,0x01,0x46,0x01,0x67,0x01,
    0xc9,0x01,0xea,0x01,0xc8,0x01,0xa8,0x09,0xa8,0x09,0xe9,0x11,0x09,0x1a,0x2b,0x1a,0x6b,0x22,0x8c,0x22,0xab,0x22,0xac,0x2a,
    0xcd,0x22,0xac,0x22,0xad,0x12,0xed,0x1a,0x0e,0x1b,0xed,0x1a,0xac,0x12,0xee,0x0a,0x90,0x1b,0xf2,0x3b,0x53,0x4c,0x95,0x5c,
    0x94,0x64,0x74,0x54,0x32,0x44,0x91,0x2b,0x2f,0x13,0xad,0x02,0x6b,0x02,0x4b,0x02,0xe9,0x01,0x67,0x01,0x05,0x01,0xe5,0x00,
    0x06,0x01,0x67,0x01,0x26,0x01,0xe4,0x08,0xa4,0x00,0x05,0x09,0x47,0x01,0x46,0x01,0x05,0x01,0xe5,0x08,0x25,0x09,0xe5,0x00,
    0xe5,0x00,0x46,0x01,0x0d,0x2b,0xd1,0x3b,0x0a,0x02,0x05,0x01,0xa4,0x00,0x62,0x08,0x63,0x08,0x83,0x08,0x83,0x00,0xc4,0x08,
    0xa4,0x00,0x83,0x00,0xe4,0x00,0x67,0x09,0xf1,0x3b,0x70,0x2b,0x12,0x4c,0x93,0x74,0x73,0x6c,0x15,0x95,0x53,0x5c,0x0a,0x12,
    0xe5,0x00,0x83,0x00,0x63,0x00,0x83,0x00,0xe5,0x00,0x88,0x01,0xe9,0x01,0x47,0x01,0xc4,0x00,0xa3,0x08,0x84,0x00,0xe5,0x00,
    0x6b,0x02,0x2f,0x1b,0xed,0x22,0xac,0x1a,0x97,0xad,0x97,0xad,0xd5,0x6c,0x4f,0x13,0x2a,0x02,0xea,0x01,0xad,0x02,0xb1,0x2b,
    0x12,0x3c,0xd2,0x2b,0x90,0x23,0x70,0x1b,0x6f,0x2b,0x4f,0x2b,0x2e,0x33,0x2f,0x2b,0x6f,0x2b,0x70,0x33,0x4f,0x1b,0xed,0x12,
    0xad,0x02,0xad,0x0a,0xed,0x12,0x90,0x23,0x53,0x4c,0xd5,0x64,0x73,0x64,0xb0,0x4b,0x6b,0x22,0x67,0x09,0xc4,0x00,0xa4,0x00,
    0xa4,0x00,0xc4,0x08,0xc4,0x00,0xc5,0x00,0xc4,0x00,0xc5,0x00,0x05,0x01,0x67,0x01,0x0a,0x02,0x8d,0x0a,0xee,0x02,0x0f,0x0b,
    0x2f,0x0b,0xee,0x0a,0x4b,0x02,0x88,0x09,0x05,0x01,0xc4,0x00,0x84,0x00,0x83,0x00,0xc4,0x00,0x46,0x01,0xee,0x1a,0x32,0x44,
    0x53,0x54,0xd1,0x33,0x0e,0x1b,0xad,0x12,0x8c,0x0a,0xac,0x0a,0xad,0x0a,0xad,0x0a,0x0a,0x02,0x47,0x01,0x05,0x01,0x06,0x01,
    0x46,0x01,0xc5,0x00,0x83,0x00,0x83,0x00,0x83,0x00,0xe5,0x00,0x05,0x01,0x26,0x01,0x47,0x01,0xa8,0x01,0x4b,0x0a,0xee,0x22,
    0x2e,0x2b,0x2e,0x2b,0x0e,0x23,0x2e,0x2b,0x2e,0x2b,0xcd,0x22,0x2a,0x12,0xa8,0x01,0x26,0x01,0xe5,0x00,0xa4,0x00,0x83,0x00,
    0x63,0x00,0x62,0x00,0x63,0x00,0x63,0x00,0x83,0x00,0xa4,0x00,0xc4,0x00,0xe5,0x00,0xe5,0x00,0x47,0x01,0xa8,0x01,0x4c,0x02,
    0x2f,0x13,0xd1,0x33,0xf1,0x3b,0xb1,0x33,0x4f,0x23,0xad,0x0a,0x0a,0x02,0xa8,0x01,0x67,0x01,0x47,0x01,0x26,0x01,0xe5,0x00,
    0x05,0x01,0xc5,0x08,0xc4,0x00,0xc4,0x08,0xa4,0x00,0xc4,0x08,0x06,0x01,0xe5,0x00,0xe5,0x00,0x05,0x01,0x05,0x01,0x06,0x01,
    0x46,0x01,0xe5,0x00,0xa4,0x00,0xe5,0x00,0x2a,0x12,0x6e,0x3b,0xd5,0x84,0x73,0x64,0xad,0x0a,0x4b,0x02,0x0a,0x02,0x67,0x01,
    0xa4,0x00,0x63,0x00,0xa3,0x08,0xa4,0x00,0xe5,0x00,0x05,0x01,0x47,0x01,0x05,0x01,0x4a,0x1a,0xf1,0x5b,0x34,0x95,0xf5,0x94,
    0x72,0x6c,0xcc,0x3a,0x87,0x09,0xc4,0x00,0xe5,0x00,0x05,0x09,0x06,0x01,0x47,0x09,0x46,0x01,0x06,0x09,0xa3,0x08,0x63,0x00,
    0x63,0x00,0xa4,0x00,0x09,0x12,0x90,0x43,0x90,0x33,0x6c,0x02,0x0a,0x0a,0xcc,0x32,0xd8,0xb5,0x57,0x8d,0x94,0x64,0x73,0x4c,
    0x94,0x64,0x16,0x85,0x97,0x9d,0xb7,0xa5,0x97,0xad,0xb7,0xad,0xb7,0xbd,0xd8,0xbd,0xb8,0xb5,0x97,0xa5,0x76,0x9d,0x56,0x95,
    0x36,0x85,0x16,0x85,0xf5,0x74,0xb4,0x64,0x52,0x5c,0x32,0x5c,0x32,0x5c,0x12,0x54,0x2e,0x33,0xe9,0x09,0x05,0x01,0xa4,0x00,
    0x83,0x00,0x83,0x00,0x83,0x08,0xa4,0x08,0xa4,0x00,0xc4,0x00,0xe5,0x08,0xe5,0x00,0xc4,0x08,0xe5,0x00,0xe5,0x00,0x05,0x09,
    0x26,0x01,0x67,0x01,0x87,0x01,0x67,0x01,0x26,0x01,0xe5,0x00,0xa4,0x00,0xa4,0x00,0x83,0x00,0x83,0x08,0x83,0x00,0x83,0x08,
    0x47,0x01,0xcd,0x02,0x70,0x23,0xcd,0x2a,0x8c,0x22,0xac,0x22,0xcd,0x22,0x2f,0x23,0xd2,0x2b,0x74,0x4c,0xf5,0x74,0xd5,0x6c,
    0x53,0x5c,0xb0,0x33,0x2f,0x23,0x4f,0x33,0x4f,0x33,0xac,0x1a,0x4b,0x12,0x8c,0x1a,0x70,0x33,0x2f,0x1b,0xad,0x0a,0xcd,0x22,
    0x6f,0x3b,0x53,0x64,0x56,0x8d,0x97,0xad,0x56,0xa5,0x15,0x95,0x56,0x9d,0x97,0xa5,0x36,0x9d,0x76,0x9d,0x93,0x74,0xf2,0x43,
    0xf2,0x3b,0xf1,0x43,0xb0,0x33,0x6f,0x33,0x2e,0x33,0xed,0x32,0x8c,0x2a,0x4a,0x22,0x2a,0x1a,0x0a,0x1a,0x0a,0x1a,0x4b,0x1a,
    0xcc,0x22,0x4f,0x3b,0xd1,0x4b,0x11,0x4c,0x11,0x54,0x12,0x54,0xd1,0x3b,0xad,0x02,0x67,0x01,0xe5,0x00,0xc4,0x00,0xa4,0x00,
    0x83,0x00,0xa3,0x00,0xa4,0x00,0x05,0x01,0x26,0x01,0xe5,0x00,0xc5,0x00,0x83,0x00,0x83,0x00,0x63,0x00,0x83,0x00,0xa4,0x00,
    0xc4,0x00,0xc4,0x00,0xc4,0x08,0xc4,0x00,0x67,0x01,0xed,0x1a,0x6c,0x12,0xcd,0x12,0x52,0x5c,0xf2,0x4b,0xd1,0x43,0xac,0x1a,
    0x67,0x01,0x26,0x01,0x88,0x01,0x6c,0x02,0xa8,0x09,0x83,0x00,0xc4,0x00,0xa9,0x01,0xe9,0x01,0x87,0x01,0xa8,0x09,0x26,0x09,
    0xc4,0x00,0x0d,0x3b,0x10,0x6c,0xac,0x32,0x67,0x09,0x26,0x01,0xe9,0x11,0x2f,0x33,0x4f,0x1b,0x0a,0x02,0x26,0x01,0xc4,0x00,
    0x63,0x00,0x83,0x00,0x26,0x01,0x4a,0x1a,0xcc,0x32,0xd0,0x53,0xb3,0x7c,0x93,0x7c,0x52,0x6c,0x72,0x7c,0xb3,0x84,0xf1,0x5b,
    0xb4,0x6c,0xd5,0x64,0xf5,0x7c,0x77,0xa5,0xb8,0xb5,0x97,0xad,0x56,0x9d,0xf5,0x8c,0xd4,0x7c,0x53,0x64,0x6f,0x4b,0xcc,0x2a,
    0x4a,0x22,0x0a,0x12,0x4a,0x12,0x6c,0x1a,0xac,0x1a,0xac,0x1a,0x6b,0x1a,0x0a,0x12,0x88,0x09,0xa8,0x09,0x67,0x01,0x26,0x01,
    0x06,0x01,0xa4,0x00,0x83,0x08,0x83,0x08,0xa4,0x08,0xa4,0x00,0xc4,0x00,0xe5,0x00,0x05,0x01,0xe5,0x00,0xe5,0x00,0xc4,0x00,
    0xc5,0x00,0xa4,0x00,0xa4,0x00,0xa4,0x00,0x84,0x08,0xa3,0x00,0x84,0x08,0xa4,0x00,0xa4,0x08,0xc4,0x00,0xc4,0x00,0xc4,0x00,
    0xc4,0x00,0xe6,0x00,0x67,0x01,0x0a,0x02,0x8d,0x0a,0x0a,0x02,0x05,0x01,0xa4,0x00,0x83,0x00,0xa4,0x00,0xc4,0x00,0x46,0x01,
    0xa8,0x01,0xa8,0x09,0xa8,0x11,0x46,0x09,0x87,0x11,0x6c,0x12,0x90,0x2b,0x94,0x5c,0x16,0x7d,0x16,0x7d,0x16,0x7d,0x76,0x9d,
    0xd8,0xad,0x77,0xa5,0x56,0x8d,0x56,0x8d,0x36,0x95,0x56,0x9d,0x77,0xad,0x76,0xad,0x56,0xa5,0x35,0x9d,0x56,0xa5,0xf4,0x94,
    0x55,0xa5,0x15,0x95,0x12,0x5c,0x90,0x3b,0x6f,0x43,0x6f,0x43,0x90,0x53,0x8f,0x4b,0x4f,0x43,0x0e,0x3b,0xac,0x2a,0x6b,0x22,
    0x2a,0x12,0x09,0x0a,0x2a,0x0a,0x8c,0x0a,0x2e,0x23,0x90,0x3b,0x32,0x54,0xd4,0x84,0xd4,0x84,0x6f,0x3b,0xf1,0x43,0xf1,0x4b,
    0x4f,0x33,0xed,0x22,0xcd,0x22,0xac,0x22,0x8c,0x22,0xad,0x1a,0xcd,0x1a,0x4f,0x23,0x4f,0x2b,0x2f,0x1b,0xed,0x1a,0x8c,0x12,
    0xe9,0x01,0xe9,0x09,0xc8,0x09,0xc9,0x09,0xe9,0x09,0x47,0x01,0xe5,0x00,0x06,0x01,0x4b,0x0a,0x90,0x33,0xd1,0x43,0x53,0x54,
    0x2e,0x33,0xad,0x12,0x6b,0x02,0xe5,0x00,0x83,0x00,0x83,0x08,0x83,0x00,0x46,0x01,0xe9,0x09,0xa4,0x00,0xe5,0x00,0x4b,0x0a,
    0xad,0x0a,0x0a,0x02,0x8b,0x22,0x8b,0x1a,0xe9,0x11,0xe9,0x11,0x67,0x11,0xa4,0x00,0xc8,0x01,0xf1,0x43,0x93,0x74,0x93,0x6c,
    0x93,0x74,0x12,0x64,0x0d,0x2b,0x4b,0x0a,0x4a,0x12,0x4e,0x3b,0x32,0x5c,0xd3,0x8c,0xf4,0x9c,0xd4,0x8c,0x52,0x74,0x52,0x6c,
    0xb3,0x8c,0xf4,0x9c,0xd3,0x94,0x92,0x84,0x8c,0x02,0x70,0x1b,0x73,0x54,0xf5,0x7c,0xf5,0x74,0x93,0x6c,0x73,0x5c,0x73,0x5c,
    0x12,0x3c,0x6f,0x23,0xad,0x12,0x2a,0x0a,0xc9,0x01,0x47,0x01,0x06,0x01,0x06,0x01,0x25,0x01,0x06,0x01,0xe5,0x00,0xa4,0x00,
    0x83,0x00,0xa4,0x00,0xa4,0x00,0x05,0x01,0xa8,0x01,0x0a,0x02,0xc9,0x01,0x67,0x01,0x26,0x01,0x26,0x01,0xe5,0x00,0xe5,0x00,
    0xa4,0x08,0x83,0x08,0x83,0x00,0x83,0x08,0xa3,0x00,0x83,0x08,0x83,0x08,0xa3,0x00,0x84,0x00,0xa3,0x00,0xa4,0x00,0xc4,0x00,
    0xc5,0x00,0xe5,0x00,0xe5,0x00,0x06,0x09,0x47,0x01,0x87,0x01,0x88,0x01,0x67,0x01,0x26,0x01,0xa4,0x00,0xc4,0x00,0xc4,0x00,
    0xe5,0x00,0x26,0x01,0x47,0x01,0x47,0x01,0xc5,0x08,0xa4,0x00,0xc5,0x00,0x26,0x01,0x88,0x01,0x2b,0x02,0x90,0x2b,0xb5,0x6c,
    0x15,0x7d,0x36,0x95,0x56,0x95,0xd5,0x84,0x93,0x74,0xd4,0x84,0x36,0x95,0x77,0xad,0xb7,0xbd,0xd7,0xbd,0x97,0xad,0x56,0x9d,
    0x15,0x8d,0xb3,0x7c,0x73,0x6c,0x73,0x74,0xf4,0x84,0xd5,0x7c,0x93,0x64,0xf2,0x43,0x2e,0x2b,0x2b,0x02,0x67,0x01,0x06,0x01,
    0xe5,0x00,0x06,0x01,0x67,0x01,0xe9,0x09,0x4b,0x12,0xcd,0x22,0x90,0x43,0x32,0x64,0x93,0x6c,0xb4,0x7c,0x94,0x7c,0x11,0x5c,
    0x6f,0x3b,0x0e,0x33,0x4f,0x3b,0x90,0x4b,0xf1,0x53,0xb1,0x43,0x6f,0x2b,0x2f,0x2b,0x2f,0x23,0x4f,0x23,0x6f,0x2b,0x6f,0x2b,
    0x4f,0x23,0x4f,0x23,0x2f,0x23,0x4f,0x1b,0xce,0x0a,0xad,0x12,0x2f,0x1b,0x2a,0x0a,0x88,0x09,0x67,0x09,0x87,0x01,0x6b,0x0a,
    0xee,0x12,0xe9,0x01,0xcc,0x12,0x90,0x33,0x47,0x01,0x0d,0x23,0x12,0x4c,0x26,0x01,0xa4,0x00,0xa3,0x08,0x83,0x00,0x63,0x08,
    0x26,0x01,0x67,0x01,0x05,0x01,0xe9,0x09,0x6b,0x12,0x2e,0x33,0x8b,0x2a,0xc4,0x08,0xe5,0x00,0x26,0x01,0x88,0x01,0x8c,0x12,
    0xf1,0x3b,0x94,0x6c,0x6f,0x33,0xee,0x12,0xb0,0x3b,0x52,0x6c,0x11,0x54,0x53,0x64,0xf4,0x84,0x36,0x95,0x15,0x9d,0x72,0x84,
    0x92,0x84,0xd3,0x8c,0x52,0x74,0xaf,0x4b,0x6f,0x43,0x2d,0x4b,0x4f,0x4b,0xf0,0x63,0x53,0x64,0x76,0x9d,0xb8,0xb5,0x96,0xb5,
    0x96,0xad,0x76,0xad,0x56,0x9d,0x35,0x9d,0x15,0x9d,0xf5,0x8c,0xd4,0x74,0x53,0x5c,0xd1,0x33,0x0f,0x13,0x6b,0x02,0xc9,0x01,
    0x67,0x01,0x26,0x01,0x26,0x01,0x05,0x01,0x05,0x01,0x26,0x01,0x67,0x01,0xc9,0x01,0x6c,0x0a,0xed,0x0a,0xee,0x0a,0x4c,0x02,
    0x67,0x01,0xc4,0x00,0x83,0x08,0x63,0x00,0x62,0x08,0x83,0x00,0x63,0x08,0x63,0x00,0x62,0x08,0x42,0x00,0x83,0x00,0xa4,0x00,
    0xc4,0x08,0xc5,0x00,0xe5,0x00,0xe5,0x00,0xe5,0x00,0xe5,0x00,0x05,0x01,0x05,0x01,0x26,0x01,0x47,0x01,0x26,0x01,0x26,0x01,
    0x26,0x01,0x67,0x09,0x88,0x01,0xc9,0x01,0xc9,0x01,0xa8,0x01,0x68,0x01,0x47,0x01,0xa8,0x01,0xad,0x02,0xb1,0x2b,0x53,0x4c,
    0xd4,0x64,0x36,0x85,0xf5,0x84,0x53,0x5c,0x53,0x54,0x94,0x54,0xb1,0x2b,0x0f,0x03,0x70,0x1b,0xb4,0x6c,0xb8,0xa5,0xd8,0xad,
    0x36,0x8d,0x94,0x6c,0xd1,0x4b,0xcc,0x2a,0x2a,0x12,0xc9,0x09,0xc8,0x01,0xe9,0x09,0xe9,0x09,0x4b,0x12,0xac,0x22,0x90,0x33,
    0x33,0x4c,0xb4,0x64,0xf5,0x74,0xd4,0x84,0x73,0x6c,0xb4,0x6c,0x15,0x7d,0x36,0x95,0x97,0x9d,0x97,0xad,0x56,0xa5,0x35,0x9d,
    0x15,0x95,0xd4,0x8c,0x31,0x6c,0x2f,0x33,0xac,0x22,0x6b,0x12,0x4a,0x12,0x2a,0x12,0x4b,0x0a,0x4b,0x02,0x4b,0x02,0x8c,0x02,
    0x0e,0x1b,0x2f,0x1b,0x2e,0x23,0xee,0x12,0xee,0x1a,0x2e,0x23,0x0e,0x1b,0x8c,0x02,0x6b,0x02,0x4b,0x0a,0xac,0x02,0x0a,0x02,
    0x05,0x01,0x26,0x01,0xa9,0x01,0xc8,0x01,0x8c,0x02,0x2e,0x13,0x12,0x54,0xd1,0x4b,0xad,0x1a,0x52,0x54,0x53,0x5c,0xc9,0x09,
    0x05,0x01,0xc5,0x00,0xa4,0x00,0x83,0x00,0x83,0x08,0x06,0x01,0xea,0x01,0x2e,0x23,0xac,0x22,0xe9,0x11,0x88,0x09,0x2a,0x0a,
    0x0a,0x02,0x4b,0x12,0x4e,0x33,0x0e,0x23,0xb1,0x3b,0x6f,0x33,0xad,0x0a,0x6f,0x23,0xb0,0x3b,0x6f,0x33,0x4f,0x2b,0x70,0x33,
    0x4e,0x3b,0x0d,0x33,0x4a,0x1a,0x87,0x09,0xa8,0x09,0x4b,0x22,0xed,0x2a,0xcd,0x1a,0xc9,0x01,0x06,0x01,0xe5,0x00,0x67,0x01,
    0x15,0x8d,0xf1,0x5b,0x0e,0x33,0xac,0x2a,0x6c,0x1a,0x4b,0x0a,0xe9,0x01,0xa8,0x01,0x87,0x01,0x46,0x01,0x26,0x01,0x06,0x01,
    0x26,0x01,0x46,0x01,0x47,0x01,0x26,0x01,0xe5,0x08,0xc5,0x00,0xc4,0x00,0xc4,0x00,0xc5,0x08,0xe5,0x00,0xe5,0x08,0xc4,0x00,
    0xc4,0x00,0xa4,0x00,0xe5,0x00,0xc4,0x00,0xa4,0x00,0x83,0x08,0x83,0x00,0x63,0x08,0x83,0x00,0x62,0x08,0x63,0x00,0x62,0x08,
    0xe5,0x00,0x88,0x01,0x88,0x09,0x47,0x01,0x47,0x01,0x26,0x01,0xe5,0x00,0xc4,0x08,0xa4,0x00,0x83,0x00,0x63,0x00,0x06,0x01,
    0xc9,0x09,0x8c,0x02,0xce,0x0a,0xad,0x02,0x4b,0x02,0xa9,0x01,0x88,0x01,0xa8,0x01,0xc9,0x01,0x0a,0x02,0x6b,0x02,0xee,0x12,
    0x33,0x44,0x57,0x85,0xb7,0xa5,0x57,0x9d,0xf5,0x7c,0x94,0x54,0x12,0x44,0x13,0x44,0x12,0x4c,0x70,0x1b,0x2f,0x0b,0xd1,0x3b,
    0xd5,0x74,0xd5,0x84,0xf1,0x5b,0xed,0x22,0x2a,0x12,0x67,0x01,0xe5,0x00,0xe5,0x00,0xc4,0x00,0xc4,0x00,0xc4,0x00,0xc5,0x00,
    0xc4,0x00,0xe5,0x00,0x26,0x01,0x67,0x01,0x0a,0x02,0xcd,0x12,0xf1,0x4b,0x73,0x6c,0xd4,0x7c,0x36,0x9d,0x97,0xa5,0x97,0xad,
    0x56,0xa5,0x15,0x95,0x52,0x6c,0x11,0x64,0x11,0x5c,0x32,0x64,0xb4,0x7c,0xb3,0x7c,0xb4,0x7c,0x93,0x6c,0xb0,0x4b,0x6f,0x3b,
    0x11,0x54,0xf1,0x53,0xd1,0x43,0xd1,0x4b,0xd0,0x4b,0xd0,0x43,0xf2,0x53,0x52,0x64,0x32,0x5c,0xd1,0x43,0x6f,0x33,0xb0,0x43,
    0xd1,0x43,0x90,0x33,0x8c,0x12,0x4b,0x0a,0x6b,0x02,0x6b,0x0a,0xcd,0x1a,0x8b,0x22,0xcc,0x1a,0x4f,0x23,0xf1,0x4b,0x4f,0x3b,
    0x09,0x12,0xe9,0x19,0x2a,0x1a,0xe9,0x01,0xa8,0x01,0x2a,0x0a,0x46,0x09,0x83,0x00,0x63,0x00,0x87,0x09,0x6f,0x2b,0x2e,0x2b,
    0xb0,0x3b,0x2e,0x33,0x32,0x5c,0xb1,0x3b,0x6c,0x02,0x0e,0x0b,0x4f,0x23,0xf1,0x4b,0x32,0x54,0x90,0x3b,0x70,0x1b,0xad,0x12,
    0xe9,0x09,0xa8,0x01,0x88,0x01,0x88,0x01,0x47,0x01,0x26,0x01,0xc5,0x00,0x83,0x00,0x63,0x00,0x83,0x00,0xc4,0x00,0x26,0x09,
    0x26,0x01,0xc4,0x08,0xa3,0x08,0x83,0x00,0x67,0x01,0xe5,0x00,0xa4,0x00,0xa3,0x00,0x83,0x00,0xc4,0x00,0xe5,0x00,0xe5,0x00,
    0xc5,0x00,0xa4,0x08,0xa4,0x00,0x83,0x00,0x83,0x00,0x83,0x00,0x84,0x08,0x83,0x00,0xa4,0x00,0x83,0x08,0x83,0x00,0x63,0x08,
    0x83,0x00,0x63,0x08,0x62,0x00,0x63,0x08,0x63,0x08,0x83,0x00,0x63,0x08,0x83,0x08,0x83,0x00,0x83,0x08,0x62,0x00,0x42,0x08,
    0x63,0x00,0x83,0x08,0xc4,0x00,0xc5,0x00,0x26,0x01,0x26,0x09,0xc4,0x00,0xc4,0x00,0x26,0x01,0x26,0x01,0x26,0x01,0x26,0x01,
    0x47,0x09,0x09,0x1a,0x0e,0x2b,0xb1,0x23,0x4f,0x0b,0x8d,0x02,0x6b,0x02,0x2b,0x02,0x0a,0x02,0xc9,0x01,0xe9,0x01,0x0a,0x0a,
    0x2b,0x02,0xad,0x0a,0xf2,0x2b,0x16,0x7d,0x77,0x95,0xd5,0x74,0x12,0x3c,0x91,0x1b,0x2f,0x13,0xee,0x12,0xee,0x1a,0x2e,0x1b,
    0x70,0x23,0x90,0x1b,0xb1,0x13,0x50,0x1b,0x2a,0x0a,0x46,0x01,0xc4,0x00,0xa4,0x00,0xa4,0x00,0xa4,0x08,0xa4,0x00,0xa4,0x08,
    0xa4,0x08,0x83,0x00,0x83,0x08,0x83,0x00,0xa4,0x00,0xa4,0x00,0xe5,0x00,0x67,0x01,0x0a,0x0a,0xcd,0x22,0x90,0x33,0x53,0x54,
    0x16,0x7d,0x36,0x8d,0x74,0x5c,0x90,0x2b,0xcd,0x12,0x4b,0x0a,0x0a,0x02,0xe9,0x01,0x2b,0x02,0x0e,0x13,0x12,0x44,0x94,0x74,
    0xf5,0x84,0x56,0x9d,0x35,0x9d,0x73,0x7c,0xb3,0x7c,0x93,0x7c,0x73,0x6c,0x11,0x64,0xb0,0x53,0xb0,0x4b,0x6e,0x43,0x8f,0x43,
    0x8f,0x43,0x4f,0x33,0x4f,0x33,0x6f,0x3b,0xac,0x1a,0x09,0x12,0xa8,0x01,0x2a,0x02,0x4f,0x23,0x70,0x33,0xb0,0x43,0xb0,0x53,
    0x11,0x64,0xf1,0x53,0x4f,0x3b,0xe9,0x01,0x83,0x00,0x63,0x00,0x05,0x01,0xea,0x09,0xc9,0x01,0xa8,0x01,0xa8,0x01,0xe5,0x08,
    0x62,0x00,0x0a,0x12,0x2e,0x1b,0xf1,0x53,0xd4,0x7c,0xb4,0x7c,0x32,0x64,0xee,0x1a,0x4b,0x0a,0x90,0x33,0x93,0x64,0x12,0x5c,
    0xb1,0x43,0x4e,0x33,0xe9,0x09,0x05,0x01,0xa4,0x00,0xc5,0x00,0xe5,0x00,0x05,0x01,0x05,0x01,0xe5,0x08,0xa3,0x08,0x83,0x00,
    0x83,0x08,0x63,0x08,0x63,0x00,0x62,0x08,0x63,0x00,0xa3,0x08,0xa4,0x00,0xa4,0x00,0x63,0x00,0xc4,0x00,0x26,0x01,0x0a,0x12,
    0xce,0x22,0xee,0x0a,0x4b,0x02,0x88,0x01,0x46,0x01,0x05,0x01,0xc5,0x00,0xa4,0x08,0xa4,0x00,0x83,0x08,0xa3,0x00,0xa4,0x00,
    0xa4,0x08,0xa4,0x00,0x83,0x00,0x42,0x00,0x42,0x08,0x62,0x00,0x62,0x08,0x62,0x00,0x62,0x00,0x62,0x08,0x62,0x00,0x63,0x00,
    0x83,0x00,0xe5,0x00,0x26,0x01,0xc9,0x01,0x46,0x01,0xe5,0x00,0xc4,0x00,0xa3,0x08,0x62,0x00,0xa4,0x00,0x0a,0x0a,0x4f,0x2b,
    0x70,0x2b,0x90,0x33,0xd1,0x43,0xd1,0x4b,0xf1,0x4b,0xd1,0x43,0x2e,0x33,0x4b,0x0a,0xe9,0x01,0xea,0x01,0x4b,0x02,0x8c,0x0a,
    0xce,0x02,0xee,0x0a,0xee,0x02,0xad,0x02,0xee,0x02,0xb1,0x13,0x74,0x64,0xd5,0x74,0x74,0x5c,0x33,0x4c,0x53,0x4c,0x53,0x4c,
    0x12,0x44,0x32,0x54,0x73,0x6c,0xd4,0x7c,0x15,0x8d,0x77,0xa5,0x97,0x9d,0xb4,0x6c,0xd1,0x43,0x4f,0x2b,0x8d,0x0a,0xc9,0x01,
    0x67,0x01,0x26,0x01,0x26,0x01,0x05,0x01,0xe5,0x00,0x07,0x01,0x88,0x01,0xea,0x09,0x8c,0x1a,0x4f,0x33,0x12,0x4c,0xd4,0x7c,
    0x56,0x95,0x97,0xad,0x97,0xad,0x36,0x95,0x53,0x64,0x2f,0x23,0x6c,0x02,0x0b,0x02,0xc9,0x01,0xa8,0x01,0xea,0x01,0x8d,0x02,
    0x6f,0x13,0xb1,0x2b,0xd1,0x3b,0xd1,0x33,0x12,0x44,0x94,0x6c,0xb4,0x74,0x32,0x5c,0xb1,0x43,0x6f,0x33,0xb0,0x43,0xf1,0x5b,
    0x11,0x64,0x11,0x5c,0xd0,0x53,0xd1,0x53,0x8f,0x3b,0x0d,0x23,0x6f,0x3b,0x2e,0x2b,0x88,0x09,0x87,0x01,0x6f,0x33,0xb0,0x43,
    0x32,0x54,0x11,0x54,0x8b,0x12,0x0a,0x0a,0x0d,0x33,0x2e,0x3b,0x8f,0x4b,0x0e,0x33,0xe9,0x11,0x2a,0x12,0xb0,0x43,0xf4,0x7c,
    0x11,0x54,0x8b,0x22,0x67,0x09,0xe5,0x00,0x87,0x09,0xb0,0x4b,0x11,0x64,0x93,0x7c,0xb0,0x4b,0x6b,0x22,0x4b,0x12,0x4f,0x23,
    0x11,0x4c,0x94,0x74,0x90,0x3b,0x2b,0x02,0x67,0x01,0xc4,0x00,0x83,0x00,0x83,0x08,0xa4,0x00,0xa3,0x08,0xa4,0x08,0x83,0x00,
    0x83,0x08,0x63,0x00,0x83,0x00,0x83,0x08,0x83,0x00,0x83,0x00,0x63,0x08,0x62,0x00,0x63,0x08,0x63,0x00,0x63,0x08,0x83,0x00,
    0x4f,0x33,0xd1,0x3b,0x12,0x44,0xb1,0x33,0xac,0x22,0x87,0x09,0xe5,0x08,0xc4,0x00,0xa4,0x08,0xa4,0x08,0xa4,0x00,0xc4,0x00,
    0xa4,0x00,0xc5,0x00,0xe5,0x00,0x05,0x01,0x06,0x01,0x46,0x01,0xa8,0x09,0xe9,0x09,0x46,0x01,0x06,0x01,0x06,0x01,0x26,0x09,
    0x06,0x01,0x27,0x01,0x67,0x01,0x88,0x09,0x2a,0x02,0x2f,0x1b,0x2f,0x0b,0x8c,0x02,0x88,0x01,0xe5,0x00,0xe5,0x08,0xc5,0x00,
    0x88,0x01,0xac,0x0a,0x8d,0x0a,0x0a,0x12,0xa8,0x01,0x67,0x09,0x46,0x11,0x26,0x09,0x26,0x09,0xc5,0x00,0xa4,0x00,0x67,0x01,
    0x4b,0x0a,0x8c,0x02,0x8d,0x0a,0xac,0x02,0xad,0x02,0xad,0x02,0xce,0x02,0x2f,0x13,0xf2,0x33,0x74,0x54,0x94,0x64,0x74,0x54,
    0x94,0x5c,0x36,0x85,0x97,0xa5,0x36,0x8d,0x56,0x9d,0x77,0x9d,0x15,0x8d,0x52,0x6c,0xf1,0x5b,0xf1,0x63,0x32,0x6c,0x94,0x64,
    0xd5,0x74,0xf6,0x74,0xd5,0x6c,0x74,0x54,0x33,0x44,0xf2,0x33,0x90,0x2b,0x71,0x2b,0xf1,0x3b,0x33,0x4c,0x12,0x44,0x73,0x64,
    0x15,0x85,0x35,0x95,0x15,0x95,0x53,0x64,0x6f,0x3b,0xed,0x22,0x4b,0x12,0xe9,0x01,0xa8,0x01,0x68,0x01,0x47,0x01,0x46,0x01,
    0x67,0x01,0xa8,0x01,0x0a,0x02,0x6c,0x02,0x6c,0x0a,0x6c,0x02,0x8d,0x02,0x0e,0x03,0x70,0x13,0x2e,0x1b,0x6c,0x02,0x2a,0x02,
    0xea,0x01,0x0a,0x02,0x8b,0x0a,0xac,0x22,0x2e,0x33,0x6f,0x43,0x0d,0x2b,0x6e,0x43,0x2e,0x43,0x2a,0x1a,0xac,0x22,0x4e,0x3b,
    0x0e,0x2b,0xac,0x1a,0x0d,0x33,0xcd,0x32,0xec,0x32,0x6f,0x43,0x4f,0x33,0xac,0x1a,0xe9,0x19,0xc4,0x00,0xa4,0x00,0x46,0x09,
    0x0a,0x12,0x6f,0x2b,0xd0,0x53,0xcc,0x42,0x09,0x2a,0x8c,0x32,0x09,0x12,0xa8,0x01,0x0a,0x02,0xed,0x2a,0xf0,0x5b,0x31,0x5c,
    0x4b,0x0a,0x47,0x01,0x46,0x01,0xa8,0x09,0x2a,0x0a,0xc9,0x01,0x26,0x01,0xa4,0x08,0x82,0x00,0x63,0x08,0x83,0x00,0x83,0x00,
    0x84,0x08,0x83,0x00,0x63,0x00,0x83,0x08,0x63,0x00,0x83,0x00,0x83,0x08,0x83,0x00,0x83,0x08,0x63,0x00,0x63,0x08,0x82,0x00,
    0x63,0x00,0x62,0x08,0x62,0x00,0x63,0x08,0xed,0x2a,0x2a,0x1a,0x47,0x11,0xa3,0x00,0x42,0x00,0x63,0x00,0x62,0x08,0x63,0x00,
    0x83,0x08,0x63,0x00,0x83,0x08,0xa3,0x00,0xe4,0x08,0x26,0x01,0x26,0x01,0x26,0x01,0x26,0x09,0x47,0x01,0xc9,0x01,0x6c,0x12,
    0x0a,0x0a,0xa8,0x09,0x88,0x01,0x46,0x01,0x06,0x01,0x05,0x01,0x47,0x01,0xe9,0x09,0xed,0x12,0x50,0x1b,0x6b,0x0a,0xa8,0x09,
    0x0a,0x0a,0x2b,0x0a,0x4b,0x02,0x6b,0x0a,0xb1,0x33,0xb1,0x2b,0x4b,0x02,0x06,0x01,0x83,0x00,0x42,0x00,0x42,0x00,0x63,0x00,
    0x62,0x00,0xc4,0x00,0xea,0x01,0xad,0x02,0x2b,0x02,0xea,0x01,0x2b,0x02,0xad,0x0a,0x90,0x23,0x13,0x44,0xd4,0x6c,0xf6,0x74,
    0xd5,0x74,0x53,0x54,0x33,0x44,0x94,0x64,0x97,0xa5,0x98,0xa5,0x16,0x8d,0xb5,0x6c,0x12,0x3c,0x0e,0x13,0x2b,0x02,0xc9,0x01,
    0xa8,0x01,0xa9,0x01,0xa8,0x01,0xea,0x01,0x8c,0x0a,0x2f,0x23,0xd1,0x3b,0x32,0x4c,0x53,0x5c,0x53,0x54,0x73,0x5c,0xd5,0x7c,
    0x36,0x8d,0x93,0x74,0x11,0x4c,0x12,0x54,0x12,0x4c,0xb0,0x33,0xce,0x0a,0x2a,0x02,0xc9,0x01,0x68,0x01,0x26,0x01,0xe5,0x00,
    0x06,0x01,0x26,0x09,0x47,0x01,0x47,0x01,0x88,0x01,0xc9,0x01,0x2b,0x02,0x2b,0x02,0x4b,0x02,0xcd,0x02,0xee,0x0a,0xee,0x02,
    0x4b,0x02,0xc9,0x01,0xc9,0x01,0xc9,0x01,0x2b,0x02,0x6b,0x0a,0x2b,0x0a,0x6b,0x12,0x2a,0x1a,0xc8,0x09,0xe9,0x11,0xa8,0x09,
    0xe8,0x19,0xe9,0x11,0xac,0x22,0x6b,0x2a,0xe8,0x19,0x87,0x09,0x26,0x09,0xc4,0x08,0x83,0x00,0xa4,0x00,0xc9,0x01,0x0a,0x0a,
    0x67,0x09,0x26,0x09,0x26,0x01,0x67,0x09,0x0a,0x1a,0x8f,0x43,0x6f,0x2b,0x06,0x01,0x22,0x00,0xa3,0x00,0x67,0x01,0x6b,0x12,
    0xed,0x2a,0xcc,0x32,0x31,0x6c,0x0e,0x3b,0x46,0x01,0xc4,0x08,0xe5,0x00,0x47,0x01,0x26,0x01,0xa3,0x00,0x83,0x08,0x62,0x00,
    0x63,0x08,0x83,0x00,0x83,0x08,0x83,0x00,0x83,0x08,0x62,0x00,0x83,0x08,0x83,0x00,0x83,0x08,0x83,0x00,0x83,0x08,0x83,0x00,
    0xa4,0x00,0x05,0x01,0x26,0x01,0xe5,0x00,0xc4,0x00,0xa4,0x00,0x83,0x00,0xa4,0x00,0x83,0x00,0x63,0x00,0x62,0x00,0x83,0x08,
    0x63,0x00,0x83,0x08,0x63,0x00,0x63,0x08,0x62,0x00,0x63,0x08,0x62,0x00,0x83,0x08,0x83,0x00,0x83,0x08,0x83,0x08,0x63,0x00,
    0x62,0x00,0x42,0x00,0x62,0x00,0x43,0x00,0x83,0x00,0xa4,0x00,0xc4,0x00,0x67,0x09,0x2b,0x0a,0x8c,0x12,0x8c,0x1a,0xac,0x22,
    0x6b,0x1a,0xea,0x01,0x4b,0x0a,0x4f,0x23,0xac,0x1a,0x8c,0x22,0xd1,0x3b,0xb1,0x2b,0xad,0x1a,0x4b,0x1a,0x8c,0x22,0x6b,0x1a,
    0xe9,0x09,0x88,0x09,0x67,0x09,0x67,0x09,0x4b,0x1a,0xd1,0x43,0x33,0x34,0xd1,0x2b,0xd1,0x3b,0x53,0x54,0xd5,0x64,0x16,0x7d,
    0x57,0x8d,0x56,0x8d,0x16,0x85,0xf5,0x7c,0xd5,0x7c,0xf5,0x7c,0x36,0x95,0x56,0x9d,0x57,0x9d,0x36,0x8d,0x16,0x7d,0xb4,0x5c,
    0xd1,0x23,0x0f,0x03,0x8d,0x02,0x2a,0x02,0xa9,0x01,0x87,0x01,0x88,0x01,0xe9,0x01,0x2a,0x02,0x4b,0x02,0x4b,0x02,0x4b,0x02,
    0x6c,0x02,0xad,0x02,0x2f,0x13,0x70,0x1b,0x0e,0x0b,0x6c,0x02,0x2b,0x02,0x4b,0x02,0x6c,0x02,0x2b,0x02,0x2a,0x02,0x6c,0x0a,
    0x8c,0x02,0xad,0x0a,0x6c,0x0a,0xe9,0x01,0x47,0x01,0x46,0x01,0xa8,0x01,0xe9,0x01,0x0a,0x0a,0x4b,0x02,0xcd,0x0a,0x4f,0x13,
    0xd1,0x33,0xd1,0x33,0x0e,0x0b,0x0a,0x02,0x67,0x01,0xa9,0x01,0xe9,0x01,0xa9,0x01,0xe9,0x01,0xa8,0x01,0x88,0x09,0x2a,0x02,
    0xc8,0x01,0x47,0x01,0x05,0x01,0x2d,0x53,0xb3,0x7c,0xaf,0x53,0x09,0x1a,0xc4,0x08,0x63,0x00,0x63,0x00,0x62,0x00,0x63,0x00,
    0x26,0x09,0x6b,0x22,0xac,0x1a,0x0e,0x2b,0xb0,0x43,0x0e,0x2b,0xcd,0x2a,0x2e,0x2b,0x52,0x64,0x6f,0x4b,0x6b,0x2a,0x6b,0x0a,
    0xc9,0x19,0x63,0x00,0xc9,0x09,0xf1,0x4b,0xb3,0x84,0xaf,0x53,0xac,0x32,0x05,0x09,0x83,0x00,0xa4,0x08,0xe5,0x00,0x26,0x01,
    0xe5,0x00,0xa4,0x00,0x83,0x08,0x63,0x00,0x62,0x00,0x83,0x08,0x83,0x00,0x83,0x00,0x63,0x08,0xa4,0x00,0x26,0x01,0xe5,0x00,
    0xa4,0x00,0x83,0x08,0xa4,0x00,0xc5,0x00,0x47,0x01,0xc9,0x01,0x4b,0x02,0x2b,0x02,0xc9,0x01,0x67,0x01,0x26,0x01,0x26,0x01,
    0x83,0x08,0x83,0x08,0x63,0x00,0x82,0x08,0x63,0x00,0x62,0x08,0x83,0x00,0x62,0x08,0x83,0x00,0x63,0x08,0x83,0x00,0x63,0x08,
    0x42,0x00,0x42,0x00,0x63,0x08,0xa4,0x00,0x67,0x09,0x4b,0x12,0xee,0x22,0x2e,0x23,0xcd,0x1a,0xcd,0x12,0x70,0x2b,0x53,0x44,
    0x32,0x3c,0x2f,0x2b,0x4a,0x1a,0xa8,0x11,0xe9,0x19,0xcd,0x2a,0xb0,0x3b,0x90,0x3b,0x0e,0x3b,0x11,0x64,0x73,0x64,0x6f,0x33,
    0x2e,0x2b,0x8c,0x1a,0xc9,0x09,0x67,0x09,0x67,0x09,0x88,0x09,0x0a,0x0a,0xac,0x12,0x12,0x3c,0xd5,0x74,0x36,0x95,0x57,0x9d,
    0x77,0x9d,0x36,0x8d,0xd5,0x7c,0xd5,0x74,0xd5,0x74,0x36,0x8d,0x77,0xa5,0x77,0x9d,0xb4,0x7c,0x33,0x5c,0x12,0x44,0x53,0x54,
    0xd5,0x6c,0xb5,0x64,0x12,0x4c,0x2f,0x23,0x8c,0x0a,0x4b,0x02,0xe9,0x01,0xc9,0x01,0xa9,0x01,0x0a,0x02,0x4b,0x02,0x8c,0x02,
    0x6c,0x02,0x2b,0x02,0x0a,0x0a,0x0a,0x02,0x2a,0x02,0x4b,0x02,0x6c,0x02,0x4b,0x02,0x0a,0x02,0xa8,0x01,0x88,0x01,0x87,0x01,
    0x47,0x09,0x26,0x01,0x26,0x01,0x26,0x01,0x46,0x01,0x67,0x01,0xa8,0x01,0xe9,0x01,0xc9,0x01,0xea,0x01,0xc9,0x09,0xc9,0x01,
    0x4b,0x02,0x91,0x1b,0x33,0x4c,0x33,0x44,0x90,0x2b,0x8c,0x0a,0x0a,0x02,0xa8,0x01,0xa8,0x01,0x88,0x01,0x46,0x01,0x05,0x09,
    0xc5,0x00,0x05,0x01,0x46,0x01,0x47,0x01,0xa8,0x09,0x05,0x01,0xa8,0x09,0x8f,0x53,0xac,0x32,0x25,0x09,0x83,0x00,0x63,0x08,
    0x62,0x08,0x83,0x00,0xa4,0x08,0x26,0x01,0x0d,0x23,0x2a,0x1a,0x26,0x09,0x46,0x09,0x87,0x09,0x67,0x01,0x05,0x09,0xc4,0x00,
    0x87,0x11,0x05,0x01,0x63,0x00,0xa4,0x00,0x6b,0x22,0xc8,0x11,0xc5,0x00,0x8b,0x1a,0x32,0x54,0xed,0x42,0xe5,0x08,0x83,0x00,
    0x83,0x08,0x83,0x00,0x68,0x01,0xa8,0x01,0xc4,0x00,0x83,0x08,0x62,0x00,0x63,0x08,0x62,0x00,0x83,0x08,0x83,0x00,0x63,0x08,
    0xc4,0x00,0x87,0x01,0x26,0x01,0xc4,0x00,0xa4,0x00,0xe5,0x00,0x26,0x01,0x67,0x01,0xc9,0x01,0xa8,0x01,0x67,0x01,0x67,0x09,
    0xc9,0x01,0x2a,0x02,0xea,0x01,0x67,0x01,0x63,0x00,0x62,0x08,0x63,0x00,0x62,0x08,0x63,0x00,0x63,0x08,0x83,0x00,0x63,0x08,
    0x62,0x00,0x83,0x08,0x62,0x00,0x63,0x08,0xc4,0x00,0x46,0x09,0xa8,0x01,0x0a,0x02,0x2a,0x12,0xc9,0x11,0x87,0x11,0x06,0x09,
    0xc8,0x09,0x90,0x3b,0x12,0x4c,0xf1,0x53,0xf1,0x5b,0xd0,0x4b,0xd1,0x3b,0x12,0x34,0xd2,0x2b,0xb0,0x23,0x91,0x2b,0x12,0x44,
    0x33,0x44,0x91,0x23,0x2f,0x1b,0x90,0x33,0x94,0x64,0x56,0x95,0x53,0x54,0x90,0x23,0xcd,0x12,0x4b,0x02,0x0e,0x23,0xd4,0x7c,
    0x15,0x85,0x73,0x64,0xb1,0x2b,0xee,0x12,0xad,0x02,0xad,0x02,0x2f,0x0b,0x12,0x34,0x94,0x64,0x94,0x6c,0x12,0x44,0x4f,0x13,
    0x0e,0x03,0x50,0x13,0x12,0x34,0x12,0x44,0x4f,0x2b,0x2a,0x0a,0x88,0x01,0x26,0x01,0x05,0x01,0xe5,0x00,0xe5,0x00,0x26,0x01,
    0x67,0x01,0x88,0x09,0xa8,0x01,0x88,0x01,0x67,0x09,0x67,0x01,0x67,0x01,0x67,0x01,0x67,0x01,0x67,0x01,0x47,0x01,0x67,0x01,
    0x88,0x01,0x67,0x01,0x27,0x01,0x26,0x01,0x26,0x01,0x06,0x01,0x05,0x01,0xc5,0x00,0xa4,0x08,0xa4,0x00,0xc4,0x00,0xe5,0x08,
    0x47,0x01,0x67,0x01,0x88,0x01,0x6c,0x02,0xb1,0x2b,0xd1,0x2b,0xcd,0x1a,0xea,0x01,0x47,0x01,0x26,0x01,0x26,0x01,0x26,0x01,
    0x06,0x01,0xc4,0x08,0xa4,0x00,0xe5,0x00,0x05,0x01,0x05,0x01,0x26,0x01,0x05,0x01,0xc4,0x00,0xc5,0x00,0x2a,0x0a,0x4a,0x0a,
    0xa4,0x00,0x62,0x00,0x63,0x08,0xa4,0x00,0x05,0x01,0xc9,0x01,0xc8,0x01,0xc9,0x01,0x67,0x09,0x63,0x00,0xa4,0x00,0xc4,0x00,
    0xc5,0x00,0xe5,0x00,0xe5,0x00,0xa4,0x00,0x84,0x00,0xa3,0x00,0x83,0x08,0x83,0x00,0xc4,0x08,0xc9,0x11,0x26,0x01,0x4b,0x02,
    0xed,0x0a,0x05,0x01,0x83,0x00,0x63,0x08,0x62,0x00,0x47,0x01,0x90,0x2b,0xe9,0x09,0xa4,0x00,0x83,0x08,0x62,0x00,0x42,0x08,
    0xa4,0x00,0xc4,0x00,0x63,0x00,0xe5,0x00,0x0a,0x02,0x47,0x01,0xe5,0x00,0x47,0x01,0xe9,0x01,0xac,0x0a,0xad,0x12,0x4b,0x02,
    0xe9,0x01,0x27,0x09,0xc4,0x00,0xa4,0x00,0xc4,0x08,0x06,0x01,0x26,0x09,0x06,0x01,0x63,0x08,0x63,0x00,0x83,0x08,0x63,0x00,
    0x62,0x08,0x63,0x00,0x83,0x08,0xc4,0x00,0xe5,0x08,0xc4,0x00,0x26,0x01,0x0a,0x0a,0x0a,0x02,0xc9,0x01,0x26,0x01,0xc4,0x00,
    0x43,0x00,0x42,0x00,0xa4,0x00,0x4a,0x1a,0x12,0x44,0xb1,0x3b,0x6b,0x1a,0x2a,0x12,0xac,0x22,0xd1,0x43,0xb4,0x6c,0xd5,0x6c,
    0xb4,0x6c,0xd5,0x74,0xd4,0x74,0x94,0x64,0x53,0x54,0x94,0x64,0xf5,0x74,0x56,0x8d,0x36,0x9d,0xb4,0x84,0xd0,0x53,0xd1,0x4b,
    0xb0,0x4b,0xb0,0x4b,0x73,0x6c,0x36,0xa5,0x56,0x95,0xf6,0x7c,0x94,0x54,0xd1,0x2b,0x4f,0x1b,0x70,0x13,0xf2,0x2b,0xf2,0x3b,
    0x90,0x23,0xee,0x0a,0x8c,0x02,0xad,0x02,0xee,0x12,0x2f,0x1b,0xac,0x12,0xc9,0x01,0x06,0x01,0xc4,0x00,0xc4,0x00,0xa4,0x00,
    0xa4,0x00,0xa4,0x00,0xa4,0x08,0x83,0x00,0xa4,0x00,0xc4,0x00,0xe5,0x00,0xe5,0x00,0x06,0x01,0x05,0x01,0xe5,0x08,0xe5,0x00,
    0xc5,0x08,0xc4,0x00,0x05,0x01,0x26,0x01,0x27,0x01,0x46,0x09,0x67,0x01,0x88,0x01,0x87,0x01,0x47,0x01,0xe5,0x00,0xc4,0x08,
    0xa3,0x00,0x83,0x08,0x63,0x00,0xc4,0x00,0xea,0x09,0x70,0x33,0x73,0x5c,0xd5,0x6c,0x33,0x44,0x8c,0x02,0x47,0x01,0xe4,0x00,
    0xa4,0x08,0xa4,0x00,0xa4,0x08,0xc4,0x00,0xc4,0x00,0xc5,0x00,0xc4,0x00,0xc4,0x00,0xc5,0x00,0xe5,0x08,0xe5,0x00,0xe5,0x00,
    0xc5,0x00,0xe4,0x00,0x2a,0x02,0x0a,0x02,0xa3,0x08,0x63,0x00,0x87,0x01,0xee,0x12,0x0e,0x13,0x0f,0x0b,0x2b,0x02,0x47,0x01,
    0xe5,0x00,0xe5,0x00,0xa4,0x00,0xa4,0x08,0xa3,0x00,0x83,0x08,0x83,0x00,0xa4,0x00,0xa3,0x08,0x83,0x00,0x63,0x08,0x62,0x00,
    0x63,0x00,0xe5,0x00,0x4b,0x02,0xcd,0x12,0x88,0x01,0xe5,0x00,0x83,0x00,0xc4,0x00,0x47,0x01,0x6b,0x12,0xe8,0x19,0xa4,0x08,
    0x83,0x00,0x83,0x08,0x06,0x01,0xa8,0x01,0xe9,0x01,0xe9,0x01,0x0a,0x0a,0xac,0x0a,0x4b,0x0a,0x26,0x01,0x67,0x01,0xa9,0x01,
    0xc9,0x01,0xa8,0x09,0x67,0x09,0x26,0x01,0xc4,0x00,0xa3,0x00,0x83,0x08,0x83,0x00,0x63,0x08,0x62,0x00,0xa4,0x00,0x47,0x01,
    0x62,0x00,0x83,0x08,0x83,0x00,0x83,0x08,0x83,0x00,0xc4,0x08,0x67,0x01,0x26,0x01,0xe5,0x00,0x2b,0x1a,0xd1,0x3b,0xb1,0x2b,
    0x0e,0x2b,0xac,0x1a,0x8c,0x12,0x8c,0x12,0xac,0x22,0x2e,0x3b,0x32,0x5c,0xd8,0xad,0x15,0x85,0xf1,0x4b,0x32,0x5c,0x32,0x5c,
    0x32,0x64,0x32,0x64,0x32,0x5c,0x32,0x4c,0x33,0x54,0xd1,0x3b,0xb1,0x3b,0xd1,0x33,0x12,0x3c,0xf2,0x33,0x4f,0x23,0x8c,0x1a,
    0xe9,0x11,0x67,0x01,0x67,0x09,0x26,0x09,0x46,0x09,0x88,0x09,0xe9,0x11,0x4b,0x12,0xed,0x22,0x4f,0x33,0xb0,0x4b,0xd1,0x43,
    0xb1,0x33,0x70,0x1b,0xee,0x0a,0x6c,0x02,0xea,0x01,0xa8,0x01,0xa9,0x01,0xc9,0x01,0x0a,0x02,0x0a,0x02,0xca,0x01,0xa9,0x01,
    0x88,0x01,0xa8,0x01,0x88,0x01,0x88,0x01,0x68,0x01,0x47,0x01,0x46,0x01,0x68,0x01,0xa8,0x01,0xea,0x01,0x2b,0x02,0x0a,0x02,
    0xc9,0x01,0x68,0x01,0x26,0x01,0x06,0x01,0x47,0x01,0xc9,0x01,0xea,0x09,0xc9,0x01,0xa8,0x01,0xc9,0x01,0xea,0x01,0xc9,0x01,
    0x88,0x09,0x26,0x01,0x06,0x01,0xe5,0x00,0xc5,0x00,0x26,0x01,0x8c,0x1a,0x53,0x5c,0x15,0x85,0xb4,0x7c,0xf1,0x4b,0xad,0x22,
    0xc9,0x01,0x46,0x01,0x06,0x01,0xc4,0x00,0xa4,0x00,0x83,0x00,0xa3,0x08,0x83,0x00,0xa4,0x08,0xc4,0x00,0xc5,0x08,0xa4,0x00,
    0xa4,0x00,0xc4,0x00,0xc4,0x00,0xc4,0x08,0x83,0x00,0xc4,0x00,0x87,0x01,0x88,0x01,0xc4,0x00,0x47,0x01,0x2f,0x0b,0xed,0x1a,
    0xc9,0x01,0xe9,0x01,0x6c,0x02,0x4f,0x1b,0x90,0x2b,0xcd,0x1a,0xa8,0x01,0xa4,0x08,0x63,0x00,0xa3,0x00,0x83,0x08,0x83,0x00,
    0x83,0x08,0xa4,0x00,0x06,0x01,0x47,0x01,0x68,0x01,0x67,0x01,0x47,0x01,0x05,0x01,0x47,0x09,0xe5,0x00,0x88,0x09,0x2e,0x23,
    0x2a,0x0a,0xc4,0x08,0x42,0x00,0x83,0x00,0xa4,0x00,0x26,0x01,0x46,0x01,0x06,0x01,0xe5,0x00,0x6c,0x0a,0xed,0x1a,0x67,0x09,
    0xe5,0x00,0xe5,0x00,0x47,0x01,0x46,0x09,0xc4,0x00,0x83,0x08,0x62,0x00,0x63,0x08,0x62,0x08,0x63,0x00,0x62,0x08,0x63,0x08,
    0x63,0x00,0xa4,0x00,0x05,0x09,0x67,0x01,0x83,0x08,0x83,0x00,0x83,0x08,0x62,0x00,0xc4,0x00,0x68,0x01,0xc9,0x01,0x0a,0x0a,
    0x6f,0x33,0xf5,0x74,0xb4,0x64,0x12,0x4c,0x90,0x3b,0x0e,0x2b,0xed,0x22,0xed,0x22,0x2f,0x2b,0x90,0x3b,0xb1,0x53,0x6f,0x43,
    0xcd,0x32,0x8c,0x22,0x2a,0x12,0xea,0x09,0x4b,0x02,0xee,0x12,0xd1,0x33,0x53,0x4c,0x94,0x5c,0xb4,0x64,0xb5,0x64,0x53,0x3c,
    0x90,0x13,0x8c,0x02,0xea,0x01,0x47,0x01,0xe5,0x00,0xc5,0x00,0xe4,0x00,0xe5,0x00,0xe5,0x00,0x26,0x01,0x26,0x01,0x88,0x01,
    0xa9,0x01,0xea,0x01,0x0a,0x02,0x4b,0x02,0xad,0x02,0x0e,0x0b,0xee,0x02,0xcd,0x0a,0xcd,0x0a,0x2f,0x23,0x91,0x2b,0x32,0x44,
    0x54,0x4c,0x73,0x54,0x53,0x4c,0x74,0x54,0x74,0x54,0x73,0x54,0x33,0x4c,0x33,0x3c,0x53,0x54,0xb4,0x74,0xd4,0x74,0xd5,0x7c,
    0x56,0x95,0x97,0xa5,0x56,0x8d,0xf5,0x6c,0x73,0x54,0x12,0x3c,0xf2,0x4b,0x53,0x54,0x73,0x54,0x12,0x3c,0x2f,0x03,0x4b,0x02,
    0xe9,0x01,0xc9,0x01,0xa8,0x01,0x67,0x01,0x26,0x01,0x05,0x01,0x05,0x01,0x47,0x01,0xcd,0x12,0x74,0x5c,0xf5,0x74,0xf1,0x5b,
    0x8c,0x22,0x88,0x01,0x05,0x01,0xc5,0x00,0xa4,0x00,0xa4,0x08,0xa4,0x00,0xa4,0x08,0xa3,0x00,0x83,0x08,0x63,0x00,0x83,0x08,
    0x83,0x00,0xa4,0x00,0xa4,0x00,0xc4,0x08,0xa4,0x00,0x83,0x08,0x84,0x00,0x83,0x08,0x83,0x00,0x06,0x01,0x67,0x01,0xe5,0x00,
    0xc4,0x00,0x67,0x01,0xa8,0x09,0xa4,0x00,0x46,0x01,0xcd,0x22,0xb0,0x3b,0xee,0x0a,0x4b,0x0a,0xe9,0x09,0xc8,0x01,0xa8,0x01,
    0xc4,0x08,0x83,0x00,0x06,0x01,0xe5,0x00,0xa9,0x01,0xcd,0x12,0xcd,0x1a,0x8c,0x0a,0x09,0x02,0x06,0x09,0xa3,0x00,0xc4,0x00,
    0x06,0x01,0xc9,0x01,0xac,0x02,0xe9,0x19,0x63,0x08,0x62,0x00,0x63,0x08,0xa3,0x00,0xa4,0x08,0xa4,0x00,0x83,0x08,0x83,0x00,
    0x88,0x01,0xea,0x01,0xc5,0x00,0x63,0x08,0x83,0x00,0xc4,0x08,0xe5,0x00,0xa3,0x00,0x63,0x08,0x62,0x00,0x63,0x08,0x42,0x00,
    0x62,0x08,0x42,0x00,0x42,0x08,0x63,0x00,0xa3,0x08,0xc4,0x00,0xe5,0x00,0xe5,0x00,0x22,0x00,0x42,0x00,0x42,0x00,0x05,0x09,
    0x4b,0x0a,0xed,0x12,0x4f,0x23,0x94,0x6c,0x98,0x95,0x32,0x4c,0x8c,0x1a,0xa8,0x11,0x06,0x09,0xe4,0x00,0xa4,0x00,0xc5,0x00,
    0xe5,0x00,0x05,0x01,0xc4,0x00,0xa4,0x00,0xc4,0x00,0xe5,0x00,0x26,0x01,0x88,0x01,0x4b,0x02,0x0f,0x13,0xd1,0x2b,0x74,0x4c,
    0x94,0x5c,0x33,0x44,0x4f,0x23,0x6c,0x02,0xa8,0x01,0x06,0x01,0xc5,0x00,0xc4,0x08,0xc4,0x00,0xc4,0x00,0xe5,0x00,0x06,0x01,
    0x67,0x01,0x88,0x01,0xea,0x01,0x6b,0x02,0xce,0x0a,0x70,0x1b,0xd2,0x33,0x12,0x3c,0x12,0x34,0xf2,0x2b,0xf2,0x23,0xf2,0x2b,
    0x33,0x3c,0x73,0x54,0xd5,0x6c,0x16,0x85,0x56,0x95,0x97,0xa5,0xb7,0xb5,0x97,0xad,0x56,0xa5,0x35,0x8d,0xd5,0x7c,0x93,0x6c,
    0x53,0x54,0x33,0x4c,0x12,0x54,0xd1,0x4b,0xb0,0x4b,0x4f,0x43,0x6f,0x43,0x90,0x3b,0xd1,0x4b,0xf1,0x53,0xd0,0x53,0x4f,0x4b,
    0xac,0x22,0x0a,0x0a,0xa8,0x01,0x47,0x01,0x26,0x09,0x47,0x01,0x26,0x01,0x26,0x01,0x27,0x01,0x88,0x01,0x88,0x01,0x0a,0x02,
    0xcd,0x0a,0xac,0x1a,0xc9,0x09,0x26,0x01,0xe5,0x00,0xc4,0x00,0xa4,0x00,0xa3,0x08,0x83,0x00,0x83,0x08,0x83,0x00,0x83,0x08,
    0x83,0x00,0x83,0x00,0x83,0x08,0x63,0x00,0x83,0x08,0x83,0x08,0x83,0x00,0x83,0x00,0xa3,0x08,0x83,0x00,0xa4,0x00,0x83,0x08,
    0xa4,0x00,0x26,0x01,0x46,0x09,0xc4,0x00,0xc4,0x08,0xc4,0x00,0x63,0x00,0xe5,0x00,0x2e,0x1b,0xb0,0x43,0xed,0x2a,0xe9,0x09,
    0x05,0x01,0xa4,0x08,0xa4,0x00,0xe5,0x08,0x88,0x01,0xa4,0x00,0xa4,0x08,0x05,0x01,0x05,0x09,0x26,0x09,0xc4,0x08,0xc4,0x08,
    0xc5,0x00,0xc4,0x00,0xc4,0x00,0xc9,0x09,0x90,0x2b,0xac,0x0a,0x06,0x01,0x62,0x00,0x63,0x08,0x62,0x00,0x63,0x08,0x83,0x00,
    0x83,0x08,0x63,0x00,0x83,0x00,0xe5,0x00,0x88,0x01,0x05,0x01,0x83,0x08,0x83,0x00,0xa3,0x00,0xc4,0x00,0xc4,0x00,0x83,0x08,
    0x63,0x00,0x62,0x08,0x42,0x00,0x62,0x08,0x43,0x00,0x62,0x08,0x63,0x00,0x83,0x08,0x83,0x00,0x83,0x00,0x83,0x08,0x83,0x08,
    0xc8,0x19,0x67,0x11,0x67,0x19,0x0a,0x22,0xcc,0x2a,0xad,0x22,0xcc,0x2a,0xd1,0x53,0x6f,0x2b,0x67,0x01,0xa4,0x00,0x63,0x00,
    0x63,0x00,0x83,0x08,0xa4,0x08,0xa4,0x00,0x83,0x08,0x63,0x00,0x83,0x08,0x83,0x00,0x83,0x00,0xa4,0x00,0x06,0x01,0x0a,0x0a,
    0x70,0x2b,0x94,0x5c,0xd5,0x6c,0x53,0x4c,0x4f,0x2b,0x4c,0x0a,0x68,0x01,0x05,0x01,0xc5,0x00,0xc4,0x00,0xc4,0x00,0xc4,0x00,
    0xc5,0x00,0xe5,0x00,0xe5,0x00,0x26,0x09,0x26,0x01,0x67,0x01,0x88,0x09,0xc8,0x01,0xea,0x01,0x6b,0x0a,0x8c,0x0a,0xad,0x0a,
    0xcd,0x12,0xad,0x0a,0xad,0x02,0xee,0x02,0x91,0x23,0x54,0x5c,0x36,0x8d,0x97,0xa5,0xb8,0xad,0xb7,0xad,0x76,0xad,0xf4,0x94,
    0x94,0x7c,0x32,0x6c,0x52,0x74,0xd4,0x84,0xf5,0x84,0xf2,0x33,0xad,0x02,0xc9,0x01,0x68,0x01,0x47,0x01,0x27,0x01,0x46,0x01,
    0x47,0x01,0x26,0x01,0xe5,0x00,0xc4,0x00,0xa4,0x00,0xc4,0x00,0xc4,0x00,0xe5,0x00,0x47,0x01,0x46,0x01,0x47,0x01,0xa8,0x01,
    0x6c,0x0a,0x4f,0x1b,0xb1,0x23,0x0e,0x03,0xea,0x01,0x05,0x01,0xc4,0x00,0xa4,0x08,0xa3,0x00,0x84,0x08,0xa3,0x00,0x63,0x08,
    0x83,0x00,0x63,0x08,0x83,0x00,0x83,0x08,0x63,0x00,0x83,0x08,0x63,0x00,0x83,0x00,0x63,0x00,0x63,0x00,0x83,0x08,0x83,0x00,
    0xa4,0x08,0xc4,0x00,0xa4,0x08,0xa3,0x00,0x83,0x08,0xc4,0x00,0xe5,0x00,0xa4,0x00,0x83,0x00,0x83,0x08,0x63,0x00,0x8a,0x32,
    0x93,0x64,0x6c,0x02,0xe5,0x00,0xc4,0x00,0xa4,0x00,0xa3,0x08,0x63,0x00,0x63,0x00,0x05,0x09,0xe9,0x09,0xa4,0x00,0x62,0x08,
    0x42,0x00,0x42,0x08,0x63,0x00,0xe5,0x00,0x0a,0x0a,0xcd,0x1a,0x4f,0x33,0xd1,0x4b,0x52,0x64,0x4b,0x0a,0xc5,0x00,0xa3,0x00,
    0x63,0x08,0x62,0x00,0x63,0x08,0x83,0x00,0x63,0x08,0x63,0x08,0x83,0x08,0xe5,0x00,0xe5,0x08,0xa3,0x00,0x83,0x00,0x83,0x08,
    0xc4,0x00,0xa4,0x08,0x83,0x08,0x63,0x00,0x62,0x08,0x63,0x00,0x42,0x08,0x62,0x00,0x63,0x08,0x63,0x00,0x62,0x08,0x63,0x00,
    0x83,0x08,0x63,0x00,0x63,0x08,0x63,0x00,0x15,0x85,0xd4,0x7c,0xf5,0x74,0xf4,0x74,0xb5,0x74,0x93,0x5c,0x33,0x44,0x2f,0x0b,
    0x2b,0x02,0x88,0x01,0x67,0x01,0x67,0x01,0x47,0x01,0x06,0x01,0xe5,0x00,0xc4,0x00,0xc5,0x00,0xe5,0x00,0x27,0x01,0xe9,0x09,
    0x8d,0x22,0x4f,0x33,0x33,0x54,0x16,0x75,0x36,0x85,0xb4,0x64,0xd2,0x2b,0x0e,0x0b,0x4c,0x02,0x0a,0x02,0x0a,0x02,0x0a,0x02,
    0x0a,0x02,0x0a,0x02,0x2b,0x0a,0x2b,0x02,0x2a,0x0a,0x0a,0x02,0xea,0x01,0xc9,0x01,0xa9,0x01,0x88,0x01,0x67,0x01,0x06,0x01,
    0x05,0x01,0xe6,0x00,0x06,0x01,0x26,0x01,0x47,0x01,0x0b,0x02,0x2f,0x23,0x94,0x64,0x77,0x9d,0xb7,0xad,0x57,0x95,0xf5,0x7c,
    0x53,0x64,0xd1,0x3b,0x2f,0x23,0xcd,0x12,0x4b,0x0a,0x0a,0x02,0xea,0x09,0x2a,0x0a,0x6c,0x12,0x4b,0x0a,0xc9,0x01,0x47,0x01,
    0x05,0x09,0xe5,0x00,0xe5,0x00,0xe5,0x00,0xc4,0x00,0xa4,0x00,0xa4,0x00,0xc4,0x00,0xa4,0x08,0xa4,0x00,0xc5,0x00,0x05,0x01,
    0x26,0x01,0x06,0x01,0x05,0x01,0x47,0x01,0x88,0x01,0xc9,0x01,0xc9,0x09,0xc9,0x01,0xa8,0x01,0x26,0x01,0xc5,0x00,0xa4,0x00,
    0xa3,0x08,0x83,0x00,0x83,0x00,0x63,0x08,0x63,0x00,0x82,0x00,0x63,0x08,0x83,0x00,0x83,0x00,0x83,0x00,0x83,0x08,0x83,0x00,
    0x83,0x08,0x63,0x08,0x63,0x00,0x83,0x08,0x83,0x00,0xa4,0x00,0x83,0x00,0xa4,0x08,0xa4,0x00,0x83,0x08,0xe5,0x00,0x87,0x01,
    0x67,0x01,0xc5,0x00,0xe4,0x00,0x2e,0x43,0x72,0x6c,0x0a,0x0a,0xe5,0x00,0xc4,0x08,0xa4,0x00,0x83,0x00,0x83,0x08,0x63,0x00,
    0x63,0x00,0xe4,0x08,0x26,0x01,0x83,0x00,0x63,0x08,0xa3,0x00,0x67,0x01,0x8b,0x12,0xf1,0x53,0x73,0x64,0xd0,0x4b,0x6f,0x33,
    0x90,0x3b,0xf1,0x43,0x90,0x43,0x0a,0x12,0x05,0x01,0xa4,0x00,0x63,0x08,0x62,0x00,0x63,0x00,0x62,0x00,0x63,0x08,0xa3,0x00,
    0x83,0x08,0x62,0x00,0x63,0x08,0x83,0x00,0x83,0x08,0x62,0x00,0x63,0x08,0x62,0x00,0x42,0x08,0x62,0x00,0x63,0x08,0x42,0x00,
    0x63,0x00,0x82,0x08,0x63,0x00,0x83,0x08,0x62,0x00,0x63,0x08,0x62,0x00,0x62,0x08,0x6f,0x2b,0x0e,0x13,0x0e,0x13,0xad,0x12,
    0x4b,0x12,0xe9,0x09,0xa8,0x01,0x88,0x01,0xe9,0x09,0x8c,0x0a,0x70,0x2b,0x12,0x4c,0xb1,0x43,0x6f,0x2b,0x4f,0x23,0x4f,0x2b,
    0x0e,0x23,0x0d,0x2b,0x4f,0x33,0xd4,0x74,0x97,0x9d,0x97,0x9d,0x77,0x9d,0x76,0x9d,0x57,0x8d,0xf5,0x7c,0x33,0x44,0x50,0x13,
    0xac,0x02,0x6b,0x02,0x2b,0x02,0x6c,0x02,0xcd,0x0a,0x0f,0x03,0x70,0x0b,0x91,0x1b,0xd2,0x2b,0x12,0x3c,0x33,0x44,0x73,0x4c,
    0x53,0x4c,0x33,0x3c,0xb1,0x33,0x2f,0x23,0xac,0x1a,0x4c,0x12,0x8c,0x22,0x0e,0x33,0x11,0x54,0x16,0x8d,0xd7,0xb5,0xb8,0xb5,
    0x15,0x85,0x74,0x5c,0xf1,0x33,0x4f,0x13,0x8c,0x02,0x2b,0x02,0xc9,0x01,0x68,0x01,0x47,0x01,0x46,0x01,0x47,0x01,0x47,0x01,
    0x67,0x01,0x88,0x01,0xa8,0x01,0x88,0x01,0x47,0x01,0x26,0x01,0xe5,0x00,0xc4,0x00,0xa4,0x08,0xa4,0x00,0xa3,0x08,0xa4,0x00,
    0xc4,0x00,0xa4,0x00,0xc4,0x08,0xe5,0x00,0xc4,0x00,0xa4,0x00,0xc4,0x08,0xa4,0x00,0xa4,0x00,0x83,0x00,0x83,0x00,0xa3,0x00,
    0xc4,0x00,0xc4,0x00,0xc4,0x08,0xa4,0x00,0x83,0x00,0x83,0x08,0x83,0x00,0x83,0x00,0x63,0x08,0x63,0x00,0x62,0x00,0x63,0x08,
    0x83,0x00,0x83,0x08,0xa4,0x00,0x83,0x08,0x63,0x00,0x82,0x00,0x63,0x08,0x62,0x00,0x83,0x08,0x83,0x00,0x83,0x08,0x83,0x00,
    0x83,0x08,0x26,0x01,0xe9,0x01,0x4f,0x23,0x12,0x44,0x2e,0x2b,0xac,0x22,0xb0,0x4b,0x8c,0x1a,0x67,0x01,0x06,0x01,0x26,0x01,
    0x06,0x01,0xe5,0x00,0xa4,0x00,0x83,0x08,0x83,0x00,0xa4,0x00,0x26,0x09,0x26,0x01,0xa4,0x00,0xa8,0x09,0xcc,0x22,0x2a,0x1a,
    0xee,0x1a,0x2e,0x2b,0x8d,0x12,0xcd,0x0a,0x0e,0x23,0x2e,0x2b,0x6f,0x3b,0x0e,0x33,0xe9,0x09,0x87,0x01,0x05,0x01,0x83,0x08,
    0x63,0x00,0x62,0x08,0x63,0x00,0x83,0x08,0x83,0x00,0x63,0x08,0x62,0x00,0x63,0x08,0x42,0x00,0x42,0x08,0x42,0x00,0x62,0x08,
    0x43,0x00,0x42,0x08,0x62,0x00,0x62,0x08,0x63,0x00,0x63,0x08,0x62,0x00,0x63,0x08,0x42,0x00,0x62,0x00,0x42,0x08,0x63,0x00,
    0x0a,0x02,0xc9,0x01,0x67,0x01,0x06,0x01,0xe5,0x00,0xe5,0x00,0x26,0x01,0xc9,0x01,0x8c,0x0a,0x90,0x23,0x53,0x54,0xd5,0x74,
    0xf5,0x7c,0xd5,0x74,0x73,0x64,0x12,0x54,0x12,0x54,0x53,0x64,0x15,0x85,0x77,0xa5,0xb7,0xad,0xd7,0xbd,0xd7,0xbd,0x77,0xad,
    0xf5,0x7c,0xd1,0x43,0xcd,0x0a,0x0a,0x02,0x88,0x01,0x67,0x01,0x88,0x01,0xc9,0x01,0x4b,0x02,0xee,0x02,0x90,0x23,0x12,0x44,
    0x33,0x4c,0x53,0x5c,0x73,0x64,0xb4,0x6c,0xf5,0x84,0x57,0x9d,0xb7,0xb5,0xd8,0xbd,0x56,0x9d,0x55,0x95,0x76,0x9d,0x76,0xa5,
    0x56,0xa5,0x15,0x95,0x94,0x64,0xf2,0x43,0xb1,0x23,0x2f,0x1b,0xad,0x0a,0x2b,0x02,0xc9,0x01,0xa8,0x01,0x67,0x01,0x26,0x01,
    0x26,0x01,0x26,0x01,0x26,0x01,0x67,0x01,0x88,0x01,0xa9,0x01,0xe9,0x01,0x0a,0x02,0xc9,0x01,0x47,0x01,0xe5,0x00,0xc4,0x00,
    0xa4,0x08,0x83,0x00,0xa4,0x00,0x83,0x08,0xa4,0x00,0xa4,0x00,0xa4,0x00,0xa4,0x00,0xa4,0x00,0xa4,0x00,0xa4,0x00,0xa3,0x00,
    0x83,0x08,0x83,0x08,0x83,0x00,0x63,0x08,0x83,0x00,0x83,0x08,0x83,0x00,0x83,0x08,0x84,0x00,0x83,0x00,0x84,0x08,0xa3,0x00,
    0x83,0x00,0x83,0x08,0x63,0x00,0x62,0x08,0x63,0x00,0x83,0x08,0x63,0x00,0x83,0x00,0x83,0x08,0x83,0x00,0x83,0x08,0x63,0x00,
    0x83,0x00,0xa4,0x08,0x83,0x00,0x83,0x08,0x63,0x00,0x05,0x01,0x88,0x01,0xee,0x1a,0x90,0x3b,0x32,0x5c,0xd1,0x4b,0x4a,0x1a,
    0x47,0x01,0x05,0x01,0xe5,0x08,0xc4,0x00,0xc4,0x00,0xe5,0x00,0xe4,0x08,0xa4,0x00,0x63,0x08,0xa3,0x00,0x46,0x01,0xe9,0x09,
    0xc9,0x01,0xe9,0x09,0xa8,0x11,0x6c,0x1a,0xcd,0x0a,0x2a,0x02,0xe9,0x01,0xa8,0x01,0x46,0x01,0x06,0x01,0x05,0x01,0x26,0x01,
    0x67,0x01,0x87,0x09,0x88,0x01,0x67,0x01,0xe4,0x08,0x63,0x00,0x62,0x08,0x63,0x00,0x83,0x08,0x62,0x00,0x63,0x08,0x62,0x00,
    0x42,0x08,0x42,0x00,0x62,0x08,0x42,0x00,0x62,0x08,0x42,0x00,0x42,0x08,0x42,0x00,0x63,0x08,0x62,0x00,0x63,0x08,0x42,0x00,
    0x42,0x08,0x42,0x00,0x42,0x08,0x62,0x00,0x6c,0x02,0x4b,0x02,0x0a,0x02,0xea,0x01,0xe9,0x09,0xc9,0x01,0xea,0x01,0x6c,0x02,
    0xee,0x0a,0xb1,0x23,0xf2,0x33,0x91,0x23,0xce,0x0a,0x0a,0x02,0x68,0x01,0x67,0x01,0x88,0x01,0x0a,0x02,0x2f,0x23,0x32,0x54,
    0x94,0x6c,0x53,0x64,0xb1,0x43,0x0e,0x23,0x6c,0x0a,0x4c,0x02,0x8c,0x02,0xad,0x0a,0xee,0x0a,0x0e,0x0b,0x0e,0x13,0x4f,0x1b,
    0x90,0x23,0x12,0x34,0x74,0x54,0x94,0x64,0xd5,0x74,0xd5,0x74,0xd4,0x6c,0xb5,0x6c,0x94,0x64,0x93,0x5c,0x73,0x6c,0x73,0x6c,
    0x32,0x64,0x12,0x5c,0xf2,0x4b,0xd1,0x3b,0x70,0x23,0x4f,0x0b,0x0f,0x03,0xcd,0x02,0x6c,0x02,0x2a,0x02,0xc9,0x01,0xa8,0x01,
    0x67,0x01,0x47,0x01,0x26,0x01,0xe5,0x00,0xe5,0x00,0xc5,0x00,0xc4,0x00,0xe5,0x00,0x26,0x01,0x67,0x01,0x68,0x01,0xc8,0x01,
    0xc9,0x01,0xa8,0x01,0x47,0x01,0xc5,0x00,0x83,0x00,0x63,0x00,0x83,0x00,0xa4,0x00,0x06,0x01,0xa8,0x01,0x0a,0x12,0x0a,0x0a,
    0x67,0x01,0xe5,0x00,0x83,0x08,0x83,0x00,0x63,0x08,0x83,0x00,0x83,0x08,0x83,0x00,0x83,0x08,0x83,0x00,0x84,0x00,0x83,0x00,
    0x83,0x08,0x83,0x00,0xa3,0x00,0x84,0x08,0xa3,0x00,0x83,0x08,0x83,0x00,0x83,0x00,0x83,0x08,0xa3,0x00,0x83,0x00,0x83,0x08,
    0x83,0x00,0xa4,0x08,0xa3,0x00,0xa4,0x00,0xa4,0x08,0x83,0x00,0x83,0x00,0xa3,0x08,0x63,0x00,0xa3,0x08,0x26,0x01,0xc8,0x01,
    0x0d,0x33,0xb0,0x43,0x09,0x12,0xa4,0x00,0x63,0x08,0x63,0x00,0x63,0x08,0x83,0x00,0x83,0x08,0x83,0x00,0xc4,0x00,0xa4,0x08,
    0x83,0x00,0x62,0x08,0xc5,0x00,0xac,0x12,0xcc,0x22,0x2a,0x1a,0xac,0x32,0x8b,0x2a,0xe9,0x01,0xa8,0x01,0x67,0x01,0x06,0x01,
    0x06,0x01,0x06,0x01,0x05,0x01,0xc5,0x00,0xa4,0x00,0x63,0x00,0x83,0x00,0x05,0x01,0x47,0x01,0x46,0x01,0xc5,0x00,0x83,0x08,
    0x63,0x00,0x83,0x00,0x83,0x08,0x83,0x00,0x63,0x08,0x63,0x00,0x63,0x08,0x62,0x00,0x43,0x00,0x62,0x08,0x42,0x00,0x63,0x08,
    0x62,0x00,0x62,0x00,0x42,0x08,0x62,0x00,0x42,0x08,0x62,0x00,0x42,0x08,0x63,0x00,0xc9,0x01,0xa8,0x01,0x88,0x09,0x67,0x01,
    0x68,0x01,0x0a,0x02,0x2f,0x1b,0x53,0x4c,0xd4,0x74,0xf5,0x84,0xb4,0x6c,0x11,0x44,0x4f,0x2b,0xcd,0x1a,0x6b,0x12,0x4b,0x12,
    0x6c,0x12,0xed,0x12,0x4f,0x1b,0x50,0x0b,0xcd,0x02,0x0a,0x02,0xc9,0x01,0xa8,0x01,0xc9,0x01,0x2a,0x02,0x4b,0x02,0x6c,0x02,
    0xac,0x0a,0xad,0x0a,0xcd,0x0a,0x0e,0x1b,0x0e,0x1b,0x0e,0x1b,0x2f,0x2b,0x2e,0x33,0x4f,0x2b,0x6f,0x33,0x4f,0x33,0x4e,0x33,
    0xee,0x12,0x8c,0x02,0x6c,0x02,0x4b,0x02,0x6c,0x02,0xad,0x0a,0x2f,0x0b,0x70,0x13,0x70,0x13,0x50,0x13,0x0e,0x03,0x8c,0x02,
    0x0a,0x02,0xc9,0x01,0x88,0x01,0x47,0x01,0x06,0x01,0xe5,0x00,0xc4,0x08,0xa4,0x00,0xa3,0x08,0xa4,0x08,0xa4,0x00,0x83,0x08,
    0xc4,0x00,0xa4,0x08,0xe5,0x00,0x06,0x01,0x67,0x01,0xa9,0x01,0x0a,0x0a,0x2a,0x0a,0x0b,0x0a,0x2a,0x12,0x8c,0x1a,0x70,0x33,
    0x73,0x5c,0xb4,0x6c,0x94,0x5c,0x12,0x3c,0x4f,0x13,0x4c,0x02,0x67,0x01,0xe6,0x00,0xc4,0x00,0x84,0x00,0x83,0x00,0x63,0x00,
    0x63,0x00,0x83,0x08,0x83,0x00,0x83,0x08,0x83,0x00,0xa4,0x08,0xa4,0x00,0xa4,0x00,0xc4,0x00,0xc5,0x00,0xe5,0x00,0xe5,0x00,
    0x06,0x01,0xe5,0x00,0xc5,0x00,0xc4,0x00,0xa4,0x00,0xa4,0x00,0xc5,0x00,0xa4,0x00,0xa3,0x00,0x83,0x08,0x63,0x00,0x63,0x00,
    0xc4,0x00,0x67,0x01,0xc4,0x00,0x09,0x22,0x11,0x54,0xad,0x1a,0x26,0x01,0x06,0x01,0x25,0x01,0xe5,0x00,0xa3,0x08,0x83,0x00,
    0x63,0x00,0x63,0x08,0x83,0x00,0xa4,0x00,0x83,0x00,0xe5,0x00,0x8b,0x0a,0x0e,0x23,0xe8,0x11,0xe5,0x08,0x83,0x00,0x83,0x00,
    0x83,0x00,0x84,0x08,0xc4,0x00,0xc5,0x00,0x25,0x01,0x47,0x01,0x88,0x09,0xa8,0x01,0xc9,0x01,0x88,0x09,0x26,0x09,0xa4,0x00,
    0xa4,0x00,0xe5,0x00,0xe4,0x00,0xc4,0x00,0xc5,0x08,0xc4,0x00,0xc4,0x00,0xc5,0x00,0xc4,0x00,0xc4,0x00,0xc5,0x00,0xc4,0x00,
    0xa3,0x08,0x63,0x00,0x63,0x00,0x62,0x00,0x63,0x08,0x62,0x00,0x42,0x08,0x42,0x00,0x42,0x08,0x42,0x00,0x62,0x08,0x62,0x00,
    0x27,0x01,0x06,0x01,0x26,0x01,0xc9,0x01,0x2e,0x33,0x74,0x64,0xf4,0x84,0x56,0xa5,0x35,0x9d,0xd4,0x8c,0x73,0x74,0x73,0x6c,
    0xf4,0x8c,0xf5,0x84,0x15,0x85,0x56,0x95,0x97,0xa5,0x97,0x9d,0xf6,0x6c,0xd1,0x1b,0x6c,0x02,0xe9,0x01,0xea,0x01,0xe9,0x01,
    0xc9,0x01,0x68,0x01,0x26,0x01,0x26,0x01,0xe5,0x00,0xe5,0x08,0xe5,0x00,0xe5,0x00,0xe5,0x00,0xe5,0x00,0xc5,0x00,0xc4,0x00,
    0xc4,0x00,0xe5,0x00,0x06,0x01,0x26,0x01,0x46,0x01,0x47,0x01,0x67,0x01,0x68,0x01,0xa8,0x01,0xea,0x01,0x2a,0x02,0x4b,0x02,
    0x4b,0x0a,0x2b,0x02,0x0a,0x02,0xea,0x01,0xc9,0x01,0x88,0x01,0x67,0x01,0x26,0x01,0x05,0x01,0xc4,0x00,0xa4,0x00,0xa3,0x08,
    0x84,0x00,0x83,0x00,0xa3,0x00,0x83,0x08,0xa4,0x00,0xa4,0x00,0xe5,0x00,0x26,0x01,0x47,0x09,0xc9,0x01,0x8d,0x02,0xb1,0x33,
    0xb4,0x64,0xd5,0x6c,0x94,0x5c,0x93,0x64,0xf2,0x4b,0x0e,0x2b,0x4a,0x0a,0xca,0x01,0x0a,0x0a,0x8c,0x02,0x2f,0x1b,0xb0,0x33,
    0xb1,0x33,0x4f,0x2b,0x8c,0x12,0xe9,0x09,0x46,0x01,0xc5,0x00,0x83,0x00,0x63,0x00,0x63,0x00,0x63,0x00,0x83,0x00,0xa4,0x00,
    0x05,0x01,0x06,0x01,0x46,0x01,0x88,0x01,0x87,0x01,0x67,0x01,0x46,0x01,0x67,0x01,0x88,0x01,0x46,0x01,0x26,0x01,0x05,0x01,
    0x05,0x01,0xe5,0x00,0xc4,0x08,0x26,0x01,0x67,0x01,0x05,0x09,0xc4,0x00,0xe9,0x19,0xd0,0x63,0x0d,0x2b,0x67,0x01,0xc4,0x08,
    0xe5,0x00,0x26,0x09,0x67,0x01,0x87,0x01,0x67,0x01,0x05,0x01,0x83,0x08,0x63,0x08,0x62,0x00,0x4b,0x0a,0xcd,0x1a,0x05,0x01,
    0xc5,0x00,0xe5,0x00,0xa3,0x00,0x83,0x08,0x83,0x00,0x83,0x00,0x83,0x00,0xa4,0x08,0xa4,0x00,0xe5,0x00,0x67,0x01,0xc9,0x01,
    0x4b,0x02,0x8c,0x12,0x6b,0x12,0xe9,0x09,0x47,0x01,0xc4,0x00,0x83,0x08,0x63,0x00,0x83,0x08,0x63,0x00,0x62,0x08,0x83,0x00,
    0xa4,0x08,0xe5,0x00,0x26,0x01,0xe5,0x00,0xa4,0x00,0x83,0x00,0x83,0x08,0x62,0x08,0x42,0x00,0x62,0x08,0x42,0x00,0x42,0x08,
    0x62,0x00,0x42,0x08,0x42,0x00,0x62,0x08,0x6b,0x02,0x4b,0x02,0x2f,0x1b,0x36,0x85,0xd4,0x84,0x10,0x74,0x35,0xa5,0x15,0x85,
    0x12,0x4c,0x2e,0x23,0xac,0x22,0x6b,0x1a,0x6b,0x1a,0xcd,0x22,0x6f,0x3b,0x32,0x64,0x73,0x74,0x73,0x64,0xd1,0x3b,0xee,0x0a,
    0x6c,0x02,0xac,0x02,0x6b,0x0a,0xc9,0x01,0x47,0x01,0x05,0x01,0xc5,0x08,0xa4,0x00,0xa4,0x00,0x83,0x00,0x83,0x08,0x83,0x00,
    0x83,0x00,0x83,0x08,0x83,0x00,0xa4,0x08,0xa3,0x00,0xa4,0x08,0xa4,0x00,0xc5,0x00,0xe5,0x00,0x06,0x01,0x05,0x01,0x06,0x01,
    0x05,0x01,0xe5,0x00,0xc5,0x00,0xc4,0x00,0xc5,0x00,0xe5,0x00,0x05,0x01,0x26,0x09,0x26,0x01,0x26,0x01,0x26,0x01,0xe5,0x00,
    0xe5,0x08,0xc4,0x00,0xa4,0x00,0xa4,0x00,0x83,0x08,0xa4,0x00,0x83,0x08,0x84,0x00,0xa3,0x08,0xa4,0x00,0xe5,0x00,0xe5,0x00,
    0x26,0x01,0x47,0x01,0x88,0x01,0x09,0x0a,0x6c,0x22,0xcd,0x22,0xac,0x1a,0x4c,0x0a,0xea,0x01,0xa9,0x01,0x88,0x01,0x46,0x01,
    0x26,0x01,0x47,0x01,0xea,0x09,0x6b,0x1a,0x8c,0x1a,0xac,0x22,0x0e,0x23,0xcd,0x12,0xcd,0x12,0xad,0x12,0x8c,0x0a,0x4b,0x0a,
    0x2a,0x0a,0xe9,0x09,0x88,0x09,0xc9,0x01,0xa8,0x01,0xa8,0x01,0xa8,0x09,0x88,0x01,0x47,0x01,0x47,0x01,0xa8,0x09,0xe9,0x01,
    0xc9,0x01,0x88,0x01,0x46,0x09,0x47,0x01,0x88,0x01,0x87,0x01,0x47,0x01,0x46,0x01,0x06,0x01,0x67,0x01,0x88,0x01,0x87,0x09,
    0x46,0x09,0x25,0x11,0xc4,0x00,0x84,0x00,0x83,0x08,0x83,0x00,0xa4,0x00,0xc4,0x08,0x26,0x01,0x88,0x09,0x88,0x01,0xc4,0x00,
    0x63,0x00,0x4a,0x12,0xc8,0x01,0xa4,0x00,0xc4,0x08,0x26,0x01,0xc5,0x00,0xa4,0x00,0xa4,0x08,0x83,0x00,0xc4,0x00,0x05,0x01,
    0x67,0x01,0x47,0x01,0xe5,0x00,0xe5,0x08,0x05,0x01,0x46,0x01,0xa8,0x01,0xe9,0x09,0xa8,0x09,0x67,0x01,0xe5,0x00,0x62,0x08,
    0x42,0x00,0x42,0x08,0x62,0x00,0x63,0x08,0x83,0x00,0xc4,0x08,0xa3,0x00,0x83,0x08,0x63,0x08,0x62,0x00,0x63,0x08,0x62,0x00,
    0x63,0x08,0x42,0x00,0x42,0x08,0x42,0x00,0x42,0x08,0x42,0x00,0x42,0x08,0x42,0x00,0x89,0x01,0xcd,0x12,0x15,0x85,0x56,0xa5,
    0x93,0x7c,0xd3,0x84,0x53,0x64,0xcd,0x12,0xc9,0x01,0x47,0x01,0x05,0x01,0x06,0x01,0x06,0x01,0x87,0x01,0x0a,0x02,0x6c,0x0a,
    0xad,0x0a,0xad,0x02,0x8c,0x02,0xee,0x02,0x70,0x13,0x4f,0x0b,0xad,0x02,0x0a,0x02,0x88,0x01,0x27,0x01,0x05,0x01,0xc5,0x00,
    0xc4,0x00,0xa4,0x00,0xa4,0x00,0xa4,0x00,0xa4,0x00,0xa4,0x00,0xc4,0x00,0xc5,0x00,0xc4,0x08,0xc5,0x00,0xc4,0x00,0xc4,0x00,
    0xc4,0x00,0xc4,0x00,0xc4,0x00,0xa4,0x08,0xa4,0x00,0xa4,0x08,0x83,0x00,0xa4,0x08,0xa3,0x00,0xc4,0x08,0xc4,0x00,0xc5,0x00,
    0xe5,0x00,0xc4,0x00,0xc5,0x08,0xc5,0x00,0xa4,0x00,0xa4,0x00,0xa4,0x08,0xa4,0x00,0xa3,0x00,0x84,0x08,0x83,0x00,0x83,0x08,
    0x83,0x00,0xa4,0x00,0xa4,0x08,0xa3,0x00,0x84,0x08,0xa4,0x00,0xc4,0x00,0xc5,0x00,0x05,0x01,0x26,0x01,0x26,0x01,0x46,0x01,
    0x47,0x01,0x46,0x01,0x67,0x01,0x67,0x01,0x26,0x01,0x26,0x01,0x26,0x01,0x06,0x01,0x05,0x01,0xc5,0x00,0xc5,0x00,0xe5,0x00,
    0x06,0x01,0x87,0x09,0xa8,0x09,0x0a,0x02,0x4b,0x12,0x8c,0x1a,0x8c,0x0a,0x4b,0x0a,0x0a,0x02,0xa8,0x01,0x47,0x01,0x26,0x01,
    0x67,0x01,0x46,0x01,0xc9,0x01,0x88,0x01,0x46,0x09,0x88,0x01,0xa8,0x01,0x47,0x01,0x26,0x01,0x26,0x01,0x05,0x01,0xe5,0x00,
    0x46,0x01,0x4a,0x02,0x0a,0x0a,0x05,0x01,0x83,0x00,0x43,0x00,0x62,0x08,0x62,0x00,0x83,0x08,0x83,0x00,0xc4,0x08,0xc5,0x00,
    0x83,0x08,0x83,0x00,0x46,0x01,0x06,0x09,0xc4,0x00,0xcd,0x0a,0x0a,0x0a,0xa4,0x00,0x83,0x00,0x84,0x08,0xc4,0x00,0xc4,0x00,
    0x84,0x00,0xe5,0x00,0x06,0x01,0x06,0x01,0x26,0x09,0x05,0x01,0xc4,0x08,0x83,0x00,0x84,0x08,0xa4,0x00,0xc4,0x08,0xa4,0x00,
    0xc4,0x00,0x06,0x01,0x26,0x01,0x83,0x00,0x83,0x08,0x83,0x00,0x63,0x08,0x62,0x00,0x83,0x00,0x83,0x00,0x63,0x08,0x42,0x00,
    0x62,0x00,0x42,0x08,0x42,0x00,0x42,0x08,0x42,0x00,0x62,0x08,0x42,0x00,0x62,0x08,0x42,0x00,0x42,0x08,0x62,0x00,0x63,0x00,
    0xf1,0x53,0x36,0x95,0x96,0xad,0x93,0x74,0x4f,0x43,0x2a,0x12,0x26,0x01,0xe5,0x00,0xc4,0x08,0xc4,0x08,0xc4,0x00,0xc4,0x08,
    0xc5,0x00,0x05,0x01,0x68,0x01,0xc9,0x01,0x4b,0x02,0xad,0x0a,0x70,0x1b,0x12,0x34,0x73,0x4c,0x53,0x4c,0xf2,0x33,0x91,0x1b,
    0x2f,0x0b,0xcd,0x02,0x8c,0x0a,0x4b,0x0a,0x2b,0x0a,0x0a,0x02,0xea,0x01,0xea,0x01,0x0a,0x0a,0x2b,0x02,0x0a,0x02,0x0a,0x02,
    0xc9,0x01,0x67,0x01,0x47,0x01,0x06,0x01,0xc5,0x08,0xc4,0x00,0xa4,0x00,0xa4,0x00,0xa3,0x00,0x83,0x08,0xa4,0x00,0xa3,0x00,
    0xa4,0x00,0xc5,0x00,0xc4,0x00,0xc4,0x00,0xa4,0x00,0xc4,0x08,0xc4,0x00,0xc4,0x00,0xc5,0x00,0xe5,0x00,0xc5,0x00,0xe5,0x00,
    0xe5,0x00,0xe5,0x00,0xe5,0x00,0xc4,0x00,0x84,0x00,0x83,0x08,0x83,0x00,0x83,0x00,0x83,0x00,0xa4,0x08,0xa3,0x00,0xa4,0x00,
    0xc5,0x08,0xc4,0x00,0xa4,0x00,0xc4,0x08,0xc5,0x00,0xe5,0x00,0xe5,0x08,0x26,0x01,0x68,0x01,0x88,0x01,0xa8,0x01,0xa8,0x01,
    0x88,0x01,0x47,0x01,0x26,0x01,0xc4,0x00,0x83,0x00,0x84,0x00,0x63,0x00,0x63,0x00,0x83,0x00,0x83,0x00,0xa4,0x00,0xc4,0x08,
    0xe5,0x00,0x05,0x01,0xe5,0x00,0xe5,0x08,0xe5,0x00,0x05,0x01,0xe5,0x08,0xe5,0x00,0x26,0x01,0xa8,0x01,0x67,0x01,0xe5,0x08,
    0x25,0x01,0x46,0x09,0x46,0x01,0x47,0x09,0xac,0x12,0x4e,0x2b,0x0a,0x0a,0xa4,0x00,0x83,0x08,0x63,0x08,0x63,0x00,0x62,0x08,
    0x63,0x00,0x63,0x08,0xa3,0x00,0x05,0x01,0x26,0x01,0xe5,0x08,0x67,0x01,0xc8,0x09,0x26,0x01,0x4e,0x2b,0x2e,0x1b,0x26,0x01,
    0xa4,0x08,0xc4,0x00,0x84,0x00,0xc4,0x00,0xc9,0x09,0x4b,0x0a,0xc8,0x01,0x26,0x01,0xc4,0x00,0xa4,0x00,0xa4,0x00,0x83,0x08,
    0x62,0x00,0x63,0x08,0x63,0x00,0xa4,0x00,0xc4,0x00,0x05,0x01,0x26,0x09,0x05,0x01,0xc5,0x00,0xa4,0x00,0x63,0x08,0x83,0x00,
    0xa4,0x08,0x63,0x00,0x62,0x08,0x42,0x00,0x42,0x08,0x42,0x00,0x42,0x08,0x42,0x00,0x42,0x08,0x42,0x00,0x42,0x00,0x42,0x08,
    0x42,0x00,0x63,0x00,0xa4,0x00,0xc4,0x08,0x76,0xa5,0xf5,0x84,0x6f,0x3b,0xc9,0x09,0xe5,0x00,0x83,0x00,0xa4,0x08,0x83,0x08,
    0xa4,0x00,0x83,0x00,0x84,0x08,0xa4,0x00,0x26,0x01,0xc9,0x01,0xad,0x0a,0x2f,0x03,0x2f,0x13,0x8f,0x1b,0xb1,0x2b,0xd1,0x33,
    0xb1,0x3b,0x90,0x2b,0x2e,0x1b,0xee,0x0a,0xad,0x0a,0xcd,0x02,0xcd,0x0a,0x0e,0x13,0x2f,0x13,0x2f,0x13,0x2f,0x13,0x2e,0x0b,
    0x2f,0x0b,0x2f,0x0b,0x4f,0x13,0x50,0x13,0x4f,0x13,0x70,0x13,0x4f,0x1b,0x0e,0x0b,0x6c,0x02,0xc9,0x01,0x47,0x01,0x05,0x01,
    0xc5,0x08,0xc4,0x00,0xc4,0x00,0xc5,0x00,0xe5,0x00,0xc5,0x00,0xc4,0x00,0xc5,0x00,0xe5,0x00,0xe5,0x00,0xe5,0x00,0x26,0x01,
    0x47,0x09,0x87,0x01,0x88,0x01,0x88,0x01,0x88,0x01,0xa8,0x01,0xa8,0x01,0xa8,0x01,0x88,0x01,0x26,0x01,0xc5,0x00,0xc4,0x08,
    0xc5,0x00,0xc4,0x00,0xa4,0x00,0xc4,0x00,0xa4,0x00,0xa4,0x08,0x84,0x00,0x83,0x00,0xa3,0x08,0x83,0x00,0xa4,0x00,0xc5,0x00,
    0x26,0x01,0x47,0x01,0x88,0x09,0xa9,0x01,0xe9,0x01,0x2b,0x0a,0xac,0x02,0xcd,0x12,0x8c,0x1a,0x2a,0x12,0xe9,0x09,0x67,0x01,
    0x26,0x01,0x06,0x01,0xc5,0x00,0x83,0x00,0xa4,0x00,0xc4,0x08,0xa4,0x00,0xa4,0x00,0x83,0x08,0x83,0x00,0x83,0x08,0xa4,0x00,
    0x05,0x09,0x05,0x01,0xe5,0x08,0x05,0x01,0x46,0x01,0x06,0x09,0xc4,0x00,0x67,0x09,0xf1,0x43,0xac,0x2a,0x05,0x01,0x83,0x08,
    0x83,0x00,0x82,0x08,0x63,0x00,0x62,0x08,0x62,0x00,0x62,0x08,0x63,0x00,0xa4,0x08,0xc4,0x00,0xc4,0x00,0xe5,0x08,0x47,0x01,
    0xc8,0x09,0xf1,0x4b,0xd1,0x33,0xad,0x0a,0xc9,0x01,0xc5,0x00,0xa4,0x00,0x8b,0x12,0xd1,0x33,0x0e,0x1b,0xc9,0x01,0x26,0x01,
    0xe5,0x08,0xa4,0x00,0xa4,0x08,0xc5,0x00,0xe5,0x00,0xa4,0x00,0xa3,0x08,0xa4,0x00,0x06,0x01,0xc9,0x09,0xc8,0x01,0xc9,0x09,
    0xa8,0x01,0xe4,0x00,0x83,0x00,0xc4,0x00,0xc4,0x00,0x62,0x08,0x42,0x00,0x62,0x08,0x42,0x00,0x42,0x08,0x42,0x00,0x42,0x08,
    0x42,0x00,0x42,0x08,0x42,0x00,0x62,0x08,0x83,0x00,0xc4,0x00,0x05,0x01,0xe5,0x00,0x8f,0x3b,0x4b,0x0a,0x68,0x01,0x05,0x01,
    0xc5,0x08,0xc4,0x00,0xa4,0x00,0xa4,0x00,0xc4,0x00,0x06,0x01,0x88,0x01,0x4b,0x0a,0x4f,0x13,0xb0,0x13,0x4f,0x0b,0xad,0x0a,
    0x2a,0x02,0xe9,0x01,0xc9,0x01,0x88,0x01,0x67,0x01,0x26,0x01,0x26,0x01,0x06,0x01,0x05,0x01,0x26,0x09,0x27,0x01,0x47,0x01,
    0x87,0x01,0xa8,0x01,0xe9,0x01,0xea,0x01,0xe9,0x01,0x0a,0x02,0x2b,0x02,0x4b,0x0a,0x6c,0x02,0xac,0x12,0xcd,0x12,0xad,0x0a,
    0x8c,0x0a,0x0a,0x02,0x88,0x01,0x46,0x01,0xe5,0x00,0xe5,0x00,0xe5,0x00,0xe5,0x00,0x05,0x09,0x05,0x01,0xe5,0x00,0xe5,0x00,
    0xe5,0x00,0x05,0x01,0x26,0x01,0x47,0x01,0x67,0x01,0x88,0x01,0xa8,0x01,0xc8,0x01,0xe9,0x01,0x2b,0x02,0x6c,0x0a,0x8c,0x02,
    0x8c,0x02,0x8c,0x02,0x4b,0x02,0xa9,0x01,0x67,0x01,0x05,0x01,0xc5,0x00,0xa4,0x08,0xa4,0x00,0x83,0x00,0xa3,0x00,0x84,0x08,
    0x83,0x00,0x83,0x08,0xa4,0x00,0xc4,0x08,0xe4,0x00,0x06,0x01,0x26,0x01,0x46,0x01,0x47,0x01,0xa8,0x01,0xea,0x01,0x8c,0x0a,
    0x90,0x23,0x53,0x54,0x32,0x54,0xd1,0x3b,0x4f,0x2b,0x4e,0x23,0x2e,0x2b,0x8c,0x12,0x88,0x01,0xe5,0x00,0xa4,0x00,0x63,0x08,
    0x63,0x00,0x83,0x08,0x83,0x00,0xa4,0x00,0xc4,0x00,0xc4,0x08,0xc4,0x00,0x26,0x09,0xe5,0x00,0xa3,0x08,0x83,0x00,0x4b,0x12,
    0xcc,0x22,0x05,0x09,0x63,0x00,0x63,0x08,0x62,0x00,0x43,0x08,0x63,0x00,0x83,0x08,0x63,0x00,0x63,0x08,0x62,0x00,0x63,0x00,
    0x63,0x08,0xa4,0x00,0x67,0x01,0x6b,0x12,0xf2,0x3b,0x93,0x6c,0x90,0x33,0x09,0x02,0x4b,0x02,0x6b,0x0a,0x2a,0x0a,0xcd,0x12,
    0xe9,0x09,0x26,0x01,0xe5,0x00,0xa4,0x08,0xc4,0x00,0xa4,0x00,0xe4,0x00,0x26,0x01,0xa8,0x01,0xc8,0x01,0x68,0x01,0x26,0x01,
    0x26,0x01,0xc8,0x01,0xc9,0x09,0x46,0x09,0xa8,0x01,0x67,0x01,0x26,0x01,0x46,0x01,0x84,0x08,0x42,0x00,0x42,0x08,0x42,0x00,
    0x42,0x08,0x42,0x00,0x42,0x08,0x41,0x00,0x42,0x08,0x42,0x00,0x42,0x08,0x83,0x00,0xa3,0x08,0xa4,0x00,0x06,0x01,0x26,0x01,
    0xea,0x01,0xa9,0x01,0xa8,0x01,0xa9,0x01,0xc8,0x01,0xc9,0x01,0x2a,0x02,0x6c,0x0a,0xee,0x0a,0x6f,0x23,0xb1,0x2b,0xd1,0x2b,
    0x50,0x1b,0x6c,0x02,0x88,0x01,0x06,0x09,0xe5,0x00,0xe5,0x00,0xc4,0x00,0xc4,0x00,0xa4,0x00,0xa4,0x08,0x83,0x00,0x83,0x08,
    0xa4,0x00,0x83,0x00,0xa4,0x08,0xa4,0x00,0xa4,0x00,0xa4,0x00,0xa4,0x08,0xc5,0x00,0xe5,0x00,0xe5,0x00,0x05,0x01,0x05,0x01,
    0x06,0x01,0xe5,0x00,0xe5,0x00,0xc4,0x00,0xc5,0x00,0xc4,0x00,0xe5,0x08,0xc4,0x00,0xc4,0x08,0xa4,0x00,0xc5,0x00,0xe5,0x00,
    0xe5,0x00,0xe5,0x00,0xe5,0x00,0xe5,0x08,0x05,0x01,0x06,0x01,0x05,0x01,0xe5,0x00,0x05,0x01,0xe5,0x00,0x05,0x01,0x06,0x09,
    0x47,0x01,0x87,0x01,0xa8,0x01,0xc9,0x01,0xea,0x01,0x0a,0x02,0xea,0x01,0x87,0x01,0x26,0x01,0xe5,0x00,0xc4,0x00,0xc4,0x00,
    0xc4,0x00,0xa4,0x08,0x83,0x00,0xa3,0x00,0x84,0x00,0x83,0x08,0x84,0x00,0xa4,0x00,0xc4,0x00,0xc4,0x00,0xc4,0x08,0xc4,0x00,
    0xc5,0x00,0x05,0x01,0x26,0x01,0x47,0x01,0xa8,0x01,0x0a,0x0a,0x0a,0x1a,0x09,0x1a,0xe9,0x11,0x2a,0x1a,0xed,0x1a,0x6f,0x33,
    0x6f,0x2b,0x8c,0x1a,0xe9,0x09,0x87,0x01,0xa4,0x00,0x63,0x00,0xa4,0x00,0xa4,0x08,0x83,0x00,0xa4,0x08,0xa3,0x00,0xe5,0x08,
    0xe5,0x00,0xa4,0x00,0x67,0x01,0xe9,0x01,0xe4,0x08,0x62,0x08,0x63,0x00,0x62,0x08,0x63,0x00,0x62,0x00,0x62,0x08,0x42,0x00,
    0x63,0x08,0x62,0x00,0x63,0x08,0x83,0x00,0xe5,0x00,0xe9,0x01,0x4f,0x23,0x6f,0x23,0x8f,0x3b,0x70,0x3b,0xc9,0x01,0xc4,0x00,
    0xe5,0x08,0xc8,0x09,0xc9,0x09,0x26,0x01,0xc5,0x00,0x83,0x00,0x83,0x08,0x83,0x00,0xa4,0x00,0xe5,0x00,0x05,0x01,0x26,0x01,
    0x26,0x01,0x26,0x01,0x26,0x01,0x46,0x01,0x26,0x01,0x06,0x01,0x05,0x01,0x06,0x01,0x26,0x01,0x46,0x01,0x88,0x09,0x47,0x01,
    0xa3,0x00,0x63,0x08,0x62,0x00,0x42,0x08,0x42,0x00,0x42,0x08,0x42,0x00,0x42,0x08,0x42,0x00,0x83,0x08,0x83,0x00,0x63,0x00,
    0x83,0x00,0x26,0x09,0x66,0x01,0x26,0x01,0xcd,0x0a,0xcd,0x0a,0xad,0x02,0xac,0x02,0x6c,0x02,0x6c,0x0a,0x8c,0x02,0xcc,0x0a,
    0xad,0x0a,0x8c,0x12,0x4b,0x0a,0xc8,0x01,0x47,0x01,0x06,0x01,0xe5,0x00,0xe4,0x00,0xc5,0x00,0xc5,0x00,0xc4,0x00,0xc4,0x00,
    0xa4,0x08,0x83,0x00,0x83,0x00,0x83,0x08,0x83,0x00,0x83,0x08,0x83,0x00,0x83,0x08,0xa4,0x08,0xa4,0x00,0xa4,0x00,0xc4,0x00,
    0xc4,0x00,0xc4,0x00,0xc4,0x00,0xa4,0x08,0xa4,0x00,0x83,0x00,0x83,0x08,0x83,0x08,0x83,0x08,0x83,0x00,0x83,0x08,0x84,0x00,
    0xa4,0x00,0xa4,0x00,0xc4,0x08,0xe5,0x00,0xe5,0x00,0x05,0x01,0x05,0x01,0xe5,0x00,0xe5,0x00,0xc4,0x08,0xa4,0x00,0xa4,0x08,
    0x83,0x00,0x84,0x08,0x83,0x00,0xa4,0x00,0xc4,0x08,0xc5,0x00,0xe5,0x00,0x05,0x09,0x06,0x01,0x05,0x09,0xe5,0x00,0x05,0x01,
    0xe5,0x00,0xe5,0x00,0xe5,0x00,0xe5,0x00,0xc5,0x00,0xa4,0x08,0xa4,0x00,0x83,0x08,0x83,0x00,0x83,0x00,0x83,0x08,0xa3,0x00,
    0x84,0x08,0x83,0x00,0xa4,0x00,0xa4,0x00,0xc4,0x08,0xc4,0x00,0xc4,0x08,0xc4,0x00,0xc4,0x08,0xc4,0x00,0xa4,0x00,0xa4,0x00,
    0xa4,0x00,0xe5,0x00,0x47,0x01,0x88,0x09,0x0a,0x12,0x6b,0x1a,0xac,0x12,0xcd,0x12,0x6b,0x12,0x26,0x01,0xc4,0x00,0xa4,0x00,
    0x83,0x08,0x83,0x00,0x83,0x08,0x05,0x01,0x46,0x01,0x87,0x01,0xe9,0x01,0x26,0x09,0x63,0x00,0x42,0x08,0x62,0x00,0x62,0x08,
    0x42,0x08,0x63,0x00,0x63,0x00,0xa4,0x00,0xc4,0x00,0xc5,0x00,0xa4,0x00,0xa4,0x08,0x67,0x01,0xed,0x12,0x6f,0x2b,0xe9,0x01,
    0x8f,0x43,0x53,0x64,0x2a,0x0a,0x47,0x01,0xe6,0x00,0xe5,0x00,0x26,0x01,0x67,0x01,0x46,0x01,0x26,0x01,0x67,0x01,0x67,0x01,
    0x26,0x01,0x26,0x09,0xe5,0x00,0xa4,0x08,0x63,0x08,0x63,0x08,0x83,0x00,0xc4,0x08,0x06,0x01,0xe5,0x00,0x83,0x08,0x83,0x00,
    0xe5,0x08,0x26,0x01,0xa8,0x01,0x67,0x01,0xe5,0x08,0xa4,0x00,0x62,0x08,0x62,0x00,0x42,0x08,0x42,0x00,0x42,0x08,0x62,0x00,
    0xc4,0x00,0x46,0x01,0x47,0x01,0x26,0x01,0xe8,0x09,0x6c,0x02,0x4b,0x0a,0x2a,0x0a,0xcd,0x02,0x8c,0x02,0x2b,0x0a,0xe9,0x01,
    0xa8,0x01,0x47,0x01,0x26,0x01,0x05,0x01,0xe5,0x00,0xe5,0x00,0xc5,0x00,0xe5,0x00,0xc4,0x00,0xe5,0x00,0xe5,0x00,0x05,0x01,
    0x26,0x01,0x26,0x09,0x06,0x01,0xe5,0x00,0xc5,0x00,0xa4,0x08,0x83,0x00,0x63,0x00,0x83,0x08,0x63,0x00,0x83,0x08,0x84,0x00,
    0xa3,0x00,0xa4,0x08,0xe5,0x00,0xe5,0x00,0x05,0x01,0x06,0x09,0xe5,0x00,0xc4,0x00,0xa3,0x00,0x84,0x08,0x83,0x00,0x83,0x00,
    0x63,0x00,0x83,0x08,0x83,0x00,0xa4,0x08,0xc4,0x00,0x26,0x01,0x67,0x01,0x88,0x01,0x67,0x01,0x47,0x01,0x06,0x01,0xc4,0x08,
    0xa4,0x00,0x83,0x00,0x83,0x08,0x63,0x00,0x83,0x08,0x63,0x00,0x83,0x08,0x83,0x00,0x83,0x00,0xa3,0x08,0xa4,0x00,0xa4,0x00,
    0xa4,0x00,0xa4,0x00,0xc4,0x00,0xc5,0x08,0xc5,0x00,0xe5,0x00,0x05,0x09,0x06,0x01,0xe5,0x00,0xc4,0x00,0xc4,0x00,0xa4,0x00,
    0xa4,0x08,0x83,0x00,0x83,0x08,0x83,0x00,0x63,0x08,0x83,0x00,0x83,0x08,0xa4,0x00,0x83,0x00,0x84,0x08,0xa4,0x00,0xa4,0x00,
    0xa4,0x00,0xa3,0x00,0x84,0x08,0xa4,0x00,0xa4,0x08,0xc4,0x08,0xc4,0x00,0xc5,0x00,0xc4,0x00,0x05,0x01,0xa8,0x09,0x0a,0x0a,
    0x6b,0x1a,0xcc,0x1a,0xc9,0x09,0x05,0x01,0xa4,0x08,0x83,0x08,0xa4,0x00,0x26,0x09,0xa8,0x01,0xc8,0x01,0xa8,0x01,0x06,0x01,
    0xc4,0x08,0xe5,0x00,0xc4,0x00,0x84,0x00,0xc4,0x00,0x26,0x01,0xa8,0x01,0xe9,0x09,0x6c,0x0a,0x87,0x01,0xc4,0x00,0xa4,0x00,
    0x26,0x01,0xad,0x0a,0x8c,0x1a,0xc8,0x09,0xcc,0x2a,0x2e,0x3b,0x88,0x09,0x05,0x01,0x47,0x01,0x67,0x01,0x46,0x01,0x47,0x01,
    0x47,0x01,0x26,0x01,0x67,0x01,0x26,0x01,0xc4,0x08,0x84,0x00,0x83,0x08,0x62,0x00,0x83,0x00,0x62,0x00,0x63,0x08,0x63,0x00,
    0x83,0x08,0x83,0x00,0x83,0x00,0x63,0x08,0x83,0x00,0xc4,0x00,0x68,0x09,0x67,0x01,0x05,0x09,0xe5,0x00,0x83,0x00,0x63,0x08,
    0x42,0x00,0x42,0x08,0x62,0x00,0x83,0x08,0xc4,0x00,0xe5,0x00,0x46,0x09,0x4a,0x0a,0x2a,0x0a,0x2a,0x0a,0x4e,0x33,0x6f,0x3b,
    0x26,0x01,0x05,0x01,0xe5,0x00,0xe5,0x00,0xc4,0x00,0xc4,0x00,0xa4,0x08,0xa4,0x00,0xa4,0x00,0xc4,0x00,0xc5,0x00,0xe5,0x00,
    0x26,0x09,0x46,0x01,0x68,0x01,0x88,0x01,0xc9,0x01,0xc8,0x01,0x68,0x01,0x05,0x01,0xc5,0x00,0xa3,0x00,0x84,0x08,0x83,0x00,
    0x83,0x00,0x83,0x08,0x83,0x00,0x84,0x08,0xa4,0x00,0xc4,0x00,0xe5,0x00,0x26,0x01,0x06,0x01,0x05,0x01,0xc4,0x00,0xc4,0x00,
    0x84,0x08,0x83,0x00,0x83,0x08,0x83,0x00,0x83,0x08,0x83,0x00,0xa4,0x00,0xc5,0x00,0x26,0x01,0xa8,0x01,0xc9,0x01,0xc9,0x01,
    0xa8,0x01,0x47,0x09,0x05,0x01,0xc4,0x00,0x84,0x08,0x63,0x00,0x63,0x08,0x62,0x00,0x42,0x00,0x42,0x08,0x62,0x00,0x83,0x08,
    0x84,0x00,0x83,0x00,0x83,0x08,0x83,0x00,0x83,0x08,0x83,0x00,0x83,0x08,0xa4,0x00,0xc4,0x00,0xe5,0x00,0x26,0x01,0x47,0x01,
    0x87,0x01,0x88,0x01,0x67,0x01,0x06,0x01,0xc4,0x00,0xa4,0x00,0x83,0x00,0x83,0x08,0x83,0x00,0xa4,0x00,0xa4,0x00,0xa3,0x00,
    0x84,0x08,0x83,0x00,0x83,0x08,0x83,0x00,0x83,0x08,0x84,0x00,0xa3,0x08,0xa3,0x00,0xa4,0x00,0xa4,0x08,0xa4,0x00,0x83,0x08,
    0xa4,0x00,0xc4,0x00,0x06,0x09,0x67,0x09,0x46,0x01,0xa8,0x09,0xa8,0x09,0x46,0x01,0xe5,0x00,0xe4,0x00,0x05,0x01,0xa7,0x01,
    0xe9,0x09,0xa8,0x01,0x87,0x01,0x67,0x01,0x87,0x01,0xc9,0x01,0xc9,0x09,0x87,0x01,0x88,0x01,0x4b,0x0a,0x6b,0x0a,0x67,0x09,
    0x67,0x09,0x66,0x09,0xc4,0x00,0x05,0x09,0x88,0x01,0x4a,0x12,0xed,0x1a,0x0a,0x0a,0x67,0x11,0xa4,0x00,0x83,0x00,0x83,0x08,
    0x83,0x08,0xa4,0x00,0x26,0x01,0x67,0x01,0x06,0x01,0xc4,0x08,0xc5,0x00,0xe5,0x00,0xa4,0x00,0x62,0x08,0x63,0x00,0x62,0x08,
    0x63,0x08,0x83,0x00,0x62,0x08,0x62,0x00,0x63,0x00,0x63,0x08,0x83,0x00,0x62,0x08,0x63,0x00,0xa4,0x00,0xe5,0x00,0x87,0x01,
    0xe5,0x08,0x83,0x00,0xa4,0x00,0x83,0x08,0x63,0x00,0x42,0x00,0x62,0x08,0x42,0x00,0x83,0x08,0xe4,0x00,0xa8,0x09,0x0a,0x0a,
    0xe8,0x01,0x8c,0x12,0x0d,0x23,0x8c,0x12,0xa4,0x00,0x83,0x08,0x84,0x00,0x83,0x08,0xa4,0x08,0xa4,0x00,0xa4,0x00,0xc4,0x00,
    0xe5,0x00,0x26,0x01,0x67,0x01,0xa8,0x01,0xea,0x01,0x2b,0x02,0x6b,0x02,0x6b,0x0a,0x2b,0x02,0xc9,0x01,0x47,0x01,0x05,0x01,
    0xc4,0x00,0xa4,0x00,0xa3,0x08,0x84,0x00,0x83,0x00,0xa4,0x08,0xa4,0x00,0xa4,0x00,0xc4,0x08,0xe5,0x00,0xe5,0x00,0xe5,0x08,
    0xc4,0x00,0xa4,0x08,0xa4,0x00,0x83,0x00,0x83,0x00,0x83,0x08,0x83,0x00,0x83,0x00,0x84,0x00,0xa4,0x00,0xc4,0x00,0x05,0x01,
    0x47,0x01,0xa9,0x09,0xc9,0x01,0x88,0x01,0x47,0x01,0x06,0x01,0xe5,0x00,0xc5,0x00,0xa3,0x00,0x83,0x08,0x63,0x00,0x83,0x00,
    0xe5,0x08,0x47,0x01,0x67,0x01,0x47,0x01,0x26,0x01,0xe5,0x00,0xe5,0x00,0xc5,0x00,0xc4,0x00,0xc5,0x00,0xa4,0x00,0xa3,0x08,
    0xa4,0x00,0xc4,0x08,0xe5,0x00,0x26,0x01,0x47,0x01,0x88,0x09,0xa8,0x01,0x88,0x01,0x46,0x01,0x06,0x01,0x06,0x01,0x06,0x01,
    0xe5,0x00,0xc5,0x00,0xa4,0x08,0x83,0x00,0x83,0x00,0x83,0x08,0x83,0x00,0x83,0x00,0xa4,0x08,0xa4,0x00,0xa4,0x00,0xa4,0x08,
    0x83,0x00,0x83,0x00,0x83,0x08,0x83,0x00,0x83,0x08,0x84,0x00,0xa3,0x08,0xc4,0x00,0xc4,0x08,0xe5,0x00,0x46,0x01,0x06,0x01,
    0x05,0x01,0x26,0x09,0xe4,0x00,0x06,0x09,0xe8,0x09,0xa8,0x01,0x67,0x01,0xe9,0x01,0xc9,0x01,0xc4,0x00,0xe5,0x00,0x67,0x09,
    0x6b,0x0a,0x2b,0x02,0x05,0x01,0x63,0x08,0x63,0x00,0xa4,0x00,0x84,0x08,0x26,0x01,0x67,0x01,0x0d,0x33,0x6b,0x22,0xe5,0x00,
    0xa4,0x08,0x83,0x08,0x63,0x00,0x42,0x00,0x63,0x00,0x46,0x01,0x2b,0x0a,0x0a,0x02,0x67,0x01,0x26,0x01,0x05,0x01,0x26,0x01,
    0x47,0x01,0x05,0x01,0x83,0x00,0x63,0x00,0x83,0x00,0xa4,0x08,0x83,0x00,0x63,0x08,0x62,0x00,0x83,0x00,0x83,0x08,0xa4,0x00,
    0xc4,0x00,0x05,0x01,0x06,0x01,0x25,0x01,0x05,0x09,0x63,0x00,0x83,0x08,0xc4,0x00,0x83,0x00,0x63,0x08,0x62,0x00,0x63,0x08,
    0xe4,0x00,0x67,0x01,0xc8,0x01,0xe9,0x09,0x6b,0x0a,0x6f,0x3b,0xed,0x22,0xa8,0x01,0x83,0x00,0x83,0x08,0x83,0x00,0x84,0x00,
    0xa3,0x00,0xa4,0x00,0xc4,0x08,0x06,0x01,0x46,0x01,0x68,0x01,0xc8,0x09,0x0a,0x02,0x2a,0x02,0x6b,0x02,0x6c,0x02,0x0a,0x02,
    0x88,0x01,0x46,0x01,0xe5,0x00,0xe5,0x08,0xc4,0x00,0xc5,0x08,0xa4,0x00,0xa4,0x00,0xc4,0x08,0xc4,0x00,0xc5,0x00,0xe4,0x00,
    0xe5,0x00,0xe5,0x08,0xc4,0x00,0xa4,0x00,0x83,0x00,0x83,0x08,0x83,0x00,0x63,0x08,0x83,0x00,0x63,0x00,0x83,0x08,0xa4,0x00,
    0xa4,0x08,0x05,0x01,0x67,0x01,0xc9,0x09,0x0a,0x02,0xe9,0x01,0x88,0x01,0x26,0x01,0xe5,0x08,0xc4,0x00,0xc4,0x00,0xc4,0x00,
    0xc5,0x08,0x05,0x01,0xa8,0x01,0x8c,0x0a,0x0e,0x13,0xcd,0x0a,0x4b,0x02,0xc9,0x01,0x87,0x01,0x47,0x01,0x05,0x01,0x06,0x01,
    0x05,0x09,0x05,0x01,0xe5,0x00,0xc5,0x00,0xa4,0x00,0x83,0x00,0x83,0x08,0x83,0x00,0x83,0x08,0xa4,0x00,0xc4,0x08,0x06,0x01,
    0x67,0x01,0xc9,0x01,0x09,0x02,0xea,0x01,0xa8,0x01,0x05,0x01,0xc4,0x00,0xa4,0x08,0x83,0x00,0x83,0x00,0x83,0x08,0xa4,0x00,
    0xc4,0x00,0xc4,0x08,0xa4,0x00,0xa4,0x00,0xa4,0x08,0xc4,0x00,0xc4,0x00,0x84,0x08,0xa4,0x00,0xa3,0x00,0x63,0x08,0x84,0x00,
    0xc4,0x00,0xc4,0x08,0xe5,0x00,0xe4,0x08,0xa4,0x08,0x63,0x00,0x63,0x08,0xe5,0x00,0xe9,0x01,0xa8,0x01,0x88,0x01,0xe9,0x09,
    0x4a,0x0a,0x46,0x01,0x46,0x01,0xa8,0x09,0x46,0x09,0xe5,0x00,0xa3,0x08,0x83,0x00,0x83,0x00,0x83,0x08,0xa3,0x00,0x46,0x01,
    0xe9,0x01,0xc9,0x11,0xc4,0x00,0x83,0x08,0xa4,0x00,0xe5,0x00,0x06,0x09,0x87,0x09,0x0a,0x0a,0xc9,0x01,0x46,0x01,0x05,0x01,
    0x06,0x01,0x46,0x01,0x47,0x01,0x46,0x01,0x46,0x01,0x88,0x01,0x0a,0x0a,0x6b,0x1a,0x4a,0x12,0x88,0x01,0xe5,0x00,0xa4,0x00,
    0x63,0x00,0x83,0x08,0xa4,0x00,0xa4,0x08,0xa4,0x00,0xa3,0x08,0x83,0x00,0x63,0x08,0xa4,0x00,0xc4,0x00,0x42,0x08,0xa4,0x00,
    0xc4,0x00,0xa4,0x08,0x83,0x00,0x83,0x08,0xa3,0x00,0x47,0x09,0xe9,0x09,0xc8,0x01,0x8c,0x12,0x2e,0x2b,0x0a,0x12,0x06,0x01,
    0xa4,0x00,0xa4,0x00,0xc4,0x08,0xa4,0x00,0xc4,0x08,0xe5,0x00,0xe5,0x00,0x05,0x01,0x26,0x01,0x47,0x01,0x67,0x01,0x88,0x01,
    0xc9,0x01,0x88,0x01,0x67,0x01,0x26,0x01,0xe5,0x08,0xc4,0x00,0xc4,0x08,0xa4,0x00,0xc4,0x08,0xc4,0x00,0xc5,0x00,0xe5,0x00,
    0xc5,0x00,0xe5,0x00,0xc5,0x00,0xc4,0x00,0xc5,0x00,0xa4,0x00,0xa4,0x08,0x83,0x08,0x83,0x00,0x83,0x00,0x63,0x08,0x83,0x00,
    0x63,0x08,0x83,0x00,0xa4,0x00,0xe5,0x00,0x26,0x01,0xa8,0x01,0x0a,0x02,0x2b,0x02,0x0a,0x02,0x88,0x01,0x06,0x01,0xe4,0x00,
    0xa4,0x00,0x83,0x08,0x83,0x08,0x83,0x00,0xa4,0x00,0xe5,0x00,0x88,0x01,0xa8,0x09,0x67,0x09,0x26,0x01,0xe5,0x08,0xe5,0x00,
    0xc4,0x08,0xa4,0x00,0xc4,0x08,0xa4,0x00,0xa4,0x00,0xa4,0x00,0xc4,0x08,0xa4,0x00,0x83,0x08,0x63,0x00,0x62,0x08,0x63,0x00,
    0x62,0x08,0x63,0x00,0x63,0x08,0xa3,0x00,0xc5,0x08,0x26,0x09,0x67,0x01,0x67,0x09,0x47,0x01,0x26,0x01,0xc4,0x00,0xa4,0x08,
    0xa4,0x00,0xa4,0x08,0xa4,0x00,0xa4,0x08,0x83,0x00,0x83,0x00,0xa4,0x08,0xa4,0x00,0xc4,0x00,0xc4,0x08,0xa4,0x00,0xa4,0x00,
    0xa3,0x08,0x84,0x00,0x83,0x00,0x63,0x08,0x83,0x00,0x83,0x08,0x63,0x00,0x63,0x08,0xa3,0x00,0xa4,0x08,0x83,0x00,0x46,0x01,
    0x8c,0x0a,0x0a,0x02,0x67,0x01,0xc9,0x09,0x0e,0x23,0x6b,0x1a,0xa8,0x01,0x05,0x01,0x83,0x08,0x63,0x00,0x63,0x08,0x83,0x00,
    0xc5,0x00,0xe5,0x00,0x06,0x09,0x4a,0x12,0x2a,0x0a,0xa4,0x00,0xa4,0x00,0x46,0x01,0x0a,0x02,0x8c,0x12,0x2e,0x2b,0xee,0x22,
    0x0a,0x02,0x46,0x01,0x06,0x01,0x05,0x01,0x05,0x01,0xe5,0x00,0x06,0x09,0x67,0x01,0xa8,0x01,0xe9,0x01,0x4b,0x0a,0x6b,0x12,
    0x0a,0x02,0xe9,0x01,0x0a,0x0a,0xe9,0x09,0xa8,0x01,0x26,0x01,0xa4,0x00,0x63,0x00,0x62,0x08,0x43,0x00,0x62,0x08,0x63,0x00,
    0x83,0x08,0xc5,0x00,0x83,0x00,0x42,0x08,0xa3,0x00,0xa3,0x08,0x63,0x00,0x63,0x08,0xa4,0x00,0x67,0x01,0x09,0x0a,0xe9,0x01,
    0xe9,0x01,0xc9,0x01,0x25,0x01,0xc5,0x08,0xc4,0x08,0xc4,0x00,0xc5,0x00,0xc4,0x00,0xc5,0x00,0xc4,0x00,0xc5,0x00,0xe5,0x00,
    0x05,0x01,0x26,0x01,0x47,0x01,0x47,0x01,0x26,0x01,0x05,0x09,0xe5,0x00,0xa4,0x08,0xa3,0x00,0x84,0x08,0x83,0x00,0xa4,0x00,
    0xa4,0x00,0xc4,0x08,0xe5,0x00,0xe5,0x00,0x05,0x01,0x05,0x01,0xe5,0x00,0xc4,0x00,0xa4,0x08,0x83,0x00,0x83,0x00,0x63,0x08,
    0x83,0x00,0x63,0x08,0x83,0x00,0x83,0x00,0xa4,0x00,0xa4,0x08,0xe4,0x00,0x06,0x01,0x27,0x01,0x67,0x01,0x88,0x01,0x47,0x01,
    0x05,0x01,0xe5,0x00,0xa4,0x00,0x83,0x08,0x83,0x00,0x83,0x00,0x63,0x08,0x63,0x00,0x83,0x08,0x83,0x00,0x83,0x08,0x83,0x00,
    0x83,0x00,0x83,0x08,0x83,0x00,0x83,0x00,0x83,0x08,0x83,0x00,0x83,0x08,0x83,0x00,0x63,0x08,0x83,0x08,0x63,0x00,0x62,0x00,
    0x83,0x08,0x62,0x00,0x63,0x08,0x62,0x00,0x43,0x08,0x62,0x00,0x62,0x08,0x83,0x00,0x83,0x00,0xa4,0x08,0xa4,0x00,0xc4,0x00,
    0xa4,0x08,0xa4,0x00,0xc4,0x00,0xa4,0x08,0xa4,0x00,0xa4,0x00,0x83,0x08,0x83,0x00,0x83,0x08,0xa4,0x00,0xe5,0x00,0x05,0x01,
    0xc4,0x00,0xa4,0x08,0xc5,0x00,0xe5,0x00,0xc4,0x00,0xa4,0x08,0x83,0x00,0x83,0x00,0xa3,0x08,0xa4,0x00,0x83,0x08,0x83,0x00,
    0xe4,0x00,0xe9,0x01,0x2a,0x02,0x8c,0x12,0x0e,0x1b,0x0d,0x0b,0x6b,0x0a,0x4a,0x0a,0xc8,0x11,0x05,0x09,0xa3,0x00,0x63,0x08,
    0x63,0x00,0x62,0x08,0x83,0x00,0x26,0x01,0x67,0x01,0x67,0x01,0xa8,0x09,0xed,0x22,0x88,0x01,0xc4,0x00,0xc5,0x08,0x47,0x01,
    0xe9,0x01,0x2b,0x02,0xed,0x1a,0x2e,0x2b,0xed,0x2a,0xac,0x1a,0xa8,0x01,0x06,0x01,0xa4,0x08,0xa4,0x00,0xa3,0x00,0xc5,0x00,
    0xa8,0x01,0x4b,0x0a,0x2a,0x02,0xe9,0x01,0x88,0x01,0xc9,0x01,0x6b,0x0a,0xac,0x0a,0x8b,0x12,0xac,0x12,0x0a,0x12,0x67,0x01,
    0xe5,0x00,0x83,0x00,0x63,0x00,0x62,0x00,0xa4,0x00,0x05,0x01,0xe4,0x08,0x63,0x00,0x62,0x08,0x43,0x00,0xa3,0x08,0x05,0x01,
    0x87,0x01,0x2a,0x0a,0x2a,0x0a,0x67,0x01,0x46,0x01,0x47,0x01,0xc4,0x08,0xa4,0x00,0xc5,0x00,0xe4,0x00,0xe5,0x00,0xe5,0x00,
    0x06,0x01,0x05,0x01,0x05,0x01,0x06,0x09,0x26,0x01,0x47,0x01,0x67,0x01,0x26,0x01,0x05,0x01,0xc4,0x00,0xa4,0x00,0x83,0x08,
    0x83,0x00,0x63,0x00,0x62,0x08,0x63,0x00,0x83,0x08,0xa4,0x00,0xc4,0x00,0xe5,0x00,0x05,0x01,0x06,0x01,0xe5,0x08,0xc5,0x00,
    0xc4,0x00,0xa4,0x00,0xa4,0x00,0xa4,0x00,0xa4,0x00,0xa4,0x00,0xc4,0x00,0xe5,0x08,0x05,0x01,0x06,0x01,0x47,0x01,0x67,0x01,
    0x88,0x01,0x88,0x01,0x87,0x01,0x47,0x01,0x06,0x01,0xe5,0x08,0xc4,0x00,0xa4,0x00,0x83,0x08,0x83,0x00,0x83,0x00,0xa4,0x08,
    0xa3,0x00,0x84,0x00,0x83,0x08,0x83,0x00,0x84,0x00,0x83,0x00,0x83,0x08,0x83,0x00,0x83,0x08,0x63,0x00,0x63,0x08,0x63,0x00,
    0x62,0x08,0x63,0x00,0x62,0x08,0x63,0x00,0x62,0x08,0x63,0x00,0x62,0x08,0x63,0x00,0x62,0x08,0x63,0x00,0x63,0x08,0x83,0x00,
    0x62,0x08,0x63,0x00,0x83,0x08,0x83,0x00,0x83,0x08,0xa4,0x00,0xa3,0x08,0xa4,0x00,0xa3,0x08,0x83,0x00,0x83,0x00,0x83,0x08,
    0x84,0x00,0xe4,0x08,0xe5,0x00,0xe5,0x08,0xa4,0x00,0xa4,0x00,0xc4,0x00,0xe5,0x08,0xc4,0x00,0xc4,0x00,0xa4,0x08,0xa3,0x00,
    0x84,0x00,0xa3,0x08,0x83,0x00,0xc4,0x08,0x46,0x01,0xc9,0x01,0xa8,0x01,0xc9,0x01,0x8b,0x12,0x6f,0x1b,0x8c,0x0a,0x26,0x09,
    0x83,0x00,0x62,0x08,0x63,0x00,0xa4,0x08,0xa4,0x00,0xa3,0x08,0xa8,0x01,0x6b,0x0a,0x6b,0x12,0x8c,0x1a,0x2e,0x3b,0x8f,0x43,
    0xed,0x22,0xe9,0x01,0xc9,0x01,0xcc,0x22,0x6f,0x3b,0xad,0x0a,0x6c,0x02,0xcc,0x22,0x0d,0x2b,0x6b,0x12,0x67,0x01,0xa4,0x00,
    0x63,0x00,0x63,0x00,0xc4,0x00,0x26,0x09,0xa8,0x01,0x0a,0x02,0x2b,0x0a,0x0a,0x0a,0xc9,0x01,0xa8,0x01,0x88,0x01,0x87,0x01,
    0x88,0x01,0x4a,0x12,0xac,0x22,0x8b,0x12,0x6b,0x12,0xc8,0x09,0x26,0x09,0x26,0x01,0x26,0x01,0x26,0x01,0x47,0x01,0x67,0x01,
    0x06,0x01,0xc4,0x08,0x67,0x01,0x0a,0x02,0x6b,0x0a,0x4b,0x0a,0xa8,0x01,0x67,0x01,0x88,0x01,0x47,0x01,0xc4,0x00,0x83,0x00,
    0xe5,0x00,0xe5,0x00,0x26,0x01,0x47,0x01,0x67,0x01,0x88,0x09,0xa9,0x01,0xc8,0x01,0xa9,0x01,0xa8,0x01,0x47,0x01,0x05,0x01,
    0xa4,0x00,0x83,0x08,0x63,0x00,0x63,0x00,0x62,0x08,0x63,0x00,0x62,0x00,0x83,0x08,0x83,0x00,0x83,0x00,0xa4,0x08,0xc5,0x00,
    0xe5,0x00,0xe5,0x00,0xe5,0x00,0x05,0x01,0x06,0x01,0x46,0x01,0x67,0x01,0xa9,0x01,0xe9,0x01,0x0a,0x02,0x0a,0x02,0x2b,0x02,
    0x4b,0x02,0x4b,0x02,0x6c,0x02,0x8c,0x02,0x6c,0x0a,0x2a,0x02,0xc9,0x01,0x87,0x09,0x47,0x01,0x26,0x01,0xe5,0x00,0xe5,0x00,
    0xc5,0x00,0xc4,0x00,0xc5,0x08,0xc4,0x00,0xc5,0x00,0xe5,0x00,0x26,0x01,0x47,0x01,0x67,0x01,0x47,0x01,0x06,0x01,0xc5,0x00,
    0x84,0x00,0x83,0x00,0x62,0x08,0x62,0x00,0x62,0x00,0x62,0x08,0x62,0x00,0x63,0x08,0x62,0x00,0x63,0x08,0x62,0x00,0x63,0x08,
    0x62,0x00,0x62,0x08,0x63,0x00,0x62,0x08,0x63,0x00,0x62,0x08,0x62,0x00,0x63,0x08,0x62,0x00,0x83,0x08,0x83,0x00,0x83,0x00,
    0x83,0x00,0x83,0x08,0x63,0x00,0x83,0x08,0xa4,0x00,0xa4,0x08,0x83,0x00,0x83,0x08,0x63,0x00,0x83,0x08,0x83,0x08,0xa4,0x00,
    0xa4,0x08,0x83,0x00,0xa3,0x08,0x83,0x00,0x83,0x08,0x83,0x00,0x63,0x08,0xc4,0x00,0xe9,0x09,0x2a,0x02,0x67,0x01,0xc9,0x09,
    0x8c,0x12,0xac,0x1a,0x26,0x09,0x63,0x08,0x62,0x00,0x63,0x08,0x62,0x00,0x83,0x08,0xe5,0x00,0x26,0x01,0x2a,0x0a,0x4b,0x0a,
    0x0e,0x2b,0x92,0x74,0x11,0x64,0xf1,0x53,0xf1,0x5b,0x8f,0x3b,0xb0,0x43,0xf1,0x5b,0x32,0x64,0xd0,0x4b,0x0e,0x23,0x6b,0x02,
    0x0a,0x0a,0x2b,0x0a,0x4a,0x1a,0x4b,0x1a,0x2a,0x1a,0x4a,0x1a,0x0a,0x02,0xa8,0x01,0x27,0x01,0x06,0x01,0x26,0x01,0x47,0x01,
    0xa8,0x01,0xa8,0x01,0x88,0x01,0x67,0x01,0x67,0x01,0xa8,0x01,0x0a,0x0a,0x6b,0x12,0xac,0x1a,0x6c,0x12,0x6b,0x12,0x4b,0x0a,
    0x88,0x01,0x46,0x01,0x87,0x01,0x2a,0x0a,0x4a,0x0a,0x6b,0x0a,0xac,0x1a,0x6b,0x0a,0x0a,0x02,0xe9,0x01,0x0a,0x02,0x2a,0x02,
    0xe9,0x01,0x46,0x01,0xc4,0x08,0xa4,0x00,0xe5,0x00,0xe5,0x00,0x05,0x09,0x26,0x01,0x47,0x01,0x87,0x01,0x87,0x01,0x68,0x01,
    0x67,0x01,0x05,0x01,0xc5,0x08,0x83,0x00,0x83,0x08,0x63,0x00,0x62,0x08,0x63,0x00,0x62,0x08,0x63,0x00,0x63,0x08,0x83,0x00,
    0xa4,0x08,0xa4,0x00,0xc4,0x08,0xc4,0x00,0xa4,0x08,0xc4,0x00,0xc4,0x00,0xe5,0x00,0x06,0x01,0x67,0x01,0xa8,0x01,0x0a,0x02,
    0x2a,0x02,0x6b,0x0a,0x8c,0x02,0x8c,0x02,0x8c,0x0a,0xad,0x02,0x8c,0x02,0x8c,0x02,0x4b,0x02,0x0a,0x02,0xa9,0x01,0x67,0x01,
    0x26,0x01,0x26,0x01,0x26,0x01,0x26,0x01,0x26,0x01,0x05,0x09,0xe5,0x00,0xc4,0x00,0xc4,0x08,0xe5,0x00,0x26,0x01,0x67,0x01,
    0x88,0x01,0x87,0x01,0x67,0x01,0x25,0x01,0xe5,0x00,0xc5,0x00,0xc4,0x00,0xc5,0x00,0xa4,0x08,0x83,0x00,0x63,0x00,0x42,0x08,
    0x42,0x00,0x42,0x08,0x42,0x00,0x62,0x08,0x43,0x00,0x62,0x08,0x62,0x00,0x42,0x08,0x42,0x00,0x42,0x08,0x62,0x00,0x43,0x08,
    0x62,0x00,0x43,0x08,0x62,0x00,0x63,0x08,0x63,0x08,0x63,0x00,0x83,0x08,0xa3,0x00,0x84,0x08,0x83,0x00,0x62,0x08,0x62,0x00,
    0x63,0x08,0x82,0x00,0x63,0x00,0x83,0x08,0x83,0x00,0xa3,0x08,0x84,0x00,0xa4,0x08,0xc4,0x00,0x05,0x01,0xe5,0x00,0xe5,0x08,
    0x87,0x09,0xe9,0x09,0x0a,0x0a,0xed,0x12,0xab,0x12,0x26,0x09,0x83,0x00,0x62,0x08,0x63,0x00,0x63,0x08,0xa4,0x00,0x26,0x01,
    0xc8,0x09,0xac,0x1a,0xed,0x2a,0x8c,0x22,0xf0,0x5b,0xf1,0x63,0xad,0x22,0xcd,0x1a,0x12,0x54,0x12,0x64,0x4e,0x43,0x8c,0x2a,
    0xac,0x22,0x2e,0x33,0x4e,0x1b,0xad,0x0a,0x4b,0x0a,0x6b,0x12,0xac,0x22,0x0d,0x33,0x6e,0x43,0x0e,0x33,0x4b,0x0a,0xa9,0x01,
    0x46,0x01,0x26,0x01,0x26,0x01,0x26,0x01,0x47,0x01,0x67,0x01,0x67,0x01,0x47,0x01,0x47,0x01,0x88,0x01,0x88,0x01,0x88,0x01,
    0xe9,0x01,0x6b,0x0a,0x8c,0x1a,0x2a,0x0a,0xa8,0x09,0x47,0x01,0x67,0x01,0xc9,0x01,0x2a,0x02,0x6c,0x12,0x2a,0x0a,0xc9,0x01,
    0x2a,0x0a,0xac,0x12,0x6c,0x0a,0x0a,0x02,0x46,0x01,0xe5,0x08,0x84,0x00,0x83,0x08,0xa3,0x00,0x84,0x08,0x83,0x00,0xa4,0x00,
    0xa4,0x08,0xa4,0x00,0xc4,0x00,0xa4,0x08,0xa4,0x00,0xa3,0x08,0x83,0x00,0x63,0x00,0x63,0x08,0x62,0x00,0x63,0x08,0x63,0x00,
    0x63,0x00,0x83,0x08,0xa3,0x00,0xa4,0x00,0xc4,0x00,0xe5,0x00,0xc5,0x00,0xc4,0x08,0x84,0x00,0xa3,0x00,0xa4,0x08,0xa4,0x00,
    0xc4,0x08,0xe5,0x00,0xe5,0x08,0x06,0x01,0x26,0x01,0x26,0x01,0x47,0x01,0x67,0x01,0x67,0x01,0x67,0x01,0x67,0x01,0x67,0x09,
    0x27,0x01,0x26,0x01,0x05,0x01,0xe5,0x00,0xe5,0x00,0xe5,0x00,0xe5,0x00,0x05,0x01,0xe5,0x00,0xe5,0x00,0xc5,0x08,0xc4,0x00,
    0xc5,0x00,0xc4,0x08,0xc5,0x00,0x05,0x01,0xe5,0x08,0xc4,0x00,0xa4,0x08,0xa4,0x00,0xc4,0x08,0xc5,0x00,0x26,0x09,0xa8,0x01,
    0xe9,0x01,0xa8,0x09,0xa8,0x01,0x88,0x01,0x46,0x01,0xe5,0x00,0x83,0x00,0x63,0x08,0x62,0x00,0x42,0x08,0x63,0x00,0x62,0x08,
    0x62,0x00,0x43,0x08,0x62,0x00,0x42,0x08,0x62,0x00,0x62,0x08,0x42,0x00,0x62,0x08,0x63,0x00,0x62,0x08,0x83,0x00,0x83,0x00,
    0x63,0x08,0x62,0x00,0x63,0x08,0x62,0x00,0x43,0x08,0x62,0x00,0x63,0x08,0x83,0x00,0xa3,0x08,0xa4,0x00,0xc4,0x08,0xe5,0x00,
    0x26,0x01,0x47,0x01,0x05,0x01,0xc4,0x00,0xa4,0x08,0x67,0x01,0x09,0x0a,0xa8,0x11,0x46,0x01,0xa4,0x00,0x83,0x08,0x63,0x00,
    0x62,0x08,0xa4,0x00,0xe9,0x01,0xec,0x1a,0x4f,0x33,0xd0,0x53,0x6f,0x43,0x2e,0x3b,0x0d,0x2b,0xe9,0x09,0x4b,0x02,0x90,0x3b,
    0x90,0x3b,0x4b,0x12,0x46,0x09,0x26,0x01,0x0a,0x02,0x8c,0x02,0x4b,0x0a,0x0a,0x02,0xc9,0x01,0x67,0x01,0x27,0x01,0x26,0x01,
    0x26,0x09,0x67,0x09,0xc9,0x01,0x09,0x0a,0x0a,0x02,0xe9,0x01,0x88,0x01,0x46,0x01,0xe5,0x00,0xe5,0x08,0xe5,0x00,0xc4,0x08,
    0xc4,0x00,0xc4,0x00,0x26,0x01,0x67,0x01,0xe9,0x01,0x6b,0x0a,0xcd,0x22,0x0d,0x2b,0xac,0x1a,0x0a,0x02,0xe9,0x01,0xc9,0x01,
    0x2a,0x0a,0x2a,0x0a,0x2a,0x0a,0x6b,0x0a,0x0e,0x23,0x0d,0x1b,0x0a,0x0a,0x46,0x01,0xc5,0x08,0x83,0x00,0x83,0x00,0x63,0x00,
    0x63,0x00,0x62,0x08,0x63,0x00,0x62,0x08,0x63,0x00,0x62,0x08,0x63,0x00,0x63,0x08,0x62,0x00,0x63,0x08,0x63,0x00,0x63,0x08,
    0x83,0x00,0x63,0x00,0x83,0x08,0x83,0x00,0xa3,0x08,0xa4,0x00,0xc4,0x08,0xe5,0x00,0xc5,0x08,0xc4,0x00,0xa4,0x08,0x83,0x00,
    0x83,0x00,0x83,0x08,0x83,0x00,0x83,0x08,0x83,0x00,0xa4,0x08,0xa3,0x00,0xa4,0x08,0xa4,0x00,0xa4,0x08,0xa4,0x00,0xc4,0x08,
    0xc4,0x00,0xc5,0x08,0xc4,0x00,0xc4,0x00,0xc4,0x08,0xa4,0x00,0xa4,0x08,0xa3,0x00,0x84,0x08,0xa3,0x00,0xa4,0x08,0xc4,0x00,
    0xc5,0x00,0xc4,0x00,0xc4,0x00,0xc4,0x08,0xc4,0x00,0xc5,0x00,0xc4,0x00,0xc4,0x00,0xa4,0x00,0x83,0x00,0x83,0x08,0x63,0x00,
    0x83,0x08,0xa3,0x00,0xc4,0x00,0x05,0x01,0x26,0x01,0x47,0x09,0x87,0x01,0xc9,0x01,0xc9,0x01,0xa8,0x01,0x46,0x01,0xc5,0x00,
    0xa4,0x08,0x63,0x00,0x42,0x08,0x42,0x00,0x42,0x08,0x42,0x00,0x42,0x00,0x62,0x08,0x63,0x00,0x42,0x08,0x63,0x00,0x42,0x08,
    0x62,0x00,0x63,0x08,0x63,0x00,0x62,0x08,0x42,0x00,0x62,0x08,0x42,0x00,0x42,0x08,0x62,0x00,0x63,0x08,0x62,0x00,0x63,0x08,
    0x63,0x00,0xa3,0x08,0xa4,0x00,0xc4,0x00,0xe5,0x08,0xc4,0x00,0xa4,0x08,0xa4,0x00,0x47,0x01,0xe9,0x09,0x46,0x01,0xa4,0x08,
    0xa4,0x00,0x63,0x08,0x62,0x00,0x63,0x08,0x83,0x00,0xc8,0x01,0x2e,0x1b,0xcd,0x1a,0x0a,0x12,0xa8,0x11,0x67,0x11,0x46,0x09,
    0x26,0x01,0x09,0x12,0xaf,0x4b,0x8f,0x4b,0xc8,0x11,0xe5,0x00,0xe5,0x00,0xe9,0x01,0x0b,0x0a,0x88,0x01,0x26,0x01,0x05,0x01,
    0xe5,0x00,0xe5,0x00,0x05,0x01,0x26,0x01,0xc9,0x09,0x2a,0x0a,0x2a,0x0a,0xa8,0x01,0x67,0x09,0x67,0x01,0x26,0x01,0x06,0x09,
    0xe5,0x00,0xc4,0x00,0xa4,0x08,0xa4,0x00,0x84,0x08,0xa4,0x00,0xe5,0x00,0x47,0x01,0xa8,0x01,0xc9,0x09,0x0a,0x0a,0x4b,0x12,
    0x2a,0x0a,0xe9,0x09,0x09,0x02,0x2a,0x02,0xac,0x12,0xee,0x1a,0xed,0x1a,0x0d,0x23,0xed,0x2a,0x4b,0x12,0x88,0x09,0x05,0x01,
    0xa4,0x00,0x83,0x08,0x63,0x00,0x83,0x08,0x83,0x00,0x63,0x08,0x63,0x00,0x62,0x08,0x63,0x00,0x62,0x08,0x63,0x00,0x83,0x00,
    0xc5,0x00,0x05,0x01,0x26,0x01,0x46,0x01,0x46,0x01,0x46,0x01,0x26,0x01,0xe5,0x00,0xe5,0x00,0xc5,0x00,0xc4,0x00,0xa4,0x08,
    0xa3,0x00,0x63,0x08,0x83,0x00,0x63,0x08,0x63,0x00,0x83,0x08,0x63,0x00,0x83,0x08,0x63,0x00,0x63,0x08,0x63,0x00,0x82,0x08,
    0x63,0x00,0x83,0x08,0x83,0x00,0x84,0x00,0x83,0x08,0x84,0x00,0xa3,0x08,0x84,0x00,0x83,0x00,0x83,0x00,0x63,0x08,0x83,0x00,
    0x83,0x00,0xa4,0x08,0x83,0x00,0xa4,0x08,0x83,0x00,0xa4,0x08,0xa4,0x00,0xa4,0x00,0xc5,0x00,0xe5,0x00,0xe5,0x00,0xc4,0x08,
    0xa4,0x00,0x83,0x08,0x83,0x00,0x63,0x08,0x83,0x00,0x83,0x08,0x84,0x00,0x83,0x08,0xa4,0x00,0xc4,0x00,0xe5,0x00,0xe5,0x00,
    0x06,0x01,0x26,0x01,0x26,0x01,0x05,0x01,0xe5,0x00,0xe4,0x00,0x84,0x08,0x83,0x00,0x62,0x00,0x62,0x08,0x62,0x08,0x43,0x00,
    0x62,0x08,0x42,0x00,0x62,0x08,0x62,0x00,0x63,0x00,0x62,0x08,0x62,0x00,0x42,0x08,0x62,0x00,0x43,0x00,0x62,0x08,0x62,0x00,
    0x42,0x08,0x62,0x00,0x62,0x08,0x62,0x00,0x63,0x08,0x63,0x00,0x83,0x08,0xc5,0x00,0x05,0x01,0xc4,0x00,0x83,0x00,0x67,0x01,
    0xac,0x0a,0xe9,0x01,0xc4,0x08,0xa4,0x00,0x83,0x08,0x62,0x00,0x63,0x08,0x62,0x00,0xc4,0x00,0xcd,0x1a,0x0d,0x1b,0x67,0x01,
    0xc4,0x08,0x83,0x00,0x83,0x00,0xc5,0x00,0xe9,0x11,0xcc,0x2a,0x2a,0x2a,0x46,0x09,0xc4,0x00,0xe5,0x00,0xa8,0x01,0x88,0x01,
    0x05,0x01,0xa4,0x08,0x83,0x00,0xa4,0x08,0xa4,0x00,0xe5,0x08,0x06,0x01,0xa8,0x01,0xe9,0x01,0x88,0x09,0x05,0x01,0xc4,0x08,
    0xa4,0x00,0xa4,0x08,0xa4,0x00,0xa4,0x00,0xc4,0x08,0xa4,0x00,0xa4,0x00,0xa4,0x00,0xe4,0x00,0x26,0x01,0x46,0x01,0x67,0x09,
    0xa8,0x01,0xa9,0x01,0xa8,0x01,0x87,0x01,0xc9,0x01,0xe9,0x01,0xe9,0x01,0x0a,0x02,0x4b,0x0a,0x4b,0x0a,0x4b,0x0a,0x0a,0x0a,
    0xa8,0x09,0x46,0x01,0xe5,0x00,0xe5,0x00,0xc4,0x00,0xc4,0x00,0xa4,0x08,0xc4,0x00,0xa4,0x00,0xa3,0x00,0x83,0x08,0x83,0x00,
    0xa4,0x00,0xe5,0x00,0x88,0x01,0x2a,0x0a,0x6b,0x02,0x8c,0x0a,0x8b,0x02,0x4b,0x02,0x0a,0x02,0xc9,0x01,0x67,0x01,0x26,0x01,
    0xe5,0x00,0xc4,0x08,0x83,0x00,0x83,0x00,0x63,0x08,0x62,0x00,0x62,0x08,0x62,0x00,0x63,0x08,0x62,0x00,0x63,0x00,0x63,0x08,
    0x82,0x00,0x63,0x00,0x62,0x08,0x83,0x00,0x63,0x08,0x83,0x00,0x83,0x08,0x83,0x00,0x83,0x00,0x83,0x00,0x63,0x00,0x83,0x08,
    0x83,0x00,0xa4,0x00,0xc4,0x00,0xc4,0x00,0x84,0x00,0x83,0x00,0x83,0x00,0x83,0x08,0xa4,0x00,0xa4,0x00,0xa4,0x00,0xc4,0x08,
    0xe5,0x00,0xe5,0x08,0xe4,0x00,0xa4,0x00,0x84,0x08,0x83,0x00,0x63,0x00,0x63,0x08,0x63,0x00,0x83,0x08,0x83,0x00,0xa3,0x00,
    0xa4,0x00,0xa4,0x08,0xa4,0x00,0xc4,0x00,0xa4,0x08,0xc4,0x00,0xa4,0x08,0xc4,0x00,0xc4,0x08,0xc5,0x00,0xc4,0x00,0xc4,0x08,
    0xc5,0x00,0xa4,0x00,0x83,0x08,0x63,0x00,0x62,0x00,0x42,0x00,0x42,0x08,0x63,0x00,0x63,0x08,0x62,0x00,0x63,0x00,0x62,0x08,
    0x63,0x00,0x42,0x08,0x42,0x00,0x62,0x08,0x43,0x00,0x62,0x08,0x63,0x00,0x42,0x00,0x62,0x00,0x63,0x08,0x62,0x08,0xc4,0x00,
    0x06,0x01,0xc4,0x00,0xc5,0x00,0x0a,0x0a,0x09,0x02,0xc5,0x00,0x83,0x08,0x83,0x00,0x62,0x08,0x62,0x00,0x42,0x08,0x42,0x00,
    0x26,0x09,0x2e,0x1b,0x2a,0x0a,0xc5,0x00,0x83,0x00,0xa4,0x08,0xc4,0x00,0xa7,0x11,0xe9,0x19,0x26,0x11,0xa3,0x08,0xa4,0x08,
    0xc4,0x00,0x06,0x01,0x05,0x09,0xa3,0x08,0x83,0x08,0x63,0x00,0x63,0x08,0xa3,0x00,0xa4,0x08,0xc4,0x00,0xc5,0x00,0xe5,0x08,
    0xc4,0x00,0xe5,0x00,0xc4,0x00,0xc5,0x00,0xa4,0x08,0x83,0x00,0xa3,0x08,0xa4,0x08,0xe5,0x00,0x05,0x01,0x46,0x09,0x88,0x01,
    0xe9,0x01,0xea,0x09,0xc9,0x01,0x88,0x01,0xa8,0x01,0x88,0x01,0x67,0x01,0x46,0x01,0x67,0x01,0x88,0x01,0xc9,0x09,0xe9,0x01,
    0xe9,0x01,0xe9,0x01,0xc9,0x01,0x67,0x01,0xe5,0x08,0xa4,0x00,0xa3,0x08,0x83,0x00,0x84,0x08,0xa3,0x00,0xa3,0x00,0xa4,0x08,
    0xc5,0x00,0xc4,0x00,0xc5,0x00,0x06,0x01,0xa8,0x01,0x6b,0x02,0xed,0x12,0x0e,0x13,0xcc,0x0a,0x4b,0x02,0xe9,0x01,0x88,0x01,
    0x46,0x09,0x06,0x01,0xe5,0x08,0xc4,0x08,0xa4,0x00,0x83,0x08,0x63,0x00,0x62,0x08,0x63,0x00,0x43,0x08,0x62,0x00,0x63,0x08,
    0x63,0x00,0x83,0x08,0x83,0x00,0x83,0x08,0x63,0x00,0x83,0x08,0x63,0x00,0x63,0x08,0x83,0x00,0x83,0x00,0x63,0x08,0x63,0x08,
    0x83,0x08,0x83,0x00,0x83,0x08,0x84,0x00,0xa3,0x00,0xc5,0x08,0x87,0x01,0xa8,0x01,0xe5,0x08,0xa4,0x00,0x83,0x08,0xa3,0x00,
    0x84,0x00,0xa3,0x00,0xa4,0x08,0xc4,0x00,0xc5,0x00,0xe5,0x00,0xa4,0x00,0x83,0x08,0x83,0x00,0x62,0x08,0x62,0x00,0x63,0x08,
    0x62,0x00,0x63,0x08,0x83,0x08,0x83,0x00,0x83,0x08,0xa4,0x00,0x83,0x08,0x83,0x00,0x83,0x08,0x83,0x00,0x83,0x08,0x84,0x00,
    0xa4,0x08,0xa4,0x00,0xa4,0x08,0xa4,0x00,0xc4,0x08,0xc4,0x00,0x84,0x08,0x83,0x00,0x62,0x08,0x63,0x08,0x62,0x00,0x63,0x00,
    0x62,0x00,0x42,0x08,0x42,0x00,0x42,0x08,0x62,0x00,0x42,0x00,0x62,0x08,0x42,0x00,0x62,0x08,0x43,0x00,0x62,0x08,0x63,0x08,
    0x63,0x00,0x62,0x08,0x63,0x00,0xc4,0x08,0xe5,0x00,0xc4,0x00,0x47,0x01,0x87,0x01,0xa4,0x08,0x62,0x00,0x63,0x08,0x83,0x00,
    0x42,0x08,0x42,0x00,0x63,0x08,0x63,0x00,0xa8,0x09,0x0d,0x23,0xc8,0x01,0x05,0x09,0xe5,0x00,0xc5,0x00,0xe5,0x00,0xe5,0x08,
    0xe5,0x00,0xc4,0x00,0x83,0x08,0x83,0x00,0xa4,0x00,0xa3,0x08,0x63,0x00,0x43,0x08,0x62,0x00,0x42,0x08,0x62,0x00,0x63,0x08,
    0x63,0x00,0x63,0x00,0x83,0x00,0xc5,0x00,0x26,0x01,0x26,0x01,0x06,0x01,0x05,0x01,0xc5,0x00,0xc4,0x00,0xc4,0x00,0xc4,0x00,
    0xe5,0x00,0x26,0x01,0xa9,0x01,0x2a,0x0a,0x6b,0x02,0x09,0x02,0x87,0x09,0x06,0x01,0xe5,0x00,0xe5,0x00,0xe5,0x00,0x06,0x01,
    0x26,0x01,0x06,0x09,0x26,0x01,0x67,0x01,0x88,0x01,0xc8,0x01,0x67,0x01,0x05,0x09,0xa4,0x08,0x83,0x00,0x63,0x08,0x62,0x00,
    0x42,0x08,0x62,0x00,0x63,0x08,0x63,0x00,0xe5,0x00,0x05,0x01,0x46,0x01,0x88,0x01,0xe9,0x01,0x0a,0x0a,0x0a,0x02,0x88,0x01,
    0x47,0x01,0xe5,0x00,0xc5,0x08,0xa3,0x08,0xa4,0x00,0x83,0x00,0x63,0x00,0x83,0x08,0x62,0x00,0x63,0x08,0x62,0x00,0x43,0x08,
    0x62,0x00,0x62,0x08,0x63,0x00,0x63,0x08,0x83,0x00,0x83,0x08,0xa4,0x00,0x83,0x00,0xa4,0x08,0x83,0x00,0x83,0x00,0x83,0x08,
    0x83,0x00,0x63,0x08,0x83,0x00,0x83,0x00,0x83,0x00,0x84,0x08,0xa3,0x00,0x84,0x00,0xa3,0x08,0xc5,0x00,0x05,0x01,0xe5,0x00,
    0xc4,0x00,0x83,0x08,0xa4,0x00,0x84,0x00,0xa4,0x08,0xa4,0x00,0xc4,0x00,0xc5,0x00,0xc4,0x08,0xa4,0x00,0x83,0x08,0x83,0x00,
    0x63,0x08,0x63,0x00,0x62,0x08,0x42,0x00,0x62,0x08,0x63,0x00,0x62,0x00,0x63,0x08,0x63,0x00,0x62,0x08,0x63,0x00,0x62,0x08,
    0x63,0x00,0x63,0x08,0x83,0x00,0x83,0x08,0x83,0x00,0x83,0x08,0x83,0x00,0x83,0x08,0x83,0x00,0x63,0x08,0x63,0x00,0x62,0x08,
    0x42,0x00,0x63,0x08,0x62,0x00,0x63,0x08,0x62,0x08,0x42,0x00,0x62,0x08,0x42,0x00,0x63,0x08,0x42,0x08,0x42,0x00,0x63,0x08,
    0x62,0x00,0x63,0x08,0x63,0x00,0x62,0x00,0x83,0x00,0x63,0x08,0x63,0x00,0xa3,0x08,0xc4,0x00,0x05,0x09,0x26,0x01,0xa4,0x08,
    0x63,0x00,0x62,0x08,0x62,0x00,0x42,0x08,0x62,0x00,0x42,0x08,0x62,0x00,0xc4,0x00,0xac,0x12,0x4e,0x23,0x4b,0x02,0xa8,0x01,
    0x26,0x01,0xc4,0x00,0x83,0x08,0xe5,0x00,0x05,0x01,0xa4,0x08,0x83,0x00,0x63,0x08,0xe5,0x00,0xe5,0x00,0x63,0x00,0x62,0x08,
    0x42,0x00,0x42,0x00,0x42,0x08,0x62,0x00,0xa4,0x00,0x67,0x09,0x4a,0x12,0xcc,0x22,0xed,0x2a,0xcc,0x22,0x8b,0x22,0x2a,0x1a,
    0xc8,0x09,0xa8,0x09,0xe9,0x09,0x0a,0x12,0x0a,0x12,0xe9,0x09,0xe9,0x01,0xe9,0x09,0xc9,0x01,0x67,0x01,0x06,0x01,0xc4,0x00,
    0xa4,0x08,0xa4,0x00,0xc4,0x00,0xc5,0x00,0xe4,0x08,0xe5,0x00,0xe5,0x00,0x05,0x01,0x26,0x01,0x26,0x01,0xe5,0x00,0xa4,0x08,
    0x83,0x00,0x63,0x08,0x42,0x00,0x42,0x08,0x62,0x00,0x42,0x08,0x42,0x00,0x62,0x08,0xc4,0x00,0xc5,0x08,0x06,0x01,0x26,0x01,
    0x26,0x09,0x06,0x01,0xc4,0x08,0xa4,0x00,0x83,0x08,0x83,0x00,0x62,0x08,0x63,0x00,0x62,0x08,0x62,0x08,0x42,0x00,0x42,0x08,
    0x62,0x00,0x42,0x08,0x42,0x00,0x62,0x08,0x62,0x00,0x43,0x08,0x62,0x00,0x83,0x00,0x83,0x00,0xa4,0x00,0xa4,0x00,0xa4,0x08,
    0xa4,0x00,0xa3,0x00,0xa4,0x00,0x83,0x08,0x83,0x00,0x63,0x00,0x83,0x08,0x63,0x08,0x83,0x00,0x83,0x00,0x83,0x08,0x83,0x00,
    0xa4,0x00,0x83,0x00,0x83,0x08,0x83,0x08,0x83,0x00,0x84,0x00,0x83,0x08,0xa4,0x00,0xa3,0x00,0xc4,0x00,0xc5,0x08,0xc4,0x00,
    0xa4,0x00,0x83,0x08,0x83,0x00,0x63,0x08,0x63,0x00,0x62,0x00,0x63,0x08,0x62,0x00,0x42,0x08,0x62,0x00,0x42,0x08,0x62,0x00,
    0x42,0x08,0x42,0x00,0x62,0x08,0x42,0x00,0x62,0x08,0x63,0x00,0x62,0x08,0x63,0x00,0x62,0x08,0x63,0x00,0x62,0x08,0x63,0x00,
    0x62,0x08,0x62,0x00,0x62,0x08,0x63,0x00,0x62,0x08,0x43,0x00,0x62,0x08,0x63,0x00,0x62,0x08,0x42,0x00,0x63,0x08,0x42,0x00,
    0x62,0x08,0x62,0x00,0x42,0x08,0x62,0x00,0x43,0x08,0x62,0x00,0x83,0x08,0x63,0x00,0x62,0x08,0x62,0x00,0x62,0x08,0x63,0x00,
    0xa4,0x08,0xe5,0x00,0xe5,0x08,0x83,0x00,0x62,0x08,0x62,0x00,0x42,0x08,0x63,0x00,0x42,0x08,0x63,0x00,0x05,0x01,0x6b,0x12,
    0xf1,0x4b,0x52,0x4c,0x70,0x13,0x2a,0x02,0x05,0x01,0xa4,0x08,0xe5,0x00,0xe5,0x00,0xa4,0x00,0x83,0x08,0xc4,0x00,0x46,0x01,
    0xc8,0x09,0xe5,0x00,0x62,0x08,0x42,0x00,0x42,0x08,0x63,0x00,0xc4,0x00,0xa8,0x09,0xac,0x1a,0x0d,0x2b,0x0d,0x33,0xcc,0x22,
    0x6b,0x1a,0x8b,0x1a,0x8b,0x22,0xac,0x2a,0xab,0x2a,0xcd,0x22,0x6f,0x4b,0xb0,0x53,0x6e,0x43,0x0d,0x33,0xcc,0x22,0x6b,0x1a,
    0xe9,0x09,0xc8,0x11,0x88,0x01,0x47,0x01,0x67,0x01,0x46,0x01,0x87,0x01,0x87,0x09,0xa8,0x09,0x88,0x09,0x87,0x01,0x88,0x01,
    0x67,0x01,0x26,0x01,0xe5,0x00,0xa4,0x00,0x83,0x08,0x62,0x00,0x63,0x08,0x62,0x00,0x43,0x08,0x62,0x00,0x63,0x08,0x63,0x00,
    0x83,0x00,0x83,0x08,0xa3,0x00,0x84,0x00,0xa3,0x08,0x83,0x00,0x63,0x08,0x63,0x00,0x62,0x08,0x63,0x00,0x62,0x00,0x42,0x08,
    0x63,0x00,0x42,0x08,0x42,0x00,0x62,0x00,0x43,0x08,0x42,0x00,0x62,0x08,0x42,0x00,0x63,0x08,0x63,0x00,0xa3,0x00,0xa4,0x08,
    0xc4,0x00,0xa4,0x08,0xc4,0x00,0xa4,0x00,0xc4,0x08,0xa4,0x00,0x83,0x00,0x84,0x00,0x83,0x08,0x63,0x00,0x62,0x00,0x63,0x00,
    0x83,0x08,0x83,0x00,0x83,0x00,0x83,0x08,0x83,0x00,0x83,0x08,0x83,0x00,0x83,0x08,0x63,0x08,0x83,0x00,0x83,0x00,0x83,0x08,
    0xa4,0x00,0xa4,0x08,0xc4,0x00,0xa4,0x00,0xa4,0x08,0xa4,0x00,0x83,0x00,0x83,0x00,0x83,0x08,0x83,0x00,0x63,0x08,0x63,0x00,
    0x42,0x08,0x42,0x00,0x42,0x08,0x42,0x00,0x42,0x08,0x42,0x00,0x62,0x08,0x43,0x00,0x62,0x08,0x42,0x00,0x62,0x08,0x62,0x00,
    0x42,0x08,0x62,0x00,0x43,0x08,0x42,0x00,0x42,0x08,0x42,0x00,0x62,0x08,0x42,0x00,0x63,0x00,0x62,0x08,0x42,0x00,0x42,0x08,
    0x42,0x00,0x42,0x08,0x62,0x00,0x62,0x08,0x43,0x00,0x62,0x08,0x43,0x00,0x62,0x08,0x62,0x00,0x42,0x08,0x62,0x00,0x63,0x08,
    0x62,0x00,0x63,0x08,0x42,0x00,0x62,0x08,0xa4,0x00,0xe4,0x08,0xa4,0x00,0x83,0x08,0x42,0x00,0x63,0x08,0x42,0x00,0x62,0x08,
    0x62,0x00,0xa4,0x08,0xa8,0x01,0x0d,0x1b,0xd0,0x53,0x92,0x74,0xb0,0x3b,0xea,0x01,0x05,0x01,0x27,0x01,0x47,0x01,0x05,0x01,
    0x05,0x01,0x26,0x01,0xa8,0x01,0xc9,0x01,0x67,0x01,0xe5,0x00,0xa4,0x00,0xc5,0x00,0x26,0x01,0xa7,0x01,0x2a,0x0a,0x6b,0x12,
    0x4a,0x1a,0x0a,0x12,0xc8,0x09,0x87,0x09,0x47,0x01,0x26,0x01,0x67,0x01,0x87,0x09,0xc9,0x09,0x6a,0x1a,0xec,0x3a,0x2e,0x43,
    0xed,0x32,0x8b,0x1a,0x8c,0x1a,0x8b,0x1a,0x6b,0x22,0x8c,0x22,0x6b,0x22,0x0a,0x0a,0xc8,0x01,0x88,0x01,0x67,0x01,0x67,0x09,
    0x67,0x09,0x87,0x09,0x87,0x09,0xc8,0x11,0xa8,0x09,0x46,0x01,0xc5,0x00,0xa3,0x08,0x63,0x00,0x62,0x08,0x43,0x00,0x62,0x08,
    0x63,0x00,0x42,0x08,0x62,0x00,0xa4,0x00,0x63,0x08,0x63,0x00,0x83,0x08,0x83,0x00,0x63,0x08,0x83,0x00,0x63,0x00,0x83,0x08,
    0x62,0x00,0x63,0x08,0x62,0x00,0x63,0x08,0x63,0x00,0x63,0x00,0x63,0x08,0x63,0x00,0x83,0x00,0x83,0x00,0x83,0x00,0xa4,0x08,
    0x26,0x01,0x87,0x01,0x47,0x01,0x05,0x01,0xa5,0x00,0xa3,0x00,0x83,0x00,0x83,0x08,0x83,0x00,0x83,0x08,0x83,0x00,0x83,0x08,
    0x63,0x00,0x83,0x08,0x83,0x00,0x83,0x08,0x83,0x00,0x63,0x08,0x83,0x00,0x83,0x00,0x84,0x08,0x83,0x00,0x83,0x08,0x83,0x00,
    0x63,0x00,0x83,0x08,0x63,0x00,0x83,0x00,0x83,0x08,0x84,0x00,0x83,0x08,0x83,0x00,0x83,0x00,0x84,0x08,0xa3,0x00,0x83,0x08,
    0x83,0x00,0x63,0x08,0x83,0x00,0x83,0x08,0x63,0x00,0x63,0x08,0x42,0x00,0x62,0x08,0x42,0x00,0x42,0x08,0x42,0x00,0x62,0x08,
    0x42,0x00,0x62,0x08,0x42,0x00,0x43,0x08,0x62,0x00,0x42,0x08,0x62,0x00,0x42,0x08,0x42,0x00,0x62,0x08,0x42,0x00,0x42,0x08,
    0x62,0x00,0x42,0x08,0x62,0x00,0x42,0x08,0x62,0x00,0x42,0x08,0x42,0x00,0x63,0x08,0x62,0x00,0x42,0x00,0x62,0x08,0x42,0x00,
    0x42,0x08,0x42,0x00,0x62,0x08,0x42,0x00,0x63,0x08,0x42,0x00,0x42,0x08,0x83,0x00,0xa3,0x08,0xa4,0x00,0x83,0x08,0x83,0x00,
    0x63,0x08,0x62,0x00,0x42,0x08,0x43,0x00,0x63,0x08,0xc4,0x00,0x88,0x01,0xe9,0x01,0x4a,0x22,0x4e,0x3b,0xac,0x1a,0x88,0x01,
    0x87,0x01,0xa8,0x01,0x47,0x01,0x05,0x01,0x05,0x01,0x27,0x01,0xe9,0x01,0xe9,0x01,0x67,0x01,0x26,0x01,0x67,0x01,0x87,0x01,
    0x88,0x01,0x87,0x01,0x68,0x01,0x26,0x01,0x05,0x01,0xe5,0x00,0xc5,0x00,0xc4,0x00,0xc5,0x00,0xc5,0x08,0xe5,0x00,0xe5,0x08,
    0x05,0x01,0x06,0x09,0x47,0x09,0x67,0x09,0x47,0x09,0x46,0x01,0x47,0x01,0x88,0x09,0xe9,0x11,0x8b,0x22,0xcc,0x32,0xcc,0x2a,
    0x8b,0x1a,0x0a,0x0a,0x67,0x01,0xe5,0x08,0xa4,0x00,0x83,0x08,0xa4,0x00,0xc4,0x08,0xc5,0x08,0xc4,0x08,0x83,0x00,0x63,0x08,
    0x42,0x00,0x42,0x08,0x62,0x00,0x63,0x08,0x62,0x00,0x63,0x08,0x83,0x00,0xa3,0x08,0x62,0x00,0x63,0x08,0x63,0x00,0x83,0x08,
    0x63,0x00,0x63,0x08,0x62,0x00,0x63,0x08,0x63,0x00,0x63,0x00,0x83,0x00,0xa4,0x00,0xe5,0x00,0x67,0x01,0xc8,0x01,0x88,0x01,
    0x46,0x01,0x47,0x09,0x67,0x01,0xc8,0x01,0x2a,0x02,0x2a,0x02,0x47,0x01,0xc4,0x00,0x83,0x00,0x63,0x08,0x63,0x00,0x62,0x08,
    0x63,0x00,0x63,0x00,0x63,0x08,0x83,0x00,0x83,0x00,0x83,0x08,0x83,0x00,0x84,0x00,0x83,0x00,0x83,0x00,0xa4,0x08,0xa4,0x00,
    0x83,0x00,0x84,0x08,0x83,0x00,0x83,0x08,0x63,0x00,0x83,0x00,0x83,0x08,0x83,0x00,0x83,0x08,0x83,0x00,0x83,0x08,0x83,0x00,
    0x83,0x08,0x63,0x00,0x63,0x08,0x83,0x00,0x83,0x08,0x83,0x00,0x63,0x08,0x83,0x00,0x83,0x08,0x83,0x00,0x63,0x08,0x42,0x00,
    0x42,0x08,0x42,0x00,0x42,0x00,0x42,0x08,0x62,0x00,0x42,0x08,0x42,0x00,0x62,0x00,0x42,0x08,0x62,0x00,0x42,0x08,0x42,0x00,
    0x62,0x08,0x42,0x00,0x42,0x08,0x42,0x00,0x42,0x08,0x63,0x00,0x42,0x08,0x42,0x00,0x43,0x08,0x62,0x00,0x42,0x08,0x63,0x00,
    0x83,0x08,0x62,0x00,0x43,0x08,0x62,0x00,0x42,0x08,0x42,0x00,0x42,0x00,0x62,0x08,0x42,0x00,0x62,0x08,0x63,0x00,0x83,0x08,
    0x83,0x00,0x84,0x00,0xc4,0x00,0xa4,0x00,0x63,0x08,0x62,0x00,0x42,0x08,0x42,0x00,0xa3,0x00,0x06,0x01,0x87,0x01,0x09,0x0a,
    0x4b,0x0a,0x2a,0x02,0xa8,0x01,0xe9,0x01,0x2b,0x02,0x88,0x01,0x05,0x01,0xc5,0x08,0x47,0x01,0x2a,0x02,0x0a,0x0a,0x87,0x01,
    0x67,0x01,0x67,0x01,0x47,0x01,0x05,0x09,0xe5,0x08,0xa4,0x00,0xc4,0x08,0xa4,0x00,0xe5,0x00,0x06,0x01,0x05,0x01,0xe5,0x08,
    0xe5,0x00,0xe5,0x00,0xe4,0x00,0xc5,0x00,0xc4,0x00,0xa4,0x00,0xa3,0x00,0x83,0x08,0xa4,0x08,0xa4,0x00,0xa3,0x00,0xa4,0x08,
    0x25,0x01,0xa8,0x11,0x2a,0x1a,0x8b,0x22,0xac,0x22,0x6b,0x1a,0x2a,0x12,0xa8,0x11,0x46,0x09,0x05,0x01,0xe5,0x08,0xc4,0x00,
    0x83,0x00,0x63,0x00,0x42,0x08,0x62,0x00,0x42,0x00,0x63,0x08,0x62,0x00,0x63,0x00,0xa4,0x08,0xa4,0x00,0x83,0x00,0x84,0x00,
    0x63,0x08,0x62,0x00,0x63,0x08,0x62,0x00,0x83,0x08,0x63,0x00,0x83,0x00,0x83,0x00,0x83,0x08,0xa4,0x00,0xc4,0x08,0x05,0x01,
    0x87,0x01,0xe9,0x01,0x4a,0x0a,0x2a,0x02,0xc8,0x01,0xa8,0x01,0xa8,0x01,0xa8,0x09,0x88,0x01,0x26,0x01,0xc4,0x00,0x63,0x08,
    0x63,0x00,0x62,0x08,0x42,0x00,0x62,0x00,0x43,0x08,0x62,0x00,0x83,0x00,0x83,0x08,0x83,0x00,0x84,0x00,0xa3,0x08,0x84,0x00,
    0xa4,0x08,0xa4,0x00,0xa4,0x00,0xa4,0x00,0xa3,0x08,0xa4,0x00,0x83,0x00,0x84,0x00,0x83,0x08,0x83,0x00,0x83,0x08,0x84,0x00,
    0x63,0x00,0x83,0x00,0x63,0x08,0x62,0x00,0x63,0x08,0x62,0x08,0x63,0x00,0x63,0x08,0x63,0x00,0x63,0x08,0x83,0x00,0x63,0x08,
    0x83,0x00,0x62,0x08,0x83,0x00,0x63,0x08,0x62,0x00,0x42,0x08,0x42,0x00,0x42,0x08,0x42,0x00,0x42,0x08,0x42,0x00,0x63,0x08,
    0x42,0x00,0x42,0x00,0x62,0x08,0x43,0x00,0x62,0x00,0x42,0x08,0x42,0x00,0x62,0x08,0x42,0x00,0x42,0x08,0x62,0x00,0x62,0x08,
    0x62,0x00,0x63,0x08,0x63,0x00,0x83,0x08,0x62,0x00,0x63,0x08,0x42,0x00,0x42,0x08,0x42,0x00,0x62,0x08,0x42,0x00,0x43,0x08,
    0x42,0x00,0x83,0x08,0x83,0x00,0x83,0x08,0xa4,0x00,0xe5,0x00,0x47,0x01,0x05,0x01,0x83,0x00,0x63,0x08,0xa4,0x00,0x46,0x01,
    0x68,0x01,0xe9,0x01,0x6b,0x0a,0x4b,0x0a,0xe9,0x01,0xc9,0x01,0x6b,0x0a,0xac,0x0a,0xe9,0x01,0x06,0x01,0xc4,0x00,0x47,0x01,
    0x2a,0x02,0x09,0x02,0x67,0x01,0x27,0x01,0x06,0x01,0xe5,0x08,0xa4,0x00,0x83,0x00,0x83,0x00,0x83,0x08,0xa4,0x00,0x67,0x01,
    0x09,0x02,0xe9,0x01,0x88,0x01,0x26,0x01,0x05,0x01,0xc5,0x00,0xc4,0x00,0xa4,0x08,0xc5,0x00,0xc4,0x00,0xa4,0x08,0xa4,0x00,
    0x83,0x00,0x83,0x08,0x84,0x00,0x83,0x00,0xa4,0x08,0xe5,0x00,0x26,0x09,0x47,0x09,0x67,0x09,0x87,0x09,0xa8,0x09,0xc8,0x09,
    0xe9,0x09,0xe9,0x11,0xc8,0x09,0x87,0x09,0x05,0x09,0xa4,0x00,0x83,0x00,0x63,0x08,0x63,0x00,0x83,0x00,0xa4,0x08,0xa4,0x00,
    0xc4,0x00,0xc4,0x08,0xc5,0x00,0xc4,0x00,0x62,0x00,0x63,0x08,0x63,0x00,0x83,0x08,0x63,0x00,0x83,0x00,0x83,0x08,0xa4,0x00,
    0xc4,0x00,0xc5,0x00,0xc5,0x00,0xe5,0x00,0x06,0x09,0x26,0x01,0x26,0x01,0x05,0x09,0xe5,0x00,0xc5,0x00,0xc4,0x08,0xa4,0x00,
    0xa4,0x08,0x83,0x00,0x63,0x08,0x62,0x00,0x63,0x08,0x42,0x00,0x63,0x08,0x62,0x00,0x63,0x00,0x83,0x08,0x83,0x00,0x83,0x00,
    0xa4,0x00,0xa4,0x00,0xa4,0x00,0xc4,0x08,0xa4,0x00,0xc4,0x00,0xa4,0x08,0xa4,0x00,0xa3,0x00,0x83,0x08,0xa4,0x00,0x83,0x08,
    0x83,0x00,0x83,0x08,0x63,0x00,0x62,0x00,0x63,0x08,0x42,0x00,0x62,0x08,0x63,0x00,0x42,0x00,0x62,0x08,0x42,0x00,0x62,0x08,
    0x62,0x00,0x42,0x00,0x63,0x08,0x62,0x00,0x62,0x08,0x63,0x00,0x62,0x08,0x62,0x00,0x62,0x00,0x62,0x08,0x42,0x00,0x62,0x08,
    0x63,0x00,0x63,0x08,0x62,0x00,0x62,0x08,0x63,0x00,0x42,0x08,0x62,0x00,0x42,0x08,0x42,0x00,0x42,0x08,0x62,0x00,0x42,0x08,
    0x42,0x00,0x42,0x00,0x43,0x08,0x42,0x00,0x63,0x08,0x62,0x00,0x63,0x08,0x62,0x00,0x63,0x08,0x62,0x00,0x62,0x08,0x42,0x00,
    0x42,0x08,0x42,0x00,0x42,0x08,0x42,0x00,0x63,0x08,0x83,0x00,0xa4,0x00,0xc4,0x00,0x26,0x01,0x67,0x01,0x87,0x09,0xc4,0x00,
    0x63,0x08,0xa4,0x00,0x09,0x02,0xad,0x0a,0x6a,0x0a,0xc8,0x01,0x67,0x01,0xc9,0x01,0x6b,0x0a,0xac,0x0a,0xac,0x12,0xe9,0x09,
    0x06,0x01,0x06,0x01,0x67,0x01,0xc8,0x01,0x88,0x01,0x26,0x09,0xe5,0x08,0xa4,0x08,0xa3,0x00,0x83,0x08,0x63,0x08,0x62,0x08,
    0x63,0x00,0xa4,0x00,0xc8,0x01,0xed,0x1a,0x8c,0x0a,0xc9,0x01,0x26,0x01,0xc4,0x00,0xa4,0x00,0xa4,0x00,0xc5,0x00,0xc4,0x00,
    0xc5,0x00,0xe5,0x00,0xe5,0x00,0x05,0x01,0xe5,0x00,0xc4,0x08,0xa4,0x00,0xa3,0x08,0x84,0x00,0xa3,0x08,0xa4,0x00,0xc4,0x00,
    0xc4,0x00,0xc4,0x08,0xe5,0x00,0xe5,0x08,0x26,0x09,0x46,0x09,0x46,0x09,0x26,0x09,0x06,0x01,0xc4,0x00,0xc4,0x00,0xc4,0x00,
    0xa4,0x00,0xa4,0x08,0xa4,0x00,0xc4,0x08,0xc4,0x00,0xa4,0x00,0xc5,0x00,0xc4,0x00,0x62,0x00,0x63,0x08,0x62,0x00,0x83,0x00,
    0x83,0x08,0xa4,0x00,0xa4,0x00,0xc4,0x00,0xc5,0x00,0xc4,0x08,0xa4,0x00,0xc4,0x00,0xa3,0x08,0x83,0x00,0x83,0x08,0x63,0x00,
    0x63,0x08,0x62,0x00,0x63,0x08,0x62,0x00,0x63,0x00,0x62,0x00,0x63,0x00,0x63,0x00,0x63,0x08,0x83,0x00,0x83,0x00,0x83,0x08,
    0x84,0x00,0x83,0x00,0x84,0x00,0x83,0x08,0xa4,0x00,0xc4,0x08,0xc4,0x00,0xc4,0x00,0xa4,0x00,0xa4,0x00,0xa4,0x00,0x83,0x08,
    0x83,0x00,0x63,0x00,0x63,0x08,0x62,0x00,0x63,0x00,0x42,0x08,0x62,0x00,0x42,0x08,0x62,0x00,0x42,0x08,0x42,0x00,0x42,0x08,
    0x42,0x00,0x42,0x08,0x42,0x00,0x42,0x08,0x62,0x00,0x42,0x08,0x62,0x00,0x42,0x00,0x43,0x08,0x62,0x00,0x42,0x00,0x42,0x08,
    0x43,0x00,0x62,0x08,0x63,0x00,0x83,0x08,0x63,0x00,0x62,0x00,0x43,0x00,0x62,0x08,0x42,0x00,0x62,0x08,0x42,0x00,0x42,0x08,
    0x62,0x00,0x42,0x08,0x42,0x00,0x42,0x00,0x42,0x08,0x62,0x00,0x62,0x08,0x42,0x00,0x42,0x08,0x62,0x00,0x62,0x00,0x42,0x08,
    0x42,0x00,0x63,0x08,0x62,0x00,0x42,0x08,0x62,0x00,0x42,0x00,0x42,0x08,0x62,0x00,0x62,0x08,0x83,0x00,0xc4,0x08,0x06,0x01,
    0x26,0x01,0x26,0x01,0xe5,0x00,0x83,0x00,0x63,0x00,0x05,0x01,0x0a,0x02,0x09,0x02,0x68,0x01,0x47,0x01,0xa8,0x01,0x4b,0x0a,
    0xed,0x0a,0xcd,0x12,0x2a,0x0a,0xa8,0x01,0x47,0x01,0x67,0x01,0x47,0x09,0x05,0x01,0xe5,0x00,0x83,0x08,0x83,0x00,0x63,0x00,
    0x62,0x08,0x63,0x00,0x62,0x00,0x63,0x00,0x83,0x08,0x47,0x01,0x6b,0x0a,0x8c,0x12,0xa8,0x09,0xe5,0x00,0xe5,0x00,0x05,0x01,
    0x47,0x09,0x46,0x01,0x05,0x01,0xc5,0x08,0xa4,0x00,0xc4,0x08,0xc4,0x00,0xc5,0x00,0xc4,0x08,0xa4,0x00,0xa4,0x00,0x83,0x00,
    0x83,0x00,0x63,0x00,0x63,0x08,0x83,0x00,0x83,0x08,0x83,0x00,0x63,0x08,0x83,0x00,0x83,0x08,0x84,0x00,0xc4,0x08,0xa4,0x00,
    0xc4,0x08,0xc4,0x00,0xc5,0x00,0xc4,0x00,0xc4,0x00,0xc4,0x00,0xc5,0x00,0xc5,0x00,0xe5,0x00,0xe5,0x00,0xc5,0x00,0xc4,0x08,
    0x42,0x00,0x63,0x00,0x63,0x08,0x83,0x00,0x83,0x00,0xa4,0x08,0xa4,0x00,0xc4,0x00,0xc4,0x00,0xa4,0x00,0xa4,0x08,0x83,0x00,
    0x63,0x08,0x63,0x00,0x42,0x08,0x42,0x00,0x42,0x08,0x42,0x00,0x42,0x00,0x42,0x08,0x42,0x00,0x63,0x08,0x63,0x08,0x83,0x00,
    0xa4,0x00,0xc4,0x00,0xc5,0x00,0xc4,0x00,0xc4,0x00,0xa4,0x08,0xa4,0x00,0xa4,0x08,0xa4,0x00,0xa4,0x00,0x84,0x08,0xa4,0x00,
    0x83,0x08,0x83,0x00,0x83,0x08,0x63,0x00,0x62,0x08,0x42,0x00,0x62,0x08,0x42,0x00,0x42,0x08,0x42,0x00,0x42,0x08,0x42,0x00,
    0x42,0x08,0x62,0x00,0x42,0x00,0x42,0x08,0x42,0x00,0x42,0x08,0x42,0x00,0x42,0x08,0x42,0x00,0x42,0x00,0x42,0x08,0x62,0x00,
    0x42,0x08,0x42,0x00,0x42,0x08,0x62,0x00,0x42,0x08,0x42,0x00,0x62,0x08,0x42,0x00,0x62,0x08,0x63,0x00,0x42,0x08,0x62,0x00,
    0x42,0x08,0x42,0x00,0x42,0x08,0x42,0x00,0x42,0x00,0x42,0x08,0x42,0x00,0x42,0x08,0x63,0x00,0x42,0x08,0x42,0x00,0x42,0x08,
    0x42,0x00,0x42,0x08,0x42,0x00,0x42,0x08,0x62,0x00,0x62,0x08,0x43,0x00,0x42,0x00,0x42,0x08,0x42,0x00,0x62,0x08,0x42,0x00,
    0x63,0x08,0xa4,0x00,0xe5,0x00,0x05,0x01,0xe5,0x00,0xc4,0x08,0x63,0x08,0x62,0x08,0xc4,0x00,0x67,0x01,0x0a,0x02,0x0a,0x02,
    0xe9,0x01,0xe9,0x01,0x2a,0x02,0x4a,0x0a,0xac,0x1a,0xac,0x1a,0x4a,0x12,0xa8,0x01,0x46,0x01,0xe5,0x08,0xa4,0x00,0xa3,0x08,
    0x63,0x00,0x63,0x08,0x62,0x00,0x63,0x08,0x63,0x00,0x62,0x08,0x63,0x08,0x83,0x00,0xe5,0x00,0x87,0x01,0xc9,0x01,0x87,0x01,
    0x26,0x01,0x46,0x01,0x88,0x01,0xe9,0x09,0x09,0x0a,0x87,0x01,0x06,0x01,0xc4,0x00,0xa4,0x00,0x84,0x00,0xa4,0x08,0xa4,0x00,
    0x83,0x00,0x83,0x08,0x83,0x00,0x83,0x08,0x83,0x08,0x63,0x00,0x63,0x08,0x63,0x00,0x63,0x00,0x83,0x00,0x63,0x08,0x63,0x00,
    0x83,0x08,0x83,0x00,0x83,0x00,0xe5,0x00,0x06,0x01,0x26,0x01,0x06,0x01,0x06,0x09,0x06,0x01,0x05,0x01,0x26,0x01,0x46,0x01,
    0x87,0x01,0x67,0x01,0x46,0x01,0x06,0x01,0x62,0x08,0x62,0x00,0x63,0x00,0x83,0x08,0x83,0x00,0xa4,0x00,0xa4,0x08,0xc4,0x00,
    0xa4,0x08,0x84,0x00,0x83,0x00,0x63,0x08,0x62,0x00,0x62,0x08,0x42,0x00,0x42,0x08,0x42,0x00,0x42,0x08,0x42,0x00,0x42,0x08,
    0x63,0x00,0xa3,0x00,0xe5,0x00,0x26,0x01,0x67,0x01,0x67,0x01,0x67,0x01,0x06,0x09,0xc5,0x00,0xa4,0x00,0xa3,0x00,0x83,0x00,
    0x83,0x08,0x83,0x00,0x83,0x08,0x63,0x00,0x83,0x08,0x62,0x00,0x42,0x08,0x62,0x00,0x42,0x08,0x42,0x00,0x42,0x08,0x42,0x00,
    0x42,0x08,0x42,0x00,0x42,0x08,0x42,0x00,0x42,0x08,0x42,0x00,0x42,0x08,0x42,0x00,0x42,0x08,0x41,0x00,0x42,0x08,0x42,0x00,
    0x42,0x08,0x42,0x08,0x42,0x00,0x42,0x08,0x42,0x00,0x42,0x08,0x42,0x00,0x42,0x08,0x42,0x00,0x42,0x08,0x42,0x00,0x42,0x00,
    0x62,0x08,0x63,0x00,0x42,0x08,0x62,0x00,0x42,0x08,0x42,0x00,0x62,0x08,0x42,0x00,0x62,0x08,0x42,0x00,0x42,0x08,0x42,0x00,
    0x42,0x08,0x42,0x00,0x42,0x00,0x42,0x00,0x42,0x08,0x42,0x00,0x42,0x08,0x62,0x00,0x42,0x08,0x42,0x00,0x62,0x08,0x42,0x00,
    0x62,0x08,0x42,0x00,0x62,0x08,0x42,0x00,0x63,0x00,0xa3,0x08,0x06,0x01,0x46,0x01,0x06,0x01,0xa3,0x00,0x63,0x00,0x83,0x00,
    0x06,0x01,0x87,0x01,0xc8,0x09,0x09,0x0a,0x0a,0x0a,0x6b,0x12,0xab,0x22,0x6b,0x12,0x09,0x0a,0x67,0x11,0x06,0x09,0xc4,0x00,
    0x83,0x08,0x83,0x00,0x63,0x08,0x62,0x00,0x42,0x08,0x62,0x00,0x63,0x08,0xa3,0x00,0x83,0x08,0xa4,0x00,0x83,0x00,0x84,0x00,
    0xe4,0x00,0x26,0x01,0xa8,0x01,0xa9,0x01,0xc8,0x01,0xa8,0x01,0x88,0x01,0x67,0x01,0x26,0x09,0x05,0x01,0xc4,0x00,0xa4,0x08,
    0xc4,0x00,0xc4,0x00,0xa4,0x08,0xa3,0x00,0x83,0x08,0x83,0x00,0x83,0x00,0x84,0x00,0x63,0x00,0x83,0x08,0x62,0x00,0x63,0x00,
    0x63,0x08,0x62,0x00,0x63,0x08,0x62,0x00,0x63,0x08,0x63,0x00,0xa4,0x08,0x05,0x01,0x67,0x09,0xa7,0x01,0xa7,0x09,0xa7,0x01,
    0xa8,0x09,0x67,0x09,0x26,0x01,0x67,0x01,0x88,0x01,0x67,0x09,0x67,0x01,0x26,0x01,0x42,0x00,0x63,0x08,0x83,0x00,0x83,0x08,
    0x83,0x00,0xa4,0x08,0xa4,0x00,0xa4,0x00,0x83,0x00,0x83,0x08,0x83,0x00,0x62,0x08,0x43,0x00,0x42,0x08,0x42,0x00,0x42,0x08,
    0x42,0x00,0x42,0x00,0x62,0x08,0xc4,0x00,0x26,0x01,0x67,0x01,0x88,0x01,0xa8,0x01,0xc8,0x01,0xa8,0x01,0x88,0x01,0x46,0x01,
    0xe5,0x00,0xc4,0x00,0x84,0x08,0x83,0x00,0x63,0x08,0x62,0x00,0x62,0x08,0x42,0x00,0x42,0x08,0x42,0x00,0x42,0x08,0x42,0x00,
    0x42,0x08,0x42,0x00,0x42,0x08,0x42,0x00,0x42,0x08,0x42,0x00,0x41,0x00,0x42,0x08,0x42,0x00,0x42,0x08,0x41,0x00,0x42,0x08,
    0x42,0x00,0x42,0x08,0x42,0x00,0x42,0x08,0x42,0x00,0x42,0x00,0x42,0x08,0x42,0x00,0x42,0x08,0x42,0x00,0x42,0x08,0x42,0x00,
    0x62,0x08,0x42,0x00,0x42,0x08,0x42,0x00,0x62,0x08,0x42,0x00,0x62,0x08,0x43,0x00,0x62,0x08,0x43,0x00,0x62,0x08,0x42,0x00,
    0x43,0x08,0x42,0x00,0x62,0x08,0x42,0x00,0x62,0x08,0x42,0x00,0x42,0x08,0x42,0x08,0x42,0x00,0x42,0x08,0x62,0x00,0x42,0x08,
    0x62,0x00,0x42,0x08,0x42,0x00,0x42,0x08,0x42,0x00,0x42,0x08,0x42,0x00,0x42,0x08,0x83,0x00,0x05,0x01,0xa8,0x01,0xc9,0x01,
    0x67,0x01,0xe5,0x00,0xc4,0x08,0xc4,0x00,0x05,0x09,0x26,0x09,0x47,0x09,0xc9,0x09,0x09,0x0a,0x2a,0x12,0x6b,0x22,0xab,0x22,
    0x2b,0x12,0x87,0x09,0xe5,0x00,0x84,0x08,0x62,0x00,0x42,0x08,0x62,0x00,0x42,0x08,0x63,0x00,0x63,0x08,0xc4,0x00,0x06,0x01,
    0xe5,0x00,0xa4,0x00,0x83,0x08,0xa4,0x00,0x26,0x01,0xea,0x01,0x4b,0x02,0x09,0x02,0x88,0x01,0x26,0x01,0xe4,0x08,0xc4,0x00,
    0xa4,0x00,0xa4,0x08,0xa4,0x00,0xc4,0x00,0xa5,0x00,0xc4,0x08,0xa4,0x00,0x83,0x00,0x83,0x00,0x63,0x08,0x83,0x00,0x63,0x08,
    0x63,0x08,0x83,0x00,0x63,0x00,0x83,0x08,0x63,0x00,0x83,0x08,0x62,0x00,0x63,0x08,0x62,0x00,0x62,0x08,0x83,0x00,0xa4,0x08,
    0x05,0x01,0x26,0x01,0x26,0x01,0x47,0x09,0x46,0x09,0x26,0x01,0x26,0x01,0x05,0x01,0xe5,0x08,0xe5,0x00,0xe4,0x00,0xc5,0x08,
    0x62,0x00,0x63,0x08,0x83,0x00,0xc4,0x00,0xc5,0x00,0xc4,0x00,0xc4,0x08,0xa4,0x00,0x83,0x08,0x63,0x00,0x62,0x08,0x42,0x00,
    0x62,0x08,0x42,0x00,0x62,0x08,0x42,0x00,0x62,0x08,0xa4,0x08,0x05,0x01,0x67,0x01,0x67,0x01,0x67,0x01,0x46,0x01,0x26,0x09,
    0x06,0x01,0x06,0x09,0x05,0x01,0xe5,0x08,0xe5,0x00,0xa4,0x00,0xa3,0x08,0x83,0x00,0x63,0x08,0x63,0x00,0x42,0x08,0x42,0x00,
    0x62,0x08,0x42,0x00,0x42,0x08,0x62,0x00,0x42,0x08,0x42,0x00,0x42,0x08,0x42,0x00,0x42,0x08,0x42,0x00,0x42,0x08,0x42,0x00,
    0x41,0x08,0x42,0x00,0x42,0x08,0x42,0x00,0x41,0x08,0x42,0x00,0x42,0x08,0x41,0x00,0x42,0x08,0x42,0x00,0x42,0x08,0x42,0x00,
    0x62,0x08,0x42,0x00,0x42,0x08,0x42,0x00,0x42,0x08,0x42,0x00,0x62,0x08,0x42,0x00,0x42,0x08,0x42,0x00,0x42,0x08,0x42,0x00,
    0x62,0x08,0x42,0x00,0x63,0x08,0x42,0x00,0x62,0x08,0x42,0x00,0x42,0x08,0x42,0x00,0x42,0x08,0x42,0x00,0x42,0x08,0x42,0x00,
    0x62,0x08,0x62,0x00,0x42,0x08,0x62,0x00,0x42,0x08,0x62,0x00,0x42,0x08,0x42,0x00,0x62,0x08,0x42,0x00,0x42,0x08,0x42,0x00,
    0x83,0x08,0x06,0x01,0x46,0x01,0x26,0x09,0x26,0x01,0x26,0x01,0x06,0x01,0xe5,0x00,0x26,0x01,0xa8,0x01,0x09,0x0a,0x09,0x0a,
    0xa8,0x09,0x67,0x09,0x46,0x11,0x67,0x09,0x87,0x11,0x67,0x09,0x46,0x01,0xe5,0x00,0x83,0x08,0x63,0x00,0x42,0x08,0x62,0x00,
    0x83,0x08,0xe5,0x00,0x87,0x01,0xa8,0x01,0x05,0x09,0xa4,0x00,0x83,0x00,0x06,0x01,0x2a,0x02,0x8c,0x0a,0x2a,0x02,0x87,0x09,
    0xe5,0x08,0xc4,0x00,0xa4,0x08,0x83,0x00,0x83,0x08,0x63,0x00,0x83,0x08,0x83,0x08,0x83,0x00,0x83,0x08,0x63,0x00,0x63,0x08,
    0x63,0x00,0x63,0x08,0x63,0x00,0x62,0x08,0x62,0x00,0x63,0x08,0x82,0x00,0x83,0x08,0x83,0x00,0x63,0x08,0x63,0x00,0x63,0x08,
    0x62,0x00,0x63,0x00,0x62,0x08,0x63,0x00,0x83,0x00,0x83,0x08,0x84,0x08,0xa3,0x00,0xa4,0x00,0xa4,0x08,0xc4,0x00,0xa4,0x08,
    0xa4,0x00,0xa4,0x00,0xe5,0x00,0x05,0x01,0x63,0x08,0xa3,0x00,0xe5,0x00,0xe5,0x00,0xe5,0x08,0xc4,0x00,0x84,0x08,0x83,0x00,
    0x63,0x08,0x62,0x00,0x43,0x08,0x62,0x00,0x42,0x00,0x42,0x08,0x42,0x00,0x63,0x08,0x83,0x00,0xe5,0x00,0x05,0x01,0x06,0x01,
    0xc4,0x08,0xa4,0x08,0x84,0x08,0x83,0x00,0x83,0x08,0x83,0x00,0x83,0x08,0x84,0x00,0x83,0x08,0x83,0x00,0x83,0x08,0x63,0x00,
    0x62,0x08,0x42,0x00,0x42,0x00,0x42,0x08,0x42,0x00,0x42,0x08,0x42,0x00,0x42,0x08,0x42,0x00,0x42,0x08,0x42,0x00,0x42,0x08,
    0x42,0x00,0x41,0x08,0x42,0x00,0x42,0x08,0x42,0x00,0x41,0x08,0x42,0x00,0x42,0x08,0x42,0x00,0x42,0x08,0x42,0x00,0x42,0x08,
    0x41,0x00,0x42,0x08,0x42,0x00,0x41,0x08,0x42,0x00,0x41,0x08,0x42,0x00,0x42,0x00,0x42,0x08,0x42,0x00,0x42,0x08,0x42,0x00,
    0x42,0x08,0x42,0x00,0x62,0x08,0x42,0x00,0x42,0x08,0x42,0x00,0x42,0x08,0x42,0x00,0x62,0x08,0x42,0x00,0x62,0x08,0x42,0x00,
    0x42,0x08,0x62,0x00,0x62,0x08,0x62,0x00,0x42,0x00,0x63,0x08,0x42,0x00,0x42,0x08,0x63,0x00,0x42,0x08,0x62,0x00,0x42,0x08,
    0x63,0x00,0x42,0x08,0x42,0x00,0x42,0x08,0x83,0x00,0xc4,0x08,0x05,0x01,0x06,0x01,0x67,0x01,0xa8,0x01,0x87,0x01,0x06,0x09,
    0x46,0x01,0x0a,0x0a,0x6b,0x0a,0xc9,0x09,0x26,0x09,0xc4,0x00,0xa4,0x08,0xa4,0x00,0xc4,0x00,0x26,0x01,0xc9,0x09,0x0a,0x12,
    0x87,0x09,0xa4,0x00,0x42,0x00,0x62,0x08,0x84,0x00,0x26,0x01,0x88,0x01,0x66,0x01,0xc5,0x00,0xa3,0x08,0x06,0x01,0x2a,0x0a,
    0xcc,0x0a,0x2a,0x02,0x67,0x01,0xe5,0x08,0xc4,0x00,0xa4,0x00,0x84,0x08,0x83,0x00,0x63,0x08,0x62,0x00,0x63,0x00,0x62,0x08,
    0x63,0x00,0x42,0x08,0x62,0x00,0x42,0x08,0x62,0x00,0x42,0x08,0x62,0x00,0x62,0x08,0x63,0x00,0x63,0x08,0x63,0x00,0x63,0x08,
    0x83,0x00,0xa4,0x08,0xc4,0x00,0xc4,0x00,0xa4,0x08,0x83,0x00,0x63,0x00,0x42,0x08,0x42,0x00,0x42,0x00,0x42,0x08,0x62,0x00,
    0x63,0x08,0x62,0x00,0x83,0x08,0xa4,0x00,0xe5,0x08,0x26,0x01,0x87,0x09,0xc9,0x11,0xa4,0x00,0xe5,0x00,0x05,0x09,0xe5,0x00,
    0xc4,0x00,0xa4,0x08,0x83,0x00,0x62,0x08,0x62,0x00,0x63,0x08,0x42,0x00,0x42,0x08,0x62,0x00,0x63,0x08,0x62,0x00,0x63,0x08,
    0x83,0x00,0xa4,0x08,0xa4,0x08,0x83,0x00,0x63,0x00,0x62,0x00,0x42,0x08,0x62,0x00,0x42,0x08,0x63,0x00,0x62,0x08,0x62,0x00,
    0x63,0x08,0x63,0x08,0x62,0x00,0x63,0x08,0x63,0x00,0x83,0x08,0x42,0x00,0x63,0x08,0x42,0x00,0x42,0x08,0x42,0x00,0x42,0x08,
    0x62,0x00,0x42,0x08,0x42,0x00,0x42,0x08,0x42,0x00,0x62,0x08,0x42,0x00,0x42,0x08,0x42,0x00,0x42,0x08,0x41,0x00,0x42,0x08,
    0x42,0x00,0x41,0x08,0x42,0x00,0x42,0x08,0x42,0x00,0x42,0x08,0x42,0x00,0x42,0x08,0x42,0x00,0x42,0x08,0x42,0x00,0x42,0x08,
    0x42,0x00,0x42,0x08,0x42,0x00,0x62,0x08,0x42,0x00,0x42,0x08,0x42,0x00,0x42,0x08,0x62,0x00,0x42,0x08,0x62,0x00,0x42,0x08,
    0x42,0x00,0x42,0x08,0x42,0x00,0x42,0x08,0x42,0x00,0x62,0x08,0x43,0x00,0x62,0x08,0x42,0x00,0x62,0x08,0x42,0x00,0x62,0x08,
    0x42,0x00,0x63,0x08,0x42,0x00,0x62,0x08,0x42,0x00,0x42,0x08,0x42,0x00,0x42,0x08,0x83,0x00,0x05,0x09,0x68,0x01,0xc8,0x01,
    0xe9,0x01,0xa8,0x01,0x67,0x09,0x26,0x01,0x87,0x09,0x2a,0x12,0xe9,0x09,0x46,0x09,0xc4,0x00,0x83,0x08,0x83,0x00,0xc4,0x08,
    0x88,0x01,0x8b,0x1a,0x2e,0x3b,0x2e,0x3b,0x8b,0x22,0x87,0x09,0xa4,0x08,0x42,0x00,0x83,0x08,0xc4,0x08,0xe5,0x00,0x05,0x09,
    0xa4,0x00,0xe5,0x00,0x09,0x0a,0xcc,0x12,0x6c,0x0a,0x88,0x09,0xe5,0x00,0xa4,0x08,0xa4,0x00,0xa3,0x08,0x83,0x00,0x63,0x08,
    0x62,0x00,0x42,0x08,0x62,0x08,0x42,0x00,0x42,0x08,0x42,0x00,0x42,0x08,0x42,0x00,0x42,0x08,0x42,0x00,0x42,0x08,0x42,0x00,
    0x62,0x08,0x62,0x00,0x62,0x08,0x63,0x00,0xa3,0x08,0xe5,0x00,0x26,0x01,0x46,0x01,0x46,0x09,0xe5,0x08,0xa4,0x00,0x63,0x08,
    0x62,0x08,0x42,0x00,0x42,0x08,0x42,0x00,0x42,0x08,0x63,0x00,0xa4,0x00,0x05,0x01,0x87,0x09,0xe9,0x11,0x4a,0x1a,0x6a,0x22,
    0xe5,0x00,0x06,0x01,0x05,0x01,0xc5,0x00,0xa4,0x08,0x83,0x00,0x63,0x00,0x63,0x08,0x63,0x00,0x42,0x00,0x62,0x08,0x63,0x00,
    0x42,0x08,0x63,0x00,0x42,0x08,0x62,0x00,0x63,0x08,0x82,0x00,0x63,0x08,0x42,0x08,0x42,0x08,0x42,0x00,0x42,0x08,0x42,0x00,
    0x42,0x08,0x42,0x00,0x42,0x08,0x42,0x00,0x42,0x00,0x42,0x08,0x42,0x00,0x42,0x08,0x63,0x00,0x63,0x08,0x62,0x00,0x62,0x08,
    0x63,0x00,0x62,0x08,0x62,0x00,0x42,0x08,0x62,0x00,0x42,0x08,0x42,0x00,0x42,0x08,0x42,0x00,0x42,0x08,0x42,0x00,0x42,0x08,
    0x41,0x00,0x42,0x08,0x42,0x00,0x42,0x08,0x42,0x00,0x42,0x08,0x42,0x00,0x41,0x00,0x42,0x08,0x41,0x00,0x42,0x08,0x42,0x00,
    0x42,0x08,0x42,0x00,0x42,0x08,0x42,0x00,0x42,0x08,0x42,0x00,0x42,0x08,0x42,0x00,0x42,0x08,0x62,0x00,0x42,0x08,0x42,0x00,
    0x42,0x08,0x42,0x00,0x42,0x08,0x42,0x00,0x42,0x08,0x42,0x00,0x42,0x08,0x62,0x00,0x42,0x08,0x63,0x00,0x62,0x08,0x83,0x00,
    0x63,0x08,0x63,0x00,0x83,0x08,0x63,0x00,0x63,0x08,0x62,0x00,0x63,0x08,0x62,0x00,0x63,0x08,0x62,0x00,0x42,0x08,0x83,0x00,
    0xc4,0x08,0x26,0x01,0x88,0x09,0x88,0x01,0x46,0x09,0x47,0x01,0x46,0x01,0x67,0x09,0x09,0x0a,0x4a,0x12,0xe9,0x01,0x06,0x09,
    0x83,0x00,0x63,0x00,0xa4,0x00,0x06,0x01,0xa8,0x01,0x4b,0x12,0x8c,0x22,0xac,0x22,0x6b,0x22,0x0a,0x12,0xa7,0x11,0xe5,0x08,
    0x63,0x00,0x63,0x00,0x83,0x08,0xc4,0x00,0xe5,0x00,0xa8,0x09,0xcc,0x22,0xcc,0x1a,0xa8,0x01,0xc4,0x00,0x83,0x08,0xa4,0x00,
    0xa3,0x00,0x84,0x08,0x63,0x00,0x62,0x08,0x42,0x00,0x42,0x08,0x42,0x00,0x42,0x08,0x42,0x00,0x62,0x08,0x42,0x00,0x42,0x08,
    0x42,0x00,0x42,0x00,0x42,0x00,0x42,0x08,0x42,0x00,0x42,0x08,0x62,0x00,0x63,0x08,0x83,0x00,0xc4,0x00,0x26,0x01,0x47,0x09,
    0x46,0x01,0x06,0x09,0xc4,0x00,0x83,0x00,0x83,0x08,0x83,0x00,0x63,0x00,0x62,0x08,0x42,0x00,0x83,0x08,0x05,0x09,0x87,0x09,
    0x4a,0x22,0x8b,0x2a,0xab,0x22,0x8b,0x22,0x26,0x01,0x05,0x01,0xe5,0x00,0xc4,0x00,0xa4,0x08,0x83,0x00,0x63,0x08,0x83,0x00,
    0x62,0x08,0x63,0x00,0x62,0x08,0x63,0x00,0x62,0x00,0x42,0x08,0x62,0x00,0x42,0x08,0x42,0x00,0x42,0x08,0x42,0x00,0x42,0x00,
    0x42,0x00,0x41,0x08,0x42,0x00,0x42,0x08,0x21,0x00,0x42,0x08,0x21,0x00,0x42,0x08,0x21,0x00,0x42,0x08,0x42,0x00,0x62,0x08,
    0x62,0x00,0x63,0x00,0x63,0x08,0x62,0x00,0x63,0x08,0x42,0x00,0x42,0x08,0x42,0x00,0x42,0x00,0x42,0x08,0x42,0x00,0x62,0x08,
    0x42,0x00,0x41,0x08,0x42,0x00,0x42,0x08,0x42,0x00,0x42,0x08,0x42,0x00,0x41,0x00,0x42,0x08,0x41,0x00,0x42,0x08,0x42,0x00,
    0x42,0x08,0x42,0x00,0x42,0x08,0x42,0x00,0x41,0x08,0x42,0x00,0x42,0x08,0x42,0x00,0x42,0x08,0x42,0x00,0x42,0x08,0x62,0x00,
    0x42,0x08,0x42,0x00,0x42,0x08,0x42,0x00,0x42,0x08,0x62,0x00,0x42,0x00,0x62,0x08,0x42,0x00,0x42,0x08,0x42,0x00,0x62,0x08,
    0x63,0x00,0x83,0x08,0x83,0x00,0x83,0x08,0x83,0x00,0x83,0x08,0x63,0x00,0x83,0x08,0x62,0x00,0x62,0x08,0x62,0x08,0x63,0x00,
    0x63,0x08,0x83,0x00,0x83,0x00,0xa4,0x08,0xe5,0x00,0x05,0x01,0x26,0x09,0xe5,0x08,0x05,0x09,0xa8,0x09,0x09,0x12,0x2a,0x12,
    0xe9,0x11,0xc9,0x11,0x87,0x09,0xe5,0x00,0xa4,0x08,0xa3,0x00,0xc5,0x08,0x46,0x01,0x88,0x01,0xc9,0x01,0xe9,0x01,0xc9,0x09,
    0xc8,0x09,0xe9,0x09,0x09,0x12,0xa8,0x11,0x05,0x09,0xc4,0x08,0xa3,0x00,0xc4,0x08,0x67,0x09,0x8b,0x22,0x0c,0x33,0x2a,0x12,
    0x05,0x09,0x84,0x00,0x83,0x00,0xa4,0x08,0x83,0x00,0x83,0x08,0x42,0x00,0x42,0x08,0x42,0x00,0x42,0x08,0x42,0x00,0x42,0x00,
    0x42,0x08,0x42,0x00,0x42,0x08,0x42,0x00,0x41,0x08,0x22,0x00,0x41,0x08,0x42,0x00,0x42,0x08,0x42,0x00,0x42,0x08,0x42,0x00,
    0x83,0x08,0xa4,0x00,0xc4,0x08,0xe5,0x00,0xe5,0x08,0xe4,0x00,0xc5,0x08,0xc4,0x00,0xe5,0x00,0xe5,0x08,0x05,0x09,0xe5,0x08,
    0xc4,0x00,0xc4,0x00,0x26,0x09,0x09,0x1a,0xab,0x32,0xec,0x3a,0x0d,0x3b,0xed,0x2a,0x47,0x01,0x26,0x01,0xe5,0x08,0xc4,0x00,
    0xa4,0x00,0xa4,0x00,0x83,0x00,0x83,0x08,0x83,0x00,0x83,0x00,0x63,0x08,0x83,0x00,0x63,0x08,0x63,0x00,0x42,0x00,0x42,0x08,
    0x42,0x00,0x42,0x00,0x42,0x08,0x41,0x08,0x42,0x00,0x22,0x08,0x41,0x00,0x42,0x08,0x42,0x00,0x41,0x08,0x42,0x00,0x42,0x00,
    0x42,0x08,0x42,0x00,0x42,0x08,0x62,0x00,0x63,0x08,0x62,0x00,0x63,0x08,0x62,0x00,0x63,0x08,0x42,0x00,0x62,0x00,0x42,0x08,
    0x42,0x00,0x42,0x08,0x42,0x00,0x42,0x08,0x41,0x00,0x42,0x08,0x42,0x00,0x42,0x08,0x42,0x00,0x42,0x00,0x42,0x08,0x42,0x00,
    0x42,0x08,0x22,0x00,0x42,0x08,0x41,0x00,0x42,0x08,0x42,0x00,0x41,0x08,0x42,0x00,0x42,0x08,0x42,0x00,0x42,0x08,0x42,0x00,
    0x42,0x08,0x41,0x00,0x42,0x08,0x42,0x00,0x42,0x08,0x42,0x00,0x42,0x08,0x42,0x00,0x42,0x00,0x42,0x08,0x42,0x08,0x42,0x00,
    0x41,0x08,0x42,0x00,0x42,0x08,0x62,0x00,0x83,0x00,0x63,0x08,0x63,0x00,0x62,0x08,0x63,0x00,0x62,0x08,0x62,0x00,0x62,0x08,
    0x63,0x00,0x42,0x08,0x42,0x00,0x42,0x08,0x62,0x00,0x83,0x08,0xc4,0x00,0xe5,0x00,0x26,0x09,0x26,0x01,0xe4,0x08,0xc4,0x00,
    0x06,0x09,0xa8,0x11,0x2a,0x12,0x2a,0x1a,0x0a,0x12,0xa8,0x09,0x67,0x09,0x26,0x01,0xe5,0x00,0xc5,0x00,0x46,0x01,0xa8,0x01,
    0xc9,0x01,0xa8,0x01,0x67,0x01,0x26,0x01,0x06,0x01,0x06,0x01,0x46,0x09,0x46,0x09,0x25,0x09,0xe5,0x08,0xe5,0x08,0x06,0x01,
    0xe8,0x09,0xac,0x22,0x6a,0x22,0x87,0x11,0xc4,0x00,0x83,0x08,0xa4,0x00,0xa3,0x00,0x83,0x08,0x63,0x00,0x42,0x08,0x42,0x00,
    0x42,0x08,0x41,0x00,0x42,0x08,0x42,0x00,0x42,0x08,0x42,0x00,0x42,0x08,0x42,0x00,0x41,0x00,0x42,0x08,0x42,0x00,0x42,0x08,
    0x42,0x00,0x42,0x08,0x42,0x00,0x62,0x08,0x63,0x00,0x63,0x08,0x83,0x00,0xa4,0x00,0xc4,0x08,0xe5,0x00,0x06,0x01,0x26,0x09,
    0x67,0x01,0xc8,0x09,0xe9,0x11,0xa8,0x11,0x46,0x11,0x26,0x01,0x87,0x09,0x29,0x22,0xac,0x32,0x2d,0x3b,0x6f,0x4b,0x4e,0x43,
    0x26,0x01,0x05,0x01,0xe5,0x00,0xe5,0x00,0xa4,0x08,0xa4,0x08,0xa4,0x00,0x83,0x08,0x84,0x00,0x83,0x08,0x83,0x00,0xa4,0x08,
    0xa3,0x00,0xa4,0x08,0x63,0x00,0x42,0x08,0x42,0x00,0x41,0x08,0x42,0x00,0x21,0x08,0x42,0x00,0x42,0x08,0x21,0x00,0x42,0x08,
    0x21,0x00,0x42,0x08,0x21,0x00,0x21,0x08,0x42,0x00,0x42,0x08,0x42,0x00,0x42,0x08,0x63,0x00,0x62,0x08,0x42,0x00,0x42,0x00,
    0x42,0x00,0x62,0x08,0x42,0x00,0x43,0x08,0x42,0x00,0x42,0x08,0x42,0x00,0x42,0x08,0x42,0x00,0x42,0x08,0x42,0x00,0x41,0x08,
    0x42,0x00,0x42,0x08,0x42,0x00,0x42,0x08,0x41,0x00,0x42,0x08,0x41,0x00,0x22,0x08,0x41,0x00,0x42,0x08,0x21,0x00,0x42,0x08,
    0x42,0x00,0x42,0x08,0x41,0x00,0x42,0x08,0x42,0x00,0x42,0x08,0x42,0x00,0x42,0x08,0x62,0x00,0x42,0x08,0x42,0x00,0x62,0x08,
    0x42,0x00,0x62,0x08,0x42,0x00,0x42,0x08,0x42,0x00,0x42,0x08,0x42,0x00,0x42,0x08,0x63,0x00,0x62,0x08,0x42,0x00,0x42,0x08,
    0x62,0x00,0x42,0x08,0x42,0x00,0x42,0x08,0x42,0x00,0x42,0x08,0x42,0x00,0x62,0x08,0x63,0x00,0xa4,0x08,0x05,0x01,0x26,0x01,
    0x46,0x01,0x67,0x09,0x67,0x01,0x46,0x09,0x67,0x09,0xa7,0x09,0xa8,0x11,0x87,0x09,0x88,0x01,0xa8,0x09,0x0a,0x12,0x09,0x12,
    0xc8,0x09,0xc8,0x09,0x4b,0x12,0xed,0x22,0xcd,0x1a,0x2a,0x0a,0x88,0x01,0x46,0x01,0xe5,0x00,0xc4,0x00,0x84,0x00,0xa3,0x08,
    0xa4,0x08,0xa4,0x00,0xa3,0x08,0xe5,0x00,0x67,0x09,0xe8,0x11,0xa8,0x11,0x06,0x09,0xa4,0x00,0x83,0x00,0xa4,0x08,0xa3,0x08,
    0x63,0x00,0x42,0x08,0x42,0x00,0x41,0x00,0x22,0x08,0x42,0x00,0x21,0x00,0x41,0x08,0x42,0x00,0x41,0x08,0x42,0x00,0x42,0x08,
    0x22,0x00,0x42,0x08,0x41,0x00,0x42,0x00,0x42,0x08,0x42,0x00,0x42,0x08,0x63,0x00,0x62,0x08,0x63,0x00,0x83,0x08,0x83,0x00,
    0xc4,0x08,0x26,0x01,0x87,0x01,0xe9,0x01,0x2a,0x12,0x6b,0x22,0x6b,0x22,0x29,0x1a,0xa8,0x11,0x67,0x01,0xc8,0x09,0x6a,0x22,
    0xcc,0x32,0x4e,0x43,0x4e,0x43,0x2d,0x3b,0x06,0x01,0x05,0x01,0xc4,0x00,0xa4,0x08,0x83,0x00,0x83,0x00,0x83,0x08,0x83,0x00,
    0x63,0x08,0x83,0x00,0x63,0x08,0x83,0x00,0xc4,0x08,0xe5,0x00,0xc4,0x08,0xa3,0x00,0x62,0x08,0x42,0x00,0x42,0x08,0x41,0x00,
    0x22,0x08,0x41,0x00,0x42,0x08,0x42,0x00,0x42,0x08,0x42,0x00,0x42,0x08,0x42,0x00,0x41,0x08,0x42,0x00,0x42,0x08,0x42,0x00,
    0x42,0x08,0x42,0x00,0x62,0x08,0x42,0x08,0x42,0x00,0x42,0x08,0x42,0x00,0x42,0x08,0x42,0x00,0x41,0x08,0x42,0x00,0x41,0x08,
    0x42,0x00,0x41,0x00,0x22,0x08,0x42,0x00,0x42,0x08,0x41,0x00,0x42,0x08,0x42,0x00,0x42,0x08,0x42,0x00,0x42,0x08,0x42,0x00,
    0x42,0x08,0x42,0x00,0x42,0x08,0x41,0x00,0x22,0x00,0x42,0x08,0x42,0x00,0x41,0x08,0x42,0x00,0x42,0x08,0x41,0x00,0x42,0x08,
    0x41,0x00,0x42,0x08,0x42,0x00,0x42,0x08,0x42,0x00,0x42,0x08,0x42,0x00,0x42,0x08,0x41,0x00,0x42,0x00,0x42,0x08,0x42,0x00,
    0x42,0x08,0x42,0x00,0x42,0x08,0x42,0x00,0x42,0x08,0x42,0x00,0x42,0x08,0x42,0x00,0x42,0x08,0x42,0x00,0x42,0x08,0x62,0x00,
    0xa4,0x08,0xe5,0x00,0x26,0x01,0x46,0x01,0x68,0x09,0xc8,0x09,0xc8,0x09,0xa8,0x09,0x88,0x09,0x67,0x09,0x46,0x01,0x26,0x01,
    0x46,0x01,0x88,0x09,0x0a,0x12,0x4b,0x1a,0x4a,0x12,0x4b,0x12,0x0d,0x2b,0x8f,0x4b,0x8f,0x4b,0x4e,0x43,0xac,0x2a,0x2a,0x1a,
    0xe8,0x11,0x67,0x09,0x05,0x09,0xc4,0x00,0x83,0x08,0x63,0x00,0x63,0x08,0x83,0x08,0xa4,0x08,0xe5,0x08,0xe5,0x00,0xc4,0x08,
    0xa3,0x08,0xa4,0x00,0xa3,0x08,0x83,0x00,0x63,0x08,0x42,0x00,0x42,0x08,0x42,0x00,0x42,0x08,0x42,0x00,0x42,0x08,0x42,0x00,
    0x21,0x08,0x42,0x00,0x42,0x08,0x41,0x00,0x42,0x08,0x42,0x00,0x42,0x08,0x42,0x00,0x42,0x08,0x42,0x00,0x62,0x08,0x63,0x00,
    0x63,0x00,0x83,0x08,0x83,0x00,0x83,0x08,0xc5,0x00,0x87,0x01,0x09,0x12,0x4a,0x1a,0x8b,0x22,0xab,0x2a,0x8b,0x22,0x29,0x1a,
    0xc8,0x11,0x0a,0x1a,0xac,0x22,0x0d,0x33,0xed,0x32,0xcc,0x22,0x8b,0x1a,0x2a,0x12,0xc5,0x00,0xa4,0x08,0x83,0x00,0x63,0x08,
    0x63,0x00,0x62,0x08,0x62,0x00,0x42,0x08,0x42,0x00,0x62,0x08,0x62,0x00,0x63,0x00,0x83,0x08,0xc4,0x00,0xe5,0x08,0x05,0x01,
    0xa4,0x08,0x42,0x00,0x42,0x00,0x42,0x08,0x41,0x00,0x42,0x08,0x21,0x00,0x42,0x08,0x21,0x00,0x41,0x08,0x22,0x00,0x41,0x08,
    0x42,0x00,0x42,0x08,0x41,0x00,0x42,0x08,0x42,0x00,0x42,0x08,0x42,0x00,0x42,0x00,0x42,0x08,0x42,0x00,0x42,0x08,0x42,0x00,
    0x41,0x08,0x42,0x00,0x42,0x08,0x42,0x00,0x22,0x08,0x42,0x00,0x41,0x08,0x42,0x00,0x22,0x08,0x42,0x00,0x42,0x08,0x42,0x00,
    0x41,0x08,0x42,0x00,0x41,0x00,0x42,0x08,0x21,0x00,0x42,0x08,0x42,0x00,0x42,0x08,0x41,0x00,0x42,0x00,0x21,0x08,0x42,0x00,
    0x42,0x08,0x41,0x00,0x42,0x08,0x42,0x00,0x41,0x08,0x42,0x00,0x42,0x08,0x41,0x00,0x42,0x08,0x62,0x00,0x42,0x08,0x42,0x00,
    0x42,0x08,0x41,0x00,0x42,0x08,0x42,0x00,0x42,0x08,0x42,0x00,0x41,0x08,0x42,0x00,0x42,0x08,0x42,0x00,0x42,0x00,0x42,0x08,
    0x42,0x00,0x62,0x08,0x63,0x00,0xc4,0x08,0x06,0x01,0x87,0x01,0xc9,0x01,0xc9,0x09,0xa8,0x09,0x87,0x09,0x67,0x09,0x46,0x09,
    0x25,0x09,0x05,0x09,0x06,0x01,0x26,0x01,0x47,0x01,0xa8,0x01,0x09,0x02,0x4b,0x12,0x6b,0x1a,0xac,0x22,0x0d,0x33,0x6f,0x43,
    0xaf,0x53,0x6e,0x53,0x2e,0x3b,0xcc,0x2a,0x4b,0x2a,0x09,0x1a,0xc8,0x11,0x87,0x11,0x05,0x09,0x83,0x08,0x62,0x00,0x42,0x08,
    0x62,0x00,0x63,0x08,0x83,0x08,0x83,0x00,0x83,0x08,0x83,0x00,0x83,0x00,0x63,0x08,0x62,0x00,0x42,0x08,0x42,0x00,0x41,0x08,
    0x62,0x00,0x62,0x08,0x42,0x00,0x42,0x08,0x42,0x00,0x41,0x08,0x22,0x00,0x42,0x08,0x42,0x00,0x42,0x08,0x42,0x00,0x42,0x08,
    0x62,0x00,0x42,0x08,0x62,0x00,0x63,0x08,0x82,0x00,0x63,0x08,0x83,0x00,0xc4,0x00,0x05,0x01,0xc9,0x09,0x6b,0x22,0xab,0x2a,
    0x8b,0x2a,0x6b,0x22,0x4a,0x22,0x09,0x1a,0x4a,0x1a,0xed,0x2a,0x4e,0x3b,0xed,0x2a,0x8b,0x1a,0xe9,0x01,0x88,0x01,0x46,0x09,
    0x83,0x00,0x63,0x08,0x62,0x00,0x62,0x08,0x62,0x00,0x42,0x08,0x42,0x00,0x42,0x08,0x42,0x00,0x42,0x08,0x42,0x00,0x42,0x08,
    0x63,0x00,0x83,0x08,0xa4,0x00,0xc5,0x08,0xc4,0x00,0x83,0x08,0x42,0x00,0x42,0x00,0x22,0x00,0x42,0x08,0x41,0x00,0x42,0x08,
    0x42,0x00,0x42,0x08,0x41,0x00,0x42,0x08,0x42,0x00,0x42,0x08,0x42,0x00,0x41,0x08,0x42,0x00,0x41,0x08,0x22,0x00,0x42,0x08,
    0x41,0x00,0x42,0x08,0x41,0x00,0x42,0x08,0x42,0x00,0x42,0x08,0x21,0x00,0x42,0x08,0x41,0x00,0x42,0x08,0x22,0x00,0x41,0x08,
    0x42,0x00,0x42,0x08,0x41,0x00,0x42,0x00,0x42,0x08,0x42,0x00,0x22,0x08,0x42,0x00,0x42,0x08,0x41,0x00,0x42,0x08,0x42,0x00,
    0x42,0x08,0x42,0x00,0x42,0x08,0x42,0x00,0x21,0x08,0x42,0x00,0x22,0x00,0x41,0x08,0x22,0x00,0x42,0x08,0x42,0x00,0x42,0x08,
    0x42,0x00,0x42,0x08,0x42,0x00,0x41,0x00,0x42,0x08,0x22,0x00,0x42,0x08,0x42,0x00,0x42,0x08,0x42,0x00,0x42,0x08,0x42,0x00,
    0x42,0x00,0x41,0x08,0x42,0x00,0x42,0x08,0x62,0x00,0x83,0x08,0xe5,0x00,0x66,0x09,0xc9,0x11,0x4a,0x0a,0x4b,0x0a,0xe9,0x01,
    0x67,0x01,0x26,0x01,0xc5,0x08,0xa4,0x00,0xa4,0x08,0x84,0x00,0xc4,0x08,0x06,0x01,0x67,0x01,0x09,0x0a,0x6b,0x0a,0xcd,0x2a,
    0xed,0x32,0xed,0x3a,0xcc,0x32,0x8b,0x32,0x8b,0x2a,0x8b,0x2a,0x6a,0x2a,0x4a,0x22,0xe8,0x11,0x87,0x11,0x46,0x11,0x46,0x11,
    0x06,0x09,0xc4,0x08,0x83,0x00,0x43,0x08,0x42,0x00,0x42,0x08,0x42,0x00,0x42,0x08,0x63,0x00,0x83,0x08,0x83,0x00,0x63,0x08,
    0x42,0x00,0x42,0x08,0x42,0x00,0x42,0x08,0x42,0x00,0x42,0x08,0x42,0x00,0x42,0x08,0x42,0x00,0x42,0x00,0x41,0x00,0x42,0x08,
    0x42,0x00,0x62,0x00,0x42,0x08,0x62,0x00,0x42,0x08,0x42,0x00,0x63,0x08,0x62,0x00,0x63,0x08,0x83,0x00,0x83,0x08,0xc5,0x00,
    0x06,0x01,0xc8,0x09,0x4a,0x1a,0x8c,0x2a,0x8b,0x2a,0x6b,0x2a,0x6a,0x22,0x6b,0x22,0x8b,0x1a,0xed,0x22,0xcc,0x22,0x4a,0x0a,
    0xa8,0x09,0x46,0x01,0xe5,0x08,0xc4,0x00,0x62,0x08,0x63,0x00,0x62,0x08,0x43,0x00,0x42,0x08,0x42,0x00,0x62,0x00,0x42,0x08,
    0x42,0x00,0x42,0x08,0x42,0x00,0x42,0x00,0x42,0x08,0x42,0x00,0x62,0x08,0x63,0x00,0x83,0x08,0x83,0x00,0x63,0x08,0x42,0x08,
    0x42,0x00,0x42,0x08,0x42,0x00,0x21,0x00,0x42,0x08,0x21,0x00,0x42,0x00,0x22,0x08,0x42,0x00,0x42,0x00,0x21,0x08,0x42,0x00,
    0x22,0x08,0x41,0x00,0x42,0x08,0x41,0x00,0x22,0x08,0x42,0x00,0x42,0x00,0x21,0x08,0x42,0x00,0x21,0x00,0x42,0x08,0x41,0x00,
    0x22,0x08,0x42,0x00,0x41,0x08,0x42,0x00,0x42,0x00,0x41,0x08,0x22,0x00,0x42,0x08,0x41,0x00,0x22,0x08,0x41,0x00,0x42,0x08,
    0x21,0x00,0x42,0x00,0x22,0x08,0x41,0x00,0x42,0x00,0x42,0x08,0x41,0x00,0x42,0x08,0x42,0x00,0x42,0x08,0x42,0x00,0x41,0x08,
    0x42,0x00,0x42,0x08,0x41,0x00,0x42,0x00,0x62,0x08,0x42,0x00,0x42,0x08,0x42,0x00,0x42,0x00,0x42,0x08,0x42,0x00,0x41,0x08,
    0x42,0x00,0x41,0x08,0x42,0x00,0x42,0x08,0x62,0x00,0x42,0x08,0x42,0x00,0x42,0x08,0x63,0x00,0x05,0x01,0x87,0x09,0x2a,0x12,
    0x6b,0x12,0x8c,0x12,0x4a,0x0a,0xc9,0x09,0x88,0x01,0x46,0x09,0x05,0x09,0xc4,0x00,0x83,0x08,0x84,0x00,0xc4,0x00,0x26,0x01,
    0xa8,0x01,0x2a,0x0a,0x8c,0x22,0xcc,0x2a,0xcc,0x3a,0xab,0x32,0x4a,0x22,0xc8,0x19,0x67,0x11,0x46,0x09,0x46,0x11,0x26,0x09,
    0x05,0x09,0xc5,0x08,0xa4,0x08,0xa4,0x00,0xa4,0x08,0xa4,0x00,0x83,0x08,0x83,0x00,0x42,0x08,0x42,0x00,0x42,0x08,0x42,0x00,
    0x62,0x08,0x63,0x00,0x62,0x08,0x63,0x00,0x62,0x08,0x42,0x00,0x42,0x08,0x42,0x00,0x42,0x08,0x42,0x00,0x42,0x08,0x42,0x00,
    0x42,0x08,0x42,0x08,0x42,0x00,0x62,0x08,0x63,0x00,0x63,0x08,0x63,0x00,0x62,0x00,0x63,0x00,0x62,0x08,0x43,0x00,0x62,0x08,
    0x63,0x00,0x83,0x08,0x83,0x00,0xc4,0x08,0x05,0x01,0x67,0x01,0xa8,0x01,0xe8,0x19,0xe9,0x19,0x09,0x1a,0xe9,0x19,0xe8,0x11,
    0xe9,0x11,0x29,0x0a,0xe9,0x09,0x88,0x01,0x06,0x09,0xc4,0x00,0x84,0x00,0x83,0x08,0x42,0x00,0x42,0x08,0x42,0x00,0x42,0x08,
    0x62,0x00,0x42,0x08,0x42,0x00,0x42,0x08,0x42,0x00,0x21,0x00,0x42,0x08,0x21,0x00,0x42,0x08,0x42,0x00,0x42,0x08,0x42,0x00,
    0x63,0x08,0x63,0x08,0x83,0x00,0x62,0x00,0x62,0x08,0x42,0x00,0x42,0x00,0x42,0x08,0x42,0x00,0x42,0x08,0x41,0x00,0x42,0x00,
    0x41,0x08,0x42,0x00,0x41,0x08,0x42,0x00,0x42,0x08,0x42,0x00,0x21,0x08,0x42,0x00,0x41,0x08,0x22,0x00,0x41,0x08,0x42,0x00,
    0x42,0x08,0x42,0x00,0x41,0x08,0x42,0x00,0x42,0x00,0x41,0x08,0x22,0x00,0x42,0x08,0x42,0x00,0x42,0x08,0x41,0x00,0x42,0x08,
    0x42,0x00,0x42,0x08,0x42,0x00,0x42,0x08,0x42,0x00,0x41,0x08,0x42,0x00,0x42,0x08,0x42,0x08,0x42,0x00,0x42,0x08,0x42,0x00,
    0x42,0x00,0x42,0x08,0x42,0x00,0x42,0x08,0x42,0x00,0x42,0x08,0x42,0x00,0x42,0x08,0x42,0x00,0x42,0x08,0x42,0x00,0x41,0x08,
    0x42,0x00,0x42,0x08,0x42,0x00,0x42,0x08,0x42,0x00,0x42,0x08,0x42,0x00,0x42,0x08,0x42,0x00,0x62,0x08,0x42,0x00,0x62,0x00,
    0x05,0x09,0xe9,0x09,0xac,0x22,0xed,0x2a,0xcd,0x22,0x2a,0x0a,0xa8,0x01,0x67,0x01,0x67,0x01,0xa8,0x09,0xa8,0x09,0x88,0x09,
    0x26,0x01,0x46,0x01,0x67,0x09,0xc8,0x11,0x4b,0x1a,0xcc,0x2a,0xcc,0x32,0x8b,0x2a,0x29,0x22,0xc9,0x19,0x87,0x11,0x05,0x09,
    0xe4,0x08,0xa4,0x00,0xa4,0x08,0x83,0x08,0x84,0x08,0x83,0x00,0x62,0x08,0x62,0x00,0x63,0x08,0x62,0x00,0x63,0x08,0x62,0x00,
    0x42,0x08,0x42,0x00,0x42,0x08,0x42,0x00,0x42,0x00,0x42,0x08,0x42,0x00,0x62,0x08,0x63,0x00,0x42,0x00,0x42,0x00,0x62,0x08,
    0x62,0x00,0x62,0x08,0x62,0x00,0x42,0x08,0x62,0x00,0x42,0x00,0x62,0x08,0x43,0x00,0x83,0x08,0x63,0x00,0x83,0x08,0x63,0x08,
    0x62,0x00,0x43,0x08,0x62,0x00,0x63,0x08,0x63,0x00,0x83,0x08,0x83,0x00,0xa4,0x00,0xe5,0x00,0x06,0x01,0x26,0x01,0x26,0x01,
    0x26,0x09,0x26,0x09,0x25,0x09,0x06,0x09,0x26,0x09,0x67,0x01,0x46,0x01,0x05,0x09,0xc4,0x00,0x83,0x08,0x83,0x00,0x63,0x00,
    0x42,0x08,0x42,0x00,0x42,0x08,0x42,0x00,0x42,0x08,0x42,0x00,0x42,0x00,0x21,0x08,0x42,0x00,0x42,0x08,0x41,0x00,0x42,0x08,
    0x21,0x00,0x42,0x08,0x42,0x00,0x42,0x08,0x42,0x00,0x62,0x00,0x62,0x08,0x63,0x00,0x63,0x00,0x83,0x08,0x83,0x00,0x62,0x00,
    0x42,0x08,0x42,0x00,0x42,0x08,0x22,0x00,0x42,0x08,0x21,0x00,0x42,0x08,0x22,0x00,0x41,0x00,0x22,0x00,0x42,0x08,0x41,0x00,
    0x42,0x08,0x41,0x00,0x22,0x08,0x41,0x00,0x22,0x08,0x41,0x00,0x22,0x00,0x42,0x08,0x21,0x00,0x42,0x08,0x42,0x00,0x41,0x08,
    0x22,0x00,0x42,0x00,0x22,0x08,0x42,0x00,0x41,0x08,0x42,0x00,0x41,0x08,0x22,0x00,0x42,0x08,0x22,0x00,0x42,0x08,0x42,0x00,
    0x42,0x00,0x42,0x08,0x62,0x00,0x42,0x08,0x42,0x00,0x42,0x08,0x42,0x00,0x42,0x08,0x62,0x00,0x62,0x08,0x63,0x00,0x62,0x08,
    0x62,0x00,0x62,0x08,0x42,0x00,0x42,0x08,0x42,0x00,0x42,0x00,0x41,0x08,0x22,0x00,0x41,0x08,0x42,0x00,0x62,0x08,0x62,0x00,
    0x63,0x08,0xa4,0x00,0x26,0x09,0xa8,0x09,0x6a,0x2a,0x2d,0x43,0x6e,0x4b,0x2e,0x3b,0x8b,0x1a,0xe9,0x01,0x88,0x01,0x67,0x01,
    0x87,0x01,0x0a,0x0a,0x4a,0x1a,0x2a,0x1a,0xe9,0x09,0xe9,0x09,0x09,0x1a,0x4b,0x1a,0xac,0x2a,0xab,0x2a,0x8b,0x2a,0x09,0x22,
    0x67,0x11,0x05,0x11,0xc4,0x08,0x84,0x08,0x83,0x00,0x62,0x08,0x63,0x00,0x62,0x08,0x63,0x00,0x42,0x08,0x42,0x00,0x42,0x08,
    0x42,0x00,0x42,0x08,0x42,0x00,0x42,0x08,0x42,0x00,0x41,0x08,0x42,0x00,0x41,0x08,0x22,0x00,0x42,0x08,0x42,0x00,0x42,0x00,
    0x42,0x08,0x62,0x08,0x63,0x00,0x62,0x08,0x63,0x00,0x63,0x00,0x42,0x08,0x63,0x00,0x42,0x08,0x63,0x00,0x62,0x08,0x63,0x00,
    0x62,0x08,0x63,0x00,0x62,0x08,0x63,0x00,0x62,0x08,0x63,0x00,0x62,0x08,0x62,0x00,0x62,0x08,0x63,0x00,0x63,0x00,0xa4,0x08,
    0xc4,0x00,0xc4,0x08,0xc4,0x00,0xa4,0x08,0xc4,0x00,0xa3,0x08,0x84,0x00,0xa3,0x08,0xa4,0x00,0xc4,0x00,0xc4,0x00,0xa4,0x00,
    0xa4,0x08,0x83,0x00,0x62,0x08,0x62,0x00,0x42,0x00,0x42,0x08,0x42,0x00,0x42,0x00,0x42,0x08,0x41,0x00,0x42,0x08,0x42,0x00,
    0x21,0x08,0x42,0x00,0x22,0x00,0x41,0x08,0x42,0x00,0x42,0x08,0x21,0x00,0x42,0x00,0x42,0x08,0x62,0x00,0x63,0x08,0x83,0x08,
    0x63,0x00,0x63,0x08,0x63,0x00,0x83,0x08,0x63,0x00,0x62,0x08,0x42,0x00,0x62,0x08,0x42,0x00,0x42,0x08,0x42,0x00,0x42,0x08,
    0x41,0x08,0x42,0x00,0x41,0x08,0x22,0x00,0x42,0x08,0x42,0x00,0x42,0x00,0x42,0x08,0x42,0x00,0x42,0x08,0x41,0x00,0x22,0x08,
    0x42,0x00,0x42,0x08,0x22,0x00,0x42,0x08,0x41,0x00,0x42,0x08,0x41,0x00,0x42,0x08,0x42,0x00,0x22,0x00,0x42,0x08,0x42,0x00,
    0x41,0x08,0x42,0x00,0x41,0x08,0x42,0x00,0x42,0x08,0x42,0x00,0x42,0x08,0x42,0x00,0x42,0x08,0x42,0x00,0x42,0x08,0x42,0x00,
    0x62,0x08,0x42,0x00,0x63,0x08,0x62,0x00,0x63,0x08,0x63,0x00,0x62,0x08,0x42,0x00,0x42,0x08,0x42,0x00,0x42,0x08,0x42,0x00,
    0x42,0x08,0x83,0x00,0xa4,0x08,0xe5,0x08,0x87,0x09,0xe8,0x11,0x4a,0x1a,0xab,0x2a,0xec,0x3a,0x2d,0x43,0x2d,0x43,0xcd,0x32,
    0x8b,0x22,0x2a,0x12,0x2a,0x12,0x2a,0x12,0x4a,0x12,0xac,0x1a,0xcd,0x2a,0x8b,0x1a,0x2a,0x1a,0x0a,0x12,0x09,0x12,0xc8,0x19,
    0xe8,0x11,0xa8,0x11,0x87,0x19,0x46,0x11,0xe5,0x00,0xa3,0x08,0x63,0x00,0x62,0x00,0x42,0x08,0x42,0x00,0x42,0x08,0x62,0x00,
    0x42,0x08,0x62,0x00,0x42,0x08,0x42,0x00,0x41,0x00,0x42,0x08,0x42,0x00,0x41,0x00,0x42,0x08,0x22,0x00,0x41,0x08,0x42,0x00,
    0x41,0x08,0x42,0x00,0x42,0x08,0x42,0x00,0x63,0x08,0x83,0x00,0x83,0x08,0x83,0x00,0x83,0x08,0x63,0x00,0x63,0x08,0x62,0x00,
    0x63,0x08,0x42,0x00,0x63,0x08,0x42,0x00,0x42,0x08,0x62,0x00,0x42,0x08,0x62,0x00,0x63,0x00,0x42,0x08,0x62,0x00,0x43,0x08,
    0x62,0x00,0x63,0x08,0xa3,0x00,0xa4,0x00,0xc5,0x00,0xc4,0x00,0xa4,0x08,0xa4,0x00,0x83,0x00,0x63,0x08,0x62,0x00,0x62,0x08,
    0x63,0x00,0x63,0x08,0x63,0x08,0x83,0x00,0x62,0x08,0x43,0x00,0x42,0x00,0x42,0x08,0x62,0x08,0x63,0x00,0x62,0x08,0x62,0x00,
    0x42,0x08,0x42,0x00,0x42,0x00,0x42,0x08,0x42,0x00,0x41,0x08,0x42,0x00,0x42,0x08,0x42,0x00,0x42,0x08,0x42,0x00,0x42,0x08,
    0x42,0x00,0x42,0x08,0x62,0x00,0x63,0x08,0x83,0x00,0x83,0x08,0x62,0x00,0x83,0x08,0x63,0x00,0x83,0x08,0x83,0x00,0x63,0x08,
    0x62,0x00,0x42,0x08,0x42,0x00,0x42,0x00,0x22,0x08,0x41,0x00,0x42,0x00,0x41,0x08,0x22,0x00,0x41,0x08,0x22,0x00,0x41,0x08,
    0x22,0x00,0x41,0x08,0x42,0x00,0x41,0x08,0x22,0x00,0x41,0x00,0x41,0x08,0x22,0x00,0x42,0x08,0x42,0x00,0x42,0x08,0x42,0x00,
    0x42,0x08,0x41,0x00,0x42,0x08,0x42,0x00,0x42,0x08,0x42,0x00,0x42,0x08,0x42,0x00,0x42,0x08,0x42,0x00,0x42,0x08,0x42,0x00,
    0x41,0x00,0x42,0x08,0x42,0x00,0x42,0x08,0x42,0x00,0x42,0x08,0x42,0x00,0x42,0x08,0x62,0x00,0x42,0x08,0x42,0x00,0x63,0x08,
    0x42,0x00,0x42,0x08,0x42,0x00,0x42,0x08,0x83,0x00,0xc4,0x08,0x05,0x09,0x66,0x09,0x87,0x09,0xc8,0x11,0x09,0x1a,0x2a,0x22,
    0xcb,0x3a,0x2e,0x4b,0x6e,0x4b,0x6e,0x4b,0x4e,0x4b,0x2d,0x43,0x0d,0x3b,0xed,0x32,0xcc,0x2a,0xac,0x22,0x6b,0x12,0x0a,0x12,
    0xc8,0x09,0x87,0x09,0x46,0x09,0x06,0x09,0xe5,0x08,0xe4,0x08,0xc4,0x08,0x84,0x08,0x83,0x08,0x42,0x00,0x42,0x08,0x42,0x00,
    0x42,0x08,0x42,0x00,0x42,0x08,0x42,0x00,0x42,0x08,0x42,0x00,0x42,0x00,0x42,0x08,0x42,0x00,0x21,0x08,0x42,0x00,0x22,0x08,
    0x41,0x00,0x42,0x08,0x42,0x00,0x22,0x08,0x42,0x00,0x42,0x00,0x63,0x00,0xa4,0x00,0xe5,0x00,0xe5,0x00,0xc4,0x00,0xa4,0x08,
    0xc4,0x00,0xc4,0x00,0xa4,0x00,0x83,0x08,0x63,0x00,0x62,0x08,0x42,0x00,0x62,0x08,0x42,0x00,0x42,0x08,0x42,0x00,0x42,0x08,
    0x42,0x00,0x63,0x08,0x63,0x00,0x83,0x08,0xa4,0x00,0x06,0x01,0x46,0x01,0x67,0x09,0x46,0x01,0x06,0x01,0xe4,0x00,0xc4,0x00,
    0x84,0x00,0x83,0x08,0x63,0x00,0x42,0x08,0x42,0x00,0x42,0x08,0x62,0x00,0x42,0x08,0x42,0x00,0x42,0x08,0x42,0x00,0x42,0x00,
    0xa4,0x00,0xc4,0x00,0xc5,0x00,0xa4,0x00,0xa4,0x00,0x83,0x08,0x83,0x00,0x63,0x08,0x42,0x00,0x42,0x00,0x42,0x08,0x42,0x00,
    0x42,0x08,0x41,0x00,0x42,0x08,0x42,0x00,0x41,0x08,0x42,0x00,0x42,0x08,0x42,0x00,0x42,0x08,0x62,0x00,0x63,0x08,0x63,0x00,
    0x83,0x08,0x83,0x00,0x83,0x08,0x63,0x00,0x63,0x08,0x42,0x00,0x42,0x08,0x41,0x00,0x42,0x08,0x42,0x00,0x22,0x08,0x42,0x00,
    0x41,0x08,0x42,0x00,0x41,0x00,0x42,0x08,0x42,0x00,0x22,0x00,0x42,0x08,0x42,0x00,0x41,0x08,0x22,0x00,0x42,0x08,0x42,0x00,
    0x41,0x00,0x22,0x08,0x42,0x00,0x41,0x08,0x42,0x00,0x42,0x08,0x42,0x00,0x42,0x08,0x42,0x00,0x42,0x08,0x42,0x00,0x42,0x08,
    0x62,0x00,0x42,0x08,0x41,0x00,0x42,0x08,0x42,0x00,0x42,0x08,0x42,0x00,0x41,0x08,0x42,0x00,0x42,0x08,0x42,0x00,0x42,0x00,
    0x42,0x08,0x42,0x00,0x42,0x08,0x62,0x00,0x63,0x08,0x83,0x00,0x83,0x08,0xc4,0x08,0xe5,0x08,0x25,0x09,0x67,0x11,0x66,0x09,
    0x46,0x09,0x26,0x11,0x87,0x11,0x4a,0x2a,0xec,0x42,0x4d,0x53,0x4e,0x53,0x2d,0x43,0xed,0x3a,0x0d,0x3b,0x2d,0x3b,0x0d,0x33,
    0xed,0x2a,0x8b,0x1a,0x2a,0x0a,0xa8,0x09,0x46,0x09,0xe5,0x00,0xc4,0x08,0xa3,0x08,0x83,0x08,0x63,0x08,0x42,0x00,0x62,0x08,
    0x42,0x00,0x42,0x08,0x42,0x00,0x42,0x08,0x41,0x00,0x42,0x08,0x42,0x00,0x42,0x08,0x42,0x00,0x42,0x08,0x62,0x00,0x42,0x08,
    0x62,0x00,0x42,0x08,0x42,0x00,0x41,0x00,0x22,0x08,0x41,0x00,0x22,0x08,0x42,0x00,0x62,0x08,0x83,0x00,0xe4,0x00,0x26,0x09,
    0x26,0x01,0x05,0x09,0xe5,0x08,0xc4,0x00,0xa4,0x08,0xa4,0x08,0x83,0x00,0x83,0x08,0x83,0x00,0x63,0x08,0x42,0x00,0x42,0x08,
    0x42,0x00,0x42,0x00,0x42,0x08,0x62,0x00,0x63,0x00,0x83,0x00,0xe5,0x08,0x46,0x01,0xc8,0x09,0x2a,0x12,0x6a,0x22,0x4a,0x22,
    0x09,0x12,0xc8,0x09,0x88,0x09,0x26,0x09,0xe5,0x00,0xa4,0x08,0x83,0x00,0x83,0x00,0x62,0x08,0x43,0x00,0x62,0x08,0x62,0x00,
    0x42,0x08,0x62,0x00,0x42,0x08,0x62,0x00,0xe5,0x00,0xe5,0x08,0x05,0x01,0xe5,0x00,0xc4,0x00,0xa4,0x00,0xc4,0x00,0xc4,0x00,
    0xa4,0x08,0x83,0x00,0x63,0x00,0x62,0x08,0x42,0x00,0x42,0x08,0x42,0x00,0x42,0x00,0x42,0x08,0x42,0x00,0x42,0x08,0x42,0x00,
    0x42,0x08,0x42,0x00,0x42,0x08,0x42,0x00,0x42,0x08,0x42,0x00,0x63,0x08,0x62,0x00,0x62,0x08,0x42,0x00,0x42,0x08,0x42,0x00,
    0x62,0x08,0x42,0x00,0x62,0x08,0x42,0x00,0x42,0x00,0x42,0x08,0x42,0x00,0x42,0x08,0x42,0x00,0x42,0x08,0x42,0x00,0x42,0x08,
    0x62,0x00,0x42,0x08,0x42,0x00,0x42,0x08,0x42,0x00,0x42,0x00,0x42,0x08,0x42,0x00,0x42,0x08,0x42,0x00,0x42,0x00,0x42,0x08,
    0x42,0x00,0x42,0x08,0x62,0x00,0x42,0x08,0x42,0x00,0x42,0x08,0x42,0x00,0x42,0x08,0x42,0x00,0x42,0x00,0x42,0x08,0x42,0x00,
    0x42,0x08,0x42,0x00,0x41,0x08,0x42,0x00,0x42,0x08,0x42,0x00,0x42,0x08,0x63,0x00,0xa3,0x08,0xa4,0x08,0xc4,0x08,0xe4,0x08,
    0x05,0x09,0x26,0x09,0x46,0x11,0x26,0x09,0x25,0x09,0x26,0x09,0x87,0x11,0x29,0x22,0xec,0x42,0x2d,0x4b,0xec,0x42,0x8b,0x32,
    0x4a,0x1a,0x09,0x1a,0x09,0x1a,0x0a,0x12,0x09,0x1a,0xe9,0x09,0x88,0x09,0x46,0x09,0xe5,0x00,0xa4,0x08,0x63,0x00,0x63,0x00,
    0x42,0x08,0x42,0x00,0x42,0x08,0x42,0x00,0x42,0x08,0x41,0x00,0x42,0x08,0x42,0x00,0x22,0x08,0x41,0x00,0x42,0x08,0x42,0x00,
    0x62,0x08,0x63,0x00,0x62,0x00,0x63,0x08,0x63,0x00,0x63,0x08,0x62,0x00,0x62,0x08,0x42,0x00,0x62,0x00,0x63,0x00,0x83,0x00,
    0xc4,0x08,0x06,0x01,0x26,0x01,0x26,0x01,0x05,0x01,0xc5,0x08,0xa4,0x00,0x83,0x08,0x63,0x00,0x83,0x00,0x83,0x08,0x63,0x00,
    0x42,0x08,0x42,0x00,0x42,0x08,0x42,0x00,0x42,0x08,0x42,0x00,0x42,0x08,0x63,0x00,0xa4,0x08,0x26,0x01,0xa8,0x09,0xe9,0x09,
    0x4a,0x1a,0x8b,0x2a,0xab,0x2a,0x8b,0x2a,0x4b,0x22,0x4a,0x12,0x09,0x12,0xc8,0x09,0x67,0x09,0x25,0x01,0xc5,0x08,0xa4,0x00,
    0xa3,0x08,0x83,0x00,0x83,0x00,0x84,0x08,0x83,0x00,0x84,0x08,0x83,0x00,0x84,0x08,0x47,0x01,0x26,0x01,0x05,0x01,0x06,0x09,
    0x05,0x01,0xc4,0x00,0xa4,0x08,0xc4,0x00,0xc5,0x08,0xc4,0x00,0xc4,0x08,0x84,0x00,0x84,0x08,0xa4,0x00,0xa4,0x08,0xa3,0x00,
    0x83,0x08,0x63,0x00,0x63,0x00,0x62,0x08,0x62,0x00,0x42,0x00,0x42,0x08,0x42,0x00,0x42,0x08,0x62,0x00,0x42,0x08,0x63,0x00,
    0x63,0x08,0x42,0x00,0x63,0x08,0x63,0x00,0x63,0x00,0x63,0x08,0x62,0x00,0x42,0x08,0x42,0x00,0x42,0x08,0x42,0x00,0x42,0x08,
    0x62,0x00,0x63,0x00,0x83,0x08,0x83,0x00,0x83,0x08,0x63,0x00,0x62,0x08,0x42,0x00,0x62,0x08,0x42,0x00,0x42,0x00,0x62,0x08,
    0x42,0x00,0x42,0x08,0x62,0x00,0x42,0x08,0x42,0x00,0x42,0x08,0x42,0x00,0x41,0x08,0x42,0x00,0x42,0x08,0x62,0x00,0x63,0x08,
    0x42,0x00,0x42,0x08,0x41,0x00,0x22,0x08,0x42,0x00,0x41,0x08,0x42,0x00,0x42,0x08,0x41,0x00,0x42,0x08,0x42,0x00,0x62,0x08,
    0x83,0x08,0xa3,0x08,0xa4,0x08,0xc4,0x08,0x05,0x09,0x66,0x11,0xa8,0x11,0xa7,0x11,0x87,0x11,0x46,0x11,0x67,0x11,0xa7,0x19,
    0xe9,0x21,0x29,0x22,0xe9,0x19,0xa8,0x11,0x67,0x11,0x26,0x09,0x06,0x09,0x05,0x09,0x05,0x09,0xe5,0x08,0xe5,0x08,0xc4,0x00,
    0x84,0x08,0x62,0x00,0x62,0x08,0x42,0x00,0x42,0x08,0x42,0x00,0x41,0x08,0x22,0x00,0x42,0x08,0x21,0x00,0x42,0x08,0x41,0x00,
    0x42,0x08,0x42,0x00,0x42,0x08,0x42,0x00,0x63,0x08,0x83,0x00,0xa4,0x00,0xa4,0x08,0xa4,0x00,0xa4,0x08,0xa4,0x08,0xc4,0x00,
    0xc5,0x08,0xc4,0x00,0xe5,0x08,0xe5,0x00,0x05,0x09,0x46,0x09,0x46,0x01,0x26,0x09,0xe5,0x00,0xa3,0x08,0x63,0x00,0x62,0x08,
    0x42,0x00,0x62,0x08,0x42,0x00,0x42,0x08,0x42,0x00,0x42,0x08,0x42,0x00,0x42,0x08,0x42,0x00,0x62,0x08,0x63,0x00,0xa4,0x08,
    0x26,0x01,0xa7,0x09,0xe9,0x11,0xe9,0x09,0x08,0x1a,0xe8,0x11,0xc9,0x11,0xe8,0x19,0xc8,0x11,0xc8,0x11,0xa8,0x09,0x67,0x09,
    0x46,0x09,0x06,0x01,0xc4,0x00,0xa4,0x00,0xa4,0x08,0x84,0x00,0x83,0x08,0x83,0x00,0x83,0x08,0xa4,0x00,0xa3,0x00,0xa4,0x00,
    0xc8,0x01,0x88,0x09,0x67,0x01,0x26,0x01,0x06,0x01,0xe5,0x08,0xa4,0x00,0xa4,0x00,0xa4,0x00,0xc4,0x08,0xc4,0x00,0xe4,0x00,
    0xe5,0x08,0x05,0x01,0x26,0x09,0x26,0x01,0xe5,0x08,0xa4,0x00,0xa3,0x08,0x63,0x00,0x63,0x08,0x42,0x00,0x62,0x08,0x62,0x00,
    0x62,0x08,0x63,0x00,0x62,0x08,0x63,0x00,0x62,0x08,0x62,0x00,0x63,0x08,0x82,0x00,0x63,0x08,0x83,0x00,0x62,0x08,0x43,0x00,
    0x42,0x08,0x42,0x00,0x42,0x08,0x62,0x00,0x42,0x08,0x62,0x00,0x63,0x08,0x83,0x00,0x83,0x08,0x83,0x00,0x83,0x08,0x63,0x00,
    0x62,0x08,0x42,0x08,0x62,0x00,0x42,0x08,0x62,0x00,0x42,0x08,0x62,0x00,0x62,0x08,0x62,0x00,0x62,0x08,0x42,0x00,0x42,0x08,
    0x42,0x00,0x62,0x08,0x63,0x00,0x83,0x08,0x83,0x00,0x63,0x08,0x63,0x00,0x83,0x08,0x63,0x08,0x83,0x00,0x63,0x08,0x63,0x00,
    0x62,0x08,0x63,0x00,0x62,0x08,0x83,0x00,0x83,0x00,0xc4,0x08,0xe4,0x08,0x26,0x11,0x67,0x11,0xa8,0x11,0xe8,0x19,0xa8,0x11,
    0x46,0x11,0x05,0x09,0xe5,0x08,0xe5,0x08,0x05,0x11,0x05,0x11,0x05,0x09,0xc4,0x08,0xc4,0x08,0x84,0x08,0x83,0x00,0x83,0x08,
    0x83,0x00,0x83,0x08,0x83,0x00,0x63,0x08,0x62,0x00,0x43,0x08,0x42,0x00,0x42,0x08,0x42,0x00,0x41,0x08,0x42,0x00,0x41,0x08,
    0x42,0x00,0x42,0x08,0x21,0x00,0x42,0x08,0x42,0x00,0x42,0x08,0x62,0x00,0x83,0x08,0xc4,0x00,0xe5,0x08,0x26,0x01,0x26,0x09,
    0x05,0x09,0xe5,0x08,0xe5,0x00,0xe5,0x08,0x05,0x01,0x05,0x09,0xe5,0x00,0xe5,0x00,0xe5,0x00,0xe5,0x08,0xe5,0x08,0xa4,0x08,
    0x83,0x00,0x63,0x08,0x62,0x00,0x42,0x08,0x42,0x00,0x42,0x08,0x62,0x00,0x42,0x08,0x42,0x00,0x41,0x00,0x42,0x08,0x62,0x00,
    0x63,0x00,0xa4,0x08,0x05,0x01,0x46,0x01,0xa8,0x09,0xc8,0x09,0xa8,0x09,0x87,0x09,0x46,0x09,0x06,0x11,0x05,0x11,0x06,0x09,
    0x05,0x01,0x05,0x09,0xe5,0x08,0xe5,0x08,0xc4,0x08,0xa4,0x08,0xa4,0x08,0x83,0x00,0x63,0x08,0x83,0x00,0x63,0x08,0x83,0x00,
    0x83,0x08,0xa4,0x00,0xa4,0x08,0xc4,0x00,0xa8,0x01,0x67,0x01,0x26,0x09,0xe4,0x00,0xc4,0x08,0xa4,0x00,0x83,0x00,0x83,0x08,
    0x83,0x00,0x83,0x08,0x84,0x00,0xa4,0x08,0xc4,0x00,0xe5,0x08,0x25,0x01,0x26,0x09,0x05,0x01,0xe5,0x00,0xa4,0x08,0x83,0x00,
    0x83,0x08,0x83,0x00,0x63,0x08,0x83,0x00,0x63,0x08,0x83,0x00,0x63,0x00,0x42,0x08,0x62,0x00,0x42,0x08,0x63,0x00,0x62,0x08,
    0x63,0x00,0x62,0x08,0x42,0x00,0x42,0x08,0x62,0x00,0x42,0x08,0x42,0x00,0x42,0x08,0x63,0x00,0x62,0x08,0x63,0x00,0x83,0x08,
    0x63,0x00,0x83,0x08,0x42,0x00,0x62,0x08,0x42,0x00,0x42,0x00,0x42,0x08,0x42,0x00,0x62,0x08,0x63,0x00,0x42,0x08,0x63,0x00,
    0x63,0x08,0xa4,0x00,0xe5,0x08,0x05,0x09,0x05,0x09,0x05,0x09,0x05,0x09,0x26,0x11,0x25,0x09,0x26,0x11,0x45,0x09,0x46,0x11,
    0x46,0x09,0x67,0x11,0x46,0x09,0x05,0x09,0xe5,0x08,0xe5,0x08,0xe5,0x00,0xe5,0x08,0x05,0x09,0x06,0x09,0x26,0x09,0x46,0x09,
    0x46,0x11,0x66,0x11,0x46,0x09,0x26,0x09,0xe5,0x08,0xc4,0x08,0x83,0x08,0x83,0x08,0x83,0x08,0x83,0x08,0x83,0x00,0x63,0x08,
    0x62,0x00,0x62,0x08,0x63,0x00,0x42,0x08,0x42,0x00,0x42,0x08,0x42,0x00,0x42,0x08,0x42,0x00,0x42,0x08,0x42,0x00,0x41,0x08,
    0x42,0x00,0x22,0x00,0x42,0x08,0x42,0x00,0x42,0x08,0x42,0x00,0x42,0x00,0x42,0x08,0x42,0x00,0x42,0x00,0x83,0x08,0x84,0x00,
    0xc5,0x08,0x05,0x09,0x06,0x01,0x05,0x09,0xe5,0x00,0xc4,0x08,0xa3,0x08,0xc4,0x00,0xa4,0x08,0xc4,0x08,0xa4,0x00,0xa3,0x08,
    0x84,0x08,0x83,0x00,0x83,0x08,0x83,0x00,0x62,0x08,0x42,0x00,0x42,0x08,0x42,0x00,0x42,0x00,0x42,0x08,0x42,0x00,0x42,0x08,
    0x42,0x00,0x42,0x08,0x63,0x00,0xa4,0x08,0x05,0x01,0x67,0x01,0xa8,0x09,0xc8,0x09,0xa8,0x09,0x87,0x09,0x46,0x01,0x06,0x09,
    0xc4,0x08,0xa4,0x00,0x83,0x08,0x83,0x08,0x83,0x08,0x83,0x08,0x83,0x00,0x83,0x00,0x83,0x00,0x63,0x00,0x62,0x08,0x63,0x00,
    0x62,0x00,0x62,0x08,0x63,0x00,0x83,0x08,0x84,0x00,0xc4,0x00,0xc4,0x08,0xa4,0x00,0x67,0x01,0x26,0x01,0xe5,0x08,0xc4,0x00,
    0xa4,0x00,0xa4,0x08,0x83,0x00,0x83,0x08,0x63,0x00,0x62,0x08,0x62,0x00,0x63,0x08,0x83,0x00,0x83,0x08,0xa4,0x00,0xc4,0x08,
    0xa4,0x08,0xa3,0x08,0x83,0x00,0x83,0x08,0x83,0x08,0x83,0x00,0x83,0x08,0x63,0x00,0x83,0x08,0x83,0x00,0x83,0x08,0x63,0x00,
    0x63,0x08,0x42,0x00,0x42,0x08,0x62,0x00,0x63,0x08,0x42,0x00,0x63,0x08,0x42,0x00,0x42,0x08,0x42,0x00,0x62,0x08,0x42,0x00,
    0x42,0x08,0x42,0x00,0x62,0x08,0x63,0x00,0x62,0x08,0x62,0x00,0x43,0x08,0x62,0x00,0x43,0x08,0x62,0x00,0x63,0x08,0x83,0x00,
    0xa4,0x08,0xa4,0x00,0xc5,0x08,0x05,0x09,0x46,0x09,0xa8,0x11,0xe8,0x11,0xc8,0x11,0xa8,0x11,0x87,0x11,0x87,0x11,0x67,0x11,
    0x67,0x11,0x66,0x11,0x67,0x11,0x87,0x11,0x87,0x11,0x87,0x11,0x87,0x11,0x87,0x11,0x46,0x09,0x25,0x09,0x25,0x09,0x05,0x09,
    0x05,0x09,0x05,0x09,0x05,0x09,0x05,0x09,0xe5,0x08,0xc4,0x08,0xc4,0x08,0xa3,0x08,0x63,0x00,0x62,0x00,0x42,0x08,0x42,0x00,
    0x42,0x00,0x42,0x08,0x42,0x00,0x42,0x08,0x42,0x00,0x42,0x08,0x42,0x00,0x42,0x08,0x42,0x00,0x42,0x08,0x42,0x00,0x42,0x08,
    0x41,0x00,0x42,0x08,0x41,0x00,0x22,0x08,0x42,0x00,0x42,0x08,0x42,0x00,0x42,0x08,0x62,0x00,0x62,0x08,0x63,0x00,0x83,0x08,
    0x83,0x00,0xa4,0x00,0xc4,0x08,0xc4,0x00,0xe5,0x08,0xe5,0x00,0xc4,0x08,0xc4,0x00,0xa4,0x08,0x83,0x00,0x83,0x00,0x63,0x08,
    0x83,0x00,0x63,0x00,0x62,0x08,0x63,0x00,0x62,0x08,0x42,0x00,0x42,0x08,0x42,0x00,0x42,0x08,0x42,0x00,0x42,0x08,0x42,0x00,
    0x62,0x08,0x63,0x00,0x83,0x08,0x63,0x00,0x83,0x08,0xa4,0x00,0xc4,0x08,0x46,0x01,0xa8,0x11,0xe9,0x09,0xe9,0x09,0xa8,0x01,
    0x47,0x01,0x26,0x09,0x05,0x01,0xc4,0x00,0xa4,0x08,0x83,0x00,0x83,0x08,0x63,0x00,0x63,0x00,0x63,0x08,0x63,0x00,0x63,0x08,
    0x62,0x08,0x63,0x00,0x63,0x08,0x83,0x00,0x83,0x08,0x84,0x00,0xa3,0x00,0xa4,0x00,0xc4,0x08,0xc4,0x00,0xc4,0x00,0xa4,0x08,
    0x87,0x01,0x26,0x01,0xe5,0x08,0xc4,0x08,0xa4,0x00,0x83,0x00,0x83,0x08,0x83,0x08,0x63,0x08,0x63,0x00,0x42,0x08,0x42,0x00,
    0x42,0x08,0x62,0x00,0x63,0x08,0x63,0x00,0x63,0x00,0x63,0x08,0x62,0x00,0x63,0x08,0x63,0x00,0x63,0x08,0x83,0x00,0x83,0x08,
    0x83,0x00,0x63,0x08,0x63,0x00,0x62,0x08,0x63,0x00,0x62,0x08,0x63,0x00,0x63,0x08,0x63,0x00,0x62,0x08,0x42,0x00,0x62,0x08,
    0x42,0x00,0x42,0x08,0x42,0x00,0x42,0x08,0x42,0x00,0x42,0x08,0x42,0x00,0x42,0x00,0x42,0x00,0x62,0x08,0x42,0x00,0x42,0x08,
    0xa3,0x08,0xe5,0x08,0x46,0x11,0x66,0x11,0xa8,0x09,0xc8,0x11,0xc8,0x11,0xe8,0x19,0x09,0x1a,0x09,0x1a,0xe8,0x19,0xc8,0x11,
    0x87,0x11,0x46,0x09,0x26,0x09,0x25,0x09,0x26,0x09,0x25,0x09,0x06,0x09,0x25,0x09,0x26,0x09,0x26,0x09,0x26,0x09,0x05,0x09,
    0x05,0x09,0xe5,0x08,0xc5,0x08,0xc4,0x08,0xc4,0x00,0xc4,0x08,0xa4,0x08,0xa4,0x00,0x83,0x08,0x83,0x00,0x42,0x00,0x63,0x08,
    0x42,0x00,0x42,0x08,0x42,0x00,0x42,0x08,0x42,0x00,0x42,0x08,0x41,0x00,0x42,0x08,0x42,0x00,0x42,0x08,0x62,0x00,0x42,0x08,
    0x42,0x00,0x42,0x08,0x42,0x00,0x42,0x08,0x22,0x00,0x42,0x08,0x22,0x00,0x42,0x00,0x42,0x08,0x42,0x00,0x62,0x08,0x83,0x00,
    0x84,0x08,0xc4,0x00,0xe5,0x00,0xe5,0x00,0x06,0x01,0x26,0x01,0x06,0x01,0x05,0x09,0x05,0x01,0xc5,0x00,0xc4,0x08,0xa4,0x00,
    0x83,0x08,0x63,0x00,0x62,0x08,0x42,0x00,0x42,0x08,0x62,0x08,0x42,0x00,0x42,0x08,0x42,0x00,0x42,0x08,0x42,0x00,0x42,0x00,
    0x42,0x08,0x62,0x00,0x83,0x08,0xc4,0x00,0xc5,0x08,0xc4,0x00,0xc5,0x08,0xe5,0x00,0x05,0x01,0x26,0x09,0x66,0x09,0xa8,0x09,
    0xc8,0x11,0xc8,0x09,0xa8,0x09,0x67,0x01,0x46,0x01,0x06,0x09,0xe5,0x00,0xc5,0x08,0xe5,0x00,0xe5,0x08,0xe5,0x00,0xe4,0x08,
    0xc4,0x08,0xa4,0x00,0xa3,0x08,0x83,0x00,0xa4,0x08,0xa4,0x08,0xa4,0x00,0xc4,0x00,0xc4,0x00,0xc5,0x08,0xc4,0x00,0xc4,0x08,
    0xc4,0x00,0x84,0x08,0x83,0x08,0x63,0x00,0x2a,0x1a,0xa8,0x09,0x46,0x09,0xc5,0x00,0xa3,0x00,0x83,0x08,0x83,0x00,0x83,0x00,
    0x83,0x00,0x63,0x08,0x62,0x00,0x63,0x08,0x62,0x00,0x63,0x08,0x63,0x08,0x83,0x00,0x83,0x08,0x63,0x00,0x62,0x08,0x42,0x00,
    0x63,0x08,0x63,0x00,0x83,0x08,0x63,0x00,0x63,0x08,0x63,0x00,0x83,0x08,0x63,0x00,0x62,0x08,0x63,0x00,0x83,0x08,0xa4,0x08,
    0xc4,0x00,0xa3,0x08,0x84,0x00,0x83,0x08,0x83,0x00,0x83,0x00,0x63,0x00,0x83,0x00,0xa3,0x08,0xa4,0x00,0xc4,0x08,0xe4,0x08,
    0xc5,0x08,0xc4,0x08,0xa4,0x08,0xe5,0x08,0x46,0x11,0xc8,0x19,0x4a,0x2a,0x6a,0x22,0x4a,0x1a,0x29,0x1a,0x09,0x1a,0xe9,0x19,
    0xe8,0x19,0xa8,0x11,0x87,0x11,0x26,0x09,0x05,0x09,0xc4,0x08,0xc4,0x08,0xc4,0x08,0xa4,0x08,0xa4,0x08,0xa4,0x00,0xa4,0x08,
    0xc4,0x08,0xc4,0x08,0xc4,0x08,0xc5,0x08,0xa4,0x08,0xa3,0x00,0x83,0x00,0x83,0x08,0x83,0x08,0x63,0x00,0x83,0x08,0x63,0x08,
    0x62,0x00,0x43,0x08,0x42,0x00,0x42,0x08,0x42,0x00,0x41,0x00,0x42,0x08,0x41,0x00,0x42,0x08,0x41,0x00,0x42,0x08,0x42,0x00,
    0x42,0x08,0x41,0x00,0x42,0x08,0x42,0x00,0x62,0x08,0x62,0x00,0x42,0x08,0x62,0x00,0x63,0x08,0x62,0x00,0x63,0x08,0x82,0x00,
    0x83,0x08,0x84,0x00,0xa4,0x00,0xc4,0x08,0xe5,0x00,0x26,0x09,0x67,0x01,0x67,0x01,0x67,0x01,0x26,0x09,0x25,0x09,0x06,0x01,
    0xe5,0x08,0xc4,0x00,0xc4,0x00,0xa4,0x00,0xa3,0x08,0x83,0x08,0x63,0x00,0x63,0x08,0x62,0x00,0x42,0x00,0x42,0x08,0x42,0x00,
    0x41,0x00,0x22,0x08,0x42,0x00,0x42,0x08,0x63,0x00,0xa4,0x08,0x05,0x01,0x47,0x01,0x66,0x01,0x47,0x09,0x46,0x01,0x25,0x09,
    0x46,0x01,0x47,0x09,0x67,0x09,0x87,0x09,0x67,0x01,0x67,0x09,0x46,0x01,0x26,0x01,0x05,0x09,0xe5,0x00,0xe5,0x08,0x05,0x01,
    0x46,0x09,0x67,0x09,0x87,0x09,0x67,0x11,0x46,0x09,0x26,0x09,0x05,0x09,0x05,0x09,0x26,0x09,0x46,0x09,0x46,0x09,0x46,0x09,
    0x05,0x01,0xe5,0x08,0xc4,0x00,0xa4,0x00,0x83,0x08,0x83,0x00,0x63,0x00,0x62,0x08,0xac,0x2a,0x4a,0x22,0xe8,0x19,0x87,0x11,
    0x67,0x11,0x26,0x11,0x26,0x09,0x05,0x11,0x05,0x09,0xe5,0x08,0xe4,0x08,0xa4,0x00,0xa4,0x08,0x83,0x00,0xa3,0x00,0xa4,0x08,
    0xa4,0x00,0xa3,0x08,0x83,0x00,0x63,0x08,0x62,0x00,0x62,0x08,0x63,0x00,0x83,0x08,0x83,0x00,0xa4,0x08,0xc4,0x08,0xc4,0x08,
    0xe5,0x08,0x05,0x09,0x05,0x09,0x46,0x11,0x46,0x11,0x67,0x11,0x46,0x11,0x66,0x11,0x46,0x11,0x46,0x11,0x46,0x11,0x86,0x19,
    0xa7,0x21,0xe8,0x29,0x08,0x2a,0x29,0x2a,0x08,0x22,0xe8,0x21,0xc8,0x19,0xc8,0x19,0x09,0x22,0x4a,0x22,0x6a,0x2a,0x4a,0x22,
    0x09,0x12,0xc8,0x11,0x88,0x11,0x67,0x11,0x26,0x09,0x05,0x09,0xc5,0x08,0xa4,0x08,0x83,0x08,0x83,0x00,0x63,0x08,0x63,0x00,
    0x62,0x00,0x83,0x08,0x63,0x00,0x82,0x00,0x63,0x08,0x83,0x00,0x83,0x08,0x83,0x00,0x83,0x08,0x63,0x00,0x63,0x08,0x63,0x00,
    0x62,0x00,0x63,0x08,0x63,0x00,0xc4,0x00,0xe5,0x08,0xe4,0x00,0xc4,0x08,0x83,0x00,0x62,0x08,0x42,0x00,0x22,0x08,0x42,0x00,
    0x42,0x08,0x42,0x00,0x42,0x08,0x42,0x00,0x42,0x08,0x42,0x00,0x63,0x08,0x63,0x00,0x83,0x00,0xa4,0x08,0xa4,0x00,0xa4,0x00,
    0xe4,0x00,0x05,0x09,0x26,0x01,0x46,0x01,0x26,0x01,0x26,0x01,0x26,0x01,0x26,0x09,0x26,0x01,0x46,0x01,0x67,0x01,0x47,0x09,
    0x26,0x01,0x05,0x01,0xe5,0x08,0xc4,0x00,0xc4,0x08,0xc4,0x00,0xa4,0x08,0xa4,0x00,0xa4,0x00,0xc5,0x08,0xc4,0x00,0xc4,0x00,
    0xa4,0x08,0x83,0x00,0x83,0x08,0x63,0x00,0x63,0x08,0x62,0x00,0x63,0x08,0x83,0x00,0xa3,0x00,0xe5,0x00,0x06,0x09,0x46,0x01,
    0x26,0x09,0x25,0x09,0xe5,0x00,0xe5,0x08,0x05,0x09,0x05,0x01,0x06,0x09,0x26,0x01,0x05,0x01,0xe5,0x08,0xe5,0x00,0xc4,0x00,
    0xc5,0x00,0xc4,0x08,0x05,0x01,0x47,0x01,0xa8,0x11,0xe9,0x19,0x09,0x1a,0x09,0x1a,0xe9,0x19,0xa8,0x11,0x87,0x11,0x67,0x11,
    0x87,0x11,0xa8,0x11,0x87,0x11,0x87,0x09,0x46,0x09,0x06,0x09,0xe4,0x08,0xa4,0x00,0x83,0x08,0x63,0x00,0x42,0x08,0x42,0x00,
    0xcc,0x3a,0xab,0x32,0x8b,0x3a,0x6a,0x3a,0x8a,0x42,0x69,0x3a,0x29,0x2a,0xe8,0x29,0xc7,0x19,0x87,0x19,0x26,0x11,0x05,0x11,
    0xe4,0x00,0xc5,0x00,0xc4,0x08,0xc4,0x00,0xc4,0x08,0xc4,0x08,0x83,0x08,0x83,0x00,0x63,0x08,0x63,0x00,0xa3,0x08,0xe5,0x08,
    0x46,0x11,0x66,0x11,0x66,0x11,0x67,0x11,0x67,0x11,0x87,0x19,0xc8,0x19,0x09,0x22,0x4a,0x2a,0x4a,0x2a,0x4a,0x22,0x4a,0x2a,
    0x4a,0x2a,0x49,0x2a,0x6a,0x32,0x8b,0x3a,0xcb,0x42,0xec,0x4a,0x0c,0x4b,0x0c,0x4b,0x0d,0x4b,0xcc,0x3a,0xab,0x32,0x6a,0x2a,
    0x6a,0x22,0x4a,0x1a,0x2a,0x1a,0xc8,0x11,0x67,0x09,0x26,0x01,0x05,0x01,0xe5,0x08,0xa4,0x08,0xa4,0x08,0x83,0x08,0x63,0x00,
    0x62,0x00,0x63,0x08,0x42,0x00,0x63,0x08,0x62,0x00,0x63,0x08,0x62,0x00,0x63,0x08,0x63,0x00,0x63,0x08,0x63,0x00,0x63,0x08,
    0x63,0x00,0x62,0x08,0x63,0x00,0x62,0x08,0x63,0x00,0x63,0x08,0xe4,0x00,0x47,0x01,0x87,0x09,0x88,0x09,0x67,0x09,0x26,0x01,
    0xe5,0x08,0x83,0x00,0x83,0x00,0x63,0x08,0x63,0x00,0x83,0x08,0x63,0x00,0x83,0x08,0x83,0x00,0xa4,0x08,0xc4,0x00,0x05,0x09,
    0x05,0x09,0xe5,0x00,0x05,0x09,0x05,0x09,0x26,0x09,0x88,0x09,0xe9,0x11,0xe9,0x11,0xe9,0x01,0xa8,0x09,0x46,0x01,0x26,0x09,
    0x06,0x01,0x05,0x09,0x05,0x01,0xe5,0x00,0xc4,0x08,0xa4,0x08,0xa4,0x00,0xa4,0x08,0x84,0x00,0x83,0x08,0xa4,0x00,0xa4,0x08,
    0xc4,0x00,0xc4,0x08,0xe5,0x00,0xe5,0x08,0xe5,0x00,0xc4,0x08,0xa4,0x00,0xa4,0x08,0xa3,0x00,0xa4,0x08,0x83,0x00,0xa3,0x08,
    0xa4,0x00,0xc4,0x00,0xc4,0x00,0xc4,0x08,0xc4,0x00,0xa4,0x00,0xa4,0x08,0xa4,0x00,0xa3,0x08,0xa4,0x08,0xa4,0x00,0xa4,0x08,
    0xc4,0x00,0xa4,0x08,0x84,0x00,0xa4,0x08,0xc4,0x00,0xe5,0x08,0x46,0x01,0xa8,0x09,0xe8,0x11,0x2a,0x22,0x6a,0x22,0x4b,0x22,
    0x49,0x22,0x09,0x1a,0xc8,0x19,0xc8,0x19,0xa8,0x11,0xa8,0x11,0xa7,0x11,0x88,0x11,0x67,0x11,0x46,0x09,0x05,0x09,0xa4,0x08,
    0x83,0x00,0x63,0x08,0x42,0x00,0x42,0x08,
};

const lv_img_dsc_t ocean = {
    .header = {.cf = LV_IMG_CF_TRUE_COLOR, .always_zero = 0, .reserved = 0, .w = 172, .h = 232},
    .data_size = 172 * 232 * 2,
    .data = ocean_map,
};
