#include "sunset.h"

const uint8_t sunset_map[] = {
    0x1a,0xdf,0xda,0xde,0xfa,0xde,0xd9,0xde,0xda,0xde,0xd9,0xde,0xd9,0xde,0xda,0xd6,0xd9,0xde,0xda,0xd6,0xb9,0xde,0xda,0xd6,
    0xd9,0xde,0xda,0xde,0xda,0xd6,0xd9,0xde,0xda,0xde,0xda,0xd6,0xd9,0xde,0xda,0xd6,0xd9,0xd6,0xda,0xde,0xb9,0xd6,0xda,0xd6,
    0xb9,0xd6,0xb9,0xd6,0xb9,0xd6,0x99,0xd6,0x99,0xce,0x99,0xd6,0x98,0xce,0x99,0xd6,0x99,0xce,0x99,0xd6,0x99,0xce,0xb9,0xd6,
    0xb9,0xd6,0x99,0xd6,0xb9,0xd6,0x98,0xd6,0x98,0xce,0x98,0xd6,0x99,0xce,0x99,0xd6,0x98,0xce,0x98,0xce,0x98,0xd6,0x98,0xd6,
    0x98,0xce,0x98,0xd6,0x98,0xd6,0x99,0xce,0x99,0xd6,0x98,0xce,0x99,0xd6,0xb9,0xd6,0xb9,0xd6,0x78,0xce,0x98,0xce,0xb9,0xd6,
    0xb9,0xde,0xb9,0xd6,0xb9,0xd6,0x98,0xd6,0x99,0xd6,0xb8,0xd6,0x98,0xd6,0x98,0xd6,0x98,0xd6,0x78,0xce,0x98,0xd6,0x98,0xce,
    0x78,0xd6,0x98,0xce,0x98,0xce,0x79,0xce,0x78,0xce,0x58,0xce,0x58,0xc6,0x58,0xc6,0x57,0xc6,0x38,0xc6,0x58,0xc6,0x37,0xc6,
    0x38,0xc6,0x37,0xc6,0x37,0xbe,0x37,0xc6,0x17,0xb6,0x37,0xbe,0x17,0xb6,0x17,0xb6,0x17,0xb6,0x17,0xbe,0x37,0xbe,0x37,0xbe,
    0xf7,0xbd,0x17,0xb6,0x37,0xbe,0x17,0xb6,0xf7,0xb5,0x17,0xbe,0x17,0xbe,0x37,0xbe,0x37,0xbe,0x37,0xbe,0x38,0xc6,0x37,0xbe,
    0xf7,0xbd,0xf7,0xad,0xd6,0xad,0xb7,0x9d,0xb6,0x9d,0x97,0x95,0xb6,0x9d,0xb6,0x9d,0xb6,0x95,0xb7,0x95,0xb6,0x95,0x97,0x95,
    0x97,0x8d,0x96,0x85,0x96,0x8d,0x96,0x8d,0x97,0x85,0x96,0x85,0x76,0x85,0x76,0x85,0x56,0x75,0x15,0x65,0x36,0x6d,0x56,0x75,
    0x56,0x7d,0x76,0x75,0x56,0x6d,0x16,0x65,0xf6,0x54,0xd6,0x5c,0xd6,0x5c,0xd6,0x4c,0xf5,0x54,0xd5,0x54,0xf5,0x54,0xd5,0x5c,
    0xf5,0x54,0xd6,0x4c,0xd5,0x54,0xd5,0x54,0xd5,0x54,0xd6,0x54,0xd6,0x54,0xb5,0x44,0xd6,0x4c,0xd6,0x54,0xf6,0x54,0x16,0x55,
    0x36,0x65,0x16,0x65,0xf5,0x5c,0xf6,0x5c,0x15,0x65,0x56,0x75,0x76,0x7d,0x77,0x75,0x96,0x85,0x76,0x85,0xb6,0x8d,0xb7,0x95,
    0x97,0x8d,0x97,0x8d,0xb6,0x8d,0xf7,0x9d,0xda,0xde,0xd9,0xd6,0xba,0xd6,0xb9,0xd6,0xb9,0xd6,0xb9,0xd6,0xba,0xd6,0xb9,0xd6,
    0xda,0xd6,0xb9,0xde,0xda,0xd6,0xd9,0xd6,0xba,0xde,0xd9,0xd6,0xda,0xd6,0xd9,0xde,0xda,0xd6,0xd9,0xde,0xda,0xd6,0xda,0xde,
    0xfa,0xde,0xda,0xde,0xd9,0xd6,0xda,0xde,0xd9,0xde,0xda,0xd6,0xb9,0xd6,0xb9,0xd6,0xb9,0xd6,0xb9,0xd6,0xb9,0xd6,0xb9,0xd6,
    0xb9,0xd6,0xb9,0xd6,0xb9,0xd6,0xb9,0xd6,0xda,0xde,0xb9,0xd6,0xb9,0xd6,0x99,0xce,0x99,0xd6,0x99,0xce,0x98,0xd6,0x99,0xce,
    0x99,0xd6,0x98,0xd6,0x99,0xce,0x98,0xd6,0xb9,0xd6,0xb9,0xd6,0x99,0xd6,0xb9,0xd6,0xb9,0xd6,0xb9,0xd6,0x98,0xd6,0xb9,0xd6,
    0xb9,0xde,0x99,0xd6,0x99,0xd6,0x99,0xd6,0xb9,0xd6,0xb9,0xd6,0x99,0xde,0xb9,0xd6,0x98,0xd6,0x98,0xd6,0x98,0xd6,0x99,0xce,
    0x98,0xd6,0x98,0xd6,0x98,0xd6,0x98,0xd6,0x98,0xd6,0x98,0xd6,0x78,0xd6,0x98,0xd6,0x78,0xce,0x98,0xce,0x78,0xce,0x98,0xce,
    0x58,0xce,0x78,0xce,0x58,0xce,0x78,0xce,0x58,0xc6,0x78,0xce,0x58,0xc6,0x58,0xce,0x58,0xc6,0x58,0xc6,0x58,0xce,0x37,0xc6,
    0x58,0xc6,0x57,0xce,0x38,0xc6,0x37,0xc6,0x58,0xc6,0x37,0xc6,0x38,0xc6,0x37,0xbe,0x37,0xc6,0x37,0xc6,0x37,0xc6,0x37,0xbe,
    0x37,0xbe,0x37,0xbe,0x37,0xbe,0x17,0xbe,0x37,0xc6,0x37,0xc6,0x37,0xbe,0x17,0xb6,0xf7,0xad,0xf6,0xad,0xf7,0xb5,0x17,0xb6,
    0x17,0xae,0xd7,0xa5,0xb6,0x9d,0xd6,0x9d,0xb7,0x95,0x96,0x95,0xb7,0x9d,0xb6,0x95,0x96,0x8d,0x97,0x95,0xb6,0x95,0xb6,0x95,
    0xb6,0x8d,0x76,0x8d,0x96,0x85,0x76,0x85,0x76,0x8d,0x76,0x85,0x76,0x85,0x57,0x75,0x16,0x65,0xf6,0x5c,0xd6,0x54,0x16,0x5d,
    0x56,0x65,0x36,0x6d,0x36,0x6d,0x16,0x65,0xf6,0x54,0xf6,0x4c,0xf6,0x5c,0xb6,0x54,0xf5,0x54,0xf6,0x54,0xd6,0x54,0xd5,0x4c,
    0xf5,0x5c,0xd5,0x5c,0x16,0x5d,0x36,0x6d,0x56,0x7d,0x55,0x75,0x56,0x7d,0x36,0x7d,0x56,0x7d,0x56,0x85,0x96,0x8d,0x96,0x8d,
    0x96,0x95,0x96,0x95,0xb6,0x9d,0xb6,0x95,0x96,0x8d,0x76,0x85,0x96,0x8d,0x96,0x95,0xb9,0xd6,0xb9,0xd6,0x99,0xce,0x99,0xd6,
    0x98,0xce,0x99,0xd6,0xb9,0xce,0xb9,0xd6,0xb9,0xd6,0xb9,0xd6,0xb9,0xd6,0xb9,0xde,0xb9,0xd6,0xda,0xd6,0xb9,0xde,0xda,0xd6,
    0xd9,0xde,0xda,0xd6,0xda,0xde,0xd9,0xd6,0xda,0xde,0xd9,0xd6,0xda,0xde,0xfa,0xd6,0xda,0xde,0xd9,0xd6,0xda,0xde,0xda,0xde,
    0xda,0xde,0xd9,0xd6,0xda,0xde,0xda,0xde,0xb9,0xde,0xda,0xde,0xd9,0xde,0xda,0xde,0xd9,0xd6,0xba,0xd6,0xb9,0xd6,0xb9,0xd6,
    0x99,0xd6,0xb9,0xd6,0xb9,0xce,0xb9,0xd6,0xb9,0xd6,0xb9,0xd6,0xb9,0xd6,0xba,0xde,0xb9,0xde,0xd9,0xde,0xd9,0xde,0xb9,0xd6,
    0xb9,0xd6,0x99,0xd6,0x99,0xd6,0x99,0xd6,0xb9,0xd6,0xba,0xd6,0xb9,0xd6,0xb9,0xd6,0xb9,0xd6,0xba,0xde,0xb9,0xd6,0xb9,0xde,
    0xb9,0xd6,0xb9,0xd6,0xb9,0xd6,0xb9,0xd6,0xb9,0xd6,0x99,0xd6,0xb9,0xd6,0x99,0xd6,0xb9,0xd6,0x98,0xd6,0x98,0xd6,0x98,0xd6,
    0x78,0xce,0x78,0xd6,0x99,0xce,0x78,0xd6,0x78,0xce,0x78,0xce,0x78,0xce,0x78,0xce,0x78,0xce,0x57,0xc6,0x38,0xc6,0x58,0xc6,
    0x58,0xce,0x58,0xc6,0x58,0xce,0x58,0xc6,0x57,0xc6,0x58,0xce,0x58,0xc6,0x58,0xce,0x58,0xce,0x78,0xce,0x78,0xc6,0x58,0xce,
    0x57,0xc6,0x38,0xc6,0x58,0xc6,0x17,0xbe,0x17,0xbe,0x17,0xbe,0x17,0xbe,0x17,0xbe,0x17,0xbe,0x17,0xbe,0x17,0xbe,0x37,0xbe,
    0x37,0xc6,0x17,0xbe,0x17,0xbe,0x16,0xb6,0xf7,0xb5,0xf6,0xb5,0xf7,0xad,0xb6,0xa5,0xd7,0xa5,0xd6,0xad,0xd6,0xa5,0xb7,0x95,
    0x96,0x95,0x96,0x8d,0x96,0x95,0xb7,0x95,0xb6,0x9d,0x97,0x95,0x96,0x95,0x76,0x85,0xb6,0x9d,0x96,0x9d,0x97,0x95,0xb6,0x95,
    0x76,0x85,0x56,0x7d,0x36,0x6d,0x56,0x7d,0x76,0x85,0x76,0x85,0x76,0x85,0x56,0x7d,0x36,0x6d,0x56,0x6d,0x56,0x6d,0x15,0x6d,
    0x56,0x75,0x75,0x85,0x56,0x75,0x35,0x6d,0x56,0x7d,0x56,0x75,0x76,0x7d,0x76,0x7d,0x76,0x85,0x96,0x8d,0xb6,0x9d,0xb6,0x9d,
    0x96,0x95,0x96,0x95,0x76,0x9d,0xd6,0xa5,0x96,0xa5,0xb7,0xa5,0xb6,0x9d,0xb6,0x95,0xb7,0x9d,0x76,0x8d,0x96,0x85,0x56,0x85,
    0x99,0xce,0x99,0xd6,0x98,0xce,0x99,0xd6,0x99,0xce,0x98,0xce,0x99,0xd6,0x99,0xce,0x99,0xd6,0xb9,0xd6,0xba,0xd6,0xb9,0xd6,
    0xba,0xd6,0xd9,0xde,0xba,0xd6,0xb9,0xde,0xb9,0xd6,0xb9,0xd6,0xd9,0xde,0xda,0xd6,0xb9,0xde,0xda,0xd6,0xb9,0xde,0xb9,0xd6,
    0xb9,0xd6,0xda,0xde,0xd9,0xd6,0xd9,0xde,0xda,0xd6,0xd9,0xde,0xd9,0xd6,0xda,0xd6,0xb9,0xd6,0x99,0xce,0xb9,0xd6,0xb9,0xd6,
    0xb9,0xd6,0xb9,0xde,0xb9,0xde,0xb9,0xd6,0xb9,0xd6,0xb9,0xd6,0xba,0xde,0xd9,0xd6,0xb9,0xd6,0x99,0xd6,0xb9,0xd6,0xb9,0xd6,
    0xba,0xd6,0xb9,0xd6,0xda,0xde,0xb9,0xd6,0xb9,0xde,0xd9,0xd6,0xb9,0xd6,0xb9,0xd6,0xb9,0xd6,0xb9,0xd6,0xb9,0xd6,0xb9,0xd6,
    0xb9,0xd6,0xb9,0xd6,0xb9,0xd6,0xb9,0xd6,0xb9,0xd6,0xba,0xd6,0xb9,0xd6,0xb9,0xde,0xb8,0xd6,0x99,0xd6,0x99,0xd6,0xb9,0xd6,
    0xb9,0xde,0xb9,0xd6,0xb9,0xd6,0xb9,0xd6,0x99,0xd6,0xb8,0xd6,0x98,0xd6,0x99,0xd6,0x98,0xce,0x78,0xce,0x78,0xce,0x78,0xce,
    0x78,0xce,0x78,0xce,0x78,0xd6,0x98,0xce,0x78,0xce,0x78,0xce,0x78,0xce,0x58,0xce,0x58,0xc6,0x58,0xce,0x78,0xc6,0x57,0xc6,
    0x58,0xc6,0x57,0xc6,0x38,0xc6,0x57,0xc6,0x38,0xc6,0x57,0xc6,0x37,0xc6,0x58,0xc6,0x58,0xc6,0x57,0xc6,0x37,0xc6,0x37,0xc6,
    0x38,0xbe,0x57,0xc6,0x58,0xce,0x58,0xce,0x37,0xc6,0x58,0xc6,0x37,0xc6,0x37,0xc6,0x37,0xbe,0x38,0xc6,0x37,0xbe,0x17,0xbe,
    0x17,0xbe,0x17,0xbe,0x17,0xb6,0xf7,0xad,0xd7,0xa5,0xd6,0xa5,0xd6,0xad,0xb6,0xad,0xb6,0xa5,0xb6,0xa5,0xb6,0xa5,0x96,0x9d,
    0x97,0x9d,0xb6,0x9d,0xd6,0xa5,0xf7,0xb5,0xf7,0xad,0xd6,0xa5,0xb6,0x9d,0xb6,0xa5,0xd7,0xad,0xb6,0x9d,0xb6,0x9d,0xd6,0xb5,
    0xd7,0xad,0xd6,0xa5,0xd6,0xa5,0xb6,0xa5,0xd7,0xa5,0xf7,0xad,0xb6,0xad,0xb6,0xa5,0xd7,0xa5,0xb6,0x9d,0xb6,0x9d,0x76,0x8d,
    0x55,0x8d,0x96,0x95,0xb7,0x9d,0xb6,0xa5,0xb6,0xa5,0xb6,0xa5,0x97,0x9d,0xb6,0xa5,0xd7,0xad,0xd7,0xa5,0xb7,0x9d,0xb6,0x9d,
    0xb6,0xa5,0xb6,0x9d,0xb7,0x95,0x96,0x9d,0x78,0xce,0x78,0xce,0x78,0xce,0x78,0xc6,0x78,0xce,0x79,0xce,0x78,0xce,0x78,0xce,
    0x79,0xce,0x78,0xce,0x79,0xce,0x98,0xce,0x79,0xce,0x98,0xce,0x79,0xce,0x98,0xce,0x99,0xce,0x79,0xce,0x99,0xce,0x99,0xd6,
    0x99,0xce,0x98,0xce,0x99,0xce,0xb9,0xd6,0xb9,0xce,0xb9,0xd6,0xb9,0xd6,0xba,0xd6,0xd9,0xd6,0xda,0xd6,0xda,0xde,0xd9,0xde,
    0xb9,0xd6,0xb9,0xd6,0x99,0xd6,0xb9,0xd6,0x99,0xd6,0xba,0xd6,0xda,0xde,0xd9,0xde,0xba,0xd6,0xb9,0xde,0xb9,0xd6,0x99,0xd6,
    0x99,0xce,0x99,0xce,0x78,0xce,0x79,0xce,0x78,0xce,0x78,0xce,0x78,0xce,0x79,0xce,0x99,0xce,0x99,0xd6,0x99,0xd6,0x78,0xce,
    0x78,0xce,0x78,0xce,0x79,0xce,0x99,0xce,0x99,0xd6,0x99,0xd6,0x78,0xce,0x78,0xce,0x99,0xce,0x78,0xd6,0x78,0xce,0x78,0xce,
    0x78,0xd6,0x99,0xce,0x98,0xd6,0x99,0xd6,0x99,0xd6,0xb9,0xd6,0x99,0xd6,0xb9,0xd6,0xb8,0xde,0x99,0xd6,0xb9,0xd6,0x99,0xd6,
    0xb9,0xd6,0xb9,0xd6,0x98,0xd6,0x99,0xd6,0x98,0xd6,0x98,0xd6,0x98,0xd6,0x99,0xce,0x98,0xd6,0x98,0xce,0x78,0xce,0x78,0xce,
    0x78,0xce,0x58,0xce,0x58,0xce,0x58,0xce,0x58,0xc6,0x58,0xc6,0x58,0xce,0x58,0xc6,0x58,0xce,0x58,0xc6,0x78,0xce,0x78,0xce,
    0x78,0xce,0x58,0xce,0x58,0xc6,0x58,0xce,0x57,0xc6,0x58,0xce,0x58,0xc6,0x57,0xc6,0x57,0xce,0x58,0xc6,0x58,0xce,0x58,0xc6,
    0x58,0xce,0x78,0xce,0x38,0xc6,0x37,0xc6,0x58,0xc6,0x38,0xc6,0x37,0xc6,0x58,0xc6,0x37,0xc6,0x17,0xbe,0x17,0xbe,0x17,0xbe,
    0x17,0xb6,0x17,0xb6,0xf7,0xb5,0xf6,0xad,0xd6,0xad,0xb6,0xa5,0xd7,0xad,0xf7,0xbd,0x37,0xbe,0x17,0xbe,0xf7,0xb5,0xf6,0xbd,
    0xf7,0xb5,0xf7,0xbd,0x16,0xb6,0x17,0xbe,0x37,0xbe,0x17,0xbe,0x17,0xbe,0xf7,0xb5,0xf6,0xb5,0xf7,0xb5,0xd7,0xb5,0xf6,0xb5,
    0xd7,0xb5,0xd6,0xad,0xd6,0xad,0xb6,0xa5,0xd6,0xad,0x17,0xb6,0xf7,0xb5,0xd7,0xad,0xd6,0xad,0xb6,0xad,0x96,0x9d,0xb6,0xa5,
    0xd6,0xad,0xb6,0xa5,0xb6,0x9d,0xb7,0xa5,0xb6,0xa5,0xb6,0xa5,0xd6,0xa5,0xd7,0xad,0x58,0xc6,0x38,0xc6,0x37,0xbe,0x37,0xc6,
    0x37,0xc6,0x37,0xbe,0x37,0xc6,0x37,0xbe,0x37,0xbe,0x37,0xbe,0x37,0xc6,0x37,0xbe,0x37,0xbe,0x58,0xc6,0x37,0xbe,0x38,0xc6,
    0x37,0xbe,0x57,0xc6,0x58,0xc6,0x57,0xc6,0x38,0xc6,0x58,0xc6,0x78,0xc6,0x78,0xce,0x58,0xce,0x79,0xc6,0x78,0xce,0x78,0xce,
    0x99,0xce,0x99,0xd6,0x99,0xd6,0x99,0xce,0x99,0xd6,0x99,0xce,0x99,0xce,0x99,0xce,0x78,0xce,0x98,0xce,0x79,0xce,0x78,0xce,
    0x78,0xce,0x78,0xc6,0x78,0xce,0x78,0xce,0x79,0xce,0x78,0xce,0x58,0xce,0x78,0xc6,0x58,0xc6,0x58,0xc6,0x58,0xc6,0x57,0xc6,
    0x58,0xc6,0x57,0xc6,0x38,0xc6,0x37,0xbe,0x58,0xce,0x78,0xce,0x58,0xc6,0x78,0xce,0x98,0xd6,0xb9,0xd6,0x99,0xd6,0x99,0xd6,
    0x99,0xce,0x99,0xce,0x99,0xd6,0x99,0xce,0x98,0xce,0x78,0xce,0x98,0xd6,0x99,0xd6,0xb9,0xd6,0x99,0xd6,0xb8,0xd6,0x98,0xd6,
    0x99,0xd6,0x98,0xd6,0x99,0xd6,0x98,0xd6,0x98,0xd6,0x99,0xd6,0xb9,0xd6,0x99,0xce,0xb9,0xd6,0x99,0xce,0xb9,0xd6,0x99,0xd6,
    0xb9,0xd6,0x99,0xd6,0x99,0xce,0x78,0xd6,0x78,0xce,0x98,0xce,0x98,0xce,0x98,0xce,0x98,0xd6,0x78,0xce,0x98,0xce,0x78,0xce,
    0x78,0xce,0x78,0xce,0x78,0xce,0x78,0xce,0x77,0xce,0x78,0xd6,0x77,0xce,0x78,0xce,0x58,0xce,0x78,0xce,0x78,0xce,0x79,0xce,
    0x78,0xce,0x58,0xce,0x58,0xce,0x78,0xce,0x58,0xce,0x57,0xce,0x58,0xce,0x58,0xce,0x58,0xc6,0x78,0xce,0x58,0xc6,0x58,0xce,
    0x57,0xce,0x78,0xce,0x58,0xc6,0x37,0xc6,0x37,0xc6,0x17,0xbe,0x17,0xbe,0x37,0xc6,0x17,0xb6,0x17,0xbe,0xf7,0xbd,0x37,0xbe,
    0x37,0xc6,0x37,0xbe,0x17,0xbe,0x17,0xbe,0x16,0xbe,0xf7,0xb5,0x17,0xb6,0x37,0xbe,0x37,0xc6,0x37,0xbe,0x17,0xbe,0x17,0xbe,
    0x17,0xb6,0xf7,0xbd,0xf6,0xb5,0xf7,0xb5,0xd6,0xb5,0xd6,0xb5,0xd7,0xad,0xf6,0xb5,0xf7,0xbd,0x17,0xbe,0x16,0xb6,0xd7,0xb5,
    0xf6,0xb5,0x17,0xbe,0x17,0xbe,0x37,0xc6,0x37,0xc6,0x37,0xbe,0x17,0xbe,0xf7,0xb5,0xf7,0xbd,0xf7,0xb5,0xf7,0xbd,0xd6,0xb5,
    0x78,0xc6,0x78,0xce,0x58,0xc6,0x58,0xc6,0x58,0xc6,0x58,0xc6,0x37,0xc6,0x38,0xc6,0x57,0xc6,0x38,0xbe,0x57,0xc6,0x38,0xbe,
    0x37,0xbe,0x37,0xbe,0x37,0xb6,0x37,0xbe,0x37,0xbe,0x38,0xbe,0x37,0xc6,0x37,0xbe,0x58,0xc6,0x57,0xc6,0x58,0xc6,0x58,0xc6,
    0x58,0xc6,0x57,0xc6,0x58,0xc6,0x38,0xc6,0x57,0xc6,0x37,0xc6,0x37,0xc6,0x58,0xc6,0x37,0xc6,0x37,0xbe,0x17,0xbe,0x37,0xbe,
    0x58,0xc6,0x37,0xc6,0x58,0xbe,0x37,0xc6,0x37,0xc6,0x58,0xc6,0x99,0xce,0x98,0xce,0x79,0xce,0x98,0xce,0x79,0xce,0x78,0xce,
    0x78,0xce,0x78,0xce,0x78,0xce,0x78,0xce,0x58,0xce,0x78,0xce,0x78,0xc6,0x79,0xce,0x99,0xce,0x99,0xce,0x78,0xd6,0x99,0xce,
    0x98,0xce,0x99,0xce,0x78,0xce,0x99,0xce,0x78,0xce,0x78,0xce,0x98,0xce,0x58,0xc6,0x58,0xce,0x79,0xce,0x98,0xce,0x99,0xce,
    0x99,0xd6,0xb9,0xd6,0x98,0xd6,0x98,0xd6,0x98,0xce,0x98,0xd6,0xb8,0xce,0x98,0xd6,0x99,0xce,0x98,0xce,0x78,0xce,0x78,0xce,
    0x78,0xce,0x78,0xce,0x78,0xce,0x78,0xce,0x78,0xce,0x78,0xce,0x78,0xce,0x78,0xce,0x79,0xc6,0x78,0xce,0x78,0xce,0x58,0xce,
    0x78,0xce,0x79,0xce,0x98,0xce,0x78,0xce,0x78,0xce,0x58,0xce,0x78,0xce,0x78,0xd6,0x98,0xce,0x78,0xce,0x98,0xce,0x58,0xce,
    0x58,0xc6,0x58,0xc6,0x57,0xc6,0x38,0xc6,0x37,0xc6,0x37,0xc6,0x57,0xc6,0x58,0xc6,0x57,0xc6,0x58,0xce,0x38,0xc6,0x57,0xc6,
    0x58,0xc6,0x57,0xc6,0x58,0xc6,0x58,0xc6,0x58,0xce,0x58,0xc6,0x57,0xce,0x58,0xc6,0x37,0xc6,0x37,0xc6,0x17,0xbe,0x37,0xbe,
    0x17,0xbe,0x17,0xbe,0x17,0xbe,0x17,0xbe,0x37,0xbe,0x17,0xbe,0x16,0xbe,0x17,0xbe,0xf7,0xb5,0xd6,0xad,0xb6,0xa5,0xd6,0xad,
    0xd7,0xb5,0xf7,0xb5,0xf7,0xb5,0xf6,0xad,0xd6,0xad,0xd6,0xad,0xd6,0xa5,0xd6,0xad,0xd7,0xa5,0xb6,0xa5,0xb6,0xad,0xd6,0xad,
    0xd6,0xad,0x17,0xb6,0xf7,0xb5,0xf6,0xb5,0xf7,0xb5,0xf7,0xb5,0x17,0xbe,0x17,0xbe,0x17,0xbe,0x37,0xc6,0x17,0xbe,0x17,0xbe,
    0x17,0xbe,0x17,0xbe,0x37,0xbe,0xf7,0xb5,0x78,0xce,0x79,0xce,0x99,0xce,0x98,0xce,0x99,0xd6,0x99,0xce,0x98,0xce,0x78,0xce,
    0x78,0xce,0x79,0xce,0x78,0xc6,0x38,0xc6,0x37,0xc6,0x58,0xc6,0x58,0xc6,0x58,0xc6,0x38,0xc6,0x57,0xc6,0x58,0xc6,0x37,0xc6,
    0x38,0xbe,0x57,0xc6,0x58,0xc6,0x37,0xc6,0x58,0xc6,0x78,0xce,0x79,0xce,0x78,0xce,0x58,0xc6,0x58,0xc6,0x58,0xc6,0x37,0xc6,
    0x38,0xc6,0x37,0xbe,0x58,0xc6,0x58,0xc6,0x37,0xc6,0x38,0xc6,0x37,0xc6,0x58,0xc6,0x58,0xc6,0x58,0xc6,0x78,0xce,0x79,0xce,
    0x78,0xce,0x78,0xc6,0x58,0xce,0x78,0xce,0x58,0xce,0x78,0xc6,0x58,0xce,0x58,0xc6,0x38,0xc6,0x58,0xc6,0x37,0xbe,0x37,0xc6,
    0x58,0xbe,0x37,0xbe,0x37,0xbe,0x37,0xc6,0x18,0xbe,0x37,0xbe,0x38,0xbe,0x37,0xc6,0x37,0xbe,0x38,0xc6,0x37,0xbe,0x58,0xc6,
    0x57,0xc6,0x58,0xc6,0x37,0xc6,0x58,0xc6,0x57,0xc6,0x38,0xbe,0x37,0xc6,0x58,0xbe,0x37,0xc6,0x38,0xbe,0x37,0xc6,0x37,0xbe,
    0x37,0xbe,0x37,0xbe,0x38,0xc6,0x37,0xbe,0x37,0xc6,0x58,0xc6,0x57,0xc6,0x58,0xc6,0x58,0xc6,0x58,0xce,0x78,0xc6,0x58,0xc6,
    0x57,0xc6,0x58,0xc6,0x58,0xc6,0x58,0xc6,0x58,0xc6,0x78,0xce,0x58,0xc6,0x78,0xce,0x58,0xc6,0x57,0xc6,0x58,0xc6,0x57,0xc6,
    0x37,0xc6,0x58,0xc6,0x58,0xc6,0x57,0xc6,0x37,0xc6,0x37,0xc6,0x17,0xbe,0x17,0xbe,0x16,0xb6,0x17,0xb6,0x17,0xb6,0x17,0xbe,
    0x17,0xbe,0x17,0xb6,0x17,0xbe,0x17,0xbe,0x17,0xb6,0x17,0xbe,0x17,0xbe,0x17,0xb6,0x16,0xbe,0x17,0xbe,0xf7,0xb5,0x17,0xbe,
    0x17,0xb6,0xf7,0xb5,0xf6,0xad,0xd6,0xad,0xf6,0xad,0xf6,0xb5,0xd6,0xb5,0xf7,0xb5,0xf6,0xb5,0xf7,0xb5,0xf7,0xb5,0xf6,0xb5,
    0xd7,0xad,0xd6,0xa5,0x96,0xa5,0xb6,0xa5,0xd6,0xa5,0xb6,0xad,0xd6,0xa5,0xb7,0xad,0xd7,0xad,0xd7,0xa5,0xd6,0xad,0xd7,0xa5,
    0x96,0x9d,0xb6,0xa5,0xd6,0xad,0xb6,0xa5,0xf6,0xad,0x17,0xb6,0xd6,0xad,0x96,0x9d,0xb5,0x9d,0xb6,0xa5,0xd7,0xb5,0xf6,0xb5,
    0x17,0xbe,0xf7,0xb5,0xf6,0xad,0xf6,0xb5,0xf6,0xb5,0x17,0xbe,0x17,0xbe,0xf6,0xb5,0x99,0xd6,0x99,0xce,0x98,0xd6,0x99,0xce,
    0x98,0xce,0x99,0xd6,0xb9,0xd6,0x99,0xce,0x79,0xce,0x78,0xce,0x78,0xce,0x78,0xce,0x78,0xce,0xb9,0xd6,0x99,0xce,0x98,0xce,
    0x78,0xce,0x99,0xd6,0x99,0xce,0x78,0xce,0x78,0xce,0x99,0xce,0x99,0xce,0x99,0xd6,0x99,0xce,0x98,0xce,0x99,0xce,0x78,0xce,
    0x78,0xce,0x58,0xc6,0x37,0xc6,0x58,0xbe,0x78,0xc6,0x57,0xc6,0x78,0xce,0x79,0xce,0x99,0xce,0x99,0xce,0x99,0xce,0x98,0xce,
    0x78,0xce,0x99,0xce,0x58,0xce,0x57,0xc6,0x58,0xc6,0x58,0xce,0x58,0xc6,0x58,0xc6,0x58,0xc6,0x37,0xc6,0x38,0xbe,0x37,0xbe,
    0x37,0xbe,0x37,0xbe,0x17,0xb6,0xf7,0xb5,0x17,0xb6,0x17,0xb6,0x17,0xb6,0x17,0xb6,0xf7,0xb5,0xf7,0xad,0xf7,0xb5,0x17,0xb6,
    0x37,0xb6,0x37,0xbe,0x38,0xc6,0x17,0xb6,0xf7,0xb5,0xf7,0xad,0xf7,0xb5,0xf7,0xad,0x17,0xb6,0x37,0xb6,0x17,0xb6,0xf7,0xad,
    0xf7,0xad,0xd7,0xad,0xd7,0xad,0xf7,0xad,0xf7,0xad,0xf7,0xad,0x17,0xb6,0x17,0xb6,0x17,0xb6,0x17,0xbe,0x17,0xbe,0x17,0xb6,
    0x17,0xbe,0x17,0xb6,0x17,0xb6,0x17,0xbe,0xf7,0xb5,0x17,0xb6,0x17,0xbe,0x17,0xb6,0x17,0xb6,0x17,0xb6,0xf7,0xad,0xd6,0xad,
    0xf6,0xad,0xd7,0xad,0xd6,0xad,0xd6,0xad,0xd7,0xad,0xd6,0xa5,0xd6,0xad,0xf7,0xb5,0xf7,0xb5,0xf7,0xad,0xf6,0xb5,0xd7,0xad,
    0xf6,0xad,0xd7,0xa5,0xb6,0x9d,0xb6,0x95,0xb6,0x95,0x96,0x95,0xb6,0x95,0xb6,0x9d,0xb6,0x9d,0xb6,0x9d,0x96,0x9d,0x96,0x95,
    0x97,0x9d,0x96,0x9d,0x96,0x9d,0xb6,0xa5,0xb6,0x9d,0x97,0x9d,0x96,0x95,0xb6,0x95,0x96,0x9d,0xb6,0xa5,0xb6,0xa5,0xb7,0xa5,
    0xd6,0xa5,0xb6,0xa5,0xb6,0xa5,0xd6,0xa5,0xd7,0xad,0xb6,0xa5,0xb6,0xa5,0xb6,0xa5,0xb6,0xa5,0xd7,0xa5,0xd6,0xad,0xd6,0xa5,
    0xb6,0xa5,0xd6,0xad,0xd7,0xa5,0xb6,0x9d,0xb6,0xa5,0xd7,0xa5,0xb6,0x9d,0xb7,0xa5,0xb6,0x9d,0x76,0x9d,0x95,0x9d,0x96,0x9d,
    0xb6,0x9d,0xb6,0xa5,0xd7,0xad,0xd7,0xb5,0xb6,0xa5,0x96,0x9d,0x96,0x95,0x76,0x9d,0x75,0x95,0x96,0x9d,0x96,0x9d,0x96,0x9d,
    0xda,0xd6,0xb9,0xd6,0x99,0xd6,0xb9,0xd6,0xba,0xd6,0xb9,0xde,0x98,0xd6,0x98,0xce,0x98,0xd6,0x99,0xce,0xb9,0xd6,0x99,0xd6,
    0xb9,0xd6,0xda,0xd6,0xb9,0xde,0xda,0xde,0xda,0xde,0xda,0xde,0xd9,0xd6,0xba,0xde,0xfa,0xde,0xd9,0xde,0xda,0xde,0xd9,0xd6,
    0xb9,0xd6,0x99,0xd6,0x99,0xd6,0xb9,0xd6,0xd9,0xd6,0x99,0xd6,0x99,0xce,0xb9,0xd6,0x99,0xd6,0x78,0xce,0x58,0xc6,0x98,0xce,
    0x99,0xd6,0x98,0xce,0x58,0xce,0x37,0xbe,0x37,0xbe,0x58,0xc6,0x58,0xc6,0x78,0xce,0x78,0xce,0x58,0xc6,0x58,0xce,0x57,0xc6,
    0x38,0xc6,0x37,0xbe,0x37,0xbe,0x37,0xbe,0x37,0xc6,0x38,0xc6,0x57,0xbe,0x58,0xc6,0x58,0xc6,0x58,0xc6,0x37,0xc6,0x58,0xbe,
    0x37,0xbe,0x17,0xb6,0x17,0xb6,0x37,0xc6,0x58,0xc6,0x58,0xc6,0x98,0xce,0x58,0xc6,0x37,0xbe,0x37,0xbe,0x17,0xb6,0x16,0xb6,
    0x17,0xb6,0x17,0xbe,0x18,0xb6,0x17,0xae,0xf7,0xad,0xf7,0xad,0xf7,0xad,0x17,0xb6,0x17,0xb6,0xf7,0xad,0xf7,0xad,0xf7,0xad,
    0x17,0xb6,0xf7,0xb5,0xf7,0xad,0xf7,0xad,0x16,0xb6,0x17,0xb6,0xf7,0xb5,0x17,0xae,0xd6,0xad,0xd7,0xad,0xf6,0xad,0xf7,0xb5,
    0xf7,0xad,0x17,0xb6,0x17,0xb6,0x17,0xb6,0xf7,0xb5,0xf7,0xb5,0xd7,0xad,0xd7,0xad,0xd6,0xa5,0xb7,0xa5,0xd6,0xa5,0xb6,0xa5,
    0xb6,0x9d,0xd6,0xa5,0xd6,0xa5,0xd7,0xad,0xb6,0xa5,0xb6,0x95,0xb7,0x95,0x96,0x95,0x96,0x95,0x96,0x95,0x76,0x8d,0x76,0x85,
    0x56,0x85,0x56,0x85,0x56,0x85,0x76,0x85,0x56,0x85,0x56,0x85,0x55,0x85,0x56,0x85,0x56,0x85,0x55,0x85,0x76,0x85,0x76,0x85,
    0x76,0x85,0x76,0x85,0x56,0x85,0x76,0x85,0x76,0x8d,0x76,0x85,0x76,0x85,0x75,0x8d,0x76,0x95,0x76,0x95,0x96,0x95,0x96,0x95,
    0x95,0x95,0x96,0x95,0x76,0x95,0x75,0x8d,0x96,0x95,0x76,0x8d,0x96,0x95,0xb6,0x95,0xb6,0x95,0x96,0x95,0x96,0x95,0x76,0x8d,
    0x56,0x8d,0x55,0x8d,0x76,0x8d,0x76,0x95,0x76,0x9d,0x76,0x95,0x76,0x95,0x96,0x95,0x96,0x9d,0x96,0x9d,0x55,0x8d,0x76,0x95,
    0x75,0x8d,0x56,0x8d,0x56,0x85,0x56,0x85,0x99,0xd6,0x99,0xce,0xb9,0xd6,0xb9,0xd6,0xb9,0xd6,0xb9,0xd6,0x99,0xce,0x98,0xce,
    0x98,0xce,0x99,0xd6,0x98,0xce,0x99,0xd6,0x98,0xd6,0x98,0xd6,0xb9,0xd6,0xb9,0xd6,0xb9,0xd6,0xb9,0xd6,0xb9,0xd6,0x98,0xd6,
    0xb9,0xd6,0xb9,0xd6,0xb9,0xd6,0xb9,0xde,0xba,0xd6,0xd9,0xd6,0xba,0xd6,0xda,0xde,0xd9,0xde,0xda,0xd6,0xb9,0xde,0xb9,0xd6,
    0xb9,0xd6,0x79,0xce,0x58,0xc6,0x57,0xc6,0x37,0xc6,0x37,0xbe,0x58,0xc6,0x58,0xce,0x79,0xce,0x98,0xd6,0x98,0xd6,0x99,0xd6,
    0x99,0xd6,0xb9,0xd6,0x98,0xd6,0x78,0xce,0x78,0xce,0x58,0xc6,0x37,0xc6,0x37,0xc6,0x37,0xbe,0x38,0xc6,0x58,0xc6,0x58,0xce,
    0x37,0xc6,0x37,0xc6,0x58,0xc6,0x17,0xc6,0x17,0xb6,0x17,0xb6,0x17,0xbe,0x37,0xbe,0x38,0xc6,0x57,0xc6,0x58,0xce,0x78,0xc6,
    0x78,0xce,0x38,0xc6,0x37,0xc6,0x17,0xbe,0x17,0xbe,0x17,0xb6,0x17,0xae,0xf7,0xb5,0xf6,0xad,0xf7,0xad,0xf7,0xb5,0x17,0xb6,
    0x17,0xb6,0x37,0xbe,0x37,0xbe,0x17,0xb6,0x17,0xb6,0x16,0xb6,0xf7,0xad,0xf6,0xad,0xf7,0xad,0x17,0xae,0x17,0xb6,0x37,0xbe,
    0x17,0xb6,0x17,0xb6,0x17,0xb6,0x17,0xb6,0x37,0xbe,0x17,0xbe,0x37,0xb6,0x17,0xb6,0xf7,0xb5,0xf7,0xb5,0xf6,0xb5,0x17,0xb6,
    0xf7,0xb5,0x17,0xb6,0xf7,0xb5,0x17,0xb6,0xf7,0xb5,0x17,0xb6,0xf7,0xb5,0x17,0xb6,0x17,0xb6,0xf7,0xad,0xf7,0xad,0xf7,0xad,
    0xd6,0xad,0xd6,0xad,0xd7,0xa5,0xd6,0xad,0xd7,0xa5,0xd6,0x9d,0xb6,0x9d,0x96,0x9d,0x96,0x95,0x96,0x95,0x96,0x95,0x76,0x8d,
    0x35,0x7d,0x56,0x85,0x56,0x75,0x35,0x75,0x36,0x75,0x36,0x7d,0x36,0x75,0x36,0x75,0x35,0x75,0x36,0x75,0x36,0x75,0x56,0x7d,
    0x35,0x7d,0x55,0x85,0x56,0x85,0x55,0x85,0x56,0x85,0x75,0x8d,0x35,0x75,0x55,0x85,0x56,0x85,0x55,0x7d,0x56,0x85,0x56,0x7d,
    0x35,0x75,0x56,0x7d,0x35,0x85,0x35,0x85,0x56,0x85,0x76,0x8d,0x96,0x95,0x96,0x9d,0x76,0x95,0x76,0x95,0x56,0x8d,0x35,0x7d,
    0x56,0x85,0x55,0x8d,0x56,0x8d,0x55,0x85,0x56,0x85,0x36,0x75,0x35,0x75,0x15,0x75,0x98,0xce,0x79,0xce,0x79,0xce,0x99,0xce,
    0x99,0xce,0x78,0xce,0x99,0xce,0x99,0xd6,0x98,0xce,0x99,0xd6,0xb9,0xce,0x99,0xd6,0x98,0xce,0x98,0xce,0x99,0xce,0x99,0xd6,
    0xb8,0xd6,0x99,0xd6,0xb9,0xde,0xd9,0xd6,0xb9,0xd6,0xba,0xde,0xd9,0xd6,0xba,0xde,0xb9,0xd6,0xb9,0xde,0xd9,0xd6,0xb9,0xd6,
    0xda,0xd6,0xd9,0xde,0xb9,0xd6,0xb9,0xd6,0xb9,0xd6,0xb9,0xd6,0xb9,0xd6,0x99,0xd6,0x78,0xce,0x79,0xce,0x78,0xce,0xb9,0xd6,
    0xb9,0xd6,0xba,0xde,0xd9,0xd6,0xb9,0xd6,0x99,0xd6,0xb9,0xd6,0xb9,0xd6,0xb9,0xd6,0xb9,0xd6,0xb9,0xd6,0x99,0xd6,0x98,0xd6,
    0x78,0xce,0x58,0xce,0x78,0xce,0x78,0xc6,0x78,0xce,0x78,0xc6,0x58,0xce,0x58,0xc6,0x37,0xbe,0x37,0xbe,0x37,0xbe,0x17,0xbe,
    0x17,0xbe,0x37,0xc6,0x38,0xc6,0x17,0xbe,0x37,0xc6,0x17,0xbe,0x17,0xbe,0x17,0xb6,0x17,0xb6,0x37,0xb6,0x16,0xb6,0x17,0xb6,
    0xf6,0xb5,0xd7,0xad,0xf7,0xad,0xf6,0xad,0xd7,0xad,0xf7,0xad,0x17,0xb6,0x17,0xbe,0x37,0xbe,0x17,0xbe,0x17,0xb6,0xf7,0xb5,
    0xf7,0xb5,0x17,0xb6,0x17,0xb6,0x17,0xb6,0x37,0xb6,0x17,0xb6,0xf7,0xb5,0x17,0xb6,0xf7,0xb5,0xf7,0xb5,0xf6,0xb5,0xf7,0xb5,
    0xf7,0xb5,0x37,0xb6,0x17,0xbe,0x17,0xbe,0x37,0xbe,0x17,0xbe,0x57,0xc6,0x37,0xc6,0x58,0xc6,0x37,0xc6,0x58,0xc6,0x57,0xce,
    0x58,0xc6,0x58,0xce,0x58,0xc6,0x57,0xc6,0x37,0xbe,0x37,0xbe,0x37,0xc6,0x38,0xc6,0x37,0xbe,0x38,0xc6,0x37,0xc6,0x37,0xbe,
    0x37,0xbe,0xf7,0xbd,0xf6,0xb5,0xd6,0xb5,0xd6,0xa5,0xb6,0xa5,0xd6,0xa5,0xd6,0x9d,0xb6,0x9d,0x96,0x9d,0x96,0x95,0x76,0x95,
    0x75,0x85,0x56,0x85,0x56,0x7d,0x56,0x85,0x56,0x85,0x76,0x8d,0x76,0x8d,0xb6,0x9d,0x96,0x9d,0x95,0x9d,0x96,0x95,0xb6,0x9d,
    0xb6,0xa5,0x96,0x95,0x56,0x7d,0x35,0x75,0x35,0x7d,0x35,0x7d,0x36,0x7d,0x15,0x75,0x35,0x7d,0x56,0x85,0x35,0x7d,0x15,0x7d,
    0x35,0x85,0x36,0x85,0x36,0x7d,0x35,0x75,0x36,0x7d,0x35,0x75,0x35,0x75,0x15,0x6d,0x16,0x6d,0x15,0x6d,0x15,0x65,0x16,0x6d,
    0x99,0xce,0x98,0xce,0x79,0xce,0x78,0xce,0x58,0xce,0x58,0xc6,0x58,0xce,0x58,0xc6,0x58,0xce,0x58,0xc6,0x58,0xce,0x78,0xc6,
    0x78,0xce,0x79,0xce,0x98,0xd6,0x99,0xce,0x99,0xce,0x99,0xce,0xb9,0xd6,0xb9,0xde,0xda,0xde,0xd9,0xde,0xda,0xde,0xd9,0xd6,
    0xb9,0xde,0xb9,0xd6,0xb9,0xde,0xb9,0xd6,0xb9,0xd6,0xb9,0xd6,0xba,0xd6,0xd9,0xd6,0xba,0xde,0xb9,0xd6,0xb9,0xde,0xb9,0xd6,
    0xb9,0xd6,0x99,0xce,0x78,0xce,0x78,0xce,0x98,0xce,0xb9,0xd6,0x98,0xd6,0xb9,0xd6,0xb8,0xd6,0xb9,0xd6,0x99,0xd6,0xb9,0xde,
    0x98,0xd6,0x98,0xd6,0xb8,0xd6,0x99,0xd6,0x98,0xce,0x78,0xce,0x98,0xd6,0x98,0xce,0x78,0xd6,0x98,0xd6,0x98,0xd6,0x78,0xce,
    0x78,0xce,0x78,0xce,0x58,0xce,0x78,0xce,0x78,0xce,0x78,0xce,0x78,0xc6,0x58,0xce,0x78,0xc6,0x57,0xce,0x58,0xc6,0x37,0xc6,
    0x57,0xc6,0x37,0xc6,0x58,0xc6,0x37,0xc6,0x37,0xc6,0x37,0xbe,0x37,0xbe,0x17,0xb6,0xf7,0xb5,0x16,0xb6,0x17,0xb6,0x17,0xbe,
    0x37,0xbe,0x37,0xc6,0x37,0xbe,0x17,0xb6,0x37,0xb6,0x17,0xb6,0xf7,0xb5,0x17,0xb6,0x17,0xb6,0x17,0xb6,0x16,0xbe,0x17,0xb6,
    0x16,0xb6,0x17,0xb6,0x17,0xbe,0x17,0xb6,0x17,0xb6,0x17,0xbe,0xf6,0xb5,0x17,0xbe,0x17,0xbe,0x17,0xbe,0x17,0xbe,0x17,0xbe,
    0x37,0xc6,0x37,0xc6,0x37,0xc6,0x38,0xc6,0x37,0xc6,0x57,0xc6,0x58,0xc6,0x38,0xc6,0x58,0xc6,0x38,0xc6,0x37,0xc6,0x37,0xc6,
    0x37,0xc6,0x37,0xbe,0x37,0xc6,0x38,0xc6,0x37,0xc6,0x37,0xc6,0x17,0xbe,0x17,0xbe,0x37,0xbe,0x17,0xc6,0x17,0xbe,0x17,0xbe,
    0x17,0xb6,0xf6,0xb5,0xf6,0xb5,0xd6,0xad,0xd6,0xad,0xb6,0xa5,0xb6,0xa5,0xb5,0xa5,0xb6,0xa5,0xd7,0xad,0xd6,0xad,0xd6,0xad,
    0xd6,0xb5,0xb6,0xa5,0xb6,0xad,0xd6,0xb5,0xd6,0xad,0xf6,0xad,0xb6,0x9d,0x96,0x9d,0xb6,0xa5,0x76,0x9d,0x96,0x95,0x35,0x7d,
    0x35,0x7d,0x75,0x95,0x75,0x95,0x76,0x95,0x96,0x95,0x55,0x85,0x36,0x7d,0x35,0x7d,0x56,0x7d,0x36,0x75,0x35,0x75,0x56,0x85,
    0x56,0x7d,0x36,0x6d,0x35,0x75,0x16,0x6d,0x78,0xce,0x58,0xce,0x78,0xc6,0x78,0xce,0x99,0xce,0x78,0xce,0x98,0xce,0x78,0xce,
    0x37,0xc6,0x58,0xc6,0x58,0xc6,0x78,0xce,0x78,0xce,0x78,0xc6,0x78,0xce,0x78,0xce,0x78,0xce,0x98,0xce,0x99,0xd6,0xb9,0xd6,
    0xb9,0xd6,0xb9,0xd6,0xd9,0xde,0xd9,0xde,0xda,0xd6,0xba,0xde,0xb9,0xd6,0xb9,0xd6,0xba,0xde,0xb9,0xd6,0xda,0xde,0xb9,0xd6,
    0xda,0xde,0xb9,0xd6,0xb9,0xd6,0xb9,0xde,0xd9,0xde,0xda,0xde,0xb9,0xd6,0x99,0xd6,0x78,0xce,0x78,0xce,0x78,0xce,0x78,0xd6,
    0x98,0xd6,0xb8,0xd6,0xb9,0xde,0xb9,0xd6,0xb9,0xde,0xb9,0xd6,0xb9,0xd6,0xb9,0xd6,0xb9,0xd6,0x98,0xd6,0x98,0xd6,0x98,0xd6,
    0x98,0xce,0x98,0xce,0x98,0xce,0x78,0xce,0x58,0xce,0x58,0xc6,0x58,0xce,0x78,0xc6,0x78,0xce,0x98,0xce,0x78,0xce,0x98,0xce,
    0x78,0xd6,0x78,0xce,0x78,0xd6,0x97,0xd6,0x98,0xd6,0x98,0xce,0x98,0xd6,0x78,0xce,0x58,0xce,0x58,0xc6,0x38,0xc6,0x37,0xc6,
    0x37,0xbe,0x17,0xb6,0x16,0xb6,0x16,0xb6,0x17,0xb6,0x37,0xbe,0x17,0xbe,0x17,0xb6,0x16,0xb6,0xf7,0xb5,0xf6,0xb5,0xf7,0xb5,
    0xf7,0xb5,0x16,0xb6,0x17,0xb6,0x17,0xb6,0xf7,0xb5,0x16,0xb6,0xf7,0xb5,0x16,0xb6,0x16,0xb6,0x17,0xbe,0xf6,0xb5,0x17,0xb6,
    0x16,0xbe,0x17,0xbe,0x37,0xc6,0x37,0xc6,0x38,0xc6,0x58,0xc6,0x37,0xc6,0x58,0xc6,0x37,0xc6,0x37,0xbe,0x37,0xc6,0x37,0xc6,
    0x37,0xc6,0x37,0xc6,0x38,0xc6,0x37,0xc6,0x58,0xc6,0x37,0xc6,0x58,0xce,0x78,0xce,0x58,0xce,0x57,0xc6,0x58,0xc6,0x37,0xc6,
    0x37,0xc6,0x37,0xc6,0x37,0xc6,0x37,0xbe,0x17,0xbe,0x17,0xbe,0x17,0xbe,0x17,0xbe,0xf6,0xbd,0x17,0xbe,0x16,0xbe,0x17,0xbe,
    0xf7,0xbd,0x16,0xbe,0x17,0xbe,0x17,0xbe,0x17,0xbe,0xf6,0xbd,0xf6,0xb5,0xd6,0xb5,0xd6,0xb5,0xd6,0xb5,0xd6,0xad,0xd6,0xa5,
    0xb6,0xa5,0x95,0x95,0x95,0x9d,0x76,0x8d,0x75,0x95,0xb6,0xad,0xf6,0xb5,0xf6,0xb5,0xd6,0xb5,0xd7,0xad,0x96,0x9d,0x96,0x95,
    0x76,0x95,0x76,0x85,0x76,0x8d,0x96,0x8d,0x56,0x8d,0x36,0x75,0x56,0x7d,0x35,0x75,0x38,0xc6,0x57,0xc6,0x79,0xce,0x98,0xce,
    0x78,0xce,0x78,0xce,0x58,0xc6,0x78,0xce,0x79,0xce,0x98,0xce,0x98,0xd6,0x78,0xce,0x78,0xce,0x58,0xc6,0x58,0xc6,0x79,0xce,
    0x79,0xce,0x98,0xd6,0x98,0xce,0x98,0xce,0x79,0xce,0x99,0xce,0x99,0xd6,0x98,0xce,0x99,0xd6,0x99,0xce,0x98,0xd6,0xb9,0xd6,
    0xb9,0xd6,0xb9,0xde,0xb9,0xd6,0xd9,0xde,0xb9,0xd6,0xb9,0xde,0xba,0xd6,0xd9,0xd6,0xb9,0xd6,0xd9,0xde,0xba,0xde,0xd9,0xde,
    0xda,0xd6,0xb9,0xde,0x98,0xd6,0x98,0xce,0x98,0xd6,0x99,0xd6,0x98,0xce,0x99,0xd6,0xb9,0xd6,0xb9,0xd6,0xb9,0xd6,0x99,0xd6,
    0xb9,0xde,0x98,0xd6,0x98,0xce,0x98,0xd6,0x98,0xce,0x78,0xd6,0x78,0xce,0x58,0xce,0x78,0xce,0x57,0xce,0x37,0xc6,0x37,0xbe,
    0x38,0xce,0x58,0xc6,0x58,0xce,0x57,0xc6,0x37,0xce,0x57,0xce,0x78,0xce,0x78,0xce,0x78,0xce,0x78,0xce,0x57,0xce,0x58,0xc6,
    0x57,0xce,0x38,0xc6,0x37,0xbe,0xf6,0xb5,0x17,0xb6,0x16,0xb6,0x17,0xb6,0x17,0xbe,0x37,0xbe,0x17,0xbe,0x17,0xbe,0x37,0xbe,
    0x17,0xb6,0xf6,0xb5,0xf7,0xb5,0xf6,0xad,0xf7,0xad,0xf6,0xad,0xd6,0xad,0xd6,0xad,0xd7,0xad,0xd6,0xad,0xf7,0xb5,0xf6,0xb5,
    0xf6,0xb5,0xd6,0xb5,0xf6,0xb5,0xd6,0xb5,0xf7,0xb5,0xf6,0xb5,0xf6,0xb5,0x17,0xb6,0x16,0xbe,0x17,0xbe,0x17,0xbe,0x17,0xbe,
    0x17,0xbe,0x17,0xbe,0x17,0xbe,0x17,0xbe,0x17,0xbe,0x37,0xbe,0x17,0xbe,0x37,0xc6,0x37,0xc6,0x38,0xc6,0x57,0xc6,0x37,0xc6,
    0x58,0xc6,0x37,0xce,0x57,0xce,0x37,0xc6,0x37,0xc6,0x38,0xc6,0x37,0xbe,0x37,0xc6,0x37,0xc6,0x17,0xbe,0x37,0xbe,0x16,0xbe,
    0x17,0xc6,0x17,0xbe,0xf6,0xb5,0xf6,0xb5,0x16,0xb6,0xf6,0xb5,0xf6,0xbd,0x16,0xbe,0x17,0xb6,0x16,0xbe,0x17,0xbe,0xf6,0xb5,
    0xb6,0xb5,0xb6,0xad,0xb6,0xad,0x96,0xad,0x95,0xad,0x96,0x9d,0x95,0x9d,0xb6,0x9d,0xb6,0xa5,0xb6,0xad,0xb6,0xb5,0xd7,0xb5,
    0xd6,0xad,0xd6,0xb5,0xd6,0xb5,0xd7,0xb5,0xb6,0xa5,0x75,0x8d,0x35,0x85,0x35,0x85,0x55,0x85,0x56,0x75,0x76,0x7d,0x76,0x85,
    0x78,0xce,0x99,0xce,0x78,0xce,0x78,0xce,0x79,0xce,0x98,0xd6,0x78,0xce,0x78,0xce,0x99,0xd6,0xd9,0xde,0xb9,0xd6,0x98,0xd6,
    0x99,0xce,0x99,0xd6,0x78,0xce,0x99,0xd6,0x98,0xce,0x99,0xd6,0x98,0xce,0x99,0xd6,0x98,0xd6,0x98,0xce,0x99,0xce,0xb9,0xd6,
    0xb9,0xd6,0xb8,0xd6,0xb9,0xd6,0x99,0xd6,0x99,0xd6,0xb9,0xd6,0xba,0xd6,0xb9,0xd6,0xda,0xde,0xba,0xd6,0xd9,0xde,0xb9,0xde,
    0xb9,0xd6,0xb9,0xd6,0xb9,0xd6,0xb9,0xde,0xb9,0xd6,0xd9,0xde,0xb9,0xd6,0x98,0xd6,0x98,0xce,0x79,0xce,0x98,0xce,0x78,0xce,
    0x78,0xd6,0x98,0xd6,0x78,0xd6,0x98,0xd6,0x98,0xd6,0x98,0xce,0xb9,0xd6,0x99,0xd6,0xb9,0xd6,0x98,0xd6,0x98,0xd6,0x78,0xce,
    0x78,0xce,0x78,0xce,0x78,0xce,0x58,0xc6,0x57,0xce,0x57,0xc6,0x38,0xc6,0x57,0xce,0x57,0xce,0x57,0xc6,0x57,0xce,0x77,0xce,
    0x57,0xce,0x78,0xce,0x58,0xc6,0x57,0xce,0x57,0xc6,0x58,0xce,0x37,0xc6,0x17,0xbe,0x17,0xbe,0x17,0xbe,0x17,0xbe,0x37,0xc6,
    0x58,0xc6,0x37,0xc6,0x58,0xc6,0x37,0xc6,0x37,0xc6,0x37,0xc6,0x17,0xbe,0x57,0xc6,0x37,0xc6,0x38,0xc6,0x37,0xc6,0x38,0xc6,
    0x57,0xc6,0x37,0xc6,0x58,0xc6,0x57,0xce,0x37,0xce,0x58,0xc6,0x58,0xc6,0x37,0xc6,0x37,0xc6,0x37,0xc6,0x37,0xc6,0x37,0xc6,
    0x58,0xc6,0x57,0xc6,0x57,0xc6,0x57,0xc6,0x58,0xc6,0x57,0xc6,0x58,0xce,0x57,0xc6,0x58,0xc6,0x37,0xce,0x37,0xc6,0x37,0xc6,
    0x58,0xc6,0x37,0xc6,0x58,0xc6,0x58,0xce,0x57,0xce,0x58,0xce,0x57,0xce,0x78,0xce,0x57,0xc6,0x57,0xce,0x37,0xc6,0x37,0xc6,
    0x37,0xc6,0x37,0xc6,0x37,0xc6,0x37,0xc6,0x37,0xc6,0x17,0xbe,0x37,0xbe,0x17,0xbe,0xf6,0xb5,0xd6,0xb5,0xd6,0xb5,0xd6,0xb5,
    0xd6,0xb5,0xd6,0xb5,0xf6,0xb5,0xf6,0xb5,0xd6,0xb5,0xf6,0xb5,0xd6,0xb5,0xd6,0xad,0xd6,0xb5,0xd6,0xad,0xb6,0xb5,0xd6,0xb5,
    0xb5,0xad,0xb6,0xb5,0x96,0xad,0xb5,0xad,0xb6,0xb5,0xb6,0xad,0x96,0xad,0x95,0x9d,0x75,0x9d,0x76,0x95,0x76,0x95,0x56,0x85,
    0x35,0x7d,0x35,0x7d,0x36,0x7d,0x35,0x75,0x78,0xce,0x99,0xd6,0x98,0xce,0x78,0xce,0x78,0xce,0x99,0xd6,0xb8,0xd6,0xb9,0xd6,
    0xb9,0xd6,0xb8,0xd6,0x98,0xd6,0x98,0xce,0xb9,0xd6,0x99,0xd6,0xd9,0xd6,0x98,0xce,0x99,0xd6,0x98,0xce,0x98,0xd6,0x99,0xce,
    0x78,0xce,0x99,0xd6,0x98,0xce,0x98,0xd6,0xba,0xd6,0xb9,0xde,0xb9,0xd6,0xd9,0xd6,0xb9,0xd6,0xb9,0xde,0xb9,0xd6,0xb9,0xde,
    0xb9,0xd6,0xb9,0xd6,0x99,0xd6,0xb8,0xd6,0x99,0xd6,0x98,0xd6,0x99,0xd6,0x98,0xd6,0x98,0xd6,0x98,0xd6,0x98,0xd6,0x98,0xd6,
    0x98,0xce,0x78,0xd6,0x57,0xce,0x78,0xce,0x98,0xce,0x98,0xd6,0x98,0xce,0xb8,0xd6,0xb9,0xd6,0x99,0xd6,0xb9,0xde,0xb8,0xd6,
    0xb9,0xde,0xb9,0xd6,0x78,0xce,0x78,0xd6,0x58,0xce,0x78,0xc6,0x77,0xce,0x58,0xce,0x78,0xce,0x78,0xce,0x98,0xce,0x98,0xd6,
    0x78,0xce,0x78,0xd6,0x78,0xce,0x98,0xce,0x78,0xce,0x98,0xd6,0x77,0xce,0x78,0xce,0x77,0xce,0x77,0xce,0x57,0xc6,0x57,0xce,
    0x57,0xc6,0x37,0xc6,0x57,0xce,0x37,0xc6,0x57,0xce,0x78,0xce,0x77,0xce,0x98,0xd6,0x78,0xce,0x78,0xce,0x78,0xce,0x78,0xce,
    0x78,0xce,0x98,0xd6,0x78,0xce,0x78,0xce,0x57,0xce,0x37,0xc6,0x57,0xc6,0x37,0xc6,0x37,0xce,0x37,0xc6,0x57,0xc6,0x58,0xc6,
    0x37,0xc6,0x37,0xc6,0x57,0xc6,0x58,0xce,0x58,0xc6,0x58,0xce,0x58,0xce,0x58,0xc6,0x58,0xce,0x57,0xc6,0x58,0xc6,0x58,0xc6,
    0x58,0xce,0x78,0xc6,0x78,0xce,0x78,0xce,0x78,0xce,0x58,0xce,0x58,0xce,0x77,0xce,0x58,0xce,0x57,0xc6,0x57,0xce,0x57,0xce,
    0x57,0xce,0x57,0xce,0x57,0xce,0x57,0xce,0x57,0xce,0x58,0xc6,0x57,0xce,0x38,0xc6,0x37,0xc6,0x37,0xc6,0x37,0xc6,0x37,0xc6,
    0x17,0xc6,0x17,0xbe,0x17,0xbe,0x17,0xbe,0x17,0xbe,0x37,0xc6,0x17,0xc6,0x37,0xbe,0x17,0xbe,0x17,0xc6,0x37,0xc6,0x16,0xbe,
    0x17,0xbe,0xf6,0xbd,0xf6,0xb5,0xf6,0xbd,0xf7,0xb5,0xf6,0xb5,0xd6,0xb5,0xd6,0xb5,0xd6,0xad,0xb6,0xb5,0x96,0xa5,0x95,0x9d,
    0x75,0x95,0x56,0x95,0x76,0x8d,0x55,0x85,0x56,0x7d,0x56,0x85,0x55,0x7d,0x36,0x75,0x78,0xce,0x58,0xc6,0x78,0xd6,0xb9,0xd6,
    0xb9,0xd6,0xb9,0xd6,0x99,0xce,0x98,0xd6,0x99,0xd6,0x78,0xce,0x78,0xce,0x98,0xce,0x78,0xce,0x98,0xd6,0xda,0xde,0x99,0xd6,
    0x78,0xce,0x99,0xd6,0x99,0xce,0x99,0xce,0x99,0xd6,0x99,0xce,0x99,0xd6,0x99,0xce,0x98,0xd6,0x99,0xce,0x99,0xd6,0xb9,0xde,
    0xb9,0xd6,0xb9,0xd6,0x99,0xd6,0xb9,0xd6,0x98,0xd6,0x99,0xce,0x98,0xd6,0x98,0xce,0x99,0xd6,0x98,0xce,0x98,0xce,0x98,0xce,
    0x98,0xd6,0x99,0xd6,0x98,0xd6,0x98,0xd6,0x98,0xd6,0x98,0xd6,0x98,0xd6,0x98,0xd6,0xb9,0xd6,0xb8,0xd6,0xb9,0xd6,0x98,0xd6,
    0xb9,0xd6,0x98,0xd6,0xd9,0xde,0xb9,0xd6,0xda,0xde,0xb9,0xde,0x98,0xd6,0x98,0xce,0x78,0xce,0x57,0xce,0x78,0xce,0x78,0xce,
    0x78,0xce,0x78,0xce,0x78,0xce,0x78,0xce,0x78,0xce,0x78,0xce,0x77,0xce,0x78,0xce,0x97,0xd6,0x78,0xce,0x98,0xce,0x78,0xd6,
    0x77,0xce,0x57,0xce,0x57,0xce,0x36,0xc6,0x37,0xc6,0x37,0xc6,0x57,0xce,0x57,0xc6,0x56,0xce,0x57,0xce,0x78,0xce,0x98,0xd6,
    0x77,0xce,0x78,0xd6,0x97,0xce,0x78,0xce,0x78,0xce,0x57,0xc6,0x57,0xce,0x57,0xce,0x57,0xc6,0x37,0xce,0x57,0xc6,0x17,0xc6,
    0x57,0xc6,0x58,0xce,0x37,0xc6,0x37,0xc6,0x38,0xc6,0x37,0xc6,0x37,0xbe,0x17,0xbe,0x17,0xbe,0x37,0xc6,0x37,0xbe,0x37,0xc6,
    0x37,0xbe,0x37,0xc6,0x17,0xc6,0x37,0xbe,0x16,0xbe,0x17,0xbe,0xf6,0xbd,0x17,0xbe,0x36,0xc6,0x37,0xc6,0x37,0xbe,0x38,0xc6,
    0x37,0xc6,0x37,0xc6,0x37,0xc6,0x37,0xc6,0x37,0xc6,0x37,0xc6,0x37,0xc6,0x58,0xc6,0x58,0xc6,0x57,0xce,0x38,0xc6,0x37,0xc6,
    0x37,0xc6,0x58,0xc6,0x37,0xc6,0x17,0xc6,0x17,0xc6,0x37,0xc6,0x37,0xc6,0x37,0xc6,0x17,0xbe,0x37,0xbe,0x37,0xc6,0x17,0xbe,
    0x16,0xc6,0x17,0xbe,0x16,0xbe,0x17,0xbe,0x37,0xc6,0x16,0xbe,0x17,0xbe,0xf6,0xbd,0x17,0xbe,0xf6,0xbd,0xf7,0xb5,0xd6,0xb5,
    0xb6,0xb5,0xb6,0xad,0xb6,0xad,0x95,0x9d,0x75,0x95,0x75,0x8d,0x55,0x8d,0x35,0x85,0x15,0x75,0xf5,0x6c,0xd5,0x6c,0xf5,0x74,
    0x57,0xc6,0x58,0xce,0x78,0xce,0x98,0xce,0xb9,0xd6,0x98,0xd6,0x78,0xce,0x99,0xd6,0xb8,0xd6,0x98,0xd6,0x98,0xd6,0x99,0xd6,
    0x58,0xc6,0x57,0xc6,0xb9,0xd6,0x98,0xd6,0x99,0xce,0x58,0xc6,0x58,0xce,0x57,0xc6,0x78,0xce,0x78,0xce,0x78,0xce,0x78,0xce,
    0x98,0xce,0x98,0xd6,0x79,0xce,0x78,0xce,0x98,0xce,0x99,0xd6,0xb9,0xd6,0xb9,0xde,0x98,0xd6,0x99,0xce,0x98,0xd6,0x99,0xce,
    0x98,0xd6,0x78,0xce,0x98,0xd6,0x98,0xd6,0xb9,0xd6,0xb8,0xd6,0xb9,0xd6,0xb8,0xd6,0xb9,0xd6,0x98,0xd6,0x98,0xce,0x98,0xd6,
    0x98,0xd6,0x98,0xd6,0xb9,0xd6,0x98,0xd6,0x98,0xd6,0x98,0xce,0x98,0xd6,0xb9,0xd6,0xd9,0xde,0xb9,0xd6,0xb8,0xd6,0x98,0xd6,
    0x98,0xd6,0x78,0xd6,0x78,0xce,0x77,0xce,0x78,0xce,0x78,0xce,0x78,0xce,0x78,0xce,0x78,0xce,0x57,0xce,0x77,0xce,0x78,0xce,
    0x77,0xce,0x78,0xd6,0x77,0xce,0x78,0xce,0x98,0xce,0x57,0xce,0x57,0xce,0x57,0xce,0x57,0xce,0x37,0xce,0x57,0xc6,0x36,0xce,
    0x57,0xc6,0x58,0xc6,0x77,0xce,0x57,0xce,0x57,0xce,0x57,0xce,0x58,0xce,0x57,0xce,0x37,0xc6,0x37,0xc6,0x37,0xc6,0x57,0xce,
    0x37,0xc6,0x58,0xc6,0x58,0xce,0x37,0xc6,0x37,0xc6,0x37,0xc6,0x37,0xc6,0x37,0xbe,0x37,0xc6,0x38,0xc6,0x37,0xc6,0x17,0xbe,
    0x37,0xc6,0x37,0xc6,0x37,0xc6,0x17,0xbe,0x17,0xbe,0x17,0xbe,0x17,0xbe,0x37,0xc6,0x37,0xbe,0x17,0xbe,0x17,0xbe,0x17,0xbe,
    0x17,0xbe,0x17,0xbe,0x17,0xc6,0x37,0xbe,0x17,0xc6,0x37,0xbe,0x37,0xc6,0x38,0xbe,0x37,0xc6,0x37,0xbe,0x17,0xbe,0x17,0xc6,
    0x37,0xbe,0x17,0xc6,0x37,0xbe,0x37,0xc6,0x37,0xc6,0x37,0xc6,0x17,0xc6,0x17,0xbe,0x17,0xbe,0x17,0xbe,0x17,0xbe,0x17,0xbe,
    0xf6,0xbd,0xf7,0xbd,0xf6,0xb5,0xf6,0xb5,0xf6,0xb5,0xf7,0xbd,0xf6,0xbd,0xf6,0xbd,0xf7,0xb5,0xf6,0xbd,0xd6,0xb5,0xd6,0xb5,
    0xd6,0xad,0xd6,0xad,0xd6,0xb5,0xb6,0xad,0xb6,0xad,0xb6,0xad,0x75,0x9d,0x35,0x85,0x35,0x7d,0x35,0x85,0x35,0x7d,0x56,0x85,
    0x55,0x85,0x55,0x85,0x55,0x7d,0x35,0x75,0xb9,0xd6,0xd9,0xd6,0x99,0xd6,0x98,0xd6,0x98,0xd6,0x78,0xce,0x78,0xce,0x98,0xd6,
    0x98,0xce,0x98,0xce,0x98,0xd6,0x98,0xd6,0x98,0xce,0x78,0xce,0x58,0xce,0x58,0xc6,0x78,0xce,0x78,0xce,0x78,0xc6,0x58,0xce,
    0x78,0xce,0x58,0xc6,0x58,0xce,0x57,0xce,0x78,0xce,0x99,0xce,0x98,0xd6,0x98,0xd6,0x98,0xd6,0x98,0xd6,0xb9,0xd6,0xd9,0xde,
    0xda,0xde,0xb9,0xde,0xb9,0xd6,0x99,0xd6,0xb9,0xde,0xb9,0xd6,0x98,0xce,0x99,0xd6,0x98,0xd6,0x98,0xd6,0x98,0xd6,0x98,0xd6,
    0xb9,0xd6,0x98,0xd6,0x98,0xd6,0x98,0xce,0x98,0xd6,0x78,0xce,0x98,0xd6,0x78,0xce,0x98,0xd6,0x98,0xce,0x78,0xce,0x78,0xd6,
    0x98,0xd6,0xb9,0xd6,0x98,0xd6,0x98,0xd6,0x98,0xd6,0x98,0xce,0x98,0xd6,0x98,0xd6,0x97,0xce,0x78,0xd6,0x78,0xd6,0x97,0xce,
    0x78,0xd6,0x78,0xce,0x78,0xce,0x77,0xd6,0x98,0xce,0x98,0xce,0x78,0xd6,0x97,0xce,0x77,0xce,0x57,0xce,0x37,0xc6,0x37,0xc6,
    0x37,0xc6,0x36,0xc6,0x37,0xc6,0x37,0xc6,0x36,0xc6,0x57,0xce,0x58,0xce,0x37,0xc6,0x37,0xc6,0x37,0xc6,0x37,0xc6,0x38,0xc6,
    0x37,0xc6,0x37,0xc6,0x38,0xc6,0x37,0xc6,0x17,0xc6,0x38,0xc6,0x37,0xc6,0x38,0xbe,0x37,0xc6,0x17,0xb6,0xf7,0xbd,0xf7,0xb5,
    0x17,0xbe,0x37,0xbe,0x37,0xbe,0x17,0xbe,0x37,0xc6,0x38,0xc6,0x37,0xc6,0x37,0xc6,0x17,0xc6,0x17,0xbe,0x17,0xbe,0x17,0xbe,
    0x17,0xbe,0x37,0xc6,0x17,0xbe,0x17,0xbe,0x17,0xbe,0x17,0xbe,0x17,0xbe,0x17,0xbe,0x17,0xbe,0xf7,0xbd,0x17,0xbe,0x17,0xbe,
    0x17,0xbe,0x17,0xbe,0xf6,0xbd,0x16,0xb6,0x17,0xbe,0x17,0xbe,0x17,0xbe,0x17,0xb6,0x17,0xbe,0x17,0xb6,0x17,0xbe,0xf6,0xbd,
    0x16,0xb6,0xf6,0xb5,0xf6,0xb5,0xd6,0xb5,0xd6,0xb5,0xf6,0xad,0xd6,0xb5,0xd7,0xb5,0xd6,0xb5,0xb6,0xad,0xb6,0xad,0xd6,0xad,
    0xd6,0xad,0xd6,0xad,0xb6,0xad,0x95,0xad,0x95,0xa5,0x95,0x9d,0xb6,0xa5,0x95,0xa5,0x96,0xa5,0x75,0x9d,0x55,0x95,0x55,0x8d,
    0x35,0x7d,0x35,0x7d,0x56,0x85,0x55,0x85,0x55,0x85,0x55,0x8d,0x35,0x7d,0x35,0x75,0x99,0xd6,0xb9,0xd6,0x99,0xd6,0x78,0xc6,
    0x37,0xc6,0x58,0xce,0x98,0xce,0x98,0xd6,0x98,0xce,0x98,0xd6,0xda,0xde,0xb9,0xd6,0x98,0xd6,0x78,0xce,0x78,0xce,0x98,0xd6,
    0x99,0xce,0xb9,0xd6,0xb9,0xde,0xb9,0xd6,0xb9,0xd6,0x98,0xd6,0x98,0xd6,0xb9,0xd6,0xb9,0xd6,0xb9,0xd6,0xb9,0xd6,0x99,0xd6,
    0xb8,0xd6,0x98,0xd6,0x99,0xd6,0xb9,0xd6,0xba,0xde,0xd9,0xd6,0xb9,0xde,0xb9,0xd6,0xb9,0xd6,0xb9,0xde,0x98,0xd6,0x98,0xd6,
    0x98,0xd6,0x98,0xce,0x99,0xd6,0x98,0xd6,0x99,0xd6,0xb9,0xd6,0x98,0xd6,0x98,0xd6,0x98,0xce,0x78,0xd6,0x77,0xce,0x57,0xc6,
    0x57,0xce,0x78,0xd6,0x78,0xce,0x97,0xce,0x98,0xd6,0xb8,0xd6,0x99,0xd6,0x98,0xd6,0xb8,0xce,0x98,0xd6,0x78,0xce,0x98,0xd6,
    0x78,0xce,0x97,0xd6,0x78,0xce,0x78,0xce,0x77,0xd6,0x98,0xce,0x98,0xd6,0x78,0xce,0x77,0xd6,0x78,0xce,0x77,0xce,0x58,0xce,
    0x57,0xce,0x57,0xce,0x37,0xc6,0x37,0xc6,0x37,0xc6,0x37,0xc6,0x37,0xc6,0x37,0xc6,0x17,0xc6,0x37,0xc6,0x57,0xc6,0x37,0xbe,
    0x37,0xc6,0x17,0xbe,0x37,0xc6,0x37,0xc6,0x17,0xc6,0x37,0xc6,0x37,0xc6,0x17,0xbe,0x17,0xb6,0x17,0xbe,0xf6,0xb5,0x17,0xbe,
    0xf6,0xb5,0xf6,0xad,0xf6,0xb5,0xf7,0xbd,0x16,0xbe,0x17,0xc6,0xf7,0xb5,0xf6,0xb5,0x17,0xbe,0xf7,0xb5,0xf6,0xb5,0x17,0xb6,
    0x17,0xbe,0x16,0xb6,0x16,0xbe,0xf6,0xb5,0xf7,0xbd,0x16,0xb6,0x17,0xbe,0x16,0xbe,0xd6,0xb5,0xf6,0xbd,0xf6,0xb5,0xd6,0xb5,
    0xf6,0xb5,0xf6,0xb5,0xd6,0xad,0xf6,0xb5,0xf6,0xb5,0xf7,0xbd,0xf6,0xb5,0xf7,0xb5,0xf6,0xb5,0xf6,0xb5,0xf6,0xb5,0xf6,0xad,
    0xd6,0xb5,0xd6,0xb5,0xd6,0xb5,0xd6,0xad,0xf7,0xbd,0x17,0xbe,0xf6,0xbd,0xf6,0xb5,0xd6,0xb5,0xb6,0xad,0xb6,0xad,0x95,0xad,
    0xb6,0xb5,0xb5,0xad,0x95,0xad,0x95,0xad,0xb5,0xa5,0x96,0xa5,0x95,0x9d,0xb6,0xa5,0xb6,0xa5,0x95,0xa5,0xb6,0xa5,0xd6,0xad,
    0xb6,0xa5,0xb5,0xa5,0x95,0xa5,0x55,0x95,0x55,0x85,0x35,0x85,0x34,0x85,0x15,0x8d,0x55,0x95,0x55,0x8d,0x35,0x8d,0x35,0x85,
    0x58,0xce,0x78,0xce,0x78,0xce,0x58,0xce,0x58,0xce,0x78,0xce,0x99,0xce,0x98,0xd6,0xb9,0xd6,0xb9,0xde,0xd9,0xd6,0xb9,0xd6,
    0xb8,0xd6,0x98,0xd6,0x99,0xce,0xb9,0xde,0xd9,0xd6,0xb9,0xde,0xb9,0xd6,0xb9,0xde,0xb9,0xd6,0xb9,0xd6,0xb9,0xd6,0x98,0xd6,
    0x98,0xd6,0xb9,0xd6,0xb9,0xde,0xb9,0xd6,0xb9,0xd6,0x98,0xd6,0xb9,0xd6,0xb9,0xd6,0xb9,0xd6,0xb9,0xde,0x98,0xd6,0x98,0xd6,
    0x98,0xd6,0x98,0xd6,0x98,0xce,0x98,0xd6,0x78,0xce,0x77,0xce,0x78,0xce,0x78,0xce,0x97,0xd6,0x98,0xd6,0x98,0xd6,0x98,0xce,
    0x98,0xd6,0x77,0xce,0x78,0xce,0x58,0xce,0x58,0xce,0x58,0xce,0x58,0xce,0x78,0xce,0x78,0xce,0x98,0xce,0x98,0xce,0x78,0xce,
    0x78,0xce,0x78,0xd6,0x77,0xce,0x78,0xce,0x57,0xce,0x58,0xce,0x57,0xce,0x78,0xce,0x77,0xce,0x78,0xce,0x57,0xce,0x58,0xc6,
    0x57,0xce,0x57,0xc6,0x57,0xce,0x57,0xce,0x78,0xce,0x57,0xc6,0x57,0xce,0x57,0xc6,0x37,0xc6,0x57,0xc6,0x57,0xce,0x38,0xc6,
    0x37,0xc6,0x38,0xc6,0x37,0xc6,0x38,0xc6,0x37,0xbe,0x38,0xc6,0x57,0xc6,0x37,0xc6,0x37,0xc6,0x37,0xc6,0x37,0xbe,0x17,0xbe,
    0xf7,0xbd,0xf6,0xb5,0x17,0xbe,0xf6,0xb5,0x17,0xbe,0xf7,0xb5,0xf7,0xbd,0x17,0xb6,0xf7,0xbd,0x37,0xbe,0x16,0xbe,0xf7,0xb5,
    0xf6,0xbd,0xf6,0xb5,0xd6,0xb5,0xd6,0xad,0xd6,0xad,0xd7,0xb5,0xf7,0xbd,0x16,0xb6,0x17,0xbe,0xf6,0xbd,0x17,0xbe,0x17,0xbe,
    0x17,0xbe,0x37,0xbe,0x17,0xbe,0xf7,0xb5,0xf6,0xb5,0x17,0xb6,0xd6,0xb5,0xd6,0xad,0xf6,0xad,0xf7,0xb5,0xf6,0xb5,0xd7,0xb5,
    0xf6,0xb5,0xd7,0xad,0xd6,0xad,0xd6,0xad,0xd6,0xad,0xf7,0xb5,0xf6,0xbd,0xf6,0xb5,0xf6,0xb5,0xf7,0xbd,0x17,0xbe,0xf7,0xb5,
    0x17,0xbe,0xf6,0xbd,0xf7,0xb5,0xd6,0xb5,0xd6,0xb5,0xd6,0xb5,0xd6,0xad,0xd6,0xad,0xb6,0xad,0xb6,0xad,0x95,0xad,0x95,0xa5,
    0x95,0x9d,0x55,0x95,0x35,0x95,0x55,0x95,0x75,0x95,0x96,0x9d,0x75,0x9d,0x75,0x95,0x75,0x9d,0x76,0x95,0x75,0x95,0x75,0x95,
    0x95,0x9d,0x56,0x8d,0x55,0x8d,0x55,0x8d,0x58,0xc6,0x78,0xce,0x78,0xce,0x78,0xce,0x98,0xce,0x99,0xd6,0x98,0xd6,0xb8,0xd6,
    0xb9,0xd6,0x99,0xd6,0x98,0xd6,0x98,0xce,0x99,0xd6,0x98,0xd6,0x98,0xce,0x99,0xd6,0x98,0xce,0x98,0xd6,0x98,0xd6,0x98,0xce,
    0x99,0xd6,0x98,0xd6,0x98,0xd6,0x98,0xd6,0x98,0xd6,0xb8,0xd6,0xb9,0xde,0xb9,0xd6,0xb9,0xd6,0x99,0xd6,0x98,0xd6,0x98,0xd6,
    0x98,0xce,0x98,0xd6,0x78,0xce,0x98,0xce,0x78,0xce,0x98,0xce,0x98,0xd6,0x98,0xce,0x78,0xd6,0x77,0xce,0x58,0xce,0x78,0xce,
    0x78,0xce,0x78,0xce,0x78,0xce,0x98,0xd6,0x78,0xd6,0x98,0xd6,0x78,0xce,0x77,0xce,0x78,0xce,0x57,0xc6,0x37,0xc6,0x37,0xc6,
    0x17,0xbe,0x37,0xc6,0x38,0xc6,0x57,0xce,0x57,0xce,0x37,0xc6,0x17,0xbe,0x17,0xbe,0x57,0xc6,0x37,0xbe,0x17,0xbe,0x17,0xc6,
    0x17,0xbe,0x37,0xbe,0x37,0xc6,0x37,0xbe,0x37,0xc6,0x38,0xc6,0x38,0xc6,0x58,0xc6,0x37,0xc6,0x38,0xc6,0x37,0xc6,0x37,0xbe,
    0x37,0xc6,0x17,0xbe,0x37,0xc6,0x37,0xbe,0x17,0xbe,0x37,0xbe,0x17,0xbe,0x37,0xbe,0x17,0xc6,0x37,0xbe,0x17,0xc6,0x37,0xbe,
    0x17,0xc6,0x37,0xbe,0x17,0xbe,0x17,0xbe,0x37,0xbe,0x17,0xbe,0x17,0xbe,0x37,0xbe,0x17,0xbe,0x37,0xc6,0x17,0xbe,0x16,0xbe,
    0x17,0xbe,0x17,0xbe,0x37,0xbe,0x17,0xbe,0x37,0xb6,0x17,0xb6,0xf6,0xb5,0xd6,0xad,0xd6,0xad,0xf6,0xb5,0xf7,0xb5,0xf7,0xbd,
    0x17,0xb6,0x17,0xbe,0x17,0xbe,0xf6,0xb5,0xd6,0xb5,0xf7,0xb5,0xf6,0xb5,0xd6,0xb5,0xd6,0xb5,0xf7,0xbd,0x17,0xb6,0xf7,0xb5,
    0xd6,0xb5,0xd6,0xad,0xd6,0xad,0xd7,0xad,0xb6,0xad,0xd6,0xad,0xd6,0xb5,0xd6,0xad,0xb6,0xb5,0xb6,0xad,0xb6,0xb5,0xd6,0xb5,
    0xd6,0xb5,0xd6,0xb5,0xb6,0xad,0xb5,0xad,0xb6,0xad,0xd6,0xa5,0xb6,0xad,0xd6,0xad,0xd6,0xb5,0xd6,0xb5,0xd6,0xb5,0xd6,0xb5,
    0xd6,0xbd,0xd6,0xb5,0xd6,0xad,0xd6,0xad,0xb6,0xad,0x95,0xa5,0x96,0x9d,0x75,0x9d,0x75,0x95,0x75,0x95,0x55,0x95,0x55,0x95,
    0x35,0x95,0x55,0x8d,0x55,0x95,0x75,0x95,0x75,0x95,0x55,0x95,0x56,0x95,0x55,0x95,0x78,0xce,0x98,0xce,0x99,0xce,0x78,0xce,
    0x58,0xc6,0x57,0xc6,0x58,0xc6,0x58,0xc6,0x58,0xce,0x58,0xc6,0x57,0xc6,0x38,0xce,0x98,0xce,0x78,0xce,0x37,0xc6,0x78,0xce,
    0x78,0xce,0x79,0xce,0x98,0xce,0x78,0xce,0x98,0xce,0x98,0xce,0x98,0xd6,0x99,0xce,0x78,0xd6,0x98,0xce,0x98,0xd6,0x98,0xd6,
    0x78,0xce,0x98,0xce,0x78,0xce,0x58,0xce,0x58,0xce,0x98,0xce,0x79,0xce,0x78,0xce,0x79,0xd6,0x98,0xd6,0x98,0xd6,0x98,0xd6,
    0x98,0xce,0x78,0xce,0x98,0xce,0x78,0xce,0x58,0xce,0x58,0xc6,0x58,0xce,0x58,0xce,0x57,0xc6,0x58,0xce,0x57,0xc6,0x38,0xc6,
    0x57,0xc6,0x58,0xc6,0x58,0xce,0x77,0xce,0x58,0xce,0x77,0xce,0x78,0xd6,0x78,0xce,0x57,0xce,0x37,0xc6,0x37,0xbe,0x17,0xbe,
    0x17,0xbe,0x17,0xb6,0xf6,0xb5,0xd6,0xb5,0xf6,0xad,0xf7,0xb5,0xf6,0xad,0xf6,0xb5,0xf7,0xbd,0x37,0xbe,0x37,0xc6,0x37,0xc6,
    0x17,0xbe,0x17,0xbe,0x16,0xb6,0xf7,0xbd,0x17,0xbe,0x17,0xbe,0x17,0xbe,0x16,0xb6,0x16,0xb6,0xf7,0xb5,0x16,0xb6,0xf7,0xb5,
    0xf6,0xad,0xd6,0xb5,0xf7,0xad,0xd6,0xb5,0xd6,0xad,0xf7,0xb5,0xd6,0xad,0xf6,0xb5,0xf6,0xb5,0xd6,0xbd,0xf7,0xb5,0xd6,0xb5,
    0xf6,0xb5,0xd6,0xad,0xd6,0xad,0xd6,0xb5,0xd6,0xad,0xf6,0xad,0xd6,0xb5,0xf6,0xad,0xf6,0xad,0xd6,0xad,0xf6,0xad,0xb6,0xad,
    0xd6,0xad,0xd6,0xad,0xd6,0xad,0xb6,0xad,0xd6,0xad,0xd6,0xad,0xb6,0xa5,0xb6,0xa5,0x95,0x9d,0x76,0x9d,0x76,0x95,0x76,0x95,
    0x96,0x9d,0xb6,0xa5,0xb6,0xad,0xb5,0xad,0xb6,0xad,0xd6,0xad,0xd6,0xad,0xb6,0xad,0xd6,0xad,0xb6,0xa5,0xb6,0xad,0xb6,0xad,
    0xd6,0xad,0xd6,0xb5,0xb6,0xad,0xb6,0xad,0xd6,0xb5,0xd6,0xb5,0xd6,0xb5,0xb6,0xad,0xb6,0xad,0xb5,0xad,0x95,0xa5,0x95,0xa5,
    0xb5,0xa5,0x95,0xa5,0xb6,0xad,0xb5,0xad,0x96,0xad,0xb5,0xad,0x95,0xad,0x95,0xad,0x95,0xa5,0x95,0xa5,0x95,0xa5,0xb6,0x9d,
    0x95,0xa5,0x75,0xa5,0x75,0x9d,0x75,0x95,0x55,0x95,0x35,0x95,0x55,0x95,0x55,0x95,0x56,0x95,0x75,0x95,0x55,0x8d,0x55,0x8d,
    0x38,0xc6,0x57,0xc6,0x38,0xce,0x37,0xc6,0x37,0xbe,0x38,0xc6,0x58,0xc6,0x37,0xce,0x57,0xc6,0x57,0xc6,0x58,0xc6,0x57,0xc6,
    0x78,0xce,0x58,0xce,0x78,0xce,0x78,0xce,0x98,0xce,0x77,0xce,0x78,0xce,0x78,0xce,0x78,0xce,0x58,0xce,0x78,0xce,0x58,0xce,
    0x77,0xc6,0x78,0xce,0x78,0xce,0x78,0xce,0x78,0xce,0x98,0xd6,0x98,0xce,0x77,0xce,0x98,0xce,0x98,0xd6,0x98,0xd6,0x98,0xce,
    0x98,0xce,0x78,0xce,0x98,0xd6,0x98,0xd6,0x98,0xd6,0x98,0xd6,0x98,0xce,0x58,0xce,0x78,0xce,0x37,0xc6,0x37,0xc6,0x57,0xc6,
    0x37,0xbe,0x17,0xbe,0x57,0xce,0x78,0xce,0x77,0xce,0x78,0xd6,0x77,0xce,0x58,0xce,0x57,0xce,0x57,0xce,0x77,0xce,0x58,0xce,
    0x78,0xce,0x57,0xce,0x58,0xce,0x58,0xc6,0x37,0xbe,0x17,0xbe,0x17,0xbe,0x17,0xbe,0x17,0xbe,0x17,0xbe,0x37,0xc6,0x17,0xbe,
    0x37,0xc6,0x37,0xc6,0x38,0xc6,0x37,0xc6,0x37,0xc6,0x37,0xbe,0x17,0xbe,0x17,0xbe,0x16,0xbe,0xf6,0xb5,0xf7,0xad,0xf6,0xb5,
    0xd6,0xad,0xf6,0xb5,0xf6,0xad,0xd6,0xad,0xd6,0xad,0xd6,0xad,0xb7,0xad,0xd6,0xad,0xd6,0xad,0xb6,0xa5,0xd6,0xad,0xd6,0xad,
    0xd6,0xad,0xb6,0xad,0xb6,0xa5,0x96,0x9d,0x95,0x9d,0x95,0x9d,0x75,0x9d,0x96,0x95,0x96,0x95,0x95,0x9d,0x96,0xa5,0x96,0xa5,
    0xb5,0xa5,0xb6,0xad,0xb6,0xa5,0xb6,0xa5,0x95,0xa5,0xb6,0xa5,0xb6,0xa5,0xb5,0xa5,0xb6,0xa5,0x95,0xa5,0xb6,0xa5,0x95,0xa5,
    0x96,0x9d,0x95,0x9d,0x76,0x8d,0x76,0x95,0x95,0x95,0x96,0x9d,0x95,0x9d,0x96,0xa5,0xb6,0xa5,0xb6,0xad,0xd6,0xad,0xb6,0xa5,
    0xb6,0xad,0xb6,0xad,0xd6,0xad,0xb6,0xad,0xb6,0xa5,0xb6,0xa5,0xd6,0xad,0xb6,0xad,0xb6,0xa5,0x95,0xa5,0xb6,0xa5,0xb5,0xad,
    0xd6,0xad,0xb6,0xad,0x95,0xad,0x96,0xa5,0xb6,0xa5,0x95,0xa5,0xb6,0x9d,0x95,0xa5,0x95,0xa5,0x96,0xa5,0x96,0xa5,0x95,0xa5,
    0x95,0xa5,0x96,0xa5,0x75,0xa5,0x75,0x9d,0x75,0x95,0x75,0x9d,0x75,0x9d,0x76,0x9d,0x75,0x95,0x76,0x95,0x75,0x95,0x55,0x95,
    0x55,0x8d,0x35,0x8d,0x35,0x8d,0x55,0x8d,0x78,0xce,0x78,0xce,0x78,0xc6,0x78,0xce,0x98,0xce,0x98,0xd6,0x98,0xce,0x98,0xd6,
    0x98,0xd6,0x98,0xce,0x78,0xce,0x78,0xd6,0x78,0xce,0x98,0xd6,0x98,0xce,0x98,0xce,0x98,0xd6,0x78,0xd6,0x77,0xce,0x57,0xc6,
    0x78,0xce,0x78,0xce,0x78,0xce,0x78,0xce,0x78,0xce,0x99,0xd6,0x99,0xd6,0x98,0xce,0x77,0xce,0x98,0xd6,0x78,0xd6,0x98,0xd6,
    0x78,0xd6,0x78,0xce,0x78,0xce,0x78,0xd6,0x78,0xce,0x78,0xce,0x78,0xce,0x78,0xce,0x58,0xc6,0x78,0xce,0x58,0xc6,0x57,0xc6,
    0x37,0xc6,0x37,0xc6,0x37,0xbe,0x38,0xc6,0x37,0xc6,0x57,0xc6,0x58,0xce,0x98,0xce,0x77,0xce,0x78,0xce,0x78,0xce,0x77,0xce,
    0x57,0xce,0x57,0xc6,0x57,0xce,0x77,0xce,0x78,0xce,0x58,0xce,0x58,0xce,0x57,0xce,0x58,0xce,0x57,0xce,0x57,0xce,0x37,0xc6,
    0x37,0xc6,0x57,0xc6,0x37,0xc6,0x37,0xc6,0x37,0xc6,0x37,0xc6,0x58,0xc6,0x37,0xc6,0x58,0xc6,0x37,0xc6,0x57,0xc6,0x38,0xc6,
    0x37,0xc6,0x37,0xbe,0x17,0xc6,0x17,0xb6,0x17,0xbe,0x37,0xb6,0x17,0xbe,0x17,0xbe,0x37,0xb6,0x17,0xb6,0xf7,0xb5,0xf7,0xb5,
    0x17,0xb6,0xf7,0xb5,0x16,0xb6,0xf7,0xb5,0xf6,0xb5,0xd6,0xad,0xd6,0xad,0xd6,0xa5,0xd7,0xb5,0xf6,0xb5,0xf7,0xb5,0xf6,0xb5,
    0xf6,0xad,0xf7,0xb5,0xd6,0xb5,0xd6,0xad,0xd6,0xad,0xd6,0xad,0xd6,0xad,0xb6,0xad,0xb6,0xa5,0xb6,0xad,0xb6,0xa5,0xb6,0xad,
    0xb6,0xad,0xb6,0xad,0xb6,0xad,0xb6,0xad,0xb6,0xa5,0xb6,0xa5,0xb6,0x9d,0xb5,0xa5,0xb6,0xa5,0xb6,0xa5,0x75,0x9d,0x95,0x9d,
    0x96,0x9d,0x95,0x9d,0x76,0x9d,0x95,0x9d,0x95,0x9d,0x75,0x95,0x76,0x95,0x55,0x8d,0x55,0x8d,0x55,0x8d,0x55,0x95,0x55,0x95,
    0x75,0x9d,0x75,0x95,0x55,0x9d,0x75,0x95,0x75,0x9d,0x75,0x9d,0x75,0xa5,0x75,0xa5,0x95,0x9d,0x96,0xa5,0x75,0x95,0x75,0x95,
    0x55,0x9d,0x75,0x9d,0x95,0x9d,0x95,0xa5,0x95,0xad,0x95,0xa5,0x75,0x9d,0x55,0x9d,0x35,0x8d,0x14,0x8d,0x35,0x8d,0x35,0x8d,
    0x55,0x8d,0x55,0x8d,0x55,0x8d,0x76,0x95,0x75,0x95,0x56,0x95,0x55,0x95,0x55,0x95,0x98,0xd6,0x98,0xd6,0xb8,0xd6,0x98,0xd6,
    0x99,0xd6,0x98,0xce,0x98,0xd6,0x78,0xce,0x98,0xce,0x98,0xd6,0x98,0xd6,0x98,0xd6,0xb8,0xd6,0xb9,0xd6,0x98,0xd6,0x98,0xd6,
    0x98,0xd6,0x98,0xce,0x98,0xd6,0x78,0xce,0x78,0xce,0x78,0xce,0x78,0xce,0x78,0xce,0x78,0xce,0x98,0xce,0x78,0xd6,0x98,0xce,
    0x78,0xd6,0x78,0xce,0x98,0xce,0x77,0xce,0x78,0xce,0x57,0xce,0x57,0xce,0x78,0xce,0x58,0xce,0x57,0xc6,0x38,0xc6,0x37,0xc6,
    0x57,0xc6,0x37,0xc6,0x37,0xc6,0x37,0xc6,0x17,0xbe,0x38,0xc6,0x57,0xc6,0x57,0xc6,0x57,0xce,0x37,0xc6,0x57,0xc6,0x57,0xce,
    0x58,0xce,0x77,0xce,0x77,0xce,0x78,0xce,0x58,0xce,0x77,0xce,0x58,0xce,0x77,0xce,0x57,0xce,0x78,0xce,0x77,0xce,0x58,0xc6,
    0x57,0xc6,0x58,0xc6,0x37,0xc6,0x57,0xce,0x37,0xc6,0x37,0xc6,0x38,0xc6,0x37,0xc6,0x38,0xc6,0x37,0xc6,0x37,0xc6,0x37,0xc6,
    0x37,0xc6,0x38,0xc6,0x37,0xc6,0x17,0xbe,0x37,0xbe,0x17,0xbe,0x17,0xbe,0x16,0xb6,0x17,0xb6,0xf6,0xb5,0xf6,0xad,0xf6,0xb5,
    0xf6,0xb5,0xf6,0xb5,0xf6,0xb5,0xd6,0xb5,0xf6,0xb5,0xf7,0xad,0xf6,0xb5,0xf7,0xb5,0xd6,0xb5,0xd7,0xb5,0xf6,0xb5,0xf6,0xad,
    0xd6,0xad,0xd6,0xad,0xf6,0xb5,0xf6,0xad,0xd6,0xb5,0xf6,0xb5,0xb6,0xad,0xb5,0xa5,0x96,0xa5,0x95,0xa5,0xb6,0xa5,0x95,0xa5,
    0xb6,0xa5,0xd5,0xad,0xd6,0xad,0xb6,0xad,0xb6,0xad,0xd6,0xad,0xd6,0xad,0xb6,0xa5,0x95,0x9d,0x96,0x95,0x75,0x8d,0x76,0x95,
    0x75,0x95,0x75,0x95,0x96,0x95,0x75,0x95,0x75,0x95,0x76,0x95,0x75,0x95,0x76,0x9d,0x76,0x8d,0x76,0x8d,0x76,0x8d,0x75,0x95,
    0x75,0x95,0x75,0x95,0x55,0x95,0x75,0x8d,0x55,0x95,0x55,0x95,0x74,0x95,0x55,0x95,0x75,0x95,0x55,0x95,0x76,0x9d,0x75,0x9d,
    0x76,0x9d,0x75,0x9d,0x96,0x95,0x76,0x95,0x75,0x9d,0x55,0x8d,0x75,0x95,0x76,0x9d,0x95,0x9d,0x55,0x9d,0x75,0x9d,0x55,0x9d,
    0x35,0x95,0x55,0x95,0x55,0x8d,0x34,0x8d,0x35,0x85,0x35,0x85,0x35,0x85,0x55,0x8d,0x55,0x8d,0x55,0x95,0x35,0x8d,0x55,0x8d,
    0x98,0xd6,0x99,0xd6,0xb9,0xd6,0xb8,0xd6,0x98,0xd6,0x98,0xd6,0x98,0xd6,0x98,0xd6,0x98,0xd6,0x98,0xd6,0x98,0xce,0x98,0xd6,
    0x98,0xce,0x98,0xd6,0x98,0xd6,0x99,0xd6,0x98,0xd6,0x98,0xd6,0x98,0xce,0x78,0xce,0x78,0xce,0x77,0xce,0x58,0xc6,0x78,0xce,
    0x78,0xce,0x78,0xce,0x98,0xd6,0x98,0xce,0x97,0xd6,0x78,0xce,0x78,0xce,0x78,0xd6,0x98,0xd6,0x77,0xce,0x78,0xce,0x77,0xce,
    0x78,0xce,0x57,0xce,0x77,0xce,0x78,0xce,0x78,0xce,0x78,0xce,0x78,0xce,0x78,0xce,0x78,0xd6,0x98,0xce,0x98,0xd6,0x98,0xce,
    0x78,0xce,0x78,0xd6,0x58,0xc6,0x57,0xc6,0x57,0xce,0x78,0xc6,0x58,0xce,0x77,0xce,0x78,0xc6,0x57,0xce,0x57,0xce,0x57,0xce,
    0x58,0xce,0x78,0xce,0x78,0xce,0x58,0xce,0x57,0xc6,0x38,0xc6,0x37,0xc6,0x38,0xbe,0x37,0xc6,0x17,0xc6,0x37,0xc6,0x17,0xbe,
    0x37,0xbe,0x17,0xbe,0x17,0xbe,0x17,0xbe,0x17,0xbe,0x17,0xbe,0x16,0xbe,0xf7,0xb5,0xf6,0xbd,0xf6,0xb5,0xf6,0xad,0xd6,0xad,
    0xd6,0xad,0xd6,0xa5,0xb6,0xad,0xd6,0xad,0xf7,0xad,0xf7,0xb5,0xf6,0xad,0xd7,0xad,0xd6,0xad,0xf6,0xad,0xd6,0xad,0xd6,0xad,
    0xd6,0xad,0xd6,0xad,0xb6,0xad,0xb6,0xa5,0xb6,0xa5,0x95,0xa5,0x96,0xa5,0xb6,0xa5,0xb6,0xa5,0xb6,0xa5,0xb6,0xad,0xb5,0xad,
    0xb6,0xa5,0xb6,0xa5,0xb5,0xa5,0x95,0x9d,0x75,0x9d,0x95,0x9d,0x75,0x9d,0x75,0x9d,0x95,0x9d,0x96,0x9d,0x96,0xa5,0x95,0x9d,
    0x75,0x9d,0x75,0x95,0x76,0x9d,0x75,0x8d,0x55,0x95,0x75,0x95,0x75,0x95,0x75,0x95,0x75,0x95,0x75,0x8d,0x76,0x95,0x96,0x95,
    0x95,0x95,0x96,0x9d,0x96,0x9d,0xb6,0xa5,0xb6,0xa5,0xb6,0xa5,0xb5,0xa5,0x96,0x9d,0x95,0x9d,0x75,0x9d,0x75,0x9d,0x75,0x95,
    0x55,0x95,0x35,0x8d,0x55,0x95,0x56,0x95,0x75,0x9d,0x75,0x95,0x75,0x95,0x75,0x8d,0x55,0x95,0x55,0x85,0x55,0x8d,0x55,0x8d,
    0x55,0x95,0x75,0x9d,0x95,0x9d,0x75,0x9d,0x55,0x95,0x55,0x95,0x55,0x95,0x76,0x95,0x35,0x8d,0x14,0x7d,0x15,0x7d,0x35,0x85,
    0x34,0x85,0x15,0x85,0x35,0x85,0x34,0x85,0x98,0xce,0x98,0xd6,0x98,0xd6,0x98,0xd6,0x98,0xd6,0x98,0xce,0x99,0xd6,0xb8,0xd6,
    0x99,0xd6,0x98,0xd6,0x98,0xce,0x78,0xce,0x98,0xd6,0x98,0xd6,0x99,0xd6,0xd9,0xd6,0xb9,0xd6,0xb9,0xd6,0x99,0xd6,0xb9,0xde,
    0xb8,0xd6,0x99,0xd6,0xb8,0xd6,0x98,0xd6,0xb8,0xd6,0xb9,0xd6,0x98,0xd6,0x98,0xd6,0x98,0xd6,0x98,0xd6,0x98,0xd6,0xb8,0xd6,
    0x98,0xd6,0x78,0xd6,0x98,0xd6,0x98,0xd6,0x98,0xce,0x98,0xd6,0x78,0xce,0x78,0xd6,0x98,0xce,0x98,0xd6,0x98,0xd6,0x97,0xce,
    0x78,0xd6,0x77,0xce,0x78,0xce,0x78,0xd6,0x77,0xce,0x78,0xce,0x77,0xd6,0x78,0xce,0x77,0xce,0x58,0xce,0x78,0xce,0x57,0xce,
    0x37,0xc6,0x38,0xc6,0x37,0xc6,0x37,0xc6,0x57,0xc6,0x57,0xce,0x58,0xc6,0x57,0xc6,0x37,0xce,0x57,0xc6,0x38,0xc6,0x37,0xc6,
    0x37,0xc6,0x37,0xc6,0x57,0xc6,0x37,0xc6,0x37,0xc6,0x37,0xc6,0x37,0xc6,0x37,0xc6,0x37,0xc6,0x37,0xbe,0x17,0xbe,0x16,0xbe,
    0xf7,0xbd,0x17,0xb6,0xf6,0xb5,0x17,0xb6,0x16,0xbe,0x17,0xbe,0x17,0xbe,0x17,0xbe,0xf6,0xb5,0xf7,0xb5,0xf6,0xad,0xd7,0xb5,
    0xd6,0xad,0xf6,0xb5,0xd6,0xad,0xd6,0xad,0xf6,0xad,0xd6,0xad,0xd6,0xad,0xd6,0xad,0xb6,0xa5,0xb6,0xa5,0xb6,0xa5,0xb6,0xad,
    0xb6,0xa5,0xb5,0xa5,0x96,0xa5,0x95,0xa5,0x95,0xa5,0x95,0xa5,0x96,0xa5,0x95,0x9d,0x95,0xa5,0x96,0xa5,0x95,0xad,0x95,0x9d,
    0x95,0x9d,0x75,0xa5,0xb6,0xa5,0xb6,0xa5,0x95,0x9d,0x95,0x9d,0x96,0x9d,0x75,0x9d,0x96,0x9d,0x95,0x9d,0x75,0x9d,0x76,0x9d,
    0x75,0xa5,0x75,0xa5,0x96,0x9d,0x95,0x95,0x75,0x9d,0x75,0x95,0x75,0x95,0x75,0x95,0x75,0x95,0x75,0x95,0x76,0x9d,0x75,0x95,
    0x75,0x9d,0x75,0x95,0x75,0x9d,0x75,0x95,0x55,0x95,0x75,0x9d,0x76,0x95,0x75,0x9d,0x75,0x95,0x75,0x9d,0x55,0x8d,0x55,0x8d,
    0x75,0x95,0x96,0x9d,0x76,0x9d,0x95,0x9d,0x95,0x9d,0x95,0xa5,0x95,0x9d,0x75,0x9d,0x55,0x95,0x55,0x95,0x55,0x95,0x55,0x95,
    0x35,0x8d,0x35,0x8d,0x34,0x85,0x35,0x8d,0x35,0x85,0x34,0x85,0x15,0x85,0x14,0x85,0x78,0xce,0x98,0xd6,0x78,0xce,0x98,0xce,
    0x98,0xd6,0x98,0xd6,0x98,0xd6,0x98,0xce,0x98,0xd6,0x98,0xd6,0x99,0xd6,0x98,0xd6,0x98,0xd6,0xb8,0xd6,0xb8,0xd6,0xb9,0xd6,
    0x98,0xd6,0x98,0xd6,0xb8,0xd6,0x99,0xd6,0xb9,0xd6,0xb8,0xde,0xb8,0xd6,0x99,0xd6,0x98,0xd6,0x98,0xd6,0x98,0xd6,0x98,0xd6,
    0x98,0xd6,0x98,0xce,0x98,0xd6,0x98,0xce,0x78,0xd6,0x98,0xce,0x98,0xce,0x78,0xce,0x98,0xd6,0x98,0xce,0x78,0xd6,0x77,0xce,
    0x78,0xce,0x77,0xce,0x77,0xce,0x57,0xce,0x57,0xce,0x57,0xce,0x57,0xc6,0x37,0xc6,0x57,0xc6,0x58,0xce,0x77,0xce,0x78,0xce,
    0x78,0xce,0x77,0xce,0x77,0xce,0x58,0xce,0x77,0xce,0x78,0xce,0x77,0xce,0x57,0xce,0x57,0xce,0x57,0xc6,0x58,0xce,0x57,0xce,
    0x58,0xc6,0x57,0xce,0x37,0xc6,0x57,0xc6,0x38,0xc6,0x57,0xce,0x37,0xc6,0x37,0xc6,0x37,0xce,0x37,0xc6,0x57,0xc6,0x37,0xc6,
    0x57,0xce,0x37,0xc6,0x57,0xce,0x38,0xc6,0x57,0xc6,0x37,0xc6,0x17,0xc6,0x17,0xbe,0x37,0xbe,0x17,0xbe,0x16,0xb6,0xf6,0xb5,
    0xf7,0xbd,0xd6,0xb5,0xd6,0xad,0xd6,0xad,0xd6,0xad,0xd6,0xad,0xd6,0xad,0xd6,0xad,0xd7,0xb5,0xf6,0xad,0xd6,0xb5,0xd6,0xb5,
    0xd6,0xb5,0xb6,0xad,0xd6,0xad,0xb5,0xad,0xb6,0xa5,0xb5,0xad,0xb5,0xa5,0x95,0xa5,0x96,0xad,0xb6,0xad,0xb6,0xad,0xb6,0xad,
    0xd6,0xad,0xb6,0xad,0xb5,0xad,0x96,0xad,0x95,0xa5,0x96,0xa5,0x95,0xad,0xb5,0xa5,0x96,0xad,0x95,0xad,0x95,0xad,0x96,0xa5,
    0x95,0xa5,0x96,0xa5,0x95,0xa5,0x95,0xa5,0x75,0x9d,0x95,0xa5,0x96,0x9d,0x95,0x9d,0x95,0x9d,0x75,0x9d,0x76,0x9d,0x75,0x9d,
    0x75,0xa5,0x95,0x9d,0x75,0x9d,0x75,0x9d,0x75,0x9d,0x55,0x9d,0x75,0x9d,0x75,0x9d,0x75,0x9d,0x96,0x9d,0x75,0x9d,0x95,0x9d,
    0x75,0x95,0x75,0x9d,0x76,0x95,0x75,0x8d,0x95,0x9d,0x95,0x9d,0x76,0x9d,0x75,0x9d,0x75,0x9d,0x75,0x9d,0x96,0x9d,0x95,0xa5,
    0x95,0xa5,0x75,0x9d,0x75,0x9d,0x55,0x9d,0x54,0x9d,0x55,0x95,0x55,0x95,0x75,0x9d,0x55,0x95,0x75,0x95,0x54,0x9d,0x55,0x9d,
    0x78,0xce,0x78,0xce,0x77,0xce,0x78,0xce,0x98,0xce,0x78,0xce,0x98,0xce,0x98,0xce,0x98,0xce,0x98,0xd6,0x98,0xd6,0x98,0xce,
    0x78,0xce,0x98,0xd6,0x78,0xce,0x98,0xd6,0x98,0xce,0x78,0xd6,0x98,0xce,0x98,0xd6,0x78,0xd6,0x78,0xce,0x98,0xce,0x78,0xd6,
    0x98,0xd6,0x78,0xce,0x98,0xce,0x78,0xce,0x98,0xce,0x98,0xd6,0x98,0xce,0x98,0xd6,0x98,0xd6,0x98,0xd6,0x98,0xd6,0x98,0xd6,
    0x98,0xd6,0x98,0xd6,0xb8,0xd6,0x98,0xd6,0x98,0xd6,0x98,0xd6,0x98,0xce,0x98,0xd6,0x78,0xce,0x77,0xce,0x78,0xce,0x57,0xce,
    0x57,0xc6,0x57,0xc6,0x57,0xce,0x57,0xce,0x77,0xce,0x98,0xd6,0x98,0xd6,0x98,0xd6,0x98,0xd6,0x98,0xce,0x98,0xd6,0x77,0xce,
    0x58,0xce,0x77,0xce,0x57,0xce,0x78,0xce,0x77,0xce,0x78,0xce,0x58,0xce,0x57,0xc6,0x37,0xc6,0x37,0xc6,0x37,0xc6,0x57,0xc6,
    0x38,0xc6,0x37,0xc6,0x37,0xc6,0x37,0xce,0x57,0xc6,0x37,0xc6,0x38,0xc6,0x37,0xbe,0x17,0xbe,0x17,0xbe,0xf7,0xbd,0xf6,0xb5,
    0xf6,0xb5,0xf6,0xb5,0xd7,0xb5,0xf7,0xbd,0x16,0xb6,0xf6,0xb5,0xf6,0xbd,0xf6,0xb5,0xf6,0xad,0xd6,0xad,0xd6,0xb5,0xd6,0xad,
    0xf6,0xb5,0xf6,0xb5,0xf7,0xb5,0xd6,0xb5,0xd7,0xb5,0xd6,0xb5,0xb6,0xad,0xb6,0xad,0xb5,0xad,0xb6,0xad,0xb6,0xad,0xb6,0xad,
    0xb6,0xad,0xb5,0xad,0xd6,0xad,0xd5,0xad,0xb6,0xad,0xd6,0xad,0xb5,0xad,0x96,0xad,0xb5,0xad,0x96,0xad,0xb6,0xb5,0x96,0xad,
    0xb6,0xb5,0xb6,0xad,0xb5,0xad,0xb6,0xad,0xb6,0xa5,0xb6,0xa5,0x95,0xa5,0x96,0xa5,0x95,0x9d,0x96,0xa5,0x95,0x9d,0x75,0xa5,
    0x96,0xa5,0x96,0x9d,0x95,0xa5,0x95,0xa5,0x95,0xa5,0xb6,0xa5,0x95,0xad,0x96,0xad,0x95,0xad,0x96,0xad,0x95,0xa5,0xb6,0x9d,
    0x96,0x9d,0x95,0xa5,0x95,0x9d,0x75,0x9d,0x95,0x9d,0x75,0x95,0x75,0x9d,0x75,0x95,0x75,0x95,0x76,0x9d,0x55,0x95,0x55,0x95,
    0x55,0x95,0x75,0x9d,0x95,0x9d,0x95,0x9d,0x95,0xa5,0x95,0xa5,0x95,0xad,0xb5,0xad,0x96,0xa5,0x95,0xa5,0x75,0x9d,0x75,0x9d,
    0x74,0x9d,0x75,0xa5,0x95,0x9d,0x95,0xa5,0x58,0xce,0x78,0xce,0x78,0xce,0x77,0xc6,0x57,0xce,0x77,0xce,0x78,0xce,0x58,0xce,
    0x78,0xce,0x78,0xce,0x57,0xce,0x98,0xd6,0x78,0xce,0x98,0xd6,0x98,0xd6,0x98,0xd6,0x98,0xd6,0x98,0xd6,0xb8,0xd6,0x98,0xd6,
    0x98,0xce,0x98,0xd6,0x98,0xd6,0x98,0xd6,0x98,0xd6,0x98,0xd6,0x98,0xce,0x98,0xd6,0x98,0xce,0x98,0xd6,0x78,0xd6,0x98,0xce,
    0x98,0xd6,0x98,0xce,0x98,0xd6,0x98,0xd6,0xb8,0xce,0x98,0xd6,0x98,0xce,0x98,0xd6,0xb8,0xd6,0x99,0xd6,0x98,0xd6,0x98,0xd6,
    0x98,0xd6,0x98,0xce,0x98,0xd6,0x98,0xce,0x78,0xce,0x57,0xce,0x78,0xce,0x78,0xce,0x78,0xd6,0x98,0xce,0x78,0xce,0x98,0xce,
    0x78,0xd6,0x77,0xce,0x78,0xce,0x57,0xce,0x57,0xce,0x57,0xce,0x57,0xc6,0x57,0xce,0x58,0xce,0x58,0xc6,0x57,0xce,0x37,0xc6,
    0x58,0xce,0x57,0xc6,0x38,0xc6,0x37,0xc6,0x17,0xbe,0x17,0xbe,0x37,0xc6,0x37,0xc6,0x17,0xc6,0x37,0xbe,0x17,0xc6,0x37,0xbe,
    0x17,0xc6,0x17,0xbe,0x17,0xbe,0x17,0xbe,0xf7,0xbd,0xf6,0xb5,0xd6,0xb5,0xf6,0xb5,0xf7,0xbd,0xf6,0xb5,0x17,0xb6,0xf6,0xb5,
    0xf7,0xb5,0xd6,0xad,0xf7,0xb5,0xd6,0xad,0xd7,0xad,0xd6,0xad,0xd6,0xb5,0xf6,0xb5,0xf6,0xad,0xd6,0xb5,0xd6,0xb5,0xd6,0xad,
    0xb6,0xad,0xb6,0xad,0xb5,0xad,0xd6,0xad,0xd6,0xad,0xd6,0xad,0xd6,0xad,0xb6,0xad,0xd6,0xad,0xd6,0xb5,0xd6,0xad,0xb5,0xb5,
    0xb6,0xad,0xb6,0xad,0xb5,0xad,0xb6,0xad,0xb5,0xad,0xb6,0xa5,0x96,0xa5,0xb5,0xad,0x95,0xa5,0x96,0xa5,0x95,0xa5,0x96,0xa5,
    0x95,0xa5,0x95,0xa5,0x96,0xa5,0xb6,0xa5,0xb5,0xa5,0x95,0xa5,0x95,0x9d,0x76,0x9d,0x95,0x9d,0x75,0x95,0x95,0x95,0x76,0x95,
    0x95,0xa5,0x75,0xa5,0xb6,0xa5,0xb6,0x9d,0x95,0xa5,0x95,0x9d,0x75,0x9d,0x96,0x9d,0x95,0x9d,0x76,0x9d,0x95,0x9d,0x75,0x9d,
    0x75,0x9d,0x76,0x9d,0x95,0x9d,0x75,0x9d,0x95,0x9d,0x75,0x9d,0x75,0x9d,0x75,0x9d,0x95,0x9d,0x96,0xa5,0xb5,0xa5,0x96,0xad,
    0xb5,0xad,0x96,0xad,0x75,0x9d,0x75,0x95,0x55,0x95,0x55,0x8d,0x35,0x8d,0x55,0x8d,0x78,0xce,0x78,0xc6,0x57,0xce,0x58,0xce,
    0x78,0xce,0x77,0xc6,0x78,0xce,0x78,0xce,0x98,0xce,0x78,0xce,0x98,0xce,0x98,0xd6,0x98,0xd6,0x98,0xd6,0xb8,0xd6,0x98,0xd6,
    0x98,0xce,0x98,0xd6,0x99,0xd6,0xb8,0xd6,0x98,0xd6,0x98,0xd6,0x98,0xce,0x78,0xce,0x97,0xce,0x78,0xce,0x78,0xce,0x58,0xce,
    0x78,0xce,0x78,0xce,0x98,0xce,0x58,0xce,0x57,0xce,0x78,0xce,0x78,0xce,0x78,0xce,0x98,0xce,0x78,0xce,0x78,0xce,0x78,0xce,
    0x78,0xce,0x77,0xce,0x78,0xce,0x98,0xce,0x98,0xce,0x78,0xd6,0x78,0xce,0x77,0xce,0x78,0xce,0x78,0xd6,0x77,0xce,0x77,0xce,
    0x77,0xce,0x78,0xce,0x77,0xd6,0x98,0xce,0x98,0xce,0x98,0xd6,0x77,0xce,0x77,0xce,0x77,0xce,0x57,0xce,0x37,0xc6,0x38,0xc6,
    0x57,0xc6,0x37,0xc6,0x57,0xc6,0x57,0xce,0x58,0xc6,0x58,0xce,0x77,0xce,0x57,0xc6,0x37,0xc6,0x37,0xce,0x37,0xc6,0x37,0xc6,
    0x57,0xc6,0x37,0xc6,0x38,0xc6,0x37,0xc6,0x17,0xbe,0x17,0xbe,0x16,0xbe,0x16,0xbe,0x17,0xbe,0xf7,0xbd,0xf6,0xb5,0xf6,0xb5,
    0xd6,0xb5,0x17,0xb6,0x16,0xb6,0x17,0xbe,0xf6,0xb5,0xd6,0xb5,0xf6,0xad,0xd6,0xb5,0xd6,0xad,0xd6,0xad,0xd6,0xad,0xd7,0xad,
    0xf6,0xb5,0xd6,0xb5,0xd6,0xb5,0xd6,0xb5,0xd5,0xad,0xd6,0xad,0xb6,0xad,0xb6,0xa5,0xb6,0xad,0xd6,0xad,0xd5,0xad,0xd6,0xad,
    0xd5,0xad,0xd6,0xad,0xd6,0xb5,0xd6,0xad,0xb6,0xa5,0xb5,0xad,0xb6,0xa5,0xb5,0xa5,0x96,0x9d,0x96,0x9d,0x95,0xa5,0x75,0xa5,
    0x95,0x9d,0x96,0xa5,0x95,0xa5,0x95,0x9d,0x96,0xa5,0x96,0xa5,0xb6,0xa5,0x95,0xa5,0x96,0xa5,0x96,0xa5,0x95,0x9d,0x96,0xa5,
    0x95,0x9d,0x95,0x9d,0x75,0x9d,0x75,0x95,0x75,0x95,0x75,0x95,0x55,0x9d,0x75,0x95,0x75,0x9d,0x75,0x95,0x75,0x95,0x76,0x9d,
    0x75,0x95,0x75,0x95,0x76,0x95,0x55,0x8d,0x55,0x8d,0x55,0x8d,0x55,0x95,0x76,0x95,0x96,0x95,0x75,0x95,0x75,0x95,0x75,0x95,
    0x55,0x8d,0x55,0x95,0x55,0x95,0x55,0x9d,0x75,0x9d,0x55,0x9d,0x55,0x8d,0x34,0x8d,0x35,0x8d,0x15,0x85,0x14,0x85,0x15,0x85,
    0x78,0xce,0x78,0xce,0x78,0xce,0x98,0xce,0x78,0xce,0x78,0xce,0x98,0xce,0x98,0xce,0x78,0xce,0x77,0xd6,0x78,0xce,0x98,0xce,
    0x98,0xce,0x78,0xce,0x78,0xce,0x78,0xce,0x78,0xce,0x78,0xce,0x77,0xce,0x78,0xce,0x78,0xce,0x78,0xce,0x58,0xce,0x58,0xce,
    0x57,0xc6,0x38,0xce,0x57,0xc6,0x58,0xc6,0x57,0xce,0x78,0xce,0x78,0xce,0x58,0xc6,0x58,0xce,0x58,0xc6,0x57,0xc6,0x58,0xce,
    0x58,0xc6,0x58,0xce,0x58,0xc6,0x57,0xc6,0x58,0xc6,0x57,0xce,0x58,0xc6,0x58,0xce,0x77,0xc6,0x77,0xce,0x77,0xce,0x78,0xce,
    0x97,0xce,0x98,0xd6,0x78,0xce,0x57,0xce,0x57,0xce,0x78,0xce,0x98,0xce,0x77,0xd6,0xb8,0xd6,0xb9,0xd6,0x98,0xce,0x57,0xce,
    0x98,0xce,0x78,0xce,0x37,0xc6,0x37,0xc6,0x58,0xc6,0x58,0xce,0x58,0xce,0x98,0xd6,0x98,0xd6,0x98,0xce,0x98,0xd6,0x98,0xce,
    0x77,0xce,0x57,0xce,0x57,0xce,0x57,0xc6,0x57,0xce,0x37,0xce,0x57,0xc6,0x37,0xc6,0x17,0xbe,0x37,0xbe,0xf7,0xbd,0xf6,0xb5,
    0xf6,0xb5,0xf6,0xad,0xd6,0xad,0xb6,0xad,0xd6,0xad,0xd6,0xad,0xf6,0xad,0xf6,0xb5,0xf7,0xb5,0xf6,0xad,0x17,0xb6,0xf6,0xb5,
    0xd6,0xad,0xd7,0xb5,0xf6,0xb5,0xf7,0xb5,0xd6,0xb5,0x17,0xb6,0xf6,0xbd,0xd6,0xb5,0xd6,0xad,0xd6,0xad,0xd6,0xad,0xb6,0xa5,
    0xb6,0xa5,0xb5,0xa5,0x96,0xa5,0xb6,0x9d,0x95,0x95,0x95,0x9d,0x75,0x9d,0x96,0x9d,0x95,0xa5,0x95,0x9d,0x96,0xa5,0x96,0x9d,
    0x95,0x9d,0x95,0x9d,0x95,0xa5,0x96,0x9d,0x96,0x9d,0x95,0x9d,0xb6,0xa5,0x95,0xa5,0xb5,0xa5,0x95,0xa5,0x96,0xa5,0x95,0x9d,
    0x95,0xa5,0xb5,0xa5,0xb6,0xa5,0x95,0xa5,0xb6,0xa5,0x96,0xa5,0xb6,0xa5,0x96,0x9d,0xb6,0x9d,0x95,0x9d,0x95,0x9d,0x75,0x9d,
    0x76,0x9d,0x75,0x95,0x76,0x8d,0x75,0x8d,0x75,0x95,0x55,0x95,0x76,0x95,0x75,0x8d,0x55,0x85,0x35,0x85,0x15,0x7d,0x34,0x7d,
    0x35,0x85,0x35,0x7d,0x35,0x85,0x35,0x85,0x35,0x85,0x35,0x8d,0x55,0x8d,0x55,0x95,0x75,0x95,0x76,0x9d,0x55,0x95,0x75,0x9d,
    0x75,0x9d,0x75,0x95,0x95,0x9d,0x75,0x95,0x78,0xce,0x57,0xc6,0x57,0xce,0x78,0xce,0x58,0xce,0x78,0xce,0x98,0xce,0x78,0xce,
    0x78,0xce,0x98,0xce,0x78,0xce,0x78,0xce,0x77,0xd6,0x57,0xce,0x78,0xce,0x37,0xc6,0x57,0xc6,0x38,0xc6,0x57,0xce,0x57,0xc6,
    0x58,0xc6,0x58,0xc6,0x57,0xc6,0x58,0xc6,0x58,0xce,0x58,0xc6,0x58,0xce,0x58,0xc6,0x58,0xce,0x57,0xc6,0x78,0xce,0x78,0xce,
    0x57,0xce,0x58,0xc6,0x37,0xc6,0x37,0xc6,0x37,0xbe,0x17,0xbe,0x57,0xce,0x38,0xc6,0x57,0xce,0x58,0xc6,0x78,0xce,0x78,0xce,
    0x78,0xce,0x78,0xce,0x78,0xce,0x98,0xd6,0x98,0xce,0x98,0xd6,0x98,0xce,0x77,0xce,0x77,0xce,0x77,0xce,0x78,0xd6,0x98,0xce,
    0x98,0xd6,0xb9,0xd6,0x78,0xce,0x77,0xce,0x78,0xce,0x57,0xc6,0x17,0xb6,0x17,0xbe,0x17,0xb6,0x17,0xbe,0x37,0xc6,0x77,0xce,
    0x78,0xce,0x77,0xd6,0x98,0xce,0x77,0xce,0x57,0xce,0x37,0xc6,0x37,0xbe,0x17,0xbe,0x17,0xbe,0x37,0xbe,0x37,0xc6,0x17,0xbe,
    0x37,0xc6,0x17,0xbe,0xf6,0xb5,0xd6,0xad,0xd6,0xad,0xf7,0xb5,0xf6,0xb5,0xd6,0xad,0xb6,0xad,0xd6,0xb5,0xb6,0xad,0xd6,0xad,
    0xb6,0xad,0xd6,0xad,0xf6,0xad,0xf7,0xb5,0xf6,0xad,0xb6,0xad,0xd6,0xad,0xd6,0xad,0xf6,0xb5,0xf6,0xb5,0xf7,0xb5,0xf6,0xb5,
    0xd6,0xad,0xd6,0xad,0xb6,0xa5,0xb6,0x9d,0x95,0x9d,0x96,0x95,0x95,0x8d,0x76,0x8d,0x56,0x8d,0x75,0x8d,0x76,0x8d,0x75,0x95,
    0x75,0x95,0x55,0x9d,0x75,0x9d,0x95,0x9d,0x75,0x9d,0x75,0x9d,0x75,0x95,0x55,0x8d,0x76,0x8d,0x95,0x95,0x75,0x9d,0x95,0x95,
    0x96,0x9d,0x95,0x9d,0xb6,0xa5,0xb6,0x9d,0x95,0x9d,0x75,0x95,0x75,0x9d,0x75,0x95,0x75,0x9d,0x75,0x95,0x95,0x95,0x75,0x9d,
    0x95,0x9d,0x95,0xa5,0x76,0x9d,0x96,0x9d,0x75,0x95,0x75,0x95,0x76,0x8d,0x75,0x95,0x75,0x95,0x75,0x95,0x95,0x8d,0x75,0x95,
    0x55,0x8d,0x55,0x85,0x55,0x85,0x35,0x85,0x15,0x85,0x35,0x7d,0x35,0x7d,0x34,0x85,0x35,0x85,0x14,0x7d,0x35,0x7d,0x35,0x7d,
    0x35,0x85,0x55,0x95,0x35,0x8d,0x35,0x85,0x35,0x7d,0x15,0x75,0x15,0x7d,0x15,0x7d,0x17,0xbe,0x37,0xc6,0x37,0xbe,0x37,0xc6,
    0x37,0xc6,0x38,0xc6,0x37,0xc6,0x58,0xc6,0x58,0xce,0x57,0xc6,0x78,0xce,0x78,0xce,0x98,0xce,0x78,0xce,0x98,0xd6,0x78,0xce,
    0x37,0xc6,0x37,0xc6,0x58,0xc6,0x78,0xce,0x58,0xc6,0x37,0xc6,0x17,0xbe,0x37,0xc6,0x57,0xc6,0x37,0xc6,0x58,0xc6,0x57,0xc6,
    0x57,0xce,0x58,0xc6,0x77,0xce,0x98,0xce,0x58,0xce,0x78,0xce,0x57,0xce,0x38,0xbe,0x16,0xbe,0x17,0xb6,0x37,0xbe,0x17,0xbe,
    0xf7,0xb5,0x17,0xb6,0x17,0xbe,0x37,0xbe,0x37,0xc6,0x57,0xc6,0x77,0xce,0x78,0xce,0x77,0xce,0x78,0xd6,0x78,0xce,0x77,0xce,
    0x38,0xce,0x57,0xc6,0x37,0xbe,0x17,0xbe,0x57,0xc6,0x78,0xd6,0x57,0xc6,0x37,0xc6,0x37,0xbe,0xf7,0xb5,0xd6,0xad,0xb6,0x9d,
    0x95,0x95,0x95,0x95,0xd6,0xad,0x17,0xbe,0x17,0xbe,0x37,0xc6,0x57,0xc6,0x57,0xce,0x57,0xce,0x17,0xbe,0xd6,0xb5,0xd6,0xad,
    0xd6,0xad,0xf6,0xb5,0x17,0xbe,0x17,0xbe,0xf6,0xbd,0xf6,0xb5,0xb6,0xad,0xb6,0xad,0xd6,0xb5,0xd6,0xb5,0xf6,0xb5,0xf6,0xb5,
    0xf7,0xb5,0xb6,0xad,0xb6,0xad,0xb6,0xad,0xb5,0xa5,0x96,0xa5,0xb6,0xa5,0xd6,0xad,0xd6,0xad,0xb6,0xa5,0xb6,0xa5,0xd6,0xad,
    0xb6,0xa5,0xb6,0xa5,0xb6,0xa5,0xb6,0xad,0xb6,0xad,0xb5,0xa5,0x96,0xa5,0xd6,0xb5,0xb6,0xad,0xb6,0xa5,0xb6,0xa5,0x75,0x9d,
    0x75,0x95,0x76,0x8d,0x75,0x8d,0x76,0x8d,0x76,0x8d,0x95,0x95,0x95,0x95,0x75,0x9d,0x96,0xa5,0x95,0x9d,0x55,0x9d,0x75,0x9d,
    0x75,0x95,0x76,0x95,0x75,0x95,0x75,0x95,0x55,0x8d,0x55,0x8d,0x75,0x8d,0x75,0x95,0x96,0x8d,0x75,0x95,0x75,0x95,0x76,0x95,
    0x56,0x95,0x55,0x8d,0x76,0x8d,0x75,0x95,0x55,0x95,0x55,0x95,0x55,0x95,0x55,0x95,0x55,0x95,0x55,0x95,0x55,0x95,0x76,0x8d,
    0x75,0x8d,0x75,0x8d,0x75,0x95,0x76,0x95,0x75,0x95,0x75,0x95,0x55,0x8d,0x55,0x8d,0x55,0x8d,0x35,0x85,0x55,0x7d,0x15,0x7d,
    0x35,0x7d,0x15,0x7d,0x14,0x75,0x15,0x75,0x14,0x7d,0x34,0x8d,0x15,0x7d,0x14,0x75,0xf5,0x6c,0xf4,0x6c,0x15,0x7d,0x14,0x7d,
    0x17,0xb6,0x17,0xb6,0x17,0xbe,0x17,0xbe,0x37,0xbe,0x37,0xc6,0x37,0xbe,0x37,0xc6,0x37,0xc6,0x58,0xc6,0x57,0xce,0x58,0xc6,
    0x57,0xc6,0x57,0xc6,0x57,0xc6,0x37,0xc6,0x58,0xc6,0x37,0xc6,0x37,0xbe,0x58,0xc6,0x17,0xc6,0x16,0xb6,0x16,0xb6,0xf7,0xb5,
    0x17,0xb6,0xf6,0xb5,0x17,0xb6,0x37,0xbe,0x17,0xbe,0x37,0xc6,0x78,0xce,0x98,0xce,0x58,0xc6,0x78,0xce,0x77,0xc6,0x17,0xbe,
    0xf7,0xad,0x16,0xb6,0xf6,0xb5,0xd6,0xad,0xd6,0xa5,0xb6,0x9d,0xd6,0xad,0xd6,0xb5,0xd6,0xad,0xd6,0xad,0xf7,0xb5,0xf6,0xad,
    0xf7,0xb5,0x37,0xbe,0x17,0xbe,0x17,0xbe,0x17,0xbe,0x17,0xbe,0xf6,0xad,0xd6,0xad,0xf6,0xbd,0x58,0xce,0x37,0xbe,0x17,0xbe,
    0xd6,0xad,0x96,0xa5,0x95,0x95,0x76,0x85,0x96,0x8d,0x96,0x95,0xf6,0xb5,0xd6,0xb5,0xd6,0xb5,0xd6,0xad,0xd6,0xb5,0x37,0xc6,
    0x17,0xbe,0xd6,0xad,0xb6,0xa5,0xb5,0xa5,0xd6,0xad,0x17,0xbe,0x37,0xbe,0x17,0xbe,0x37,0xc6,0x17,0xbe,0xf6,0xb5,0xf6,0xb5,
    0xf6,0xb5,0xd6,0xad,0xf6,0xad,0x17,0xb6,0xf6,0xb5,0xf6,0xb5,0xd6,0xb5,0xf6,0xad,0xd6,0xad,0xd6,0xb5,0xd6,0xb5,0xf6,0xb5,
    0xf6,0xad,0xd6,0xad,0xb6,0xa5,0x95,0xa5,0x95,0x9d,0x96,0x9d,0xb6,0xa5,0xd5,0xa5,0xb6,0xad,0xd6,0xad,0xd6,0xad,0x16,0xb6,
    0xf7,0xbd,0x16,0xbe,0xf7,0xbd,0xf6,0xad,0xd6,0xad,0xb6,0xa5,0x96,0xa5,0xb5,0x9d,0xb6,0xa5,0xd6,0xa5,0xd6,0xb5,0xf6,0xb5,
    0xf6,0xb5,0xd6,0xb5,0xd6,0xb5,0xd6,0xad,0xd6,0xb5,0xd6,0xad,0xd6,0xb5,0xd6,0xad,0xb6,0xa5,0x96,0xa5,0x96,0xa5,0x95,0x9d,
    0x95,0xa5,0x95,0x9d,0x76,0x95,0x75,0x8d,0x95,0x8d,0x76,0x95,0x75,0x95,0x96,0x95,0x76,0x9d,0x96,0x9d,0x95,0xa5,0x75,0x9d,
    0x75,0x9d,0x75,0x9d,0x75,0x9d,0x75,0x95,0x55,0x8d,0x75,0x95,0x55,0x9d,0x75,0x95,0x75,0x9d,0x75,0x9d,0x75,0x8d,0x55,0x8d,
    0x55,0x85,0x35,0x85,0x35,0x85,0x14,0x7d,0x35,0x85,0x35,0x85,0x35,0x85,0x34,0x8d,0x55,0x95,0x75,0x95,0x55,0x8d,0x35,0x85,
    0x35,0x85,0x55,0x8d,0x75,0x95,0x75,0x9d,0x17,0xbe,0x16,0xb6,0x17,0xb6,0x17,0xbe,0x37,0xb6,0x17,0xbe,0x57,0xbe,0x37,0xbe,
    0x17,0xbe,0x17,0xbe,0x17,0xb6,0x17,0xbe,0x17,0xbe,0x17,0xbe,0x17,0xb6,0xf6,0xb5,0x16,0xb6,0x17,0xb6,0xf6,0xb5,0xf6,0xb5,
    0x17,0xb6,0xd6,0xad,0xd6,0xad,0xd6,0xad,0xd6,0xa5,0xd6,0xad,0xd6,0xa5,0xd6,0xa5,0xf6,0xad,0x17,0xb6,0x38,0xc6,0x57,0xc6,
    0x37,0xc6,0x78,0xce,0x58,0xce,0x37,0xbe,0x17,0xbe,0x16,0xb6,0xf7,0xb5,0xd6,0xad,0xd6,0xa5,0xd6,0x9d,0xd6,0xad,0xd6,0xad,
    0xd6,0xad,0xd7,0xa5,0xb6,0x9d,0x96,0x95,0xb6,0x9d,0xb6,0xad,0xd6,0xad,0xf6,0xa5,0xd6,0xa5,0xd6,0xa5,0xf6,0xb5,0xf6,0xb5,
    0x17,0xbe,0x17,0xbe,0x16,0xbe,0x17,0xbe,0xb6,0xad,0x95,0x9d,0x96,0x95,0xb6,0x9d,0xd6,0x9d,0x17,0xbe,0x57,0xce,0x17,0xbe,
    0xf6,0xad,0xb6,0xad,0xd6,0xad,0xf7,0xb5,0xd6,0xb5,0xd6,0xad,0xb6,0xa5,0xb6,0xa5,0xd6,0xb5,0x17,0xc6,0x37,0xc6,0x37,0xce,
    0x37,0xc6,0x37,0xc6,0x17,0xbe,0xf7,0xbd,0xf6,0xb5,0xf6,0xb5,0xf6,0xb5,0xf6,0xb5,0xf7,0xbd,0x17,0xbe,0xf7,0xb5,0x16,0xbe,
    0x17,0xb6,0x16,0xbe,0x17,0xbe,0x16,0xb6,0xf6,0xbd,0xd6,0xad,0xd6,0xb5,0xd6,0xad,0xd6,0xad,0xb6,0xa5,0xb5,0xad,0xd6,0xad,
    0xd6,0xad,0xd6,0xb5,0xd6,0xad,0xf6,0xb5,0xf6,0xb5,0xf6,0xb5,0xf6,0xbd,0xf6,0xb5,0xf6,0xbd,0xd6,0xb5,0xd6,0xb5,0xd6,0xb5,
    0xd6,0xb5,0xf6,0xb5,0xf7,0xb5,0x16,0xbe,0x17,0xbe,0x17,0xb6,0x17,0xbe,0x17,0xbe,0x17,0xbe,0x16,0xbe,0x17,0xbe,0x16,0xbe,
    0xf7,0xb5,0x16,0xbe,0x16,0xbe,0xf7,0xb5,0xd7,0xb5,0xd6,0xb5,0xd6,0xad,0xd6,0x9d,0x95,0x95,0x96,0x9d,0x95,0x9d,0x75,0x9d,
    0x75,0x9d,0x75,0x9d,0x95,0xa5,0xb5,0xad,0xb6,0xad,0xb6,0xad,0x95,0xa5,0x95,0x9d,0x96,0xa5,0x96,0xa5,0x95,0xa5,0x95,0xa5,
    0x95,0x9d,0x75,0x9d,0x55,0x95,0x75,0x8d,0x75,0x8d,0x55,0x8d,0x75,0x8d,0x75,0x8d,0x55,0x95,0x55,0x8d,0x55,0x95,0x75,0x95,
    0x95,0x9d,0x95,0x9d,0x75,0x8d,0x55,0x8d,0x35,0x8d,0x34,0x85,0x55,0x8d,0x76,0x8d,0xf7,0xad,0xf7,0xb5,0x16,0xb6,0x17,0xb6,
    0x16,0xb6,0x17,0xb6,0xf6,0xb5,0x17,0xb6,0x17,0xb6,0x16,0xb6,0x17,0xb6,0x37,0xbe,0x37,0xb6,0x17,0xbe,0x16,0xb6,0xf7,0xb5,
    0xf6,0xad,0x16,0xb6,0x17,0xb6,0x37,0xbe,0x17,0xb6,0x17,0xb6,0x16,0xb6,0xf6,0xb5,0xf6,0xad,0xf7,0xb5,0xf6,0xad,0xb6,0xa5,
    0xd6,0xad,0x16,0xb6,0x37,0xc6,0x38,0xc6,0x58,0xce,0x58,0xc6,0x37,0xc6,0x17,0xbe,0x17,0xbe,0x17,0xbe,0xf6,0xb5,0x16,0xb6,
    0x17,0xb6,0xf6,0xb5,0xf7,0xad,0xd6,0xad,0xd6,0xad,0xd6,0xa5,0xb6,0x9d,0xb5,0x95,0xb6,0x9d,0x96,0x9d,0xb6,0x9d,0xb6,0x9d,
    0xb6,0x95,0xb6,0x9d,0xd6,0xad,0xf7,0xbd,0x16,0xb6,0xf6,0xbd,0xf7,0xb5,0x57,0xc6,0xf7,0xad,0xb6,0x9d,0xd6,0xa5,0x16,0xb6,
    0x16,0xb6,0x17,0xbe,0xf7,0xb5,0xf7,0xbd,0xf6,0xb5,0xd6,0xad,0xf6,0xad,0xf6,0xb5,0xf6,0xb5,0xf6,0xb5,0xf6,0xb5,0xf6,0xb5,
    0x17,0xb6,0x37,0xc6,0x36,0xc6,0x17,0xbe,0x17,0xbe,0x17,0xbe,0x16,0xbe,0x17,0xbe,0x37,0xc6,0x37,0xc6,0x17,0xc6,0x17,0xbe,
    0x17,0xbe,0x16,0xbe,0x16,0xbe,0x17,0xbe,0x17,0xbe,0xf7,0xbd,0x17,0xbe,0x17,0xbe,0x37,0xbe,0x17,0xc6,0x17,0xbe,0x17,0xbe,
    0x16,0xbe,0xf7,0xb5,0x17,0xbe,0x16,0xbe,0xf6,0xb5,0xf6,0xb5,0xf6,0xb5,0xf6,0xb5,0x17,0xbe,0xf6,0xb5,0xd6,0xb5,0xd6,0xad,
    0xf7,0xb5,0x16,0xbe,0x16,0xb6,0xf7,0xb5,0xf6,0xb5,0xd6,0xb5,0xd6,0xad,0xd6,0xb5,0xd6,0xb5,0xf6,0xb5,0xf6,0xb5,0xd6,0xb5,
    0xb6,0xb5,0xd6,0xb5,0xf6,0xb5,0xd6,0xb5,0xd6,0xad,0xd6,0xad,0xb6,0xb5,0xf6,0xb5,0xf6,0xb5,0xf7,0xb5,0x16,0xbe,0xf7,0xbd,
    0xf6,0xb5,0xf6,0xb5,0xf6,0xad,0xd6,0xb5,0xd6,0xad,0xd6,0xad,0xb5,0xad,0xb6,0xad,0xb6,0xad,0xb5,0xa5,0xb6,0xa5,0xb6,0xad,
    0xb6,0xad,0xd6,0xb5,0xd6,0xad,0xd6,0xad,0xb6,0xad,0xb6,0xa5,0x95,0x9d,0x95,0x9d,0x96,0xa5,0xb5,0xa5,0xb6,0xa5,0xb6,0xa5,
    0xb6,0xa5,0xb6,0xa5,0x95,0x9d,0x75,0x95,0x75,0x9d,0x55,0x95,0x35,0x85,0x35,0x7d,0x15,0x7d,0x35,0x75,0x15,0x75,0x15,0x75,
    0xd6,0xa5,0xd6,0xad,0xf7,0xad,0xf6,0xa5,0xf7,0xad,0xf6,0xad,0xf7,0xad,0xd6,0xad,0xf6,0xad,0x17,0xb6,0x16,0xb6,0x17,0xbe,
    0x17,0xbe,0x37,0xb6,0x17,0xbe,0x17,0xb6,0x17,0xbe,0x17,0xbe,0x57,0xc6,0x58,0xc6,0x37,0xc6,0x57,0xc6,0x38,0xc6,0x37,0xbe,
    0x37,0xc6,0x37,0xbe,0x37,0xc6,0x37,0xb6,0x16,0xb6,0x37,0xc6,0x58,0xc6,0x37,0xc6,0x37,0xbe,0x37,0xc6,0x17,0xbe,0x16,0xbe,
    0x16,0xb6,0xd6,0xb5,0xd6,0xad,0xf7,0xad,0x16,0xb6,0x17,0xb6,0x17,0xb6,0xf6,0xb5,0xf6,0xad,0xf6,0xad,0xf6,0xad,0xd7,0xad,
    0xf6,0xad,0xd6,0xa5,0xb6,0xad,0xd6,0xa5,0xb6,0xa5,0xd6,0xa5,0xd6,0xad,0xd6,0xb5,0xf7,0xbd,0x17,0xbe,0x17,0xbe,0x17,0xbe,
    0xf6,0xb5,0xf6,0xad,0x17,0xb6,0x17,0xbe,0x17,0xbe,0x16,0xb6,0x17,0xbe,0x16,0xbe,0x17,0xbe,0xf7,0xb5,0xf6,0xb5,0xd7,0xb5,
    0xd6,0xad,0xf7,0xb5,0xf7,0xb5,0x17,0xb6,0xf6,0xbd,0xf6,0xb5,0xf7,0xb5,0xf6,0xb5,0xd6,0xad,0xd6,0xb5,0xd6,0xad,0xf6,0xb5,
    0x17,0xbe,0x17,0xc6,0x17,0xc6,0x37,0xbe,0x37,0xc6,0x37,0xbe,0x17,0xc6,0x37,0xc6,0x36,0xbe,0x37,0xc6,0x16,0xc6,0x37,0xbe,
    0x37,0xc6,0x37,0xce,0x37,0xc6,0x17,0xbe,0x17,0xbe,0x16,0xbe,0x17,0xbe,0x17,0xbe,0x17,0xbe,0xf6,0xb5,0xf7,0xb5,0xf6,0xb5,
    0xf6,0xb5,0xf6,0xb5,0xf7,0xb5,0xf6,0xb5,0xd6,0xb5,0xf6,0xb5,0xf6,0xb5,0xd6,0xad,0xd6,0xad,0xb6,0xad,0xb5,0xad,0xb6,0xa5,
    0xb5,0xa5,0x96,0xa5,0xb6,0xa5,0x95,0xa5,0xb6,0xa5,0xb6,0xa5,0xd6,0xad,0xd6,0xad,0xb6,0xad,0xd6,0xad,0xd6,0xad,0xd6,0xad,
    0xb6,0xad,0xb6,0xb5,0xd6,0xad,0xf6,0xb5,0xf6,0xb5,0xf6,0xb5,0xd6,0xb5,0xd6,0xb5,0xd6,0xad,0xd6,0xb5,0xd6,0xb5,0xd6,0xad,
    0xd6,0xb5,0xd6,0xad,0xd6,0xad,0xb5,0xa5,0xb6,0xad,0xb6,0xad,0xb6,0xad,0xb6,0xad,0xb6,0xad,0xb5,0xa5,0x96,0xa5,0x95,0x9d,
    0x95,0xa5,0x96,0x9d,0x95,0xa5,0x95,0x9d,0x75,0x9d,0x75,0x95,0x54,0x85,0x55,0x8d,0x55,0x8d,0x35,0x8d,0x35,0x7d,0x35,0x7d,
    0x15,0x6d,0x15,0x6d,0xd4,0x64,0xd4,0x5c,0xd6,0x9d,0xb6,0xa5,0xd6,0xa5,0xd7,0xa5,0xd6,0xa5,0xf7,0xad,0xf7,0xad,0xf7,0xad,
    0xf7,0xb5,0xd6,0xad,0xf7,0xad,0x16,0xb6,0x17,0xbe,0x17,0xbe,0x36,0xb6,0x17,0xb6,0x16,0xb6,0x17,0xbe,0x57,0xc6,0x57,0xc6,
    0x38,0xc6,0x37,0xbe,0x17,0xbe,0x17,0xbe,0x37,0xc6,0x38,0xc6,0x37,0xc6,0x37,0xc6,0x37,0xc6,0x38,0xc6,0x37,0xc6,0x17,0xbe,
    0x37,0xc6,0x58,0xce,0x58,0xc6,0x37,0xbe,0xf7,0xb5,0xf7,0xb5,0xf6,0xb5,0xf7,0xb5,0x17,0xbe,0x37,0xc6,0x58,0xc6,0x58,0xc6,
    0x37,0xc6,0x37,0xc6,0x37,0xbe,0x37,0xc6,0x58,0xc6,0x37,0xc6,0x37,0xbe,0x57,0xc6,0x37,0xbe,0xf7,0xb5,0xf6,0xb5,0xf7,0xb5,
    0x16,0xb6,0x17,0xbe,0x16,0xb6,0x17,0xbe,0x17,0xbe,0x37,0xce,0x37,0xc6,0x57,0xc6,0x37,0xc6,0x37,0xc6,0x37,0xc6,0x17,0xbe,
    0x17,0xb6,0xf6,0xb5,0xd6,0xb5,0xf7,0xb5,0x16,0xbe,0x17,0xbe,0x37,0xc6,0x37,0xc6,0x37,0xc6,0x37,0xc6,0x16,0xbe,0xf6,0xb5,
    0xd6,0xb5,0xf6,0xb5,0xf6,0xb5,0xf6,0xbd,0x17,0xc6,0x57,0xc6,0x37,0xc6,0x57,0xce,0x57,0xce,0x57,0xce,0x57,0xce,0x58,0xce,
    0x37,0xce,0x57,0xc6,0x57,0xce,0x57,0xce,0x57,0xce,0x37,0xc6,0x74,0xad,0x57,0xce,0x37,0xc6,0x37,0xc6,0x37,0xc6,0x36,0xce,
    0x37,0xc6,0x37,0xc6,0x37,0xc6,0x17,0xbe,0x17,0xbe,0x16,0xb6,0xf6,0xbd,0x17,0xbe,0x16,0xbe,0x17,0xbe,0x17,0xbe,0xd6,0xb5,
    0xf6,0xb5,0x17,0xbe,0x16,0xbe,0x17,0xb6,0xf7,0xb5,0xf6,0xb5,0xf7,0xb5,0xf6,0xb5,0xd6,0xad,0xd6,0xb5,0xf6,0xbd,0xf6,0xb5,
    0xd6,0xad,0xb6,0xa5,0xb6,0xad,0xf6,0xb5,0xd6,0xb5,0xd6,0xad,0xd6,0xad,0xd6,0xb5,0xf6,0xad,0xd7,0xad,0xd6,0xad,0xf6,0xb5,
    0xf6,0xb5,0xd6,0xad,0xd6,0xad,0xd6,0xad,0xd6,0xad,0xd6,0xad,0xb6,0xad,0x95,0xa5,0x96,0x9d,0x95,0x9d,0x75,0x9d,0x75,0x95,
    0x75,0x95,0x75,0x95,0x75,0x95,0x55,0x95,0x76,0x95,0x75,0x95,0x55,0x8d,0x55,0x8d,0x55,0x95,0x34,0x85,0x15,0x75,0x14,0x75,
    0xf4,0x74,0x15,0x75,0x15,0x75,0x15,0x6d,0xf5,0x6c,0x15,0x65,0xf5,0x6c,0xf4,0x64,0xb6,0x95,0xb7,0x9d,0xb6,0x9d,0xd6,0x9d,
    0xd6,0x9d,0xd7,0xa5,0xf7,0xad,0xf7,0xb5,0x17,0xb6,0x17,0xb6,0xf6,0xb5,0xf6,0xad,0xf6,0xb5,0xf7,0xad,0xf6,0xb5,0xf6,0xad,
    0xf6,0xad,0xf6,0xad,0xf6,0xb5,0x17,0xb6,0x17,0xbe,0x37,0xb6,0x16,0xbe,0x17,0xbe,0x17,0xb6,0x17,0xbe,0x37,0xbe,0x37,0xbe,
    0x37,0xc6,0x37,0xbe,0x37,0xbe,0x17,0xbe,0x38,0xc6,0x77,0xc6,0x58,0xc6,0x58,0xc6,0x37,0xc6,0x17,0xbe,0x17,0xbe,0x37,0xc6,
    0x78,0xc6,0x58,0xce,0x57,0xc6,0x78,0xce,0x58,0xc6,0x78,0xce,0x58,0xc6,0x57,0xc6,0x58,0xce,0x98,0xce,0x78,0xce,0x77,0xce,
    0x78,0xce,0x78,0xce,0x77,0xce,0x78,0xce,0x57,0xc6,0x37,0xc6,0x37,0xc6,0x37,0xbe,0x37,0xc6,0x57,0xce,0x57,0xce,0x57,0xce,
    0x77,0xce,0x98,0xce,0x98,0xce,0x78,0xce,0x57,0xc6,0x17,0xc6,0x37,0xbe,0x37,0xc6,0x77,0xce,0x98,0xce,0x77,0xce,0x98,0xce,
    0x97,0xce,0x78,0xce,0x78,0xce,0x78,0xce,0x78,0xce,0x57,0xc6,0x57,0xc6,0x57,0xce,0x57,0xc6,0x57,0xce,0x37,0xce,0x36,0xbe,
    0x37,0xc6,0x37,0xc6,0x37,0xc6,0x57,0xc6,0x37,0xc6,0x37,0xc6,0x57,0xce,0x57,0xc6,0x98,0xd6,0x33,0xa5,0xcb,0x5a,0xf5,0xbd,
    0x57,0xc6,0x37,0xc6,0x37,0xc6,0x37,0xc6,0x37,0xbe,0x37,0xc6,0x17,0xbe,0x16,0xbe,0xf7,0xbd,0x16,0xbe,0x17,0xbe,0x37,0xbe,
    0x16,0xc6,0x16,0xc6,0xf6,0xbd,0x17,0xb6,0xf6,0xb5,0xf6,0xad,0xd6,0xad,0xd6,0xa5,0xb6,0xa5,0xb6,0xa5,0xd5,0xad,0xb6,0x9d,
    0x76,0x9d,0x96,0x95,0x95,0x8d,0x76,0x8d,0x75,0x8d,0x55,0x8d,0x55,0x8d,0x76,0x85,0x76,0x8d,0x55,0x8d,0x55,0x7d,0x56,0x85,
    0x55,0x8d,0x56,0x8d,0x76,0x8d,0x75,0x8d,0x96,0x95,0x96,0x9d,0x95,0x95,0x96,0x9d,0x95,0xa5,0xb6,0xa5,0xb5,0xa5,0xb6,0x9d,
    0xb6,0xa5,0x95,0xa5,0x75,0x9d,0x75,0x95,0x55,0x8d,0x55,0x8d,0x55,0x85,0x55,0x8d,0x55,0x8d,0x75,0x95,0x76,0x8d,0x55,0x8d,
    0x35,0x85,0x35,0x7d,0x35,0x7d,0x15,0x75,0x15,0x75,0xf4,0x6c,0x15,0x65,0xf5,0x64,0xf5,0x6c,0xf5,0x64,0xf4,0x64,0xd5,0x64,
    0xb6,0x95,0x96,0x95,0xb6,0x9d,0xb7,0x9d,0xd7,0x9d,0xd6,0x9d,0xd6,0xa5,0xd7,0xa5,0xd6,0xa5,0xd6,0xad,0xf7,0xad,0xd7,0xad,
    0xf7,0xad,0xd6,0xad,0xd6,0xa5,0xd6,0xad,0xd7,0xa5,0xd6,0xa5,0xd6,0xad,0xd7,0xa5,0xd6,0xa5,0xd6,0xad,0xf7,0xa5,0xd6,0xad,
    0xf7,0xb5,0xf6,0xb5,0xf6,0xb5,0xd6,0xad,0xd7,0xad,0xf6,0xb5,0xf7,0xad,0xf6,0xb5,0x17,0xb6,0xf7,0xbd,0x16,0xb6,0x17,0xbe,
    0xf7,0xbd,0x16,0xb6,0x17,0xbe,0x17,0xbe,0x37,0xc6,0x37,0xbe,0x17,0xc6,0x37,0xbe,0x37,0xc6,0x38,0xc6,0x37,0xc6,0x17,0xbe,
    0x17,0xbe,0x37,0xbe,0x37,0xc6,0x37,0xc6,0x57,0xce,0x57,0xc6,0x37,0xc6,0x37,0xc6,0x37,0xc6,0x37,0xbe,0x17,0xbe,0xf6,0xbd,
    0xf7,0xb5,0x16,0xb6,0x37,0xc6,0x37,0xc6,0x37,0xce,0x58,0xce,0x98,0xce,0x98,0xd6,0x98,0xce,0x98,0xd6,0x78,0xce,0x77,0xce,
    0x78,0xce,0x78,0xce,0x98,0xd6,0x77,0xce,0x58,0xce,0x77,0xce,0x78,0xce,0x77,0xce,0x57,0xce,0x57,0xce,0x37,0xce,0x37,0xc6,
    0x16,0xc6,0x17,0xc6,0x17,0xbe,0xf6,0xb5,0xd6,0xb5,0xd6,0xb5,0xd6,0xb5,0xf6,0xb5,0x17,0xbe,0x16,0xb6,0x17,0xb6,0xf7,0xbd,
    0x16,0xbe,0x17,0xbe,0x16,0xb6,0x17,0xbe,0x16,0xbe,0xd7,0xb5,0xf6,0xb5,0xd6,0xb5,0xf7,0xb5,0x16,0xb6,0xf6,0xb5,0x17,0xbe,
    0xf6,0xb5,0xf6,0xb5,0xd6,0xad,0xb6,0xa5,0x95,0x95,0x76,0x8d,0x55,0x8d,0x55,0x8d,0x55,0x7d,0x55,0x85,0x35,0x85,0x35,0x7d,
    0x35,0x85,0x15,0x7d,0x35,0x75,0x15,0x75,0x15,0x75,0x15,0x6d,0x15,0x65,0x15,0x6d,0x16,0x6d,0x15,0x6d,0x36,0x6d,0x15,0x6d,
    0x15,0x6d,0x15,0x6d,0x15,0x65,0x15,0x6d,0x15,0x6d,0x15,0x7d,0x15,0x75,0x35,0x6d,0x15,0x6d,0x35,0x75,0x35,0x6d,0x35,0x7d,
    0x55,0x7d,0x55,0x85,0x55,0x85,0x55,0x8d,0x55,0x8d,0x76,0x8d,0x75,0x85,0x76,0x8d,0x75,0x95,0x75,0x8d,0x75,0x8d,0x76,0x8d,
    0x95,0x95,0x96,0x9d,0x95,0x9d,0x75,0x95,0x55,0x8d,0x55,0x85,0x15,0x85,0x35,0x7d,0x14,0x75,0x35,0x75,0x35,0x6d,0x15,0x6d,
    0xf5,0x6c,0xf4,0x6c,0xf5,0x6c,0xf5,0x64,0x96,0x95,0x96,0x8d,0xb6,0x8d,0x96,0x95,0xb6,0x95,0x96,0x95,0x96,0x95,0x96,0x95,
    0xb6,0x9d,0xb6,0x9d,0xd6,0x9d,0xb6,0x9d,0xb6,0x9d,0xb6,0x95,0xb6,0x9d,0xb6,0x95,0xb6,0x9d,0xb6,0x95,0xb6,0x9d,0xb6,0x95,
    0xb6,0x9d,0xb6,0x95,0xb6,0x95,0xb6,0x9d,0xb6,0x9d,0xb6,0x9d,0xb6,0x9d,0x96,0x95,0x96,0x95,0xb6,0x95,0x96,0x9d,0xb6,0x9d,
    0xb6,0xa5,0xb6,0x9d,0xb6,0xa5,0xb6,0xa5,0xd6,0xad,0xb6,0xa5,0xb6,0xa5,0xd6,0xa5,0xf6,0xad,0xd6,0xad,0xb6,0xa5,0xb6,0xa5,
    0xb6,0x9d,0xb6,0x9d,0xb6,0x9d,0x96,0x95,0xb5,0x95,0xb6,0x9d,0xb6,0x95,0xb5,0xa5,0xd6,0xa5,0xd6,0xa5,0xb6,0xad,0xb5,0xad,
    0xb6,0xa5,0xd6,0xb5,0xd6,0xb5,0xd6,0xad,0xd6,0xad,0xd6,0xad,0xd6,0xad,0xd6,0xad,0xd6,0xa5,0xf6,0xad,0x17,0xc6,0x37,0xc6,
    0x37,0xce,0x78,0xce,0x77,0xce,0x58,0xce,0x57,0xce,0x57,0xce,0x78,0xce,0x57,0xce,0x36,0xc6,0x57,0xce,0x57,0xce,0x77,0xce,
    0x58,0xce,0x57,0xc6,0x37,0xc6,0x36,0xc6,0x17,0xbe,0x17,0xbe,0x16,0xb6,0xf6,0xb5,0xd6,0xad,0xd6,0xad,0x96,0x9d,0x96,0x9d,
    0x95,0x9d,0x96,0x95,0x95,0x9d,0xb6,0xa5,0xd6,0xad,0xd6,0xad,0xd6,0xb5,0xd6,0xad,0xd6,0xa5,0xd6,0xa5,0xd6,0xad,0xd6,0xad,
    0xd6,0xad,0xd6,0xad,0x95,0xa5,0xb6,0x9d,0x96,0x9d,0x76,0x8d,0x75,0x85,0x55,0x7d,0x35,0x75,0x35,0x75,0x15,0x7d,0x15,0x75,
    0x15,0x6d,0x35,0x6d,0x35,0x75,0x35,0x7d,0x15,0x75,0x15,0x75,0x35,0x6d,0x15,0x6d,0x36,0x6d,0x15,0x65,0x16,0x6d,0x15,0x65,
    0x35,0x65,0x15,0x6d,0x36,0x6d,0x15,0x6d,0x35,0x65,0x16,0x6d,0x35,0x65,0x15,0x6d,0x15,0x6d,0x15,0x75,0x15,0x6d,0x15,0x75,
    0x36,0x6d,0x35,0x75,0x15,0x6d,0x15,0x75,0x35,0x6d,0x16,0x6d,0x15,0x6d,0x15,0x75,0x15,0x6d,0x15,0x75,0x15,0x75,0x15,0x6d,
    0x14,0x7d,0x35,0x75,0x55,0x7d,0x35,0x85,0x55,0x85,0x35,0x8d,0x55,0x85,0x55,0x8d,0x55,0x85,0x55,0x8d,0x35,0x85,0x35,0x85,
    0x35,0x7d,0x35,0x75,0x34,0x7d,0x15,0x7d,0x15,0x75,0x15,0x75,0x36,0x6d,0x15,0x6d,0x76,0x8d,0x96,0x8d,0x96,0x8d,0x75,0x8d,
    0x76,0x8d,0x96,0x8d,0x96,0x8d,0x96,0x8d,0x96,0x8d,0x96,0x95,0x96,0x8d,0x96,0x8d,0x96,0x8d,0xb6,0x8d,0x96,0x95,0x76,0x8d,
    0x96,0x8d,0x96,0x8d,0x96,0x8d,0x96,0x8d,0x76,0x8d,0x96,0x8d,0x96,0x95,0xb6,0x95,0x96,0x95,0x96,0x8d,0x76,0x8d,0x96,0x8d,
    0x96,0x8d,0x76,0x85,0x76,0x8d,0x96,0x8d,0x75,0x8d,0x96,0x95,0x96,0x8d,0x96,0x95,0x96,0x8d,0x96,0x95,0x96,0x8d,0x96,0x8d,
    0x96,0x8d,0x76,0x8d,0x75,0x85,0x56,0x85,0x55,0x85,0x75,0x85,0x56,0x85,0x75,0x7d,0x56,0x7d,0x55,0x7d,0x76,0x85,0x55,0x85,
    0x56,0x85,0x75,0x8d,0x75,0x8d,0x76,0x8d,0x75,0x8d,0x96,0x8d,0x96,0x9d,0x96,0x95,0x75,0x8d,0x96,0x95,0x75,0x8d,0x56,0x85,
    0x55,0x8d,0x76,0x95,0xb6,0xa5,0xd6,0xad,0xd6,0xad,0xd6,0xad,0xf6,0xb5,0xd6,0xad,0xb6,0xad,0xd6,0xad,0xd6,0xad,0xd6,0xad,
    0xd6,0xa5,0xb6,0xa5,0xb6,0xa5,0xb6,0xa5,0x95,0x9d,0x75,0x9d,0xb6,0x9d,0x75,0x9d,0x76,0x8d,0x75,0x95,0x75,0x95,0x75,0x95,
    0x56,0x8d,0x55,0x85,0x55,0x85,0x35,0x85,0x55,0x85,0x56,0x85,0x75,0x7d,0x75,0x8d,0x96,0x8d,0x75,0x95,0x75,0x85,0x76,0x85,
    0x55,0x7d,0x35,0x7d,0x35,0x7d,0x56,0x75,0x35,0x7d,0x15,0x7d,0x15,0x75,0x35,0x6d,0x15,0x6d,0x15,0x6d,0x15,0x6d,0x35,0x6d,
    0x15,0x65,0x15,0x6d,0x15,0x6d,0x15,0x6d,0x15,0x6d,0x15,0x65,0x35,0x6d,0x15,0x6d,0x15,0x6d,0x15,0x6d,0x15,0x6d,0x15,0x6d,
    0x35,0x65,0x36,0x75,0x35,0x75,0x35,0x6d,0x15,0x6d,0x35,0x6d,0x15,0x6d,0x35,0x6d,0x55,0x75,0x55,0x7d,0x55,0x7d,0x55,0x7d,
    0x56,0x7d,0x35,0x7d,0x35,0x7d,0x35,0x7d,0x35,0x75,0x36,0x75,0x35,0x6d,0x15,0x75,0x36,0x6d,0x15,0x75,0x14,0x75,0x35,0x75,
    0x35,0x75,0x15,0x6d,0x35,0x75,0x15,0x75,0x15,0x7d,0x35,0x75,0x35,0x75,0x35,0x75,0x15,0x75,0x14,0x7d,0x15,0x7d,0x15,0x75,
    0x15,0x7d,0x15,0x7d,0x34,0x7d,0x15,0x85,0x15,0x7d,0x15,0x75,0x15,0x7d,0x34,0x7d,0x35,0x7d,0x15,0x75,0x35,0x75,0x35,0x75,
    0x96,0x95,0x96,0x8d,0x96,0x8d,0x96,0x8d,0x96,0x8d,0x96,0x8d,0x76,0x8d,0x96,0x8d,0x96,0x8d,0x96,0x8d,0x96,0x8d,0x96,0x8d,
    0x96,0x95,0x96,0x8d,0x96,0x8d,0x75,0x8d,0x96,0x85,0x96,0x8d,0x96,0x8d,0x95,0x8d,0x76,0x8d,0x96,0x8d,0x96,0x8d,0x76,0x8d,
    0x96,0x8d,0x75,0x8d,0x76,0x85,0x75,0x85,0x76,0x85,0x76,0x85,0x75,0x85,0x76,0x7d,0x56,0x85,0x76,0x85,0x75,0x7d,0x56,0x85,
    0x56,0x85,0x76,0x85,0x75,0x85,0x55,0x85,0x55,0x85,0x76,0x7d,0x55,0x7d,0x76,0x7d,0x55,0x7d,0x76,0x7d,0x55,0x7d,0x56,0x7d,
    0x75,0x85,0x55,0x7d,0x55,0x7d,0x56,0x85,0x75,0x7d,0x56,0x7d,0x55,0x7d,0x55,0x7d,0x56,0x7d,0x55,0x7d,0x75,0x7d,0x55,0x7d,
    0x76,0x7d,0x55,0x7d,0x36,0x7d,0x55,0x7d,0x35,0x7d,0x55,0x7d,0x55,0x85,0x35,0x85,0x55,0x85,0x76,0x85,0x55,0x85,0x76,0x7d,
    0x55,0x85,0x56,0x85,0x56,0x7d,0x56,0x7d,0x55,0x85,0x55,0x7d,0x35,0x85,0x35,0x7d,0x35,0x7d,0x35,0x75,0x35,0x75,0x35,0x75,
    0x35,0x75,0x36,0x75,0x35,0x7d,0x15,0x75,0x35,0x6d,0x35,0x6d,0x35,0x75,0x15,0x6d,0x36,0x6d,0x15,0x6d,0x15,0x65,0x15,0x65,
    0x15,0x65,0xf6,0x64,0x15,0x65,0xf5,0x64,0xf5,0x64,0xf5,0x64,0xf5,0x64,0xf5,0x5c,0x16,0x65,0x15,0x6d,0xf5,0x64,0xf5,0x64,
    0x16,0x65,0xf5,0x64,0xf5,0x64,0xf5,0x64,0xf5,0x64,0xf6,0x6c,0x15,0x65,0x15,0x6d,0x15,0x65,0x15,0x65,0x15,0x6d,0x36,0x6d,
    0x15,0x6d,0x15,0x6d,0x15,0x75,0x35,0x6d,0x36,0x75,0x55,0x75,0x35,0x75,0x35,0x75,0x35,0x7d,0x55,0x7d,0x55,0x85,0x56,0x85,
    0x56,0x85,0x55,0x8d,0x56,0x85,0x75,0x8d,0x55,0x85,0x55,0x8d,0x55,0x85,0x55,0x85,0x55,0x7d,0x35,0x75,0x35,0x75,0x15,0x75,
    0x35,0x75,0x15,0x75,0x35,0x7d,0x15,0x7d,0x35,0x85,0x55,0x85,0x55,0x7d,0x36,0x85,0x35,0x85,0x55,0x85,0x35,0x85,0x35,0x85,
    0x35,0x85,0x35,0x7d,0x35,0x7d,0x14,0x85,0x35,0x85,0x35,0x7d,0x15,0x7d,0x35,0x7d,0x35,0x85,0x35,0x7d,0x35,0x85,0x35,0x7d,
    0x35,0x85,0x35,0x85,0x35,0x85,0x35,0x7d,0x95,0x8d,0x76,0x8d,0x96,0x8d,0x96,0x85,0x96,0x85,0x96,0x85,0x76,0x85,0x76,0x8d,
    0x96,0x7d,0x76,0x85,0x76,0x85,0x76,0x85,0x76,0x85,0x96,0x85,0x75,0x85,0x75,0x85,0x76,0x7d,0x75,0x7d,0x56,0x85,0x75,0x7d,
    0x76,0x7d,0x75,0x7d,0x75,0x7d,0x75,0x85,0x76,0x85,0x76,0x85,0x76,0x85,0x76,0x7d,0x75,0x7d,0x75,0x85,0x56,0x7d,0x75,0x7d,
    0x76,0x7d,0x76,0x7d,0x76,0x7d,0x55,0x7d,0x76,0x85,0x55,0x85,0x76,0x7d,0x75,0x7d,0x56,0x7d,0x55,0x7d,0x56,0x7d,0x75,0x7d,
    0x56,0x7d,0x55,0x7d,0x56,0x7d,0x76,0x7d,0x55,0x7d,0x56,0x7d,0x75,0x7d,0x55,0x85,0x35,0x85,0x56,0x7d,0x56,0x7d,0x55,0x75,
    0x55,0x7d,0x56,0x75,0x56,0x75,0x56,0x75,0x36,0x7d,0x55,0x7d,0x55,0x75,0x36,0x75,0x55,0x75,0x35,0x75,0x35,0x75,0x35,0x7d,
    0x55,0x75,0x35,0x75,0x35,0x75,0x35,0x75,0x36,0x75,0x35,0x75,0x56,0x6d,0x56,0x75,0x56,0x75,0x35,0x7d,0x35,0x7d,0x35,0x75,
    0x35,0x75,0x16,0x6d,0x15,0x65,0x15,0x6d,0x15,0x6d,0x15,0x65,0x15,0x6d,0x15,0x65,0xf6,0x64,0xf5,0x64,0xf5,0x64,0xf5,0x64,
    0xf5,0x5c,0x15,0x5d,0xf6,0x5c,0xf5,0x5c,0xf5,0x64,0xf5,0x64,0xd5,0x64,0xf5,0x5c,0xf4,0x64,0xd5,0x64,0xf5,0x5c,0xf5,0x5c,
    0xd5,0x5c,0xf5,0x5c,0xf5,0x5c,0xf5,0x64,0xd5,0x5c,0xf5,0x5c,0xf5,0x64,0xf5,0x5c,0xf5,0x64,0xf5,0x64,0xf4,0x64,0x15,0x65,
    0x15,0x65,0x15,0x6d,0x16,0x6d,0x35,0x6d,0x35,0x75,0x15,0x75,0x35,0x75,0x35,0x7d,0x35,0x7d,0x35,0x85,0x55,0x85,0x76,0x7d,
    0x55,0x85,0x35,0x85,0x55,0x85,0x76,0x85,0x55,0x85,0x35,0x85,0x55,0x85,0x55,0x85,0x35,0x85,0x55,0x8d,0x36,0x85,0x55,0x85,
    0x35,0x85,0x35,0x7d,0x15,0x7d,0x35,0x7d,0x35,0x7d,0x55,0x7d,0x35,0x85,0x55,0x8d,0x55,0x95,0x55,0x8d,0x35,0x85,0x55,0x85,
    0x35,0x85,0x55,0x85,0x35,0x85,0x54,0x85,0x35,0x7d,0x35,0x85,0x35,0x85,0x55,0x85,0x54,0x85,0x35,0x8d,0x55,0x85,0x55,0x85,
    0x55,0x95,0x54,0x8d,0x55,0x8d,0x35,0x8d,0x55,0x85,0x54,0x8d,0x35,0x8d,0x55,0x8d,0x56,0x85,0x76,0x85,0x75,0x7d,0x56,0x7d,
    0x76,0x85,0x76,0x85,0x75,0x7d,0x76,0x85,0x76,0x7d,0x75,0x85,0x76,0x7d,0x76,0x85,0x75,0x7d,0x56,0x85,0x76,0x85,0x55,0x7d,
    0x76,0x85,0x75,0x7d,0x76,0x85,0x75,0x85,0x75,0x85,0x55,0x7d,0x76,0x85,0x76,0x7d,0x75,0x85,0x75,0x7d,0x76,0x85,0x76,0x85,
    0x76,0x85,0x56,0x85,0x76,0x85,0x76,0x7d,0x76,0x85,0x76,0x85,0x75,0x85,0x76,0x85,0x76,0x7d,0x75,0x85,0x76,0x85,0x55,0x85,
    0x76,0x7d,0x75,0x85,0x55,0x7d,0x55,0x7d,0x55,0x7d,0x55,0x7d,0x56,0x75,0x56,0x75,0x55,0x7d,0x55,0x75,0x35,0x7d,0x55,0x75,
    0x35,0x7d,0x55,0x75,0x56,0x75,0x55,0x75,0x35,0x75,0x36,0x6d,0x35,0x6d,0x15,0x6d,0x36,0x65,0x35,0x6d,0x36,0x6d,0x15,0x65,
    0x15,0x6d,0x35,0x6d,0x15,0x6d,0x16,0x6d,0x35,0x6d,0x16,0x65,0x15,0x6d,0x15,0x6d,0x15,0x6d,0x15,0x65,0x15,0x6d,0x15,0x65,
    0x15,0x65,0x15,0x65,0x15,0x6d,0xf5,0x5c,0x15,0x65,0x15,0x6d,0xf5,0x64,0x15,0x65,0xf5,0x64,0xf5,0x64,0xf5,0x64,0xf5,0x64,
    0x15,0x65,0xf5,0x5c,0xf5,0x5c,0xf6,0x5c,0xf5,0x5c,0xf5,0x5c,0xf5,0x54,0xf5,0x5c,0xd5,0x54,0xd5,0x5c,0xf5,0x5c,0xd5,0x5c,
    0xf5,0x5c,0xf5,0x5c,0xd5,0x5c,0xf4,0x5c,0xd4,0x5c,0xd5,0x5c,0xf5,0x64,0xf5,0x64,0xf5,0x5c,0xf5,0x64,0xf5,0x64,0x15,0x65,
    0xf5,0x5c,0x15,0x65,0xf5,0x64,0xf5,0x64,0x15,0x65,0x16,0x65,0x15,0x6d,0x35,0x6d,0x35,0x75,0x35,0x7d,0x35,0x7d,0x35,0x85,
    0x35,0x7d,0x55,0x7d,0x35,0x85,0x35,0x85,0x55,0x85,0x55,0x85,0x35,0x85,0x55,0x85,0x56,0x7d,0x35,0x85,0x55,0x7d,0x35,0x7d,
    0x35,0x7d,0x56,0x7d,0x35,0x7d,0x55,0x7d,0x35,0x75,0x35,0x7d,0x35,0x7d,0x35,0x85,0x15,0x7d,0x35,0x7d,0x36,0x7d,0x55,0x85,
    0x35,0x8d,0x35,0x7d,0x35,0x7d,0x35,0x85,0x35,0x7d,0x35,0x85,0x35,0x7d,0x55,0x7d,0x35,0x85,0x34,0x7d,0x35,0x85,0x55,0x85,
    0x55,0x8d,0x54,0x85,0x55,0x8d,0x54,0x8d,0x55,0x95,0x55,0x8d,0x55,0x95,0x55,0x95,0x55,0x8d,0x55,0x8d,0x35,0x85,0x55,0x8d,
    0x76,0x8d,0x75,0x85,0x76,0x85,0x96,0x85,0x76,0x85,0x76,0x85,0x76,0x85,0x76,0x85,0x76,0x85,0x76,0x85,0x75,0x85,0x96,0x7d,
    0x76,0x85,0x75,0x85,0x76,0x7d,0x75,0x85,0x76,0x85,0x75,0x8d,0x75,0x85,0x75,0x7d,0x75,0x85,0x76,0x85,0x55,0x85,0x55,0x85,
    0x76,0x7d,0x75,0x85,0x75,0x85,0x55,0x85,0x56,0x7d,0x75,0x85,0x75,0x7d,0x75,0x7d,0x75,0x7d,0x76,0x7d,0x55,0x7d,0x55,0x85,
    0x35,0x85,0x55,0x7d,0x55,0x7d,0x56,0x7d,0x55,0x75,0x55,0x7d,0x56,0x7d,0x56,0x7d,0x56,0x7d,0x35,0x7d,0x55,0x7d,0x55,0x75,
    0x35,0x75,0x55,0x75,0x36,0x75,0x35,0x75,0x55,0x75,0x35,0x75,0x36,0x75,0x35,0x75,0x15,0x6d,0x36,0x6d,0x15,0x6d,0x35,0x65,
    0x16,0x6d,0x15,0x6d,0x35,0x65,0x16,0x6d,0x15,0x65,0x16,0x6d,0x15,0x65,0x15,0x65,0x16,0x65,0x15,0x65,0x15,0x65,0x15,0x6d,
    0x15,0x65,0x15,0x65,0xf5,0x64,0x15,0x65,0x16,0x65,0xf5,0x64,0x16,0x65,0xf5,0x64,0x15,0x65,0xf5,0x64,0x15,0x65,0xf5,0x64,
    0x15,0x65,0xf5,0x6c,0x15,0x65,0xf5,0x5c,0xf5,0x64,0xf5,0x5c,0xf5,0x5c,0xf5,0x5c,0xf5,0x5c,0xf5,0x5c,0xf5,0x5c,0xf5,0x5c,
    0xd5,0x64,0xd5,0x5c,0xf5,0x5c,0xd5,0x5c,0xd5,0x5c,0xf5,0x5c,0xf5,0x5c,0xf5,0x64,0xf5,0x5c,0x15,0x65,0x15,0x65,0xf5,0x64,
    0xf5,0x64,0x15,0x65,0x15,0x65,0xf5,0x64,0xf5,0x64,0x15,0x65,0x15,0x65,0xf5,0x64,0x15,0x6d,0x35,0x6d,0x15,0x6d,0x15,0x6d,
    0x35,0x75,0x15,0x7d,0x15,0x7d,0x35,0x7d,0x35,0x85,0x35,0x7d,0x55,0x85,0x35,0x7d,0x35,0x7d,0x35,0x85,0x35,0x7d,0x55,0x7d,
    0x55,0x7d,0x35,0x7d,0x35,0x75,0x35,0x7d,0x35,0x7d,0x15,0x75,0x15,0x75,0x35,0x7d,0x15,0x7d,0x15,0x7d,0x34,0x7d,0x15,0x7d,
    0x35,0x7d,0x15,0x7d,0x35,0x7d,0x35,0x7d,0x14,0x7d,0x35,0x7d,0x35,0x85,0x35,0x7d,0x35,0x85,0x35,0x7d,0x55,0x85,0x34,0x85,
    0x96,0x8d,0x8e,0x5b,0x8d,0x5b,0x96,0x8d,0x35,0x8d,0x55,0x8d,0x75,0x8d,0x74,0x8d,0x55,0x8d,0x75,0x8d,0x54,0x95,0x34,0x95,
    0x55,0x95,0x35,0x85,0x34,0x85,0x35,0x85,0x76,0x8d,0x96,0x8d,0x96,0x8d,0x96,0x8d,0x76,0x8d,0x96,0x85,0x95,0x8d,0x96,0x8d,
    0x95,0x8d,0x96,0x85,0x96,0x8d,0x96,0x85,0x96,0x8d,0xb6,0x85,0x95,0x8d,0x76,0x8d,0x75,0x8d,0x96,0x8d,0x96,0x8d,0x75,0x8d,
    0x76,0x8d,0x75,0x85,0x76,0x85,0x76,0x8d,0x95,0x85,0x75,0x85,0x75,0x85,0x76,0x8d,0x75,0x85,0x76,0x85,0x76,0x85,0x76,0x85,
    0x76,0x85,0x76,0x7d,0x76,0x85,0x55,0x85,0x56,0x85,0x76,0x7d,0x55,0x7d,0x55,0x7d,0x76,0x7d,0x55,0x75,0x56,0x7d,0x56,0x75,
    0x55,0x75,0x55,0x7d,0x35,0x75,0x35,0x75,0x55,0x75,0x35,0x6d,0x35,0x75,0x35,0x75,0x35,0x6d,0x15,0x6d,0x35,0x75,0x15,0x6d,
    0x15,0x75,0x15,0x6d,0x35,0x6d,0x16,0x6d,0x15,0x6d,0x15,0x65,0x15,0x6d,0x15,0x65,0x15,0x65,0x35,0x6d,0x15,0x65,0x16,0x65,
    0x15,0x65,0x15,0x65,0x16,0x65,0x15,0x65,0x15,0x65,0x16,0x65,0x15,0x65,0x15,0x65,0xf6,0x5c,0x15,0x5d,0x15,0x65,0x15,0x65,
    0xf5,0x64,0x15,0x65,0x15,0x65,0xf5,0x64,0x16,0x5d,0xf5,0x64,0x15,0x65,0x15,0x65,0xf5,0x64,0x15,0x65,0xf5,0x5c,0x16,0x65,
    0xf5,0x5c,0xf5,0x5c,0xf6,0x64,0xf5,0x5c,0xf5,0x64,0xf5,0x64,0xd5,0x64,0xf5,0x5c,0xf5,0x5c,0xf5,0x5c,0xf5,0x64,0xf5,0x5c,
    0xf5,0x5c,0xf5,0x5c,0xf5,0x64,0xf4,0x5c,0x15,0x65,0xf5,0x6c,0xd4,0x64,0xf5,0x64,0xf4,0x64,0xd5,0x64,0xf5,0x64,0x15,0x65,
    0xf5,0x64,0x15,0x65,0x15,0x65,0x15,0x6d,0xf5,0x6c,0x15,0x6d,0x34,0x75,0x35,0x75,0x35,0x7d,0x35,0x7d,0x35,0x75,0x35,0x7d,
    0x35,0x75,0x14,0x7d,0x35,0x75,0x35,0x7d,0x15,0x7d,0x35,0x75,0x35,0x7d,0x35,0x7d,0x15,0x75,0x35,0x7d,0x34,0x7d,0x35,0x85,
    0x55,0x85,0x55,0x85,0x55,0x85,0x35,0x85,0x35,0x85,0x35,0x85,0x34,0x85,0x35,0x85,0x55,0x8d,0x55,0x85,0x55,0x8d,0x35,0x85,
    0x55,0x8d,0x55,0x8d,0x55,0x85,0x55,0x8d,0x96,0x8d,0x09,0x42,0xcb,0x52,0xb7,0x95,0x74,0x8d,0x55,0x95,0x74,0x95,0x75,0x95,
    0x75,0x8d,0x75,0x95,0x75,0x95,0x75,0x9d,0x74,0x95,0x75,0x95,0x55,0x8d,0x35,0x85,0x75,0x8d,0x75,0x85,0x75,0x8d,0x96,0x85,
    0x76,0x8d,0x95,0x8d,0x76,0x8d,0x76,0x8d,0x95,0x8d,0x96,0x95,0x96,0x8d,0x96,0x8d,0x96,0x85,0x96,0x8d,0x75,0x8d,0x95,0x8d,
    0x96,0x95,0x75,0x8d,0x76,0x8d,0x75,0x8d,0x95,0x8d,0x96,0x8d,0x95,0x8d,0x75,0x8d,0x95,0x95,0x76,0x8d,0x75,0x95,0x76,0x8d,
    0x76,0x8d,0x75,0x8d,0x96,0x8d,0x76,0x8d,0x75,0x85,0x75,0x85,0x76,0x85,0x55,0x85,0x76,0x7d,0x55,0x7d,0x55,0x7d,0x56,0x7d,
    0x55,0x75,0x56,0x75,0x55,0x7d,0x36,0x75,0x36,0x6d,0x55,0x75,0x35,0x75,0x35,0x75,0x36,0x6d,0x35,0x6d,0x35,0x75,0x35,0x6d,
    0x36,0x6d,0x15,0x6d,0x35,0x6d,0x15,0x6d,0x35,0x75,0x15,0x6d,0x15,0x6d,0x15,0x6d,0x35,0x6d,0x15,0x6d,0x15,0x75,0x35,0x6d,
    0x15,0x6d,0x16,0x6d,0x35,0x6d,0x15,0x6d,0x35,0x6d,0x35,0x6d,0x15,0x65,0x36,0x6d,0x15,0x65,0x15,0x65,0x16,0x65,0x15,0x6d,
    0x15,0x65,0x16,0x65,0xf5,0x64,0x15,0x6d,0x15,0x65,0x15,0x65,0x15,0x65,0xf5,0x64,0x15,0x65,0xf6,0x5c,0xf5,0x64,0x15,0x65,
    0xf5,0x64,0xf5,0x64,0xf6,0x5c,0xf5,0x5c,0xf5,0x64,0xf5,0x5c,0xf5,0x64,0xf5,0x5c,0xf5,0x5c,0xf5,0x64,0xf4,0x64,0xf5,0x5c,
    0xf5,0x64,0xf5,0x64,0xf5,0x5c,0xf5,0x64,0xf5,0x64,0x15,0x65,0xf5,0x64,0x15,0x65,0xf5,0x64,0xf5,0x64,0xf5,0x64,0xf5,0x64,
    0xf5,0x64,0xf4,0x64,0xf5,0x64,0xf5,0x64,0xf5,0x64,0x15,0x6d,0x15,0x65,0x15,0x6d,0x15,0x6d,0x15,0x75,0x15,0x75,0x35,0x75,
    0x35,0x75,0x35,0x85,0x34,0x7d,0x35,0x7d,0x35,0x7d,0x55,0x85,0x55,0x85,0x55,0x85,0x55,0x85,0x55,0x8d,0x55,0x85,0x55,0x8d,
    0x75,0x85,0x75,0x8d,0x75,0x85,0x75,0x8d,0x75,0x8d,0x75,0x8d,0x75,0x95,0x75,0x8d,0x55,0x8d,0x75,0x95,0x75,0x9d,0x75,0x95,
    0x75,0x9d,0x74,0x95,0x75,0x95,0x75,0x95,0x75,0x95,0x75,0x9d,0x75,0x95,0x75,0x9d,0x75,0x95,0x92,0x7c,0xd3,0x84,0x95,0x9d,
    0x75,0x9d,0x95,0x9d,0x75,0x9d,0x95,0x95,0x95,0x9d,0x95,0x95,0x95,0x9d,0x95,0xa5,0x95,0xa5,0x95,0xa5,0x95,0x9d,0x95,0x9d,
    0x76,0x8d,0x96,0x95,0x96,0x8d,0x96,0x95,0x95,0x8d,0x76,0x95,0xb5,0x8d,0x96,0x95,0x96,0x95,0x75,0x8d,0x96,0x8d,0x96,0x95,
    0x96,0x8d,0x96,0x95,0x96,0x8d,0x96,0x8d,0x96,0x8d,0x76,0x95,0x95,0x8d,0x96,0x8d,0x75,0x8d,0x96,0x8d,0x96,0x8d,0x95,0x8d,
    0x96,0x95,0x75,0x95,0x76,0x8d,0x95,0x95,0x96,0x8d,0x75,0x8d,0x76,0x8d,0x75,0x8d,0x76,0x8d,0x75,0x8d,0x55,0x85,0x56,0x85,
    0x55,0x7d,0x55,0x7d,0x55,0x7d,0x55,0x75,0x55,0x7d,0x35,0x75,0x55,0x75,0x35,0x75,0x56,0x75,0x35,0x75,0x35,0x75,0x55,0x75,
    0x35,0x6d,0x35,0x75,0x35,0x75,0x35,0x75,0x35,0x75,0x35,0x6d,0x35,0x75,0x35,0x75,0x35,0x75,0x35,0x6d,0x15,0x6d,0x15,0x6d,
    0x35,0x75,0x35,0x6d,0x15,0x75,0x15,0x75,0x15,0x6d,0x15,0x6d,0x36,0x6d,0x35,0x6d,0x15,0x6d,0x15,0x6d,0x36,0x6d,0x15,0x6d,
    0x15,0x6d,0x15,0x6d,0x15,0x6d,0x35,0x65,0x15,0x65,0x15,0x65,0x15,0x6d,0x15,0x65,0x16,0x6d,0x15,0x65,0x15,0x65,0xf6,0x6c,
    0x15,0x65,0x15,0x5d,0xf5,0x64,0xf5,0x64,0xf6,0x64,0xf5,0x64,0xf5,0x64,0xf5,0x64,0xf5,0x64,0xf5,0x64,0xf4,0x64,0xd5,0x64,
    0xf5,0x64,0xd4,0x64,0xf5,0x64,0xf5,0x64,0xf5,0x5c,0xf5,0x64,0xf5,0x64,0xf5,0x64,0xf5,0x6c,0xf5,0x64,0xf5,0x6c,0x14,0x65,
    0xf5,0x64,0xf5,0x64,0x15,0x65,0xf5,0x6c,0xf5,0x64,0xf5,0x6c,0xf4,0x6c,0x15,0x6d,0x15,0x6d,0xf5,0x6c,0x15,0x75,0x15,0x75,
    0x35,0x75,0x35,0x75,0x15,0x7d,0x35,0x7d,0x55,0x85,0x55,0x8d,0x55,0x8d,0x55,0x8d,0x75,0x95,0x75,0x95,0x75,0x9d,0x75,0x9d,
    0x95,0x9d,0x95,0x95,0x75,0x9d,0x75,0x95,0x95,0x95,0x95,0x8d,0x75,0x95,0x75,0x95,0x75,0x95,0x75,0x95,0x75,0x9d,0x95,0x95,
    0x95,0x9d,0x75,0x9d,0x95,0x9d,0x75,0x9d,0x95,0x9d,0x75,0x9d,0x75,0x9d,0x75,0x9d,0x95,0xa5,0x95,0x9d,0x95,0x9d,0x75,0xa5,
    0x95,0xa5,0xd6,0xa5,0xd6,0xa5,0x95,0xa5,0x95,0x9d,0x95,0xa5,0x95,0xa5,0x95,0xa5,0x95,0x9d,0xb5,0xa5,0xb5,0xad,0xb5,0xa5,
    0xb5,0xad,0xd6,0xad,0xd6,0xad,0xb5,0xad,0x95,0x9d,0x96,0x9d,0xb6,0x9d,0xd6,0xa5,0xb6,0xa5,0xd6,0xa5,0xd6,0xad,0xd6,0xad,
    0xd6,0xa5,0xb6,0xa5,0xb6,0x9d,0xb6,0x9d,0xb5,0x9d,0xb6,0x9d,0xb6,0x9d,0xd5,0xa5,0xb6,0x9d,0xb5,0x9d,0xb5,0x95,0xb5,0x9d,
    0xb6,0x95,0x96,0x9d,0x96,0x9d,0xd6,0x9d,0xb5,0x9d,0xb6,0x9d,0x95,0x9d,0xb6,0x9d,0x96,0x9d,0xb6,0x95,0xb5,0x9d,0xb6,0xa5,
    0xb6,0x9d,0xb5,0x9d,0x95,0x95,0x95,0x9d,0x76,0x8d,0x75,0x8d,0x76,0x85,0x55,0x85,0x55,0x85,0x55,0x85,0x55,0x7d,0x55,0x85,
    0x55,0x85,0x55,0x7d,0x55,0x7d,0x55,0x7d,0x35,0x7d,0x55,0x7d,0x35,0x7d,0x35,0x7d,0x35,0x75,0x35,0x7d,0x34,0x7d,0x35,0x7d,
    0x35,0x75,0x35,0x75,0x35,0x75,0x35,0x75,0x15,0x75,0x15,0x6d,0x35,0x75,0x35,0x6d,0x35,0x75,0x35,0x75,0x35,0x6d,0x35,0x6d,
    0x35,0x75,0x16,0x6d,0x35,0x6d,0x35,0x6d,0x16,0x6d,0x15,0x6d,0x15,0x6d,0x16,0x6d,0x15,0x6d,0x15,0x6d,0x15,0x65,0x35,0x65,
    0x15,0x65,0x15,0x6d,0x15,0x6d,0x15,0x6d,0xf5,0x64,0x15,0x6d,0xf5,0x6c,0x15,0x65,0xf5,0x64,0x15,0x65,0x15,0x65,0xf5,0x64,
    0xf5,0x64,0xf5,0x64,0xf5,0x6c,0xf5,0x64,0x15,0x6d,0xf5,0x64,0xf4,0x6c,0xf5,0x6c,0x15,0x6d,0x15,0x6d,0x15,0x6d,0x15,0x6d,
    0x15,0x6d,0x15,0x75,0x15,0x75,0x14,0x75,0x15,0x75,0x15,0x6d,0x14,0x6d,0x15,0x6d,0x14,0x6d,0x14,0x75,0x14,0x75,0x14,0x75,
    0x34,0x75,0x15,0x7d,0x34,0x7d,0x35,0x85,0x54,0x7d,0x55,0x8d,0x75,0x95,0x55,0x95,0x75,0x95,0x74,0x9d,0x95,0x9d,0x95,0x9d,
    0x95,0x9d,0x75,0xa5,0xb5,0xa5,0xb6,0xad,0xb5,0xad,0xb5,0xa5,0x96,0xa5,0x95,0x9d,0x96,0x9d,0x75,0x9d,0x75,0xa5,0x75,0x9d,
    0x95,0xa5,0x95,0xa5,0x95,0xa5,0x95,0xa5,0xb6,0xad,0x95,0xa5,0xb5,0xa5,0x96,0xad,0xb5,0xa5,0xb6,0xa5,0xb5,0xa5,0x96,0xad,
    0x95,0xad,0x96,0xad,0xb6,0xad,0xb5,0xad,0xb6,0xad,0x95,0xa5,0xb6,0xad,0x95,0xad,0xb6,0xad,0xb6,0xad,0xb6,0xad,0xb5,0xad,
    0xd6,0xad,0xb5,0xb5,0xd6,0xad,0xd6,0xb5,0xd6,0xb5,0xd6,0xb5,0xd5,0xb5,0xd6,0xbd,0xb6,0xa5,0xd6,0xa5,0xd6,0xad,0xd6,0xad,
    0xf6,0xb5,0x17,0xbe,0x16,0xb6,0x17,0xb6,0x16,0xbe,0xf7,0xb5,0xd6,0xb5,0xf6,0xad,0xd6,0xad,0xd6,0xad,0xf6,0xad,0xf6,0xb5,
    0xf6,0xb5,0xf7,0xb5,0xf6,0xb5,0x17,0xbe,0xf6,0xbd,0x16,0xb6,0x16,0xb6,0x17,0xbe,0x16,0xbe,0xf6,0xb5,0x17,0xbe,0xf6,0xbd,
    0xd6,0xb5,0xb6,0xad,0xd6,0xad,0xf6,0xb5,0xf6,0xb5,0xf6,0xb5,0xf7,0xb5,0xf6,0xb5,0xd6,0xad,0xb5,0x9d,0x96,0xa5,0xb6,0x9d,
    0xb5,0x9d,0xb5,0x9d,0x96,0x9d,0xb6,0x9d,0x96,0xa5,0xb6,0xa5,0xb6,0x9d,0x75,0x9d,0x95,0x95,0x75,0x95,0x75,0x95,0x75,0x8d,
    0x95,0x95,0x95,0x95,0xb5,0x95,0x95,0x9d,0x75,0x95,0x75,0x8d,0x55,0x8d,0x55,0x85,0x55,0x7d,0x35,0x7d,0x35,0x7d,0x35,0x75,
    0x35,0x75,0x35,0x75,0x36,0x75,0x35,0x75,0x35,0x75,0x35,0x75,0x35,0x75,0x15,0x75,0x35,0x75,0x36,0x6d,0x15,0x75,0x35,0x75,
    0x35,0x75,0x35,0x75,0x15,0x75,0x35,0x75,0x15,0x75,0x15,0x75,0x15,0x6d,0x15,0x75,0x14,0x75,0x15,0x7d,0x14,0x75,0x35,0x6d,
    0x35,0x75,0x15,0x75,0x35,0x75,0x15,0x75,0x15,0x75,0x15,0x6d,0x14,0x75,0x15,0x75,0x15,0x75,0x14,0x75,0x15,0x7d,0x34,0x75,
    0x15,0x7d,0x35,0x7d,0x15,0x7d,0x15,0x7d,0x34,0x85,0x55,0x8d,0x35,0x85,0x55,0x85,0x55,0x8d,0x55,0x95,0x75,0x95,0x75,0x8d,
    0x75,0x95,0x75,0x95,0x75,0x9d,0x95,0x95,0x75,0x9d,0x75,0x9d,0x95,0x9d,0x75,0x9d,0x95,0xa5,0xb5,0xad,0xb5,0xad,0xb5,0xa5,
    0x95,0xa5,0xb5,0xa5,0xb5,0xad,0xb6,0xb5,0xb5,0xad,0xb6,0xad,0xb5,0xad,0xd6,0xb5,0xf6,0xb5,0xf6,0xb5,0xd6,0xb5,0xd5,0xad,
    0xb6,0xad,0xb6,0xad,0xd6,0xad,0xb5,0xad,0xb6,0xad,0xd5,0xad,0xd6,0xb5,0xf6,0xb5,0xd6,0xb5,0xd6,0xb5,0xf6,0xb5,0xd6,0xb5,
    0xf6,0xb5,0xd6,0xb5,0xd6,0xb5,0xf6,0xb5,0xd6,0xb5,0xf6,0xb5,0xd6,0xb5,0xd6,0xb5,0xd6,0xb5,0xd6,0xb5,0xd6,0xad,0xd6,0xb5,
    0xd5,0xb5,0xd6,0xb5,0xd6,0xb5,0xf6,0xbd,0xd6,0xb5,0xf6,0xb5,0xf6,0xb5,0xf6,0xb5,0xf6,0xbd,0xf6,0xbd,0xd5,0xbd,0xd6,0xb5,
    0x16,0xbe,0xf6,0xb5,0x16,0xbe,0xf6,0xbd,0x17,0xb6,0x16,0xbe,0x17,0xc6,0x17,0xbe,0x37,0xc6,0x37,0xc6,0x36,0xc6,0x37,0xc6,
    0x37,0xc6,0x37,0xc6,0x37,0xc6,0x37,0xc6,0x37,0xc6,0x57,0xc6,0x36,0xc6,0x57,0xce,0x37,0xc6,0x57,0xce,0x57,0xce,0x57,0xce,
    0x57,0xce,0x77,0xce,0x37,0xc6,0x37,0xc6,0x36,0xc6,0x36,0xc6,0xf6,0xbd,0x17,0xbe,0x37,0xbe,0x17,0xc6,0x36,0xc6,0x37,0xc6,
    0x36,0xc6,0xf6,0xbd,0xf6,0xb5,0xf6,0xb5,0x16,0xb6,0xf6,0xb5,0xf6,0xbd,0x16,0xbe,0x16,0xbe,0x16,0xc6,0x17,0xbe,0x17,0xc6,
    0xf6,0xbd,0xf6,0xb5,0xf6,0xb5,0xf6,0xb5,0xf6,0xb5,0xf6,0xb5,0xf6,0xbd,0x16,0xb6,0xf6,0xb5,0xd6,0xb5,0xd6,0xad,0xd5,0xad,
    0xb6,0xa5,0xd5,0xa5,0x96,0x9d,0x95,0x9d,0x75,0x95,0x75,0x8d,0x75,0x8d,0x35,0x8d,0x55,0x8d,0x75,0x8d,0x75,0x9d,0x75,0x95,
    0x75,0x8d,0x76,0x8d,0x35,0x85,0x35,0x8d,0x35,0x7d,0x35,0x85,0x35,0x8d,0x54,0x85,0x55,0x8d,0x55,0x8d,0x35,0x85,0x54,0x8d,
    0x55,0x8d,0x55,0x8d,0x75,0x8d,0x95,0x8d,0x75,0x95,0x55,0x8d,0x55,0x85,0x54,0x85,0x55,0x8d,0x34,0x85,0x35,0x85,0x55,0x85,
    0x55,0x8d,0x55,0x95,0x54,0x95,0x55,0x95,0x55,0x9d,0x55,0x95,0x75,0x95,0x55,0x95,0x75,0x9d,0xb5,0xa5,0xb5,0xa5,0xb6,0xad,
    0xb5,0xb5,0xd5,0xb5,0xd6,0xb5,0xd5,0xad,0xf6,0xb5,0xd6,0xb5,0xd6,0xb5,0xd5,0xb5,0xd6,0xad,0xd5,0xad,0xd6,0xb5,0xd6,0xad,
    0xd5,0xb5,0xd6,0xad,0xd5,0xb5,0xd6,0xb5,0xd6,0xb5,0xf6,0xb5,0xd6,0xb5,0xd6,0xad,0xd6,0xb5,0xd6,0xad,0xd6,0xb5,0xd6,0xb5,
    0xd6,0xb5,0xf6,0xbd,0x17,0xbe,0xf6,0xbd,0xf6,0xbd,0xf6,0xb5,0xf6,0xbd,0xd6,0xbd,0xf6,0xb5,0xf6,0xbd,0xf6,0xb5,0xf6,0xbd,
    0x16,0xb6,0xf6,0xb5,0xf5,0xbd,0xf6,0xb5,0xf6,0xbd,0xf6,0xb5,0xf6,0xb5,0xf6,0xb5,0xf6,0xb5,0xf6,0xbd,0xf6,0xb5,0xf6,0xb5,
    0xf6,0xb5,0xf6,0xb5,0xf6,0xb5,0xf5,0xb5,0xf6,0xb5,0xf6,0xb5,0xf6,0xbd,0xf6,0xb5,0xf6,0xbd,0x16,0xbe,0xf6,0xbd,0xf6,0xbd,
    0xf6,0xbd,0xd6,0xb5,0xb5,0xb5,0xb6,0xad,0x57,0xce,0x57,0xce,0x57,0xce,0x78,0xce,0x77,0xce,0x57,0xce,0x57,0xce,0x37,0xc6,
    0x56,0xce,0x37,0xce,0x57,0xce,0x77,0xce,0x77,0xce,0x77,0xce,0x77,0xce,0x77,0xce,0x77,0xce,0x78,0xce,0x77,0xd6,0x77,0xce,
    0x77,0xd6,0x77,0xce,0x78,0xd6,0x97,0xce,0x78,0xd6,0x98,0xce,0x77,0xd6,0x77,0xce,0x57,0xce,0x57,0xce,0x37,0xc6,0x36,0xc6,
    0x57,0xce,0x57,0xce,0x36,0xce,0x37,0xc6,0x77,0xce,0x57,0xce,0x57,0xc6,0x37,0xce,0x57,0xce,0x37,0xc6,0x57,0xce,0x57,0xce,
    0x57,0xce,0x57,0xce,0x57,0xce,0x77,0xce,0x57,0xce,0x57,0xce,0x57,0xce,0x37,0xce,0x16,0xc6,0x16,0xbe,0x16,0xc6,0x16,0xc6,
    0x17,0xc6,0x36,0xc6,0x17,0xbe,0x17,0xbe,0x17,0xc6,0x17,0xbe,0x16,0xc6,0xf6,0xbd,0xf6,0xb5,0xf6,0xb5,0xf6,0xb5,0xf6,0xb5,
    0xd5,0xad,0xf6,0xbd,0xf6,0xb5,0xf6,0xb5,0xf6,0xbd,0xf6,0xb5,0xd6,0xb5,0xb5,0xad,0xb5,0xa5,0xb5,0xa5,0xb6,0xa5,0x95,0xad,
    0x95,0xa5,0xb5,0xa5,0xb5,0xad,0x96,0xa5,0x95,0xad,0x95,0xa5,0x94,0x9d,0x75,0x9d,0x75,0x9d,0x75,0x9d,0x75,0x9d,0x75,0x9d,
    0x75,0x9d,0x74,0x9d,0x75,0x95,0x75,0x9d,0x75,0x9d,0x95,0x9d,0x75,0xa5,0x75,0xa5,0xb5,0xad,0xb5,0xad,0xd5,0xad,0xb5,0xad,
    0xd6,0xad,0xf6,0xbd,0xf6,0xbd,0xf6,0xc5,0x16,0xbe,0x37,0xc6,0x16,0xc6,0x16,0xbe,0xf6,0xbd,0xf6,0xb5,0xf6,0xb5,0xf6,0xb5,
    0xf6,0xbd,0xf6,0xbd,0x16,0xbe,0x16,0xbe,0x16,0xbe,0xf6,0xbd,0xf5,0xbd,0xf6,0xbd,0xf6,0xb5,0xf6,0xbd,0xf6,0xbd,0xf5,0xbd,
    0xd6,0xb5,0xf6,0xbd,0xf6,0xb5,0xf6,0xb5,0xf6,0xb5,0xf6,0xb5,0xf6,0xbd,0xf7,0xb5,0xf6,0xb5,0xf6,0xbd,0xf6,0xbd,0xf6,0xbd,
    0xf6,0xb5,0xf6,0xbd,0xf6,0xbd,0xf6,0xb5,0xf6,0xb5,0xf6,0xb5,0xf6,0xbd,0xf6,0xbd,0xf6,0xb5,0xf6,0xb5,0xf6,0xbd,0xf6,0xb5,
    0xd6,0xb5,0xd6,0xb5,0xf6,0xbd,0xf6,0xb5,0xf6,0xbd,0xf6,0xb5,0xd5,0xb5,0xd6,0xb5,0xd6,0xb5,0xd5,0xb5,0xd6,0xb5,0xf6,0xb5,
    0xd6,0xb5,0xf6,0xb5,0xd6,0xb5,0xf6,0xb5,0xd5,0xb5,0xb5,0xad,0xb5,0xad,0xb6,0xad,0x98,0xce,0x77,0xd6,0x78,0xce,0x98,0xd6,
    0x98,0xd6,0x78,0xd6,0x77,0xce,0x57,0xce,0x57,0xc6,0x37,0xc6,0x37,0xce,0x77,0xce,0x78,0xd6,0x98,0xd6,0x98,0xd6,0x77,0xd6,
    0x78,0xce,0x77,0xd6,0x77,0xce,0x77,0xce,0x98,0xce,0x98,0xd6,0x98,0xd6,0x98,0xce,0x77,0xd6,0x98,0xd6,0x98,0xce,0x77,0xd6,
    0x98,0xd6,0x77,0xce,0x77,0xce,0x37,0xce,0x36,0xc6,0x37,0xc6,0x57,0xce,0x57,0xce,0x77,0xce,0x78,0xd6,0x77,0xce,0x77,0xce,
    0x77,0xce,0x77,0xce,0x78,0xce,0x77,0xce,0x78,0xce,0x77,0xce,0x57,0xce,0x77,0xce,0x77,0xce,0x77,0xce,0x57,0xce,0x57,0xce,
    0x36,0xc6,0x16,0xc6,0x17,0xc6,0x16,0xc6,0x16,0xc6,0x16,0xc6,0x16,0xc6,0x16,0xbe,0x16,0xbe,0x16,0xc6,0x17,0xbe,0x16,0xc6,
    0x16,0xbe,0x16,0xbe,0x17,0xc6,0x16,0xbe,0xf6,0xb5,0xf6,0xbd,0xf6,0xbd,0x16,0xbe,0xf6,0xbd,0xf6,0xbd,0xf6,0xbd,0xf6,0xbd,
    0x17,0xbe,0xf6,0xb5,0xf6,0xb5,0xd6,0xb5,0xd6,0xb5,0xd6,0xad,0xd5,0xb5,0xb6,0xad,0xd5,0xb5,0xb5,0xad,0xd5,0xb5,0xb5,0xad,
    0xb5,0xad,0xb6,0xb5,0xd5,0xad,0xb5,0xad,0xf6,0xad,0xd6,0xb5,0xd6,0xb5,0xd6,0xb5,0xd5,0xb5,0xd5,0xb5,0xf6,0xb5,0xd6,0xb5,
    0xf6,0xbd,0xf6,0xb5,0xf6,0xb5,0x17,0xbe,0x16,0xc6,0x16,0xc6,0x36,0xc6,0x37,0xc6,0x37,0xce,0x36,0xc6,0x16,0xc6,0xf6,0xc5,
    0x16,0xbe,0xf6,0xbd,0x16,0xbe,0x16,0xbe,0x16,0xc6,0x16,0xbe,0xf6,0xc5,0x16,0xbe,0x16,0xc6,0x16,0xc6,0x16,0xc6,0x16,0xc6,
    0x16,0xc6,0x16,0xc6,0xf6,0xbd,0xf5,0xbd,0xf6,0xbd,0xf6,0xbd,0xd6,0xb5,0xf6,0xb5,0xf6,0xbd,0xd6,0xbd,0xd6,0xbd,0xf6,0xbd,
    0xf6,0xbd,0x16,0xb6,0xf6,0xbd,0xf5,0xbd,0xf6,0xbd,0xf5,0xbd,0xf6,0xbd,0xf6,0xb5,0xf6,0xb5,0xf6,0xbd,0xf6,0xb5,0xf7,0xb5,
    0xf6,0xbd,0xd6,0xb5,0xd6,0xb5,0xf6,0xb5,0xd6,0xb5,0xd5,0xb5,0xd6,0xb5,0xd6,0xb5,0xd6,0xb5,0xd6,0xb5,0xd6,0xb5,0xd5,0xb5,
    0xb5,0xb5,0xb6,0xad,0xb5,0xb5,0xb5,0xad,0xd5,0xb5,0xb5,0xb5,0xb5,0xad,0xb5,0xb5,0xb5,0xad,0x95,0xa5,0xb5,0xad,0xb6,0xad,
    0x98,0xd6,0x98,0xd6,0x98,0xce,0x78,0xd6,0x98,0xd6,0x98,0xd6,0x98,0xd6,0x98,0xd6,0x77,0xce,0x57,0xce,0x77,0xce,0x78,0xce,
    0x98,0xd6,0x98,0xd6,0x98,0xd6,0x98,0xce,0x77,0xd6,0x77,0xce,0x57,0xce,0x77,0xce,0x78,0xd6,0x77,0xce,0x77,0xd6,0x78,0xce,
    0x98,0xd6,0x98,0xd6,0x98,0xd6,0x98,0xd6,0xb8,0xd6,0xb9,0xd6,0x98,0xd6,0x98,0xd6,0x77,0xce,0x57,0xce,0x77,0xce,0x77,0xce,
    0x78,0xd6,0x77,0xce,0x98,0xd6,0x78,0xce,0x78,0xd6,0x77,0xce,0x98,0xd6,0x78,0xd6,0x98,0xd6,0x78,0xd6,0x97,0xce,0x78,0xd6,
    0x77,0xce,0x77,0xd6,0x78,0xce,0x57,0xce,0x57,0xce,0x57,0xce,0x57,0xce,0x36,0xc6,0x16,0xc6,0x16,0xc6,0x36,0xc6,0x16,0xc6,
    0x16,0xc6,0x37,0xc6,0x16,0xc6,0x16,0xc6,0x16,0xc6,0x17,0xc6,0x36,0xc6,0x17,0xc6,0x16,0xc6,0x16,0xc6,0xf6,0xbd,0xf6,0xc5,
    0xf6,0xbd,0x16,0xc6,0x16,0xbe,0xf6,0xbd,0xf6,0xc5,0x16,0xbe,0x16,0xc6,0x16,0xc6,0x16,0xbe,0xf6,0xbd,0xf6,0xbd,0xf6,0xbd,
    0xf6,0xbd,0xf6,0xbd,0xf6,0xbd,0xf6,0xbd,0xf5,0xc5,0xf6,0xbd,0xf6,0xbd,0x16,0xbe,0xf5,0xbd,0xf6,0xbd,0x16,0xc6,0x16,0xc6,
    0xf6,0xc5,0x16,0xc6,0x16,0xc6,0x16,0xbe,0xf6,0xbd,0xf6,0xbd,0xf6,0xc5,0x16,0xc6,0x16,0xbe,0x16,0xc6,0x37,0xc6,0x36,0xce,
    0x57,0xce,0x37,0xc6,0x37,0xce,0x37,0xc6,0x36,0xc6,0x37,0xce,0x16,0xc6,0x36,0xce,0x17,0xc6,0x36,0xc6,0x37,0xc6,0x16,0xc6,
    0x36,0xc6,0x17,0xc6,0x36,0xc6,0x37,0xc6,0x16,0xc6,0x16,0xc6,0x36,0xc6,0x16,0xc6,0x16,0xbe,0xf6,0xc5,0xf5,0xbd,0xf6,0xbd,
    0xf6,0xbd,0xf6,0xbd,0xf5,0xbd,0xf5,0xbd,0xf6,0xbd,0xf6,0xc5,0xf6,0xbd,0xf6,0xbd,0x15,0xbe,0xf6,0xbd,0xf6,0xc5,0xf5,0xbd,
    0xf6,0xbd,0xf5,0xb5,0xf6,0xbd,0xf6,0xb5,0xd6,0xbd,0xf6,0xbd,0xd6,0xbd,0xf6,0xb5,0xd6,0xb5,0xf6,0xb5,0xd5,0xb5,0xd6,0xb5,
    0xd6,0xb5,0xd6,0xb5,0xd6,0xb5,0xd6,0xad,0xb5,0xad,0xb5,0xad,0xb5,0xad,0xd6,0xb5,0xb6,0xad,0xb5,0xad,0xb6,0xad,0xb5,0xad,
    0xb6,0xad,0x95,0xad,0xb6,0xad,0x95,0xad,0x98,0xd6,0x98,0xd6,0x98,0xd6,0x77,0xce,0x98,0xd6,0x98,0xce,0x98,0xd6,0x98,0xd6,
    0x98,0xd6,0x78,0xd6,0x78,0xce,0x77,0xd6,0x98,0xce,0x98,0xd6,0x98,0xd6,0x98,0xd6,0x78,0xce,0xb9,0xde,0x98,0xd6,0x57,0xce,
    0x57,0xce,0x57,0xce,0x57,0xce,0x57,0xce,0x77,0xce,0x77,0xce,0x98,0xd6,0x98,0xce,0x98,0xd6,0xb8,0xd6,0x98,0xd6,0x98,0xd6,
    0x98,0xd6,0x77,0xce,0x77,0xce,0x78,0xd6,0x77,0xce,0x78,0xce,0x77,0xce,0x78,0xd6,0x77,0xce,0x78,0xce,0x77,0xd6,0x78,0xce,
    0x77,0xce,0x98,0xd6,0x78,0xce,0x77,0xd6,0x78,0xce,0x77,0xce,0x77,0xd6,0x77,0xce,0x77,0xce,0x77,0xce,0x57,0xce,0x57,0xce,
    0x57,0xc6,0x37,0xc6,0x37,0xc6,0x37,0xc6,0x36,0xc6,0x57,0xc6,0x36,0xc6,0x37,0xc6,0x36,0xc6,0x37,0xce,0x36,0xc6,0x57,0xce,
    0x37,0xce,0x57,0xce,0x36,0xc6,0x37,0xc6,0x36,0xc6,0x16,0xc6,0x37,0xc6,0x36,0xc6,0x36,0xc6,0x37,0xce,0x36,0xc6,0x37,0xce,
    0x36,0xc6,0x16,0xc6,0x36,0xc6,0x16,0xc6,0x36,0xc6,0x36,0xc6,0x36,0xc6,0x37,0xce,0x36,0xc6,0x16,0xc6,0x36,0xc6,0x16,0xc6,
    0x36,0xc6,0x16,0xc6,0x16,0xc6,0x16,0xbe,0x16,0xc6,0x36,0xc6,0x16,0xc6,0x16,0xc6,0x16,0xc6,0x16,0xc6,0x16,0xc6,0x16,0xc6,
    0x36,0xc6,0x17,0xc6,0x36,0xc6,0x57,0xce,0x57,0xce,0x77,0xce,0x77,0xce,0x57,0xce,0x57,0xce,0x37,0xc6,0x57,0xce,0x57,0xce,
    0x57,0xce,0x37,0xce,0x37,0xce,0x57,0xce,0x37,0xce,0x56,0xce,0x37,0xc6,0x36,0xce,0x37,0xc6,0x36,0xc6,0x37,0xc6,0x57,0xce,
    0x77,0xce,0x16,0xc6,0x16,0xc6,0x36,0xc6,0x16,0xc6,0x16,0xbe,0x16,0xc6,0xf6,0xc5,0x16,0xbe,0x16,0xc6,0x16,0xbe,0x16,0xc6,
    0x16,0xc6,0xf6,0xc5,0x16,0xbe,0xf6,0xc5,0xf6,0xbd,0xf6,0xbd,0xf5,0xc5,0xf6,0xbd,0xf5,0xbd,0xf6,0xbd,0xf6,0xb5,0xf6,0xb5,
    0xd6,0xb5,0xd5,0xb5,0xd5,0xbd,0xd6,0xbd,0xd5,0xbd,0xd6,0xb5,0xd5,0xb5,0xd6,0xb5,0xd6,0xb5,0xd6,0xb5,0xd6,0xb5,0xd6,0xb5,
    0xd5,0xb5,0xd6,0xb5,0xd6,0xb5,0xb5,0xb5,0xb6,0xad,0xb5,0xad,0x95,0xad,0xb5,0xad,0x77,0xce,0x98,0xd6,0x98,0xd6,0x98,0xd6,
    0x77,0xce,0x78,0xd6,0x98,0xce,0x78,0xd6,0x98,0xd6,0x98,0xd6,0x98,0xd6,0x98,0xd6,0x78,0xce,0x78,0xd6,0x77,0xce,0x78,0xce,
    0x97,0xd6,0xee,0x83,0xb4,0xbd,0x98,0xd6,0x57,0xce,0x57,0xce,0x56,0xce,0x57,0xce,0x57,0xce,0x77,0xce,0x78,0xce,0x77,0xd6,
    0x77,0xd6,0x97,0xd6,0x98,0xd6,0x98,0xd6,0x98,0xd6,0x98,0xd6,0x78,0xce,0x77,0xce,0x78,0xd6,0x77,0xce,0x78,0xd6,0x78,0xce,
    0x77,0xd6,0x78,0xd6,0x77,0xce,0x78,0xd6,0x98,0xd6,0x97,0xce,0x98,0xd6,0x78,0xce,0x77,0xd6,0x78,0xce,0x78,0xce,0x77,0xd6,
    0x78,0xce,0x77,0xd6,0x78,0xce,0x78,0xd6,0x77,0xd6,0x77,0xce,0x77,0xd6,0x78,0xd6,0x77,0xce,0x77,0xd6,0x78,0xce,0x57,0xd6,
    0x57,0xce,0x57,0xce,0x77,0xd6,0x77,0xce,0x77,0xce,0x77,0xce,0x97,0xd6,0x78,0xd6,0x77,0xce,0x77,0xce,0x57,0xce,0x57,0xd6,
    0x57,0xce,0x77,0xce,0x57,0xce,0x57,0xce,0x57,0xce,0x57,0xce,0x57,0xce,0x57,0xce,0x57,0xce,0x37,0xce,0x57,0xce,0x57,0xce,
    0x57,0xce,0x57,0xce,0x57,0xce,0x57,0xce,0x57,0xce,0x57,0xce,0x57,0xce,0x57,0xce,0x57,0xce,0x37,0xce,0x57,0xc6,0x57,0xce,
    0x36,0xc6,0x37,0xce,0x57,0xc6,0x57,0xce,0x57,0xce,0x57,0xce,0x57,0xce,0x57,0xce,0x57,0xce,0x77,0xce,0x77,0xce,0x77,0xce,
    0x57,0xce,0x77,0xce,0x77,0xd6,0x57,0xce,0x56,0xce,0x57,0xce,0x56,0xce,0x57,0xce,0x56,0xce,0x57,0xce,0x57,0xce,0x77,0xce,
    0x57,0xce,0x57,0xce,0x77,0xd6,0x33,0xad,0x4f,0x94,0x77,0xce,0x37,0xc6,0x36,0xce,0x37,0xc6,0x36,0xc6,0x17,0xc6,0x36,0xc6,
    0x16,0xc6,0x16,0xc6,0x16,0xc6,0x16,0xc6,0x36,0xc6,0x16,0xc6,0x16,0xc6,0x16,0xc6,0x16,0xc6,0x16,0xc6,0xf6,0xbd,0x16,0xc6,
    0x16,0xc6,0xf6,0xbd,0x16,0xbe,0xf5,0xbd,0xf5,0xbd,0xf6,0xbd,0xd5,0xb5,0xf6,0xbd,0xd5,0xbd,0xd5,0xbd,0xd5,0xbd,0xd5,0xb5,
    0xd5,0xb5,0xf5,0xbd,0xd5,0xb5,0xd6,0xbd,0xf5,0xb5,0xd5,0xb5,0xd5,0xb5,0xd6,0xb5,0xd6,0xb5,0xb5,0xad,0xb5,0xad,0xb5,0xad,
    0x98,0xd6,0x98,0xd6,0x98,0xce,0x98,0xd6,0x78,0xd6,0x97,0xce,0x77,0xce,0x78,0xd6,0x98,0xd6,0x98,0xd6,0x98,0xce,0x98,0xd6,
    0x98,0xd6,0x97,0xce,0x98,0xd6,0x98,0xd6,0x98,0xd6,0xad,0x7b,0xd2,0xa4,0xb8,0xce,0x57,0xce,0x57,0xce,0x57,0xc6,0x36,0xce,
    0x77,0xce,0x58,0xce,0x77,0xce,0x77,0xce,0x57,0xce,0x77,0xce,0x77,0xce,0x77,0xce,0x77,0xce,0x77,0xd6,0x77,0xce,0x77,0xd6,
    0x77,0xce,0x57,0xce,0x77,0xce,0x77,0xce,0x77,0xce,0x98,0xd6,0x98,0xce,0x98,0xd6,0x77,0xce,0x98,0xd6,0x98,0xd6,0x98,0xd6,
    0x77,0xd6,0x77,0xd6,0x97,0xd6,0x78,0xce,0x78,0xd6,0x97,0xce,0x98,0xd6,0x77,0xce,0x98,0xd6,0x98,0xce,0x98,0xd6,0x98,0xd6,
    0x78,0xce,0x77,0xd6,0x77,0xce,0x78,0xce,0x77,0xd6,0x77,0xce,0x77,0xd6,0x77,0xd6,0x77,0xd6,0x78,0xce,0x78,0xd6,0x77,0xce,
    0x98,0xd6,0x78,0xd6,0x97,0xd6,0x78,0xce,0x97,0xd6,0x78,0xd6,0x77,0xce,0x77,0xd6,0x78,0xce,0x77,0xd6,0x77,0xce,0x57,0xce,
    0x57,0xce,0x56,0xce,0x57,0xce,0x57,0xce,0x77,0xce,0x57,0xce,0x56,0xc6,0x37,0xce,0x57,0xce,0x57,0xce,0x57,0xce,0x57,0xce,
    0x77,0xce,0x77,0xce,0x77,0xd6,0x77,0xce,0x57,0xce,0x77,0xce,0x57,0xce,0x57,0xce,0x57,0xce,0x57,0xce,0x56,0xce,0x57,0xce,
    0x57,0xce,0x57,0xce,0x77,0xce,0x57,0xd6,0x77,0xd6,0x77,0xce,0x77,0xce,0x77,0xce,0x77,0xce,0x57,0xce,0x77,0xce,0x57,0xce,
    0x77,0xce,0x57,0xce,0x77,0xce,0x77,0xce,0x77,0xd6,0x77,0xce,0xb8,0xd6,0x12,0xa5,0x8d,0x7b,0x77,0xd6,0x57,0xce,0x36,0xce,
    0x57,0xce,0x36,0xce,0x37,0xc6,0x36,0xc6,0x37,0xc6,0x36,0xc6,0x37,0xc6,0x36,0xc6,0x16,0xc6,0x36,0xc6,0x16,0xc6,0x36,0xc6,
    0x16,0xc6,0x16,0xc6,0x16,0xc6,0x16,0xc6,0x16,0xbe,0xf6,0xc5,0x15,0xc6,0xf6,0xbd,0x16,0xbe,0xf6,0xbd,0x15,0xbe,0xf6,0xbd,
    0xf5,0xbd,0xf6,0xbd,0xf5,0xbd,0xd6,0xbd,0xf5,0xbd,0xf6,0xbd,0xf6,0xbd,0xf5,0xbd,0xf6,0xc5,0xf5,0xbd,0xd6,0xbd,0xf5,0xb5,
    0xd5,0xb5,0xd5,0xbd,0xd6,0xbd,0xd5,0xb5,0x77,0xd6,0x98,0xd6,0x98,0xd6,0x98,0xd6,0x98,0xd6,0x98,0xd6,0x77,0xce,0x77,0xce,
    0x98,0xd6,0x98,0xd6,0x98,0xd6,0x97,0xce,0x78,0xd6,0x98,0xd6,0x78,0xd6,0x77,0xce,0x98,0xd6,0xd8,0xde,0x98,0xd6,0x57,0xce,
    0x77,0xce,0x57,0xce,0x77,0xce,0x57,0xce,0x57,0xce,0x77,0xd6,0x97,0xd6,0x78,0xce,0x77,0xce,0x57,0xd6,0x77,0xce,0x57,0xce,
    0x57,0xce,0x77,0xd6,0x78,0xce,0x57,0xce,0x77,0xce,0x57,0xce,0x57,0xce,0x57,0xd6,0x77,0xce,0x77,0xce,0x78,0xd6,0x98,0xd6,
    0x98,0xd6,0x97,0xd6,0x98,0xd6,0x98,0xd6,0x98,0xd6,0x98,0xd6,0x98,0xd6,0x98,0xd6,0x97,0xd6,0x78,0xd6,0x97,0xd6,0x98,0xd6,
    0x77,0xce,0x78,0xd6,0x77,0xce,0x77,0xce,0x98,0xd6,0x77,0xce,0x78,0xd6,0x77,0xce,0x98,0xd6,0x98,0xd6,0x98,0xd6,0x98,0xd6,
    0x98,0xd6,0x98,0xd6,0x98,0xd6,0x77,0xce,0x98,0xd6,0x97,0xd6,0x98,0xce,0x97,0xd6,0x77,0xd6,0x97,0xd6,0x98,0xce,0x98,0xd6,
    0x77,0xd6,0x98,0xce,0x77,0xd6,0x77,0xce,0x77,0xd6,0x77,0xce,0x77,0xce,0x77,0xce,0x77,0xce,0x57,0xce,0x56,0xce,0x57,0xce,
    0x77,0xce,0x56,0xce,0x57,0xce,0x56,0xce,0x36,0xce,0x37,0xce,0x56,0xce,0x57,0xce,0x57,0xce,0x57,0xce,0x77,0xce,0x77,0xd6,
    0x77,0xce,0x77,0xce,0x77,0xd6,0x77,0xce,0x77,0xd6,0x77,0xce,0x77,0xd6,0x77,0xce,0x78,0xce,0x77,0xd6,0x78,0xce,0x77,0xd6,
    0x78,0xce,0x77,0xd6,0x77,0xce,0x77,0xce,0x77,0xce,0x77,0xd6,0x57,0xce,0x77,0xce,0x57,0xd6,0x77,0xce,0x57,0xce,0x78,0xd6,
    0x97,0xd6,0x57,0xce,0x57,0xce,0x36,0xc6,0x37,0xce,0x56,0xce,0x37,0xce,0x56,0xce,0x37,0xce,0x36,0xc6,0x37,0xce,0x36,0xc6,
    0x37,0xc6,0x37,0xc6,0x36,0xc6,0x37,0xc6,0x36,0xc6,0x37,0xc6,0x16,0xc6,0x16,0xc6,0x16,0xc6,0x16,0xbe,0x16,0xc6,0x16,0xbe,
    0xf5,0xc5,0xf6,0xbd,0xf6,0xc5,0xf5,0xbd,0xf6,0xbd,0xf6,0xbd,0xf5,0xbd,0xf6,0xbd,0xf6,0xbd,0xf6,0xbd,0x16,0xc6,0x16,0xbe,
    0xf6,0xbd,0xf5,0xbd,0xd5,0xbd,0xd5,0xb5,0xd6,0xb5,0xd5,0xbd,0xd6,0xb5,0xd6,0xb5,0x98,0xce,0x98,0xd6,0x97,0xd6,0x98,0xd6,
    0x77,0xce,0x97,0xd6,0x98,0xd6,0x77,0xd6,0x77,0xce,0x97,0xce,0x98,0xd6,0x98,0xd6,0x98,0xd6,0x77,0xce,0x77,0xce,0x77,0xce,
    0x77,0xce,0x77,0xce,0x78,0xce,0x77,0xce,0x57,0xce,0x57,0xce,0x76,0xce,0x77,0xce,0x77,0xce,0x57,0xce,0x57,0xd6,0x97,0xd6,
    0x78,0xd6,0x77,0xce,0x77,0xce,0x77,0xd6,0x78,0xce,0x57,0xce,0x36,0xce,0x57,0xce,0x77,0xce,0x77,0xd6,0x78,0xce,0x77,0xd6,
    0x77,0xce,0x78,0xd6,0x77,0xce,0x77,0xce,0x98,0xd6,0x77,0xce,0x98,0xd6,0x97,0xce,0x98,0xd6,0x97,0xd6,0x98,0xd6,0x98,0xce,
    0x98,0xd6,0x98,0xd6,0x98,0xd6,0xb8,0xd6,0xb8,0xd6,0x98,0xd6,0x98,0xd6,0x98,0xd6,0x98,0xd6,0x97,0xd6,0x98,0xce,0x78,0xd6,
    0x98,0xd6,0x97,0xd6,0x97,0xce,0x97,0xd6,0x98,0xd6,0x97,0xd6,0xb8,0xd6,0xd9,0xd6,0x98,0xd6,0x98,0xd6,0x98,0xd6,0x98,0xd6,
    0x98,0xd6,0x98,0xd6,0x97,0xd6,0x98,0xd6,0x97,0xd6,0x97,0xd6,0x78,0xd6,0x98,0xd6,0x78,0xce,0x98,0xd6,0x77,0xce,0x78,0xd6,
    0x77,0xd6,0x77,0xce,0x77,0xd6,0x57,0xce,0x57,0xce,0x57,0xce,0x57,0xce,0x57,0xce,0x36,0xc6,0x56,0xc6,0x37,0xc6,0x36,0xc6,
    0x37,0xce,0x36,0xc6,0x36,0xce,0x37,0xc6,0x36,0xce,0x37,0xce,0x57,0xce,0x57,0xce,0x77,0xce,0x57,0xce,0x77,0xd6,0x77,0xce,
    0x77,0xd6,0x77,0xce,0x78,0xce,0x77,0xce,0x77,0xd6,0x77,0xd6,0x78,0xce,0x77,0xd6,0x78,0xce,0x57,0xce,0x77,0xd6,0x77,0xce,
    0x57,0xce,0x57,0xce,0x57,0xce,0x57,0xce,0x56,0xce,0x37,0xce,0x56,0xce,0x37,0xc6,0x36,0xc6,0x57,0xce,0x36,0xc6,0x37,0xce,
    0x36,0xc6,0x37,0xc6,0x36,0xc6,0x36,0xce,0x16,0xc6,0x16,0xc6,0x36,0xce,0x16,0xc6,0x16,0xc6,0x16,0xc6,0x36,0xc6,0x16,0xbe,
    0x16,0xc6,0x16,0xc6,0x16,0xc6,0x16,0xc6,0x16,0xc6,0xf6,0xbd,0xf5,0xc5,0x16,0xbe,0xf6,0xbd,0x15,0xc6,0xf6,0xbd,0xd5,0xbd,
    0xf5,0xbd,0xf5,0xbd,0xf5,0xbd,0xf6,0xbd,0xf5,0xbd,0xf6,0xbd,0xd5,0xbd,0xd6,0xb5,0xb6,0xb5,0xd5,0xad,0xd6,0xb5,0xb5,0xb5,
    0x98,0xd6,0x77,0xd6,0x77,0xce,0x97,0xd6,0x77,0xce,0x77,0xd6,0x98,0xce,0x77,0xd6,0x77,0xce,0x78,0xd6,0x98,0xce,0x98,0xd6,
    0x77,0xce,0x78,0xce,0x57,0xce,0x57,0xce,0x57,0xce,0x77,0xd6,0x57,0xce,0x57,0xce,0x56,0xce,0x57,0xce,0x36,0xce,0x57,0xce,
    0x57,0xce,0x57,0xce,0x56,0xce,0x57,0xce,0x77,0xce,0x77,0xce,0x78,0xd6,0x77,0xce,0x97,0xd6,0x12,0xa5,0xb0,0x9c,0x98,0xd6,
    0x57,0xce,0x77,0xce,0x77,0xd6,0x77,0xce,0x78,0xd6,0x77,0xce,0x98,0xd6,0x98,0xd6,0x98,0xce,0x98,0xd6,0x97,0xd6,0x78,0xd6,
    0x98,0xd6,0x98,0xce,0x98,0xd6,0x98,0xd6,0x98,0xd6,0x98,0xd6,0x98,0xde,0xb8,0xd6,0x98,0xde,0xb8,0xde,0xb8,0xd6,0xb8,0xd6,
    0x98,0xd6,0x98,0xd6,0x98,0xd6,0x97,0xd6,0x97,0xd6,0x98,0xd6,0x98,0xd6,0x97,0xd6,0x98,0xd6,0x98,0xd6,0x36,0xce,0x52,0xb5,
    0x97,0xd6,0x98,0xce,0x77,0xd6,0x98,0xd6,0x98,0xce,0x77,0xd6,0x98,0xd6,0x97,0xd6,0x98,0xd6,0x77,0xd6,0x97,0xd6,0x77,0xd6,
    0x77,0xce,0x77,0xd6,0x77,0xce,0x77,0xce,0x57,0xce,0x56,0xce,0x57,0xce,0x56,0xce,0x56,0xce,0x36,0xce,0x57,0xc6,0x57,0xd6,
    0x77,0xce,0x37,0xce,0x36,0xc6,0x37,0xce,0x36,0xc6,0x37,0xce,0x56,0xc6,0x37,0xce,0x36,0xc6,0x36,0xc6,0x16,0xc6,0x36,0xc6,
    0x36,0xce,0x37,0xc6,0x37,0xce,0x57,0xce,0x57,0xce,0xb8,0xd6,0x77,0xd6,0x57,0xce,0x77,0xce,0x77,0xce,0x77,0xd6,0x77,0xce,
    0x77,0xd6,0x77,0xce,0x77,0xce,0x57,0xce,0x57,0xce,0x56,0xce,0x57,0xce,0x56,0xce,0x57,0xc6,0x57,0xce,0x57,0xce,0x36,0xce,
    0x57,0xce,0x36,0xc6,0x37,0xce,0x57,0xc6,0x36,0xce,0x36,0xce,0x36,0xc6,0x17,0xc6,0x36,0xc6,0x37,0xc6,0x16,0xc6,0x16,0xc6,
    0x16,0xc6,0x37,0xc6,0x16,0xc6,0x16,0xc6,0x16,0xc6,0x16,0xc6,0x16,0xc6,0x16,0xbe,0x16,0xc6,0x15,0xc6,0x16,0xbe,0xf5,0xbd,
    0x16,0xbe,0xf5,0xbd,0xf5,0xbd,0xf6,0xbd,0xf5,0xbd,0xd6,0xbd,0xd5,0xbd,0xf5,0xbd,0xd5,0xbd,0xd5,0xbd,0xd6,0xb5,0xd6,0xad,
    0xb5,0xb5,0xb6,0xad,0x95,0xad,0xb5,0xad,0x97,0xd6,0x77,0xce,0x78,0xce,0x77,0xd6,0x78,0xce,0x98,0xd6,0x77,0xce,0x77,0xd6,
    0x77,0xce,0x77,0xce,0x77,0xd6,0x78,0xce,0x57,0xce,0x57,0xce,0x77,0xce,0x57,0xd6,0x77,0xce,0x77,0xce,0x77,0xd6,0x77,0xce,
    0x57,0xce,0x57,0xce,0x57,0xce,0x77,0xce,0x77,0xd6,0x56,0xce,0x36,0xce,0x37,0xce,0x57,0xce,0x57,0xce,0x77,0xd6,0x77,0xce,
    0x77,0xd6,0x77,0xce,0x78,0xd6,0x77,0xd6,0x77,0xce,0x78,0xd6,0x98,0xce,0x77,0xd6,0x98,0xce,0x78,0xd6,0x77,0xce,0x98,0xd6,
    0x98,0xd6,0x98,0xd6,0x97,0xd6,0x78,0xce,0x98,0xd6,0x98,0xd6,0x98,0xce,0x78,0xd6,0x98,0xd6,0x98,0xd6,0x97,0xd6,0x98,0xd6,
    0x97,0xd6,0x98,0xd6,0xb8,0xd6,0x98,0xde,0xb8,0xd6,0x98,0xd6,0x97,0xce,0x98,0xd6,0x98,0xd6,0x77,0xd6,0x97,0xd6,0x98,0xd6,
    0x77,0xce,0xd8,0xde,0x95,0xb5,0x6c,0x7b,0x98,0xd6,0x97,0xd6,0x77,0xd6,0x77,0xd6,0x97,0xd6,0x78,0xce,0x77,0xce,0x77,0xd6,
    0x77,0xd6,0x98,0xd6,0x77,0xd6,0x77,0xd6,0x77,0xce,0x77,0xce,0x77,0xd6,0x77,0xce,0x57,0xce,0x56,0xd6,0x37,0xce,0x57,0xce,
    0x37,0xce,0x36,0xc6,0x56,0xce,0xb4,0xbd,0x54,0xb5,0x36,0xc6,0x16,0xc6,0x16,0xc6,0x36,0xc6,0x36,0xc6,0x16,0xc6,0x16,0xc6,
    0x16,0xc6,0x16,0xc6,0x16,0xc6,0x16,0xc6,0x16,0xc6,0x16,0xc6,0x16,0xc6,0x36,0xc6,0x16,0xc6,0x0f,0x84,0x73,0xb5,0x57,0xce,
    0x36,0xce,0x57,0xce,0x57,0xce,0x36,0xce,0x57,0xce,0x56,0xce,0x37,0xce,0x57,0xce,0x56,0xce,0x57,0xce,0x37,0xc6,0x57,0xce,
    0x56,0xce,0x57,0xce,0x36,0xce,0x57,0xc6,0x36,0xce,0x36,0xc6,0x37,0xc6,0x36,0xce,0x37,0xc6,0x36,0xc6,0x36,0xce,0x16,0xc6,
    0x36,0xce,0x36,0xc6,0x16,0xc6,0x37,0xc6,0xf5,0xbd,0xf5,0xbd,0x16,0xc6,0x16,0xbe,0xf6,0xbd,0x16,0xc6,0x16,0xc6,0x16,0xbe,
    0x16,0xbe,0xf6,0xbd,0x16,0xc6,0x16,0xbe,0xf6,0xc5,0xf6,0xbd,0xf5,0xbd,0xd5,0xbd,0xd6,0xbd,0xd5,0xbd,0xd5,0xbd,0xd5,0xb5,
    0xb5,0xb5,0xb5,0xbd,0xd5,0xb5,0xb5,0xb5,0xb5,0xb5,0xb5,0xad,0xb5,0xad,0x95,0xad,0x78,0xce,0x77,0xd6,0x77,0xce,0x78,0xce,
    0x77,0xd6,0x98,0xce,0x77,0xd6,0x77,0xce,0x57,0xce,0x57,0xce,0x77,0xce,0x78,0xd6,0x77,0xce,0x77,0xce,0x57,0xce,0x77,0xce,
    0x57,0xce,0x57,0xce,0x77,0xce,0x57,0xce,0x77,0xce,0x57,0xce,0x77,0xce,0x77,0xd6,0x57,0xce,0x57,0xce,0x37,0xc6,0x56,0xce,
    0x57,0xce,0x77,0xce,0x78,0xd6,0x97,0xd6,0x78,0xce,0x57,0xce,0x76,0xce,0x77,0xce,0x77,0xd6,0x97,0xce,0x78,0xd6,0x98,0xce,
    0x78,0xd6,0x98,0xce,0x97,0xd6,0x97,0xd6,0x77,0xd6,0x98,0xd6,0x77,0xce,0x97,0xd6,0x77,0xd6,0x78,0xce,0x77,0xd6,0x97,0xd6,
    0x97,0xd6,0x98,0xd6,0x98,0xd6,0x97,0xd6,0xb8,0xd6,0x97,0xd6,0x98,0xd6,0x98,0xd6,0x97,0xd6,0x78,0xd6,0x97,0xd6,0x97,0xd6,
    0x77,0xd6,0x98,0xd6,0x77,0xce,0x77,0xd6,0x98,0xd6,0x77,0xce,0xb8,0xd6,0x97,0xd6,0x98,0xce,0x78,0xd6,0x77,0xce,0x77,0xce,
    0x77,0xce,0x77,0xd6,0x77,0xd6,0x77,0xce,0x77,0xce,0x57,0xce,0x77,0xd6,0x77,0xce,0x57,0xd6,0x57,0xce,0x77,0xd6,0x57,0xce,
    0x77,0xce,0x57,0xce,0x57,0xce,0x57,0xce,0x56,0xce,0x57,0xce,0x57,0xce,0xee,0x83,0x70,0x8c,0x37,0xce,0xf6,0xbd,0x16,0xc6,
    0x16,0xc6,0x16,0xc6,0x16,0xc6,0x16,0xc6,0x16,0xc6,0x36,0xbe,0x16,0xc6,0x16,0xbe,0xf6,0xbd,0x15,0xc6,0xf6,0xbd,0x16,0xc6,
    0xf5,0xbd,0x30,0x8c,0x74,0xad,0x36,0xc6,0x16,0xc6,0x16,0xc6,0x16,0xc6,0x36,0xc6,0x16,0xc6,0x36,0xc6,0x36,0xce,0x16,0xc6,
    0x36,0xc6,0x16,0xc6,0x36,0xc6,0x16,0xc6,0x16,0xc6,0x16,0xc6,0x36,0xc6,0x16,0xc6,0x16,0xc6,0x16,0xc6,0x16,0xc6,0x16,0xc6,
    0x16,0xc6,0x16,0xc6,0x16,0xc6,0x16,0xc6,0xf6,0xc5,0x16,0xbe,0xf6,0xbd,0x16,0xc6,0xea,0x62,0xb1,0x9c,0x37,0xc6,0xf5,0xbd,
    0xf5,0xbd,0xf5,0xbd,0xf6,0xbd,0xf5,0xbd,0xf5,0xbd,0xd5,0xbd,0xf5,0xbd,0xd5,0xbd,0xd5,0xbd,0xd5,0xb5,0xd5,0xbd,0xd5,0xbd,
    0xd5,0xbd,0xb5,0xb5,0xb5,0xb5,0xb5,0xbd,0xb4,0xb5,0xb5,0xad,0x95,0xad,0x95,0xa5,0x95,0xa5,0x95,0xa5,0x75,0xa5,0x95,0xa5,
    0x36,0xce,0x37,0xce,0x57,0xce,0x77,0xce,0x77,0xce,0x57,0xce,0x56,0xce,0x57,0xce,0x57,0xce,0x37,0xc6,0x57,0xce,0x57,0xce,
    0x57,0xce,0x57,0xce,0x57,0xce,0x36,0xce,0x37,0xc6,0x57,0xce,0x57,0xce,0x57,0xce,0x37,0xce,0x77,0xce,0x57,0xce,0x57,0xce,
    0x57,0xce,0x77,0xce,0x56,0xce,0x57,0xce,0x57,0xce,0x77,0xce,0x77,0xce,0x77,0xd6,0x77,0xce,0x77,0xd6,0x78,0xd6,0x77,0xd6,
    0x77,0xd6,0x98,0xd6,0x77,0xd6,0x98,0xd6,0x77,0xce,0x97,0xd6,0x98,0xd6,0x98,0xd6,0x77,0xd6,0x98,0xd6,0x77,0xd6,0x98,0xd6,
    0x77,0xce,0x77,0xd6,0x77,0xce,0x77,0xce,0x77,0xd6,0x97,0xd6,0x97,0xd6,0x98,0xd6,0x77,0xd6,0x98,0xd6,0x97,0xd6,0x97,0xd6,
    0x78,0xd6,0x97,0xd6,0x78,0xd6,0x77,0xd6,0x98,0xd6,0x77,0xd6,0x97,0xd6,0x78,0xce,0x77,0xd6,0x77,0xce,0x77,0xd6,0x78,0xd6,
    0x77,0xce,0x77,0xd6,0x77,0xce,0x77,0xd6,0x77,0xce,0x78,0xce,0x57,0xce,0x57,0xce,0x56,0xce,0x57,0xce,0x57,0xce,0x57,0xce,
    0x56,0xce,0x57,0xce,0x57,0xce,0x57,0xd6,0x57,0xce,0x57,0xce,0x56,0xce,0x57,0xc6,0x36,0xc6,0x36,0xc6,0x16,0xc6,0x17,0xc6,
    0x57,0xc6,0xf5,0xbd,0xf5,0xbd,0xf6,0xbd,0xf6,0xbd,0xf5,0xbd,0xf6,0xbd,0xf6,0xbd,0xf6,0xbd,0xf6,0xbd,0xd5,0xbd,0xf5,0xbd,
    0xf6,0xbd,0xf5,0xbd,0xf6,0xbd,0xf5,0xbd,0xf6,0xbd,0x56,0xc6,0x16,0xc6,0xf6,0xbd,0xf5,0xbd,0xf6,0xbd,0xf6,0xc5,0xf6,0xbd,
    0xf6,0xbd,0xf5,0xc5,0xf6,0xbd,0xf5,0xc5,0xf6,0xbd,0xf6,0xc5,0xf5,0xbd,0xd6,0xbd,0xf5,0xbd,0xf6,0xbd,0xf5,0xbd,0xf6,0xbd,
    0xf6,0xbd,0xf5,0xbd,0x16,0xbe,0x16,0xbe,0xf6,0xbd,0x16,0xbe,0x16,0xc6,0xf6,0xbd,0x16,0xbe,0xf5,0xbd,0x16,0xbe,0xb4,0xb5,
    0xb1,0x94,0x94,0xb5,0xf6,0xbd,0xd5,0xbd,0xd5,0xbd,0xd5,0xbd,0xd5,0xbd,0xd5,0xbd,0xd5,0xb5,0xd5,0xbd,0xb5,0xb5,0xd5,0xbd,
    0xd5,0xbd,0xd5,0xb5,0xd5,0xb5,0xd5,0xb5,0xb5,0xb5,0xb4,0xb5,0xb4,0xb5,0xb5,0xb5,0xb5,0xad,0x94,0xb5,0xb5,0xb5,0x95,0xa5,
    0x94,0xa5,0x95,0xa5,0x95,0xa5,0x74,0x9d,0x77,0xce,0x57,0xce,0x77,0xce,0x57,0xce,0x77,0xd6,0x57,0xce,0x37,0xce,0x36,0xc6,
    0x37,0xc6,0x16,0xc6,0x36,0xc6,0x37,0xce,0x56,0xc6,0x57,0xce,0x56,0xce,0x37,0xc6,0x56,0xce,0x57,0xce,0x57,0xce,0x57,0xce,
    0x77,0xce,0x77,0xd6,0x77,0xce,0x77,0xd6,0x77,0xce,0x77,0xd6,0x57,0xce,0x57,0xce,0x57,0xce,0x77,0xce,0x77,0xd6,0x77,0xd6,
    0x78,0xce,0x97,0xd6,0x77,0xd6,0x77,0xce,0x98,0xd6,0x97,0xd6,0x98,0xd6,0x98,0xd6,0x97,0xd6,0x78,0xd6,0x97,0xd6,0x98,0xd6,
    0x77,0xd6,0x97,0xd6,0x78,0xd6,0x97,0xd6,0x78,0xd6,0x77,0xce,0x77,0xce,0x77,0xd6,0x77,0xce,0x57,0xce,0x77,0xce,0x57,0xd6,
    0x77,0xce,0x97,0xd6,0x78,0xd6,0x77,0xd6,0x97,0xce,0x77,0xd6,0x77,0xce,0x77,0xce,0x77,0xce,0x57,0xce,0x77,0xce,0x77,0xd6,
    0x77,0xce,0x77,0xd6,0x77,0xce,0x77,0xce,0x57,0xce,0x57,0xce,0x57,0xce,0x36,0xce,0x36,0xce,0x37,0xce,0x56,0xce,0x36,0xce,
    0x37,0xc6,0x36,0xce,0x36,0xc6,0x37,0xce,0x36,0xc6,0x37,0xce,0x36,0xc6,0x56,0xce,0x36,0xc6,0x36,0xce,0x37,0xc6,0x16,0xc6,
    0x16,0xc6,0x17,0xc6,0x16,0xc6,0x16,0xc6,0xf5,0xbd,0xf6,0xbd,0xd5,0xbd,0xf5,0xbd,0xd6,0xbd,0xd5,0xb5,0xd5,0xb5,0xd6,0xbd,
    0xd5,0xbd,0xd5,0xb5,0xd5,0xbd,0xf5,0xbd,0xf5,0xbd,0xf6,0xbd,0xf5,0xbd,0xf5,0xbd,0xf5,0xbd,0xd6,0xbd,0xf5,0xbd,0xf5,0xbd,
    0xf6,0xbd,0xf5,0xbd,0xf5,0xbd,0xf5,0xbd,0xf5,0xbd,0xd5,0xbd,0xf6,0xbd,0xf5,0xbd,0xf5,0xbd,0xf5,0xbd,0xd6,0xbd,0xf5,0xc5,
    0xf6,0xbd,0xf5,0xbd,0xf6,0xc5,0xf6,0xc5,0x16,0xc6,0x16,0xc6,0x16,0xc6,0xf6,0xc5,0x15,0xc6,0xf6,0xbd,0xf5,0xc5,0x16,0xc6,
    0xf5,0xc5,0x16,0xc6,0xf6,0xc5,0x16,0xc6,0x37,0xc6,0x16,0xc6,0xf5,0xbd,0x16,0xbe,0xf5,0xbd,0xf5,0xbd,0xd5,0xb5,0xd5,0xbd,
    0xd5,0xb5,0xd5,0xbd,0xd5,0xbd,0xb5,0xbd,0xd5,0xb5,0xb5,0xb5,0xd5,0xb5,0xd5,0xb5,0xd5,0xb5,0xb5,0xb5,0xb5,0xad,0x95,0xad,
    0xb5,0xad,0x95,0xad,0x94,0xad,0x95,0xa5,0x95,0xa5,0x94,0xa5,0x75,0xa5,0x75,0x9d,0x77,0xce,0x77,0xd6,0x97,0xd6,0x77,0xce,
    0x78,0xd6,0x77,0xce,0x77,0xd6,0x77,0xce,0x57,0xce,0x57,0xce,0x57,0xce,0x57,0xce,0x57,0xce,0x77,0xce,0x57,0xce,0x56,0xce,
    0x57,0xce,0x37,0xc6,0x56,0xce,0x57,0xce,0x57,0xce,0x77,0xce,0x57,0xd6,0x77,0xd6,0x98,0xd6,0x77,0xd6,0x98,0xce,0x77,0xce,
    0x77,0xd6,0x77,0xce,0x77,0xd6,0x77,0xd6,0x78,0xce,0x98,0xd6,0x77,0xd6,0x78,0xd6,0x97,0xd6,0x98,0xd6,0x98,0xd6,0x97,0xd6,
    0x78,0xd6,0x77,0xce,0x77,0xd6,0x97,0xce,0x78,0xd6,0x77,0xd6,0x77,0xd6,0x77,0xce,0x77,0xd6,0x77,0xce,0x57,0xce,0x57,0xce,
    0x57,0xce,0x57,0xce,0x57,0xce,0x77,0xce,0x57,0xce,0x77,0xce,0x77,0xce,0x77,0xd6,0x77,0xce,0x77,0xd6,0x57,0xce,0x57,0xd6,
    0x57,0xce,0x57,0xce,0x57,0xce,0x57,0xce,0x77,0xd6,0xb5,0xb5,0xad,0x83,0x36,0xc6,0x36,0xce,0x36,0xc6,0x37,0xce,0x16,0xc6,
    0x16,0xbe,0x36,0xc6,0x16,0xc6,0x16,0xc6,0x16,0xc6,0x16,0xc6,0x36,0xc6,0x16,0xc6,0x36,0xc6,0x16,0xc6,0x16,0xc6,0x16,0xc6,
    0xf6,0xbd,0x16,0xc6,0x16,0xc6,0x16,0xc6,0x16,0xc6,0xf5,0xbd,0xf6,0xbd,0x16,0xbe,0xf6,0xc5,0x15,0xbe,0x16,0xbe,0xf6,0xbd,
    0xd6,0xb5,0xd5,0xbd,0xd6,0xb5,0xd5,0xb5,0xf5,0xb5,0xd5,0xb5,0xd6,0xb5,0xb5,0xb5,0xb5,0xb5,0xb5,0xb5,0xd5,0xb5,0xd6,0xb5,
    0xd5,0xbd,0xb5,0xb5,0xd5,0xbd,0xd5,0xbd,0xd5,0xbd,0xf5,0xbd,0xf6,0xbd,0xf5,0xbd,0xf6,0xbd,0xf5,0xbd,0x16,0xc6,0xf6,0xbd,
    0x16,0xc6,0x16,0xc6,0x15,0xc6,0x16,0xc6,0x16,0xc6,0x16,0xc6,0x16,0xc6,0x16,0xc6,0x36,0xc6,0x16,0xc6,0x16,0xc6,0x36,0xc6,
    0x16,0xc6,0x16,0xc6,0x16,0xbe,0x16,0xc6,0x16,0xc6,0x16,0xbe,0x15,0xc6,0x16,0xc6,0xf5,0xbd,0x16,0xbe,0xf5,0xbd,0xf6,0xbd,
    0xf5,0xbd,0xd6,0xbd,0xf5,0xbd,0xf6,0xbd,0xd5,0xbd,0xd5,0xbd,0xd5,0xb5,0xb5,0xbd,0xb5,0xb5,0xb5,0xb5,0xb5,0xad,0x95,0xad,
    0x95,0xad,0xb5,0xad,0x95,0xad,0x95,0xad,0x95,0xad,0x95,0xa5,0x94,0xa5,0x95,0xa5,0x74,0xa5,0x75,0x9d,0x74,0x9d,0x54,0x9d,
    0x78,0xd6,0x98,0xd6,0x98,0xd6,0x77,0xd6,0x97,0xce,0x77,0xd6,0x77,0xce,0x77,0xce,0x57,0xd6,0x77,0xce,0x57,0xce,0x56,0xce,
    0x57,0xce,0x57,0xce,0x57,0xce,0x57,0xce,0x57,0xce,0x36,0xce,0x57,0xc6,0x56,0xce,0x57,0xce,0x77,0xd6,0x97,0xce,0x98,0xd6,
    0x77,0xce,0x77,0xd6,0x77,0xce,0x77,0xd6,0x78,0xce,0x77,0xd6,0x77,0xce,0x78,0xd6,0x77,0xce,0x97,0xd6,0x78,0xd6,0x97,0xd6,
    0x78,0xce,0x77,0xd6,0x77,0xd6,0x77,0xce,0x77,0xd6,0x97,0xd6,0x78,0xce,0x77,0xd6,0x77,0xce,0x77,0xce,0x77,0xce,0x78,0xce,
    0x77,0xce,0x57,0xce,0x57,0xce,0x57,0xce,0x56,0xce,0x36,0xc6,0x36,0xce,0x36,0xce,0x37,0xce,0x57,0xce,0x36,0xce,0x57,0xce,
    0x37,0xc6,0x56,0xce,0x57,0xce,0x56,0xce,0x57,0xce,0x36,0xc6,0x36,0xce,0x36,0xc6,0x37,0xce,0xd5,0xbd,0xb4,0xb5,0x57,0xce,
    0x16,0xc6,0x16,0xc6,0xf6,0xbd,0xf5,0xbd,0x16,0xc6,0xf6,0xbd,0xf6,0xbd,0xf6,0xbd,0xf6,0xbd,0x16,0xbe,0xf6,0xbd,0x16,0xbe,
    0x16,0xc6,0x16,0xc6,0xf6,0xbd,0xf6,0xbd,0x16,0xc6,0xf6,0xbd,0x16,0xc6,0xf5,0xbd,0xf6,0xbd,0xf5,0xbd,0xf5,0xbd,0xf5,0xbd,
    0xf6,0xbd,0xf6,0xc5,0xf5,0xbd,0xf6,0xbd,0xd5,0xb5,0xd5,0xbd,0xd5,0xbd,0xd5,0xbd,0xd6,0xbd,0xb5,0xb5,0xb5,0xb5,0xb5,0xb5,
    0xb5,0xb5,0xd6,0xb5,0xb5,0xad,0xb5,0xad,0xb5,0xad,0xb5,0xb5,0xb5,0xb5,0xb5,0xb5,0xb6,0xb5,0xb5,0xb5,0xd5,0xbd,0xd5,0xbd,
    0xd5,0xbd,0xf6,0xbd,0xf5,0xbd,0x16,0xc6,0x15,0xc6,0x16,0xc6,0x36,0xc6,0x16,0xc6,0x16,0xc6,0x16,0xc6,0x36,0xc6,0x16,0xc6,
    0x36,0xc6,0x36,0xc6,0x36,0xce,0x36,0xc6,0x36,0xc6,0x16,0xc6,0x36,0xc6,0x16,0xc6,0x16,0xc6,0x15,0xc6,0xf5,0xbd,0xf5,0xbd,
    0x15,0xc6,0xf6,0xbd,0xf6,0xc5,0xf5,0xbd,0xf5,0xbd,0xf5,0xbd,0xd5,0xbd,0xf5,0xbd,0xd5,0xbd,0xd5,0xbd,0xd5,0xbd,0xb5,0xb5,
    0xb5,0xb5,0xb5,0xb5,0x95,0xad,0xb5,0xad,0x94,0xb5,0x94,0xb5,0xb4,0xb5,0x95,0xad,0xb5,0xad,0x94,0xad,0x95,0xad,0x94,0xad,
    0x95,0xa5,0x94,0xa5,0x75,0xa5,0xb5,0xa5,0x77,0xce,0x77,0xce,0x77,0xd6,0x77,0xce,0x77,0xd6,0x77,0xce,0x78,0xd6,0x77,0xd6,
    0x77,0xce,0x78,0xd6,0x77,0xd6,0x97,0xce,0x77,0xce,0x77,0xd6,0x77,0xce,0x77,0xce,0x57,0xce,0x57,0xce,0x57,0xce,0x57,0xce,
    0x57,0xce,0x57,0xce,0x77,0xce,0x98,0xd6,0x77,0xd6,0x77,0xce,0x77,0xd6,0x77,0xce,0x77,0xd6,0x77,0xce,0x36,0xce,0x36,0xce,
    0x77,0xce,0x77,0xce,0x77,0xd6,0x77,0xce,0x77,0xce,0x77,0xce,0x77,0xce,0x57,0xce,0x57,0xce,0x57,0xce,0x57,0xce,0x57,0xce,
    0x57,0xce,0x57,0xce,0x57,0xce,0x36,0xce,0x57,0xce,0x36,0xc6,0x16,0xc6,0x16,0xc6,0x16,0xc6,0xf6,0xc5,0x16,0xbe,0xf6,0xc5,
    0x16,0xbe,0x16,0xc6,0x16,0xc6,0x16,0xc6,0x36,0xc6,0x36,0xc6,0x17,0xc6,0x36,0xc6,0x36,0xc6,0x16,0xc6,0x16,0xc6,0x16,0xc6,
    0xf6,0xbd,0x16,0xc6,0x37,0xc6,0x16,0xc6,0x16,0xbe,0xf5,0xbd,0xf5,0xbd,0xf6,0xbd,0xf5,0xbd,0xf6,0xbd,0x16,0xc6,0xf5,0xbd,
    0xf6,0xc5,0xf5,0xbd,0xf5,0xbd,0xf6,0xc5,0x16,0xc6,0xf6,0xbd,0xf5,0xbd,0xf5,0xbd,0xf5,0xbd,0x16,0xbe,0xf5,0xbd,0xf6,0xbd,
    0xd5,0xb5,0xd5,0xbd,0xd6,0xbd,0xf5,0xbd,0xd5,0xbd,0xd5,0xb5,0xd5,0xbd,0xf6,0xb5,0xd6,0xb5,0xd5,0xbd,0xd5,0xb5,0xb5,0xbd,
    0xd5,0xb5,0xd5,0xbd,0xb5,0xbd,0xb5,0xb5,0xd6,0xad,0xd5,0xb5,0xd6,0xb5,0xd6,0xb5,0xd6,0xb5,0xd6,0xb5,0xd5,0xb5,0xb5,0xb5,
    0xd5,0xbd,0xd5,0xb5,0xb5,0xb5,0xd5,0xb5,0xd5,0xbd,0xf5,0xbd,0xf6,0xbd,0xf5,0xc5,0xf5,0xbd,0xf6,0xc5,0x16,0xc6,0x16,0xc6,
    0xf5,0xbd,0xf6,0xc5,0xf5,0xbd,0x16,0xc6,0x15,0xc6,0x16,0xc6,0x16,0xc6,0x16,0xce,0x16,0xc6,0x16,0xc6,0x15,0xc6,0x15,0xc6,
    0x16,0xc6,0xf6,0xc5,0x16,0xbe,0x16,0xc6,0xf5,0xc5,0x15,0xc6,0xf6,0xbd,0xf5,0xbd,0xd5,0xbd,0xf5,0xbd,0xd5,0xb5,0xd5,0xbd,
    0xd5,0xb5,0xd5,0xbd,0xd5,0xb5,0xb5,0xbd,0xb4,0xb5,0xb5,0xbd,0xb4,0xb5,0xb5,0xb5,0xb5,0xb5,0xb5,0xb5,0xb5,0xbd,0xd5,0xb5,
    0xd5,0xb5,0xd5,0xb5,0xb5,0xb5,0xb5,0xb5,0xb5,0xb5,0xb5,0xb5,0x95,0xad,0x13,0x9d,0x77,0xce,0x57,0xce,0x77,0xce,0x57,0xce,
    0x77,0xce,0x77,0xd6,0x78,0xce,0x97,0xd6,0x77,0xd6,0x98,0xce,0x77,0xce,0x78,0xd6,0x77,0xce,0x77,0xd6,0x77,0xce,0x57,0xce,
    0x77,0xce,0x77,0xd6,0x77,0xce,0x77,0xd6,0x77,0xd6,0x77,0xce,0x77,0xd6,0x77,0xd6,0x97,0xce,0x57,0xce,0x57,0xce,0x57,0xce,
    0x77,0xce,0x78,0xd6,0xcd,0x7b,0xd1,0xa4,0x77,0xd6,0x37,0xc6,0x56,0xce,0x57,0xce,0x57,0xce,0x57,0xce,0x56,0xce,0x57,0xce,
    0x36,0xc6,0x16,0xc6,0x16,0xc6,0x16,0xc6,0x16,0xc6,0x16,0xc6,0x16,0xc6,0x16,0xc6,0x16,0xc6,0x16,0xc6,0xf6,0xbd,0xf6,0xc5,
    0x16,0xbe,0xf6,0xc5,0xf5,0xbd,0xf6,0xbd,0xf5,0xbd,0xd6,0xbd,0xf5,0xbd,0xf6,0xbd,0xf5,0xbd,0xf6,0xbd,0x16,0xc6,0xf6,0xbd,
    0x16,0xc6,0xf6,0xbd,0x16,0xbe,0xf5,0xbd,0xf5,0xbd,0xd5,0xbd,0xf6,0xbd,0xf5,0xbd,0xf6,0xbd,0xd5,0xbd,0xf6,0xbd,0xf5,0xbd,
    0xd6,0xbd,0xf5,0xbd,0xf5,0xbd,0x16,0xbe,0xf5,0xbd,0xf6,0xbd,0xf5,0xbd,0x94,0xb5,0x53,0xa5,0xd5,0xbd,0xd5,0xbd,0xd5,0xb5,
    0xd5,0xb5,0xd5,0xb5,0xd6,0xb5,0xd5,0xb5,0xd5,0xb5,0xb5,0xb5,0xd5,0xbd,0xb5,0xbd,0xd5,0xb5,0xb6,0xb5,0xd5,0xb5,0xd5,0xb5,
    0xd6,0xb5,0xd5,0xb5,0xb5,0xb5,0xd5,0xb5,0xb5,0xb5,0xb5,0xb5,0xb5,0xad,0xb5,0xad,0xb5,0xb5,0xd6,0xad,0xb5,0xad,0xd5,0xb5,
    0xb5,0xad,0xb5,0xb5,0xd5,0xad,0xb5,0xbd,0xd5,0xb5,0xb5,0xb5,0xd5,0xbd,0xd5,0xbd,0xf6,0xbd,0xf5,0xbd,0xf6,0xbd,0xf5,0xbd,
    0xf5,0xc5,0xf5,0xbd,0xf5,0xbd,0xf6,0xbd,0xf5,0xbd,0xf6,0xbd,0xf5,0xbd,0xf6,0xc5,0xf5,0xc5,0xf6,0xbd,0x15,0xc6,0xf6,0xbd,
    0x15,0xc6,0x16,0xc6,0x16,0xc6,0xf5,0xc5,0x16,0xc6,0x15,0xc6,0x16,0xc6,0xf5,0xc5,0x16,0xc6,0x16,0xc6,0xf5,0xbd,0xf5,0xc5,
    0xf5,0xbd,0xf6,0xbd,0xd5,0xbd,0xd5,0xbd,0xd5,0xbd,0xb5,0xb5,0xd5,0xbd,0xb5,0xb5,0xb5,0xbd,0xb5,0xb5,0xb5,0xbd,0xd5,0xb5,
    0xb4,0xbd,0xd5,0xb5,0xb5,0xbd,0xb5,0xb5,0xd5,0xbd,0xb5,0xb5,0xd5,0xbd,0xb5,0xb5,0xb4,0xb5,0xd5,0xb5,0xd2,0x94,0xe7,0x41,
    0x77,0xd6,0x77,0xce,0x77,0xd6,0x77,0xd6,0x77,0xce,0x77,0xce,0x77,0xd6,0x77,0xce,0x77,0xd6,0x77,0xce,0x77,0xd6,0x57,0xce,
    0x57,0xce,0x57,0xce,0x57,0xce,0x57,0xce,0x57,0xce,0x57,0xce,0x57,0xce,0x56,0xce,0x57,0xce,0x57,0xce,0x57,0xce,0x57,0xce,
    0x57,0xce,0x56,0xce,0x57,0xce,0x36,0xce,0x36,0xc6,0x36,0xc6,0x16,0xc6,0x16,0xc6,0x36,0xc6,0x16,0xc6,0x16,0xc6,0x16,0xc6,
    0x16,0xc6,0x16,0xc6,0x16,0xc6,0x16,0xc6,0x16,0xc6,0x16,0xbe,0x16,0xc6,0x16,0xbe,0x16,0xbe,0x16,0xc6,0x16,0xbe,0x16,0xc6,
    0x16,0xc6,0x16,0xc6,0x16,0xbe,0x15,0xc6,0x16,0xbe,0x16,0xc6,0x16,0xc6,0xf6,0xbd,0x16,0xc6,0xf5,0xbd,0xf6,0xbd,0xf5,0xbd,
    0xd6,0xbd,0xf5,0xbd,0xf5,0xbd,0xd5,0xbd,0xf6,0xbd,0xf5,0xbd,0xf5,0xbd,0xd5,0xbd,0xd5,0xb5,0xd5,0xb5,0xd5,0xbd,0xd5,0xb5,
    0xd5,0xb5,0xd5,0xb5,0xf5,0xbd,0xf6,0xbd,0xf5,0xbd,0xd5,0xbd,0xf6,0xbd,0xd5,0xbd,0xf5,0xb5,0xd6,0xbd,0xf6,0xc5,0x50,0x84,
    0xec,0x62,0x16,0xbe,0xb5,0xb5,0xb5,0xb5,0xb6,0xb5,0xb5,0xad,0xd5,0xb5,0xb5,0xad,0xb6,0xb5,0xd5,0xb5,0xb5,0xad,0xb5,0xb5,
    0xb5,0xb5,0xb5,0xb5,0xb6,0xb5,0xb5,0xad,0x95,0xad,0xb5,0xad,0x95,0xad,0xb5,0xb5,0xd6,0xad,0x95,0xad,0x95,0xad,0x95,0xa5,
    0xb5,0xad,0xb5,0xad,0x95,0xad,0xb5,0xad,0x95,0xb5,0x95,0xad,0x94,0xad,0x95,0xad,0x95,0xad,0xb5,0xad,0x94,0xb5,0x95,0xb5,
    0xb4,0xb5,0xb5,0xbd,0xd5,0xbd,0xd5,0xbd,0xd5,0xb5,0xd5,0xbd,0xd5,0xbd,0xd5,0xbd,0xd5,0xbd,0xf5,0xbd,0xf6,0xbd,0xf5,0xbd,
    0xf6,0xbd,0xf5,0xc5,0xf6,0xc5,0x15,0xbe,0xf6,0xc5,0xf5,0xbd,0xf5,0xbd,0xf6,0xc5,0x15,0xbe,0xf5,0xc5,0xf6,0xc5,0x16,0xc6,
    0x16,0xc6,0xf5,0xbd,0xf6,0xbd,0xf5,0xbd,0xd5,0xbd,0xd5,0xbd,0xd5,0xbd,0xb5,0xb5,0xb5,0xb5,0xb4,0xb5,0x95,0xb5,0xb4,0xb5,
    0xb4,0xb5,0xb5,0xbd,0xb4,0xb5,0xb5,0xb5,0xb5,0xbd,0xb4,0xb5,0xb5,0xb5,0xb4,0xb5,0xb5,0xb5,0xb5,0xb5,0xb5,0xb5,0xb5,0xb5,
    0x94,0xbd,0xb5,0xb5,0x74,0xad,0x12,0xa5,0x77,0xce,0x57,0xce,0x57,0xce,0x57,0xce,0x57,0xce,0x57,0xce,0x57,0xce,0x57,0xce,
    0x37,0xce,0x36,0xce,0x37,0xc6,0x36,0xce,0x37,0xc6,0x36,0xc6,0x36,0xc6,0x36,0xc6,0x17,0xc6,0x36,0xc6,0x16,0xc6,0x36,0xc6,
    0x16,0xc6,0x16,0xc6,0x16,0xc6,0x36,0xc6,0x16,0xc6,0x16,0xc6,0x16,0xbe,0x16,0xc6,0x16,0xbe,0x16,0xc6,0xf6,0xbd,0x16,0xbe,
    0xf6,0xbd,0x16,0xbe,0xf5,0xbd,0xf6,0xbd,0xf5,0xbd,0xf5,0xbd,0xf6,0xbd,0xf5,0xbd,0xf5,0xbd,0xf6,0xbd,0xf5,0xb5,0xf6,0xbd,
    0xf5,0xbd,0xf6,0xbd,0xf5,0xbd,0xf6,0xbd,0xf5,0xbd,0xf6,0xbd,0xd5,0xbd,0xd5,0xbd,0xd5,0xb5,0xd5,0xb5,0xb5,0xbd,0xf5,0xb5,
    0xd5,0xb5,0xd5,0xbd,0xb5,0xb5,0xd5,0xb5,0xd5,0xbd,0xd5,0xb5,0xd5,0xb5,0xd5,0xb5,0xb5,0xb5,0xd6,0xb5,0xd5,0xb5,0xb5,0xbd,
    0xd5,0xbd,0xb5,0xb5,0xb5,0xb5,0xb5,0xb5,0xb5,0xad,0xd6,0xb5,0xb5,0xb5,0xd5,0xbd,0xd5,0xbd,0xd5,0xbd,0xd5,0xbd,0xd6,0xb5,
    0xd6,0xb5,0xb5,0xb5,0xd6,0xb5,0x54,0xa5,0x54,0xa5,0xd6,0xb5,0xb5,0xb5,0xb5,0xb5,0xb5,0xad,0xb5,0xb5,0xb5,0xad,0xb5,0xb5,
    0xb5,0xb5,0xb5,0xb5,0xb5,0xb5,0xb5,0xb5,0xb5,0xb5,0xb5,0xb5,0xb5,0xad,0xb5,0xad,0xb5,0xad,0xd6,0xad,0x30,0x84,0xe8,0x41,
    0xee,0x7b,0xb5,0xad,0xb5,0xad,0x95,0xa5,0xb6,0xad,0xb5,0xb5,0xb5,0xad,0xb5,0xad,0x95,0xad,0x95,0xb5,0x95,0xb5,0x94,0xad,
    0x95,0xad,0xb5,0xad,0x95,0xb5,0x94,0xb5,0xb5,0xad,0xb5,0xb5,0x94,0xb5,0xb5,0xb5,0xb5,0xbd,0xd5,0xb5,0xb5,0xbd,0xd5,0xb5,
    0xd5,0xbd,0xd5,0xbd,0xd5,0xbd,0xf5,0xbd,0xf6,0xbd,0xf5,0xbd,0xd5,0xc5,0xd5,0xbd,0xd5,0xbd,0xf6,0xbd,0xf5,0xbd,0xf5,0xbd,
    0xd5,0xbd,0xf5,0xbd,0xd5,0xbd,0xf5,0xbd,0xd5,0xbd,0xf5,0xbd,0xf6,0xbd,0xd5,0xbd,0xd5,0xbd,0xb5,0xb5,0xb5,0xb5,0xb4,0xb5,
    0x94,0xb5,0x94,0xb5,0x94,0xad,0x95,0xad,0x94,0xb5,0x94,0xb5,0xb5,0xb5,0xb5,0xb5,0xb4,0xb5,0xb5,0xbd,0xb5,0xb5,0xd5,0xbd,
    0xb5,0xbd,0xb5,0xbd,0xd5,0xbd,0xb5,0xbd,0xd5,0xb5,0xd5,0xbd,0xd5,0xbd,0xf6,0xbd,0x37,0xce,0x37,0xc6,0x57,0xce,0x36,0xc6,
    0x37,0xce,0x36,0xc6,0x36,0xc6,0x16,0xc6,0x36,0xc6,0x37,0xc6,0x36,0xc6,0x16,0xc6,0x16,0xc6,0x16,0xc6,0x16,0xc6,0x16,0xc6,
    0x16,0xc6,0x16,0xbe,0x16,0xbe,0x16,0xc6,0xf6,0xbd,0x16,0xc6,0xf5,0xbd,0xf6,0xbd,0xf6,0xbd,0xf5,0xb5,0xf6,0xbd,0xf5,0xb5,
    0xd5,0xbd,0xf6,0xb5,0xd5,0xb5,0xf5,0xbd,0xd5,0xbd,0xf6,0xb5,0xd5,0xb5,0xf6,0xb5,0xd5,0xb5,0xd6,0xb5,0xd5,0xb5,0xb5,0xb5,
    0xd5,0xb5,0xb5,0xad,0xd6,0xad,0xb5,0xad,0xb6,0xb5,0xd5,0xad,0xb5,0xb5,0xb6,0xad,0xb5,0xad,0xb5,0xad,0xb5,0xad,0xb5,0xad,
    0xb6,0xad,0x95,0xb5,0xb6,0xb5,0xb5,0xad,0xb5,0xad,0xb5,0xad,0xb5,0xb5,0xb5,0xb5,0xb6,0xad,0xb5,0xad,0xb6,0xad,0xb5,0xad,
    0xb5,0xb5,0xb5,0xb5,0xb5,0xad,0x95,0xad,0xb5,0xad,0xb6,0xad,0xb5,0xad,0xb5,0xad,0xb6,0xb5,0xb5,0xb5,0xb5,0xad,0xb5,0xad,
    0xb5,0xb5,0xb6,0xad,0xb5,0xad,0xb5,0xb5,0xb5,0xad,0xb5,0xad,0x95,0xad,0xb4,0xad,0xb5,0xad,0xb5,0xad,0x95,0xa5,0x95,0xad,
    0xb6,0xad,0x95,0xa5,0xb5,0xad,0x95,0xad,0x95,0xad,0xb5,0xad,0x95,0xad,0x94,0xad,0x95,0xad,0x95,0xad,0xb5,0xad,0xb6,0xad,
    0x95,0xad,0xb5,0xad,0x34,0x95,0x30,0x74,0xb2,0x94,0x95,0xa5,0x95,0xa5,0x95,0xad,0x95,0xad,0x95,0xad,0xb5,0xad,0x95,0xad,
    0xb5,0xad,0xb5,0xad,0x95,0xb5,0xb5,0xad,0x95,0xb5,0x94,0xb5,0xb5,0xb5,0xb5,0xb5,0xb5,0xad,0xb5,0xb5,0x95,0xb5,0xb4,0xb5,
    0x95,0xb5,0xb4,0xb5,0xb5,0xb5,0xb5,0xbd,0xd5,0xb5,0xd5,0xbd,0xf5,0xbd,0xf6,0xbd,0xf5,0xbd,0xd5,0xbd,0xf5,0xbd,0xf5,0xbd,
    0xd5,0xbd,0xf5,0xbd,0xf6,0xbd,0xd5,0xbd,0xf5,0xbd,0xd5,0xbd,0xd5,0xbd,0xd5,0xbd,0xd5,0xbd,0xf5,0xbd,0xb5,0xbd,0xd5,0xb5,
    0xd5,0xbd,0xd5,0xbd,0xb4,0xb5,0xb5,0xb5,0x95,0xb5,0x94,0xb5,0xb5,0xb5,0x94,0xb5,0xb5,0xb5,0xb5,0xb5,0xb5,0xbd,0xd5,0xb5,
    0xb5,0xbd,0xd5,0xbd,0xd5,0xb5,0xd5,0xbd,0xf5,0xbd,0xd5,0xb5,0xd5,0xbd,0xd5,0xbd,0xf5,0xbd,0xd5,0xbd,0xf5,0xbd,0xb5,0xbd,
    0x16,0xc6,0x16,0xc6,0x16,0xbe,0x16,0xc6,0x16,0xc6,0x16,0xbe,0x16,0xc6,0x16,0xbe,0xf6,0xc5,0x16,0xbe,0xf6,0xbd,0xf5,0xc5,
    0x16,0xbe,0xf5,0xbd,0xf6,0xbd,0xf5,0xbd,0xf6,0xb5,0xd6,0xb5,0xf6,0xbd,0xd6,0xb5,0xf5,0xb5,0xd6,0xb5,0xd5,0xbd,0xf5,0xb5,
    0xd5,0xb5,0xf6,0xb5,0xd6,0xb5,0xd6,0xb5,0xd5,0xb5,0xd6,0xb5,0xd5,0xb5,0xb5,0xb5,0xb5,0xb5,0xb5,0xad,0xb5,0xb5,0xb5,0xad,
    0xb5,0xad,0xb5,0xad,0x95,0xad,0xb5,0xad,0x95,0xad,0xb5,0xad,0x95,0xad,0x95,0xa5,0xb5,0xad,0x96,0xad,0xb5,0xad,0xb5,0xad,
    0x96,0xad,0xb5,0xad,0xb5,0xb5,0xb6,0xad,0xb5,0xb5,0xb5,0xad,0xb5,0xad,0xb5,0xad,0xb5,0xb5,0xb5,0xad,0xb5,0xad,0xb5,0xad,
    0x95,0xad,0xb5,0xad,0x95,0xad,0xb5,0xad,0x95,0xad,0x95,0xad,0xb5,0xad,0xd6,0xad,0xb6,0xad,0x95,0xad,0xb5,0xad,0xb5,0xad,
    0xb5,0xad,0xb5,0xad,0xb5,0xad,0x95,0xad,0xb5,0xad,0xb5,0xad,0x95,0xa5,0x95,0xa5,0x95,0xa5,0x95,0xad,0x95,0xa5,0x95,0xa5,
    0x95,0xa5,0x74,0xa5,0x95,0xa5,0x54,0x9d,0x50,0x7c,0x95,0xa5,0x95,0xa5,0x95,0xa5,0xb5,0xa5,0x95,0xa5,0x95,0xa5,0x95,0xad,
    0x95,0xa5,0x94,0xad,0x95,0xad,0x95,0xad,0xb5,0xa5,0x95,0xa5,0x94,0xa5,0xd5,0xb5,0xb5,0xad,0x95,0xa5,0xb5,0xa5,0x94,0xa5,
    0x95,0xa5,0x94,0xa5,0x75,0xa5,0x94,0xa5,0x95,0xa5,0x75,0xa5,0x95,0xad,0x95,0xa5,0x94,0xad,0x95,0xad,0x95,0xad,0x95,0xad,
    0x95,0xad,0x95,0xad,0x94,0xad,0x94,0xb5,0xb5,0xbd,0xb5,0xbd,0xd5,0xb5,0xd5,0xbd,0xd5,0xbd,0xd5,0xbd,0xf5,0xbd,0xf5,0xbd,
    0xf5,0xc5,0xf5,0xbd,0xd5,0xc5,0xf5,0xbd,0xf5,0xbd,0xf6,0xbd,0xf5,0xbd,0xf6,0xbd,0xf5,0xbd,0xf6,0xbd,0xd5,0xbd,0xf5,0xbd,
    0xf5,0xbd,0xd5,0xbd,0xf5,0xbd,0xf5,0xbd,0xf5,0xbd,0xf5,0xbd,0xd5,0xbd,0xd5,0xbd,0xd5,0xbd,0xd5,0xbd,0xb5,0xbd,0xd5,0xb5,
    0xd5,0xbd,0xd5,0xbd,0xb5,0xbd,0xd5,0xb5,0xd5,0xbd,0xd5,0xbd,0xf5,0xbd,0xf5,0xbd,0xd5,0xbd,0xd5,0xb5,0xd5,0xbd,0xb5,0xb5,
    0x94,0xb5,0x95,0xad,0x95,0xad,0x94,0xad,0x16,0xbe,0xf6,0xbd,0x16,0xbe,0xf6,0xb5,0xf5,0xbd,0xf6,0xb5,0xf5,0xbd,0xf6,0xb5,
    0xf5,0xbd,0xf5,0xbd,0xd5,0xbd,0xf6,0xb5,0xd5,0xb5,0xf6,0xb5,0xd5,0xb5,0xd6,0xb5,0xd6,0xb5,0xd6,0xb5,0xd6,0xb5,0xd5,0xb5,
    0xd5,0xb5,0xb6,0xad,0xd5,0xad,0xb5,0xb5,0xb6,0xad,0xb5,0xad,0xb5,0xad,0xb5,0xad,0xb5,0xad,0xb5,0xad,0xb5,0xad,0xb5,0xad,
    0xb5,0xad,0xb5,0xad,0x95,0xad,0x95,0xad,0xb5,0xad,0xb5,0xad,0x95,0xad,0xb5,0xad,0x95,0xa5,0x95,0xad,0xb5,0xad,0xb6,0xad,
    0xb5,0xad,0x95,0xad,0xb5,0xb5,0xb5,0xad,0x95,0xad,0xb5,0xad,0x95,0xad,0xb5,0xad,0x95,0xad,0x95,0xa5,0x95,0xad,0x95,0xad,
    0xb5,0xa5,0x95,0xad,0x95,0xad,0x95,0xad,0x95,0xad,0xb5,0xad,0xb5,0xad,0x95,0xa5,0xb5,0xa5,0x94,0xad,0xb5,0xa5,0x50,0x84,
    0xd2,0x94,0xb5,0xa5,0x95,0xa5,0x95,0xa5,0x75,0xa5,0x75,0xa5,0x95,0xa5,0x95,0xa5,0x95,0xa5,0x95,0xa5,0x95,0xa5,0x75,0xad,
    0x95,0xa5,0x75,0xa5,0x74,0xa5,0x95,0xa5,0x95,0xa5,0x95,0xa5,0x95,0xa5,0x54,0x9d,0xe8,0x41,0xf2,0x9c,0xb5,0xa5,0x95,0xa5,
    0x94,0xa5,0x95,0xa5,0x95,0xa5,0x94,0xa5,0x95,0xa5,0x95,0xa5,0x94,0xa5,0x95,0xa5,0x94,0xa5,0x75,0xa5,0x75,0x9d,0x55,0xa5,
    0x74,0x9d,0x74,0xa5,0x75,0xa5,0x74,0x9d,0x95,0xa5,0x94,0xa5,0x75,0xa5,0x75,0x9d,0x94,0xa5,0x94,0xa5,0x75,0xa5,0x94,0xa5,
    0x74,0xa5,0x95,0xa5,0x74,0xa5,0x74,0xa5,0x74,0xad,0xb5,0xad,0x95,0xb5,0xb4,0xb5,0xb5,0xb5,0xb5,0xbd,0xd5,0xbd,0xd5,0xbd,
    0xd5,0xb5,0xd5,0xbd,0xf6,0xbd,0xd5,0xbd,0xf5,0xc5,0xf5,0xbd,0xf5,0xbd,0xf5,0xbd,0xf5,0xc5,0xf5,0xc5,0xf6,0xbd,0xf5,0xc5,
    0xf5,0xbd,0xf5,0xbd,0xf6,0xc5,0xf5,0xc5,0xf6,0xc5,0x15,0xc6,0x16,0xc6,0xf5,0xc5,0xf5,0xc5,0x16,0xc6,0x15,0xc6,0xf5,0xbd,
    0xf5,0xc5,0xf5,0xbd,0xd5,0xbd,0xf5,0xc5,0xf5,0xbd,0xf5,0xbd,0xf5,0xbd,0xf5,0xbd,0xd5,0xbd,0xd5,0xbd,0xd5,0xbd,0xb5,0xb5,
    0xd5,0xb5,0xb5,0xb5,0x94,0xb5,0x95,0xad,0xb5,0xad,0x95,0xa5,0x74,0xad,0x95,0xa5,0xf5,0xbd,0xf5,0xbd,0xd6,0xbd,0xf5,0xbd,
    0xd5,0xb5,0xd5,0xbd,0xd5,0xb5,0xd5,0xbd,0xd6,0xb5,0xb5,0xb5,0xb5,0xb5,0xd5,0xb5,0xb5,0xad,0xb6,0xb5,0xb6,0xad,0xd5,0xad,
    0xb5,0xad,0xb5,0xad,0xb5,0xad,0xb5,0xad,0xb5,0xad,0xb5,0xb5,0x95,0xad,0xb6,0xad,0xb5,0xad,0x95,0xad,0xb5,0xb5,0xb5,0xad,
    0x95,0xad,0xb5,0xad,0xb5,0xad,0x95,0xad,0xb5,0xb5,0x95,0xad,0xb5,0xad,0x95,0xa5,0xb5,0xad,0x95,0xad,0x95,0xad,0xb5,0xa5,
    0x95,0xad,0x95,0xa5,0x95,0xa5,0xb5,0xa5,0x95,0xad,0x95,0xa5,0x95,0xad,0x95,0xa5,0x95,0xa5,0x95,0xad,0x95,0xa5,0x95,0xa5,
    0x95,0xad,0xb5,0xa5,0xb5,0xad,0xb5,0xad,0xb5,0xad,0xb6,0xad,0xb5,0xad,0xb5,0xad,0x95,0xad,0x95,0xa5,0x95,0xa5,0xb5,0xad,
    0x95,0xa5,0x75,0xa5,0xb6,0xa5,0x4d,0x63,0xce,0x73,0xb6,0xa5,0x74,0x9d,0x75,0x9d,0x75,0x9d,0x74,0x9d,0x95,0xa5,0x75,0xa5,
    0x75,0xa5,0x75,0xa5,0x95,0xa5,0x75,0x9d,0x95,0xa5,0x75,0x9d,0x75,0xa5,0x95,0xa5,0x74,0xa5,0x75,0x9d,0x95,0x9d,0x54,0x95,
    0x71,0x84,0x34,0x95,0x75,0x9d,0x55,0x9d,0x74,0x9d,0x75,0x9d,0x74,0x9d,0x75,0x9d,0x74,0x9d,0x75,0x9d,0x74,0x9d,0x55,0x9d,
    0x75,0x9d,0x74,0x9d,0x75,0x9d,0x75,0x9d,0x75,0x9d,0x75,0x9d,0x74,0x9d,0x75,0xa5,0x75,0x9d,0x94,0xa5,0x75,0x9d,0x94,0xa5,
    0x75,0xa5,0x95,0xa5,0x95,0xa5,0x95,0xa5,0x95,0xa5,0x95,0xad,0x95,0xad,0xb5,0xb5,0x94,0xb5,0xb5,0xb5,0xb4,0xb5,0xb5,0xbd,
    0xb5,0xb5,0xd4,0xbd,0xb5,0xb5,0xd4,0xbd,0xb5,0xb5,0xd5,0xbd,0xf5,0xbd,0xd5,0xbd,0xd5,0xbd,0xd5,0xbd,0xf5,0xbd,0xd5,0xbd,
    0xd5,0xbd,0xd5,0xc5,0xf5,0xbd,0xf5,0xbd,0xf5,0xc5,0xf5,0xc5,0xf5,0xc5,0x16,0xc6,0x15,0xc6,0xf6,0xc5,0x15,0xc6,0x16,0xce,
    0x15,0xc6,0xf6,0xc5,0xf5,0xc5,0xf5,0xc5,0x16,0xc6,0xf5,0xc5,0x16,0xc6,0xf5,0xc5,0xf5,0xc5,0xf5,0xbd,0xd5,0xbd,0xd5,0xbd,
    0xb5,0xb5,0x95,0xb5,0x95,0xb5,0x94,0xad,0x94,0xad,0x75,0xad,0x94,0xad,0x74,0x9d,0x75,0xa5,0x74,0x9d,0x75,0x9d,0x54,0x9d,
    0xd6,0xbd,0xd5,0xb5,0xf6,0xbd,0xd6,0xb5,0xd5,0xbd,0xb5,0xb5,0xd5,0xbd,0xd5,0xbd,0xd5,0xbd,0xf5,0xb5,0xf6,0xb5,0xf6,0xb5,
    0xd6,0xb5,0xd5,0xb5,0xd6,0xb5,0xd5,0xb5,0xb6,0xb5,0xd5,0xb5,0xd5,0xad,0xd6,0xb5,0xb5,0xb5,0xd6,0xb5,0xb5,0xad,0xd5,0xb5,
    0xb5,0xb5,0xd5,0xbd,0xd6,0xb5,0xd5,0xad,0xd6,0xb5,0xd5,0xb5,0xd6,0xb5,0xb5,0xad,0xb5,0xad,0xb5,0xb5,0xb5,0xad,0xd5,0xb5,
    0xb5,0xb5,0xb5,0xad,0xb5,0xad,0xb5,0xad,0xb5,0xad,0xb5,0xad,0xb5,0xad,0x95,0xad,0xb5,0xa5,0x94,0xa5,0x95,0xad,0xb5,0xa5,
    0x95,0xad,0xb5,0xa5,0x95,0xad,0x95,0xa5,0x94,0xa5,0x95,0xa5,0x95,0xa5,0x75,0xa5,0x75,0x9d,0x75,0x9d,0x75,0x9d,0x75,0x9d,
    0x54,0x9d,0x75,0x9d,0x54,0x95,0x6d,0x63,0x34,0x95,0x75,0x9d,0x54,0x9d,0x75,0x9d,0x75,0x9d,0x54,0x95,0x75,0x9d,0x54,0x9d,
    0x75,0x9d,0x54,0x95,0x54,0x9d,0x55,0x95,0x74,0x95,0x54,0x95,0x55,0x9d,0x54,0x95,0x55,0x95,0x54,0x95,0x35,0x95,0x54,0x9d,
    0x54,0x95,0x34,0x95,0x34,0x95,0x55,0x95,0x75,0x9d,0x35,0x95,0x34,0x95,0x34,0x95,0x35,0x95,0x34,0x95,0x34,0x95,0x54,0x95,
    0x34,0x95,0x34,0x95,0x55,0x9d,0x54,0x9d,0x55,0x9d,0x54,0x9d,0x55,0x9d,0x34,0x95,0x54,0x95,0x54,0x9d,0x55,0x9d,0x74,0x9d,
    0x74,0x9d,0x55,0x9d,0x74,0x9d,0x75,0x9d,0x74,0x9d,0x95,0xa5,0x94,0xa5,0x95,0xa5,0x94,0xa5,0x95,0xa5,0x74,0xad,0x94,0xad,
    0x94,0xb5,0x75,0xb5,0x94,0xb5,0x74,0xb5,0x94,0xb5,0x94,0xb5,0x95,0xb5,0x94,0xb5,0xb4,0xb5,0xb5,0xb5,0xb4,0xbd,0xd5,0xbd,
    0xd4,0xbd,0xd5,0xbd,0xd5,0xbd,0xf5,0xc5,0xd5,0xc5,0xf5,0xc5,0xd5,0xc5,0xf5,0xc5,0xf6,0xc5,0xf5,0xc5,0xf6,0xc5,0x15,0xc6,
    0x16,0xc6,0x15,0xc6,0x16,0xce,0x16,0xc6,0x16,0xce,0x15,0xc6,0xf6,0xc5,0xf5,0xc5,0xf5,0xbd,0xf5,0xbd,0xd5,0xbd,0xd5,0xbd,
    0xd5,0xbd,0xb4,0xb5,0x95,0xb5,0x74,0xad,0x74,0xad,0x74,0xa5,0x74,0xa5,0x74,0x9d,0x54,0xa5,0x54,0xa5,0x75,0x9d,0x54,0x9d,
    0x55,0x9d,0x54,0x9d,0x54,0x9d,0x54,0x95,0xb5,0xad,0xb5,0xad,0xb5,0xad,0xd6,0xb5,0xf6,0xb5,0xd6,0xb5,0xb5,0xb5,0xd5,0xb5,
    0xd5,0xbd,0xd6,0xb5,0xd5,0xb5,0xf6,0xb5,0xd6,0xb5,0xd6,0xb5,0xd6,0xb5,0xd6,0xad,0xd5,0xb5,0xd6,0xb5,0xd6,0xb5,0xd5,0xad,
    0xd6,0xb5,0xd5,0xb5,0xf6,0xb5,0xd6,0xbd,0xf5,0xbd,0xd6,0xb5,0xf6,0xb5,0xd5,0xb5,0xd6,0xb5,0xf5,0xb5,0xd6,0xb5,0xd5,0xb5,
    0xb6,0xb5,0xd5,0xad,0xb5,0xad,0xb5,0xad,0xb5,0xad,0xb5,0xad,0x95,0xad,0x95,0xad,0x95,0xa5,0x74,0xa5,0x75,0x9d,0x74,0x9d,
    0x75,0x9d,0x74,0x9d,0x75,0x9d,0x74,0x9d,0x75,0x9d,0x54,0x9d,0x55,0x9d,0x74,0x95,0x55,0x95,0x34,0x95,0x54,0x95,0x54,0x95,
    0x54,0x95,0x54,0x95,0x54,0x95,0x34,0x95,0x55,0x95,0x75,0x9d,0x92,0x7c,0x29,0x42,0xf3,0x8c,0x54,0x95,0x34,0x95,0x34,0x8d,
    0x35,0x95,0x34,0x8d,0x34,0x95,0x34,0x8d,0x34,0x95,0x35,0x95,0x34,0x8d,0x34,0x95,0x14,0x8d,0x15,0x95,0x34,0x8d,0x35,0x8d,
    0x34,0x95,0x34,0x8d,0x34,0x8d,0x15,0x95,0x34,0x95,0x34,0x95,0x35,0x8d,0x14,0x95,0x35,0x8d,0x34,0x95,0x54,0x95,0x35,0x95,
    0x34,0x95,0x54,0x9d,0x34,0x95,0x34,0x95,0x35,0x95,0x34,0x95,0x15,0x8d,0x34,0x95,0x54,0x95,0x34,0x95,0x34,0x95,0x34,0x95,
    0x34,0x95,0x34,0x95,0x34,0x95,0x34,0x8d,0x34,0x95,0x54,0x95,0x34,0x9d,0x54,0x95,0x55,0x9d,0x54,0x9d,0x55,0x9d,0x74,0x9d,
    0x75,0x9d,0x95,0xa5,0xb5,0xad,0x54,0xad,0x75,0xad,0x94,0xad,0x75,0xad,0x74,0xad,0x95,0xad,0x94,0xb5,0x94,0xb5,0xb5,0xb5,
    0xb4,0xbd,0xb5,0xb5,0xb5,0xb5,0xd5,0xb5,0xd5,0xbd,0xd4,0xbd,0xd5,0xbd,0xf5,0xbd,0xf5,0xc5,0xf5,0xbd,0x36,0xce,0xf6,0xc5,
    0xd5,0xc5,0xd5,0xc5,0xf5,0xc5,0xf5,0xbd,0x15,0xc6,0x16,0xc6,0x15,0xc6,0xf5,0xbd,0xf5,0xbd,0xf5,0xbd,0xf5,0xbd,0xd5,0xb5,
    0xd5,0xbd,0xd5,0xb5,0xb4,0xb5,0xb4,0xb5,0x95,0xb5,0x94,0xad,0x74,0xad,0x74,0xa5,0x74,0xa5,0x75,0x9d,0x74,0x9d,0x74,0xa5,
    0x54,0xa5,0x95,0x9d,0x74,0x9d,0x75,0x9d,0x75,0xa5,0x75,0x9d,0x75,0x9d,0x54,0x95,0x95,0xa5,0x95,0xa5,0x74,0x95,0xf2,0x8c,
    0x50,0x7c,0x13,0x95,0xb5,0xa5,0x75,0xa5,0x95,0xa5,0x75,0xa5,0x75,0xa5,0x74,0x9d,0x75,0xa5,0x95,0x9d,0x94,0xa5,0x95,0xa5,
    0x75,0x9d,0x95,0xa5,0x95,0xa5,0x95,0xa5,0x95,0xa5,0x95,0xa5,0x95,0xa5,0xb5,0xad,0x95,0xa5,0xb5,0xad,0xb5,0xad,0xb5,0xad,
    0xb5,0xad,0x95,0xa5,0x95,0xa5,0x95,0xa5,0x95,0xa5,0x75,0xa5,0x75,0x9d,0x74,0x9d,0x75,0x9d,0x75,0x9d,0x74,0x9d,0x75,0x9d,
    0x74,0x9d,0x95,0x9d,0x75,0x9d,0x75,0xa5,0x75,0x9d,0x75,0x95,0x75,0x9d,0x54,0x95,0x55,0x9d,0x54,0x95,0x54,0x95,0x54,0x95,
    0x75,0x9d,0x75,0x9d,0x34,0x95,0x35,0x95,0x34,0x8d,0x35,0x95,0x34,0x8d,0x34,0x95,0x34,0x85,0x35,0x8d,0x14,0x85,0x14,0x85,
    0x14,0x8d,0x14,0x8d,0x34,0x8d,0x35,0x8d,0x14,0x8d,0x34,0x8d,0x35,0x85,0x34,0x8d,0x35,0x8d,0x34,0x8d,0x34,0x95,0x54,0x8d,
    0x34,0x95,0x55,0x95,0x54,0x95,0x34,0x95,0x35,0x95,0x34,0x95,0x55,0x95,0x54,0x95,0x55,0x9d,0x54,0x95,0x34,0x95,0x35,0x8d,
    0x34,0x95,0x54,0x95,0x35,0x8d,0x34,0x95,0x34,0x95,0x34,0x95,0x35,0x95,0x14,0x95,0x14,0x8d,0x35,0x8d,0x34,0x95,0x34,0x95,
    0x34,0x8d,0x35,0x8d,0x34,0x95,0x35,0x8d,0x35,0x8d,0x14,0x95,0x14,0x8d,0x34,0x95,0x34,0x95,0x35,0x9d,0x54,0x95,0x35,0x95,
    0x54,0x95,0x54,0x95,0x75,0x9d,0x54,0x9d,0x95,0xa5,0x91,0x84,0x2c,0x63,0x74,0xa5,0x95,0xa5,0x74,0xad,0x74,0xad,0x95,0xb5,
    0x94,0xb5,0xb5,0xb5,0xb4,0xb5,0xb5,0xb5,0xb4,0xb5,0xd5,0xbd,0xb5,0xbd,0xd4,0xb5,0xb5,0xbd,0xd5,0xbd,0xf5,0xbd,0xd5,0xbd,
    0xf5,0xc5,0xb5,0xb5,0xee,0x83,0x73,0xb5,0xf6,0xc5,0xd5,0xbd,0xd5,0xbd,0xd5,0xc5,0xf5,0xbd,0xd5,0xbd,0xd5,0xbd,0xd5,0xbd,
    0xd5,0xbd,0xb5,0xb5,0xb5,0xb5,0x94,0xb5,0x94,0xb5,0x74,0xad,0x74,0xad,0x74,0xad,0x54,0xa5,0x74,0xa5,0x74,0x9d,0x54,0x9d,
    0x74,0x9d,0x55,0x9d,0x74,0x9d,0x55,0x9d,0x74,0x9d,0x54,0x9d,0x75,0xa5,0x74,0x9d,0x54,0x9d,0x54,0x9d,0x54,0x9d,0x55,0x9d,
    0x55,0x8d,0x95,0x8d,0x71,0x6c,0x29,0x3a,0x29,0x3a,0xd2,0x84,0x75,0x95,0x74,0x95,0x54,0x95,0x54,0x95,0x75,0x8d,0x54,0x9d,
    0x75,0x95,0x54,0x95,0x55,0x8d,0x54,0x8d,0x55,0x95,0x54,0x8d,0x55,0x8d,0x54,0x8d,0x54,0x95,0x55,0x95,0x54,0x8d,0x54,0x8d,
    0x55,0x8d,0x54,0x95,0x54,0x95,0x55,0x95,0x74,0x9d,0x75,0x9d,0x74,0x95,0x95,0x9d,0x94,0x9d,0x75,0x9d,0x74,0x9d,0x75,0x9d,
    0x95,0xa5,0x74,0x9d,0x75,0x9d,0x75,0xa5,0x75,0x9d,0x74,0x95,0x75,0x9d,0x74,0x9d,0x75,0x9d,0x74,0x9d,0x75,0x9d,0x75,0x9d,
    0x74,0x95,0x55,0x9d,0x55,0x95,0x75,0x9d,0x91,0x7c,0x71,0x7c,0x75,0x9d,0x54,0x95,0x34,0x95,0x34,0x8d,0x34,0x95,0x35,0x8d,
    0x34,0x8d,0x35,0x85,0x34,0x8d,0x34,0x8d,0x34,0x85,0x35,0x85,0x34,0x8d,0x14,0x8d,0x35,0x8d,0x34,0x85,0x34,0x85,0x15,0x85,
    0x14,0x8d,0x34,0x85,0x55,0x8d,0x34,0x8d,0x55,0x95,0x34,0x95,0x34,0x95,0x35,0x95,0x34,0x8d,0x35,0x8d,0x34,0x8d,0x34,0x95,
    0x54,0x95,0x55,0x9d,0x34,0x95,0x35,0x95,0x34,0x95,0x34,0x8d,0x35,0x95,0x54,0x95,0x35,0x8d,0x34,0x95,0x35,0x8d,0x34,0x8d,
    0x15,0x8d,0x34,0x8d,0x14,0x8d,0x35,0x8d,0x14,0x95,0x34,0x8d,0x14,0x8d,0x14,0x8d,0x14,0x8d,0x14,0x8d,0x14,0x8d,0x34,0x8d,
    0x35,0x95,0x34,0x95,0x34,0x95,0x34,0x95,0x35,0x8d,0x34,0x95,0x54,0x9d,0x55,0x95,0x95,0xa5,0x10,0x7c,0xef,0x73,0x95,0xa5,
    0x74,0xa5,0x74,0xa5,0x74,0xad,0x75,0xad,0x94,0xb5,0x94,0xb5,0x94,0xb5,0xb4,0xb5,0x94,0xb5,0xb4,0xb5,0xb5,0xb5,0xb4,0xbd,
    0xd5,0xb5,0xd4,0xbd,0xd5,0xbd,0xd5,0xbd,0xf5,0xbd,0x53,0xad,0xeb,0x62,0x94,0xb5,0xd5,0xc5,0xd5,0xbd,0xd5,0xbd,0xd5,0xbd,
    0xd5,0xbd,0x95,0xb5,0x94,0xb5,0x94,0xad,0x74,0xad,0x74,0xad,0x74,0xad,0x74,0xa5,0x54,0xa5,0x74,0xa5,0x54,0x9d,0x74,0x9d,
    0x54,0x9d,0x54,0x9d,0x35,0x95,0x54,0x9d,0x34,0x95,0x54,0x9d,0x34,0x95,0x34,0x95,0x34,0x95,0x34,0x95,0x14,0x95,0x34,0x95,
    0x34,0x95,0x34,0x95,0x14,0x95,0x34,0x95,0x54,0x7d,0x55,0x85,0xd4,0x6c,0x71,0x6c,0xd3,0x74,0x54,0x85,0x35,0x7d,0x34,0x85,
    0x34,0x85,0x35,0x8d,0x34,0x85,0x34,0x85,0x35,0x8d,0x54,0x85,0x55,0x85,0x54,0x85,0x55,0x85,0x55,0x7d,0x55,0x85,0x35,0x85,
    0x34,0x85,0x34,0x7d,0x15,0x7d,0x35,0x7d,0x54,0x85,0x34,0x7d,0x34,0x85,0x54,0x85,0x75,0x85,0x34,0x85,0x34,0x85,0x54,0x85,
    0x55,0x85,0x54,0x8d,0x35,0x8d,0x54,0x95,0x55,0x8d,0x34,0x95,0x54,0x95,0x54,0x95,0x34,0x95,0x35,0x95,0x34,0x8d,0x34,0x8d,
    0x35,0x8d,0x34,0x8d,0x75,0x9d,0x75,0x95,0x34,0x95,0x54,0x95,0x34,0x95,0x35,0x95,0x6e,0x5b,0x8e,0x6b,0x55,0x8d,0x14,0x8d,
    0x35,0x8d,0x14,0x8d,0x14,0x8d,0x14,0x8d,0x34,0x85,0x34,0x8d,0x14,0x8d,0x14,0x8d,0x14,0x85,0x14,0x85,0x14,0x8d,0x14,0x85,
    0x14,0x85,0x14,0x85,0x14,0x8d,0x34,0x85,0x14,0x8d,0x34,0x8d,0x54,0x85,0x34,0x8d,0x34,0x95,0x34,0x8d,0x14,0x8d,0x34,0x8d,
    0x35,0x8d,0x14,0x8d,0x35,0x8d,0x35,0x95,0x34,0x8d,0x34,0x95,0x34,0x95,0x35,0x8d,0x34,0x95,0x14,0x8d,0x34,0x95,0x14,0x8d,
    0x14,0x8d,0x34,0x8d,0x14,0x8d,0x14,0x8d,0x14,0x8d,0x14,0x8d,0x35,0x8d,0x14,0x8d,0x14,0x8d,0x14,0x85,0x14,0x8d,0x14,0x85,
    0x15,0x8d,0x35,0x8d,0x34,0x95,0x14,0x8d,0x34,0x8d,0x35,0x8d,0x14,0x8d,0x14,0x8d,0x14,0x8d,0x35,0x95,0x34,0x95,0x55,0x9d,
    0x54,0x9d,0x75,0x9d,0xb5,0xa5,0x75,0xa5,0x74,0xa5,0x75,0xb5,0x74,0xad,0x94,0xb5,0x95,0xb5,0x94,0xad,0x94,0xb5,0x95,0xad,
    0x94,0xad,0x95,0xb5,0xb5,0xbd,0xb5,0xb5,0xd5,0xbd,0xd5,0xbd,0xd4,0xbd,0xb5,0xbd,0xd4,0xbd,0xb5,0xb5,0xd5,0xbd,0xf5,0xbd,
    0xb4,0xb5,0xb4,0xbd,0xb4,0xb5,0x75,0xb5,0x74,0xad,0x74,0xad,0x54,0xa5,0x54,0xa5,0x54,0xa5,0x54,0x9d,0x54,0x9d,0x54,0x9d,
    0x55,0x9d,0x54,0x9d,0x34,0x95,0x34,0x9d,0x34,0x95,0x34,0x95,0x34,0x95,0x34,0x95,0x34,0x95,0x34,0x95,0x34,0x95,0x34,0x95,
    0x34,0x9d,0x34,0x95,0x54,0x9d,0x34,0x95,0x55,0x9d,0x54,0x9d,0x55,0x95,0x54,0x9d,0x34,0x85,0x34,0x7d,0x35,0x85,0x75,0x7d,
    0x34,0x7d,0x14,0x7d,0x34,0x7d,0x14,0x75,0x34,0x7d,0x14,0x7d,0x14,0x7d,0x14,0x7d,0x14,0x7d,0x15,0x7d,0x34,0x7d,0x35,0x7d,
    0x34,0x7d,0x34,0x7d,0x14,0x85,0x34,0x7d,0x14,0x7d,0x15,0x7d,0x14,0x7d,0x14,0x7d,0x14,0x7d,0x34,0x7d,0x34,0x7d,0xd3,0x74,
    0x30,0x64,0x14,0x75,0x14,0x7d,0x14,0x75,0x14,0x75,0x14,0x75,0x14,0x7d,0x14,0x75,0x15,0x7d,0x14,0x7d,0x34,0x75,0x34,0x7d,
    0x14,0x85,0x14,0x85,0x34,0x85,0x34,0x7d,0x14,0x7d,0x54,0x85,0xcf,0x63,0x4d,0x5b,0x35,0x8d,0x14,0x85,0x14,0x85,0xf4,0x8c,
    0x55,0x8d,0x35,0x85,0x14,0x85,0x14,0x85,0x14,0x85,0x14,0x85,0x14,0x85,0x14,0x85,0x14,0x85,0x14,0x85,0xf4,0x7c,0xf4,0x84,
    0x14,0x85,0x14,0x7d,0xf4,0x8c,0x14,0x7d,0x14,0x7d,0x34,0x85,0x14,0x85,0x15,0x8d,0x14,0x8d,0x14,0x8d,0x34,0x85,0x34,0x85,
    0x14,0x85,0x14,0x8d,0x14,0x8d,0x14,0x85,0xf4,0x8c,0x34,0x8d,0x14,0x8d,0x34,0x8d,0x34,0x8d,0x35,0x95,0x34,0x8d,0x14,0x8d,
    0x54,0x95,0x34,0x8d,0x15,0x8d,0x14,0x8d,0x14,0x85,0x34,0x85,0x15,0x8d,0x14,0x8d,0x14,0x8d,0x34,0x8d,0x14,0x8d,0x14,0x8d,
    0x14,0x8d,0x35,0x8d,0x14,0x8d,0x15,0x95,0xf3,0x8c,0x30,0x74,0xf3,0x84,0x15,0x8d,0x14,0x8d,0x14,0x8d,0x34,0x85,0x14,0x8d,
    0x34,0x8d,0x14,0x8d,0x34,0x95,0x34,0x95,0x54,0x95,0x55,0x9d,0x54,0x9d,0x74,0xa5,0x54,0xad,0x74,0xad,0x75,0xad,0x74,0xad,
    0x75,0xb5,0x74,0xad,0x94,0xb5,0x75,0xad,0x74,0xad,0x94,0xb5,0x94,0xb5,0xb4,0xb5,0xd5,0xb5,0xb4,0xbd,0xd5,0xbd,0xd5,0xbd,
    0xb4,0xb5,0xb5,0xbd,0xd4,0xb5,0xb5,0xb5,0x94,0xb5,0x94,0xb5,0x74,0xb5,0x74,0xad,0x74,0xa5,0x54,0xa5,0x54,0x9d,0x74,0xa5,
    0x54,0x9d,0x54,0x9d,0x54,0x9d,0x53,0x9d,0x34,0x95,0x34,0x95,0x14,0x8d,0x14,0x95,0x34,0x95,0x14,0x95,0x14,0x95,0x13,0x95,
    0x14,0x95,0x14,0x8d,0x13,0x95,0x34,0x95,0x14,0x8d,0x14,0x95,0x34,0x95,0x55,0x9d,0x34,0x95,0x34,0x95,0x34,0x95,0x34,0x95,
    0x34,0x85,0x35,0x85,0x34,0x7d,0x34,0x7d,0x34,0x7d,0x15,0x7d,0x14,0x75,0x34,0x7d,0x14,0x75,0x14,0x7d,0x14,0x7d,0x14,0x75,
    0x35,0x7d,0x14,0x7d,0x14,0x7d,0x14,0x75,0x14,0x7d,0x14,0x75,0xf4,0x7c,0x14,0x75,0x14,0x75,0x15,0x75,0x14,0x7d,0x14,0x7d,
    0x14,0x75,0x14,0x7d,0x35,0x7d,0x52,0x64,0xcb,0x4a,0xd4,0x74,0x14,0x75,0x14,0x75,0x14,0x75,0xf3,0x74,0x13,0x75,0x14,0x75,
    0x14,0x75,0x14,0x75,0x14,0x75,0xf4,0x74,0xf3,0x74,0xf4,0x74,0xf4,0x74,0xf4,0x74,0xf3,0x74,0x14,0x75,0x31,0x5c,0x71,0x6c,
    0x14,0x75,0xf4,0x7c,0xf4,0x7c,0x13,0x75,0xf3,0x74,0xf4,0x7c,0x14,0x7d,0x13,0x7d,0xf4,0x7c,0x13,0x7d,0xf4,0x84,0xf3,0x7c,
    0xf4,0x84,0x14,0x7d,0x14,0x75,0x14,0x7d,0xf3,0x84,0xf4,0x84,0x14,0x7d,0x14,0x7d,0x14,0x85,0xf4,0x84,0x14,0x85,0x14,0x85,
    0xf4,0x84,0x14,0x85,0x14,0x7d,0x14,0x75,0x13,0x75,0x14,0x7d,0xf4,0x7c,0x14,0x85,0xf4,0x84,0x14,0x85,0x14,0x85,0x14,0x85,
    0x14,0x85,0xf4,0x84,0xf4,0x84,0x14,0x7d,0xab,0x4a,0xef,0x73,0x35,0x8d,0xf4,0x84,0x14,0x8d,0x15,0x8d,0x14,0x85,0x14,0x85,
    0x14,0x85,0x14,0x8d,0x14,0x8d,0x14,0x8d,0x14,0x8d,0x34,0x8d,0x14,0x8d,0x35,0x95,0x72,0x74,0xa7,0x31,0xf3,0x7c,0x34,0x8d,
    0xf4,0x8c,0x14,0x8d,0x14,0x8d,0x14,0x8d,0x15,0x8d,0x34,0x95,0x34,0x95,0x34,0x95,0x54,0x9d,0x54,0x9d,0x75,0xa5,0x74,0xa5,
    0x74,0xad,0x74,0xad,0x74,0xb5,0x95,0xad,0x95,0xb5,0x74,0xad,0x95,0xb5,0x74,0xb5,0x95,0xad,0x74,0xb5,0x95,0xb5,0x94,0xb5,
    0xb4,0xb5,0xb5,0xbd,0xb5,0xb5,0xb4,0xb5,0xb5,0xb5,0xb4,0xb5,0x94,0xb5,0xb4,0xb5,0x95,0xb5,0x94,0xb5,0x95,0xad,0x74,0xad,
    0x54,0xa5,0x74,0x9d,0x54,0x9d,0x54,0x9d,0x54,0x9d,0x54,0x9d,0x54,0x95,0x34,0x95,0x54,0x9d,0x33,0x95,0x34,0x95,0x34,0x95,
    0x34,0x95,0x34,0x95,0x14,0x8d,0x34,0x95,0x34,0x95,0x14,0x95,0x34,0x95,0x14,0x95,0x34,0x95,0x34,0x95,0x54,0x9d,0x75,0x9d,
    0x54,0x9d,0x55,0x9d,0x54,0x9d,0x55,0x9d,0x34,0x7d,0x54,0x85,0x35,0x85,0x34,0x85,0x34,0x85,0x15,0x7d,0x14,0x7d,0x34,0x7d,
    0x14,0x7d,0x34,0x7d,0x34,0x7d,0x14,0x7d,0x14,0x75,0x14,0x7d,0x14,0x75,0xf5,0x74,0x14,0x75,0x15,0x75,0x14,0x75,0xf4,0x7c,
    0x14,0x75,0x14,0x75,0xf4,0x74,0x14,0x75,0x14,0x75,0x14,0x7d,0xf4,0x74,0x14,0x7d,0x15,0x7d,0x14,0x7d,0x13,0x7d,0xf3,0x74,
    0xf4,0x7c,0x14,0x75,0xf4,0x74,0x13,0x75,0xf4,0x74,0x14,0x6d,0xf3,0x6c,0xf4,0x74,0xf4,0x74,0xf4,0x74,0xf4,0x74,0xf4,0x74,
    0xf4,0x74,0xd4,0x6c,0x14,0x75,0x14,0x75,0xd4,0x74,0xf4,0x74,0xf4,0x74,0x14,0x75,0x14,0x75,0x13,0x75,0xf4,0x74,0x14,0x7d,
    0x14,0x7d,0x14,0x7d,0x14,0x7d,0x14,0x7d,0x13,0x7d,0x14,0x75,0x14,0x7d,0x14,0x7d,0xf4,0x7c,0xf3,0x84,0x14,0x7d,0xf3,0x84,
    0xf4,0x7c,0xf3,0x84,0xf4,0x7c,0x13,0x7d,0x14,0x7d,0x13,0x7d,0x14,0x7d,0xf4,0x7c,0x14,0x7d,0x13,0x7d,0x14,0x75,0x13,0x75,
    0xf4,0x84,0xf4,0x84,0xf4,0x7c,0xf3,0x7c,0xd4,0x84,0xf3,0x7c,0xf3,0x84,0xf3,0x7c,0xcc,0x4a,0x51,0x74,0xf4,0x84,0xd3,0x84,
    0xf4,0x7c,0xd4,0x7c,0xf4,0x74,0xf3,0x74,0xf3,0x74,0xf4,0x7c,0xd3,0x7c,0xf3,0x7c,0xd3,0x84,0xf4,0x84,0xd3,0x84,0xd3,0x7c,
    0xd3,0x84,0x51,0x6c,0xf4,0x84,0xf4,0x84,0x14,0x8d,0x14,0x8d,0x13,0x8d,0x14,0x8d,0x14,0x95,0x14,0x8d,0x34,0x95,0x14,0x95,
    0x55,0x9d,0x74,0x9d,0x94,0xa5,0x75,0xa5,0x54,0xad,0x74,0xa5,0x54,0xad,0x54,0xad,0x74,0xad,0x75,0xad,0x95,0xb5,0x94,0xb5,
    0x75,0xb5,0x94,0xad,0x94,0xb5,0x94,0xad,0x94,0xb5,0x94,0xb5,0x94,0xb5,0xb5,0xb5,0xb4,0xb5,0x94,0xb5,0x94,0xb5,0x94,0xb5,
    0x74,0xad,0x74,0xad,0x54,0xa5,0x54,0xa5,0x53,0x9d,0x34,0x9d,0x54,0x95,0x34,0x9d,0x34,0x95,0x34,0x95,0x33,0x9d,0x34,0x95,
    0x34,0x95,0x34,0x95,0x34,0x95,0x34,0x95,0x14,0x95,0x14,0x8d,0x14,0x8d,0x33,0x8d,0x34,0x95,0x34,0x95,0x34,0x95,0x34,0x95,
    0x34,0x95,0x54,0x9d,0x54,0x95,0x54,0x9d,0x54,0x9d,0x34,0x95,0x34,0x95,0x34,0x95,0x55,0x85,0x54,0x85,0x55,0x85,0x54,0x85,
    0x34,0x85,0x35,0x7d,0x34,0x7d,0x34,0x7d,0x34,0x7d,0x34,0x7d,0x34,0x7d,0x34,0x7d,0x14,0x7d,0x14,0x7d,0x14,0x7d,0x14,0x7d,
    0x14,0x75,0x15,0x75,0x14,0x7d,0xf4,0x74,0x14,0x75,0x14,0x7d,0xf4,0x74,0xf4,0x74,0x14,0x75,0x14,0x75,0xf4,0x74,0xf4,0x74,
    0xf4,0x74,0xf3,0x74,0x14,0x75,0xf3,0x74,0xf3,0x74,0x14,0x6d,0x14,0x6d,0xf4,0x74,0xf4,0x74,0xf3,0x74,0xf3,0x74,0xf4,0x74,
    0xf4,0x6c,0xf4,0x6c,0xf4,0x74,0xf3,0x7c,0xf3,0x74,0xf4,0x74,0xf4,0x7c,0xf4,0x74,0xf3,0x7c,0x13,0x75,0xf4,0x74,0x14,0x75,
    0xf4,0x74,0x13,0x75,0x14,0x7d,0xf4,0x74,0xf3,0x7c,0x14,0x75,0xf4,0x7c,0xf3,0x7c,0xf4,0x74,0x13,0x75,0x14,0x7d,0xf3,0x7c,
    0x14,0x75,0x13,0x75,0xd4,0x84,0xf3,0x84,0xf4,0x84,0xf4,0x7c,0x13,0x7d,0xd3,0x84,0xf4,0x7c,0xf3,0x7c,0xf4,0x84,0xf3,0x84,
    0xf4,0x84,0xf4,0x7c,0x14,0x7d,0xf3,0x7c,0xf4,0x7c,0xf4,0x84,0xf4,0x7c,0xf3,0x74,0xf4,0x84,0xf4,0x7c,0xf3,0x84,0xd3,0x7c,
    0xf4,0x84,0xf3,0x7c,0xd3,0x7c,0xf4,0x7c,0xf3,0x7c,0xf3,0x7c,0x13,0x75,0xf4,0x74,0xf3,0x7c,0xf4,0x84,0xd3,0x84,0xf4,0x74,
    0xf3,0x74,0xd3,0x7c,0xd3,0x7c,0xd3,0x7c,0xd3,0x7c,0xf3,0x7c,0xd3,0x84,0xf3,0x84,0xd3,0x84,0xf4,0x84,0xf4,0x8c,0xf3,0x8c,
    0xf4,0x84,0x13,0x8d,0x14,0x8d,0x14,0x8d,0x34,0x95,0x54,0x9d,0x74,0xa5,0x74,0xa5,0x74,0xa5,0x75,0xa5,0x74,0xa5,0x74,0x9d,
    0x74,0xa5,0x54,0xad,0x95,0xb5,0x94,0xb5,0xb4,0xb5,0x94,0xb5,0xb5,0xb5,0xb5,0xb5,0xb5,0xbd,0x95,0xb5,0xb4,0xb5,0x94,0xb5,
    0xb5,0xb5,0x94,0xb5,0x94,0xad,0x74,0xad,0x54,0xad,0x54,0xa5,0x74,0xa5,0x54,0xa5,0x54,0x9d,0x54,0x9d,0x34,0x95,0x34,0x9d,
    0x34,0x95,0x34,0x95,0x14,0x95,0x34,0x95,0x34,0x9d,0x34,0x95,0x34,0x9d,0x34,0x95,0x34,0x95,0x14,0x95,0x14,0x8d,0x34,0x95,
    0x34,0x95,0x34,0x9d,0x34,0x95,0x34,0x9d,0x54,0x95,0x35,0x95,0x34,0x95,0x34,0x95,0x54,0x9d,0x54,0x95,0x54,0x95,0x34,0x95,
    0x55,0x8d,0x54,0x85,0x55,0x85,0x55,0x85,0x34,0x85,0x35,0x8d,0x34,0x85,0x34,0x85,0x34,0x85,0x34,0x85,0x14,0x85,0x34,0x85,
    0x34,0x7d,0x14,0x7d,0x14,0x7d,0x34,0x7d,0x34,0x7d,0x14,0x7d,0x14,0x7d,0x34,0x7d,0x14,0x7d,0x14,0x7d,0x14,0x7d,0x14,0x7d,
    0x14,0x7d,0x13,0x7d,0x14,0x75,0x14,0x7d,0x14,0x75,0x14,0x7d,0xf3,0x74,0x14,0x7d,0x14,0x75,0x13,0x75,0x14,0x75,0xf4,0x74,
    0xf4,0x7c,0x13,0x7d,0x14,0x75,0xf4,0x74,0x14,0x7d,0x14,0x75,0xf4,0x7c,0x13,0x7d,0x14,0x7d,0xf3,0x84,0xf4,0x84,0xf4,0x84,
    0xf3,0x84,0x14,0x7d,0x14,0x7d,0x14,0x75,0x13,0x7d,0xf4,0x84,0xf4,0x7c,0xf4,0x7c,0xf4,0x7c,0xf3,0x74,0xf3,0x84,0xd4,0x7c,
    0x14,0x75,0x13,0x75,0xf4,0x74,0xf3,0x74,0xf3,0x74,0x14,0x75,0xd3,0x7c,0xf4,0x7c,0xf3,0x74,0xf4,0x7c,0xf3,0x7c,0xd4,0x84,
    0xd3,0x84,0xd3,0x84,0xf4,0x7c,0xf3,0x7c,0xf3,0x7c,0xf3,0x7c,0x14,0x75,0xf3,0x84,0xf4,0x7c,0xf3,0x7c,0xf4,0x84,0x13,0x7d,
    0xf3,0x7c,0xf3,0x7c,0xd4,0x84,0xf3,0x84,0xd3,0x84,0xd4,0x84,0xf3,0x7c,0xf3,0x84,0x13,0x75,0xf4,0x7c,0xf3,0x84,0xf4,0x84,
    0xf3,0x84,0xf4,0x84,0xf3,0x7c,0xf4,0x7c,0xf3,0x7c,0xf4,0x84,0xf3,0x84,0xf4,0x84,0xf4,0x7c,0xd3,0x84,0xf4,0x84,0xd3,0x84,
    0xf4,0x84,0xd3,0x84,0xf3,0x84,0xd3,0x84,0xf4,0x84,0xf3,0x84,0xf4,0x8c,0x13,0x8d,0x14,0x8d,0x14,0x95,0x14,0x95,0x34,0x95,
    0x54,0x95,0x74,0x9d,0x74,0xa5,0x74,0x9d,0x75,0xad,0x74,0xad,0x94,0xad,0x95,0xb5,0x95,0xb5,0xb5,0xb5,0x94,0xb5,0xb5,0xb5,
    0xb4,0xb5,0xb5,0xbd,0xd5,0xb5,0xb4,0xb5,0xb5,0xb5,0xb4,0xb5,0x95,0xb5,0x74,0xb5,0x74,0xad,0x54,0xad,0x54,0xa5,0x53,0x9d,
    0x54,0x9d,0x33,0x9d,0x54,0x95,0x55,0x9d,0x34,0x95,0x34,0x95,0x34,0x95,0x34,0x95,0x34,0x95,0x34,0x95,0x54,0x9d,0x54,0x9d,
    0x34,0x95,0x34,0x95,0x34,0x95,0x34,0x95,0x34,0x95,0x34,0x95,0x54,0x9d,0x54,0x9d,0x54,0x9d,0x54,0x9d,0x54,0x9d,0x55,0x9d,
    0x74,0x9d,0x54,0xa5,0x74,0xa5,0x95,0xa5,0x54,0x8d,0x55,0x8d,0x54,0x8d,0x54,0x8d,0x35,0x85,0x34,0x8d,0x34,0x8d,0x55,0x8d,
    0x34,0x85,0x14,0x85,0x34,0x85,0x34,0x85,0x34,0x85,0x14,0x8d,0x14,0x8d,0x14,0x85,0x34,0x85,0x34,0x7d,0x14,0x85,0x34,0x7d,
    0x14,0x85,0x34,0x85,0x14,0x7d,0x14,0x85,0x14,0x85,0x14,0x7d,0x34,0x7d,0x14,0x85,0x34,0x7d,0x34,0x85,0x34,0x85,0x34,0x85,
    0x14,0x85,0x14,0x85,0x34,0x7d,0x34,0x7d,0x34,0x85,0x14,0x85,0x14,0x8d,0x14,0x85,0x14,0x7d,0x14,0x85,0x34,0x8d,0x14,0x7d,
    0x14,0x7d,0xf4,0x84,0xf3,0x84,0x14,0x7d,0xf4,0x84,0xf4,0x84,0x14,0x7d,0xf4,0x7c,0x14,0x7d,0xf4,0x84,0x14,0x7d,0xf4,0x7c,
    0xf4,0x7c,0xf4,0x84,0xf3,0x84,0xf3,0x7c,0x14,0x75,0xf4,0x74,0xf3,0x7c,0xf4,0x7c,0x13,0x7d,0xf4,0x74,0xf3,0x7c,0xf3,0x7c,
    0xd3,0x84,0xf4,0x7c,0xf4,0x7c,0xf3,0x7c,0xf4,0x84,0xf3,0x84,0xf4,0x84,0xf4,0x7c,0xf3,0x84,0xf4,0x84,0xf3,0x7c,0xf4,0x84,
    0xf3,0x84,0xf4,0x84,0xf3,0x84,0xf4,0x84,0xf4,0x7c,0xd4,0x84,0xf3,0x84,0xf4,0x84,0xf3,0x84,0xf4,0x84,0xf4,0x84,0xf4,0x8c,
    0x13,0x85,0xf4,0x84,0xf4,0x84,0xf4,0x84,0xf4,0x8c,0xd3,0x84,0xd3,0x8c,0xf4,0x8c,0xf4,0x84,0xf4,0x84,0x14,0x8d,0xf3,0x8c,
    0x13,0x8d,0x14,0x8d,0x13,0x8d,0x14,0x85,0x14,0x8d,0x14,0x8d,0xf4,0x84,0x13,0x8d,0xf4,0x8c,0xf4,0x84,0xf4,0x8c,0xf3,0x8c,
    0x13,0x8d,0x14,0x8d,0xf3,0x8c,0x14,0x95,0x14,0x95,0x34,0x9d,0x34,0x9d,0x54,0xa5,0x74,0xa5,0x74,0xa5,0x74,0xad,0x74,0xad,
    0x74,0xad,0x74,0xad,0x94,0xb5,0x95,0xb5,0x94,0xb5,0x94,0xb5,0xb4,0xb5,0x94,0xb5,0x94,0xb5,0x94,0xb5,0x95,0xb5,0x74,0xad,
    0x74,0xad,0x54,0xa5,0x33,0xa5,0x34,0x9d,0x54,0x95,0x54,0x9d,0x54,0x9d,0x34,0x9d,0x54,0x9d,0x34,0x95,0x34,0x95,0x34,0x9d,
    0x34,0x95,0x54,0x9d,0x54,0x9d,0x54,0x9d,0x54,0x9d,0x54,0x9d,0x54,0x9d,0x54,0x9d,0x54,0x9d,0x54,0x9d,0x54,0x9d,0x54,0x9d,
    0x54,0xa5,0x54,0xa5,0x54,0xa5,0x74,0xa5,0x54,0x9d,0x74,0x9d,0x55,0x9d,0x54,0x9d,0x75,0x9d,0x54,0x9d,0x75,0x9d,0x54,0x95,
    0x54,0x95,0x55,0x95,0x54,0x95,0x34,0x95,0x35,0x95,0x54,0x95,0x34,0x95,0x35,0x8d,0x34,0x8d,0x35,0x95,0x34,0x8d,0x35,0x8d,
    0x34,0x8d,0x34,0x95,0x34,0x95,0x34,0x95,0x34,0x8d,0x34,0x95,0x14,0x8d,0x34,0x95,0x34,0x8d,0x14,0x8d,0x34,0x8d,0x34,0x8d,
    0x34,0x8d,0x34,0x8d,0x74,0x9d,0x34,0x95,0x14,0x8d,0x14,0x8d,0x34,0x8d,0x14,0x85,0x14,0x8d,0x15,0x8d,0x14,0x8d,0x14,0x8d,
    0x13,0x8d,0x14,0x8d,0x92,0x7c,0x14,0x7d,0x34,0x7d,0x14,0x85,0x13,0x8d,0x14,0x85,0x14,0x85,0xf3,0x84,0x14,0x85,0xf3,0x7c,
    0x14,0x85,0x14,0x7d,0x14,0x7d,0xf4,0x7c,0x13,0x85,0x14,0x85,0xf4,0x84,0x14,0x85,0x14,0x85,0x14,0x85,0x14,0x85,0xf4,0x8c,
    0xf4,0x84,0xf4,0x84,0xf3,0x84,0xf4,0x84,0xf4,0x84,0x14,0x8d,0x14,0x85,0xf4,0x84,0x14,0x8d,0x14,0x8d,0x14,0x85,0xf4,0x8c,
    0xf4,0x84,0xf4,0x84,0xf4,0x84,0xf3,0x84,0x14,0x7d,0xf4,0x84,0xf3,0x8c,0xf3,0x84,0x14,0x8d,0xf4,0x8c,0xf3,0x84,0x14,0x8d,
    0xf4,0x8c,0xf4,0x8c,0x13,0x8d,0x14,0x8d,0x14,0x8d,0xf4,0x8c,0x14,0x8d,0x14,0x8d,0xf3,0x94,0x14,0x8d,0x13,0x8d,0x14,0x95,
    0x13,0x8d,0xf3,0x8c,0x13,0x8d,0x14,0x8d,0x13,0x8d,0xf3,0x8c,0xf3,0x8c,0xf3,0x8c,0x14,0x8d,0xf4,0x94,0x14,0x8d,0x13,0x8d,
    0x13,0x8d,0x14,0x8d,0xf3,0x8c,0x14,0x8d,0xf3,0x8c,0x14,0x95,0x34,0x95,0x34,0x95,0x34,0x95,0x54,0x9d,0x54,0x9d,0x74,0x9d,
    0x54,0xa5,0x54,0xa5,0x74,0xa5,0x54,0xad,0x75,0xad,0x54,0xad,0x74,0xad,0x74,0xb5,0x75,0xad,0x74,0xad,0x74,0xad,0x73,0xad,
    0x54,0xa5,0x74,0xad,0x73,0xad,0x54,0xa5,0x54,0xad,0x54,0xa5,0x34,0xa5,0x53,0xa5,0x54,0xa5,0x53,0x9d,0x34,0x9d,0x34,0x95,
    0x34,0x9d,0x54,0x95,0x34,0x9d,0x54,0x95,0x54,0x9d,0x34,0x95,0x34,0x9d,0x33,0x95,0x34,0x95,0x34,0x95,0x34,0x95,0x53,0x9d,
    0x54,0x95,0x54,0x9d,0x33,0xa5,0x74,0x9d,0x54,0x9d,0x74,0x9d,0x54,0x9d,0x54,0xa5,0x54,0x9d,0x54,0x9d,0x74,0x9d,0x54,0x9d,
    0xd5,0xbd,0xd5,0xb5,0xb5,0xb5,0xb5,0xb5,0x95,0xad,0x94,0xad,0x94,0xad,0x95,0xa5,0x74,0xa5,0x94,0xa5,0x74,0xa5,0x95,0xa5,
    0x74,0xa5,0x74,0x9d,0x75,0x9d,0x54,0x9d,0x54,0x9d,0x54,0x9d,0x54,0x9d,0x54,0x9d,0x54,0x9d,0x54,0x9d,0x55,0x95,0x54,0x9d,
    0x54,0x9d,0x55,0x9d,0x34,0x9d,0x34,0x95,0x34,0x95,0x54,0xa5,0x95,0xa5,0x33,0x95,0x34,0x95,0x54,0x8d,0x34,0x95,0x34,0x95,
    0x34,0x95,0x34,0x8d,0x34,0x8d,0x14,0x8d,0x34,0x95,0xd2,0x7c,0xeb,0x52,0xb2,0x84,0x34,0x8d,0x14,0x8d,0x14,0x8d,0x34,0x8d,
    0x14,0x8d,0x14,0x8d,0x14,0x8d,0x14,0x8d,0x14,0x8d,0x14,0x85,0x14,0x85,0x14,0x85,0xf4,0x84,0x14,0x8d,0x14,0x8d,0xf4,0x84,
    0xf3,0x8c,0xf4,0x8c,0xf3,0x84,0x14,0x8d,0xf4,0x84,0x14,0x8d,0xf4,0x84,0xf4,0x8c,0xf3,0x84,0xf4,0x8c,0xf3,0x84,0x14,0x8d,
    0xf4,0x84,0xf4,0x8c,0xf4,0x84,0x13,0x85,0xf3,0x8c,0xf4,0x8c,0xf3,0x84,0x14,0x85,0x14,0x8d,0xf4,0x84,0xf4,0x8c,0x13,0x8d,
    0x13,0x8d,0x14,0x8d,0x13,0x8d,0x13,0x8d,0x34,0x8d,0x14,0x8d,0x13,0x8d,0x14,0x8d,0xf3,0x8c,0x13,0x8d,0x14,0x95,0x13,0x8d,
    0x14,0x8d,0x13,0x95,0x14,0x8d,0x13,0x95,0x14,0x95,0x13,0x8d,0xf4,0x8c,0x13,0x8d,0x14,0x8d,0x13,0x95,0x14,0x8d,0x14,0x8d,
    0x13,0x95,0x13,0x95,0x14,0x95,0x34,0x95,0x14,0x95,0x14,0x95,0x14,0x95,0x13,0x8d,0x34,0x95,0x34,0x95,0x13,0x95,0x14,0x95,
    0x14,0x95,0x34,0x95,0x34,0x95,0x33,0x95,0x54,0x9d,0x53,0x9d,0x34,0xa5,0x54,0xa5,0x54,0xa5,0x54,0xad,0x54,0xa5,0x54,0xad,
    0x54,0xa5,0x54,0xad,0x74,0xad,0x54,0xad,0x74,0xad,0x74,0xad,0x74,0xad,0x54,0xa5,0x54,0xad,0x54,0xa5,0x54,0xa5,0x54,0xad,
    0x54,0xa5,0x33,0x9d,0x54,0x95,0x34,0x9d,0x54,0x95,0x34,0x9d,0x34,0x95,0x33,0x9d,0x34,0x95,0x13,0x95,0x33,0x95,0x34,0x9d,
    0x34,0x95,0x33,0x95,0x13,0x95,0x14,0x95,0x34,0x95,0x34,0x95,0x34,0x95,0x34,0x95,0x55,0x95,0x54,0x9d,0x34,0x95,0x54,0x9d,
    0x54,0x95,0x33,0x9d,0x54,0x95,0x54,0x9d,0x16,0xc6,0x16,0xc6,0xf5,0xc5,0xf5,0xbd,0xf5,0xc5,0xf5,0xbd,0xd5,0xbd,0xf5,0xc5,
    0xd5,0xbd,0xd5,0xbd,0xd5,0xbd,0xf5,0xbd,0xd5,0xb5,0xb5,0xb5,0xb5,0xb5,0xb5,0xb5,0xb5,0xb5,0xb5,0xb5,0x95,0xad,0x94,0xad,
    0xb5,0xad,0x95,0xad,0x94,0xad,0x75,0xad,0x74,0xa5,0x94,0xa5,0x74,0xa5,0x94,0xad,0x95,0xa5,0x95,0xb5,0xb5,0xb5,0x74,0xa5,
    0x75,0xa5,0x74,0xa5,0x74,0x9d,0x74,0xa5,0x74,0x9d,0x75,0xa5,0x74,0xa5,0x74,0xa5,0x74,0xa5,0x54,0x9d,0x75,0xa5,0x55,0x9d,
    0x74,0x9d,0x54,0x9d,0x54,0x9d,0x74,0xa5,0x75,0x9d,0x54,0x9d,0x54,0x9d,0x54,0x9d,0x54,0x95,0x54,0x95,0x34,0x95,0x54,0x95,
    0x34,0x95,0x34,0x95,0x34,0x95,0x34,0x95,0x34,0x95,0x34,0x95,0x14,0x95,0x13,0x95,0x34,0x8d,0x14,0x8d,0x13,0x8d,0x14,0x8d,
    0x13,0x8d,0x14,0x8d,0x14,0x8d,0xf3,0x8c,0x13,0x8d,0xf3,0x84,0xf3,0x8c,0xf4,0x84,0xf3,0x8c,0xf3,0x8c,0xf3,0x8c,0xf3,0x8c,
    0xf4,0x8c,0x13,0x85,0xf3,0x8c,0xf4,0x8c,0xf3,0x8c,0xf3,0x8c,0xf3,0x8c,0x14,0x8d,0x71,0x7c,0x92,0x7c,0x13,0x8d,0xf4,0x8c,
    0x13,0x8d,0xf3,0x84,0xf3,0x8c,0x13,0x8d,0xf4,0x8c,0xf3,0x8c,0x14,0x8d,0xf3,0x8c,0xf3,0x8c,0xf3,0x8c,0x14,0x8d,0xf3,0x8c,
    0x13,0x8d,0xf4,0x8c,0x13,0x8d,0xf3,0x8c,0x14,0x8d,0x14,0x95,0x13,0x95,0x14,0x8d,0x13,0x95,0x34,0x95,0x13,0x95,0x34,0x95,
    0xcf,0x6b,0xf2,0x94,0x34,0x95,0x34,0x95,0x53,0x9d,0x34,0x95,0x33,0xa5,0x33,0x9d,0x54,0x9d,0x54,0xa5,0x74,0x9d,0x53,0xa5,
    0x54,0xad,0x74,0xad,0x74,0xad,0x74,0xad,0x74,0xad,0x74,0xad,0x74,0xad,0x74,0xad,0x95,0xad,0x74,0xad,0x54,0xad,0x74,0xad,
    0x74,0xad,0x54,0xa5,0x74,0xa5,0x53,0xa5,0x34,0xa5,0x53,0xa5,0x54,0x9d,0x34,0x9d,0x54,0x9d,0x54,0x95,0x54,0x9d,0x53,0x9d,
    0x54,0x9d,0x33,0x95,0x34,0x9d,0x34,0x95,0x34,0x9d,0x33,0x95,0x33,0x95,0x34,0x9d,0x33,0x95,0x34,0x9d,0x34,0x95,0x54,0x9d,
    0x34,0x95,0x54,0x9d,0x33,0x95,0x34,0x95,0x33,0x95,0x34,0x9d,0x34,0x95,0x33,0x95,0x15,0xc6,0x16,0xc6,0x16,0xc6,0x16,0xc6,
    0x16,0xc6,0xf6,0xc5,0x15,0xc6,0x16,0xc6,0x16,0xc6,0x16,0xc6,0x15,0xc6,0x16,0xc6,0x16,0xc6,0x15,0xc6,0x16,0xc6,0x15,0xc6,
    0xf6,0xc5,0xf5,0xc5,0xf5,0xc5,0xf5,0xbd,0xf5,0xc5,0xd5,0xbd,0xd5,0xc5,0xf5,0xbd,0xd5,0xbd,0xd5,0xbd,0xd5,0xbd,0xd5,0xbd,
    0xb5,0xbd,0xf5,0xbd,0xf5,0xc5,0xf5,0xbd,0xd5,0xb5,0xb5,0xb5,0xb4,0xb5,0x95,0xb5,0xb4,0xb5,0xb5,0xb5,0xb4,0xb5,0x95,0xb5,
    0xb5,0xb5,0xb4,0xb5,0xb4,0xb5,0x95,0xb5,0x94,0xb5,0xb5,0xad,0xb4,0xb5,0x95,0xad,0x94,0xb5,0xb5,0xb5,0x94,0xad,0x94,0xa5,
    0x74,0xa5,0x75,0xa5,0x74,0xa5,0x74,0xa5,0x75,0xa5,0x94,0xa5,0x74,0xa5,0x75,0x9d,0x74,0xa5,0x74,0x9d,0x74,0x9d,0x74,0xa5,
    0x54,0xa5,0x74,0x9d,0x54,0x9d,0x54,0x9d,0x54,0xa5,0x54,0x9d,0x54,0x9d,0x54,0x9d,0x54,0x9d,0x54,0x9d,0x54,0x9d,0x54,0x9d,
    0x54,0x9d,0x34,0x9d,0x54,0x9d,0x34,0x9d,0x34,0x9d,0x34,0x95,0x34,0x95,0x34,0x9d,0x34,0x95,0x34,0x95,0x14,0x95,0x13,0x95,
    0x29,0x42,0xef,0x73,0x55,0x9d,0x13,0x8d,0x14,0x95,0x14,0x9d,0x14,0x95,0x14,0x95,0x33,0x95,0x14,0x95,0x13,0x95,0x13,0x95,
    0x14,0x95,0x14,0x95,0x13,0x95,0x14,0x95,0x34,0x95,0x34,0x95,0x13,0x95,0x14,0x95,0x34,0x9d,0x34,0x95,0x54,0x9d,0x34,0x9d,
    0x34,0x95,0x34,0x9d,0x54,0x9d,0xf3,0x8c,0xc7,0x39,0x71,0x84,0x74,0x9d,0x33,0xa5,0x54,0x9d,0x54,0xa5,0x34,0xa5,0x33,0x9d,
    0x34,0xa5,0x53,0xa5,0x34,0xa5,0x34,0xa5,0x54,0xa5,0x54,0xa5,0x54,0xad,0x54,0xa5,0x74,0xad,0x54,0xad,0x74,0xad,0x74,0xad,
    0x73,0xad,0x74,0xad,0x74,0xad,0x74,0xad,0x74,0xad,0x74,0xad,0x54,0xad,0x54,0xad,0x54,0xa5,0x54,0xa5,0x34,0xa5,0x53,0xa5,
    0x54,0x9d,0x54,0x9d,0x54,0x9d,0x54,0x9d,0x74,0x9d,0x54,0xa5,0x74,0x9d,0x54,0x9d,0x54,0xa5,0x54,0x9d,0x54,0x9d,0x74,0x9d,
    0x74,0x9d,0x74,0x9d,0x54,0x9d,0x74,0xa5,0x74,0x9d,0x54,0xa5,0x54,0x9d,0x54,0x9d,0x54,0xa5,0x54,0x95,0x54,0x9d,0x74,0x9d,
    0x16,0xc6,0xf5,0xc5,0xf5,0xc5,0xf5,0xbd,0xf5,0xbd,0xf5,0xc5,0xf5,0xbd,0xf5,0xc5,0xd5,0xc5,0xd5,0xc5,0xd5,0xc5,0xf5,0xc5,
    0xf5,0xc5,0xf5,0xc5,0x15,0xbe,0x15,0xc6,0x15,0xc6,0x16,0xc6,0xf6,0xc5,0xf5,0xcd,0x16,0xc6,0x15,0xc6,0x16,0xc6,0x16,0xce,
    0x16,0xc6,0x36,0xc6,0x16,0xce,0x16,0xce,0x15,0xc6,0x15,0xce,0x16,0xc6,0x15,0xce,0x15,0xc6,0x16,0xce,0x15,0xc6,0xf5,0xc5,
    0xf5,0xbd,0xf5,0xbd,0xf5,0xbd,0xf5,0xbd,0xf5,0xc5,0x16,0xc6,0xf6,0xc5,0x15,0xc6,0x16,0xc6,0x15,0xc6,0x16,0xc6,0x16,0xc6,
    0x15,0xc6,0x16,0xc6,0xf6,0xbd,0xf5,0xbd,0xd5,0xbd,0xb5,0xb5,0xb4,0xb5,0x95,0xad,0x94,0xad,0x75,0xad,0x74,0xad,0x74,0xad,
    0x74,0xad,0x74,0xad,0x74,0xad,0x74,0xad,0x74,0xad,0x74,0xad,0x75,0xad,0x74,0xad,0x74,0xad,0x74,0xad,0x74,0xad,0x74,0xb5,
    0x94,0xad,0x74,0xb5,0x74,0xad,0x75,0xad,0x94,0xad,0x74,0xad,0x75,0xb5,0x74,0xad,0x74,0xad,0x74,0xad,0x95,0xad,0x74,0xad,
    0x74,0xad,0x74,0xad,0x74,0xa5,0x74,0xad,0xb1,0x94,0x74,0xad,0x54,0xad,0x74,0xa5,0x54,0xa5,0x73,0xad,0x54,0xad,0x74,0xa5,
    0x74,0xad,0x74,0xad,0x74,0xa5,0x74,0xad,0x74,0xad,0x74,0xad,0x74,0xad,0x54,0xad,0x74,0xad,0x74,0xad,0x74,0xa5,0x54,0xa5,
    0x74,0xad,0x54,0xa5,0x74,0xa5,0x74,0xad,0x54,0xa5,0x54,0xad,0x54,0xad,0x33,0x9d,0x71,0x8c,0x33,0x9d,0x54,0xad,0x54,0xa5,
    0x54,0xa5,0x54,0xa5,0x54,0xa5,0x54,0xad,0x54,0xa5,0x54,0xad,0x74,0xa5,0x54,0xad,0x54,0xad,0x53,0xa5,0x54,0xad,0x54,0xad,
    0x54,0xad,0x74,0xad,0x54,0xad,0x74,0xad,0x53,0xa5,0x73,0xad,0x53,0xa5,0x74,0xad,0x54,0xad,0x74,0xa5,0x54,0xad,0x54,0xa5,
    0x54,0xa5,0x73,0xa5,0x33,0xa5,0x34,0x9d,0x54,0x9d,0x53,0x9d,0x54,0x9d,0x33,0x95,0x54,0x9d,0x33,0x9d,0x54,0x9d,0x53,0x9d,
    0x54,0x9d,0x54,0x9d,0x54,0x9d,0x53,0xa5,0x54,0x9d,0x74,0xa5,0x74,0x9d,0x74,0xa5,0x54,0x9d,0x74,0x9d,0x73,0x9d,0x54,0xa5,
    0x54,0xa5,0x74,0x9d,0x74,0x9d,0x54,0x9d,0xf5,0xc5,0xf5,0xc5,0x15,0xc6,0xf5,0xc5,0x15,0xc6,0x15,0xc6,0xf5,0xc5,0xf5,0xc5,
    0xf5,0xc5,0xf5,0xc5,0xf5,0xc5,0xf4,0xbd,0xf5,0xc5,0xf5,0xc5,0xf5,0xc5,0xd5,0xc5,0xf5,0xc5,0xf5,0xc5,0x15,0xc6,0x15,0xc6,
    0x16,0xc6,0x15,0xce,0x16,0xce,0x15,0xc6,0x15,0xce,0x15,0xc6,0xf5,0xc5,0x15,0xc6,0x16,0xce,0x35,0xc6,0x56,0xce,0x36,0xce,
    0x36,0xce,0x15,0xc6,0x16,0xc6,0x15,0xc6,0x16,0xc6,0xf5,0xc5,0x15,0xc6,0x16,0xce,0x16,0xc6,0x15,0xce,0xf5,0xc5,0x15,0xc6,
    0xf5,0xc5,0x15,0xce,0x15,0xc6,0xf5,0xc5,0x15,0xce,0x15,0xc6,0x16,0xce,0x15,0xc6,0x16,0xc6,0xf5,0xc5,0xf5,0xc5,0xf5,0xc5,
    0xf5,0xbd,0xf6,0xbd,0xd5,0xbd,0xb5,0xbd,0xd5,0xbd,0xd5,0xbd,0xd5,0xbd,0xd5,0xbd,0xb5,0xb5,0xb5,0xb5,0x94,0xb5,0xb5,0xb5,
    0xd4,0xb5,0xb5,0xbd,0xb4,0xb5,0xb5,0xb5,0xd5,0xbd,0xd5,0xbd,0xb5,0xb5,0xb4,0xb5,0xb4,0xb5,0xd5,0xbd,0xb5,0xb5,0xd5,0xb5,
    0xb4,0xb5,0xb5,0xbd,0xd5,0xb5,0xd4,0xbd,0xd5,0xb5,0xb4,0xbd,0xb5,0xb5,0x94,0xb5,0xb5,0xbd,0xb4,0xb5,0x94,0xb5,0xb4,0xb5,
    0xb4,0xb5,0x94,0xad,0x94,0xb5,0x94,0xb5,0xb4,0xb5,0x94,0xb5,0x94,0xb5,0x94,0xad,0x94,0xb5,0x94,0xb5,0x94,0xb5,0x95,0xad,
    0x94,0xad,0x94,0xad,0x95,0xb5,0x94,0xad,0x74,0xad,0x75,0xad,0x74,0xad,0x75,0xad,0x94,0xb5,0x74,0xad,0x74,0xad,0x75,0xad,
    0x95,0xb5,0x74,0xad,0x94,0xad,0x74,0xad,0x74,0xb5,0x74,0xad,0x74,0xad,0x94,0xad,0x74,0xad,0x74,0xad,0x74,0xad,0x74,0xad,
    0x74,0xad,0x74,0xad,0x74,0xad,0x74,0xad,0x74,0xad,0x94,0xad,0x74,0xad,0x94,0xad,0x74,0xb5,0x94,0xad,0x74,0xad,0x93,0xad,
    0x74,0xad,0x73,0xad,0x74,0xad,0x74,0xad,0x74,0xad,0x73,0xa5,0x74,0xa5,0x54,0xad,0x54,0xa5,0x54,0x9d,0x33,0xa5,0x54,0xa5,
    0x54,0x9d,0x74,0x9d,0x54,0x9d,0x54,0xa5,0x73,0x9d,0x74,0x9d,0x74,0xa5,0x54,0xa5,0x74,0x9d,0x74,0xa5,0x54,0xa5,0x74,0x9d,
    0x54,0x9d,0x53,0x9d,0x54,0x9d,0x54,0x9d,0x53,0x9d,0x54,0x9d,0x54,0x9d,0x54,0x9d,0x57,0xd6,0x56,0xce,0x36,0xce,0x56,0xce,
    0x36,0xd6,0x57,0xce,0x36,0xce,0x36,0xce,0x36,0xce,0x36,0xce,0x36,0xce,0x36,0xce,0x36,0xce,0x36,0xce,0x36,0xce,0x36,0xce,
    0x36,0xce,0x36,0xce,0x36,0xce,0x36,0xce,0x36,0xce,0x36,0xce,0x36,0xce,0x36,0xce,0x36,0xce,0x36,0xce,0x56,0xce,0x57,0xd6,
    0x77,0xd6,0x77,0xd6,0x98,0xde,0x97,0xde,0x97,0xd6,0x56,0xd6,0x16,0xce,0x36,0xce,0x56,0xce,0x16,0xce,0x16,0xce,0x15,0xce,
    0x16,0xc6,0x15,0xce,0x36,0xce,0x15,0xce,0xf5,0xc5,0x16,0xc6,0xf5,0xc5,0xf5,0xc5,0x15,0xc6,0xf6,0xcd,0xf5,0xc5,0xf6,0xc5,
    0x15,0xce,0xf5,0xc5,0xf6,0xc5,0xf5,0xc5,0xf5,0xc5,0xf5,0xc5,0xd5,0xc5,0xf5,0xc5,0xd5,0xc5,0xd5,0xbd,0xf5,0xbd,0xd5,0xbd,
    0xd5,0xbd,0xd5,0xb5,0xd4,0xbd,0xb5,0xb5,0xb4,0xbd,0xb5,0xb5,0xb4,0xb5,0xb4,0xbd,0xb4,0xb5,0xb4,0xb5,0x94,0xb5,0x95,0xb5,
    0x94,0xb5,0xb4,0xb5,0xb4,0xb5,0x94,0xb5,0x95,0xb5,0xb4,0xb5,0x94,0xb5,0x95,0xb5,0x94,0xb5,0x94,0xb5,0xb4,0xb5,0x94,0xb5,
    0x94,0xad,0x94,0xb5,0x94,0xad,0x95,0xb5,0x94,0xb5,0x94,0xb5,0x94,0xb5,0x94,0xad,0x94,0xad,0xb4,0xb5,0x94,0xb5,0x94,0xad,
    0x74,0xad,0x94,0xad,0x95,0xb5,0x94,0xb5,0x75,0xb5,0x94,0xad,0x74,0xad,0x74,0xb5,0x74,0xad,0x94,0xb5,0x74,0xad,0x75,0xad,
    0x75,0xad,0x74,0xad,0x74,0xad,0x74,0xad,0x74,0xad,0x74,0xad,0x74,0xad,0x74,0xad,0x75,0xad,0x74,0xad,0x74,0xad,0x74,0xad,
    0x74,0xad,0x74,0xb5,0x74,0xad,0x74,0xad,0x74,0xad,0x74,0xad,0x74,0xad,0x74,0xad,0x75,0xad,0x74,0xad,0x74,0xad,0x74,0xad,
    0x74,0xad,0x74,0xad,0x74,0xb5,0x74,0xad,0x74,0xad,0x74,0xad,0x74,0xad,0x73,0xad,0x74,0xad,0x54,0xad,0x74,0xa5,0x74,0xad,
    0x54,0xa5,0x54,0xa5,0x54,0xa5,0x53,0xa5,0x54,0xa5,0x53,0xa5,0x74,0x9d,0x54,0xa5,0x33,0x9d,0x54,0x9d,0x53,0xa5,0x54,0xa5,
    0x54,0x9d,0x53,0x9d,0x54,0x9d,0x53,0x9d,0x34,0x9d,0x54,0x9d,0x54,0x9d,0x34,0x9d,0x33,0x95,0x34,0x9d,0x54,0x95,0x55,0x95,
    0x16,0xc6,0x16,0xce,0x36,0xce,0x36,0xce,0x36,0xce,0x36,0xce,0x36,0xce,0x36,0xce,0x36,0xce,0x36,0xce,0x36,0xce,0x36,0xce,
    0x35,0xce,0x36,0xce,0x36,0xce,0x36,0xce,0x36,0xce,0x36,0xce,0x36,0xce,0x36,0xce,0x36,0xce,0x56,0xce,0x36,0xce,0x56,0xce,
    0x36,0xce,0x36,0xce,0x56,0xd6,0x56,0xce,0x77,0xd6,0x77,0xd6,0x77,0xd6,0x77,0xd6,0x77,0xd6,0x56,0xce,0x57,0xce,0x56,0xd6,
    0x16,0xce,0x15,0xc6,0x15,0xc6,0x16,0xce,0x15,0xc6,0x16,0xce,0x15,0xc6,0x16,0xc6,0x15,0xc6,0xf5,0xc5,0xf5,0xc5,0xf6,0xc5,
    0xf5,0xc5,0xf5,0xbd,0xf5,0xc5,0xf5,0xc5,0xf5,0xc5,0xd5,0xbd,0xd5,0xc5,0xd5,0xbd,0xf5,0xc5,0xd5,0xbd,0xf5,0xbd,0xd5,0xbd,
    0xd4,0xbd,0xd5,0xbd,0xb5,0xb5,0xb4,0xb5,0x94,0xb5,0x94,0xb5,0x74,0xb5,0x94,0xad,0x74,0xad,0x74,0xad,0x74,0xad,0x74,0xad,
    0x74,0xa5,0x74,0xad,0x54,0xad,0x74,0xad,0x74,0xad,0x74,0xad,0x74,0xad,0x74,0xad,0x74,0xad,0x74,0xad,0x74,0xad,0x74,0xb5,
    0x74,0xad,0x74,0xad,0x74,0xad,0x74,0xad,0x74,0xad,0x74,0xad,0x74,0xad,0x54,0xad,0x74,0xa5,0x74,0xad,0x74,0xad,0x74,0xad,
    0x54,0xad,0x74,0xad,0x54,0xad,0x74,0xad,0x54,0xa5,0x74,0xad,0x54,0xad,0x74,0xad,0x54,0xad,0x54,0xa5,0x54,0xad,0x74,0xa5,
    0x54,0xa5,0x54,0xa5,0x54,0xad,0x54,0xa5,0x53,0xa5,0x34,0xa5,0x54,0xa5,0x34,0xa5,0x34,0xa5,0x33,0xa5,0x34,0xa5,0x34,0xa5,
    0x53,0xa5,0x34,0xa5,0x33,0x9d,0x33,0xa5,0x34,0xa5,0x54,0xa5,0x54,0xa5,0x54,0xa5,0x53,0xa5,0x54,0xad,0x54,0xa5,0x33,0xa5,
    0x54,0xa5,0x33,0xa5,0x54,0xa5,0x34,0xa5,0x54,0xa5,0x74,0xa5,0x54,0xa5,0x53,0xa5,0x54,0xad,0x53,0xa5,0x34,0xa5,0x33,0x9d,
    0x53,0xa5,0x33,0x9d,0x33,0xa5,0x33,0x9d,0x33,0x9d,0x33,0x95,0x33,0x9d,0x13,0x95,0x33,0x9d,0x14,0x95,0x33,0x9d,0x14,0x95,
    0x13,0x95,0x33,0x95,0x13,0x95,0x13,0x95,0x13,0x8d,0x14,0x95,0x13,0x8d,0x13,0x8d,0x13,0x8d,0x13,0x8d,0xf3,0x8c,0x13,0x8d,
    0x13,0x8d,0xf3,0x8c,0x13,0x8d,0xf3,0x8c,0xd4,0xbd,0xb4,0xbd,0xb5,0xb5,0xb4,0xbd,0xb4,0xbd,0xb4,0xbd,0xb5,0xbd,0xd4,0xbd,
    0xd5,0xc5,0xd5,0xbd,0xd5,0xc5,0xd4,0xbd,0xf5,0xc5,0xf5,0xc5,0xf5,0xc5,0xf5,0xc5,0xf5,0xc5,0xf4,0xc5,0xd5,0xc5,0xf5,0xc5,
    0xf5,0xc5,0x15,0xce,0xf5,0xc5,0x16,0xce,0x15,0xc6,0x15,0xce,0x16,0xc6,0x15,0xce,0x77,0xd6,0x56,0xce,0x15,0xce,0x36,0xce,
    0x36,0xce,0x36,0xce,0x15,0xce,0xf5,0xc5,0xf5,0xc5,0xf5,0xc5,0xf5,0xbd,0xd4,0xbd,0xd5,0xbd,0xd4,0xb5,0xd5,0xbd,0xb4,0xbd,
    0xb5,0xb5,0xd4,0xbd,0xb5,0xb5,0xb4,0xb5,0xb5,0xb5,0xb4,0xb5,0x95,0xbd,0xb4,0xb5,0xb5,0xb5,0xd5,0xbd,0xd5,0xb5,0xb5,0xb5,
    0xb5,0xb5,0xb5,0xbd,0xb5,0xb5,0x94,0xb5,0x95,0xb5,0x95,0xb5,0xb4,0xb5,0x95,0xb5,0x94,0xb5,0x75,0xad,0x94,0xb5,0x74,0xb5,
    0x94,0xad,0x74,0xad,0x54,0xad,0x54,0xa5,0x54,0xa5,0x54,0xa5,0x54,0xa5,0x54,0xa5,0x54,0xa5,0x53,0xa5,0x53,0xa5,0x54,0xa5,
    0x54,0xa5,0x34,0xa5,0x54,0xad,0x54,0xa5,0x54,0xa5,0x54,0xad,0x54,0xa5,0x54,0xad,0x54,0xa5,0x34,0xa5,0x34,0xa5,0x53,0xa5,
    0x34,0xa5,0x33,0xa5,0x54,0xa5,0x34,0xa5,0x54,0xa5,0x34,0xa5,0x34,0xa5,0x54,0x9d,0x54,0xa5,0x34,0xa5,0x34,0xa5,0x33,0x9d,
    0x34,0x9d,0x53,0x9d,0x33,0x9d,0x34,0x95,0x53,0x9d,0x34,0x9d,0x33,0x9d,0x33,0x9d,0x34,0x9d,0x13,0x9d,0x33,0x9d,0x33,0x9d,
    0x33,0x9d,0x33,0xa5,0x13,0x9d,0x33,0x9d,0x33,0x9d,0x33,0x95,0x33,0x9d,0x13,0x9d,0x33,0x9d,0x13,0x95,0x13,0x95,0x33,0x95,
    0x13,0x95,0x13,0x95,0x33,0x95,0x33,0x9d,0x13,0x9d,0x33,0x9d,0x33,0x9d,0x13,0xa5,0x33,0x9d,0x33,0x95,0x13,0x95,0x13,0x9d,
    0x13,0x9d,0x13,0x95,0x13,0x95,0x14,0x95,0x13,0x8d,0x13,0x95,0x13,0x8d,0xf3,0x8c,0xf3,0x8c,0xf3,0x8c,0x14,0x8d,0xf3,0x8c,
    0x13,0x8d,0xf3,0x8c,0xf3,0x84,0x13,0x8d,0xf3,0x8c,0xf3,0x84,0xf2,0x8c,0xf3,0x8c,0xd3,0x84,0xf3,0x84,0xd3,0x84,0xd3,0x7c,
    0xd3,0x7c,0xf3,0x84,0xd2,0x84,0xd3,0x7c,0xd3,0x84,0xb3,0x7c,0xd2,0x7c,0xd3,0x7c,0xd5,0xbd,0xf5,0xbd,0xf5,0xc5,0x15,0xc6,
    0x36,0xce,0xf5,0xc5,0xb5,0xbd,0xb4,0xbd,0xb5,0xbd,0xb4,0xbd,0xb5,0xbd,0xd5,0xc5,0xb5,0xbd,0xd5,0xbd,0xf5,0xc5,0x73,0xb5,
    0x73,0xb5,0xd5,0xbd,0xf5,0xc5,0xd5,0xbd,0xd5,0xc5,0xd5,0xbd,0xd5,0xbd,0xd5,0xc5,0xd5,0xbd,0xd5,0xbd,0xf5,0xbd,0x15,0xc6,
    0x77,0xd6,0x56,0xd6,0x36,0xc6,0xf5,0xc5,0xf5,0xc5,0xd4,0xbd,0xd5,0xbd,0xb4,0xbd,0xb5,0xb5,0x94,0xb5,0x94,0xb5,0x94,0xb5,
    0x94,0xb5,0x94,0xb5,0x94,0xad,0xb4,0xb5,0x94,0xb5,0x94,0xb5,0x94,0xb5,0x94,0xad,0x74,0xb5,0x94,0xb5,0x94,0xad,0x94,0xb5,
    0x74,0xb5,0x94,0xad,0x94,0xb5,0x94,0xb5,0x94,0xb5,0x74,0xad,0x74,0xb5,0x94,0xad,0x74,0xad,0x74,0xad,0x74,0xb5,0x74,0xad,
    0x54,0xa5,0x54,0xa5,0x33,0xa5,0x34,0xa5,0x33,0x9d,0x34,0x9d,0x33,0xa5,0x34,0xa5,0x53,0xa5,0x34,0xa5,0x53,0xa5,0x33,0xa5,
    0x13,0x9d,0x13,0xa5,0x13,0x9d,0x33,0x9d,0x33,0x9d,0x13,0x9d,0x13,0x9d,0x33,0x95,0x33,0x9d,0x34,0x9d,0x33,0xa5,0x33,0x9d,
    0x33,0x9d,0x34,0x95,0x33,0x9d,0x13,0x9d,0x33,0x95,0x13,0x9d,0x13,0xa5,0x33,0x9d,0x33,0x95,0x33,0x9d,0x13,0xa5,0x13,0x9d,
    0x13,0xa5,0x13,0xa5,0x33,0x9d,0x33,0x95,0x33,0x95,0x13,0x95,0x13,0x95,0x53,0x95,0x34,0x9d,0x13,0x95,0x13,0x9d,0x13,0x95,
    0x33,0x95,0x34,0x95,0x13,0x95,0x33,0x95,0x13,0x95,0x13,0x9d,0x13,0x95,0x33,0x95,0x33,0x95,0x13,0x9d,0x13,0x9d,0x13,0x95,
    0x13,0x95,0x34,0x95,0x13,0x95,0x34,0x95,0x13,0x95,0x13,0x95,0xf3,0x9c,0x13,0x95,0x13,0x95,0xf3,0x94,0x13,0x8d,0x14,0x95,
    0x13,0x8d,0xf3,0x8c,0xf3,0x8c,0xf3,0x8c,0xf3,0x84,0xf2,0x8c,0xf3,0x84,0xf3,0x8c,0xd3,0x84,0xf3,0x84,0xd3,0x84,0xd3,0x8c,
    0xf3,0x84,0xd2,0x84,0xd3,0x84,0xd3,0x7c,0xd3,0x84,0xd3,0x84,0xd2,0x84,0xd2,0x7c,0xd3,0x7c,0xd2,0x7c,0xb3,0x7c,0xd3,0x7c,
    0xb2,0x74,0xb3,0x7c,0xb2,0x7c,0xd3,0x74,0xb2,0x7c,0xb2,0x7c,0xb3,0x74,0xb2,0x74,0xb3,0x74,0xb2,0x7c,0xb3,0x74,0xb3,0x7c,
    0x36,0xd6,0x56,0xce,0x77,0xd6,0x77,0xd6,0x77,0xde,0x56,0xd6,0x56,0xd6,0x97,0xd6,0x97,0xde,0x97,0xd6,0x56,0xce,0x16,0xce,
    0xf5,0xc5,0xb4,0xbd,0xd4,0xbd,0x70,0x94,0x91,0x9c,0xf5,0xc5,0xd4,0xbd,0xd5,0xbd,0xb4,0xbd,0xd5,0xbd,0xd4,0xbd,0xb4,0xbd,
    0xd5,0xb5,0xb4,0xbd,0xd4,0xbd,0xd5,0xc5,0xf5,0xc5,0x56,0xce,0x56,0xd6,0x36,0xce,0x36,0xce,0x35,0xce,0xf5,0xc5,0xf5,0xbd,
    0xd4,0xbd,0xb4,0xbd,0xb5,0xb5,0xb4,0xb5,0xb5,0xb5,0xb5,0xb5,0xb4,0xb5,0xb5,0xbd,0xb5,0xb5,0xb5,0xb5,0xb4,0xb5,0xb4,0xb5,
    0xb4,0xb5,0xb5,0xb5,0x94,0xb5,0xb4,0xb5,0xb5,0xb5,0xb4,0xb5,0xb4,0xb5,0x94,0xb5,0x94,0xb5,0xb4,0xb5,0x94,0xb5,0x95,0xb5,
    0xb4,0xb5,0x95,0xb5,0xb4,0xb5,0xb5,0xb5,0x95,0xb5,0x94,0xb5,0x94,0xad,0x74,0xad,0x74,0xb5,0x74,0xad,0x54,0xad,0x54,0xad,
    0x74,0xad,0x54,0xad,0x54,0xa5,0x54,0xad,0x54,0xa5,0x54,0xad,0x54,0xa5,0x54,0x9d,0x34,0x9d,0x33,0xa5,0x34,0x9d,0x33,0x9d,
    0x54,0x9d,0x33,0x9d,0x33,0xa5,0x34,0xa5,0x54,0x9d,0x53,0x9d,0x34,0x9d,0x33,0x9d,0x33,0xa5,0x34,0xa5,0x33,0x9d,0x13,0x9d,
    0x33,0x9d,0x13,0x95,0x33,0x9d,0x33,0x9d,0x34,0x9d,0x33,0x9d,0x34,0x95,0x33,0x9d,0x14,0x95,0x13,0x95,0x34,0x95,0x33,0x95,
    0x13,0x9d,0x13,0x95,0x13,0x9d,0x13,0x95,0x13,0x95,0x13,0x95,0x13,0x95,0x13,0x95,0x13,0x95,0x13,0x95,0x13,0x95,0x13,0x95,
    0xf3,0x94,0x13,0x8d,0x13,0x95,0x13,0x95,0x14,0x8d,0x13,0x95,0x13,0x8d,0xf4,0x94,0xf3,0x8c,0x13,0x95,0xf3,0x8c,0xf3,0x94,
    0xf2,0x8c,0xf3,0x8c,0xf3,0x8c,0xf3,0x8c,0xd3,0x8c,0xf3,0x8c,0xd3,0x8c,0xd3,0x84,0xd3,0x84,0xd3,0x84,0xd2,0x84,0xd3,0x7c,
    0xd2,0x84,0xd3,0x7c,0xd2,0x84,0xd2,0x84,0xb3,0x7c,0xb2,0x7c,0x93,0x7c,0xb2,0x7c,0xb3,0x7c,0xb2,0x74,0xb3,0x7c,0x92,0x74,
    0xb2,0x74,0x92,0x74,0x92,0x74,0x92,0x6c,0x92,0x6c,0x92,0x74,0x92,0x74,0x92,0x6c,0x92,0x6c,0x92,0x74,0x92,0x6c,0xb3,0x6c,
    0xb2,0x64,0x92,0x6c,0x72,0x74,0x92,0x74,0xb8,0xde,0x77,0xde,0xb8,0xe6,0xd8,0xe6,0xb8,0xde,0xb8,0xe6,0xb7,0xe6,0xb7,0xe6,
    0xb8,0xe6,0xd8,0xe6,0xf9,0xe6,0x19,0xef,0xd8,0xe6,0xb8,0xde,0x56,0xce,0x36,0xce,0x16,0xc6,0xd5,0xc5,0xd5,0xbd,0xd5,0xbd,
    0xd4,0xc5,0xd5,0xbd,0xd5,0xbd,0xd5,0xbd,0xd5,0xbd,0xb4,0xbd,0xb5,0xbd,0xb4,0xbd,0xb5,0xbd,0xb4,0xbd,0xf5,0xc5,0x16,0xc6,
    0x36,0xce,0x36,0xce,0x56,0xd6,0x36,0xce,0x36,0xce,0x15,0xc6,0x15,0xc6,0xd5,0xbd,0xb4,0xbd,0xb4,0xb5,0xb5,0xb5,0x94,0xb5,
    0x94,0xb5,0x94,0xb5,0x94,0xb5,0x95,0xb5,0x94,0xb5,0x94,0xb5,0x95,0xad,0x94,0xb5,0x94,0xad,0x94,0xb5,0x74,0xad,0x94,0xb5,
    0x95,0xb5,0xb4,0xb5,0xb5,0xbd,0xb4,0xbd,0xb4,0xb5,0xb4,0xb5,0xb5,0xb5,0x94,0xb5,0x94,0xad,0x94,0xb5,0x94,0xb5,0x94,0xb5,
    0x74,0xad,0x54,0xad,0x74,0xad,0x74,0xad,0x54,0xa5,0x54,0xad,0x54,0xa5,0x74,0xad,0x94,0xad,0x74,0xad,0x74,0xad,0x74,0xad,
    0x54,0xad,0x54,0xa5,0x54,0xa5,0x54,0xa5,0x53,0xa5,0x34,0xa5,0x33,0xa5,0x33,0xa5,0x34,0x9d,0x34,0x9d,0x33,0x95,0x13,0x9d,
    0x13,0x9d,0x13,0x9d,0x33,0x9d,0x13,0x95,0x34,0x95,0x14,0x95,0x13,0x95,0x13,0x95,0x33,0x95,0x13,0x95,0x13,0x95,0x34,0x95,
    0x13,0x95,0x34,0x95,0x13,0x95,0x13,0x95,0x13,0x95,0x13,0x95,0x13,0x95,0x13,0x95,0x13,0x95,0x13,0x95,0x13,0x95,0xf3,0x94,
    0xf3,0x8c,0x14,0x95,0x13,0x95,0x13,0x8d,0xf3,0x8c,0x13,0x8d,0xf3,0x8c,0xf3,0x8c,0xf3,0x8c,0x13,0x8d,0xf3,0x8c,0xf3,0x8c,
    0xf3,0x8c,0xf3,0x8c,0xf3,0x8c,0xf3,0x84,0xf2,0x84,0xf3,0x84,0xd2,0x84,0xd3,0x84,0xd3,0x84,0xd2,0x84,0xd3,0x8c,0xd2,0x84,
    0xd3,0x84,0xd2,0x7c,0xd3,0x7c,0xd3,0x84,0xd3,0x7c,0xd3,0x84,0xb2,0x7c,0xb2,0x7c,0xb2,0x7c,0xb3,0x7c,0xb2,0x7c,0x92,0x74,
    0xb3,0x7c,0x92,0x7c,0x92,0x74,0xb2,0x7c,0xb3,0x74,0x92,0x74,0xb2,0x6c,0x92,0x74,0x92,0x74,0x92,0x74,0x92,0x74,0x92,0x74,
    0x92,0x74,0x92,0x6c,0xb2,0x64,0x92,0x6c,0x92,0x6c,0x72,0x6c,0x92,0x74,0x92,0x6c,0x3a,0xef,0x39,0xef,0x1a,0xef,0x3a,0xef,
    0x3a,0xef,0x19,0xef,0xd8,0xe6,0xd8,0xe6,0xd7,0xe6,0xb7,0xe6,0xf8,0xee,0xf9,0xee,0x19,0xef,0x3a,0xef,0x3a,0xef,0x19,0xef,
    0xd8,0xde,0x36,0xce,0xf5,0xc5,0xf4,0xc5,0xf5,0xc5,0xf5,0xc5,0x15,0xc6,0xf5,0xc5,0xf5,0xc5,0xf5,0xc5,0xf5,0xc5,0xd5,0xbd,
    0xd5,0xc5,0xb4,0xbd,0xb5,0xbd,0x94,0xbd,0xb4,0xbd,0xb4,0xb5,0xd5,0xbd,0xd5,0xbd,0xf5,0xbd,0xf5,0xc5,0xf5,0xc5,0xf5,0xc5,
    0xd5,0xbd,0xd5,0xc5,0xd5,0xbd,0xb4,0xbd,0x94,0xb5,0x94,0xad,0x74,0xad,0x54,0xad,0x74,0xad,0x54,0xa5,0x54,0xad,0x54,0xa5,
    0x54,0xad,0x54,0xa5,0x54,0xad,0x74,0xad,0x74,0xad,0x74,0xad,0x94,0xad,0x94,0xad,0x74,0xad,0x54,0xad,0x53,0xa5,0x54,0xad,
    0x54,0xa5,0x54,0xad,0x74,0xad,0x54,0xad,0x34,0xa5,0x33,0xa5,0x14,0x9d,0x33,0xa5,0x34,0xa5,0x33,0xa5,0x34,0xa5,0x33,0xa5,
    0x74,0xad,0x94,0xb5,0x73,0xad,0x54,0xad,0x54,0xa5,0x53,0xa5,0x54,0x9d,0x53,0x9d,0x33,0x9d,0x13,0x9d,0x34,0x95,0x33,0x95,
    0x33,0x9d,0x13,0x95,0x14,0x8d,0x14,0x95,0x13,0x95,0x14,0x8d,0xf3,0x94,0x13,0x95,0x14,0x95,0x13,0x95,0xf3,0x94,0xf3,0x8c,
    0xf3,0x94,0xf3,0x8c,0x13,0x95,0xf3,0x8c,0x13,0x95,0xf3,0x8c,0xf3,0x8c,0x13,0x8d,0xf3,0x8c,0xf3,0x8c,0xf3,0x8c,0xf3,0x8c,
    0xf3,0x8c,0xf3,0x8c,0xf3,0x8c,0xf3,0x8c,0xf2,0x8c,0xf3,0x8c,0xf3,0x8c,0xf3,0x8c,0xd3,0x8c,0xd3,0x84,0xd2,0x8c,0xf3,0x8c,
    0xf2,0x84,0xd3,0x84,0xd3,0x8c,0xf3,0x84,0xd3,0x8c,0xd3,0x84,0xf3,0x84,0xd3,0x84,0xf3,0x84,0xd2,0x7c,0xb3,0x84,0xd2,0x7c,
    0xb3,0x7c,0xd2,0x7c,0xd3,0x84,0xd2,0x7c,0xb2,0x7c,0xb3,0x7c,0xb2,0x7c,0xb2,0x7c,0xb2,0x7c,0xb2,0x7c,0xb3,0x7c,0xb3,0x7c,
    0xb2,0x7c,0x92,0x7c,0xb2,0x7c,0xb3,0x7c,0xb2,0x7c,0xb3,0x7c,0xf3,0x84,0xd2,0x84,0xd3,0x74,0xb2,0x6c,0xb2,0x74,0x92,0x74,
    0x92,0x7c,0x92,0x7c,0x92,0x7c,0x92,0x74,0x93,0x74,0xb2,0x74,0xb3,0x6c,0x92,0x74,0x93,0x74,0xb2,0x74,0x93,0x74,0xb2,0x6c,
    0x5a,0xef,0x5a,0xf7,0x5a,0xef,0x5a,0xf7,0x5a,0xef,0x3a,0xef,0x19,0xf7,0x19,0xef,0x39,0xf7,0x19,0xef,0xf8,0xee,0xf8,0xee,
    0xd8,0xe6,0xf8,0xee,0xf8,0xee,0x19,0xef,0x3a,0xef,0x19,0xef,0xd8,0xde,0x77,0xd6,0x36,0xce,0xf5,0xc5,0xf5,0xc5,0x15,0xc6,
    0x15,0xc6,0x15,0xce,0x36,0xc6,0x15,0xce,0xf5,0xc5,0xf5,0xc5,0xd4,0xbd,0xb4,0xbd,0xb5,0xb5,0xb4,0xbd,0x94,0xb5,0x94,0xb5,
    0x94,0xb5,0x94,0xb5,0x94,0xad,0x94,0xb5,0xb4,0xbd,0xb5,0xbd,0xb4,0xbd,0xb5,0xb5,0xb4,0xb5,0xb4,0xb5,0x94,0xb5,0x74,0xad,
    0x54,0xad,0x54,0xad,0x74,0xad,0x54,0xa5,0x53,0xa5,0x54,0x9d,0x33,0xa5,0x34,0xa5,0x54,0xa5,0x34,0xa5,0x33,0xa5,0x33,0x9d,
    0x53,0x9d,0x33,0x9d,0x33,0x9d,0x34,0xa5,0x53,0xa5,0x54,0xa5,0x34,0x9d,0x33,0xa5,0x34,0xa5,0x33,0xa5,0x33,0x9d,0x33,0xa5,
    0x33,0xa5,0x34,0x9d,0x53,0x9d,0x33,0x9d,0x53,0xa5,0x74,0xad,0x74,0xad,0x53,0xa5,0x54,0x9d,0x33,0x9d,0x33,0x95,0x13,0x9d,
    0x34,0x95,0x34,0x95,0x33,0x9d,0xf3,0x8c,0xf4,0x8c,0xf3,0x8c,0xf3,0x8c,0xf3,0x8c,0xf3,0x8c,0xf3,0x8c,0xf3,0x8c,0xf3,0x8c,
    0xf3,0x8c,0xf3,0x8c,0xf3,0x8c,0xf3,0x8c,0xf3,0x8c,0xf2,0x8c,0xf3,0x8c,0xf3,0x8c,0xf3,0x8c,0xf3,0x8c,0x13,0x8d,0xf3,0x8c,
    0xf3,0x8c,0xf3,0x84,0xf3,0x8c,0xd2,0x8c,0xf3,0x8c,0xf3,0x8c,0xd2,0x84,0xf3,0x8c,0xd3,0x84,0xd3,0x84,0xd3,0x8c,0xd3,0x84,
    0xf2,0x8c,0xd3,0x84,0xf3,0x84,0xd3,0x84,0xd3,0x84,0xf3,0x8c,0xd2,0x84,0xd3,0x84,0xd2,0x84,0xd2,0x84,0xd2,0x84,0xd2,0x84,
    0xd3,0x84,0xb2,0x7c,0xd3,0x7c,0xd3,0x7c,0xb2,0x84,0xb2,0x7c,0xb3,0x7c,0xb2,0x7c,0xb2,0x7c,0xb3,0x7c,0x92,0x7c,0xb3,0x7c,
    0xb3,0x7c,0xb2,0x7c,0xb2,0x7c,0xb2,0x84,0xd3,0x8c,0xd3,0x7c,0xb2,0x84,0xd2,0x84,0xd2,0x7c,0xd3,0x84,0x13,0x95,0xf3,0x8c,
    0xd2,0x84,0x92,0x7c,0x92,0x74,0x92,0x74,0xb3,0x74,0xb2,0x74,0x93,0x74,0x92,0x7c,0x92,0x74,0x92,0x7c,0xb2,0x74,0xb3,0x74,
    0x92,0x74,0xb3,0x7c,0xb3,0x7c,0xb2,0x7c,0x1a,0xef,0x3a,0xef,0x3a,0xf7,0x3a,0xef,0x3a,0xf7,0x39,0xef,0x3a,0xf7,0x3a,0xef,
    0x5a,0xf7,0x3a,0xf7,0x19,0xef,0x19,0xef,0x18,0xef,0xd8,0xee,0xd7,0xe6,0xf8,0xe6,0xf8,0xee,0xf8,0xee,0x19,0xef,0x19,0xef,
    0x39,0xef,0x19,0xe7,0xd8,0xde,0x77,0xde,0x56,0xd6,0x16,0xce,0x15,0xc6,0xf5,0xc5,0x15,0xc6,0xf5,0xc5,0xf5,0xc5,0xf5,0xc5,
    0xd4,0xbd,0xd4,0xbd,0xd5,0xbd,0xd4,0xbd,0xb5,0xb5,0xb4,0xbd,0xb5,0xb5,0xb4,0xb5,0xb5,0xb5,0x74,0xb5,0x94,0xb5,0x94,0xb5,
    0x94,0xb5,0xb4,0xb5,0xb4,0xb5,0x94,0xb5,0x93,0xad,0x74,0xad,0x74,0xad,0x54,0xad,0x54,0xad,0x54,0xa5,0x54,0xad,0x54,0xa5,
    0x54,0xa5,0x53,0xa5,0x34,0x9d,0x53,0x9d,0x34,0x9d,0x33,0x9d,0x33,0x9d,0x33,0x9d,0x33,0x9d,0x33,0x9d,0x33,0x9d,0x33,0x95,
    0x33,0x9d,0x34,0xa5,0x34,0x9d,0x33,0xa5,0x13,0x9d,0x33,0x9d,0x33,0x9d,0x13,0x9d,0x34,0x9d,0x94,0xad,0x74,0xad,0x53,0xa5,
    0x34,0x95,0x33,0x9d,0x33,0x95,0x13,0x95,0x33,0x9d,0x33,0x95,0x34,0x95,0x13,0x95,0x13,0x95,0x13,0x8d,0x14,0x95,0x13,0x8d,
    0xf3,0x94,0x13,0x8d,0x13,0x8d,0xf3,0x8c,0xf3,0x94,0xf2,0x8c,0xf2,0x8c,0xf3,0x94,0xf2,0x8c,0xf3,0x8c,0xf3,0x8c,0xf2,0x8c,
    0xf3,0x8c,0xf3,0x8c,0xd3,0x8c,0xd3,0x8c,0xd2,0x84,0xd2,0x8c,0xf3,0x84,0xd3,0x84,0xf3,0x84,0xd3,0x8c,0xf3,0x84,0xf3,0x94,
    0xd2,0x94,0xf3,0x8c,0xf3,0x8c,0xd2,0x84,0xd3,0x8c,0xf2,0x8c,0xf3,0x84,0xd2,0x8c,0xd2,0x84,0xd3,0x84,0xf2,0x7c,0xd2,0x84,
    0xd2,0x84,0xd2,0x8c,0xd3,0x84,0xd3,0x84,0xd2,0x84,0xd3,0x84,0xd2,0x7c,0xd3,0x84,0xb2,0x84,0xd2,0x84,0xb3,0x84,0xb2,0x84,
    0xd3,0x7c,0xd2,0x84,0xd3,0x84,0xd2,0x84,0xd2,0x84,0xd2,0x84,0xf2,0x94,0x13,0x9d,0x13,0x95,0xf2,0x94,0x54,0xa5,0x34,0xa5,
    0xf3,0x94,0x13,0x9d,0x34,0xa5,0xf3,0x94,0xd2,0x84,0xb2,0x84,0x92,0x74,0x92,0x7c,0x92,0x6c,0x92,0x6c,0x92,0x6c,0x72,0x74,
    0x71,0x74,0x72,0x74,0x72,0x6c,0x72,0x6c,0x72,0x74,0x92,0x74,0x71,0x74,0x52,0x74,0xf9,0xee,0x19,0xef,0x19,0xef,0x19,0xef,
    0x3a,0xf7,0x19,0xef,0x3a,0xf7,0x5a,0xf7,0x3a,0xf7,0x39,0xf7,0x3a,0xf7,0x39,0xf7,0x39,0xf7,0x18,0xef,0x19,0xf7,0x18,0xef,
    0x18,0xef,0xf8,0xee,0xf8,0xee,0xd8,0xee,0x18,0xef,0x19,0xef,0x19,0xf7,0x39,0xef,0x19,0xef,0xd8,0xe6,0x56,0xd6,0x55,0xd6,
    0xf5,0xc5,0xd5,0xc5,0xb4,0xbd,0xb4,0xbd,0xb4,0xbd,0xb4,0xbd,0xb4,0xbd,0xb4,0xb5,0xb4,0xbd,0x94,0xb5,0x94,0xb5,0x94,0xb5,
    0x94,0xb5,0x94,0xb5,0x94,0xad,0x93,0xad,0x53,0xad,0x74,0xad,0x54,0xa5,0x73,0xad,0x54,0xad,0x73,0xad,0x54,0xa5,0x54,0xad,
    0x54,0xa5,0x54,0xad,0x54,0xad,0x53,0xad,0x74,0xad,0x54,0xad,0x74,0xa5,0x54,0xa5,0x33,0xa5,0x54,0xa5,0x34,0xa5,0x33,0xa5,
    0x34,0xa5,0x33,0x9d,0x33,0x9d,0x34,0x9d,0x33,0x9d,0x33,0x9d,0x54,0xa5,0x13,0xa5,0x13,0x9d,0x13,0x95,0x13,0x9d,0x13,0xa5,
    0x33,0xa5,0x33,0xa5,0x34,0xa5,0x33,0x9d,0x13,0x95,0x13,0x95,0x13,0x95,0x13,0x95,0xf3,0x8c,0x13,0x95,0x13,0x95,0xf3,0x8c,
    0x13,0x8d,0xf3,0x94,0x13,0x95,0x13,0x95,0x34,0xa5,0x33,0x95,0xf3,0x94,0x13,0x95,0x12,0x9d,0x13,0x9d,0x13,0x9d,0xf2,0x94,
    0xf3,0x94,0xf2,0x8c,0xf2,0x94,0xf3,0x94,0xf2,0x8c,0xf3,0x94,0xf3,0x8c,0x13,0x8d,0xf3,0x94,0xf3,0x94,0xf3,0x8c,0xf3,0x8c,
    0xf2,0x8c,0xf3,0x8c,0x13,0x8d,0x13,0x95,0xf3,0x9c,0xf3,0x8c,0x13,0x95,0xf2,0x94,0x13,0x9d,0x33,0x9d,0x34,0x9d,0x33,0x95,
    0x13,0x95,0x13,0x8d,0x13,0x8d,0xf3,0x84,0xf2,0x8c,0xd2,0x84,0xd3,0x84,0xd2,0x7c,0xd3,0x7c,0xd3,0x84,0xd2,0x84,0xd3,0x8c,
    0xf3,0x8c,0xd3,0x8c,0x12,0x8d,0x13,0x95,0xf3,0x8c,0xf2,0x94,0xf3,0x94,0x13,0x95,0xf3,0x94,0xf2,0x8c,0x13,0x9d,0x33,0xa5,
    0x13,0x95,0x33,0xa5,0x73,0xad,0x74,0xad,0x53,0xa5,0x54,0xa5,0x53,0xa5,0xf3,0x9c,0xd2,0x8c,0x92,0x84,0xb3,0x84,0x92,0x7c,
    0x92,0x74,0x91,0x74,0x91,0x6c,0x72,0x74,0x92,0x74,0x92,0x74,0x72,0x74,0x92,0x74,0x92,0x74,0x92,0x74,0x72,0x74,0x72,0x74,
    0xd8,0xe6,0xd8,0xee,0xd8,0xee,0x19,0xef,0xf8,0xee,0xf9,0xee,0xf8,0xee,0x18,0xef,0xf8,0xee,0x18,0xef,0x18,0xef,0xf8,0xee,
    0x38,0xf7,0x19,0xef,0x18,0xef,0x19,0xf7,0x19,0xef,0x18,0xef,0xf8,0xee,0xd7,0xe6,0xb7,0xee,0xd7,0xee,0xd7,0xe6,0xf8,0xee,
    0xf8,0xee,0x18,0xef,0xf8,0xee,0x19,0xef,0xf8,0xee,0xd8,0xde,0x77,0xd6,0x15,0xce,0xf5,0xc5,0xd4,0xbd,0xb4,0xbd,0xd4,0xc5,
    0xd4,0xbd,0xb4,0xbd,0xd4,0xbd,0xb4,0xbd,0xb4,0xb5,0xb4,0xb5,0x94,0xb5,0x94,0xb5,0x94,0xb5,0x94,0xad,0x94,0xb5,0x94,0xad,
    0x74,0xad,0x73,0xad,0x74,0xad,0x53,0xad,0x54,0xad,0x53,0xad,0x53,0xa5,0x54,0xa5,0x33,0xa5,0x34,0xa5,0x53,0xa5,0x34,0xad,
    0x53,0xa5,0x33,0xa5,0x13,0xa5,0x33,0xa5,0x33,0x9d,0x34,0xa5,0x33,0xa5,0x33,0x9d,0x34,0x9d,0x33,0x9d,0x33,0x9d,0x33,0x9d,
    0x33,0x9d,0x33,0x95,0x54,0xa5,0x33,0x9d,0x34,0x9d,0x13,0x95,0x33,0x95,0x13,0x95,0x14,0x95,0x13,0x95,0x13,0x95,0xf3,0x94,
    0x14,0x95,0x14,0x8d,0xf3,0x8c,0xd3,0x84,0xd3,0x8c,0xf3,0x84,0xf3,0x8c,0xf3,0x8c,0xf2,0x8c,0x13,0x95,0x13,0x95,0x33,0x9d,
    0x74,0xad,0x74,0xad,0x34,0xa5,0x13,0x8d,0xf3,0x8c,0xf3,0x94,0x13,0x95,0x13,0x95,0xf3,0x94,0xf2,0x8c,0xf3,0x8c,0xf3,0x94,
    0xf2,0x8c,0xf2,0x94,0xf3,0x8c,0xf3,0x8c,0xd2,0x84,0xf3,0x8c,0xf3,0x8c,0xf3,0x8c,0xf2,0x8c,0xf2,0x8c,0xf3,0x9c,0x13,0x9d,
    0x34,0xa5,0x13,0x9d,0x13,0x9d,0x13,0x9d,0x33,0x9d,0x13,0x95,0xf3,0x94,0xf2,0x84,0xd2,0x84,0xb3,0x84,0xb2,0x7c,0xd3,0x7c,
    0xb2,0x74,0xb2,0x74,0xb2,0x7c,0xb3,0x7c,0xd2,0x84,0xf2,0x8c,0xf3,0x8c,0x13,0x95,0xf3,0x94,0x33,0xa5,0x73,0xad,0x34,0xa5,
    0x33,0x9d,0xf3,0x9c,0x33,0xa5,0x53,0xa5,0x73,0xad,0xb4,0xb5,0x94,0xb5,0x94,0xb5,0x73,0xad,0x73,0xad,0x33,0xa5,0x33,0xa5,
    0x33,0xa5,0x13,0x95,0x13,0x95,0xf2,0x8c,0xf2,0x8c,0xd2,0x84,0xd2,0x7c,0xb3,0x7c,0xb3,0x7c,0xd2,0x7c,0xb3,0x7c,0xb2,0x7c,
    0xd3,0x84,0x92,0x74,0x72,0x74,0x72,0x6c,0x76,0xd6,0x77,0xd6,0xb7,0xde,0x97,0xe6,0x96,0xde,0xb7,0xe6,0xd7,0xe6,0xb7,0xe6,
    0xb7,0xe6,0xb7,0xe6,0xd7,0xee,0xd7,0xe6,0xb7,0xe6,0xb7,0xee,0xd7,0xe6,0xd7,0xee,0xb7,0xe6,0xd7,0xee,0xb7,0xe6,0xb7,0xe6,
    0xb7,0xe6,0xb7,0xe6,0xd7,0xee,0xd7,0xee,0xd7,0xee,0xd8,0xee,0xf7,0xee,0xf8,0xee,0xf8,0xee,0x18,0xef,0xf8,0xee,0xf8,0xee,
    0x97,0xde,0x77,0xd6,0x35,0xce,0xb4,0xbd,0x94,0xb5,0x73,0xad,0x73,0xad,0x74,0xad,0x74,0xad,0x74,0xb5,0x73,0xad,0x74,0xad,
    0x73,0xb5,0x74,0xad,0x74,0xad,0x73,0xad,0x94,0xb5,0x74,0xad,0x94,0xad,0x73,0xad,0x74,0xad,0x73,0xad,0x54,0xad,0x73,0xad,
    0x54,0xad,0x54,0xa5,0x53,0xad,0x53,0xa5,0x54,0xad,0x33,0xa5,0x34,0xa5,0x34,0x9d,0x53,0xa5,0x34,0xa5,0x33,0x9d,0x14,0x9d,
    0x13,0xa5,0x33,0x9d,0x13,0x95,0x13,0x95,0x33,0x9d,0x13,0x95,0x13,0x9d,0x13,0x95,0xf2,0x8c,0xf2,0x8c,0xf3,0x8c,0xd2,0x8c,
    0xf3,0x84,0xd3,0x84,0xf3,0x84,0xd3,0x84,0xd2,0x84,0xd3,0x8c,0xd2,0x84,0xf3,0x84,0xd2,0x7c,0xd3,0x84,0xd3,0x84,0xd3,0x84,
    0xd3,0x84,0xf2,0x84,0xd3,0x84,0xf2,0x94,0x13,0x95,0x13,0x95,0xf3,0x94,0x13,0x95,0xf2,0x8c,0xf2,0x8c,0xf3,0x8c,0xf2,0x84,
    0xd3,0x8c,0xd3,0x84,0xb2,0x84,0xd2,0x84,0xd2,0x84,0xd2,0x8c,0xb2,0x84,0xd2,0x8c,0xd2,0x84,0xd3,0x8c,0xf3,0x84,0xd2,0x84,
    0xd2,0x84,0xd2,0x84,0x12,0x9d,0x13,0xa5,0x13,0x9d,0xf2,0x94,0x13,0xa5,0xf3,0x94,0xd2,0x8c,0xb2,0x84,0xb2,0x7c,0x92,0x74,
    0x92,0x7c,0x72,0x74,0x72,0x74,0x92,0x74,0x92,0x6c,0x72,0x74,0x72,0x74,0x92,0x7c,0xb2,0x84,0xd3,0x84,0xf3,0x8c,0xf2,0x8c,
    0x13,0x9d,0x73,0xad,0x54,0xad,0x13,0x9d,0x33,0x9d,0x33,0xa5,0x53,0xa5,0xb4,0xb5,0xf5,0xc5,0xd4,0xc5,0x93,0xb5,0xb4,0xbd,
    0x74,0xad,0x33,0xa5,0x53,0xad,0x73,0xad,0x73,0xad,0x33,0xa5,0xf3,0x8c,0xf2,0x84,0xf3,0x94,0xf3,0x94,0x13,0x8d,0xb3,0x7c,
    0xd2,0x84,0xf3,0x84,0xf3,0x8c,0xb2,0x84,0x72,0x74,0x72,0x74,0x71,0x6c,0x51,0x6c,0x15,0xce,0x16,0xc6,0x15,0xce,0x16,0xce,
    0x56,0xd6,0x76,0xde,0x56,0xd6,0x56,0xde,0x76,0xde,0x76,0xde,0x76,0xde,0x76,0xde,0x75,0xde,0x96,0xde,0x96,0xe6,0x76,0xde,
    0x96,0xe6,0x97,0xde,0xb7,0xe6,0x96,0xe6,0x97,0xe6,0xb7,0xe6,0xb7,0xee,0xd7,0xe6,0xd7,0xee,0xb7,0xe6,0xd7,0xee,0xb7,0xe6,
    0xb7,0xe6,0xd8,0xee,0xd7,0xee,0xd7,0xe6,0xd7,0xee,0xd7,0xee,0xd7,0xe6,0x97,0xe6,0x76,0xde,0x35,0xce,0xf5,0xc5,0x94,0xbd,
    0x73,0xad,0x53,0xad,0x73,0xad,0x73,0xad,0x53,0xa5,0x53,0xad,0x73,0xa5,0x53,0xad,0x33,0xa5,0x53,0xad,0x53,0xa5,0x33,0xa5,
    0x53,0xa5,0x53,0xa5,0x33,0xa5,0x33,0xa5,0x33,0xa5,0x34,0xa5,0x33,0x9d,0x12,0xa5,0x33,0x9d,0x13,0xa5,0x13,0x9d,0x13,0x9d,
    0x33,0xa5,0x13,0x9d,0x33,0x9d,0x33,0x9d,0x13,0xa5,0x33,0x9d,0x33,0xa5,0x13,0x9d,0x13,0x9d,0x33,0x9d,0x33,0x95,0x13,0x9d,
    0x13,0x9d,0x13,0x95,0x13,0x95,0x13,0x95,0xf2,0x8c,0xf3,0x8c,0xf3,0x94,0xf3,0x8c,0xf3,0x8c,0xf3,0x94,0xf2,0x8c,0xd3,0x84,
    0xd2,0x84,0xd2,0x8c,0xf3,0x84,0xf3,0x8c,0xf2,0x84,0xd2,0x8c,0xd2,0x84,0xb2,0x84,0xd3,0x84,0xf2,0x84,0xd2,0x84,0xd3,0x8c,
    0xf3,0x8c,0xf2,0x8c,0xd3,0x84,0xd3,0x8c,0xd3,0x84,0xd2,0x8c,0xd2,0x84,0xd3,0x84,0xd2,0x8c,0xd2,0x84,0xd2,0x84,0xd3,0x8c,
    0x33,0x95,0x34,0x95,0xf3,0x94,0x13,0x95,0x33,0x9d,0x74,0xad,0x94,0xb5,0x74,0xad,0x54,0xa5,0x73,0xad,0x94,0xad,0x13,0x9d,
    0xf3,0x8c,0xf3,0x8c,0x92,0x74,0x92,0x7c,0xb3,0x74,0x92,0x7c,0x92,0x74,0x92,0x74,0x92,0x74,0x92,0x7c,0xb2,0x7c,0xb2,0x7c,
    0xb2,0x7c,0xb2,0x84,0xd2,0x84,0xd3,0x8c,0xf2,0x8c,0xf2,0x9c,0xd2,0x94,0xf2,0x8c,0x13,0x9d,0x32,0xa5,0x12,0x9d,0x53,0xad,
    0x93,0xb5,0x74,0xad,0x53,0xad,0x53,0xad,0x53,0xa5,0x32,0xa5,0x73,0xad,0x95,0xb5,0x94,0xad,0x53,0xa5,0x12,0x9d,0x33,0x9d,
    0x54,0xa5,0x33,0xa5,0xf3,0x94,0xd2,0x8c,0xd2,0x84,0xd2,0x84,0xf3,0x84,0x92,0x7c,0xb1,0x74,0xd2,0x7c,0xb2,0x84,0xd3,0x84,
    0xb5,0xbd,0xb4,0xbd,0xd4,0xbd,0xf5,0xc5,0xf5,0xc5,0xd4,0xbd,0xd5,0xbd,0xd4,0xc5,0xd5,0xbd,0xb3,0xbd,0xb4,0xbd,0xd4,0xc5,
    0xf5,0xcd,0x35,0xce,0x15,0xce,0x15,0xd6,0x15,0xce,0x35,0xd6,0x36,0xd6,0x55,0xd6,0x35,0xd6,0x76,0xde,0xb6,0xe6,0x97,0xe6,
    0xb6,0xee,0xb7,0xe6,0x96,0xe6,0x96,0xe6,0x96,0xe6,0x96,0xe6,0x96,0xe6,0xb7,0xee,0xb6,0xe6,0x97,0xe6,0x96,0xe6,0xb6,0xe6,
    0x96,0xe6,0x96,0xe6,0x96,0xe6,0x96,0xe6,0x76,0xde,0x15,0xce,0x93,0xb5,0x73,0xad,0x53,0xa5,0x53,0xa5,0x53,0xa5,0x53,0xad,
    0x33,0xa5,0x53,0xa5,0x53,0xad,0x53,0xa5,0x53,0xa5,0x53,0xad,0x73,0xad,0x53,0xa5,0x73,0xad,0x54,0xad,0x74,0xad,0x53,0xad,
    0x74,0xad,0x73,0xad,0x54,0xad,0x73,0xad,0x54,0xa5,0x54,0xad,0x34,0xa5,0x33,0xa5,0x54,0xa5,0x33,0xa5,0x33,0xa5,0x33,0xa5,
    0x33,0xa5,0x13,0xa5,0x13,0x9d,0x13,0xa5,0x12,0x9d,0x13,0x9d,0x13,0x95,0x13,0x95,0x13,0x95,0x12,0x95,0xf3,0x94,0xf2,0x8c,
    0x13,0x95,0xf3,0x8c,0xf2,0x8c,0xf2,0x8c,0xd2,0x8c,0xd2,0x8c,0xd2,0x8c,0xd2,0x84,0xd3,0x8c,0xf3,0x8c,0xd2,0x8c,0xd3,0x84,
    0xd2,0x8c,0xd2,0x8c,0xd2,0x8c,0xd2,0x8c,0xd2,0x84,0xd3,0x84,0xd2,0x84,0xd2,0x84,0xd2,0x84,0xb2,0x84,0xd2,0x84,0xd3,0x84,
    0xd2,0x84,0xd2,0x84,0xd2,0x84,0xd2,0x84,0xf3,0x8c,0xf3,0x8c,0xd2,0x84,0xd2,0x8c,0xd3,0x8c,0x12,0x95,0xf3,0x8c,0x13,0x95,
    0x53,0xa5,0x33,0xa5,0xf3,0x94,0xf2,0x8c,0xf3,0x8c,0xf3,0x84,0xb2,0x7c,0xb3,0x74,0xd2,0x84,0xf2,0x8c,0xf3,0x84,0xd2,0x7c,
    0xd2,0x7c,0xf3,0x84,0xd2,0x84,0x13,0x95,0xf3,0x8c,0xb2,0x84,0xd2,0x84,0xb2,0x84,0xd2,0x84,0xd2,0x94,0xf2,0x9c,0x13,0x9d,
    0x53,0xa5,0x73,0xad,0x53,0xad,0x74,0xad,0x94,0xb5,0x94,0xb5,0x74,0xad,0x52,0xa5,0x13,0x9d,0x33,0x9d,0x53,0xad,0x94,0xad,
    0x73,0xad,0x33,0xa5,0x74,0xa5,0x53,0xa5,0x33,0x9d,0x13,0x9d,0x13,0x95,0x33,0x95,0x13,0x9d,0x13,0x95,0xd2,0x8c,0xf3,0x94,
    0x33,0x9d,0x53,0x9d,0x33,0x9d,0x33,0xa5,0xd5,0xc5,0xd4,0xbd,0xd4,0xc5,0xb4,0xbd,0xb4,0xb5,0x94,0xbd,0x94,0xb5,0x94,0xb5,
    0x94,0xb5,0x93,0xb5,0x94,0xb5,0x93,0xb5,0x94,0xbd,0xb4,0xbd,0xb4,0xbd,0xb4,0xbd,0xb4,0xc5,0xf4,0xc5,0xd4,0xc5,0x14,0xce,
    0x35,0xde,0x96,0xde,0x76,0xe6,0x55,0xde,0x76,0xde,0x56,0xde,0x95,0xe6,0x96,0xe6,0x96,0xe6,0x96,0xe6,0x96,0xe6,0x96,0xe6,
    0x96,0xe6,0x96,0xe6,0x76,0xde,0x76,0xde,0x55,0xde,0x15,0xd6,0x55,0xde,0x76,0xe6,0x95,0xe6,0x76,0xe6,0x55,0xde,0x14,0xce,
    0xd4,0xbd,0x32,0xa5,0xd2,0x9c,0xd2,0x8c,0xb2,0x94,0xb2,0x8c,0xd2,0x8c,0xd2,0x8c,0xd2,0x8c,0xb2,0x84,0xb2,0x8c,0xd2,0x84,
    0xd2,0x84,0xd2,0x84,0xd2,0x8c,0xf3,0x94,0xd2,0x8c,0xf3,0x8c,0x12,0x95,0xf3,0x94,0xf2,0x94,0xf2,0x94,0xf2,0x9c,0x13,0x95,
    0xf3,0x94,0xf3,0x94,0xf3,0x94,0xf3,0x94,0xf2,0x94,0xf3,0x9c,0x12,0x9d,0xf3,0x94,0x13,0x95,0x13,0x95,0x12,0x95,0x13,0x95,
    0xf3,0x94,0x13,0x95,0x13,0x8d,0x13,0x95,0xf3,0x8c,0x13,0x95,0xf3,0x94,0x13,0x95,0x13,0x95,0xf3,0x8c,0xf2,0x8c,0xf3,0x8c,
    0xf3,0x94,0xf3,0x94,0xf3,0x8c,0xf3,0x8c,0xf3,0x8c,0xd2,0x8c,0xd3,0x84,0xf3,0x8c,0xd2,0x8c,0xf2,0x8c,0xd3,0x84,0xd3,0x84,
    0xd2,0x84,0xb2,0x84,0xd2,0x84,0xb3,0x84,0xb2,0x84,0xd3,0x84,0xd2,0x84,0xb2,0x84,0xb2,0x84,0xb2,0x84,0xb3,0x84,0xb2,0x84,
    0x92,0x7c,0x92,0x7c,0x92,0x7c,0xb2,0x7c,0xb2,0x7c,0xb2,0x84,0xd2,0x8c,0xd2,0x84,0xb2,0x7c,0x92,0x74,0x92,0x7c,0x92,0x74,
    0xb2,0x7c,0xb2,0x7c,0xb2,0x7c,0xb2,0x7c,0xd2,0x7c,0xb2,0x7c,0xd2,0x84,0xb2,0x84,0xd2,0x84,0xd2,0x84,0xd2,0x8c,0xf2,0x8c,
    0x13,0x95,0x33,0xa5,0x53,0xa5,0x74,0xad,0x94,0xb5,0xb4,0xbd,0x74,0xad,0x94,0xad,0x93,0xb5,0x74,0xad,0x53,0xa5,0x33,0xa5,
    0x33,0xa5,0x54,0xad,0x73,0xad,0x53,0xa5,0xf2,0x8c,0xb2,0x84,0x92,0x7c,0x92,0x7c,0x92,0x84,0xb2,0x84,0xd2,0x84,0xd2,0x8c,
    0xd2,0x84,0xd2,0x8c,0x13,0x9d,0x53,0xad,0x73,0xad,0x33,0xad,0x33,0xa5,0x13,0x9d,0x15,0xce,0x16,0xce,0x15,0xc6,0xf5,0xc5,
    0x16,0xce,0x56,0xce,0x15,0xce,0xf5,0xc5,0xf5,0xc5,0xf5,0xc5,0xf4,0xc5,0xf5,0xc5,0xd4,0xbd,0xd4,0xc5,0xb4,0xbd,0xb4,0xbd,
    0xb4,0xbd,0xb4,0xbd,0x94,0xb5,0x94,0xbd,0xf5,0xc5,0xf4,0xcd,0xf5,0xc5,0xd4,0xc5,0xd4,0xc5,0xf4,0xc5,0x15,0xce,0x56,0xde,
    0x56,0xd6,0x56,0xde,0x56,0xde,0x76,0xde,0x56,0xde,0x55,0xd6,0x35,0xde,0x55,0xde,0x55,0xd6,0x35,0xde,0x34,0xd6,0x35,0xd6,
    0x55,0xde,0x75,0xde,0x55,0xde,0xb6,0xe6,0xb7,0xee,0x76,0xde,0x15,0xce,0xd4,0xbd,0x53,0xad,0x32,0xa5,0xf2,0x94,0xd2,0x94,
    0xd1,0x8c,0xd2,0x8c,0xd2,0x8c,0xd2,0x8c,0xf3,0x8c,0xd3,0x8c,0xd2,0x84,0xd3,0x84,0xb2,0x7c,0xb2,0x84,0xd2,0x84,0xb2,0x84,
    0xb1,0x7c,0xd2,0x84,0xb2,0x7c,0xb2,0x7c,0xb2,0x7c,0x92,0x84,0xb1,0x7c,0x91,0x84,0xb2,0x7c,0xb2,0x84,0xb2,0x7c,0x91,0x7c,
    0x92,0x84,0x92,0x7c,0x92,0x7c,0x91,0x7c,0x92,0x74,0x92,0x7c,0x91,0x7c,0x92,0x74,0x92,0x7c,0x91,0x7c,0x92,0x7c,0x92,0x7c,
    0x92,0x84,0x92,0x7c,0xb2,0x7c,0x92,0x7c,0xb2,0x7c,0x92,0x7c,0xb3,0x84,0xb2,0x7c,0xb2,0x84,0xb3,0x7c,0x92,0x7c,0xb2,0x84,
    0xb2,0x7c,0xb3,0x84,0xb2,0x84,0xb2,0x84,0xb2,0x84,0xb2,0x7c,0xb3,0x7c,0xb2,0x74,0xb2,0x7c,0xb2,0x7c,0xb3,0x84,0xb2,0x7c,
    0xb3,0x7c,0xd2,0x84,0xb2,0x7c,0xd2,0x84,0xb2,0x84,0xd2,0x84,0xb3,0x7c,0x92,0x7c,0x92,0x74,0x92,0x7c,0xb2,0x84,0xb2,0x7c,
    0x92,0x7c,0x72,0x74,0x92,0x74,0x92,0x74,0x92,0x74,0xb2,0x7c,0xb2,0x74,0x92,0x74,0x91,0x74,0x92,0x74,0x92,0x7c,0x93,0x7c,
    0xb2,0x7c,0xd2,0x8c,0xf2,0x8c,0xf3,0x8c,0xf3,0x94,0xf2,0x94,0xf2,0x94,0xf3,0x9c,0x33,0x9d,0x13,0xa5,0x12,0x9d,0x13,0x95,
    0xd2,0x8c,0xf2,0x8c,0xf3,0x8c,0xf3,0x94,0x33,0x9d,0x33,0x9d,0x13,0x95,0xf2,0x8c,0xf3,0x8c,0xd2,0x84,0xf3,0x84,0xf3,0x8c,
    0xf3,0x8c,0xf3,0x94,0x13,0x95,0x13,0x95,0x13,0x9d,0x13,0x95,0x33,0xa5,0x33,0x9d,0x13,0x95,0xf3,0x94,0xb2,0x84,0xb2,0x84,
    0x97,0xd6,0x77,0xd6,0x56,0xd6,0x56,0xd6,0x77,0xde,0x77,0xd6,0x36,0xd6,0x56,0xd6,0x56,0xd6,0x15,0xce,0x16,0xce,0x56,0xd6,
    0x36,0xce,0xf5,0xc5,0xd4,0xc5,0xb4,0xbd,0x94,0xb5,0x93,0xbd,0x73,0xb5,0x94,0xb5,0x74,0xb5,0x94,0xb5,0xb4,0xbd,0xb4,0xbd,
    0xb4,0xbd,0xb4,0xbd,0xd4,0xc5,0x15,0xce,0xf5,0xcd,0x14,0xc6,0x15,0xce,0x15,0xce,0x35,0xd6,0x35,0xd6,0x35,0xd6,0x35,0xd6,
    0x55,0xd6,0x35,0xd6,0x35,0xd6,0x55,0xde,0x76,0xde,0x96,0xe6,0x76,0xde,0x96,0xe6,0xb6,0xe6,0xb6,0xe6,0xb7,0xee,0xb6,0xe6,
    0xb7,0xe6,0x76,0xde,0x35,0xd6,0xd4,0xc5,0xb4,0xbd,0x52,0xad,0x13,0xa5,0xf2,0x9c,0xf2,0x94,0xd2,0x94,0xf2,0x94,0xf3,0x8c,
    0xf2,0x94,0xf3,0x94,0xf2,0x8c,0xd2,0x94,0xf2,0x8c,0xd2,0x8c,0xd2,0x8c,0xd2,0x8c,0xd2,0x8c,0xd2,0x8c,0xd2,0x8c,0xd2,0x84,
    0xb2,0x8c,0x91,0x84,0xb2,0x84,0xd2,0x84,0xb2,0x84,0xb2,0x84,0xb2,0x84,0xb2,0x84,0xb2,0x84,0xb1,0x84,0x92,0x7c,0x91,0x7c,
    0x92,0x7c,0x92,0x74,0x92,0x7c,0x92,0x7c,0x92,0x7c,0x92,0x7c,0x72,0x74,0x92,0x7c,0x72,0x74,0x91,0x7c,0x72,0x74,0x72,0x74,
    0x72,0x7c,0x72,0x74,0x72,0x74,0x71,0x74,0x72,0x74,0x72,0x74,0x72,0x74,0x72,0x74,0x51,0x74,0x72,0x74,0x72,0x74,0x92,0x74,
    0x72,0x74,0x72,0x74,0x71,0x74,0x72,0x74,0x72,0x6c,0x72,0x74,0x72,0x74,0x72,0x74,0x92,0x74,0x72,0x7c,0x72,0x74,0x92,0x74,
    0x72,0x7c,0x72,0x74,0x72,0x7c,0x72,0x74,0x72,0x74,0x72,0x74,0x72,0x74,0x72,0x74,0x92,0x74,0x72,0x74,0x72,0x74,0x91,0x74,
    0x72,0x74,0x92,0x7c,0xb2,0x7c,0x92,0x7c,0x92,0x74,0xb2,0x7c,0x91,0x7c,0x71,0x7c,0xb1,0x84,0xd2,0x84,0xb2,0x84,0xd1,0x84,
    0x91,0x84,0x91,0x7c,0x92,0x7c,0x72,0x7c,0x72,0x74,0x71,0x74,0x72,0x74,0x72,0x74,0x71,0x74,0x72,0x74,0x72,0x74,0x92,0x7c,
    0x91,0x7c,0x92,0x7c,0xb2,0x84,0xb2,0x7c,0xb1,0x84,0xd2,0x84,0xd2,0x84,0xd1,0x84,0x92,0x7c,0x91,0x84,0x92,0x7c,0x71,0x74,
    0x71,0x6c,0x72,0x74,0x72,0x74,0x51,0x74,0x97,0xde,0x77,0xd6,0x97,0xde,0x77,0xde,0x97,0xd6,0x77,0xd6,0x77,0xd6,0x56,0xd6,
    0x76,0xd6,0x77,0xd6,0x97,0xde,0x77,0xd6,0x15,0xce,0xb4,0xbd,0x73,0xb5,0x74,0xb5,0x74,0xb5,0x94,0xb5,0x74,0xb5,0x74,0xb5,
    0x73,0xb5,0x73,0xad,0x74,0xb5,0x73,0xb5,0x74,0xb5,0x73,0xb5,0x94,0xb5,0xb4,0xbd,0x93,0xb5,0xb4,0xbd,0xb3,0xbd,0xb4,0xc5,
    0x15,0xce,0x35,0xce,0x15,0xce,0xf4,0xc5,0xf5,0xcd,0x15,0xce,0x14,0xce,0x35,0xd6,0x35,0xd6,0x55,0xd6,0x76,0xe6,0x96,0xe6,
    0x76,0xde,0x75,0xde,0x75,0xe6,0x96,0xe6,0x96,0xe6,0x95,0xe6,0x96,0xe6,0xb6,0xe6,0xb7,0xe6,0x96,0xe6,0x76,0xde,0x55,0xd6,
    0xf5,0xc5,0xb4,0xbd,0x74,0xad,0x53,0xa5,0x32,0xa5,0x33,0x9d,0x33,0xa5,0x13,0x9d,0x33,0xa5,0x33,0xa5,0x33,0xa5,0x33,0xa5,
    0x33,0xa5,0x33,0xa5,0x33,0xa5,0x12,0x9d,0x13,0xa5,0x12,0x9d,0x12,0x9d,0xf2,0x94,0xf3,0x94,0x12,0x95,0xf2,0x94,0x13,0x95,
    0x12,0x9d,0xf2,0x9c,0xf2,0x9c,0xf2,0x94,0xd2,0x8c,0xf2,0x8c,0xd2,0x8c,0xf2,0x8c,0xd3,0x8c,0xd2,0x8c,0xf3,0x94,0xf2,0x8c,
    0xd2,0x8c,0xd2,0x94,0xd2,0x8c,0xf3,0x8c,0xd2,0x8c,0xf2,0x8c,0xd3,0x84,0xd2,0x84,0xb2,0x84,0xd2,0x84,0xd2,0x8c,0xd2,0x8c,
    0xb2,0x84,0xb1,0x84,0x92,0x84,0xb2,0x7c,0xb2,0x7c,0xb2,0x84,0x92,0x7c,0xb1,0x7c,0xb2,0x7c,0x92,0x7c,0xb2,0x7c,0x92,0x7c,
    0x92,0x84,0xb2,0x7c,0x92,0x7c,0x91,0x7c,0x91,0x74,0x92,0x7c,0x91,0x7c,0x92,0x7c,0x91,0x7c,0xb2,0x84,0x92,0x7c,0xb2,0x7c,
    0x91,0x7c,0x72,0x74,0x91,0x74,0x92,0x7c,0x92,0x74,0x91,0x74,0x72,0x7c,0x72,0x7c,0x72,0x7c,0x91,0x7c,0x92,0x7c,0x72,0x7c,
    0xd2,0x84,0xd2,0x84,0x92,0x7c,0x91,0x7c,0x91,0x7c,0x92,0x7c,0x71,0x7c,0x72,0x74,0x72,0x7c,0x71,0x74,0x72,0x74,0x71,0x74,
    0x72,0x74,0x71,0x74,0x72,0x74,0x71,0x74,0x72,0x74,0x51,0x7c,0x72,0x7c,0x92,0x7c,0x72,0x74,0x71,0x74,0x72,0x74,0x71,0x74,
    0x51,0x74,0x52,0x6c,0x51,0x74,0x72,0x74,0x51,0x74,0x51,0x74,0x72,0x74,0x71,0x74,0x97,0xde,0xb8,0xde,0xb8,0xde,0x97,0xde,
    0xb7,0xde,0x97,0xde,0x97,0xde,0x77,0xd6,0x76,0xde,0x56,0xce,0xf5,0xc5,0xf4,0xc5,0xb4,0xbd,0xd4,0xbd,0xd4,0xc5,0x94,0xb5,
    0x94,0xb5,0x93,0xb5,0x94,0xbd,0x94,0xbd,0xd5,0xbd,0xd5,0xbd,0x73,0xb5,0x94,0xbd,0xd4,0xbd,0xd4,0xbd,0x94,0xbd,0x93,0xbd,
    0x73,0xb5,0x93,0xbd,0x94,0xbd,0xd4,0xbd,0xb4,0xbd,0xb4,0xbd,0xb4,0xbd,0xd3,0xbd,0xd4,0xbd,0xd4,0xbd,0xd4,0xc5,0xd5,0xc5,
    0xf4,0xc5,0xf4,0xcd,0xf4,0xc5,0xf5,0xcd,0x14,0xd6,0x14,0xce,0x15,0xce,0x15,0xce,0x14,0xce,0x15,0xce,0x35,0xce,0x35,0xd6,
    0x76,0xde,0x76,0xde,0x76,0xde,0x76,0xde,0x96,0xe6,0x96,0xe6,0x96,0xde,0x56,0xde,0x35,0xd6,0xd4,0xc5,0x74,0xb5,0x73,0xad,
    0x53,0xad,0x12,0xa5,0x32,0x9d,0x13,0x9d,0x12,0xa5,0x53,0xa5,0x32,0xa5,0x33,0xa5,0x33,0xa5,0x32,0xa5,0x13,0xa5,0x12,0x9d,
    0x13,0x9d,0x13,0x9d,0x13,0xa5,0x12,0xa5,0x33,0xa5,0x32,0xa5,0x33,0xa5,0x13,0xa5,0x12,0x9d,0x13,0xa5,0x13,0x9d,0x13,0x95,
    0x12,0x9d,0x13,0x9d,0x12,0x9d,0xf2,0x9c,0xf2,0x9c,0xf3,0x9c,0xf2,0x9c,0x13,0x9d,0xf2,0x94,0x13,0x95,0xf2,0x8c,0xd2,0x9c,
    0xf2,0x94,0xd2,0x94,0xd2,0x94,0xd2,0x94,0xd2,0x94,0xd2,0x9c,0xd2,0x94,0xd2,0x94,0xd3,0x8c,0xd2,0x94,0xd2,0x8c,0xd2,0x84,
    0xd2,0x8c,0xd2,0x8c,0xd2,0x84,0xd2,0x8c,0xd2,0x84,0xd2,0x8c,0xb2,0x84,0xb2,0x84,0xd2,0x84,0xb2,0x84,0xd2,0x84,0xb2,0x84,
    0xb2,0x84,0xb2,0x84,0xd2,0x84,0xb2,0x84,0xb2,0x84,0xd3,0x84,0xd2,0x7c,0xb2,0x84,0xb2,0x84,0xb2,0x7c,0xb2,0x7c,0x92,0x84,
    0x91,0x7c,0x92,0x7c,0x91,0x84,0x91,0x7c,0xb2,0x8c,0xb1,0x94,0x91,0x7c,0x92,0x7c,0xb1,0x7c,0x91,0x7c,0xb1,0x7c,0x92,0x7c,
    0x91,0x7c,0x72,0x74,0x51,0x74,0x71,0x74,0x72,0x74,0x72,0x7c,0x51,0x74,0x72,0x74,0x71,0x74,0x72,0x74,0x31,0x6c,0x2d,0x5b,
    0x50,0x6c,0x71,0x74,0x51,0x74,0x52,0x74,0x51,0x74,0x71,0x74,0x72,0x74,0x51,0x6c,0x52,0x74,0x51,0x6c,0x51,0x74,0x51,0x74,
    0x97,0xde,0x97,0xde,0x98,0xde,0x97,0xde,0xd8,0xe6,0xb8,0xde,0x77,0xd6,0x76,0xd6,0x56,0xd6,0xf5,0xcd,0xf5,0xc5,0x56,0xd6,
    0x76,0xde,0x56,0xd6,0x36,0xce,0xf4,0xc5,0xb4,0xbd,0xd4,0xbd,0xd4,0xbd,0xb4,0xbd,0x6f,0x94,0x0e,0x8c,0x73,0xb5,0x94,0xb5,
    0xd4,0xc5,0xd5,0xc5,0xd4,0xbd,0x93,0xbd,0xb4,0xb5,0x73,0xb5,0x94,0xb5,0xd4,0xbd,0xf4,0xc5,0xb4,0xbd,0xd4,0xbd,0xf5,0xc5,
    0xd4,0xc5,0xb4,0xc5,0xb4,0xc5,0xd4,0xbd,0xb4,0xbd,0x94,0xbd,0xb4,0xbd,0xb3,0xbd,0x94,0xbd,0xf4,0xc5,0xf5,0xcd,0x15,0xce,
    0xd4,0xc5,0xf5,0xc5,0xb4,0xc5,0x15,0xce,0x76,0xd6,0x14,0xce,0xd4,0xc5,0xd4,0xc5,0xf5,0xcd,0xf5,0xcd,0x35,0xd6,0x35,0xd6,
    0x56,0xd6,0x76,0xde,0x55,0xd6,0x35,0xd6,0x55,0xd6,0xf5,0xcd,0xd4,0xc5,0x94,0xb5,0x73,0xad,0x73,0xb5,0x73,0xb5,0x53,0xa5,
    0x13,0xa5,0x32,0xa5,0x32,0xa5,0x32,0xa5,0x33,0xa5,0x12,0xa5,0x32,0xa5,0x12,0x9d,0x53,0xa5,0x53,0xa5,0x73,0xad,0x73,0xad,
    0x33,0xa5,0x12,0x9d,0x13,0x9d,0xf2,0x9c,0x13,0x9d,0x13,0x9d,0x12,0xa5,0x33,0x9d,0xf3,0x9c,0x13,0x9d,0xf2,0x9c,0xd2,0x94,
    0xf2,0x8c,0xf2,0x94,0xf2,0x8c,0xd2,0x94,0xf2,0x94,0xf2,0xa4,0x33,0xa5,0x53,0xad,0x12,0x9d,0xf2,0x9c,0xf2,0x9c,0xf2,0x9c,
    0xf2,0x94,0xd2,0x84,0xb2,0x8c,0xd2,0x84,0xb2,0x84,0xb2,0x84,0xd2,0x8c,0xb1,0x8c,0xd2,0x8c,0xb2,0x84,0xb2,0x8c,0xd2,0x84,
    0xd2,0x84,0xb2,0x84,0xb2,0x84,0xd2,0x8c,0xb2,0x84,0xb2,0x84,0xb2,0x84,0x92,0x84,0xb2,0x7c,0xb2,0x84,0xb2,0x84,0xb2,0x84,
    0x91,0x84,0xb3,0x7c,0xb2,0x84,0x91,0x7c,0x91,0x7c,0x92,0x84,0xd2,0x84,0xb2,0x84,0x71,0x84,0x91,0x84,0x91,0x7c,0x91,0x7c,
    0x91,0x7c,0x92,0x84,0x92,0x7c,0x92,0x7c,0x91,0x7c,0x92,0x7c,0x92,0x7c,0xb2,0x74,0x92,0x7c,0x92,0x74,0x92,0x74,0x92,0x74,
    0x71,0x74,0x91,0x74,0xf0,0x63,0x6a,0x42,0x51,0x74,0x92,0x7c,0x72,0x74,0x71,0x74,0x72,0x74,0x71,0x6c,0x91,0x74,0x72,0x74,
    0x71,0x74,0x72,0x7c,0x72,0x74,0x72,0x7c,0x56,0xd6,0x16,0xce,0x15,0xce,0x15,0xce,0x57,0xd6,0x76,0xde,0x77,0xd6,0x76,0xd6,
    0x77,0xd6,0x76,0xd6,0x97,0xde,0xd8,0xe6,0xb6,0xde,0x56,0xd6,0x36,0xd6,0x36,0xce,0x15,0xce,0x36,0xce,0xf5,0xc5,0x73,0xb5,
    0x4f,0x8c,0x0f,0x84,0x52,0xad,0x73,0xad,0xb3,0xb5,0x94,0xbd,0xf4,0xc5,0x15,0xc6,0xb4,0xbd,0xd4,0xc5,0x35,0xce,0x56,0xd6,
    0x96,0xde,0x77,0xde,0x35,0xd6,0x56,0xd6,0x35,0xd6,0xf5,0xc5,0xf5,0xcd,0x15,0xce,0xf5,0xc5,0xf5,0xc5,0x15,0xce,0x15,0xce,
    0x56,0xd6,0x97,0xde,0x76,0xd6,0x77,0xde,0x56,0xd6,0x35,0xd6,0x15,0xce,0x56,0xd6,0xb7,0xe6,0x56,0xde,0x56,0xd6,0x35,0xce,
    0x35,0xce,0x35,0xd6,0x76,0xd6,0x56,0xd6,0xf4,0xcd,0xd5,0xcd,0x14,0xce,0x15,0xd6,0x35,0xd6,0x35,0xd6,0x55,0xd6,0x55,0xd6,
    0x56,0xde,0x55,0xd6,0x36,0xce,0xd4,0xc5,0xb4,0xb5,0xb4,0xbd,0xb4,0xbd,0x93,0xb5,0x93,0xb5,0x53,0xad,0x94,0xb5,0x93,0xb5,
    0xb4,0xbd,0xb4,0xbd,0xd5,0xc5,0xd4,0xbd,0xd4,0xbd,0x93,0xb5,0x53,0xa5,0xf2,0x9c,0xf2,0x9c,0x32,0xa5,0x94,0xb5,0x53,0xad,
    0xf2,0x9c,0xf2,0x94,0xf2,0x9c,0x33,0xa5,0xf2,0x94,0xb2,0x8c,0xb2,0x84,0xd2,0x84,0xb2,0x94,0xd2,0x8c,0xf2,0x9c,0x12,0x95,
    0x13,0x9d,0x50,0x84,0x6d,0x6b,0x91,0x84,0xb2,0x84,0x91,0x84,0x92,0x7c,0x91,0x7c,0x71,0x7c,0x71,0x7c,0x71,0x7c,0x72,0x7c,
    0x71,0x7c,0x71,0x7c,0x91,0x7c,0x72,0x7c,0x72,0x7c,0x71,0x7c,0x72,0x7c,0x72,0x7c,0x71,0x74,0x71,0x74,0x51,0x74,0x71,0x7c,
    0x51,0x7c,0x71,0x74,0x52,0x7c,0x72,0x74,0x71,0x74,0x52,0x7c,0x52,0x74,0x71,0x74,0x71,0x74,0x92,0x7c,0x6e,0x5b,0xcb,0x5a,
    0x91,0x7c,0x51,0x74,0x71,0x74,0x51,0x7c,0x51,0x74,0x71,0x74,0x51,0x7c,0x72,0x74,0x51,0x74,0x71,0x74,0x71,0x6c,0x51,0x74,
    0x71,0x74,0x52,0x74,0x51,0x74,0x51,0x74,0x51,0x74,0x51,0x74,0x50,0x6c,0x72,0x74,0x51,0x74,0x51,0x6c,0x71,0x6c,0x52,0x74,
    0x51,0x6c,0x52,0x74,0x51,0x74,0x51,0x6c,0x52,0x74,0x51,0x74,0x52,0x74,0x51,0x74,0x36,0xd6,0x36,0xd6,0xf5,0xc5,0xd4,0xc5,
    0xf5,0xc5,0xf5,0xc5,0x35,0xce,0x36,0xd6,0x76,0xd6,0xb7,0xe6,0xb7,0xe6,0xb7,0xe6,0x97,0xde,0x96,0xde,0x96,0xde,0x97,0xde,
    0x76,0xd6,0x35,0xd6,0xb4,0xbd,0x73,0xad,0xb5,0xbd,0x32,0x9d,0x12,0x9d,0x33,0xa5,0x32,0xa5,0x32,0xa5,0xb4,0xbd,0x15,0xce,
    0x15,0xce,0x36,0xce,0x56,0xd6,0x56,0xd6,0xb7,0xe6,0x96,0xde,0x56,0xd6,0x56,0xd6,0x15,0xce,0x15,0xce,0xf5,0xc5,0xf5,0xc5,
    0xd4,0xc5,0xb4,0xbd,0xf5,0xc5,0xf5,0xcd,0x55,0xd6,0x76,0xde,0x56,0xd6,0x35,0xce,0x15,0xce,0xd5,0xc5,0xf4,0xc5,0x36,0xce,
    0xf5,0xc5,0x35,0xce,0x55,0xce,0x56,0xd6,0x76,0xde,0x56,0xd6,0x76,0xde,0x56,0xd6,0x56,0xd6,0x77,0xde,0x76,0xd6,0x35,0xd6,
    0x15,0xce,0xf4,0xcd,0xf4,0xcd,0x76,0xde,0xb7,0xde,0x76,0xde,0x56,0xde,0x55,0xd6,0x76,0xde,0x36,0xd6,0x15,0xce,0xf4,0xc5,
    0xd5,0xc5,0x93,0xb5,0x73,0xb5,0xb4,0xbd,0x53,0xad,0x32,0xa5,0xf2,0x9c,0x33,0xa5,0x94,0xbd,0xd4,0xbd,0x74,0xad,0x53,0xad,
    0x53,0xa5,0x33,0xa5,0x53,0xad,0x53,0xa5,0xf2,0x9c,0x13,0xa5,0x93,0xb5,0xb4,0xbd,0x53,0xa5,0x12,0x9d,0x13,0x9d,0x33,0xa5,
    0xf2,0x94,0xf2,0x8c,0xd2,0x94,0xd2,0x84,0xb2,0x84,0x71,0x7c,0x50,0x74,0x92,0x7c,0x91,0x7c,0x92,0x7c,0xb2,0x84,0xb2,0x84,
    0x91,0x7c,0x91,0x7c,0x92,0x7c,0x71,0x7c,0x72,0x74,0x92,0x7c,0xb1,0x84,0x91,0x84,0x92,0x84,0x72,0x7c,0x51,0x74,0x51,0x74,
    0x50,0x6c,0x30,0x74,0x31,0x6c,0x30,0x6c,0x11,0x6c,0x31,0x6c,0x31,0x74,0x10,0x6c,0x31,0x6c,0x30,0x6c,0x51,0x7c,0x51,0x74,
    0x51,0x74,0x71,0x74,0x4d,0x4b,0x8a,0x42,0x51,0x74,0x10,0x6c,0x31,0x6c,0x10,0x6c,0x31,0x6c,0x30,0x6c,0x10,0x64,0x10,0x64,
    0x10,0x64,0x10,0x5c,0x30,0x5c,0x10,0x5c,0xf0,0x63,0xf0,0x63,0x10,0x64,0xf0,0x5b,0x10,0x5c,0x10,0x64,0x10,0x5c,0xf0,0x63,
    0xf0,0x5b,0x10,0x64,0x10,0x5c,0x10,0x5c,0x10,0x5c,0x10,0x64,0x10,0x64,0x10,0x5c,0xf0,0x63,0xf0,0x63,0x10,0x64,0xf0,0x5b,
    0x35,0xce,0x15,0xd6,0x15,0xce,0x15,0xce,0xd4,0xc5,0xd5,0xc5,0x15,0xce,0x36,0xce,0x96,0xde,0x97,0xde,0x96,0xde,0x56,0xd6,
    0x35,0xd6,0x57,0xd6,0x55,0xd6,0x35,0xce,0x56,0xd6,0x35,0xce,0xd4,0xc5,0x94,0xb5,0x32,0xad,0x12,0xa5,0x33,0xa5,0x32,0xa5,
    0x33,0xa5,0x53,0xad,0xd4,0xc5,0xf5,0xc5,0xd4,0xc5,0x93,0xb5,0xd4,0xbd,0x35,0xd6,0x76,0xd6,0xf4,0xc5,0xf5,0xcd,0x15,0xce,
    0xd5,0xc5,0xb4,0xbd,0x73,0xb5,0x12,0xa5,0xf2,0x9c,0x32,0xa5,0x73,0xb5,0xb4,0xbd,0x35,0xce,0x56,0xd6,0x15,0xd6,0x15,0xce,
    0xd4,0xc5,0x93,0xb5,0x53,0xad,0x32,0xa5,0x12,0x9d,0x12,0x9d,0x32,0xad,0x53,0xad,0xb4,0xbd,0x93,0xb5,0x93,0xad,0x94,0xb5,
    0xb4,0xbd,0xd4,0xbd,0xf5,0xc5,0xd4,0xc5,0xb4,0xbd,0xf4,0xc5,0x15,0xce,0x75,0xde,0x76,0xde,0x55,0xd6,0x35,0xd6,0x15,0xce,
    0x35,0xd6,0x55,0xd6,0x35,0xd6,0x35,0xd6,0x56,0xd6,0x15,0xc6,0xb4,0xbd,0x94,0xbd,0x73,0xad,0xf2,0x9c,0xb1,0x8c,0xb2,0x94,
    0xd1,0x94,0xd2,0x94,0xd1,0x9c,0xf2,0x94,0xd2,0x94,0xf2,0x9c,0xb1,0x94,0xb2,0x8c,0xd2,0x8c,0x12,0x9d,0x13,0x9d,0x12,0x9d,
    0xf2,0x9c,0xd2,0x8c,0x92,0x84,0x91,0x84,0x92,0x84,0xd2,0x8c,0xf2,0x94,0xf2,0x94,0xb2,0x84,0xd2,0x84,0xf3,0x94,0xf2,0x94,
    0xd2,0x94,0x12,0x95,0x12,0x95,0xd2,0x8c,0xd2,0x8c,0xd2,0x8c,0x92,0x7c,0x91,0x84,0xb2,0x8c,0xd2,0x94,0xf2,0x94,0xd2,0x94,
    0xd2,0x8c,0xb2,0x84,0x91,0x7c,0x71,0x7c,0x70,0x74,0x71,0x7c,0x72,0x7c,0x71,0x74,0x51,0x7c,0x91,0x84,0xb2,0x8c,0x71,0x74,
    0x51,0x7c,0x51,0x7c,0x91,0x7c,0x71,0x7c,0x91,0x7c,0x71,0x7c,0x72,0x74,0x31,0x6c,0x10,0x6c,0x31,0x6c,0x30,0x6c,0x10,0x6c,
    0x11,0x6c,0x31,0x74,0x10,0x64,0x31,0x6c,0x31,0x6c,0x10,0x6c,0x10,0x5c,0x10,0x6c,0x10,0x64,0x11,0x6c,0x10,0x64,0x31,0x64,
    0x10,0x5c,0x10,0x5c,0x10,0x54,0xf0,0x5b,0x10,0x5c,0x10,0x5c,0x10,0x5c,0x10,0x5c,0xf0,0x5b,0xf0,0x63,0x10,0x5c,0x10,0x5c,
    0x10,0x5c,0x11,0x64,0x10,0x5c,0x10,0x5c,0x76,0xde,0x56,0xd6,0x76,0xd6,0x15,0xce,0xb4,0xbd,0x15,0xc6,0x56,0xd6,0x76,0xd6,
    0x56,0xd6,0x55,0xd6,0x76,0xd6,0xf4,0xc5,0xf4,0xcd,0x35,0xce,0x14,0xce,0x35,0xd6,0x96,0xde,0x35,0xd6,0x55,0xd6,0x36,0xd6,
    0x14,0xce,0xf4,0xc5,0x15,0xce,0x35,0xce,0xf4,0xcd,0xf5,0xcd,0x35,0xce,0x35,0xce,0xd4,0xc5,0xd4,0xc5,0x35,0xd6,0x76,0xd6,
    0x76,0xd6,0xf5,0xcd,0xf5,0xc5,0x15,0xce,0xd4,0xc5,0x73,0xad,0xf1,0x9c,0xf2,0x9c,0xf1,0x9c,0x33,0xa5,0x53,0xad,0xd3,0xbd,
    0x35,0xd6,0x35,0xd6,0x35,0xce,0xf4,0xcd,0xb4,0xb5,0x53,0xad,0xd1,0x94,0xb2,0x8c,0xd2,0x94,0xd2,0x9c,0x52,0xad,0x32,0xa5,
    0x12,0x9d,0xf3,0x9c,0x12,0x9d,0xd2,0x9c,0xb2,0x94,0xb2,0x8c,0xd2,0x8c,0xd2,0x8c,0xd2,0x94,0x12,0xa5,0x32,0xa5,0x73,0xb5,
    0x93,0xbd,0xf4,0xc5,0xf4,0xcd,0xf4,0xcd,0xf4,0xcd,0xf4,0xcd,0xd4,0xc5,0xb3,0xc5,0xb4,0xbd,0xb4,0xc5,0x93,0xb5,0x73,0xb5,
    0x73,0xb5,0x73,0xb5,0x32,0xa5,0x73,0xb5,0x52,0xad,0x32,0xa5,0xf1,0x9c,0xd2,0x94,0xf1,0x94,0xb1,0x94,0xb1,0x8c,0x71,0x7c,
    0x91,0x7c,0xb2,0x84,0xb2,0x84,0xb2,0x84,0x71,0x7c,0x31,0x74,0x31,0x74,0x31,0x6c,0x51,0x6c,0x31,0x6c,0x31,0x6c,0x31,0x74,
    0x51,0x74,0x51,0x7c,0x91,0x7c,0x92,0x8c,0xd1,0x94,0x33,0xa5,0x12,0xa5,0xd1,0x94,0xb2,0x8c,0xb1,0x8c,0x71,0x84,0x91,0x8c,
    0x12,0x9d,0x32,0xa5,0x52,0xb5,0x52,0xad,0xf2,0x9c,0xb1,0x8c,0xb1,0x8c,0xd2,0x94,0xd1,0x94,0xb2,0x84,0xb1,0x94,0xd2,0x94,
    0x12,0xa5,0x13,0xa5,0x12,0xa5,0xf2,0x94,0xd2,0x9c,0x12,0x9d,0xd1,0x9c,0xb2,0x8c,0xd2,0x94,0xb1,0x8c,0x91,0x8c,0x71,0x84,
    0x71,0x7c,0x71,0x74,0x51,0x74,0x72,0x7c,0x91,0x7c,0x91,0x7c,0x71,0x74,0xb1,0x7c,0x71,0x74,0x51,0x74,0x72,0x74,0x72,0x74,
    0x71,0x74,0x71,0x74,0x72,0x74,0x71,0x6c,0x51,0x6c,0x31,0x64,0x30,0x5c,0x11,0x5c,0x11,0x5c,0xf0,0x53,0x11,0x5c,0x10,0x5c,
    0xf0,0x63,0xf0,0x63,0x11,0x6c,0x51,0x6c,0x51,0x6c,0x51,0x64,0x10,0x5c,0xf0,0x53,0xb7,0xe6,0xb7,0xde,0x77,0xde,0xf4,0xcd,
    0xb4,0xbd,0x15,0xce,0x56,0xd6,0x15,0xce,0x35,0xd6,0xd4,0xc5,0xf0,0xac,0x35,0xd6,0x15,0xce,0x35,0xd6,0x55,0xd6,0x76,0xde,
    0x75,0xde,0x76,0xde,0x76,0xde,0x75,0xde,0x76,0xd6,0x56,0xde,0x76,0xde,0x96,0xde,0x76,0xde,0x76,0xde,0x76,0xde,0x76,0xde,
    0x75,0xde,0x35,0xd6,0x56,0xd6,0x76,0xde,0x75,0xd6,0x55,0xd6,0x15,0xce,0xd4,0xc5,0x93,0xbd,0xf2,0x9c,0xf1,0x94,0x12,0x9d,
    0x32,0xa5,0x53,0xad,0x73,0xb5,0xd4,0xc5,0x35,0xce,0x14,0xce,0xf4,0xc5,0x73,0xb5,0x32,0xa5,0xb1,0x94,0xf2,0x94,0x32,0xa5,
    0x73,0xb5,0xd4,0xc5,0x35,0xd6,0xd4,0xc5,0x93,0xbd,0x73,0xb5,0x12,0x9d,0xf2,0x9c,0xd1,0x94,0xb1,0x8c,0xb2,0x84,0xb1,0x84,
    0xf1,0x9c,0xd1,0x94,0xf2,0x9c,0xf1,0x9c,0xf1,0x9c,0x12,0xa5,0x93,0xbd,0x14,0xd6,0x35,0xd6,0x34,0xce,0xb3,0xc5,0x93,0xbd,
    0x73,0xb5,0x73,0xb5,0x52,0xb5,0x73,0xb5,0x93,0xbd,0xb4,0xc5,0xf4,0xc5,0xf4,0xcd,0xf4,0xcd,0x14,0xce,0xd4,0xc5,0xb3,0xbd,
    0x73,0xb5,0x94,0xbd,0x52,0xad,0x12,0xa5,0x32,0xa5,0x12,0xa5,0xf2,0x94,0xb1,0x8c,0x91,0x8c,0x91,0x84,0xb2,0x84,0x91,0x84,
    0x71,0x7c,0x71,0x7c,0x51,0x74,0x51,0x74,0x51,0x74,0x71,0x7c,0x91,0x84,0xd1,0x94,0xd1,0x94,0xb1,0x94,0xb1,0x8c,0xb1,0x8c,
    0xb1,0x8c,0x92,0x94,0xf2,0x9c,0x32,0xa5,0xb4,0xbd,0xb4,0xc5,0xd4,0xc5,0x94,0xbd,0x32,0xad,0x32,0xad,0x73,0xb5,0x53,0xad,
    0x32,0xad,0x32,0xa5,0x53,0xb5,0x93,0xb5,0xb4,0xbd,0xb3,0xbd,0x94,0xbd,0x73,0xbd,0x93,0xb5,0x73,0xb5,0x32,0xa5,0xf2,0x9c,
    0x90,0x8c,0xb1,0x94,0xd2,0x9c,0xd1,0x94,0x92,0x94,0x90,0x84,0x71,0x7c,0x71,0x7c,0xb2,0x84,0x71,0x7c,0x50,0x7c,0x71,0x84,
    0x31,0x74,0x11,0x6c,0x30,0x6c,0x10,0x64,0x10,0x6c,0xf0,0x63,0xf0,0x5b,0x10,0x5c,0xf0,0x63,0x10,0x5c,0x11,0x5c,0x10,0x5c,
    0xf0,0x53,0xf0,0x5b,0x10,0x5c,0xf0,0x5b,0xf0,0x5b,0xf0,0x5b,0xcf,0x53,0x11,0x5c,0x8a,0x42,0x2d,0x43,0x31,0x5c,0xf0,0x53,
    0x96,0xde,0x76,0xde,0x56,0xd6,0x15,0xce,0xb4,0xbd,0x73,0xb5,0xb4,0xbd,0xd4,0xc5,0x14,0xce,0x32,0xad,0xcc,0x93,0x55,0xd6,
    0x35,0xd6,0x55,0xd6,0x55,0xde,0x76,0xde,0x96,0xde,0x76,0xde,0x76,0xde,0x76,0xde,0x75,0xde,0x76,0xde,0x96,0xde,0x76,0xde,
    0xb6,0xe6,0x96,0xde,0x76,0xde,0x76,0xde,0x56,0xd6,0x56,0xde,0x55,0xd6,0x76,0xde,0x56,0xde,0x14,0xce,0xb4,0xc5,0xb3,0xbd,
    0x73,0xb5,0x11,0x9d,0xf2,0x9c,0x12,0x9d,0x53,0xad,0x73,0xb5,0xd4,0xbd,0xf4,0xcd,0x15,0xd6,0xf4,0xc5,0xb4,0xc5,0x72,0xad,
    0x12,0x9d,0x12,0xa5,0x93,0xb5,0xd4,0xc5,0xf4,0xc5,0x14,0xce,0x35,0xd6,0x35,0xd6,0x34,0xd6,0x15,0xce,0xd4,0xc5,0x93,0xb5,
    0x52,0xad,0x32,0xa5,0xf2,0x9c,0xd2,0x94,0x33,0xa5,0x32,0xa5,0x73,0xb5,0x53,0xad,0x52,0xad,0x52,0xb5,0x32,0xad,0xb4,0xbd,
    0xd4,0xc5,0xd4,0xc5,0xb4,0xbd,0xf4,0xc5,0x14,0xce,0x15,0xce,0xf4,0xcd,0xf5,0xcd,0x14,0xce,0x14,0xd6,0x35,0xd6,0xf4,0xcd,
    0x14,0xce,0x15,0xd6,0x14,0xd6,0xd4,0xcd,0xd4,0xc5,0xb3,0xc5,0x93,0xbd,0xb3,0xbd,0xb3,0xc5,0x93,0xbd,0x93,0xb5,0x73,0xb5,
    0x32,0xa5,0xf1,0x9c,0x12,0xa5,0xf2,0x9c,0x12,0x9d,0xd2,0x94,0x91,0x8c,0x71,0x7c,0x91,0x7c,0x91,0x8c,0xb1,0x94,0xf2,0x9c,
    0xd1,0x94,0xd1,0x94,0x12,0x9d,0xf2,0x9c,0xf2,0x9c,0x32,0xa5,0x93,0xb5,0xb4,0xbd,0xd4,0xc5,0xd4,0xc5,0xd4,0xc5,0x93,0xb5,
    0x73,0xb5,0x94,0xbd,0xb3,0xbd,0x93,0xbd,0x93,0xb5,0x93,0xbd,0xb3,0xc5,0xd4,0xc5,0xb3,0xc5,0x93,0xc5,0xb3,0xbd,0x73,0xbd,
    0x73,0xb5,0x73,0xb5,0xb0,0x94,0x4c,0x73,0xd1,0x94,0xf1,0x9c,0x12,0x9d,0xd1,0x9c,0xd1,0x94,0xd1,0x94,0xb1,0x8c,0x91,0x84,
    0xb2,0x8c,0x71,0x7c,0x50,0x74,0x51,0x74,0x10,0x6c,0xf0,0x63,0xf0,0x63,0xcf,0x5b,0xf0,0x5b,0xcf,0x53,0xf0,0x5b,0xcf,0x53,
    0xd0,0x5b,0x10,0x64,0x10,0x64,0x10,0x54,0xf0,0x5b,0xf0,0x63,0x30,0x64,0x10,0x64,0x10,0x64,0xf0,0x53,0xcf,0x53,0x10,0x54,
    0xcc,0x4a,0x4d,0x53,0xf0,0x53,0xcf,0x53,0x76,0xde,0x15,0xce,0x14,0xce,0xd4,0xc5,0x93,0xbd,0x93,0xbd,0x94,0xbd,0xd4,0xc5,
    0xf4,0xc5,0x35,0xd6,0x96,0xde,0x76,0xde,0x75,0xde,0x75,0xde,0x96,0xde,0x76,0xde,0x75,0xde,0x56,0xde,0x75,0xde,0x75,0xde,
    0x56,0xde,0x76,0xde,0x55,0xde,0x55,0xd6,0x96,0xde,0x76,0xe6,0x75,0xde,0x76,0xde,0x75,0xde,0x55,0xde,0x55,0xd6,0x35,0xd6,
    0x35,0xd6,0xf4,0xcd,0xf4,0xc5,0xb4,0xc5,0xb3,0xbd,0x93,0xbd,0x52,0xb5,0x93,0xb5,0xb3,0xc5,0xf4,0xcd,0x35,0xd6,0x55,0xd6,
    0x35,0xd6,0x14,0xce,0xf4,0xcd,0xf4,0xcd,0xd3,0xc5,0xd4,0xc5,0x14,0xce,0x35,0xd6,0x35,0xd6,0x34,0xd6,0x14,0xce,0x35,0xd6,
    0x55,0xd6,0x55,0xd6,0x14,0xce,0xd4,0xcd,0xb4,0xc5,0x93,0xb5,0x32,0xad,0x53,0xad,0x73,0xb5,0x73,0xb5,0xd4,0xbd,0xf4,0xcd,
    0xb4,0xc5,0x93,0xb5,0xd4,0xc5,0xf4,0xcd,0xd4,0xc5,0x73,0xb5,0x93,0xbd,0xb4,0xc5,0xf4,0xcd,0x14,0xd6,0x54,0xd6,0x55,0xd6,
    0x55,0xde,0x35,0xd6,0x35,0xd6,0x14,0xce,0x15,0xd6,0x34,0xd6,0x15,0xce,0xf4,0xcd,0x14,0xce,0xf4,0xcd,0xb3,0xc5,0xf4,0xcd,
    0xf4,0xcd,0xf4,0xc5,0xf4,0xcd,0xd3,0xc5,0x73,0xbd,0x73,0xb5,0x73,0xb5,0x73,0xad,0x52,0xad,0x12,0xa5,0xd2,0x94,0xf2,0x9c,
    0xf1,0x9c,0xd1,0x9c,0xf1,0x9c,0x32,0xa5,0x12,0xa5,0x2f,0x84,0x8c,0x73,0x32,0xa5,0x52,0xad,0x73,0xb5,0xb3,0xbd,0xb3,0xc5,
    0xd4,0xc5,0xd4,0xc5,0xb4,0xbd,0x73,0xb5,0x93,0xbd,0x93,0xbd,0x93,0xbd,0x93,0xc5,0xb3,0xc5,0xb3,0xc5,0xb4,0xc5,0x93,0xc5,
    0x93,0xc5,0x93,0xbd,0x93,0xbd,0x53,0xb5,0x52,0xad,0x73,0xb5,0xd1,0x9c,0x4b,0x73,0x32,0xad,0x12,0xa5,0x11,0xa5,0x32,0xa5,
    0x32,0xa5,0xf2,0x9c,0xb1,0x94,0x91,0x8c,0xb1,0x8c,0x71,0x7c,0x50,0x7c,0x10,0x74,0xcf,0x63,0xef,0x5b,0xf0,0x63,0x10,0x6c,
    0x10,0x5c,0xf0,0x5b,0xd0,0x5b,0xef,0x5b,0xf0,0x63,0x10,0x6c,0x31,0x6c,0x10,0x64,0x10,0x6c,0x11,0x6c,0x50,0x74,0x71,0x74,
    0x10,0x64,0xd0,0x5b,0xaf,0x5b,0xf0,0x5b,0x10,0x64,0xf0,0x5b,0xcf,0x53,0xcf,0x53,0x76,0xde,0x55,0xde,0x35,0xd6,0x35,0xd6,
    0x35,0xd6,0x56,0xd6,0x35,0xd6,0x55,0xd6,0x56,0xd6,0x76,0xde,0x96,0xe6,0xb7,0xe6,0x76,0xde,0x76,0xde,0x76,0xde,0x75,0xd6,
    0x35,0xd6,0x55,0xd6,0x55,0xde,0x76,0xde,0x95,0xde,0x76,0xde,0x35,0xd6,0x55,0xde,0x95,0xde,0x96,0xde,0x75,0xde,0x76,0xde,
    0x76,0xde,0x75,0xde,0x55,0xd6,0x55,0xde,0x55,0xd6,0x55,0xde,0x55,0xd6,0x56,0xde,0x55,0xd6,0x35,0xd6,0x35,0xd6,0x14,0xd6,
    0x35,0xd6,0x75,0xde,0x96,0xde,0x96,0xde,0x96,0xe6,0x96,0xde,0x75,0xde,0x76,0xde,0x35,0xd6,0x34,0xd6,0x34,0xd6,0x55,0xd6,
    0x55,0xde,0x35,0xd6,0x55,0xde,0x55,0xd6,0x76,0xde,0x55,0xde,0x35,0xd6,0x14,0xce,0x14,0xce,0xd4,0xcd,0x94,0xbd,0x73,0xb5,
    0x52,0xb5,0x73,0xad,0xd4,0xcd,0x55,0xd6,0x15,0xd6,0xf4,0xcd,0xf5,0xcd,0x14,0xce,0xf4,0xcd,0x14,0xce,0x35,0xd6,0x34,0xd6,
    0x14,0xce,0x35,0xd6,0x35,0xd6,0x35,0xd6,0x34,0xd6,0x14,0xd6,0x15,0xce,0x34,0xd6,0x35,0xd6,0x35,0xd6,0x35,0xd6,0x35,0xd6,
    0x35,0xd6,0x35,0xd6,0xf4,0xcd,0xf4,0xcd,0xf4,0xcd,0x14,0xd6,0x15,0xce,0xf4,0xcd,0xd3,0xcd,0xd3,0xc5,0xb4,0xbd,0x73,0xbd,
    0x52,0xb5,0x93,0xb5,0x93,0xbd,0xb3,0xb5,0x93,0xbd,0x93,0xb5,0xb3,0xbd,0xb4,0xc5,0xb3,0xbd,0xf1,0xa4,0x6f,0x94,0x93,0xbd,
    0x73,0xb5,0x93,0xbd,0x94,0xbd,0x73,0xb5,0xb4,0xbd,0xb3,0xbd,0x53,0xb5,0x52,0xb5,0x93,0xbd,0x93,0xbd,0x93,0xbd,0xd4,0xcd,
    0x14,0xce,0xf4,0xcd,0x93,0xc5,0x93,0xc5,0xb3,0xc5,0xd3,0xcd,0xb3,0xc5,0x93,0xc5,0xb3,0xc5,0xb3,0xc5,0xd4,0xc5,0xf4,0xcd,
    0xb3,0xbd,0x73,0xbd,0x93,0xb5,0x93,0xbd,0x73,0xbd,0x52,0xad,0x12,0xad,0xf1,0xa4,0xf1,0x9c,0xb1,0x94,0xb1,0x94,0x90,0x8c,
    0x50,0x7c,0x71,0x84,0xb1,0x84,0x71,0x7c,0x31,0x6c,0x10,0x5c,0x10,0x64,0x51,0x6c,0x51,0x6c,0x30,0x74,0x71,0x74,0x30,0x74,
    0x51,0x6c,0x50,0x74,0x71,0x74,0x30,0x64,0xcf,0x5b,0xcf,0x53,0xaf,0x53,0xd0,0x53,0xb0,0x53,0xaf,0x53,0xaf,0x4b,0xaf,0x4b,
    0x56,0xd6,0x35,0xd6,0x55,0xd6,0x35,0xce,0x15,0xce,0xf5,0xcd,0x15,0xc6,0x14,0xce,0xd4,0xcd,0x14,0xce,0x35,0xd6,0x55,0xd6,
    0x55,0xd6,0x35,0xd6,0x35,0xd6,0x35,0xd6,0x35,0xd6,0x55,0xde,0x75,0xd6,0x96,0xe6,0x96,0xe6,0x95,0xe6,0x96,0xde,0x96,0xe6,
    0x96,0xe6,0x96,0xe6,0x95,0xde,0x76,0xe6,0x96,0xde,0x96,0xe6,0x96,0xde,0x96,0xe6,0x76,0xde,0x55,0xde,0x76,0xde,0x75,0xde,
    0x55,0xde,0x55,0xde,0x75,0xde,0x75,0xd6,0x55,0xde,0x55,0xd6,0x55,0xde,0x75,0xde,0x75,0xde,0x76,0xde,0x75,0xde,0x75,0xde,
    0x76,0xde,0x75,0xde,0x75,0xde,0x75,0xde,0x96,0xde,0x75,0xde,0x96,0xde,0x76,0xde,0x75,0xde,0x76,0xde,0x55,0xde,0x56,0xd6,
    0x55,0xd6,0x14,0xce,0xd3,0xc5,0xb3,0xbd,0xb4,0xbd,0xb3,0xc5,0x35,0xce,0x55,0xde,0x55,0xd6,0x76,0xd6,0x55,0xd6,0x35,0xd6,
    0x56,0xd6,0x34,0xd6,0x34,0xd6,0x35,0xd6,0x34,0xd6,0x35,0xd6,0x34,0xde,0x55,0xde,0x35,0xd6,0x95,0xde,0x35,0xd6,0x14,0xd6,
    0x35,0xd6,0x55,0xde,0x55,0xd6,0x56,0xde,0x75,0xde,0x55,0xde,0x56,0xd6,0x55,0xd6,0x35,0xd6,0x15,0xd6,0x55,0xd6,0x35,0xd6,
    0x14,0xce,0xf4,0xcd,0xf4,0xcd,0xb3,0xc5,0xb3,0xbd,0xd3,0xc5,0xf4,0xcd,0x14,0xce,0x14,0xce,0xf4,0xcd,0x14,0xd6,0x14,0xce,
    0xf4,0xcd,0xb3,0xc5,0xd4,0xcd,0xb3,0xc5,0x92,0xbd,0xb3,0xc5,0x93,0xc5,0x72,0xbd,0x93,0xc5,0x72,0xbd,0x53,0xb5,0x52,0xb5,
    0x73,0xb5,0x73,0xbd,0xb3,0xc5,0xf4,0xcd,0xf4,0xcd,0xd3,0xcd,0xd3,0xc5,0xd3,0xcd,0xd4,0xc5,0xf4,0xcd,0xd3,0xc5,0xd4,0xcd,
    0xf4,0xcd,0xf4,0xcd,0xf4,0xcd,0xb3,0xc5,0x93,0xc5,0xb4,0xc5,0xb3,0xc5,0xb3,0xc5,0xb3,0xbd,0x93,0xbd,0x73,0xb5,0x32,0xad,
    0x12,0xa5,0x12,0xa5,0x11,0xa5,0xd1,0x9c,0xd1,0x94,0xd1,0x9c,0xd1,0x94,0x71,0x7c,0x51,0x74,0x30,0x6c,0x2f,0x74,0x30,0x6c,
    0x10,0x6c,0x31,0x74,0x71,0x7c,0x30,0x74,0x30,0x6c,0x30,0x74,0x10,0x6c,0xaf,0x5b,0xcf,0x53,0xb0,0x53,0xaf,0x4b,0xcf,0x4b,
    0xd0,0x4b,0xaf,0x4b,0xb0,0x4b,0xcf,0x4b,0x76,0xd6,0x36,0xce,0x56,0xce,0x36,0xce,0xf5,0xc5,0xd4,0xc5,0xd4,0xc5,0xb3,0xc5,
    0xd4,0xc5,0xf4,0xc5,0x14,0xce,0x35,0xd6,0x55,0xde,0x76,0xde,0x96,0xde,0x96,0xe6,0xb6,0xe6,0xb7,0xe6,0xb6,0xe6,0x96,0xe6,
    0xb6,0xe6,0xb7,0xe6,0xb6,0xe6,0xb6,0xe6,0xd7,0xe6,0xb6,0xe6,0xb6,0xe6,0x96,0xe6,0x75,0xde,0x75,0xe6,0x76,0xde,0x96,0xe6,
    0x96,0xde,0x76,0xde,0x35,0xd6,0x55,0xde,0x55,0xd6,0x55,0xd6,0x55,0xde,0x34,0xd6,0x14,0xd6,0x14,0xd6,0x34,0xd6,0x34,0xd6,
    0x35,0xd6,0x34,0xd6,0x35,0xd6,0x35,0xd6,0x55,0xd6,0x75,0xde,0x96,0xde,0x95,0xe6,0x55,0xde,0x55,0xde,0x96,0xde,0x76,0xde,
    0x96,0xde,0x75,0xde,0x55,0xd6,0x55,0xde,0x15,0xd6,0x15,0xd6,0xf4,0xc5,0xf4,0xcd,0x14,0xce,0xf4,0xcd,0xf4,0xcd,0xf4,0xcd,
    0x14,0xce,0x35,0xd6,0x55,0xde,0x76,0xde,0x55,0xde,0x35,0xd6,0x35,0xde,0x34,0xd6,0x55,0xde,0x35,0xd6,0x34,0xd6,0x14,0xd6,
    0xf4,0xcd,0xaf,0xac,0xd3,0xcd,0x55,0xd6,0x34,0xd6,0x35,0xd6,0x35,0xd6,0x35,0xd6,0x55,0xd6,0x75,0xde,0x55,0xd6,0x35,0xd6,
    0x15,0xd6,0x55,0xd6,0x56,0xde,0x56,0xde,0x55,0xde,0x35,0xd6,0x35,0xd6,0x35,0xd6,0x14,0xce,0xb3,0xc5,0xf4,0xcd,0xf0,0xb4,
    0x11,0xbd,0x55,0xd6,0x14,0xd6,0x34,0xd6,0x14,0xd6,0x13,0xce,0xf3,0xcd,0xf4,0xcd,0xf4,0xd5,0xf3,0xcd,0xb3,0xc5,0x92,0xc5,
    0xb3,0xc5,0x93,0xbd,0x52,0xb5,0x52,0xb5,0x92,0xbd,0x93,0xc5,0xb3,0xc5,0x93,0xc5,0x93,0xc5,0xb3,0xbd,0xb3,0xc5,0xb3,0xc5,
    0xd3,0xcd,0xd3,0xc5,0xd3,0xcd,0xb3,0xc5,0xd4,0xcd,0xf3,0xcd,0xd3,0xc5,0x93,0xc5,0x72,0xbd,0x92,0xb5,0x73,0xbd,0xb3,0xbd,
    0x94,0xbd,0x93,0xbd,0xb3,0xbd,0x73,0xb5,0x52,0xad,0x32,0xad,0x32,0xad,0x11,0xa5,0xf1,0x9c,0xd1,0x94,0xd1,0x9c,0xd1,0x94,
    0x91,0x8c,0x91,0x7c,0x91,0x84,0x71,0x7c,0x31,0x74,0x50,0x7c,0x91,0x7c,0x71,0x7c,0x31,0x74,0x10,0x6c,0x10,0x6c,0xf0,0x63,
    0xaf,0x5b,0xaf,0x5b,0xaf,0x4b,0xcf,0x4b,0xaf,0x53,0xaf,0x53,0xaf,0x4b,0xaf,0x4b,0x14,0xce,0x55,0xd6,0x76,0xd6,0x36,0xd6,
    0x55,0xd6,0x56,0xd6,0x56,0xce,0x77,0xd6,0x76,0xd6,0x56,0xd6,0x76,0xde,0x96,0xde,0x97,0xde,0x96,0xde,0x96,0xde,0x96,0xe6,
    0xb6,0xde,0xb6,0xe6,0xb6,0xe6,0x96,0xe6,0xb6,0xe6,0xd7,0xe6,0xb6,0xe6,0xb6,0xe6,0xb7,0xe6,0xb7,0xe6,0x96,0xe6,0x96,0xde,
    0x96,0xde,0x75,0xde,0x76,0xde,0x96,0xde,0x76,0xde,0x95,0xe6,0x75,0xde,0x75,0xde,0x96,0xe6,0x75,0xde,0x75,0xde,0x55,0xde,
    0x75,0xde,0x55,0xde,0x55,0xd6,0x35,0xd6,0x14,0xd6,0xf4,0xcd,0xd4,0xcd,0x14,0xce,0x14,0xce,0x35,0xd6,0x14,0xd6,0xb3,0xc5,
    0x31,0xbd,0x14,0xd6,0x55,0xde,0x34,0xd6,0x55,0xde,0x35,0xd6,0x14,0xce,0x15,0xce,0xd3,0xcd,0xb3,0xc5,0xb3,0xc5,0xb3,0xbd,
    0xb3,0xbd,0xb3,0xc5,0xd3,0xc5,0xd3,0xc5,0xf4,0xcd,0x35,0xd6,0x55,0xde,0x55,0xde,0x55,0xd6,0x35,0xde,0x75,0xde,0x75,0xde,
    0x76,0xde,0x55,0xd6,0x35,0xd6,0x34,0xd6,0x93,0xc5,0xed,0x8b,0x11,0xb5,0x35,0xd6,0xf4,0xcd,0xf4,0xcd,0x14,0xce,0x14,0xd6,
    0x35,0xd6,0x75,0xde,0xf4,0xcd,0xb3,0xc5,0xf4,0xcd,0x14,0xce,0xf4,0xcd,0x14,0xd6,0x35,0xd6,0x54,0xd6,0x55,0xd6,0x35,0xd6,
    0x35,0xd6,0xf4,0xcd,0x35,0xd6,0xd0,0xa4,0x8e,0xa4,0x75,0xde,0x14,0xd6,0x35,0xd6,0x14,0xd6,0x34,0xd6,0x34,0xd6,0x34,0xd6,
    0x34,0xd6,0x14,0xd6,0xf3,0xcd,0xd3,0xc5,0xb3,0xc5,0xb3,0xc5,0xb3,0xc5,0xb3,0xc5,0xb3,0xc5,0xb3,0xc5,0xb3,0xc5,0x72,0xbd,
    0x72,0xbd,0x52,0xbd,0x72,0xb5,0x73,0xbd,0x93,0xc5,0xd3,0xc5,0xd3,0xc5,0xb3,0xc5,0xd3,0xc5,0xb4,0xc5,0xb3,0xc5,0x93,0xbd,
    0x93,0xbd,0x52,0xbd,0x73,0xb5,0x73,0xbd,0x93,0xbd,0x93,0xc5,0x93,0xbd,0x93,0xbd,0x52,0xb5,0x72,0xb5,0x73,0xb5,0x73,0xb5,
    0x32,0xad,0x32,0xa5,0xd1,0x94,0x71,0x7c,0x50,0x74,0x10,0x6c,0x30,0x6c,0x10,0x6c,0xcf,0x5b,0xf0,0x63,0x10,0x6c,0x30,0x74,
    0x31,0x6c,0x10,0x6c,0xf0,0x63,0xf0,0x5b,0xd0,0x53,0xaf,0x53,0xaf,0x53,0xaf,0x53,0xaf,0x53,0xcf,0x53,0xae,0x4b,0xaf,0x53,
    0x14,0xce,0x35,0xd6,0x35,0xd6,0x14,0xce,0xd4,0xc5,0xd4,0xc5,0xd4,0xc5,0x15,0xc6,0x56,0xce,0x77,0xd6,0x97,0xd6,0xb8,0xde,
    0xb8,0xde,0xb7,0xde,0x76,0xde,0x56,0xd6,0x55,0xd6,0x56,0xde,0x55,0xd6,0x75,0xde,0x75,0xd6,0x55,0xde,0x75,0xde,0x55,0xd6,
    0x75,0xde,0x76,0xde,0x55,0xd6,0x35,0xd6,0x35,0xd6,0x75,0xde,0x76,0xde,0x96,0xe6,0x75,0xde,0x76,0xe6,0x96,0xde,0x75,0xe6,
    0x76,0xde,0x95,0xde,0x55,0xde,0x75,0xde,0x55,0xde,0x55,0xde,0x55,0xde,0x55,0xd6,0x35,0xd6,0xd3,0xcd,0x93,0xbd,0xb3,0xbd,
    0xd4,0xcd,0xb3,0xc5,0xd3,0xc5,0xb3,0xc5,0xd3,0xc5,0x14,0xd6,0x35,0xd6,0xf4,0xcd,0xf4,0xcd,0xd4,0xcd,0xf4,0xcd,0xf4,0xd5,
    0xf4,0xcd,0xf4,0xcd,0xd4,0xc5,0xf4,0xcd,0x14,0xce,0x15,0xd6,0x14,0xce,0xd4,0xcd,0x34,0xd6,0x55,0xde,0x35,0xd6,0x35,0xd6,
    0x76,0xde,0x76,0xde,0x55,0xde,0x55,0xd6,0x35,0xd6,0x34,0xde,0xf4,0xcd,0xd4,0xc5,0xd3,0xcd,0x35,0xd6,0xf4,0xc5,0xf4,0xcd,
    0xb3,0xbd,0xd3,0xc5,0x15,0xce,0x15,0xd6,0x14,0xce,0x35,0xd6,0xf4,0xcd,0xb3,0xc5,0xd4,0xcd,0xd3,0xcd,0xf4,0xcd,0xf4,0xcd,
    0xf4,0xcd,0x14,0xce,0x34,0xd6,0x15,0xd6,0x34,0xd6,0x34,0xd6,0x14,0xd6,0x35,0xd6,0x55,0xd6,0x35,0xd6,0x35,0xd6,0x34,0xd6,
    0x34,0xd6,0x35,0xd6,0x14,0xd6,0x35,0xd6,0x35,0xde,0x35,0xd6,0x14,0xd6,0xf4,0xd5,0xf3,0xd5,0xf4,0xcd,0xf4,0xd5,0x14,0xce,
    0xf4,0xcd,0xf4,0xd5,0x14,0xce,0xd4,0xcd,0xb3,0xc5,0x92,0xc5,0x72,0xbd,0x52,0xb5,0x72,0xbd,0x92,0xc5,0xb3,0xc5,0xb3,0xc5,
    0xb3,0xc5,0x93,0xc5,0x92,0xc5,0x93,0xc5,0x93,0xc5,0x92,0xbd,0x93,0xbd,0x93,0xbd,0x93,0xc5,0xb3,0xc5,0xd3,0xc5,0xb3,0xbd,
    0xb3,0xc5,0xb4,0xbd,0x93,0xbd,0x52,0xad,0xd1,0x9c,0x71,0x84,0xef,0x6b,0xcf,0x53,0xcf,0x4b,0xcf,0x53,0xcf,0x5b,0xcf,0x5b,
    0xaf,0x53,0x8e,0x53,0xae,0x5b,0xaf,0x63,0xcf,0x5b,0xcf,0x5b,0xaf,0x5b,0xaf,0x53,0xcf,0x53,0xcf,0x53,0xcf,0x5b,0xae,0x5b,
    0xcf,0x5b,0xaf,0x5b,0xaf,0x5b,0xaf,0x5b,0xf4,0xcd,0x34,0xd6,0x35,0xd6,0xf4,0xcd,0xf4,0xc5,0xac,0x83,0xb0,0xa4,0x52,0xb5,
    0x32,0xad,0x53,0xb5,0x73,0xb5,0xd4,0xc5,0xf5,0xc5,0xf5,0xc5,0xf5,0xc5,0x56,0xd6,0x56,0xd6,0x56,0xd6,0x35,0xd6,0x14,0xce,
    0x14,0xd6,0x55,0xd6,0x55,0xd6,0x55,0xde,0x55,0xd6,0x55,0xd6,0x35,0xd6,0xf4,0xcd,0x14,0xd6,0x75,0xde,0x76,0xde,0xb6,0xe6,
    0x96,0xe6,0x96,0xde,0x96,0xe6,0x75,0xde,0x55,0xde,0x55,0xde,0x34,0xd6,0x34,0xd6,0x34,0xd6,0x34,0xd6,0x55,0xd6,0x55,0xde,
    0x34,0xd6,0x14,0xce,0xf4,0xcd,0xf4,0xcd,0x14,0xd6,0x15,0xd6,0x34,0xd6,0x35,0xd6,0x55,0xd6,0x35,0xd6,0x35,0xd6,0x34,0xd6,
    0x34,0xd6,0x14,0xd6,0x14,0xd6,0x35,0xd6,0x15,0xce,0x14,0xd6,0x14,0xce,0xf4,0xcd,0x35,0xd6,0x55,0xde,0x55,0xd6,0x55,0xde,
    0x35,0xd6,0x14,0xd6,0xd4,0xcd,0x34,0xd6,0x35,0xd6,0x55,0xde,0x55,0xd6,0x55,0xd6,0x14,0xd6,0xf4,0xcd,0x93,0xbd,0x73,0xbd,
    0x73,0xb5,0x32,0xad,0x32,0xad,0x32,0xa5,0x32,0xad,0xf2,0x9c,0x52,0xad,0x93,0xbd,0xb3,0xc5,0xd3,0xc5,0xb3,0xbd,0x32,0xad,
    0x32,0xad,0xb3,0xbd,0xd4,0xc5,0xd3,0xc5,0xf4,0xcd,0xf4,0xcd,0xd4,0xc5,0xb3,0xbd,0x52,0xb5,0x53,0xad,0x73,0xb5,0x93,0xbd,
    0xb3,0xc5,0xf4,0xcd,0x35,0xd6,0x55,0xd6,0x55,0xd6,0x55,0xd6,0x34,0xde,0x54,0xd6,0x34,0xd6,0x14,0xd6,0x34,0xd6,0x14,0xd6,
    0x14,0xd6,0x14,0xce,0x14,0xd6,0x14,0xd6,0x14,0xd6,0x14,0xd6,0x14,0xd6,0x14,0xd6,0xf4,0xcd,0xf3,0xcd,0x14,0xd6,0x14,0xd6,
    0xd3,0xc5,0xd3,0xcd,0xd3,0xcd,0xd3,0xcd,0xd3,0xcd,0xd3,0xc5,0xd3,0xcd,0xb3,0xc5,0xb3,0xc5,0xb3,0xc5,0xb3,0xc5,0xb3,0xbd,
    0xb3,0xc5,0x73,0xbd,0x72,0xbd,0x52,0xad,0x53,0xb5,0x32,0xad,0xf1,0xa4,0xb1,0x94,0x50,0x74,0x10,0x6c,0xf0,0x63,0xef,0x5b,
    0xef,0x63,0xf0,0x5b,0x2f,0x6c,0x10,0x6c,0xaf,0x5b,0xcf,0x5b,0xaf,0x5b,0xcf,0x63,0xaf,0x63,0xcf,0x5b,0xcf,0x5b,0xaf,0x5b,
    0xcf,0x5b,0xcf,0x63,0xef,0x6b,0x0f,0x6c,0x10,0x6c,0xcf,0x63,0xef,0x6b,0x10,0x6c,0x75,0xde,0x96,0xde,0x76,0xe6,0x96,0xde,
    0x35,0xd6,0x6b,0x7b,0xf0,0xb4,0xb3,0xbd,0x53,0xb5,0xb3,0xbd,0x93,0xbd,0xb3,0xbd,0x93,0xbd,0x72,0xb5,0xd0,0x9c,0x0e,0x8c,
    0xf3,0xcd,0x55,0xd6,0x55,0xd6,0x76,0xd6,0x55,0xd6,0x96,0xde,0x97,0xe6,0x96,0xde,0x76,0xde,0x76,0xde,0x15,0xd6,0x14,0xd6,
    0x55,0xd6,0x96,0xde,0x96,0xe6,0xb6,0xe6,0x76,0xde,0x75,0xde,0x75,0xde,0x76,0xde,0x55,0xde,0x55,0xd6,0x35,0xd6,0x35,0xd6,
    0x55,0xde,0x54,0xde,0x55,0xde,0x54,0xd6,0x34,0xd6,0x35,0xd6,0x14,0xce,0xf4,0xcd,0xf4,0xcd,0x35,0xd6,0x35,0xd6,0x34,0xd6,
    0x35,0xd6,0x35,0xd6,0x34,0xd6,0xf4,0xd5,0x15,0xce,0x14,0xd6,0x15,0xce,0xf4,0xcd,0xd3,0xc5,0xb3,0xc5,0xb4,0xc5,0xd3,0xcd,
    0xf4,0xcd,0xf4,0xcd,0x35,0xd6,0x14,0xd6,0xd4,0xcd,0xf4,0xcd,0x14,0xce,0x34,0xd6,0x14,0xd6,0x14,0xce,0x14,0xce,0x15,0xd6,
    0xf4,0xcd,0xb3,0xc5,0x73,0xbd,0x93,0xbd,0x53,0xb5,0x12,0xad,0xd1,0x94,0x90,0x94,0x91,0x8c,0x71,0x8c,0xb0,0x94,0xd1,0x94,
    0x33,0xad,0x73,0xb5,0x12,0xad,0x52,0xad,0x73,0xb5,0x93,0xb5,0x73,0xbd,0x73,0xbd,0x93,0xbd,0x93,0xb5,0x52,0xb5,0x12,0x9d,
    0x70,0x8c,0x50,0x84,0x90,0x8c,0xf2,0x9c,0x31,0xad,0x72,0xb5,0xf3,0xcd,0x14,0xce,0x35,0xd6,0x54,0xde,0x55,0xd6,0x35,0xde,
    0x54,0xd6,0x35,0xd6,0x35,0xd6,0x34,0xd6,0x35,0xd6,0x15,0xd6,0xf4,0xcd,0xf3,0xcd,0xf3,0xcd,0xd3,0xcd,0xf4,0xcd,0x34,0xd6,
    0x14,0xce,0xf4,0xd5,0xf1,0xac,0x8e,0xa4,0x13,0xce,0x13,0xce,0xf4,0xcd,0xf3,0xcd,0x14,0xce,0xf4,0xcd,0xf4,0xcd,0x14,0xd6,
    0xd4,0xc5,0xd3,0xc5,0xb3,0xc5,0xb3,0xc5,0x93,0xbd,0x52,0xad,0x12,0xa5,0xb0,0x94,0x90,0x8c,0x90,0x8c,0x30,0x7c,0x30,0x7c,
    0x10,0x74,0xef,0x63,0x0f,0x6c,0xef,0x63,0x10,0x6c,0x10,0x6c,0x0f,0x74,0x10,0x6c,0x10,0x6c,0xf0,0x63,0xef,0x63,0xef,0x63,
    0xcf,0x63,0xcf,0x63,0xef,0x63,0xf0,0x63,0xcf,0x63,0xf0,0x63,0x30,0x74,0x71,0x8c,0xb1,0x8c,0xb1,0x8c,0x70,0x7c,0x70,0x84,
    0x96,0xe6,0x95,0xe6,0x96,0xe6,0x96,0xe6,0x95,0xe6,0x76,0xde,0x14,0xce,0xd4,0xcd,0xf4,0xc5,0x55,0xde,0x76,0xde,0x35,0xd6,
    0x55,0xd6,0x35,0xd6,0xf3,0xcd,0x72,0xbd,0x34,0xd6,0x35,0xd6,0x55,0xd6,0x55,0xd6,0x55,0xde,0x55,0xde,0x96,0xde,0x96,0xde,
    0x76,0xde,0x55,0xd6,0x55,0xd6,0x75,0xd6,0x76,0xde,0x96,0xe6,0x95,0xde,0x96,0xe6,0x96,0xde,0x75,0xde,0x75,0xde,0x55,0xde,
    0x76,0xde,0x75,0xde,0x55,0xde,0x75,0xde,0x75,0xde,0x76,0xde,0x55,0xd6,0x34,0xd6,0x14,0xd6,0x14,0xce,0xf3,0xcd,0xd3,0xc5,
    0xd3,0xc5,0xb3,0xc5,0xb3,0xbd,0xb4,0xc5,0x93,0xc5,0xb3,0xc5,0xf4,0xcd,0xf4,0xcd,0xb3,0xc5,0xb3,0xbd,0xd4,0xc5,0xb3,0xc5,
    0x93,0xbd,0xb4,0xbd,0x93,0xbd,0xd4,0xc5,0x4e,0x9c,0x10,0xb5,0x14,0xd6,0xb3,0xc5,0xd3,0xcd,0xd3,0xc5,0xf4,0xcd,0x15,0xd6,
    0xf4,0xcd,0xf4,0xcd,0xf4,0xcd,0x14,0xd6,0xf4,0xcd,0xd3,0xc5,0xb3,0xbd,0x73,0xb5,0x52,0xad,0x31,0xad,0xf1,0x9c,0xf2,0x9c,
    0xf2,0x9c,0xf2,0x9c,0xb0,0x94,0x91,0x8c,0xf1,0x9c,0x52,0xad,0x32,0xa5,0x11,0xad,0xf4,0xc5,0xb3,0xc5,0x93,0xb5,0x93,0xb5,
    0x52,0xb5,0x33,0xa5,0xf1,0x9c,0xd1,0x9c,0x91,0x8c,0x50,0x74,0x31,0x7c,0x71,0x84,0xb1,0x94,0xf1,0x9c,0x32,0xad,0x93,0xbd,
    0xd4,0xcd,0x14,0xce,0x14,0xce,0x14,0xd6,0x14,0xce,0x14,0xd6,0x34,0xd6,0x35,0xd6,0x35,0xd6,0x34,0xd6,0x35,0xd6,0x14,0xce,
    0xf4,0xcd,0xd3,0xc5,0xf4,0xcd,0x14,0xce,0xf4,0xd5,0x14,0xce,0xa9,0x62,0x88,0x6a,0x55,0xde,0x14,0xce,0x14,0xd6,0xf4,0xcd,
    0xf3,0xcd,0xb3,0xcd,0xb3,0xc5,0xb3,0xc5,0x93,0xbd,0x52,0xb5,0x32,0xad,0x11,0xa5,0x11,0xa5,0x12,0xa5,0xd1,0x9c,0x91,0x8c,
    0x70,0x8c,0x50,0x84,0x30,0x74,0x10,0x74,0xef,0x6b,0x0f,0x64,0xef,0x6b,0xcf,0x6b,0xf0,0x63,0xcf,0x6b,0xcf,0x63,0xef,0x6b,
    0xef,0x6b,0xf0,0x6b,0xce,0x6b,0xcf,0x63,0xd0,0x63,0xf0,0x63,0xcf,0x63,0xef,0x63,0xef,0x6b,0x10,0x74,0x50,0x84,0x91,0x94,
    0xb0,0x94,0xb1,0x94,0xb0,0x9c,0xf1,0xa4,0x75,0xe6,0x96,0xe6,0x95,0xe6,0x96,0xe6,0x75,0xde,0x55,0xde,0x55,0xde,0x75,0xde,
    0x55,0xde,0x76,0xde,0x96,0xe6,0x75,0xde,0x75,0xde,0x55,0xde,0x55,0xde,0x75,0xde,0x54,0xd6,0x34,0xd6,0x34,0xd6,0x14,0xd6,
    0x35,0xd6,0x75,0xde,0x55,0xd6,0x75,0xde,0x14,0xd6,0xf3,0xcd,0x14,0xce,0x15,0xd6,0x35,0xd6,0x55,0xd6,0x76,0xde,0x96,0xde,
    0x95,0xe6,0x76,0xde,0x75,0xde,0x75,0xde,0x76,0xde,0x55,0xde,0x55,0xd6,0x34,0xd6,0x35,0xd6,0x54,0xd6,0x35,0xd6,0xf4,0xd5,
    0xf4,0xcd,0xd3,0xcd,0xb3,0xc5,0x93,0xbd,0x93,0xbd,0x53,0xb5,0x32,0xad,0x52,0xad,0x93,0xbd,0xb3,0xbd,0xf4,0xcd,0xf4,0xcd,
    0x14,0xce,0xf4,0xcd,0xb3,0xc5,0x94,0xbd,0x73,0xb5,0x73,0xb5,0xb3,0xc5,0xb3,0xc5,0xb0,0x9c,0x92,0xc5,0x92,0xc5,0x72,0xbd,
    0x10,0xad,0x11,0xad,0x72,0xc5,0xd3,0xc5,0xf3,0xcd,0x15,0xd6,0x55,0xd6,0x35,0xd6,0x14,0xce,0x15,0xd6,0xf4,0xcd,0xb3,0xc5,
    0x93,0xbd,0x94,0xb5,0x32,0xa5,0x12,0x9d,0x52,0xad,0x73,0xbd,0x73,0xb5,0xf2,0x9c,0x11,0xa5,0x32,0xad,0xf1,0xa4,0x2f,0x94,
    0xf4,0xc5,0xb3,0xc5,0x93,0xbd,0x93,0xb5,0x33,0xad,0x12,0xa5,0xb0,0x8c,0x90,0x8c,0x70,0x8c,0x51,0x7c,0x50,0x74,0x30,0x7c,
    0x50,0x84,0x50,0x8c,0x91,0x8c,0xd1,0x9c,0xf1,0x9c,0x32,0xad,0x93,0xbd,0xd3,0xbd,0xb3,0xc5,0xd3,0xc5,0x34,0xd6,0xf4,0xcd,
    0xf3,0xcd,0xd4,0xcd,0xf4,0xcd,0xd4,0xc5,0x93,0xbd,0x93,0xbd,0xd4,0xc5,0xf4,0xcd,0xf4,0xcd,0x35,0xd6,0x8f,0x9c,0xd3,0xc5,
    0x75,0xde,0x14,0xd6,0xf3,0xcd,0x14,0xd6,0xd4,0xcd,0x73,0xb5,0x32,0xad,0xf1,0xa4,0xf0,0x9c,0xd1,0xa4,0xb0,0x94,0x91,0x94,
    0x70,0x8c,0x90,0x94,0x90,0x8c,0x70,0x8c,0x50,0x7c,0x30,0x7c,0x10,0x74,0x0f,0x74,0x0f,0x6c,0xef,0x6b,0xcf,0x6b,0xcf,0x63,
    0xcf,0x63,0xd0,0x63,0xef,0x6b,0xcf,0x63,0xef,0x6b,0xef,0x6b,0xef,0x6b,0xcf,0x6b,0xcf,0x6b,0xef,0x63,0xd0,0x6b,0xef,0x6b,
    0xef,0x6b,0x0f,0x6c,0x10,0x7c,0x10,0x7c,0x50,0x84,0x91,0x94,0xb0,0x94,0xf1,0xa4,0x96,0xe6,0x95,0xe6,0x76,0xe6,0x95,0xe6,
    0x75,0xe6,0x75,0xde,0x95,0xde,0x75,0xde,0x75,0xde,0x96,0xe6,0x95,0xde,0x76,0xde,0x76,0xde,0x75,0xde,0x55,0xde,0x34,0xd6,
    0x34,0xde,0x14,0xde,0x14,0xd6,0x14,0xd6,0x54,0xd6,0x55,0xd6,0x34,0xd6,0x14,0xd6,0xf4,0xcd,0xd3,0xcd,0xf4,0xcd,0xb3,0xc5,
    0xb3,0xc5,0xf4,0xcd,0x35,0xd6,0x54,0xde,0x55,0xd6,0x55,0xde,0x55,0xd6,0x76,0xde,0x75,0xde,0x76,0xd6,0x35,0xd6,0x15,0xce,
    0x14,0xce,0x14,0xd6,0x14,0xce,0x14,0xce,0xd3,0xcd,0xb4,0xc5,0xb3,0xc5,0x73,0xb5,0x52,0xb5,0xd1,0xa4,0xb0,0x94,0xd1,0x9c,
    0x12,0xa5,0x32,0xad,0x73,0xb5,0x93,0xbd,0xb3,0xc5,0xd4,0xcd,0x93,0xbd,0x52,0xb5,0x52,0xad,0x32,0xad,0x52,0xb5,0x52,0xb5,
    0xb2,0xc5,0x72,0xbd,0x11,0xad,0xf0,0xac,0xb0,0xa4,0xb0,0x9c,0x51,0xb5,0xd3,0xcd,0xf5,0xd5,0x34,0xd6,0x75,0xde,0x76,0xde,
    0x35,0xd6,0x14,0xce,0xf4,0xcd,0x93,0xbd,0x52,0xad,0x32,0xb5,0x53,0xad,0x12,0xa5,0xd1,0x9c,0xf1,0xa4,0x52,0xad,0x73,0xb5,
    0x93,0xbd,0x93,0xbd,0x73,0xb5,0x11,0xa5,0x52,0xb5,0x93,0xbd,0x73,0xb5,0x73,0xb5,0x11,0xa5,0xd1,0x9c,0x71,0x8c,0x50,0x84,
    0x50,0x7c,0x50,0x7c,0x30,0x74,0x30,0x7c,0x50,0x84,0x90,0x8c,0xb1,0x94,0xd1,0x94,0xb0,0x94,0xb1,0x94,0xf1,0x9c,0x32,0xa5,
    0x52,0xad,0x52,0xb5,0x93,0xbd,0xb3,0xbd,0xb3,0xc5,0x93,0xb5,0x72,0xb5,0x52,0xb5,0x32,0xad,0x52,0xb5,0x93,0xbd,0x93,0xbd,
    0xd3,0xbd,0xb3,0xc5,0x14,0xd6,0x35,0xd6,0x55,0xd6,0x34,0xd6,0x14,0xd6,0x14,0xce,0xb4,0xc5,0x72,0xb5,0x70,0x8c,0x28,0x4a,
    0xee,0x7b,0xd2,0x94,0xf1,0x9c,0x90,0x8c,0x50,0x8c,0x30,0x84,0x70,0x8c,0x50,0x7c,0x30,0x74,0x2f,0x7c,0x30,0x84,0x30,0x84,
    0x10,0x74,0xef,0x6b,0x0f,0x74,0xef,0x6b,0xef,0x6b,0xef,0x6b,0x0f,0x6c,0xef,0x6b,0xcf,0x73,0xef,0x73,0x10,0x7c,0x2f,0x7c,
    0xef,0x6b,0xef,0x73,0xef,0x73,0xf0,0x73,0xef,0x6b,0xcf,0x6b,0xce,0x6b,0xcf,0x6b,0x50,0x84,0xd1,0x9c,0xd0,0x94,0xb0,0x9c,
    0xb6,0xe6,0xb6,0xee,0xb6,0xe6,0x96,0xe6,0x95,0xe6,0x75,0xe6,0x76,0xe6,0x75,0xde,0x55,0xe6,0x35,0xd6,0x34,0xde,0x54,0xde,
    0x55,0xde,0x54,0xd6,0x55,0xde,0x55,0xde,0x34,0xde,0x34,0xd6,0x14,0xde,0x13,0xd6,0x14,0xd6,0x13,0xd6,0xf3,0xd5,0xf4,0xd5,
    0xf4,0xcd,0xd3,0xcd,0xb3,0xc5,0xb3,0xbd,0x93,0xbd,0xd4,0xcd,0xf3,0xcd,0xd4,0xcd,0xf4,0xcd,0x14,0xce,0x14,0xd6,0x14,0xce,
    0x15,0xd6,0x14,0xce,0xb4,0xc5,0xd4,0xc5,0x15,0xc6,0x15,0xce,0x35,0xd6,0x55,0xd6,0x15,0xd6,0xf4,0xcd,0xf4,0xcd,0xb4,0xc5,
    0x72,0xb5,0x32,0xad,0xf1,0x9c,0xb1,0x94,0xd1,0x94,0xd1,0x9c,0xd0,0x9c,0xf1,0xa4,0x52,0xad,0xd3,0xc5,0xb4,0xc5,0xb4,0xbd,
    0xb4,0xbd,0x73,0xb5,0x73,0xbd,0x52,0xb5,0x12,0xb5,0x10,0xad,0x4f,0x94,0x0e,0x84,0x0e,0x84,0x4f,0x8c,0xb0,0x9c,0x31,0xb5,
    0xf4,0xcd,0x14,0xce,0x14,0xd6,0x34,0xd6,0x14,0xce,0x93,0xbd,0x32,0xa5,0x90,0x94,0xb1,0x8c,0xd1,0x9c,0x32,0xa5,0x12,0x9d,
    0xf1,0x9c,0xd1,0x9c,0x11,0xad,0x73,0xbd,0xd3,0xc5,0xd3,0xcd,0x93,0xbd,0x4c,0x6b,0xed,0x83,0x53,0xad,0xf1,0x9c,0x32,0xa5,
    0x12,0xad,0xd1,0x9c,0xb0,0x94,0x70,0x8c,0x50,0x84,0x50,0x84,0x70,0x84,0x91,0x8c,0xb1,0x94,0xd0,0x9c,0x52,0xad,0x12,0xad,
    0xd1,0x9c,0xd1,0x9c,0xb0,0x94,0x90,0x94,0xd1,0x9c,0xd1,0x9c,0xf1,0x9c,0x12,0xa5,0x31,0xad,0x32,0xad,0xf1,0xa4,0xf1,0x9c,
    0xb1,0x9c,0x11,0x9d,0x32,0xa5,0xf1,0xa4,0x12,0x9d,0x11,0xa5,0x52,0xb5,0xd3,0xcd,0x55,0xd6,0x55,0xde,0x35,0xd6,0x14,0xce,
    0xd3,0xc5,0x93,0xbd,0xd0,0x9c,0xae,0x7b,0x0f,0x7c,0xae,0x73,0x8d,0x73,0x70,0x8c,0x50,0x8c,0x2f,0x84,0x50,0x84,0x4f,0x84,
    0x50,0x84,0x50,0x84,0x70,0x8c,0x4f,0x84,0x0f,0x74,0xef,0x6b,0xef,0x7b,0x0f,0x84,0x0f,0x7c,0x2f,0x7c,0x10,0x74,0x0f,0x7c,
    0x2f,0x84,0x90,0x94,0x90,0x94,0x50,0x8c,0x2f,0x84,0x2f,0x84,0x30,0x84,0x30,0x7c,0x0f,0x7c,0x0f,0x74,0xef,0x73,0x50,0x84,
    0xf0,0x9c,0xd0,0xa4,0xb0,0x9c,0xf1,0xa4,0xb6,0xee,0x96,0xe6,0x96,0xe6,0x95,0xee,0x96,0xe6,0x75,0xe6,0x75,0xe6,0x75,0xe6,
    0x75,0xe6,0x75,0xde,0x34,0xde,0x14,0xd6,0x14,0xde,0x55,0xde,0x55,0xde,0x55,0xde,0x55,0xde,0x34,0xde,0x34,0xd6,0x14,0xd6,
    0x14,0xd6,0x14,0xd6,0x14,0xd6,0x13,0xd6,0xf3,0xd5,0xd3,0xcd,0xb3,0xc5,0x93,0xc5,0xb3,0xc5,0xd3,0xc5,0xb4,0xc5,0xd3,0xc5,
    0xd4,0xcd,0xf4,0xcd,0x15,0xce,0xf4,0xcd,0x35,0xd6,0x14,0xce,0x93,0xbd,0x73,0xb5,0x93,0xbd,0xd4,0xc5,0x35,0xd6,0x55,0xd6,
    0x55,0xd6,0x35,0xd6,0x35,0xce,0x15,0xce,0xd4,0xc5,0xb4,0xbd,0x52,0xb5,0xf1,0x9c,0x90,0x94,0xb0,0x8c,0x70,0x8c,0x90,0x8c,
    0xf1,0x9c,0x52,0xad,0x52,0xb5,0x32,0xa5,0x11,0xa5,0x32,0xad,0x32,0xad,0x11,0xa5,0xb1,0x9c,0x4f,0x8c,0xee,0x7b,0xae,0x73,
    0x8e,0x73,0xce,0x73,0x4f,0x8c,0x90,0x94,0x32,0xad,0x92,0xbd,0x93,0xbd,0x93,0xb5,0x73,0xb5,0x11,0xa5,0x70,0x8c,0x50,0x7c,
    0x30,0x7c,0x50,0x84,0xb0,0x8c,0xb1,0x94,0xf1,0x9c,0xf1,0xa4,0x93,0xb5,0xb3,0xbd,0xb3,0xbd,0x72,0xbd,0x93,0xbd,0xf2,0xa4,
    0xd1,0x94,0xb1,0x94,0x90,0x8c,0xb1,0x94,0xf1,0x9c,0xf2,0xa4,0x32,0xa5,0xf2,0xa4,0xf1,0xa4,0xf2,0x9c,0xf1,0xa4,0x32,0xad,
    0x52,0xb5,0x93,0xbd,0x93,0xbd,0x52,0xad,0x32,0xad,0x11,0xa5,0xd1,0x9c,0x70,0x8c,0x70,0x8c,0x90,0x84,0x70,0x8c,0xb1,0x9c,
    0x11,0x9d,0xd2,0x9c,0xb1,0x94,0xb1,0x94,0x90,0x8c,0x90,0x8c,0x91,0x94,0x70,0x8c,0x50,0x8c,0x90,0x8c,0xf1,0x9c,0x93,0xbd,
    0xd3,0xc5,0xf4,0xcd,0xb3,0xc5,0xb3,0xc5,0xb3,0xc5,0x93,0xc5,0x33,0xad,0xf1,0xa4,0xd1,0x9c,0xee,0x7b,0x4c,0x6b,0x70,0x84,
    0x6f,0x84,0x70,0x8c,0x90,0x8c,0x70,0x8c,0x2f,0x84,0x70,0x8c,0x4f,0x84,0x0f,0x84,0x2f,0x84,0x2f,0x84,0x2f,0x84,0x30,0x84,
    0x6f,0x8c,0xb0,0x9c,0xd1,0x9c,0xb0,0x94,0xb1,0x9c,0xf1,0xa4,0xf1,0xa4,0x90,0x94,0xb0,0x94,0xb1,0x94,0xb0,0x94,0xb0,0x94,
    0x70,0x8c,0x4f,0x84,0x70,0x8c,0xf1,0xa4,0x11,0xa5,0xf1,0xa4,0x11,0xa5,0xd1,0x9c,0xb6,0xee,0xb6,0xee,0xd6,0xe6,0xd7,0xe6,
    0xb6,0xee,0xb7,0xe6,0xb6,0xe6,0x96,0xe6,0x76,0xe6,0x96,0xe6,0x76,0xe6,0x95,0xe6,0x95,0xe6,0x75,0xe6,0x75,0xe6,0x75,0xe6,
    0x75,0xde,0x95,0xde,0x75,0xde,0x55,0xde,0x54,0xde,0x34,0xde,0x35,0xde,0x34,0xd6,0x35,0xde,0x34,0xd6,0x14,0xce,0x14,0xce,
    0x14,0xd6,0x14,0xd6,0x35,0xd6,0x55,0xd6,0x14,0xce,0xd3,0xcd,0xd3,0xcd,0xd4,0xcd,0xd4,0xcd,0xf3,0xcd,0xb4,0xc5,0xb3,0xbd,
    0x93,0xb5,0x72,0xbd,0xf4,0xc5,0x14,0xd6,0x15,0xce,0x14,0xce,0x14,0xce,0xd3,0xc5,0xb4,0xbd,0xb3,0xc5,0xd4,0xbd,0xd4,0xbd,
    0x53,0xad,0x53,0xa5,0x12,0x9d,0xb0,0x94,0xb1,0x94,0xd1,0x94,0xb1,0x94,0x90,0x8c,0x70,0x8c,0x6f,0x84,0x90,0x94,0x70,0x8c,
    0x2f,0x84,0x0f,0x7c,0x0f,0x7c,0x0f,0x84,0xef,0x7b,0xee,0x7b,0xef,0x7b,0x2f,0x84,0x70,0x8c,0xb1,0x94,0xd1,0x94,0xd1,0x9c,
    0xb1,0x9c,0x90,0x8c,0x70,0x8c,0x30,0x74,0x30,0x74,0x0f,0x74,0x30,0x84,0x90,0x8c,0x52,0xad,0x93,0xbd,0x94,0xc5,0x72,0xb5,
    0x11,0xa5,0xf1,0x9c,0xf2,0x9c,0x32,0xad,0xf1,0x9c,0xd1,0x94,0x90,0x84,0x50,0x7c,0x70,0x84,0xb0,0x8c,0xf2,0xa4,0x52,0xad,
    0x73,0xb5,0x93,0xbd,0xb3,0xbd,0xf4,0xc5,0xf4,0xcd,0xd3,0xcd,0xb3,0xbd,0x73,0xb5,0x11,0xad,0xb1,0x9c,0xb0,0x8c,0x70,0x84,
    0x50,0x7c,0x10,0x74,0x2f,0x74,0x50,0x84,0x90,0x94,0x70,0x8c,0x6f,0x7c,0x50,0x84,0x30,0x7c,0x30,0x7c,0x30,0x74,0x30,0x84,
    0x30,0x84,0x50,0x8c,0x70,0x8c,0xb1,0x94,0xf1,0xa4,0x31,0xad,0x11,0xa5,0x52,0xad,0x32,0xad,0xf0,0x9c,0xd1,0x9c,0xd1,0x9c,
    0xb0,0x9c,0x31,0xa5,0xf1,0xa4,0xd0,0xa4,0xb0,0x9c,0xf1,0xa4,0x52,0xb5,0xd1,0x9c,0xb0,0x94,0x90,0x8c,0x2f,0x84,0x2f,0x84,
    0x90,0x94,0xb0,0x94,0xb0,0x9c,0xd1,0x9c,0xf1,0xa4,0xf1,0xac,0x11,0xa5,0xf0,0xac,0x31,0xad,0x51,0xb5,0x31,0xad,0xd1,0xa4,
    0xf1,0xa4,0xd0,0x9c,0xd1,0x9c,0xd1,0xa4,0xb0,0x9c,0xd0,0x9c,0x10,0xa5,0x11,0xad,0x32,0xad,0xd1,0xa4,0xd0,0x9c,0x70,0x94,
    0x95,0xe6,0x96,0xe6,0x95,0xee,0x96,0xe6,0x95,0xe6,0xb6,0xe6,0x95,0xe6,0x75,0xe6,0x75,0xe6,0x96,0xe6,0x75,0xe6,0x96,0xe6,
    0x96,0xe6,0x75,0xe6,0x96,0xe6,0x75,0xe6,0x75,0xe6,0x55,0xde,0x54,0xde,0x14,0xd6,0x14,0xd6,0x14,0xd6,0x34,0xd6,0x14,0xd6,
    0x34,0xd6,0x34,0xd6,0x14,0xd6,0xf4,0xcd,0xd3,0xcd,0xd4,0xcd,0xb3,0xc5,0x71,0xc5,0x14,0xd6,0xd4,0xcd,0xb3,0xc5,0x73,0xb5,
    0x73,0xb5,0x93,0xbd,0x72,0xb5,0x52,0xad,0x31,0xad,0x11,0xa5,0xf1,0xa4,0x52,0xad,0x92,0xbd,0x93,0xbd,0xb4,0xbd,0xb3,0xbd,
    0xb3,0xbd,0x93,0xb5,0xb3,0xbd,0x2e,0x8c,0x11,0x9d,0x32,0xa5,0x72,0xad,0x53,0xad,0x53,0xad,0x52,0xad,0x12,0xa5,0xd1,0x9c,
    0xd1,0x8c,0x91,0x84,0x50,0x84,0x50,0x84,0x70,0x8c,0x70,0x8c,0x90,0x94,0xf1,0xa4,0xd1,0x9c,0x50,0x84,0x50,0x8c,0x70,0x8c,
    0x70,0x8c,0x50,0x84,0x2f,0x84,0x4f,0x7c,0x2f,0x7c,0x30,0x84,0x2f,0x7c,0x0f,0x74,0x10,0x74,0x10,0x7c,0x2f,0x84,0x70,0x8c,
    0x32,0xad,0xb4,0xc5,0x72,0xb5,0x12,0xa5,0xd1,0x9c,0xee,0x7b,0x0f,0x7c,0x70,0x8c,0x90,0x8c,0x50,0x7c,0x30,0x74,0xef,0x6b,
    0xef,0x73,0x30,0x7c,0x50,0x7c,0x90,0x8c,0xd1,0x9c,0x32,0xad,0xd4,0xc5,0xd3,0xcd,0xd3,0xc5,0xb3,0xc5,0x73,0xb5,0x11,0xad,
    0xd1,0x9c,0xb0,0x8c,0x70,0x8c,0x50,0x84,0x0f,0x74,0x10,0x74,0xef,0x73,0x0f,0x74,0x0f,0x74,0xce,0x6b,0x08,0x42,0xce,0x6b,
    0x2f,0x74,0xef,0x6b,0xef,0x6b,0x30,0x74,0x10,0x74,0x10,0x7c,0xef,0x7b,0xef,0x7b,0x70,0x8c,0xb0,0x9c,0xd1,0xa4,0x72,0xb5,
    0x12,0xad,0x70,0x8c,0x6f,0x84,0x2f,0x84,0x50,0x84,0xb1,0x94,0x8d,0x73,0x2a,0x6b,0x52,0xb5,0x11,0xad,0x53,0xbd,0x72,0xb5,
    0x31,0xb5,0x11,0xa5,0xf1,0xa4,0xd0,0xa4,0x11,0xad,0x11,0xad,0x52,0xb5,0x52,0xbd,0x52,0xb5,0x31,0xb5,0x31,0xad,0x31,0xb5,
    0x52,0xbd,0x31,0xb5,0x31,0xb5,0xf0,0xac,0xd0,0xa4,0xf1,0xa4,0xf0,0xa4,0xd1,0xa4,0xf1,0xa4,0x31,0xa5,0x31,0xb5,0x51,0xad,
    0x32,0xad,0xd0,0xa4,0x8f,0x94,0x0f,0x7c,0x75,0xe6,0x75,0xe6,0x75,0xde,0x54,0xde,0x75,0xe6,0x96,0xe6,0x76,0xe6,0x95,0xde,
    0x75,0xe6,0x95,0xe6,0x96,0xe6,0x95,0xe6,0x96,0xe6,0x95,0xe6,0x95,0xe6,0x95,0xe6,0x75,0xe6,0x55,0xde,0x34,0xd6,0x14,0xd6,
    0x13,0xd6,0x13,0xd6,0xf3,0xcd,0xd3,0xcd,0xd3,0xcd,0xd3,0xc5,0xb3,0xc5,0xb3,0xc5,0x93,0xb5,0xb3,0xc5,0xd0,0xa4,0xcd,0x8b,
    0x35,0xd6,0xf4,0xcd,0x93,0xbd,0x52,0xad,0x11,0xa5,0xf1,0xa4,0xd1,0x94,0xd1,0x9c,0xd1,0x9c,0xd1,0x94,0x90,0x8c,0xb0,0x94,
    0xd1,0x94,0xd0,0x9c,0xf1,0x9c,0xf1,0x9c,0x11,0xa5,0x12,0xa5,0x31,0xad,0x6f,0x94,0xb3,0xbd,0xd4,0xc5,0xb3,0xc5,0xb3,0xbd,
    0x73,0xb5,0x32,0xa5,0x11,0xa5,0x52,0xa5,0x52,0xad,0x32,0xa5,0x53,0xb5,0x53,0xad,0x11,0xa5,0x11,0xad,0x11,0xad,0x32,0xad,
    0x11,0xad,0xd1,0x9c,0xd0,0x9c,0x11,0xa5,0xb0,0x94,0x70,0x8c,0x4f,0x84,0x30,0x84,0x2f,0x7c,0x0f,0x7c,0x2f,0x7c,0x2f,0x74,
    0xef,0x73,0x70,0x8c,0xb1,0x94,0xd1,0x94,0xb0,0x94,0x32,0xad,0xf2,0xa4,0x90,0x94,0x91,0x8c,0x48,0x4a,0x6d,0x6b,0xef,0x7b,
    0x0f,0x74,0xef,0x73,0xef,0x6b,0xef,0x63,0xef,0x63,0xef,0x63,0xef,0x6b,0xef,0x73,0x50,0x7c,0x90,0x8c,0x11,0xa5,0x72,0xb5,
    0x73,0xbd,0x52,0xb5,0x32,0xad,0xd1,0x9c,0x70,0x8c,0x50,0x84,0x50,0x84,0x0f,0x74,0x0f,0x74,0x30,0x74,0x0f,0x74,0x10,0x6c,
    0xef,0x6b,0xae,0x63,0xe8,0x31,0x2d,0x5b,0xef,0x63,0xaf,0x5b,0xae,0x63,0xce,0x63,0xef,0x6b,0x30,0x74,0x50,0x7c,0x4f,0x84,
    0x70,0x8c,0x90,0x94,0x11,0xad,0xf1,0xa4,0xd0,0x9c,0x90,0x8c,0x70,0x8c,0x50,0x8c,0x2f,0x84,0x4f,0x84,0x0f,0x84,0x6f,0x8c,
    0x32,0xad,0x11,0xad,0xf1,0xa4,0x31,0xad,0x31,0xb5,0x72,0xbd,0xd3,0xc5,0x92,0xc5,0x72,0xbd,0xb3,0xc5,0xb2,0xcd,0xd3,0xcd,
    0x92,0xc5,0x71,0xbd,0x71,0xc5,0x92,0xc5,0x92,0xcd,0x71,0xc5,0x51,0xb5,0x31,0xb5,0x31,0xb5,0x10,0xad,0xf0,0xa4,0x10,0xa5,
    0x11,0xad,0x31,0xad,0x11,0xad,0x31,0xad,0xf1,0xa4,0xb0,0x9c,0xd0,0x9c,0xd0,0x94,0x75,0xe6,0x55,0xde,0x55,0xde,0x75,0xde,
    0x95,0xe6,0x95,0xe6,0x75,0xde,0x54,0xde,0x35,0xde,0x14,0xd6,0x34,0xd6,0x14,0xd6,0x55,0xde,0x54,0xde,0x55,0xde,0x75,0xde,
    0x75,0xde,0x54,0xde,0x13,0xce,0xf3,0xcd,0xb3,0xc5,0x92,0xbd,0x52,0xb5,0x52,0xad,0x52,0xb5,0x52,0xad,0x31,0xad,0x52,0xb5,
    0x52,0xb5,0x32,0xad,0x31,0xad,0x93,0xbd,0x92,0xbd,0x93,0xbd,0x52,0xad,0xf1,0xa4,0xb1,0x94,0x70,0x8c,0x4f,0x7c,0x2f,0x7c,
    0x70,0x84,0xce,0x6b,0x6d,0x6b,0x4f,0x84,0x4f,0x84,0x70,0x8c,0x70,0x8c,0x50,0x84,0x70,0x8c,0x90,0x94,0x70,0x8c,0x11,0x9d,
    0xb3,0xbd,0x14,0xce,0xd4,0xc5,0xb3,0xbd,0xb3,0xbd,0xb3,0xbd,0x73,0xb5,0x32,0xad,0x32,0xa5,0x11,0xad,0x32,0xad,0x92,0xb5,
    0xb3,0xbd,0xd4,0xc5,0xb4,0xc5,0x93,0xb5,0x73,0xb5,0x72,0xb5,0x32,0xad,0xd1,0xa4,0x11,0xa5,0x31,0xad,0xf1,0xa4,0xd1,0x9c,
    0xd0,0x9c,0xd1,0x94,0xd1,0x9c,0xb0,0x94,0x70,0x84,0xb0,0x94,0x4f,0x84,0x2f,0x84,0xb1,0x94,0xb1,0x94,0xb0,0x94,0x50,0x84,
    0x4f,0x84,0x30,0x84,0x2f,0x84,0x2f,0x7c,0x0f,0x74,0xef,0x6b,0xef,0x73,0xef,0x63,0xee,0x63,0xcf,0x63,0xef,0x63,0xef,0x63,
    0xef,0x6b,0x0f,0x74,0x30,0x7c,0x90,0x94,0x11,0xa5,0x52,0xad,0xf1,0xa4,0x90,0x8c,0x0f,0x7c,0x10,0x74,0xee,0x6b,0xcf,0x63,
    0xef,0x6b,0xef,0x63,0xef,0x6b,0xef,0x6b,0xef,0x6b,0xae,0x63,0xef,0x63,0xcf,0x63,0xaf,0x5b,0xaf,0x5b,0x8f,0x5b,0x8e,0x5b,
    0x8f,0x5b,0xaf,0x63,0x0f,0x74,0x70,0x8c,0x90,0x8c,0xb0,0x94,0x12,0xad,0xb0,0x94,0x50,0x84,0x70,0x8c,0x70,0x8c,0x30,0x84,
    0x0f,0x7c,0x0f,0x84,0x2f,0x7c,0x50,0x8c,0x90,0x94,0xd1,0x9c,0x6f,0x94,0x70,0x94,0xd0,0x9c,0x51,0xb5,0x72,0xbd,0x72,0xb5,
    0x72,0xbd,0xb3,0xcd,0xf3,0xcd,0xd2,0xcd,0xf3,0xd5,0xd3,0xcd,0xb2,0xcd,0xd2,0xcd,0xb2,0xcd,0x92,0xc5,0x92,0xc5,0x92,0xc5,
    0x72,0xc5,0x31,0xb5,0x52,0xbd,0x11,0xb5,0xcf,0xa4,0xd0,0xa4,0x90,0x9c,0x8f,0x9c,0x90,0x94,0x70,0x94,0x4f,0x8c,0x70,0x94,
    0x14,0xd6,0xf3,0xcd,0xf3,0xcd,0x14,0xd6,0x34,0xd6,0xf3,0xd5,0xb3,0xc5,0x93,0xc5,0x93,0xc5,0x72,0xbd,0x92,0xbd,0xb3,0xc5,
    0xd3,0xcd,0xd3,0xc5,0xd3,0xcd,0x13,0xd6,0x14,0xd6,0xd3,0xc5,0x73,0xbd,0x31,0xad,0x11,0xa5,0xd1,0x9c,0xd1,0x9c,0x90,0x94,
    0xb0,0x94,0xb0,0x94,0xb0,0x9c,0x11,0xad,0x52,0xad,0xd1,0xa4,0xb1,0x9c,0xf1,0xa4,0xf1,0xa4,0xf1,0x9c,0xd1,0x9c,0xb0,0x94,
    0x90,0x8c,0x30,0x84,0x0f,0x74,0x0f,0x74,0x30,0x74,0x4c,0x5b,0x2c,0x5b,0x50,0x74,0x30,0x74,0x30,0x7c,0x30,0x7c,0x50,0x74,
    0x30,0x7c,0x4f,0x7c,0x2f,0x7c,0x30,0x84,0xd1,0x9c,0x93,0xbd,0x93,0xbd,0x32,0xb5,0x52,0xb5,0x52,0xad,0x52,0xad,0x32,0xad,
    0x12,0xad,0x52,0xad,0x72,0xb5,0x93,0xbd,0xb3,0xc5,0xf4,0xc5,0xf4,0xcd,0xd3,0xc5,0xb3,0xc5,0xb3,0xc5,0x93,0xbd,0x73,0xbd,
    0xb3,0xc5,0xd3,0xc5,0xf3,0xcd,0xd3,0xcd,0x93,0xc5,0x93,0xc5,0x52,0xb5,0x32,0xad,0xf1,0xa4,0x11,0xa5,0xee,0x83,0x8c,0x7b,
    0xf1,0x9c,0x50,0x84,0x4f,0x84,0x50,0x8c,0x70,0x8c,0x50,0x84,0x0f,0x7c,0x30,0x74,0x0f,0x74,0xef,0x6b,0xef,0x6b,0xef,0x6b,
    0xcf,0x63,0xef,0x6b,0xcf,0x63,0xef,0x63,0xef,0x6b,0xef,0x73,0x2f,0x74,0x0f,0x7c,0x4f,0x84,0x70,0x94,0xb0,0x94,0x70,0x8c,
    0x10,0x74,0xef,0x6b,0xcf,0x63,0xaf,0x5b,0xce,0x63,0xce,0x5b,0xce,0x63,0xce,0x63,0xae,0x63,0xce,0x6b,0xcf,0x63,0xae,0x63,
    0xce,0x63,0xae,0x63,0xaf,0x63,0x8f,0x63,0x8e,0x5b,0xae,0x5b,0xcf,0x6b,0x0f,0x74,0x90,0x94,0x70,0x8c,0xb0,0x94,0x11,0xa5,
    0x70,0x8c,0x0f,0x7c,0x70,0x8c,0x50,0x8c,0x0f,0x7c,0x2f,0x84,0x0f,0x7c,0xee,0x73,0xee,0x7b,0x90,0x94,0x90,0x94,0x8f,0x9c,
    0x90,0x9c,0xf0,0xa4,0x31,0xb5,0x30,0xad,0xf1,0xac,0x51,0xb5,0xb2,0xc5,0xb2,0xd5,0xd3,0xcd,0xf3,0xd5,0xf2,0xd5,0xf3,0xd5,
    0xf3,0xd5,0xd2,0xcd,0xd3,0xcd,0xb2,0xc5,0x92,0xc5,0x71,0xbd,0x72,0xbd,0x51,0xbd,0x11,0xad,0xd0,0xa4,0xd0,0xa4,0xb0,0x9c,
    0x6f,0x94,0x6f,0x8c,0x2f,0x8c,0x2f,0x84,0xb3,0xc5,0x93,0xc5,0x92,0xbd,0x93,0xc5,0xb2,0xc5,0x52,0xb5,0x31,0xad,0x11,0xa5,
    0xf1,0xa4,0xd1,0x9c,0xf1,0xa4,0x52,0xb5,0x72,0xb5,0x72,0xb5,0x93,0xbd,0xb3,0xc5,0x92,0xbd,0x52,0xb5,0x32,0xad,0xf1,0xa4,
    0xd1,0xa4,0xd1,0x94,0x90,0x94,0x8f,0x8c,0x90,0x8c,0xb0,0x94,0xb1,0x94,0xd1,0x9c,0xd1,0x9c,0xb0,0x94,0xb1,0x8c,0x90,0x8c,
    0x70,0x8c,0x70,0x8c,0x70,0x8c,0x70,0x8c,0x50,0x8c,0x2f,0x7c,0x2f,0x74,0x10,0x6c,0x0f,0x74,0x10,0x6c,0x30,0x74,0x0f,0x6c,
    0x10,0x74,0x0f,0x74,0x10,0x74,0x10,0x74,0x0f,0x74,0x0f,0x74,0x0f,0x74,0x0f,0x74,0x30,0x7c,0x50,0x84,0xd0,0x9c,0x72,0xbd,
    0x52,0xb5,0x32,0xad,0x11,0xad,0x90,0x94,0x70,0x8c,0x90,0x94,0x11,0xa5,0x52,0xb5,0xb3,0xc5,0xf4,0xcd,0x14,0xd6,0x34,0xd6,
    0x34,0xd6,0xb3,0xc5,0x72,0xbd,0xb2,0xc5,0xd3,0xc5,0x13,0xce,0x14,0xce,0x35,0xd6,0x14,0xce,0x14,0xce,0xf4,0xcd,0xd3,0xc5,
    0x93,0xc5,0x72,0xb5,0x51,0xb5,0x32,0xad,0xd1,0xa4,0xb0,0x94,0xb0,0x94,0xb1,0x94,0x90,0x8c,0x2f,0x7c,0xef,0x6b,0xcf,0x6b,
    0xcf,0x6b,0xcf,0x6b,0xee,0x63,0xae,0x6b,0xce,0x6b,0xef,0x6b,0xef,0x6b,0x0f,0x6c,0xef,0x6b,0xcf,0x6b,0xef,0x6b,0x0f,0x74,
    0x0f,0x74,0x0f,0x7c,0x2f,0x84,0x50,0x84,0x0e,0x74,0xcf,0x63,0xcf,0x63,0xae,0x5b,0xcf,0x63,0xae,0x5b,0xae,0x5b,0xce,0x5b,
    0xae,0x63,0x8e,0x63,0xae,0x63,0xce,0x5b,0xaf,0x63,0xae,0x63,0xae,0x5b,0xaf,0x63,0xae,0x63,0x8f,0x5b,0x8e,0x63,0xef,0x6b,
    0x0e,0x74,0x70,0x84,0x50,0x8c,0xb0,0x94,0x90,0x8c,0xef,0x7b,0xee,0x7b,0x4f,0x84,0x2f,0x84,0x2f,0x84,0x0f,0x7c,0xce,0x73,
    0x0e,0x7c,0x0e,0x7c,0x4f,0x84,0x4f,0x8c,0x6f,0x94,0xf0,0xa4,0xf0,0xa4,0xd0,0xa4,0x10,0xa5,0x31,0xad,0x51,0xb5,0x31,0xb5,
    0x51,0xb5,0xb2,0xc5,0xf3,0xcd,0xd2,0xcd,0xf2,0xcd,0xd3,0xcd,0xd2,0xcd,0xd3,0xcd,0xf3,0xcd,0xb2,0xcd,0xb2,0xc5,0x92,0xc5,
    0x92,0xbd,0x72,0xbd,0x31,0xb5,0x10,0xa5,0xb0,0xa4,0x90,0x94,0x6f,0x94,0x4f,0x8c,0x52,0xb5,0x72,0xb5,0x73,0xbd,0x92,0xbd,
    0x32,0xb5,0x32,0xad,0xf1,0xa4,0xd1,0x94,0xd1,0x9c,0xd1,0x9c,0x90,0x94,0x90,0x94,0xb1,0x9c,0xd0,0x9c,0x12,0xad,0xf1,0xa4,
    0xf1,0xa4,0xd1,0x9c,0xd0,0x9c,0xb1,0x94,0xb0,0x94,0x90,0x8c,0x50,0x84,0x50,0x84,0x50,0x8c,0x70,0x8c,0x70,0x84,0x90,0x8c,
    0x90,0x94,0xb0,0x94,0x50,0x84,0x2f,0x84,0x30,0x74,0x2f,0x74,0x0f,0x7c,0x0f,0x6c,0x8a,0x52,0xce,0x6b,0x10,0x6c,0x0f,0x6c,
    0xef,0x6b,0xef,0x6b,0xef,0x6b,0x0f,0x6c,0x0f,0x6c,0xef,0x6b,0x30,0x74,0x0f,0x6c,0xef,0x6b,0x10,0x74,0x0f,0x74,0xef,0x6b,
    0x0f,0x6c,0xef,0x6b,0x0f,0x7c,0xf1,0x9c,0x72,0xb5,0xd1,0x9c,0xb0,0x9c,0x90,0x94,0x70,0x8c,0x70,0x8c,0xb0,0x94,0x11,0xa5,
    0x72,0xb5,0xd3,0xcd,0xd3,0xcd,0xd3,0xc5,0xf4,0xcd,0x15,0xd6,0x34,0xd6,0x14,0xce,0xd3,0xcd,0xd3,0xc5,0xf3,0xcd,0xf4,0xcd,
    0xd3,0xcd,0xd4,0xcd,0x14,0xce,0x34,0xd6,0x14,0xce,0xd4,0xcd,0xb3,0xbd,0x93,0xbd,0x72,0xb5,0x73,0xb5,0x52,0xad,0xd0,0x94,
    0x50,0x84,0x0f,0x7c,0x0f,0x74,0xef,0x73,0x2f,0x74,0x0f,0x74,0xcf,0x6b,0xef,0x6b,0xef,0x73,0x0f,0x74,0xef,0x73,0xef,0x6b,
    0xcf,0x63,0xee,0x63,0xcf,0x6b,0xef,0x6b,0xef,0x6b,0xef,0x73,0xef,0x73,0x2f,0x84,0x2f,0x74,0xcf,0x63,0xce,0x5b,0xae,0x5b,
    0xce,0x5b,0xae,0x5b,0x8e,0x5b,0xce,0x5b,0xce,0x63,0xae,0x63,0xae,0x5b,0xae,0x5b,0xae,0x63,0x8e,0x5b,0xae,0x63,0xae,0x63,
    0xae,0x63,0xaf,0x63,0xae,0x63,0xcf,0x6b,0xef,0x73,0xef,0x6b,0x0f,0x7c,0x2f,0x8c,0x90,0x94,0x70,0x8c,0x0f,0x7c,0xce,0x73,
    0xce,0x7b,0x2f,0x84,0x0f,0x7c,0xae,0x73,0x0e,0x7c,0x0f,0x84,0x0f,0x84,0x4f,0x84,0x4f,0x8c,0x90,0x94,0xd0,0x9c,0xb0,0x9c,
    0xcf,0xa4,0xd0,0xa4,0xb0,0x9c,0xb0,0x9c,0xd0,0xa4,0x31,0xb5,0x71,0xbd,0x51,0xbd,0x51,0xbd,0x51,0xbd,0x51,0xb5,0x51,0xbd,
    0x51,0xbd,0x92,0xc5,0xb2,0xcd,0xb2,0xc5,0xb2,0xcd,0xb2,0xc5,0x93,0xc5,0x72,0xb5,0x11,0xb5,0xf0,0xa4,0x70,0x94,0x4f,0x94,
    0xd1,0x9c,0xf1,0xa4,0x11,0xad,0xf1,0xa4,0xd0,0x9c,0x4f,0x84,0x2f,0x84,0x50,0x8c,0x30,0x84,0x70,0x8c,0xad,0x73,0x8d,0x6b,
    0x50,0x84,0x4f,0x84,0x90,0x94,0x70,0x94,0x90,0x8c,0x70,0x8c,0x70,0x8c,0x70,0x8c,0x50,0x84,0x2f,0x84,0x0f,0x7c,0x2f,0x84,
    0x0f,0x7c,0x2f,0x7c,0x2f,0x84,0x30,0x84,0x4f,0x84,0x2f,0x84,0x2f,0x84,0x30,0x74,0x0f,0x74,0x10,0x6c,0x0f,0x74,0xce,0x63,
    0xab,0x4a,0xee,0x63,0xef,0x6b,0xef,0x6b,0xef,0x73,0xef,0x6b,0x0f,0x6c,0xef,0x6b,0x0f,0x6c,0xef,0x6b,0xef,0x6b,0xef,0x73,
    0xef,0x6b,0xef,0x6b,0x10,0x6c,0x0f,0x74,0xef,0x6b,0xef,0x73,0x10,0x74,0x50,0x8c,0xb0,0x94,0x70,0x8c,0x50,0x84,0x70,0x84,
    0x50,0x84,0x50,0x8c,0x70,0x8c,0xb0,0x94,0xf1,0xa4,0x52,0xb5,0x93,0xbd,0x72,0xbd,0x72,0xbd,0x52,0xbd,0xd3,0xcd,0x34,0xd6,
    0x14,0xd6,0xb2,0xc5,0x93,0xc5,0xb3,0xc5,0xb3,0xc5,0x72,0xbd,0x93,0xc5,0xf4,0xcd,0x34,0xd6,0xd4,0xc5,0x93,0xbd,0xb4,0xbd,
    0xd4,0xc5,0xd4,0xc5,0xf5,0xc5,0x73,0xbd,0x32,0xa5,0xb0,0x94,0x70,0x8c,0x4f,0x7c,0x0f,0x7c,0xef,0x73,0x0f,0x74,0x4d,0x63,
    0x2c,0x63,0x2f,0x84,0xef,0x73,0xee,0x6b,0xcf,0x6b,0xcf,0x6b,0xcf,0x6b,0xae,0x6b,0xcf,0x6b,0xae,0x63,0xae,0x63,0xef,0x6b,
    0x0f,0x7c,0xef,0x6b,0xae,0x63,0xae,0x63,0xae,0x5b,0xae,0x5b,0x8e,0x63,0x8d,0x5b,0xae,0x63,0xae,0x63,0xaf,0x63,0xce,0x63,
    0xcf,0x6b,0xae,0x6b,0xae,0x6b,0xef,0x73,0xee,0x73,0xef,0x73,0xee,0x6b,0xef,0x73,0xee,0x73,0xe8,0x39,0x65,0x31,0x6d,0x6b,
    0xef,0x7b,0x50,0x84,0x4f,0x84,0xef,0x7b,0xce,0x73,0x0e,0x7c,0x2f,0x84,0xce,0x73,0xce,0x73,0x2f,0x84,0x6f,0x8c,0x70,0x94,
    0x6f,0x94,0xb0,0x9c,0xd0,0xa4,0xd0,0xa4,0xcf,0xa4,0x90,0x9c,0x6f,0x94,0x6f,0x94,0x4f,0x94,0x6f,0x94,0xb0,0xa4,0x11,0xa5,
    0xf0,0xac,0xf0,0xa4,0xaf,0xa4,0xb0,0x9c,0xb0,0x9c,0xb0,0x9c,0xf0,0xa4,0x10,0xad,0x31,0xb5,0x51,0xb5,0x52,0xbd,0x71,0xbd,
    0x72,0xbd,0x51,0xb5,0x11,0xad,0xd0,0xa4,0x90,0x8c,0x70,0x8c,0x6f,0x8c,0x90,0x94,0xb1,0x94,0x2c,0x5b,0x4c,0x6b,0x50,0x7c,
    0x0f,0x7c,0x10,0x84,0x30,0x84,0x30,0x7c,0x30,0x74,0x50,0x7c,0x30,0x7c,0x4f,0x84,0x4f,0x84,0x2f,0x7c,0x2f,0x7c,0x2f,0x7c,
    0x2f,0x7c,0x0f,0x74,0x0e,0x7c,0x0f,0x74,0x30,0x74,0x0f,0x74,0x0e,0x74,0x0f,0x74,0x10,0x74,0x0f,0x74,0x0f,0x74,0x0f,0x74,
    0x0f,0x74,0xef,0x6b,0xef,0x6b,0xef,0x6b,0x10,0x74,0x0f,0x6c,0xef,0x6b,0xef,0x6b,0xef,0x6b,0xef,0x63,0xef,0x6b,0xef,0x63,
    0xef,0x63,0xef,0x6b,0xef,0x6b,0xcf,0x6b,0xef,0x6b,0xef,0x6b,0xcf,0x6b,0xef,0x6b,0xef,0x6b,0xef,0x6b,0xef,0x73,0xef,0x7b,
    0xef,0x73,0x0f,0x74,0x0f,0x74,0x0f,0x7c,0x0e,0x74,0x0f,0x7c,0x0f,0x7c,0x30,0x84,0x2f,0x84,0x4f,0x84,0xd1,0x9c,0x51,0xad,
    0x51,0xb5,0x31,0xb5,0xf0,0xa4,0x32,0xb5,0xf3,0xcd,0xf3,0xcd,0xb2,0xc5,0xb2,0xc5,0x92,0xbd,0x11,0xad,0xb0,0x9c,0xb0,0x9c,
    0x31,0xad,0xd3,0xc5,0xd3,0xcd,0x93,0xbd,0x52,0xad,0xb3,0xbd,0x93,0xbd,0x93,0xbd,0x93,0xbd,0x32,0xad,0x32,0xa5,0x12,0xa5,
    0x12,0xa5,0x12,0x9d,0x32,0x9d,0xce,0x73,0x0a,0x63,0x90,0x94,0x70,0x8c,0x90,0x94,0x70,0x84,0x2f,0x84,0x0f,0x7c,0xee,0x6b,
    0xae,0x63,0xaf,0x5b,0xae,0x5b,0xae,0x63,0xae,0x63,0xce,0x63,0xce,0x63,0xae,0x63,0x8e,0x63,0xad,0x5b,0x8e,0x63,0x8e,0x63,
    0x8e,0x63,0x8e,0x5b,0x8e,0x5b,0xae,0x63,0x8e,0x63,0xef,0x6b,0x0f,0x74,0x2f,0x84,0x2f,0x84,0x2f,0x7c,0xce,0x73,0xce,0x73,
    0xef,0x6b,0x08,0x42,0x2b,0x53,0xef,0x73,0xae,0x6b,0xce,0x73,0x0f,0x7c,0xef,0x7b,0x0e,0x7c,0x2f,0x84,0x6f,0x94,0x4f,0x8c,
    0x2f,0x84,0x2f,0x8c,0x6f,0x94,0x4f,0x94,0x90,0x94,0xd0,0xa4,0xaf,0xa4,0xb0,0xa4,0xcf,0xa4,0x10,0xad,0xd0,0xa4,0xb0,0x94,
    0x4e,0x8c,0x0e,0x8c,0x2e,0x8c,0x8f,0x94,0xf0,0xa4,0xcf,0xa4,0xd0,0x9c,0x8f,0x9c,0x6f,0x94,0x70,0x94,0x90,0x9c,0xd0,0x9c,
    0xb0,0x9c,0x90,0x9c,0xb0,0x9c,0xaf,0x9c,0xd0,0xa4,0xf0,0xac,0xd0,0xa4,0xd0,0x9c,0x70,0x84,0x70,0x84,0x70,0x8c,0x0b,0x5b,
    0x6d,0x6b,0x71,0x7c,0x30,0x7c,0x2f,0x74,0x0f,0x74,0x30,0x74,0x0f,0x7c,0x0f,0x74,0x30,0x74,0x2f,0x7c,0x10,0x84,0x30,0x7c,
    0x0f,0x74,0x10,0x74,0x0f,0x6c,0x0e,0x74,0x0f,0x74,0x0e,0x74,0x0f,0x74,0xef,0x73,0xef,0x73,0x0f,0x6c,0xef,0x6b,0x0f,0x6c,
    0xef,0x73,0x0f,0x6c,0x0f,0x74,0xef,0x6b,0xf0,0x6b,0xef,0x73,0xef,0x6b,0xef,0x73,0xef,0x6b,0xf0,0x6b,0xef,0x6b,0xef,0x6b,
    0xcf,0x6b,0xcf,0x63,0xce,0x6b,0xef,0x63,0xef,0x6b,0xcf,0x63,0xcf,0x6b,0xef,0x6b,0xcf,0x6b,0xcf,0x6b,0xef,0x6b,0xce,0x6b,
    0xce,0x6b,0xcf,0x6b,0xce,0x6b,0xcf,0x6b,0xcf,0x6b,0xef,0x6b,0xef,0x6b,0xcf,0x6b,0xcf,0x6b,0xce,0x6b,0xef,0x73,0xcf,0x73,
    0xef,0x73,0xef,0x73,0x0f,0x7c,0x50,0x8c,0xd0,0x9c,0xd0,0x9c,0xb0,0x9c,0x90,0x94,0xf0,0xa4,0x71,0xbd,0xb3,0xcd,0x93,0xc5,
    0x72,0xbd,0x11,0xad,0x6f,0x8c,0xef,0x7b,0x6f,0x8c,0xd0,0x9c,0x32,0xad,0x52,0xb5,0x90,0x94,0x90,0x94,0xb0,0x9c,0xf1,0xa4,
    0x52,0xad,0xf1,0xa4,0xd1,0x94,0xf1,0x9c,0x52,0xad,0x73,0xb5,0x73,0xad,0x93,0xb5,0x53,0xad,0x52,0xad,0x12,0xa5,0xd0,0x9c,
    0x11,0xa5,0xd0,0x9c,0x90,0x94,0xb0,0x94,0x70,0x8c,0xee,0x73,0xae,0x6b,0xaf,0x63,0xae,0x5b,0xae,0x5b,0xae,0x63,0x8e,0x63,
    0x8e,0x63,0xae,0x63,0x8e,0x5b,0x8e,0x63,0x8e,0x5b,0x8e,0x5b,0x6e,0x63,0x8d,0x5b,0xad,0x5b,0x8d,0x5b,0x8e,0x63,0xce,0x6b,
    0x2f,0x74,0x4f,0x84,0x4f,0x84,0xef,0x7b,0xee,0x73,0x2f,0x7c,0x2f,0x84,0x0f,0x7c,0x0e,0x7c,0xcf,0x7b,0x0e,0x7c,0x0f,0x84,
    0x6f,0x94,0xf0,0xa4,0xf0,0xa4,0xf0,0xa4,0xd0,0xa4,0xaf,0x94,0x90,0x9c,0xb0,0x9c,0xcf,0xa4,0xf0,0xa4,0xd0,0xa4,0xaf,0x9c,
    0x8f,0x9c,0x8f,0x9c,0xaf,0x9c,0xb0,0xa4,0xaf,0x9c,0x6f,0x94,0x2e,0x8c,0x2e,0x8c,0x6f,0x94,0x6f,0x94,0x4f,0x94,0x6f,0x94,
    0x90,0x94,0x8f,0x9c,0xb0,0x9c,0x6f,0x94,0x4e,0x8c,0x2e,0x8c,0x4f,0x8c,0x2f,0x8c,0x2e,0x8c,0xef,0x7b,0x0f,0x84,0x0f,0x84,
    0x50,0x84,0x6c,0x63,0x4c,0x6b,0x4c,0x5b,0x6d,0x63,0x4f,0x74,0x0f,0x74,0x10,0x74,0x2f,0x74,0x10,0x74,0x0f,0x74,0x0f,0x7c,
    0x0f,0x74,0x10,0x74,0x0f,0x74,0x0f,0x74,0xef,0x6b,0x0f,0x6c,0x0f,0x74,0x10,0x74,0x0f,0x74,0xee,0x73,0xef,0x6b,0x0f,0x6c,
    0xf0,0x73,0x0f,0x6c,0xef,0x73,0xef,0x6b,0xf0,0x6b,0xef,0x73,0xef,0x6b,0xef,0x6b,0xef,0x6b,0x0f,0x74,0xf0,0x6b,0x0f,0x6c,
    0xef,0x6b,0xef,0x6b,0xef,0x6b,0xcf,0x6b,0xef,0x6b,0xef,0x6b,0xef,0x6b,0xef,0x6b,0xee,0x63,0xef,0x6b,0xee,0x63,0xcf,0x6b,
    0xce,0x6b,0xcf,0x6b,0xcf,0x63,0xef,0x6b,0xcf,0x6b,0xae,0x63,0xcf,0x63,0xce,0x63,0xcf,0x6b,0xce,0x63,0xce,0x6b,0xae,0x6b,
    0xae,0x6b,0xcf,0x63,0xae,0x6b,0xce,0x6b,0xae,0x6b,0xef,0x6b,0xcf,0x73,0xef,0x73,0x0f,0x7c,0x0f,0x84,0xef,0x7b,0x0f,0x7c,
    0xee,0x7b,0x4f,0x94,0x11,0xa5,0xf0,0xa4,0xf0,0xa4,0xb0,0x9c,0x30,0x8c,0xee,0x7b,0xee,0x7b,0x0f,0x7c,0x4f,0x8c,0xd0,0x9c,
    0x50,0x8c,0x0f,0x7c,0x0f,0x7c,0x0e,0x7c,0x50,0x84,0x2f,0x84,0x2f,0x84,0x2f,0x74,0x50,0x84,0x90,0x8c,0x90,0x8c,0xf1,0x9c,
    0x53,0xad,0x73,0xb5,0x93,0xad,0x52,0xad,0x53,0xad,0x11,0xa5,0xd1,0x9c,0xd0,0x9c,0xf1,0xa4,0xf2,0xa4,0x4f,0x84,0xcf,0x73,
    0xce,0x73,0xae,0x6b,0xce,0x63,0xae,0x63,0xae,0x63,0xae,0x63,0xae,0x63,0xae,0x63,0xae,0x63,0x8e,0x5b,0x8d,0x5b,0x8e,0x5b,
    0x8e,0x63,0x6d,0x5b,0x6d,0x63,0x8e,0x63,0xae,0x6b,0xce,0x7b,0x2f,0x84,0x4f,0x84,0x2f,0x84,0x0f,0x84,0x2f,0x7c,0x2f,0x84,
    0x0f,0x84,0x0e,0x7c,0x0f,0x84,0x6f,0x8c,0x10,0xad,0x31,0xb5,0xf0,0xac,0xaf,0x9c,0x90,0xa4,0x8f,0x9c,0xb0,0x9c,0xf1,0xac,
    0x10,0xb5,0x30,0xad,0x11,0xad,0xf0,0xac,0x8f,0x9c,0x8f,0x9c,0x8f,0x9c,0xaf,0xa4,0x10,0xad,0xf0,0xa4,0x8f,0x9c,0x8f,0x9c,
    0x2f,0x8c,0x2e,0x8c,0x2e,0x84,0x2f,0x8c,0x6f,0x9c,0x8f,0x94,0xad,0x7b,0xcd,0x83,0x2f,0x8c,0x0e,0x8c,0xee,0x83,0xee,0x7b,
    0xad,0x73,0xad,0x6b,0xae,0x6b,0x8e,0x6b,0x4f,0x84,0x6c,0x5b,0xaa,0x52,0x70,0x84,0x0f,0x7c,0x0f,0x7c,0x0f,0x74,0x30,0x7c,
    0xef,0x7b,0x0f,0x7c,0x0e,0x74,0x0f,0x74,0x0f,0x74,0x0f,0x74,0x10,0x74,0x10,0x6c,0x0f,0x74,0x0f,0x74,0x10,0x6c,0x0f,0x74,
    0xef,0x6b,0xee,0x6b,0x0f,0x74,0xef,0x6b,0xef,0x73,0xef,0x73,0xef,0x6b,0xef,0x73,0xef,0x73,0x0f,0x6c,0xef,0x73,0xef,0x73,
    0xef,0x6b,0xee,0x6b,0xef,0x6b,0xef,0x6b,0xef,0x6b,0xef,0x6b,0xef,0x6b,0xef,0x6b,0xcf,0x6b,0xcf,0x6b,0xcf,0x6b,0xcf,0x6b,
    0xce,0x63,0xef,0x6b,0xee,0x63,0xce,0x63,0xcf,0x6b,0xce,0x63,0xce,0x6b,0xce,0x6b,0xce,0x63,0xce,0x63,0xce,0x63,0xcf,0x6b,
    0xce,0x6b,0xaf,0x63,0xae,0x6b,0xaf,0x63,0xae,0x6b,0xae,0x63,0xaf,0x6b,0xae,0x63,0xae,0x6b,0xae,0x63,0xae,0x6b,0xae,0x63,
    0xae,0x6b,0xaf,0x6b,0xae,0x6b,0xae,0x6b,0xae,0x6b,0xce,0x73,0xee,0x7b,0xef,0x7b,0x2f,0x84,0x2f,0x84,0xce,0x73,0xae,0x73,
    0xae,0x73,0xce,0x73,0xef,0x7b,0x0f,0x7c,0xce,0x7b,0xad,0x6b,0xae,0x6b,0xae,0x6b,0xae,0x73,0xae,0x73,0xad,0x6b,0x8e,0x63,
    0xae,0x63,0xce,0x6b,0xce,0x73,0xce,0x6b,0x0e,0x74,0x4f,0x84,0x90,0x94,0xd1,0x94,0xf1,0x9c,0x11,0x9d,0x11,0xa5,0xd1,0x9c,
    0x12,0xa5,0x73,0xb5,0x52,0xad,0xd1,0x9c,0xb0,0x94,0x90,0x8c,0x30,0x74,0xae,0x6b,0xae,0x63,0x8e,0x63,0x8e,0x63,0x8e,0x5b,
    0x8d,0x63,0x8e,0x63,0x8d,0x5b,0x8d,0x63,0x8e,0x63,0x8e,0x63,0xae,0x63,0xae,0x6b,0x8e,0x6b,0x8e,0x6b,0xce,0x73,0x0f,0x84,
    0x4f,0x84,0x2f,0x84,0x0e,0x7c,0x2e,0x84,0x2f,0x84,0x2e,0x7c,0x0e,0x84,0x4f,0x84,0x6f,0x94,0xcf,0x9c,0xf0,0xa4,0x8f,0x94,
    0x6e,0x94,0x90,0x9c,0xb0,0xa4,0xf0,0xa4,0x31,0xad,0x10,0xb5,0xf0,0xac,0x10,0xb5,0xf0,0xa4,0xaf,0xa4,0xd0,0xa4,0xd0,0xac,
    0x10,0xad,0xf0,0xa4,0xaf,0xa4,0x90,0x9c,0xaf,0x9c,0x90,0x9c,0x6f,0x94,0x4e,0x8c,0x2e,0x8c,0x70,0x94,0x0a,0x63,0xcd,0x83,
    0xb0,0x9c,0x4e,0x8c,0x0e,0x84,0xed,0x7b,0xce,0x73,0x8d,0x73,0x8e,0x6b,0x8d,0x73,0x2f,0x7c,0x2f,0x7c,0x0f,0x74,0xee,0x7b,
    0x0f,0x84,0x0e,0x7c,0x0f,0x7c,0x0f,0x7c,0x0f,0x74,0xef,0x7b,0x0f,0x7c,0x0f,0x74,0xef,0x6b,0x10,0x74,0x2c,0x5b,0xae,0x6b,
    0x0f,0x74,0xef,0x6b,0x0f,0x6c,0xef,0x73,0xee,0x73,0xef,0x73,0xef,0x73,0xee,0x73,0xef,0x73,0x0f,0x74,0xef,0x6b,0xee,0x73,
    0xef,0x6b,0xef,0x6b,0xef,0x6b,0xef,0x6b,0xef,0x73,0xce,0x6b,0xce,0x6b,0xcf,0x73,0xce,0x6b,0xce,0x6b,0xee,0x6b,0xcf,0x6b,
    0xef,0x6b,0xce,0x6b,0xef,0x6b,0xce,0x6b,0xce,0x63,0xae,0x6b,0xce,0x63,0xee,0x6b,0xcf,0x63,0xcf,0x6b,0xcf,0x63,0xcf,0x6b,
    0xcf,0x6b,0xce,0x63,0xae,0x63,0xae,0x63,0xce,0x6b,0xae,0x63,0xae,0x6b,0xae,0x63,0xae,0x6b,0xae,0x63,0xae,0x63,0xae,0x6b,
    0xae,0x63,0x8e,0x63,0x8e,0x63,0xae,0x63,0xae,0x63,0x8e,0x63,0xae,0x63,0x8e,0x63,0xae,0x6b,0x8e,0x63,0x8e,0x6b,0xae,0x63,
    0x8e,0x6b,0xae,0x6b,0x8e,0x6b,0xae,0x63,0x8e,0x6b,0x8d,0x63,0x8e,0x6b,0x8d,0x63,0x8d,0x63,0x6d,0x63,0x6e,0x63,0x8d,0x63,
    0x8d,0x63,0x8d,0x63,0x8d,0x63,0x8e,0x5b,0x8e,0x5b,0x8e,0x63,0xae,0x6b,0x8e,0x63,0x8e,0x63,0x8d,0x63,0x8d,0x63,0xce,0x6b,
    0xcf,0x73,0x0f,0x7c,0x0f,0x74,0x0f,0x7c,0x90,0x8c,0xd1,0x94,0xf1,0x9c,0x32,0xad,0x11,0xa5,0x12,0x9d,0x12,0x9d,0xb1,0x8c,
    0x91,0x84,0x4f,0x7c,0x0f,0x74,0xee,0x6b,0xae,0x63,0x8e,0x63,0x8d,0x63,0x8d,0x63,0xad,0x6b,0xcd,0x63,0xae,0x6b,0xad,0x63,
    0xae,0x63,0xae,0x63,0xae,0x73,0xce,0x7b,0x2f,0x84,0x4e,0x84,0x2f,0x84,0x0e,0x7c,0x2e,0x84,0x2e,0x84,0x0f,0x84,0x0e,0x84,
    0x0e,0x84,0x2e,0x8c,0x6f,0x94,0x8f,0x9c,0x8f,0x94,0x8f,0x9c,0xaf,0x9c,0xd0,0xa4,0xd0,0xa4,0x10,0xad,0xf0,0xa4,0x10,0xb5,
    0xf0,0xac,0xf0,0xac,0x10,0xb5,0xef,0xac,0xf0,0xac,0xf0,0xac,0xb0,0xa4,0xaf,0xa4,0xd0,0xac,0xaf,0x9c,0xb0,0x9c,0x6f,0x9c,
    0x6f,0x94,0x2e,0x8c,0x2e,0x8c,0x4f,0x8c,0x4f,0x8c,0x4f,0x94,0x0f,0x84,0x0e,0x84,0x0e,0x7c,0xad,0x73,0x8d,0x73,0xad,0x73,
    0x0f,0x7c,0x0f,0x7c,0x0f,0x84,0xef,0x7b,0x0f,0x7c,0xef,0x7b,0xef,0x7b,0x0f,0x84,0xef,0x7b,0x0f,0x74,0x10,0x74,0x0f,0x74,
    0xef,0x73,0xef,0x73,0x6d,0x63,0x8d,0x6b,0x0e,0x74,0xef,0x73,0xee,0x73,0xef,0x7b,0xef,0x73,0xee,0x73,0xee,0x73,0xee,0x73,
    0xee,0x6b,0xee,0x6b,0xce,0x73,0xee,0x73,0xee,0x73,0xef,0x73,0xef,0x6b,0xef,0x6b,0xef,0x6b,0xcf,0x73,0xee,0x6b,0xef,0x63,
    0xee,0x6b,0xef,0x6b,0xce,0x6b,0xef,0x6b,0xce,0x6b,0xcf,0x63,0xcf,0x6b,0xce,0x6b,0xce,0x6b,0xad,0x6b,0xce,0x6b,0xce,0x63,
    0xce,0x63,0xce,0x6b,0xae,0x63,0x6d,0x63,0xae,0x63,0xae,0x6b,0xae,0x63,0xce,0x6b,0xcf,0x6b,0xae,0x63,0xae,0x63,0xae,0x63,
    0xaf,0x6b,0x8e,0x63,0x8e,0x63,0xae,0x6b,0x8e,0x63,0xae,0x6b,0x8e,0x63,0x8e,0x63,0x8e,0x6b,0x8e,0x63,0x8e,0x6b,0x8e,0x63,
    0x8e,0x63,0x8e,0x63,0x8e,0x6b,0x8d,0x63,0x8e,0x63,0x6d,0x63,0x8e,0x63,0x8d,0x63,0x8e,0x63,0x6e,0x63,0x8d,0x5b,0x6e,0x63,
    0x6d,0x63,0x8e,0x63,0x6d,0x63,0x6e,0x63,0x6d,0x63,0x6d,0x5b,0x6e,0x5b,0x6d,0x63,0x8d,0x63,0x6d,0x5b,0x8e,0x5b,0xae,0x63,
    0x8a,0x4a,0xcb,0x52,0x8e,0x63,0x8e,0x5b,0x8d,0x63,0x8e,0x63,0x8e,0x63,0x8d,0x5b,0x8e,0x63,0xae,0x6b,0xce,0x73,0x30,0x7c,
    0x30,0x84,0x4f,0x84,0x50,0x7c,0x6f,0x84,0xb1,0x8c,0xf2,0x94,0xd2,0x94,0xd1,0x8c,0x90,0x84,0x50,0x7c,0x4f,0x7c,0x50,0x8c,
    0x2f,0x7c,0xce,0x73,0xce,0x6b,0x8d,0x6b,0xad,0x6b,0xad,0x6b,0xee,0x73,0xee,0x7b,0xee,0x73,0xee,0x7b,0xee,0x7b,0x2e,0x84,
    0x2f,0x84,0x2f,0x8c,0x4f,0x8c,0x0e,0x8c,0x0e,0x8c,0x2e,0x8c,0x4f,0x8c,0xaf,0x9c,0xd0,0xa4,0xb0,0x9c,0xaf,0xa4,0xaf,0x9c,
    0x8f,0x9c,0xaf,0xa4,0xd0,0xa4,0xf0,0xac,0x30,0xb5,0xef,0xb4,0x10,0xb5,0xcf,0xac,0x10,0xad,0x10,0xb5,0xd0,0xa4,0xf0,0xac,
    0xf0,0xb4,0xd0,0xa4,0xaf,0x9c,0x6f,0x9c,0x6f,0x94,0x2f,0x8c,0xce,0x73,0xcd,0x73,0xce,0x7b,0x0f,0x84,0x4f,0x84,0x0f,0x84,
    0x0e,0x84,0x0e,0x7c,0xae,0x73,0x6d,0x6b,0x2f,0x74,0x0f,0x7c,0x0f,0x7c,0x0e,0x7c,0x0e,0x7c,0xef,0x7b,0x0e,0x7c,0x0e,0x7c,
    0xee,0x7b,0xef,0x73,0x0f,0x74,0x0f,0x6c,0x0e,0x74,0x0f,0x74,0x0f,0x74,0x0e,0x7c,0xef,0x73,0xee,0x73,0xee,0x7b,0xce,0x73,
    0xef,0x7b,0xce,0x73,0xed,0x73,0xee,0x6b,0xce,0x73,0xee,0x73,0xce,0x73,0xce,0x73,0xce,0x73,0xee,0x73,0xce,0x6b,0xce,0x73,
    0xce,0x6b,0xc7,0x39,0x89,0x52,0xef,0x73,0xcf,0x63,0xcf,0x6b,0xcf,0x6b,0xce,0x6b,0xce,0x6b,0xce,0x6b,0xcf,0x63,0xad,0x6b,
    0xce,0x63,0xae,0x6b,0xce,0x63,0xae,0x6b,0xae,0x63,0xce,0x6b,0x6d,0x5b,0x49,0x42,0x6d,0x63,0xcf,0x63,0xae,0x63,0xae,0x63,
    0xae,0x63,0xae,0x6b,0xaf,0x63,0x8e,0x6b,0xae,0x63,0xae,0x63,0x8e,0x63,0x8e,0x63,0x8e,0x63,0x8e,0x63,0x8e,0x6b,0x8d,0x63,
    0x8e,0x63,0x8d,0x63,0x8e,0x63,0x8e,0x63,0x8d,0x63,0x6d,0x63,0x8e,0x63,0x6d,0x63,0x6e,0x63,0x8d,0x63,0x6e,0x63,0x6d,0x63,
    0x6d,0x63,0x6e,0x63,0x6d,0x63,0x6d,0x63,0x6e,0x63,0x6d,0x63,0x6d,0x63,0x6d,0x63,0x6d,0x5b,0x6e,0x63,0x6d,0x63,0x6d,0x63,
    0x6e,0x5b,0x6d,0x63,0x6d,0x63,0x6d,0x5b,0x4d,0x5b,0x4d,0x5b,0x8d,0x63,0x6d,0x5b,0x6d,0x63,0x8d,0x5b,0x6d,0x5b,0x8e,0x63,
    0x6d,0x63,0x8e,0x5b,0x8e,0x63,0x8d,0x63,0x8e,0x5b,0x8e,0x5b,0x8d,0x5b,0x8e,0x6b,0xae,0x63,0x0f,0x74,0x4f,0x7c,0x70,0x84,
    0x70,0x84,0xb1,0x8c,0xd1,0x8c,0xf1,0x9c,0xf1,0x9c,0xd1,0x94,0x70,0x8c,0x2e,0x84,0x0e,0x84,0x0e,0x7c,0xee,0x7b,0xed,0x7b,
    0xef,0x7b,0x2f,0x84,0xee,0x7b,0x0e,0x84,0x2e,0x8c,0x2f,0x84,0x2e,0x8c,0x2f,0x8c,0x2e,0x8c,0x2f,0x8c,0x2e,0x8c,0x6f,0x94,
    0xcf,0xa4,0xaf,0xa4,0x8f,0x94,0x8f,0x9c,0x90,0x9c,0x8f,0x9c,0xaf,0x9c,0xf0,0xa4,0xf0,0xac,0xf0,0xac,0x10,0xad,0x10,0xb5,
    0x10,0xb5,0x30,0xb5,0x10,0xad,0xf0,0xac,0xf0,0xac,0xaf,0x9c,0x6f,0x94,0x2f,0x8c,0x4e,0x8c,0x2f,0x8c,0xce,0x7b,0xad,0x73,
    0x8d,0x6b,0x8d,0x6b,0xad,0x73,0xae,0x73,0xad,0x6b,0xae,0x73,0xae,0x73,0x8e,0x6b,0x0f,0x7c,0x0f,0x7c,0x0e,0x84,0xef,0x7b,
    0xee,0x7b,0xee,0x7b,0xef,0x7b,0xef,0x73,0xee,0x7b,0xee,0x73,0xee,0x73,0x0f,0x74,0xee,0x7b,0xef,0x73,0x0f,0x6c,0xef,0x73,
    0xee,0x7b,0xee,0x7b,0xef,0x73,0xee,0x73,0xcf,0x7b,0xee,0x73,0xce,0x6b,0xce,0x73,0xce,0x73,0xce,0x73,0xce,0x73,0xce,0x73,
    0xce,0x73,0xce,0x6b,0xce,0x6b,0xcf,0x73,0x6d,0x63,0x08,0x42,0xcb,0x52,0xef,0x73,0xce,0x6b,0xce,0x6b,0xcf,0x6b,0xce,0x63,
    0xce,0x6b,0xce,0x6b,0xce,0x6b,0xae,0x63,0xce,0x6b,0xcf,0x6b,0xce,0x63,0xae,0x6b,0xae,0x63,0xcf,0x6b,0xcf,0x6b,0xce,0x63,
    0xad,0x6b,0xae,0x63,0xad,0x6b,0xae,0x6b,0xae,0x63,0xae,0x63,0xae,0x63,0xae,0x63,0x8d,0x63,0x8e,0x6b,0xae,0x63,0x8e,0x63,
    0x8d,0x63,0x8e,0x63,0x8e,0x63,0x8e,0x63,0x6d,0x63,0x8e,0x63,0x6d,0x63,0x6d,0x63,0x8e,0x63,0x6d,0x63,0x6e,0x63,0x6d,0x63,
    0x6d,0x5b,0x6d,0x63,0x6d,0x5b,0x6d,0x63,0x6d,0x5b,0x6d,0x63,0x6d,0x5b,0x6d,0x63,0x4d,0x63,0x6d,0x5b,0x4d,0x5b,0x6d,0x63,
    0x4d,0x63,0x6d,0x5b,0x6d,0x63,0x6d,0x5b,0x4d,0x63,0x6d,0x5b,0x6e,0x63,0x6d,0x63,0x6d,0x63,0x6d,0x5b,0x6d,0x63,0x8e,0x5b,
    0x6d,0x63,0x6e,0x5b,0x6d,0x5b,0x8d,0x63,0x6e,0x5b,0xad,0x5b,0x8e,0x5b,0x8d,0x63,0x6d,0x5b,0x6d,0x5b,0x6e,0x63,0x8d,0x5b,
    0x6d,0x63,0x6d,0x5b,0x6d,0x5b,0x6e,0x5b,0x8e,0x63,0xae,0x6b,0xee,0x73,0x0f,0x7c,0x70,0x84,0xd1,0x9c,0x11,0x9d,0xf1,0xa4,
    0xd1,0x9c,0xd0,0xa4,0xd0,0x9c,0xb0,0x94,0x0f,0x84,0x0b,0x63,0x4f,0x84,0x2f,0x84,0x0e,0x8c,0x2e,0x8c,0x4f,0x8c,0x2e,0x8c,
    0x4e,0x8c,0x4f,0x94,0x2e,0x8c,0x4e,0x94,0x4f,0x94,0x0e,0x8c,0x2e,0x8c,0x6f,0x94,0x6f,0x94,0x6f,0x94,0x6f,0x94,0x6f,0x9c,
    0xb0,0x9c,0xaf,0xa4,0xd0,0xa4,0xf0,0xac,0xcf,0xa4,0x8f,0x9c,0x2e,0x8c,0x2e,0x84,0x0e,0x84,0x2f,0x8c,0xee,0x83,0xee,0x7b,
    0xee,0x7b,0xee,0x7b,0xee,0x73,0xad,0x6b,0x6d,0x63,0x6d,0x63,0x6d,0x63,0x6d,0x5b,0x4d,0x63,0x6d,0x6b,0x8d,0x63,0x6d,0x5b,
    0x0f,0x84,0x0f,0x7c,0x0e,0x7c,0x0f,0x7c,0xee,0x7b,0x0f,0x7c,0xee,0x73,0xee,0x7b,0xee,0x7b,0x0f,0x7c,0xee,0x7b,0xee,0x73,
    0xef,0x73,0xef,0x7b,0xef,0x6b,0xee,0x73,0x0e,0x7c,0xce,0x73,0xee,0x73,0xce,0x73,0xee,0x73,0xce,0x7b,0xee,0x6b,0xce,0x73,
    0xce,0x7b,0xce,0x73,0xcd,0x73,0xce,0x73,0xce,0x7b,0xee,0x7b,0xce,0x73,0xae,0x6b,0xce,0x6b,0x0f,0x7c,0xcf,0x73,0xce,0x6b,
    0xcf,0x6b,0xce,0x6b,0xad,0x6b,0xce,0x6b,0xce,0x6b,0xaf,0x6b,0xce,0x6b,0xce,0x63,0xae,0x6b,0xae,0x63,0xae,0x6b,0xce,0x63,
    0xce,0x6b,0xae,0x6b,0xae,0x63,0xae,0x63,0xad,0x63,0xad,0x6b,0xae,0x63,0x8d,0x63,0xae,0x63,0x8e,0x6b,0x8e,0x63,0x8e,0x63,
    0xad,0x63,0x8e,0x63,0x8e,0x63,0x8d,0x63,0x8e,0x63,0x8e,0x63,0x8d,0x63,0x8e,0x63,0x6d,0x63,0x6e,0x6b,0x6d,0x6b,0x6d,0x6b,
    0x6d,0x63,0x6e,0x63,0x6d,0x63,0x6d,0x63,0x6d,0x63,0x4d,0x5b,0x4d,0x63,0x4d,0x5b,0x6d,0x63,0x4d,0x5b,0x4d,0x63,0x4d,0x5b,
    0x6d,0x63,0x4d,0x63,0x4c,0x5b,0x4c,0x63,0x6d,0x5b,0x6e,0x63,0x6d,0x63,0x6d,0x63,0x6d,0x63,0x6d,0x63,0x8d,0x63,0x6d,0x5b,
    0x6e,0x63,0x6d,0x5b,0x6d,0x63,0x6d,0x5b,0x6d,0x63,0x6d,0x5b,0x6e,0x63,0x6d,0x5b,0x8d,0x63,0x6d,0x5b,0x6d,0x63,0x6d,0x5b,
    0x6e,0x63,0x8d,0x63,0x6d,0x5b,0x6d,0x63,0x6d,0x5b,0x6d,0x5b,0x6d,0x63,0x6d,0x63,0x6d,0x5b,0x6d,0x63,0x4c,0x5b,0x4d,0x5b,
    0x6d,0x5b,0x8d,0x63,0xee,0x73,0x2f,0x7c,0x6f,0x94,0xb0,0x9c,0xd1,0x9c,0x11,0xa5,0x6f,0x8c,0xea,0x62,0xd0,0x9c,0xb0,0x94,
    0x4f,0x84,0x2f,0x84,0xee,0x7b,0xee,0x7b,0x0d,0x84,0x0e,0x84,0x0e,0x84,0xee,0x83,0xed,0x83,0xee,0x83,0x0e,0x7c,0x2e,0x84,
    0x0e,0x84,0x4e,0x8c,0x6e,0x94,0x2e,0x8c,0x0e,0x84,0x0e,0x84,0x2d,0x84,0xed,0x83,0xee,0x7b,0xed,0x7b,0x8d,0x73,0x8d,0x6b,
    0x6c,0x6b,0x8d,0x6b,0xad,0x6b,0x8d,0x6b,0x8d,0x6b,0x8d,0x6b,0x8d,0x63,0x8d,0x63,0x6d,0x63,0x6d,0x5b,0x4d,0x5b,0x4d,0x5b,
    0x4d,0x5b,0x4d,0x5b,0x4d,0x5b,0x4c,0x53,0x0f,0x7c,0x0e,0x7c,0x0f,0x7c,0xee,0x7b,0xee,0x7b,0xef,0x7b,0xee,0x73,0xee,0x73,
    0xee,0x7b,0xee,0x7b,0xee,0x73,0xef,0x7b,0xee,0x6b,0xee,0x73,0xee,0x73,0xee,0x6b,0xce,0x7b,0xee,0x7b,0xce,0x7b,0xce,0x73,
    0xce,0x7b,0xce,0x73,0xcf,0x73,0xce,0x73,0xcd,0x7b,0xce,0x6b,0xad,0x6b,0xae,0x73,0x8d,0x6b,0x29,0x42,0x2c,0x63,0xce,0x73,
    0xae,0x6b,0xae,0x6b,0xae,0x6b,0xae,0x6b,0xae,0x6b,0xce,0x6b,0xae,0x6b,0xae,0x6b,0xae,0x6b,0xae,0x6b,0xae,0x6b,0xad,0x6b,
    0xad,0x6b,0xad,0x6b,0xcd,0x6b,0xae,0x63,0xae,0x6b,0xcf,0x63,0xae,0x6b,0xae,0x63,0xad,0x6b,0x8d,0x63,0x8d,0x63,0x8d,0x63,
    0xad,0x63,0x8e,0x63,0x8d,0x63,0xae,0x63,0x8d,0x63,0x8d,0x63,0x8e,0x63,0x8e,0x63,0x8e,0x63,0x6d,0x63,0x6e,0x6b,0x6d,0x6b,
    0x6d,0x6b,0x6d,0x6b,0x6d,0x63,0x6d,0x63,0x4d,0x5b,0x6d,0x63,0x4d,0x5b,0x6d,0x63,0x6d,0x5b,0x4d,0x63,0x6d,0x5b,0x4d,0x63,
    0x4d,0x5b,0x4d,0x63,0x4d,0x5b,0x4d,0x63,0x4d,0x5b,0x4d,0x5b,0x4c,0x63,0x2d,0x5b,0x4c,0x63,0x6d,0x63,0x4d,0x5b,0x4d,0x63,
    0x6d,0x63,0x6d,0x5b,0x6d,0x63,0x6d,0x63,0x6d,0x63,0x6d,0x63,0x6d,0x5b,0x6d,0x63,0x6d,0x63,0x6d,0x63,0x6d,0x5b,0x8e,0x63,
    0x6d,0x5b,0x6e,0x5b,0x8d,0x63,0x8e,0x5b,0x8d,0x5b,0x6d,0x5b,0x6e,0x63,0x6d,0x5b,0x6e,0x5b,0x6d,0x5b,0x6d,0x63,0x6d,0x5b,
    0x6d,0x63,0x8d,0x63,0x8e,0x63,0x8d,0x63,0x8e,0x5b,0x6d,0x63,0x6d,0x5b,0x4d,0x63,0x6e,0x6b,0xad,0x6b,0xad,0x73,0xee,0x7b,
    0x2f,0x84,0x90,0x8c,0x70,0x8c,0x4f,0x84,0x0f,0x7c,0x2f,0x84,0x2f,0x84,0x4f,0x84,0x70,0x8c,0x2f,0x84,0xee,0x73,0xee,0x73,
    0xcd,0x73,0xad,0x6b,0x8d,0x6b,0x8d,0x73,0xad,0x73,0x2e,0x8c,0x6e,0x94,0x0e,0x84,0xcd,0x7b,0xcd,0x73,0x8e,0x73,0x6c,0x6b,
    0x6c,0x63,0x6d,0x6b,0x4d,0x63,0x4c,0x63,0x2d,0x53,0x4c,0x5b,0x2c,0x5b,0x4c,0x5b,0x4d,0x5b,0x2c,0x5b,0x4d,0x5b,0x2c,0x5b,
    0x2c,0x53,0x4d,0x5b,0x2c,0x53,0x2c,0x53,0x2c,0x53,0x2d,0x53,0x2c,0x53,0x2d,0x53,0x0f,0x7c,0x0e,0x7c,0xef,0x7b,0x0f,0x7c,
    0xee,0x7b,0xee,0x7b,0xee,0x7b,0xef,0x7b,0xee,0x7b,0xce,0x73,0xee,0x7b,0xee,0x73,0xee,0x73,0xee,0x73,0xee,0x73,0xee,0x73,
    0xf0,0x73,0xce,0x7b,0xce,0x73,0xee,0x73,0xce,0x73,0xce,0x73,0xce,0x7b,0xce,0x73,0xce,0x7b,0xee,0x73,0xae,0x73,0xae,0x73,
    0xae,0x6b,0x0b,0x5b,0x8d,0x6b,0xce,0x6b,0xad,0x73,0xad,0x73,0xcf,0x6b,0xce,0x6b,0xad,0x73,0xae,0x6b,0xae,0x6b,0xce,0x6b,
    0xce,0x6b,0xad,0x6b,0xad,0x6b,0xae,0x6b,0xcd,0x6b,0xae,0x6b,0xae,0x6b,0xad,0x63,0xae,0x6b,0xae,0x6b,0xad,0x63,0xad,0x6b,
    0x8d,0x63,0xad,0x63,0x8d,0x6b,0x8d,0x63,0x8d,0x63,0xad,0x63,0x8d,0x63,0x8d,0x6b,0x8d,0x6b,0x8d,0x63,0x8d,0x6b,0x8d,0x6b,
    0x8d,0x6b,0x8d,0x6b,0x6d,0x6b,0x6d,0x6b,0x6e,0x63,0x6d,0x63,0x6e,0x63,0x4d,0x63,0x4d,0x63,0x4c,0x63,0x2c,0x63,0x4d,0x5b,
    0x4d,0x63,0x4d,0x5b,0x4d,0x63,0x4d,0x5b,0x4d,0x63,0x4c,0x5b,0x4d,0x5b,0x4d,0x5b,0x4c,0x63,0x4d,0x5b,0x4d,0x5b,0x4c,0x63,
    0x4d,0x5b,0x4d,0x5b,0x4c,0x5b,0x2c,0x63,0x4c,0x5b,0x6d,0x63,0x4d,0x63,0x4c,0x5b,0x6d,0x63,0x6d,0x63,0x6d,0x5b,0x6c,0x5b,
    0x6c,0x5b,0x4d,0x63,0x6c,0x5b,0x6d,0x5b,0x6d,0x63,0x6d,0x63,0x6d,0x5b,0x6d,0x5b,0x6d,0x5b,0x6e,0x63,0x6d,0x5b,0x6d,0x5b,
    0x6d,0x63,0x4d,0x5b,0x6d,0x5b,0x6d,0x5b,0x6d,0x5b,0x6d,0x5b,0x6d,0x5b,0x4d,0x5b,0x6d,0x5b,0x6d,0x5b,0x6d,0x63,0x4d,0x63,
    0x4d,0x63,0x6d,0x63,0x6d,0x63,0x6d,0x6b,0x8d,0x63,0x6c,0x6b,0x6d,0x6b,0x6d,0x63,0x8d,0x63,0xae,0x63,0xcd,0x73,0xce,0x73,
    0x0f,0x84,0x30,0x7c,0x50,0x84,0x70,0x84,0x2f,0x74,0x0e,0x74,0xad,0x6b,0x8d,0x63,0x6c,0x63,0xad,0x7b,0xed,0x7b,0xad,0x73,
    0xad,0x73,0x8d,0x6b,0x4c,0x63,0x4c,0x5b,0x2c,0x5b,0x4c,0x5b,0x2c,0x53,0x2c,0x5b,0x2c,0x53,0x2d,0x5b,0x0c,0x53,0x2c,0x5b,
    0x2c,0x53,0x2d,0x5b,0x2c,0x53,0x2d,0x53,0x2c,0x53,0x0c,0x5b,0x2c,0x53,0x2c,0x5b,0x0c,0x53,0x2d,0x53,0x2d,0x53,0x2d,0x53,
    0x0f,0x7c,0x0e,0x7c,0x0e,0x7c,0xee,0x7b,0x0f,0x7c,0xee,0x7b,0xee,0x7b,0xce,0x73,0xee,0x7b,0xee,0x7b,0xee,0x7b,0xef,0x7b,
    0xce,0x7b,0xcf,0x73,0xce,0x7b,0xce,0x73,0xcf,0x73,0xef,0x73,0xce,0x73,0xce,0x73,0xce,0x73,0xcd,0x7b,0xce,0x73,0xce,0x73,
    0xcd,0x73,0xae,0x73,0xad,0x73,0xae,0x73,0xce,0x73,0xce,0x73,0xcd,0x6b,0xad,0x6b,0xce,0x6b,0xae,0x73,0xae,0x73,0x8e,0x73,
    0xae,0x73,0xae,0x6b,0xad,0x63,0xae,0x6b,0xae,0x6b,0xae,0x6b,0xad,0x6b,0xae,0x6b,0xcd,0x6b,0xad,0x6b,0xad,0x63,0xad,0x6b,
    0xad,0x6b,0x8d,0x6b,0xad,0x6b,0x8d,0x6b,0xad,0x6b,0x8d,0x63,0x8d,0x6b,0xad,0x6b,0x8d,0x6b,0x8d,0x6b,0x8d,0x6b,0x8d,0x6b,
    0x8d,0x6b,0x8d,0x6b,0x8d,0x6b,0x8d,0x6b,0x6d,0x6b,0x6d,0x6b,0x6c,0x6b,0x6d,0x6b,0x6d,0x6b,0x6d,0x63,0x4d,0x63,0x6c,0x6b,
    0x4d,0x63,0x4d,0x63,0x4c,0x63,0x2c,0x63,0x4c,0x63,0x2c,0x63,0x4c,0x5b,0x4c,0x63,0x2d,0x5b,0x4c,0x5b,0x2d,0x63,0x2c,0x5b,
    0x2d,0x63,0x4c,0x5b,0x2d,0x5b,0x4d,0x63,0x4c,0x5b,0x4d,0x63,0x2d,0x5b,0x2d,0x63,0x4c,0x63,0x4d,0x5b,0x4d,0x5b,0x4d,0x63,
    0x4c,0x63,0x4d,0x5b,0x4d,0x5b,0x4c,0x63,0x4d,0x5b,0x6c,0x5b,0x4d,0x5b,0x6d,0x5b,0x6d,0x5b,0x4c,0x5b,0x4c,0x5b,0x6d,0x63,
    0x4d,0x5b,0x6d,0x5b,0x4d,0x5b,0x6d,0x5b,0x4d,0x5b,0x4d,0x5b,0x6d,0x5b,0x4d,0x5b,0x4d,0x5b,0x4d,0x5b,0x4d,0x5b,0x4d,0x5b,
    0x4d,0x5b,0x4c,0x5b,0x4d,0x5b,0x4d,0x5b,0x4d,0x5b,0x4d,0x5b,0x4c,0x5b,0x4c,0x5b,0x6d,0x5b,0x4d,0x5b,0x6c,0x63,0x6d,0x5b,
    0x6d,0x5b,0x4d,0x5b,0x4d,0x5b,0x4c,0x5b,0x4c,0x63,0x6d,0x63,0x8c,0x6b,0xae,0x6b,0xce,0x73,0xef,0x73,0x0e,0x6c,0xef,0x73,
    0x0f,0x74,0xee,0x7b,0x30,0x84,0xce,0x73,0x6c,0x63,0x4c,0x63,0x4c,0x5b,0x2d,0x5b,0x2c,0x53,0x2c,0x53,0x0c,0x53,0x2c,0x5b,
    0x2c,0x5b,0x0c,0x53,0x2c,0x5b,0x2d,0x53,0x0c,0x53,0x0c,0x53,0x2c,0x53,0x2c,0x53,0x2c,0x53,0x0c,0x53,0x0c,0x53,0x0c,0x53,
    0x2c,0x5b,0x2c,0x53,0x2c,0x53,0x0c,0x53,0x0e,0x7c,0xee,0x7b,0x0f,0x7c,0x0e,0x84,0xee,0x7b,0xee,0x7b,0xce,0x73,0xee,0x7b,
    0xee,0x7b,0xce,0x73,0xce,0x7b,0xce,0x73,0xee,0x7b,0xee,0x73,0xee,0x73,0xce,0x7b,0xce,0x7b,0xce,0x73,0xcf,0x73,0xcf,0x73,
    0xce,0x7b,0xce,0x73,0xad,0x73,0xae,0x73,0xad,0x73,0xce,0x73,0xce,0x73,0xad,0x73,0xad,0x73,0xae,0x6b,0xad,0x73,0xae,0x73,
    0xad,0x73,0xae,0x6b,0xad,0x73,0xae,0x73,0xad,0x73,0xae,0x6b,0xad,0x73,0xad,0x73,0xad,0x63,0xad,0x6b,0xad,0x63,0xae,0x6b,
    0xad,0x6b,0xae,0x6b,0xad,0x6b,0xad,0x6b,0xad,0x6b,0x8d,0x6b,0x8d,0x6b,0x8d,0x6b,0x8d,0x6b,0x8d,0x6b,0x8d,0x6b,0x8d,0x6b,
    0x8d,0x6b,0x8d,0x6b,0xad,0x6b,0x8d,0x73,0x8d,0x73,0x8d,0x6b,0x8d,0x73,0x8d,0x73,0x8d,0x73,0x8d,0x6b,0x6d,0x6b,0x6c,0x6b,
    0x4c,0x6b,0x6c,0x6b,0x4d,0x6b,0x4c,0x63,0x4c,0x63,0x4c,0x6b,0x2d,0x63,0x4c,0x63,0x2d,0x5b,0x2c,0x63,0x2d,0x63,0x2c,0x63,
    0x2d,0x63,0x2c,0x5b,0x4d,0x63,0x2c,0x63,0x2d,0x5b,0x2c,0x63,0x2c,0x5b,0x2c,0x63,0x4d,0x5b,0x2c,0x5b,0x4d,0x63,0x4d,0x5b,
    0x4d,0x5b,0x4d,0x5b,0x4d,0x63,0x4d,0x5b,0x4c,0x5b,0x4d,0x5b,0x4c,0x5b,0x4c,0x5b,0x4d,0x63,0x4d,0x5b,0x4d,0x5b,0x4d,0x5b,
    0x4d,0x5b,0x4d,0x5b,0x4d,0x5b,0x4d,0x5b,0x4d,0x5b,0x6d,0x5b,0x4c,0x5b,0x4d,0x5b,0x4d,0x5b,0x4c,0x5b,0x4d,0x53,0x4c,0x5b,
    0x4d,0x53,0x4c,0x5b,0x4c,0x5b,0x4d,0x5b,0x4c,0x5b,0x4d,0x5b,0x4d,0x5b,0x4c,0x5b,0x4d,0x53,0x4c,0x5b,0x4d,0x5b,0x4d,0x5b,
    0x4c,0x53,0x2d,0x5b,0x4d,0x5b,0x2c,0x5b,0x4c,0x5b,0x4c,0x5b,0x4d,0x5b,0x4d,0x5b,0x4c,0x5b,0x2d,0x53,0x2c,0x5b,0x2b,0x5b,
    0x2c,0x53,0x2c,0x5b,0x4c,0x5b,0x4d,0x5b,0x6d,0x63,0xad,0x6b,0x0f,0x7c,0x4f,0x7c,0x30,0x7c,0x70,0x7c,0x4f,0x7c,0x0e,0x6c,
    0xee,0x6b,0xad,0x63,0x8e,0x63,0x4c,0x53,0x0c,0x53,0x0c,0x53,0x0c,0x53,0x0c,0x53,0x0c,0x5b,0x2c,0x53,0x2c,0x5b,0x2c,0x53,
    0x0c,0x53,0x2c,0x5b,0x2c,0x53,0x0c,0x53,0x0c,0x53,0x0c,0x53,0x2c,0x53,0x0c,0x4b,0xee,0x7b,0xee,0x7b,0xee,0x7b,0xee,0x7b,
    0xee,0x7b,0xee,0x7b,0xee,0x7b,0xce,0x73,0xee,0x7b,0xce,0x7b,0xce,0x73,0xee,0x7b,0xce,0x73,0xce,0x73,0xef,0x73,0xce,0x73,
    0xce,0x73,0xce,0x73,0xcd,0x73,0xce,0x7b,0xce,0x73,0xae,0x73,0xad,0x73,0xce,0x73,0xad,0x73,0xae,0x73,0xad,0x73,0xae,0x73,
    0xae,0x73,0xae,0x73,0xad,0x73,0xad,0x6b,0xad,0x6b,0xad,0x73,0xae,0x73,0xad,0x73,0xae,0x73,0xae,0x73,0xad,0x73,0xad,0x6b,
    0xae,0x63,0xad,0x6b,0xae,0x6b,0xae,0x6b,0xad,0x6b,0x8d,0x6b,0xad,0x73,0x8d,0x73,0x8d,0x6b,0xad,0x73,0x8d,0x6b,0x8d,0x63,
    0x8d,0x6b,0xad,0x73,0x8d,0x6b,0x8c,0x6b,0x8d,0x6b,0x8d,0x6b,0x8d,0x73,0xad,0x73,0xad,0x73,0xad,0x6b,0x8d,0x73,0xad,0x6b,
    0x8d,0x73,0x8d,0x6b,0x6c,0x6b,0x6d,0x6b,0x6d,0x6b,0x6d,0x6b,0x4d,0x6b,0x4c,0x6b,0x2d,0x63,0x4d,0x63,0x4c,0x63,0x2d,0x63,
    0x4c,0x5b,0x2c,0x5b,0x4d,0x5b,0x2c,0x63,0x4c,0x5b,0x2d,0x63,0x2c,0x5b,0x2c,0x63,0x2c,0x5b,0x4d,0x5b,0x2c,0x5b,0x4d,0x5b,
    0x2c,0x5b,0x2c,0x63,0x4d,0x5b,0x4c,0x5b,0x2c,0x5b,0x4c,0x5b,0x2d,0x63,0x4c,0x5b,0x4d,0x63,0x2c,0x5b,0x4d,0x5b,0x2d,0x5b,
    0x4d,0x5b,0x4c,0x5b,0x4d,0x5b,0x4d,0x5b,0x4c,0x5b,0x4d,0x5b,0x4c,0x5b,0x4d,0x5b,0x4d,0x5b,0x4c,0x5b,0x4d,0x5b,0x4d,0x5b,
    0x4c,0x5b,0x4d,0x5b,0x4c,0x5b,0x4d,0x5b,0x4c,0x5b,0x2c,0x5b,0x4c,0x53,0x2d,0x5b,0x4c,0x53,0x2d,0x5b,0x4c,0x5b,0x4d,0x53,
    0x4c,0x5b,0x2d,0x5b,0x2c,0x53,0x4d,0x5b,0x2c,0x5b,0x4c,0x5b,0x0c,0x5b,0x4c,0x5b,0x2c,0x53,0x2c,0x5b,0x2c,0x53,0x2c,0x5b,
    0x2c,0x53,0x2c,0x5b,0x2c,0x5b,0x2c,0x5b,0x2d,0x53,0x2c,0x53,0x2c,0x53,0x0c,0x5b,0x0c,0x53,0x0c,0x53,0x2c,0x5b,0x2c,0x5b,
    0x6d,0x63,0x8d,0x63,0xef,0x6b,0x2f,0x74,0x70,0x84,0x6f,0x84,0x90,0x84,0x70,0x7c,0x0e,0x74,0xcd,0x6b,0x8d,0x63,0x6d,0x5b,
    0x2c,0x53,0x0c,0x53,0xec,0x52,0x0c,0x53,0x0c,0x53,0x0d,0x53,0x0c,0x53,0x0c,0x5b,0x2c,0x53,0x0c,0x53,0x0c,0x53,0x0b,0x53,
    0xed,0x7b,0xee,0x7b,0xee,0x7b,0xee,0x7b,0xee,0x7b,0xee,0x7b,0xce,0x73,0xee,0x7b,0xce,0x73,0xee,0x73,0xce,0x73,0xce,0x73,
    0xce,0x7b,0xce,0x73,0xce,0x7b,0xae,0x73,0xce,0x7b,0xce,0x73,0xce,0x73,0xae,0x73,0xad,0x73,0xce,0x73,0xad,0x73,0xae,0x73,
    0xad,0x6b,0xad,0x73,0xae,0x73,0xae,0x73,0xad,0x73,0xad,0x73,0xad,0x6b,0xae,0x6b,0x8d,0x73,0xae,0x6b,0xad,0x73,0xae,0x6b,
    0x8d,0x6b,0xae,0x73,0xae,0x73,0xad,0x6b,0xae,0x6b,0xae,0x6b,0xad,0x6b,0xae,0x63,0xad,0x6b,0x8d,0x6b,0xad,0x6b,0xae,0x73,
    0x8d,0x6b,0x8d,0x6b,0xad,0x6b,0x8d,0x6b,0x8c,0x6b,0x6d,0x6b,0x8d,0x6b,0x8d,0x6b,0x6c,0x6b,0xad,0x73,0xad,0x73,0xae,0x73,
    0xad,0x6b,0x8d,0x73,0xad,0x73,0xae,0x73,0x8d,0x6b,0x6d,0x6b,0x8c,0x6b,0x6d,0x6b,0x4c,0x6b,0x6c,0x63,0x4d,0x6b,0x4d,0x63,
    0x4c,0x63,0x4d,0x63,0x2c,0x63,0x2c,0x63,0x2c,0x63,0x2d,0x63,0x2c,0x63,0x2c,0x5b,0x2d,0x63,0x2c,0x5b,0x2d,0x5b,0x0c,0x63,
    0x2d,0x63,0x2c,0x5b,0x0c,0x63,0x2c,0x63,0x2d,0x5b,0x4c,0x5b,0x2c,0x5b,0x4d,0x5b,0x2d,0x5b,0x4d,0x5b,0x2c,0x63,0x2d,0x5b,
    0x4d,0x63,0x4c,0x5b,0x4d,0x63,0x2c,0x5b,0x4d,0x5b,0x2c,0x63,0x2d,0x63,0x4d,0x63,0x4d,0x5b,0x4d,0x5b,0x4d,0x5b,0x4c,0x5b,
    0x4d,0x5b,0x4c,0x5b,0x4c,0x5b,0x4d,0x5b,0x4c,0x5b,0x4d,0x5b,0x4c,0x53,0x2d,0x5b,0x2c,0x53,0x4d,0x5b,0x4c,0x5b,0x2c,0x53,
    0x2c,0x5b,0x4c,0x5b,0x2d,0x53,0x2c,0x5b,0x4d,0x53,0x2c,0x5b,0x2c,0x5b,0x2c,0x53,0x2c,0x5b,0x4d,0x53,0x2c,0x5b,0x2c,0x53,
    0x2d,0x5b,0x2c,0x5b,0x2d,0x53,0x2c,0x5b,0x2d,0x53,0x2c,0x53,0x2c,0x5b,0x2d,0x53,0x2b,0x5b,0x0c,0x5b,0x2c,0x53,0x2c,0x5b,
    0x2c,0x53,0x2c,0x5b,0x0c,0x53,0x2c,0x53,0x0c,0x53,0x0c,0x53,0x0c,0x53,0x0b,0x53,0x2c,0x53,0x6d,0x5b,0x8d,0x63,0xae,0x73,
    0x2e,0x7c,0x4f,0x7c,0x70,0x84,0x70,0x84,0x70,0x84,0x70,0x7c,0x2f,0x7c,0xce,0x6b,0x8d,0x63,0x8d,0x63,0x2c,0x5b,0x2c,0x53,
    0x0c,0x53,0xeb,0x52,0x0c,0x53,0x0c,0x53,0xee,0x7b,0xee,0x7b,0xee,0x7b,0xee,0x7b,0xee,0x73,0xce,0x7b,0xee,0x7b,0xce,0x73,
    0xce,0x7b,0xce,0x73,0xee,0x7b,0xce,0x73,0xce,0x73,0xad,0x73,0xce,0x73,0xcd,0x73,0xae,0x73,0xad,0x73,0xce,0x7b,0xad,0x73,
    0xae,0x73,0xad,0x73,0xae,0x73,0xad,0x73,0xad,0x73,0xae,0x73,0xad,0x73,0xad,0x73,0xad,0x6b,0x8d,0x73,0x8d,0x73,0xad,0x73,
    0xae,0x73,0xad,0x6b,0xad,0x6b,0xae,0x6b,0xae,0x73,0x8d,0x73,0xad,0x73,0x8d,0x73,0xad,0x6b,0xad,0x6b,0x8d,0x6b,0xae,0x6b,
    0xad,0x6b,0x8d,0x6b,0x8d,0x73,0x8d,0x6b,0x8d,0x6b,0x8d,0x6b,0x8d,0x6b,0x8d,0x6b,0x8d,0x6b,0x6c,0x6b,0x8d,0x6b,0x8d,0x6b,
    0x8d,0x73,0xad,0x73,0xce,0x73,0xad,0x73,0xad,0x73,0xad,0x73,0xad,0x6b,0x8d,0x73,0x8d,0x73,0x6c,0x6b,0x6c,0x6b,0x4c,0x6b,
    0x4c,0x63,0x4c,0x6b,0x4c,0x63,0x2c,0x63,0x2c,0x6b,0x2c,0x63,0x2c,0x5b,0x2c,0x5b,0x2d,0x63,0x2c,0x63,0x0c,0x63,0x2c,0x63,
    0x0c,0x5b,0x2c,0x63,0x2c,0x5b,0x0c,0x63,0x0c,0x63,0x2c,0x5b,0x0c,0x63,0x2c,0x63,0x2c,0x63,0x2c,0x5b,0x2d,0x63,0x2c,0x5b,
    0x2c,0x63,0x4d,0x5b,0x2c,0x5b,0x2c,0x63,0x4d,0x5b,0x2c,0x63,0x2c,0x63,0x4c,0x63,0x4d,0x63,0x4d,0x63,0x2c,0x63,0x4d,0x5b,
    0x4c,0x5b,0x4c,0x5b,0x4d,0x5b,0x4c,0x53,0x4c,0x5b,0x2c,0x5b,0x2d,0x5b,0x4c,0x5b,0x4d,0x53,0x2d,0x5b,0x4c,0x5b,0x4d,0x5b,
    0x2c,0x53,0x2c,0x5b,0x2c,0x5b,0x2c,0x5b,0x2b,0x5b,0x4c,0x53,0x2c,0x5b,0x2c,0x53,0x2c,0x5b,0x2d,0x5b,0x2c,0x5b,0x2c,0x5b,
    0x2c,0x53,0x2c,0x5b,0x2c,0x53,0x2d,0x5b,0x2c,0x53,0x2c,0x5b,0x2c,0x53,0x2c,0x5b,0x2c,0x5b,0x2c,0x53,0x0c,0x53,0x2c,0x5b,
    0x2c,0x53,0x0c,0x53,0x2c,0x5b,0x0c,0x53,0x0c,0x5b,0x2c,0x53,0x0c,0x53,0x0c,0x5b,0x2c,0x53,0x2c,0x5b,0x0c,0x53,0x2c,0x53,
    0x0c,0x53,0x0c,0x53,0xeb,0x52,0xeb,0x5a,0x0c,0x53,0x0c,0x53,0x2c,0x5b,0x6d,0x63,0xad,0x73,0x2f,0x7c,0x90,0x8c,0xb0,0x8c,
    0x32,0x9d,0x52,0xa5,0x32,0xa5,0x11,0x9d,0x90,0x8c,0x0f,0x84,0x8d,0x6b,0x4c,0x5b,0xee,0x7b,0xce,0x73,0xee,0x7b,0xee,0x7b,
    0xce,0x7b,0xce,0x73,0xee,0x7b,0xce,0x73,0xee,0x7b,0xce,0x7b,0xce,0x73,0xce,0x73,0xcd,0x73,0xce,0x73,0xad,0x73,0xce,0x73,
    0xae,0x73,0xcd,0x73,0xae,0x73,0xad,0x73,0xae,0x73,0xcd,0x73,0xae,0x73,0xac,0x6b,0x8c,0x73,0xad,0x73,0xad,0x6b,0x8d,0x73,
    0x8d,0x6b,0xad,0x6b,0x8e,0x73,0xad,0x6b,0xad,0x6b,0x8d,0x6b,0xad,0x6b,0x8d,0x73,0x8e,0x73,0xad,0x6b,0xad,0x73,0x8e,0x6b,
    0x8d,0x6b,0x8d,0x73,0xad,0x6b,0xad,0x6b,0x8e,0x6b,0x8d,0x6b,0x8d,0x73,0x8d,0x6b,0x8d,0x6b,0x8d,0x6b,0x8d,0x6b,0x6c,0x6b,
    0x8d,0x6b,0x6d,0x63,0x8d,0x6b,0xad,0x73,0xad,0x73,0xac,0x7b,0xad,0x73,0xae,0x73,0xad,0x73,0x8c,0x73,0x8c,0x73,0x8c,0x6b,
    0x8c,0x6b,0x6d,0x6b,0x4d,0x6b,0x6c,0x63,0x4d,0x6b,0x2c,0x63,0x2d,0x6b,0x4c,0x63,0x2d,0x63,0x2c,0x63,0x0c,0x63,0x2d,0x63,
    0x2c,0x63,0x0c,0x5b,0x2c,0x5b,0x0c,0x63,0x0c,0x63,0x0c,0x5b,0x2d,0x63,0x0c,0x5b,0x0c,0x63,0x0c,0x5b,0x2c,0x63,0x0c,0x5b,
    0x0c,0x5b,0x0c,0x63,0x0c,0x63,0x0c,0x63,0x2c,0x63,0x0c,0x5b,0x2c,0x5b,0x2c,0x63,0x2d,0x63,0x2c,0x63,0x2c,0x63,0x2d,0x5b,
    0x2c,0x63,0x4c,0x5b,0x2c,0x5b,0x4c,0x5b,0x4c,0x5b,0x2d,0x5b,0x4c,0x5b,0x2d,0x5b,0x2c,0x63,0x4c,0x5b,0x2d,0x5b,0x4d,0x5b,
    0x4c,0x5b,0x2c,0x5b,0x2d,0x5b,0x4c,0x53,0x2c,0x5b,0x2d,0x53,0x2c,0x5b,0x2c,0x5b,0x2c,0x5b,0x2c,0x53,0x2c,0x5b,0x2d,0x5b,
    0x2c,0x5b,0x2c,0x5b,0x2b,0x53,0x2b,0x5b,0x2c,0x5b,0x2c,0x53,0x2c,0x5b,0x2c,0x53,0x2c,0x5b,0x2c,0x53,0x2c,0x5b,0x2c,0x53,
    0x0c,0x53,0x0c,0x5b,0x0c,0x5b,0x2c,0x53,0x0c,0x5b,0x2c,0x53,0x0c,0x53,0x0c,0x53,0x0c,0x53,0x0c,0x53,0x0c,0x5b,0x0c,0x53,
    0x0c,0x53,0x0c,0x53,0x0c,0x5b,0x0c,0x53,0x0c,0x5b,0x0c,0x5b,0x0c,0x5b,0x0c,0x53,0x0c,0x53,0x0c,0x53,0x0c,0x53,0xeb,0x52,
    0x0c,0x53,0xeb,0x52,0xec,0x5a,0xec,0x5a,0x4c,0x63,0xae,0x73,0x4f,0x84,0xd1,0x9c,0x72,0xad,0xb3,0xb5,0xd3,0xbd,0x93,0xb5,
    0xee,0x7b,0xee,0x7b,0xee,0x7b,0xce,0x73,0xee,0x7b,0xce,0x7b,0xce,0x73,0xce,0x7b,0xcd,0x73,0xce,0x73,0xcd,0x73,0xae,0x73,
    0xad,0x73,0xad,0x73,0xad,0x73,0xae,0x73,0xcd,0x73,0xae,0x73,0xae,0x73,0xae,0x73,0xad,0x73,0xae,0x73,0xad,0x73,0x8d,0x73,
    0xad,0x73,0xad,0x73,0x8d,0x73,0x8d,0x6b,0xae,0x73,0xad,0x73,0xad,0x6b,0x8d,0x6b,0x8d,0x73,0xad,0x6b,0x8d,0x73,0xad,0x73,
    0x8e,0x73,0x8d,0x6b,0x8d,0x73,0x8d,0x73,0x8d,0x6b,0x8d,0x6b,0x8d,0x6b,0x8d,0x6b,0x8d,0x6b,0x8d,0x73,0x6c,0x6b,0x8d,0x6b,
    0x6d,0x6b,0x8c,0x6b,0x8d,0x6b,0x6d,0x6b,0x8d,0x6b,0x8d,0x6b,0x8d,0x73,0xac,0x73,0xad,0x73,0xad,0x7b,0xcd,0x7b,0xad,0x7b,
    0xad,0x7b,0x8c,0x73,0xad,0x73,0x8d,0x73,0x8d,0x73,0x6c,0x6b,0x6c,0x6b,0x4c,0x6b,0x4c,0x63,0x4c,0x6b,0x2c,0x63,0x2c,0x63,
    0x2c,0x63,0x2d,0x63,0x2c,0x5b,0x0c,0x63,0x0c,0x5b,0x0c,0x63,0x2c,0x63,0x0d,0x5b,0x0c,0x63,0x0c,0x63,0x0c,0x5b,0x0c,0x63,
    0x0c,0x5b,0x0c,0x5b,0x0c,0x63,0x0c,0x5b,0x0c,0x5b,0x0c,0x63,0x2c,0x5b,0x0c,0x63,0x2c,0x63,0x0c,0x63,0x2c,0x63,0x2c,0x5b,
    0x2c,0x5b,0x0c,0x63,0x2c,0x5b,0x2c,0x63,0x2c,0x5b,0x2c,0x5b,0x2c,0x5b,0x2c,0x5b,0x2c,0x5b,0x4c,0x5b,0x2c,0x5b,0x2c,0x63,
    0x2b,0x5b,0x4c,0x5b,0x4c,0x5b,0x2c,0x5b,0x4d,0x53,0x2c,0x5b,0x4d,0x53,0x2c,0x5b,0x2b,0x5b,0x4c,0x5b,0x2c,0x53,0x4c,0x5b,
    0x2b,0x5b,0x0c,0x53,0x2b,0x5b,0x2c,0x53,0x2c,0x53,0x2c,0x53,0x2c,0x5b,0x0c,0x53,0x2c,0x53,0x2c,0x5b,0x2c,0x53,0x2c,0x5b,
    0x0c,0x53,0x2c,0x53,0x2c,0x5b,0x2c,0x53,0x0c,0x5b,0x2c,0x53,0x0c,0x5b,0x0c,0x5b,0x0c,0x53,0x2b,0x5b,0x0b,0x5b,0x2c,0x53,
    0x0c,0x5b,0x2c,0x53,0x0c,0x53,0x2c,0x5b,0x0c,0x53,0x0c,0x5b,0x0b,0x53,0x0c,0x5b,0xec,0x52,0x0c,0x53,0x0b,0x53,0x0c,0x5b,
    0x0c,0x53,0x0c,0x5b,0x0b,0x53,0x0c,0x5b,0x0c,0x53,0x0c,0x53,0x0c,0x53,0x0b,0x53,0xec,0x52,0x0c,0x53,0xec,0x52,0xec,0x52,
    0x2c,0x5b,0x6d,0x63,0xee,0x7b,0x90,0x94,0xcd,0x7b,0xcd,0x73,0xcd,0x7b,0xee,0x7b,0xee,0x73,0xcd,0x7b,0xcd,0x73,0xcd,0x73,
    0xae,0x73,0xad,0x73,0xae,0x73,0xad,0x73,0xae,0x73,0xad,0x73,0xae,0x73,0xad,0x73,0xae,0x73,0xad,0x73,0x8d,0x73,0xae,0x73,
    0xad,0x73,0xad,0x73,0xad,0x73,0xad,0x6b,0x8d,0x73,0x8c,0x6b,0xae,0x73,0xad,0x73,0x8d,0x6b,0x8d,0x73,0xad,0x73,0x8d,0x6b,
    0x8d,0x6b,0x8d,0x73,0x8d,0x6b,0x8d,0x6b,0x8d,0x6b,0x8d,0x73,0xad,0x6b,0x8d,0x6b,0x8c,0x6b,0x8d,0x6b,0x8d,0x73,0x8d,0x6b,
    0x8d,0x73,0x8c,0x6b,0x8d,0x6b,0x8c,0x73,0x8d,0x73,0x8d,0x6b,0x6d,0x6b,0x8c,0x6b,0x8d,0x73,0xad,0x73,0xad,0x73,0xad,0x73,
    0xcd,0x7b,0xed,0x7b,0xed,0x7b,0xad,0x7b,0xad,0x7b,0xad,0x73,0xad,0x7b,0x8c,0x73,0x8d,0x6b,0x6c,0x6b,0x6d,0x6b,0x4c,0x63,
    0x4d,0x6b,0x2c,0x63,0x2c,0x6b,0x2d,0x63,0x2c,0x63,0x2c,0x63,0x0c,0x63,0x2c,0x63,0x2c,0x5b,0x0c,0x63,0x0c,0x5b,0x0c,0x63,
    0x0c,0x63,0x0c,0x5b,0x0c,0x63,0x0c,0x5b,0x0c,0x63,0x0c,0x5b,0x0c,0x5b,0x0c,0x63,0x0c,0x5b,0x2b,0x63,0x0c,0x63,0x0c,0x5b,
    0x2c,0x63,0x2c,0x63,0x0c,0x5b,0x2c,0x63,0x0b,0x63,0x2c,0x63,0x2c,0x63,0x2c,0x63,0x2c,0x63,0x4c,0x63,0x2b,0x63,0x2c,0x63,
    0x4b,0x5b,0x4c,0x5b,0x2b,0x63,0x4c,0x53,0x2c,0x5b,0x2b,0x5b,0x2b,0x5b,0x2c,0x5b,0x4c,0x5b,0x2c,0x5b,0x4c,0x63,0x4b,0x5b,
    0x2c,0x5b,0x4c,0x63,0x2c,0x5b,0x4c,0x5b,0x2c,0x5b,0x2b,0x5b,0x0b,0x5b,0x2c,0x5b,0x2c,0x5b,0x0c,0x5b,0x2b,0x5b,0x2b,0x5b,
    0x2c,0x53,0x2c,0x5b,0x2c,0x5b,0x0c,0x5b,0x0c,0x5b,0x2c,0x5b,0x0c,0x53,0x0c,0x5b,0x2c,0x5b,0x0c,0x53,0x0c,0x5b,0x0c,0x5b,
    0x0c,0x5b,0x0c,0x5b,0x2c,0x5b,0x0b,0x53,0x0c,0x5b,0x0b,0x53,0x0c,0x53,0x0c,0x5b,0x0b,0x5b,0x0c,0x53,0x0c,0x53,0x0c,0x53,
    0x0b,0x53,0x0c,0x5b,0x0c,0x53,0x0b,0x53,0x0c,0x53,0xeb,0x52,0x0c,0x53,0x0c,0x53,0xeb,0x52,0x0b,0x53,0xeb,0x52,0x0c,0x53,
    0x0c,0x5b,0x0c,0x53,0x0c,0x53,0x0c,0x53,0x0b,0x53,0x0c,0x53,0xcb,0x4a,0xeb,0x52,0xed,0x7b,0xcd,0x73,0xcd,0x73,0xcd,0x7b,
    0xcd,0x73,0xce,0x7b,0xcd,0x73,0xad,0x73,0xcd,0x7b,0xae,0x73,0xad,0x73,0xad,0x73,0xae,0x73,0xcd,0x73,0xad,0x73,0xae,0x73,
    0xad,0x73,0xae,0x73,0xad,0x73,0x8d,0x6b,0xad,0x73,0xae,0x73,0x8d,0x6b,0x8d,0x73,0xad,0x6b,0x8c,0x6b,0x8c,0x73,0x8d,0x73,
    0xad,0x73,0x8d,0x6b,0x8d,0x6b,0x8d,0x73,0x8d,0x6b,0x8d,0x73,0x8c,0x73,0x8d,0x6b,0x8c,0x6b,0x8d,0x6b,0x8d,0x6b,0x8c,0x73,
    0x8d,0x6b,0x6d,0x73,0x8c,0x6b,0x6d,0x6b,0x8c,0x6b,0x8c,0x6b,0x8d,0x73,0x8d,0x6b,0x6d,0x6b,0x6c,0x6b,0x8d,0x6b,0x6d,0x6b,
    0x8d,0x6b,0x8d,0x73,0xad,0x73,0xad,0x73,0xad,0x7b,0xcd,0x7b,0xad,0x7b,0xac,0x7b,0x8c,0x73,0x8c,0x73,0x8c,0x73,0x6c,0x73,
    0x8d,0x73,0x6c,0x6b,0x4d,0x6b,0x4c,0x6b,0x4c,0x63,0x2c,0x63,0x2c,0x63,0x2c,0x63,0x2c,0x63,0x0c,0x63,0x2c,0x63,0x0c,0x63,
    0x0c,0x63,0x0c,0x5b,0x0c,0x63,0x0c,0x63,0x0c,0x5b,0xec,0x62,0x0c,0x5b,0x0c,0x63,0x0b,0x5b,0x0c,0x5b,0x0c,0x63,0x0b,0x63,
    0x0c,0x63,0x0c,0x5b,0x0c,0x5b,0x0c,0x63,0x0b,0x5b,0x0c,0x63,0x2b,0x63,0x0c,0x63,0x2c,0x63,0x2c,0x63,0x2c,0x5b,0x2b,0x63,
    0x2c,0x63,0x2b,0x5b,0x4c,0x63,0x2c,0x63,0x2c,0x63,0x2b,0x63,0x2c,0x5b,0x4c,0x5b,0x2c,0x63,0x2b,0x5b,0x2c,0x5b,0x2c,0x5b,
    0x2c,0x63,0x2b,0x5b,0x2c,0x5b,0x2c,0x5b,0x0c,0x63,0x2c,0x63,0x2b,0x63,0x2c,0x5b,0x2b,0x5b,0x0b,0x5b,0x0b,0x5b,0x0c,0x5b,
    0x2b,0x5b,0x0b,0x5b,0x0b,0x5b,0x0b,0x5b,0x0c,0x5b,0x0c,0x5b,0x2c,0x5b,0x0b,0x5b,0x0c,0x5b,0x0c,0x5b,0x0c,0x53,0x2c,0x5b,
    0x0c,0x53,0x0b,0x53,0x0b,0x5b,0x0b,0x5b,0x0c,0x53,0x0c,0x53,0x0c,0x53,0x0c,0x53,0x0c,0x53,0x0b,0x5b,0x0c,0x53,0xeb,0x5a,
    0xeb,0x52,0x0c,0x53,0x0b,0x53,0x0c,0x53,0x0b,0x5b,0x0c,0x53,0xeb,0x52,0xec,0x5a,0xeb,0x52,0x0b,0x53,0xec,0x5a,0xeb,0x5a,
    0xeb,0x5a,0xeb,0x52,0x0b,0x53,0x0c,0x53,0x0b,0x53,0x0c,0x5b,0x0b,0x53,0x0c,0x53,0xec,0x5a,0xeb,0x52,0x0c,0x53,0xec,0x52,
    0xcd,0x73,0xcd,0x7b,0xcd,0x73,0xad,0x7b,0xce,0x73,0xcd,0x73,0xac,0x73,0xcd,0x73,0xae,0x73,0xad,0x73,0xad,0x73,0xad,0x73,
    0xae,0x73,0xad,0x73,0xad,0x73,0x8d,0x73,0xad,0x73,0xad,0x6b,0x8d,0x73,0xad,0x73,0x8d,0x6b,0x8d,0x73,0xad,0x6b,0x8d,0x73,
    0x8d,0x73,0xad,0x6b,0x8d,0x73,0x8c,0x6b,0x8d,0x73,0x8d,0x73,0x8c,0x6b,0x8d,0x73,0x8c,0x6b,0x8c,0x6b,0x8d,0x73,0x8d,0x6b,
    0x6c,0x6b,0x8c,0x6b,0x6d,0x73,0x8d,0x6b,0x6c,0x6b,0x8d,0x6b,0x6c,0x6b,0x8d,0x6b,0x6c,0x73,0x8c,0x6b,0x6d,0x6b,0x8c,0x6b,
    0x6d,0x6b,0x6c,0x6b,0x6c,0x6b,0x8c,0x6b,0x6d,0x73,0x8d,0x73,0xad,0x73,0xad,0x73,0xac,0x73,0xad,0x7b,0xac,0x73,0x8d,0x7b,
    0x6c,0x73,0x6c,0x73,0x6d,0x73,0x6d,0x73,0x6d,0x6b,0x6c,0x6b,0x4c,0x6b,0x4c,0x63,0x2c,0x6b,0x2c,0x63,0x2c,0x6b,0x2c,0x63,
    0x2c,0x63,0x2c,0x63,0x0b,0x63,0x2c,0x5b,0x0c,0x63,0x0b,0x5b,0xec,0x5a,0xec,0x62,0x0c,0x5b,0xeb,0x62,0x0c,0x5b,0xec,0x62,
    0x0c,0x63,0x0c,0x63,0x0c,0x5b,0x0c,0x5b,0x0c,0x63,0x0b,0x63,0x0c,0x5b,0x0c,0x5b,0x2c,0x63,0x0b,0x63,0x0c,0x5b,0x2c,0x63,
    0x2c,0x63,0x0b,0x63,0x2c,0x5b,0x2c,0x63,0x2b,0x63,0x2c,0x63,0x2c,0x63,0x2c,0x63,0x2b,0x5b,0x2c,0x63,0x2b,0x5b,0x2c,0x5b,
    0x2c,0x63,0x2b,0x5b,0x2b,0x53,0x2c,0x5b,0x2c,0x53,0x2c,0x5b,0x2b,0x5b,0x2c,0x5b,0x0c,0x63,0x0c,0x5b,0x2b,0x63,0x0b,0x5b,
    0x2b,0x5b,0x2b,0x5b,0x0c,0x63,0x0c,0x63,0x0b,0x5b,0x0b,0x5b,0x0b,0x5b,0x0b,0x63,0x0b,0x5b,0x0b,0x5b,0x0b,0x5b,0x0b,0x5b,
    0x0c,0x5b,0x0c,0x63,0x0c,0x5b,0xec,0x5a,0x0c,0x5b,0x0b,0x5b,0xeb,0x52,0x0b,0x53,0x0c,0x53,0x0b,0x5b,0x0b,0x53,0x0c,0x5b,
    0x0c,0x53,0xeb,0x52,0x0b,0x5b,0x0c,0x53,0x0c,0x53,0x0b,0x53,0xec,0x52,0x0c,0x53,0xeb,0x52,0x0b,0x53,0x0c,0x53,0xeb,0x52,
    0xeb,0x52,0xeb,0x52,0xeb,0x52,0xeb,0x5a,0xeb,0x5a,0xeb,0x52,0xeb,0x52,0x0c,0x5b,0x0c,0x53,0x0b,0x53,0xec,0x52,0xeb,0x5a,
    0xcb,0x5a,0xec,0x52,0xeb,0x52,0xeb,0x52,0xcd,0x7b,0xcc,0x73,0xcd,0x7b,0xcd,0x73,0xad,0x7b,0xcd,0x73,0xad,0x73,0xad,0x73,
    0xae,0x73,0x8d,0x73,0xac,0x73,0xad,0x73,0xad,0x73,0xad,0x73,0x8d,0x6b,0xae,0x73,0xad,0x73,0xad,0x6b,0x8d,0x73,0x8d,0x6b,
    0xae,0x73,0x8c,0x6b,0x8d,0x73,0xad,0x6b,0x8d,0x6b,0x8d,0x73,0x8d,0x6b,0x8c,0x73,0x8d,0x6b,0x8d,0x6b,0x6c,0x73,0x8d,0x6b,
    0x8d,0x73,0x6d,0x6b,0x8c,0x6b,0x6d,0x6b,0x8c,0x73,0x6d,0x6b,0x6c,0x6b,0x6c,0x6b,0x8d,0x73,0x6d,0x6b,0x8c,0x73,0x8c,0x73,
    0x8d,0x73,0x8c,0x6b,0x8d,0x73,0x8d,0x6b,0x6c,0x6b,0x6d,0x6b,0x6c,0x6b,0x6c,0x73,0x8d,0x73,0x8d,0x73,0x8c,0x73,0xac,0x73,
    0x8c,0x73,0xac,0x73,0x8c,0x73,0x8c,0x73,0x8c,0x73,0x6c,0x73,0x6c,0x73,0x6c,0x6b,0x4c,0x6b,0x4c,0x6b,0x4c,0x63,0x4d,0x6b,
    0x4c,0x63,0x2c,0x6b,0x2c,0x63,0x2c,0x63,0x2c,0x63,0x0c,0x63,0x2b,0x63,0x0c,0x63,0x0c,0x5b,0xec,0x62,0x0c,0x63,0x0b,0x5b,
    0xec,0x5a,0x0c,0x63,0xec,0x5a,0x0b,0x5b,0xec,0x5a,0x0b,0x63,0xec,0x62,0x0c,0x63,0x0c,0x5b,0x0c,0x63,0x0c,0x63,0x0b,0x63,
    0x0c,0x5b,0x2c,0x63,0x0b,0x63,0x0c,0x63,0x0c,0x63,0x2c,0x63,0x0b,0x63,0x2c,0x63,0x2c,0x63,0x2b,0x63,0x2b,0x63,0x2c,0x63,
    0x2b,0x63,0x2c,0x5b,0x0b,0x63,0x2b,0x63,0x0b,0x5b,0x2b,0x5b,0x2c,0x5b,0x2c,0x5b,0x2c,0x5b,0x2c,0x5b,0x2c,0x63,0x0c,0x63,
    0x0c,0x63,0x0b,0x5b,0x0b,0x63,0x0b,0x5b,0x0b,0x5b,0x0c,0x5b,0x0b,0x63,0x0b,0x5b,0x0c,0x63,0x0b,0x5b,0x0b,0x5b,0x0b,0x5b,
    0x0c,0x63,0x0c,0x63,0x0b,0x5b,0x0b,0x5b,0x0c,0x5b,0x0c,0x5b,0x0b,0x53,0x0b,0x5b,0xeb,0x5a,0xeb,0x5a,0x0b,0x5b,0x0b,0x53,
    0xeb,0x5a,0x0b,0x53,0xec,0x52,0xeb,0x5a,0x0b,0x53,0xeb,0x52,0xeb,0x52,0xeb,0x5a,0x0c,0x53,0xeb,0x52,0x0c,0x53,0xeb,0x5a,
    0xec,0x5a,0xeb,0x5a,0xeb,0x5a,0xeb,0x52,0xeb,0x5a,0x0b,0x53,0xeb,0x5a,0xec,0x5a,0xeb,0x52,0xec,0x52,0x0b,0x53,0xec,0x52,
    0x0b,0x53,0xec,0x52,0xeb,0x5a,0xec,0x52,0xeb,0x5a,0xeb,0x52,0xec,0x52,0xeb,0x52,0xcd,0x73,0xad,0x73,0xcd,0x73,0xce,0x7b,
    0xad,0x73,0xad,0x73,0xad,0x7b,0xad,0x73,0xad,0x73,0xad,0x73,0x8c,0x73,0x8c,0x73,0xad,0x73,0x8d,0x73,0xad,0x6b,0x8d,0x73,
    0x8c,0x6b,0xad,0x73,0x8d,0x73,0xad,0x73,0x8d,0x6b,0x8d,0x73,0x8d,0x6b,0x8d,0x73,0x8d,0x6b,0x8d,0x73,0x8d,0x6b,0x8d,0x6b,
    0x8c,0x73,0x8c,0x6b,0x6d,0x6b,0x8c,0x6b,0x6d,0x73,0x8c,0x6b,0x6d,0x73,0x6c,0x6b,0x6d,0x6b,0x8d,0x6b,0x6c,0x6b,0x8d,0x73,
    0x8d,0x73,0x8d,0x73,0xad,0x73,0x8d,0x6b,0x8c,0x73,0x8d,0x6b,0x6c,0x6b,0x6d,0x73,0x6c,0x6b,0x6c,0x6b,0x6d,0x6b,0x8c,0x73,
    0x8c,0x73,0x8c,0x73,0x6c,0x73,0x8d,0x73,0x8c,0x73,0x6c,0x73,0x8d,0x73,0x8d,0x73,0x6c,0x73,0x6c,0x73,0x6c,0x6b,0x4c,0x6b,
    0x6c,0x63,0x4c,0x6b,0x4d,0x6b,0x2c,0x63,0x2c,0x63,0x2c,0x6b,0x2c,0x63,0x2c,0x63,0x2c,0x63,0x0c,0x63,0x0c,0x5b,0x0c,0x63,
    0x0c,0x5b,0x0c,0x63,0x0b,0x5b,0x0c,0x63,0xec,0x5a,0x0b,0x63,0xec,0x5a,0x0c,0x63,0x0c,0x5b,0xec,0x5a,0x0c,0x5b,0x0c,0x63,
    0x0b,0x5b,0x0c,0x63,0x0c,0x5b,0x0c,0x63,0x2b,0x63,0x0c,0x63,0x0c,0x63,0x2c,0x63,0x0b,0x63,0x2b,0x63,0x0c,0x63,0x2b,0x63,
    0x2c,0x63,0x2c,0x63,0x2b,0x5b,0x2c,0x63,0x2b,0x63,0x0c,0x63,0x2c,0x63,0x0b,0x5b,0x2c,0x5b,0x2b,0x5b,0x2b,0x63,0x2b,0x5b,
    0x0b,0x63,0x0c,0x5b,0x0c,0x63,0x0b,0x5b,0x0b,0x63,0x0b,0x5b,0x2b,0x63,0x0b,0x5b,0x0b,0x63,0x0b,0x5b,0x0b,0x5b,0x0b,0x63,
    0x0b,0x5b,0x0b,0x5b,0x0b,0x5b,0x0b,0x53,0x0b,0x53,0x0c,0x5b,0xeb,0x62,0x0b,0x5b,0x0c,0x5b,0x0b,0x5b,0xeb,0x5a,0xec,0x5a,
    0x0b,0x5b,0x0b,0x5b,0xeb,0x5a,0xeb,0x5a,0xeb,0x5a,0xeb,0x5a,0x0b,0x53,0xeb,0x5a,0xea,0x5a,0xeb,0x52,0xeb,0x52,0xeb,0x52,
    0x0b,0x5b,0xeb,0x5a,0xea,0x5a,0xeb,0x5a,0x0b,0x5b,0xec,0x5a,0xeb,0x5a,0xec,0x5a,0xeb,0x5a,0xcb,0x5a,0xeb,0x52,0xcb,0x5a,
    0xeb,0x5a,0xeb,0x52,0x0c,0x53,0xeb,0x5a,0xec,0x52,0xeb,0x52,0xec,0x52,0xeb,0x5a,0xeb,0x52,0xec,0x52,0xeb,0x52,0xcb,0x52,
    0xcd,0x7b,0xad,0x7b,0xad,0x7b,0xad,0x73,0xac,0x73,0xad,0x7b,0xac,0x73,0xad,0x73,0xad,0x73,0x8d,0x73,0xad,0x73,0x8d,0x6b,
    0xad,0x73,0x8d,0x6b,0x8d,0x73,0x8d,0x6b,0x8d,0x73,0x8c,0x6b,0x6d,0x6b,0x8d,0x73,0x8d,0x73,0x6c,0x6b,0x8d,0x73,0x8d,0x73,
    0x8d,0x6b,0x6c,0x6b,0x8c,0x73,0x8c,0x6b,0x6c,0x73,0x8c,0x6b,0x8c,0x73,0x8d,0x6b,0x6c,0x6b,0x6d,0x6b,0x6c,0x73,0x8d,0x6b,
    0x6c,0x6b,0x6c,0x6b,0x8d,0x73,0x8d,0x73,0xad,0x73,0x8d,0x73,0xad,0x73,0x8d,0x6b,0x8d,0x73,0x6d,0x6b,0x8c,0x73,0x6c,0x6b,
    0x6c,0x6b,0x6d,0x73,0x6c,0x6b,0x6c,0x73,0x6c,0x6b,0x6c,0x6b,0x6c,0x6b,0x6c,0x73,0x6c,0x6b,0x6c,0x73,0x6c,0x73,0x6d,0x73,
    0x6c,0x6b,0x6c,0x6b,0x4c,0x6b,0x4c,0x63,0x2c,0x63,0x4c,0x63,0x2c,0x63,0x2c,0x6b,0x2c,0x63,0x2c,0x63,0x2c,0x63,0x0c,0x63,
    0x2b,0x63,0x2c,0x63,0x0b,0x63,0x0c,0x5b,0x0c,0x63,0x0c,0x63,0xec,0x5a,0x0c,0x63,0xec,0x5a,0x0c,0x63,0xec,0x5a,0xeb,0x62,
    0x0c,0x5b,0xeb,0x62,0x0c,0x63,0x0c,0x5b,0x0c,0x63,0x0c,0x63,0x0c,0x5b,0x0c,0x63,0x2c,0x63,0x0b,0x5b,0x0c,0x63,0x0c,0x63,
    0x0b,0x5b,0x2c,0x63,0x0b,0x5b,0x2c,0x63,0x2b,0x5b,0x2c,0x63,0x0b,0x63,0x0b,0x5b,0x2b,0x63,0x2c,0x63,0x0c,0x5b,0x2b,0x63,
    0x0b,0x5b,0x2b,0x63,0x0c,0x5b,0x0b,0x63,0x2b,0x5b,0x2b,0x63,0x2b,0x5b,0x0b,0x63,0x0b,0x5b,0x0c,0x5b,0x0b,0x5b,0x0b,0x63,
    0x0b,0x5b,0x0b,0x63,0xeb,0x5a,0xeb,0x5a,0x0b,0x5b,0x0b,0x5b,0x0b,0x53,0x0b,0x5b,0x0c,0x53,0x0b,0x5b,0xeb,0x5a,0x0b,0x53,
    0xeb,0x52,0x0b,0x5b,0x0c,0x5b,0xec,0x52,0xeb,0x5a,0x0a,0x5b,0xeb,0x52,0xeb,0x5a,0xeb,0x5a,0xeb,0x52,0xea,0x5a,0xeb,0x5a,
    0xeb,0x5a,0xea,0x5a,0xeb,0x52,0xea,0x5a,0xeb,0x52,0xea,0x5a,0xcb,0x5a,0xeb,0x5a,0xeb,0x52,0xeb,0x5a,0xcb,0x5a,0xeb,0x52,
    0xeb,0x52,0xeb,0x52,0xeb,0x5a,0xeb,0x5a,0xca,0x52,0xeb,0x5a,0xcb,0x52,0xeb,0x5a,0x0c,0x53,0xcb,0x5a,0xeb,0x52,0xec,0x52,
    0xeb,0x52,0xcb,0x52,0xeb,0x52,0xcb,0x52,0xac,0x73,0x8c,0x7b,0xad,0x7b,0xad,0x73,0xad,0x7b,0xad,0x73,0x8c,0x7b,0xac,0x73,
    0xae,0x73,0xad,0x73,0x8c,0x73,0x8d,0x73,0x8d,0x73,0x8d,0x6b,0x8c,0x6b,0x8c,0x73,0x8d,0x73,0x8d,0x73,0x8d,0x6b,0x8d,0x73,
    0x8d,0x73,0x8d,0x73,0x8d,0x73,0x8c,0x73,0x8c,0x73,0x8c,0x73,0x8c,0x73,0x6c,0x73,0x8c,0x73,0x8c,0x73,0x8d,0x73,0x8c,0x73,
    0x8c,0x73,0x8c,0x6b,0x8c,0x73,0x6d,0x73,0x8d,0x73,0x6d,0x73,0x8d,0x73,0xac,0x73,0xac,0x7b,0xac,0x73,0x8d,0x73,0xac,0x73,
    0x8d,0x73,0x8c,0x73,0x6c,0x6b,0x6c,0x6b,0x6b,0x6b,0x6c,0x73,0x6c,0x73,0x6c,0x6b,0x4c,0x6b,0x6c,0x6b,0x4d,0x73,0x6c,0x73,
    0x6b,0x6b,0x4c,0x6b,0x6b,0x6b,0x4c,0x6b,0x6c,0x6b,0x6c,0x6b,0x4c,0x63,0x4c,0x63,0x4c,0x6b,0x2c,0x63,0x4c,0x6b,0x2c,0x6b,
    0x2c,0x63,0x2c,0x63,0x2b,0x63,0x0c,0x63,0x2c,0x63,0x2c,0x63,0x0c,0x63,0x0c,0x63,0xec,0x5a,0x0c,0x63,0xeb,0x5a,0x0c,0x63,
    0xeb,0x5a,0x0c,0x5b,0xec,0x62,0x0c,0x5b,0x0b,0x63,0x0c,0x5b,0xec,0x62,0x0c,0x63,0x0c,0x63,0x0b,0x63,0x0c,0x63,0x2b,0x5b,
    0x0c,0x63,0x0b,0x63,0x2c,0x5b,0x0b,0x63,0x0c,0x63,0x2b,0x63,0x2c,0x63,0x0b,0x63,0x0c,0x63,0x2b,0x63,0x0b,0x5b,0x0c,0x63,
    0x0b,0x5b,0x2c,0x63,0x2b,0x5b,0x2c,0x5b,0x0b,0x63,0x2b,0x5b,0x0b,0x63,0x2b,0x5b,0x0b,0x63,0x0c,0x5b,0x0b,0x63,0x2b,0x5b,
    0x0b,0x63,0x0b,0x5b,0x0b,0x5b,0xeb,0x5a,0x0b,0x5b,0xeb,0x5a,0x0b,0x5b,0xea,0x5a,0xeb,0x5a,0xeb,0x5a,0xeb,0x5a,0xeb,0x5a,
    0x0b,0x5b,0xec,0x5a,0x0b,0x5b,0xeb,0x5a,0xeb,0x5a,0xeb,0x52,0x0c,0x5b,0xeb,0x5a,0xeb,0x5a,0xeb,0x5a,0xea,0x5a,0xea,0x5a,
    0xeb,0x5a,0xeb,0x52,0xea,0x5a,0xeb,0x5a,0xeb,0x5a,0xea,0x5a,0xcb,0x5a,0xea,0x5a,0xcb,0x52,0xeb,0x5a,0xea,0x52,0xeb,0x5a,
    0xca,0x52,0xeb,0x52,0xca,0x52,0xec,0x5a,0xeb,0x52,0xcb,0x52,0xeb,0x5a,0xca,0x5a,0xeb,0x52,0xea,0x5a,0xeb,0x5a,0xeb,0x52,
    0xeb,0x52,0xeb,0x52,0xcb,0x5a,0xeb,0x5a,0xcb,0x5a,0xeb,0x52,0xcb,0x52,0xcb,0x52,0xad,0x7b,0x8c,0x7b,0x8c,0x73,0x8c,0x7b,
    0x8c,0x73,0xad,0x73,0x8c,0x73,0x8c,0x73,0x8d,0x73,0x8c,0x73,0x8c,0x73,0x8c,0x73,0x8d,0x73,0x8c,0x73,0x8d,0x6b,0x6d,0x73,
    0x8d,0x6b,0x8d,0x73,0x8d,0x73,0x8c,0x73,0x8c,0x73,0x8d,0x73,0xad,0x73,0x8c,0x7b,0xac,0x7b,0x8c,0x73,0xac,0x7b,0x8c,0x7b,
    0x8c,0x73,0x8d,0x7b,0x8c,0x73,0x6c,0x73,0x6c,0x73,0x8c,0x73,0x8c,0x6b,0x8c,0x73,0x8d,0x7b,0xad,0x73,0xad,0x7b,0x8c,0x73,
    0x8d,0x7b,0x8d,0x73,0x8d,0x73,0x6c,0x6b,0x6b,0x6b,0x6c,0x6b,0x6c,0x6b,0x6c,0x6b,0x6c,0x6b,0x6b,0x6b,0x4d,0x6b,0x4c,0x73,
    0x6c,0x6b,0x6c,0x6b,0x4c,0x6b,0x6c,0x73,0x6c,0x6b,0x6c,0x6b,0x6c,0x6b,0x4c,0x6b,0x4c,0x63,0x4c,0x6b,0x4c,0x6b,0x4c,0x63,
    0x2c,0x63,0x4c,0x63,0x4c,0x63,0x2c,0x63,0x2c,0x6b,0x2b,0x63,0x2c,0x63,0x0c,0x63,0x2c,0x63,0x0c,0x63,0x0b,0x63,0x0c,0x63,
    0x0c,0x63,0x0c,0x5b,0x0c,0x63,0xec,0x5a,0x0c,0x63,0xec,0x5a,0x0b,0x63,0x0c,0x5b,0x0c,0x63,0xec,0x5a,0x0c,0x63,0x0b,0x5b,
    0x0c,0x63,0x2c,0x5b,0x0b,0x63,0x0c,0x63,0x2c,0x63,0x2b,0x63,0x2b,0x63,0x2b,0x63,0x0c,0x63,0x0c,0x63,0x2c,0x63,0x2b,0x63,
    0x0c,0x63,0x2b,0x63,0x0c,0x63,0x2b,0x5b,0x0b,0x63,0x0b,0x5b,0x0b,0x63,0x0b,0x63,0x0b,0x5b,0x0c,0x5b,0x0b,0x63,0x0b,0x5b,
    0x2b,0x63,0x0b,0x5b,0x0b,0x63,0x0b,0x5b,0x0b,0x5b,0xeb,0x5a,0x0b,0x63,0x0b,0x5b,0xea,0x62,0xeb,0x5a,0x0b,0x63,0x0b,0x5b,
    0xeb,0x5a,0xeb,0x5a,0x0a,0x63,0xeb,0x5a,0xeb,0x5a,0xeb,0x5a,0x0b,0x5b,0xeb,0x5a,0xeb,0x5a,0x0b,0x5b,0xea,0x52,0xeb,0x5a,
    0xea,0x5a,0x0b,0x5b,0xeb,0x5a,0xeb,0x5a,0xeb,0x5a,0xea,0x5a,0xeb,0x5a,0xea,0x52,0xeb,0x5a,0xeb,0x5a,0xeb,0x5a,0xea,0x5a,
    0xeb,0x52,0xeb,0x5a,0xeb,0x5a,0xca,0x5a,0xeb,0x5a,0xea,0x52,0xcb,0x52,0xeb,0x52,0xcb,0x52,0xea,0x52,0xcb,0x52,0xeb,0x52,
    0xea,0x5a,0xcc,0x52,0xeb,0x5a,0xca,0x5a,0xcb,0x52,0xeb,0x52,0xcb,0x5a,0xcb,0x52,0xca,0x5a,0xcb,0x5a,0xcb,0x52,0xcb,0x52,
    0x8d,0x7b,0x8c,0x7b,0x8c,0x7b,0x8c,0x7b,0x8c,0x73,0x8c,0x73,0x8c,0x73,0x8c,0x73,0x8c,0x73,0x8c,0x73,0x8c,0x73,0x8c,0x73,
    0x8c,0x73,0x8c,0x6b,0x8c,0x73,0x8c,0x6b,0x8d,0x73,0x8d,0x6b,0x8c,0x73,0x6c,0x73,0x8d,0x73,0x8d,0x7b,0x8c,0x73,0xad,0x7b,
    0x6c,0x73,0x8c,0x7b,0x8d,0x7b,0x8c,0x7b,0x8c,0x7b,0x8c,0x73,0x6c,0x73,0x8c,0x73,0x8c,0x73,0x8c,0x73,0x6c,0x7b,0x8c,0x73,
    0x8c,0x7b,0x8c,0x7b,0x8c,0x73,0x8c,0x7b,0x6c,0x73,0x8d,0x7b,0x6c,0x73,0x4b,0x6b,0x6c,0x6b,0x6b,0x6b,0x6c,0x6b,0x6c,0x6b,
    0x6c,0x6b,0x4b,0x6b,0x6c,0x6b,0x4c,0x6b,0x4c,0x6b,0x6d,0x6b,0x4b,0x73,0x4c,0x73,0x4c,0x6b,0x6d,0x73,0x4c,0x6b,0x6c,0x6b,
    0x4c,0x63,0x4c,0x63,0x4b,0x6b,0x2b,0x63,0x2b,0x6b,0x2c,0x63,0x2b,0x63,0x2c,0x63,0x2b,0x63,0x2c,0x63,0x2c,0x63,0x0b,0x63,
    0x0c,0x63,0x0c,0x63,0x0c,0x5b,0x0c,0x63,0x0b,0x5b,0x0c,0x63,0x0c,0x5b,0x0b,0x63,0x0c,0x5b,0x0c,0x63,0x0c,0x5b,0xeb,0x62,
    0xec,0x5a,0x0b,0x63,0x0c,0x5b,0x0c,0x63,0x0c,0x63,0x0c,0x63,0x2c,0x63,0x0b,0x63,0x0c,0x63,0x0b,0x63,0x2c,0x63,0x0b,0x63,
    0x2b,0x63,0x0c,0x63,0x0b,0x63,0x2c,0x63,0x2b,0x5b,0x2c,0x63,0x0b,0x63,0x2c,0x63,0x0b,0x5b,0x0b,0x63,0x2c,0x5b,0x0b,0x63,
    0x0b,0x5b,0x0b,0x63,0x0b,0x5b,0x0b,0x5b,0x0b,0x5b,0x0b,0x63,0xeb,0x5a,0x0b,0x5b,0x0b,0x63,0xeb,0x5a,0xeb,0x5a,0x0b,0x5b,
    0x0b,0x5b,0xeb,0x5a,0x0b,0x5b,0xeb,0x5a,0x0a,0x5b,0x0b,0x5b,0xeb,0x5a,0xeb,0x5a,0xea,0x5a,0xeb,0x5a,0xeb,0x5a,0xeb,0x5a,
    0xeb,0x5a,0x0b,0x5b,0xcb,0x5a,0xea,0x5a,0xeb,0x5a,0xcb,0x5a,0xeb,0x5a,0xea,0x5a,0xeb,0x5a,0xcc,0x5a,0xeb,0x5a,0xea,0x5a,
    0xcb,0x5a,0xea,0x5a,0xec,0x5a,0xcb,0x5a,0xea,0x52,0xcb,0x5a,0xca,0x5a,0xeb,0x5a,0xca,0x5a,0xcb,0x52,0xca,0x5a,0xca,0x5a,
    0xcb,0x5a,0xcb,0x52,0xeb,0x52,0xca,0x52,0xeb,0x52,0xeb,0x52,0xeb,0x52,0xcb,0x52,0xcb,0x52,0xca,0x52,0xeb,0x5a,0xcb,0x5a,
    0xcb,0x52,0xca,0x52,0xcb,0x52,0xab,0x5a,0x8c,0x7b,0x8d,0x7b,0x8c,0x7b,0x8c,0x73,0x8c,0x7b,0x6c,0x7b,0x6c,0x73,0x6c,0x7b,
    0x6c,0x73,0x8c,0x73,0x8c,0x73,0x8d,0x73,0x6c,0x73,0x6c,0x73,0x6c,0x6b,0x8c,0x73,0x8b,0x6b,0x6c,0x73,0x8c,0x7b,0x6c,0x73,
    0x6c,0x7b,0x8c,0x73,0x8c,0x7b,0x8d,0x7b,0x8c,0x7b,0x8c,0x7b,0x8c,0x73,0x8c,0x7b,0x8c,0x7b,0x8c,0x73,0x6c,0x73,0x8c,0x73,
    0x8c,0x73,0x6c,0x73,0x6c,0x73,0x6c,0x7b,0x6c,0x73,0x8c,0x7b,0x8c,0x7b,0x8c,0x7b,0x8c,0x7b,0xac,0x7b,0x8c,0x7b,0x8c,0x73,
    0x8c,0x73,0x6c,0x6b,0x6b,0x73,0x6c,0x73,0x4b,0x6b,0x4c,0x6b,0x6c,0x6b,0x6c,0x73,0x4c,0x6b,0x6c,0x6b,0x6c,0x73,0x4b,0x73,
    0x6c,0x6b,0x4c,0x73,0x6c,0x6b,0x4c,0x6b,0x4c,0x6b,0x4c,0x63,0x4c,0x63,0x2b,0x63,0x2b,0x63,0x2c,0x63,0x2b,0x63,0x2c,0x63,
    0x2c,0x6b,0x0c,0x63,0x2b,0x63,0x0c,0x63,0x0c,0x63,0x2b,0x63,0x0c,0x63,0x0c,0x5b,0x0c,0x63,0x0c,0x5b,0x0c,0x63,0x0c,0x63,
    0x0c,0x5b,0x0c,0x63,0x0b,0x63,0x0c,0x5b,0x0c,0x63,0x0c,0x5b,0x0c,0x63,0x0b,0x63,0x2b,0x63,0x0c,0x5b,0x0c,0x63,0x2b,0x63,
    0x0b,0x63,0x2c,0x63,0x2c,0x63,0x2c,0x6b,0x0b,0x63,0x2c,0x63,0x0b,0x63,0x2b,0x63,0x0c,0x63,0x2b,0x63,0x0c,0x63,0x2b,0x63,
    0x0b,0x63,0x0b,0x5b,0x0b,0x5b,0x2b,0x5b,0x0b,0x63,0x0b,0x5b,0x0b,0x5b,0x0b,0x5b,0x0b,0x63,0xeb,0x5a,0x0b,0x5b,0x0b,0x63,
    0x0b,0x5b,0x0a,0x5b,0xeb,0x5a,0xea,0x62,0x0b,0x5b,0xea,0x5a,0xeb,0x5a,0xea,0x5a,0xeb,0x5a,0x0b,0x5b,0xeb,0x5a,0xea,0x5a,
    0xeb,0x5a,0xeb,0x5a,0xea,0x5a,0xeb,0x5a,0xec,0x5a,0xeb,0x5a,0xeb,0x5a,0xca,0x5a,0xcb,0x5a,0xeb,0x5a,0xeb,0x5a,0xca,0x5a,
    0xea,0x5a,0xeb,0x5a,0xea,0x5a,0xeb,0x52,0xea,0x5a,0xcb,0x52,0xeb,0x5a,0xeb,0x5a,0xcb,0x52,0xea,0x52,0xcb,0x52,0xeb,0x52,
    0xca,0x5a,0xcb,0x52,0xca,0x52,0xeb,0x52,0xca,0x5a,0xca,0x5a,0xeb,0x52,0xcb,0x52,0xeb,0x52,0xca,0x52,0xcb,0x52,0xca,0x5a,
    0xea,0x52,0xcb,0x52,0xcb,0x52,0xcb,0x5a,0xcb,0x5a,0xcb,0x52,0xca,0x52,0xcb,0x52,0x8c,0x7b,0x8c,0x73,0x6c,0x73,0x8c,0x7b,
    0x8c,0x73,0x8c,0x73,0x6c,0x73,0x6b,0x73,0x6c,0x7b,0x8b,0x73,0x6c,0x6b,0x6c,0x73,0x8c,0x6b,0x8c,0x73,0x6b,0x73,0x6c,0x73,
    0x8c,0x73,0x6c,0x73,0x8c,0x73,0x6c,0x7b,0x6c,0x73,0x6c,0x73,0x6c,0x73,0x8c,0x73,0x6c,0x7b,0x8c,0x7b,0x8d,0x7b,0x8d,0x7b,
    0x8c,0x73,0x8c,0x7b,0x6b,0x73,0x6c,0x73,0x6c,0x7b,0x6c,0x73,0x6b,0x73,0x6c,0x73,0x6c,0x73,0x6b,0x73,0x6c,0x73,0x8d,0x7b,
    0x8c,0x73,0x6c,0x7b,0x8c,0x7b,0x6c,0x73,0x6b,0x73,0x6c,0x73,0x4c,0x73,0x4b,0x73,0x4b,0x73,0x4c,0x73,0x4c,0x6b,0x4b,0x6b,
    0x4b,0x6b,0x6c,0x6b,0x4b,0x6b,0x4b,0x73,0x4b,0x6b,0x4c,0x6b,0x4b,0x6b,0x6b,0x6b,0x4b,0x63,0x2b,0x6b,0x4b,0x6b,0x4c,0x63,
    0x2b,0x6b,0x2b,0x63,0x2b,0x6b,0x2b,0x63,0x2b,0x63,0x0c,0x63,0x2c,0x63,0x0b,0x63,0x0c,0x63,0x0b,0x5b,0x0c,0x63,0x0b,0x63,
    0x0c,0x63,0x0b,0x5b,0x0c,0x63,0x0b,0x5b,0x0c,0x63,0x0c,0x5b,0x0c,0x63,0x0c,0x63,0x0b,0x63,0x0c,0x63,0x0c,0x63,0x0b,0x63,
    0x2c,0x63,0x0b,0x63,0x2c,0x63,0x0b,0x63,0x2c,0x63,0x0b,0x63,0x2b,0x6b,0x2c,0x63,0x2c,0x63,0x2b,0x6b,0x0b,0x63,0x2c,0x63,
    0x2b,0x6b,0x0b,0x63,0x0b,0x63,0x0b,0x63,0x0b,0x5b,0x2c,0x63,0x0b,0x5b,0x0b,0x63,0x0b,0x5b,0x0b,0x63,0x0b,0x5b,0x0b,0x63,
    0x0b,0x5b,0x0b,0x63,0x0b,0x5b,0xea,0x5a,0x0b,0x5b,0xeb,0x62,0xeb,0x5a,0xeb,0x5a,0xeb,0x5a,0xeb,0x5a,0xea,0x5a,0xeb,0x5a,
    0xeb,0x5a,0xea,0x5a,0xeb,0x5a,0xeb,0x5a,0xeb,0x5a,0xea,0x5a,0xca,0x5a,0xea,0x5a,0xeb,0x5a,0xea,0x5a,0xeb,0x5a,0xea,0x5a,
    0xea,0x5a,0xea,0x5a,0xeb,0x5a,0xea,0x5a,0xcb,0x52,0xea,0x5a,0xeb,0x5a,0xca,0x5a,0xcb,0x5a,0xca,0x5a,0xcb,0x5a,0xcb,0x5a,
    0xea,0x52,0xcb,0x52,0xea,0x5a,0xcb,0x52,0xca,0x4a,0xcb,0x4a,0xea,0x5a,0xca,0x5a,0xca,0x52,0xcb,0x52,0xca,0x52,0xeb,0x52,
    0xca,0x52,0xea,0x5a,0xcb,0x52,0xca,0x52,0xca,0x5a,0xcb,0x52,0xcb,0x5a,0xca,0x52,0xcb,0x52,0xca,0x52,0xaa,0x52,0xca,0x5a,
    0x6c,0xac,0x4c,0x9c,0x2c,0x9c,0x6c,0xac,0x8c,0xac,0x2d,0x9c,0xec,0x8b,0xac,0x83,0x8c,0x73,0x6c,0x73,0x6c,0x73,0x6b,0x73,
    0x6c,0x73,0x8c,0x73,0x6c,0x73,0x6b,0x73,0x6c,0x6b,0x8c,0x73,0x6c,0x73,0x6c,0x73,0x8c,0x7b,0x8c,0x7b,0x8c,0x7b,0x8c,0x73,
    0x6c,0x73,0x6c,0x73,0x8b,0x7b,0x8c,0x7b,0x8c,0x7b,0x8c,0x7b,0x8d,0x7b,0x8c,0x73,0x6c,0x73,0x4b,0x73,0x6c,0x73,0x6b,0x73,
    0x6c,0x7b,0x6c,0x73,0x6c,0x73,0x6b,0x73,0x6c,0x7b,0x8c,0x7b,0x6c,0x73,0x6b,0x7b,0x6c,0x73,0x6c,0x73,0x4c,0x73,0x4c,0x6b,
    0x4b,0x6b,0x2b,0x73,0x4b,0x73,0x2b,0x73,0x4c,0x6b,0x2b,0x6b,0x4b,0x73,0x2c,0x6b,0x4b,0x73,0x4c,0x6b,0x4b,0x73,0x6c,0x6b,
    0x4b,0x73,0x2b,0x6b,0x2b,0x6b,0x2c,0x6b,0x2c,0x63,0x2b,0x6b,0x2c,0x63,0x2c,0x63,0x2b,0x63,0x0b,0x63,0x0c,0x63,0x0c,0x63,
    0x2c,0x63,0x0b,0x63,0x0c,0x5b,0x0c,0x63,0x0b,0x5b,0x0c,0x63,0x0c,0x63,0x0c,0x63,0x0b,0x63,0x0c,0x5b,0xec,0x62,0x0b,0x63,
    0x0c,0x5b,0x0c,0x63,0x0b,0x5b,0x0b,0x63,0x0b,0x63,0x2b,0x63,0x0c,0x63,0x0c,0x63,0x0b,0x63,0x2c,0x63,0x0b,0x63,0x2c,0x6b,
    0x0b,0x63,0x2c,0x6b,0x2c,0x63,0x2b,0x6b,0x2c,0x63,0x2b,0x6b,0x2b,0x6b,0x0b,0x63,0x2b,0x63,0x0b,0x63,0x0b,0x63,0x0b,0x63,
    0xeb,0x5a,0x0b,0x63,0xeb,0x5a,0x0b,0x63,0xeb,0x5a,0x0a,0x5b,0xeb,0x5a,0xeb,0x5a,0xeb,0x5a,0xea,0x5a,0x0b,0x5b,0xea,0x5a,
    0xeb,0x5a,0xea,0x5a,0xeb,0x5a,0xeb,0x5a,0xea,0x5a,0xcb,0x5a,0xeb,0x5a,0xca,0x5a,0xeb,0x5a,0xca,0x5a,0x29,0x42,0xea,0x5a,
    0xeb,0x5a,0xea,0x5a,0xcb,0x5a,0xcb,0x5a,0xca,0x52,0xcb,0x5a,0xea,0x5a,0xea,0x5a,0xcb,0x5a,0xca,0x5a,0xca,0x5a,0xea,0x52,
    0xcb,0x52,0xea,0x5a,0xca,0x52,0xeb,0x5a,0xca,0x5a,0xca,0x5a,0xcb,0x52,0xca,0x52,0xca,0x52,0xeb,0x5a,0xca,0x52,0xcb,0x52,
    0xca,0x5a,0xea,0x5a,0xcb,0x52,0xca,0x52,0xcb,0x52,0xca,0x5a,0xca,0x52,0xca,0x5a,0xca,0x52,0xca,0x52,0xca,0x5a,0xcb,0x52,
    0xcb,0x52,0xaa,0x5a,0xca,0x52,0xab,0x52,0x6e,0xdd,0x4e,0xdd,0x4e,0xdd,0x6e,0xdd,0x2d,0xd5,0x8c,0xbc,0x6d,0xac,0x0c,0x9c,
    0xac,0x83,0x6b,0x7b,0x6c,0x7b,0x6c,0x73,0x6b,0x73,0x6c,0x73,0x6b,0x73,0x6c,0x73,0x6b,0x73,0x6c,0x73,0x6c,0x7b,0x6b,0x73,
    0x8c,0x7b,0x8c,0x73,0x8c,0x83,0xac,0x7b,0x8c,0x7b,0x8b,0x7b,0xac,0x7b,0xac,0x7b,0xac,0x7b,0xac,0x7b,0xad,0x7b,0xac,0x83,
    0xcc,0x83,0xac,0x83,0x8b,0x83,0xac,0x7b,0x8c,0x7b,0x6c,0x7b,0x8c,0x7b,0x8c,0x7b,0x8b,0x7b,0xab,0x83,0xac,0x83,0xcc,0x8b,
    0xab,0x83,0x8b,0x73,0x6b,0x7b,0x6b,0x73,0x6c,0x73,0x4c,0x73,0x4b,0x6b,0x4c,0x73,0x4b,0x73,0x4b,0x6b,0x4c,0x73,0x4b,0x6b,
    0x2b,0x73,0x4b,0x6b,0x4b,0x73,0x4c,0x73,0x4b,0x6b,0x4c,0x73,0x2b,0x6b,0x4c,0x6b,0x2b,0x6b,0x2b,0x63,0x2b,0x6b,0x0b,0x6b,
    0x2c,0x63,0x2c,0x63,0x0b,0x63,0x0c,0x63,0x0b,0x63,0x0c,0x63,0x0b,0x63,0x0c,0x5b,0x0c,0x63,0x0b,0x63,0x0b,0x5b,0x0c,0x63,
    0x0b,0x5b,0x0c,0x63,0x0b,0x5b,0x0c,0x63,0x0b,0x63,0xec,0x5a,0x0b,0x63,0x0c,0x63,0x0b,0x5b,0x0c,0x63,0x0c,0x5b,0x0b,0x63,
    0x0b,0x63,0x0b,0x63,0x0b,0x63,0x2b,0x63,0x0b,0x63,0x2b,0x63,0x0b,0x63,0x2b,0x6b,0x2c,0x63,0x2b,0x6b,0x2b,0x63,0x2b,0x6b,
    0x2b,0x6b,0x2b,0x63,0x2c,0x63,0x0b,0x63,0x0b,0x63,0xeb,0x62,0x0b,0x5b,0x0b,0x5b,0xeb,0x5a,0xea,0x5a,0xeb,0x5a,0x0a,0x5b,
    0xeb,0x5a,0xea,0x5a,0xeb,0x5a,0xeb,0x5a,0xea,0x5a,0xeb,0x5a,0xeb,0x5a,0xea,0x5a,0xeb,0x5a,0xea,0x5a,0xca,0x5a,0xeb,0x5a,
    0xea,0x5a,0xeb,0x5a,0xea,0x5a,0xcb,0x5a,0xeb,0x5a,0xca,0x5a,0xcb,0x5a,0xea,0x5a,0xeb,0x5a,0xea,0x5a,0xca,0x52,0xcb,0x52,
    0xca,0x5a,0xeb,0x52,0xcb,0x5a,0xca,0x5a,0xcb,0x52,0xca,0x5a,0xeb,0x52,0xca,0x5a,0xca,0x52,0xcb,0x5a,0xca,0x5a,0xca,0x5a,
    0xca,0x52,0xca,0x5a,0xcb,0x5a,0xca,0x52,0xca,0x52,0xca,0x5a,0xcb,0x52,0xca,0x5a,0xca,0x52,0xeb,0x5a,0xca,0x5a,0xeb,0x5a,
    0xca,0x52,0xca,0x52,0xca,0x5a,0xca,0x52,0xab,0x5a,0xca,0x52,0xaa,0x5a,0xaa,0x52,0x6e,0xdd,0x8e,0xdd,0x6d,0xdd,0x2d,0xd5,
    0x0d,0xcd,0xcd,0xcc,0x8c,0xbc,0x6c,0xb4,0x0c,0x9c,0xcc,0x8b,0x8b,0x83,0x8c,0x7b,0x6c,0x7b,0x6c,0x7b,0x6b,0x73,0x4c,0x73,
    0x6b,0x7b,0x8b,0x7b,0xac,0x8b,0xec,0x8b,0x2d,0x9c,0x2d,0xa4,0x2c,0xa4,0x2d,0xa4,0x2c,0xa4,0x0c,0x9c,0x0c,0x9c,0xec,0x8b,
    0xac,0x83,0xab,0x83,0xac,0x83,0xcc,0x8b,0xec,0x93,0x0c,0x94,0x0c,0x9c,0xec,0x93,0xcc,0x8b,0xac,0x83,0xac,0x83,0xcb,0x83,
    0xcc,0x8b,0xec,0x93,0xec,0x9b,0xed,0x93,0xec,0x8b,0xab,0x83,0xac,0x8b,0xab,0x83,0x8c,0x7b,0x8c,0x7b,0x6b,0x73,0x8c,0x7b,
    0x6c,0x73,0x4b,0x73,0x6c,0x7b,0x6c,0x7b,0x8b,0x73,0x6b,0x73,0x6b,0x73,0x4c,0x73,0x4b,0x6b,0x4b,0x73,0x4c,0x73,0x6b,0x6b,
    0x4c,0x6b,0x4b,0x6b,0x2b,0x6b,0x2b,0x63,0x2c,0x6b,0x2b,0x63,0x2c,0x63,0x0b,0x63,0x0b,0x63,0x2b,0x5b,0x0c,0x63,0x0b,0x63,
    0x0c,0x63,0x0b,0x63,0xec,0x5a,0x0b,0x63,0x0c,0x63,0x0c,0x63,0x0c,0x63,0x0b,0x5b,0x0b,0x63,0x0b,0x63,0x0c,0x5b,0x0c,0x63,
    0x0b,0x63,0x0b,0x63,0x0b,0x63,0x0c,0x5b,0x0b,0x63,0x2b,0x5b,0x0b,0x5b,0x0c,0x63,0x0b,0x63,0x0c,0x63,0x0b,0x5b,0x0b,0x63,
    0x0b,0x63,0x0b,0x63,0x0b,0x63,0x0b,0x63,0x0c,0x63,0x0b,0x63,0x0b,0x63,0x0b,0x63,0x0b,0x63,0x0a,0x63,0x0b,0x5b,0x0b,0x63,
    0x0b,0x5b,0xea,0x62,0x0b,0x5b,0x0b,0x63,0xeb,0x5a,0xea,0x5a,0xeb,0x5a,0xea,0x5a,0xeb,0x5a,0xea,0x5a,0xeb,0x5a,0xea,0x5a,
    0xeb,0x5a,0xea,0x5a,0xeb,0x5a,0xcb,0x5a,0xea,0x5a,0xcb,0x5a,0xca,0x5a,0xea,0x5a,0xcb,0x5a,0xca,0x52,0xea,0x5a,0xcb,0x5a,
    0xca,0x52,0xcb,0x5a,0xea,0x5a,0xca,0x52,0xcb,0x52,0xea,0x52,0xca,0x5a,0xca,0x52,0xca,0x5a,0xcb,0x5a,0xca,0x5a,0xea,0x5a,
    0xca,0x52,0xca,0x5a,0xea,0x52,0xca,0x52,0xcb,0x5a,0xca,0x52,0xca,0x5a,0xca,0x5a,0xcb,0x52,0xea,0x5a,0xca,0x5a,0xcb,0x52,
    0xca,0x5a,0xea,0x52,0x69,0x4a,0x49,0x4a,0xca,0x5a,0xcb,0x52,0xca,0x5a,0xcb,0x52,0xcb,0x5a,0xca,0x52,0xaa,0x5a,0xaa,0x52,
    0x4d,0xdd,0x4d,0xdd,0x0c,0xd5,0x2c,0xdd,0x2c,0xd5,0x4d,0xdd,0x4d,0xd5,0x2d,0xd5,0xcc,0xc4,0x2c,0x9c,0xec,0x93,0xec,0x93,
    0xec,0x8b,0xac,0x83,0xac,0x83,0xcc,0x8b,0xec,0x9b,0x6d,0xac,0x6d,0xac,0x4c,0xac,0x6d,0xb4,0x8d,0xbc,0xad,0xc4,0xad,0xc4,
    0x6c,0xb4,0x6d,0xac,0x4d,0xa4,0x0c,0x9c,0xcb,0x8b,0xac,0x93,0xab,0x93,0xcb,0x93,0xcc,0x93,0xeb,0x9b,0xec,0x93,0xcc,0x93,
    0xcc,0x8b,0xcb,0x8b,0xcc,0x8b,0xec,0x93,0x0c,0x9c,0xec,0x9b,0xcc,0x8b,0xcb,0x93,0xcc,0x93,0xcc,0x83,0xac,0x8b,0xab,0x83,
    0x8b,0x83,0x8c,0x7b,0x8b,0x83,0xac,0x7b,0xab,0x7b,0xac,0x7b,0xab,0x83,0x8b,0x7b,0x8c,0x7b,0x8b,0x7b,0x8b,0x73,0x6b,0x73,
    0x8b,0x7b,0x8b,0x73,0x6b,0x73,0x4b,0x73,0x6b,0x6b,0x4b,0x6b,0x2c,0x6b,0x2b,0x6b,0x2b,0x6b,0x2b,0x6b,0x2c,0x63,0x2b,0x63,
    0x2c,0x6b,0x0b,0x63,0x0b,0x63,0x0c,0x63,0x0b,0x5b,0x0b,0x63,0x0b,0x63,0x0c,0x5b,0x0b,0x63,0x0b,0x5b,0xec,0x62,0x0b,0x63,
    0x0c,0x5b,0x0b,0x63,0xeb,0x62,0x0c,0x63,0x0b,0x5b,0x0c,0x63,0x0b,0x5b,0x0c,0x63,0x0b,0x63,0x0b,0x5b,0x0b,0x63,0x0b,0x5b,
    0x0b,0x63,0x0b,0x5b,0xeb,0x62,0x0b,0x5b,0x0b,0x63,0xeb,0x62,0x0b,0x63,0x0b,0x5b,0xeb,0x62,0x0b,0x5b,0xeb,0x62,0x0b,0x63,
    0xeb,0x5a,0x0b,0x63,0xeb,0x5a,0x0a,0x5b,0x0b,0x63,0xeb,0x5a,0xea,0x5a,0x0b,0x5b,0xeb,0x5a,0xea,0x5a,0xeb,0x5a,0xea,0x5a,
    0xeb,0x5a,0xea,0x5a,0xeb,0x5a,0xeb,0x5a,0xea,0x5a,0xeb,0x5a,0xca,0x5a,0xea,0x5a,0xcb,0x52,0xca,0x5a,0xcb,0x5a,0xca,0x52,
    0xeb,0x5a,0xeb,0x5a,0xca,0x5a,0xca,0x5a,0xeb,0x5a,0xca,0x5a,0xcb,0x5a,0xca,0x52,0xea,0x5a,0xca,0x5a,0xca,0x52,0xcb,0x5a,
    0xca,0x5a,0xea,0x52,0xca,0x5a,0xca,0x52,0xcb,0x5a,0xea,0x5a,0xca,0x52,0xca,0x52,0xca,0x5a,0xcb,0x5a,0xca,0x52,0xca,0x5a,
    0xca,0x52,0xcb,0x5a,0xeb,0x52,0xca,0x5a,0xca,0x5a,0xeb,0x52,0x8a,0x4a,0x69,0x4a,0xea,0x5a,0xca,0x52,0xaa,0x52,0xca,0x5a,
    0xab,0x52,0xab,0x5a,0xaa,0x52,0xaa,0x52,0x0b,0xd5,0x0b,0xd5,0x2c,0xdd,0x8d,0xdd,0xad,0xe5,0x8c,0xe5,0x8d,0xe5,0x8d,0xdd,
    0x2c,0xd5,0x8d,0xc4,0x6c,0xb4,0x4c,0xac,0x6d,0xb4,0x6b,0xb4,0x6c,0xb4,0x6c,0xbc,0x4c,0xb4,0x2c,0xa4,0xeb,0xa3,0xec,0xa3,
    0x2c,0xa4,0x2c,0xac,0x4c,0xb4,0x2c,0xac,0x2c,0xb4,0x2b,0xb4,0x2b,0xac,0xcb,0x9b,0xcc,0x93,0xcb,0x93,0xec,0x9b,0xcb,0x93,
    0xab,0x93,0x8b,0x8b,0xab,0x83,0x8b,0x83,0x8b,0x83,0x8b,0x83,0xab,0x83,0xab,0x83,0xab,0x83,0xab,0x83,0xab,0x83,0xac,0x83,
    0xab,0x8b,0xab,0x8b,0x8b,0x83,0x8b,0x7b,0x6b,0x7b,0x6b,0x7b,0x6b,0x7b,0x6b,0x7b,0x8b,0x7b,0x6b,0x73,0x6b,0x83,0x8b,0x83,
    0x8b,0x7b,0x8b,0x7b,0x8c,0x83,0x8c,0x7b,0x8b,0x7b,0x6b,0x7b,0x6b,0x73,0x6b,0x6b,0x4b,0x73,0x2b,0x6b,0x4b,0x6b,0x2b,0x63,
    0x2b,0x63,0x0b,0x63,0x2b,0x6b,0x2c,0x63,0x2b,0x63,0x0c,0x63,0x0b,0x63,0x0b,0x63,0x0c,0x63,0x2b,0x5b,0x0c,0x63,0x0b,0x63,
    0x0b,0x63,0x0b,0x63,0x0b,0x63,0x0b,0x5b,0xeb,0x62,0x0b,0x63,0x0b,0x5b,0x0c,0x63,0x0b,0x63,0xec,0x5a,0x0b,0x63,0x0b,0x63,
    0x0c,0x5b,0x0b,0x63,0x0b,0x63,0x0b,0x5b,0xeb,0x62,0x0b,0x63,0x0b,0x63,0x0b,0x63,0x0b,0x63,0x0b,0x63,0xeb,0x62,0x0b,0x63,
    0x0b,0x63,0xea,0x62,0xea,0x62,0x0b,0x63,0x0b,0x63,0x0b,0x5b,0x0b,0x63,0xeb,0x5a,0x0a,0x63,0xea,0x5a,0x0b,0x5b,0xea,0x5a,
    0x0b,0x63,0xeb,0x5a,0xea,0x5a,0xea,0x5a,0xeb,0x5a,0xea,0x5a,0xea,0x5a,0xca,0x5a,0xea,0x5a,0xca,0x5a,0xea,0x5a,0xeb,0x5a,
    0xca,0x5a,0xea,0x5a,0xea,0x5a,0xeb,0x5a,0x69,0x4a,0x69,0x4a,0xea,0x5a,0xca,0x52,0xca,0x52,0xca,0x5a,0xca,0x52,0xca,0x5a,
    0xcb,0x5a,0xca,0x52,0xca,0x5a,0xcb,0x5a,0xca,0x52,0xca,0x5a,0xca,0x52,0xca,0x5a,0xca,0x52,0xca,0x5a,0xcb,0x5a,0xca,0x5a,
    0xca,0x52,0xca,0x5a,0xca,0x52,0xcb,0x5a,0xea,0x5a,0xca,0x52,0xca,0x5a,0xca,0x52,0xca,0x5a,0xaa,0x52,0xea,0x5a,0xcb,0x5a,
    0xca,0x52,0xca,0x5a,0xca,0x52,0xca,0x5a,0xaa,0x52,0xca,0x52,0xaa,0x52,0xaa,0x5a,0xea,0xd4,0xea,0xd4,0x2c,0xdd,0x8c,0xe5,
    0x8b,0xe5,0xac,0xe5,0x8c,0xe5,0x6c,0xe5,0xeb,0xd4,0xec,0xd4,0xeb,0xd4,0xab,0xcc,0x8c,0xc4,0xac,0xc4,0x6c,0xc4,0x4c,0xbc,
    0x0b,0xac,0x0b,0xa4,0x0b,0xa4,0x0c,0xa4,0xeb,0x9b,0xeb,0xa3,0x0c,0xac,0x4b,0xb4,0xac,0xcc,0xcc,0xcc,0x8b,0xc4,0x4b,0xb4,
    0x2c,0xac,0x2b,0xac,0x0b,0xac,0xeb,0xa3,0xcb,0x9b,0xcb,0x93,0xcb,0x8b,0xab,0x8b,0xab,0x8b,0xcc,0x8b,0xcb,0x8b,0xcb,0x93,
    0xab,0x93,0xeb,0x93,0xec,0x93,0xcb,0x93,0xcb,0x93,0xab,0x93,0xcb,0x93,0xac,0x8b,0xab,0x8b,0xcb,0x93,0xab,0x8b,0x8b,0x8b,
    0xac,0x8b,0xab,0x83,0xab,0x8b,0xcc,0x8b,0xac,0x8b,0x8b,0x83,0xab,0x83,0x8b,0x83,0x8c,0x83,0x8b,0x83,0x6b,0x7b,0x6b,0x73,
    0x4b,0x73,0x4b,0x73,0x2b,0x6b,0x2c,0x6b,0x2b,0x6b,0x2b,0x63,0x0b,0x63,0x0b,0x63,0x0b,0x63,0x2b,0x63,0x0b,0x63,0x0b,0x63,
    0x0b,0x63,0x0b,0x63,0x0b,0x63,0x0b,0x63,0x0c,0x5b,0x0b,0x63,0x0b,0x5b,0x0c,0x63,0x0b,0x5b,0x0c,0x63,0x0b,0x5b,0x0b,0x63,
    0x0b,0x5b,0x0b,0x63,0x0b,0x5b,0xeb,0x62,0xeb,0x62,0xeb,0x62,0x0b,0x63,0xeb,0x62,0x0b,0x63,0x0b,0x63,0x0b,0x63,0x2b,0x6b,
    0x0b,0x6b,0x0b,0x63,0x2b,0x6b,0x0b,0x63,0x0b,0x6b,0x0b,0x63,0x0b,0x63,0x0b,0x63,0x0b,0x63,0x0a,0x63,0xeb,0x62,0xea,0x62,
    0xea,0x62,0xeb,0x62,0xea,0x5a,0xea,0x5a,0xea,0x5a,0xea,0x5a,0xca,0x62,0xeb,0x5a,0xea,0x5a,0xcb,0x5a,0xeb,0x5a,0xca,0x5a,
    0xea,0x5a,0xeb,0x5a,0xca,0x5a,0xeb,0x5a,0xca,0x52,0xeb,0x5a,0xca,0x5a,0xeb,0x5a,0x28,0x42,0x48,0x4a,0xeb,0x5a,0xca,0x5a,
    0xca,0x5a,0xea,0x5a,0xeb,0x5a,0xca,0x52,0xca,0x5a,0xca,0x5a,0xcb,0x52,0xca,0x5a,0xca,0x52,0xca,0x5a,0xcb,0x5a,0xca,0x52,
    0xca,0x5a,0xca,0x52,0xca,0x52,0xca,0x5a,0xca,0x52,0xca,0x5a,0xca,0x52,0xca,0x5a,0xca,0x52,0xca,0x5a,0xca,0x5a,0xcb,0x52,
    0xca,0x5a,0xca,0x52,0xca,0x5a,0xca,0x52,0xca,0x5a,0xca,0x52,0xab,0x5a,0xca,0x52,0xaa,0x5a,0xaa,0x52,0xaa,0x52,0xaa,0x52,
    0x4a,0xdd,0x2a,0xdd,0x09,0xdd,0x09,0xdd,0x29,0xe5,0x4a,0xe5,0x6a,0xe5,0x8b,0xe5,0x8c,0xed,0x6c,0xe5,0x8d,0xed,0x8c,0xe5,
    0x2b,0xdd,0xea,0xd4,0xab,0xcc,0x6c,0xbc,0x6a,0xbc,0x8b,0xc4,0x8b,0xc4,0x8b,0xc4,0xab,0xc4,0xcb,0xcc,0x0c,0xd5,0x0c,0xdd,
    0x2b,0xd5,0x0b,0xd5,0xec,0xd4,0xeb,0xd4,0xab,0xcc,0xaa,0xcc,0x8b,0xc4,0x8b,0xc4,0x8b,0xbc,0x6a,0xc4,0x6b,0xc4,0x6b,0xc4,
    0x8b,0xc4,0x8b,0xc4,0x6b,0xc4,0x6c,0xc4,0x6b,0xc4,0xa9,0x9b,0x8a,0xa3,0x6c,0xbc,0x4b,0xb4,0x4c,0xb4,0x2c,0xb4,0x2b,0xac,
    0x2b,0xb4,0x2b,0xac,0x0b,0xa4,0x0b,0xa4,0x0c,0xa4,0xcb,0x9b,0xab,0x93,0xab,0x93,0x8b,0x8b,0x8b,0x8b,0x8b,0x8b,0x8b,0x83,
    0x8b,0x83,0x8b,0x83,0x8b,0x8b,0x6b,0x83,0x8b,0x7b,0x6b,0x7b,0x4b,0x73,0x4b,0x73,0x4b,0x6b,0x2b,0x6b,0x2b,0x6b,0x2b,0x6b,
    0x2c,0x63,0x2b,0x6b,0x0c,0x63,0x2b,0x63,0x0c,0x63,0x0b,0x63,0x0b,0x63,0x0b,0x63,0x0b,0x63,0x0b,0x63,0x0b,0x63,0x0b,0x63,
    0x0b,0x63,0x0b,0x63,0xeb,0x5a,0x0b,0x63,0xeb,0x5a,0x0b,0x63,0xeb,0x62,0x0b,0x5b,0xeb,0x62,0x0b,0x5b,0x0b,0x63,0x0b,0x5b,
    0x0b,0x63,0x0b,0x63,0x0b,0x63,0x0b,0x63,0x2b,0x63,0x0b,0x6b,0x0a,0x63,0x0b,0x63,0x0a,0x63,0x0a,0x6b,0xeb,0x62,0x0a,0x63,
    0x0a,0x63,0x2b,0x6b,0x4b,0x73,0x4b,0x73,0x2b,0x6b,0x0a,0x63,0xea,0x62,0xea,0x62,0x0a,0x63,0x0b,0x63,0xea,0x62,0xea,0x62,
    0xea,0x62,0xea,0x5a,0xea,0x5a,0xeb,0x5a,0xca,0x5a,0xca,0x5a,0xca,0x5a,0xeb,0x5a,0xca,0x5a,0xca,0x5a,0xeb,0x52,0xca,0x5a,
    0x89,0x52,0xa9,0x52,0xca,0x5a,0xaa,0x52,0xca,0x52,0xca,0x52,0xca,0x5a,0xcb,0x5a,0xca,0x52,0xca,0x5a,0xca,0x5a,0xca,0x5a,
    0xca,0x5a,0xcb,0x52,0xca,0x5a,0xca,0x52,0xcb,0x5a,0xaa,0x5a,0xcb,0x5a,0xca,0x52,0xca,0x5a,0xca,0x52,0xeb,0x5a,0xca,0x5a,
    0xcb,0x52,0xca,0x5a,0xca,0x52,0xca,0x5a,0xca,0x52,0xaa,0x5a,0xca,0x52,0xaa,0x5a,0xaa,0x52,0xca,0x52,0xaa,0x5a,0xaa,0x52,
    0xaa,0x52,0xaa,0x5a,0xaa,0x52,0x8a,0x52,0xcc,0xf5,0xac,0xed,0xab,0xed,0x8b,0xed,0x6b,0xe5,0x8b,0xed,0x8a,0xed,0x69,0xe5,
    0x8a,0xed,0xcc,0xed,0x8b,0xed,0x8b,0xed,0xcd,0xf5,0xac,0xed,0x6b,0xe5,0x0b,0xdd,0x0b,0xdd,0xeb,0xdc,0xeb,0xd4,0xcb,0xd4,
    0xcb,0xdc,0xca,0xd4,0x8a,0xcc,0xaa,0xd4,0x8a,0xcc,0x8a,0xd4,0xaa,0xcc,0xa9,0xd4,0xca,0xd4,0xaa,0xd4,0xaa,0xd4,0xca,0xd4,
    0xca,0xcc,0xca,0xcc,0xca,0xd4,0xcb,0xd4,0xaa,0xcc,0xaa,0xcc,0x8b,0xcc,0x8b,0xc4,0x8b,0xc4,0xe9,0xab,0xc9,0xa3,0x6b,0xbc,
    0x4b,0xbc,0x2b,0xb4,0x2a,0xb4,0x0b,0xbc,0x0b,0xb4,0x0b,0xb4,0x2b,0xac,0x0b,0xb4,0x0a,0xac,0x0b,0xac,0x0b,0xa4,0xeb,0x9b,
    0xeb,0x9b,0xcb,0x93,0xab,0x9b,0xab,0x93,0xab,0x93,0xab,0x8b,0x8b,0x8b,0xab,0x8b,0x8b,0x83,0x6b,0x7b,0x8b,0x7b,0x6b,0x7b,
    0x4b,0x73,0x4b,0x73,0x2b,0x6b,0x4b,0x6b,0x2b,0x6b,0x2b,0x6b,0x2b,0x63,0x0b,0x6b,0x0b,0x63,0x2c,0x63,0x2b,0x63,0x2c,0x6b,
    0x2c,0x63,0x0c,0x63,0x0b,0x63,0x0b,0x63,0x2b,0x63,0x0b,0x63,0x0b,0x63,0x2b,0x63,0x0b,0x63,0x0b,0x63,0x0c,0x63,0x0b,0x63,
    0x0b,0x63,0xeb,0x62,0x0b,0x63,0x0b,0x63,0x0b,0x63,0x0b,0x63,0x0b,0x63,0x0b,0x6b,0x0a,0x63,0x0b,0x63,0x0b,0x6b,0x0a,0x63,
    0xeb,0x62,0xea,0x62,0x0a,0x63,0x4b,0x73,0x4b,0x7b,0xab,0x83,0xcb,0x93,0xcb,0x93,0xab,0x8b,0x8b,0x83,0x6b,0x83,0x8b,0x8b,
    0xaa,0x8b,0xaa,0x93,0x8b,0x93,0x8b,0x8b,0x6a,0x83,0x4a,0x7b,0x4b,0x83,0x2a,0x73,0x0b,0x73,0x2a,0x73,0x0a,0x6b,0xea,0x62,
    0xeb,0x5a,0xca,0x5a,0xea,0x62,0xea,0x62,0xea,0x6a,0xea,0x62,0x0a,0x6b,0x0a,0x6b,0xea,0x6a,0x0a,0x63,0xeb,0x62,0xc9,0x5a,
    0xca,0x5a,0xaa,0x52,0xaa,0x52,0xca,0x5a,0xca,0x52,0xca,0x5a,0xca,0x5a,0xca,0x5a,0xca,0x5a,0xca,0x52,0xca,0x5a,0xca,0x5a,
    0xcb,0x52,0xca,0x5a,0xca,0x52,0xca,0x5a,0xca,0x52,0xca,0x5a,0xcb,0x52,0xca,0x5a,0xcb,0x5a,0xca,0x52,0xca,0x5a,0xca,0x52,
    0xca,0x5a,0xca,0x52,0xaa,0x52,0xca,0x5a,0xaa,0x52,0xaa,0x52,0xaa,0x52,0xaa,0x52,0xec,0xed,0xcc,0xf5,0xab,0xed,0xab,0xed,
    0x8b,0xed,0xac,0xed,0x6a,0xed,0x48,0xed,0x28,0xe5,0x49,0xe5,0x28,0xe5,0x28,0xe5,0x29,0xe5,0x4a,0xe5,0x29,0xe5,0x2a,0xe5,
    0x0a,0xe5,0xea,0xdc,0xea,0xdc,0xca,0xd4,0x69,0xcc,0x49,0xcc,0x49,0xc4,0x4a,0xc4,0x4a,0xc4,0x4a,0xc4,0x6a,0xcc,0x89,0xcc,
    0x89,0xd4,0xa9,0xd4,0xca,0xd4,0xaa,0xd4,0xa9,0xd4,0xc9,0xdc,0x49,0xbc,0x27,0xa3,0x89,0xcc,0x6a,0xc4,0x6a,0xc4,0x6b,0xc4,
    0x4b,0xbc,0x6a,0xc4,0x4b,0xbc,0x2a,0xb4,0x0a,0xb4,0xea,0xb3,0x0a,0xb4,0x0a,0xac,0x0b,0xac,0x0b,0xac,0x0a,0xac,0x0a,0xac,
    0xeb,0xab,0x0a,0xb4,0xea,0xab,0xeb,0xab,0xeb,0xa3,0xcb,0xa3,0xca,0x9b,0xab,0x9b,0xab,0x93,0x8b,0x8b,0xab,0x83,0x8b,0x83,
    0x6b,0x7b,0x6b,0x7b,0x4b,0x73,0x4b,0x73,0x4a,0x73,0x4b,0x73,0x2b,0x6b,0x2a,0x6b,0x2b,0x6b,0x2a,0x6b,0x2b,0x6b,0x2b,0x63,
    0x2b,0x6b,0x2c,0x6b,0x2b,0x6b,0x0b,0x6b,0x2b,0x6b,0x2b,0x6b,0x2b,0x63,0x2b,0x6b,0x0b,0x63,0x0c,0x63,0x0b,0x63,0x0b,0x63,
    0x0b,0x63,0x0b,0x63,0x0b,0x5b,0x0b,0x63,0x0b,0x63,0x0b,0x5b,0x0b,0x63,0x0a,0x63,0xeb,0x62,0x0b,0x63,0x0b,0x63,0xeb,0x62,
    0x0b,0x63,0x0a,0x6b,0x0b,0x6b,0x2b,0x6b,0x0a,0x6b,0x2b,0x63,0x2b,0x73,0x6a,0x7b,0x8b,0x83,0xab,0x93,0xcb,0x9b,0xec,0xa3,
    0xab,0x9b,0xea,0xa3,0x0b,0xac,0x2c,0xac,0x0a,0xb4,0x2b,0xb4,0x2b,0xac,0x0a,0xac,0xeb,0xab,0x0a,0xa4,0xea,0xab,0xea,0xa3,
    0x0a,0xac,0x2b,0xb4,0xeb,0xa3,0x8a,0x93,0x8a,0x8b,0xaa,0x9b,0xca,0x9b,0xaa,0xa3,0xca,0xa3,0xea,0xa3,0x2b,0xb4,0x6b,0xb4,
    0x0a,0xb4,0x2b,0xb4,0x2b,0xac,0xca,0x9b,0xaa,0x8b,0xaa,0x93,0x8a,0x8b,0x6a,0x8b,0x4b,0x7b,0x0a,0x6b,0xca,0x5a,0xa9,0x52,
    0xaa,0x52,0xaa,0x52,0xca,0x52,0xca,0x5a,0xca,0x5a,0xca,0x52,0xaa,0x5a,0xca,0x52,0xaa,0x52,0xca,0x5a,0xca,0x52,0xaa,0x5a,
    0xaa,0x52,0xaa,0x5a,0xca,0x52,0xaa,0x52,0xaa,0x52,0xaa,0x5a,0xca,0x52,0xaa,0x52,0xaa,0x52,0xaa,0x52,0xaa,0x5a,0x8a,0x52,
    0x0e,0xf6,0x0d,0xf6,0x0d,0xee,0xed,0xf5,0xcc,0xf5,0xac,0xed,0x8b,0xed,0x8b,0xed,0x6a,0xed,0x49,0xed,0x08,0xe5,0x08,0xe5,
    0xc7,0xe4,0xc7,0xdc,0xc7,0xdc,0xc8,0xdc,0xc8,0xdc,0xea,0xdc,0xa9,0xd4,0xca,0xdc,0xaa,0xd4,0x6a,0xcc,0x49,0xcc,0x4a,0xc4,
    0x29,0xcc,0x4a,0xc4,0x49,0xcc,0x89,0xd4,0x89,0xd4,0xca,0xd4,0xea,0xd4,0xca,0xd4,0xc9,0xd4,0xc9,0xdc,0x8a,0xc4,0xa7,0xab,
    0xa9,0xdc,0xaa,0xcc,0x69,0xcc,0x4a,0xc4,0x2a,0xbc,0x0a,0xbc,0x0a,0xb4,0x0a,0xb4,0xea,0xb3,0xea,0xab,0xeb,0xab,0xea,0xa3,
    0x0b,0xa4,0xea,0xa3,0xeb,0xa3,0xeb,0xa3,0xea,0xa3,0xcb,0xa3,0xcb,0xa3,0xaa,0x9b,0xab,0x9b,0xaa,0x9b,0x8a,0x93,0x8b,0x93,
    0x6b,0x8b,0x6a,0x83,0x2a,0x73,0x68,0x62,0x6a,0x7b,0x2b,0x73,0x4a,0x6b,0x2a,0x73,0x2b,0x73,0x4a,0x6b,0x2b,0x6b,0x4b,0x6b,
    0x2a,0x6b,0x2b,0x63,0x0b,0x63,0x2b,0x6b,0x2b,0x6b,0x2b,0x6b,0x2b,0x6b,0x2b,0x6b,0x2b,0x6b,0x2b,0x63,0x0b,0x63,0x0b,0x63,
    0xeb,0x62,0xeb,0x62,0xeb,0x62,0xeb,0x62,0xeb,0x5a,0xeb,0x62,0xeb,0x5a,0xcb,0x5a,0x0b,0x5b,0x0b,0x63,0xea,0x62,0xeb,0x5a,
    0xeb,0x62,0xea,0x62,0x0b,0x63,0xea,0x62,0xeb,0x62,0x0a,0x63,0xea,0x62,0x0a,0x63,0xea,0x62,0x0b,0x6b,0x0b,0x6b,0x2a,0x73,
    0x6b,0x7b,0x8b,0x8b,0x6a,0x93,0xab,0x93,0xab,0x93,0xaa,0xa3,0xab,0xa3,0xeb,0xa3,0xea,0xab,0xea,0xab,0x0a,0xac,0x0a,0xac,
    0x0a,0xac,0x0b,0xb4,0x0a,0xb4,0x0b,0xb4,0x2a,0xbc,0x0a,0xb4,0x0a,0xb4,0x4a,0xb4,0x4a,0xbc,0x4b,0xbc,0x2b,0xbc,0x2a,0xb4,
    0x0a,0xb4,0x0a,0xb4,0x0a,0xb4,0xea,0xb3,0xca,0xab,0xa9,0xa3,0xaa,0xa3,0xca,0xab,0xea,0xb3,0x4b,0xbc,0x8b,0xc4,0x4b,0xbc,
    0x0a,0xb4,0xea,0xab,0xaa,0x93,0x8a,0x8b,0x6b,0x8b,0x4a,0x7b,0xea,0x62,0xca,0x5a,0xeb,0x5a,0xca,0x5a,0xcb,0x52,0xca,0x5a,
    0xca,0x5a,0xca,0x52,0xca,0x5a,0xca,0x52,0xca,0x5a,0xab,0x52,0xca,0x5a,0xcb,0x5a,0xca,0x5a,0xab,0x52,0xaa,0x5a,0xaa,0x52,
    0xa9,0x5a,0xaa,0x52,0xa9,0x52,0xaa,0x52,0x4f,0xf6,0x4f,0xf6,0x2f,0xf6,0x2e,0xf6,0x0d,0xf6,0xed,0xf5,0xcc,0xf5,0xcc,0xed,
    0x8b,0xed,0x6a,0xed,0x6a,0xed,0x49,0xe5,0x29,0xe5,0x29,0xe5,0x08,0xe5,0xe8,0xe4,0xe9,0xdc,0xe9,0xdc,0xca,0xdc,0x89,0xd4,
    0x89,0xcc,0x49,0xcc,0x49,0xcc,0x49,0xcc,0x69,0xcc,0x8a,0xcc,0xa9,0xd4,0xa9,0xd4,0xea,0xdc,0x68,0xc4,0x06,0xab,0xaa,0xd4,
    0xa9,0xd4,0xea,0xdc,0xe9,0xdc,0x2b,0xe5,0x28,0xbc,0x27,0xab,0xaa,0xd4,0x69,0xcc,0x49,0xc4,0x4a,0xc4,0x2a,0xbc,0x09,0xbc,
    0x0a,0xb4,0xc9,0xab,0xea,0xab,0xea,0xab,0xea,0xa3,0xca,0xa3,0xcb,0x9b,0x88,0x72,0x8a,0x9b,0xaa,0x9b,0xaa,0x9b,0xaa,0x93,
    0xab,0x93,0x8b,0x8b,0x6a,0x8b,0x8a,0x8b,0x6b,0x83,0x8a,0x8b,0x2a,0x7b,0x48,0x5a,0x6a,0x7b,0x6b,0x7b,0x6b,0x7b,0x4b,0x73,
    0x2a,0x6b,0x2b,0x6b,0x2b,0x6b,0x2b,0x6b,0x2b,0x63,0x0b,0x6b,0x0b,0x63,0x0b,0x63,0x0b,0x63,0x0b,0x63,0x0a,0x63,0x0b,0x6b,
    0x0b,0x63,0x0b,0x63,0x0b,0x63,0xeb,0x62,0x0b,0x5b,0xeb,0x62,0xea,0x5a,0xeb,0x5a,0x0b,0x5b,0xeb,0x62,0xea,0x5a,0x28,0x4a,
    0x69,0x4a,0x89,0x52,0xeb,0x62,0x0b,0x63,0x69,0x4a,0x69,0x52,0x0b,0x63,0xeb,0x62,0x0b,0x63,0xea,0x62,0xeb,0x62,0x0a,0x63,
    0x0a,0x63,0xea,0x62,0x0b,0x6b,0x2b,0x6b,0x4a,0x73,0x8b,0x8b,0x6b,0x8b,0x6a,0x8b,0x8b,0x8b,0x8b,0x93,0xab,0x93,0x4a,0x8b,
    0x49,0x93,0x8a,0x9b,0xaa,0x9b,0xca,0xa3,0xeb,0xa3,0xca,0xa3,0xca,0xa3,0xaa,0xa3,0xca,0x9b,0xca,0xa3,0xc9,0xab,0xe9,0xab,
    0x0a,0xac,0x0a,0xb4,0xea,0xab,0xca,0xab,0xaa,0x9b,0xaa,0x9b,0xaa,0x93,0x8a,0x93,0x6a,0x93,0x6a,0x8b,0x6a,0x83,0x6a,0x8b,
    0x4a,0x93,0x8a,0x93,0xa9,0xa3,0xca,0xa3,0xea,0xab,0x2a,0xbc,0x4a,0xbc,0x2b,0xbc,0x2b,0xbc,0x2a,0xb4,0xcb,0x9b,0x8b,0x83,
    0x6a,0x7b,0xea,0x62,0xca,0x5a,0xaa,0x5a,0xca,0x52,0xcb,0x5a,0xaa,0x52,0xaa,0x5a,0xca,0x52,0xca,0x5a,0xca,0x52,0xca,0x52,
    0xaa,0x5a,0xca,0x52,0xaa,0x5a,0xaa,0x52,0xca,0x52,0xa9,0x52,0x8a,0x52,0xaa,0x52,0x4f,0xf6,0x4f,0xf6,0x2e,0xf6,0x2e,0xee,
    0x0d,0xf6,0x0d,0xee,0xec,0xf5,0xec,0xed,0xcb,0xf5,0xab,0xed,0x8b,0xed,0x8b,0xed,0x6b,0xed,0x4a,0xed,0x49,0xe5,0x2a,0xe5,
    0xe9,0xdc,0x89,0xd4,0x69,0xd4,0x49,0xd4,0x49,0xcc,0x48,0xcc,0x69,0xd4,0xa9,0xd4,0xe9,0xdc,0xe9,0xdc,0xe9,0xe4,0xe9,0xdc,
    0x09,0xe5,0xc8,0xd4,0x89,0xd4,0x26,0xa3,0xe7,0xc3,0x2a,0xe5,0xc9,0xdc,0xe9,0xdc,0x89,0xcc,0xe8,0xbb,0xa9,0xd4,0x89,0xd4,
    0x69,0xcc,0x6a,0xcc,0x4a,0xc4,0x2a,0xbc,0x66,0x7a,0x68,0xa3,0x4a,0xb4,0x0a,0xac,0xea,0xab,0xea,0xa3,0xca,0xa3,0xa8,0x6a,
    0xe7,0x82,0xcb,0xa3,0xaa,0x93,0x8a,0x93,0x8a,0x8b,0x8b,0x8b,0x8a,0x83,0x6a,0x83,0x6b,0x83,0x4a,0x7b,0x4a,0x7b,0x8b,0x83,
    0x6b,0x7b,0x6a,0x7b,0x4b,0x73,0x4a,0x73,0x2b,0x73,0x2a,0x73,0x2b,0x6b,0x2a,0x6b,0x2b,0x6b,0x0b,0x63,0x0b,0x6b,0x0b,0x63,
    0x0b,0x63,0x0b,0x63,0x0b,0x63,0x0a,0x63,0x0b,0x63,0x0b,0x63,0x0b,0x63,0x0b,0x63,0xeb,0x62,0xeb,0x5a,0x0b,0x63,0xeb,0x5a,
    0xea,0x62,0xeb,0x5a,0xeb,0x5a,0xeb,0x62,0x69,0x52,0x89,0x52,0x0b,0x5b,0xea,0x62,0xeb,0x5a,0xea,0x62,0xeb,0x5a,0xca,0x5a,
    0xeb,0x62,0xea,0x5a,0x0a,0x63,0xeb,0x62,0xea,0x62,0xea,0x62,0xea,0x62,0x0a,0x63,0x0a,0x6b,0xea,0x6a,0x88,0x62,0x4a,0x7b,
    0x4a,0x7b,0x6b,0x83,0x8b,0x83,0xc9,0x6a,0x29,0x7b,0x8b,0x93,0x6a,0x83,0x6a,0x83,0x4a,0x83,0x4a,0x83,0x2a,0x83,0x4a,0x83,
    0x8b,0x83,0x6a,0x8b,0x6a,0x8b,0x89,0x8b,0x8a,0x93,0x8a,0x93,0x8a,0x8b,0x6a,0x8b,0x4a,0x83,0x4a,0x83,0x6a,0x83,0x6a,0x7b,
    0x4a,0x83,0x2a,0x7b,0x4a,0x83,0x6b,0x8b,0x6a,0x8b,0x8b,0x8b,0x8b,0x8b,0x6a,0x93,0x89,0xa3,0xaa,0xa3,0xca,0xa3,0xea,0xab,
    0x0a,0xac,0xea,0xab,0xeb,0xa3,0xeb,0xa3,0xcb,0x93,0x8b,0x83,0x4a,0x73,0x2a,0x6b,0xea,0x62,0xea,0x62,0xca,0x5a,0xca,0x5a,
    0xca,0x5a,0xca,0x5a,0xca,0x5a,0xca,0x5a,0xca,0x5a,0xca,0x52,0xca,0x5a,0xca,0x52,0xaa,0x5a,0xaa,0x52,0xaa,0x52,0x89,0x52,
    0x2e,0xf6,0x4f,0xf6,0x4f,0xf6,0x2f,0xf6,0x2f,0xf6,0x2f,0xf6,0x2e,0xf6,0x0d,0xf6,0x0e,0xf6,0x2e,0xf6,0xed,0xf5,0xcc,0xf5,
    0x6b,0xed,0x29,0xe5,0xe8,0xdc,0xaa,0xd4,0x89,0xd4,0x69,0xcc,0x89,0xd4,0x8a,0xd4,0xca,0xd4,0x0b,0xdd,0x2b,0xdd,0x2a,0xe5,
    0x2a,0xe5,0x28,0xe5,0x29,0xe5,0x29,0xe5,0x08,0xe5,0x08,0xe5,0x08,0xe5,0xe8,0xdc,0xc8,0xdc,0x09,0xdd,0xc8,0xdc,0xe8,0xe4,
    0xe9,0xdc,0x0a,0xe5,0xc9,0xd4,0xa9,0xd4,0x89,0xd4,0x89,0xcc,0x69,0xcc,0x6a,0xcc,0xca,0xab,0x0a,0xb4,0x2a,0xbc,0x0a,0xb4,
    0x0a,0xb4,0xca,0xab,0xea,0xa3,0xcb,0x9b,0x8a,0x93,0xcb,0xa3,0xaa,0x93,0x8a,0x93,0x8b,0x93,0xab,0x8b,0x6a,0x83,0x6b,0x83,
    0x8b,0x7b,0xa9,0x62,0x88,0x5a,0x4b,0x73,0x2a,0x73,0x2b,0x73,0x2a,0x6b,0x2a,0x6b,0x2a,0x6b,0x2b,0x6b,0x0a,0x6b,0x2a,0x6b,
    0x0b,0x6b,0x0a,0x63,0x2b,0x63,0x0b,0x6b,0x0b,0x63,0x0b,0x63,0xeb,0x62,0x0b,0x63,0xeb,0x62,0xeb,0x62,0x0b,0x5b,0xeb,0x5a,
    0xeb,0x62,0x0b,0x63,0xeb,0x62,0x0b,0x5b,0xeb,0x62,0xea,0x5a,0xeb,0x62,0xea,0x5a,0x0b,0x5b,0xeb,0x62,0xea,0x62,0xeb,0x5a,
    0xea,0x62,0xeb,0x5a,0xea,0x62,0xeb,0x5a,0xea,0x5a,0xea,0x62,0xca,0x5a,0xeb,0x62,0xca,0x5a,0xeb,0x62,0xea,0x5a,0xea,0x62,
    0xea,0x62,0xca,0x5a,0xa9,0x5a,0xca,0x5a,0xea,0x62,0x09,0x6b,0x0a,0x6b,0x2b,0x73,0x4a,0x73,0x4a,0x7b,0x6b,0x7b,0x2b,0x73,
    0x2a,0x73,0x0b,0x73,0x2a,0x73,0x2a,0x73,0x2a,0x73,0x2a,0x73,0x4a,0x7b,0x4a,0x7b,0x4a,0x7b,0x2a,0x73,0x2a,0x7b,0x4a,0x7b,
    0x4a,0x83,0x4a,0x83,0x6a,0x83,0x4a,0x7b,0x4a,0x7b,0x4b,0x7b,0x4b,0x83,0x2a,0x7b,0x4a,0x83,0x4a,0x7b,0x4a,0x83,0x8b,0x93,
    0xcb,0x9b,0xc9,0xa3,0xaa,0xa3,0xaa,0x93,0x6a,0x93,0x6a,0x8b,0x6a,0x83,0x8b,0x83,0x6b,0x7b,0x4b,0x7b,0xc9,0x62,0xc9,0x6a,
    0x2a,0x73,0x4b,0x73,0x2b,0x73,0x2b,0x6b,0x0a,0x6b,0x0a,0x63,0xea,0x62,0xea,0x62,0xcb,0x5a,0xea,0x62,0xca,0x5a,0xca,0x5a,
    0xaa,0x5a,0xaa,0x52,0xaa,0x5a,0xaa,0x5a,0x0e,0xf6,0x0e,0xee,0x0d,0xf6,0x0d,0xee,0x0d,0xf6,0xec,0xf5,0xcc,0xf5,0xab,0xed,
    0x8b,0xe5,0x2b,0xe5,0xca,0xd4,0xaa,0xcc,0xaa,0xcc,0xaa,0xcc,0x8a,0xd4,0x8a,0xcc,0xab,0xd4,0xcb,0xd4,0xeb,0xd4,0xeb,0xdc,
    0x2c,0xdd,0x2a,0xe5,0x0a,0xe5,0x2b,0xe5,0x29,0xe5,0x49,0xe5,0x49,0xe5,0x2a,0xe5,0x29,0xe5,0x29,0xe5,0x28,0xe5,0x08,0xe5,
    0x29,0xe5,0x09,0xdd,0xc8,0xe4,0xe8,0xdc,0xc7,0xdc,0xe8,0xdc,0xe8,0xdc,0xc8,0xdc,0xc8,0xd4,0xa9,0xd4,0x89,0xcc,0x69,0xcc,
    0x8a,0xcc,0x4a,0xc4,0x0a,0xbc,0x09,0xb4,0x0a,0xac,0xea,0xab,0xca,0xa3,0xab,0x9b,0xca,0x9b,0x8a,0x9b,0x8a,0x93,0xab,0x93,
    0x09,0x7b,0xe8,0x7a,0x8b,0x8b,0x8b,0x83,0x6b,0x83,0x6a,0x7b,0x6b,0x83,0x2a,0x73,0x4a,0x73,0x2b,0x73,0x2a,0x73,0x0a,0x6b,
    0x0a,0x6b,0x0a,0x6b,0x2a,0x6b,0x0a,0x63,0x0b,0x63,0x0a,0x63,0x0b,0x6b,0x0b,0x63,0x0b,0x63,0xeb,0x62,0x0b,0x63,0xeb,0x62,
    0x0b,0x63,0xeb,0x62,0xeb,0x62,0xeb,0x62,0xea,0x5a,0xeb,0x62,0xeb,0x62,0xea,0x5a,0xeb,0x5a,0xeb,0x62,0xeb,0x5a,0xea,0x62,
    0xeb,0x5a,0xea,0x62,0xaa,0x52,0x07,0x4a,0xeb,0x5a,0xea,0x5a,0xcb,0x62,0xca,0x62,0xcb,0x5a,0xea,0x5a,0xeb,0x62,0xca,0x5a,
    0xea,0x62,0xea,0x5a,0xca,0x5a,0xca,0x62,0xca,0x5a,0xca,0x62,0xca,0x5a,0xca,0x62,0xca,0x5a,0xca,0x5a,0xca,0x5a,0xea,0x5a,
    0xca,0x62,0xea,0x62,0xea,0x62,0x0a,0x6b,0x0a,0x63,0xea,0x62,0x0a,0x6b,0x0a,0x63,0xea,0x6a,0x0a,0x6b,0x2a,0x6b,0x0a,0x6b,
    0x2a,0x73,0x0a,0x6b,0x2a,0x73,0x2a,0x73,0x2a,0x73,0x2a,0x73,0x2a,0x73,0x0a,0x6b,0x0a,0x73,0x2a,0x73,0x2a,0x73,0x2a,0x73,
    0x2a,0x73,0x2a,0x73,0x4a,0x73,0x4a,0x7b,0x4b,0x83,0x6a,0x8b,0x8a,0x93,0xab,0x93,0x8b,0x8b,0x6b,0x83,0x2b,0x73,0x0b,0x6b,
    0x0a,0x6b,0x0a,0x6b,0xea,0x62,0xca,0x5a,0xea,0x62,0xea,0x62,0xea,0x62,0xea,0x5a,0xca,0x5a,0xca,0x5a,0xea,0x62,0xca,0x5a,
    0xca,0x5a,0xca,0x5a,0xca,0x5a,0xca,0x5a,0xca,0x52,0xaa,0x5a,0xa9,0x52,0xaa,0x52,0xac,0xed,0xaa,0xed,0x8a,0xed,0x6a,0xed,
    0x2a,0xe5,0xc9,0xd4,0x4a,0xbc,0xe9,0xab,0xc9,0xa3,0xaa,0xa3,0xaa,0xa3,0xca,0xa3,0xea,0xab,0x0b,0xac,0x2b,0xbc,0x4a,0xbc,
    0x4a,0xc4,0x8a,0xcc,0x6a,0xcc,0xaa,0xd4,0xaa,0xd4,0xca,0xd4,0xc9,0xd4,0xcb,0xd4,0xcb,0xdc,0xe9,0xdc,0xe9,0xdc,0x09,0xdd,
    0x09,0xe5,0x09,0xdd,0x29,0xe5,0x08,0xdd,0x29,0xe5,0x2a,0xe5,0x29,0xe5,0x0a,0xe5,0x08,0xe5,0xe8,0xe4,0xe8,0xdc,0xe9,0xdc,
    0xe9,0xdc,0xc9,0xdc,0xc9,0xdc,0xa9,0xd4,0x89,0xcc,0x69,0xcc,0x49,0xcc,0x0a,0xbc,0x0a,0xb4,0xea,0xab,0xca,0xab,0xaa,0x9b,
    0x8b,0x9b,0x8a,0x93,0x6a,0x8b,0xab,0x93,0xe9,0x6a,0x88,0x62,0x8b,0x8b,0x4a,0x7b,0x6a,0x7b,0x6a,0x83,0x6a,0x83,0x6a,0x83,
    0x4b,0x7b,0x4a,0x73,0x2b,0x73,0x2a,0x73,0x2a,0x73,0x2a,0x6b,0x2b,0x63,0x0a,0x6b,0x0b,0x63,0xea,0x62,0x0b,0x63,0x89,0x52,
    0xca,0x62,0x0b,0x63,0xeb,0x62,0xeb,0x62,0xeb,0x62,0xeb,0x5a,0xea,0x62,0xeb,0x5a,0xeb,0x62,0xea,0x5a,0xeb,0x62,0xeb,0x62,
    0xca,0x5a,0xeb,0x5a,0xea,0x62,0xeb,0x5a,0xeb,0x62,0xeb,0x62,0xea,0x5a,0x89,0x5a,0xea,0x62,0xeb,0x62,0xea,0x5a,0xea,0x5a,
    0xea,0x62,0xca,0x5a,0xca,0x5a,0xea,0x5a,0xca,0x5a,0xea,0x5a,0xca,0x5a,0xea,0x62,0xca,0x5a,0xc9,0x62,0xca,0x5a,0xea,0x5a,
    0xea,0x62,0xca,0x5a,0xca,0x5a,0xca,0x62,0xea,0x5a,0xca,0x62,0xca,0x5a,0xca,0x62,0xea,0x5a,0xca,0x62,0xea,0x62,0xca,0x62,
    0xea,0x5a,0xca,0x62,0xea,0x62,0xea,0x62,0xea,0x62,0xe9,0x62,0xea,0x62,0x0a,0x6b,0x0a,0x6b,0xea,0x6a,0xe9,0x62,0xea,0x62,
    0xea,0x62,0xea,0x62,0xea,0x62,0xea,0x62,0x0a,0x6b,0x0a,0x6b,0x0a,0x73,0x2a,0x73,0x2a,0x73,0x2a,0x6b,0x2a,0x73,0x2a,0x73,
    0x0a,0x73,0x0a,0x6b,0x0a,0x6b,0xea,0x62,0xca,0x5a,0xca,0x5a,0xca,0x5a,0xca,0x5a,0xca,0x5a,0xca,0x5a,0xaa,0x5a,0xca,0x5a,
    0xca,0x5a,0xaa,0x52,0xaa,0x5a,0xaa,0x5a,0xa9,0x5a,0xaa,0x5a,0xaa,0x52,0xaa,0x5a,0xa9,0x52,0xaa,0x52,0xaa,0x5a,0x89,0x52,
    0x2a,0xe5,0xc9,0xd4,0xa9,0xd4,0x6a,0xc4,0xca,0xa3,0x6a,0x8b,0x2a,0x83,0x4a,0x7b,0x2a,0x73,0x4a,0x7b,0x4a,0x7b,0x4a,0x83,
    0x6a,0x83,0x6a,0x8b,0x6a,0x8b,0x69,0x8b,0xaa,0x9b,0xa9,0xa3,0xc9,0xa3,0x0b,0xbc,0x6a,0xcc,0x69,0xcc,0x6b,0xcc,0x8b,0xcc,
    0x8b,0xcc,0x8a,0xcc,0x6a,0xcc,0xaa,0xd4,0xa9,0xd4,0x89,0xcc,0x89,0xd4,0xa8,0xdc,0xa9,0xdc,0xca,0xdc,0xea,0xd4,0xe9,0xdc,
    0xe9,0xdc,0xe9,0xdc,0xc9,0xd4,0xe9,0xdc,0xea,0xdc,0xea,0xd4,0xc9,0xd4,0xa9,0xd4,0xa9,0xd4,0x8a,0xd4,0x69,0xcc,0x49,0xcc,
    0x4a,0xc4,0x09,0xbc,0xea,0xb3,0xca,0xab,0xaa,0xa3,0x6a,0x9b,0x6a,0x93,0x6a,0x8b,0x6a,0x8b,0x8a,0x83,0x6b,0x83,0x6a,0x83,
    0x4a,0x7b,0x4b,0x73,0x2a,0x73,0x4a,0x7b,0x2a,0x73,0x4b,0x73,0x4a,0x73,0x2a,0x73,0xea,0x6a,0xc9,0x62,0x0a,0x6b,0x0a,0x6b,
    0x0b,0x6b,0x0a,0x6b,0x0b,0x6b,0x28,0x4a,0xca,0x5a,0xeb,0x62,0xea,0x62,0x0b,0x5b,0xea,0x62,0x0b,0x63,0xeb,0x62,0xeb,0x62,
    0xea,0x62,0xeb,0x62,0xeb,0x5a,0xea,0x62,0xeb,0x62,0xeb,0x62,0xeb,0x62,0xea,0x62,0xeb,0x62,0xeb,0x62,0xea,0x62,0x0b,0x63,
    0xea,0x5a,0xea,0x62,0xea,0x5a,0xca,0x62,0xeb,0x62,0xea,0x62,0xca,0x5a,0xea,0x62,0xca,0x62,0xca,0x5a,0xca,0x62,0xca,0x5a,
    0xc9,0x5a,0xea,0x5a,0xca,0x5a,0xc9,0x5a,0xca,0x5a,0xca,0x62,0xca,0x5a,0xca,0x5a,0xc9,0x5a,0xca,0x5a,0xca,0x5a,0xc9,0x5a,
    0xca,0x5a,0xca,0x5a,0xca,0x5a,0xca,0x5a,0xca,0x5a,0xca,0x5a,0xca,0x5a,0xc9,0x5a,0xca,0x62,0xca,0x5a,0xc9,0x62,0xca,0x5a,
    0xc9,0x62,0xca,0x5a,0xea,0x5a,0xca,0x5a,0xc9,0x5a,0xca,0x62,0xc9,0x62,0xea,0x62,0xea,0x62,0xea,0x62,0x0a,0x6b,0xea,0x62,
    0xea,0x6a,0xea,0x62,0xea,0x62,0xea,0x62,0xea,0x5a,0xca,0x5a,0xca,0x5a,0xca,0x5a,0xca,0x5a,0xca,0x5a,0xca,0x52,0xca,0x5a,
    0xca,0x5a,0xca,0x52,0xca,0x52,0xca,0x5a,0xca,0x52,0xaa,0x5a,0xaa,0x5a,0xaa,0x52,0xaa,0x5a,0xaa,0x52,0xa9,0x52,0xaa,0x52,
    0xa9,0x52,0xaa,0x52,0x89,0x52,0x8a,0x52,0xe9,0xb3,0xa9,0xa3,0xa9,0xa3,0xaa,0x93,0x4a,0x83,0x29,0x7b,0x2a,0x7b,0x2a,0x7b,
    0x2a,0x7b,0x2a,0x7b,0x4a,0x7b,0x4a,0x83,0x4a,0x83,0x4a,0x7b,0x4a,0x8b,0x6a,0x93,0xca,0xa3,0xca,0xa3,0x0a,0xbc,0x4a,0xc4,
    0x4a,0xc4,0x29,0xbc,0x49,0xc4,0x49,0xc4,0x6a,0xcc,0x8a,0xcc,0x89,0xcc,0xca,0xd4,0xaa,0xcc,0x49,0xcc,0x29,0xc4,0x6a,0xcc,
    0x69,0xd4,0x89,0xd4,0x89,0xcc,0xa9,0xd4,0x89,0xcc,0x49,0xcc,0x48,0xcc,0x49,0xcc,0x69,0xcc,0x89,0xdc,0xc9,0xd4,0xca,0xd4,
    0xaa,0xd4,0x89,0xd4,0x69,0xcc,0x8a,0xcc,0x69,0xcc,0x69,0xcc,0x2a,0xc4,0x0a,0xbc,0xea,0xb3,0xea,0xab,0xc9,0xab,0x8a,0xa3,
    0x8a,0x93,0x6a,0x93,0x4a,0x8b,0x6a,0x8b,0x4a,0x7b,0x4b,0x7b,0x2a,0x7b,0x6b,0x7b,0xc9,0x62,0x27,0x52,0x2a,0x7b,0x4b,0x73,
    0xa9,0x62,0x68,0x52,0x2a,0x73,0x0a,0x6b,0x0a,0x6b,0x2a,0x6b,0x2a,0x6b,0x2a,0x6b,0x0a,0x6b,0x0b,0x6b,0xea,0x62,0x0b,0x63,
    0x0b,0x63,0x0a,0x63,0x0a,0x63,0x0b,0x63,0x0b,0x63,0xea,0x62,0xea,0x62,0xeb,0x5a,0xea,0x62,0xea,0x5a,0xeb,0x5a,0xea,0x62,
    0xea,0x5a,0xeb,0x62,0xea,0x62,0xeb,0x5a,0xea,0x62,0xea,0x62,0xea,0x62,0xea,0x5a,0xea,0x62,0xea,0x62,0xea,0x62,0xea,0x5a,
    0xca,0x62,0xca,0x62,0xc9,0x5a,0xea,0x5a,0xca,0x5a,0xc9,0x5a,0xca,0x62,0xca,0x5a,0xca,0x5a,0xca,0x5a,0xca,0x62,0xca,0x5a,
    0xca,0x62,0xc9,0x5a,0xaa,0x5a,0xca,0x5a,0xaa,0x5a,0xca,0x5a,0xca,0x5a,0xca,0x5a,0xaa,0x5a,0xea,0x62,0xca,0x5a,0xca,0x5a,
    0xc9,0x5a,0xca,0x5a,0xca,0x5a,0xaa,0x5a,0xca,0x5a,0xca,0x5a,0xca,0x62,0xca,0x5a,0xca,0x5a,0xaa,0x5a,0xca,0x5a,0xc9,0x5a,
    0xca,0x5a,0xc9,0x62,0xca,0x5a,0xea,0x62,0xea,0x62,0xc9,0x62,0xea,0x62,0xca,0x62,0xca,0x5a,0xc9,0x5a,0xca,0x5a,0xca,0x5a,
    0xca,0x5a,0xca,0x52,0xca,0x5a,0xca,0x52,0xaa,0x5a,0xca,0x5a,0xaa,0x52,0xaa,0x5a,0xa9,0x52,0xca,0x5a,0xa9,0x5a,0xaa,0x5a,
    0xaa,0x5a,0xa9,0x52,0xa9,0x5a,0xaa,0x52,0x89,0x52,0x8a,0x52,0x89,0x5a,0x89,0x52,0x89,0x93,0x4a,0x8b,0x4a,0x83,0x4a,0x83,
    0x49,0x83,0x2a,0x7b,0x49,0x7b,0x4a,0x83,0x4a,0x8b,0x8a,0x93,0xa9,0xa3,0xca,0xab,0xc9,0xa3,0xc9,0xab,0x29,0xbc,0x48,0xc4,
    0x68,0xd4,0xc8,0xd4,0xa9,0xd4,0xaa,0xd4,0xaa,0xd4,0x89,0xd4,0xa9,0xd4,0x8a,0xcc,0x6a,0xcc,0x89,0xcc,0x89,0xd4,0x89,0xd4,
    0xc9,0xdc,0xaa,0xd4,0xa9,0xd4,0xaa,0xd4,0x69,0xcc,0x49,0xcc,0x48,0xcc,0x48,0xcc,0x49,0xc4,0x49,0xc4,0x49,0xc4,0x6a,0xc4,
    0x49,0xcc,0x89,0xd4,0xaa,0xd4,0xa9,0xd4,0x29,0xc4,0x08,0xc4,0x09,0xbc,0x29,0xc4,0x09,0xc4,0x09,0xbc,0x2a,0xbc,0x0a,0xbc,
    0x2a,0xbc,0x2a,0xbc,0x4a,0xc4,0x29,0xbc,0x0a,0xb4,0x09,0xac,0xaa,0xa3,0x8a,0x93,0x6a,0x8b,0x6a,0x8b,0x6a,0x8b,0x2a,0x83,
    0x09,0x6b,0xa9,0x62,0x0a,0x6b,0x0a,0x6b,0x0a,0x6b,0x2a,0x6b,0x0a,0x6b,0x0a,0x6b,0x0a,0x6b,0x0a,0x73,0x0a,0x73,0x0a,0x6b,
    0x2a,0x73,0x2a,0x6b,0x0a,0x6b,0x0a,0x73,0x0a,0x6b,0x0a,0x6b,0x2b,0x6b,0x0a,0x6b,0x0a,0x73,0x2a,0x6b,0x0a,0x6b,0x0a,0x63,
    0x0a,0x6b,0x0a,0x63,0x0a,0x6b,0xea,0x62,0x0a,0x6b,0x0a,0x63,0x0a,0x63,0xea,0x62,0xea,0x62,0xea,0x62,0xea,0x62,0xea,0x62,
    0x09,0x5b,0xea,0x62,0xea,0x62,0xca,0x62,0xe9,0x62,0xea,0x5a,0xca,0x62,0xe9,0x5a,0xca,0x62,0xca,0x5a,0xc9,0x5a,0xc9,0x62,
    0xc9,0x5a,0xca,0x62,0xc9,0x5a,0xca,0x5a,0xca,0x5a,0xca,0x5a,0xaa,0x5a,0xca,0x5a,0xaa,0x5a,0xa9,0x5a,0xca,0x5a,0xc9,0x5a,
    0xaa,0x5a,0xca,0x5a,0xaa,0x5a,0xca,0x5a,0xca,0x5a,0xa9,0x5a,0xaa,0x5a,0xca,0x5a,0xca,0x5a,0xaa,0x5a,0xca,0x5a,0xaa,0x5a,
    0xa9,0x5a,0xca,0x5a,0xca,0x5a,0xaa,0x5a,0xaa,0x5a,0xc9,0x5a,0xca,0x5a,0xa9,0x5a,0xca,0x5a,0xca,0x5a,0xca,0x5a,0xc9,0x5a,
    0xca,0x5a,0xca,0x5a,0xaa,0x5a,0xca,0x52,0xca,0x5a,0xca,0x52,0xaa,0x5a,0xaa,0x5a,0xca,0x52,0xa9,0x52,0xaa,0x5a,0xaa,0x5a,
    0xa9,0x5a,0xaa,0x52,0xaa,0x52,0xaa,0x52,0xaa,0x52,0xa9,0x5a,0x89,0x52,0x8a,0x52,0x89,0x5a,0x8a,0x52,0x89,0x52,0x8a,0x52,
    0x48,0x9b,0x48,0x93,0x69,0x93,0x49,0x8b,0x4a,0x8b,0x8a,0x93,0x6a,0x9b,0xa9,0xa3,0xc9,0xab,0x29,0xc4,0x69,0xcc,0x69,0xcc,
    0x68,0xcc,0xa8,0xdc,0x07,0xe5,0xe6,0xdc,0x07,0xe5,0x08,0xe5,0xe8,0xdc,0xe9,0xe4,0xe9,0xdc,0xe9,0xdc,0xe9,0xdc,0xc9,0xdc,
    0xc8,0xd4,0xa9,0xdc,0xaa,0xd4,0xca,0xd4,0xca,0xdc,0xc9,0xd4,0xa8,0xd4,0x69,0xcc,0x28,0xcc,0x49,0xc4,0x68,0xcc,0x69,0xcc,
    0x49,0xcc,0x29,0xc4,0x49,0xcc,0x6a,0xcc,0x49,0xcc,0x4a,0xc4,0x28,0xc4,0xe8,0xc3,0x29,0xbc,0x0a,0xbc,0x2a,0xc4,0x09,0xbc,
    0x09,0xbc,0x0a,0xb4,0xea,0xb3,0x09,0xbc,0x0a,0xbc,0x2a,0xc4,0x29,0xc4,0xe9,0xbb,0x09,0xb4,0xe9,0xab,0xca,0xab,0xca,0x9b,
    0xaa,0x9b,0x89,0x9b,0x49,0x83,0x29,0x7b,0x2a,0x7b,0x4a,0x73,0x2a,0x73,0x2a,0x73,0x09,0x6b,0x0a,0x63,0x0a,0x6b,0x0a,0x6b,
    0x0a,0x6b,0x0a,0x6b,0x0a,0x6b,0x0a,0x6b,0x0a,0x6b,0xea,0x6a,0x0a,0x6b,0x0a,0x6b,0x0a,0x73,0x0a,0x6b,0x0a,0x6b,0xea,0x6a,
    0x0a,0x6b,0x0a,0x6b,0x0a,0x73,0x0a,0x6b,0x0b,0x6b,0x2a,0x6b,0x0a,0x73,0x0a,0x6b,0xea,0x6a,0x0a,0x63,0x0a,0x6b,0x0a,0x6b,
    0x0a,0x6b,0xea,0x6a,0xea,0x6a,0x0a,0x63,0x09,0x63,0xe9,0x62,0xea,0x62,0xea,0x62,0x0a,0x63,0xea,0x62,0xea,0x62,0xea,0x62,
    0xe9,0x62,0xca,0x5a,0xea,0x62,0xca,0x5a,0xca,0x62,0xe9,0x5a,0xca,0x5a,0xca,0x5a,0xc9,0x5a,0xaa,0x5a,0xc9,0x5a,0xc9,0x5a,
    0xca,0x5a,0xca,0x5a,0xa9,0x5a,0xca,0x5a,0xa9,0x5a,0xc9,0x5a,0xc9,0x5a,0xaa,0x5a,0xc9,0x5a,0xca,0x5a,0xc9,0x5a,0xca,0x5a,
    0xaa,0x5a,0xa9,0x5a,0xaa,0x5a,0xc9,0x5a,0xca,0x5a,0xca,0x62,0xca,0x5a,0xca,0x5a,0xc9,0x5a,0xca,0x5a,0xc9,0x5a,0xaa,0x5a,
    0xaa,0x5a,0xca,0x5a,0xaa,0x5a,0xaa,0x5a,0xc9,0x52,0xaa,0x5a,0xc9,0x5a,0xaa,0x5a,0xaa,0x5a,0xca,0x52,0xaa,0x5a,0xca,0x5a,
    0xa9,0x5a,0xaa,0x5a,0xa9,0x52,0xaa,0x5a,0xaa,0x52,0xa9,0x52,0xaa,0x5a,0xa9,0x52,0xa9,0x52,0x8a,0x5a,0x89,0x52,0x89,0x5a,
    0x8a,0x52,0xa9,0x52,0x89,0x52,0x89,0x52,0x2a,0xdd,0x6b,0xe5,0x6a,0xe5,0xa8,0xd4,0x48,0xcc,0xc7,0xb3,0xe5,0xa2,0x28,0xcc,
    0xe9,0xdc,0x09,0xe5,0x07,0xe5,0x08,0xe5,0xe7,0xe4,0x07,0xe5,0xe7,0xe4,0x07,0xe5,0x28,0xe5,0xe7,0xe4,0x07,0xe5,0x28,0xe5,
    0x09,0xe5,0x08,0xe5,0xe8,0xe4,0x08,0xdd,0x08,0xe5,0xe9,0xdc,0xc9,0xdc,0xe9,0xdc,0xca,0xdc,0xc9,0xd4,0x89,0xd4,0x89,0xd4,
    0x8a,0xcc,0x69,0xd4,0x68,0xd4,0x48,0xcc,0x48,0xcc,0x49,0xcc,0x69,0xcc,0x29,0xc4,0x28,0xcc,0x29,0xc4,0x09,0xc4,0x09,0xc4,
    0x6a,0xc4,0x4a,0xc4,0x09,0xc4,0x2a,0xbc,0x0a,0xbc,0x0a,0xbc,0xe9,0xbb,0xe9,0xb3,0x09,0xbc,0x09,0xbc,0x08,0xbc,0x09,0xbc,
    0xe8,0xbb,0xe9,0xb3,0xea,0xb3,0xa9,0xa3,0x69,0xa3,0x69,0x9b,0x69,0x8b,0x4a,0x83,0x4a,0x7b,0x2a,0x7b,0x2a,0x7b,0x29,0x7b,
    0x2a,0x73,0x2a,0x6b,0x0a,0x6b,0x2a,0x73,0x0a,0x6b,0x2a,0x73,0x0a,0x6b,0x0a,0x6b,0x0a,0x6b,0x0a,0x73,0x2a,0x73,0x4a,0x7b,
    0x2a,0x73,0x0a,0x73,0x0a,0x73,0xea,0x6a,0x09,0x63,0xea,0x6a,0xea,0x6a,0xea,0x6a,0xe9,0x6a,0xea,0x6a,0xe9,0x6a,0x0a,0x6b,
    0x0a,0x6b,0x0a,0x63,0x0a,0x6b,0xea,0x6a,0xca,0x62,0xe9,0x62,0x0a,0x63,0x09,0x63,0xea,0x6a,0xe9,0x6a,0xea,0x6a,0xe9,0x6a,
    0xca,0x6a,0xea,0x62,0xe9,0x62,0xca,0x62,0xa9,0x5a,0xe9,0x62,0xca,0x5a,0xc9,0x62,0xc9,0x5a,0xca,0x62,0xca,0x62,0xc9,0x5a,
    0xca,0x5a,0xc9,0x5a,0xca,0x5a,0xca,0x5a,0xc9,0x5a,0xc9,0x5a,0xca,0x5a,0xaa,0x5a,0xc9,0x5a,0xca,0x5a,0xc9,0x5a,0xca,0x5a,
    0xc9,0x5a,0xaa,0x5a,0xc9,0x5a,0xaa,0x5a,0xca,0x5a,0xc9,0x5a,0xca,0x62,0xc9,0x62,0xea,0x62,0xe9,0x6a,0xe9,0x62,0xe9,0x5a,
    0xca,0x5a,0xc9,0x5a,0xa9,0x5a,0xca,0x5a,0xc9,0x5a,0xaa,0x5a,0xc9,0x5a,0xa9,0x5a,0xaa,0x5a,0xca,0x52,0xaa,0x5a,0xa9,0x5a,
    0xaa,0x52,0xca,0x5a,0xca,0x52,0xaa,0x5a,0xaa,0x52,0xaa,0x5a,0xa9,0x5a,0xaa,0x52,0xaa,0x5a,0xa9,0x52,0xaa,0x5a,0x8a,0x52,
    0xaa,0x5a,0x89,0x52,0x89,0x52,0xa9,0x52,0x8a,0x52,0x89,0x5a,0x69,0x52,0x69,0x52,0x6f,0xfe,0x8f,0xfe,0x6f,0xfe,0x6e,0xf6,
    0x4e,0xfe,0xec,0xf5,0xca,0xf5,0xca,0xf5,0xec,0xf5,0xeb,0xf5,0x89,0xf5,0x89,0xf5,0x69,0xed,0x68,0xed,0x48,0xed,0x48,0xed,
    0x48,0xed,0x27,0xe5,0x47,0xed,0x48,0xed,0x48,0xed,0x29,0xed,0x49,0xe5,0x28,0xed,0xc7,0xe4,0x86,0xdc,0x87,0xdc,0x68,0xdc,
    0x88,0xd4,0x88,0xdc,0xa8,0xdc,0xa8,0xd4,0xa8,0xdc,0xa9,0xd4,0x68,0xdc,0xa7,0xdc,0x68,0xd4,0x27,0xcc,0x28,0xcc,0x28,0xcc,
    0x09,0xbc,0x0a,0xc4,0x0a,0xc4,0x29,0xc4,0x49,0xc4,0x29,0xc4,0x29,0xc4,0x2a,0xc4,0x29,0xc4,0x09,0xc4,0x29,0xcc,0x48,0xcc,
    0x49,0xcc,0x28,0xc4,0x28,0xc4,0x08,0xc4,0x08,0xc4,0x09,0xc4,0x0a,0xbc,0xc9,0xab,0xa8,0xab,0x69,0x9b,0x69,0x93,0x49,0x8b,
    0x49,0x8b,0x49,0x83,0x2a,0x7b,0x49,0x83,0x2a,0x7b,0x2a,0x7b,0x4a,0x7b,0x4a,0x7b,0x4a,0x7b,0x4a,0x73,0x2a,0x73,0x0a,0x73,
    0x0a,0x6b,0x0a,0x73,0x4a,0x7b,0x4a,0x83,0x2a,0x83,0x4a,0x7b,0x2a,0x7b,0x0a,0x73,0x2a,0x73,0x0a,0x6b,0x2a,0x73,0x0a,0x6b,
    0x0a,0x73,0x0a,0x6b,0x0a,0x73,0x2a,0x73,0x2a,0x73,0x0a,0x73,0x0a,0x73,0xca,0x62,0xea,0x62,0x09,0x63,0xc9,0x62,0xea,0x6a,
    0xc9,0x62,0x09,0x73,0x29,0x83,0x29,0x83,0x09,0x6b,0xea,0x62,0xca,0x62,0xc9,0x5a,0xa6,0x39,0xc9,0x62,0xea,0x62,0xc9,0x5a,
    0xe9,0x62,0xca,0x5a,0xc9,0x5a,0xca,0x5a,0xc9,0x62,0xca,0x5a,0xc9,0x5a,0xca,0x62,0xa9,0x5a,0xca,0x5a,0xa9,0x5a,0xca,0x62,
    0xc9,0x5a,0xa9,0x5a,0xca,0x5a,0xc9,0x5a,0xa9,0x5a,0xca,0x5a,0xa9,0x62,0xca,0x5a,0xc9,0x62,0xea,0x6a,0x0a,0x6b,0x0a,0x6b,
    0x0a,0x6b,0xea,0x6a,0x09,0x63,0xc9,0x62,0xc9,0x5a,0xca,0x5a,0xca,0x5a,0xaa,0x5a,0xc9,0x5a,0xaa,0x5a,0xc9,0x5a,0xc9,0x5a,
    0xa9,0x5a,0xa9,0x5a,0xaa,0x52,0xa9,0x5a,0xa9,0x52,0xaa,0x5a,0xaa,0x52,0xa9,0x5a,0xa9,0x5a,0x89,0x52,0x8a,0x5a,0xaa,0x5a,
    0xaa,0x5a,0xa9,0x5a,0x8a,0x52,0xa9,0x5a,0x89,0x5a,0x89,0x5a,0x89,0x52,0x8a,0x5a,0x89,0x52,0x69,0x52,0x89,0x52,0x89,0x52,
    0x0c,0xf6,0x2d,0xf6,0x0c,0xf6,0x0c,0xf6,0x2d,0xf6,0x2c,0xf6,0xeb,0xf5,0xca,0xf5,0xca,0xf5,0xa9,0xf5,0x89,0xed,0xca,0xf5,
    0xca,0xf5,0xcb,0xf5,0xca,0xf5,0xaa,0xed,0xa9,0xf5,0x89,0xf5,0x69,0xed,0x89,0xed,0x89,0xf5,0x89,0xf5,0x89,0xed,0x8a,0xed,
    0x69,0xed,0x48,0xed,0x28,0xed,0x28,0xe5,0x09,0xed,0x29,0xe5,0x69,0xed,0x48,0xed,0x68,0xed,0x8a,0xed,0xaa,0xf5,0xca,0xf5,
    0x48,0xed,0xe8,0xe4,0xe7,0xe4,0xc7,0xdc,0x28,0xcc,0xc9,0xb3,0x88,0xb3,0xa9,0xb3,0xc9,0xbb,0xc8,0xb3,0xe9,0xb3,0x09,0xbc,
    0x29,0xc4,0x49,0xcc,0x69,0xcc,0x89,0xd4,0x68,0xd4,0x28,0xcc,0x48,0xd4,0x89,0xd4,0x69,0xcc,0x28,0xcc,0x29,0xc4,0x09,0xbc,
    0xa9,0xab,0x88,0xa3,0x69,0x9b,0x8a,0x9b,0x4a,0x93,0x4a,0x8b,0x49,0x8b,0x4a,0x83,0x4a,0x83,0x49,0x83,0x4a,0x83,0x29,0x7b,
    0x0a,0x7b,0x2a,0x7b,0x2a,0x73,0x0a,0x73,0x09,0x73,0x0a,0x73,0x0a,0x73,0x2a,0x7b,0x2a,0x83,0x2a,0x83,0x4a,0x83,0x4a,0x83,
    0x4a,0x83,0x6a,0x8b,0x4a,0x83,0x4a,0x83,0x4a,0x83,0x4a,0x83,0x49,0x8b,0x49,0x8b,0x6a,0x8b,0x4a,0x83,0x0a,0x7b,0xe9,0x6a,
    0x48,0x5a,0x0a,0x6b,0x0a,0x73,0xe9,0x6a,0x09,0x73,0x6a,0x8b,0xa9,0x9b,0x89,0xa3,0x49,0x93,0x0a,0x73,0x09,0x73,0xe9,0x6a,
    0xc9,0x6a,0xea,0x6a,0xe9,0x62,0xca,0x5a,0xc9,0x5a,0xc9,0x62,0xca,0x62,0xc9,0x5a,0xaa,0x5a,0xc9,0x62,0xa9,0x5a,0xc9,0x5a,
    0xc9,0x5a,0xa9,0x5a,0xca,0x5a,0xc9,0x5a,0xa9,0x5a,0xa9,0x5a,0xa9,0x62,0xaa,0x5a,0xc9,0x62,0xaa,0x5a,0xc9,0x5a,0xaa,0x62,
    0xca,0x5a,0xc9,0x62,0xc9,0x5a,0xc9,0x62,0xc9,0x5a,0xc9,0x62,0xca,0x5a,0xca,0x62,0xc9,0x5a,0xa9,0x5a,0xc9,0x5a,0xca,0x5a,
    0xc9,0x5a,0xaa,0x5a,0xa9,0x5a,0xca,0x52,0xa9,0x5a,0xaa,0x5a,0xc9,0x5a,0xaa,0x5a,0xca,0x5a,0xa9,0x5a,0xaa,0x5a,0xaa,0x52,
    0xaa,0x5a,0xa9,0x52,0xaa,0x5a,0xa9,0x52,0xaa,0x5a,0x89,0x52,0x89,0x5a,0x8a,0x52,0x89,0x52,0x89,0x52,0x89,0x52,0x89,0x52,
    0x69,0x52,0x69,0x52,0x69,0x52,0x89,0x52,0x2d,0xf6,0x2d,0xf6,0x0b,0xf6,0xeb,0xf5,0x0b,0xf6,0x0b,0xf6,0xeb,0xf5,0xeb,0xf5,
    0xeb,0xf5,0xea,0xf5,0xeb,0xf5,0xcb,0xf5,0xeb,0xf5,0xeb,0xed,0xeb,0xf5,0xeb,0xf5,0x0c,0xf6,0xec,0xf5,0xec,0xf5,0xeb,0xf5,
    0xeb,0xf5,0xcb,0xf5,0xcb,0xf5,0xca,0xf5,0xca,0xf5,0xab,0xf5,0xaa,0xf5,0xca,0xf5,0xcb,0xf5,0xcb,0xf5,0xcb,0xf5,0x89,0xf5,
    0xca,0xf5,0xca,0xf5,0xaa,0xf5,0xa9,0xed,0xa9,0xf5,0xaa,0xf5,0x88,0xf5,0x68,0xf5,0x48,0xed,0x67,0xdc,0xe7,0xc3,0xe8,0xc3,
    0xa8,0xbb,0xe9,0xb3,0xc9,0xbb,0xa9,0xb3,0xc9,0xbb,0x29,0xc4,0x48,0xc4,0x28,0xcc,0x29,0xcc,0x29,0xc4,0x28,0xcc,0x48,0xcc,
    0x28,0xc4,0x27,0xcc,0x48,0xd4,0x49,0xcc,0xc8,0xb3,0xa9,0xab,0x89,0xa3,0x69,0xa3,0x89,0x9b,0x69,0x9b,0x49,0x93,0x4a,0x8b,
    0x49,0x83,0x49,0x83,0x0a,0x7b,0x29,0x7b,0x09,0x83,0x09,0x7b,0x0a,0x7b,0x0a,0x7b,0x09,0x7b,0x09,0x73,0x29,0x7b,0x49,0x83,
    0x6a,0x83,0x4a,0x83,0x4a,0x8b,0x4a,0x93,0x6a,0x8b,0x6a,0x93,0x6a,0x8b,0x4a,0x9b,0x69,0x93,0x49,0x9b,0x69,0xa3,0x89,0x9b,
    0x69,0x93,0x6a,0x83,0x4a,0x83,0x4a,0x83,0x09,0x7b,0x0a,0x73,0xe9,0x72,0x0a,0x6b,0x29,0x7b,0x49,0x9b,0xa9,0xab,0xc8,0xb3,
    0x88,0xa3,0x69,0xa3,0x69,0x93,0x2a,0x83,0x29,0x7b,0x09,0x73,0xca,0x6a,0xc9,0x62,0xca,0x62,0xc9,0x62,0xca,0x62,0xc9,0x62,
    0xc9,0x62,0xaa,0x5a,0xca,0x62,0xa9,0x5a,0xca,0x62,0xc9,0x5a,0xc9,0x62,0xc9,0x5a,0xca,0x62,0xca,0x62,0xa9,0x5a,0xc9,0x62,
    0xc9,0x5a,0xa9,0x5a,0xc9,0x62,0xa9,0x5a,0xa9,0x5a,0xc9,0x5a,0xaa,0x5a,0xa9,0x5a,0xaa,0x5a,0xa9,0x5a,0xa9,0x5a,0xa9,0x5a,
    0xa9,0x5a,0xa9,0x5a,0xa9,0x5a,0xa9,0x5a,0xa9,0x5a,0xa9,0x5a,0xca,0x5a,0xa9,0x5a,0xc9,0x5a,0xa9,0x52,0xaa,0x5a,0xa9,0x5a,
    0xaa,0x52,0xa9,0x5a,0xaa,0x5a,0x89,0x5a,0xa9,0x52,0xaa,0x5a,0xa9,0x5a,0x89,0x52,0xaa,0x5a,0x8a,0x5a,0xa9,0x52,0x89,0x5a,
    0x89,0x52,0x89,0x5a,0x89,0x5a,0x89,0x52,0x89,0x52,0x68,0x52,0x69,0x52,0x69,0x52,0x0c,0xf6,0xec,0xf5,0x0c,0xf6,0x0b,0xf6,
    0x2d,0xf6,0x0d,0xf6,0x0c,0xf6,0x0c,0xf6,0x2d,0xf6,0x2d,0xf6,0x2d,0xf6,0x4e,0xf6,0x2d,0xfe,0x2d,0xf6,0x4d,0xf6,0x4e,0xfe,
    0x2d,0xf6,0x2d,0xf6,0x2d,0xf6,0x2e,0xf6,0x0d,0xf6,0x0c,0xf6,0x0c,0xf6,0xeb,0xf5,0x0d,0xf6,0xeb,0xf5,0xab,0xed,0xaa,0xf5,
    0xaa,0xf5,0xaa,0xf5,0xaa,0xf5,0xaa,0xf5,0xcb,0xf5,0xc9,0xf5,0xca,0xf5,0xaa,0xf5,0xaa,0xf5,0xaa,0xed,0xa9,0xf5,0xab,0xf5,
    0x88,0xed,0x48,0xed,0x48,0xed,0x27,0xed,0xe8,0xe4,0xe8,0xe4,0x67,0xd4,0xc8,0xbb,0xa9,0xb3,0xc9,0xb3,0xa8,0xb3,0xe8,0xb3,
    0xe9,0xbb,0xe9,0xb3,0xe9,0xbb,0x09,0xbc,0x08,0xc4,0x08,0xc4,0x08,0xc4,0x08,0xcc,0xe8,0xbb,0xc9,0xab,0xa9,0xab,0xa9,0xab,
    0x89,0xab,0x69,0xa3,0x69,0x9b,0x69,0x9b,0x49,0x93,0x49,0x93,0x49,0x83,0x49,0x83,0x4a,0x8b,0x4a,0x83,0x29,0x83,0x49,0x8b,
    0x49,0x83,0x49,0x8b,0x6a,0x8b,0x6a,0x93,0x69,0x9b,0x49,0x8b,0x48,0x8b,0x29,0x93,0x49,0x93,0x49,0x9b,0x69,0x9b,0x89,0xa3,
    0x89,0xa3,0x88,0xa3,0x69,0x9b,0x69,0x9b,0x49,0x8b,0x4a,0x8b,0x29,0x83,0x2a,0x7b,0x09,0x83,0xe9,0x7a,0x09,0x7b,0xe9,0x72,
    0x09,0x83,0x48,0x9b,0xa7,0xb3,0xc8,0xbb,0xa8,0xb3,0x88,0xa3,0x48,0xa3,0x48,0x93,0x29,0x93,0x09,0x83,0x09,0x7b,0x09,0x7b,
    0x09,0x73,0xe9,0x72,0xe9,0x72,0xca,0x6a,0xe9,0x6a,0xc9,0x62,0xc9,0x6a,0xe9,0x62,0xc9,0x62,0xc9,0x62,0xca,0x62,0xca,0x62,
    0xc9,0x62,0xc9,0x6a,0xc9,0x6a,0xc9,0x62,0xc9,0x62,0xc9,0x62,0xc9,0x62,0xc9,0x62,0xca,0x62,0xc9,0x5a,0xc9,0x5a,0xa9,0x62,
    0xc9,0x62,0xc9,0x5a,0xa9,0x62,0xca,0x5a,0xc9,0x5a,0xc9,0x62,0xa9,0x5a,0xc9,0x5a,0xa9,0x5a,0xa9,0x5a,0xa9,0x5a,0xaa,0x5a,
    0xa9,0x5a,0xaa,0x5a,0xa9,0x5a,0xa9,0x5a,0xa9,0x5a,0xa9,0x52,0x89,0x52,0xa9,0x5a,0x8a,0x5a,0xa9,0x52,0x89,0x5a,0x89,0x5a,
    0xa9,0x52,0x89,0x5a,0x89,0x52,0x89,0x52,0x89,0x52,0x89,0x5a,0x69,0x52,0x89,0x52,0x69,0x52,0x89,0x52,0x89,0x5a,0x69,0x52,
    0x28,0xed,0x27,0xe5,0x48,0xed,0x48,0xed,0x49,0xed,0x28,0xed,0x88,0xf5,0xca,0xf5,0xcb,0xf5,0xeb,0xf5,0xea,0xf5,0xeb,0xf5,
    0xeb,0xf5,0x0b,0xf6,0x0c,0xf6,0xeb,0xf5,0x0c,0xf6,0x0c,0xf6,0x0c,0xf6,0x2c,0xf6,0x2d,0xf6,0x2d,0xf6,0x0c,0xf6,0x0c,0xf6,
    0x0e,0xf6,0xec,0xf5,0xeb,0xf5,0xcb,0xf5,0xeb,0xf5,0xcb,0xed,0xab,0xf5,0xcb,0xf5,0xcc,0xf5,0xcb,0xed,0xcb,0xf5,0xea,0xf5,
    0xec,0xf5,0xeb,0xf5,0xeb,0xf5,0xeb,0xf5,0xaa,0xf5,0xa9,0xf5,0x8a,0xf5,0x69,0xf5,0x49,0xed,0x08,0xed,0xc8,0xe4,0x28,0xcc,
    0x88,0xb3,0x89,0xab,0xa9,0xab,0x88,0xb3,0xa8,0xb3,0xa9,0xb3,0xe9,0xbb,0xc8,0xbb,0xe8,0xc3,0xe8,0xcb,0x08,0xc4,0xe8,0xbb,
    0xc7,0xbb,0xc9,0xbb,0xe8,0xb3,0xc8,0xbb,0xc8,0xb3,0xc9,0xb3,0xc8,0xb3,0xc9,0xb3,0xc8,0xb3,0xa9,0xab,0xa9,0xa3,0x89,0xa3,
    0x89,0xa3,0x69,0xa3,0x89,0xa3,0x89,0xa3,0x89,0xab,0xa9,0xab,0xa8,0xab,0xc9,0xb3,0x89,0xab,0xa9,0xab,0x88,0xab,0xa8,0xb3,
    0xa9,0xb3,0xa9,0xb3,0xc9,0xb3,0xa9,0xab,0x68,0xa3,0x48,0x9b,0x29,0x93,0x28,0x93,0x29,0x8b,0x29,0x8b,0x49,0x8b,0x48,0x9b,
    0x29,0x9b,0x48,0x93,0x49,0x93,0x48,0x9b,0x68,0xa3,0x28,0xa3,0x87,0xb3,0x08,0xc4,0xa8,0xbb,0x88,0xb3,0x68,0xab,0x68,0xb3,
    0x69,0xab,0x68,0xa3,0x68,0xa3,0x68,0xa3,0x88,0xa3,0x48,0x93,0x48,0x93,0x28,0x93,0x28,0x8b,0x49,0x93,0x29,0x8b,0x29,0x8b,
    0x29,0x83,0x29,0x8b,0x09,0x83,0x29,0x8b,0x29,0x83,0x29,0x8b,0x09,0x83,0x09,0x83,0xe9,0x7a,0x08,0x7b,0xe9,0x7a,0x09,0x73,
    0xe9,0x72,0xe9,0x72,0xe9,0x6a,0xe9,0x6a,0xc9,0x6a,0xe9,0x6a,0xc9,0x6a,0xe9,0x72,0xe9,0x6a,0xe9,0x6a,0xe9,0x6a,0xca,0x62,
    0xc9,0x62,0xc9,0x62,0xc9,0x5a,0xa9,0x5a,0xc9,0x5a,0xa9,0x5a,0xa9,0x5a,0xa9,0x5a,0xa9,0x5a,0xa9,0x5a,0xaa,0x5a,0xa9,0x5a,
    0xa9,0x52,0x8a,0x5a,0xa9,0x52,0x89,0x52,0x89,0x5a,0x89,0x52,0x69,0x5a,0x89,0x52,0x89,0x5a,0x89,0x52,0x89,0x52,0x89,0x52,
    0x69,0x52,0x89,0x52,0x69,0x52,0x68,0x52,0x87,0xdc,0xa7,0xd4,0xa7,0xdc,0x67,0xdc,0x87,0xd4,0xa8,0xdc,0xe8,0xe4,0xe7,0xe4,
    0x08,0xe5,0xe7,0xe4,0xc7,0xe4,0xe6,0xe4,0xe8,0xe4,0xa6,0xe4,0xe7,0xe4,0x48,0xed,0x69,0xf5,0xcb,0xf5,0x0c,0xf6,0xeb,0xf5,
    0xeb,0xf5,0xcb,0xf5,0xcb,0xf5,0xcb,0xf5,0xcb,0xf5,0xeb,0xf5,0xcb,0xf5,0xcb,0xf5,0xaa,0xf5,0xaa,0xf5,0xaa,0xf5,0xab,0xed,
    0xaa,0xf5,0x89,0xf5,0x69,0xf5,0x68,0xed,0x88,0xed,0x89,0xf5,0x88,0xed,0x68,0xed,0x69,0xed,0x08,0xed,0xe8,0xe4,0xa7,0xdc,
    0x27,0xd4,0x07,0xd4,0xc8,0xc3,0xc8,0xbb,0xa8,0xbb,0xc9,0xbb,0xe8,0xbb,0xe8,0xc3,0xe7,0xc3,0x08,0xcc,0x29,0xcc,0x28,0xcc,
    0x47,0xd4,0x68,0xd4,0x68,0xd4,0x48,0xd4,0x27,0xcc,0x08,0xc4,0xe9,0xc3,0xe8,0xc3,0xe7,0xc3,0x08,0xcc,0x27,0xcc,0x27,0xcc,
    0x07,0xc4,0x08,0xc4,0xe8,0xc3,0x08,0xc4,0xe9,0xc3,0xe8,0xbb,0x07,0xc4,0x08,0xcc,0x28,0xcc,0x28,0xcc,0x27,0xc4,0x08,0xcc,
    0x28,0xc4,0x08,0xcc,0xe8,0xc3,0x08,0xc4,0xe8,0xc3,0xc8,0xbb,0xc8,0xb3,0x88,0xb3,0x88,0xb3,0xa8,0xb3,0xa8,0xb3,0xa8,0xb3,
    0xc8,0xb3,0xc8,0xbb,0xe7,0xbb,0xe8,0xc3,0xe8,0xbb,0xc8,0xbb,0xc8,0xbb,0xe8,0xc3,0xc8,0xc3,0xe6,0x9a,0x26,0xab,0xe7,0xcb,
    0xc7,0xc3,0xc7,0xbb,0xc7,0xc3,0xa7,0xbb,0xa7,0xbb,0xa8,0xbb,0xa7,0xbb,0xa8,0xbb,0xa7,0xb3,0xa7,0xbb,0xa7,0xb3,0xc8,0xbb,
    0xc8,0xbb,0xa8,0xbb,0xa7,0xb3,0x88,0xb3,0x87,0xab,0x87,0xb3,0x88,0xb3,0x88,0xb3,0x67,0xb3,0x68,0xab,0x88,0xab,0x68,0xab,
    0x68,0xa3,0x67,0xab,0x68,0xa3,0x68,0x9b,0x48,0x9b,0x69,0x9b,0x68,0xa3,0x69,0x9b,0x68,0xa3,0x29,0x93,0x48,0x9b,0x49,0x9b,
    0x49,0x9b,0x28,0x8b,0x09,0x83,0xe9,0x82,0x09,0x7b,0xe9,0x7a,0x09,0x73,0xe9,0x72,0xe9,0x72,0xe9,0x72,0xe9,0x6a,0xe9,0x6a,
    0xca,0x62,0xc9,0x62,0xa9,0x5a,0xaa,0x5a,0xc9,0x5a,0xa9,0x5a,0xa9,0x5a,0x89,0x5a,0x89,0x52,0x89,0x5a,0x89,0x52,0x89,0x52,
    0x89,0x52,0x69,0x52,0x89,0x52,0x69,0x52,0x69,0x52,0x69,0x52,0x68,0x52,0x69,0x52,0xe8,0xbb,0xc8,0xbb,0xc8,0xb3,0xc7,0xb3,
    0xe8,0xbb,0xe8,0xc3,0xe7,0xbb,0xc8,0xc3,0x08,0xc4,0x07,0xcc,0x66,0xd4,0xc7,0xe4,0xe7,0xe4,0x46,0xd4,0xe8,0xe4,0x49,0xed,
    0x69,0xed,0xca,0xf5,0xca,0xf5,0xaa,0xf5,0xca,0xf5,0xaa,0xf5,0xa9,0xf5,0xa9,0xed,0x89,0xf5,0x49,0xed,0x28,0xed,0x29,0xe5,
    0x29,0xed,0x08,0xed,0x28,0xed,0x28,0xed,0x08,0xe5,0x07,0xed,0xe7,0xe4,0xe6,0xe4,0xe8,0xe4,0xe7,0xe4,0xe6,0xec,0xc7,0xe4,
    0xc6,0xe4,0x86,0xe4,0x67,0xdc,0x68,0xd4,0x47,0xd4,0x27,0xd4,0x47,0xcc,0x48,0xd4,0x48,0xd4,0x48,0xd4,0x48,0xcc,0x68,0xd4,
    0x68,0xd4,0x68,0xd4,0x67,0xdc,0x67,0xd4,0xa8,0xdc,0xc7,0xdc,0xc7,0xdc,0x87,0xdc,0x47,0xd4,0x28,0xcc,0x28,0xd4,0x28,0xcc,
    0x27,0xd4,0x47,0xd4,0x47,0xdc,0x27,0xd4,0x07,0xcc,0x07,0xcc,0x27,0xcc,0x27,0xd4,0x47,0xd4,0x47,0xd4,0x47,0xd4,0x47,0xd4,
    0x47,0xd4,0x27,0xd4,0x27,0xd4,0x27,0xcc,0xe7,0xcb,0xe8,0xcb,0xe7,0xcb,0xe7,0xc3,0xe8,0xcb,0x06,0xcc,0xe6,0xcb,0x08,0xc4,
    0x08,0xcc,0x07,0xcc,0x27,0xcc,0x07,0xd4,0x27,0xcc,0x07,0xcc,0x07,0xcc,0x07,0xcc,0xe7,0xcb,0xe7,0xcb,0xc7,0xc3,0xc6,0xc3,
    0xe7,0xbb,0xe7,0xcb,0xe7,0xcb,0xc6,0xc3,0xc7,0xc3,0xc6,0xcb,0xc7,0xc3,0xc6,0xcb,0xc6,0xcb,0xc6,0xc3,0xe7,0xc3,0xe7,0xc3,
    0xe7,0xc3,0xc7,0xc3,0xc7,0xc3,0xc7,0xc3,0xa7,0xbb,0xc7,0xc3,0x87,0xbb,0x86,0xbb,0x87,0xbb,0xa7,0xbb,0xa7,0xc3,0xa7,0xbb,
    0xa6,0xc3,0xa7,0xc3,0xc8,0xc3,0xa7,0xbb,0xa7,0xbb,0xc8,0xc3,0xc7,0xbb,0xa8,0xbb,0xc8,0xbb,0xa7,0xbb,0xa8,0xbb,0xc7,0xbb,
    0xa7,0xbb,0xa7,0xbb,0xa8,0xbb,0xc8,0xb3,0xa8,0xb3,0xa8,0xbb,0x88,0xb3,0x69,0xab,0x69,0xa3,0x68,0xa3,0x49,0xa3,0x48,0x9b,
    0x29,0x93,0x49,0x8b,0x29,0x8b,0x09,0x7b,0xe9,0x72,0xc9,0x6a,0xc9,0x6a,0xc9,0x62,0xa9,0x62,0xc9,0x5a,0xa9,0x5a,0xa9,0x5a,
    0xa8,0x5a,0xa9,0x5a,0xa9,0x5a,0x89,0x52,0x89,0x5a,0x88,0x52,0x88,0x52,0x69,0x52,0x88,0x52,0x69,0x52,0x69,0x52,0x68,0x52,
    0x69,0xa3,0x88,0xa3,0xa7,0xb3,0xc8,0xbb,0xe8,0xbb,0x08,0xc4,0x68,0xcc,0x88,0xd4,0xa8,0xdc,0xc7,0xdc,0xe7,0xe4,0x27,0xe5,
    0xe7,0xe4,0xc6,0xe4,0xe7,0xe4,0xe6,0xe4,0x28,0xed,0x68,0xed,0x68,0xed,0x49,0xed,0x29,0xe5,0xe7,0xe4,0xc9,0xdc,0x69,0xd4,
    0x48,0xd4,0x88,0xd4,0xa7,0xdc,0xc7,0xdc,0xa8,0xdc,0xa7,0xdc,0xc7,0xe4,0xc7,0xe4,0xa6,0xe4,0xa6,0xdc,0xa6,0xe4,0xc7,0xdc,
    0xc6,0xe4,0xc7,0xe4,0xe8,0xe4,0xc7,0xe4,0xc6,0xdc,0xa6,0xe4,0xc7,0xdc,0xe8,0xe4,0xe7,0xe4,0xc7,0xe4,0xc7,0xe4,0xc7,0xdc,
    0xa7,0xdc,0x86,0xe4,0x86,0xdc,0xa8,0xdc,0x87,0xdc,0x67,0xdc,0x86,0xdc,0x86,0xdc,0xa7,0xdc,0xa7,0xdc,0x86,0xd4,0x66,0xd4,
    0x67,0xdc,0x47,0xd4,0x47,0xd4,0x67,0xd4,0x67,0xdc,0x66,0xdc,0xa6,0xdc,0x87,0xdc,0x67,0xd4,0x67,0xdc,0x67,0xd4,0x88,0xd4,
    0x47,0xdc,0x47,0xd4,0x46,0xd4,0x47,0xd4,0x27,0xd4,0x27,0xd4,0x26,0xcc,0x07,0xcc,0x07,0xcc,0x07,0xcc,0x07,0xcc,0x27,0xd4,
    0x27,0xd4,0x27,0xd4,0x27,0xd4,0x48,0xd4,0x47,0xd4,0x27,0xd4,0x27,0xd4,0x27,0xd4,0x07,0xcc,0x07,0xd4,0x06,0xcc,0xe7,0xcb,
    0xe7,0xcb,0xe6,0xcb,0x07,0xcc,0xe6,0xc3,0xc7,0xc3,0xc6,0xc3,0xc6,0xc3,0xe6,0xcb,0xe6,0xcb,0xe7,0xcb,0x06,0xcc,0xe6,0xcb,
    0x06,0xcc,0xe6,0xcb,0xc6,0xc3,0xc7,0xc3,0xe7,0xc3,0xc6,0xc3,0xc7,0xcb,0xe7,0xc3,0xe7,0xcb,0xc7,0xc3,0xe7,0xc3,0xc7,0xc3,
    0xc7,0xc3,0xe7,0xcb,0xc6,0xc3,0xc7,0xc3,0xe6,0xc3,0xc6,0xc3,0xc7,0xc3,0xa7,0xc3,0xc7,0xc3,0xe6,0xcb,0xe7,0xcb,0xe7,0xc3,
    0xc8,0xc3,0xc7,0xc3,0xc7,0xc3,0xa7,0xbb,0xa7,0xc3,0xa7,0xbb,0x87,0xbb,0xa7,0xc3,0xa7,0xbb,0xa7,0xbb,0x87,0xbb,0xa7,0xbb,
    0x88,0xb3,0x68,0xab,0x68,0xa3,0x48,0xab,0x28,0x9b,0x08,0x93,0x08,0x93,0x28,0x93,0x28,0x9b,0x28,0x93,0x29,0x8b,0x29,0x8b,
    0x29,0x8b,0x09,0x8b,0x09,0x7b,0xe9,0x72,0xe9,0x7a,0xe9,0x72,0xc9,0x72,0xc9,0x6a,0xc9,0x62,0xa9,0x62,0xa9,0x5a,0x88,0x5a,
    0x89,0x52,0x88,0x5a,0x88,0x52,0x89,0x5a,0x08,0xbc,0x28,0xc4,0x68,0xd4,0xa8,0xdc,0x88,0xd4,0x89,0xd4,0xa8,0xdc,0x87,0xdc,
    0xc7,0xdc,0xa7,0xdc,0xa8,0xdc,0x86,0xdc,0x66,0xd4,0x67,0xdc,0x67,0xd4,0xa8,0xd4,0x88,0xd4,0x67,0xcc,0x47,0xcc,0x07,0xc4,
    0xc7,0xc3,0xe8,0xbb,0xc8,0xbb,0xe9,0xbb,0x08,0xc4,0x68,0xd4,0x88,0xd4,0xc8,0xe4,0xe8,0xe4,0xc7,0xe4,0xe7,0xe4,0x08,0xe5,
    0x08,0xe5,0x08,0xed,0x07,0xe5,0x48,0xe5,0x28,0xed,0x28,0xe5,0x07,0xe5,0xe7,0xe4,0xe8,0xec,0xe8,0xe4,0xa6,0xe4,0xc6,0xe4,
    0xc7,0xe4,0xe6,0xe4,0xc6,0xe4,0xc7,0xe4,0xa5,0xe4,0xc6,0xdc,0xc6,0xe4,0xc6,0xe4,0xe7,0xe4,0xc7,0xe4,0xc7,0xe4,0xc6,0xe4,
    0xa6,0xe4,0xa6,0xdc,0xa7,0xe4,0xa6,0xdc,0xa6,0xdc,0xa6,0xdc,0xa6,0xdc,0xa6,0xdc,0x86,0xdc,0x85,0xdc,0x86,0xdc,0x86,0xd4,
    0x67,0xdc,0x47,0xd4,0x47,0xd4,0x47,0xd4,0x26,0xd4,0x27,0xd4,0x27,0xd4,0x27,0xd4,0x26,0xd4,0x27,0xd4,0x27,0xd4,0x26,0xd4,
    0x47,0xd4,0x27,0xd4,0x47,0xd4,0x27,0xd4,0x27,0xd4,0x27,0xcc,0x07,0xcc,0x07,0xcc,0xe6,0xcb,0xc7,0xc3,0xc7,0xc3,0xc7,0xcb,
    0xc6,0xc3,0xc6,0xc3,0xc7,0xc3,0xc7,0xc3,0xc6,0xc3,0xc7,0xbb,0xc7,0xc3,0xe7,0xc3,0xc6,0xc3,0xc7,0xcb,0xe7,0xcb,0xe6,0xcb,
    0xe7,0xcb,0xe6,0xcb,0xe7,0xcb,0xe6,0xcb,0xe6,0xcb,0xc7,0xc3,0xa6,0xcb,0xe7,0xc3,0xc7,0xcb,0xe6,0xcb,0xe6,0xcb,0xe6,0xcb,
    0xc6,0xc3,0xc6,0xc3,0xe6,0xcb,0xe7,0xcb,0xc6,0xc3,0xa7,0xc3,0xa6,0xc3,0xc6,0xcb,0xc6,0xc3,0xc7,0xc3,0xc7,0xc3,0xa7,0xc3,
    0xe6,0xcb,0xe6,0xcb,0xe7,0xcb,0xa7,0xc3,0x86,0xbb,0x88,0xbb,0x26,0xab,0x46,0xb3,0xa7,0xbb,0x87,0xbb,0x86,0xbb,0xa7,0xbb,
    0x86,0xbb,0xa7,0xc3,0x67,0xbb,0x87,0xb3,0x87,0xb3,0x67,0xb3,0x48,0xab,0x68,0xab,0x67,0xab,0x48,0xa3,0x68,0xab,0x88,0xab,
    0x88,0xab,0x68,0xa3,0x28,0xa3,0x68,0xab,0x68,0xab,0x48,0xa3,0x47,0xa3,0x28,0x9b,0x29,0x9b,0x48,0x9b,0x08,0x93,0x28,0x93,
    0x08,0x8b,0xe9,0x72,0xa8,0x6a,0xc9,0x6a,0xc9,0x72,0xc9,0x6a,0xc9,0x6a,0xc8,0x72,0x07,0xcc,0x48,0xd4,0x48,0xd4,0x27,0xcc,
    0x27,0xcc,0x28,0xcc,0x08,0xcc,0xc7,0xbb,0xc8,0xbb,0xe8,0xc3,0xe8,0xbb,0xc8,0xb3,0xc7,0xbb,0xe8,0xbb,0xe9,0xc3,0xc8,0xbb,
    0xe8,0xbb,0x07,0xc4,0x08,0xc4,0x08,0xc4,0x29,0xc4,0xa9,0xd4,0xa9,0xd4,0x68,0xd4,0x28,0xcc,0x28,0xcc,0x07,0xd4,0x67,0xd4,
    0xc7,0xdc,0xc7,0xe4,0xe7,0xe4,0xc7,0xe4,0xa7,0xe4,0xc7,0xe4,0xc8,0xdc,0xc8,0xe4,0xe8,0xe4,0xe7,0xe4,0xe6,0xec,0xe8,0xe4,
    0xe7,0xec,0xe7,0xe4,0xe8,0xe4,0x08,0xe5,0x08,0xed,0x28,0xed,0x28,0xe5,0x28,0xed,0x07,0xe5,0xe7,0xe4,0xe7,0xe4,0x07,0xe5,
    0xe7,0xe4,0xc6,0xe4,0xc6,0xe4,0xc6,0xdc,0xc7,0xe4,0xc7,0xdc,0xc6,0xe4,0xa6,0xe4,0xa6,0xdc,0x87,0xe4,0x86,0xdc,0x46,0xdc,
    0x65,0xdc,0x26,0xd4,0x25,0xd4,0x06,0xd4,0x06,0xd4,0x07,0xd4,0x07,0xcc,0x26,0xd4,0x06,0xd4,0x26,0xd4,0x26,0xd4,0x45,0xd4,
    0x46,0xd4,0x27,0xdc,0x26,0xd4,0x26,0xd4,0x28,0xd4,0x07,0xcc,0x07,0xd4,0x08,0xcc,0xe7,0xcb,0xe7,0xcb,0xc7,0xc3,0xc7,0xc3,
    0xa6,0xbb,0xa7,0xc3,0xa7,0xbb,0xa6,0xc3,0xa7,0xc3,0xc6,0xc3,0xa6,0xc3,0xc6,0xcb,0xc6,0xc3,0xe6,0xc3,0xc7,0xbb,0xc7,0xc3,
    0xe7,0xc3,0xc7,0xc3,0xc6,0xc3,0xc7,0xc3,0xc6,0xc3,0xc6,0xc3,0xe6,0xc3,0xc6,0xcb,0xc6,0xc3,0xc7,0xcb,0xc6,0xc3,0xc6,0xcb,
    0xe7,0xcb,0xe7,0xcb,0xc7,0xc3,0xc6,0xc3,0xc7,0xc3,0xe7,0xcb,0xc6,0xcb,0xa6,0xc3,0xa7,0xcb,0xc6,0xc3,0xa6,0xc3,0xa7,0xc3,
    0xc6,0xc3,0xa7,0xbb,0xa6,0xc3,0xc7,0xc3,0x86,0xcb,0xa6,0xcb,0xa5,0xc3,0x87,0xc3,0x87,0xbb,0x87,0xbb,0x85,0x9a,0x05,0xa3,
    0xc6,0xc3,0xa6,0xc3,0x86,0xbb,0x86,0xbb,0x87,0xb3,0x67,0xbb,0x67,0xb3,0x87,0xbb,0x87,0xb3,0x66,0xb3,0x87,0xbb,0xa7,0xb3,
    0x88,0xab,0x47,0xa3,0x48,0xab,0x68,0xab,0x87,0xab,0x47,0xb3,0x48,0xab,0x68,0xa3,0x48,0xa3,0x28,0xa3,0x47,0xa3,0x28,0xa3,
    0x48,0xa3,0x28,0xa3,0x28,0xa3,0x07,0x9b,0x08,0x93,0xe8,0x8a,0xc8,0x82,0xe8,0x82,0x08,0x8b,0xe8,0x82,0xc8,0x82,0xc7,0x8a,
    0x88,0xab,0x88,0xa3,0x88,0xab,0x87,0xab,0x68,0xab,0xa9,0xab,0xa8,0xb3,0xc8,0xab,0xe9,0xb3,0xc8,0xb3,0xa8,0xab,0xc9,0xab,
    0xc8,0xb3,0x09,0xbc,0x28,0xc4,0x29,0xc4,0x28,0xc4,0x28,0xcc,0x49,0xc4,0x8a,0xd4,0xa9,0xd4,0x88,0xd4,0x68,0xd4,0x49,0xd4,
    0x49,0xd4,0x69,0xcc,0x68,0xd4,0xa9,0xd4,0xa7,0xdc,0xa7,0xdc,0xa7,0xdc,0xa8,0xdc,0x87,0xdc,0x88,0xdc,0x47,0xd4,0x67,0xd4,
    0xa7,0xdc,0xe7,0xe4,0xc7,0xe4,0xc7,0xe4,0xc6,0xe4,0xc7,0xe4,0xe7,0xec,0xe7,0xe4,0xe8,0xe4,0x08,0xed,0xe7,0xe4,0xe7,0xe4,
    0xc8,0xe4,0xc7,0xe4,0xc7,0xe4,0xa6,0xdc,0x87,0xe4,0x86,0xdc,0x66,0xdc,0x67,0xdc,0x46,0xd4,0x47,0xd4,0x46,0xd4,0x46,0xd4,
    0x46,0xdc,0x46,0xdc,0x47,0xd4,0x27,0xd4,0x46,0xd4,0x27,0xd4,0x26,0xd4,0x27,0xd4,0x26,0xd4,0x27,0xd4,0x47,0xd4,0x27,0xd4,
    0x27,0xd4,0x26,0xd4,0x26,0xdc,0x25,0xd4,0x06,0xd4,0x27,0xcc,0x27,0xd4,0x06,0xcc,0xe7,0xcb,0xc7,0xcb,0xe7,0xcb,0xe7,0xcb,
    0xe7,0xc3,0xe7,0xc3,0xe6,0xc3,0xc6,0xc3,0xa6,0xc3,0xc6,0xc3,0xa6,0xc3,0xe6,0xc3,0xc6,0xc3,0xc7,0xcb,0xc7,0xc3,0xc6,0xc3,
    0xe7,0xcb,0xe7,0xc3,0xc7,0xc3,0xe7,0xc3,0xc8,0xc3,0xc7,0xc3,0xa6,0xc3,0xc7,0xc3,0xe7,0xcb,0xe7,0xcb,0xe6,0xcb,0xe6,0xcb,
    0xe7,0xcb,0xc7,0xc3,0xc7,0xc3,0xc6,0xc3,0xc6,0xcb,0xa6,0xcb,0xc6,0xc3,0xe7,0xc3,0xc6,0xc3,0xc6,0xcb,0xa6,0xc3,0xa7,0xc3,
    0xa6,0xc3,0xc7,0xc3,0xa6,0xc3,0xa6,0xc3,0xe7,0xc3,0xe8,0xc3,0xc7,0xc3,0xa6,0xc3,0x66,0xc3,0xa6,0xc3,0xc6,0xcb,0xc6,0xc3,
    0xc7,0xc3,0xa6,0xbb,0x87,0xc3,0xa6,0xc3,0x87,0xbb,0xa7,0xc3,0x87,0xbb,0x47,0xab,0x67,0xb3,0x67,0xb3,0x87,0xbb,0xa7,0xbb,
    0xa6,0xbb,0x86,0xc3,0x85,0xbb,0x66,0xbb,0x47,0xab,0x27,0xa3,0x28,0xa3,0x48,0xab,0x48,0xbb,0x87,0xb3,0x48,0xab,0x28,0xa3,
    0x28,0xa3,0x07,0xa3,0x27,0xa3,0x47,0xa3,0x27,0xab,0x07,0xab,0x27,0xa3,0x07,0xa3,0xe6,0xa2,0x07,0xa3,0x08,0x9b,0x08,0x9b,
    0x07,0x9b,0x07,0xa3,0x07,0x9b,0x07,0x9b,0x29,0x83,0x29,0x83,0x29,0x83,0x09,0x8b,0x49,0x93,0x48,0x8b,0x48,0x8b,0x69,0x9b,
    0x89,0x9b,0x89,0x9b,0x68,0xa3,0x89,0xa3,0xa8,0xab,0xc9,0xab,0xc9,0xb3,0xe9,0xb3,0xc8,0xb3,0xe9,0xb3,0xe9,0xbb,0x09,0xbc,
    0xe9,0xbb,0xe8,0xbb,0x09,0xbc,0x29,0xbc,0x29,0xc4,0x49,0xcc,0x69,0xcc,0x89,0xd4,0x88,0xd4,0x88,0xdc,0xa8,0xdc,0xa7,0xdc,
    0x88,0xdc,0xa8,0xdc,0x88,0xdc,0x87,0xdc,0x87,0xdc,0x86,0xdc,0xa6,0xdc,0xc7,0xe4,0xa6,0xdc,0xc7,0xe4,0xc7,0xdc,0xc6,0xe4,
    0xa6,0xe4,0xc7,0xdc,0xa7,0xe4,0x86,0xe4,0xa7,0xdc,0x89,0xdc,0x88,0xd4,0x67,0xd4,0x48,0xd4,0x47,0xd4,0x47,0xd4,0x48,0xd4,
    0x48,0xd4,0x68,0xd4,0x47,0xd4,0x46,0xd4,0x26,0xd4,0x26,0xd4,0x27,0xd4,0x28,0xd4,0x27,0xd4,0x47,0xd4,0x26,0xd4,0x47,0xd4,
    0x26,0xd4,0x26,0xd4,0x07,0xcc,0x27,0xd4,0x06,0xd4,0xe6,0xd3,0x06,0xd4,0x06,0xd4,0x06,0xd4,0x06,0xd4,0x06,0xcc,0x07,0xd4,
    0xe6,0xd3,0x07,0xcc,0xe6,0xcb,0xe7,0xcb,0x07,0xcc,0x07,0xcc,0xe7,0xcb,0x07,0xcc,0xe7,0xcb,0xe6,0xcb,0xc6,0xcb,0xe6,0xc3,
    0xc6,0xcb,0xe6,0xcb,0xe6,0xcb,0xe7,0xcb,0xe7,0xcb,0xc6,0xcb,0xe6,0xcb,0xc7,0xc3,0xe7,0xc3,0xe7,0xcb,0xe7,0xcb,0xe6,0xc3,
    0xe7,0xcb,0xe7,0xcb,0xc6,0xc3,0xc7,0xc3,0xa7,0xc3,0xa7,0xc3,0x87,0xbb,0xa7,0xbb,0xc7,0xc3,0xc6,0xcb,0xe6,0xc3,0xc7,0xc3,
    0xc6,0xc3,0xa6,0xc3,0xa6,0xcb,0xa6,0xc3,0xc6,0xc3,0xa6,0xc3,0xc6,0xcb,0xc6,0xcb,0xe6,0xcb,0xc7,0xc3,0xa6,0xc3,0x87,0xc3,
    0xa7,0xc3,0x86,0xc3,0x87,0xc3,0x86,0xc3,0x87,0xbb,0x87,0xc3,0x66,0xbb,0x87,0xbb,0x86,0xbb,0x86,0xbb,0x66,0xbb,0x67,0xbb,
    0x87,0xbb,0x87,0xbb,0x87,0xbb,0x87,0xc3,0x87,0xc3,0x66,0xbb,0x46,0xbb,0x67,0xb3,0x27,0xab,0x47,0xab,0x48,0xab,0x27,0xb3,
    0x67,0xb3,0x66,0xbb,0x27,0xb3,0x47,0xab,0x28,0xab,0x47,0xab,0x47,0xb3,0x67,0xb3,0x47,0xb3,0x67,0xb3,0x47,0xb3,0x26,0xab,
    0x26,0xb3,0x06,0xb3,0x27,0xab,0x07,0xab,0x07,0xab,0x27,0xa3,0x07,0xa3,0xe7,0xaa,0x09,0x7b,0x28,0x7b,0x09,0x83,0x29,0x7b,
    0x09,0x83,0x29,0x83,0x29,0x7b,0x29,0x83,0x29,0x83,0x4a,0x8b,0x69,0x93,0x68,0x8b,0x49,0x93,0x89,0x93,0x48,0x93,0x69,0x93,
    0x89,0x9b,0x89,0x9b,0x69,0x93,0x89,0x9b,0x89,0x9b,0xa9,0xa3,0xa9,0xa3,0xa9,0xa3,0xa8,0xa3,0xa9,0xab,0xc8,0xb3,0x09,0xc4,
    0x69,0xd4,0x68,0xd4,0x88,0xdc,0xa8,0xdc,0x67,0xd4,0x88,0xd4,0x89,0xd4,0x67,0xdc,0x86,0xd4,0x87,0xdc,0xa7,0xdc,0xa7,0xdc,
    0xa6,0xdc,0xa7,0xdc,0x87,0xdc,0x86,0xdc,0xa7,0xdc,0x66,0xdc,0x67,0xd4,0x47,0xd4,0x67,0xdc,0x47,0xd4,0x48,0xd4,0x47,0xd4,
    0x27,0xd4,0x27,0xd4,0x27,0xcc,0x26,0xd4,0x27,0xd4,0x48,0xd4,0x07,0xd4,0x27,0xcc,0x07,0xd4,0x27,0xcc,0x27,0xcc,0x27,0xd4,
    0x07,0xcc,0x27,0xd4,0x07,0xd4,0x06,0xcc,0x27,0xd4,0x27,0xcc,0x28,0xd4,0x27,0xd4,0x06,0xd4,0x26,0xd4,0x06,0xcc,0x06,0xd4,
    0x25,0xd4,0x06,0xd4,0x26,0xcc,0x26,0xcc,0x07,0xd4,0x07,0xd4,0x26,0xcc,0x06,0xd4,0x07,0xcc,0x06,0xcc,0x07,0xd4,0x06,0xcc,
    0xe7,0xcb,0xe7,0xcb,0xe7,0xcb,0xe7,0xcb,0xe6,0xcb,0xe6,0xcb,0xe7,0xc3,0xe7,0xc3,0xc7,0xcb,0xe7,0xcb,0xe6,0xcb,0xe6,0xcb,
    0xc6,0xcb,0xe7,0xc3,0xc7,0xc3,0xe7,0xcb,0xc6,0xc3,0xc7,0xcb,0xc7,0xc3,0xa7,0xc3,0xa6,0xbb,0xa7,0xc3,0xa7,0xbb,0xc7,0xc3,
    0xc7,0xc3,0xc6,0xcb,0xa6,0xc3,0xc6,0xcb,0xc6,0xc3,0xc6,0xcb,0xc6,0xcb,0xc6,0xcb,0xc7,0xc3,0xc7,0xcb,0xa6,0xc3,0x86,0xc3,
    0x86,0xc3,0x86,0xbb,0x87,0xc3,0xa7,0xbb,0x66,0xbb,0x26,0xb3,0x87,0xbb,0x87,0xc3,0x86,0xbb,0x87,0xbb,0xa6,0xc3,0x86,0xc3,
    0xa5,0xc3,0x86,0xc3,0x67,0xbb,0x66,0xbb,0x67,0xbb,0x67,0xbb,0x67,0xbb,0x87,0xbb,0x67,0xbb,0x66,0xbb,0x46,0xbb,0x47,0xbb,
    0x47,0xb3,0x48,0xb3,0x47,0xbb,0x46,0xbb,0x46,0xbb,0x46,0xbb,0x47,0xb3,0x48,0xb3,0x47,0xb3,0x47,0xb3,0x87,0xbb,0x66,0xc3,
    0x47,0xbb,0x26,0xbb,0x26,0xb3,0x26,0xb3,0x06,0xb3,0x06,0xab,0xe7,0xaa,0xe7,0xa2,0xc7,0xa2,0xc7,0xa2,0xe7,0x9a,0xa7,0xa2,
    0x09,0x7b,0x29,0x7b,0x09,0x83,0x09,0x83,0x28,0x7b,0x29,0x83,0x29,0x83,0x29,0x7b,0x2a,0x83,0x29,0x7b,0x29,0x83,0x29,0x83,
    0x49,0x83,0x49,0x8b,0x49,0x83,0x29,0x83,0x69,0x8b,0x6a,0x8b,0x4a,0x8b,0x6a,0x8b,0x69,0x8b,0x69,0x8b,0x69,0x93,0x69,0x9b,
    0x69,0x93,0x69,0x9b,0xa9,0x93,0xc9,0xab,0x0a,0xc4,0x49,0xcc,0x87,0xd4,0xa8,0xdc,0x68,0xd4,0x47,0xdc,0x68,0xd4,0x88,0xd4,
    0x87,0xdc,0x88,0xdc,0x87,0xdc,0x47,0xd4,0x46,0xdc,0x47,0xd4,0x46,0xd4,0x46,0xd4,0x47,0xd4,0x26,0xdc,0x27,0xd4,0x27,0xd4,
    0x27,0xcc,0x27,0xcc,0x27,0xd4,0x47,0xd4,0x48,0xd4,0x68,0xd4,0x27,0xd4,0x27,0xcc,0x07,0xcc,0x07,0xcc,0x07,0xcc,0x07,0xcc,
    0x07,0xcc,0x07,0xcc,0xe7,0xcb,0x07,0xcc,0x07,0xcc,0x06,0xcc,0x07,0xcc,0x07,0xd4,0x06,0xcc,0x07,0xcc,0x07,0xd4,0x46,0xd4,
    0x06,0xd4,0x06,0xd4,0x06,0xd4,0x26,0xd4,0x06,0xd4,0x06,0xd4,0x07,0xd4,0x27,0xcc,0x06,0xd4,0x06,0xcc,0x06,0xd4,0xe6,0xcb,
    0x07,0xd4,0x07,0xcc,0x06,0xcc,0xe7,0xcb,0xe7,0xcb,0xe7,0xcb,0xe7,0xcb,0xe6,0xcb,0xe6,0xcb,0xe7,0xcb,0xe7,0xcb,0xc7,0xcb,
    0xe6,0xc3,0xc7,0xcb,0xc7,0xcb,0xc6,0xc3,0xc6,0xc3,0xa6,0xc3,0xc7,0xc3,0xa7,0xc3,0xa7,0xc3,0xa6,0xc3,0xa6,0xbb,0xa6,0xc3,
    0xc6,0xcb,0xc6,0xc3,0xc6,0xc3,0xc7,0xcb,0xc6,0xc3,0xc6,0xc3,0xc6,0xc3,0xc6,0xcb,0xc6,0xcb,0xc6,0xc3,0xe6,0xc3,0xa7,0xc3,
    0x86,0xc3,0xa6,0xc3,0xa6,0xbb,0x86,0xc3,0x86,0xc3,0xa6,0xc3,0xa6,0xc3,0xa7,0xc3,0x87,0xc3,0xa6,0xc3,0x86,0xc3,0x86,0xc3,
    0xa6,0xc3,0x87,0xc3,0xa6,0xbb,0x86,0xc3,0x66,0xbb,0x66,0xbb,0x46,0xbb,0x66,0xb3,0x46,0xbb,0x47,0xb3,0x67,0xb3,0x47,0xb3,
    0x67,0xbb,0x46,0xbb,0x66,0xbb,0x67,0xbb,0x87,0xb3,0x67,0xb3,0x47,0xb3,0x46,0xbb,0x67,0xb3,0x47,0xb3,0x47,0xb3,0x47,0xb3,
    0x47,0xab,0x27,0xab,0x46,0xb3,0x26,0xb3,0x27,0xb3,0x26,0xab,0x27,0xab,0x06,0xab,0x06,0xab,0xe7,0xa2,0xe7,0x9a,0xe6,0xa2,
    0xc7,0xa2,0xc6,0xa2,0xe6,0x9a,0xc7,0xa2,0x09,0x7b,0x09,0x7b,0x08,0x7b,0x09,0x83,0x09,0x7b,0x09,0x7b,0x29,0x83,0x29,0x7b,
    0x29,0x83,0x29,0x83,0x29,0x7b,0x29,0x83,0x29,0x83,0x29,0x83,0x4a,0x83,0x49,0x83,0x49,0x83,0x29,0x83,0x49,0x8b,0x49,0x83,
    0x49,0x83,0x29,0x83,0x49,0x8b,0x49,0x8b,0x8a,0x8b,0x69,0x8b,0x6a,0x93,0x6a,0x93,0x89,0x9b,0xe9,0xab,0xe8,0xc3,0x27,0xcc,
    0x27,0xd4,0x27,0xcc,0x48,0xd4,0x28,0xcc,0x48,0xcc,0x48,0xcc,0x27,0xd4,0x47,0xcc,0x27,0xd4,0x07,0xcc,0x07,0xd4,0x07,0xcc,
    0x28,0xd4,0x27,0xcc,0x07,0xcc,0x28,0xcc,0x28,0xd4,0x27,0xd4,0x27,0xd4,0x27,0xcc,0x47,0xd4,0x47,0xd4,0x27,0xd4,0x27,0xcc,
    0x08,0xd4,0x07,0xcc,0x07,0xcc,0x08,0xcc,0xe7,0xcb,0x07,0xcc,0x07,0xcc,0x07,0xd4,0x07,0xcc,0xe6,0xd3,0x07,0xcc,0x06,0xcc,
    0x06,0xcc,0x07,0xd4,0x06,0xcc,0x06,0xd4,0x26,0xd4,0x06,0xd4,0x05,0xd4,0x06,0xd4,0x07,0xcc,0x06,0xd4,0x07,0xcc,0x27,0xd4,
    0x06,0xcc,0x07,0xd4,0xe7,0xcb,0x06,0xcc,0xe6,0xcb,0xc7,0xcb,0xe7,0xcb,0xe6,0xcb,0xe6,0xcb,0xe7,0xcb,0xe7,0xcb,0xe6,0xcb,
    0xe6,0xcb,0xc7,0xcb,0xc7,0xc3,0xc6,0xcb,0xc7,0xcb,0xc6,0xc3,0xc6,0xc3,0xa6,0xcb,0xc7,0xc3,0xc6,0xc3,0xa7,0xcb,0xa6,0xc3,
    0xc6,0xc3,0xc7,0xc3,0xc7,0xc3,0xa6,0xc3,0xc6,0xcb,0xc7,0xc3,0xc7,0xcb,0xc6,0xc3,0xc6,0xc3,0xc7,0xc3,0xc7,0xc3,0xa6,0xc3,
    0xa6,0xc3,0xa6,0xbb,0xa6,0xc3,0xa6,0xbb,0xa6,0xc3,0x87,0xc3,0xc7,0xc3,0xa6,0xc3,0xc6,0xc3,0xc6,0xc3,0xa7,0xc3,0xa6,0xc3,
    0x86,0xc3,0x86,0xc3,0x86,0xbb,0x86,0xc3,0x86,0xc3,0x86,0xc3,0x66,0xbb,0x66,0xb3,0x47,0xbb,0x46,0xb3,0x46,0xb3,0x67,0xb3,
    0x46,0xbb,0x66,0xbb,0x67,0xb3,0x67,0xb3,0x67,0xb3,0x67,0xbb,0x48,0xb3,0x47,0xb3,0x47,0xb3,0x47,0xab,0x07,0xab,0x27,0xa3,
    0x07,0xa3,0x27,0xab,0x27,0xa3,0x27,0xa3,0x07,0xab,0x26,0xab,0x07,0xa3,0x07,0xab,0x06,0xa3,0x07,0xab,0x07,0xa3,0x07,0xa3,
    0xe6,0xa2,0x07,0xa3,0xe7,0xa2,0xc7,0xa2,0xc7,0x9a,0xe7,0x9a,0xc7,0x9a,0xc7,0x9a,0x09,0x7b,0x09,0x7b,0x09,0x7b,0x08,0x83,
    0x09,0x7b,0x29,0x7b,0x29,0x7b,0x29,0x83,0x09,0x7b,0x29,0x7b,0x29,0x83,0x49,0x83,0x29,0x7b,0x29,0x83,0x29,0x83,0x29,0x83,
    0x2a,0x83,0x2a,0x83,0x2a,0x7b,0x29,0x83,0x2a,0x83,0x29,0x7b,0x29,0x83,0x2a,0x83,0x2a,0x83,0x4a,0x83,0x4a,0x83,0x4a,0x83,
    0x4a,0x83,0x49,0x8b,0x69,0x9b,0xa9,0xa3,0xa9,0xb3,0xe9,0xbb,0x08,0xbc,0xe8,0xc3,0xe8,0xc3,0xe7,0xbb,0xe7,0xc3,0xe8,0xc3,
    0xe7,0xc3,0x08,0xc4,0x07,0xc4,0x07,0xc4,0xe7,0xcb,0x07,0xc4,0xe7,0xc3,0x07,0xcc,0x28,0xcc,0x27,0xd4,0x27,0xcc,0x06,0xd4,
    0x27,0xcc,0x07,0xd4,0x27,0xcc,0x27,0xcc,0x28,0xd4,0x27,0xcc,0x07,0xd4,0x07,0xcc,0x07,0xd4,0x07,0xcc,0x07,0xd4,0x07,0xcc,
    0x07,0xd4,0x06,0xcc,0x07,0xcc,0x06,0xd4,0x06,0xcc,0x26,0xd4,0x26,0xd4,0x06,0xd4,0x06,0xd4,0x07,0xd4,0x06,0xcc,0x07,0xd4,
    0xe6,0xd3,0xe6,0xcb,0xe7,0xcb,0xe6,0xcb,0xc6,0xcb,0xc6,0xcb,0xe6,0xcb,0xc6,0xcb,0xa6,0xc3,0xa6,0xcb,0xc6,0xc3,0xc7,0xcb,
    0xc6,0xc3,0xc6,0xcb,0xc6,0xc3,0xa6,0xcb,0xa6,0xc3,0xa6,0xc3,0xa6,0xc3,0x86,0xc3,0xa6,0xc3,0x86,0xc3,0xa6,0xc3,0xa6,0xc3,
    0xa6,0xc3,0xa6,0xc3,0x86,0xbb,0x86,0xc3,0xa7,0xc3,0xa7,0xc3,0xa6,0xc3,0x86,0xc3,0x86,0xc3,0x86,0xc3,0xa6,0xc3,0x87,0xc3,
    0x87,0xc3,0xa6,0xc3,0xa7,0xc3,0x86,0xc3,0xc6,0xbb,0xa7,0xc3,0xa6,0xc3,0xa6,0xc3,0x86,0xc3,0x87,0xbb,0xa6,0xc3,0x86,0xc3,
    0x86,0xc3,0x86,0xc3,0x87,0xc3,0x46,0xbb,0x66,0xc3,0x66,0xbb,0x66,0xc3,0x86,0xbb,0x65,0xbb,0x66,0xbb,0x67,0xbb,0x67,0xb3,
    0x46,0xb3,0x47,0xb3,0x47,0xb3,0x46,0xbb,0x47,0xb3,0x47,0xbb,0x47,0xb3,0x67,0xb3,0x47,0xb3,0x47,0xab,0x07,0xa3,0x07,0xab,
    0x07,0xa3,0x08,0xa3,0x07,0xa3,0x07,0xa3,0x08,0xa3,0xe7,0x9a,0x08,0xa3,0x08,0xa3,0x27,0xa3,0x27,0xa3,0x07,0xa3,0x07,0xab,
    0x07,0xa3,0x08,0x9b,0xe7,0x9a,0x08,0xa3,0xe7,0xa2,0xe7,0xa2,0xe7,0x9a,0xc7,0x9a,0xc7,0x9a,0xc6,0x92,0xc7,0x9a,0xc7,0x92,
    0x09,0x7b,0x08,0x7b,0x09,0x7b,0x09,0x7b,0x09,0x83,0x09,0x7b,0x29,0x7b,0x09,0x7b,0x08,0x83,0x29,0x83,0x28,0x7b,0x09,0x7b,
    0x08,0x7b,0x29,0x83,0x28,0x7b,0x29,0x7b,0x29,0x7b,0x29,0x83,0x2a,0x83,0x2a,0x7b,0x4a,0x83,0x2a,0x83,0x29,0x7b,0x4a,0x83,
    0x29,0x7b,0x4a,0x83,0x4a,0x83,0x29,0x7b,0x49,0x83,0x4a,0x83,0x4a,0x83,0x29,0x8b,0x49,0x8b,0x49,0x93,0x89,0x9b,0x89,0xab,
    0xa9,0xab,0xc9,0xb3,0xc7,0xbb,0xc7,0xbb,0xe8,0xbb,0xc7,0xc3,0xe8,0xc3,0x08,0xcc,0x07,0xc4,0x08,0xcc,0x07,0xcc,0x27,0xcc,
    0x08,0xd4,0x27,0xcc,0x07,0xd4,0x26,0xcc,0x07,0xd4,0x07,0xcc,0x07,0xd4,0x07,0xcc,0x27,0xd4,0x28,0xcc,0x07,0xd4,0x27,0xd4,
    0x27,0xd4,0x27,0xcc,0x27,0xd4,0x06,0xd4,0x26,0xd4,0x26,0xd4,0x26,0xd4,0x06,0xd4,0x26,0xd4,0x06,0xd4,0x07,0xcc,0x06,0xcc,
    0x06,0xcc,0xe6,0xd3,0xe7,0xcb,0xe6,0xcb,0xc6,0xcb,0xe6,0xcb,0xc6,0xcb,0xc5,0xcb,0xc6,0xcb,0xa6,0xc3,0xc6,0xcb,0xa6,0xcb,
    0xc6,0xcb,0xc6,0xcb,0xc6,0xc3,0xc6,0xc3,0xc6,0xc3,0x86,0xc3,0xa6,0xc3,0x87,0xc3,0x86,0xbb,0xa6,0xc3,0x86,0xc3,0xa6,0xc3,
    0x86,0xc3,0x86,0xbb,0x87,0xc3,0xa6,0xc3,0x86,0xbb,0x86,0xbb,0xa6,0xc3,0x86,0xc3,0xa7,0xbb,0xa7,0xc3,0xa7,0xc3,0x86,0xbb,
    0x87,0xbb,0x67,0xbb,0x66,0xbb,0xa6,0xbb,0xa6,0xbb,0x86,0xc3,0x86,0xbb,0xa6,0xc3,0x86,0xc3,0x66,0xbb,0x66,0xbb,0x67,0xb3,
    0x66,0xb3,0x47,0xbb,0x47,0xbb,0x46,0xbb,0x46,0xb3,0x46,0xbb,0x46,0xbb,0x46,0xbb,0x46,0xbb,0x46,0xb3,0x45,0xbb,0x47,0xb3,
    0x46,0xbb,0x46,0xb3,0x47,0xb3,0x47,0xb3,0x47,0xb3,0x47,0xab,0x46,0xb3,0x27,0xb3,0x27,0xb3,0x27,0xab,0x27,0xa3,0x27,0xab,
    0x27,0xa3,0x28,0xa3,0x27,0x9b,0x28,0xa3,0x07,0xa3,0x28,0xa3,0x08,0xa3,0xe7,0xaa,0x08,0xa3,0x07,0xab,0x07,0xa3,0x27,0xab,
    0x27,0xa3,0x07,0xa3,0x08,0xa3,0x07,0xa3,0xe8,0x9a,0xe7,0x9a,0xe7,0x9a,0xe7,0x9a,0xe7,0x9a,0xc7,0x9a,0xc8,0x8a,0xc7,0x92,
    0xc7,0x8a,0xc7,0x8a,0xc8,0x8a,0xa8,0x82,0x09,0x7b,0x09,0x7b,0x09,0x7b,0x08,0x7b,0x08,0x7b,0x09,0x7b,0x09,0x7b,0x09,0x7b,
    0x09,0x83,0x09,0x7b,0x09,0x7b,0x29,0x7b,0x09,0x83,0x09,0x7b,0x29,0x83,0x08,0x83,0x29,0x7b,0x29,0x83,0x29,0x7b,0x29,0x83,
    0x29,0x7b,0x29,0x7b,0x29,0x83,0x29,0x7b,0x29,0x83,0x49,0x83,0x29,0x83,0x4a,0x83,0x29,0x83,0x49,0x83,0x4a,0x8b,0x49,0x8b,
    0x4a,0x83,0x4a,0x8b,0x49,0x8b,0x69,0x8b,0x68,0x9b,0x68,0xa3,0xa9,0xab,0xa8,0xb3,0xc8,0xbb,0xc8,0xc3,0x07,0xcc,0x28,0xcc,
    0x27,0xcc,0x07,0xcc,0x08,0xcc,0x07,0xcc,0xe7,0xd3,0x07,0xcc,0x07,0xcc,0x27,0xd4,0x06,0xcc,0x07,0xcc,0x07,0xcc,0x07,0xcc,
    0x07,0xd4,0x07,0xcc,0x27,0xd4,0x27,0xcc,0x27,0xd4,0x27,0xd4,0x07,0xcc,0x06,0xd4,0x27,0xcc,0x07,0xcc,0x06,0xcc,0x06,0xd4,
    0xe6,0xcb,0xe6,0xcb,0xe6,0xcb,0xe7,0xcb,0xe6,0xcb,0xe6,0xcb,0xe6,0xcb,0xe7,0xcb,0xe6,0xcb,0xe6,0xcb,0xe6,0xcb,0xe6,0xcb,
    0xc7,0xcb,0xe7,0xcb,0xc6,0xcb,0xc6,0xcb,0xc6,0xc3,0xc6,0xc3,0xa6,0xc3,0xc6,0xc3,0xc7,0xc3,0xa7,0xbb,0x86,0xc3,0x86,0xbb,
    0x86,0xc3,0x86,0xbb,0x87,0xbb,0x87,0xbb,0x87,0xbb,0x86,0xc3,0x86,0xbb,0x87,0xc3,0x86,0xc3,0xa7,0xc3,0x86,0xc3,0xa6,0xc3,
    0xa7,0xc3,0x86,0xc3,0x86,0xc3,0x86,0xc3,0x87,0xbb,0x66,0xbb,0x66,0xbb,0x67,0xbb,0x67,0xbb,0x66,0xbb,0x67,0xbb,0x47,0xbb,
    0x46,0xbb,0x46,0xb3,0x47,0xb3,0x47,0xb3,0x46,0xb3,0x47,0xb3,0x47,0xb3,0x27,0xb3,0x26,0xb3,0x26,0xbb,0x26,0xb3,0x47,0xb3,
    0x27,0xb3,0x26,0xb3,0x26,0xb3,0x26,0xb3,0x27,0xab,0x07,0xb3,0x27,0xab,0x27,0xab,0x27,0xa3,0x27,0xab,0x47,0xab,0x27,0xab,
    0x27,0xa3,0x27,0xa3,0x27,0xa3,0x28,0xa3,0x07,0xa3,0x27,0xa3,0x08,0xa3,0x07,0xa3,0x28,0xa3,0x07,0xa3,0x08,0xa3,0xe7,0xaa,
    0xe7,0xa2,0x07,0xa3,0x08,0xa3,0xe7,0x9a,0xe8,0x9a,0xe7,0x9a,0xe7,0x92,0xe8,0x92,0xc7,0x8a,0xc7,0x8a,0xc8,0x8a,0xc8,0x82,
    0xa7,0x82,0xa7,0x7a,0xa8,0x7a,0xa8,0x72,0x88,0x6a,0x68,0x6a,0xe6,0x59,0x67,0x62,0x09,0x83,0x08,0x7b,0x08,0x7b,0x09,0x7b,
    0xe9,0x7a,0x09,0x83,0xe8,0x7a,0x09,0x83,0x09,0x7b,0x09,0x7b,0x09,0x7b,0x09,0x7b,0x28,0x7b,0x29,0x7b,0x09,0x83,0x08,0x83,
    0x29,0x83,0x09,0x7b,0x29,0x83,0x29,0x7b,0x49,0x83,0x29,0x83,0x29,0x7b,0x49,0x83,0x29,0x83,0x49,0x83,0x29,0x83,0x49,0x83,
    0x49,0x83,0x2a,0x8b,0x49,0x8b,0x49,0x8b,0x49,0x8b,0x49,0x8b,0x49,0x93,0x69,0x93,0x69,0x93,0x48,0x9b,0x68,0xa3,0x48,0xab,
    0x89,0xb3,0xe8,0xbb,0xe8,0xc3,0xe7,0xc3,0xe7,0xc3,0xe7,0xcb,0xe6,0xcb,0xe7,0xcb,0xe7,0xcb,0x06,0xcc,0xe6,0xcb,0x07,0xcc,
    0xe7,0xcb,0xe7,0xcb,0x06,0xcc,0x06,0xd4,0x07,0xcc,0x07,0xcc,0xe7,0xcb,0x07,0xd4,0x07,0xcc,0xe6,0xcb,0x07,0xd4,0x07,0xcc,
    0x07,0xcc,0xe7,0xcb,0xc6,0xcb,0xc7,0xcb,0xc6,0xc3,0xc6,0xcb,0xe6,0xc3,0xe7,0xcb,0xe7,0xcb,0xe7,0xcb,0x06,0xcc,0xe6,0xd3,
    0x06,0xcc,0xe7,0xd3,0xe6,0xcb,0xe6,0xcb,0xe7,0xcb,0xc6,0xcb,0xe6,0xcb,0xe7,0xcb,0xc7,0xcb,0xc7,0xcb,0xc7,0xcb,0xa6,0xc3,
    0xc6,0xcb,0xa7,0xc3,0xa6,0xc3,0xc6,0xc3,0xa6,0xc3,0xa7,0xc3,0x87,0xc3,0x87,0xc3,0x86,0xbb,0x86,0xbb,0x86,0xbb,0x86,0xc3,
    0x86,0xbb,0xa6,0xc3,0x86,0xc3,0x86,0xc3,0x86,0xc3,0x85,0xc3,0x86,0xbb,0x66,0xbb,0x66,0xbb,0x47,0xbb,0x67,0xbb,0x26,0xb3,
    0x47,0xbb,0x46,0xb3,0x46,0xbb,0x46,0xb3,0x46,0xb3,0x46,0xb3,0x47,0xb3,0x46,0xb3,0x26,0xb3,0x26,0xb3,0x27,0xb3,0x26,0xb3,
    0x26,0xb3,0x26,0xb3,0x26,0xb3,0x07,0xab,0x27,0xab,0x27,0xab,0x27,0xab,0x47,0xab,0x06,0xb3,0x27,0xab,0x28,0xa3,0x48,0xab,
    0x28,0xa3,0x27,0xa3,0x27,0xab,0x27,0xa3,0x07,0xa3,0x28,0xa3,0x08,0xa3,0x27,0xa3,0x08,0xa3,0x07,0x9b,0x08,0x9b,0xe7,0x9a,
    0x08,0x9b,0xe7,0x92,0xe8,0x9a,0xe7,0x92,0xe7,0x9a,0xe8,0x92,0xe8,0x8a,0xc7,0x82,0xc7,0x82,0xc8,0x7a,0xa8,0x7a,0xa8,0x72,
    0xa8,0x72,0xa8,0x6a,0x88,0x6a,0x88,0x6a,0x88,0x62,0x68,0x62,0x68,0x62,0x67,0x5a,0x68,0x5a,0x48,0x52,0x07,0x4a,0x47,0x52,
    0xe9,0x7a,0x08,0x7b,0xe8,0x7a,0x08,0x83,0x09,0x7b,0xe8,0x7a,0x09,0x7b,0x09,0x7b,0x08,0x7b,0x09,0x7b,0x08,0x7b,0x09,0x83,
    0x09,0x83,0x09,0x7b,0x09,0x83,0x09,0x83,0x09,0x7b,0x28,0x83,0x29,0x7b,0x29,0x83,0x29,0x83,0x29,0x83,0x29,0x83,0x29,0x83,
    0x69,0x8b,0x2a,0x8b,0x49,0x8b,0x49,0x8b,0x49,0x8b,0x49,0x8b,0x29,0x93,0x69,0x8b,0x69,0x93,0x49,0x93,0x4a,0x8b,0x48,0x93,
    0x69,0x9b,0x69,0x9b,0x48,0x9b,0x68,0xa3,0x89,0xb3,0xa8,0xb3,0xa7,0xb3,0xa7,0xbb,0xa7,0xbb,0xc8,0xbb,0xc8,0xc3,0xe7,0xbb,
    0xe8,0xc3,0xe7,0xc3,0xe7,0xcb,0xe6,0xcb,0xe7,0xcb,0x06,0xc4,0xe7,0xcb,0xe7,0xcb,0xe6,0xcb,0xe7,0xcb,0xe6,0xcb,0xe6,0xcb,
    0xc7,0xcb,0xc6,0xc3,0xe6,0xcb,0xc7,0xcb,0xc6,0xc3,0xc6,0xcb,0xe7,0xcb,0xe7,0xc3,0xe7,0xc3,0xc6,0xcb,0xc7,0xc3,0xc6,0xcb,
    0xe6,0xcb,0xc7,0xd3,0xe7,0xcb,0xe6,0xd3,0xe7,0xcb,0x06,0xcc,0xe6,0xcb,0xe6,0xcb,0xe6,0xcb,0xe7,0xcb,0xc6,0xcb,0xe6,0xcb,
    0xe6,0xcb,0xe6,0xcb,0xc6,0xc3,0xe6,0xcb,0xe7,0xcb,0xc6,0xcb,0xe7,0xcb,0xc6,0xcb,0xa6,0xcb,0xc6,0xcb,0xa6,0xc3,0xa6,0xc3,
    0xa6,0xcb,0xa6,0xc3,0x86,0xc3,0xa6,0xc3,0xa6,0xc3,0x86,0xc3,0xa6,0xc3,0x86,0xc3,0xa6,0xc3,0xa6,0xc3,0x86,0xc3,0x86,0xc3,
    0x85,0xc3,0x86,0xc3,0x66,0xbb,0x46,0xbb,0x46,0xb3,0x46,0xbb,0x46,0xb3,0x66,0xbb,0x47,0xbb,0x67,0xbb,0x66,0xb3,0x66,0xb3,
    0x67,0xb3,0x47,0xbb,0x66,0xbb,0x46,0xbb,0x46,0xb3,0x47,0xb3,0x27,0xb3,0x27,0xab,0x47,0xab,0x47,0xab,0x27,0xab,0x27,0xa3,
    0x27,0xa3,0x27,0xa3,0x27,0xa3,0x27,0xa3,0x07,0xa3,0x07,0x9b,0xe7,0xa2,0x07,0xa3,0xe7,0x9a,0x07,0x9b,0xe7,0x9a,0xe7,0x9a,
    0xe7,0x9a,0xe8,0x9a,0x08,0x93,0xe7,0x92,0xe8,0x8a,0xe8,0x8a,0xe8,0x8a,0xc8,0x82,0xc8,0x82,0xc8,0x7a,0xa7,0x72,0xa8,0x72,
    0xc8,0x6a,0xa8,0x6a,0xa9,0x6a,0xa8,0x62,0x88,0x62,0x88,0x62,0x88,0x62,0x88,0x5a,0x68,0x5a,0x68,0x5a,0x68,0x5a,0x48,0x5a,
    0x48,0x5a,0x47,0x52,0x68,0x52,0x48,0x52,0x09,0x7b,0xe8,0x82,0x09,0x7b,0xe8,0x7a,0xe9,0x7a,0x09,0x7b,0x08,0x7b,0xe9,0x7a,
    0x09,0x7b,0x08,0x83,0x09,0x7b,0x09,0x83,0x09,0x7b,0x09,0x7b,0x08,0x7b,0x09,0x7b,0x29,0x83,0x29,0x7b,0x09,0x83,0x29,0x7b,
    0x29,0x83,0x09,0x83,0x29,0x83,0x49,0x83,0x49,0x8b,0x48,0x8b,0x49,0x8b,0x49,0x8b,0x69,0x8b,0x68,0x8b,0x49,0x93,0x4a,0x93,
    0x49,0x9b,0x48,0x93,0x69,0x93,0x69,0x9b,0x48,0x9b,0x49,0x9b,0x68,0xa3,0x49,0xa3,0x47,0xa3,0x68,0xab,0x89,0xab,0x88,0xab,
    0x87,0xab,0x88,0xab,0xa8,0xb3,0xa9,0xb3,0xc8,0xbb,0xc8,0xbb,0xe7,0xbb,0xe7,0xc3,0x07,0xc4,0xe7,0xc3,0xe7,0xc3,0xc7,0xc3,
    0xc7,0xc3,0xe7,0xcb,0xe6,0xc3,0xe6,0xcb,0xe6,0xc3,0xc6,0xbb,0xa6,0xc3,0x86,0xbb,0xa7,0xbb,0xc6,0xc3,0xa6,0xc3,0xc6,0xc3,
    0xc6,0xc3,0xc6,0xcb,0xe6,0xcb,0xc6,0xcb,0xe6,0xd3,0xe6,0xcb,0xe5,0xd3,0xe6,0xd3,0xe6,0xd3,0x05,0xd4,0xe5,0xd3,0xe6,0xd3,
    0x06,0xd4,0xe7,0xd3,0x06,0xcc,0xe6,0xd3,0x06,0xcc,0xe6,0xd3,0xe5,0xd3,0xe6,0xcb,0x06,0xcc,0xe7,0xcb,0xe6,0xd3,0xc6,0xd3,
    0xc6,0xcb,0xa5,0xcb,0xc5,0xcb,0xc5,0xcb,0xc6,0xcb,0xc5,0xc3,0xa6,0xcb,0xa6,0xcb,0xa5,0xcb,0x86,0xcb,0xa7,0xc3,0xc6,0xc3,
    0xa6,0xcb,0xa5,0xc3,0xa6,0xcb,0x86,0xcb,0x86,0xc3,0x85,0xc3,0x86,0xc3,0x86,0xc3,0x66,0xbb,0x86,0xc3,0x66,0xbb,0x66,0xb3,
    0x47,0xb3,0x67,0xb3,0x66,0xb3,0x47,0xbb,0x46,0xb3,0x47,0xab,0x47,0xb3,0x27,0xab,0x06,0xab,0x07,0xa3,0x27,0xa3,0x08,0xa3,
    0x07,0xab,0x06,0xa3,0x07,0xa3,0x07,0xa3,0x07,0xa3,0x07,0xa3,0x07,0xa3,0x28,0xa3,0x07,0x9b,0x28,0xa3,0x08,0xa3,0xe7,0xa2,
    0x07,0xa3,0x07,0x9b,0x08,0xa3,0xe7,0x9a,0x08,0x9b,0xe8,0x92,0xe7,0x92,0xc7,0x92,0xc8,0x8a,0xe8,0x82,0xe7,0x7a,0xc8,0x7a,
    0xc8,0x72,0xc8,0x72,0xc9,0x6a,0xa8,0x6a,0xa9,0x6a,0x88,0x62,0x88,0x62,0x88,0x62,0x88,0x5a,0x88,0x5a,0x68,0x5a,0x68,0x5a,
    0x48,0x52,0x68,0x5a,0x48,0x5a,0x48,0x5a,0x68,0x5a,0x48,0x52,0x27,0x52,0x48,0x52,0x08,0x7b,0xe9,0x82,0x08,0x7b,0x08,0x83,
    0xe9,0x82,0xe8,0x82,0xe9,0x7a,0x09,0x7b,0xe8,0x7a,0xe8,0x82,0xe8,0x7a,0x08,0x7b,0xe9,0x7a,0x09,0x7b,0x09,0x7b,0x08,0x7b,
    0x08,0x7b,0x09,0x7b,0x28,0x83,0x09,0x7b,0x29,0x7b,0x29,0x83,0x28,0x7b,0x29,0x83,0x29,0x8b,0x48,0x8b,0x48,0x8b,0x49,0x8b,
    0x68,0x93,0x49,0x8b,0x49,0x93,0x49,0x93,0x4a,0x93,0x29,0x93,0x29,0x93,0x49,0x93,0x49,0x93,0x49,0x9b,0x49,0x93,0x49,0x9b,
    0x28,0xa3,0x49,0x9b,0x48,0xa3,0x48,0x9b,0x69,0xa3,0x48,0xa3,0x48,0xa3,0x68,0xa3,0x68,0xa3,0x67,0xab,0x88,0xab,0x88,0xab,
    0xa8,0xb3,0xa8,0xbb,0xc7,0xbb,0xc7,0xc3,0xc8,0xc3,0xe7,0xc3,0xc7,0xcb,0xc6,0xcb,0xe7,0xcb,0xe6,0xc3,0xe6,0xcb,0xe6,0xcb,
    0xe6,0xcb,0xe6,0xd3,0xe5,0xcb,0xe5,0xd3,0xe5,0xcb,0xe6,0xcb,0xe5,0xcb,0xe5,0xd3,0xe5,0xd3,0x05,0xd4,0x04,0xd4,0x06,0xd4,
    0x25,0xd4,0x05,0xd4,0x05,0xd4,0x05,0xd4,0xe6,0xd3,0xe6,0xd3,0xe6,0xcb,0xe6,0xd3,0xe6,0xcb,0xa5,0xd3,0xc5,0xcb,0xa6,0xd3,
    0xc6,0xcb,0xe6,0xcb,0xc6,0xcb,0xa6,0xcb,0xc5,0xcb,0xc5,0xcb,0xc6,0xcb,0xc6,0xcb,0xc5,0xc3,0xc6,0xcb,0xa6,0xcb,0xc5,0xc3,
    0xa6,0xc3,0xa6,0xcb,0xa6,0xc3,0xa6,0xcb,0x86,0xc3,0x86,0xc3,0x85,0xc3,0x65,0xc3,0x66,0xbb,0x66,0xc3,0x66,0xbb,0x46,0xbb,
    0x46,0xbb,0x25,0xbb,0x47,0xab,0x47,0xab,0x27,0xab,0x27,0xab,0x07,0xa3,0x07,0xa3,0x07,0xa3,0x07,0xa3,0x07,0xa3,0x07,0xa3,
    0x07,0xab,0x06,0xa3,0x07,0xab,0x27,0xa3,0x27,0xab,0x27,0xab,0x26,0xb3,0x27,0xab,0x27,0xab,0x26,0xb3,0x47,0xab,0x27,0xab,
    0x28,0xa3,0x07,0xab,0x08,0xa3,0x07,0xa3,0x07,0xab,0x07,0xa3,0x07,0x9b,0x07,0x9b,0xe8,0x92,0xc7,0x92,0xc7,0x92,0xc7,0x8a,
    0xc8,0x8a,0xe8,0x8a,0xc8,0x82,0xc8,0x7a,0xa8,0x72,0xa8,0x6a,0xa8,0x6a,0x89,0x6a,0x88,0x62,0x88,0x62,0x88,0x62,0x88,0x62,
    0x88,0x62,0x88,0x5a,0x68,0x5a,0x68,0x5a,0x68,0x5a,0x68,0x5a,0x68,0x5a,0x47,0x52,0x48,0x5a,0x67,0x5a,0x48,0x52,0x47,0x5a,
    0xe8,0x8a,0xe8,0x82,0x08,0x8b,0xe9,0x82,0xe8,0x7a,0xe9,0x82,0xe8,0x82,0x08,0x83,0xe9,0x82,0xe8,0x82,0x09,0x83,0x08,0x83,
    0xe8,0x82,0x09,0x83,0x09,0x83,0x08,0x7b,0x08,0x83,0x09,0x83,0x09,0x83,0x29,0x83,0x08,0x83,0x09,0x83,0x29,0x83,0x29,0x83,
    0x29,0x83,0x28,0x8b,0x29,0x83,0x09,0x83,0x09,0x83,0x29,0x8b,0x29,0x8b,0x49,0x8b,0x09,0x8b,0x49,0x8b,0x29,0x8b,0x49,0x8b,
    0x29,0x83,0x28,0x8b,0x29,0x8b,0x29,0x93,0x29,0x93,0x29,0x93,0x29,0x8b,0x28,0x93,0x29,0x93,0x28,0x9b,0x49,0x9b,0x48,0x9b,
    0x48,0x9b,0x48,0x9b,0x48,0xa3,0x28,0xa3,0x48,0x9b,0x48,0xa3,0x48,0xab,0x67,0xb3,0x67,0xbb,0xa6,0xc3,0xc6,0xcb,0xe6,0xcb,
    0xe6,0xd3,0x06,0xd4,0x25,0xdc,0x24,0xdc,0x25,0xdc,0x45,0xdc,0x24,0xdc,0x25,0xdc,0x24,0xdc,0x25,0xdc,0x25,0xdc,0x05,0xd4,
    0x05,0xdc,0x04,0xdc,0x04,0xd4,0x06,0xd4,0x05,0xd4,0xe5,0xd3,0xe5,0xd3,0xe6,0xd3,0xe5,0xd3,0xe6,0xcb,0xe6,0xd3,0xc6,0xcb,
    0xa6,0xd3,0xc5,0xcb,0xa6,0xcb,0xc6,0xc3,0xa6,0xcb,0xa6,0xc3,0xa5,0xcb,0xa6,0xc3,0x86,0xcb,0x86,0xc3,0xa6,0xc3,0xa6,0xc3,
    0x87,0xc3,0x86,0xc3,0x66,0xc3,0x86,0xc3,0x66,0xbb,0x45,0xc3,0x46,0xbb,0x45,0xbb,0x46,0xbb,0x46,0xbb,0x46,0xb3,0x46,0xb3,
    0x26,0xb3,0x26,0xb3,0x26,0xab,0x26,0xab,0x27,0xab,0x26,0xb3,0x27,0xa3,0x27,0xab,0x07,0xa3,0x27,0xab,0x27,0xa3,0x27,0xa3,
    0x27,0xa3,0x07,0xa3,0x07,0xab,0x07,0xab,0x06,0xab,0x07,0xab,0x27,0xab,0x47,0xb3,0x26,0xab,0x26,0xb3,0x26,0xab,0x27,0xb3,
    0x26,0xab,0x27,0xab,0x27,0xab,0x27,0xa3,0x07,0xa3,0x07,0xa3,0xe7,0x9a,0x07,0x9b,0xe7,0x9a,0xe7,0x9a,0xc8,0x92,0xe7,0x92,
    0xc7,0x92,0xe8,0x8a,0xc8,0x92,0xc7,0x8a,0xe7,0x8a,0xc8,0x82,0xc7,0x7a,0xc8,0x7a,0xc8,0x7a,0xa8,0x7a,0xa8,0x7a,0xa8,0x72,
    0xa8,0x6a,0xa8,0x6a,0xa8,0x6a,0x88,0x62,0x88,0x62,0x88,0x62,0x88,0x62,0x88,0x62,0x68,0x5a,0x68,0x5a,0x48,0x5a,0x68,0x62,
    0x68,0x5a,0x48,0x5a,0x68,0x62,0x48,0x5a,0x07,0x93,0xe7,0x92,0x09,0x8b,0xe8,0x8a,0xe8,0x82,0x08,0x83,0xe8,0x82,0xe8,0x7a,
    0xe8,0x82,0x08,0x83,0x08,0x83,0x08,0x83,0x08,0x8b,0xe8,0x82,0x08,0x83,0x08,0x83,0x08,0x83,0x08,0x83,0x08,0x83,0x09,0x83,
    0x28,0x83,0x08,0x83,0x09,0x83,0x09,0x83,0x28,0x83,0x29,0x83,0x29,0x83,0x09,0x83,0x08,0x83,0x29,0x83,0x09,0x7b,0x09,0x83,
    0x09,0x83,0x09,0x83,0x09,0x83,0x09,0x83,0x29,0x83,0x09,0x83,0x29,0x8b,0x29,0x83,0x29,0x83,0x09,0x8b,0x29,0x8b,0x28,0x8b,
    0x08,0x8b,0x28,0x93,0x28,0x9b,0x28,0x93,0x08,0x9b,0x48,0x9b,0x48,0x9b,0x48,0xa3,0x48,0xab,0x67,0xb3,0x87,0xb3,0x86,0xc3,
    0xa5,0xc3,0xc5,0xcb,0xe5,0xd3,0xe6,0xd3,0x06,0xd4,0x05,0xd4,0x04,0xdc,0x04,0xdc,0x05,0xd4,0xe5,0xdb,0x05,0xdc,0x05,0xdc,
    0x04,0xdc,0x05,0xdc,0x05,0xdc,0x03,0xd4,0xe4,0xd3,0xe5,0xd3,0xc5,0xd3,0xc5,0xcb,0xc5,0xd3,0xa5,0xcb,0xa5,0xcb,0xa6,0xcb,
    0xc5,0xcb,0xc6,0xcb,0xa5,0xc3,0xa6,0xcb,0x86,0xc3,0x86,0xc3,0x86,0xc3,0xa6,0xc3,0x86,0xbb,0x66,0xc3,0x66,0xbb,0x85,0xc3,
    0x66,0xbb,0x66,0xbb,0x46,0xb3,0x67,0xb3,0x47,0xb3,0x47,0xb3,0x26,0xb3,0x26,0xb3,0x26,0xb3,0x26,0xb3,0x26,0xb3,0x26,0xbb,
    0x46,0xb3,0x47,0xb3,0x26,0xb3,0x27,0xab,0x27,0xb3,0x46,0xab,0x47,0xb3,0x27,0xab,0x26,0xab,0x47,0xab,0x27,0xab,0x27,0xa3,
    0x07,0xab,0x27,0xab,0x27,0xa3,0x27,0xab,0x27,0xa3,0x27,0xab,0x06,0xab,0x27,0xab,0x07,0xab,0x27,0xb3,0x27,0xab,0x27,0xab,
    0x06,0xab,0x06,0xab,0x27,0xab,0x07,0xa3,0x27,0xa3,0x07,0xa3,0x07,0x9b,0xe7,0x9a,0xe6,0x92,0xe7,0x92,0xe7,0x92,0xc7,0x92,
    0xe7,0x8a,0xc8,0x8a,0xc7,0x8a,0xc8,0x8a,0xc8,0x8a,0xc7,0x8a,0xc8,0x8a,0xc8,0x82,0xc7,0x82,0xc8,0x82,0xc8,0x7a,0xc8,0x7a,
    0xa8,0x7a,0xc7,0x7a,0xa7,0x72,0x88,0x72,0xa8,0x72,0xa7,0x72,0xa8,0x6a,0x88,0x6a,0x88,0x6a,0x88,0x6a,0x87,0x6a,0x88,0x6a,
    0x88,0x6a,0x88,0x62,0x68,0x6a,0x88,0x6a,0x67,0x6a,0x88,0x6a,0x67,0x6a,0x88,0x6a,0xe7,0x9a,0xe8,0x92,0x08,0x8b,0xe7,0x8a,
    0xe8,0x8a,0x09,0x83,0xe9,0x82,0xe8,0x82,0xe8,0x7a,0xe8,0x82,0xc8,0x7a,0xe8,0x82,0xe8,0x82,0xe8,0x82,0x09,0x83,0x08,0x83,
    0x08,0x83,0x08,0x83,0x08,0x83,0xe8,0x82,0x08,0x7b,0x08,0x83,0x09,0x83,0x09,0x83,0x08,0x7b,0x08,0x83,0x09,0x83,0x08,0x83,
    0x09,0x7b,0x29,0x83,0x09,0x7b,0x09,0x83,0x09,0x7b,0x09,0x83,0x09,0x83,0x09,0x83,0x09,0x83,0x09,0x7b,0xe9,0x82,0x08,0x83,
    0x08,0x8b,0x28,0x83,0x28,0x8b,0x28,0x9b,0x28,0x9b,0x28,0x9b,0x28,0x9b,0x48,0x9b,0x28,0xa3,0x48,0xa3,0x68,0xab,0x67,0xab,
    0x87,0xbb,0x66,0xbb,0xa6,0xcb,0xc5,0xcb,0xc5,0xd3,0xe5,0xd3,0xc5,0xd3,0xe6,0xd3,0xe5,0xd3,0xc4,0xd3,0xe4,0xdb,0xc3,0xd3,
    0xe4,0xd3,0xc4,0xd3,0xc5,0xd3,0xc5,0xd3,0xe5,0xcb,0xc5,0xd3,0xa4,0xd3,0xc4,0xd3,0xc5,0xcb,0xc5,0xcb,0xa5,0xcb,0xa5,0xcb,
    0xa5,0xcb,0xa6,0xcb,0xa5,0xcb,0x86,0xcb,0x65,0xc3,0x86,0xcb,0x66,0xc3,0x66,0xc3,0x85,0xc3,0x66,0xbb,0x45,0xc3,0x45,0xbb,
    0x46,0xb3,0x47,0xbb,0x46,0xb3,0x47,0xb3,0x47,0xb3,0x27,0xb3,0x46,0xbb,0x46,0xb3,0x47,0xb3,0x46,0xbb,0x47,0xb3,0x46,0xb3,
    0x46,0xbb,0x46,0xbb,0x26,0xb3,0x46,0xbb,0x26,0xb3,0x27,0xb3,0x47,0xb3,0x46,0xb3,0x26,0xab,0x26,0xb3,0x26,0xb3,0x26,0xb3,
    0x46,0xb3,0x27,0xab,0x46,0xab,0x27,0xab,0x26,0xb3,0x26,0xab,0x26,0xb3,0x27,0xab,0x27,0xb3,0x27,0xb3,0x26,0xb3,0x26,0xb3,
    0x26,0xb3,0x27,0xab,0x26,0xab,0x06,0xb3,0x07,0xab,0x07,0xab,0x07,0xab,0x07,0xa3,0x07,0xa3,0xe7,0xa2,0xe7,0x9a,0xe7,0xa2,
    0xe7,0x9a,0xe7,0x9a,0xc7,0x92,0xc7,0x92,0xc7,0x8a,0xc7,0x8a,0xc7,0x92,0xc8,0x92,0xc7,0x92,0xa7,0x8a,0xc7,0x8a,0xc7,0x8a,
    0xc7,0x82,0xa7,0x8a,0xc8,0x82,0xa7,0x82,0xa8,0x7a,0xa7,0x7a,0xa7,0x7a,0xa8,0x7a,0xa7,0x72,0xa8,0x72,0x87,0x7a,0xa7,0x72,
    0xa8,0x72,0x87,0x72,0x88,0x72,0x87,0x72,0x87,0x72,0x87,0x72,0x87,0x72,0x67,0x72,0x87,0x72,0x87,0x72,0x87,0x72,0x88,0x72,
    0xc8,0x92,0xe7,0x8a,0xe8,0x8a,0xe7,0x8a,0xe8,0x82,0xe8,0x82,0xe8,0x82,0xe9,0x7a,0xe8,0x82,0xe8,0x82,0xe8,0x7a,0xe8,0x7a,
    0xc8,0x82,0xe8,0x7a,0xe8,0x7a,0xe8,0x82,0xe8,0x82,0xe8,0x82,0xe8,0x7a,0x08,0x83,0xe9,0x82,0xe8,0x7a,0x08,0x7b,0x08,0x83,
    0x09,0x83,0xe8,0x7a,0x08,0x83,0x09,0x7b,0x09,0x7b,0x09,0x83,0x09,0x7b,0x09,0x83,0x09,0x83,0x08,0x7b,0xe9,0x82,0x09,0x83,
    0x09,0x83,0x08,0x83,0x09,0x83,0x08,0x8b,0x28,0x93,0x28,0x9b,0x28,0x9b,0x48,0x9b,0x47,0xa3,0x48,0xa3,0x47,0xab,0x46,0xb3,
    0x67,0xbb,0x66,0xb3,0x86,0xbb,0xa6,0xc3,0x86,0xc3,0xc5,0xcb,0xe5,0xcb,0xe6,0xd3,0xe5,0xdb,0xc4,0xd3,0xc6,0xcb,0xc6,0xd3,
    0xa5,0xcb,0xc5,0xd3,0xa4,0xd3,0xc4,0xd3,0xc5,0xd3,0xc5,0xd3,0xc5,0xcb,0xc5,0xcb,0xa5,0xcb,0x85,0xcb,0xa5,0xcb,0xa5,0xcb,
    0xa5,0xcb,0xc5,0xcb,0xa6,0xcb,0xa5,0xcb,0xa5,0xcb,0x86,0xcb,0xa5,0xc3,0x85,0xcb,0x86,0xc3,0x65,0xc3,0x86,0xc3,0x66,0xbb,
    0x65,0xbb,0x66,0xc3,0x25,0xc3,0x46,0xbb,0x46,0xbb,0x46,0xbb,0x46,0xb3,0x47,0xb3,0x46,0xbb,0x66,0xbb,0x66,0xbb,0x66,0xbb,
    0x86,0xbb,0x66,0xc3,0x46,0xbb,0x66,0xbb,0x66,0xbb,0x66,0xbb,0x65,0xbb,0x46,0xbb,0x46,0xbb,0x46,0xbb,0x65,0xbb,0x46,0xbb,
    0x46,0xbb,0x46,0xbb,0x46,0xbb,0x26,0xb3,0x45,0xbb,0x46,0xbb,0x46,0xb3,0x26,0xbb,0x26,0xb3,0x26,0xbb,0x26,0xb3,0x26,0xbb,
    0x26,0xbb,0x46,0xb3,0x46,0xbb,0x46,0xb3,0x26,0xb3,0x26,0xbb,0x06,0xb3,0x26,0xb3,0x06,0xb3,0x26,0xab,0x07,0xab,0x07,0xab,
    0xe7,0xaa,0x08,0xa3,0xe7,0xa2,0xe6,0x9a,0x06,0xa3,0xe7,0x9a,0xe7,0x92,0xe7,0x92,0xe7,0x92,0xc7,0x92,0xe7,0x8a,0xc7,0x92,
    0xc7,0x92,0xc6,0x8a,0xc7,0x8a,0xc7,0x8a,0xc7,0x82,0xc7,0x82,0xa7,0x82,0xa8,0x82,0x87,0x82,0x87,0x82,0x87,0x82,0xa7,0x82,
    0x87,0x82,0x87,0x7a,0xa7,0x7a,0x87,0x7a,0x87,0x7a,0x87,0x7a,0x87,0x7a,0x87,0x72,0x87,0x72,0x67,0x72,0x87,0x72,0x66,0x72,
    0x87,0x72,0x68,0x72,0x87,0x72,0x67,0x72,0xc8,0x82,0xa8,0x82,0xc7,0x82,0xe8,0x82,0xe8,0x7a,0xe8,0x82,0xe8,0x7a,0xe8,0x7a,
    0xc8,0x82,0xe9,0x7a,0xe8,0x82,0xe8,0x7a,0xe7,0x7a,0xc8,0x82,0xe9,0x7a,0xe8,0x7a,0xc8,0x72,0xe9,0x7a,0xe8,0x7a,0xe8,0x7a,
    0xe8,0x82,0xe9,0x82,0x08,0x83,0xe8,0x7a,0xe8,0x82,0x08,0x83,0xe8,0x7a,0x08,0x83,0x09,0x83,0x08,0x83,0x08,0x7b,0x09,0x83,
    0x09,0x83,0x08,0x83,0x08,0x83,0x09,0x83,0x09,0x83,0x08,0x93,0x28,0x8b,0x08,0x93,0x08,0x9b,0x47,0x9b,0x47,0xab,0x67,0xab,
    0x47,0xb3,0x87,0xbb,0xa6,0xc3,0x86,0xc3,0x86,0xc3,0x86,0xc3,0xa6,0xc3,0xc5,0xcb,0xc5,0xd3,0xc4,0xd3,0xc5,0xd3,0xc5,0xd3,
    0xa5,0xcb,0xa5,0xcb,0xc5,0xcb,0x85,0xcb,0xa5,0xd3,0xa5,0xcb,0x84,0xd3,0xa4,0xd3,0xc5,0xd3,0xc5,0xcb,0xa5,0xcb,0xa6,0xcb,
    0xa6,0xcb,0xc5,0xd3,0xa5,0xcb,0xa5,0xcb,0x85,0xcb,0x85,0xcb,0xa6,0xc3,0x85,0xc3,0x86,0xc3,0x85,0xcb,0x86,0xc3,0x85,0xcb,
    0x86,0xcb,0x86,0xc3,0x86,0xc3,0x65,0xc3,0x65,0xc3,0x66,0xcb,0x65,0xc3,0x86,0xc3,0x85,0xc3,0x66,0xc3,0x86,0xbb,0x45,0xc3,
    0x66,0xc3,0x66,0xbb,0x46,0xbb,0x46,0xc3,0x45,0xc3,0x46,0xbb,0x66,0xc3,0x67,0xbb,0x46,0xbb,0x45,0xbb,0x66,0xc3,0x65,0xc3,
    0x86,0xc3,0x85,0xc3,0x65,0xbb,0x66,0xbb,0x65,0xbb,0x45,0xc3,0x45,0xc3,0x45,0xc3,0x65,0xc3,0x45,0xc3,0x46,0xc3,0x46,0xc3,
    0x25,0xbb,0x25,0xbb,0x45,0xc3,0x45,0xc3,0x25,0xbb,0x25,0xbb,0x25,0xbb,0x26,0xbb,0x26,0xb3,0x06,0xbb,0x06,0xb3,0x06,0xb3,
    0x06,0xab,0x07,0xab,0x06,0xab,0xe6,0xaa,0xe6,0xa2,0xe7,0x9a,0x07,0xa3,0xe7,0x9a,0xc7,0x9a,0xc7,0x92,0xc7,0x92,0xc7,0x92,
    0xa7,0x92,0xc7,0x8a,0xc7,0x82,0xc7,0x8a,0xc7,0x82,0xa6,0x8a,0xa7,0x82,0xc7,0x82,0xa8,0x82,0x87,0x82,0xa7,0x82,0x87,0x82,
    0xa7,0x82,0xa7,0x82,0x87,0x82,0xa7,0x7a,0x87,0x7a,0x87,0x7a,0x87,0x82,0x87,0x7a,0x67,0x7a,0x86,0x72,0x87,0x72,0x87,0x72,
    0x67,0x72,0x67,0x7a,0x66,0x72,0x67,0x72,0x67,0x72,0x67,0x72,0x67,0x72,0x67,0x72,0xc8,0x82,0xe8,0x7a,0xc8,0x82,0xe8,0x7a,
    0xe8,0x82,0xc8,0x82,0xc8,0x7a,0xc8,0x7a,0xc8,0x7a,0xc8,0x7a,0xc8,0x82,0xe8,0x82,0xc8,0x7a,0xe8,0x7a,0xc9,0x7a,0xe8,0x7a,
    0xe8,0x7a,0xc8,0x7a,0xc8,0x7a,0xe8,0x7a,0xe8,0x7a,0xe8,0x7a,0xe8,0x7a,0x08,0x83,0xe8,0x7a,0x09,0x7b,0xe8,0x82,0x08,0x83,
    0xe9,0x82,0x09,0x83,0x09,0x83,0x08,0x83,0x09,0x83,0x08,0x8b,0x08,0x8b,0x09,0x93,0x09,0x8b,0x08,0x93,0x28,0x93,0x08,0x9b,
    0x27,0xa3,0x28,0xa3,0x67,0xab,0x66,0xbb,0xa6,0xbb,0x86,0xc3,0xc6,0xcb,0xa5,0xcb,0xa6,0xcb,0xa5,0xcb,0xa5,0xcb,0xc5,0xd3,
    0xa5,0xcb,0xa5,0xcb,0x85,0xcb,0x86,0xc3,0x86,0xcb,0x85,0xcb,0xa5,0xd3,0xa5,0xcb,0x85,0xd3,0xa5,0xcb,0xa4,0xd3,0xc4,0xd3,
    0xa5,0xcb,0xa5,0xcb,0xa5,0xcb,0xa5,0xcb,0xa5,0xcb,0xa5,0xcb,0xa5,0xcb,0x85,0xcb,0x85,0xcb,0x86,0xcb,0xa6,0xcb,0xa6,0xcb,
    0x85,0xcb,0xa5,0xcb,0x85,0xcb,0x85,0xc3,0x86,0xcb,0x86,0xcb,0x85,0xcb,0x86,0xcb,0x85,0xcb,0x85,0xc3,0x86,0xcb,0x66,0xc3,
    0x66,0xc3,0x65,0xc3,0x86,0xcb,0x85,0xc3,0x66,0xc3,0x66,0xbb,0x65,0xc3,0x66,0xc3,0x66,0xc3,0x26,0xc3,0x46,0xc3,0x65,0xc3,
    0x66,0xc3,0x84,0xc3,0x85,0xc3,0x86,0xcb,0x85,0xc3,0x85,0xcb,0x66,0xc3,0x65,0xc3,0x65,0xc3,0x64,0xcb,0x85,0xcb,0x85,0xcb,
    0x85,0xcb,0x85,0xcb,0x65,0xc3,0x65,0xc3,0x65,0xcb,0x45,0xc3,0x25,0xbb,0x25,0xc3,0x26,0xbb,0x26,0xbb,0x25,0xbb,0x06,0xb3,
    0x06,0xb3,0x06,0xab,0x06,0xab,0xe6,0xaa,0x06,0xa3,0xe7,0xa2,0xc7,0x9a,0xe6,0x9a,0xe7,0x9a,0xc7,0x9a,0xc7,0x92,0xc6,0x9a,
    0xc7,0x92,0xc7,0x92,0xc6,0x8a,0xc7,0x8a,0xc7,0x82,0xa7,0x8a,0xa7,0x82,0xc7,0x82,0xa6,0x8a,0xc7,0x8a,0xa6,0x8a,0xa7,0x82,
    0x87,0x82,0x86,0x8a,0xa7,0x82,0xa6,0x82,0xa7,0x82,0xa7,0x7a,0x87,0x82,0x87,0x7a,0x87,0x7a,0x87,0x7a,0x67,0x7a,0x87,0x72,
    0x87,0x72,0x87,0x72,0x87,0x72,0x67,0x72,0x87,0x72,0x47,0x72,0x67,0x72,0x67,0x6a,0x66,0x6a,0x67,0x72,0x67,0x72,0x67,0x6a,
    0xe8,0x7a,0xe7,0x82,0xc8,0x7a,0xc7,0x7a,0xc8,0x7a,0xc7,0x7a,0xc8,0x82,0xc7,0x7a,0xc7,0x7a,0xc8,0x7a,0xe7,0x7a,0xc8,0x7a,
    0xc8,0x7a,0xc8,0x7a,0xc8,0x7a,0xe8,0x7a,0xe8,0x82,0xe8,0x7a,0xe8,0x7a,0xe8,0x82,0xe8,0x7a,0xe8,0x82,0xe8,0x7a,0xe8,0x7a,
    0x09,0x83,0xe8,0x7a,0xe8,0x7a,0x08,0x83,0x08,0x7b,0xe9,0x82,0xe8,0x82,0xe8,0x82,0x08,0x83,0xc8,0x8a,0xe8,0x8a,0x08,0x93,
    0x08,0x8b,0x08,0x8b,0x08,0x93,0x07,0x93,0x08,0x9b,0x28,0xa3,0x47,0xab,0x47,0xb3,0x66,0xbb,0x66,0xbb,0x65,0xbb,0x65,0xc3,
    0x86,0xcb,0x65,0xc3,0x86,0xcb,0x85,0xcb,0x86,0xcb,0x85,0xc3,0x65,0xcb,0x65,0xcb,0xa5,0xcb,0xa5,0xcb,0xc5,0xd3,0xa5,0xd3,
    0xc4,0xd3,0xa4,0xd3,0xa5,0xd3,0xa5,0xcb,0xa4,0xd3,0x83,0xd3,0xa4,0xcb,0x84,0xcb,0xa5,0xcb,0x85,0xcb,0x85,0xcb,0xa4,0xcb,
    0xa4,0xcb,0x85,0xd3,0xa5,0xcb,0x84,0xcb,0x84,0xcb,0x85,0xcb,0xa5,0xcb,0x86,0xcb,0x86,0xcb,0xa6,0xcb,0x85,0xc3,0x84,0xcb,
    0xa5,0xcb,0x85,0xcb,0x85,0xcb,0x65,0xc3,0x86,0xcb,0x65,0xc3,0x65,0xc3,0x66,0xc3,0x65,0xc3,0x85,0xcb,0x65,0xc3,0x86,0xc3,
    0x65,0xc3,0x65,0xc3,0x66,0xc3,0x65,0xc3,0x85,0xc3,0x65,0xcb,0x65,0xc3,0x45,0xc3,0x65,0xc3,0x65,0xc3,0x65,0xcb,0x66,0xc3,
    0x65,0xc3,0x25,0xcb,0x45,0xc3,0x45,0xc3,0x45,0xc3,0x45,0xc3,0x44,0xc3,0x25,0xc3,0x45,0xc3,0x26,0xc3,0x45,0xbb,0x26,0xbb,
    0x06,0xbb,0x26,0xb3,0xe5,0xb2,0xe5,0xaa,0xe6,0xaa,0xe6,0xaa,0xe7,0xa2,0xc6,0xa2,0xc7,0x9a,0xc7,0x9a,0xe7,0x9a,0xc7,0x9a,
    0xc6,0x92,0xc7,0x92,0xc7,0x92,0xc6,0x92,0xc7,0x92,0xc6,0x9a,0xa7,0x92,0xa7,0x92,0xa6,0x8a,0xa7,0x8a,0xa6,0x8a,0xa7,0x82,
    0xa6,0x82,0xa7,0x8a,0xa6,0x82,0x87,0x82,0x86,0x82,0x87,0x82,0x86,0x82,0x86,0x82,0x87,0x82,0x67,0x82,0x67,0x7a,0x67,0x7a,
    0x87,0x7a,0x86,0x7a,0x66,0x72,0x87,0x72,0x67,0x7a,0x67,0x72,0x66,0x72,0x67,0x7a,0x67,0x72,0x66,0x72,0x67,0x6a,0x87,0x72,
    0x67,0x6a,0x47,0x6a,0x66,0x72,0x47,0x72,0xc8,0x7a,0xc8,0x7a,0xa7,0x82,0xc8,0x82,0xc7,0x82,0xc7,0x7a,0xc8,0x7a,0xc8,0x7a,
    0xc8,0x7a,0xc8,0x7a,0xc8,0x7a,0xe8,0x7a,0xc8,0x7a,0xc8,0x7a,0xc8,0x7a,0xc8,0x7a,0xe8,0x7a,0xc8,0x7a,0xe8,0x7a,0xe7,0x7a,
    0xe8,0x7a,0xe8,0x82,0xe8,0x7a,0xe8,0x82,0xe7,0x7a,0xe8,0x82,0xe8,0x7a,0xe8,0x82,0x08,0x83,0x09,0x83,0x09,0x83,0x08,0x83,
    0x08,0x83,0xe8,0x8a,0x08,0x8b,0x08,0x8b,0x08,0x93,0x08,0x93,0x08,0x93,0x08,0x93,0x07,0x93,0x07,0x9b,0x27,0xab,0x27,0xab,
    0x47,0xab,0x27,0xb3,0x26,0xb3,0x25,0xbb,0x25,0xc3,0x46,0xc3,0x65,0xbb,0x66,0xc3,0x65,0xc3,0x85,0xcb,0xa5,0xd3,0xa5,0xd3,
    0xa4,0xd3,0xc5,0xd3,0xa5,0xd3,0xa5,0xd3,0x84,0xcb,0x84,0xd3,0x85,0xcb,0x65,0xcb,0x64,0xcb,0x84,0xd3,0x84,0xd3,0x83,0xcb,
    0x84,0xd3,0xa5,0xd3,0x84,0xcb,0xa4,0xcb,0x85,0xcb,0x64,0xcb,0x65,0xcb,0x64,0xcb,0x65,0xc3,0x65,0xc3,0x46,0xc3,0x65,0xcb,
    0x65,0xc3,0x65,0xc3,0x65,0xc3,0x65,0xcb,0x65,0xc3,0x65,0xcb,0x46,0xc3,0x45,0xc3,0x45,0xc3,0x66,0xc3,0x45,0xc3,0x65,0xc3,
    0x65,0xc3,0x66,0xc3,0x25,0xc3,0x25,0xc3,0x45,0xc3,0x46,0xc3,0x25,0xc3,0x45,0xc3,0x26,0xc3,0x25,0xc3,0x26,0xbb,0x25,0xc3,
    0x26,0xbb,0x25,0xbb,0x05,0xbb,0x05,0xc3,0x26,0xbb,0x25,0xc3,0x05,0xbb,0x25,0xbb,0x26,0xb3,0x05,0xb3,0x25,0xbb,0x05,0xbb,
    0xe5,0xb2,0x26,0xb3,0x26,0xb3,0x06,0xb3,0x06,0xbb,0xe6,0xb2,0x06,0xab,0xe6,0xaa,0xe5,0xaa,0xc6,0xaa,0xc6,0xa2,0xe6,0xa2,
    0xe7,0xa2,0xe7,0x9a,0xc7,0x9a,0xe7,0x9a,0xc6,0xa2,0xe7,0x9a,0xc7,0xa2,0xa6,0xa2,0xc6,0x9a,0xa6,0x9a,0xa6,0x9a,0xc7,0x92,
    0xa6,0x8a,0xa7,0x8a,0xa7,0x8a,0xa6,0x8a,0xa7,0x8a,0xa6,0x8a,0xa6,0x82,0xa7,0x82,0x86,0x82,0x86,0x8a,0x86,0x82,0x86,0x82,
    0x66,0x82,0x87,0x82,0x86,0x82,0x87,0x82,0x86,0x82,0x87,0x7a,0x87,0x7a,0x67,0x82,0x87,0x7a,0x66,0x82,0x87,0x7a,0x66,0x7a,
    0x87,0x7a,0x67,0x7a,0x67,0x7a,0x66,0x7a,0x66,0x7a,0x47,0x7a,0x66,0x72,0x67,0x72,0xc8,0x7a,0xc8,0x82,0xa7,0x82,0xc8,0x82,
    0xa7,0x82,0xa7,0x82,0xc8,0x82,0xc8,0x7a,0xc8,0x7a,0xa7,0x7a,0xc7,0x82,0xc7,0x7a,0xe7,0x7a,0xc8,0x7a,0xc7,0x82,0xc8,0x7a,
    0xc7,0x7a,0xe8,0x7a,0xc8,0x7a,0xc8,0x7a,0xc9,0x7a,0xc8,0x7a,0xc8,0x7a,0xc8,0x7a,0xe7,0x82,0xe7,0x7a,0xe8,0x82,0xe8,0x82,
    0xe8,0x7a,0xe8,0x82,0xe8,0x82,0xe9,0x82,0x08,0x83,0x08,0x83,0xe8,0x82,0xe8,0x82,0xe8,0x8a,0xe8,0x8a,0x08,0x8b,0x07,0x93,
    0x08,0x93,0x07,0x93,0x08,0x9b,0x08,0x9b,0x07,0xa3,0x27,0xab,0x06,0xab,0x26,0xb3,0x25,0xb3,0x26,0xbb,0x46,0xbb,0x66,0xc3,
    0x45,0xc3,0x65,0xcb,0x85,0xcb,0x84,0xcb,0x84,0xcb,0x84,0xcb,0x65,0xd3,0x84,0xcb,0x85,0xcb,0x64,0xd3,0x64,0xcb,0x85,0xcb,
    0x65,0xcb,0x65,0xcb,0x65,0xcb,0x84,0xd3,0x65,0xcb,0x65,0xcb,0x45,0xc3,0x45,0xcb,0x45,0xc3,0x65,0xc3,0x24,0xc3,0x45,0xc3,
    0x25,0xc3,0x25,0xc3,0x26,0xc3,0x26,0xbb,0x25,0xc3,0x45,0xc3,0x25,0xbb,0x25,0xc3,0x05,0xc3,0x25,0xc3,0x25,0xc3,0x25,0xbb,
    0x05,0xc3,0x25,0xc3,0x26,0xbb,0x25,0xb3,0x26,0xbb,0x25,0xb3,0x25,0xbb,0x26,0xbb,0x25,0xc3,0x26,0xbb,0x05,0xc3,0x06,0xbb,
    0x25,0xbb,0x25,0xbb,0x05,0xbb,0x25,0xbb,0x06,0xbb,0x25,0xbb,0x05,0xbb,0x05,0xbb,0x06,0xbb,0x05,0xbb,0x26,0xb3,0x26,0xb3,
    0x26,0xab,0x06,0xb3,0xe5,0xb2,0x06,0xab,0xe5,0xb2,0xe6,0xb2,0x06,0xab,0xc6,0xaa,0xe6,0xb2,0xe5,0xb2,0xc5,0xb2,0xe6,0xba,
    0xe6,0xb2,0xe5,0xaa,0xe6,0xaa,0xc6,0xaa,0xe7,0xa2,0xc7,0xa2,0xe6,0xa2,0xe6,0xa2,0xc6,0xaa,0xe5,0xaa,0xc6,0xa2,0xc6,0xaa,
    0xc6,0xaa,0xe6,0xa2,0xc6,0xa2,0xc6,0x9a,0xc6,0x9a,0xc6,0x9a,0xa6,0x9a,0xc6,0x9a,0xa6,0x9a,0xc6,0x9a,0xa6,0x92,0xa6,0x9a,
    0xa6,0x9a,0x86,0x9a,0x87,0x9a,0xa6,0x92,0x86,0x92,0xa6,0x8a,0x86,0x8a,0x86,0x8a,0x86,0x8a,0x87,0x82,0xa7,0x82,0x86,0x82,
    0x66,0x82,0x86,0x82,0x66,0x82,0x86,0x82,0x66,0x82,0x66,0x82,0x67,0x82,0x67,0x7a,0x66,0x82,0x67,0x7a,0x66,0x82,0x67,0x7a,
    0xc8,0x7a,0xc7,0x7a,0xa8,0x82,0xa7,0x82,0xc7,0x7a,0xa8,0x7a,0xa7,0x82,0xc7,0x82,0xa8,0x7a,0xc8,0x7a,0xa7,0x82,0xc8,0x7a,
    0xa7,0x7a,0xc8,0x7a,0xc8,0x7a,0xc7,0x82,0xc7,0x7a,0xc8,0x7a,0xc8,0x7a,0xc8,0x82,0xe8,0x7a,0xc7,0x7a,0xe8,0x82,0xa8,0x82,
    0xc7,0x82,0xc8,0x7a,0xc8,0x82,0xc8,0x7a,0xe7,0x82,0xe8,0x7a,0xc8,0x7a,0xe8,0x82,0xc8,0x82,0xe8,0x7a,0xe8,0x82,0xc7,0x8a,
    0xe8,0x92,0xe7,0x92,0xc7,0x92,0xc7,0x92,0xe7,0x92,0xe7,0x92,0xe7,0x92,0xe7,0x9a,0xe7,0xa2,0xe7,0xa2,0xe6,0xaa,0xe6,0xb2,
    0x05,0xb3,0x26,0xbb,0x25,0xbb,0x25,0xc3,0x46,0xc3,0x45,0xc3,0x45,0xc3,0x45,0xcb,0x65,0xcb,0x64,0xcb,0x65,0xcb,0x65,0xcb,
    0x64,0xd3,0x64,0xcb,0x64,0xd3,0x64,0xcb,0x44,0xcb,0x64,0xcb,0x65,0xcb,0x65,0xc3,0x44,0xcb,0x44,0xcb,0x44,0xc3,0x45,0xc3,
    0x45,0xc3,0x45,0xc3,0x25,0xc3,0x25,0xc3,0x05,0xc3,0x25,0xc3,0x26,0xbb,0x05,0xbb,0x04,0xbb,0xe5,0xba,0xe5,0xba,0x05,0xbb,
    0xe5,0xba,0x05,0xbb,0x05,0xbb,0x26,0xbb,0x06,0xbb,0x25,0xbb,0x26,0xbb,0x05,0xbb,0x25,0xc3,0x25,0xbb,0x26,0xbb,0x45,0xbb,
    0x25,0xbb,0x25,0xc3,0x26,0xbb,0x25,0xc3,0x25,0xbb,0x26,0xbb,0x25,0xbb,0x06,0xc3,0x26,0xbb,0x05,0xbb,0x05,0xbb,0x25,0xbb,
    0x06,0xbb,0x06,0xbb,0x05,0xbb,0x05,0xb3,0x06,0xb3,0xe5,0xba,0xe5,0xb2,0xe5,0xba,0xe5,0xba,0xe5,0xb2,0xe6,0xb2,0xe6,0xb2,
    0xe6,0xb2,0xe6,0xb2,0xc6,0xb2,0xc5,0xb2,0xc5,0xb2,0xe6,0xb2,0xc6,0xaa,0xe5,0xb2,0xe5,0xaa,0xe6,0xaa,0xe6,0xaa,0xe6,0xaa,
    0xc6,0xaa,0xc5,0xaa,0xc6,0xaa,0xc5,0xa2,0x05,0x82,0x83,0x71,0xa5,0x9a,0xc5,0xa2,0xa5,0xa2,0xa6,0xa2,0xa5,0xa2,0xa6,0x9a,
    0xc6,0x9a,0xa6,0x9a,0x85,0x9a,0xa6,0x9a,0x85,0x9a,0x86,0x9a,0x86,0x9a,0x86,0x9a,0x86,0x92,0x86,0x92,0x86,0x92,0xa6,0x8a,
    0x86,0x8a,0x66,0x8a,0x87,0x8a,0x66,0x8a,0x86,0x82,0x67,0x82,0x66,0x82,0x66,0x82,0x67,0x82,0x66,0x82,0x66,0x82,0x66,0x82,
    0x66,0x82,0x66,0x7a,0x67,0x7a,0x66,0x7a,0xa7,0x82,0xa7,0x82,0xa7,0x82,0xa8,0x82,0xa7,0x82,0xa7,0x7a,0xa7,0x82,0xa8,0x82,
    0xa7,0x82,0xa8,0x82,0xa7,0x82,0xa8,0x82,0xa7,0x7a,0xc7,0x7a,0xa7,0x7a,0xa8,0x82,0xa7,0x7a,0xa7,0x82,0xa7,0x82,0xc8,0x7a,
    0xc7,0x82,0xc7,0x7a,0xc7,0x82,0xa7,0x82,0xc8,0x7a,0xc7,0x7a,0xc8,0x82,0xc7,0x82,0xc7,0x82,0xa7,0x82,0xc8,0x82,0xc7,0x82,
    0xc7,0x8a,0xe7,0x9a,0x07,0x9b,0xe7,0xa2,0x07,0x9b,0x07,0xa3,0x06,0xab,0x06,0xab,0x06,0xab,0x06,0xb3,0x26,0xb3,0x26,0xb3,
    0x26,0xb3,0x26,0xbb,0x26,0xb3,0x06,0xbb,0x05,0xbb,0x25,0xc3,0x25,0xc3,0x25,0xc3,0x45,0xc3,0x45,0xc3,0x45,0xc3,0x64,0xcb,
    0x45,0xcb,0x65,0xcb,0x65,0xcb,0x45,0xcb,0x25,0xcb,0x64,0xd3,0x64,0xcb,0x64,0xcb,0x44,0xcb,0x45,0xcb,0x24,0xcb,0x44,0xcb,
    0x44,0xcb,0x44,0xcb,0x45,0xcb,0x65,0xc3,0x45,0xcb,0x25,0xc3,0x24,0xcb,0x25,0xc3,0x25,0xc3,0x25,0xc3,0x05,0xc3,0x05,0xc3,
    0x25,0xc3,0x05,0xbb,0x05,0xc3,0x05,0xbb,0x25,0xbb,0x06,0xbb,0x05,0xbb,0x04,0xbb,0x25,0xbb,0x25,0xbb,0x25,0xc3,0x25,0xc3,
    0x25,0xc3,0x25,0xc3,0x05,0xbb,0x05,0xc3,0x26,0xbb,0x26,0xbb,0x05,0xbb,0x05,0xc3,0x05,0xbb,0x05,0xbb,0x06,0xc3,0x06,0xbb,
    0x05,0xc3,0x06,0xbb,0xe5,0xba,0x05,0xbb,0xe6,0xba,0xe6,0xba,0xe5,0xb2,0x05,0xb3,0x06,0xb3,0xe6,0xb2,0xe5,0xba,0xe5,0xb2,
    0xe5,0xb2,0xe5,0xb2,0xe5,0xb2,0xc6,0xb2,0xe5,0xb2,0xc6,0xb2,0xc5,0xaa,0xc5,0xaa,0xe5,0xb2,0xe6,0xb2,0xc5,0xaa,0xe5,0xaa,
    0xc5,0xaa,0xe4,0xaa,0xc6,0xa2,0xc7,0xaa,0xc6,0xa2,0xa6,0xa2,0xa5,0xa2,0xc6,0xa2,0x24,0x41,0x84,0x49,0xa6,0xa2,0xa6,0xa2,
    0xa5,0x9a,0x86,0xa2,0xa5,0xa2,0xa6,0x9a,0x86,0x9a,0xa6,0x9a,0x86,0x9a,0x86,0x92,0x86,0x9a,0x86,0x9a,0x86,0x92,0x66,0x92,
    0x86,0x92,0x66,0x8a,0x86,0x8a,0x66,0x8a,0x66,0x8a,0x66,0x82,0x66,0x82,0x66,0x82,0x66,0x82,0x66,0x82,0x67,0x82,0x66,0x82,
    0x46,0x7a,0x46,0x7a,0x67,0x82,0x46,0x7a,0x46,0x7a,0x66,0x82,0x46,0x82,0x67,0x7a,0xa8,0x82,0xa7,0x82,0xa7,0x7a,0x87,0x82,
    0xa7,0x82,0x87,0x82,0xa7,0x82,0xa7,0x82,0xa7,0x82,0xa7,0x82,0xa7,0x82,0xa7,0x82,0xa7,0x82,0xa6,0x82,0xa7,0x82,0xa7,0x8a,
    0xa7,0x8a,0xa6,0x92,0xa7,0x8a,0xc7,0x82,0xa7,0x82,0xa8,0x82,0xc7,0x8a,0xc7,0x8a,0xa6,0x8a,0xc7,0x82,0xa7,0x8a,0xc7,0x8a,
    0xa7,0x92,0xc7,0x92,0xc7,0x9a,0xe7,0x9a,0x06,0xab,0x06,0xb3,0x26,0xbb,0x06,0xb3,0x06,0xab,0x05,0xbb,0x25,0xbb,0x05,0xc3,
    0x25,0xc3,0x25,0xc3,0x45,0xc3,0x24,0xc3,0x25,0xc3,0x05,0xc3,0x25,0xc3,0x25,0xc3,0x45,0xc3,0x45,0xcb,0x24,0xc3,0x25,0xc3,
    0x25,0xc3,0x45,0xc3,0x44,0xcb,0x65,0xcb,0x45,0xc3,0x45,0xcb,0x45,0xc3,0x45,0xcb,0x25,0xcb,0x45,0xcb,0x45,0xcb,0x44,0xc3,
    0x64,0xcb,0x45,0xc3,0x24,0xc3,0x45,0xcb,0x24,0xc3,0x25,0xc3,0x25,0xc3,0x25,0xc3,0x05,0xc3,0x24,0xcb,0xe4,0xc2,0x05,0xc3,
    0x05,0xc3,0x05,0xbb,0x05,0xbb,0x05,0xbb,0x05,0xc3,0x05,0xbb,0x05,0xbb,0x26,0xc3,0x25,0xbb,0x05,0xc3,0x05,0xc3,0x25,0xbb,
    0xe4,0xc2,0x05,0xbb,0x04,0xbb,0x05,0xc3,0x05,0xc3,0x05,0xbb,0x05,0xc3,0x05,0xbb,0x06,0xbb,0x06,0xbb,0xe5,0xb2,0x05,0xb3,
    0xe5,0xba,0xe5,0xba,0x05,0xbb,0xe6,0xb2,0xe5,0xba,0xe5,0xba,0xe6,0xb2,0xe5,0xb2,0xe5,0xb2,0xe6,0xb2,0xe5,0xb2,0xe5,0xb2,
    0xc6,0xaa,0xe5,0xaa,0xc5,0xaa,0xc5,0xaa,0xe6,0xaa,0xc6,0xaa,0xc5,0xaa,0xe6,0xaa,0xe5,0xaa,0xc6,0xaa,0xe6,0xaa,0xc6,0xaa,
    0xc5,0xb2,0xe6,0xa2,0xc6,0xaa,0xc5,0xa2,0xc5,0xaa,0xa5,0xa2,0xc5,0xa2,0xc6,0xa2,0xa6,0xa2,0xa6,0x9a,0xa6,0xa2,0xa5,0x9a,
    0x66,0x8a,0x86,0x9a,0x86,0x9a,0x85,0x9a,0x86,0x9a,0x85,0x9a,0x66,0x9a,0x85,0x9a,0x65,0x92,0x86,0x92,0x86,0x8a,0x86,0x8a,
    0x65,0x92,0x66,0x8a,0x65,0x8a,0x65,0x8a,0x86,0x82,0x66,0x8a,0x66,0x8a,0x66,0x82,0x86,0x8a,0x66,0x8a,0x66,0x82,0x66,0x82,
    0x66,0x8a,0x46,0x82,0x66,0x82,0x66,0x82,0x66,0x82,0x66,0x82,0x66,0x82,0x67,0x82,0x66,0x7a,0x67,0x82,0x46,0x7a,0x66,0x82,
    0xa7,0x82,0xa7,0x82,0x86,0x82,0x87,0x8a,0x86,0x82,0x86,0x8a,0x86,0x82,0xa7,0x92,0xa6,0x8a,0xa6,0x82,0xa7,0x82,0x86,0x8a,
    0xa6,0x8a,0xa6,0x8a,0xa6,0x9a,0xa6,0x9a,0xa6,0xa2,0x85,0x9a,0xa5,0x9a,0xa6,0x9a,0x86,0x8a,0xa7,0x92,0xc6,0xa2,0xc6,0xaa,
    0xc7,0x9a,0xc7,0x9a,0xc7,0x92,0xc6,0x9a,0xe6,0xa2,0xc5,0xaa,0xe6,0xaa,0xe6,0xaa,0xe5,0xb2,0x05,0xc3,0xe5,0xba,0x05,0xbb,
    0x05,0xc3,0x25,0xc3,0x24,0xcb,0x43,0xd3,0x43,0xd3,0x43,0xcb,0x24,0xcb,0x24,0xc3,0x25,0xc3,0x25,0xcb,0x25,0xc3,0x45,0xc3,
    0x25,0xcb,0x44,0xcb,0x84,0xcb,0x64,0xcb,0x45,0xcb,0x44,0xcb,0x25,0xcb,0x25,0xc3,0x25,0xcb,0x25,0xc3,0x45,0xc3,0x25,0xcb,
    0x25,0xcb,0x25,0xc3,0x25,0xcb,0x45,0xc3,0x25,0xc3,0x25,0xc3,0x25,0xc3,0x25,0xc3,0x05,0xc3,0x05,0xc3,0x25,0xc3,0x04,0xc3,
    0x05,0xc3,0xe4,0xc2,0xe5,0xc2,0xe5,0xc2,0xe5,0xba,0x05,0xc3,0x04,0xc3,0x04,0xbb,0x04,0xbb,0x05,0xc3,0x04,0xc3,0x05,0xc3,
    0x05,0xc3,0x04,0xc3,0x04,0xc3,0x05,0xc3,0x04,0xc3,0x05,0xbb,0x05,0xc3,0xe5,0xba,0xe5,0xba,0x05,0xc3,0xe4,0xba,0x05,0xbb,
    0xe5,0xba,0xe6,0xb2,0x06,0xb3,0xe5,0xba,0xc5,0xba,0xe5,0xb2,0xe5,0xb2,0xc5,0xba,0xc4,0xb2,0xc5,0xb2,0xe5,0xb2,0xe6,0xaa,
    0xc6,0xaa,0xc6,0xaa,0xe6,0xaa,0xc6,0xaa,0xc5,0xaa,0xe6,0xaa,0xc5,0xaa,0xc6,0xaa,0xe6,0xaa,0xc5,0xaa,0xc6,0xaa,0xc5,0xaa,
    0xc6,0xaa,0xc6,0xaa,0xa5,0xaa,0xa6,0xaa,0xc6,0xa2,0xc6,0xa2,0xa6,0xa2,0xa5,0xa2,0xa6,0xa2,0xa5,0xa2,0x86,0x9a,0xa5,0x9a,
    0x86,0x9a,0xa6,0x92,0xa6,0x92,0x86,0x92,0x86,0x9a,0x86,0x9a,0x85,0xa2,0x86,0x9a,0x65,0x9a,0x65,0x9a,0x66,0x92,0x86,0x92,
    0x66,0x92,0x85,0x92,0x66,0x92,0x66,0x92,0x65,0x92,0x65,0x92,0x86,0x92,0x86,0x8a,0x86,0x92,0x66,0x8a,0x66,0x9a,0x65,0x92,
    0x66,0x8a,0x66,0x8a,0x66,0x8a,0x66,0x8a,0x46,0x8a,0x66,0x82,0x46,0x8a,0x66,0x8a,0x46,0x82,0x66,0x82,0x46,0x7a,0x46,0x7a,
    0x46,0x7a,0x46,0x7a,0x47,0x7a,0x46,0x72,0x87,0x82,0x86,0x8a,0x86,0x92,0xa6,0x92,0xa6,0x92,0xa6,0x92,0x86,0x92,0xa6,0x9a,
    0xa6,0x92,0x86,0x8a,0x86,0x8a,0x86,0x8a,0xa6,0xa2,0xc5,0xaa,0xa5,0xb2,0xc5,0xb2,0xa4,0xb2,0xc4,0xba,0x04,0xbb,0xe4,0xba,
    0x04,0xbb,0xe5,0xb2,0xe5,0xb2,0xe6,0xb2,0xc5,0xaa,0xc6,0xaa,0xc6,0xa2,0xc6,0xa2,0xa5,0xaa,0xc5,0xb2,0xc5,0xb2,0xc6,0xaa,
    0xc5,0xba,0x04,0xbb,0x04,0xc3,0x44,0xcb,0x23,0xcb,0x44,0xd3,0x63,0xd3,0x22,0xd3,0x22,0xd3,0x03,0xcb,0x04,0xcb,0x04,0xcb,
    0x25,0xcb,0x05,0xcb,0x05,0xcb,0x04,0xcb,0x24,0xcb,0x24,0xd3,0x44,0xcb,0x44,0xcb,0x23,0xcb,0x04,0xc3,0x25,0xc3,0x04,0xc3,
    0x05,0xc3,0x25,0xc3,0x05,0xc3,0x04,0xc3,0x05,0xcb,0x04,0xc3,0x04,0xc3,0x05,0xc3,0x05,0xbb,0x05,0xc3,0x05,0xbb,0x05,0xc3,
    0x04,0xc3,0x05,0xc3,0x04,0xbb,0xe5,0xc2,0x05,0xc3,0x05,0xc3,0xe5,0xba,0x05,0xc3,0xe5,0xba,0xe5,0xba,0xe4,0xc2,0xe4,0xba,
    0x05,0xc3,0x04,0xc3,0x05,0xc3,0x05,0xc3,0x25,0xc3,0x04,0xc3,0x05,0xc3,0x05,0xc3,0x05,0xbb,0xe4,0xc2,0xe5,0xba,0xe5,0xba,
    0xe5,0xba,0x06,0xb3,0xe5,0xb2,0xc5,0xba,0xe4,0xba,0xe5,0xb2,0xc5,0xb2,0xc5,0xba,0xe5,0xb2,0xe5,0xb2,0xc5,0xb2,0xc5,0xb2,
    0xc5,0xb2,0xe5,0xb2,0xa5,0xb2,0xc6,0xb2,0xc5,0xaa,0xc6,0xaa,0xe6,0xaa,0xc6,0xaa,0xc5,0xa2,0xa5,0xaa,0xc6,0xa2,0xa5,0xaa,
    0xc5,0xa2,0xa5,0xaa,0xa5,0xaa,0xa6,0xa2,0xc5,0xa2,0xa5,0xa2,0xa5,0xaa,0xa5,0xa2,0xa5,0xa2,0x85,0xa2,0xc6,0xa2,0xa6,0xa2,
    0x85,0xa2,0xa5,0xa2,0xa6,0xa2,0x85,0xa2,0x85,0xa2,0x86,0xa2,0xa5,0x9a,0x85,0x9a,0x85,0xa2,0x85,0x9a,0x85,0xa2,0x86,0x9a,
    0x85,0xa2,0x45,0x9a,0x86,0x9a,0x85,0x9a,0x45,0x92,0x44,0x92,0x65,0x92,0x45,0x92,0x65,0x9a,0x65,0x92,0x65,0x92,0x45,0x8a,
    0x45,0x8a,0x46,0x8a,0x46,0x8a,0x46,0x92,0x45,0x92,0x26,0x82,0x46,0x7a,0x46,0x82,0x66,0x8a,0x46,0x82,0x46,0x82,0x46,0x82,
    0x46,0x7a,0x46,0x7a,0x46,0x7a,0x26,0x7a,0x47,0x7a,0x46,0x72,0x27,0x72,0x46,0x72,0xa6,0xa2,0xa5,0xaa,0xa5,0xaa,0x85,0xaa,
    0xa5,0xaa,0xc5,0xb2,0xe5,0xba,0xc4,0xb2,0xc5,0xaa,0x85,0xaa,0xa6,0xa2,0xc5,0xb2,0xc5,0xba,0xc4,0xc2,0xe3,0xca,0xe4,0xca,
    0xe3,0xc2,0x03,0xcb,0xe2,0xd2,0x03,0xcb,0x02,0xcb,0x04,0xcb,0x04,0xc3,0xe5,0xba,0xc5,0xb2,0xa5,0xb2,0xc5,0xb2,0xc5,0xb2,
    0xe4,0xb2,0xe5,0xba,0xe4,0xba,0xe5,0xba,0xe4,0xc2,0x04,0xcb,0x04,0xd3,0x03,0xd3,0x03,0xd3,0x03,0xcb,0x02,0xcb,0xe3,0xd2,
    0x03,0xd3,0xe3,0xca,0xe4,0xca,0xe4,0xca,0xe4,0xca,0xe3,0xca,0xe4,0xd2,0xe4,0xca,0x04,0xcb,0x04,0xcb,0xe3,0xc2,0x04,0xcb,
    0xe4,0xca,0x04,0xc3,0xe5,0xc2,0x04,0xcb,0x04,0xcb,0x05,0xc3,0x04,0xc3,0xe4,0xc2,0x04,0xc3,0xe5,0xc2,0xe4,0xc2,0xe5,0xba,
    0xe5,0xc2,0x05,0xbb,0xe4,0xc2,0xe4,0xc2,0xe5,0xba,0xe4,0xc2,0xe5,0xba,0xe5,0xba,0xc4,0xc2,0xe5,0xba,0xe5,0xba,0xe5,0xba,
    0xe4,0xba,0xe5,0xc2,0xe4,0xc2,0x05,0xbb,0x05,0xbb,0xe4,0xc2,0xe4,0xc2,0x05,0xc3,0xe5,0xba,0xe4,0xc2,0xe5,0xba,0xc5,0xba,
    0xc5,0xb2,0xc5,0xb2,0xc5,0xb2,0xc6,0xaa,0xa5,0xaa,0xc6,0xaa,0xc5,0xaa,0xa5,0xb2,0xa5,0xaa,0xc5,0xaa,0xc6,0xb2,0xa5,0xaa,
    0xc6,0xaa,0xa5,0xb2,0xc5,0xb2,0xc5,0xb2,0xa5,0xaa,0xc5,0xb2,0xc5,0xb2,0xa5,0xb2,0xc6,0xaa,0xa5,0xaa,0xc5,0xa2,0xa6,0xaa,
    0xa5,0xaa,0xa6,0xaa,0xc5,0xaa,0xa5,0xb2,0xa5,0xaa,0xc5,0xb2,0xa5,0xaa,0xc6,0xaa,0xa6,0xaa,0xa5,0xaa,0xa5,0xaa,0xa5,0xaa,
    0xa5,0xaa,0xa5,0xaa,0xa5,0xa2,0xa4,0xaa,0xa5,0xaa,0xa5,0xaa,0x85,0xa2,0xa6,0xa2,0xa5,0xa2,0xa5,0xa2,0x85,0xa2,0x85,0xa2,
    0x85,0xaa,0x85,0xa2,0x65,0xa2,0x85,0x9a,0x64,0x9a,0x65,0x9a,0x46,0x82,0x45,0x8a,0x45,0x92,0x45,0x92,0x45,0x92,0x66,0x92,
    0x65,0x92,0x25,0x9a,0x65,0x9a,0x66,0x92,0x45,0x92,0x45,0x8a,0x66,0x92,0x45,0x92,0x46,0x92,0x65,0x82,0x66,0x8a,0x45,0x8a,
    0x46,0x8a,0x45,0x82,0x26,0x8a,0x46,0x7a,0x46,0x82,0x46,0x82,0x46,0x7a,0x26,0x7a,0x26,0x72,0x26,0x72,0x46,0x72,0x26,0x7a,
    0xc5,0xb2,0xa4,0xc2,0xa4,0xc2,0xe4,0xc2,0xe4,0xca,0xe3,0xca,0x03,0xd3,0xe3,0xca,0xe4,0xc2,0xc4,0xc2,0xe4,0xc2,0xc4,0xca,
    0xe4,0xca,0xe3,0xca,0xe3,0xca,0xe3,0xca,0xe3,0xd2,0x02,0xd3,0xe2,0xca,0xe2,0xd2,0xe3,0xca,0xc3,0xca,0xc4,0xc2,0xc4,0xc2,
    0xe5,0xba,0xe4,0xc2,0xe4,0xc2,0xe4,0xc2,0xe4,0xc2,0x04,0xc3,0xe4,0xc2,0xe4,0xc2,0xe4,0xca,0xe4,0xca,0x03,0xcb,0xc3,0xd2,
    0xe3,0xca,0x03,0xd3,0xe4,0xca,0x03,0xd3,0xe3,0xca,0x03,0xcb,0xe4,0xca,0xe3,0xca,0xc3,0xd2,0xe4,0xca,0xc3,0xca,0xe3,0xc2,
    0xc4,0xc2,0xc4,0xc2,0xc3,0xca,0xc3,0xc2,0xc4,0xc2,0xe5,0xc2,0xe4,0xc2,0xe4,0xba,0xe4,0xc2,0xe4,0xc2,0xe4,0xc2,0x05,0xc3,
    0xe4,0xc2,0xe4,0xc2,0xe4,0xc2,0xe5,0xc2,0xe4,0xba,0x04,0xc3,0xe5,0xba,0xe5,0xc2,0xe5,0xba,0xe5,0xba,0xc5,0xc2,0xe4,0xc2,
    0xc4,0xc2,0xe4,0xc2,0xc4,0xba,0xc4,0xc2,0xc4,0xc2,0xc4,0xba,0xe5,0xba,0xe4,0xc2,0xe4,0xba,0xe5,0xc2,0xe4,0xba,0xe5,0xba,
    0xe4,0xba,0xc4,0xba,0xc5,0xba,0xc5,0xb2,0xc5,0xb2,0xa5,0xb2,0xa5,0xa2,0xc5,0xaa,0xa6,0xaa,0xa5,0xaa,0xa5,0xaa,0xa5,0xa2,
    0xa5,0xaa,0xa6,0xaa,0xa6,0xaa,0xc6,0xaa,0xa5,0xb2,0xc5,0xb2,0xa5,0xb2,0xc6,0xaa,0xc5,0xb2,0xc5,0xb2,0xa5,0xb2,0xc5,0xaa,
    0xa5,0xaa,0xa5,0xb2,0xa5,0xaa,0xc6,0xaa,0xa5,0xaa,0xc5,0xaa,0xa4,0xb2,0xc5,0xba,0xa5,0xb2,0xa4,0xb2,0xa5,0xb2,0xa5,0xaa,
    0x85,0xaa,0xa6,0xaa,0xa5,0xaa,0xa5,0xa2,0xa4,0xb2,0x85,0xb2,0xa5,0xb2,0xa4,0xaa,0x84,0xaa,0xa5,0xaa,0x85,0xa2,0x85,0xa2,
    0x85,0xa2,0x65,0xa2,0x85,0xaa,0x65,0xa2,0x65,0xa2,0x45,0xa2,0x65,0x9a,0x65,0x9a,0x65,0x9a,0x65,0x92,0x46,0x8a,0x05,0x82,
    0x45,0x9a,0x65,0x92,0x66,0x92,0x45,0x9a,0x65,0x9a,0x45,0x92,0x45,0x92,0x45,0x92,0x25,0x92,0x45,0x92,0x46,0x8a,0x45,0x8a,
    0x45,0x8a,0x46,0x8a,0x46,0x82,0x45,0x8a,0x46,0x8a,0x26,0x8a,0x26,0x82,0x45,0x82,0x46,0x82,0x66,0x7a,0x45,0x7a,0x46,0x7a,
    0x26,0x7a,0x46,0x82,0x46,0x82,0x46,0x72,0xc3,0xca,0x02,0xdb,0x02,0xdb,0x03,0xd3,0x02,0xdb,0xe3,0xd2,0xc3,0xd2,0xe2,0xd2,
    0xe3,0xca,0xc2,0xca,0xe3,0xca,0xc2,0xd2,0xa3,0xd2,0xe3,0xd2,0xe2,0xd2,0x03,0xd3,0xe2,0xda,0xe2,0xda,0xe3,0xd2,0xe3,0xd2,
    0xc3,0xd2,0xa3,0xca,0xc3,0xca,0xc3,0xca,0xc3,0xca,0xa4,0xc2,0xc3,0xca,0xc3,0xca,0xe3,0xca,0xe3,0xca,0xe3,0xca,0xe3,0xca,
    0x03,0xcb,0xe4,0xd2,0x03,0xd3,0x02,0xd3,0x03,0xd3,0x02,0xd3,0x03,0xd3,0xe3,0xd2,0xe4,0xca,0xc3,0xca,0xc4,0xca,0xc3,0xca,
    0xa4,0xc2,0xc4,0xc2,0xc4,0xca,0xc4,0xc2,0xc4,0xc2,0xc4,0xc2,0xc4,0xc2,0xc4,0xc2,0xc4,0xc2,0xc4,0xba,0xc5,0xc2,0xe4,0xba,
    0xc4,0xba,0xe4,0xc2,0xc4,0xca,0xc4,0xc2,0xe5,0xc2,0xe4,0xba,0xc5,0xc2,0xc4,0xba,0xe5,0xc2,0xc4,0xba,0xe4,0xba,0xe5,0xba,
    0xe4,0xc2,0xc5,0xc2,0xc4,0xc2,0xe5,0xba,0xc4,0xc2,0xc4,0xc2,0xc4,0xc2,0xc4,0xc2,0xe4,0xba,0xe4,0xc2,0xe4,0xba,0xe5,0xba,
    0xe4,0xc2,0xc5,0xba,0xe4,0xba,0xc5,0xba,0xc5,0xba,0xc5,0xba,0xa4,0xb2,0xc5,0xaa,0xa5,0xaa,0xa6,0xaa,0xa5,0xaa,0xa5,0xa2,
    0xa5,0xaa,0xa5,0xaa,0xc5,0xb2,0xc5,0xaa,0xc5,0xaa,0xa5,0xb2,0xc6,0xaa,0xc5,0xaa,0xa5,0xb2,0xc5,0xb2,0xc5,0xb2,0xc5,0xaa,
    0xa6,0xb2,0xc5,0xb2,0xa4,0xb2,0xc5,0xb2,0xc5,0xaa,0xa5,0xb2,0xa5,0xb2,0xa5,0xaa,0xa5,0xaa,0xc4,0xb2,0xa4,0xaa,0xa4,0xb2,
    0xa5,0xb2,0xa5,0xaa,0x85,0xb2,0xa4,0xaa,0x85,0xaa,0x85,0xaa,0x84,0xaa,0x84,0xaa,0x84,0xaa,0x65,0xaa,0x85,0xa2,0x85,0xa2,
    0x65,0xa2,0x85,0xa2,0x65,0xa2,0x65,0x9a,0x66,0x9a,0x65,0x9a,0x66,0x92,0x45,0x92,0x45,0x8a,0x66,0x8a,0x45,0x92,0x45,0x92,
    0x45,0x92,0x65,0x9a,0x46,0x92,0x26,0x92,0x45,0x92,0x45,0x9a,0x45,0x92,0x45,0x92,0x45,0x92,0x45,0x92,0x45,0x8a,0x25,0x92,
    0x45,0x92,0x45,0x8a,0x46,0x82,0x45,0x8a,0x26,0x8a,0x25,0x8a,0x46,0x82,0x45,0x82,0x26,0x82,0x25,0x8a,0x25,0x8a,0x26,0x8a,
    0x45,0x82,0x26,0x82,0x25,0x7a,0x25,0x82,0x25,0x82,0x26,0x82,0x25,0x82,0x26,0x7a,0x22,0xdb,0x22,0xdb,0x22,0xdb,0xe2,0xda,
    0xe3,0xd2,0xc2,0xda,0xc2,0xd2,0xc3,0xd2,0xc2,0xd2,0xc2,0xd2,0xe1,0xd2,0xe2,0xd2,0xc2,0xd2,0xe2,0xda,0xe2,0xda,0x02,0xdb,
    0xe2,0xd2,0xe2,0xd2,0xc2,0xd2,0xc2,0xd2,0xc2,0xd2,0xa2,0xd2,0xc2,0xd2,0xe2,0xd2,0xe1,0xd2,0x02,0xd3,0x03,0xd3,0x02,0xd3,
    0x03,0xdb,0xe2,0xd2,0x02,0xd3,0x02,0xd3,0xe2,0xda,0xe2,0xd2,0xe2,0xd2,0xe3,0xd2,0xe3,0xda,0xe3,0xd2,0xe2,0xd2,0xc3,0xd2,
    0xc4,0xca,0xa3,0xc2,0xa4,0xc2,0x83,0xc2,0xa5,0xba,0x84,0xba,0xa4,0xba,0x84,0xc2,0x84,0xc2,0xa5,0xba,0xa4,0xba,0xa4,0xba,
    0xa5,0xba,0xc4,0xba,0xa5,0xb2,0xc4,0xba,0xa4,0xba,0xa5,0xc2,0xa3,0xba,0xc4,0xc2,0xc5,0xba,0xa4,0xba,0xc5,0xb2,0x84,0xba,
    0xa5,0xb2,0xa5,0xb2,0xa4,0xba,0xa5,0xb2,0xa5,0xb2,0x84,0xb2,0xa5,0xb2,0xa5,0xaa,0xa5,0xb2,0xa5,0xaa,0xa4,0xaa,0xa5,0xaa,
    0xa5,0xaa,0x85,0xaa,0xa5,0xaa,0x85,0xaa,0xa5,0xaa,0xa5,0xaa,0xa5,0xaa,0xa5,0xaa,0xa5,0xaa,0x85,0xaa,0x85,0xaa,0xa5,0xa2,
    0xa6,0xa2,0xa6,0xa2,0x86,0xa2,0xa5,0xa2,0xa6,0xa2,0xa6,0xa2,0xa5,0xaa,0xa6,0xa2,0xa5,0xaa,0xa5,0xa2,0x85,0xa2,0x85,0xa2,
    0x85,0xaa,0x85,0xa2,0x86,0xa2,0x85,0xa2,0x86,0xa2,0x85,0xa2,0x85,0xa2,0x66,0xaa,0xa5,0xa2,0x85,0xa2,0x85,0xaa,0x85,0xa2,
    0x85,0xaa,0x85,0xaa,0x85,0xaa,0x85,0xaa,0x85,0xaa,0x85,0xaa,0x85,0xaa,0x84,0xaa,0x64,0xaa,0x85,0xaa,0x65,0xaa,0x65,0xaa,
    0x65,0xaa,0x65,0xa2,0x65,0x9a,0x65,0xa2,0x65,0xa2,0x65,0x9a,0x45,0x9a,0x66,0x92,0x65,0x92,0x45,0x92,0x46,0x9a,0x65,0x92,
    0x66,0x8a,0x65,0x8a,0x46,0x92,0x45,0x92,0x45,0x92,0x45,0x92,0x45,0x92,0x45,0x92,0x45,0x92,0x24,0x92,0x45,0x92,0x45,0x92,
    0x25,0x8a,0x45,0x92,0x25,0x92,0x25,0x92,0x45,0x92,0x25,0x8a,0x46,0x8a,0x25,0x8a,0x45,0x8a,0x46,0x82,0x46,0x82,0x46,0x82,
    0x25,0x8a,0x26,0x8a,0x25,0x82,0x26,0x82,0x05,0x82,0x25,0x82,0x26,0x82,0x46,0x82,0x05,0x82,0x06,0x82,0x26,0x7a,0x26,0x7a,
    0x22,0xdb,0x02,0xdb,0xe2,0xda,0xa2,0xda,0xc2,0xd2,0xc3,0xd2,0xc2,0xd2,0xe2,0xda,0xc2,0xd2,0xe1,0xd2,0xe2,0xda,0xe3,0xd2,
    0xe3,0xd2,0xe2,0xd2,0xe2,0xda,0xe2,0xd2,0xc2,0xda,0xc2,0xd2,0xa3,0xd2,0xa3,0xd2,0xc2,0xd2,0xc1,0xd2,0xe2,0xd2,0xe2,0xda,
    0xe2,0xd2,0xe2,0xd2,0x02,0xd3,0x02,0xdb,0x02,0xdb,0x02,0xd3,0x02,0xd3,0xe3,0xda,0xc2,0xda,0xe2,0xda,0xe2,0xd2,0xe2,0xd2,
    0xc3,0xd2,0xc3,0xd2,0xa4,0xca,0xa3,0xca,0xa4,0xc2,0xa4,0xca,0x84,0xc2,0xa4,0xba,0xc5,0xba,0xa5,0xba,0x84,0xba,0x84,0xb2,
    0xa4,0xb2,0x84,0xb2,0x84,0xb2,0x84,0xaa,0x64,0xb2,0x64,0xb2,0x85,0xb2,0x85,0xb2,0x85,0xb2,0x84,0xb2,0xa4,0xb2,0xa4,0xb2,
    0x85,0xb2,0x84,0xba,0x85,0xb2,0x85,0xb2,0xa4,0xb2,0xa5,0xb2,0x85,0xaa,0x85,0xaa,0x85,0xa2,0x85,0xa2,0x85,0xa2,0x66,0xa2,
    0x65,0x9a,0x85,0x9a,0x65,0x9a,0x65,0xa2,0x85,0x9a,0x86,0x92,0x85,0x9a,0x86,0x9a,0x85,0x9a,0x86,0x9a,0x85,0x9a,0x66,0x9a,
    0x65,0x9a,0x45,0x9a,0x66,0x9a,0x46,0x9a,0x66,0x92,0x86,0x92,0x86,0x92,0x65,0x9a,0x85,0x92,0x86,0x92,0x86,0x92,0x85,0x9a,
    0x66,0x9a,0x65,0x9a,0x66,0x9a,0x65,0x9a,0x65,0x9a,0x65,0x9a,0x66,0x9a,0x85,0x9a,0x86,0x92,0x86,0x9a,0x65,0x9a,0x66,0x9a,
    0x86,0x9a,0x66,0x9a,0x65,0x9a,0x85,0xa2,0x65,0xa2,0x84,0xa2,0x85,0xa2,0x85,0xaa,0x65,0xaa,0x84,0xaa,0x84,0xa2,0x65,0xaa,
    0x65,0xaa,0x65,0xaa,0x65,0xa2,0x65,0xa2,0x45,0xa2,0x65,0xa2,0x65,0x9a,0x45,0xa2,0x64,0x9a,0x45,0x9a,0x45,0x9a,0x66,0x9a,
    0x66,0x9a,0x46,0x9a,0x66,0x9a,0x46,0x92,0x46,0x8a,0x45,0x92,0x45,0x92,0x45,0x92,0x45,0x8a,0x25,0x92,0x46,0x8a,0x45,0x92,
    0x46,0x8a,0x45,0x8a,0x25,0x92,0x26,0x8a,0x45,0x8a,0x45,0x8a,0x25,0x8a,0x26,0x8a,0x05,0x8a,0x26,0x8a,0x25,0x82,0x25,0x82,
    0x06,0x8a,0x25,0x82,0x26,0x82,0x26,0x82,0x25,0x7a,0x26,0x82,0x26,0x82,0x25,0x7a,0x06,0x82,0x05,0x82,0x26,0x7a,0x26,0x7a,
    0x05,0x82,0x05,0x82,0x25,0x7a,0x26,0x7a,
};

const lv_img_dsc_t sunset = {
    .header = {.cf = LV_IMG_CF_TRUE_COLOR, .always_zero = 0, .reserved = 0, .w = 172, .h = 232},
    .data_size = 172 * 232 * 2,
    .data = sunset_map,
};
